0.002 , 0.1144428
0.005 , 0.1144428
0.007 , 0.1098652
0.01 , 0.1052876
0.012 , 0.1007099
0.014 , 0.1007099
0.016 , 0.1007099
0.019 , 0.09613228
0.021 , 0.09613228
0.024 , 0.09155464
0.026 , 0.08697701
0.028 , 0.08697701
0.031 , 0.08697701
0.033 , 0.08239937
0.036 , 0.08239937
0.038 , 0.07781982
0.041 , 0.07781982
0.043 , 0.06866455
0.046 , 0.06408691
0.048 , 0.05950928
0.05 , 0.05493164
0.053 , 0.050354
0.055 , 0.050354
0.058 , 0.04119873
0.06 , 0.03662109
0.062 , 0.03204346
0.065 , 0.02746582
0.067 , 0.01831055
0.07 , 0.009155273
0.072 , 0.0
0.074 , 0.0
0.077 , -0.004577637
0.079 , -0.01602173
0.08200001 , -0.02975464
0.084 , -0.03890991
0.087 , -0.04348755
0.089 , -0.05264282
0.092 , -0.06637573
0.094 , -0.07781982
0.096 , -0.0869751
0.099 , -0.09841919
0.101 , -0.112154
0.104 , -0.1167316
0.106 , -0.1258869
0.108 , -0.1396198
0.11 , -0.1487751
0.112 , -0.1533527
0.114 , -0.162508
0.116 , -0.1670856
0.119 , -0.1808186
0.121 , -0.1808186
0.123 , -0.1899738
0.125 , -0.1945515
0.127 , -0.2037086
0.129 , -0.2082863
0.132 , -0.2174416
0.134 , -0.2220192
0.136 , -0.2288857
0.138 , -0.2426186
0.14 , -0.2471962
0.143 , -0.2563515
0.145 , -0.2609291
0.147 , -0.2700844
0.149 , -0.274662
0.151 , -0.2838173
0.153 , -0.2929726
0.156 , -0.2975502
0.158 , -0.3021278
0.16 , -0.3067055
0.162 , -0.3158607
0.164 , -0.3204384
0.166 , -0.3273048
0.168 , -0.3364601
0.171 , -0.3456154
0.173 , -0.3524818
0.175 , -0.3570595
0.177 , -0.3616371
0.179 , -0.3662148
0.181 , -0.3707924
0.184 , -0.37537
0.186 , -0.37537
0.188 , -0.3662148
0.198 , -0.3616371
0.201 , -0.3570595
0.203 , -0.3456154
0.205 , -0.3318825
0.207 , -0.3204384
0.209 , -0.3021278
0.211 , -0.2929726
0.214 , -0.2700844
0.216 , -0.2563515
0.218 , -0.2380409
0.22 , -0.2174416
0.222 , -0.1991291
0.224 , -0.1808186
0.227 , -0.162508
0.229 , -0.1441975
0.231 , -0.1213093
0.233 , -0.1075764
0.235 , -0.09155273
0.238 , -0.06637573
0.24 , -0.05264282
0.242 , -0.04348755
0.245 , -0.03433228
0.247 , -0.02975464
0.249 , -0.025177
0.252 , -0.02059937
0.254 , -0.02059937
0.256 , -0.02059937
0.259 , -0.025177
0.261 , -0.02975464
0.263 , -0.03433228
0.265 , -0.04348755
0.268 , -0.05264282
0.27 , -0.05722046
0.272 , -0.07324219
0.275 , -0.0869751
0.277 , -0.09841919
0.279 , -0.1167316
0.281 , -0.1304646
0.284 , -0.1487751
0.286 , -0.162508
0.288 , -0.1762409
0.29 , -0.1945515
0.292 , -0.2037086
0.294 , -0.2220192
0.297 , -0.2426186
0.299 , -0.2563515
0.301 , -0.274662
0.303 , -0.2883949
0.305 , -0.3067055
0.308 , -0.3273048
0.31 , -0.3410378
0.312 , -0.3616371
0.314 , -0.3799477
0.316 , -0.3936825
0.318 , -0.411993
0.321 , -0.4303036
0.323 , -0.4509029
0.325 , -0.4646358
0.327 , -0.4875259
0.329 , -0.5012589
0.331 , -0.5149918
0.334 , -0.5333023
0.336 , -0.5470352
0.338 , -0.5653458
0.34 , -0.574501
0.342 , -0.6019688
0.344 , -0.6157017
0.346 , -0.6294346
0.349 , -0.6385899
0.351 , -0.6523228
0.353 , -0.6683445
0.355 , -0.6775017
0.357 , -0.686657
0.36 , -0.6958122
0.362 , -0.7095451
0.364 , -0.7187004
0.366 , -0.723278
0.369 , -0.7324333
0.371 , -0.7415886
0.373 , -0.7461662
0.375 , -0.7461662
0.377 , -0.7553215
0.379 , -0.7598991
0.382 , -0.7644768
0.384 , -0.7644768
0.386 , -0.7690544
0.388 , -0.7690544
0.39 , -0.7690544
0.393 , -0.773632
0.395 , -0.773632
0.397 , -0.773632
0.399 , -0.773632
0.401 , -0.773632
0.403 , -0.7782097
0.406 , -0.7690544
0.408 , -0.773632
0.41 , -0.773632
0.412 , -0.7690544
0.414 , -0.7690544
0.417 , -0.7644768
0.419 , -0.7644768
0.421 , -0.7644768
0.423 , -0.7644768
0.425 , -0.7598991
0.427 , -0.7507439
0.43 , -0.7507439
0.432 , -0.7415886
0.434 , -0.737011
0.436 , -0.7278557
0.438 , -0.7187004
0.44 , -0.7095451
0.443 , -0.7003899
0.445 , -0.6958122
0.447 , -0.6820793
0.449 , -0.6683445
0.451 , -0.6569004
0.454 , -0.6431675
0.456 , -0.6340122
0.458 , -0.6202793
0.46 , -0.6019688
0.462 , -0.5905247
0.465 , -0.5653458
0.467 , -0.5470352
0.469 , -0.5287247
0.471 , -0.5104141
0.473 , -0.4966812
0.475 , -0.4737911
0.477 , -0.4554806
0.48 , -0.4303036
0.482 , -0.411993
0.484 , -0.3891048
0.486 , -0.3616371
0.488 , -0.3364601
0.491 , -0.3067055
0.493 , -0.274662
0.495 , -0.2380409
0.497 , -0.1899738
0.499 , -0.1579304
0.501 , -0.112154
0.504 , -0.07781982
0.506 , -0.03433228
0.508 , 0.009155273
0.511 , 0.05493164
0.513 , 0.09155464
0.515 , 0.1281757
0.518 , 0.1510639
0.52 , 0.1945534
0.522 , 0.2220192
0.524 , 0.249485
0.526 , 0.2723751
0.528 , 0.2998409
0.53 , 0.3181515
0.533 , 0.3410397
0.535 , 0.3593502
0.537 , 0.373085
0.539 , 0.3913956
0.541 , 0.4005508
0.5440001 , 0.4142838
0.546 , 0.423439
0.548 , 0.4280167
0.55 , 0.4371719
0.552 , 0.4417496
0.554 , 0.448616
0.557 , 0.448616
0.559 , 0.4531937
0.561 , 0.448616
0.563 , 0.4531937
0.565 , 0.448616
0.567 , 0.448616
0.57 , 0.4417496
0.572 , 0.4417496
0.574 , 0.4371719
0.576 , 0.4325943
0.578 , 0.4325943
0.5809999 , 0.423439
0.583 , 0.4142838
0.585 , 0.4005508
0.587 , 0.3959732
0.589 , 0.3913956
0.592 , 0.3822403
0.594 , 0.373085
0.596 , 0.3685074
0.598 , 0.3593502
0.6 , 0.3547726
0.602 , 0.3456173
0.605 , 0.336462
0.607 , 0.3318844
0.609 , 0.3227291
0.611 , 0.3089962
0.613 , 0.3044186
0.615 , 0.3044186
0.617 , 0.2906857
0.62 , 0.2815304
0.622 , 0.2769527
0.624 , 0.2677956
0.626 , 0.2632179
0.628 , 0.2540627
0.63 , 0.249485
0.633 , 0.2449074
0.635 , 0.2403297
0.637 , 0.2311745
0.639 , 0.2265968
0.641 , 0.2174416
0.644 , 0.2128639
0.646 , 0.2082863
0.648 , 0.199131
0.65 , 0.1945534
0.652 , 0.1853981
0.654 , 0.1579304
0.665 , 0.1510639
0.667 , 0.1464863
0.6690001 , 0.137331
0.671 , 0.137331
0.673 , 0.1327534
0.675 , 0.1235981
0.678 , 0.1235981
0.68 , 0.1144428
0.682 , 0.1144428
0.684 , 0.1098652
0.686 , 0.1052876
0.688 , 0.1007099
0.691 , 0.09613228
0.693 , 0.09155464
0.695 , 0.08697701
0.698 , 0.08239937
0.7 , 0.07781982
0.702 , 0.07324219
0.704 , 0.07324219
0.707 , 0.06408691
0.709 , 0.05950928
0.711 , 0.05950928
0.714 , 0.05493164
0.716 , 0.050354
0.718 , 0.050354
0.721 , 0.04577637
0.723 , 0.04577637
0.725 , 0.04119873
0.728 , 0.04119873
0.73 , 0.03662109
0.732 , 0.03204346
0.735 , 0.03662109
0.737 , 0.03204346
0.739 , 0.03204346
0.741 , 0.02746582
0.744 , 0.02288818
0.746 , 0.01831055
0.748 , 0.02288818
0.751 , 0.01831055
0.753 , 0.01373291
0.755 , 0.01831055
0.758 , 0.01373291
0.76 , 0.009155273
0.762 , 0.009155273
0.765 , 0.009155273
0.767 , 0.009155273
0.769 , 0.009155273
0.772 , 0.004577637
0.774 , 0.004577637
0.777 , 0.004577637
0.779 , 0.0
0.781 , 0.0
0.784 , -0.004577637
0.786 , 0.0
0.788 , -0.004577637
0.791 , -0.004577637
0.793 , -0.009155273
0.795 , -0.004577637
0.798 , -0.009155273
0.8 , -0.009155273
0.803 , -0.009155273
0.805 , -0.009155273
0.808 , -0.01602173
0.81 , -0.01602173
0.812 , -0.01602173
0.814 , -0.01602173
0.817 , -0.02059937
0.8190001 , -0.02059937
0.821 , -0.025177
0.824 , -0.025177
0.826 , -0.025177
0.828 , -0.02975464
0.8309999 , -0.025177
0.833 , -0.02975464
0.8349999 , -0.02975464
0.838 , -0.02975464
0.84 , -0.03433228
0.842 , -0.03433228
0.8450001 , -0.03890991
0.847 , -0.03890991
0.849 , -0.03890991
0.852 , -0.04348755
0.854 , -0.03890991
0.856 , -0.04348755
0.859 , -0.04348755
0.861 , -0.04348755
0.863 , -0.04348755
0.866 , -0.04806519
0.8679999 , -0.04348755
0.87 , -0.04806519
0.873 , -0.04806519
0.875 , -0.04348755
0.877 , -0.04806519
0.88 , -0.04806519
0.8820001 , -0.04806519
0.884 , -0.04348755
0.887 , -0.04348755
0.889 , -0.04348755
0.891 , -0.04348755
0.894 , -0.04348755
0.896 , -0.04348755
0.899 , -0.04348755
0.901 , -0.04348755
0.903 , -0.03890991
0.906 , -0.04348755
0.908 , -0.04348755
0.91 , -0.04348755
0.913 , -0.04348755
0.9150001 , -0.04348755
0.917 , -0.04348755
0.9190001 , -0.04348755
0.922 , -0.04806519
0.924 , -0.04806519
0.926 , -0.04806519
0.929 , -0.05264282
0.9309999 , -0.05264282
0.933 , -0.05722046
0.936 , -0.05722046
0.938 , -0.0617981
0.94 , -0.0617981
0.943 , -0.0617981
0.945 , -0.06637573
0.947 , -0.06637573
0.95 , -0.06637573
0.952 , -0.06637573
0.954 , -0.06637573
0.957 , -0.06637573
0.959 , -0.06637573
0.9610001 , -0.06637573
0.9639999 , -0.06637573
0.966 , -0.06637573
0.968 , -0.06637573
0.971 , -0.06637573
0.973 , -0.06637573
0.975 , -0.06637573
0.978 , -0.06637573
0.98 , -0.0617981
0.982 , -0.0617981
0.985 , -0.0617981
0.987 , -0.0617981
0.989 , -0.05722046
0.992 , -0.05722046
0.9940001 , -0.0617981
0.996 , -0.05722046
0.999 , -0.0617981
1.001 , -0.05722046
1.003 , -0.05722046
1.005 , -0.05264282
1.008 , -0.05722046
1.01 , -0.05264282
1.012 , -0.05264282
1.015 , -0.04806519
1.017 , -0.04806519
1.019 , -0.04806519
1.022 , -0.04806519
1.024 , -0.04806519
1.026 , -0.04348755
1.029 , -0.04348755
1.031 , -0.03890991
1.033 , -0.03433228
1.036 , -0.02975464
1.038 , -0.025177
1.04 , -0.009155273
1.043 , 0.004577637
1.045 , 0.01373291
1.048 , 0.03204346
1.05 , 0.04577637
1.052 , 0.07324219
1.055 , 0.09155464
1.057 , 0.1144428
1.059 , 0.1327534
1.061 , 0.162508
1.063 , 0.1808205
1.066 , 0.2174416
1.068 , 0.2449074
1.07 , 0.2677956
1.072 , 0.2998409
1.074 , 0.3227291
1.076 , 0.3593502
1.078 , 0.3776627
1.081 , 0.4051285
1.083 , 0.4280167
1.085 , 0.4531937
1.087 , 0.4715042
1.089 , 0.4898148
1.092 , 0.5127029
1.094 , 0.5264359
1.096 , 0.5355911
1.098 , 0.5493259
1.1 , 0.5539036
1.102 , 0.5630589
1.105 , 0.5630589
1.107 , 0.5676365
1.109 , 0.5722141
1.111 , 0.5676365
1.113 , 0.5676365
1.115 , 0.5676365
1.118 , 0.5630589
1.12 , 0.5539036
1.122 , 0.5539036
1.124 , 0.5447464
1.126 , 0.5401688
1.128 , 0.5310135
1.131 , 0.5218582
1.133 , 0.5172806
1.135 , 0.5035477
1.137 , 0.4898148
1.139 , 0.4806595
1.141 , 0.4669266
1.152 , 0.4051285
1.154 , 0.3913956
1.156 , 0.3776627
1.158 , 0.3639297
1.161 , 0.3547726
1.163 , 0.3410397
1.165 , 0.3273067
1.167 , 0.3135738
1.169 , 0.2998409
1.172 , 0.286108
1.174 , 0.2723751
1.176 , 0.2632179
1.178 , 0.2449074
1.18 , 0.2357521
1.182 , 0.2220192
1.185 , 0.2082863
1.187 , 0.199131
1.189 , 0.1808205
1.191 , 0.1670856
1.193 , 0.1579304
1.195 , 0.1419086
1.198 , 0.137331
1.2 , 0.1235981
1.202 , 0.1190205
1.204 , 0.1052876
1.206 , 0.1007099
1.208 , 0.09155464
1.211 , 0.08697701
1.213 , 0.07781982
1.216 , 0.07324219
1.218 , 0.05950928
1.22 , 0.05493164
1.222 , 0.050354
1.225 , 0.04577637
1.227 , 0.04119873
1.229 , 0.03204346
1.232 , 0.03204346
1.234 , 0.02288818
1.236 , 0.01831055
1.239 , 0.01373291
1.241 , 0.01373291
1.243 , 0.009155273
1.246 , 0.004577637
1.248 , 0.004577637
1.251 , 0.004577637
1.253 , 0.0
1.255 , 0.004577637
1.258 , 0.0
1.26 , 0.0
1.262 , 0.0
1.264 , -0.004577637
1.266 , -0.004577637
1.269 , -0.004577637
1.271 , -0.004577637
1.274 , 0.0
1.276 , -0.004577637
1.278 , -0.004577637
1.281 , 0.0
1.283 , 0.004577637
1.285 , 0.004577637
1.288 , 0.009155273
1.29 , 0.01831055
1.293 , 0.01831055
1.295 , 0.02746582
1.297 , 0.03204346
1.3 , 0.03662109
1.302 , 0.04119873
1.304 , 0.04577637
1.307 , 0.05493164
1.309 , 0.05950928
1.311 , 0.06866455
1.314 , 0.07781982
1.316 , 0.08239937
1.318 , 0.09155464
1.321 , 0.1007099
1.323 , 0.1052876
1.325 , 0.1144428
1.327 , 0.1190205
1.329 , 0.1281757
1.332 , 0.1327534
1.334 , 0.1419086
1.336 , 0.1510639
1.338 , 0.1510639
1.34 , 0.1670856
1.342 , 0.1716633
1.345 , 0.1808205
1.347 , 0.1853981
1.349 , 0.1945534
1.351 , 0.1945534
1.353 , 0.2037086
1.355 , 0.2082863
1.358 , 0.2128639
1.36 , 0.2174416
1.362 , 0.2220192
1.364 , 0.2265968
1.366 , 0.2311745
1.368 , 0.2311745
1.371 , 0.2357521
1.373 , 0.2357521
1.375 , 0.2403297
1.377 , 0.2449074
1.379 , 0.2449074
1.382 , 0.2449074
1.384 , 0.2449074
1.386 , 0.2449074
1.388 , 0.249485
1.39 , 0.249485
1.393 , 0.2449074
1.395 , 0.249485
1.397 , 0.2449074
1.399 , 0.2449074
1.401 , 0.2449074
1.403 , 0.2449074
1.406 , 0.2403297
1.408 , 0.2403297
1.41 , 0.2403297
1.412 , 0.2357521
1.414 , 0.2357521
1.417 , 0.2311745
1.419 , 0.2265968
1.421 , 0.2265968
1.423 , 0.2220192
1.425 , 0.2174416
1.427 , 0.2174416
1.43 , 0.2128639
1.432 , 0.2128639
1.434 , 0.2037086
1.436 , 0.2037086
1.438 , 0.199131
1.441 , 0.1945534
1.443 , 0.1853981
1.445 , 0.1853981
1.447 , 0.1808205
1.449 , 0.1762428
1.451 , 0.1716633
1.454 , 0.1670856
1.456 , 0.1670856
1.458 , 0.162508
1.46 , 0.1579304
1.462 , 0.1579304
1.465 , 0.1510639
1.467 , 0.1510639
1.469 , 0.1464863
1.471 , 0.1419086
1.473 , 0.1419086
1.476 , 0.137331
1.478 , 0.137331
1.48 , 0.1327534
1.482 , 0.1327534
1.484 , 0.1281757
1.486 , 0.1235981
1.489 , 0.1235981
1.491 , 0.1235981
1.493 , 0.1190205
1.495 , 0.1144428
1.497 , 0.1144428
1.5 , 0.1098652
1.502 , 0.1098652
1.504 , 0.1052876
1.506 , 0.1052876
1.508 , 0.1007099
1.51 , 0.1007099
1.513 , 0.1007099
1.515 , 0.09613228
1.517 , 0.09613228
1.519 , 0.09613228
1.522 , 0.09155464
1.524 , 0.08697701
1.526 , 0.09155464
1.529 , 0.08697701
1.531 , 0.08239937
1.533 , 0.08697701
1.536 , 0.08697701
1.538 , 0.08239937
1.54 , 0.08239937
1.543 , 0.08239937
1.545 , 0.08239937
1.548 , 0.08239937
1.55 , 0.08239937
1.552 , 0.08239937
1.555 , 0.08239937
1.557 , 0.08239937
1.559 , 0.08239937
1.562 , 0.08697701
1.564 , 0.08239937
1.566 , 0.08239937
1.569 , 0.08697701
1.571 , 0.08697701
1.574 , 0.08697701
1.576 , 0.08239937
1.578 , 0.08697701
1.581 , 0.08239937
1.583 , 0.08239937
1.585 , 0.08239937
1.588 , 0.08239937
1.59 , 0.08239937
1.592 , 0.08239937
1.595 , 0.08239937
1.597 , 0.08239937
1.599 , 0.08239937
1.602 , 0.08239937
1.604 , 0.08239937
1.607 , 0.08239937
1.609 , 0.08239937
1.611 , 0.08239937
1.614 , 0.08239937
1.616 , 0.08239937
1.618 , 0.08239937
1.621 , 0.08697701
1.631 , 0.09155464
1.634 , 0.08697701
1.636 , 0.08697701
1.638 , 0.09155464
1.641 , 0.09155464
1.643 , 0.09155464
1.645 , 0.09155464
1.648 , 0.09613228
1.65 , 0.09155464
1.652 , 0.09613228
1.655 , 0.09613228
1.657 , 0.1007099
1.659 , 0.1007099
1.661 , 0.1007099
1.663 , 0.09613228
1.666 , 0.1007099
1.668 , 0.1007099
1.67 , 0.1007099
1.672 , 0.1007099
1.674 , 0.1007099
1.677 , 0.1007099
1.679 , 0.1007099
1.681 , 0.1007099
1.683 , 0.1007099
1.685 , 0.1007099
1.688 , 0.1007099
1.69 , 0.1007099
1.692 , 0.1007099
1.694 , 0.1007099
1.696 , 0.1007099
1.698 , 0.09613228
1.701 , 0.1007099
1.703 , 0.1007099
1.705 , 0.1007099
1.707 , 0.1007099
1.709 , 0.1007099
1.712 , 0.1007099
1.714 , 0.1007099
1.716 , 0.1007099
1.718 , 0.1007099
1.72 , 0.1007099
1.722 , 0.1007099
1.725 , 0.1007099
1.727 , 0.1007099
1.729 , 0.1007099
1.731 , 0.09613228
1.733 , 0.1007099
1.736 , 0.1007099
1.738 , 0.1007099
1.74 , 0.1007099
1.742 , 0.1007099
1.744 , 0.1007099
1.746 , 0.1007099
1.749 , 0.1007099
1.751 , 0.1007099
1.753 , 0.09613228
1.755 , 0.09613228
1.758 , 0.09613228
1.76 , 0.09613228
1.762 , 0.09155464
1.765 , 0.09155464
1.767 , 0.09155464
1.769 , 0.09155464
1.772 , 0.08697701
1.774 , 0.08697701
1.776 , 0.08239937
1.779 , 0.08239937
1.781 , 0.07781982
1.783 , 0.07781982
1.786 , 0.06866455
1.788 , 0.06866455
1.791 , 0.06866455
1.793 , 0.06408691
1.795 , 0.05950928
1.798 , 0.05950928
1.8 , 0.05950928
1.803 , 0.05950928
1.805 , 0.05950928
1.807 , 0.05950928
1.81 , 0.05950928
1.812 , 0.05950928
1.814 , 0.05950928
1.817 , 0.05950928
1.819 , 0.05950928
1.821 , 0.05950928
1.824 , 0.05950928
1.826 , 0.05950928
1.828 , 0.06408691
1.831 , 0.06408691
1.833 , 0.06408691
1.836 , 0.06408691
1.838 , 0.06408691
1.84 , 0.06866455
1.842 , 0.06408691
1.845 , 0.06866455
1.847 , 0.06866455
1.849 , 0.06408691
1.852 , 0.06408691
1.854 , 0.06866455
1.856 , 0.07324219
1.859 , 0.07324219
1.861 , 0.07324219
1.864 , 0.07324219
1.866 , 0.07781982
1.868 , 0.08239937
1.871 , 0.08239937
1.873 , 0.08697701
1.875 , 0.09613228
1.878 , 0.1007099
1.88 , 0.1098652
1.882 , 0.1190205
1.884 , 0.1327534
1.887 , 0.1419086
1.889 , 0.162508
1.891 , 0.1808205
1.893 , 0.2082863
1.895 , 0.2220192
1.897 , 0.2449074
1.9 , 0.2677956
1.902 , 0.2998409
1.904 , 0.3227291
1.906 , 0.3547726
1.908 , 0.3776627
1.911 , 0.4051285
1.913 , 0.4371719
1.915 , 0.4623489
1.917 , 0.4943924
1.919 , 0.5172806
1.922 , 0.5401688
1.924 , 0.5630589
1.926 , 0.5813694
1.928 , 0.5996799
1.93 , 0.6202793
1.933 , 0.6385899
1.935 , 0.6523247
1.937 , 0.6683464
1.939 , 0.6775017
1.941 , 0.6820793
1.944 , 0.686657
1.946 , 0.6912346
1.948 , 0.6958122
1.95 , 0.6958122
1.952 , 0.6958122
1.954 , 0.6912346
1.957 , 0.6912346
1.959 , 0.686657
1.961 , 0.686657
1.963 , 0.672924
1.966 , 0.6683464
1.968 , 0.6569023
1.97 , 0.6523247
1.972 , 0.6431694
1.974 , 0.6340122
1.976 , 0.6248569
1.979 , 0.6088352
1.981 , 0.5951023
1.983 , 0.585947
1.985 , 0.5767918
1.988 , 0.5676365
1.99 , 0.5539036
1.992 , 0.5447464
1.994 , 0.5310135
1.996 , 0.5218582
1.999 , 0.5081253
2.001 , 0.49897
2.003 , 0.4852371
2.005 , 0.4715042
2.007 , 0.4623489
2.009 , 0.448616
2.012 , 0.4325943
2.014 , 0.4188614
2.016 , 0.4142838
2.018 , 0.3959732
2.02 , 0.3822403
2.022 , 0.3685074
2.025 , 0.3639297
2.027 , 0.3501949
2.029 , 0.3410397
2.031 , 0.3273067
2.033 , 0.3181515
2.035 , 0.3089962
2.038 , 0.2906857
2.04 , 0.2815304
2.042 , 0.2769527
2.044 , 0.2677956
2.046 , 0.2586403
2.049 , 0.249485
2.051 , 0.2449074
2.053 , 0.2403297
2.055 , 0.2311745
2.057 , 0.2311745
2.059 , 0.2220192
2.062 , 0.2174416
2.064 , 0.2082863
2.066 , 0.2037086
2.068 , 0.199131
2.07 , 0.1853981
2.072 , 0.1808205
2.075 , 0.1808205
2.077 , 0.1670856
2.079 , 0.1670856
2.081 , 0.1670856
2.083 , 0.1579304
2.085 , 0.1510639
2.088 , 0.1510639
2.09 , 0.1464863
2.092 , 0.1419086
2.094 , 0.137331
2.096 , 0.1327534
2.107 , 0.1190205
2.109 , 0.1235981
2.111 , 0.1190205
2.113 , 0.1144428
2.115 , 0.1144428
2.118 , 0.1144428
2.12 , 0.1144428
2.122 , 0.1144428
2.124 , 0.1144428
2.126 , 0.1144428
2.128 , 0.1190205
2.13 , 0.1144428
2.133 , 0.1190205
2.135 , 0.1190205
2.137 , 0.1190205
2.139 , 0.1190205
2.141 , 0.1235981
2.143 , 0.1235981
2.146 , 0.1281757
2.148 , 0.1327534
2.15 , 0.1327534
2.152 , 0.137331
2.154 , 0.1419086
2.156 , 0.1419086
2.159 , 0.1464863
2.161 , 0.1464863
2.163 , 0.1510639
2.165 , 0.1579304
2.167 , 0.1579304
2.169 , 0.162508
2.172 , 0.1716633
2.174 , 0.1716633
2.176 , 0.1762428
2.178 , 0.1808205
2.18 , 0.1853981
2.183 , 0.1945534
2.185 , 0.1853981
2.187 , 0.199131
2.189 , 0.199131
2.191 , 0.2037086
2.194 , 0.2037086
2.196 , 0.2082863
2.198 , 0.2037086
2.2 , 0.2082863
2.202 , 0.2082863
2.204 , 0.2128639
2.207 , 0.2128639
2.209 , 0.2128639
2.211 , 0.2128639
2.213 , 0.2174416
2.215 , 0.2174416
2.217 , 0.2174416
2.219 , 0.2174416
2.222 , 0.2174416
2.224 , 0.2220192
2.226 , 0.2220192
2.228 , 0.2220192
2.23 , 0.2220192
2.232 , 0.2220192
2.235 , 0.2220192
2.237 , 0.2220192
2.239 , 0.2220192
2.241 , 0.2220192
2.243 , 0.2220192
2.245 , 0.2174416
2.248 , 0.2174416
2.25 , 0.2174416
2.252 , 0.2174416
2.254 , 0.2128639
2.256 , 0.2128639
2.259 , 0.2082863
2.261 , 0.2082863
2.263 , 0.2037086
2.265 , 0.2037086
2.267 , 0.199131
2.269 , 0.199131
2.272 , 0.199131
2.274 , 0.1945534
2.276 , 0.1945534
2.278 , 0.1808205
2.28 , 0.1808205
2.282 , 0.1762428
2.285 , 0.1762428
2.287 , 0.1716633
2.289 , 0.1716633
2.291 , 0.162508
2.293 , 0.162508
2.295 , 0.1579304
2.298 , 0.1579304
2.3 , 0.1510639
2.302 , 0.1510639
2.304 , 0.1464863
2.306 , 0.1464863
2.309 , 0.1419086
2.311 , 0.1419086
2.313 , 0.1419086
2.315 , 0.137331
2.317 , 0.137331
2.319 , 0.1327534
2.321 , 0.1327534
2.324 , 0.1281757
2.326 , 0.1281757
2.328 , 0.1281757
2.33 , 0.137331
2.332 , 0.1327534
2.335 , 0.137331
2.337 , 0.1327534
2.339 , 0.1327534
2.341 , 0.1327534
2.343 , 0.1327534
2.345 , 0.1327534
2.348 , 0.1327534
2.35 , 0.1327534
2.352 , 0.1327534
2.354 , 0.1327534
2.356 , 0.137331
2.359 , 0.1327534
2.361 , 0.137331
2.363 , 0.137331
2.365 , 0.137331
2.367 , 0.137331
2.369 , 0.137331
2.372 , 0.137331
2.374 , 0.1419086
2.376 , 0.137331
2.378 , 0.1419086
2.38 , 0.1419086
2.382 , 0.1419086
2.385 , 0.1419086
2.387 , 0.1419086
2.389 , 0.1419086
2.391 , 0.137331
2.393 , 0.1419086
2.395 , 0.1419086
2.398 , 0.1419086
2.4 , 0.1419086
2.402 , 0.1464863
2.404 , 0.1464863
2.406 , 0.1419086
2.409 , 0.1419086
2.411 , 0.1419086
2.413 , 0.1419086
2.415 , 0.1464863
2.417 , 0.1419086
2.419 , 0.1419086
2.422 , 0.1419086
2.424 , 0.1419086
2.426 , 0.1464863
2.428 , 0.1419086
2.43 , 0.137331
2.432 , 0.137331
2.435 , 0.137331
2.437 , 0.137331
2.439 , 0.137331
2.441 , 0.137331
2.443 , 0.1327534
2.445 , 0.1327534
2.448 , 0.1327534
2.45 , 0.1327534
2.452 , 0.1327534
2.454 , 0.1327534
2.456 , 0.1327534
2.459 , 0.1327534
2.461 , 0.1327534
2.463 , 0.1327534
2.465 , 0.1281757
2.467 , 0.1281757
2.47 , 0.1281757
2.472 , 0.1327534
2.474 , 0.1281757
2.476 , 0.1281757
2.478 , 0.1281757
2.481 , 0.1281757
2.483 , 0.1281757
2.485 , 0.1235981
2.487 , 0.1235981
2.489 , 0.1235981
2.492 , 0.1235981
2.494 , 0.1190205
2.496 , 0.1190205
2.498 , 0.1144428
2.5 , 0.1144428
2.502 , 0.1144428
2.505 , 0.1098652
2.507 , 0.1098652
2.509 , 0.1052876
2.511 , 0.1052876
2.513 , 0.1052876
2.515 , 0.1052876
2.518 , 0.1052876
2.52 , 0.1052876
2.522 , 0.1007099
2.524 , 0.1007099
2.526 , 0.1052876
2.529 , 0.1007099
2.531 , 0.1007099
2.533 , 0.1007099
2.535 , 0.1007099
2.537 , 0.1007099
2.539 , 0.1007099
2.542 , 0.1007099
2.544 , 0.1052876
2.546 , 0.1007099
2.548 , 0.1007099
2.55 , 0.1007099
2.552 , 0.09613228
2.555 , 0.09613228
2.557 , 0.09613228
2.559 , 0.09613228
2.57 , 0.08239937
2.572 , 0.08239937
2.575 , 0.08239937
2.577 , 0.08239937
2.579 , 0.07781982
2.582 , 0.07324219
2.584 , 0.07324219
2.586 , 0.06866455
2.589 , 0.06866455
2.591 , 0.06408691
2.594 , 0.06408691
2.596 , 0.06408691
2.598 , 0.06408691
2.601 , 0.05950928
2.603 , 0.05950928
2.605 , 0.05950928
2.608 , 0.05950928
2.61 , 0.05950928
2.612 , 0.05950928
2.615 , 0.06408691
2.617 , 0.05950928
2.619 , 0.06408691
2.622 , 0.06408691
2.624 , 0.06866455
2.627 , 0.06866455
2.629 , 0.06866455
2.631 , 0.07324219
2.634 , 0.07324219
2.636 , 0.07324219
2.638 , 0.07324219
2.641 , 0.07781982
2.643 , 0.07324219
2.645 , 0.07781982
2.648 , 0.07324219
2.65 , 0.07781982
2.652 , 0.07781982
2.655 , 0.07781982
2.657 , 0.07781982
2.659 , 0.08239937
2.662 , 0.07781982
2.664 , 0.08239937
2.666 , 0.08239937
2.669 , 0.08239937
2.671 , 0.08697701
2.674 , 0.08697701
2.676 , 0.08697701
2.678 , 0.08697701
2.681 , 0.08697701
2.683 , 0.09155464
2.685 , 0.1007099
2.687 , 0.1052876
2.69 , 0.1052876
2.692 , 0.1144428
2.694 , 0.1281757
2.696 , 0.137331
2.698 , 0.1464863
2.701 , 0.1670856
2.703 , 0.1853981
2.705 , 0.2037086
2.707 , 0.2265968
2.709 , 0.2449074
2.711 , 0.2677956
2.714 , 0.2998409
2.716 , 0.3181515
2.718 , 0.3501949
2.72 , 0.3776627
2.722 , 0.4005508
2.725 , 0.4325943
2.727 , 0.4669266
2.729 , 0.4898148
2.731 , 0.5172806
2.734 , 0.5447464
2.736 , 0.5722141
2.738 , 0.5951023
2.74 , 0.6134129
2.742 , 0.6294346
2.745 , 0.6523247
2.747 , 0.6683464
2.749 , 0.686657
2.751 , 0.6958122
2.753 , 0.7072563
2.755 , 0.7164116
2.758 , 0.7255669
2.76 , 0.7301445
2.762 , 0.7347221
2.764 , 0.7347221
2.766 , 0.7347221
2.769 , 0.7347221
2.771 , 0.7301445
2.773 , 0.7255669
2.775 , 0.7209892
2.777 , 0.7164116
2.78 , 0.711834
2.782 , 0.7026787
2.784 , 0.6912346
2.786 , 0.6820793
2.788 , 0.6775017
2.791 , 0.6683464
2.793 , 0.6523247
2.795 , 0.6431694
2.797 , 0.6294346
2.799 , 0.6202793
2.802 , 0.6088352
2.804 , 0.5951023
2.806 , 0.5813694
2.808 , 0.5722141
2.81 , 0.5630589
2.813 , 0.5539036
2.815 , 0.5401688
2.817 , 0.5264359
2.819 , 0.5172806
2.821 , 0.5035477
2.823 , 0.4898148
2.826 , 0.4715042
2.828 , 0.4623489
2.83 , 0.448616
2.832 , 0.4371719
2.834 , 0.4188614
2.837 , 0.4051285
2.839 , 0.3913956
2.841 , 0.3776627
2.843 , 0.3685074
2.845 , 0.3547726
2.848 , 0.3410397
2.85 , 0.336462
2.852 , 0.3227291
2.854 , 0.3089962
2.856 , 0.2998409
2.859 , 0.286108
2.861 , 0.2815304
2.863 , 0.2677956
2.865 , 0.2632179
2.867 , 0.2540627
2.869 , 0.249485
2.872 , 0.2449074
2.874 , 0.2357521
2.876 , 0.2265968
2.878 , 0.2220192
2.881 , 0.2128639
2.883 , 0.2082863
2.885 , 0.2037086
2.887 , 0.1945534
2.889 , 0.1945534
2.891 , 0.1853981
2.894 , 0.1762428
2.896 , 0.1716633
2.898 , 0.1670856
2.9 , 0.162508
2.902 , 0.1579304
2.905 , 0.1510639
2.907 , 0.1464863
2.909 , 0.1464863
2.911 , 0.1419086
2.913 , 0.137331
2.916 , 0.1327534
2.918 , 0.1281757
2.92 , 0.1281757
2.922 , 0.1281757
2.924 , 0.1281757
2.926 , 0.1281757
2.929 , 0.1281757
2.931 , 0.1235981
2.933 , 0.1281757
2.935 , 0.1281757
2.937 , 0.1327534
2.94 , 0.1327534
2.942 , 0.1327534
2.944 , 0.137331
2.946 , 0.137331
2.948 , 0.1464863
2.95 , 0.1464863
2.953 , 0.1510639
2.955 , 0.1579304
2.957 , 0.162508
2.959 , 0.1670856
2.961 , 0.1716633
2.964 , 0.1808205
2.966 , 0.1808205
2.968 , 0.1945534
2.97 , 0.1945534
2.972 , 0.199131
2.975 , 0.2082863
2.977 , 0.2082863
2.979 , 0.2128639
2.981 , 0.2220192
2.983 , 0.2220192
2.986 , 0.2265968
2.988 , 0.2357521
2.99 , 0.2311745
2.992 , 0.2403297
2.994 , 0.2449074
2.997 , 0.249485
2.999 , 0.249485
3.001 , 0.2540627
3.003 , 0.2540627
3.005 , 0.2586403
3.008 , 0.2586403
3.01 , 0.2586403
3.012 , 0.2632179
3.014 , 0.2632179
3.016 , 0.2632179
3.018 , 0.2632179
3.021 , 0.2677956
3.023 , 0.2677956
3.025 , 0.2723751
3.027 , 0.2677956
3.029 , 0.2677956
3.032 , 0.2677956
3.034 , 0.2677956
3.044 , 0.2632179
3.046 , 0.2632179
3.049 , 0.2586403
3.051 , 0.2586403
3.053 , 0.2586403
3.055 , 0.2540627
3.057 , 0.249485
3.059 , 0.2449074
3.062 , 0.249485
3.064 , 0.2449074
3.066 , 0.2403297
3.068 , 0.2357521
3.07 , 0.2357521
3.072 , 0.2311745
3.075 , 0.2311745
3.077 , 0.2265968
3.079 , 0.2220192
3.081 , 0.2174416
3.083 , 0.2174416
3.086 , 0.2082863
3.088 , 0.2082863
3.09 , 0.2037086
3.092 , 0.199131
3.094 , 0.199131
3.096 , 0.1945534
3.099 , 0.1945534
3.101 , 0.1853981
3.103 , 0.1808205
3.105 , 0.1762428
3.107 , 0.1670856
3.11 , 0.1670856
3.112 , 0.1670856
3.114 , 0.162508
3.116 , 0.1579304
3.118 , 0.1579304
3.12 , 0.1510639
3.123 , 0.1510639
3.125 , 0.1464863
3.127 , 0.1464863
3.129 , 0.1419086
3.131 , 0.1419086
3.133 , 0.137331
3.136 , 0.1419086
3.138 , 0.1419086
3.14 , 0.137331
3.142 , 0.137331
3.144 , 0.137331
3.146 , 0.137331
3.149 , 0.137331
3.151 , 0.1327534
3.153 , 0.1327534
3.155 , 0.1327534
3.157 , 0.1281757
3.159 , 0.1327534
3.162 , 0.1281757
3.164 , 0.1281757
3.166 , 0.1235981
3.168 , 0.1281757
3.17 , 0.1235981
3.173 , 0.1235981
3.175 , 0.1235981
3.177 , 0.1235981
3.179 , 0.1235981
3.181 , 0.1235981
3.184 , 0.1235981
3.186 , 0.1190205
3.188 , 0.1235981
3.19 , 0.1235981
3.192 , 0.1235981
3.194 , 0.1190205
3.197 , 0.1235981
3.199 , 0.1190205
3.201 , 0.1235981
3.203 , 0.1235981
3.205 , 0.1235981
3.207 , 0.1281757
3.21 , 0.1235981
3.212 , 0.1281757
3.214 , 0.1281757
3.216 , 0.1281757
3.218 , 0.1327534
3.221 , 0.1327534
3.223 , 0.1327534
3.225 , 0.1327534
3.227 , 0.1327534
3.229 , 0.137331
3.231 , 0.137331
3.234 , 0.137331
3.236 , 0.137331
3.238 , 0.137331
3.24 , 0.1419086
3.242 , 0.1419086
3.244 , 0.1419086
3.247 , 0.1464863
3.249 , 0.1419086
3.251 , 0.1464863
3.253 , 0.1510639
3.255 , 0.1510639
3.257 , 0.1464863
3.26 , 0.1510639
3.262 , 0.1510639
3.264 , 0.1579304
3.266 , 0.1510639
3.268 , 0.1510639
3.271 , 0.1510639
3.273 , 0.1510639
3.275 , 0.1510639
3.277 , 0.1579304
3.279 , 0.1510639
3.281 , 0.1510639
3.284 , 0.1510639
3.286 , 0.1510639
3.288 , 0.1510639
3.29 , 0.1464863
3.292 , 0.1464863
3.295 , 0.1464863
3.297 , 0.1464863
3.299 , 0.1464863
3.301 , 0.1464863
3.303 , 0.1419086
3.305 , 0.1419086
3.308 , 0.1419086
3.31 , 0.1464863
3.312 , 0.1419086
3.314 , 0.1419086
3.316 , 0.1419086
3.319 , 0.1419086
3.321 , 0.1419086
3.323 , 0.1419086
3.325 , 0.1419086
3.327 , 0.137331
3.329 , 0.137331
3.332 , 0.137331
3.334 , 0.137331
3.336 , 0.137331
3.338 , 0.137331
3.34 , 0.137331
3.342 , 0.137331
3.345 , 0.1327534
3.347 , 0.1327534
3.349 , 0.1327534
3.351 , 0.1281757
3.353 , 0.1281757
3.356 , 0.1281757
3.358 , 0.1281757
3.36 , 0.1281757
3.362 , 0.1235981
3.364 , 0.1235981
3.366 , 0.1235981
3.369 , 0.1190205
3.371 , 0.1190205
3.373 , 0.1190205
3.375 , 0.1144428
3.377 , 0.1144428
3.379 , 0.1144428
3.382 , 0.1098652
3.384 , 0.1052876
3.386 , 0.1007099
3.388 , 0.1007099
3.39 , 0.1007099
3.393 , 0.09613228
3.395 , 0.09613228
3.397 , 0.09613228
3.4 , 0.09155464
3.402 , 0.08697701
3.404 , 0.08697701
3.407 , 0.09155464
3.409 , 0.08697701
3.411 , 0.08697701
3.414 , 0.08697701
3.416 , 0.08697701
3.418 , 0.09155464
3.421 , 0.09155464
3.423 , 0.08697701
3.425 , 0.09155464
3.428 , 0.09155464
3.43 , 0.08697701
3.432 , 0.09155464
3.435 , 0.09155464
3.437 , 0.09155464
3.439 , 0.09155464
3.442 , 0.09155464
3.444 , 0.09155464
3.446 , 0.09613228
3.449 , 0.09155464
3.451 , 0.09613228
3.454 , 0.1007099
3.456 , 0.09613228
3.458 , 0.1007099
3.46 , 0.1052876
3.462 , 0.1052876
3.465 , 0.1052876
3.467 , 0.1052876
3.469 , 0.1098652
3.471 , 0.1144428
3.473 , 0.1144428
3.475 , 0.1235981
3.478 , 0.1327534
3.48 , 0.1419086
3.482 , 0.1510639
3.484 , 0.1670856
3.486 , 0.1853981
3.489 , 0.2037086
3.491 , 0.2265968
3.493 , 0.2449074
3.495 , 0.2632179
3.497 , 0.2906857
3.5 , 0.3227291
3.502 , 0.3501949
3.512 , 0.49897
3.514 , 0.5310135
3.517 , 0.5584812
3.519 , 0.5905247
3.521 , 0.6088352
3.523 , 0.6431694
3.525 , 0.672924
3.528 , 0.6912346
3.53 , 0.711834
3.532 , 0.7347221
3.534 , 0.748455
3.536 , 0.762188
3.538 , 0.7804985
3.541 , 0.7942314
3.543 , 0.7988091
3.545 , 0.8079643
3.547 , 0.8194084
3.549 , 0.8239861
3.552 , 0.8285637
3.554 , 0.8285637
3.556 , 0.8285637
3.558 , 0.8285637
3.56 , 0.8239861
3.563 , 0.8194084
3.565 , 0.8194084
3.567 , 0.8033867
3.569 , 0.7988091
3.571 , 0.7942314
3.574 , 0.7850761
3.576 , 0.7759209
3.578 , 0.762188
3.58 , 0.7530327
3.583 , 0.7392998
3.585 , 0.7255669
3.587 , 0.7164116
3.589 , 0.7026787
3.591 , 0.686657
3.594 , 0.6775017
3.596 , 0.6569023
3.598 , 0.6431694
3.6 , 0.6248569
3.602 , 0.6088352
3.605 , 0.5951023
3.607 , 0.5767918
3.609 , 0.5676365
3.611 , 0.5539036
3.613 , 0.5355911
3.616 , 0.5218582
3.618 , 0.5081253
3.62 , 0.4943924
3.622 , 0.4760818
3.624 , 0.4577713
3.626 , 0.4417496
3.629 , 0.4325943
3.631 , 0.4142838
3.633 , 0.4005508
3.635 , 0.3868179
3.638 , 0.373085
3.64 , 0.3639297
3.642 , 0.3501949
3.644 , 0.3410397
3.646 , 0.3318844
3.649 , 0.3181515
3.651 , 0.3089962
3.653 , 0.3044186
3.655 , 0.286108
3.657 , 0.2815304
3.659 , 0.2723751
3.662 , 0.2677956
3.664 , 0.2586403
3.666 , 0.2540627
3.668 , 0.2449074
3.671 , 0.2403297
3.673 , 0.2357521
3.675 , 0.2311745
3.677 , 0.2265968
3.679 , 0.2220192
3.681 , 0.2174416
3.684 , 0.2128639
3.686 , 0.2128639
3.688 , 0.2082863
3.69 , 0.199131
3.692 , 0.1945534
3.695 , 0.1945534
3.697 , 0.1853981
3.699 , 0.1808205
3.701 , 0.1762428
3.703 , 0.1716633
3.706 , 0.1670856
3.708 , 0.162508
3.71 , 0.1579304
3.712 , 0.1579304
3.714 , 0.1579304
3.717 , 0.1510639
3.719 , 0.1510639
3.721 , 0.1464863
3.723 , 0.1464863
3.725 , 0.1464863
3.727 , 0.1510639
3.73 , 0.1510639
3.732 , 0.1510639
3.734 , 0.1579304
3.736 , 0.162508
3.738 , 0.162508
3.74 , 0.162508
3.743 , 0.1670856
3.745 , 0.1670856
3.747 , 0.1716633
3.749 , 0.1762428
3.751 , 0.1808205
3.754 , 0.1945534
3.756 , 0.1945534
3.758 , 0.199131
3.76 , 0.2037086
3.762 , 0.2082863
3.765 , 0.2128639
3.767 , 0.2220192
3.769 , 0.2174416
3.771 , 0.2220192
3.773 , 0.2311745
3.776 , 0.2311745
3.778 , 0.2357521
3.78 , 0.2357521
3.782 , 0.2403297
3.784 , 0.2449074
3.786 , 0.2449074
3.789 , 0.249485
3.791 , 0.249485
3.793 , 0.249485
3.795 , 0.2540627
3.797 , 0.2540627
3.8 , 0.2540627
3.802 , 0.2586403
3.804 , 0.2586403
3.806 , 0.2632179
3.808 , 0.2586403
3.811 , 0.2586403
3.813 , 0.2632179
3.815 , 0.2632179
3.817 , 0.2632179
3.819 , 0.2632179
3.822 , 0.2586403
3.824 , 0.2586403
3.826 , 0.2540627
3.828 , 0.2540627
3.83 , 0.249485
3.832 , 0.249485
3.835 , 0.2449074
3.837 , 0.2403297
3.839 , 0.2357521
3.841 , 0.2357521
3.843 , 0.2311745
3.846 , 0.2265968
3.848 , 0.2220192
3.85 , 0.2174416
3.852 , 0.2174416
3.854 , 0.2082863
3.857 , 0.2082863
3.859 , 0.199131
3.861 , 0.1945534
3.863 , 0.1853981
3.865 , 0.1808205
3.868 , 0.1762428
3.87 , 0.1670856
3.872 , 0.162508
3.874 , 0.1579304
3.876 , 0.1510639
3.879 , 0.1419086
3.881 , 0.1419086
3.883 , 0.1327534
3.885 , 0.1281757
3.887 , 0.1281757
3.89 , 0.1190205
3.892 , 0.1190205
3.894 , 0.1144428
3.896 , 0.1098652
3.898 , 0.1052876
3.9 , 0.1007099
3.903 , 0.09613228
3.905 , 0.09155464
3.907 , 0.08697701
3.91 , 0.08697701
3.912 , 0.08239937
3.914 , 0.07781982
3.917 , 0.07324219
3.919 , 0.07324219
3.921 , 0.06866455
3.924 , 0.06866455
3.926 , 0.06408691
3.928 , 0.06408691
3.931 , 0.05950928
3.933 , 0.05493164
3.935 , 0.05493164
3.938 , 0.050354
3.94 , 0.04577637
3.942 , 0.04577637
3.945 , 0.04577637
3.947 , 0.04119873
3.95 , 0.04119873
3.952 , 0.04119873
3.954 , 0.03662109
3.957 , 0.03662109
3.959 , 0.03662109
3.961 , 0.03204346
3.964 , 0.03204346
3.966 , 0.02746582
3.968 , 0.03204346
3.971 , 0.03204346
3.973 , 0.03204346
3.984 , 0.02746582
3.986 , 0.02746582
3.988 , 0.03204346
3.991 , 0.02746582
3.993 , 0.02746582
3.995 , 0.02746582
3.998 , 0.02746582
4.0 , 0.02746582
4.002 , 0.02746582
4.005 , 0.03204346
4.007 , 0.03204346
4.009 , 0.02746582
4.012 , 0.03204346
4.014 , 0.03662109
4.016 , 0.03204346
4.019 , 0.03204346
4.021 , 0.03204346
4.023 , 0.03204346
4.026 , 0.03204346
4.028 , 0.03662109
4.03 , 0.03662109
4.033 , 0.03204346
4.035 , 0.03662109
4.037 , 0.03662109
4.04 , 0.03662109
4.042 , 0.04119873
4.044 , 0.04119873
4.047 , 0.04119873
4.049 , 0.04577637
4.051 , 0.04577637
4.054 , 0.04577637
4.056 , 0.050354
4.058 , 0.050354
4.061 , 0.050354
4.063 , 0.05493164
4.065 , 0.050354
4.068 , 0.05493164
4.07 , 0.05493164
4.072 , 0.05493164
4.075 , 0.05493164
4.077 , 0.05493164
4.079 , 0.05493164
4.082 , 0.05493164
4.084 , 0.05493164
4.086 , 0.05493164
4.089 , 0.050354
4.091 , 0.050354
4.093 , 0.050354
4.096 , 0.050354
4.098 , 0.050354
4.1 , 0.050354
4.103 , 0.04577637
4.105 , 0.050354
4.107 , 0.050354
4.11 , 0.04577637
4.112 , 0.04577637
4.114 , 0.04577637
4.117 , 0.04577637
4.119 , 0.04577637
4.121 , 0.04577637
4.124 , 0.04577637
4.126 , 0.04577637
4.128 , 0.04577637
4.131 , 0.04577637
4.133 , 0.04119873
4.135 , 0.04119873
4.138 , 0.04119873
4.14 , 0.04119873
4.142 , 0.04119873
4.145 , 0.04119873
4.147 , 0.03662109
4.149 , 0.04119873
4.152 , 0.03662109
4.154 , 0.03662109
4.157 , 0.03204346
4.159 , 0.03204346
4.161 , 0.03204346
4.164 , 0.02746582
4.166 , 0.02746582
4.168 , 0.02746582
4.17 , 0.02288818
4.173 , 0.02288818
4.175 , 0.01831055
4.177 , 0.01831055
4.18 , 0.01373291
4.182 , 0.01373291
4.184 , 0.009155273
4.187 , 0.004577637
4.189 , 0.0
4.191 , 0.0
4.194 , -0.004577637
4.196 , -0.004577637
4.198 , -0.009155273
4.201 , -0.01602173
4.203 , -0.01602173
4.206 , -0.01602173
4.208 , -0.01602173
4.21 , -0.01602173
4.212 , -0.01602173
4.215 , -0.009155273
4.217 , -0.01602173
4.22 , -0.009155273
4.222 , -0.01602173
4.224 , -0.01602173
4.227 , -0.009155273
4.229 , -0.009155273
4.231 , -0.009155273
4.234 , -0.009155273
4.236 , -0.004577637
4.239 , -0.004577637
4.241 , -0.004577637
4.244 , -0.004577637
4.246 , -0.004577637
4.249 , -0.004577637
4.251 , -0.004577637
4.253 , -0.004577637
4.256 , 0.0
4.258 , 0.0
4.26 , 0.0
4.262 , 0.0
4.264 , 0.0
4.267 , 0.004577637
4.269 , 0.004577637
4.271 , 0.009155273
4.274 , 0.01373291
4.276 , 0.01831055
4.278 , 0.02746582
4.281 , 0.03662109
4.283 , 0.050354
4.285 , 0.05950928
4.288 , 0.08239937
4.29 , 0.09613228
4.293 , 0.1190205
4.295 , 0.1419086
4.297 , 0.1670856
4.299 , 0.199131
4.301 , 0.2265968
4.304 , 0.2586403
4.306 , 0.286108
4.308 , 0.3227291
4.31 , 0.3593502
4.312 , 0.3913956
4.314 , 0.4325943
4.317 , 0.4669266
4.319 , 0.5081253
4.321 , 0.5401688
4.323 , 0.5676365
4.325 , 0.5996799
4.328 , 0.6340122
4.33 , 0.6569023
4.332 , 0.686657
4.334 , 0.711834
4.336 , 0.7347221
4.339 , 0.7576103
4.341 , 0.7713432
4.343 , 0.7850761
4.345 , 0.7988091
4.347 , 0.8148308
4.35 , 0.8239861
4.352 , 0.8285637
4.354 , 0.8331432
4.356 , 0.8377209
4.358 , 0.8422985
4.361 , 0.8377209
4.363 , 0.8377209
4.365 , 0.8377209
4.367 , 0.8285637
4.369 , 0.8239861
4.372 , 0.8194084
4.374 , 0.8033867
4.376 , 0.7942314
4.378 , 0.7804985
4.38 , 0.7713432
4.383 , 0.762188
4.385 , 0.748455
4.387 , 0.7347221
4.389 , 0.7209892
4.391 , 0.7072563
4.394 , 0.686657
4.396 , 0.672924
4.398 , 0.6569023
4.4 , 0.6385899
4.402 , 0.6202793
4.405 , 0.5996799
4.407 , 0.585947
4.409 , 0.5676365
4.411 , 0.5493259
4.413 , 0.5310135
4.416 , 0.5172806
4.418 , 0.49897
4.42 , 0.4760818
4.422 , 0.4623489
4.424 , 0.4417496
4.426 , 0.423439
4.429 , 0.4051285
4.431 , 0.3868179
4.433 , 0.373085
4.435 , 0.3593502
4.437 , 0.3456173
4.44 , 0.3273067
4.442 , 0.3089962
4.444 , 0.2998409
4.446 , 0.2815304
4.448 , 0.2677956
4.451 , 0.2586403
4.453 , 0.249485
4.455 , 0.2403297
4.457 , 0.2311745
4.459 , 0.2220192
4.47 , 0.1762428
4.472 , 0.1670856
4.474 , 0.162508
4.476 , 0.1579304
4.478 , 0.1464863
4.481 , 0.1419086
4.483 , 0.137331
4.485 , 0.1281757
4.487 , 0.1235981
4.489 , 0.1190205
4.492 , 0.1144428
4.494 , 0.1098652
4.496 , 0.1052876
4.498 , 0.1007099
4.5 , 0.09613228
4.503 , 0.08697701
4.505 , 0.08697701
4.507 , 0.08239937
4.51 , 0.07781982
4.512 , 0.07324219
4.514 , 0.07324219
4.517 , 0.06866455
4.519 , 0.06408691
4.521 , 0.06408691
4.524 , 0.06866455
4.526 , 0.06408691
4.528 , 0.06866455
4.531 , 0.07324219
4.533 , 0.07324219
4.535 , 0.07324219
4.538 , 0.07781982
4.54 , 0.08239937
4.543 , 0.08697701
4.545 , 0.09155464
4.547 , 0.09613228
4.55 , 0.1007099
4.552 , 0.1052876
4.554 , 0.1098652
4.556 , 0.1144428
4.558 , 0.1190205
4.56 , 0.1235981
4.563 , 0.1327534
4.565 , 0.1327534
4.567 , 0.1419086
4.569 , 0.1464863
4.571 , 0.1579304
4.574 , 0.162508
4.576 , 0.1670856
4.578 , 0.1716633
4.58 , 0.1762428
4.582 , 0.1808205
4.585 , 0.1853981
4.587 , 0.1945534
4.589 , 0.199131
4.591 , 0.199131
4.593 , 0.2037086
4.596 , 0.2082863
4.598 , 0.2082863
4.6 , 0.2082863
4.602 , 0.2128639
4.604 , 0.2128639
4.606 , 0.2128639
4.609 , 0.2174416
4.611 , 0.2128639
4.613 , 0.2128639
4.615 , 0.2128639
4.617 , 0.2174416
4.62 , 0.2128639
4.622 , 0.2128639
4.624 , 0.2082863
4.626 , 0.2082863
4.628 , 0.2037086
4.631 , 0.2037086
4.633 , 0.199131
4.635 , 0.1945534
4.637 , 0.1945534
4.639 , 0.1853981
4.641 , 0.1808205
4.644 , 0.1716633
4.646 , 0.1762428
4.648 , 0.1670856
4.65 , 0.162508
4.652 , 0.1579304
4.655 , 0.1464863
4.657 , 0.1419086
4.659 , 0.1419086
4.661 , 0.1327534
4.663 , 0.1281757
4.665 , 0.1235981
4.668 , 0.1190205
4.67 , 0.1098652
4.672 , 0.1052876
4.674 , 0.1007099
4.676 , 0.09155464
4.679 , 0.08697701
4.681 , 0.07781982
4.683 , 0.07324219
4.686 , 0.06408691
4.688 , 0.05950928
4.691 , 0.050354
4.693 , 0.04577637
4.695 , 0.03662109
4.698 , 0.03204346
4.7 , 0.02746582
4.702 , 0.01831055
4.705 , 0.009155273
4.707 , 0.004577637
4.709 , -0.004577637
4.712 , -0.009155273
4.714 , -0.009155273
4.717 , -0.02059937
4.719 , -0.025177
4.721 , -0.02975464
4.724 , -0.03433228
4.726 , -0.03433228
4.728 , -0.03890991
4.731 , -0.04348755
4.733 , -0.04348755
4.736 , -0.04806519
4.738 , -0.04806519
4.74 , -0.05264282
4.743 , -0.05264282
4.745 , -0.05264282
4.747 , -0.05722046
4.75 , -0.0617981
4.752 , -0.05722046
4.754 , -0.0617981
4.757 , -0.06637573
4.759 , -0.06637573
4.762 , -0.06637573
4.764 , -0.07324219
4.766 , -0.07324219
4.769 , -0.07781982
4.771 , -0.07324219
4.773 , -0.07781982
4.776 , -0.07781982
4.778 , -0.08239746
4.78 , -0.07781982
4.783 , -0.07781982
4.785 , -0.08239746
4.788 , -0.08239746
4.79 , -0.08239746
4.792 , -0.07781982
4.795 , -0.08239746
4.797 , -0.08239746
4.799 , -0.08239746
4.802 , -0.07781982
4.804 , -0.08239746
4.806 , -0.08239746
4.809 , -0.08239746
4.811 , -0.07781982
4.814 , -0.07781982
4.816 , -0.07324219
4.818 , -0.07324219
4.821 , -0.07324219
4.823 , -0.07324219
4.825 , -0.07324219
4.828 , -0.07324219
4.83 , -0.07324219
4.832 , -0.07324219
4.835 , -0.06637573
4.837 , -0.07324219
4.839 , -0.06637573
4.842 , -0.0617981
4.844 , -0.0617981
4.846 , -0.0617981
4.849 , -0.0617981
4.851 , -0.05722046
4.854 , -0.05722046
4.856 , -0.05722046
4.858 , -0.05722046
4.861 , -0.05722046
4.863 , -0.05722046
4.865 , -0.05264282
4.868 , -0.05264282
4.87 , -0.05722046
4.873 , -0.05264282
4.875 , -0.05264282
4.877 , -0.05722046
4.88 , -0.05264282
4.882 , -0.05264282
4.884 , -0.05264282
4.887 , -0.05722046
4.889 , -0.05722046
4.891 , -0.05722046
4.894 , -0.05722046
4.896 , -0.05722046
4.898 , -0.05722046
4.901 , -0.05722046
4.903 , -0.05722046
4.906 , -0.0617981
4.908 , -0.0617981
4.91 , -0.0617981
4.913 , -0.05722046
4.915 , -0.0617981
4.917 , -0.0617981
4.92 , -0.0617981
4.922 , -0.06637573
4.925 , -0.06637573
4.927 , -0.06637573
4.929 , -0.06637573
4.932 , -0.06637573
4.934 , -0.06637573
4.936 , -0.07324219
4.939 , -0.07324219
4.941 , -0.07324219
4.943 , -0.07324219
4.946 , -0.07781982
4.948 , -0.07781982
4.959 , -0.08239746
4.961 , -0.08239746
4.963 , -0.0869751
4.966 , -0.0869751
4.968 , -0.0869751
4.971 , -0.09155273
4.973 , -0.09155273
4.975 , -0.09155273
4.978 , -0.09841919
4.98 , -0.09841919
4.982 , -0.1029968
4.985 , -0.1029968
4.987 , -0.1029968
4.989 , -0.1075764
4.991 , -0.1075764
4.993 , -0.112154
4.995 , -0.112154
4.998 , -0.112154
5.0 , -0.1167316
5.002 , -0.1213093
5.004 , -0.1304646
5.006 , -0.1258869
5.008 , -0.1258869
5.011 , -0.1396198
5.013 , -0.1396198
5.015 , -0.1396198
5.017 , -0.1441975
5.019 , -0.1487751
5.022 , -0.1533527
5.024 , -0.162508
5.026 , -0.162508
5.028 , -0.1670856
5.03 , -0.1716633
5.032 , -0.1716633
5.035 , -0.1762409
5.037 , -0.1762409
5.039 , -0.1762409
5.041 , -0.1762409
5.043 , -0.1808186
5.046 , -0.1808186
5.048 , -0.1808186
5.05 , -0.1808186
5.052 , -0.1808186
5.054 , -0.1808186
5.056 , -0.1808186
5.059 , -0.1808186
5.061 , -0.1808186
5.063 , -0.1808186
5.065 , -0.1853962
5.067 , -0.1808186
5.07 , -0.1808186
5.072 , -0.1853962
5.074 , -0.1853962
5.076 , -0.1853962
5.078 , -0.1853962
5.08 , -0.1853962
5.083 , -0.1853962
5.085 , -0.1853962
5.087 , -0.1853962
5.089 , -0.1853962
5.092 , -0.1853962
5.094 , -0.1853962
5.096 , -0.1808186
5.098 , -0.1808186
5.1 , -0.1808186
5.103 , -0.1808186
5.105 , -0.1762409
5.107 , -0.1762409
5.109 , -0.1716633
5.111 , -0.162508
5.113 , -0.162508
5.116 , -0.1533527
5.118 , -0.1441975
5.12 , -0.1350422
5.122 , -0.1167316
5.124 , -0.09841919
5.127 , -0.08239746
5.129 , -0.05722046
5.131 , -0.03433228
5.133 , -0.004577637
5.136 , 0.02288818
5.138 , 0.05493164
5.141 , 0.09155464
5.143 , 0.1235981
5.145 , 0.162508
5.147 , 0.199131
5.15 , 0.2357521
5.152 , 0.2632179
5.154 , 0.3089962
5.156 , 0.3501949
5.158 , 0.3822403
5.161 , 0.423439
5.163 , 0.4623489
5.165 , 0.4898148
5.167 , 0.5218582
5.169 , 0.5584812
5.171 , 0.5813694
5.174 , 0.6088352
5.176 , 0.6385899
5.178 , 0.6569023
5.18 , 0.6820793
5.182 , 0.7026787
5.185 , 0.7209892
5.187 , 0.7392998
5.189 , 0.7438774
5.191 , 0.7530327
5.193 , 0.762188
5.196 , 0.7667656
5.198 , 0.7713432
5.2 , 0.7713432
5.202 , 0.7759209
5.205 , 0.7713432
5.207 , 0.7713432
5.209 , 0.7667656
5.211 , 0.762188
5.213 , 0.7576103
5.216 , 0.7530327
5.218 , 0.7438774
5.22 , 0.7347221
5.222 , 0.7255669
5.224 , 0.711834
5.226 , 0.6958122
5.229 , 0.686657
5.231 , 0.6683464
5.233 , 0.6523247
5.235 , 0.6340122
5.237 , 0.6134129
5.24 , 0.5996799
5.242 , 0.5767918
5.244 , 0.5584812
5.246 , 0.5447464
5.248 , 0.5264359
5.251 , 0.5081253
5.253 , 0.4806595
5.255 , 0.4623489
5.257 , 0.448616
5.259 , 0.423439
5.262 , 0.4005508
5.264 , 0.3822403
5.266 , 0.3639297
5.268 , 0.3410397
5.27 , 0.3227291
5.273 , 0.3044186
5.275 , 0.2815304
5.277 , 0.2677956
5.279 , 0.2540627
5.281 , 0.2357521
5.284 , 0.2220192
5.286 , 0.2082863
5.288 , 0.1945534
5.29 , 0.1762428
5.292 , 0.1670856
5.295 , 0.1510639
5.297 , 0.137331
5.299 , 0.1281757
5.301 , 0.1235981
5.303 , 0.1144428
5.306 , 0.1052876
5.308 , 0.1007099
5.31 , 0.09155464
5.312 , 0.08697701
5.315 , 0.07781982
5.317 , 0.07324219
5.319 , 0.06408691
5.322 , 0.05493164
5.324 , 0.04577637
5.326 , 0.04119873
5.329 , 0.03204346
5.331 , 0.02746582
5.333 , 0.01831055
5.336 , 0.01373291
5.338 , 0.004577637
5.34 , 0.0
5.343 , -0.004577637
5.345 , -0.02059937
5.347 , -0.02059937
5.35 , -0.02975464
5.352 , -0.03433228
5.354 , -0.03890991
5.357 , -0.03890991
5.359 , -0.04348755
5.362 , -0.04348755
5.364 , -0.04348755
5.366 , -0.04348755
5.369 , -0.04806519
5.371 , -0.04348755
5.373 , -0.04348755
5.376 , -0.03890991
5.378 , -0.03433228
5.38 , -0.02975464
5.383 , -0.025177
5.385 , -0.02059937
5.387 , -0.02059937
5.39 , -0.009155273
5.392 , -0.004577637
5.395 , 0.004577637
5.397 , 0.004577637
5.4 , 0.01373291
5.402 , 0.01831055
5.404 , 0.02746582
5.407 , 0.03204346
5.409 , 0.04119873
5.411 , 0.04577637
5.414 , 0.050354
5.416 , 0.050354
5.418 , 0.05950928
5.421 , 0.06866455
5.423 , 0.06866455
5.425 , 0.07324219
5.436 , 0.08697701
5.438 , 0.08697701
5.441 , 0.08697701
5.443 , 0.09155464
5.445 , 0.09155464
5.448 , 0.09613228
5.45 , 0.09613228
5.452 , 0.09613228
5.455 , 0.09613228
5.457 , 0.09613228
5.459 , 0.09613228
5.462 , 0.09613228
5.464 , 0.09613228
5.467 , 0.09613228
5.469 , 0.09155464
5.471 , 0.09613228
5.474 , 0.09155464
5.476 , 0.08697701
5.478 , 0.08697701
5.481 , 0.08239937
5.483 , 0.08239937
5.485 , 0.07781982
5.488 , 0.07324219
5.49 , 0.06866455
5.492 , 0.06408691
5.495 , 0.05950928
5.497 , 0.05493164
5.5 , 0.05493164
5.502 , 0.04577637
5.504 , 0.04119873
5.506 , 0.03662109
5.509 , 0.03204346
5.511 , 0.02746582
5.513 , 0.01831055
5.516 , 0.009155273
5.518 , 0.004577637
5.521 , 0.0
5.523 , -0.004577637
5.525 , -0.01602173
5.528 , -0.02059937
5.53 , -0.025177
5.532 , -0.03433228
5.535 , -0.03433228
5.537 , -0.03890991
5.539 , -0.04348755
5.542 , -0.05264282
5.544 , -0.05722046
5.546 , -0.0617981
5.549 , -0.06637573
5.551 , -0.07324219
5.553 , -0.07781982
5.556 , -0.08239746
5.558 , -0.0869751
5.56 , -0.09155273
5.563 , -0.09841919
5.565 , -0.1029968
5.567 , -0.1029968
5.57 , -0.112154
5.572 , -0.112154
5.574 , -0.112154
5.576 , -0.1213093
5.578 , -0.1213093
5.58 , -0.1213093
5.583 , -0.1258869
5.585 , -0.1350422
5.587 , -0.1350422
5.589 , -0.1396198
5.591 , -0.1396198
5.593 , -0.1441975
5.596 , -0.1441975
5.598 , -0.1487751
5.6 , -0.1533527
5.602 , -0.1533527
5.604 , -0.1579304
5.607 , -0.1579304
5.609 , -0.162508
5.611 , -0.162508
5.613 , -0.1670856
5.615 , -0.1670856
5.618 , -0.1716633
5.62 , -0.1716633
5.622 , -0.1762409
5.624 , -0.1762409
5.626 , -0.1762409
5.628 , -0.1808186
5.631 , -0.1808186
5.633 , -0.1808186
5.635 , -0.1808186
5.637 , -0.1853962
5.639 , -0.1853962
5.642 , -0.1853962
5.644 , -0.1853962
5.646 , -0.1899738
5.648 , -0.1899738
5.651 , -0.1899738
5.653 , -0.1899738
5.655 , -0.1899738
5.657 , -0.1945515
5.659 , -0.1945515
5.662 , -0.1945515
5.664 , -0.1945515
5.666 , -0.1945515
5.668 , -0.1945515
5.67 , -0.1945515
5.673 , -0.1945515
5.675 , -0.1991291
5.677 , -0.1991291
5.679 , -0.1991291
5.681 , -0.1991291
5.684 , -0.2037086
5.686 , -0.2037086
5.688 , -0.2037086
5.69 , -0.2037086
5.692 , -0.1991291
5.695 , -0.2037086
5.697 , -0.1991291
5.699 , -0.1991291
5.701 , -0.2037086
5.703 , -0.2037086
5.706 , -0.2037086
5.708 , -0.2082863
5.71 , -0.2128639
5.712 , -0.2128639
5.714 , -0.2174416
5.716 , -0.2174416
5.719 , -0.2220192
5.721 , -0.2288857
5.723 , -0.2288857
5.725 , -0.2334633
5.727 , -0.2334633
5.73 , -0.2380409
5.732 , -0.2380409
5.734 , -0.2380409
5.736 , -0.2380409
5.738 , -0.2334633
5.741 , -0.2288857
5.743 , -0.2288857
5.745 , -0.2220192
5.747 , -0.2220192
5.749 , -0.2174416
5.751 , -0.2128639
5.754 , -0.2082863
5.756 , -0.2037086
5.758 , -0.2082863
5.76 , -0.1991291
5.762 , -0.1991291
5.765 , -0.1945515
5.767 , -0.1945515
5.769 , -0.1945515
5.771 , -0.1899738
5.773 , -0.1899738
5.776 , -0.1853962
5.778 , -0.1899738
5.78 , -0.1853962
5.782 , -0.1853962
5.784 , -0.1853962
5.787 , -0.1808186
5.789 , -0.1853962
5.791 , -0.1853962
5.793 , -0.1808186
5.795 , -0.1808186
5.798 , -0.1808186
5.8 , -0.1808186
5.802 , -0.1853962
5.804 , -0.1899738
5.806 , -0.1899738
5.809 , -0.1899738
5.811 , -0.1945515
5.813 , -0.1991291
5.815 , -0.1945515
5.817 , -0.1991291
5.82 , -0.2037086
5.822 , -0.2037086
5.824 , -0.2037086
5.826 , -0.2082863
5.828 , -0.2128639
5.831 , -0.2128639
5.833 , -0.2128639
5.835 , -0.2128639
5.837 , -0.2174416
5.839 , -0.2220192
5.842 , -0.2220192
5.844 , -0.2288857
5.846 , -0.2288857
5.848 , -0.2288857
5.85 , -0.2334633
5.853 , -0.2288857
5.855 , -0.2334633
5.857 , -0.2334633
5.859 , -0.2334633
5.861 , -0.2380409
5.863 , -0.2380409
5.866 , -0.2380409
5.868 , -0.2380409
5.87 , -0.2426186
5.872 , -0.2426186
5.874 , -0.2380409
5.877 , -0.2380409
5.879 , -0.2380409
5.881 , -0.2380409
5.883 , -0.2334633
5.885 , -0.2334633
5.888 , -0.2334633
5.89 , -0.2288857
5.892 , -0.2288857
5.894 , -0.2288857
5.896 , -0.2220192
5.899 , -0.2220192
5.901 , -0.2128639
5.911 , -0.2082863
5.913 , -0.2082863
5.916 , -0.2037086
5.918 , -0.2037086
5.92 , -0.1991291
5.922 , -0.1991291
5.924 , -0.1991291
5.927 , -0.1945515
5.929 , -0.1945515
5.931 , -0.1945515
5.933 , -0.1899738
5.935 , -0.1899738
5.938 , -0.1899738
5.94 , -0.1853962
5.942 , -0.1808186
5.944 , -0.1762409
5.947 , -0.1716633
5.949 , -0.162508
5.951 , -0.1579304
5.953 , -0.1441975
5.955 , -0.1258869
5.957 , -0.112154
5.96 , -0.09155273
5.962 , -0.06637573
5.964 , -0.04348755
5.967 , -0.01602173
5.969 , 0.01831055
5.971 , 0.050354
5.974 , 0.08239937
5.976 , 0.1190205
5.978 , 0.1510639
5.981 , 0.2037086
5.983 , 0.2357521
5.985 , 0.2723751
5.987 , 0.3135738
5.989 , 0.3501949
5.992 , 0.3868179
5.994 , 0.4280167
5.996 , 0.4577713
5.998 , 0.49897
6.0 , 0.5310135
6.003 , 0.5539036
6.005 , 0.5813694
6.007 , 0.6042576
6.009 , 0.6340122
6.011 , 0.6569023
6.014 , 0.6775017
6.016 , 0.6958122
6.018 , 0.7164116
6.02 , 0.7255669
6.022 , 0.7392998
6.025 , 0.748455
6.027 , 0.7530327
6.029 , 0.762188
6.031 , 0.7667656
6.033 , 0.7667656
6.036 , 0.7667656
6.038 , 0.762188
6.04 , 0.7576103
6.042 , 0.7576103
6.044 , 0.748455
6.047 , 0.7438774
6.049 , 0.7347221
6.051 , 0.7255669
6.053 , 0.7164116
6.055 , 0.6958122
6.058 , 0.686657
6.06 , 0.672924
6.062 , 0.6523247
6.064 , 0.6385899
6.066 , 0.6202793
6.069 , 0.5996799
6.071 , 0.5813694
6.073 , 0.5630589
6.075 , 0.5401688
6.077 , 0.5264359
6.08 , 0.5035477
6.082 , 0.4760818
6.084 , 0.4623489
6.086 , 0.4371719
6.088 , 0.4142838
6.091 , 0.3959732
6.093 , 0.373085
6.095 , 0.3593502
6.097 , 0.336462
6.099 , 0.3135738
6.102 , 0.2998409
6.104 , 0.2723751
6.106 , 0.2586403
6.108 , 0.2403297
6.11 , 0.2220192
6.113 , 0.2082863
6.115 , 0.1808205
6.117 , 0.1670856
6.119 , 0.1510639
6.121 , 0.137331
6.123 , 0.1235981
6.126 , 0.1098652
6.128 , 0.1007099
6.13 , 0.08697701
6.132 , 0.07324219
6.135 , 0.06408691
6.137 , 0.05493164
6.139 , 0.04577637
6.142 , 0.03204346
6.144 , 0.02288818
6.146 , 0.01373291
6.149 , 0.004577637
6.151 , -0.004577637
6.153 , -0.009155273
6.156 , -0.02059937
6.158 , -0.02975464
6.161 , -0.03433228
6.163 , -0.04348755
6.165 , -0.04806519
6.168 , -0.05722046
6.17 , -0.0617981
6.172 , -0.06637573
6.175 , -0.07781982
6.177 , -0.08239746
6.179 , -0.0869751
6.182 , -0.09155273
6.184 , -0.09155273
6.187 , -0.09841919
6.189 , -0.1029968
6.191 , -0.1029968
6.193 , -0.1075764
6.196 , -0.1029968
6.198 , -0.1075764
6.2 , -0.1075764
6.202 , -0.1029968
6.204 , -0.1029968
6.206 , -0.1029968
6.209 , -0.09841919
6.211 , -0.09155273
6.213 , -0.0869751
6.216 , -0.0869751
6.218 , -0.07781982
6.221 , -0.07324219
6.223 , -0.06637573
6.225 , -0.0617981
6.228 , -0.05264282
6.23 , -0.04806519
6.232 , -0.04348755
6.235 , -0.02975464
6.237 , -0.02975464
6.239 , -0.025177
6.242 , -0.01602173
6.244 , -0.009155273
6.246 , -0.004577637
6.249 , 0.0
6.251 , 0.004577637
6.253 , 0.01373291
6.256 , 0.01373291
6.258 , 0.01831055
6.26 , 0.02288818
6.263 , 0.03204346
6.265 , 0.03204346
6.267 , 0.03662109
6.27 , 0.03662109
6.272 , 0.04119873
6.275 , 0.04119873
6.277 , 0.04577637
6.279 , 0.04577637
6.282 , 0.04577637
6.284 , 0.04577637
6.286 , 0.050354
6.289 , 0.050354
6.291 , 0.05493164
6.294 , 0.05493164
6.296 , 0.050354
6.298 , 0.05493164
6.301 , 0.050354
6.303 , 0.05493164
6.305 , 0.050354
6.307 , 0.050354
6.31 , 0.04577637
6.312 , 0.04577637
6.315 , 0.04577637
6.317 , 0.04119873
6.319 , 0.03204346
6.322 , 0.02746582
6.324 , 0.02746582
6.326 , 0.02288818
6.329 , 0.01831055
6.331 , 0.01373291
6.333 , 0.009155273
6.336 , 0.0
6.338 , 0.0
6.34 , -0.004577637
6.342 , -0.01602173
6.345 , -0.02059937
6.347 , -0.025177
6.349 , -0.03433228
6.352 , -0.03890991
6.354 , -0.03890991
6.356 , -0.04806519
6.359 , -0.05264282
6.361 , -0.05722046
6.363 , -0.0617981
6.366 , -0.07324219
6.368 , -0.07324219
6.371 , -0.07781982
6.373 , -0.0869751
6.375 , -0.0869751
6.378 , -0.09155273
6.38 , -0.1029968
6.382 , -0.1075764
6.384 , -0.1075764
6.395 , -0.1258869
6.397 , -0.1304646
6.399 , -0.1350422
6.401 , -0.1396198
6.404 , -0.1396198
6.406 , -0.1441975
6.408 , -0.1441975
6.41 , -0.1487751
6.412 , -0.1487751
6.415 , -0.1533527
6.417 , -0.1533527
6.419 , -0.1487751
6.421 , -0.1533527
6.423 , -0.1533527
6.426 , -0.1579304
6.428 , -0.162508
6.43 , -0.162508
6.432 , -0.162508
6.434 , -0.1670856
6.436 , -0.1670856
6.439 , -0.1716633
6.441 , -0.1762409
6.443 , -0.1808186
6.445 , -0.1853962
6.447 , -0.1808186
6.45 , -0.1853962
6.452 , -0.1808186
6.454 , -0.1853962
6.456 , -0.1808186
6.458 , -0.1808186
6.461 , -0.1808186
6.463 , -0.1808186
6.465 , -0.1808186
6.467 , -0.1808186
6.469 , -0.1808186
6.472 , -0.1762409
6.474 , -0.1762409
6.476 , -0.1762409
6.478 , -0.1762409
6.48 , -0.1716633
6.483 , -0.1670856
6.485 , -0.1716633
6.487 , -0.1670856
6.489 , -0.1670856
6.491 , -0.1670856
6.494 , -0.162508
6.496 , -0.1579304
6.498 , -0.162508
6.5 , -0.162508
6.502 , -0.1579304
6.505 , -0.1579304
6.507 , -0.1579304
6.509 , -0.1579304
6.511 , -0.1579304
6.513 , -0.1579304
6.516 , -0.1579304
6.518 , -0.1579304
6.52 , -0.1579304
6.522 , -0.162508
6.524 , -0.1579304
6.527 , -0.162508
6.529 , -0.162508
6.531 , -0.1670856
6.533 , -0.1670856
6.535 , -0.1670856
6.538 , -0.1716633
6.54 , -0.1670856
6.542 , -0.1670856
6.544 , -0.1670856
6.546 , -0.1670856
6.549 , -0.1716633
6.551 , -0.1670856
6.553 , -0.1670856
6.555 , -0.1670856
6.557 , -0.1670856
6.56 , -0.1670856
6.562 , -0.1670856
6.564 , -0.1670856
6.566 , -0.162508
6.568 , -0.1670856
6.571 , -0.1670856
6.573 , -0.1716633
6.575 , -0.1670856
6.577 , -0.1670856
6.58 , -0.1716633
6.582 , -0.1716633
6.584 , -0.1716633
6.586 , -0.1762409
6.588 , -0.1762409
6.591 , -0.1762409
6.593 , -0.1762409
6.595 , -0.1808186
6.597 , -0.1808186
6.599 , -0.1808186
6.602 , -0.1808186
6.604 , -0.1808186
6.606 , -0.1808186
6.608 , -0.1808186
6.61 , -0.1808186
6.613 , -0.1808186
6.615 , -0.1808186
6.617 , -0.1808186
6.619 , -0.1853962
6.622 , -0.1853962
6.624 , -0.1853962
6.626 , -0.1853962
6.628 , -0.1853962
6.63 , -0.1899738
6.632 , -0.1899738
6.635 , -0.1899738
6.637 , -0.1899738
6.639 , -0.1899738
6.641 , -0.1945515
6.644 , -0.1945515
6.646 , -0.1991291
6.648 , -0.2037086
6.65 , -0.2082863
6.652 , -0.2082863
6.655 , -0.2082863
6.657 , -0.2128639
6.659 , -0.2128639
6.661 , -0.2174416
6.663 , -0.2174416
6.666 , -0.2220192
6.668 , -0.2220192
6.67 , -0.2220192
6.672 , -0.2288857
6.674 , -0.2288857
6.677 , -0.2288857
6.679 , -0.2380409
6.681 , -0.2334633
6.683 , -0.2380409
6.685 , -0.2426186
6.688 , -0.2426186
6.69 , -0.2426186
6.692 , -0.2471962
6.694 , -0.2471962
6.696 , -0.2426186
6.699 , -0.2426186
6.701 , -0.2471962
6.703 , -0.2471962
6.705 , -0.2426186
6.707 , -0.2471962
6.71 , -0.2426186
6.712 , -0.2426186
6.714 , -0.2426186
6.716 , -0.2380409
6.718 , -0.2426186
6.72 , -0.2380409
6.723 , -0.2426186
6.725 , -0.2426186
6.727 , -0.2426186
6.729 , -0.2426186
6.731 , -0.2426186
6.734 , -0.2426186
6.736 , -0.2426186
6.738 , -0.2426186
6.74 , -0.2426186
6.742 , -0.2380409
6.745 , -0.2426186
6.747 , -0.2380409
6.749 , -0.2380409
6.751 , -0.2380409
6.753 , -0.2334633
6.756 , -0.2288857
6.758 , -0.2288857
6.76 , -0.2288857
6.762 , -0.2174416
6.765 , -0.2128639
6.767 , -0.2037086
6.769 , -0.1991291
6.771 , -0.1899738
6.773 , -0.1762409
6.776 , -0.162508
6.778 , -0.1441975
6.78 , -0.1213093
6.782 , -0.09841919
6.784 , -0.06637573
6.787 , -0.04348755
6.789 , -0.009155273
6.792 , 0.02746582
6.794 , 0.05950928
6.796 , 0.09613228
6.799 , 0.137331
6.801 , 0.1808205
6.803 , 0.2174416
6.805 , 0.2586403
6.807 , 0.2906857
6.81 , 0.3273067
6.812 , 0.373085
6.814 , 0.4142838
6.816 , 0.4371719
6.819 , 0.4806595
6.821 , 0.5172806
6.823 , 0.5401688
6.825 , 0.5676365
6.827 , 0.5951023
6.829 , 0.6134129
6.832 , 0.6431694
6.834 , 0.6683464
6.836 , 0.6820793
6.838 , 0.7026787
6.841 , 0.7164116
6.843 , 0.7255669
6.845 , 0.7347221
6.847 , 0.7438774
6.849 , 0.748455
6.852 , 0.7530327
6.854 , 0.7530327
6.864 , 0.7438774
6.866 , 0.7392998
6.869 , 0.7301445
6.871 , 0.7301445
6.873 , 0.7164116
6.875 , 0.7072563
6.877 , 0.6958122
6.88 , 0.6820793
6.882 , 0.6683464
6.884 , 0.6523247
6.886 , 0.6340122
6.888 , 0.6134129
6.891 , 0.5996799
6.893 , 0.5767918
6.895 , 0.5584812
6.897 , 0.5401688
6.9 , 0.5172806
6.902 , 0.4943924
6.904 , 0.4760818
6.906 , 0.4531937
6.908 , 0.4280167
6.91 , 0.4051285
6.913 , 0.3822403
6.915 , 0.3639297
6.917 , 0.3456173
6.919 , 0.3227291
6.922 , 0.2998409
6.924 , 0.2769527
6.926 , 0.2586403
6.928 , 0.2403297
6.93 , 0.2265968
6.933 , 0.2082863
6.935 , 0.1853981
6.937 , 0.1670856
6.939 , 0.1579304
6.941 , 0.137331
6.944 , 0.1281757
6.946 , 0.1144428
6.948 , 0.1052876
6.95 , 0.09613228
6.953 , 0.08239937
6.955 , 0.07324219
6.957 , 0.06408691
6.96 , 0.05493164
6.962 , 0.04577637
6.964 , 0.03662109
6.967 , 0.02746582
6.969 , 0.01373291
6.972 , 0.009155273
6.974 , 0.004577637
6.976 , -0.004577637
6.979 , -0.01602173
6.981 , -0.02059937
6.984 , -0.02975464
6.986 , -0.03890991
6.988 , -0.04806519
6.991 , -0.05264282
6.993 , -0.0617981
6.995 , -0.06637573
6.998 , -0.07324219
7.0 , -0.08239746
7.003 , -0.0869751
7.005 , -0.09155273
7.007 , -0.09841919
7.01 , -0.1029968
7.012 , -0.1029968
7.014 , -0.1029968
7.016 , -0.1029968
7.018 , -0.1075764
7.02 , -0.1029968
7.023 , -0.1029968
7.025 , -0.1029968
7.027 , -0.09841919
7.029 , -0.09155273
7.032 , -0.0869751
7.034 , -0.08239746
7.037 , -0.07781982
7.039 , -0.06637573
7.041 , -0.0617981
7.044 , -0.05722046
7.046 , -0.05264282
7.048 , -0.04806519
7.051 , -0.04348755
7.053 , -0.03890991
7.055 , -0.02975464
7.058 , -0.025177
7.06 , -0.02059937
7.063 , -0.009155273
7.065 , -0.004577637
7.067 , 0.0
7.069 , 0.004577637
7.072 , 0.009155273
7.074 , 0.009155273
7.077 , 0.01373291
7.079 , 0.01831055
7.082 , 0.02288818
7.084 , 0.03204346
7.086 , 0.03204346
7.089 , 0.03204346
7.091 , 0.03662109
7.093 , 0.04119873
7.096 , 0.04119873
7.098 , 0.04119873
7.1 , 0.04577637
7.103 , 0.04577637
7.105 , 0.050354
7.107 , 0.050354
7.11 , 0.05493164
7.112 , 0.05493164
7.114 , 0.05493164
7.117 , 0.05493164
7.119 , 0.050354
7.121 , 0.05493164
7.124 , 0.050354
7.126 , 0.050354
7.128 , 0.04577637
7.131 , 0.04577637
7.133 , 0.04119873
7.135 , 0.04119873
7.138 , 0.03662109
7.14 , 0.03662109
7.142 , 0.03204346
7.145 , 0.02746582
7.147 , 0.02746582
7.149 , 0.01831055
7.152 , 0.01373291
7.154 , 0.009155273
7.156 , 0.004577637
7.159 , 0.0
7.161 , 0.0
7.163 , -0.009155273
7.166 , -0.009155273
7.168 , -0.02059937
7.17 , -0.025177
7.173 , -0.02975464
7.175 , -0.03433228
7.177 , -0.03890991
7.18 , -0.04348755
7.182 , -0.04348755
7.185 , -0.05264282
7.187 , -0.05722046
7.189 , -0.05722046
7.192 , -0.06637573
7.194 , -0.07324219
7.196 , -0.07781982
7.199 , -0.08239746
7.201 , -0.08239746
7.203 , -0.09155273
7.206 , -0.09155273
7.208 , -0.09841919
7.21 , -0.1029968
7.213 , -0.1075764
7.215 , -0.1075764
7.217 , -0.112154
7.219 , -0.1167316
7.221 , -0.1167316
7.224 , -0.1213093
7.226 , -0.1213093
7.228 , -0.1258869
7.23 , -0.1258869
7.232 , -0.1304646
7.235 , -0.1304646
7.237 , -0.1350422
7.239 , -0.1350422
7.241 , -0.1396198
7.243 , -0.1396198
7.245 , -0.1350422
7.248 , -0.1396198
7.25 , -0.1396198
7.252 , -0.1441975
7.254 , -0.1396198
7.256 , -0.1441975
7.259 , -0.1441975
7.261 , -0.1441975
7.263 , -0.1441975
7.265 , -0.1441975
7.267 , -0.1441975
7.27 , -0.1441975
7.272 , -0.1441975
7.274 , -0.1441975
7.276 , -0.1441975
7.278 , -0.1441975
7.281 , -0.1441975
7.283 , -0.1441975
7.285 , -0.1441975
7.287 , -0.1396198
7.289 , -0.1396198
7.292 , -0.1441975
7.294 , -0.1396198
7.296 , -0.1396198
7.298 , -0.1350422
7.301 , -0.1396198
7.303 , -0.1396198
7.305 , -0.1396198
7.307 , -0.1396198
7.309 , -0.1350422
7.311 , -0.1350422
7.314 , -0.1396198
7.316 , -0.1396198
7.318 , -0.1350422
7.32 , -0.1350422
7.322 , -0.1350422
7.325 , -0.1350422
7.327 , -0.1350422
7.329 , -0.1304646
7.331 , -0.1304646
7.333 , -0.1304646
7.336 , -0.1258869
7.338 , -0.1258869
7.348 , -0.1213093
7.35 , -0.1213093
7.353 , -0.1213093
7.355 , -0.1213093
7.357 , -0.1213093
7.359 , -0.1167316
7.361 , -0.1167316
7.363 , -0.1167316
7.366 , -0.1167316
7.368 , -0.1167316
7.37 , -0.1167316
7.372 , -0.1167316
7.374 , -0.1167316
7.377 , -0.1167316
7.379 , -0.112154
7.381 , -0.1167316
7.383 , -0.1167316
7.385 , -0.1167316
7.387 , -0.1167316
7.39 , -0.1167316
7.392 , -0.1167316
7.394 , -0.1167316
7.396 , -0.1167316
7.398 , -0.1167316
7.401 , -0.1213093
7.403 , -0.1213093
7.405 , -0.1213093
7.407 , -0.1213093
7.409 , -0.1167316
7.412 , -0.1213093
7.414 , -0.1213093
7.416 , -0.1213093
7.418 , -0.1213093
7.42 , -0.1213093
7.422 , -0.1258869
7.425 , -0.1258869
7.427 , -0.1258869
7.429 , -0.1258869
7.431 , -0.1350422
7.433 , -0.1350422
7.436 , -0.1350422
7.438 , -0.1350422
7.44 , -0.1396198
7.442 , -0.1396198
7.444 , -0.1441975
7.446 , -0.1487751
7.449 , -0.1487751
7.451 , -0.1487751
7.453 , -0.1533527
7.455 , -0.1533527
7.457 , -0.1579304
7.46 , -0.162508
7.462 , -0.162508
7.464 , -0.1670856
7.466 , -0.1670856
7.468 , -0.1716633
7.471 , -0.1716633
7.473 , -0.1762409
7.475 , -0.1762409
7.477 , -0.1853962
7.479 , -0.1808186
7.482 , -0.1853962
7.484 , -0.1899738
7.486 , -0.1899738
7.488 , -0.1899738
7.491 , -0.1945515
7.493 , -0.1945515
7.495 , -0.1945515
7.497 , -0.1945515
7.499 , -0.1945515
7.501 , -0.1945515
7.504 , -0.1945515
7.506 , -0.1899738
7.508 , -0.1899738
7.51 , -0.1899738
7.513 , -0.1899738
7.515 , -0.1899738
7.517 , -0.1899738
7.519 , -0.1899738
7.521 , -0.1853962
7.524 , -0.1853962
7.526 , -0.1853962
7.528 , -0.1853962
7.53 , -0.1853962
7.532 , -0.1853962
7.535 , -0.1808186
7.537 , -0.1808186
7.539 , -0.1762409
7.541 , -0.1808186
7.543 , -0.1762409
7.545 , -0.1762409
7.548 , -0.1762409
7.55 , -0.1762409
7.552 , -0.1716633
7.554 , -0.1716633
7.556 , -0.1716633
7.559 , -0.1670856
7.561 , -0.1670856
7.563 , -0.162508
7.565 , -0.1579304
7.567 , -0.1487751
7.57 , -0.1396198
7.572 , -0.1258869
7.574 , -0.112154
7.576 , -0.09841919
7.578 , -0.07781982
7.581 , -0.05264282
7.583 , -0.02975464
7.586 , 0.0
7.588 , 0.02746582
7.59 , 0.05493164
7.592 , 0.08697701
7.595 , 0.1235981
7.597 , 0.162508
7.599 , 0.2037086
7.601 , 0.2403297
7.604 , 0.2769527
7.606 , 0.3135738
7.608 , 0.3547726
7.61 , 0.3959732
7.612 , 0.4325943
7.615 , 0.4669266
7.617 , 0.5081253
7.619 , 0.5401688
7.621 , 0.5722141
7.623 , 0.6042576
7.626 , 0.6294346
7.628 , 0.6683464
7.63 , 0.6958122
7.632 , 0.7164116
7.634 , 0.7392998
7.637 , 0.762188
7.639 , 0.7804985
7.641 , 0.7942314
7.643 , 0.8148308
7.646 , 0.8331432
7.648 , 0.8377209
7.65 , 0.8468761
7.652 , 0.8514538
7.654 , 0.8560314
7.657 , 0.8606091
7.659 , 0.8606091
7.661 , 0.8606091
7.663 , 0.8560314
7.665 , 0.8514538
7.668 , 0.8514538
7.67 , 0.8422985
7.672 , 0.8422985
7.674 , 0.8285637
7.676 , 0.8239861
7.679 , 0.8148308
7.681 , 0.7988091
7.683 , 0.7804985
7.685 , 0.7667656
7.688 , 0.7530327
7.69 , 0.7347221
7.692 , 0.7164116
7.694 , 0.7026787
7.696 , 0.6775017
7.698 , 0.6523247
7.701 , 0.6385899
7.703 , 0.6042576
7.705 , 0.5813694
7.707 , 0.5584812
7.71 , 0.5401688
7.712 , 0.5172806
7.714 , 0.4898148
7.716 , 0.4623489
7.718 , 0.4325943
7.721 , 0.4142838
7.723 , 0.3913956
7.725 , 0.373085
7.727 , 0.3547726
7.729 , 0.3318844
7.731 , 0.3135738
7.734 , 0.2906857
7.736 , 0.2723751
7.738 , 0.2586403
7.74 , 0.2449074
7.742 , 0.2265968
7.745 , 0.2174416
7.747 , 0.2037086
7.749 , 0.1853981
7.751 , 0.1762428
7.753 , 0.1670856
7.756 , 0.1510639
7.758 , 0.1419086
7.76 , 0.1327534
7.762 , 0.1235981
7.764 , 0.1144428
7.767 , 0.1052876
7.769 , 0.09613228
7.771 , 0.09155464
7.774 , 0.08239937
7.776 , 0.07324219
7.778 , 0.06866455
7.781 , 0.05950928
7.783 , 0.05493164
7.785 , 0.04577637
7.788 , 0.03662109
7.79 , 0.03204346
7.792 , 0.02746582
7.795 , 0.01373291
7.797 , 0.009155273
7.8 , 0.0
7.802 , 0.0
7.804 , -0.009155273
7.806 , -0.009155273
7.809 , -0.01602173
7.819 , -0.01602173
7.822 , -0.01602173
7.824 , -0.009155273
7.826 , -0.004577637
7.829 , 0.0
7.831 , 0.004577637
7.834 , 0.004577637
7.836 , 0.01373291
7.838 , 0.01831055
7.841 , 0.02746582
7.843 , 0.03662109
7.845 , 0.04119873
7.848 , 0.04577637
7.85 , 0.05493164
7.853 , 0.06408691
7.855 , 0.07324219
7.857 , 0.08239937
7.86 , 0.08697701
7.862 , 0.09155464
7.864 , 0.1007099
7.866 , 0.1098652
7.869 , 0.1144428
7.871 , 0.1235981
7.873 , 0.1281757
7.875 , 0.1327534
7.877 , 0.1419086
7.88 , 0.1464863
7.882 , 0.1510639
7.884 , 0.1510639
7.886 , 0.162508
7.888 , 0.162508
7.891 , 0.1670856
7.893 , 0.1762428
7.895 , 0.1762428
7.897 , 0.1808205
7.899 , 0.1853981
7.902 , 0.1853981
7.904 , 0.1945534
7.906 , 0.1853981
7.908 , 0.1945534
7.911 , 0.199131
7.913 , 0.199131
7.915 , 0.199131
7.917 , 0.199131
7.919 , 0.199131
7.921 , 0.2037086
7.924 , 0.2037086
7.926 , 0.2037086
7.928 , 0.199131
7.93 , 0.199131
7.932 , 0.199131
7.935 , 0.199131
7.937 , 0.199131
7.939 , 0.199131
7.941 , 0.1945534
7.943 , 0.1853981
7.946 , 0.1853981
7.948 , 0.1808205
7.95 , 0.1808205
7.952 , 0.1762428
7.954 , 0.1716633
7.957 , 0.162508
7.959 , 0.162508
7.961 , 0.1579304
7.963 , 0.1510639
7.965 , 0.1510639
7.968 , 0.1419086
7.97 , 0.137331
7.972 , 0.137331
7.974 , 0.1281757
7.976 , 0.1281757
7.979 , 0.1190205
7.981 , 0.1144428
7.983 , 0.1098652
7.985 , 0.1052876
7.987 , 0.1052876
7.99 , 0.09613228
7.992 , 0.09155464
7.994 , 0.08697701
7.997 , 0.08239937
7.999 , 0.07781982
8.001 , 0.07324219
8.004 , 0.06866455
8.006 , 0.06408691
8.008 , 0.05950928
8.011 , 0.05493164
8.013 , 0.050354
8.016 , 0.050354
8.018 , 0.04577637
8.02 , 0.04119873
8.023 , 0.03662109
8.025 , 0.03204346
8.027 , 0.02746582
8.03 , 0.03204346
8.032 , 0.02746582
8.034 , 0.02288818
8.037 , 0.01831055
8.039 , 0.01373291
8.041 , 0.01831055
8.044 , 0.01831055
8.046 , 0.01373291
8.048 , 0.01373291
8.051 , 0.01373291
8.053 , 0.01373291
8.055 , 0.009155273
8.058 , 0.01373291
8.06 , 0.01373291
8.062 , 0.009155273
8.065 , 0.009155273
8.067 , 0.009155273
8.069 , 0.009155273
8.072 , 0.004577637
8.074 , 0.009155273
8.077 , 0.004577637
8.079 , 0.004577637
8.082 , 0.009155273
8.084 , 0.004577637
8.087 , 0.004577637
8.089 , 0.004577637
8.091 , 0.0
8.094 , 0.009155273
8.096 , 0.004577637
8.099 , 0.004577637
8.101 , 0.004577637
8.103 , 0.009155273
8.106 , 0.009155273
8.108 , 0.009155273
8.111 , 0.009155273
8.113 , 0.01373291
8.116 , 0.01373291
8.118 , 0.01831055
8.12 , 0.01831055
8.123 , 0.02288818
8.125 , 0.02746582
8.127 , 0.02746582
8.13 , 0.03204346
8.132 , 0.03662109
8.134 , 0.03662109
8.137 , 0.03662109
8.139 , 0.04119873
8.141 , 0.04119873
8.144 , 0.04119873
8.146 , 0.04577637
8.148 , 0.050354
8.151 , 0.050354
8.153 , 0.050354
8.155 , 0.050354
8.158 , 0.05493164
8.16 , 0.05493164
8.162 , 0.05493164
8.165 , 0.05493164
8.167 , 0.05493164
8.169 , 0.05493164
8.172 , 0.05493164
8.174 , 0.05493164
8.176 , 0.05950928
8.179 , 0.05493164
8.181 , 0.05950928
8.184 , 0.05950928
8.186 , 0.05950928
8.188 , 0.05950928
8.191 , 0.05493164
8.193 , 0.05950928
8.195 , 0.05950928
8.198 , 0.06408691
8.2 , 0.05950928
8.203 , 0.05950928
8.205 , 0.05950928
8.207 , 0.05950928
8.21 , 0.05493164
8.212 , 0.05950928
8.214 , 0.05493164
8.217 , 0.05950928
8.219 , 0.05950928
8.221 , 0.05950928
8.224 , 0.05950928
8.226 , 0.05950928
8.229 , 0.05950928
8.231 , 0.05950928
8.233 , 0.05950928
8.236 , 0.06408691
8.238 , 0.05493164
8.24 , 0.05950928
8.243 , 0.05950928
8.245 , 0.05493164
8.247 , 0.05493164
8.25 , 0.05493164
8.252 , 0.05493164
8.255 , 0.05493164
8.257 , 0.05493164
8.259 , 0.05493164
8.262 , 0.050354
8.264 , 0.050354
8.266 , 0.04577637
8.269 , 0.04577637
8.271 , 0.04577637
8.273 , 0.04119873
8.276 , 0.04119873
8.278 , 0.03662109
8.28 , 0.03662109
8.283 , 0.03204346
8.285 , 0.03204346
8.287 , 0.03204346
8.29 , 0.02746582
8.292 , 0.02746582
8.295 , 0.02746582
8.297 , 0.03204346
8.299 , 0.02746582
8.302 , 0.02746582
8.312 , 0.03204346
8.315 , 0.03204346
8.317 , 0.03204346
8.319 , 0.03204346
8.322 , 0.03662109
8.324 , 0.03662109
8.326 , 0.03662109
8.329 , 0.03662109
8.331 , 0.03662109
8.333 , 0.03662109
8.336 , 0.04119873
8.338 , 0.04119873
8.34 , 0.04119873
8.343 , 0.04577637
8.345 , 0.04577637
8.347 , 0.04577637
8.35 , 0.050354
8.352 , 0.050354
8.354 , 0.05493164
8.356 , 0.05950928
8.359 , 0.06408691
8.361 , 0.06408691
8.364 , 0.06866455
8.366 , 0.07781982
8.368 , 0.08697701
8.371 , 0.09613228
8.373 , 0.1098652
8.375 , 0.1281757
8.377 , 0.1464863
8.379 , 0.1716633
8.382 , 0.2037086
8.384 , 0.2265968
8.386 , 0.2586403
8.388 , 0.286108
8.391 , 0.336462
8.393 , 0.3593502
8.395 , 0.4005508
8.397 , 0.4371719
8.399 , 0.4852371
8.402 , 0.5264359
8.404 , 0.5630589
8.406 , 0.5996799
8.408 , 0.647747
8.41 , 0.6912346
8.412 , 0.7347221
8.415 , 0.7667656
8.417 , 0.8079643
8.419 , 0.8468761
8.421 , 0.8789196
8.423 , 0.9132519
8.426 , 0.9498749
8.428 , 0.9842072
8.43 , 1.013962
8.432 , 1.04143
8.434 , 1.064318
8.437 , 1.096361
8.439 , 1.110094
8.441 , 1.132984
8.443 , 1.146717
8.445 , 1.16045
8.447 , 1.171894
8.45 , 1.185627
8.452 , 1.201649
8.454 , 1.210804
8.456 , 1.210804
8.458 , 1.222248
8.46 , 1.222248
8.463 , 1.226826
8.465 , 1.226826
8.467 , 1.226826
8.469 , 1.222248
8.471 , 1.222248
8.473 , 1.21767
8.476 , 1.210804
8.478 , 1.206226
8.48 , 1.197071
8.482 , 1.181049
8.484 , 1.176472
8.487 , 1.155872
8.489 , 1.146717
8.491 , 1.128407
8.493 , 1.110094
8.495 , 1.096361
8.497 , 1.073473
8.5 , 1.050585
8.502 , 1.027697
8.504 , 1.004807
8.506 , 0.9750519
8.508 , 0.9452972
8.511 , 0.9132519
8.513 , 0.8834972
8.515 , 0.8560314
8.517 , 0.8285637
8.519 , 0.7942314
8.521 , 0.7576103
8.524 , 0.7347221
8.526 , 0.7026787
8.528 , 0.672924
8.53 , 0.6431694
8.532 , 0.6134129
8.535 , 0.5905247
8.537 , 0.5630589
8.539 , 0.5401688
8.541 , 0.5218582
8.543 , 0.49897
8.546 , 0.4760818
8.548 , 0.4623489
8.55 , 0.4417496
8.552 , 0.423439
8.554 , 0.4005508
8.557 , 0.3868179
8.559 , 0.3776627
8.561 , 0.3639297
8.563 , 0.3456173
8.565 , 0.3318844
8.568 , 0.3181515
8.57 , 0.3044186
8.572 , 0.2906857
8.574 , 0.2769527
8.576 , 0.2723751
8.579 , 0.2632179
8.581 , 0.249485
8.583 , 0.2449074
8.585 , 0.2357521
8.587 , 0.2311745
8.59 , 0.2265968
8.592 , 0.2174416
8.594 , 0.2128639
8.596 , 0.2082863
8.598 , 0.199131
8.6 , 0.1945534
8.603 , 0.1853981
8.605 , 0.1853981
8.607 , 0.1808205
8.609 , 0.1762428
8.611 , 0.1762428
8.614 , 0.1670856
8.616 , 0.1670856
8.618 , 0.1670856
8.62 , 0.162508
8.622 , 0.162508
8.624 , 0.162508
8.627 , 0.162508
8.629 , 0.162508
8.631 , 0.162508
8.633 , 0.162508
8.635 , 0.162508
8.638 , 0.1670856
8.64 , 0.162508
8.642 , 0.162508
8.644 , 0.1670856
8.646 , 0.1670856
8.649 , 0.1716633
8.651 , 0.1670856
8.653 , 0.1670856
8.655 , 0.1716633
8.657 , 0.1762428
8.66 , 0.1808205
8.662 , 0.1808205
8.664 , 0.1853981
8.666 , 0.1945534
8.668 , 0.1945534
8.67 , 0.1945534
8.673 , 0.2037086
8.675 , 0.2037086
8.677 , 0.2082863
8.679 , 0.2128639
8.681 , 0.2174416
8.684 , 0.2174416
8.686 , 0.2220192
8.688 , 0.2265968
8.69 , 0.2311745
8.692 , 0.2311745
8.695 , 0.2403297
8.697 , 0.2403297
8.699 , 0.2449074
8.701 , 0.249485
8.703 , 0.2540627
8.706 , 0.2586403
8.708 , 0.2586403
8.71 , 0.2586403
8.712 , 0.2632179
8.714 , 0.2632179
8.717 , 0.2677956
8.719 , 0.2677956
8.721 , 0.2723751
8.723 , 0.2723751
8.725 , 0.2677956
8.727 , 0.2723751
8.73 , 0.2677956
8.732 , 0.2677956
8.734 , 0.2723751
8.736 , 0.2677956
8.738 , 0.2677956
8.741 , 0.2677956
8.743 , 0.2632179
8.745 , 0.2632179
8.747 , 0.2586403
8.749 , 0.2540627
8.752 , 0.2586403
8.754 , 0.2540627
8.756 , 0.249485
8.758 , 0.249485
8.76 , 0.2449074
8.763 , 0.2403297
8.765 , 0.2357521
8.767 , 0.2311745
8.769 , 0.2265968
8.771 , 0.2220192
8.782 , 0.199131
8.784 , 0.1853981
8.786 , 0.1808205
8.788 , 0.1716633
8.791 , 0.1716633
8.793 , 0.162508
8.795 , 0.1579304
8.797 , 0.1510639
8.799 , 0.1419086
8.802 , 0.137331
8.804 , 0.137331
8.806 , 0.1327534
8.808 , 0.1281757
8.81 , 0.1235981
8.812 , 0.1190205
8.815 , 0.1190205
8.817 , 0.1144428
8.819 , 0.1098652
8.821 , 0.1098652
8.823 , 0.1052876
8.826 , 0.1052876
8.828 , 0.1007099
8.83 , 0.1007099
8.832 , 0.1007099
8.834 , 0.09613228
8.837 , 0.09613228
8.839 , 0.09155464
8.841 , 0.09613228
8.844 , 0.09613228
8.846 , 0.09155464
8.848 , 0.09155464
8.851 , 0.08697701
8.853 , 0.09155464
8.856 , 0.09155464
8.858 , 0.08697701
8.86 , 0.08697701
8.863 , 0.08697701
8.865 , 0.08697701
8.868 , 0.08697701
8.87 , 0.08697701
8.872 , 0.08239937
8.875 , 0.08697701
8.877 , 0.08239937
8.879 , 0.08239937
8.882 , 0.08697701
8.884 , 0.08239937
8.887 , 0.08239937
8.889 , 0.08239937
8.891 , 0.08239937
8.894 , 0.07781982
8.896 , 0.08239937
8.899 , 0.07781982
8.901 , 0.08239937
8.903 , 0.07781982
8.906 , 0.07781982
8.908 , 0.07781982
8.91 , 0.07781982
8.913 , 0.07781982
8.915 , 0.07781982
8.917 , 0.07781982
8.92 , 0.07324219
8.922 , 0.07781982
8.925 , 0.07781982
8.927 , 0.07324219
8.929 , 0.07781982
8.932 , 0.07781982
8.934 , 0.07781982
8.936 , 0.07781982
8.939 , 0.07781982
8.941 , 0.07781982
8.944 , 0.07781982
8.946 , 0.07781982
8.948 , 0.07781982
8.951 , 0.07781982
8.953 , 0.07781982
8.955 , 0.07781982
8.958 , 0.07781982
8.96 , 0.07781982
8.962 , 0.07781982
8.965 , 0.07781982
8.967 , 0.07781982
8.969 , 0.07781982
8.972 , 0.07781982
8.974 , 0.07781982
8.977 , 0.07324219
8.979 , 0.07781982
8.981 , 0.07781982
8.984 , 0.07324219
8.986 , 0.07324219
8.988 , 0.07324219
8.991 , 0.06866455
8.993 , 0.06866455
8.995 , 0.06866455
8.998 , 0.06866455
9.0 , 0.06408691
9.002 , 0.06408691
9.005 , 0.06408691
9.007 , 0.06408691
9.01 , 0.05950928
9.012 , 0.05950928
9.014 , 0.05493164
9.017 , 0.05493164
9.019 , 0.05493164
9.021 , 0.050354
9.023 , 0.050354
9.026 , 0.050354
9.028 , 0.04577637
9.031 , 0.050354
9.033 , 0.04577637
9.035 , 0.04577637
9.038 , 0.04577637
9.04 , 0.04119873
9.042 , 0.04119873
9.045 , 0.04119873
9.047 , 0.03662109
9.049 , 0.03662109
9.052 , 0.03204346
9.054 , 0.03662109
9.056 , 0.03204346
9.059 , 0.02746582
9.061 , 0.02746582
9.063 , 0.02288818
9.066 , 0.02288818
9.068 , 0.01831055
9.07 , 0.01373291
9.073 , 0.01831055
9.075 , 0.009155273
9.078 , 0.009155273
9.08 , 0.004577637
9.082 , 0.004577637
9.085 , 0.004577637
9.087 , -0.004577637
9.09 , -0.004577637
9.092 , -0.009155273
9.095 , -0.009155273
9.097 , -0.01602173
9.099 , -0.01602173
9.102 , -0.02059937
9.104 , -0.02059937
9.106 , -0.02059937
9.109 , -0.02059937
9.111 , -0.025177
9.113 , -0.025177
9.116 , -0.02059937
9.118 , -0.02059937
9.12 , -0.02059937
9.123 , -0.01602173
9.125 , -0.02059937
9.127 , -0.01602173
9.13 , -0.01602173
9.132 , -0.009155273
9.135 , -0.009155273
9.137 , -0.004577637
9.139 , -0.009155273
9.142 , -0.004577637
9.144 , -0.004577637
9.147 , 0.0
9.149 , 0.0
9.151 , 0.004577637
9.153 , 0.009155273
9.156 , 0.009155273
9.158 , 0.01373291
9.161 , 0.01373291
9.163 , 0.01373291
9.165 , 0.01831055
9.167 , 0.01831055
9.17 , 0.02746582
9.172 , 0.03204346
9.175 , 0.04119873
9.177 , 0.050354
9.179 , 0.05950928
9.182 , 0.06866455
9.184 , 0.07781982
9.186 , 0.09613228
9.189 , 0.1144428
9.191 , 0.137331
9.193 , 0.162508
9.195 , 0.1945534
9.197 , 0.2174416
9.2 , 0.249485
9.202 , 0.286108
9.204 , 0.3227291
9.206 , 0.3593502
9.208 , 0.3959732
9.211 , 0.4371719
9.213 , 0.4806595
9.215 , 0.5264359
9.217 , 0.5630589
9.219 , 0.6042576
9.221 , 0.6523247
9.224 , 0.7026787
9.226 , 0.7392998
9.228 , 0.7850761
9.23 , 0.8285637
9.233 , 0.8697643
9.235 , 0.9018078
9.237 , 0.9498749
9.239 , 0.9842072
9.241 , 1.018541
9.244 , 1.055162
9.246 , 1.082628
9.248 , 1.110094
9.25 , 1.137562
9.252 , 1.16045
9.254 , 1.185627
9.257 , 1.206226
9.259 , 1.226826
9.261 , 1.249714
9.263 , 1.263447
9.274 , 1.313803
9.276 , 1.31838
9.278 , 1.322958
9.28 , 1.327536
9.282 , 1.327536
9.285 , 1.332113
9.287 , 1.327536
9.289 , 1.327536
9.291 , 1.322958
9.293 , 1.31838
9.296 , 1.313803
9.298 , 1.304647
9.3 , 1.29549
9.302 , 1.281757
9.304 , 1.268024
9.306 , 1.254292
9.309 , 1.231403
9.311 , 1.210804
9.313 , 1.185627
9.315 , 1.16045
9.317 , 1.142139
9.32 , 1.114674
9.322 , 1.091784
9.324 , 1.055162
9.326 , 1.032274
9.328 , 0.9979401
9.33 , 0.9704742
9.332 , 0.9315643
9.335 , 0.8926525
9.337 , 0.8651867
9.339 , 0.8285637
9.341 , 0.7896538
9.344 , 0.7576103
9.346 , 0.7255669
9.348 , 0.6912346
9.35 , 0.6637688
9.352 , 0.6248569
9.355 , 0.5905247
9.357 , 0.5676365
9.359 , 0.5447464
9.361 , 0.5172806
9.363 , 0.49897
9.366 , 0.4715042
9.368 , 0.448616
9.37 , 0.4325943
9.372 , 0.4142838
9.374 , 0.3913956
9.377 , 0.373085
9.379 , 0.3593502
9.381 , 0.3456173
9.383 , 0.3318844
9.385 , 0.3135738
9.388 , 0.2998409
9.39 , 0.286108
9.392 , 0.2769527
9.394 , 0.2632179
9.396 , 0.2540627
9.399 , 0.2449074
9.401 , 0.2311745
9.403 , 0.2220192
9.405 , 0.2128639
9.407 , 0.199131
9.41 , 0.1945534
9.412 , 0.1808205
9.414 , 0.1670856
9.416 , 0.1579304
9.418 , 0.1510639
9.421 , 0.1419086
9.423 , 0.1327534
9.425 , 0.1281757
9.427 , 0.1190205
9.429 , 0.1144428
9.431 , 0.1098652
9.434 , 0.1052876
9.436 , 0.1007099
9.438 , 0.09613228
9.44 , 0.09613228
9.443 , 0.09155464
9.445 , 0.09155464
9.448 , 0.09155464
9.45 , 0.09613228
9.452 , 0.09613228
9.455 , 0.09613228
9.457 , 0.09613228
9.459 , 0.1007099
9.462 , 0.1052876
9.464 , 0.1052876
9.466 , 0.1098652
9.468 , 0.1190205
9.47 , 0.1235981
9.473 , 0.1281757
9.475 , 0.1327534
9.477 , 0.137331
9.479 , 0.1419086
9.481 , 0.1464863
9.483 , 0.1510639
9.486 , 0.1579304
9.488 , 0.162508
9.49 , 0.1670856
9.492 , 0.1762428
9.495 , 0.1808205
9.497 , 0.1853981
9.499 , 0.1945534
9.501 , 0.199131
9.503 , 0.199131
9.506 , 0.199131
9.508 , 0.2082863
9.51 , 0.2128639
9.512 , 0.2128639
9.514 , 0.2128639
9.516 , 0.2174416
9.519 , 0.2220192
9.521 , 0.2265968
9.523 , 0.2265968
9.525 , 0.2311745
9.527 , 0.2357521
9.53 , 0.2311745
9.532 , 0.2311745
9.534 , 0.2357521
9.536 , 0.2357521
9.538 , 0.2357521
9.54 , 0.2357521
9.543 , 0.2357521
9.545 , 0.2311745
9.547 , 0.2311745
9.549 , 0.2311745
9.551 , 0.2311745
9.554 , 0.2311745
9.556 , 0.2265968
9.558 , 0.2265968
9.56 , 0.2220192
9.563 , 0.2174416
9.565 , 0.2128639
9.567 , 0.2082863
9.569 , 0.2082863
9.571 , 0.199131
9.573 , 0.1945534
9.576 , 0.1945534
9.578 , 0.1853981
9.58 , 0.1808205
9.582 , 0.1716633
9.584 , 0.1670856
9.587 , 0.1579304
9.589 , 0.1510639
9.591 , 0.1464863
9.593 , 0.1419086
9.596 , 0.137331
9.598 , 0.137331
9.6 , 0.1281757
9.602 , 0.1235981
9.604 , 0.1190205
9.606 , 0.1144428
9.609 , 0.1098652
9.611 , 0.1052876
9.613 , 0.1007099
9.615 , 0.09613228
9.617 , 0.09155464
9.62 , 0.08697701
9.622 , 0.08239937
9.625 , 0.07781982
9.627 , 0.07324219
9.629 , 0.06408691
9.632 , 0.06408691
9.634 , 0.05950928
9.636 , 0.05950928
9.639 , 0.05493164
9.641 , 0.050354
9.644 , 0.04577637
9.646 , 0.04119873
9.648 , 0.04119873
9.651 , 0.03662109
9.653 , 0.03662109
9.655 , 0.03662109
9.658 , 0.03204346
9.66 , 0.02746582
9.663 , 0.02746582
9.665 , 0.02746582
9.667 , 0.02288818
9.67 , 0.02288818
9.672 , 0.02288818
9.674 , 0.01831055
9.677 , 0.01831055
9.679 , 0.01831055
9.681 , 0.009155273
9.684 , 0.01373291
9.686 , 0.01373291
9.689 , 0.009155273
9.691 , 0.009155273
9.693 , 0.009155273
9.696 , 0.009155273
9.698 , 0.009155273
9.701 , 0.009155273
9.703 , 0.009155273
9.706 , 0.004577637
9.708 , 0.004577637
9.71 , 0.0
9.713 , 0.004577637
9.715 , 0.004577637
9.717 , 0.0
9.72 , 0.004577637
9.722 , 0.004577637
9.724 , 0.0
9.727 , 0.004577637
9.729 , 0.004577637
9.731 , 0.004577637
9.734 , 0.004577637
9.736 , 0.009155273
9.739 , 0.009155273
9.741 , 0.009155273
9.752 , 0.009155273
9.754 , 0.009155273
9.757 , 0.009155273
9.759 , 0.009155273
9.762 , 0.01373291
9.764 , 0.009155273
9.767 , 0.01373291
9.769 , 0.01373291
9.771 , 0.01373291
9.774 , 0.01373291
9.776 , 0.01373291
9.778 , 0.01831055
9.781 , 0.01831055
9.783 , 0.01831055
9.785 , 0.01373291
9.788 , 0.01831055
9.79 , 0.01831055
9.792 , 0.01831055
9.795 , 0.01831055
9.797 , 0.01831055
9.799 , 0.01831055
9.802 , 0.01831055
9.804 , 0.01831055
9.806 , 0.01831055
9.809 , 0.01831055
9.811 , 0.02288818
9.813 , 0.01831055
9.816 , 0.01831055
9.818 , 0.01831055
9.821 , 0.01831055
9.823 , 0.01831055
9.825 , 0.01831055
9.828 , 0.01831055
9.83 , 0.01831055
9.832 , 0.01831055
9.835 , 0.01831055
9.837 , 0.01831055
9.839 , 0.01831055
9.842 , 0.01831055
9.844 , 0.01831055
9.846 , 0.01373291
9.849 , 0.01831055
9.851 , 0.01831055
9.853 , 0.01831055
9.856 , 0.01831055
9.858 , 0.01831055
9.861 , 0.01373291
9.863 , 0.01373291
9.865 , 0.01831055
9.868 , 0.01373291
9.87 , 0.01373291
9.872 , 0.01831055
9.875 , 0.01373291
9.877 , 0.01373291
9.879 , 0.01373291
9.882 , 0.009155273
9.884 , 0.009155273
9.887 , 0.009155273
9.889 , 0.009155273
9.891 , 0.004577637
9.894 , 0.0
9.896 , 0.0
9.898 , 0.004577637
9.901 , 0.0
9.903 , -0.004577637
9.905 , -0.004577637
9.908 , -0.004577637
9.91 , -0.009155273
9.913 , -0.009155273
9.915 , -0.01602173
9.918 , -0.01602173
9.92 , -0.025177
9.922 , -0.025177
9.925 , -0.025177
9.927 , -0.02975464
9.929 , -0.02975464
9.932 , -0.02975464
9.934 , -0.02975464
9.936 , -0.02975464
9.939 , -0.02975464
9.941 , -0.02975464
9.944 , -0.02975464
9.946 , -0.025177
9.948 , -0.025177
9.951 , -0.025177
9.953 , -0.025177
9.955 , -0.025177
9.958 , -0.02059937
9.96 , -0.025177
9.962 , -0.02059937
9.965 , -0.025177
9.967 , -0.02059937
9.969 , -0.02059937
9.972 , -0.02059937
9.974 , -0.01602173
9.976 , -0.01602173
9.979 , -0.009155273
9.981 , -0.009155273
9.984 , -0.009155273
9.986 , -0.004577637
9.989 , 0.0
9.991 , 0.0
9.993 , 0.009155273
9.995 , 0.01373291
9.998 , 0.01831055
10.0 , 0.03204346
10.002 , 0.04119873
10.005 , 0.050354
10.007 , 0.06866455
10.009 , 0.08697701
10.012 , 0.1052876
10.014 , 0.1235981
10.016 , 0.1510639
10.018 , 0.1808205
10.02 , 0.2220192
10.022 , 0.249485
10.025 , 0.286108
10.027 , 0.3273067
10.029 , 0.3639297
10.031 , 0.4142838
10.033 , 0.448616
10.035 , 0.49897
10.038 , 0.5447464
10.04 , 0.5813694
10.042 , 0.6340122
10.044 , 0.672924
10.046 , 0.7209892
10.049 , 0.7667656
10.051 , 0.8148308
10.053 , 0.8514538
10.055 , 0.8972301
10.057 , 0.9315643
10.06 , 0.9750519
10.062 , 1.013962
10.064 , 1.055162
10.066 , 1.082628
10.068 , 1.119251
10.07 , 1.146717
10.073 , 1.176472
10.075 , 1.206226
10.077 , 1.231403
10.079 , 1.254292
10.081 , 1.27718
10.083 , 1.290913
10.086 , 1.304647
10.088 , 1.322958
10.09 , 1.336691
10.092 , 1.345846
10.094 , 1.359579
10.096 , 1.364157
10.099 , 1.37789
10.101 , 1.382467
10.103 , 1.387045
10.105 , 1.396202
10.107 , 1.396202
10.109 , 1.40078
10.112 , 1.396202
10.114 , 1.396202
10.116 , 1.387045
10.118 , 1.37789
10.12 , 1.373312
10.122 , 1.359579
10.125 , 1.345846
10.127 , 1.332113
10.129 , 1.31838
10.131 , 1.304647
10.133 , 1.281757
10.135 , 1.268024
10.137 , 1.245136
10.14 , 1.222248
10.142 , 1.192493
10.144 , 1.167316
10.146 , 1.132984
10.148 , 1.110094
10.15 , 1.078051
10.153 , 1.04143
10.155 , 1.013962
10.157 , 0.9750519
10.159 , 0.9315643
10.161 , 0.9018078
10.164 , 0.8651867
10.166 , 0.8377209
10.168 , 0.7988091
10.17 , 0.762188
10.172 , 0.7301445
10.174 , 0.6912346
10.177 , 0.6637688
10.179 , 0.6340122
10.181 , 0.5996799
10.183 , 0.5767918
10.186 , 0.5539036
10.188 , 0.5264359
10.19 , 0.5035477
10.192 , 0.4852371
10.194 , 0.4623489
10.197 , 0.448616
10.199 , 0.4280167
10.201 , 0.4142838
10.203 , 0.3959732
10.205 , 0.3776627
10.207 , 0.3685074
10.21 , 0.3547726
10.212 , 0.3410397
10.214 , 0.3318844
10.216 , 0.3181515
10.218 , 0.3089962
10.221 , 0.2998409
10.223 , 0.2815304
10.225 , 0.2723751
10.235 , 0.2311745
10.238 , 0.2220192
10.24 , 0.2174416
10.242 , 0.2082863
10.244 , 0.2037086
10.246 , 0.199131
10.248 , 0.1945534
10.251 , 0.1808205
10.253 , 0.1808205
10.255 , 0.1762428
10.257 , 0.1716633
10.259 , 0.1670856
10.261 , 0.1670856
10.264 , 0.1670856
10.266 , 0.1670856
10.268 , 0.1670856
10.27 , 0.1716633
10.273 , 0.1670856
10.275 , 0.1716633
10.277 , 0.1762428
10.279 , 0.1808205
10.281 , 0.1808205
10.283 , 0.1808205
10.286 , 0.1945534
10.288 , 0.199131
10.29 , 0.2037086
10.292 , 0.2082863
10.294 , 0.2082863
10.296 , 0.2174416
10.299 , 0.2220192
10.301 , 0.2220192
10.303 , 0.2357521
10.305 , 0.2311745
10.307 , 0.2311745
10.309 , 0.2403297
10.312 , 0.2449074
10.314 , 0.249485
10.316 , 0.2540627
10.318 , 0.2540627
10.32 , 0.2632179
10.323 , 0.2677956
10.325 , 0.2677956
10.327 , 0.2677956
10.329 , 0.2723751
10.331 , 0.2815304
10.334 , 0.2815304
10.336 , 0.286108
10.338 , 0.2906857
10.34 , 0.2906857
10.342 , 0.2906857
10.344 , 0.2906857
10.347 , 0.2998409
10.349 , 0.2998409
10.351 , 0.2998409
10.353 , 0.3044186
10.355 , 0.3044186
10.358 , 0.3044186
10.36 , 0.3044186
10.362 , 0.3044186
10.364 , 0.2998409
10.366 , 0.2998409
10.369 , 0.2906857
10.371 , 0.2906857
10.373 , 0.286108
10.375 , 0.286108
10.377 , 0.2769527
10.379 , 0.2769527
10.382 , 0.2723751
10.384 , 0.2677956
10.386 , 0.2677956
10.388 , 0.2632179
10.391 , 0.2540627
10.393 , 0.249485
10.395 , 0.249485
10.397 , 0.2449074
10.399 , 0.2403297
10.402 , 0.2311745
10.404 , 0.2265968
10.406 , 0.2265968
10.408 , 0.2174416
10.41 , 0.2174416
10.412 , 0.2082863
10.415 , 0.2037086
10.417 , 0.199131
10.419 , 0.1853981
10.421 , 0.1808205
10.423 , 0.1716633
10.426 , 0.1670856
10.428 , 0.1579304
10.43 , 0.1464863
10.432 , 0.1464863
10.434 , 0.1419086
10.436 , 0.137331
10.439 , 0.1281757
10.441 , 0.1235981
10.443 , 0.1190205
10.445 , 0.1144428
10.447 , 0.1098652
10.45 , 0.1098652
10.452 , 0.1052876
10.454 , 0.1007099
10.456 , 0.09613228
10.458 , 0.09613228
10.461 , 0.09155464
10.463 , 0.09155464
10.465 , 0.08697701
10.468 , 0.08239937
10.47 , 0.08239937
10.472 , 0.07781982
10.475 , 0.07324219
10.477 , 0.07324219
10.479 , 0.06866455
10.482 , 0.06866455
10.484 , 0.06866455
10.486 , 0.06408691
10.489 , 0.05950928
10.491 , 0.05950928
10.493 , 0.05950928
10.496 , 0.05950928
10.498 , 0.05493164
10.5 , 0.05493164
10.503 , 0.05493164
10.505 , 0.05493164
10.507 , 0.050354
10.51 , 0.050354
10.512 , 0.050354
10.514 , 0.050354
10.517 , 0.04577637
10.519 , 0.04577637
10.521 , 0.04577637
10.524 , 0.04577637
10.526 , 0.04577637
10.528 , 0.04577637
10.531 , 0.04577637
10.533 , 0.04577637
10.535 , 0.04577637
10.538 , 0.050354
10.54 , 0.050354
10.542 , 0.05493164
10.545 , 0.050354
10.547 , 0.05493164
10.549 , 0.05493164
10.552 , 0.05493164
10.554 , 0.05950928
10.556 , 0.05950928
10.559 , 0.06408691
10.561 , 0.06408691
10.563 , 0.06408691
10.566 , 0.06408691
10.568 , 0.06408691
10.571 , 0.06866455
10.573 , 0.06866455
10.575 , 0.06866455
10.578 , 0.07324219
10.58 , 0.07324219
10.582 , 0.07324219
10.585 , 0.07324219
10.587 , 0.07781982
10.589 , 0.07781982
10.592 , 0.07781982
10.594 , 0.08239937
10.597 , 0.08239937
10.599 , 0.08239937
10.601 , 0.08239937
10.604 , 0.08239937
10.606 , 0.08697701
10.608 , 0.08697701
10.611 , 0.08697701
10.613 , 0.09155464
10.616 , 0.09155464
10.618 , 0.09613228
10.62 , 0.09613228
10.623 , 0.09155464
10.625 , 0.09613228
10.627 , 0.09613228
10.63 , 0.09613228
10.632 , 0.09613228
10.634 , 0.09613228
10.637 , 0.09613228
10.639 , 0.09613228
10.641 , 0.09613228
10.644 , 0.09613228
10.646 , 0.09613228
10.648 , 0.09613228
10.651 , 0.09613228
10.653 , 0.09613228
10.655 , 0.09613228
10.658 , 0.09613228
10.66 , 0.09155464
10.662 , 0.09155464
10.665 , 0.09155464
10.667 , 0.09155464
10.67 , 0.08697701
10.672 , 0.08697701
10.674 , 0.08697701
10.677 , 0.08697701
10.679 , 0.08239937
10.681 , 0.08239937
10.684 , 0.08239937
10.686 , 0.07781982
10.689 , 0.07781982
10.691 , 0.07781982
10.693 , 0.07781982
10.696 , 0.07781982
10.698 , 0.07324219
10.7 , 0.07324219
10.703 , 0.06866455
10.705 , 0.06866455
10.707 , 0.06866455
10.718 , 0.05950928
10.72 , 0.05493164
10.723 , 0.050354
10.725 , 0.04577637
10.727 , 0.04119873
10.73 , 0.04119873
10.732 , 0.03662109
10.734 , 0.03204346
10.737 , 0.02746582
10.739 , 0.02288818
10.741 , 0.01831055
10.744 , 0.01373291
10.746 , 0.01373291
10.748 , 0.009155273
10.751 , 0.009155273
10.753 , 0.004577637
10.756 , 0.004577637
10.758 , 0.0
10.76 , 0.0
10.762 , 0.0
10.764 , 0.0
10.766 , 0.0
10.769 , 0.0
10.771 , 0.0
10.773 , -0.004577637
10.775 , -0.004577637
10.778 , 0.0
10.78 , -0.004577637
10.782 , 0.0
10.785 , 0.0
10.787 , 0.0
10.789 , 0.004577637
10.791 , 0.0
10.794 , 0.004577637
10.796 , 0.004577637
10.799 , 0.009155273
10.801 , 0.009155273
10.803 , 0.009155273
10.806 , 0.01373291
10.808 , 0.01831055
10.811 , 0.01831055
10.813 , 0.02288818
10.815 , 0.03204346
10.818 , 0.03204346
10.82 , 0.04119873
10.822 , 0.04577637
10.825 , 0.05493164
10.827 , 0.06408691
10.829 , 0.08239937
10.832 , 0.09613228
10.834 , 0.1144428
10.836 , 0.1419086
10.838 , 0.162508
10.841 , 0.1945534
10.843 , 0.2265968
10.845 , 0.2540627
10.847 , 0.286108
10.849 , 0.3227291
10.852 , 0.3639297
10.854 , 0.4142838
10.856 , 0.448616
10.858 , 0.49897
10.86 , 0.5401688
10.863 , 0.5767918
10.865 , 0.6248569
10.867 , 0.6775017
10.869 , 0.7209892
10.871 , 0.7576103
10.874 , 0.8033867
10.876 , 0.8514538
10.878 , 0.8880749
10.88 , 0.9315643
10.882 , 0.9796295
10.885 , 1.013962
10.887 , 1.050585
10.889 , 1.078051
10.891 , 1.114674
10.893 , 1.146717
10.896 , 1.171894
10.898 , 1.201649
10.9 , 1.231403
10.902 , 1.254292
10.904 , 1.272602
10.907 , 1.290913
10.909 , 1.309225
10.911 , 1.322958
10.913 , 1.332113
10.915 , 1.350424
10.917 , 1.359579
10.92 , 1.364157
10.922 , 1.382467
10.924 , 1.387045
10.926 , 1.387045
10.928 , 1.396202
10.931 , 1.396202
10.933 , 1.396202
10.935 , 1.396202
10.937 , 1.387045
10.939 , 1.382467
10.941 , 1.373312
10.944 , 1.364157
10.946 , 1.350424
10.948 , 1.341269
10.95 , 1.327536
10.952 , 1.309225
10.954 , 1.286335
10.957 , 1.272602
10.959 , 1.249714
10.961 , 1.226826
10.963 , 1.197071
10.965 , 1.171894
10.968 , 1.142139
10.97 , 1.110094
10.972 , 1.082628
10.974 , 1.046007
10.976 , 1.018541
10.978 , 0.9796295
10.981 , 0.9452972
10.983 , 0.9063854
10.985 , 0.8697643
10.987 , 0.8285637
10.99 , 0.7896538
10.992 , 0.7576103
10.994 , 0.7164116
10.996 , 0.6775017
10.998 , 0.6431694
11.001 , 0.6042576
11.003 , 0.5767918
11.005 , 0.5401688
11.007 , 0.5127029
11.009 , 0.4806595
11.011 , 0.4531937
11.014 , 0.4280167
11.016 , 0.4005508
11.018 , 0.373085
11.02 , 0.3547726
11.022 , 0.3318844
11.025 , 0.3135738
11.027 , 0.2906857
11.029 , 0.2677956
11.031 , 0.2540627
11.033 , 0.2403297
11.036 , 0.2220192
11.038 , 0.2082863
11.04 , 0.1945534
11.042 , 0.1808205
11.044 , 0.162508
11.046 , 0.1464863
11.049 , 0.137331
11.051 , 0.1235981
11.053 , 0.1144428
11.055 , 0.1007099
11.057 , 0.09613228
11.06 , 0.08239937
11.062 , 0.07324219
11.064 , 0.06866455
11.067 , 0.05950928
11.069 , 0.05493164
11.071 , 0.04577637
11.074 , 0.04577637
11.076 , 0.04119873
11.078 , 0.03204346
11.08 , 0.03204346
11.083 , 0.03204346
11.085 , 0.03204346
11.088 , 0.03204346
11.09 , 0.02746582
11.092 , 0.03204346
11.095 , 0.03204346
11.097 , 0.03204346
11.099 , 0.03662109
11.102 , 0.03662109
11.104 , 0.04119873
11.106 , 0.04577637
11.109 , 0.050354
11.111 , 0.05493164
11.113 , 0.05950928
11.115 , 0.06408691
11.118 , 0.06866455
11.12 , 0.07324219
11.123 , 0.08239937
11.125 , 0.08697701
11.127 , 0.09613228
11.13 , 0.1052876
11.132 , 0.1052876
11.134 , 0.1144428
11.136 , 0.1235981
11.138 , 0.1235981
11.141 , 0.1327534
11.143 , 0.1419086
11.145 , 0.1464863
11.147 , 0.1510639
11.149 , 0.1579304
11.151 , 0.1670856
11.154 , 0.1716633
11.156 , 0.1808205
11.158 , 0.1808205
11.16 , 0.1853981
11.162 , 0.1945534
11.164 , 0.199131
11.167 , 0.2037086
11.169 , 0.2037086
11.171 , 0.2082863
11.173 , 0.2128639
11.175 , 0.2128639
11.178 , 0.2174416
11.18 , 0.2220192
11.182 , 0.2220192
11.184 , 0.2220192
11.194 , 0.2220192
11.197 , 0.2220192
11.199 , 0.2220192
11.201 , 0.2220192
11.203 , 0.2174416
11.205 , 0.2128639
11.207 , 0.2128639
11.21 , 0.2082863
11.212 , 0.2082863
11.214 , 0.2037086
11.216 , 0.2037086
11.218 , 0.199131
11.221 , 0.1945534
11.223 , 0.1853981
11.225 , 0.1808205
11.227 , 0.1762428
11.229 , 0.1762428
11.232 , 0.1670856
11.234 , 0.162508
11.236 , 0.1579304
11.238 , 0.1579304
11.24 , 0.1464863
11.242 , 0.1464863
11.245 , 0.1419086
11.247 , 0.1327534
11.249 , 0.1327534
11.251 , 0.1281757
11.253 , 0.1235981
11.255 , 0.1190205
11.258 , 0.1144428
11.26 , 0.1098652
11.262 , 0.1007099
11.264 , 0.1007099
11.266 , 0.09613228
11.269 , 0.09155464
11.271 , 0.08697701
11.273 , 0.08239937
11.276 , 0.08239937
11.278 , 0.07781982
11.281 , 0.06866455
11.283 , 0.06866455
11.285 , 0.05950928
11.288 , 0.05950928
11.29 , 0.05493164
11.292 , 0.050354
11.295 , 0.04577637
11.297 , 0.04119873
11.299 , 0.03662109
11.302 , 0.03662109
11.304 , 0.03662109
11.306 , 0.03204346
11.309 , 0.03204346
11.311 , 0.03204346
11.313 , 0.02288818
11.316 , 0.02288818
11.318 , 0.01831055
11.32 , 0.01373291
11.323 , 0.01373291
11.325 , 0.009155273
11.328 , 0.009155273
11.33 , 0.009155273
11.332 , 0.0
11.335 , 0.0
11.337 , -0.004577637
11.339 , -0.004577637
11.342 , -0.009155273
11.344 , -0.004577637
11.346 , -0.009155273
11.349 , -0.009155273
11.351 , -0.01602173
11.354 , -0.01602173
11.356 , -0.01602173
11.358 , -0.02059937
11.361 , -0.02059937
11.363 , -0.02059937
11.365 , -0.02059937
11.368 , -0.02059937
11.37 , -0.025177
11.372 , -0.02059937
11.375 , -0.025177
11.377 , -0.02059937
11.38 , -0.02059937
11.382 , -0.02059937
11.384 , -0.025177
11.387 , -0.02059937
11.389 , -0.025177
11.391 , -0.025177
11.394 , -0.025177
11.396 , -0.02059937
11.398 , -0.02059937
11.401 , -0.02059937
11.403 , -0.025177
11.405 , -0.02059937
11.408 , -0.02059937
11.41 , -0.025177
11.412 , -0.02059937
11.415 , -0.02059937
11.417 , -0.02059937
11.42 , -0.02059937
11.422 , -0.02059937
11.424 , -0.02059937
11.427 , -0.02059937
11.429 , -0.02059937
11.431 , -0.01602173
11.434 , -0.01602173
11.436 , -0.01602173
11.438 , -0.01602173
11.441 , -0.02059937
11.443 , -0.02059937
11.445 , -0.01602173
11.448 , -0.01602173
11.45 , -0.02059937
11.453 , -0.01602173
11.455 , -0.01602173
11.457 , -0.01602173
11.46 , -0.01602173
11.462 , -0.01602173
11.464 , -0.01602173
11.467 , -0.009155273
11.469 , -0.009155273
11.471 , -0.009155273
11.474 , -0.009155273
11.476 , -0.004577637
11.479 , -0.009155273
11.481 , -0.004577637
11.484 , -0.004577637
11.486 , -0.004577637
11.489 , 0.0
11.491 , 0.0
11.493 , 0.0
11.495 , 0.0
11.497 , 0.0
11.499 , 0.0
11.501 , 0.0
11.504 , 0.0
11.506 , 0.0
11.508 , 0.0
11.51 , 0.0
11.512 , 0.0
11.514 , 0.0
11.516 , -0.004577637
11.519 , -0.004577637
11.521 , -0.004577637
11.524 , -0.004577637
11.526 , -0.009155273
11.529 , -0.009155273
11.531 , -0.01602173
11.533 , -0.01602173
11.536 , -0.02059937
11.538 , -0.02059937
11.54 , -0.025177
11.543 , -0.02975464
11.545 , -0.02975464
11.547 , -0.02975464
11.55 , -0.03433228
11.552 , -0.03433228
11.554 , -0.03433228
11.557 , -0.03433228
11.559 , -0.03890991
11.561 , -0.03433228
11.564 , -0.03433228
11.566 , -0.03890991
11.568 , -0.03890991
11.571 , -0.03433228
11.573 , -0.03433228
11.576 , -0.02975464
11.578 , -0.02975464
11.58 , -0.025177
11.583 , -0.025177
11.585 , -0.02059937
11.587 , -0.02059937
11.59 , -0.02059937
11.592 , -0.01602173
11.594 , -0.01602173
11.597 , -0.009155273
11.599 , -0.009155273
11.602 , -0.004577637
11.604 , -0.004577637
11.606 , -0.004577637
11.609 , -0.004577637
11.611 , 0.0
11.613 , 0.0
11.616 , 0.004577637
11.618 , 0.009155273
11.62 , 0.009155273
11.623 , 0.01831055
11.625 , 0.01831055
11.627 , 0.02288818
11.63 , 0.02746582
11.632 , 0.03662109
11.634 , 0.04119873
11.637 , 0.05493164
11.639 , 0.06408691
11.642 , 0.08239937
11.644 , 0.1007099
11.646 , 0.1144428
11.648 , 0.1419086
11.65 , 0.1670856
11.653 , 0.2037086
11.655 , 0.2357521
11.657 , 0.2632179
11.659 , 0.3089962
11.661 , 0.3501949
11.664 , 0.3868179
11.666 , 0.4325943
11.668 , 0.4852371
11.67 , 0.5218582
11.672 , 0.5676365
11.675 , 0.6088352
11.685 , 0.8377209
11.687 , 0.8834972
11.689 , 0.936142
11.692 , 0.9796295
11.694 , 1.023119
11.696 , 1.064318
11.698 , 1.105516
11.7 , 1.132984
11.703 , 1.176472
11.705 , 1.210804
11.707 , 1.245136
11.709 , 1.27718
11.711 , 1.304647
11.713 , 1.332113
11.715 , 1.355001
11.718 , 1.387045
11.72 , 1.407646
11.722 , 1.432823
11.724 , 1.446556
11.726 , 1.464867
11.728 , 1.480888
11.731 , 1.494621
11.733 , 1.512932
11.735 , 1.526665
11.737 , 1.531242
11.739 , 1.53582
11.742 , 1.549553
11.744 , 1.554131
11.746 , 1.554131
11.748 , 1.558708
11.75 , 1.558708
11.752 , 1.554131
11.755 , 1.544975
11.757 , 1.544975
11.759 , 1.531242
11.761 , 1.522087
11.763 , 1.508354
11.765 , 1.490044
11.768 , 1.471733
11.77 , 1.451134
11.772 , 1.432823
11.774 , 1.407646
11.776 , 1.37789
11.778 , 1.350424
11.781 , 1.322958
11.783 , 1.29549
11.785 , 1.263447
11.787 , 1.226826
11.789 , 1.197071
11.792 , 1.155872
11.794 , 1.119251
11.796 , 1.087206
11.798 , 1.04143
11.8 , 1.009384
11.803 , 0.9658966
11.805 , 0.9224072
11.807 , 0.8926525
11.809 , 0.8514538
11.811 , 0.8194084
11.814 , 0.7713432
11.816 , 0.7347221
11.818 , 0.7026787
11.82 , 0.6637688
11.822 , 0.6202793
11.824 , 0.5905247
11.827 , 0.5584812
11.829 , 0.5218582
11.831 , 0.49897
11.833 , 0.4623489
11.835 , 0.4371719
11.838 , 0.4005508
11.84 , 0.3822403
11.842 , 0.3593502
11.844 , 0.336462
11.846 , 0.3089962
11.848 , 0.286108
11.851 , 0.2677956
11.853 , 0.249485
11.855 , 0.2311745
11.857 , 0.2082863
11.859 , 0.1945534
11.862 , 0.1762428
11.864 , 0.1579304
11.866 , 0.137331
11.868 , 0.1235981
11.87 , 0.1098652
11.873 , 0.1007099
11.875 , 0.09155464
11.877 , 0.08239937
11.879 , 0.07324219
11.882 , 0.06866455
11.884 , 0.05950928
11.887 , 0.05493164
11.889 , 0.050354
11.891 , 0.04119873
11.894 , 0.04577637
11.896 , 0.04119873
11.898 , 0.04119873
11.901 , 0.04119873
11.903 , 0.04577637
11.905 , 0.04577637
11.908 , 0.050354
11.91 , 0.050354
11.912 , 0.05493164
11.915 , 0.05493164
11.917 , 0.05950928
11.919 , 0.05950928
11.922 , 0.06866455
11.924 , 0.06866455
11.927 , 0.07324219
11.929 , 0.07781982
11.931 , 0.08239937
11.934 , 0.08239937
11.936 , 0.08697701
11.938 , 0.09613228
11.941 , 0.1007099
11.943 , 0.1007099
11.945 , 0.1052876
11.947 , 0.1098652
11.95 , 0.1144428
11.952 , 0.1190205
11.954 , 0.1235981
11.956 , 0.1281757
11.958 , 0.1327534
11.961 , 0.1327534
11.963 , 0.1419086
11.965 , 0.1464863
11.967 , 0.1510639
11.969 , 0.1579304
11.972 , 0.162508
11.974 , 0.1670856
11.976 , 0.1716633
11.978 , 0.1762428
11.98 , 0.1808205
11.983 , 0.1853981
11.985 , 0.1945534
11.987 , 0.199131
11.989 , 0.199131
11.991 , 0.199131
11.994 , 0.2037086
11.996 , 0.2082863
11.998 , 0.2037086
12.0 , 0.2037086
12.002 , 0.199131
12.004 , 0.199131
12.007 , 0.1945534
12.009 , 0.1853981
12.011 , 0.1853981
12.013 , 0.1853981
12.015 , 0.1808205
12.017 , 0.1762428
12.02 , 0.1716633
12.022 , 0.1670856
12.024 , 0.162508
12.026 , 0.1579304
12.028 , 0.1579304
12.03 , 0.1510639
12.033 , 0.1464863
12.035 , 0.1419086
12.037 , 0.1419086
12.039 , 0.137331
12.041 , 0.1327534
12.044 , 0.1281757
12.046 , 0.1235981
12.048 , 0.1190205
12.05 , 0.1144428
12.052 , 0.1098652
12.054 , 0.1144428
12.057 , 0.1052876
12.059 , 0.1007099
12.061 , 0.09613228
12.063 , 0.08697701
12.066 , 0.08239937
12.068 , 0.07324219
12.07 , 0.06866455
12.073 , 0.06408691
12.075 , 0.05950928
12.078 , 0.04577637
12.08 , 0.04119873
12.082 , 0.03662109
12.085 , 0.02288818
12.087 , 0.01831055
12.089 , 0.009155273
12.092 , 0.004577637
12.094 , -0.004577637
12.097 , -0.009155273
12.099 , -0.02059937
12.101 , -0.02059937
12.104 , -0.025177
12.106 , -0.02975464
12.108 , -0.03433228
12.111 , -0.03890991
12.113 , -0.03890991
12.115 , -0.04348755
12.118 , -0.04348755
12.12 , -0.04806519
12.123 , -0.05264282
12.125 , -0.05722046
12.127 , -0.05722046
12.13 , -0.05722046
12.132 , -0.0617981
12.134 , -0.0617981
12.137 , -0.06637573
12.139 , -0.06637573
12.141 , -0.07324219
12.144 , -0.07781982
12.146 , -0.08239746
12.148 , -0.08239746
12.151 , -0.0869751
12.161 , -0.1029968
12.164 , -0.1029968
12.166 , -0.1075764
12.168 , -0.1075764
12.17 , -0.1075764
12.172 , -0.112154
12.174 , -0.112154
12.177 , -0.112154
12.179 , -0.112154
12.181 , -0.1075764
12.183 , -0.1075764
12.185 , -0.1075764
12.188 , -0.1075764
12.19 , -0.1029968
12.192 , -0.1029968
12.194 , -0.09841919
12.196 , -0.09841919
12.199 , -0.09841919
12.201 , -0.09841919
12.204 , -0.09155273
12.206 , -0.0869751
12.208 , -0.0869751
12.211 , -0.0869751
12.213 , -0.08239746
12.215 , -0.08239746
12.218 , -0.08239746
12.22 , -0.08239746
12.222 , -0.08239746
12.224 , -0.07781982
12.227 , -0.07781982
12.229 , -0.07781982
12.232 , -0.07781982
12.234 , -0.07781982
12.236 , -0.07781982
12.239 , -0.07781982
12.241 , -0.07781982
12.243 , -0.07781982
12.246 , -0.07781982
12.248 , -0.07781982
12.25 , -0.07781982
12.253 , -0.07324219
12.255 , -0.07324219
12.257 , -0.06637573
12.26 , -0.06637573
12.262 , -0.06637573
12.264 , -0.06637573
12.267 , -0.0617981
12.269 , -0.06637573
12.271 , -0.0617981
12.274 , -0.05722046
12.276 , -0.05722046
12.278 , -0.05722046
12.281 , -0.05722046
12.283 , -0.05264282
12.285 , -0.05264282
12.288 , -0.05264282
12.29 , -0.05722046
12.293 , -0.05264282
12.295 , -0.05722046
12.297 , -0.05722046
12.3 , -0.05264282
12.302 , -0.05722046
12.304 , -0.05722046
12.306 , -0.05722046
12.309 , -0.05722046
12.311 , -0.05722046
12.314 , -0.0617981
12.316 , -0.0617981
12.318 , -0.06637573
12.321 , -0.06637573
12.323 , -0.07324219
12.325 , -0.07324219
12.328 , -0.07781982
12.33 , -0.08239746
12.332 , -0.08239746
12.335 , -0.0869751
12.337 , -0.09155273
12.34 , -0.09155273
12.342 , -0.09841919
12.344 , -0.1029968
12.346 , -0.1075764
12.349 , -0.112154
12.351 , -0.112154
12.353 , -0.1167316
12.355 , -0.1213093
12.357 , -0.1213093
12.359 , -0.1258869
12.362 , -0.1304646
12.364 , -0.1304646
12.366 , -0.1350422
12.368 , -0.1396198
12.37 , -0.1396198
12.373 , -0.1396198
12.375 , -0.1396198
12.377 , -0.1396198
12.379 , -0.1396198
12.381 , -0.1396198
12.384 , -0.1396198
12.386 , -0.1396198
12.388 , -0.1396198
12.39 , -0.1396198
12.392 , -0.1396198
12.395 , -0.1396198
12.397 , -0.1396198
12.399 , -0.1396198
12.401 , -0.1396198
12.403 , -0.1396198
12.406 , -0.1396198
12.408 , -0.1396198
12.41 , -0.1350422
12.412 , -0.1350422
12.414 , -0.1304646
12.417 , -0.1304646
12.419 , -0.1258869
12.421 , -0.1258869
12.423 , -0.1213093
12.425 , -0.1213093
12.428 , -0.1167316
12.43 , -0.1167316
12.432 , -0.112154
12.434 , -0.1075764
12.436 , -0.09841919
12.439 , -0.0869751
12.441 , -0.07324219
12.443 , -0.0617981
12.446 , -0.04348755
12.448 , -0.025177
12.45 , 0.0
12.453 , 0.02746582
12.455 , 0.05950928
12.457 , 0.09613228
12.46 , 0.1281757
12.462 , 0.1762428
12.464 , 0.2128639
12.466 , 0.2586403
12.468 , 0.2906857
12.471 , 0.3456173
12.473 , 0.3913956
12.475 , 0.4417496
12.477 , 0.4898148
12.479 , 0.5401688
12.482 , 0.5813694
12.484 , 0.6385899
12.486 , 0.686657
12.488 , 0.7392998
12.49 , 0.7988091
12.493 , 0.8514538
12.495 , 0.8926525
12.497 , 0.9498749
12.499 , 0.9887848
12.501 , 1.032274
12.504 , 1.078051
12.506 , 1.128407
12.508 , 1.167316
12.51 , 1.206226
12.512 , 1.249714
12.514 , 1.281757
12.517 , 1.313803
12.519 , 1.350424
12.521 , 1.382467
12.523 , 1.41909
12.525 , 1.451134
12.527 , 1.471733
12.53 , 1.494621
12.532 , 1.512932
12.534 , 1.544975
12.536 , 1.558708
12.538 , 1.572441
12.541 , 1.588465
12.543 , 1.59762
12.545 , 1.611353
12.547 , 1.620508
12.549 , 1.629663
12.551 , 1.629663
12.554 , 1.625086
12.556 , 1.625086
12.558 , 1.625086
12.56 , 1.620508
12.562 , 1.611353
12.565 , 1.602198
12.567 , 1.588465
12.569 , 1.572441
12.571 , 1.558708
12.573 , 1.544975
12.575 , 1.522087
12.578 , 1.503777
12.58 , 1.480888
12.582 , 1.455711
12.584 , 1.428246
12.586 , 1.396202
12.589 , 1.359579
12.591 , 1.327536
12.593 , 1.304647
12.595 , 1.268024
12.597 , 1.240559
12.599 , 1.201649
12.602 , 1.16045
12.604 , 1.128407
12.606 , 1.082628
12.608 , 1.050585
12.61 , 1.009384
12.613 , 0.9658966
12.615 , 0.9269867
12.617 , 0.8834972
12.619 , 0.8422985
12.621 , 0.8079643
12.624 , 0.762188
12.626 , 0.7209892
12.628 , 0.686657
12.638 , 0.4943924
12.641 , 0.4531937
12.643 , 0.4188614
12.645 , 0.3776627
12.647 , 0.336462
12.649 , 0.3044186
12.652 , 0.2586403
12.654 , 0.2311745
12.656 , 0.1945534
12.658 , 0.1464863
12.66 , 0.1235981
12.663 , 0.08697701
12.665 , 0.05493164
12.667 , 0.01831055
12.67 , -0.009155273
12.672 , -0.03890991
12.674 , -0.06637573
12.677 , -0.0869751
12.679 , -0.1167316
12.681 , -0.1396198
12.684 , -0.1579304
12.686 , -0.1716633
12.688 , -0.1853962
12.69 , -0.1991291
12.692 , -0.2128639
12.695 , -0.2220192
12.697 , -0.2334633
12.699 , -0.2471962
12.701 , -0.2517738
12.703 , -0.2563515
12.706 , -0.2609291
12.708 , -0.2609291
12.71 , -0.2655067
12.712 , -0.2655067
12.714 , -0.2655067
12.717 , -0.2609291
12.719 , -0.2563515
12.721 , -0.2563515
12.723 , -0.2517738
12.725 , -0.2517738
12.728 , -0.2471962
12.73 , -0.2426186
12.732 , -0.2380409
12.734 , -0.2288857
12.736 , -0.2220192
12.739 , -0.2220192
12.741 , -0.2174416
12.743 , -0.2128639
12.745 , -0.2082863
12.747 , -0.2037086
12.75 , -0.1991291
12.752 , -0.1945515
12.754 , -0.1945515
12.756 , -0.1899738
12.758 , -0.1853962
12.761 , -0.1808186
12.763 , -0.1808186
12.765 , -0.1762409
12.767 , -0.1716633
12.769 , -0.1716633
12.772 , -0.1670856
12.774 , -0.162508
12.776 , -0.162508
12.778 , -0.1579304
12.78 , -0.1533527
12.783 , -0.1487751
12.785 , -0.1487751
12.787 , -0.1441975
12.789 , -0.1396198
12.791 , -0.1396198
12.794 , -0.1304646
12.796 , -0.1258869
12.798 , -0.1213093
12.8 , -0.112154
12.802 , -0.112154
12.805 , -0.1075764
12.807 , -0.1029968
12.809 , -0.1029968
12.811 , -0.1029968
12.813 , -0.09841919
12.816 , -0.09155273
12.818 , -0.0869751
12.82 , -0.0869751
12.823 , -0.0869751
12.825 , -0.0869751
12.828 , -0.09155273
12.83 , -0.09155273
12.832 , -0.09841919
12.835 , -0.09841919
12.837 , -0.09841919
12.84 , -0.1029968
12.842 , -0.1075764
12.844 , -0.112154
12.846 , -0.112154
12.848 , -0.112154
12.85 , -0.1213093
12.853 , -0.1213093
12.855 , -0.1304646
12.857 , -0.1396198
12.859 , -0.1396198
12.861 , -0.1487751
12.863 , -0.1533527
12.866 , -0.1579304
12.868 , -0.162508
12.87 , -0.1670856
12.872 , -0.1716633
12.874 , -0.1762409
12.877 , -0.1853962
12.879 , -0.1899738
12.881 , -0.1945515
12.883 , -0.2037086
12.886 , -0.2082863
12.888 , -0.2128639
12.89 , -0.2220192
12.892 , -0.2288857
12.894 , -0.2288857
12.897 , -0.2380409
12.899 , -0.2426186
12.901 , -0.2471962
12.903 , -0.2517738
12.905 , -0.2563515
12.908 , -0.2609291
12.91 , -0.2655067
12.912 , -0.274662
12.914 , -0.274662
12.916 , -0.2838173
12.919 , -0.2838173
12.921 , -0.2929726
12.923 , -0.2975502
12.925 , -0.2975502
12.927 , -0.3021278
12.93 , -0.3067055
12.932 , -0.3112831
12.934 , -0.3112831
12.936 , -0.3158607
12.938 , -0.3204384
12.941 , -0.3204384
12.943 , -0.3204384
12.945 , -0.3318825
12.947 , -0.3318825
12.949 , -0.3364601
12.952 , -0.3364601
12.954 , -0.3364601
12.956 , -0.3410378
12.958 , -0.3410378
12.96 , -0.3410378
12.963 , -0.3410378
12.965 , -0.3456154
12.967 , -0.3456154
12.969 , -0.3524818
12.971 , -0.3456154
12.974 , -0.3524818
12.976 , -0.3524818
12.978 , -0.3524818
12.98 , -0.3524818
12.982 , -0.3570595
12.985 , -0.3616371
12.987 , -0.3570595
12.989 , -0.3616371
12.991 , -0.3616371
12.993 , -0.3616371
12.996 , -0.3570595
12.998 , -0.3570595
13.0 , -0.3524818
13.002 , -0.3524818
13.004 , -0.3524818
13.007 , -0.3570595
13.009 , -0.3524818
13.011 , -0.3524818
13.013 , -0.3456154
13.015 , -0.3456154
13.018 , -0.3456154
13.02 , -0.3456154
13.022 , -0.3410378
13.024 , -0.3410378
13.026 , -0.3364601
13.028 , -0.3410378
13.031 , -0.3318825
13.033 , -0.3318825
13.035 , -0.3318825
13.037 , -0.3273048
13.039 , -0.3204384
13.042 , -0.3204384
13.044 , -0.3158607
13.046 , -0.3158607
13.048 , -0.3112831
13.05 , -0.3112831
13.053 , -0.3067055
13.055 , -0.3067055
13.057 , -0.3021278
13.059 , -0.3067055
13.061 , -0.3021278
13.064 , -0.2975502
13.066 , -0.2975502
13.068 , -0.2929726
13.07 , -0.2929726
13.072 , -0.2883949
13.075 , -0.2883949
13.077 , -0.2838173
13.079 , -0.2838173
13.081 , -0.2792397
13.083 , -0.274662
13.086 , -0.2700844
13.088 , -0.2700844
13.09 , -0.2700844
13.092 , -0.2655067
13.094 , -0.2655067
13.096 , -0.2609291
13.099 , -0.2655067
13.109 , -0.2563515
13.111 , -0.2609291
13.113 , -0.2563515
13.116 , -0.2563515
13.118 , -0.2609291
13.12 , -0.2609291
13.122 , -0.2609291
13.124 , -0.2609291
13.127 , -0.2609291
13.129 , -0.2609291
13.131 , -0.2655067
13.133 , -0.2655067
13.135 , -0.2655067
13.138 , -0.2655067
13.14 , -0.2655067
13.142 , -0.2700844
13.144 , -0.2700844
13.146 , -0.2700844
13.149 , -0.274662
13.151 , -0.2792397
13.153 , -0.2838173
13.155 , -0.2838173
13.157 , -0.2883949
13.16 , -0.2883949
13.162 , -0.2929726
13.164 , -0.2929726
13.166 , -0.2929726
13.168 , -0.2975502
13.171 , -0.2975502
13.173 , -0.2975502
13.175 , -0.2975502
13.177 , -0.2975502
13.179 , -0.2975502
13.182 , -0.2975502
13.184 , -0.2929726
13.186 , -0.2975502
13.188 , -0.2929726
13.19 , -0.2929726
13.193 , -0.2883949
13.195 , -0.2883949
13.197 , -0.2883949
13.199 , -0.2883949
13.201 , -0.2883949
13.204 , -0.2838173
13.206 , -0.2838173
13.208 , -0.2838173
13.21 , -0.2792397
13.212 , -0.2792397
13.215 , -0.274662
13.217 , -0.274662
13.219 , -0.2700844
13.221 , -0.2700844
13.223 , -0.2700844
13.226 , -0.2700844
13.228 , -0.2655067
13.23 , -0.2655067
13.232 , -0.2609291
13.234 , -0.2563515
13.237 , -0.2517738
13.239 , -0.2471962
13.241 , -0.2380409
13.243 , -0.2334633
13.245 , -0.2174416
13.247 , -0.2082863
13.25 , -0.1945515
13.252 , -0.1762409
13.254 , -0.1533527
13.256 , -0.1350422
13.258 , -0.1029968
13.261 , -0.07324219
13.263 , -0.03890991
13.265 , 0.009155273
13.268 , 0.050354
13.27 , 0.09155464
13.272 , 0.137331
13.275 , 0.1853981
13.277 , 0.2357521
13.279 , 0.2769527
13.281 , 0.336462
13.283 , 0.3868179
13.285 , 0.4371719
13.288 , 0.49897
13.29 , 0.5401688
13.292 , 0.5951023
13.294 , 0.6637688
13.296 , 0.7072563
13.299 , 0.762188
13.301 , 0.8194084
13.303 , 0.8697643
13.305 , 0.9132519
13.307 , 0.9704742
13.31 , 1.013962
13.312 , 1.05974
13.314 , 1.096361
13.316 , 1.146717
13.318 , 1.181049
13.32 , 1.226826
13.323 , 1.263447
13.325 , 1.29549
13.327 , 1.336691
13.329 , 1.359579
13.331 , 1.407646
13.333 , 1.437401
13.336 , 1.460289
13.338 , 1.485466
13.34 , 1.512932
13.342 , 1.531242
13.344 , 1.554131
13.346 , 1.567863
13.349 , 1.577019
13.351 , 1.602198
13.353 , 1.615931
13.355 , 1.625086
13.357 , 1.625086
13.359 , 1.634241
13.362 , 1.634241
13.364 , 1.638819
13.366 , 1.634241
13.368 , 1.629663
13.37 , 1.625086
13.372 , 1.620508
13.375 , 1.606775
13.377 , 1.59762
13.379 , 1.588465
13.381 , 1.567863
13.383 , 1.549553
13.386 , 1.526665
13.388 , 1.503777
13.39 , 1.485466
13.392 , 1.460289
13.394 , 1.432823
13.396 , 1.407646
13.399 , 1.373312
13.401 , 1.336691
13.403 , 1.309225
13.405 , 1.272602
13.407 , 1.245136
13.409 , 1.201649
13.412 , 1.171894
13.414 , 1.128407
13.416 , 1.082628
13.418 , 1.04143
13.42 , 1.004807
13.422 , 0.9658966
13.425 , 0.9269867
13.427 , 0.8880749
13.429 , 0.8468761
13.431 , 0.8033867
13.433 , 0.762188
13.436 , 0.7255669
13.438 , 0.686657
13.44 , 0.6431694
13.442 , 0.5996799
13.445 , 0.5630589
13.447 , 0.5264359
13.449 , 0.4898148
13.451 , 0.4417496
13.453 , 0.4005508
13.456 , 0.3639297
13.458 , 0.3227291
13.46 , 0.2815304
13.462 , 0.2403297
13.464 , 0.2037086
13.466 , 0.1579304
13.469 , 0.1144428
13.471 , 0.08239937
13.473 , 0.04119873
13.476 , 0.0
13.478 , -0.04348755
13.48 , -0.07781982
13.483 , -0.1167316
13.485 , -0.1533527
13.487 , -0.1808186
13.489 , -0.2082863
13.491 , -0.2380409
13.494 , -0.2609291
13.496 , -0.2838173
13.498 , -0.3067055
13.5 , -0.3273048
13.502 , -0.3410378
13.505 , -0.3524818
13.507 , -0.3662148
13.509 , -0.37537
13.511 , -0.3845253
13.513 , -0.3891048
13.516 , -0.3982601
13.518 , -0.4028378
13.52 , -0.4074154
13.522 , -0.4074154
13.524 , -0.411993
13.526 , -0.4165707
13.529 , -0.411993
13.531 , -0.411993
13.533 , -0.4074154
13.535 , -0.4074154
13.537 , -0.4028378
13.54 , -0.4028378
13.542 , -0.3982601
13.544 , -0.3936825
13.546 , -0.3936825
13.549 , -0.3891048
13.551 , -0.3845253
13.553 , -0.3845253
13.555 , -0.37537
13.557 , -0.37537
13.56 , -0.3707924
13.562 , -0.3707924
13.564 , -0.3662148
13.566 , -0.3616371
13.577 , -0.3456154
13.579 , -0.3456154
13.581 , -0.3410378
13.583 , -0.3410378
13.585 , -0.3364601
13.588 , -0.3364601
13.59 , -0.3364601
13.592 , -0.3318825
13.594 , -0.3273048
13.596 , -0.3204384
13.598 , -0.3204384
13.601 , -0.3158607
13.603 , -0.3158607
13.605 , -0.3112831
13.607 , -0.3067055
13.609 , -0.3067055
13.612 , -0.3021278
13.614 , -0.2975502
13.616 , -0.3021278
13.618 , -0.2975502
13.62 , -0.2929726
13.622 , -0.2929726
13.625 , -0.2838173
13.627 , -0.2883949
13.629 , -0.2792397
13.631 , -0.2792397
13.634 , -0.274662
13.636 , -0.274662
13.638 , -0.274662
13.64 , -0.2700844
13.642 , -0.2700844
13.645 , -0.2700844
13.647 , -0.274662
13.649 , -0.274662
13.651 , -0.2792397
13.653 , -0.274662
13.655 , -0.274662
13.658 , -0.274662
13.66 , -0.2838173
13.662 , -0.2838173
13.664 , -0.2883949
13.667 , -0.2883949
13.669 , -0.2929726
13.671 , -0.2975502
13.673 , -0.2975502
13.675 , -0.3067055
13.678 , -0.3067055
13.68 , -0.3112831
13.682 , -0.3158607
13.684 , -0.3204384
13.686 , -0.3318825
13.689 , -0.3318825
13.691 , -0.3364601
13.693 , -0.3410378
13.695 , -0.3456154
13.697 , -0.3570595
13.7 , -0.3570595
13.702 , -0.3662148
13.704 , -0.3707924
13.706 , -0.37537
13.708 , -0.37537
13.711 , -0.3799477
13.713 , -0.3845253
13.715 , -0.3845253
13.717 , -0.3891048
13.719 , -0.3891048
13.722 , -0.3936825
13.724 , -0.3982601
13.726 , -0.4028378
13.728 , -0.4028378
13.73 , -0.4074154
13.733 , -0.4074154
13.735 , -0.4165707
13.737 , -0.4165707
13.739 , -0.4211483
13.741 , -0.4211483
13.744 , -0.4257259
13.746 , -0.4257259
13.748 , -0.4303036
13.75 , -0.4348812
13.752 , -0.4394588
13.754 , -0.4394588
13.757 , -0.4394588
13.759 , -0.4463253
13.761 , -0.4463253
13.763 , -0.4463253
13.766 , -0.4509029
13.768 , -0.4509029
13.77 , -0.4554806
13.772 , -0.4554806
13.774 , -0.4554806
13.777 , -0.4554806
13.779 , -0.4554806
13.781 , -0.4600582
13.783 , -0.4600582
13.785 , -0.4646358
13.788 , -0.4600582
13.79 , -0.4600582
13.792 , -0.4600582
13.794 , -0.4600582
13.796 , -0.4554806
13.799 , -0.4554806
13.801 , -0.4554806
13.803 , -0.4554806
13.805 , -0.4554806
13.807 , -0.4509029
13.81 , -0.4509029
13.812 , -0.4554806
13.814 , -0.4509029
13.816 , -0.4509029
13.818 , -0.4509029
13.821 , -0.4509029
13.823 , -0.4463253
13.825 , -0.4463253
13.827 , -0.4394588
13.829 , -0.4394588
13.832 , -0.4348812
13.834 , -0.4348812
13.836 , -0.4348812
13.838 , -0.4257259
13.84 , -0.4257259
13.843 , -0.4211483
13.845 , -0.4211483
13.847 , -0.4211483
13.849 , -0.4165707
13.851 , -0.4165707
13.854 , -0.411993
13.856 , -0.411993
13.858 , -0.411993
13.86 , -0.4074154
13.862 , -0.4074154
13.864 , -0.4028378
13.867 , -0.4028378
13.869 , -0.4028378
13.871 , -0.3982601
13.873 , -0.3936825
13.875 , -0.3936825
13.878 , -0.3936825
13.88 , -0.3891048
13.882 , -0.3845253
13.884 , -0.3845253
13.886 , -0.3845253
13.889 , -0.3799477
13.891 , -0.3799477
13.893 , -0.3799477
13.895 , -0.3799477
13.898 , -0.37537
13.9 , -0.37537
13.902 , -0.3707924
13.904 , -0.37537
13.906 , -0.3707924
13.909 , -0.3707924
13.911 , -0.3662148
13.913 , -0.3662148
13.915 , -0.3662148
13.917 , -0.3662148
13.92 , -0.3616371
13.922 , -0.3616371
13.924 , -0.3616371
13.926 , -0.3616371
13.928 , -0.3570595
13.931 , -0.3570595
13.933 , -0.3524818
13.935 , -0.3524818
13.937 , -0.3456154
13.939 , -0.3524818
13.942 , -0.3456154
13.944 , -0.3410378
13.946 , -0.3410378
13.948 , -0.3410378
13.95 , -0.3410378
13.953 , -0.3364601
13.955 , -0.3364601
13.957 , -0.3410378
13.959 , -0.3364601
13.962 , -0.3364601
13.964 , -0.3364601
13.966 , -0.3410378
13.968 , -0.3410378
13.97 , -0.3410378
13.973 , -0.3410378
13.975 , -0.3410378
13.977 , -0.3410378
13.979 , -0.3456154
13.981 , -0.3456154
13.984 , -0.3456154
13.986 , -0.3524818
13.988 , -0.3570595
13.99 , -0.3570595
13.992 , -0.3570595
13.995 , -0.3570595
13.997 , -0.3616371
13.999 , -0.3662148
14.001 , -0.3707924
14.004 , -0.37537
14.006 , -0.37537
14.008 , -0.3799477
14.01 , -0.3799477
14.012 , -0.3799477
14.015 , -0.3845253
14.017 , -0.3845253
14.019 , -0.3845253
14.021 , -0.3891048
14.023 , -0.3891048
14.026 , -0.3845253
14.028 , -0.3845253
14.03 , -0.3845253
14.032 , -0.3845253
14.034 , -0.3799477
14.045 , -0.37537
14.047 , -0.37537
14.049 , -0.3707924
14.051 , -0.3707924
14.054 , -0.3707924
14.056 , -0.3662148
14.058 , -0.3616371
14.06 , -0.3616371
14.062 , -0.3570595
14.065 , -0.3570595
14.067 , -0.3524818
14.069 , -0.3524818
14.071 , -0.3456154
14.073 , -0.3410378
14.076 , -0.3410378
14.078 , -0.3364601
14.08 , -0.3318825
14.082 , -0.3273048
14.084 , -0.3204384
14.087 , -0.3158607
14.089 , -0.3067055
14.091 , -0.2929726
14.093 , -0.2883949
14.095 , -0.2609291
14.098 , -0.2380409
14.1 , -0.2174416
14.102 , -0.1945515
14.104 , -0.162508
14.106 , -0.1350422
14.109 , -0.09155273
14.111 , -0.05264282
14.113 , -0.009155273
14.116 , 0.04119873
14.118 , 0.08697701
14.12 , 0.137331
14.123 , 0.199131
14.125 , 0.2449074
14.127 , 0.2998409
14.129 , 0.3501949
14.131 , 0.4142838
14.133 , 0.4715042
14.136 , 0.5264359
14.138 , 0.585947
14.14 , 0.6523247
14.142 , 0.7026787
14.144 , 0.7530327
14.147 , 0.8148308
14.149 , 0.874342
14.151 , 0.9269867
14.153 , 0.9796295
14.155 , 1.032274
14.158 , 1.082628
14.16 , 1.123829
14.162 , 1.171894
14.164 , 1.226826
14.166 , 1.263447
14.169 , 1.304647
14.171 , 1.345846
14.173 , 1.382467
14.175 , 1.428246
14.177 , 1.460289
14.179 , 1.494621
14.182 , 1.517509
14.184 , 1.554131
14.186 , 1.583887
14.188 , 1.602198
14.19 , 1.625086
14.193 , 1.638819
14.195 , 1.657129
14.197 , 1.677731
14.199 , 1.700619
14.201 , 1.705196
14.204 , 1.709774
14.206 , 1.714352
14.208 , 1.730373
14.21 , 1.734951
14.212 , 1.734951
14.214 , 1.730373
14.217 , 1.725796
14.219 , 1.714352
14.221 , 1.714352
14.223 , 1.700619
14.225 , 1.686886
14.227 , 1.673151
14.23 , 1.647974
14.232 , 1.629663
14.234 , 1.606775
14.236 , 1.588465
14.238 , 1.558708
14.241 , 1.522087
14.243 , 1.490044
14.245 , 1.446556
14.247 , 1.412224
14.249 , 1.364157
14.251 , 1.332113
14.254 , 1.29549
14.256 , 1.249714
14.258 , 1.210804
14.26 , 1.167316
14.262 , 1.132984
14.264 , 1.096361
14.267 , 1.055162
14.269 , 1.018541
14.271 , 0.9750519
14.273 , 0.9407196
14.275 , 0.8972301
14.278 , 0.8560314
14.28 , 0.8239861
14.282 , 0.7759209
14.284 , 0.7392998
14.287 , 0.7026787
14.289 , 0.6683464
14.291 , 0.6202793
14.293 , 0.5813694
14.295 , 0.5493259
14.297 , 0.5081253
14.3 , 0.4669266
14.302 , 0.4325943
14.304 , 0.3868179
14.306 , 0.3501949
14.308 , 0.3089962
14.311 , 0.2632179
14.313 , 0.2311745
14.315 , 0.1853981
14.317 , 0.1419086
14.319 , 0.1052876
14.322 , 0.06866455
14.324 , 0.02288818
14.326 , -0.02059937
14.329 , -0.05722046
14.331 , -0.09155273
14.333 , -0.1304646
14.335 , -0.1579304
14.338 , -0.1899738
14.34 , -0.2174416
14.342 , -0.2426186
14.344 , -0.2655067
14.346 , -0.2838173
14.349 , -0.3067055
14.351 , -0.3204384
14.353 , -0.3410378
14.355 , -0.3524818
14.358 , -0.3616371
14.36 , -0.3707924
14.362 , -0.3799477
14.364 , -0.3845253
14.366 , -0.3891048
14.368 , -0.3891048
14.371 , -0.3936825
14.373 , -0.3936825
14.375 , -0.3936825
14.377 , -0.3936825
14.379 , -0.3982601
14.382 , -0.3936825
14.384 , -0.3891048
14.386 , -0.3936825
14.388 , -0.3891048
14.391 , -0.3891048
14.393 , -0.3845253
14.395 , -0.3799477
14.397 , -0.3799477
14.399 , -0.37537
14.402 , -0.3707924
14.404 , -0.3707924
14.406 , -0.3662148
14.408 , -0.3662148
14.41 , -0.3616371
14.413 , -0.3616371
14.415 , -0.3570595
14.417 , -0.3570595
14.419 , -0.3524818
14.421 , -0.3456154
14.424 , -0.3456154
14.426 , -0.3410378
14.428 , -0.3364601
14.43 , -0.3364601
14.432 , -0.3364601
14.435 , -0.3318825
14.437 , -0.3318825
14.439 , -0.3273048
14.441 , -0.3273048
14.443 , -0.3273048
14.446 , -0.3204384
14.448 , -0.3204384
14.45 , -0.3158607
14.452 , -0.3112831
14.454 , -0.3112831
14.457 , -0.3112831
14.459 , -0.3067055
14.461 , -0.3067055
14.463 , -0.3021278
14.465 , -0.3021278
14.467 , -0.2975502
14.47 , -0.2975502
14.472 , -0.2929726
14.474 , -0.2929726
14.476 , -0.2929726
14.478 , -0.2883949
14.481 , -0.2883949
14.483 , -0.2883949
14.485 , -0.2883949
14.487 , -0.2883949
14.49 , -0.2883949
14.492 , -0.2883949
14.494 , -0.2883949
14.496 , -0.2838173
14.499 , -0.2883949
14.501 , -0.2929726
14.503 , -0.2929726
14.513 , -0.2975502
14.516 , -0.3021278
14.518 , -0.3067055
14.52 , -0.3067055
14.522 , -0.3112831
14.524 , -0.3158607
14.527 , -0.3158607
14.529 , -0.3204384
14.531 , -0.3273048
14.533 , -0.3318825
14.535 , -0.3364601
14.537 , -0.3364601
14.54 , -0.3410378
14.542 , -0.3456154
14.544 , -0.3524818
14.546 , -0.3570595
14.549 , -0.3570595
14.551 , -0.3662148
14.553 , -0.3662148
14.555 , -0.3662148
14.557 , -0.37537
14.56 , -0.3799477
14.562 , -0.3799477
14.564 , -0.3799477
14.566 , -0.3845253
14.568 , -0.3891048
14.571 , -0.3891048
14.573 , -0.3936825
14.575 , -0.3982601
14.577 , -0.3982601
14.58 , -0.4028378
14.582 , -0.4028378
14.584 , -0.4074154
14.586 , -0.411993
14.588 , -0.411993
14.591 , -0.4165707
14.593 , -0.4165707
14.595 , -0.4211483
14.597 , -0.4211483
14.599 , -0.4257259
14.602 , -0.4257259
14.604 , -0.4303036
14.606 , -0.4348812
14.608 , -0.4348812
14.61 , -0.4394588
14.613 , -0.4394588
14.615 , -0.4394588
14.617 , -0.4463253
14.619 , -0.4463253
14.621 , -0.4394588
14.624 , -0.4463253
14.626 , -0.4463253
14.628 , -0.4463253
14.63 , -0.4509029
14.632 , -0.4463253
14.635 , -0.4463253
14.637 , -0.4463253
14.639 , -0.4463253
14.641 , -0.4463253
14.643 , -0.4509029
14.646 , -0.4509029
14.648 , -0.4463253
14.65 , -0.4394588
14.652 , -0.4463253
14.654 , -0.4394588
14.657 , -0.4463253
14.659 , -0.4394588
14.661 , -0.4394588
14.663 , -0.4394588
14.665 , -0.4394588
14.668 , -0.4348812
14.67 , -0.4394588
14.672 , -0.4348812
14.674 , -0.4348812
14.676 , -0.4348812
14.679 , -0.4303036
14.681 , -0.4303036
14.683 , -0.4348812
14.685 , -0.4257259
14.688 , -0.4303036
14.69 , -0.4257259
14.692 , -0.4211483
14.694 , -0.4211483
14.696 , -0.4165707
14.699 , -0.4165707
14.701 , -0.411993
14.703 , -0.4165707
14.705 , -0.411993
14.707 , -0.4074154
14.71 , -0.4074154
14.712 , -0.4074154
14.714 , -0.4028378
14.716 , -0.4028378
14.718 , -0.3982601
14.721 , -0.3936825
14.723 , -0.3936825
14.725 , -0.3891048
14.727 , -0.3891048
14.729 , -0.3845253
14.732 , -0.3845253
14.734 , -0.3799477
14.736 , -0.3799477
14.738 , -0.3799477
14.74 , -0.3799477
14.743 , -0.37537
14.745 , -0.37537
14.747 , -0.3707924
14.749 , -0.3707924
14.752 , -0.3707924
14.754 , -0.3662148
14.756 , -0.3662148
14.758 , -0.3662148
14.76 , -0.3616371
14.763 , -0.3616371
14.765 , -0.3616371
14.767 , -0.3616371
14.769 , -0.3570595
14.771 , -0.3570595
14.774 , -0.3524818
14.776 , -0.3524818
14.778 , -0.3524818
14.78 , -0.3524818
14.783 , -0.3456154
14.785 , -0.3456154
14.787 , -0.3456154
14.789 , -0.3410378
14.791 , -0.3410378
14.794 , -0.3364601
14.796 , -0.3364601
14.798 , -0.3318825
14.8 , -0.3318825
14.803 , -0.3318825
14.805 , -0.3273048
14.807 , -0.3204384
14.809 , -0.3204384
14.811 , -0.3158607
14.813 , -0.3158607
14.816 , -0.3158607
14.818 , -0.3112831
14.82 , -0.3067055
14.822 , -0.3067055
14.824 , -0.3067055
14.827 , -0.3067055
14.829 , -0.3067055
14.831 , -0.3021278
14.833 , -0.3021278
14.835 , -0.3021278
14.838 , -0.3021278
14.84 , -0.3021278
14.842 , -0.3021278
14.844 , -0.3021278
14.846 , -0.3021278
14.849 , -0.3021278
14.851 , -0.3021278
14.853 , -0.3067055
14.855 , -0.3067055
14.857 , -0.3067055
14.86 , -0.3067055
14.862 , -0.3067055
14.864 , -0.3067055
14.866 , -0.3112831
14.868 , -0.3112831
14.871 , -0.3112831
14.873 , -0.3158607
14.875 , -0.3158607
14.877 , -0.3204384
14.879 , -0.3204384
14.882 , -0.3273048
14.884 , -0.3273048
14.886 , -0.3273048
14.888 , -0.3273048
14.89 , -0.3318825
14.893 , -0.3364601
14.895 , -0.3364601
14.897 , -0.3364601
14.899 , -0.3364601
14.901 , -0.3364601
14.904 , -0.3364601
14.906 , -0.3364601
14.908 , -0.3364601
14.91 , -0.3364601
14.912 , -0.3364601
14.915 , -0.3364601
14.917 , -0.3318825
14.919 , -0.3318825
14.921 , -0.3364601
14.923 , -0.3318825
14.926 , -0.3318825
14.928 , -0.3318825
14.93 , -0.3273048
14.932 , -0.3318825
14.934 , -0.3273048
14.936 , -0.3204384
14.939 , -0.3273048
14.941 , -0.3204384
14.943 , -0.3158607
14.945 , -0.3158607
14.948 , -0.3158607
14.95 , -0.3112831
14.952 , -0.3112831
14.954 , -0.3112831
14.956 , -0.3067055
14.959 , -0.3021278
14.961 , -0.3021278
14.963 , -0.2975502
14.965 , -0.2929726
14.967 , -0.2883949
14.97 , -0.274662
14.972 , -0.2700844
14.982 , -0.1945515
14.984 , -0.1716633
14.987 , -0.1441975
14.989 , -0.112154
14.991 , -0.07781982
14.993 , -0.03433228
14.996 , 0.009155273
14.998 , 0.05950928
15.0 , 0.1052876
15.003 , 0.1464863
15.005 , 0.2082863
15.007 , 0.2632179
15.009 , 0.3089962
15.011 , 0.3685074
15.014 , 0.4325943
15.016 , 0.4898148
15.018 , 0.5493259
15.02 , 0.6088352
15.022 , 0.6683464
15.025 , 0.7347221
15.027 , 0.7804985
15.029 , 0.8514538
15.031 , 0.9063854
15.033 , 0.961319
15.036 , 1.018541
15.038 , 1.064318
15.04 , 1.123829
15.042 , 1.176472
15.044 , 1.222248
15.046 , 1.272602
15.049 , 1.31838
15.051 , 1.355001
15.053 , 1.407646
15.055 , 1.446556
15.057 , 1.490044
15.059 , 1.522087
15.062 , 1.563286
15.064 , 1.593042
15.066 , 1.625086
15.068 , 1.657129
15.07 , 1.682308
15.073 , 1.705196
15.075 , 1.730373
15.077 , 1.748684
15.079 , 1.773863
15.081 , 1.787596
15.084 , 1.796751
15.086 , 1.805906
15.088 , 1.819639
15.09 , 1.824217
15.092 , 1.824217
15.094 , 1.824217
15.097 , 1.824217
15.099 , 1.824217
15.101 , 1.819639
15.103 , 1.810484
15.105 , 1.801329
15.108 , 1.787596
15.11 , 1.773863
15.112 , 1.753262
15.114 , 1.730373
15.116 , 1.705196
15.118 , 1.666285
15.121 , 1.638819
15.123 , 1.593042
15.125 , 1.554131
15.127 , 1.517509
15.129 , 1.480888
15.132 , 1.446556
15.134 , 1.396202
15.136 , 1.345846
15.138 , 1.309225
15.14 , 1.268024
15.142 , 1.231403
15.145 , 1.185627
15.147 , 1.146717
15.149 , 1.100939
15.151 , 1.064318
15.153 , 1.032274
15.155 , 0.9887848
15.158 , 0.9498749
15.16 , 0.9018078
15.162 , 0.8651867
15.164 , 0.8331432
15.167 , 0.7896538
15.169 , 0.748455
15.171 , 0.7072563
15.173 , 0.672924
15.175 , 0.6294346
15.178 , 0.5905247
15.18 , 0.5539036
15.182 , 0.5127029
15.184 , 0.4760818
15.186 , 0.4371719
15.188 , 0.3959732
15.191 , 0.3593502
15.193 , 0.3135738
15.195 , 0.2723751
15.197 , 0.2403297
15.2 , 0.1945534
15.202 , 0.1464863
15.204 , 0.1098652
15.206 , 0.06866455
15.208 , 0.03204346
15.211 , -0.01602173
15.213 , -0.05264282
15.215 , -0.09155273
15.218 , -0.1350422
15.22 , -0.1670856
15.222 , -0.1991291
15.224 , -0.2220192
15.226 , -0.2563515
15.229 , -0.2838173
15.231 , -0.3067055
15.233 , -0.3318825
15.235 , -0.3524818
15.237 , -0.3707924
15.24 , -0.3891048
15.242 , -0.4028378
15.244 , -0.4074154
15.246 , -0.4211483
15.248 , -0.4257259
15.251 , -0.4394588
15.253 , -0.4394588
15.255 , -0.4463253
15.257 , -0.4509029
15.259 , -0.4509029
15.262 , -0.4509029
15.264 , -0.4509029
15.266 , -0.4554806
15.268 , -0.4554806
15.27 , -0.4554806
15.273 , -0.4509029
15.275 , -0.4509029
15.277 , -0.4463253
15.279 , -0.4394588
15.281 , -0.4463253
15.284 , -0.4394588
15.286 , -0.4348812
15.288 , -0.4303036
15.29 , -0.4303036
15.292 , -0.4257259
15.295 , -0.4257259
15.297 , -0.4211483
15.299 , -0.4211483
15.301 , -0.4165707
15.303 , -0.411993
15.306 , -0.4165707
15.308 , -0.411993
15.31 , -0.4074154
15.312 , -0.4074154
15.314 , -0.4028378
15.317 , -0.4028378
15.319 , -0.4028378
15.321 , -0.3982601
15.323 , -0.3982601
15.325 , -0.3936825
15.327 , -0.3936825
15.33 , -0.3891048
15.332 , -0.3891048
15.334 , -0.3845253
15.336 , -0.3845253
15.339 , -0.3799477
15.341 , -0.3799477
15.343 , -0.37537
15.345 , -0.3707924
15.347 , -0.3707924
15.35 , -0.3662148
15.352 , -0.3616371
15.354 , -0.3616371
15.356 , -0.3570595
15.358 , -0.3570595
15.361 , -0.3570595
15.363 , -0.3524818
15.365 , -0.3456154
15.367 , -0.3456154
15.369 , -0.3456154
15.372 , -0.3410378
15.374 , -0.3410378
15.376 , -0.3410378
15.378 , -0.3410378
15.38 , -0.3410378
15.383 , -0.3364601
15.385 , -0.3410378
15.387 , -0.3364601
15.389 , -0.3364601
15.391 , -0.3410378
15.393 , -0.3410378
15.396 , -0.3410378
15.398 , -0.3410378
15.4 , -0.3410378
15.402 , -0.3456154
15.405 , -0.3456154
15.407 , -0.3456154
15.409 , -0.3524818
15.411 , -0.3524818
15.413 , -0.3570595
15.415 , -0.3570595
15.418 , -0.3570595
15.42 , -0.3662148
15.422 , -0.3662148
15.424 , -0.3662148
15.427 , -0.3662148
15.429 , -0.37537
15.431 , -0.37537
15.433 , -0.3799477
15.435 , -0.3799477
15.438 , -0.3845253
15.44 , -0.3891048
15.45 , -0.3982601
15.453 , -0.4028378
15.455 , -0.4028378
15.457 , -0.4074154
15.459 , -0.4074154
15.461 , -0.411993
15.464 , -0.4165707
15.466 , -0.4165707
15.468 , -0.4165707
15.47 , -0.4211483
15.472 , -0.4211483
15.474 , -0.4211483
15.477 , -0.4257259
15.479 , -0.4257259
15.481 , -0.4348812
15.483 , -0.4348812
15.486 , -0.4348812
15.488 , -0.4394588
15.49 , -0.4394588
15.492 , -0.4394588
15.494 , -0.4394588
15.497 , -0.4463253
15.499 , -0.4463253
15.501 , -0.4463253
15.503 , -0.4463253
15.505 , -0.4463253
15.508 , -0.4463253
15.51 , -0.4463253
15.512 , -0.4463253
15.514 , -0.4394588
15.516 , -0.4463253
15.519 , -0.4394588
15.521 , -0.4394588
15.523 , -0.4463253
15.525 , -0.4394588
15.527 , -0.4394588
15.53 , -0.4348812
15.532 , -0.4348812
15.534 , -0.4348812
15.536 , -0.4348812
15.538 , -0.4303036
15.541 , -0.4348812
15.543 , -0.4257259
15.545 , -0.4257259
15.547 , -0.4257259
15.549 , -0.4211483
15.552 , -0.4211483
15.554 , -0.4211483
15.556 , -0.4165707
15.558 , -0.4165707
15.56 , -0.411993
15.563 , -0.411993
15.565 , -0.4074154
15.567 , -0.411993
15.569 , -0.4074154
15.571 , -0.4028378
15.574 , -0.4028378
15.576 , -0.4028378
15.578 , -0.3982601
15.58 , -0.3936825
15.582 , -0.3936825
15.585 , -0.3891048
15.587 , -0.3891048
15.589 , -0.3891048
15.591 , -0.3799477
15.594 , -0.3845253
15.596 , -0.3799477
15.598 , -0.37537
15.6 , -0.37537
15.602 , -0.3707924
15.605 , -0.3707924
15.607 , -0.3662148
15.609 , -0.3662148
15.611 , -0.3616371
15.613 , -0.3616371
15.616 , -0.3570595
15.618 , -0.3524818
15.62 , -0.3524818
15.622 , -0.3524818
15.624 , -0.3524818
15.627 , -0.3456154
15.629 , -0.3456154
15.631 , -0.3456154
15.633 , -0.3410378
15.635 , -0.3410378
15.638 , -0.3364601
15.64 , -0.3364601
15.642 , -0.3318825
15.644 , -0.3318825
15.646 , -0.3318825
15.649 , -0.3273048
15.651 , -0.3204384
15.653 , -0.3204384
15.655 , -0.3204384
15.657 , -0.3158607
15.66 , -0.3204384
15.662 , -0.3158607
15.664 , -0.3112831
15.666 , -0.3112831
15.668 , -0.3112831
15.671 , -0.3112831
15.673 , -0.3112831
15.675 , -0.3067055
15.677 , -0.3067055
15.679 , -0.3112831
15.682 , -0.3067055
15.684 , -0.3067055
15.686 , -0.3021278
15.688 , -0.3021278
15.69 , -0.3021278
15.693 , -0.3021278
15.695 , -0.3021278
15.697 , -0.2975502
15.699 , -0.2975502
15.701 , -0.2929726
15.704 , -0.2975502
15.706 , -0.2929726
15.708 , -0.2975502
15.71 , -0.2929726
15.712 , -0.2883949
15.715 , -0.2883949
15.717 , -0.2883949
15.719 , -0.2883949
15.721 , -0.2883949
15.723 , -0.2883949
15.726 , -0.2883949
15.728 , -0.2838173
15.73 , -0.2883949
15.732 , -0.2883949
15.735 , -0.2883949
15.737 , -0.2838173
15.739 , -0.2883949
15.741 , -0.2883949
15.743 , -0.2929726
15.746 , -0.2929726
15.748 , -0.2975502
15.75 , -0.2929726
15.752 , -0.2975502
15.754 , -0.2975502
15.757 , -0.2975502
15.759 , -0.3021278
15.761 , -0.3021278
15.763 , -0.3021278
15.766 , -0.3021278
15.768 , -0.3067055
15.77 , -0.3067055
15.772 , -0.3112831
15.774 , -0.3158607
15.777 , -0.3112831
15.779 , -0.3158607
15.781 , -0.3204384
15.783 , -0.3204384
15.785 , -0.3273048
15.788 , -0.3318825
15.79 , -0.3318825
15.792 , -0.3318825
15.794 , -0.3318825
15.796 , -0.3318825
15.799 , -0.3318825
15.801 , -0.3318825
15.803 , -0.3318825
15.805 , -0.3318825
15.807 , -0.3318825
15.81 , -0.3273048
15.812 , -0.3273048
15.814 , -0.3273048
15.816 , -0.3204384
15.818 , -0.3204384
15.821 , -0.3158607
15.823 , -0.3158607
15.825 , -0.3158607
15.827 , -0.3112831
15.829 , -0.3112831
15.832 , -0.3067055
15.834 , -0.3067055
15.836 , -0.3021278
15.838 , -0.3021278
15.84 , -0.2975502
15.843 , -0.2975502
15.845 , -0.2929726
15.847 , -0.2929726
15.849 , -0.2883949
15.851 , -0.2883949
15.854 , -0.2838173
15.856 , -0.274662
15.858 , -0.2700844
15.86 , -0.2655067
15.863 , -0.2609291
15.865 , -0.2563515
15.867 , -0.2471962
15.869 , -0.2380409
15.871 , -0.2220192
15.874 , -0.2082863
15.876 , -0.1945515
15.878 , -0.1716633
15.88 , -0.1533527
15.882 , -0.1213093
15.885 , -0.09155273
15.887 , -0.05264282
15.889 , -0.025177
15.892 , 0.02746582
15.894 , 0.07324219
15.896 , 0.1144428
15.899 , 0.1670856
15.901 , 0.2174416
15.903 , 0.2677956
15.905 , 0.3273067
15.907 , 0.373085
15.91 , 0.4325943
15.92 , 0.711834
15.922 , 0.7713432
15.925 , 0.8239861
15.927 , 0.8834972
15.929 , 0.9452972
15.931 , 0.9933624
15.933 , 1.050585
15.936 , 1.110094
15.938 , 1.155872
15.94 , 1.210804
15.942 , 1.263447
15.944 , 1.304647
15.947 , 1.350424
15.949 , 1.396202
15.951 , 1.446556
15.953 , 1.480888
15.955 , 1.526665
15.957 , 1.567863
15.96 , 1.602198
15.962 , 1.634241
15.964 , 1.666285
15.966 , 1.696041
15.968 , 1.725796
15.971 , 1.748684
15.973 , 1.764706
15.975 , 1.787596
15.977 , 1.810484
15.979 , 1.824217
15.982 , 1.828794
15.984 , 1.83795
15.986 , 1.847105
15.988 , 1.85626
15.99 , 1.851683
15.993 , 1.851683
15.995 , 1.842527
15.997 , 1.847105
15.999 , 1.83795
16.001 , 1.824217
16.004 , 1.815062
16.006 , 1.796751
16.008 , 1.783018
16.01 , 1.764706
16.012 , 1.748684
16.014 , 1.714352
16.017 , 1.682308
16.019 , 1.652552
16.021 , 1.615931
16.023 , 1.583887
16.025 , 1.531242
16.027 , 1.499199
16.03 , 1.460289
16.032 , 1.41909
16.034 , 1.373312
16.036 , 1.322958
16.038 , 1.286335
16.04 , 1.249714
16.043 , 1.201649
16.045 , 1.155872
16.047 , 1.110094
16.049 , 1.073473
16.051 , 1.032274
16.053 , 0.9979401
16.056 , 0.9567413
16.058 , 0.9018078
16.06 , 0.8697643
16.062 , 0.8285637
16.064 , 0.7896538
16.067 , 0.748455
16.069 , 0.7072563
16.071 , 0.6683464
16.073 , 0.6202793
16.075 , 0.5767918
16.078 , 0.5401688
16.08 , 0.49897
16.082 , 0.4577713
16.084 , 0.423439
16.086 , 0.373085
16.089 , 0.3410397
16.091 , 0.2906857
16.093 , 0.249485
16.095 , 0.2128639
16.097 , 0.1670856
16.1 , 0.1190205
16.102 , 0.08697701
16.104 , 0.04577637
16.106 , 0.009155273
16.109 , -0.02975464
16.111 , -0.06637573
16.113 , -0.1075764
16.116 , -0.1396198
16.118 , -0.1670856
16.12 , -0.1945515
16.122 , -0.2220192
16.124 , -0.2426186
16.126 , -0.2655067
16.129 , -0.2838173
16.131 , -0.3021278
16.133 , -0.3158607
16.135 , -0.3318825
16.137 , -0.3410378
16.14 , -0.3524818
16.142 , -0.3616371
16.144 , -0.3707924
16.146 , -0.3707924
16.148 , -0.3799477
16.151 , -0.3799477
16.153 , -0.3845253
16.155 , -0.3845253
16.157 , -0.3891048
16.159 , -0.3891048
16.162 , -0.3891048
16.164 , -0.3891048
16.166 , -0.3936825
16.168 , -0.3891048
16.17 , -0.3845253
16.173 , -0.3799477
16.175 , -0.3799477
16.177 , -0.37537
16.179 , -0.37537
16.181 , -0.37537
16.184 , -0.3707924
16.186 , -0.3662148
16.188 , -0.3570595
16.19 , -0.3570595
16.192 , -0.3570595
16.195 , -0.3570595
16.197 , -0.3524818
16.199 , -0.3456154
16.201 , -0.3410378
16.203 , -0.3410378
16.206 , -0.3364601
16.208 , -0.3364601
16.21 , -0.3318825
16.212 , -0.3273048
16.214 , -0.3273048
16.216 , -0.3204384
16.219 , -0.3204384
16.221 , -0.3158607
16.223 , -0.3158607
16.225 , -0.3158607
16.227 , -0.3112831
16.23 , -0.3112831
16.232 , -0.3112831
16.234 , -0.3067055
16.236 , -0.3021278
16.238 , -0.3021278
16.24 , -0.2975502
16.243 , -0.2975502
16.245 , -0.2975502
16.247 , -0.2929726
16.249 , -0.2929726
16.251 , -0.2929726
16.254 , -0.2883949
16.256 , -0.2883949
16.258 , -0.2838173
16.26 , -0.2838173
16.262 , -0.2838173
16.265 , -0.2792397
16.267 , -0.274662
16.269 , -0.2792397
16.271 , -0.274662
16.273 , -0.2792397
16.276 , -0.274662
16.278 , -0.274662
16.28 , -0.274662
16.282 , -0.274662
16.284 , -0.2792397
16.287 , -0.2838173
16.289 , -0.274662
16.291 , -0.2838173
16.293 , -0.2838173
16.295 , -0.2838173
16.298 , -0.2883949
16.3 , -0.2883949
16.302 , -0.2929726
16.304 , -0.2929726
16.306 , -0.2975502
16.309 , -0.2975502
16.311 , -0.3021278
16.313 , -0.3021278
16.315 , -0.3021278
16.317 , -0.3067055
16.32 , -0.3112831
16.322 , -0.3112831
16.324 , -0.3112831
16.326 , -0.3158607
16.328 , -0.3158607
16.33 , -0.3204384
16.333 , -0.3204384
16.335 , -0.3273048
16.337 , -0.3318825
16.339 , -0.3318825
16.341 , -0.3364601
16.344 , -0.3364601
16.346 , -0.3410378
16.348 , -0.3456154
16.35 , -0.3456154
16.352 , -0.3456154
16.355 , -0.3524818
16.357 , -0.3570595
16.359 , -0.3570595
16.361 , -0.3616371
16.363 , -0.3616371
16.366 , -0.3662148
16.368 , -0.3707924
16.37 , -0.3707924
16.372 , -0.3707924
16.374 , -0.37537
16.377 , -0.37537
16.387 , -0.3891048
16.389 , -0.3891048
16.391 , -0.3891048
16.394 , -0.3891048
16.396 , -0.3891048
16.398 , -0.3936825
16.4 , -0.3936825
16.402 , -0.3891048
16.405 , -0.3891048
16.407 , -0.3936825
16.409 , -0.3936825
16.411 , -0.3936825
16.413 , -0.3936825
16.416 , -0.3891048
16.418 , -0.3891048
16.42 , -0.3891048
16.422 , -0.3845253
16.424 , -0.3891048
16.427 , -0.3845253
16.429 , -0.3845253
16.431 , -0.3845253
16.433 , -0.3799477
16.435 , -0.3799477
16.438 , -0.3799477
16.44 , -0.3799477
16.442 , -0.37537
16.444 , -0.37537
16.446 , -0.3707924
16.449 , -0.3707924
16.451 , -0.37537
16.453 , -0.3707924
16.455 , -0.3662148
16.457 , -0.3662148
16.46 , -0.3662148
16.462 , -0.3616371
16.464 , -0.3616371
16.466 , -0.3616371
16.468 , -0.3570595
16.47 , -0.3570595
16.473 , -0.3570595
16.475 , -0.3524818
16.477 , -0.3524818
16.479 , -0.3456154
16.482 , -0.3456154
16.484 , -0.3456154
16.486 , -0.3410378
16.488 , -0.3364601
16.49 , -0.3410378
16.493 , -0.3318825
16.495 , -0.3318825
16.497 , -0.3318825
16.499 , -0.3273048
16.501 , -0.3273048
16.503 , -0.3204384
16.506 , -0.3158607
16.508 , -0.3158607
16.51 , -0.3112831
16.512 , -0.3067055
16.514 , -0.3067055
16.517 , -0.3021278
16.519 , -0.3021278
16.521 , -0.2975502
16.523 , -0.2929726
16.525 , -0.2929726
16.528 , -0.2929726
16.53 , -0.2883949
16.532 , -0.2838173
16.534 , -0.2838173
16.536 , -0.2838173
16.539 , -0.274662
16.541 , -0.274662
16.543 , -0.2700844
16.545 , -0.2700844
16.547 , -0.2700844
16.55 , -0.2655067
16.552 , -0.2655067
16.554 , -0.2609291
16.556 , -0.2609291
16.558 , -0.2609291
16.56 , -0.2563515
16.563 , -0.2563515
16.565 , -0.2517738
16.567 , -0.2517738
16.569 , -0.2471962
16.571 , -0.2471962
16.574 , -0.2426186
16.576 , -0.2380409
16.578 , -0.2380409
16.58 , -0.2426186
16.583 , -0.2380409
16.585 , -0.2380409
16.587 , -0.2334633
16.589 , -0.2334633
16.591 , -0.2334633
16.594 , -0.2288857
16.596 , -0.2288857
16.598 , -0.2220192
16.6 , -0.2288857
16.602 , -0.2288857
16.605 , -0.2220192
16.607 , -0.2220192
16.609 , -0.2220192
16.611 , -0.2220192
16.613 , -0.2220192
16.615 , -0.2288857
16.618 , -0.2288857
16.62 , -0.2288857
16.622 , -0.2288857
16.624 , -0.2334633
16.626 , -0.2334633
16.629 , -0.2380409
16.631 , -0.2380409
16.633 , -0.2426186
16.635 , -0.2426186
16.637 , -0.2426186
16.64 , -0.2471962
16.642 , -0.2517738
16.644 , -0.2471962
16.646 , -0.2517738
16.648 , -0.2517738
16.651 , -0.2517738
16.653 , -0.2517738
16.655 , -0.2471962
16.657 , -0.2471962
16.659 , -0.2471962
16.662 , -0.2471962
16.664 , -0.2426186
16.666 , -0.2426186
16.668 , -0.2380409
16.67 , -0.2380409
16.673 , -0.2334633
16.675 , -0.2334633
16.677 , -0.2334633
16.679 , -0.2334633
16.681 , -0.2288857
16.684 , -0.2288857
16.686 , -0.2288857
16.688 , -0.2334633
16.69 , -0.2288857
16.692 , -0.2288857
16.695 , -0.2288857
16.697 , -0.2220192
16.699 , -0.2174416
16.701 , -0.2220192
16.703 , -0.2174416
16.706 , -0.2174416
16.708 , -0.2128639
16.71 , -0.2082863
16.712 , -0.2082863
16.715 , -0.2037086
16.717 , -0.1991291
16.719 , -0.1991291
16.721 , -0.1945515
16.723 , -0.1899738
16.725 , -0.1808186
16.728 , -0.1716633
16.73 , -0.162508
16.732 , -0.1441975
16.734 , -0.1304646
16.736 , -0.112154
16.739 , -0.09155273
16.741 , -0.05722046
16.743 , -0.02975464
16.746 , 0.01373291
16.748 , 0.050354
16.75 , 0.09613228
16.753 , 0.1419086
16.755 , 0.1853981
16.757 , 0.2357521
16.759 , 0.2906857
16.762 , 0.3410397
16.764 , 0.3959732
16.766 , 0.4577713
16.768 , 0.5081253
16.77 , 0.5676365
16.772 , 0.6202793
16.775 , 0.686657
16.777 , 0.748455
16.779 , 0.8033867
16.781 , 0.8651867
16.783 , 0.9269867
16.786 , 0.9796295
16.788 , 1.050585
16.79 , 1.110094
16.792 , 1.155872
16.794 , 1.222248
16.797 , 1.268024
16.799 , 1.31838
16.801 , 1.37789
16.803 , 1.423668
16.805 , 1.476311
16.807 , 1.517509
16.81 , 1.572441
16.812 , 1.606775
16.814 , 1.647974
16.816 , 1.691463
16.818 , 1.725796
16.821 , 1.760128
16.823 , 1.787596
16.825 , 1.819639
16.827 , 1.85626
16.829 , 1.874573
16.831 , 1.897461
16.834 , 1.922638
16.836 , 1.934082
16.838 , 1.95697
16.84 , 1.966125
16.842 , 1.970703
16.845 , 1.982147
16.855 , 1.991302
16.857 , 1.986725
16.859 , 1.982147
16.862 , 1.966125
16.864 , 1.947815
16.866 , 1.915771
16.868 , 1.897461
16.87 , 1.860838
16.873 , 1.824217
16.875 , 1.792173
16.877 , 1.760128
16.879 , 1.730373
16.881 , 1.682308
16.884 , 1.643396
16.886 , 1.606775
16.888 , 1.572441
16.89 , 1.53582
16.892 , 1.494621
16.894 , 1.455711
16.897 , 1.423668
16.899 , 1.37789
16.901 , 1.336691
16.903 , 1.29549
16.905 , 1.258869
16.908 , 1.21767
16.91 , 1.181049
16.912 , 1.146717
16.914 , 1.105516
16.916 , 1.068895
16.918 , 1.032274
16.921 , 0.9933624
16.923 , 0.9567413
16.925 , 0.9178295
16.927 , 0.874342
16.929 , 0.8468761
16.932 , 0.8033867
16.934 , 0.7667656
16.936 , 0.7347221
16.938 , 0.6912346
16.94 , 0.6523247
16.943 , 0.6134129
16.945 , 0.5767918
16.947 , 0.5355911
16.949 , 0.49897
16.951 , 0.4623489
16.954 , 0.423439
16.956 , 0.3822403
16.958 , 0.3410397
16.96 , 0.3044186
16.962 , 0.2586403
16.964 , 0.2311745
16.967 , 0.1853981
16.969 , 0.1419086
16.971 , 0.1098652
16.973 , 0.07324219
16.976 , 0.03662109
16.978 , 0.0
16.98 , -0.025177
16.982 , -0.05722046
16.985 , -0.09155273
16.987 , -0.1258869
16.989 , -0.1487751
16.992 , -0.1716633
16.994 , -0.1945515
16.996 , -0.2082863
16.998 , -0.2334633
17.0 , -0.2517738
17.003 , -0.2609291
17.005 , -0.274662
17.007 , -0.2883949
17.009 , -0.2975502
17.011 , -0.3021278
17.014 , -0.3112831
17.016 , -0.3112831
17.018 , -0.3204384
17.02 , -0.3273048
17.022 , -0.3273048
17.025 , -0.3273048
17.027 , -0.3318825
17.029 , -0.3318825
17.031 , -0.3318825
17.033 , -0.3273048
17.035 , -0.3273048
17.038 , -0.3204384
17.04 , -0.3158607
17.042 , -0.3158607
17.044 , -0.3112831
17.046 , -0.3067055
17.049 , -0.3067055
17.051 , -0.3021278
17.053 , -0.2975502
17.055 , -0.2975502
17.057 , -0.2929726
17.059 , -0.2883949
17.062 , -0.2838173
17.064 , -0.274662
17.066 , -0.274662
17.068 , -0.2700844
17.07 , -0.2700844
17.073 , -0.2655067
17.075 , -0.2609291
17.077 , -0.2609291
17.079 , -0.2563515
17.081 , -0.2517738
17.084 , -0.2517738
17.086 , -0.2517738
17.088 , -0.2471962
17.09 , -0.2517738
17.092 , -0.2471962
17.095 , -0.2471962
17.097 , -0.2426186
17.099 , -0.2426186
17.101 , -0.2426186
17.103 , -0.2426186
17.106 , -0.2380409
17.108 , -0.2380409
17.11 , -0.2380409
17.112 , -0.2334633
17.114 , -0.2334633
17.116 , -0.2380409
17.119 , -0.2334633
17.121 , -0.2334633
17.123 , -0.2288857
17.125 , -0.2334633
17.127 , -0.2288857
17.13 , -0.2288857
17.132 , -0.2288857
17.134 , -0.2220192
17.136 , -0.2220192
17.138 , -0.2220192
17.141 , -0.2220192
17.143 , -0.2220192
17.145 , -0.2288857
17.147 , -0.2288857
17.149 , -0.2288857
17.152 , -0.2220192
17.154 , -0.2288857
17.156 , -0.2220192
17.158 , -0.2288857
17.16 , -0.2334633
17.162 , -0.2288857
17.165 , -0.2334633
17.167 , -0.2334633
17.169 , -0.2380409
17.171 , -0.2426186
17.173 , -0.2426186
17.176 , -0.2471962
17.178 , -0.2471962
17.18 , -0.2517738
17.182 , -0.2563515
17.184 , -0.2609291
17.187 , -0.2609291
17.189 , -0.2655067
17.191 , -0.2700844
17.193 , -0.2700844
17.195 , -0.2792397
17.198 , -0.2838173
17.2 , -0.2883949
17.202 , -0.2883949
17.204 , -0.2975502
17.206 , -0.3021278
17.209 , -0.3067055
17.211 , -0.3112831
17.213 , -0.3158607
17.215 , -0.3158607
17.217 , -0.3204384
17.219 , -0.3273048
17.222 , -0.3318825
17.224 , -0.3364601
17.226 , -0.3410378
17.228 , -0.3456154
17.23 , -0.3524818
17.233 , -0.3570595
17.235 , -0.3616371
17.237 , -0.3662148
17.239 , -0.3707924
17.241 , -0.3707924
17.244 , -0.3707924
17.246 , -0.3799477
17.248 , -0.3799477
17.25 , -0.3799477
17.252 , -0.3845253
17.255 , -0.3845253
17.257 , -0.3845253
17.259 , -0.3845253
17.261 , -0.3891048
17.264 , -0.3891048
17.266 , -0.3891048
17.268 , -0.3936825
17.27 , -0.3936825
17.272 , -0.3936825
17.275 , -0.3936825
17.277 , -0.3936825
17.279 , -0.3936825
17.281 , -0.3936825
17.283 , -0.3936825
17.286 , -0.3936825
17.288 , -0.3936825
17.29 , -0.3936825
17.292 , -0.3936825
17.294 , -0.3936825
17.297 , -0.3936825
17.299 , -0.3936825
17.301 , -0.3936825
17.303 , -0.3982601
17.305 , -0.3982601
17.308 , -0.4028378
17.31 , -0.4028378
17.312 , -0.4028378
17.322 , -0.3982601
17.325 , -0.3982601
17.327 , -0.3982601
17.329 , -0.3936825
17.331 , -0.3936825
17.333 , -0.3891048
17.336 , -0.3845253
17.338 , -0.3799477
17.34 , -0.37537
17.342 , -0.3707924
17.344 , -0.3616371
17.347 , -0.3570595
17.349 , -0.3456154
17.351 , -0.3410378
17.353 , -0.3318825
17.355 , -0.3204384
17.357 , -0.3158607
17.36 , -0.3067055
17.362 , -0.3021278
17.364 , -0.2975502
17.366 , -0.2883949
17.368 , -0.2883949
17.371 , -0.2838173
17.373 , -0.274662
17.375 , -0.2700844
17.377 , -0.2700844
17.379 , -0.2655067
17.382 , -0.2609291
17.384 , -0.2609291
17.386 , -0.2609291
17.388 , -0.2609291
17.39 , -0.2655067
17.393 , -0.2609291
17.395 , -0.2609291
17.397 , -0.2609291
17.399 , -0.2655067
17.401 , -0.2655067
17.404 , -0.2655067
17.406 , -0.2655067
17.408 , -0.2655067
17.41 , -0.2655067
17.412 , -0.2655067
17.415 , -0.2655067
17.417 , -0.2655067
17.419 , -0.2700844
17.421 , -0.2655067
17.423 , -0.2655067
17.426 , -0.2655067
17.428 , -0.2655067
17.43 , -0.2655067
17.432 , -0.2655067
17.434 , -0.2655067
17.437 , -0.2655067
17.439 , -0.2609291
17.441 , -0.2609291
17.443 , -0.2609291
17.445 , -0.2563515
17.448 , -0.2563515
17.45 , -0.2563515
17.452 , -0.2517738
17.454 , -0.2517738
17.456 , -0.2517738
17.458 , -0.2471962
17.461 , -0.2471962
17.463 , -0.2471962
17.465 , -0.2471962
17.467 , -0.2517738
17.469 , -0.2471962
17.472 , -0.2471962
17.474 , -0.2517738
17.476 , -0.2517738
17.478 , -0.2517738
17.481 , -0.2517738
17.483 , -0.2563515
17.485 , -0.2563515
17.487 , -0.2563515
17.489 , -0.2609291
17.491 , -0.2655067
17.494 , -0.2655067
17.496 , -0.2700844
17.498 , -0.2700844
17.5 , -0.2700844
17.502 , -0.2700844
17.505 , -0.2700844
17.507 , -0.274662
17.509 , -0.274662
17.511 , -0.274662
17.513 , -0.274662
17.516 , -0.274662
17.518 , -0.274662
17.52 , -0.274662
17.522 , -0.2700844
17.524 , -0.2700844
17.526 , -0.2700844
17.529 , -0.2700844
17.531 , -0.2700844
17.533 , -0.2655067
17.535 , -0.2655067
17.537 , -0.2655067
17.54 , -0.2655067
17.542 , -0.2609291
17.544 , -0.2609291
17.546 , -0.2609291
17.548 , -0.2609291
17.551 , -0.2563515
17.553 , -0.2563515
17.555 , -0.2563515
17.557 , -0.2517738
17.559 , -0.2471962
17.562 , -0.2471962
17.564 , -0.2471962
17.566 , -0.2426186
17.568 , -0.2380409
17.57 , -0.2334633
17.572 , -0.2288857
17.575 , -0.2174416
17.577 , -0.2128639
17.579 , -0.1991291
17.581 , -0.1899738
17.584 , -0.1716633
17.586 , -0.1487751
17.588 , -0.1304646
17.59 , -0.1029968
17.592 , -0.07324219
17.595 , -0.03433228
17.597 , 0.004577637
17.6 , 0.050354
17.602 , 0.09613228
17.604 , 0.1464863
17.606 , 0.199131
17.608 , 0.249485
17.611 , 0.3089962
17.613 , 0.3593502
17.615 , 0.423439
17.617 , 0.4760818
17.619 , 0.5401688
17.622 , 0.6042576
17.624 , 0.6683464
17.626 , 0.7347221
17.628 , 0.7988091
17.63 , 0.8606091
17.633 , 0.9224072
17.635 , 0.9842072
17.637 , 1.050585
17.639 , 1.114674
17.641 , 1.167316
17.644 , 1.231403
17.646 , 1.29549
17.648 , 1.341269
17.65 , 1.407646
17.652 , 1.460289
17.654 , 1.517509
17.657 , 1.577019
17.659 , 1.615931
17.661 , 1.666285
17.663 , 1.714352
17.665 , 1.760128
17.668 , 1.796751
17.67 , 1.83795
17.672 , 1.87915
17.674 , 1.906616
17.676 , 1.93866
17.678 , 1.966125
17.681 , 1.991302
17.683 , 2.023346
17.685 , 2.037079
17.687 , 2.050814
17.689 , 2.069124
17.692 , 2.087435
17.694 , 2.09659
17.696 , 2.101168
17.698 , 2.105745
17.701 , 2.105745
17.703 , 2.101168
17.705 , 2.082857
17.707 , 2.050814
17.709 , 2.023346
17.711 , 2.005035
17.714 , 1.975281
17.716 , 1.947815
17.718 , 1.906616
17.72 , 1.87915
17.722 , 1.851683
17.724 , 1.819639
17.727 , 1.792173
17.729 , 1.748684
17.731 , 1.709774
17.733 , 1.677731
17.735 , 1.643396
17.738 , 1.615931
17.74 , 1.583887
17.742 , 1.544975
17.744 , 1.512932
17.746 , 1.476311
17.748 , 1.441978
17.751 , 1.407646
17.753 , 1.364157
17.755 , 1.332113
17.757 , 1.30007
17.759 , 1.272602
17.762 , 1.240559
17.764 , 1.210804
17.766 , 1.171894
17.768 , 1.137562
17.77 , 1.110094
17.772 , 1.078051
17.775 , 1.046007
17.777 , 1.018541
17.779 , 0.9842072
17.789 , 0.8331432
17.792 , 0.7988091
17.794 , 0.7667656
17.796 , 0.7301445
17.798 , 0.7072563
17.8 , 0.6775017
17.803 , 0.6340122
17.805 , 0.5996799
17.807 , 0.5630589
17.809 , 0.5310135
17.811 , 0.5035477
17.814 , 0.4623489
17.816 , 0.4325943
17.818 , 0.3913956
17.82 , 0.3593502
17.822 , 0.3273067
17.825 , 0.286108
17.827 , 0.2586403
17.829 , 0.2265968
17.831 , 0.1945534
17.833 , 0.1579304
17.836 , 0.1281757
17.838 , 0.09613228
17.84 , 0.06866455
17.842 , 0.04119873
17.845 , 0.01373291
17.847 , -0.009155273
17.85 , -0.04348755
17.852 , -0.0617981
17.854 , -0.0869751
17.857 , -0.112154
17.859 , -0.1304646
17.861 , -0.1487751
17.863 , -0.162508
17.865 , -0.1808186
17.868 , -0.1945515
17.87 , -0.2082863
17.872 , -0.2174416
17.874 , -0.2288857
17.876 , -0.2426186
17.879 , -0.2517738
17.881 , -0.2609291
17.883 , -0.2700844
17.885 , -0.2792397
17.887 , -0.2883949
17.89 , -0.2975502
17.892 , -0.3021278
17.894 , -0.3067055
17.896 , -0.3067055
17.898 , -0.3112831
17.901 , -0.3158607
17.903 , -0.3204384
17.905 , -0.3204384
17.907 , -0.3273048
17.909 , -0.3318825
17.912 , -0.3318825
17.914 , -0.3318825
17.916 , -0.3364601
17.918 , -0.3364601
17.92 , -0.3364601
17.923 , -0.3364601
17.925 , -0.3364601
17.927 , -0.3364601
17.929 , -0.3364601
17.931 , -0.3364601
17.934 , -0.3364601
17.936 , -0.3364601
17.938 , -0.3410378
17.94 , -0.3364601
17.942 , -0.3364601
17.944 , -0.3364601
17.947 , -0.3410378
17.949 , -0.3364601
17.951 , -0.3364601
17.953 , -0.3364601
17.955 , -0.3364601
17.958 , -0.3364601
17.96 , -0.3364601
17.962 , -0.3364601
17.964 , -0.3364601
17.966 , -0.3410378
17.969 , -0.3410378
17.971 , -0.3410378
17.973 , -0.3456154
17.975 , -0.3456154
17.977 , -0.3456154
17.98 , -0.3456154
17.982 , -0.3524818
17.984 , -0.3456154
17.986 , -0.3456154
17.988 , -0.3524818
17.991 , -0.3570595
17.993 , -0.3570595
17.995 , -0.3570595
17.997 , -0.3616371
18.0 , -0.3616371
18.002 , -0.3616371
18.004 , -0.3662148
18.006 , -0.3662148
18.008 , -0.3662148
18.01 , -0.3707924
18.013 , -0.3707924
18.015 , -0.3707924
18.017 , -0.37537
18.019 , -0.37537
18.021 , -0.37537
18.023 , -0.3799477
18.026 , -0.3799477
18.028 , -0.3845253
18.03 , -0.3845253
18.032 , -0.3845253
18.034 , -0.3891048
18.037 , -0.3845253
18.039 , -0.3936825
18.041 , -0.3936825
18.043 , -0.3936825
18.045 , -0.3982601
18.048 , -0.3982601
18.05 , -0.4028378
18.052 , -0.4028378
18.054 , -0.4028378
18.056 , -0.4028378
18.059 , -0.4074154
18.061 , -0.4074154
18.063 , -0.411993
18.065 , -0.411993
18.067 , -0.411993
18.07 , -0.411993
18.072 , -0.411993
18.074 , -0.4165707
18.076 , -0.4165707
18.078 , -0.4211483
18.081 , -0.4211483
18.083 , -0.4211483
18.085 , -0.4257259
18.087 , -0.4257259
18.089 , -0.4257259
18.092 , -0.4257259
18.094 , -0.4348812
18.096 , -0.4348812
18.098 , -0.4348812
18.1 , -0.4348812
18.103 , -0.4394588
18.105 , -0.4394588
18.107 , -0.4394588
18.109 , -0.4394588
18.111 , -0.4394588
18.114 , -0.4463253
18.116 , -0.4463253
18.118 , -0.4463253
18.12 , -0.4463253
18.122 , -0.4463253
18.124 , -0.4463253
18.127 , -0.4463253
18.129 , -0.4463253
18.131 , -0.4463253
18.133 , -0.4463253
18.135 , -0.4463253
18.137 , -0.4394588
18.14 , -0.4463253
18.142 , -0.4463253
18.144 , -0.4394588
18.146 , -0.4394588
18.148 , -0.4348812
18.151 , -0.4348812
18.153 , -0.4348812
18.155 , -0.4303036
18.157 , -0.4348812
18.16 , -0.4257259
18.162 , -0.4257259
18.164 , -0.4257259
18.166 , -0.4211483
18.168 , -0.4211483
18.171 , -0.4211483
18.173 , -0.4165707
18.175 , -0.4211483
18.177 , -0.4165707
18.179 , -0.4165707
18.181 , -0.4165707
18.184 , -0.411993
18.186 , -0.411993
18.188 , -0.411993
18.19 , -0.4074154
18.192 , -0.4074154
18.195 , -0.4074154
18.197 , -0.4028378
18.199 , -0.4028378
18.201 , -0.4028378
18.203 , -0.3982601
18.206 , -0.3982601
18.208 , -0.3982601
18.21 , -0.3982601
18.212 , -0.3936825
18.214 , -0.3891048
18.217 , -0.3891048
18.219 , -0.3891048
18.221 , -0.3891048
18.223 , -0.3891048
18.225 , -0.3845253
18.228 , -0.3799477
18.23 , -0.3799477
18.232 , -0.3799477
18.234 , -0.37537
18.236 , -0.37537
18.239 , -0.37537
18.241 , -0.3707924
18.243 , -0.3707924
18.245 , -0.3662148
18.247 , -0.3616371
18.258 , -0.3524818
18.26 , -0.3524818
18.262 , -0.3456154
18.264 , -0.3456154
18.267 , -0.3410378
18.269 , -0.3410378
18.271 , -0.3364601
18.273 , -0.3364601
18.275 , -0.3318825
18.278 , -0.3318825
18.28 , -0.3318825
18.282 , -0.3318825
18.284 , -0.3273048
18.287 , -0.3273048
18.289 , -0.3273048
18.291 , -0.3204384
18.293 , -0.3204384
18.295 , -0.3204384
18.297 , -0.3204384
18.3 , -0.3204384
18.302 , -0.3273048
18.304 , -0.3204384
18.306 , -0.3204384
18.308 , -0.3204384
18.311 , -0.3273048
18.313 , -0.3204384
18.315 , -0.3273048
18.317 , -0.3204384
18.319 , -0.3273048
18.321 , -0.3273048
18.324 , -0.3318825
18.326 , -0.3318825
18.328 , -0.3364601
18.33 , -0.3364601
18.333 , -0.3364601
18.335 , -0.3410378
18.337 , -0.3410378
18.339 , -0.3410378
18.341 , -0.3410378
18.344 , -0.3456154
18.346 , -0.3456154
18.348 , -0.3524818
18.35 , -0.3456154
18.352 , -0.3456154
18.354 , -0.3456154
18.357 , -0.3456154
18.359 , -0.3456154
18.361 , -0.3410378
18.363 , -0.3364601
18.365 , -0.3410378
18.368 , -0.3364601
18.37 , -0.3364601
18.372 , -0.3318825
18.374 , -0.3318825
18.376 , -0.3273048
18.379 , -0.3318825
18.381 , -0.3273048
18.383 , -0.3273048
18.385 , -0.3204384
18.387 , -0.3204384
18.39 , -0.3204384
18.392 , -0.3158607
18.394 , -0.3112831
18.396 , -0.3112831
18.398 , -0.3067055
18.401 , -0.3067055
18.403 , -0.3021278
18.405 , -0.2975502
18.407 , -0.2975502
18.409 , -0.2929726
18.411 , -0.2883949
18.414 , -0.2838173
18.416 , -0.274662
18.418 , -0.2655067
18.42 , -0.2609291
18.422 , -0.2471962
18.425 , -0.2380409
18.427 , -0.2174416
18.429 , -0.1991291
18.431 , -0.1808186
18.433 , -0.1533527
18.436 , -0.1213093
18.438 , -0.09155273
18.44 , -0.05264282
18.443 , -0.009155273
18.445 , 0.04577637
18.447 , 0.09613228
18.45 , 0.1510639
18.452 , 0.2037086
18.454 , 0.2586403
18.456 , 0.3181515
18.458 , 0.3776627
18.461 , 0.4531937
18.463 , 0.5172806
18.465 , 0.5767918
18.467 , 0.647747
18.469 , 0.7164116
18.472 , 0.7759209
18.474 , 0.8514538
18.476 , 0.9132519
18.478 , 0.9842072
18.481 , 1.055162
18.483 , 1.123829
18.485 , 1.181049
18.487 , 1.254292
18.489 , 1.309225
18.491 , 1.37789
18.494 , 1.446556
18.496 , 1.499199
18.498 , 1.558708
18.5 , 1.620508
18.502 , 1.661707
18.505 , 1.718929
18.507 , 1.764706
18.509 , 1.815062
18.511 , 1.860838
18.513 , 1.902039
18.515 , 1.943237
18.518 , 1.970703
18.52 , 2.009613
18.522 , 2.037079
18.524 , 2.059969
18.526 , 2.082857
18.529 , 2.105745
18.531 , 2.133211
18.533 , 2.144657
18.535 , 2.15839
18.537 , 2.162968
18.539 , 2.15839
18.542 , 2.128633
18.544 , 2.101168
18.546 , 2.078279
18.548 , 2.069124
18.55 , 2.055391
18.552 , 2.018768
18.555 , 1.986725
18.557 , 1.952393
18.559 , 1.922638
18.561 , 1.892883
18.563 , 1.865417
18.566 , 1.83795
18.568 , 1.801329
18.57 , 1.764706
18.572 , 1.734951
18.574 , 1.696041
18.577 , 1.666285
18.579 , 1.629663
18.581 , 1.593042
18.583 , 1.563286
18.585 , 1.526665
18.587 , 1.499199
18.59 , 1.460289
18.592 , 1.423668
18.594 , 1.387045
18.596 , 1.350424
18.598 , 1.31838
18.601 , 1.286335
18.603 , 1.263447
18.605 , 1.226826
18.607 , 1.197071
18.609 , 1.16045
18.612 , 1.128407
18.614 , 1.100939
18.616 , 1.068895
18.618 , 1.036852
18.62 , 1.009384
18.623 , 0.9796295
18.625 , 0.9498749
18.627 , 0.9178295
18.629 , 0.8880749
18.631 , 0.8651867
18.634 , 0.8285637
18.636 , 0.7942314
18.638 , 0.762188
18.64 , 0.7347221
18.642 , 0.6958122
18.645 , 0.672924
18.647 , 0.6340122
18.649 , 0.6042576
18.651 , 0.5676365
18.653 , 0.5355911
18.656 , 0.5081253
18.658 , 0.4715042
18.66 , 0.4417496
18.662 , 0.4051285
18.664 , 0.373085
18.667 , 0.3410397
18.669 , 0.3089962
18.671 , 0.2769527
18.673 , 0.2449074
18.675 , 0.2174416
18.678 , 0.1853981
18.68 , 0.1579304
18.682 , 0.1327534
18.684 , 0.1052876
18.686 , 0.08697701
18.689 , 0.05950928
18.691 , 0.03662109
18.693 , 0.01373291
18.696 , -0.004577637
18.698 , -0.025177
18.701 , -0.04806519
18.703 , -0.06637573
18.705 , -0.08239746
18.708 , -0.1029968
18.71 , -0.1167316
18.712 , -0.1304646
18.714 , -0.1441975
18.716 , -0.1579304
18.727 , -0.2082863
18.729 , -0.2128639
18.731 , -0.2288857
18.734 , -0.2380409
18.736 , -0.2426186
18.738 , -0.2517738
18.74 , -0.2609291
18.742 , -0.2655067
18.745 , -0.274662
18.747 , -0.2838173
18.749 , -0.2883949
18.751 , -0.2929726
18.753 , -0.2975502
18.756 , -0.2975502
18.758 , -0.3067055
18.76 , -0.3112831
18.762 , -0.3158607
18.764 , -0.3158607
18.767 , -0.3204384
18.769 , -0.3273048
18.771 , -0.3318825
18.773 , -0.3318825
18.775 , -0.3364601
18.778 , -0.3364601
18.78 , -0.3410378
18.782 , -0.3456154
18.784 , -0.3524818
18.786 , -0.3524818
18.789 , -0.3570595
18.791 , -0.3570595
18.793 , -0.3570595
18.795 , -0.3616371
18.797 , -0.3616371
18.8 , -0.3662148
18.802 , -0.3707924
18.804 , -0.37537
18.806 , -0.37537
18.808 , -0.3799477
18.811 , -0.3845253
18.813 , -0.3845253
18.815 , -0.3936825
18.817 , -0.3936825
18.819 , -0.3982601
18.822 , -0.4074154
18.824 , -0.4074154
18.826 , -0.411993
18.828 , -0.4165707
18.83 , -0.4211483
18.833 , -0.4257259
18.835 , -0.4348812
18.837 , -0.4394588
18.839 , -0.4463253
18.841 , -0.4509029
18.844 , -0.4600582
18.846 , -0.4646358
18.848 , -0.4692135
18.85 , -0.4737911
18.853 , -0.4783688
18.855 , -0.4829483
18.857 , -0.4921036
18.859 , -0.4966812
18.861 , -0.5058365
18.864 , -0.5104141
18.866 , -0.5149918
18.868 , -0.5195694
18.87 , -0.5287247
18.872 , -0.5333023
18.875 , -0.5378799
18.877 , -0.5424576
18.879 , -0.5470352
18.881 , -0.5516129
18.883 , -0.5561905
18.886 , -0.5653458
18.888 , -0.5699234
18.89 , -0.574501
18.892 , -0.585947
18.894 , -0.585947
18.897 , -0.5905247
18.899 , -0.5951023
18.901 , -0.5951023
18.903 , -0.6065464
18.905 , -0.6065464
18.908 , -0.611124
18.91 , -0.611124
18.912 , -0.6157017
18.914 , -0.6202793
18.916 , -0.6248569
18.919 , -0.6248569
18.921 , -0.6294346
18.923 , -0.6340122
18.925 , -0.6340122
18.927 , -0.6340122
18.93 , -0.6385899
18.932 , -0.6385899
18.934 , -0.6385899
18.936 , -0.6431675
18.938 , -0.6431675
18.941 , -0.6431675
18.943 , -0.6431675
18.945 , -0.6477451
18.947 , -0.6477451
18.949 , -0.6477451
18.952 , -0.6477451
18.954 , -0.6477451
18.956 , -0.6477451
18.958 , -0.6523228
18.961 , -0.6523228
18.963 , -0.6523228
18.965 , -0.6523228
18.967 , -0.6523228
18.969 , -0.6523228
18.972 , -0.6523228
18.974 , -0.6477451
18.976 , -0.6477451
18.978 , -0.6477451
18.98 , -0.6477451
18.983 , -0.6431675
18.985 , -0.6431675
18.987 , -0.6431675
18.989 , -0.6431675
18.991 , -0.6431675
18.994 , -0.6385899
18.996 , -0.6340122
18.998 , -0.6340122
19.0 , -0.6340122
19.002 , -0.6294346
19.005 , -0.6294346
19.007 , -0.6248569
19.009 , -0.6248569
19.011 , -0.6248569
19.014 , -0.6202793
19.016 , -0.6157017
19.018 , -0.611124
19.02 , -0.611124
19.022 , -0.611124
19.024 , -0.6065464
19.027 , -0.6019688
19.029 , -0.5951023
19.031 , -0.5951023
19.033 , -0.585947
19.035 , -0.5905247
19.038 , -0.585947
19.04 , -0.574501
19.042 , -0.5699234
19.044 , -0.5699234
19.046 , -0.5653458
19.048 , -0.5607681
19.051 , -0.5607681
19.053 , -0.5561905
19.055 , -0.5516129
19.057 , -0.5470352
19.059 , -0.5470352
19.062 , -0.5378799
19.064 , -0.5378799
19.066 , -0.5333023
19.068 , -0.5287247
19.07 , -0.524147
19.073 , -0.5195694
19.075 , -0.5195694
19.077 , -0.5149918
19.079 , -0.5104141
19.081 , -0.5104141
19.084 , -0.5058365
19.086 , -0.5012589
19.088 , -0.5012589
19.09 , -0.4966812
19.092 , -0.4921036
19.095 , -0.4875259
19.097 , -0.4829483
19.099 , -0.4783688
19.101 , -0.4737911
19.104 , -0.4692135
19.106 , -0.4692135
19.108 , -0.4600582
19.11 , -0.4600582
19.112 , -0.4509029
19.115 , -0.4463253
19.117 , -0.4394588
19.119 , -0.4394588
19.121 , -0.4348812
19.123 , -0.4303036
19.126 , -0.4257259
19.128 , -0.4211483
19.13 , -0.4211483
19.132 , -0.411993
19.134 , -0.4074154
19.136 , -0.4074154
19.139 , -0.4074154
19.141 , -0.4028378
19.143 , -0.4028378
19.145 , -0.3982601
19.147 , -0.3982601
19.15 , -0.3936825
19.152 , -0.3936825
19.154 , -0.3936825
19.156 , -0.3936825
19.158 , -0.3936825
19.161 , -0.3891048
19.163 , -0.3891048
19.165 , -0.3891048
19.167 , -0.3891048
19.169 , -0.3845253
19.172 , -0.3891048
19.174 , -0.3845253
19.176 , -0.3891048
19.178 , -0.3891048
19.18 , -0.3891048
19.183 , -0.3891048
19.185 , -0.3891048
19.195 , -0.3891048
19.198 , -0.3891048
19.2 , -0.3891048
19.202 , -0.3845253
19.204 , -0.3891048
19.206 , -0.3845253
19.208 , -0.3845253
19.211 , -0.3799477
19.213 , -0.3799477
19.215 , -0.37537
19.217 , -0.37537
19.22 , -0.3707924
19.222 , -0.3707924
19.224 , -0.3662148
19.226 , -0.3662148
19.228 , -0.3616371
19.23 , -0.3616371
19.233 , -0.3570595
19.235 , -0.3570595
19.237 , -0.3570595
19.239 , -0.3524818
19.242 , -0.3456154
19.244 , -0.3456154
19.246 , -0.3410378
19.248 , -0.3410378
19.25 , -0.3318825
19.252 , -0.3318825
19.255 , -0.3273048
19.257 , -0.3204384
19.259 , -0.3158607
19.261 , -0.3112831
19.264 , -0.3067055
19.266 , -0.3021278
19.268 , -0.2929726
19.27 , -0.2883949
19.272 , -0.274662
19.275 , -0.2655067
19.277 , -0.2471962
19.279 , -0.2288857
19.281 , -0.2082863
19.283 , -0.1899738
19.286 , -0.1579304
19.288 , -0.1258869
19.29 , -0.09155273
19.292 , -0.04806519
19.295 , 0.004577637
19.297 , 0.05493164
19.3 , 0.1098652
19.302 , 0.162508
19.304 , 0.2174416
19.306 , 0.2677956
19.308 , 0.336462
19.31 , 0.4051285
19.313 , 0.4760818
19.315 , 0.5355911
19.317 , 0.6042576
19.319 , 0.672924
19.321 , 0.7438774
19.324 , 0.8239861
19.326 , 0.8834972
19.328 , 0.961319
19.33 , 1.036852
19.332 , 1.100939
19.335 , 1.171894
19.337 , 1.235981
19.339 , 1.309225
19.341 , 1.382467
19.343 , 1.446556
19.345 , 1.512932
19.348 , 1.572441
19.35 , 1.638819
19.352 , 1.705196
19.354 , 1.753262
19.356 , 1.810484
19.359 , 1.860838
19.361 , 1.915771
19.363 , 1.952393
19.365 , 1.99588
19.367 , 2.041656
19.369 , 2.073702
19.372 , 2.110323
19.374 , 2.133211
19.376 , 2.167545
19.378 , 2.192722
19.38 , 2.211033
19.382 , 2.224766
19.385 , 2.224766
19.387 , 2.206455
19.389 , 2.183567
19.391 , 2.162968
19.393 , 2.15839
19.396 , 2.140078
19.398 , 2.114901
19.4 , 2.082857
19.402 , 2.059969
19.404 , 2.041656
19.407 , 2.005035
19.409 , 1.970703
19.411 , 1.95697
19.413 , 1.93866
19.415 , 1.902039
19.417 , 1.860838
19.42 , 1.828794
19.422 , 1.810484
19.424 , 1.792173
19.426 , 1.753262
19.428 , 1.725796
19.431 , 1.686886
19.433 , 1.652552
19.435 , 1.629663
19.437 , 1.59762
19.439 , 1.558708
19.442 , 1.531242
19.444 , 1.499199
19.446 , 1.480888
19.448 , 1.441978
19.45 , 1.407646
19.452 , 1.37789
19.455 , 1.345846
19.457 , 1.313803
19.459 , 1.286335
19.461 , 1.254292
19.463 , 1.226826
19.466 , 1.201649
19.468 , 1.167316
19.47 , 1.142139
19.472 , 1.114674
19.474 , 1.082628
19.477 , 1.05974
19.479 , 1.032274
19.481 , 1.004807
19.483 , 0.9704742
19.485 , 0.9407196
19.487 , 0.9063854
19.49 , 0.8789196
19.492 , 0.8514538
19.494 , 0.8285637
19.496 , 0.7942314
19.498 , 0.7667656
19.501 , 0.7347221
19.503 , 0.7026787
19.505 , 0.672924
19.507 , 0.6385899
19.51 , 0.5996799
19.512 , 0.5722141
19.514 , 0.5493259
19.516 , 0.5172806
19.518 , 0.4943924
19.521 , 0.4577713
19.523 , 0.4280167
19.525 , 0.4005508
19.527 , 0.373085
19.529 , 0.3456173
19.532 , 0.3181515
19.534 , 0.3044186
19.536 , 0.2723751
19.538 , 0.2540627
19.54 , 0.2311745
19.542 , 0.2220192
19.545 , 0.199131
19.547 , 0.1762428
19.549 , 0.1510639
19.551 , 0.137331
19.553 , 0.1281757
19.555 , 0.1098652
19.558 , 0.09613228
19.56 , 0.08697701
19.562 , 0.07324219
19.565 , 0.05950928
19.567 , 0.050354
19.57 , 0.03662109
19.572 , 0.02288818
19.574 , 0.01373291
19.577 , 0.004577637
19.579 , -0.004577637
19.581 , -0.01602173
19.584 , -0.025177
19.586 , -0.02975464
19.589 , -0.03890991
19.591 , -0.04348755
19.593 , -0.04806519
19.596 , -0.05264282
19.598 , -0.0617981
19.6 , -0.06637573
19.603 , -0.07781982
19.605 , -0.07781982
19.608 , -0.08239746
19.61 , -0.09155273
19.612 , -0.09155273
19.615 , -0.1029968
19.617 , -0.1075764
19.619 , -0.112154
19.621 , -0.112154
19.623 , -0.1167316
19.625 , -0.1213093
19.628 , -0.1304646
19.63 , -0.1304646
19.632 , -0.1396198
19.634 , -0.1441975
19.636 , -0.1487751
19.639 , -0.1487751
19.641 , -0.1533527
19.643 , -0.162508
19.645 , -0.1670856
19.647 , -0.1716633
19.65 , -0.1762409
19.652 , -0.1808186
19.654 , -0.1853962
19.656 , -0.1899738
19.667 , -0.2174416
19.669 , -0.2220192
19.671 , -0.2334633
19.673 , -0.2380409
19.675 , -0.2471962
19.678 , -0.2517738
19.68 , -0.2609291
19.682 , -0.2655067
19.684 , -0.274662
19.687 , -0.2883949
19.689 , -0.2975502
19.691 , -0.3021278
19.693 , -0.3158607
19.695 , -0.3204384
19.698 , -0.3364601
19.7 , -0.3410378
19.702 , -0.3524818
19.704 , -0.3662148
19.706 , -0.3799477
19.709 , -0.3845253
19.711 , -0.3982601
19.713 , -0.411993
19.715 , -0.4165707
19.718 , -0.4303036
19.72 , -0.4463253
19.722 , -0.4600582
19.724 , -0.4692135
19.726 , -0.4783688
19.728 , -0.4875259
19.731 , -0.5012589
19.733 , -0.5058365
19.735 , -0.5195694
19.737 , -0.5287247
19.74 , -0.5378799
19.742 , -0.5470352
19.744 , -0.5561905
19.746 , -0.5653458
19.748 , -0.5699234
19.751 , -0.585947
19.753 , -0.5951023
19.755 , -0.6065464
19.757 , -0.6157017
19.76 , -0.6202793
19.762 , -0.6340122
19.764 , -0.6385899
19.766 , -0.6477451
19.768 , -0.6523228
19.771 , -0.6683445
19.773 , -0.6683445
19.775 , -0.6775017
19.777 , -0.686657
19.779 , -0.6912346
19.782 , -0.7003899
19.784 , -0.7049675
19.786 , -0.7141228
19.788 , -0.723278
19.791 , -0.7278557
19.793 , -0.737011
19.795 , -0.7415886
19.797 , -0.7507439
19.799 , -0.7553215
19.802 , -0.7598991
19.804 , -0.7644768
19.806 , -0.7690544
19.808 , -0.773632
19.81 , -0.7782097
19.813 , -0.7782097
19.815 , -0.787365
19.817 , -0.787365
19.819 , -0.7919426
19.822 , -0.7965202
19.824 , -0.8010979
19.826 , -0.7965202
19.828 , -0.7965202
19.83 , -0.8010979
19.833 , -0.7965202
19.835 , -0.7965202
19.837 , -0.7965202
19.839 , -0.8010979
19.841 , -0.7965202
19.844 , -0.7965202
19.846 , -0.7965202
19.848 , -0.7965202
19.85 , -0.7965202
19.852 , -0.7965202
19.855 , -0.7919426
19.857 , -0.7919426
19.859 , -0.7919426
19.861 , -0.7919426
19.864 , -0.7919426
19.866 , -0.7782097
19.868 , -0.787365
19.87 , -0.7782097
19.872 , -0.7782097
19.875 , -0.773632
19.877 , -0.773632
19.879 , -0.7690544
19.881 , -0.7644768
19.884 , -0.7644768
19.886 , -0.7598991
19.888 , -0.7553215
19.89 , -0.7553215
19.892 , -0.7461662
19.895 , -0.7461662
19.897 , -0.7415886
19.899 , -0.7415886
19.901 , -0.7278557
19.904 , -0.7278557
19.906 , -0.723278
19.908 , -0.7187004
19.91 , -0.7141228
19.912 , -0.7095451
19.915 , -0.7003899
19.917 , -0.7003899
19.919 , -0.6958122
19.921 , -0.6912346
19.923 , -0.6820793
19.926 , -0.6820793
19.928 , -0.6775017
19.93 , -0.672924
19.932 , -0.6683445
19.934 , -0.6569004
19.937 , -0.6569004
19.939 , -0.6477451
19.941 , -0.6431675
19.943 , -0.6385899
19.945 , -0.6340122
19.948 , -0.6294346
19.95 , -0.6248569
19.952 , -0.6202793
19.954 , -0.6157017
19.956 , -0.611124
19.959 , -0.6065464
19.961 , -0.6019688
19.963 , -0.5951023
19.965 , -0.5905247
19.967 , -0.5813694
19.97 , -0.5699234
19.972 , -0.5699234
19.974 , -0.5607681
19.976 , -0.5561905
19.978 , -0.5516129
19.981 , -0.5470352
19.983 , -0.5470352
19.985 , -0.5424576
19.987 , -0.5378799
19.99 , -0.5333023
19.992 , -0.5287247
19.994 , -0.524147
19.996 , -0.524147
19.998 , -0.5195694
20.001 , -0.5149918
20.003 , -0.5149918
20.005 , -0.5149918
20.007 , -0.5104141
20.009 , -0.5149918
20.012 , -0.5104141
20.014 , -0.5104141
20.016 , -0.5058365
20.018 , -0.5058365
20.02 , -0.5058365
20.022 , -0.5058365
20.025 , -0.5058365
20.027 , -0.5058365
20.029 , -0.5058365
20.031 , -0.5058365
20.033 , -0.5058365
20.036 , -0.5104141
20.038 , -0.5058365
20.04 , -0.5104141
20.042 , -0.5104141
20.044 , -0.5149918
20.046 , -0.5104141
20.049 , -0.5149918
20.051 , -0.5149918
20.053 , -0.5195694
20.055 , -0.5195694
20.057 , -0.5195694
20.06 , -0.5195694
20.062 , -0.524147
20.064 , -0.5195694
20.066 , -0.5195694
20.068 , -0.5195694
20.071 , -0.5149918
20.073 , -0.5149918
20.075 , -0.5149918
20.077 , -0.5195694
20.08 , -0.5149918
20.082 , -0.5149918
20.084 , -0.5149918
20.086 , -0.5104141
20.088 , -0.5104141
20.09 , -0.5058365
20.093 , -0.5058365
20.095 , -0.5058365
20.097 , -0.5012589
20.099 , -0.5012589
20.101 , -0.5012589
20.103 , -0.5012589
20.106 , -0.4966812
20.108 , -0.4921036
20.11 , -0.4921036
20.112 , -0.4875259
20.114 , -0.4875259
20.117 , -0.4829483
20.119 , -0.4829483
20.121 , -0.4783688
20.123 , -0.4737911
20.125 , -0.4737911
20.136 , -0.4463253
20.138 , -0.4394588
20.14 , -0.4257259
20.142 , -0.411993
20.145 , -0.4028378
20.147 , -0.3799477
20.149 , -0.3570595
20.151 , -0.3318825
20.153 , -0.2975502
20.156 , -0.2655067
20.158 , -0.2334633
20.16 , -0.1853962
20.162 , -0.1487751
20.164 , -0.09841919
20.167 , -0.04348755
20.169 , 0.02288818
20.171 , 0.07781982
20.174 , 0.1419086
20.176 , 0.2128639
20.178 , 0.2769527
20.18 , 0.3501949
20.182 , 0.4280167
20.185 , 0.4943924
20.187 , 0.5676365
20.189 , 0.647747
20.191 , 0.7164116
20.193 , 0.7942314
20.196 , 0.8606091
20.198 , 0.9407196
20.2 , 1.023119
20.202 , 1.091784
20.204 , 1.167316
20.206 , 1.235981
20.209 , 1.313803
20.211 , 1.391623
20.213 , 1.460289
20.215 , 1.53582
20.217 , 1.593042
20.219 , 1.657129
20.222 , 1.714352
20.224 , 1.773863
20.226 , 1.824217
20.228 , 1.883728
20.23 , 1.927216
20.232 , 1.975281
20.235 , 2.009613
20.237 , 2.050814
20.239 , 2.092012
20.241 , 2.114901
20.243 , 2.140078
20.245 , 2.162968
20.247 , 2.162968
20.25 , 2.153812
20.252 , 2.128633
20.254 , 2.119478
20.256 , 2.110323
20.258 , 2.101168
20.26 , 2.069124
20.263 , 2.050814
20.265 , 2.032501
20.267 , 2.018768
20.269 , 1.986725
20.271 , 1.934082
20.273 , 1.922638
20.276 , 1.906616
20.278 , 1.883728
20.28 , 1.83795
20.282 , 1.801329
20.284 , 1.787596
20.287 , 1.764706
20.289 , 1.734951
20.291 , 1.691463
20.293 , 1.657129
20.295 , 1.634241
20.297 , 1.606775
20.299 , 1.577019
20.302 , 1.53582
20.304 , 1.508354
20.306 , 1.480888
20.308 , 1.451134
20.31 , 1.41909
20.312 , 1.387045
20.315 , 1.350424
20.317 , 1.327536
20.319 , 1.30007
20.321 , 1.272602
20.323 , 1.235981
20.325 , 1.206226
20.328 , 1.176472
20.33 , 1.151295
20.332 , 1.123829
20.334 , 1.096361
20.336 , 1.068895
20.338 , 1.04143
20.341 , 1.013962
20.343 , 0.9887848
20.345 , 0.961319
20.347 , 0.9315643
20.349 , 0.9018078
20.351 , 0.874342
20.354 , 0.8560314
20.356 , 0.8239861
20.358 , 0.7988091
20.36 , 0.7713432
20.362 , 0.7438774
20.365 , 0.7164116
20.367 , 0.686657
20.369 , 0.6637688
20.371 , 0.6385899
20.373 , 0.5996799
20.376 , 0.5722141
20.378 , 0.5493259
20.38 , 0.5218582
20.382 , 0.5035477
20.384 , 0.4760818
20.387 , 0.448616
20.389 , 0.4280167
20.391 , 0.4051285
20.393 , 0.3822403
20.395 , 0.3685074
20.398 , 0.3456173
20.4 , 0.3318844
20.402 , 0.3181515
20.404 , 0.3044186
20.406 , 0.286108
20.408 , 0.2769527
20.411 , 0.2632179
20.413 , 0.2540627
20.415 , 0.2449074
20.417 , 0.2403297
20.419 , 0.2311745
20.421 , 0.2220192
20.424 , 0.2174416
20.426 , 0.2128639
20.428 , 0.2037086
20.43 , 0.199131
20.432 , 0.199131
20.435 , 0.1945534
20.437 , 0.1853981
20.439 , 0.1853981
20.441 , 0.1808205
20.443 , 0.1716633
20.445 , 0.1762428
20.448 , 0.1762428
20.45 , 0.1670856
20.452 , 0.1670856
20.454 , 0.1670856
20.456 , 0.162508
20.459 , 0.162508
20.461 , 0.162508
20.463 , 0.1579304
20.465 , 0.1579304
20.467 , 0.1510639
20.47 , 0.1510639
20.472 , 0.1464863
20.474 , 0.1419086
20.476 , 0.1419086
20.478 , 0.137331
20.48 , 0.1327534
20.483 , 0.137331
20.485 , 0.1327534
20.487 , 0.1281757
20.489 , 0.1281757
20.491 , 0.1235981
20.494 , 0.1190205
20.496 , 0.1190205
20.498 , 0.1144428
20.5 , 0.1098652
20.502 , 0.1052876
20.504 , 0.1007099
20.507 , 0.1007099
20.509 , 0.09613228
20.511 , 0.09155464
20.513 , 0.08697701
20.516 , 0.08239937
20.518 , 0.07781982
20.52 , 0.07324219
20.523 , 0.06408691
20.525 , 0.05950928
20.527 , 0.05493164
20.53 , 0.050354
20.532 , 0.04119873
20.534 , 0.03662109
20.537 , 0.02746582
20.539 , 0.01373291
20.541 , 0.009155273
20.544 , -0.004577637
20.546 , -0.009155273
20.549 , -0.025177
20.551 , -0.03433228
20.553 , -0.04348755
20.556 , -0.05264282
20.558 , -0.0617981
20.561 , -0.07781982
20.563 , -0.09155273
20.565 , -0.1029968
20.567 , -0.112154
20.57 , -0.1258869
20.572 , -0.1396198
20.574 , -0.1487751
20.576 , -0.162508
20.578 , -0.1716633
20.581 , -0.1853962
20.583 , -0.1945515
20.585 , -0.2082863
20.587 , -0.2174416
20.589 , -0.2288857
20.592 , -0.2426186
20.594 , -0.2517738
20.604 , -0.3112831
20.606 , -0.3158607
20.609 , -0.3318825
20.611 , -0.3456154
20.613 , -0.3524818
20.615 , -0.3662148
20.617 , -0.37537
20.62 , -0.3891048
20.622 , -0.3982601
20.624 , -0.4074154
20.626 , -0.4165707
20.628 , -0.4257259
20.63 , -0.4394588
20.633 , -0.4554806
20.635 , -0.4646358
20.637 , -0.4737911
20.639 , -0.4829483
20.642 , -0.4921036
20.644 , -0.5012589
20.646 , -0.5149918
20.648 , -0.524147
20.65 , -0.5333023
20.653 , -0.5424576
20.655 , -0.5470352
20.657 , -0.5561905
20.659 , -0.5653458
20.661 , -0.574501
20.664 , -0.585947
20.666 , -0.5951023
20.668 , -0.6019688
20.67 , -0.6157017
20.672 , -0.6202793
20.675 , -0.6248569
20.677 , -0.6340122
20.679 , -0.6385899
20.681 , -0.6431675
20.683 , -0.6477451
20.686 , -0.6569004
20.688 , -0.661478
20.69 , -0.6683445
20.692 , -0.6775017
20.694 , -0.6820793
20.697 , -0.686657
20.699 , -0.6912346
20.701 , -0.6912346
20.703 , -0.6958122
20.705 , -0.7003899
20.708 , -0.7049675
20.71 , -0.7095451
20.712 , -0.7141228
20.714 , -0.7141228
20.716 , -0.7141228
20.719 , -0.7187004
20.721 , -0.7187004
20.723 , -0.7187004
20.725 , -0.723278
20.727 , -0.723278
20.729 , -0.7278557
20.732 , -0.7278557
20.734 , -0.7278557
20.736 , -0.7278557
20.738 , -0.7278557
20.74 , -0.7278557
20.743 , -0.7278557
20.745 , -0.7278557
20.747 , -0.723278
20.749 , -0.7278557
20.752 , -0.723278
20.754 , -0.7187004
20.756 , -0.7187004
20.758 , -0.7187004
20.76 , -0.7141228
20.762 , -0.7141228
20.765 , -0.7141228
20.767 , -0.7095451
20.769 , -0.7095451
20.771 , -0.7049675
20.774 , -0.7003899
20.776 , -0.7003899
20.778 , -0.6958122
20.78 , -0.6912346
20.782 , -0.6912346
20.785 , -0.686657
20.787 , -0.6820793
20.789 , -0.6820793
20.791 , -0.6820793
20.793 , -0.6775017
20.796 , -0.672924
20.798 , -0.6683445
20.8 , -0.661478
20.802 , -0.6569004
20.804 , -0.6523228
20.807 , -0.6477451
20.809 , -0.6477451
20.811 , -0.6431675
20.813 , -0.6385899
20.815 , -0.6340122
20.818 , -0.6294346
20.82 , -0.6294346
20.822 , -0.6294346
20.824 , -0.6202793
20.826 , -0.6202793
20.829 , -0.6157017
20.831 , -0.6157017
20.833 , -0.611124
20.835 , -0.611124
20.837 , -0.6065464
20.84 , -0.6019688
20.842 , -0.5951023
20.844 , -0.5951023
20.846 , -0.5905247
20.848 , -0.5905247
20.851 , -0.585947
20.853 , -0.585947
20.855 , -0.5813694
20.857 , -0.574501
20.859 , -0.574501
20.862 , -0.5699234
20.864 , -0.574501
20.866 , -0.5699234
20.868 , -0.5699234
20.87 , -0.5699234
20.873 , -0.5699234
20.875 , -0.5653458
20.877 , -0.5699234
20.879 , -0.5699234
20.881 , -0.5699234
20.884 , -0.574501
20.886 , -0.574501
20.888 , -0.574501
20.89 , -0.585947
20.892 , -0.585947
20.894 , -0.5813694
20.897 , -0.585947
20.899 , -0.585947
20.901 , -0.585947
20.903 , -0.585947
20.906 , -0.585947
20.908 , -0.574501
20.91 , -0.574501
20.912 , -0.574501
20.914 , -0.574501
20.916 , -0.574501
20.919 , -0.5699234
20.921 , -0.5653458
20.923 , -0.5653458
20.925 , -0.5653458
20.927 , -0.5607681
20.93 , -0.5607681
20.932 , -0.5561905
20.934 , -0.5561905
20.936 , -0.5561905
20.938 , -0.5516129
20.941 , -0.5516129
20.943 , -0.5470352
20.945 , -0.5424576
20.947 , -0.5424576
20.949 , -0.5424576
20.952 , -0.5333023
20.954 , -0.5287247
20.956 , -0.5287247
20.958 , -0.524147
20.96 , -0.5195694
20.963 , -0.5195694
20.965 , -0.5149918
20.967 , -0.5104141
20.969 , -0.5012589
20.971 , -0.5012589
20.974 , -0.4921036
20.976 , -0.4875259
20.978 , -0.4783688
20.98 , -0.4692135
20.982 , -0.4509029
20.985 , -0.4348812
20.987 , -0.411993
20.989 , -0.3891048
20.991 , -0.3616371
20.993 , -0.3318825
20.996 , -0.2883949
20.998 , -0.2563515
21.0 , -0.2082863
21.002 , -0.1670856
21.004 , -0.1167316
21.007 , -0.05722046
21.009 , 0.004577637
21.011 , 0.06866455
21.014 , 0.1327534
21.016 , 0.199131
21.018 , 0.2677956
21.02 , 0.336462
21.022 , 0.4142838
21.024 , 0.4943924
21.027 , 0.5584812
21.029 , 0.6431694
21.031 , 0.711834
21.033 , 0.7896538
21.035 , 0.8606091
21.038 , 0.9452972
21.04 , 1.027697
21.042 , 1.096361
21.044 , 1.176472
21.046 , 1.249714
21.048 , 1.332113
21.051 , 1.396202
21.053 , 1.480888
21.055 , 1.554131
21.057 , 1.606775
21.059 , 1.682308
21.061 , 1.730373
21.072 , 1.986725
21.074 , 2.032501
21.076 , 2.064547
21.078 , 2.101168
21.08 , 2.114901
21.083 , 2.119478
21.085 , 2.110323
21.087 , 2.101168
21.089 , 2.101168
21.091 , 2.101168
21.094 , 2.082857
21.096 , 2.055391
21.098 , 2.041656
21.1 , 2.032501
21.102 , 2.018768
21.104 , 1.991302
21.106 , 1.970703
21.109 , 1.93866
21.111 , 1.911194
21.113 , 1.897461
21.115 , 1.883728
21.117 , 1.847105
21.119 , 1.815062
21.122 , 1.792173
21.124 , 1.783018
21.126 , 1.753262
21.128 , 1.718929
21.13 , 1.686886
21.132 , 1.657129
21.135 , 1.643396
21.137 , 1.615931
21.139 , 1.588465
21.141 , 1.554131
21.143 , 1.531242
21.145 , 1.503777
21.148 , 1.476311
21.15 , 1.446556
21.152 , 1.412224
21.154 , 1.382467
21.156 , 1.350424
21.158 , 1.327536
21.161 , 1.30007
21.163 , 1.272602
21.165 , 1.254292
21.167 , 1.226826
21.169 , 1.197071
21.171 , 1.167316
21.174 , 1.146717
21.176 , 1.119251
21.178 , 1.096361
21.18 , 1.068895
21.182 , 1.046007
21.184 , 1.023119
21.187 , 0.9933624
21.189 , 0.9704742
21.191 , 0.9452972
21.193 , 0.9178295
21.195 , 0.8926525
21.197 , 0.8651867
21.2 , 0.8422985
21.202 , 0.8079643
21.204 , 0.7896538
21.206 , 0.7576103
21.208 , 0.7301445
21.21 , 0.7072563
21.213 , 0.6775017
21.215 , 0.6523247
21.217 , 0.6202793
21.219 , 0.5905247
21.221 , 0.5722141
21.224 , 0.5493259
21.226 , 0.5264359
21.228 , 0.49897
21.23 , 0.4760818
21.232 , 0.4577713
21.234 , 0.4325943
21.237 , 0.4142838
21.239 , 0.3913956
21.241 , 0.3685074
21.243 , 0.3593502
21.245 , 0.3410397
21.247 , 0.3273067
21.25 , 0.3089962
21.252 , 0.3044186
21.254 , 0.286108
21.256 , 0.2815304
21.258 , 0.2677956
21.261 , 0.2586403
21.263 , 0.2540627
21.265 , 0.249485
21.267 , 0.2403297
21.269 , 0.2357521
21.272 , 0.2311745
21.274 , 0.2220192
21.276 , 0.2220192
21.278 , 0.2128639
21.28 , 0.2082863
21.282 , 0.2082863
21.285 , 0.2037086
21.287 , 0.199131
21.289 , 0.1945534
21.291 , 0.1853981
21.293 , 0.1853981
21.296 , 0.1808205
21.298 , 0.1853981
21.3 , 0.1808205
21.302 , 0.1762428
21.304 , 0.1762428
21.306 , 0.1716633
21.309 , 0.1670856
21.311 , 0.162508
21.313 , 0.162508
21.315 , 0.1579304
21.317 , 0.1579304
21.32 , 0.1579304
21.322 , 0.1510639
21.324 , 0.1510639
21.326 , 0.1464863
21.328 , 0.1419086
21.33 , 0.1464863
21.333 , 0.137331
21.335 , 0.1327534
21.337 , 0.1327534
21.339 , 0.1281757
21.341 , 0.1235981
21.344 , 0.1190205
21.346 , 0.1144428
21.348 , 0.1144428
21.35 , 0.1052876
21.352 , 0.1052876
21.354 , 0.1007099
21.357 , 0.09613228
21.359 , 0.09155464
21.361 , 0.08239937
21.364 , 0.08239937
21.366 , 0.07324219
21.368 , 0.06866455
21.371 , 0.06408691
21.373 , 0.05493164
21.375 , 0.050354
21.378 , 0.04119873
21.38 , 0.03662109
21.382 , 0.02288818
21.385 , 0.01373291
21.387 , 0.004577637
21.389 , -0.004577637
21.392 , -0.02059937
21.394 , -0.025177
21.396 , -0.03433228
21.399 , -0.04348755
21.401 , -0.05722046
21.404 , -0.06637573
21.406 , -0.07781982
21.408 , -0.0869751
21.411 , -0.1029968
21.413 , -0.112154
21.415 , -0.1258869
21.417 , -0.1350422
21.419 , -0.1441975
21.421 , -0.1579304
21.424 , -0.1670856
21.426 , -0.1808186
21.428 , -0.1945515
21.43 , -0.2037086
21.432 , -0.2128639
21.435 , -0.2288857
21.437 , -0.2426186
21.439 , -0.2517738
21.441 , -0.2609291
21.443 , -0.274662
21.446 , -0.2929726
21.448 , -0.3021278
21.45 , -0.3112831
21.452 , -0.3273048
21.454 , -0.3410378
21.457 , -0.3524818
21.459 , -0.3616371
21.461 , -0.3707924
21.463 , -0.3845253
21.465 , -0.3982601
21.468 , -0.4074154
21.47 , -0.4211483
21.472 , -0.4348812
21.474 , -0.4463253
21.476 , -0.4554806
21.478 , -0.4646358
21.481 , -0.4783688
21.483 , -0.4875259
21.485 , -0.4966812
21.487 , -0.5104141
21.489 , -0.5195694
21.492 , -0.5287247
21.494 , -0.5378799
21.496 , -0.5516129
21.498 , -0.5607681
21.5 , -0.5699234
21.503 , -0.585947
21.505 , -0.6019688
21.507 , -0.6065464
21.509 , -0.6157017
21.511 , -0.6248569
21.514 , -0.6340122
21.516 , -0.6431675
21.518 , -0.6523228
21.52 , -0.661478
21.522 , -0.672924
21.524 , -0.6820793
21.527 , -0.6912346
21.529 , -0.6958122
21.539 , -0.737011
21.541 , -0.7415886
21.544 , -0.7507439
21.546 , -0.7553215
21.548 , -0.7598991
21.55 , -0.7690544
21.552 , -0.773632
21.555 , -0.787365
21.557 , -0.7919426
21.559 , -0.7965202
21.561 , -0.8010979
21.563 , -0.8010979
21.566 , -0.8102531
21.568 , -0.8148308
21.57 , -0.8148308
21.572 , -0.8194084
21.574 , -0.8239861
21.577 , -0.8239861
21.579 , -0.8285637
21.581 , -0.8285637
21.583 , -0.8354301
21.585 , -0.8400078
21.588 , -0.8400078
21.59 , -0.8400078
21.592 , -0.8400078
21.594 , -0.8445854
21.597 , -0.8445854
21.599 , -0.8445854
21.601 , -0.8445854
21.603 , -0.8445854
21.605 , -0.8514519
21.607 , -0.8445854
21.61 , -0.8445854
21.612 , -0.8445854
21.614 , -0.8400078
21.616 , -0.8400078
21.618 , -0.8400078
21.621 , -0.8354301
21.623 , -0.8400078
21.625 , -0.8354301
21.627 , -0.8354301
21.629 , -0.8285637
21.632 , -0.8285637
21.634 , -0.8239861
21.636 , -0.8239861
21.638 , -0.8194084
21.64 , -0.8148308
21.643 , -0.8148308
21.645 , -0.8102531
21.647 , -0.8056755
21.649 , -0.8010979
21.651 , -0.8010979
21.654 , -0.8010979
21.656 , -0.7965202
21.658 , -0.7919426
21.66 , -0.787365
21.662 , -0.7782097
21.665 , -0.7782097
21.667 , -0.773632
21.669 , -0.7690544
21.671 , -0.7644768
21.673 , -0.7644768
21.676 , -0.7598991
21.678 , -0.7553215
21.68 , -0.7507439
21.682 , -0.7507439
21.684 , -0.7461662
21.687 , -0.7461662
21.689 , -0.7415886
21.691 , -0.7415886
21.693 , -0.7324333
21.695 , -0.7324333
21.698 , -0.7278557
21.7 , -0.7278557
21.702 , -0.723278
21.704 , -0.723278
21.706 , -0.7187004
21.709 , -0.7187004
21.711 , -0.7141228
21.713 , -0.7141228
21.715 , -0.7141228
21.717 , -0.7141228
21.72 , -0.7141228
21.722 , -0.7141228
21.724 , -0.7141228
21.726 , -0.7141228
21.728 , -0.7141228
21.731 , -0.7141228
21.733 , -0.7095451
21.735 , -0.7095451
21.737 , -0.7141228
21.739 , -0.7141228
21.742 , -0.7141228
21.744 , -0.7095451
21.746 , -0.7095451
21.748 , -0.7049675
21.75 , -0.7003899
21.753 , -0.7003899
21.755 , -0.7003899
21.757 , -0.6958122
21.759 , -0.6958122
21.761 , -0.6912346
21.764 , -0.686657
21.766 , -0.686657
21.768 , -0.6820793
21.77 , -0.6820793
21.772 , -0.6775017
21.775 , -0.672924
21.777 , -0.6683445
21.779 , -0.661478
21.781 , -0.6569004
21.783 , -0.6523228
21.786 , -0.6477451
21.788 , -0.6431675
21.79 , -0.6385899
21.792 , -0.6340122
21.794 , -0.6294346
21.797 , -0.6248569
21.799 , -0.6202793
21.801 , -0.611124
21.803 , -0.6065464
21.805 , -0.5951023
21.807 , -0.5905247
21.81 , -0.585947
21.812 , -0.5699234
21.814 , -0.5607681
21.816 , -0.5470352
21.819 , -0.5378799
21.821 , -0.5149918
21.823 , -0.4966812
21.825 , -0.4737911
21.827 , -0.4509029
21.83 , -0.411993
21.832 , -0.3799477
21.834 , -0.3410378
21.836 , -0.2975502
21.838 , -0.2517738
21.841 , -0.1991291
21.843 , -0.1441975
21.845 , -0.0869751
21.847 , -0.009155273
21.85 , 0.05950928
21.852 , 0.1281757
21.854 , 0.199131
21.856 , 0.2677956
21.859 , 0.336462
21.861 , 0.423439
21.863 , 0.4943924
21.865 , 0.5722141
21.867 , 0.6637688
21.87 , 0.7347221
21.872 , 0.8033867
21.874 , 0.9063854
21.876 , 0.9842072
21.878 , 1.068895
21.881 , 1.137562
21.883 , 1.231403
21.885 , 1.31838
21.887 , 1.387045
21.889 , 1.471733
21.891 , 1.544975
21.894 , 1.606775
21.896 , 1.677731
21.898 , 1.734951
21.9 , 1.796751
21.902 , 1.85626
21.904 , 1.902039
21.907 , 1.95697
21.909 , 1.99588
21.911 , 2.037079
21.913 , 2.059969
21.915 , 2.069124
21.918 , 2.055391
21.92 , 2.055391
21.922 , 2.059969
21.924 , 2.059969
21.926 , 2.041656
21.928 , 2.023346
21.931 , 2.009613
21.933 , 1.99588
21.935 , 1.986725
21.937 , 1.966125
21.939 , 1.943237
21.942 , 1.922638
21.944 , 1.892883
21.946 , 1.865417
21.948 , 1.847105
21.95 , 1.83795
21.953 , 1.815062
21.955 , 1.77844
21.957 , 1.748684
21.959 , 1.744106
21.961 , 1.718929
21.963 , 1.691463
21.966 , 1.652552
21.968 , 1.634241
21.97 , 1.615931
21.972 , 1.593042
21.974 , 1.563286
21.977 , 1.526665
21.979 , 1.499199
21.981 , 1.480888
21.983 , 1.455711
21.985 , 1.428246
21.987 , 1.396202
21.99 , 1.359579
21.992 , 1.336691
21.994 , 1.313803
21.996 , 1.286335
22.007 , 1.171894
22.009 , 1.142139
22.011 , 1.123829
22.013 , 1.100939
22.015 , 1.073473
22.017 , 1.055162
22.02 , 1.027697
22.022 , 1.009384
22.024 , 0.9842072
22.026 , 0.961319
22.028 , 0.936142
22.03 , 0.9132519
22.033 , 0.8834972
22.035 , 0.8560314
22.037 , 0.8331432
22.039 , 0.8079643
22.041 , 0.7850761
22.043 , 0.7530327
22.046 , 0.7255669
22.048 , 0.7072563
22.05 , 0.6775017
22.052 , 0.6523247
22.054 , 0.6202793
22.057 , 0.5951023
22.059 , 0.5722141
22.061 , 0.5493259
22.063 , 0.5264359
22.065 , 0.5035477
22.067 , 0.4852371
22.07 , 0.4623489
22.072 , 0.4417496
22.074 , 0.4280167
22.076 , 0.4005508
22.078 , 0.3868179
22.081 , 0.3776627
22.083 , 0.3593502
22.085 , 0.3456173
22.087 , 0.336462
22.089 , 0.3227291
22.092 , 0.3135738
22.094 , 0.3089962
22.096 , 0.2998409
22.098 , 0.286108
22.1 , 0.2815304
22.103 , 0.2723751
22.105 , 0.2723751
22.107 , 0.2632179
22.109 , 0.2586403
22.111 , 0.2540627
22.113 , 0.249485
22.115 , 0.2449074
22.118 , 0.2449074
22.12 , 0.2403297
22.122 , 0.2403297
22.124 , 0.2357521
22.126 , 0.2311745
22.129 , 0.2311745
22.131 , 0.2311745
22.133 , 0.2265968
22.135 , 0.2265968
22.137 , 0.2265968
22.139 , 0.2220192
22.142 , 0.2220192
22.144 , 0.2174416
22.146 , 0.2174416
22.148 , 0.2174416
22.15 , 0.2128639
22.153 , 0.2128639
22.155 , 0.2082863
22.157 , 0.2082863
22.159 , 0.2037086
22.161 , 0.2037086
22.163 , 0.2037086
22.166 , 0.199131
22.168 , 0.1945534
22.17 , 0.1945534
22.172 , 0.1853981
22.174 , 0.1853981
22.177 , 0.1808205
22.179 , 0.1716633
22.181 , 0.1716633
22.183 , 0.162508
22.185 , 0.162508
22.187 , 0.1579304
22.19 , 0.1510639
22.192 , 0.1419086
22.194 , 0.137331
22.196 , 0.1327534
22.198 , 0.1281757
22.201 , 0.1235981
22.203 , 0.1190205
22.205 , 0.1144428
22.207 , 0.1052876
22.209 , 0.1007099
22.211 , 0.09155464
22.214 , 0.08697701
22.216 , 0.07781982
22.218 , 0.06866455
22.221 , 0.06408691
22.223 , 0.050354
22.225 , 0.04577637
22.228 , 0.03662109
22.23 , 0.02746582
22.232 , 0.01831055
22.235 , 0.009155273
22.237 , 0.0
22.239 , -0.009155273
22.242 , -0.02059937
22.244 , -0.02975464
22.246 , -0.03890991
22.249 , -0.04806519
22.251 , -0.05722046
22.253 , -0.06637573
22.256 , -0.08239746
22.258 , -0.09155273
22.26 , -0.1029968
22.263 , -0.112154
22.265 , -0.1258869
22.267 , -0.1350422
22.269 , -0.1441975
22.271 , -0.1533527
22.273 , -0.162508
22.276 , -0.1716633
22.278 , -0.1808186
22.28 , -0.1945515
22.282 , -0.1991291
22.284 , -0.2082863
22.287 , -0.2220192
22.289 , -0.2334633
22.291 , -0.2426186
22.293 , -0.2517738
22.295 , -0.2655067
22.298 , -0.2700844
22.3 , -0.2838173
22.302 , -0.2975502
22.304 , -0.3021278
22.306 , -0.3158607
22.308 , -0.3273048
22.311 , -0.3410378
22.313 , -0.3524818
22.315 , -0.3616371
22.317 , -0.3707924
22.319 , -0.3845253
22.322 , -0.3936825
22.324 , -0.4028378
22.326 , -0.411993
22.328 , -0.4257259
22.33 , -0.4394588
22.333 , -0.4463253
22.335 , -0.4600582
22.337 , -0.4692135
22.339 , -0.4829483
22.341 , -0.4921036
22.343 , -0.5012589
22.346 , -0.5104141
22.348 , -0.5195694
22.35 , -0.5287247
22.352 , -0.5424576
22.354 , -0.5516129
22.357 , -0.5607681
22.359 , -0.5699234
22.361 , -0.5813694
22.363 , -0.5905247
22.365 , -0.6019688
22.368 , -0.611124
22.37 , -0.6202793
22.372 , -0.6294346
22.374 , -0.6340122
22.376 , -0.6385899
22.379 , -0.6523228
22.381 , -0.6569004
22.383 , -0.6683445
22.385 , -0.672924
22.387 , -0.6820793
22.39 , -0.686657
22.392 , -0.6912346
22.394 , -0.7003899
22.396 , -0.7049675
22.399 , -0.7095451
22.401 , -0.7187004
22.403 , -0.723278
22.405 , -0.7278557
22.407 , -0.7324333
22.409 , -0.737011
22.412 , -0.7461662
22.414 , -0.7507439
22.416 , -0.7507439
22.418 , -0.7553215
22.42 , -0.7598991
22.423 , -0.7644768
22.425 , -0.7690544
22.427 , -0.773632
22.429 , -0.7782097
22.431 , -0.787365
22.434 , -0.787365
22.436 , -0.7919426
22.438 , -0.7965202
22.44 , -0.7965202
22.442 , -0.8010979
22.444 , -0.8056755
22.447 , -0.8056755
22.449 , -0.8056755
22.451 , -0.8102531
22.453 , -0.8102531
22.455 , -0.8148308
22.458 , -0.8148308
22.46 , -0.8148308
22.462 , -0.8148308
22.464 , -0.8194084
22.475 , -0.8239861
22.477 , -0.8239861
22.479 , -0.8194084
22.481 , -0.8194084
22.483 , -0.8194084
22.486 , -0.8148308
22.488 , -0.8194084
22.49 , -0.8148308
22.492 , -0.8102531
22.494 , -0.8102531
22.497 , -0.8102531
22.499 , -0.8056755
22.501 , -0.8056755
22.503 , -0.8056755
22.505 , -0.8010979
22.507 , -0.7965202
22.51 , -0.7919426
22.512 , -0.7919426
22.514 , -0.787365
22.516 , -0.787365
22.519 , -0.7782097
22.521 , -0.7782097
22.523 , -0.773632
22.525 , -0.7690544
22.527 , -0.7690544
22.53 , -0.7598991
22.532 , -0.7644768
22.534 , -0.7553215
22.536 , -0.7553215
22.538 , -0.7553215
22.541 , -0.7507439
22.543 , -0.7461662
22.545 , -0.7461662
22.547 , -0.7461662
22.549 , -0.7415886
22.551 , -0.7415886
22.554 , -0.737011
22.556 , -0.7324333
22.558 , -0.7324333
22.56 , -0.7324333
22.562 , -0.7324333
22.565 , -0.7324333
22.567 , -0.7278557
22.569 , -0.7324333
22.571 , -0.7278557
22.573 , -0.723278
22.576 , -0.7278557
22.578 , -0.723278
22.58 , -0.723278
22.582 , -0.723278
22.584 , -0.7278557
22.587 , -0.723278
22.589 , -0.723278
22.591 , -0.723278
22.593 , -0.7187004
22.595 , -0.7187004
22.598 , -0.7141228
22.6 , -0.7141228
22.602 , -0.7141228
22.604 , -0.7095451
22.606 , -0.7095451
22.609 , -0.7049675
22.611 , -0.7003899
22.613 , -0.7003899
22.615 , -0.6958122
22.617 , -0.6958122
22.619 , -0.6958122
22.622 , -0.6912346
22.624 , -0.686657
22.626 , -0.6820793
22.628 , -0.6820793
22.63 , -0.6775017
22.633 , -0.672924
22.635 , -0.6683445
22.637 , -0.661478
22.639 , -0.6569004
22.642 , -0.6523228
22.644 , -0.6477451
22.646 , -0.6431675
22.648 , -0.6385899
22.65 , -0.6294346
22.653 , -0.6202793
22.655 , -0.611124
22.657 , -0.6019688
22.659 , -0.585947
22.661 , -0.5699234
22.664 , -0.5516129
22.666 , -0.5287247
22.668 , -0.5058365
22.67 , -0.4783688
22.672 , -0.4463253
22.675 , -0.4074154
22.677 , -0.3662148
22.679 , -0.3158607
22.681 , -0.2655067
22.683 , -0.2082863
22.686 , -0.1487751
22.688 , -0.09155273
22.69 , -0.02059937
22.692 , 0.050354
22.695 , 0.1281757
22.697 , 0.2128639
22.699 , 0.2998409
22.701 , 0.373085
22.704 , 0.4623489
22.706 , 0.5355911
22.708 , 0.6248569
22.71 , 0.7209892
22.712 , 0.7988091
22.715 , 0.8926525
22.717 , 0.9887848
22.719 , 1.068895
22.721 , 1.16045
22.723 , 1.263447
22.726 , 1.336691
22.728 , 1.428246
22.73 , 1.499199
22.732 , 1.583887
22.734 , 1.657129
22.737 , 1.730373
22.739 , 1.796751
22.741 , 1.860838
22.743 , 1.915771
22.745 , 1.975281
22.747 , 2.027924
22.75 , 2.064547
22.752 , 2.087435
22.754 , 2.087435
22.756 , 2.082857
22.758 , 2.092012
22.76 , 2.101168
22.763 , 2.092012
22.765 , 2.078279
22.767 , 2.069124
22.769 , 2.059969
22.771 , 2.050814
22.773 , 2.037079
22.776 , 2.023346
22.778 , 2.009613
22.78 , 1.986725
22.782 , 1.966125
22.784 , 1.934082
22.786 , 1.915771
22.789 , 1.911194
22.791 , 1.892883
22.793 , 1.85626
22.795 , 1.842527
22.797 , 1.828794
22.8 , 1.810484
22.802 , 1.783018
22.804 , 1.753262
22.806 , 1.739529
22.808 , 1.714352
22.811 , 1.705196
22.813 , 1.666285
22.815 , 1.643396
22.817 , 1.620508
22.819 , 1.602198
22.821 , 1.577019
22.824 , 1.554131
22.826 , 1.526665
22.828 , 1.494621
22.83 , 1.471733
22.832 , 1.451134
22.834 , 1.423668
22.837 , 1.396202
22.839 , 1.364157
22.841 , 1.341269
22.843 , 1.31838
22.845 , 1.29549
22.848 , 1.281757
22.85 , 1.254292
22.852 , 1.226826
22.854 , 1.206226
22.856 , 1.181049
22.858 , 1.16045
22.861 , 1.142139
22.863 , 1.119251
22.865 , 1.091784
22.867 , 1.068895
22.869 , 1.050585
22.871 , 1.027697
22.874 , 1.009384
22.876 , 0.9796295
22.878 , 0.9567413
22.88 , 0.9315643
22.882 , 0.9063854
22.885 , 0.8789196
22.887 , 0.8606091
22.889 , 0.8331432
22.891 , 0.8033867
22.893 , 0.7850761
22.896 , 0.7576103
22.898 , 0.7301445
22.9 , 0.711834
22.902 , 0.6820793
22.904 , 0.6637688
22.907 , 0.6385899
22.909 , 0.6088352
22.911 , 0.5905247
22.913 , 0.5722141
22.915 , 0.5539036
22.918 , 0.5401688
22.92 , 0.5218582
22.922 , 0.5035477
22.924 , 0.4943924
22.926 , 0.4760818
22.929 , 0.4623489
22.931 , 0.4531937
22.941 , 0.4051285
22.943 , 0.4005508
22.946 , 0.3913956
22.948 , 0.3868179
22.95 , 0.3822403
22.952 , 0.3776627
22.954 , 0.373085
22.957 , 0.373085
22.959 , 0.3685074
22.961 , 0.3593502
22.963 , 0.3593502
22.965 , 0.3547726
22.968 , 0.3501949
22.97 , 0.3501949
22.972 , 0.3456173
22.974 , 0.3410397
22.976 , 0.3410397
22.978 , 0.336462
22.981 , 0.3318844
22.983 , 0.3273067
22.985 , 0.3227291
22.987 , 0.3227291
22.989 , 0.3181515
22.992 , 0.3135738
22.994 , 0.3135738
22.996 , 0.3089962
22.998 , 0.3044186
23.0 , 0.2998409
23.003 , 0.2906857
23.005 , 0.2906857
23.007 , 0.286108
23.009 , 0.2815304
23.011 , 0.2769527
23.013 , 0.2723751
23.015 , 0.2723751
23.018 , 0.2632179
23.02 , 0.2586403
23.022 , 0.2540627
23.024 , 0.249485
23.026 , 0.2449074
23.029 , 0.2403297
23.031 , 0.2357521
23.033 , 0.2311745
23.035 , 0.2220192
23.037 , 0.2174416
23.039 , 0.2128639
23.042 , 0.2037086
23.044 , 0.199131
23.046 , 0.1945534
23.048 , 0.1853981
23.05 , 0.1762428
23.052 , 0.1670856
23.055 , 0.1579304
23.057 , 0.1510639
23.059 , 0.1464863
23.061 , 0.137331
23.063 , 0.1281757
23.065 , 0.1235981
23.068 , 0.1190205
23.07 , 0.1098652
23.072 , 0.09613228
23.074 , 0.08697701
23.077 , 0.07781982
23.079 , 0.07324219
23.081 , 0.06408691
23.084 , 0.05493164
23.086 , 0.04119873
23.088 , 0.03662109
23.091 , 0.02288818
23.093 , 0.01373291
23.095 , 0.004577637
23.098 , -0.004577637
23.1 , -0.02059937
23.103 , -0.02975464
23.105 , -0.03433228
23.107 , -0.04348755
23.11 , -0.05264282
23.112 , -0.0617981
23.114 , -0.06637573
23.117 , -0.07781982
23.119 , -0.0869751
23.121 , -0.09841919
23.124 , -0.1075764
23.126 , -0.1167316
23.128 , -0.1258869
23.13 , -0.1350422
23.132 , -0.1441975
23.135 , -0.1487751
23.137 , -0.1579304
23.139 , -0.162508
23.141 , -0.1716633
23.143 , -0.1853962
23.146 , -0.1899738
23.148 , -0.1945515
23.15 , -0.2037086
23.152 , -0.2128639
23.154 , -0.2220192
23.156 , -0.2288857
23.159 , -0.2380409
23.161 , -0.2426186
23.163 , -0.2517738
23.165 , -0.2563515
23.167 , -0.2655067
23.17 , -0.2700844
23.172 , -0.2792397
23.174 , -0.2883949
23.176 , -0.2929726
23.178 , -0.3021278
23.181 , -0.3112831
23.183 , -0.3158607
23.185 , -0.3204384
23.187 , -0.3273048
23.189 , -0.3318825
23.192 , -0.3410378
23.194 , -0.3456154
23.196 , -0.3524818
23.198 , -0.3616371
23.2 , -0.3662148
23.203 , -0.3707924
23.205 , -0.37537
23.207 , -0.3845253
23.209 , -0.3891048
23.211 , -0.3936825
23.213 , -0.4028378
23.216 , -0.4074154
23.218 , -0.411993
23.22 , -0.4211483
23.222 , -0.4257259
23.224 , -0.4394588
23.227 , -0.4394588
23.229 , -0.4509029
23.231 , -0.4554806
23.233 , -0.4600582
23.235 , -0.4692135
23.237 , -0.4692135
23.24 , -0.4783688
23.242 , -0.4783688
23.244 , -0.4875259
23.246 , -0.4875259
23.248 , -0.4966812
23.251 , -0.5012589
23.253 , -0.5058365
23.255 , -0.5104141
23.257 , -0.5149918
23.259 , -0.5195694
23.262 , -0.5287247
23.264 , -0.5287247
23.266 , -0.5333023
23.268 , -0.5424576
23.27 , -0.5424576
23.273 , -0.5516129
23.275 , -0.5561905
23.277 , -0.5607681
23.279 , -0.5607681
23.281 , -0.5699234
23.284 , -0.5699234
23.286 , -0.574501
23.288 , -0.585947
23.29 , -0.5905247
23.292 , -0.5951023
23.295 , -0.5951023
23.297 , -0.6019688
23.299 , -0.6065464
23.301 , -0.611124
23.303 , -0.611124
23.305 , -0.6157017
23.308 , -0.6202793
23.31 , -0.6248569
23.312 , -0.6248569
23.314 , -0.6294346
23.316 , -0.6294346
23.319 , -0.6294346
23.321 , -0.6340122
23.323 , -0.6340122
23.325 , -0.6385899
23.327 , -0.6431675
23.33 , -0.6431675
23.332 , -0.6431675
23.334 , -0.6431675
23.336 , -0.6477451
23.338 , -0.6477451
23.341 , -0.6477451
23.343 , -0.6477451
23.345 , -0.6477451
23.347 , -0.6523228
23.349 , -0.6477451
23.352 , -0.6523228
23.354 , -0.6523228
23.356 , -0.6569004
23.358 , -0.6523228
23.36 , -0.6569004
23.363 , -0.6569004
23.365 , -0.6569004
23.367 , -0.661478
23.369 , -0.661478
23.371 , -0.661478
23.374 , -0.661478
23.376 , -0.6683445
23.378 , -0.6683445
23.38 , -0.672924
23.382 , -0.672924
23.385 , -0.672924
23.387 , -0.672924
23.389 , -0.672924
23.391 , -0.6775017
23.393 , -0.6820793
23.396 , -0.6820793
23.398 , -0.6820793
23.4 , -0.6912346
23.411 , -0.7095451
23.413 , -0.7095451
23.415 , -0.7141228
23.417 , -0.7187004
23.419 , -0.723278
23.421 , -0.7278557
23.424 , -0.7278557
23.426 , -0.737011
23.428 , -0.7415886
23.43 , -0.7415886
23.432 , -0.7461662
23.435 , -0.7507439
23.437 , -0.7507439
23.439 , -0.7553215
23.441 , -0.7553215
23.444 , -0.7598991
23.446 , -0.7598991
23.448 , -0.7644768
23.45 , -0.7598991
23.452 , -0.7598991
23.455 , -0.7644768
23.457 , -0.7598991
23.459 , -0.7598991
23.461 , -0.7644768
23.463 , -0.7644768
23.466 , -0.7644768
23.468 , -0.7598991
23.47 , -0.7598991
23.472 , -0.7553215
23.474 , -0.7598991
23.477 , -0.7553215
23.479 , -0.7507439
23.481 , -0.7507439
23.483 , -0.7461662
23.485 , -0.7415886
23.488 , -0.737011
23.49 , -0.723278
23.492 , -0.7187004
23.494 , -0.7095451
23.496 , -0.6958122
23.499 , -0.686657
23.501 , -0.6775017
23.503 , -0.661478
23.505 , -0.6431675
23.507 , -0.6157017
23.51 , -0.5905247
23.512 , -0.5561905
23.514 , -0.524147
23.516 , -0.4829483
23.518 , -0.4394588
23.521 , -0.3936825
23.523 , -0.3364601
23.525 , -0.274662
23.527 , -0.2220192
23.529 , -0.1533527
23.532 , -0.07781982
23.534 , 0.004577637
23.536 , 0.08239937
23.539 , 0.1670856
23.541 , 0.2586403
23.543 , 0.336462
23.545 , 0.4325943
23.548 , 0.5264359
23.55 , 0.6042576
23.552 , 0.7026787
23.554 , 0.7896538
23.556 , 0.8834972
23.559 , 0.9842072
23.561 , 1.064318
23.563 , 1.155872
23.565 , 1.231403
23.567 , 1.313803
23.569 , 1.40078
23.571 , 1.471733
23.574 , 1.549553
23.576 , 1.606775
23.578 , 1.677731
23.58 , 1.744106
23.582 , 1.792173
23.585 , 1.83795
23.587 , 1.860838
23.589 , 1.860838
23.591 , 1.865417
23.593 , 1.888306
23.596 , 1.897461
23.598 , 1.892883
23.6 , 1.87915
23.602 , 1.869995
23.604 , 1.874573
23.607 , 1.874573
23.609 , 1.851683
23.611 , 1.833372
23.613 , 1.824217
23.615 , 1.824217
23.617 , 1.810484
23.62 , 1.796751
23.622 , 1.77844
23.624 , 1.753262
23.626 , 1.744106
23.628 , 1.744106
23.63 , 1.734951
23.633 , 1.714352
23.635 , 1.686886
23.637 , 1.677731
23.639 , 1.673151
23.641 , 1.657129
23.643 , 1.634241
23.646 , 1.611353
23.648 , 1.59762
23.65 , 1.588465
23.652 , 1.567863
23.654 , 1.540398
23.657 , 1.517509
23.659 , 1.499199
23.661 , 1.480888
23.663 , 1.455711
23.665 , 1.441978
23.667 , 1.412224
23.67 , 1.387045
23.672 , 1.359579
23.674 , 1.341269
23.676 , 1.31838
23.678 , 1.304647
23.68 , 1.281757
23.683 , 1.263447
23.685 , 1.245136
23.687 , 1.226826
23.689 , 1.210804
23.691 , 1.185627
23.694 , 1.167316
23.696 , 1.146717
23.698 , 1.128407
23.7 , 1.114674
23.702 , 1.091784
23.704 , 1.073473
23.707 , 1.055162
23.709 , 1.036852
23.711 , 1.018541
23.713 , 0.9979401
23.715 , 0.9842072
23.717 , 0.9567413
23.72 , 0.9269867
23.722 , 0.9132519
23.724 , 0.8880749
23.726 , 0.8651867
23.729 , 0.8468761
23.731 , 0.8239861
23.733 , 0.7988091
23.735 , 0.7759209
23.737 , 0.7530327
23.74 , 0.7347221
23.742 , 0.7209892
23.744 , 0.6958122
23.746 , 0.6775017
23.748 , 0.6569023
23.75 , 0.6385899
23.753 , 0.6202793
23.755 , 0.6042576
23.757 , 0.5905247
23.759 , 0.5767918
23.761 , 0.5630589
23.764 , 0.5539036
23.766 , 0.5401688
23.768 , 0.5310135
23.77 , 0.5218582
23.772 , 0.5172806
23.775 , 0.5035477
23.777 , 0.5035477
23.779 , 0.4943924
23.781 , 0.4898148
23.783 , 0.4852371
23.786 , 0.4760818
23.788 , 0.4715042
23.79 , 0.4669266
23.792 , 0.4623489
23.794 , 0.4577713
23.797 , 0.4531937
23.799 , 0.448616
23.801 , 0.448616
23.803 , 0.4417496
23.805 , 0.4371719
23.808 , 0.4371719
23.81 , 0.4280167
23.812 , 0.4280167
23.814 , 0.423439
23.816 , 0.4188614
23.819 , 0.4142838
23.821 , 0.4051285
23.823 , 0.4005508
23.825 , 0.3959732
23.827 , 0.3913956
23.83 , 0.3868179
23.832 , 0.3822403
23.834 , 0.3776627
23.836 , 0.3685074
23.838 , 0.3639297
23.841 , 0.3547726
23.843 , 0.3501949
23.845 , 0.3456173
23.847 , 0.336462
23.849 , 0.3318844
23.851 , 0.3227291
23.854 , 0.3181515
23.856 , 0.3135738
23.858 , 0.3089962
23.86 , 0.3044186
23.862 , 0.2906857
23.865 , 0.2815304
23.867 , 0.2723751
23.877 , 0.249485
23.879 , 0.2449074
23.882 , 0.2403297
23.884 , 0.2357521
23.886 , 0.2265968
23.888 , 0.2220192
23.89 , 0.2128639
23.893 , 0.2082863
23.895 , 0.2037086
23.897 , 0.1945534
23.899 , 0.1808205
23.901 , 0.1716633
23.904 , 0.1670856
23.906 , 0.1510639
23.908 , 0.1464863
23.91 , 0.137331
23.912 , 0.1327534
23.915 , 0.1235981
23.917 , 0.1144428
23.919 , 0.1098652
23.921 , 0.1007099
23.923 , 0.09155464
23.926 , 0.08239937
23.928 , 0.07324219
23.93 , 0.06408691
23.933 , 0.05493164
23.935 , 0.04577637
23.937 , 0.04119873
23.94 , 0.02288818
23.942 , 0.01373291
23.944 , 0.004577637
23.947 , -0.004577637
23.949 , -0.01602173
23.952 , -0.02059937
23.954 , -0.02975464
23.956 , -0.03890991
23.959 , -0.04806519
23.961 , -0.05264282
23.963 , -0.0617981
23.966 , -0.06637573
23.968 , -0.07781982
23.971 , -0.08239746
23.973 , -0.0869751
23.975 , -0.09841919
23.978 , -0.1075764
23.98 , -0.112154
23.982 , -0.1167316
23.984 , -0.1304646
23.986 , -0.1350422
23.989 , -0.1396198
23.991 , -0.1487751
23.993 , -0.1579304
23.995 , -0.162508
23.997 , -0.1670856
24.0 , -0.1762409
24.002 , -0.1853962
24.004 , -0.1899738
24.006 , -0.1945515
24.008 , -0.2037086
24.01 , -0.2082863
24.013 , -0.2128639
24.015 , -0.2220192
24.017 , -0.2288857
24.019 , -0.2334633
24.021 , -0.2426186
24.024 , -0.2517738
24.026 , -0.2517738
24.028 , -0.2609291
24.03 , -0.2655067
24.032 , -0.274662
24.035 , -0.2838173
24.037 , -0.2883949
24.039 , -0.2975502
24.041 , -0.3021278
24.043 , -0.3067055
24.045 , -0.3112831
24.048 , -0.3158607
24.05 , -0.3204384
24.052 , -0.3318825
24.054 , -0.3318825
24.056 , -0.3410378
24.059 , -0.3456154
24.061 , -0.3524818
24.063 , -0.3524818
24.065 , -0.3570595
24.067 , -0.3616371
24.069 , -0.3662148
24.072 , -0.3707924
24.074 , -0.37537
24.076 , -0.3799477
24.078 , -0.3845253
24.08 , -0.3845253
24.083 , -0.3891048
24.085 , -0.3982601
24.087 , -0.4028378
24.089 , -0.4028378
24.091 , -0.4074154
24.094 , -0.4074154
24.096 , -0.411993
24.098 , -0.4165707
24.1 , -0.4211483
24.102 , -0.4257259
24.105 , -0.4303036
24.107 , -0.4348812
24.109 , -0.4348812
24.111 , -0.4394588
24.113 , -0.4463253
24.115 , -0.4509029
24.118 , -0.4554806
24.12 , -0.4600582
24.122 , -0.4600582
24.124 , -0.4646358
24.126 , -0.4692135
24.129 , -0.4737911
24.131 , -0.4737911
24.133 , -0.4829483
24.135 , -0.4829483
24.137 , -0.4875259
24.14 , -0.4875259
24.142 , -0.4921036
24.144 , -0.4921036
24.146 , -0.4921036
24.148 , -0.4966812
24.15 , -0.5012589
24.153 , -0.5012589
24.155 , -0.5012589
24.157 , -0.4966812
24.159 , -0.5012589
24.161 , -0.5058365
24.164 , -0.5058365
24.166 , -0.5058365
24.168 , -0.5058365
24.17 , -0.5058365
24.172 , -0.5058365
24.175 , -0.5104141
24.177 , -0.5058365
24.179 , -0.5104141
24.181 , -0.5104141
24.183 , -0.5104141
24.186 , -0.5104141
24.188 , -0.5149918
24.19 , -0.5149918
24.192 , -0.5149918
24.194 , -0.5149918
24.196 , -0.5149918
24.199 , -0.5149918
24.201 , -0.5195694
24.203 , -0.5195694
24.205 , -0.5195694
24.208 , -0.5195694
24.21 , -0.524147
24.212 , -0.524147
24.214 , -0.5287247
24.216 , -0.5287247
24.218 , -0.5333023
24.221 , -0.5333023
24.223 , -0.5378799
24.225 , -0.5378799
24.227 , -0.5424576
24.229 , -0.5424576
24.232 , -0.5470352
24.234 , -0.5561905
24.236 , -0.5561905
24.238 , -0.5607681
24.24 , -0.5699234
24.243 , -0.574501
24.245 , -0.585947
24.247 , -0.5905247
24.249 , -0.6019688
24.251 , -0.6065464
24.254 , -0.611124
24.256 , -0.6202793
24.258 , -0.6248569
24.26 , -0.6340122
24.262 , -0.6385899
24.264 , -0.6477451
24.267 , -0.6569004
24.269 , -0.6569004
24.271 , -0.6683445
24.273 , -0.672924
24.276 , -0.6775017
24.278 , -0.6820793
24.28 , -0.686657
24.282 , -0.6912346
24.284 , -0.6912346
24.287 , -0.6958122
24.289 , -0.7049675
24.291 , -0.7095451
24.293 , -0.7095451
24.295 , -0.7141228
24.298 , -0.7187004
24.3 , -0.723278
24.302 , -0.7278557
24.304 , -0.7324333
24.306 , -0.7324333
24.309 , -0.7324333
24.311 , -0.7415886
24.313 , -0.7415886
24.315 , -0.7415886
24.317 , -0.7461662
24.319 , -0.7415886
24.322 , -0.7461662
24.324 , -0.7415886
24.326 , -0.7415886
24.328 , -0.7461662
24.33 , -0.7415886
24.333 , -0.7324333
24.335 , -0.7324333
24.337 , -0.7278557
24.339 , -0.6569004
24.35 , -0.6385899
24.352 , -0.6065464
24.354 , -0.5653458
24.356 , -0.5333023
24.359 , -0.4875259
24.361 , -0.4463253
24.363 , -0.3845253
24.365 , -0.3204384
24.367 , -0.2655067
24.369 , -0.1991291
24.372 , -0.1213093
24.374 , -0.05722046
24.376 , 0.02288818
24.379 , 0.1007099
24.381 , 0.1945534
24.383 , 0.2677956
24.385 , 0.3593502
24.387 , 0.4531937
24.39 , 0.5264359
24.392 , 0.6202793
24.394 , 0.711834
24.396 , 0.7896538
24.398 , 0.874342
24.401 , 0.961319
24.403 , 1.036852
24.405 , 1.114674
24.407 , 1.181049
24.409 , 1.263447
24.411 , 1.322958
24.414 , 1.396202
24.416 , 1.464867
24.418 , 1.508354
24.42 , 1.53582
24.422 , 1.544975
24.424 , 1.563286
24.427 , 1.593042
24.429 , 1.620508
24.431 , 1.625086
24.433 , 1.611353
24.435 , 1.615931
24.437 , 1.629663
24.44 , 1.643396
24.442 , 1.634241
24.444 , 1.620508
24.446 , 1.611353
24.448 , 1.615931
24.45 , 1.615931
24.453 , 1.611353
24.455 , 1.59762
24.457 , 1.588465
24.459 , 1.583887
24.461 , 1.577019
24.463 , 1.567863
24.466 , 1.549553
24.468 , 1.544975
24.47 , 1.540398
24.472 , 1.53582
24.474 , 1.522087
24.477 , 1.499199
24.479 , 1.490044
24.481 , 1.485466
24.483 , 1.476311
24.485 , 1.455711
24.487 , 1.437401
24.49 , 1.428246
24.492 , 1.41909
24.494 , 1.40078
24.496 , 1.382467
24.498 , 1.355001
24.501 , 1.341269
24.503 , 1.332113
24.505 , 1.31838
24.507 , 1.29549
24.509 , 1.281757
24.511 , 1.268024
24.514 , 1.254292
24.516 , 1.231403
24.518 , 1.21767
24.52 , 1.201649
24.522 , 1.185627
24.524 , 1.171894
24.527 , 1.155872
24.529 , 1.142139
24.531 , 1.128407
24.533 , 1.119251
24.535 , 1.105516
24.537 , 1.096361
24.54 , 1.078051
24.542 , 1.064318
24.544 , 1.046007
24.546 , 1.032274
24.548 , 1.023119
24.55 , 1.004807
24.552 , 0.9842072
24.555 , 0.9704742
24.557 , 0.9498749
24.559 , 0.9315643
24.561 , 0.9178295
24.563 , 0.8972301
24.566 , 0.874342
24.568 , 0.8606091
24.57 , 0.8422985
24.572 , 0.8239861
24.574 , 0.8079643
24.577 , 0.7804985
24.579 , 0.7667656
24.581 , 0.7530327
24.583 , 0.7347221
24.585 , 0.7209892
24.588 , 0.7072563
24.59 , 0.686657
24.592 , 0.6820793
24.594 , 0.6637688
24.597 , 0.647747
24.599 , 0.6294346
24.601 , 0.6248569
24.603 , 0.6134129
24.605 , 0.6042576
24.608 , 0.5951023
24.61 , 0.585947
24.612 , 0.5813694
24.614 , 0.5767918
24.616 , 0.5722141
24.618 , 0.5630589
24.621 , 0.5584812
24.623 , 0.5539036
24.625 , 0.5493259
24.627 , 0.5493259
24.629 , 0.5447464
24.632 , 0.5355911
24.634 , 0.5355911
24.636 , 0.5310135
24.638 , 0.5310135
24.64 , 0.5264359
24.643 , 0.5264359
24.645 , 0.5218582
24.647 , 0.5172806
24.649 , 0.5127029
24.651 , 0.5081253
24.654 , 0.5081253
24.656 , 0.5035477
24.658 , 0.49897
24.66 , 0.4943924
24.662 , 0.4898148
24.665 , 0.4806595
24.667 , 0.4806595
24.669 , 0.4760818
24.671 , 0.4669266
24.673 , 0.4669266
24.676 , 0.4623489
24.678 , 0.4531937
24.68 , 0.4531937
24.682 , 0.4417496
24.684 , 0.4371719
24.687 , 0.4325943
24.689 , 0.4280167
24.691 , 0.423439
24.693 , 0.4188614
24.695 , 0.4051285
24.698 , 0.4005508
24.7 , 0.4005508
24.702 , 0.3913956
24.704 , 0.3868179
24.706 , 0.3776627
24.709 , 0.3776627
24.711 , 0.3685074
24.713 , 0.3639297
24.715 , 0.3593502
24.717 , 0.3501949
24.72 , 0.3456173
24.722 , 0.3410397
24.724 , 0.336462
24.726 , 0.3273067
24.728 , 0.3227291
24.73 , 0.3135738
24.733 , 0.3089962
24.735 , 0.2998409
24.737 , 0.2906857
24.739 , 0.2815304
24.741 , 0.2769527
24.744 , 0.2677956
24.746 , 0.2586403
24.748 , 0.249485
24.75 , 0.2403297
24.753 , 0.2357521
24.755 , 0.2265968
24.757 , 0.2174416
24.759 , 0.2082863
24.761 , 0.199131
24.763 , 0.1945534
24.766 , 0.1716633
24.768 , 0.1579304
24.77 , 0.1510639
24.772 , 0.1419086
24.774 , 0.1327534
24.776 , 0.1235981
24.779 , 0.1144428
24.781 , 0.1052876
24.783 , 0.09613228
24.785 , 0.08239937
24.788 , 0.07781982
24.79 , 0.06866455
24.792 , 0.05950928
24.795 , 0.050354
24.797 , 0.04119873
24.799 , 0.02746582
24.802 , 0.01831055
24.804 , 0.009155273
24.807 , -0.03433228
24.817 , -0.04348755
24.82 , -0.05264282
24.822 , -0.05722046
24.824 , -0.06637573
24.827 , -0.07781982
24.829 , -0.0869751
24.831 , -0.09841919
24.834 , -0.1029968
24.836 , -0.112154
24.838 , -0.1167316
24.84 , -0.1258869
24.843 , -0.1304646
24.845 , -0.1396198
24.847 , -0.1487751
24.849 , -0.1533527
24.851 , -0.162508
24.853 , -0.1670856
24.856 , -0.1762409
24.858 , -0.1808186
24.86 , -0.1899738
24.862 , -0.1991291
24.864 , -0.1991291
24.867 , -0.2037086
24.869 , -0.2128639
24.871 , -0.2174416
24.873 , -0.2220192
24.875 , -0.2334633
24.878 , -0.2334633
24.88 , -0.2426186
24.882 , -0.2471962
24.884 , -0.2517738
24.886 , -0.2563515
24.889 , -0.2655067
24.891 , -0.274662
24.893 , -0.274662
24.895 , -0.2838173
24.897 , -0.2883949
24.9 , -0.2929726
24.902 , -0.2975502
24.904 , -0.3021278
24.906 , -0.3067055
24.908 , -0.3112831
24.911 , -0.3158607
24.913 , -0.3204384
24.915 , -0.3273048
24.917 , -0.3318825
24.919 , -0.3364601
24.922 , -0.3410378
24.924 , -0.3410378
24.926 , -0.3456154
24.928 , -0.3456154
24.93 , -0.3524818
24.933 , -0.3524818
24.935 , -0.3616371
24.937 , -0.3616371
24.939 , -0.3662148
24.941 , -0.3707924
24.943 , -0.37537
24.946 , -0.37537
24.948 , -0.3799477
24.95 , -0.3845253
24.952 , -0.3845253
24.954 , -0.3845253
24.957 , -0.3891048
24.959 , -0.3936825
24.961 , -0.3982601
24.963 , -0.3982601
24.966 , -0.4028378
24.968 , -0.4028378
24.97 , -0.4074154
24.972 , -0.4074154
24.974 , -0.4074154
24.977 , -0.411993
24.979 , -0.411993
24.981 , -0.411993
24.983 , -0.411993
24.985 , -0.4211483
24.988 , -0.4165707
24.99 , -0.4211483
24.992 , -0.4211483
24.994 , -0.4211483
24.996 , -0.4211483
24.998 , -0.4211483
25.001 , -0.4257259
25.003 , -0.4257259
25.005 , -0.4257259
25.007 , -0.4257259
25.009 , -0.4257259
25.012 , -0.4257259
25.014 , -0.4303036
25.016 , -0.4257259
25.018 , -0.4303036
25.02 , -0.4303036
25.023 , -0.4348812
25.025 , -0.4348812
25.027 , -0.4348812
25.029 , -0.4394588
25.031 , -0.4394588
25.033 , -0.4394588
25.036 , -0.4463253
25.038 , -0.4463253
25.04 , -0.4554806
25.042 , -0.4509029
25.044 , -0.4554806
25.047 , -0.4554806
25.049 , -0.4600582
25.051 , -0.4600582
25.053 , -0.4646358
25.055 , -0.4646358
25.057 , -0.4692135
25.06 , -0.4737911
25.062 , -0.4783688
25.064 , -0.4783688
25.066 , -0.4783688
25.069 , -0.4875259
25.071 , -0.4921036
25.073 , -0.4966812
25.075 , -0.5012589
25.077 , -0.5012589
25.08 , -0.5104141
25.082 , -0.5149918
25.084 , -0.524147
25.086 , -0.5287247
25.088 , -0.5333023
25.091 , -0.5424576
25.093 , -0.5470352
25.095 , -0.5516129
25.097 , -0.5561905
25.099 , -0.5607681
25.101 , -0.5699234
25.104 , -0.5699234
25.106 , -0.585947
25.108 , -0.5905247
25.11 , -0.5951023
25.112 , -0.6019688
25.115 , -0.6065464
25.117 , -0.611124
25.119 , -0.6157017
25.121 , -0.6157017
25.123 , -0.6202793
25.126 , -0.6294346
25.128 , -0.6294346
25.13 , -0.6340122
25.132 , -0.6340122
25.134 , -0.6385899
25.137 , -0.6385899
25.139 , -0.6431675
25.141 , -0.6431675
25.143 , -0.6477451
25.146 , -0.6477451
25.148 , -0.6477451
25.15 , -0.6523228
25.152 , -0.6523228
25.154 , -0.6523228
25.156 , -0.6477451
25.159 , -0.6523228
25.161 , -0.6523228
25.163 , -0.6569004
25.165 , -0.6569004
25.167 , -0.6523228
25.17 , -0.6523228
25.172 , -0.6477451
25.174 , -0.6431675
25.176 , -0.6340122
25.178 , -0.6248569
25.181 , -0.6157017
25.183 , -0.5951023
25.185 , -0.5699234
25.187 , -0.5424576
25.189 , -0.5149918
25.192 , -0.4829483
25.194 , -0.4394588
25.196 , -0.4028378
25.198 , -0.3524818
25.201 , -0.2975502
25.203 , -0.2471962
25.205 , -0.1853962
25.207 , -0.1213093
25.209 , -0.05722046
25.212 , 0.01831055
25.214 , 0.08697701
25.216 , 0.1670856
25.218 , 0.2449074
25.221 , 0.3135738
25.223 , 0.3959732
25.225 , 0.4669266
25.227 , 0.5493259
25.229 , 0.6340122
25.232 , 0.6958122
25.234 , 0.7759209
25.236 , 0.8560314
25.238 , 0.9178295
25.24 , 0.9933624
25.243 , 1.055162
25.245 , 1.110094
25.247 , 1.137562
25.249 , 1.151295
25.251 , 1.192493
25.253 , 1.240559
25.255 , 1.281757
25.258 , 1.290913
25.26 , 1.286335
25.262 , 1.304647
25.264 , 1.31838
25.266 , 1.332113
25.268 , 1.332113
25.271 , 1.336691
25.273 , 1.341269
25.275 , 1.341269
25.285 , 1.341269
25.288 , 1.341269
25.29 , 1.341269
25.292 , 1.336691
25.294 , 1.336691
25.296 , 1.332113
25.299 , 1.327536
25.301 , 1.322958
25.303 , 1.313803
25.305 , 1.313803
25.307 , 1.313803
25.309 , 1.309225
25.312 , 1.30007
25.314 , 1.286335
25.316 , 1.27718
25.318 , 1.272602
25.32 , 1.268024
25.322 , 1.258869
25.325 , 1.245136
25.327 , 1.226826
25.329 , 1.21767
25.331 , 1.210804
25.333 , 1.201649
25.335 , 1.185627
25.338 , 1.171894
25.34 , 1.167316
25.342 , 1.151295
25.344 , 1.146717
25.346 , 1.137562
25.348 , 1.128407
25.351 , 1.119251
25.353 , 1.105516
25.355 , 1.105516
25.357 , 1.091784
25.359 , 1.082628
25.361 , 1.078051
25.364 , 1.073473
25.366 , 1.064318
25.368 , 1.05974
25.37 , 1.055162
25.372 , 1.046007
25.374 , 1.04143
25.377 , 1.032274
25.379 , 1.027697
25.381 , 1.018541
25.383 , 1.009384
25.385 , 0.9979401
25.387 , 0.9887848
25.39 , 0.9796295
25.392 , 0.9704742
25.394 , 0.9567413
25.396 , 0.9452972
25.399 , 0.9269867
25.401 , 0.9178295
25.403 , 0.9018078
25.405 , 0.8880749
25.407 , 0.8789196
25.41 , 0.8651867
25.412 , 0.8514538
25.414 , 0.8377209
25.416 , 0.8239861
25.418 , 0.8079643
25.421 , 0.8033867
25.423 , 0.7850761
25.425 , 0.7713432
25.427 , 0.7667656
25.429 , 0.7530327
25.431 , 0.7438774
25.434 , 0.7347221
25.436 , 0.7255669
25.438 , 0.7164116
25.44 , 0.7072563
25.442 , 0.6958122
25.445 , 0.6912346
25.447 , 0.6820793
25.449 , 0.6820793
25.451 , 0.672924
25.453 , 0.6637688
25.456 , 0.6523247
25.458 , 0.6523247
25.46 , 0.6431694
25.462 , 0.6385899
25.464 , 0.6340122
25.467 , 0.6248569
25.469 , 0.6134129
25.471 , 0.6088352
25.473 , 0.6042576
25.475 , 0.5996799
25.478 , 0.5951023
25.48 , 0.5905247
25.482 , 0.585947
25.484 , 0.5813694
25.487 , 0.5767918
25.489 , 0.5676365
25.491 , 0.5630589
25.493 , 0.5584812
25.495 , 0.5539036
25.497 , 0.5493259
25.5 , 0.5447464
25.502 , 0.5355911
25.504 , 0.5310135
25.506 , 0.5264359
25.508 , 0.5172806
25.511 , 0.5127029
25.513 , 0.5127029
25.515 , 0.49897
25.517 , 0.4943924
25.519 , 0.4898148
25.522 , 0.4806595
25.524 , 0.4715042
25.526 , 0.4669266
25.528 , 0.4577713
25.53 , 0.448616
25.533 , 0.4417496
25.535 , 0.4325943
25.537 , 0.423439
25.539 , 0.4142838
25.541 , 0.4051285
25.544 , 0.3959732
25.546 , 0.3913956
25.548 , 0.3822403
25.55 , 0.373085
25.552 , 0.3639297
25.555 , 0.3547726
25.557 , 0.3456173
25.559 , 0.336462
25.561 , 0.3318844
25.563 , 0.3181515
25.565 , 0.3089962
25.568 , 0.2998409
25.57 , 0.286108
25.572 , 0.2769527
25.574 , 0.2677956
25.576 , 0.2586403
25.579 , 0.249485
25.581 , 0.2449074
25.583 , 0.2311745
25.585 , 0.2265968
25.587 , 0.2174416
25.59 , 0.2082863
25.592 , 0.2037086
25.594 , 0.1853981
25.596 , 0.1762428
25.598 , 0.1670856
25.601 , 0.1579304
25.603 , 0.1419086
25.605 , 0.137331
25.607 , 0.1281757
25.609 , 0.1190205
25.612 , 0.1098652
25.614 , 0.1007099
25.616 , 0.09155464
25.618 , 0.08239937
25.621 , 0.07324219
25.623 , 0.06408691
25.625 , 0.05493164
25.628 , 0.04577637
25.63 , 0.04119873
25.632 , 0.03204346
25.635 , 0.02288818
25.637 , 0.01373291
25.639 , 0.004577637
25.642 , -0.004577637
25.644 , -0.01602173
25.647 , -0.025177
25.649 , -0.02975464
25.651 , -0.03890991
25.654 , -0.04348755
25.656 , -0.05264282
25.658 , -0.05722046
25.661 , -0.06637573
25.663 , -0.07324219
25.666 , -0.07781982
25.668 , -0.0869751
25.67 , -0.09841919
25.673 , -0.1029968
25.675 , -0.1075764
25.677 , -0.1167316
25.679 , -0.1258869
25.681 , -0.1396198
25.684 , -0.1441975
25.686 , -0.1533527
25.688 , -0.1579304
25.69 , -0.1670856
25.692 , -0.1762409
25.695 , -0.1808186
25.697 , -0.1899738
25.699 , -0.1991291
25.701 , -0.2037086
25.703 , -0.2128639
25.706 , -0.2174416
25.708 , -0.2288857
25.71 , -0.2334633
25.712 , -0.2426186
25.714 , -0.2426186
25.717 , -0.2517738
25.719 , -0.2563515
25.721 , -0.2655067
25.723 , -0.2655067
25.725 , -0.274662
25.728 , -0.274662
25.73 , -0.2838173
25.732 , -0.2883949
25.734 , -0.2975502
25.736 , -0.3021278
25.739 , -0.3067055
25.741 , -0.3112831
25.743 , -0.3158607
25.745 , -0.3204384
25.756 , -0.3410378
25.758 , -0.3456154
25.76 , -0.3524818
25.762 , -0.3570595
25.764 , -0.3570595
25.767 , -0.3616371
25.769 , -0.3662148
25.771 , -0.3707924
25.773 , -0.37537
25.775 , -0.3845253
25.778 , -0.3845253
25.78 , -0.3936825
25.782 , -0.3982601
25.784 , -0.3982601
25.786 , -0.4028378
25.789 , -0.4074154
25.791 , -0.4074154
25.793 , -0.411993
25.795 , -0.411993
25.797 , -0.4165707
25.8 , -0.4211483
25.802 , -0.4257259
25.804 , -0.4257259
25.806 , -0.4348812
25.808 , -0.4348812
25.811 , -0.4348812
25.813 , -0.4348812
25.815 , -0.4394588
25.817 , -0.4463253
25.819 , -0.4463253
25.821 , -0.4463253
25.824 , -0.4463253
25.826 , -0.4509029
25.828 , -0.4509029
25.83 , -0.4509029
25.833 , -0.4554806
25.835 , -0.4554806
25.837 , -0.4600582
25.839 , -0.4600582
25.841 , -0.4600582
25.844 , -0.4646358
25.846 , -0.4600582
25.848 , -0.4646358
25.85 , -0.4646358
25.852 , -0.4646358
25.855 , -0.4646358
25.857 , -0.4646358
25.859 , -0.4692135
25.861 , -0.4737911
25.863 , -0.4737911
25.866 , -0.4737911
25.868 , -0.4783688
25.87 , -0.4783688
25.872 , -0.4783688
25.874 , -0.4783688
25.877 , -0.4829483
25.879 , -0.4829483
25.881 , -0.4783688
25.883 , -0.4829483
25.886 , -0.4829483
25.888 , -0.4829483
25.89 , -0.4829483
25.892 , -0.4875259
25.894 , -0.4875259
25.897 , -0.4921036
25.899 , -0.4921036
25.901 , -0.4921036
25.903 , -0.4966812
25.906 , -0.5012589
25.908 , -0.5012589
25.91 , -0.5058365
25.912 , -0.5058365
25.914 , -0.5104141
25.916 , -0.5149918
25.919 , -0.5195694
25.921 , -0.524147
25.923 , -0.5333023
25.925 , -0.5333023
25.927 , -0.5378799
25.93 , -0.5424576
25.932 , -0.5470352
25.934 , -0.5516129
25.936 , -0.5516129
25.938 , -0.5561905
25.941 , -0.5607681
25.943 , -0.5653458
25.945 , -0.5653458
25.947 , -0.5653458
25.949 , -0.5699234
25.952 , -0.5699234
25.954 , -0.5699234
25.956 , -0.574501
25.958 , -0.574501
25.96 , -0.574501
25.963 , -0.574501
25.965 , -0.574501
25.967 , -0.574501
25.969 , -0.574501
25.971 , -0.5813694
25.974 , -0.574501
25.976 , -0.5813694
25.978 , -0.574501
25.98 , -0.574501
25.982 , -0.574501
25.985 , -0.574501
25.987 , -0.5699234
25.989 , -0.5699234
25.991 , -0.5699234
25.993 , -0.5653458
25.996 , -0.5653458
25.998 , -0.5653458
26.0 , -0.5607681
26.002 , -0.5607681
26.004 , -0.5561905
26.007 , -0.5516129
26.009 , -0.5470352
26.011 , -0.5378799
26.013 , -0.524147
26.015 , -0.5149918
26.018 , -0.5012589
26.02 , -0.4829483
26.022 , -0.4554806
26.024 , -0.4303036
26.026 , -0.3936825
26.028 , -0.3616371
26.031 , -0.3158607
26.033 , -0.2655067
26.035 , -0.2220192
26.037 , -0.1716633
26.039 , -0.1167316
26.042 , -0.05264282
26.044 , 0.01373291
26.046 , 0.08239937
26.049 , 0.1510639
26.051 , 0.2311745
26.053 , 0.2906857
26.055 , 0.373085
26.057 , 0.4417496
26.059 , 0.5035477
26.062 , 0.585947
26.064 , 0.6569023
26.066 , 0.7301445
26.068 , 0.7896538
26.07 , 0.8331432
26.073 , 0.874342
26.075 , 0.9224072
26.077 , 0.9750519
26.079 , 1.023119
26.081 , 1.055162
26.084 , 1.091784
26.086 , 1.114674
26.088 , 1.146717
26.09 , 1.176472
26.092 , 1.197071
26.094 , 1.21767
26.097 , 1.231403
26.099 , 1.245136
26.101 , 1.258869
26.103 , 1.272602
26.105 , 1.281757
26.108 , 1.290913
26.11 , 1.30007
26.112 , 1.304647
26.114 , 1.313803
26.116 , 1.322958
26.118 , 1.327536
26.121 , 1.336691
26.123 , 1.341269
26.125 , 1.341269
26.127 , 1.341269
26.129 , 1.341269
26.131 , 1.350424
26.134 , 1.364157
26.136 , 1.364157
26.138 , 1.359579
26.14 , 1.359579
26.142 , 1.373312
26.144 , 1.37789
26.147 , 1.382467
26.149 , 1.37789
26.151 , 1.37789
26.153 , 1.382467
26.155 , 1.382467
26.158 , 1.382467
26.16 , 1.37789
26.162 , 1.37789
26.164 , 1.373312
26.166 , 1.364157
26.169 , 1.364157
26.171 , 1.355001
26.173 , 1.345846
26.175 , 1.341269
26.177 , 1.336691
26.179 , 1.332113
26.182 , 1.322958
26.184 , 1.309225
26.186 , 1.304647
26.188 , 1.29549
26.19 , 1.286335
26.192 , 1.27718
26.195 , 1.258869
26.197 , 1.245136
26.199 , 1.245136
26.201 , 1.231403
26.203 , 1.210804
26.205 , 1.197071
26.208 , 1.185627
26.21 , 1.181049
26.212 , 1.167316
26.222 , 1.082628
26.225 , 1.05974
26.227 , 1.036852
26.229 , 1.018541
26.231 , 0.9979401
26.233 , 0.9796295
26.236 , 0.9567413
26.238 , 0.9269867
26.24 , 0.9018078
26.242 , 0.8789196
26.244 , 0.8514538
26.247 , 0.8331432
26.249 , 0.8079643
26.251 , 0.7804985
26.253 , 0.762188
26.255 , 0.748455
26.258 , 0.7392998
26.26 , 0.7209892
26.262 , 0.7026787
26.264 , 0.672924
26.266 , 0.6637688
26.269 , 0.6431694
26.271 , 0.6385899
26.273 , 0.6202793
26.275 , 0.6042576
26.277 , 0.585947
26.28 , 0.5813694
26.282 , 0.5676365
26.284 , 0.5539036
26.286 , 0.5493259
26.288 , 0.5355911
26.291 , 0.5264359
26.293 , 0.5218582
26.295 , 0.5127029
26.297 , 0.5035477
26.299 , 0.4943924
26.302 , 0.4852371
26.304 , 0.4760818
26.306 , 0.4669266
26.308 , 0.4623489
26.31 , 0.4531937
26.313 , 0.448616
26.315 , 0.4371719
26.317 , 0.4325943
26.319 , 0.423439
26.321 , 0.423439
26.323 , 0.4142838
26.326 , 0.4051285
26.328 , 0.3959732
26.33 , 0.3868179
26.332 , 0.3822403
26.334 , 0.3776627
26.337 , 0.373085
26.339 , 0.3639297
26.341 , 0.3547726
26.343 , 0.3501949
26.345 , 0.3410397
26.348 , 0.336462
26.35 , 0.3273067
26.352 , 0.3181515
26.354 , 0.3089962
26.356 , 0.2998409
26.358 , 0.2906857
26.361 , 0.286108
26.363 , 0.2815304
26.365 , 0.2723751
26.367 , 0.2632179
26.369 , 0.2586403
26.372 , 0.2540627
26.374 , 0.2449074
26.376 , 0.2357521
26.378 , 0.2265968
26.38 , 0.2220192
26.383 , 0.2128639
26.385 , 0.2082863
26.387 , 0.199131
26.389 , 0.1853981
26.391 , 0.1808205
26.394 , 0.1716633
26.396 , 0.1670856
26.398 , 0.1510639
26.4 , 0.1510639
26.402 , 0.1419086
26.404 , 0.137331
26.407 , 0.1281757
26.409 , 0.1235981
26.411 , 0.1190205
26.413 , 0.1144428
26.415 , 0.1052876
26.418 , 0.1007099
26.42 , 0.09613228
26.422 , 0.08697701
26.424 , 0.08239937
26.427 , 0.07781982
26.429 , 0.06866455
26.431 , 0.05950928
26.434 , 0.05493164
26.436 , 0.050354
26.438 , 0.04119873
26.441 , 0.03662109
26.443 , 0.02746582
26.445 , 0.01831055
26.448 , 0.01373291
26.45 , 0.004577637
26.452 , 0.0
26.455 , -0.009155273
26.457 , -0.01602173
26.459 , -0.025177
26.462 , -0.02975464
26.464 , -0.03890991
26.466 , -0.04348755
26.469 , -0.05264282
26.471 , -0.05722046
26.474 , -0.06637573
26.476 , -0.07781982
26.478 , -0.0869751
26.481 , -0.09155273
26.483 , -0.09841919
26.485 , -0.1075764
26.488 , -0.1167316
26.49 , -0.1213093
26.492 , -0.1304646
26.494 , -0.1350422
26.496 , -0.1396198
26.499 , -0.1487751
26.501 , -0.1579304
26.503 , -0.162508
26.505 , -0.1716633
26.507 , -0.1762409
26.51 , -0.1808186
26.512 , -0.1899738
26.514 , -0.1945515
26.516 , -0.2037086
26.518 , -0.2082863
26.521 , -0.2174416
26.523 , -0.2220192
26.525 , -0.2288857
26.527 , -0.2334633
26.529 , -0.2380409
26.532 , -0.2471962
26.534 , -0.2517738
26.536 , -0.2563515
26.538 , -0.2609291
26.54 , -0.2655067
26.542 , -0.2700844
26.545 , -0.274662
26.547 , -0.2838173
26.549 , -0.2838173
26.551 , -0.2883949
26.553 , -0.2929726
26.556 , -0.2975502
26.558 , -0.3021278
26.56 , -0.3067055
26.562 , -0.3112831
26.564 , -0.3158607
26.567 , -0.3158607
26.569 , -0.3204384
26.571 , -0.3273048
26.573 , -0.3318825
26.576 , -0.3364601
26.578 , -0.3364601
26.58 , -0.3410378
26.582 , -0.3456154
26.584 , -0.3524818
26.586 , -0.3570595
26.589 , -0.3616371
26.591 , -0.3616371
26.593 , -0.3662148
26.595 , -0.3707924
26.598 , -0.3707924
26.6 , -0.3799477
26.602 , -0.3799477
26.604 , -0.3845253
26.606 , -0.3891048
26.609 , -0.3936825
26.611 , -0.3936825
26.613 , -0.3936825
26.615 , -0.4028378
26.617 , -0.4028378
26.62 , -0.4028378
26.622 , -0.4074154
26.624 , -0.411993
26.626 , -0.4165707
26.628 , -0.4165707
26.631 , -0.4165707
26.633 , -0.4165707
26.635 , -0.4211483
26.637 , -0.4257259
26.639 , -0.4257259
26.642 , -0.4257259
26.644 , -0.4257259
26.646 , -0.4303036
26.648 , -0.4303036
26.65 , -0.4348812
26.653 , -0.4348812
26.655 , -0.4348812
26.657 , -0.4348812
26.659 , -0.4348812
26.661 , -0.4348812
26.664 , -0.4348812
26.666 , -0.4348812
26.668 , -0.4348812
26.67 , -0.4348812
26.672 , -0.4348812
26.675 , -0.4348812
26.677 , -0.4257259
26.679 , -0.4257259
26.681 , -0.4257259
26.683 , -0.4257259
26.694 , -0.4257259
26.696 , -0.4257259
26.698 , -0.4257259
26.7 , -0.4303036
26.703 , -0.4303036
26.705 , -0.4303036
26.707 , -0.4257259
26.709 , -0.4348812
26.711 , -0.4257259
26.714 , -0.4348812
26.716 , -0.4348812
26.718 , -0.4348812
26.72 , -0.4348812
26.722 , -0.4348812
26.725 , -0.4394588
26.727 , -0.4394588
26.729 , -0.4394588
26.731 , -0.4394588
26.733 , -0.4463253
26.736 , -0.4463253
26.738 , -0.4509029
26.74 , -0.4554806
26.742 , -0.4554806
26.744 , -0.4600582
26.747 , -0.4646358
26.749 , -0.4692135
26.751 , -0.4692135
26.753 , -0.4783688
26.755 , -0.4783688
26.758 , -0.4829483
26.76 , -0.4875259
26.762 , -0.4875259
26.764 , -0.4921036
26.766 , -0.4966812
26.769 , -0.5012589
26.771 , -0.5058365
26.773 , -0.5058365
26.775 , -0.5058365
26.778 , -0.5058365
26.78 , -0.5104141
26.782 , -0.5149918
26.784 , -0.5104141
26.786 , -0.5149918
26.789 , -0.5195694
26.791 , -0.524147
26.793 , -0.524147
26.795 , -0.524147
26.797 , -0.5287247
26.8 , -0.5287247
26.802 , -0.5287247
26.804 , -0.5333023
26.806 , -0.5333023
26.808 , -0.5333023
26.811 , -0.5333023
26.813 , -0.5378799
26.815 , -0.5378799
26.817 , -0.5333023
26.819 , -0.5378799
26.822 , -0.5333023
26.824 , -0.5333023
26.826 , -0.5333023
26.828 , -0.5287247
26.83 , -0.5287247
26.833 , -0.5287247
26.835 , -0.524147
26.837 , -0.5195694
26.839 , -0.5149918
26.841 , -0.5104141
26.844 , -0.5012589
26.846 , -0.4875259
26.848 , -0.4737911
26.85 , -0.4600582
26.852 , -0.4348812
26.855 , -0.411993
26.857 , -0.3799477
26.859 , -0.3456154
26.861 , -0.3067055
26.864 , -0.2655067
26.866 , -0.2220192
26.868 , -0.1716633
26.87 , -0.1213093
26.872 , -0.0617981
26.875 , 0.0
26.877 , 0.05493164
26.879 , 0.1190205
26.881 , 0.1945534
26.883 , 0.2586403
26.886 , 0.3181515
26.888 , 0.3868179
26.89 , 0.4531937
26.892 , 0.5081253
26.895 , 0.5630589
26.897 , 0.6202793
26.899 , 0.6683464
26.901 , 0.7209892
26.903 , 0.7713432
26.906 , 0.8148308
26.908 , 0.8606091
26.91 , 0.8972301
26.912 , 0.9407196
26.914 , 0.9796295
26.917 , 1.018541
26.919 , 1.046007
26.921 , 1.078051
26.923 , 1.110094
26.925 , 1.142139
26.927 , 1.167316
26.93 , 1.192493
26.932 , 1.222248
26.934 , 1.240559
26.936 , 1.268024
26.938 , 1.286335
26.94 , 1.30007
26.943 , 1.309225
26.945 , 1.31838
26.947 , 1.327536
26.949 , 1.332113
26.951 , 1.332113
26.954 , 1.336691
26.956 , 1.350424
26.958 , 1.345846
26.96 , 1.336691
26.962 , 1.336691
26.965 , 1.341269
26.967 , 1.341269
26.969 , 1.336691
26.971 , 1.322958
26.973 , 1.31838
26.976 , 1.31838
26.978 , 1.313803
26.98 , 1.304647
26.982 , 1.290913
26.984 , 1.27718
26.986 , 1.272602
26.989 , 1.263447
26.991 , 1.231403
26.993 , 1.206226
26.995 , 1.197071
26.997 , 1.171894
26.999 , 1.128407
27.002 , 1.091784
27.004 , 1.078051
27.006 , 1.055162
27.008 , 1.036852
27.01 , 1.018541
27.012 , 0.9887848
27.015 , 0.936142
27.017 , 0.8926525
27.019 , 0.9018078
27.021 , 0.9224072
27.023 , 0.8926525
27.026 , 0.8377209
27.028 , 0.7988091
27.03 , 0.7942314
27.032 , 0.7850761
27.034 , 0.7576103
27.037 , 0.7301445
27.039 , 0.7209892
27.041 , 0.7438774
27.043 , 0.7804985
27.045 , 0.7988091
27.048 , 0.7667656
27.05 , 0.7026787
27.052 , 0.6248569
27.054 , 0.6134129
27.056 , 0.6523247
27.059 , 0.6775017
27.061 , 0.6431694
27.063 , 0.5996799
27.065 , 0.5722141
27.067 , 0.5722141
27.07 , 0.5676365
27.072 , 0.5539036
27.074 , 0.5218582
27.076 , 0.49897
27.078 , 0.4898148
27.081 , 0.4806595
27.083 , 0.4669266
27.085 , 0.4417496
27.087 , 0.4280167
27.089 , 0.4188614
27.092 , 0.4005508
27.094 , 0.3868179
27.096 , 0.3776627
27.098 , 0.3685074
27.1 , 0.3547726
27.103 , 0.3456173
27.105 , 0.336462
27.107 , 0.3318844
27.109 , 0.3227291
27.111 , 0.3135738
27.113 , 0.3089962
27.116 , 0.2998409
27.118 , 0.2906857
27.12 , 0.286108
27.122 , 0.2815304
27.124 , 0.2769527
27.127 , 0.2677956
27.129 , 0.2632179
27.131 , 0.2586403
27.133 , 0.2540627
27.135 , 0.249485
27.137 , 0.2449074
27.14 , 0.2449074
27.142 , 0.2357521
27.144 , 0.2311745
27.146 , 0.2265968
27.148 , 0.2220192
27.151 , 0.2174416
27.161 , 0.1945534
27.163 , 0.1945534
27.165 , 0.1853981
27.168 , 0.1808205
27.17 , 0.1762428
27.172 , 0.1762428
27.174 , 0.1670856
27.176 , 0.162508
27.179 , 0.162508
27.181 , 0.1579304
27.183 , 0.1510639
27.185 , 0.1510639
27.187 , 0.1464863
27.189 , 0.1464863
27.192 , 0.1419086
27.194 , 0.1419086
27.196 , 0.137331
27.198 , 0.1327534
27.2 , 0.1327534
27.203 , 0.1281757
27.205 , 0.1281757
27.207 , 0.1235981
27.209 , 0.1190205
27.211 , 0.1190205
27.213 , 0.1190205
27.216 , 0.1144428
27.218 , 0.1098652
27.22 , 0.1098652
27.222 , 0.1052876
27.224 , 0.1052876
27.227 , 0.1007099
27.229 , 0.1007099
27.231 , 0.09613228
27.233 , 0.09155464
27.236 , 0.08697701
27.238 , 0.08697701
27.24 , 0.08239937
27.243 , 0.07781982
27.245 , 0.07324219
27.247 , 0.06866455
27.25 , 0.06866455
27.252 , 0.05950928
27.254 , 0.05950928
27.257 , 0.05493164
27.259 , 0.050354
27.261 , 0.04577637
27.264 , 0.04119873
27.266 , 0.03662109
27.268 , 0.03204346
27.271 , 0.02746582
27.273 , 0.01831055
27.275 , 0.01831055
27.278 , 0.009155273
27.28 , 0.004577637
27.283 , -0.004577637
27.285 , -0.009155273
27.288 , -0.01602173
27.29 , -0.01602173
27.292 , -0.02059937
27.294 , -0.025177
27.297 , -0.02975464
27.299 , -0.03433228
27.301 , -0.03890991
27.304 , -0.04348755
27.306 , -0.04806519
27.308 , -0.05264282
27.311 , -0.05722046
27.313 , -0.0617981
27.315 , -0.06637573
27.318 , -0.07324219
27.32 , -0.07781982
27.323 , -0.08239746
27.325 , -0.09155273
27.327 , -0.09155273
27.33 , -0.09841919
27.332 , -0.1075764
27.334 , -0.112154
27.336 , -0.112154
27.338 , -0.1167316
27.341 , -0.1213093
27.343 , -0.1258869
27.345 , -0.1350422
27.347 , -0.1396198
27.35 , -0.1441975
27.352 , -0.1487751
27.354 , -0.1533527
27.356 , -0.1533527
27.358 , -0.162508
27.36 , -0.1670856
27.363 , -0.1670856
27.365 , -0.1716633
27.367 , -0.1762409
27.369 , -0.1808186
27.371 , -0.1853962
27.374 , -0.1899738
27.376 , -0.1899738
27.378 , -0.1945515
27.38 , -0.1991291
27.383 , -0.2082863
27.385 , -0.2082863
27.387 , -0.2128639
27.389 , -0.2174416
27.391 , -0.2220192
27.394 , -0.2288857
27.396 , -0.2334633
27.398 , -0.2334633
27.4 , -0.2380409
27.402 , -0.2380409
27.405 , -0.2426186
27.407 , -0.2471962
27.409 , -0.2471962
27.411 , -0.2517738
27.413 , -0.2517738
27.416 , -0.2563515
27.418 , -0.2609291
27.42 , -0.2655067
27.422 , -0.2655067
27.424 , -0.2700844
27.427 , -0.2700844
27.429 , -0.2700844
27.431 , -0.2792397
27.433 , -0.2838173
27.435 , -0.2883949
27.438 , -0.2929726
27.44 , -0.2929726
27.442 , -0.2929726
27.444 , -0.2975502
27.446 , -0.3021278
27.449 , -0.3021278
27.451 , -0.3067055
27.453 , -0.3067055
27.455 , -0.3112831
27.457 , -0.3204384
27.46 , -0.3273048
27.462 , -0.3273048
27.464 , -0.3273048
27.466 , -0.3273048
27.468 , -0.3318825
27.471 , -0.3364601
27.473 , -0.3318825
27.475 , -0.3318825
27.477 , -0.3364601
27.479 , -0.3364601
27.482 , -0.3410378
27.484 , -0.3364601
27.486 , -0.3410378
27.488 , -0.3410378
27.49 , -0.3456154
27.493 , -0.3410378
27.495 , -0.3456154
27.497 , -0.3456154
27.499 , -0.3456154
27.501 , -0.3456154
27.503 , -0.3456154
27.506 , -0.3456154
27.508 , -0.3456154
27.51 , -0.3524818
27.512 , -0.3570595
27.514 , -0.3524818
27.517 , -0.3524818
27.519 , -0.3524818
27.521 , -0.3570595
27.523 , -0.3524818
27.526 , -0.3570595
27.528 , -0.3570595
27.53 , -0.3570595
27.532 , -0.3570595
27.534 , -0.3616371
27.537 , -0.3616371
27.539 , -0.3616371
27.541 , -0.3662148
27.543 , -0.3616371
27.545 , -0.3616371
27.548 , -0.3662148
27.55 , -0.3662148
27.552 , -0.3707924
27.554 , -0.3662148
27.556 , -0.3662148
27.559 , -0.3707924
27.561 , -0.37537
27.563 , -0.37537
27.565 , -0.37537
27.567 , -0.37537
27.57 , -0.3799477
27.572 , -0.3799477
27.574 , -0.3845253
27.576 , -0.3845253
27.578 , -0.3891048
27.581 , -0.3936825
27.583 , -0.3982601
27.585 , -0.3982601
27.587 , -0.4028378
27.59 , -0.4074154
27.592 , -0.411993
27.594 , -0.4165707
27.596 , -0.4165707
27.598 , -0.4211483
27.601 , -0.4303036
27.603 , -0.4348812
27.605 , -0.4394588
27.607 , -0.4463253
27.609 , -0.4463253
27.612 , -0.4509029
27.614 , -0.4509029
27.616 , -0.4554806
27.618 , -0.4554806
27.62 , -0.4600582
27.622 , -0.4600582
27.625 , -0.4646358
27.635 , -0.4692135
27.637 , -0.4692135
27.64 , -0.4692135
27.642 , -0.4692135
27.644 , -0.4737911
27.646 , -0.4737911
27.648 , -0.4737911
27.651 , -0.4737911
27.653 , -0.4737911
27.655 , -0.4692135
27.657 , -0.4737911
27.659 , -0.4737911
27.662 , -0.4692135
27.664 , -0.4692135
27.666 , -0.4646358
27.668 , -0.4646358
27.67 , -0.4646358
27.673 , -0.4600582
27.675 , -0.4554806
27.677 , -0.4554806
27.679 , -0.4509029
27.681 , -0.4463253
27.684 , -0.4348812
27.686 , -0.4211483
27.688 , -0.4074154
27.69 , -0.3891048
27.692 , -0.3707924
27.695 , -0.3456154
27.697 , -0.3204384
27.699 , -0.2838173
27.701 , -0.2426186
27.704 , -0.2037086
27.706 , -0.162508
27.708 , -0.1167316
27.71 , -0.05722046
27.712 , 0.0
27.715 , 0.05950928
27.717 , 0.1190205
27.719 , 0.1762428
27.721 , 0.2403297
27.724 , 0.2998409
27.726 , 0.3593502
27.728 , 0.4280167
27.73 , 0.4806595
27.732 , 0.5401688
27.734 , 0.5951023
27.737 , 0.6431694
27.739 , 0.6958122
27.741 , 0.748455
27.743 , 0.7942314
27.746 , 0.8422985
27.748 , 0.8834972
27.75 , 0.9224072
27.752 , 0.961319
27.754 , 0.9979401
27.757 , 1.032274
27.759 , 1.05974
27.761 , 1.087206
27.763 , 1.110094
27.765 , 1.132984
27.767 , 1.146717
27.77 , 1.16045
27.772 , 1.176472
27.774 , 1.192493
27.776 , 1.206226
27.778 , 1.210804
27.781 , 1.21767
27.783 , 1.21767
27.785 , 1.222248
27.787 , 1.222248
27.789 , 1.226826
27.791 , 1.235981
27.794 , 1.231403
27.796 , 1.222248
27.798 , 1.226826
27.8 , 1.231403
27.802 , 1.231403
27.804 , 1.226826
27.807 , 1.210804
27.809 , 1.210804
27.811 , 1.206226
27.813 , 1.206226
27.815 , 1.197071
27.817 , 1.181049
27.82 , 1.171894
27.822 , 1.16045
27.824 , 1.151295
27.826 , 1.137562
27.828 , 1.114674
27.831 , 1.096361
27.833 , 1.078051
27.835 , 1.055162
27.837 , 1.036852
27.839 , 1.018541
27.841 , 0.9887848
27.844 , 0.9658966
27.846 , 0.936142
27.848 , 0.9063854
27.85 , 0.8697643
27.853 , 0.8514538
27.855 , 0.8651867
27.857 , 0.874342
27.859 , 0.8377209
27.861 , 0.7804985
27.864 , 0.762188
27.866 , 0.7530327
27.868 , 0.7438774
27.87 , 0.7209892
27.872 , 0.7072563
27.875 , 0.7209892
27.877 , 0.748455
27.879 , 0.7713432
27.881 , 0.7530327
27.884 , 0.686657
27.886 , 0.5951023
27.888 , 0.5905247
27.89 , 0.6385899
27.892 , 0.6683464
27.895 , 0.6088352
27.897 , 0.5584812
27.899 , 0.5401688
27.901 , 0.5630589
27.903 , 0.5584812
27.906 , 0.5264359
27.908 , 0.4943924
27.91 , 0.4898148
27.912 , 0.4898148
27.914 , 0.4760818
27.917 , 0.4577713
27.919 , 0.4280167
27.921 , 0.4188614
27.923 , 0.4142838
27.925 , 0.3959732
27.928 , 0.3776627
27.93 , 0.3685074
27.932 , 0.3547726
27.934 , 0.3456173
27.936 , 0.336462
27.939 , 0.3181515
27.941 , 0.3089962
27.943 , 0.2998409
27.945 , 0.2906857
27.947 , 0.2815304
27.95 , 0.2723751
27.952 , 0.2586403
27.954 , 0.2586403
27.956 , 0.2540627
27.958 , 0.249485
27.961 , 0.2403297
27.963 , 0.2357521
27.965 , 0.2265968
27.967 , 0.2265968
27.969 , 0.2174416
27.972 , 0.2174416
27.974 , 0.2128639
27.976 , 0.2082863
27.978 , 0.199131
27.98 , 0.199131
27.983 , 0.199131
27.985 , 0.1945534
27.987 , 0.1853981
27.989 , 0.1808205
27.991 , 0.1808205
27.994 , 0.1716633
27.996 , 0.1716633
27.998 , 0.1670856
28.0 , 0.1670856
28.003 , 0.1579304
28.005 , 0.1579304
28.007 , 0.1464863
28.009 , 0.1510639
28.011 , 0.1464863
28.014 , 0.1419086
28.016 , 0.137331
28.018 , 0.137331
28.02 , 0.1281757
28.022 , 0.1281757
28.024 , 0.1235981
28.027 , 0.1235981
28.029 , 0.1190205
28.031 , 0.1190205
28.033 , 0.1144428
28.035 , 0.1144428
28.037 , 0.1098652
28.04 , 0.1052876
28.042 , 0.1052876
28.044 , 0.1052876
28.046 , 0.09613228
28.049 , 0.09613228
28.051 , 0.09613228
28.053 , 0.09155464
28.056 , 0.09155464
28.058 , 0.08239937
28.06 , 0.08697701
28.063 , 0.08239937
28.065 , 0.07781982
28.067 , 0.07781982
28.07 , 0.07324219
28.072 , 0.06866455
28.074 , 0.06408691
28.077 , 0.06408691
28.079 , 0.05950928
28.081 , 0.05493164
28.084 , 0.050354
28.086 , 0.04577637
28.089 , 0.04577637
28.091 , 0.04577637
28.093 , 0.03662109
28.096 , 0.03662109
28.106 , 0.01373291
28.109 , 0.01373291
28.111 , 0.009155273
28.113 , 0.009155273
28.116 , 0.0
28.118 , 0.0
28.12 , -0.004577637
28.122 , -0.009155273
28.125 , -0.009155273
28.127 , -0.02059937
28.13 , -0.02059937
28.132 , -0.025177
28.134 , -0.02975464
28.137 , -0.02975464
28.139 , -0.03433228
28.141 , -0.03890991
28.144 , -0.04348755
28.146 , -0.04348755
28.149 , -0.04806519
28.151 , -0.04806519
28.153 , -0.05264282
28.156 , -0.0617981
28.158 , -0.06637573
28.16 , -0.06637573
28.163 , -0.06637573
28.165 , -0.07324219
28.167 , -0.07781982
28.17 , -0.08239746
28.172 , -0.08239746
28.174 , -0.0869751
28.177 , -0.0869751
28.179 , -0.09155273
28.182 , -0.09841919
28.184 , -0.09841919
28.186 , -0.1029968
28.189 , -0.1075764
28.191 , -0.1075764
28.193 , -0.1075764
28.195 , -0.112154
28.197 , -0.1167316
28.2 , -0.1213093
28.202 , -0.1213093
28.204 , -0.1258869
28.206 , -0.1258869
28.208 , -0.1304646
28.21 , -0.1350422
28.213 , -0.1396198
28.215 , -0.1396198
28.217 , -0.1441975
28.219 , -0.1487751
28.222 , -0.1487751
28.224 , -0.1533527
28.226 , -0.1533527
28.228 , -0.1533527
28.23 , -0.1579304
28.233 , -0.162508
28.235 , -0.1670856
28.237 , -0.1670856
28.239 , -0.1716633
28.241 , -0.1762409
28.244 , -0.1762409
28.246 , -0.1808186
28.248 , -0.1808186
28.25 , -0.1853962
28.252 , -0.1853962
28.255 , -0.1853962
28.257 , -0.1853962
28.259 , -0.1945515
28.261 , -0.1945515
28.263 , -0.1991291
28.266 , -0.1991291
28.268 , -0.2037086
28.27 , -0.2037086
28.272 , -0.2037086
28.274 , -0.2082863
28.277 , -0.2128639
28.279 , -0.2174416
28.281 , -0.2174416
28.283 , -0.2174416
28.285 , -0.2174416
28.288 , -0.2288857
28.29 , -0.2288857
28.292 , -0.2288857
28.294 , -0.2334633
28.296 , -0.2334633
28.299 , -0.2334633
28.301 , -0.2380409
28.303 , -0.2380409
28.305 , -0.2426186
28.307 , -0.2426186
28.31 , -0.2380409
28.312 , -0.2426186
28.314 , -0.2471962
28.316 , -0.2471962
28.319 , -0.2471962
28.321 , -0.2471962
28.323 , -0.2426186
28.325 , -0.2426186
28.327 , -0.2426186
28.33 , -0.2471962
28.332 , -0.2426186
28.334 , -0.2471962
28.336 , -0.2426186
28.338 , -0.2426186
28.341 , -0.2471962
28.343 , -0.2471962
28.345 , -0.2471962
28.347 , -0.2471962
28.349 , -0.2471962
28.352 , -0.2471962
28.354 , -0.2517738
28.356 , -0.2517738
28.358 , -0.2517738
28.36 , -0.2517738
28.363 , -0.2517738
28.365 , -0.2517738
28.367 , -0.2517738
28.369 , -0.2563515
28.371 , -0.2563515
28.374 , -0.2563515
28.376 , -0.2563515
28.378 , -0.2563515
28.38 , -0.2563515
28.382 , -0.2609291
28.385 , -0.2563515
28.387 , -0.2609291
28.389 , -0.2563515
28.391 , -0.2563515
28.393 , -0.2609291
28.396 , -0.2655067
28.398 , -0.2655067
28.4 , -0.2655067
28.402 , -0.2655067
28.404 , -0.2655067
28.407 , -0.2700844
28.409 , -0.2655067
28.411 , -0.2700844
28.413 , -0.2700844
28.415 , -0.274662
28.418 , -0.274662
28.42 , -0.2792397
28.422 , -0.2792397
28.424 , -0.2883949
28.426 , -0.2929726
28.429 , -0.2929726
28.431 , -0.2975502
28.433 , -0.3021278
28.435 , -0.3067055
28.437 , -0.3112831
28.44 , -0.3112831
28.442 , -0.3158607
28.444 , -0.3158607
28.446 , -0.3204384
28.448 , -0.3273048
28.451 , -0.3204384
28.453 , -0.3204384
28.455 , -0.3273048
28.457 , -0.3318825
28.459 , -0.3318825
28.462 , -0.3318825
28.464 , -0.3364601
28.466 , -0.3364601
28.468 , -0.3364601
28.471 , -0.3410378
28.473 , -0.3410378
28.475 , -0.3410378
28.477 , -0.3410378
28.479 , -0.3410378
28.482 , -0.3456154
28.484 , -0.3410378
28.486 , -0.3410378
28.488 , -0.3410378
28.49 , -0.3410378
28.493 , -0.3410378
28.495 , -0.3364601
28.497 , -0.3318825
28.499 , -0.3318825
28.501 , -0.3273048
28.504 , -0.3273048
28.506 , -0.3204384
28.508 , -0.3158607
28.51 , -0.3158607
28.512 , -0.3112831
28.515 , -0.3067055
28.517 , -0.2975502
28.519 , -0.2929726
28.521 , -0.2838173
28.523 , -0.2700844
28.526 , -0.2517738
28.528 , -0.2334633
28.53 , -0.2128639
28.532 , -0.1853962
28.534 , -0.1579304
28.537 , -0.1213093
28.539 , -0.08239746
28.541 , -0.03890991
28.544 , 0.009155273
28.546 , 0.05950928
28.548 , 0.1098652
28.551 , 0.162508
28.553 , 0.2265968
28.555 , 0.2723751
28.557 , 0.3318844
28.559 , 0.3868179
28.562 , 0.4371719
28.564 , 0.4943924
28.566 , 0.5447464
28.568 , 0.585947
28.57 , 0.6431694
28.581 , 0.8331432
28.583 , 0.8697643
28.585 , 0.8972301
28.588 , 0.9224072
28.59 , 0.9498749
28.592 , 0.9704742
28.594 , 0.9933624
28.596 , 1.013962
28.599 , 1.023119
28.601 , 1.036852
28.603 , 1.046007
28.605 , 1.055162
28.607 , 1.05974
28.609 , 1.064318
28.612 , 1.068895
28.614 , 1.073473
28.616 , 1.068895
28.618 , 1.078051
28.62 , 1.078051
28.623 , 1.073473
28.625 , 1.068895
28.627 , 1.068895
28.629 , 1.073473
28.631 , 1.073473
28.633 , 1.064318
28.636 , 1.05974
28.638 , 1.055162
28.64 , 1.055162
28.642 , 1.050585
28.644 , 1.04143
28.647 , 1.036852
28.649 , 1.027697
28.651 , 1.023119
28.653 , 1.009384
28.655 , 1.004807
28.658 , 0.9842072
28.66 , 0.9750519
28.662 , 0.9567413
28.664 , 0.9407196
28.666 , 0.9269867
28.669 , 0.9132519
28.671 , 0.8972301
28.673 , 0.8880749
28.675 , 0.8560314
28.677 , 0.8285637
28.68 , 0.8194084
28.682 , 0.8285637
28.684 , 0.8033867
28.686 , 0.7713432
28.688 , 0.7576103
28.691 , 0.7530327
28.693 , 0.7438774
28.695 , 0.7164116
28.697 , 0.686657
28.699 , 0.672924
28.702 , 0.6569023
28.704 , 0.6385899
28.706 , 0.6294346
28.708 , 0.6248569
28.71 , 0.6385899
28.713 , 0.647747
28.715 , 0.6294346
28.717 , 0.585947
28.719 , 0.5630589
28.722 , 0.5584812
28.724 , 0.5630589
28.726 , 0.5539036
28.728 , 0.5264359
28.73 , 0.49897
28.733 , 0.49897
28.735 , 0.49897
28.737 , 0.4760818
28.739 , 0.448616
28.742 , 0.4371719
28.744 , 0.4280167
28.746 , 0.423439
28.748 , 0.4051285
28.75 , 0.3822403
28.753 , 0.3685074
28.755 , 0.3593502
28.757 , 0.3456173
28.759 , 0.336462
28.761 , 0.3181515
28.764 , 0.3089962
28.766 , 0.2906857
28.768 , 0.2815304
28.77 , 0.2677956
28.772 , 0.2632179
28.775 , 0.2540627
28.777 , 0.2449074
28.779 , 0.2357521
28.781 , 0.2311745
28.783 , 0.2220192
28.786 , 0.2174416
28.788 , 0.2128639
28.79 , 0.2082863
28.792 , 0.2037086
28.794 , 0.1945534
28.797 , 0.1853981
28.799 , 0.1853981
28.801 , 0.1808205
28.803 , 0.1762428
28.805 , 0.1716633
28.808 , 0.1670856
28.81 , 0.162508
28.812 , 0.1579304
28.814 , 0.1579304
28.816 , 0.1579304
28.819 , 0.1510639
28.821 , 0.1510639
28.823 , 0.1464863
28.825 , 0.137331
28.827 , 0.137331
28.83 , 0.137331
28.832 , 0.1327534
28.834 , 0.1281757
28.836 , 0.1281757
28.838 , 0.1235981
28.841 , 0.1190205
28.843 , 0.1190205
28.845 , 0.1144428
28.847 , 0.1098652
28.849 , 0.1052876
28.852 , 0.1007099
28.854 , 0.1007099
28.856 , 0.09613228
28.858 , 0.09613228
28.861 , 0.08697701
28.863 , 0.08239937
28.865 , 0.08239937
28.868 , 0.07781982
28.87 , 0.07781982
28.872 , 0.07324219
28.875 , 0.06866455
28.877 , 0.06408691
28.879 , 0.06408691
28.882 , 0.05950928
28.884 , 0.05493164
28.887 , 0.050354
28.889 , 0.04577637
28.891 , 0.04577637
28.894 , 0.04119873
28.896 , 0.04119873
28.899 , 0.03662109
28.901 , 0.03204346
28.903 , 0.03204346
28.906 , 0.02746582
28.908 , 0.02288818
28.91 , 0.01831055
28.913 , 0.01831055
28.915 , 0.01373291
28.917 , 0.004577637
28.92 , 0.004577637
28.922 , 0.0
28.924 , 0.0
28.926 , -0.009155273
28.929 , -0.01602173
28.931 , -0.01602173
28.934 , -0.02059937
28.936 , -0.025177
28.938 , -0.02975464
28.941 , -0.02975464
28.943 , -0.03433228
28.945 , -0.03890991
28.948 , -0.04348755
28.95 , -0.04348755
28.953 , -0.05264282
28.955 , -0.05722046
28.957 , -0.05722046
28.96 , -0.0617981
28.962 , -0.07324219
28.965 , -0.07324219
28.967 , -0.07781982
28.969 , -0.08239746
28.972 , -0.0869751
28.974 , -0.0869751
28.976 , -0.09155273
28.979 , -0.09841919
28.981 , -0.09841919
28.984 , -0.1029968
28.986 , -0.1075764
28.988 , -0.112154
28.99 , -0.112154
28.992 , -0.1167316
28.995 , -0.1167316
28.997 , -0.1213093
28.999 , -0.1258869
29.001 , -0.1304646
29.003 , -0.1350422
29.006 , -0.1350422
29.008 , -0.1396198
29.01 , -0.1441975
29.012 , -0.1441975
29.014 , -0.1487751
29.017 , -0.1487751
29.019 , -0.1533527
29.021 , -0.1579304
29.023 , -0.162508
29.025 , -0.1670856
29.028 , -0.1670856
29.03 , -0.1716633
29.032 , -0.1762409
29.034 , -0.1808186
29.036 , -0.1808186
29.039 , -0.1853962
29.041 , -0.1899738
29.043 , -0.1945515
29.045 , -0.1945515
29.047 , -0.1945515
29.058 , -0.2082863
29.06 , -0.2128639
29.062 , -0.2174416
29.064 , -0.2174416
29.067 , -0.2220192
29.069 , -0.2220192
29.071 , -0.2220192
29.073 , -0.2288857
29.075 , -0.2288857
29.078 , -0.2288857
29.08 , -0.2334633
29.082 , -0.2380409
29.084 , -0.2334633
29.087 , -0.2334633
29.089 , -0.2334633
29.091 , -0.2334633
29.093 , -0.2334633
29.095 , -0.2334633
29.097 , -0.2334633
29.1 , -0.2334633
29.102 , -0.2288857
29.104 , -0.2288857
29.106 , -0.2288857
29.108 , -0.2334633
29.111 , -0.2334633
29.113 , -0.2334633
29.115 , -0.2334633
29.117 , -0.2288857
29.119 , -0.2288857
29.122 , -0.2288857
29.124 , -0.2288857
29.126 , -0.2288857
29.128 , -0.2288857
29.13 , -0.2220192
29.133 , -0.2288857
29.135 , -0.2220192
29.137 , -0.2288857
29.139 , -0.2288857
29.141 , -0.2220192
29.144 , -0.2220192
29.146 , -0.2220192
29.148 , -0.2174416
29.15 , -0.2174416
29.152 , -0.2174416
29.155 , -0.2174416
29.157 , -0.2128639
29.159 , -0.2128639
29.161 , -0.2128639
29.163 , -0.2082863
29.166 , -0.2128639
29.168 , -0.2082863
29.17 , -0.2082863
29.172 , -0.2082863
29.174 , -0.2037086
29.177 , -0.2037086
29.179 , -0.2037086
29.181 , -0.2037086
29.183 , -0.2037086
29.185 , -0.1991291
29.188 , -0.1991291
29.19 , -0.1945515
29.192 , -0.1945515
29.194 , -0.1945515
29.196 , -0.1945515
29.199 , -0.1945515
29.201 , -0.1945515
29.203 , -0.1945515
29.205 , -0.1945515
29.207 , -0.1945515
29.21 , -0.1945515
29.212 , -0.1945515
29.214 , -0.1945515
29.216 , -0.1945515
29.218 , -0.1945515
29.221 , -0.1991291
29.223 , -0.1945515
29.225 , -0.1945515
29.227 , -0.1945515
29.229 , -0.1991291
29.232 , -0.2037086
29.234 , -0.1991291
29.236 , -0.2037086
29.238 , -0.2037086
29.24 , -0.2082863
29.243 , -0.2082863
29.245 , -0.2082863
29.247 , -0.2128639
29.249 , -0.2174416
29.251 , -0.2174416
29.254 , -0.2174416
29.256 , -0.2220192
29.258 , -0.2288857
29.26 , -0.2334633
29.262 , -0.2380409
29.265 , -0.2426186
29.267 , -0.2426186
29.269 , -0.2471962
29.271 , -0.2517738
29.273 , -0.2563515
29.276 , -0.2563515
29.278 , -0.2655067
29.28 , -0.2655067
29.282 , -0.2700844
29.284 , -0.2700844
29.287 , -0.2700844
29.289 , -0.274662
29.291 , -0.274662
29.293 , -0.274662
29.295 , -0.274662
29.298 , -0.2792397
29.3 , -0.2838173
29.302 , -0.2883949
29.304 , -0.2838173
29.306 , -0.2883949
29.309 , -0.2883949
29.311 , -0.2883949
29.313 , -0.2929726
29.315 , -0.2929726
29.318 , -0.2929726
29.32 , -0.2883949
29.322 , -0.2929726
29.324 , -0.2929726
29.326 , -0.2883949
29.329 , -0.2883949
29.331 , -0.2883949
29.333 , -0.2883949
29.335 , -0.2838173
29.337 , -0.2838173
29.34 , -0.2792397
29.342 , -0.274662
29.344 , -0.274662
29.346 , -0.274662
29.348 , -0.2655067
29.351 , -0.2609291
29.353 , -0.2563515
29.355 , -0.2471962
29.357 , -0.2380409
29.359 , -0.2220192
29.362 , -0.2082863
29.364 , -0.1899738
29.366 , -0.162508
29.368 , -0.1396198
29.37 , -0.1075764
29.373 , -0.06637573
29.375 , -0.02975464
29.377 , 0.009155273
29.38 , 0.05950928
29.382 , 0.1052876
29.384 , 0.1510639
29.387 , 0.199131
29.389 , 0.2540627
29.391 , 0.3044186
29.393 , 0.3456173
29.395 , 0.4005508
29.398 , 0.4531937
29.4 , 0.4898148
29.402 , 0.5401688
29.404 , 0.5813694
29.406 , 0.6134129
29.409 , 0.6569023
29.411 , 0.686657
29.413 , 0.7209892
29.415 , 0.7530327
29.417 , 0.7713432
29.42 , 0.7988091
29.422 , 0.8239861
29.424 , 0.8377209
29.426 , 0.8560314
29.428 , 0.8651867
29.431 , 0.8789196
29.433 , 0.8880749
29.435 , 0.8972301
29.437 , 0.9063854
29.439 , 0.9063854
29.442 , 0.9063854
29.444 , 0.9178295
29.446 , 0.9224072
29.448 , 0.9224072
29.45 , 0.9178295
29.453 , 0.9224072
29.455 , 0.9269867
29.457 , 0.9269867
29.459 , 0.9224072
29.461 , 0.9178295
29.464 , 0.9224072
29.466 , 0.9178295
29.468 , 0.9132519
29.47 , 0.9018078
29.473 , 0.8972301
29.475 , 0.8972301
29.477 , 0.8880749
29.479 , 0.8789196
29.481 , 0.8651867
29.484 , 0.8560314
29.486 , 0.8422985
29.488 , 0.8285637
29.49 , 0.8148308
29.492 , 0.7942314
29.495 , 0.7759209
29.497 , 0.762188
29.499 , 0.7255669
29.501 , 0.7026787
29.503 , 0.6912346
29.506 , 0.686657
29.508 , 0.6569023
29.51 , 0.6248569
29.512 , 0.6088352
29.514 , 0.6248569
29.517 , 0.6202793
29.527 , 0.5172806
29.529 , 0.4943924
29.531 , 0.4760818
29.534 , 0.4806595
29.536 , 0.5218582
29.538 , 0.5539036
29.54 , 0.5493259
29.542 , 0.4943924
29.545 , 0.3913956
29.547 , 0.3776627
29.549 , 0.4371719
29.551 , 0.4760818
29.553 , 0.4325943
29.556 , 0.373085
29.558 , 0.3685074
29.56 , 0.3913956
29.562 , 0.3913956
29.564 , 0.3593502
29.567 , 0.336462
29.569 , 0.3318844
29.571 , 0.336462
29.573 , 0.3181515
29.576 , 0.2998409
29.578 , 0.2815304
29.58 , 0.2677956
29.582 , 0.2677956
29.584 , 0.2540627
29.587 , 0.2403297
29.589 , 0.2265968
29.591 , 0.2128639
29.593 , 0.2082863
29.596 , 0.199131
29.598 , 0.1853981
29.6 , 0.1716633
29.602 , 0.162508
29.604 , 0.1510639
29.606 , 0.1464863
29.609 , 0.1327534
29.611 , 0.1281757
29.613 , 0.1190205
29.615 , 0.1144428
29.617 , 0.1098652
29.62 , 0.1052876
29.622 , 0.09613228
29.624 , 0.09613228
29.626 , 0.09155464
29.629 , 0.08697701
29.631 , 0.08239937
29.634 , 0.08239937
29.636 , 0.07781982
29.638 , 0.07781982
29.641 , 0.07781982
29.643 , 0.07324219
29.645 , 0.07781982
29.648 , 0.07324219
29.65 , 0.06866455
29.652 , 0.06866455
29.655 , 0.06866455
29.657 , 0.06408691
29.66 , 0.06408691
29.662 , 0.06408691
29.664 , 0.06408691
29.667 , 0.05950928
29.669 , 0.06408691
29.671 , 0.06408691
29.674 , 0.05950928
29.676 , 0.05950928
29.678 , 0.05950928
29.681 , 0.05950928
29.683 , 0.05493164
29.686 , 0.05493164
29.688 , 0.050354
29.69 , 0.050354
29.693 , 0.050354
29.695 , 0.04577637
29.697 , 0.050354
29.7 , 0.04577637
29.702 , 0.04119873
29.704 , 0.04577637
29.707 , 0.04119873
29.709 , 0.04119873
29.711 , 0.04119873
29.714 , 0.03662109
29.716 , 0.03662109
29.718 , 0.03662109
29.721 , 0.03204346
29.723 , 0.03204346
29.725 , 0.03204346
29.728 , 0.03662109
29.73 , 0.03204346
29.732 , 0.03204346
29.735 , 0.03204346
29.737 , 0.03204346
29.739 , 0.03204346
29.742 , 0.03204346
29.744 , 0.03204346
29.746 , 0.03204346
29.749 , 0.03204346
29.751 , 0.03662109
29.754 , 0.03204346
29.756 , 0.03204346
29.758 , 0.03204346
29.761 , 0.03204346
29.763 , 0.02746582
29.765 , 0.02746582
29.768 , 0.02288818
29.77 , 0.02288818
29.772 , 0.01831055
29.775 , 0.01373291
29.777 , 0.01373291
29.779 , 0.01373291
29.782 , 0.009155273
29.784 , 0.009155273
29.787 , 0.009155273
29.789 , 0.009155273
29.792 , 0.009155273
29.794 , 0.004577637
29.797 , 0.004577637
29.799 , 0.0
29.801 , 0.0
29.803 , -0.004577637
29.806 , -0.004577637
29.808 , -0.009155273
29.811 , -0.009155273
29.813 , -0.009155273
29.816 , -0.01602173
29.818 , -0.01602173
29.82 , -0.01602173
29.823 , -0.01602173
29.825 , -0.02059937
29.827 , -0.02059937
29.83 , -0.025177
29.832 , -0.025177
29.834 , -0.02975464
29.837 , -0.02975464
29.839 , -0.02975464
29.842 , -0.03433228
29.844 , -0.03890991
29.846 , -0.03890991
29.849 , -0.03890991
29.851 , -0.04348755
29.853 , -0.04348755
29.856 , -0.04348755
29.858 , -0.05264282
29.861 , -0.05264282
29.863 , -0.05722046
29.865 , -0.05264282
29.868 , -0.05722046
29.87 , -0.0617981
29.872 , -0.06637573
29.875 , -0.06637573
29.877 , -0.07324219
29.879 , -0.07324219
29.882 , -0.07781982
29.884 , -0.07781982
29.887 , -0.07781982
29.889 , -0.08239746
29.891 , -0.0869751
29.894 , -0.09155273
29.896 , -0.09155273
29.899 , -0.09155273
29.901 , -0.09841919
29.903 , -0.09841919
29.906 , -0.1075764
29.908 , -0.112154
29.91 , -0.112154
29.912 , -0.1167316
29.914 , -0.1167316
29.917 , -0.1167316
29.919 , -0.1213093
29.921 , -0.1258869
29.923 , -0.1258869
29.926 , -0.1304646
29.928 , -0.1350422
29.93 , -0.1396198
29.932 , -0.1396198
29.934 , -0.1441975
29.937 , -0.1441975
29.939 , -0.1533527
29.941 , -0.1533527
29.943 , -0.1579304
29.945 , -0.1579304
29.948 , -0.1579304
29.95 , -0.162508
29.952 , -0.162508
29.954 , -0.1670856
29.956 , -0.1670856
29.959 , -0.1670856
29.961 , -0.1716633
29.963 , -0.1716633
29.965 , -0.1716633
29.967 , -0.1716633
29.97 , -0.1762409
29.972 , -0.1762409
29.974 , -0.1762409
29.976 , -0.1762409
29.979 , -0.1762409
29.981 , -0.1762409
29.983 , -0.1762409
29.985 , -0.1762409
29.987 , -0.1762409
29.99 , -0.1762409
29.992 , -0.1762409
29.994 , -0.1762409
29.996 , -0.1808186
29.998 , -0.1762409
30.001 , -0.1808186
30.003 , -0.1808186
30.005 , -0.1808186
30.015 , -0.1762409
30.018 , -0.1808186
30.02 , -0.1762409
30.022 , -0.1762409
30.024 , -0.1762409
30.026 , -0.1762409
30.029 , -0.1808186
30.031 , -0.1808186
30.033 , -0.1808186
30.035 , -0.1762409
30.037 , -0.1762409
30.04 , -0.1762409
30.042 , -0.1762409
30.044 , -0.1716633
30.046 , -0.1762409
30.048 , -0.1716633
30.051 , -0.1716633
30.053 , -0.1716633
30.055 , -0.1670856
30.057 , -0.1670856
30.059 , -0.1716633
30.061 , -0.1716633
30.064 , -0.1716633
30.066 , -0.1716633
30.068 , -0.1716633
30.07 , -0.1716633
30.072 , -0.1762409
30.075 , -0.1762409
30.077 , -0.1762409
30.079 , -0.1762409
30.081 , -0.1808186
30.083 , -0.1762409
30.085 , -0.1808186
30.088 , -0.1853962
30.09 , -0.1853962
30.092 , -0.1899738
30.094 , -0.1899738
30.097 , -0.1899738
30.099 , -0.1991291
30.101 , -0.2037086
30.103 , -0.2082863
30.105 , -0.2082863
30.107 , -0.2128639
30.11 , -0.2174416
30.112 , -0.2220192
30.114 , -0.2288857
30.116 , -0.2334633
30.118 , -0.2334633
30.121 , -0.2334633
30.123 , -0.2334633
30.125 , -0.2334633
30.127 , -0.2380409
30.129 , -0.2380409
30.131 , -0.2380409
30.134 , -0.2380409
30.136 , -0.2426186
30.138 , -0.2426186
30.14 , -0.2426186
30.142 , -0.2426186
30.145 , -0.2471962
30.147 , -0.2426186
30.149 , -0.2426186
30.151 , -0.2426186
30.153 , -0.2380409
30.155 , -0.2426186
30.158 , -0.2380409
30.16 , -0.2426186
30.162 , -0.2380409
30.164 , -0.2380409
30.166 , -0.2380409
30.169 , -0.2380409
30.171 , -0.2380409
30.173 , -0.2334633
30.175 , -0.2334633
30.177 , -0.2334633
30.179 , -0.2334633
30.182 , -0.2288857
30.184 , -0.2288857
30.186 , -0.2220192
30.188 , -0.2220192
30.19 , -0.2128639
30.193 , -0.2128639
30.195 , -0.2037086
30.197 , -0.1945515
30.199 , -0.1853962
30.201 , -0.1716633
30.204 , -0.1579304
30.206 , -0.1350422
30.208 , -0.112154
30.21 , -0.07781982
30.212 , -0.04348755
30.215 , -0.009155273
30.217 , 0.03204346
30.22 , 0.07324219
30.222 , 0.1098652
30.224 , 0.162508
30.226 , 0.2082863
30.228 , 0.2540627
30.231 , 0.2906857
30.233 , 0.3410397
30.235 , 0.373085
30.237 , 0.423439
30.239 , 0.4669266
30.241 , 0.49897
30.244 , 0.5401688
30.246 , 0.5722141
30.248 , 0.6042576
30.25 , 0.6385899
30.252 , 0.6683464
30.255 , 0.6912346
30.257 , 0.7164116
30.259 , 0.7347221
30.261 , 0.7530327
30.263 , 0.7667656
30.266 , 0.7850761
30.268 , 0.7988091
30.27 , 0.8148308
30.272 , 0.8194084
30.274 , 0.8285637
30.277 , 0.8422985
30.279 , 0.8468761
30.281 , 0.8514538
30.283 , 0.8514538
30.285 , 0.8514538
30.288 , 0.8606091
30.29 , 0.8606091
30.292 , 0.8606091
30.294 , 0.8651867
30.296 , 0.8606091
30.298 , 0.8606091
30.301 , 0.8560314
30.303 , 0.8606091
30.305 , 0.8514538
30.307 , 0.8514538
30.309 , 0.8468761
30.312 , 0.8422985
30.314 , 0.8468761
30.316 , 0.8377209
30.318 , 0.8331432
30.32 , 0.8285637
30.323 , 0.8239861
30.325 , 0.8194084
30.327 , 0.8079643
30.329 , 0.8033867
30.331 , 0.7942314
30.334 , 0.7804985
30.336 , 0.7713432
30.338 , 0.7667656
30.34 , 0.7576103
30.342 , 0.7438774
30.344 , 0.7347221
30.347 , 0.7255669
30.349 , 0.7209892
30.351 , 0.711834
30.353 , 0.7026787
30.355 , 0.686657
30.358 , 0.6683464
30.36 , 0.6431694
30.362 , 0.6248569
30.364 , 0.6202793
30.366 , 0.6248569
30.369 , 0.6042576
30.371 , 0.5813694
30.373 , 0.5676365
30.375 , 0.5630589
30.377 , 0.5539036
30.38 , 0.5401688
30.382 , 0.5172806
30.384 , 0.5035477
30.386 , 0.4943924
30.388 , 0.4806595
30.391 , 0.4623489
30.393 , 0.4417496
30.395 , 0.423439
30.397 , 0.4142838
30.399 , 0.3959732
30.402 , 0.3913956
30.404 , 0.3822403
30.406 , 0.373085
30.408 , 0.3639297
30.41 , 0.3318844
30.413 , 0.3135738
30.415 , 0.3044186
30.417 , 0.2998409
30.419 , 0.2815304
30.421 , 0.2540627
30.423 , 0.2403297
30.426 , 0.2311745
30.428 , 0.2220192
30.43 , 0.2082863
30.432 , 0.1853981
30.434 , 0.1670856
30.437 , 0.1579304
30.439 , 0.1419086
30.441 , 0.1281757
30.443 , 0.1235981
30.445 , 0.1098652
30.448 , 0.1007099
30.45 , 0.09155464
30.452 , 0.08239937
30.454 , 0.07324219
30.457 , 0.06408691
30.459 , 0.05493164
30.461 , 0.050354
30.464 , 0.04119873
30.466 , 0.03662109
30.468 , 0.03204346
30.471 , 0.02746582
30.473 , 0.01831055
30.484 , 0.004577637
30.486 , 0.0
30.488 , 0.0
30.49 , 0.0
30.493 , -0.004577637
30.495 , -0.009155273
30.498 , -0.009155273
30.5 , -0.009155273
30.502 , -0.009155273
30.505 , -0.01602173
30.507 , -0.01602173
30.51 , -0.01602173
30.512 , -0.01602173
30.514 , -0.02059937
30.517 , -0.02059937
30.519 , -0.02059937
30.521 , -0.02059937
30.524 , -0.02059937
30.526 , -0.025177
30.528 , -0.025177
30.531 , -0.02059937
30.533 , -0.02059937
30.535 , -0.02059937
30.538 , -0.02059937
30.54 , -0.02059937
30.542 , -0.02059937
30.545 , -0.02059937
30.547 , -0.02059937
30.549 , -0.025177
30.552 , -0.02059937
30.554 , -0.02059937
30.556 , -0.02059937
30.559 , -0.02059937
30.561 , -0.02059937
30.563 , -0.02059937
30.566 , -0.02059937
30.568 , -0.02059937
30.57 , -0.02059937
30.573 , -0.02059937
30.575 , -0.02059937
30.577 , -0.02059937
30.58 , -0.02059937
30.582 , -0.02059937
30.585 , -0.02059937
30.587 , -0.02059937
30.589 , -0.02059937
30.592 , -0.02059937
30.594 , -0.01602173
30.596 , -0.01602173
30.599 , -0.01602173
30.601 , -0.01602173
30.603 , -0.01602173
30.606 , -0.01602173
30.608 , -0.01602173
30.61 , -0.01602173
30.613 , -0.01602173
30.615 , -0.01602173
30.617 , -0.01602173
30.62 , -0.01602173
30.622 , -0.01602173
30.624 , -0.01602173
30.627 , -0.01602173
30.629 , -0.01602173
30.631 , -0.02059937
30.634 , -0.02059937
30.636 , -0.02059937
30.638 , -0.02059937
30.641 , -0.025177
30.643 , -0.025177
30.645 , -0.02975464
30.648 , -0.02975464
30.65 , -0.02975464
30.652 , -0.02975464
30.655 , -0.03433228
30.657 , -0.03433228
30.66 , -0.03890991
30.662 , -0.03890991
30.664 , -0.03890991
30.667 , -0.04348755
30.669 , -0.04348755
30.671 , -0.04806519
30.674 , -0.04806519
30.676 , -0.04806519
30.678 , -0.05264282
30.681 , -0.05264282
30.683 , -0.05264282
30.686 , -0.05722046
30.688 , -0.0617981
30.69 , -0.0617981
30.693 , -0.0617981
30.695 , -0.06637573
30.697 , -0.06637573
30.7 , -0.07324219
30.702 , -0.07324219
30.704 , -0.07324219
30.707 , -0.07781982
30.709 , -0.07781982
30.711 , -0.07781982
30.714 , -0.08239746
30.716 , -0.08239746
30.718 , -0.09155273
30.721 , -0.09155273
30.723 , -0.09155273
30.725 , -0.09841919
30.728 , -0.09841919
30.73 , -0.09841919
30.733 , -0.1029968
30.735 , -0.1075764
30.737 , -0.1075764
30.739 , -0.112154
30.741 , -0.112154
30.743 , -0.112154
30.745 , -0.1167316
30.748 , -0.1167316
30.75 , -0.1213093
30.752 , -0.1213093
30.754 , -0.1213093
30.756 , -0.1258869
30.759 , -0.1304646
30.761 , -0.1304646
30.763 , -0.1350422
30.765 , -0.1396198
30.767 , -0.1396198
30.769 , -0.1396198
30.772 , -0.1396198
30.774 , -0.1396198
30.776 , -0.1396198
30.778 , -0.1441975
30.781 , -0.1487751
30.783 , -0.1487751
30.785 , -0.1487751
30.787 , -0.1487751
30.789 , -0.1533527
30.792 , -0.1533527
30.794 , -0.1579304
30.796 , -0.1579304
30.798 , -0.1579304
30.8 , -0.1579304
30.803 , -0.1579304
30.805 , -0.1579304
30.807 , -0.162508
30.809 , -0.1670856
30.811 , -0.162508
30.814 , -0.1670856
30.816 , -0.1670856
30.818 , -0.1670856
30.82 , -0.1670856
30.822 , -0.1670856
30.825 , -0.1670856
30.827 , -0.1670856
30.829 , -0.1670856
30.831 , -0.1716633
30.833 , -0.1716633
30.836 , -0.1716633
30.838 , -0.1716633
30.84 , -0.1716633
30.842 , -0.1716633
30.844 , -0.1716633
30.847 , -0.1670856
30.849 , -0.1716633
30.851 , -0.1716633
30.853 , -0.1670856
30.855 , -0.1670856
30.857 , -0.1716633
30.86 , -0.1670856
30.862 , -0.1670856
30.864 , -0.1670856
30.866 , -0.1670856
30.869 , -0.1670856
30.871 , -0.1670856
30.873 , -0.162508
30.875 , -0.162508
30.877 , -0.1670856
30.88 , -0.162508
30.882 , -0.162508
30.884 , -0.1579304
30.886 , -0.162508
30.888 , -0.1579304
30.891 , -0.1579304
30.893 , -0.1579304
30.895 , -0.1533527
30.897 , -0.1533527
30.899 , -0.1487751
30.902 , -0.1487751
30.904 , -0.1533527
30.906 , -0.1487751
30.908 , -0.1487751
30.91 , -0.1487751
30.912 , -0.1533527
30.915 , -0.1533527
30.917 , -0.1533527
30.919 , -0.1487751
30.921 , -0.1533527
30.923 , -0.1487751
30.926 , -0.1533527
30.928 , -0.1533527
30.93 , -0.1533527
30.932 , -0.1533527
30.934 , -0.1533527
30.937 , -0.1579304
30.939 , -0.1579304
30.941 , -0.162508
30.943 , -0.162508
30.945 , -0.1670856
30.947 , -0.1670856
30.95 , -0.1670856
30.952 , -0.1716633
30.954 , -0.1716633
30.956 , -0.1716633
30.967 , -0.1762409
30.969 , -0.1762409
30.971 , -0.1762409
30.973 , -0.1762409
30.975 , -0.1762409
30.978 , -0.1762409
30.98 , -0.1716633
30.982 , -0.1762409
30.984 , -0.1762409
30.986 , -0.1716633
30.989 , -0.1716633
30.991 , -0.1716633
30.993 , -0.1716633
30.995 , -0.1716633
30.997 , -0.1762409
31.0 , -0.1716633
31.002 , -0.1716633
31.004 , -0.1716633
31.006 , -0.1716633
31.008 , -0.1670856
31.011 , -0.1716633
31.013 , -0.1670856
31.015 , -0.1670856
31.017 , -0.1670856
31.019 , -0.1670856
31.022 , -0.162508
31.024 , -0.162508
31.026 , -0.162508
31.028 , -0.1579304
31.03 , -0.1579304
31.032 , -0.1579304
31.035 , -0.1533527
31.037 , -0.1533527
31.039 , -0.1441975
31.041 , -0.1350422
31.043 , -0.1213093
31.045 , -0.1075764
31.048 , -0.09155273
31.05 , -0.07324219
31.052 , -0.04806519
31.055 , -0.01602173
31.057 , 0.01373291
31.059 , 0.050354
31.062 , 0.08697701
31.064 , 0.1281757
31.066 , 0.1716633
31.068 , 0.2128639
31.07 , 0.2540627
31.073 , 0.286108
31.075 , 0.336462
31.077 , 0.3776627
31.079 , 0.4188614
31.081 , 0.4577713
31.084 , 0.49897
31.086 , 0.5264359
31.088 , 0.5584812
31.09 , 0.5951023
31.092 , 0.6202793
31.095 , 0.6431694
31.097 , 0.6683464
31.099 , 0.6912346
31.101 , 0.711834
31.103 , 0.7255669
31.106 , 0.748455
31.108 , 0.762188
31.11 , 0.7759209
31.112 , 0.7804985
31.114 , 0.7942314
31.116 , 0.7988091
31.119 , 0.8079643
31.121 , 0.8148308
31.123 , 0.8239861
31.125 , 0.8239861
31.127 , 0.8285637
31.13 , 0.8285637
31.132 , 0.8285637
31.134 , 0.8239861
31.136 , 0.8239861
31.138 , 0.8239861
31.141 , 0.8148308
31.143 , 0.8079643
31.145 , 0.8079643
31.147 , 0.7988091
31.149 , 0.7850761
31.151 , 0.7804985
31.154 , 0.7667656
31.156 , 0.7530327
31.158 , 0.7347221
31.16 , 0.7255669
31.162 , 0.711834
31.165 , 0.686657
31.167 , 0.6683464
31.169 , 0.6248569
31.171 , 0.5996799
31.173 , 0.5951023
31.176 , 0.5813694
31.178 , 0.5355911
31.18 , 0.4760818
31.182 , 0.4806595
31.184 , 0.5264359
31.187 , 0.5447464
31.189 , 0.5127029
31.191 , 0.4417496
31.193 , 0.423439
31.195 , 0.4325943
31.197 , 0.4325943
31.2 , 0.4188614
31.202 , 0.4188614
31.204 , 0.4531937
31.206 , 0.4852371
31.208 , 0.4715042
31.211 , 0.4051285
31.213 , 0.3593502
31.215 , 0.3685074
31.217 , 0.4005508
31.219 , 0.4005508
31.221 , 0.3685074
31.224 , 0.3456173
31.226 , 0.3410397
31.228 , 0.3456173
31.23 , 0.3456173
31.232 , 0.3273067
31.234 , 0.3089962
31.237 , 0.3044186
31.239 , 0.3089962
31.241 , 0.2998409
31.243 , 0.2769527
31.245 , 0.2586403
31.247 , 0.2540627
31.25 , 0.2403297
31.252 , 0.2311745
31.254 , 0.2220192
31.256 , 0.2082863
31.258 , 0.199131
31.261 , 0.1808205
31.263 , 0.162508
31.265 , 0.1579304
31.267 , 0.1419086
31.269 , 0.1327534
31.271 , 0.1235981
31.274 , 0.1144428
31.276 , 0.1052876
31.278 , 0.09155464
31.28 , 0.08239937
31.283 , 0.07781982
31.285 , 0.07324219
31.287 , 0.06408691
31.29 , 0.05493164
31.292 , 0.05493164
31.294 , 0.050354
31.297 , 0.04577637
31.299 , 0.03662109
31.301 , 0.03204346
31.304 , 0.03204346
31.306 , 0.02746582
31.308 , 0.02746582
31.311 , 0.01831055
31.313 , 0.01373291
31.315 , 0.01373291
31.318 , 0.01373291
31.32 , 0.01373291
31.322 , 0.009155273
31.325 , 0.009155273
31.327 , 0.009155273
31.33 , 0.004577637
31.332 , 0.004577637
31.334 , 0.009155273
31.337 , 0.004577637
31.339 , 0.004577637
31.342 , 0.004577637
31.344 , 0.004577637
31.347 , 0.004577637
31.349 , 0.009155273
31.352 , 0.004577637
31.354 , 0.009155273
31.356 , 0.004577637
31.359 , 0.009155273
31.361 , 0.004577637
31.364 , 0.004577637
31.366 , 0.004577637
31.369 , 0.0
31.371 , 0.0
31.373 , 0.0
31.375 , -0.004577637
31.377 , -0.004577637
31.38 , -0.004577637
31.382 , -0.009155273
31.385 , -0.004577637
31.387 , -0.009155273
31.39 , -0.01602173
31.392 , -0.01602173
31.394 , -0.01602173
31.397 , -0.01602173
31.399 , -0.02059937
31.402 , -0.02059937
31.404 , -0.02059937
31.406 , -0.025177
31.408 , -0.025177
31.411 , -0.025177
31.413 , -0.02975464
31.415 , -0.02975464
31.418 , -0.02975464
31.42 , -0.03433228
31.422 , -0.02975464
31.425 , -0.03433228
31.427 , -0.03433228
31.429 , -0.03433228
31.432 , -0.03433228
31.434 , -0.03433228
31.445 , -0.03890991
31.447 , -0.03890991
31.449 , -0.04348755
31.452 , -0.04348755
31.454 , -0.03890991
31.457 , -0.04348755
31.459 , -0.04348755
31.461 , -0.04806519
31.464 , -0.04806519
31.466 , -0.04806519
31.468 , -0.04806519
31.471 , -0.05264282
31.473 , -0.05264282
31.475 , -0.05264282
31.478 , -0.05264282
31.48 , -0.05722046
31.482 , -0.05264282
31.485 , -0.0617981
31.487 , -0.0617981
31.489 , -0.05722046
31.492 , -0.05722046
31.494 , -0.05722046
31.497 , -0.0617981
31.499 , -0.0617981
31.501 , -0.06637573
31.504 , -0.06637573
31.506 , -0.06637573
31.508 , -0.06637573
31.511 , -0.07781982
31.513 , -0.07781982
31.515 , -0.07781982
31.518 , -0.08239746
31.52 , -0.08239746
31.522 , -0.08239746
31.525 , -0.08239746
31.527 , -0.0869751
31.53 , -0.0869751
31.532 , -0.0869751
31.534 , -0.09155273
31.537 , -0.09155273
31.539 , -0.09841919
31.541 , -0.09841919
31.544 , -0.1029968
31.546 , -0.09841919
31.548 , -0.1029968
31.55 , -0.1075764
31.553 , -0.1075764
31.555 , -0.1075764
31.557 , -0.112154
31.559 , -0.112154
31.561 , -0.112154
31.563 , -0.112154
31.566 , -0.1167316
31.568 , -0.1167316
31.57 , -0.1167316
31.572 , -0.1167316
31.574 , -0.1167316
31.577 , -0.1213093
31.579 , -0.1213093
31.581 , -0.1213093
31.583 , -0.1213093
31.585 , -0.1213093
31.587 , -0.1258869
31.59 , -0.1213093
31.592 , -0.1258869
31.594 , -0.1258869
31.596 , -0.1258869
31.599 , -0.1258869
31.601 , -0.1258869
31.603 , -0.1258869
31.605 , -0.1258869
31.607 , -0.1258869
31.609 , -0.1258869
31.612 , -0.1258869
31.614 , -0.1258869
31.616 , -0.1258869
31.618 , -0.1258869
31.621 , -0.1304646
31.623 , -0.1258869
31.625 , -0.1258869
31.627 , -0.1258869
31.629 , -0.1258869
31.631 , -0.1258869
31.634 , -0.1258869
31.636 , -0.1258869
31.638 , -0.1258869
31.64 , -0.1258869
31.642 , -0.1213093
31.645 , -0.1258869
31.647 , -0.1258869
31.649 , -0.1258869
31.651 , -0.1258869
31.653 , -0.1258869
31.656 , -0.1258869
31.658 , -0.1258869
31.66 , -0.1258869
31.662 , -0.1258869
31.664 , -0.1258869
31.667 , -0.1258869
31.669 , -0.1258869
31.671 , -0.1258869
31.673 , -0.1258869
31.675 , -0.1258869
31.678 , -0.1258869
31.68 , -0.1258869
31.682 , -0.1258869
31.684 , -0.1258869
31.687 , -0.1258869
31.689 , -0.1304646
31.691 , -0.1304646
31.693 , -0.1304646
31.695 , -0.1350422
31.697 , -0.1304646
31.7 , -0.1350422
31.702 , -0.1350422
31.704 , -0.1304646
31.706 , -0.1304646
31.708 , -0.1304646
31.711 , -0.1258869
31.713 , -0.1258869
31.715 , -0.1304646
31.717 , -0.1304646
31.719 , -0.1304646
31.722 , -0.1304646
31.724 , -0.1304646
31.726 , -0.1304646
31.728 , -0.1258869
31.73 , -0.1350422
31.732 , -0.1304646
31.735 , -0.1304646
31.737 , -0.1350422
31.739 , -0.1304646
31.741 , -0.1350422
31.743 , -0.1350422
31.746 , -0.1350422
31.748 , -0.1396198
31.75 , -0.1396198
31.752 , -0.1396198
31.754 , -0.1396198
31.756 , -0.1396198
31.759 , -0.1396198
31.761 , -0.1396198
31.763 , -0.1396198
31.765 , -0.1396198
31.768 , -0.1396198
31.77 , -0.1441975
31.772 , -0.1487751
31.774 , -0.1487751
31.776 , -0.1487751
31.779 , -0.1487751
31.781 , -0.1579304
31.783 , -0.1579304
31.785 , -0.1579304
31.787 , -0.162508
31.79 , -0.1670856
31.792 , -0.1670856
31.794 , -0.1716633
31.796 , -0.1716633
31.798 , -0.1762409
31.801 , -0.1762409
31.803 , -0.1808186
31.805 , -0.1808186
31.807 , -0.1808186
31.809 , -0.1853962
31.811 , -0.1853962
31.814 , -0.1853962
31.816 , -0.1853962
31.818 , -0.1853962
31.82 , -0.1853962
31.823 , -0.1853962
31.825 , -0.1853962
31.827 , -0.1853962
31.829 , -0.1853962
31.831 , -0.1853962
31.834 , -0.1899738
31.836 , -0.1853962
31.838 , -0.1853962
31.84 , -0.1808186
31.843 , -0.1853962
31.845 , -0.1808186
31.847 , -0.1762409
31.849 , -0.1762409
31.851 , -0.1808186
31.853 , -0.1716633
31.856 , -0.1716633
31.858 , -0.1716633
31.86 , -0.1670856
31.862 , -0.162508
31.864 , -0.1579304
31.867 , -0.1579304
31.869 , -0.1533527
31.871 , -0.1487751
31.873 , -0.1441975
31.875 , -0.1396198
31.878 , -0.1258869
31.88 , -0.1167316
31.882 , -0.1029968
31.884 , -0.0869751
31.887 , -0.06637573
31.889 , -0.03890991
31.891 , -0.009155273
31.894 , 0.02746582
31.896 , 0.06866455
31.899 , 0.1007099
31.901 , 0.1419086
31.903 , 0.1808205
31.905 , 0.2265968
31.907 , 0.2632179
31.909 , 0.3089962
31.92 , 0.5035477
31.922 , 0.5355911
31.924 , 0.5722141
31.926 , 0.6042576
31.929 , 0.6294346
31.931 , 0.6569023
31.933 , 0.6820793
31.935 , 0.711834
31.937 , 0.7301445
31.94 , 0.748455
31.942 , 0.7667656
31.944 , 0.7850761
31.946 , 0.7942314
31.948 , 0.8079643
31.951 , 0.8194084
31.953 , 0.8285637
31.955 , 0.8377209
31.957 , 0.8514538
31.959 , 0.8514538
31.962 , 0.8606091
31.964 , 0.8606091
31.966 , 0.8651867
31.968 , 0.8651867
31.971 , 0.8697643
31.973 , 0.874342
31.975 , 0.8697643
31.977 , 0.8697643
31.979 , 0.8697643
31.982 , 0.8651867
31.984 , 0.8651867
31.986 , 0.8560314
31.988 , 0.8514538
31.99 , 0.8468761
31.993 , 0.8422985
31.995 , 0.8285637
31.997 , 0.8148308
31.999 , 0.7988091
32.001 , 0.7896538
32.004 , 0.7667656
32.006 , 0.748455
32.008 , 0.7164116
32.01 , 0.6958122
32.012 , 0.6820793
32.015 , 0.6202793
32.017 , 0.5401688
32.019 , 0.5081253
32.021 , 0.5355911
32.023 , 0.585947
32.026 , 0.6134129
32.028 , 0.5676365
32.03 , 0.4943924
32.032 , 0.4669266
32.034 , 0.4806595
32.036 , 0.4806595
32.039 , 0.4371719
32.041 , 0.4005508
32.043 , 0.4005508
32.045 , 0.423439
32.047 , 0.4417496
32.049 , 0.4371719
32.052 , 0.4051285
32.054 , 0.373085
32.056 , 0.3501949
32.058 , 0.3410397
32.06 , 0.3501949
32.063 , 0.3639297
32.065 , 0.3593502
32.067 , 0.336462
32.069 , 0.3135738
32.071 , 0.3181515
32.074 , 0.3227291
32.076 , 0.3089962
32.078 , 0.2769527
32.08 , 0.2586403
32.082 , 0.2586403
32.084 , 0.2677956
32.087 , 0.2586403
32.089 , 0.2449074
32.091 , 0.2220192
32.093 , 0.2128639
32.095 , 0.2174416
32.097 , 0.2174416
32.1 , 0.199131
32.102 , 0.1670856
32.104 , 0.162508
32.106 , 0.1579304
32.108 , 0.1510639
32.11 , 0.137331
32.113 , 0.1281757
32.115 , 0.1190205
32.117 , 0.1144428
32.119 , 0.1098652
32.121 , 0.1052876
32.123 , 0.09155464
32.126 , 0.08697701
32.128 , 0.07781982
32.13 , 0.07781982
32.133 , 0.06866455
32.135 , 0.06408691
32.137 , 0.05950928
32.14 , 0.05950928
32.142 , 0.050354
32.145 , 0.050354
32.147 , 0.04577637
32.149 , 0.04577637
32.152 , 0.04119873
32.154 , 0.04119873
32.156 , 0.04119873
32.158 , 0.03662109
32.161 , 0.03662109
32.163 , 0.04119873
32.166 , 0.03662109
32.168 , 0.04119873
32.17 , 0.03662109
32.173 , 0.04119873
32.175 , 0.04119873
32.177 , 0.04119873
32.18 , 0.04119873
32.182 , 0.04119873
32.184 , 0.04119873
32.187 , 0.04577637
32.189 , 0.04577637
32.191 , 0.04119873
32.194 , 0.04119873
32.196 , 0.04119873
32.198 , 0.04119873
32.201 , 0.04577637
32.203 , 0.04119873
32.205 , 0.04119873
32.208 , 0.03662109
32.21 , 0.04119873
32.212 , 0.03662109
32.214 , 0.03662109
32.217 , 0.03662109
32.219 , 0.03204346
32.221 , 0.03204346
32.224 , 0.03662109
32.226 , 0.03662109
32.228 , 0.03204346
32.231 , 0.03204346
32.233 , 0.03204346
32.235 , 0.03204346
32.238 , 0.03204346
32.24 , 0.03204346
32.242 , 0.02746582
32.245 , 0.02288818
32.247 , 0.02288818
32.249 , 0.02288818
32.252 , 0.02288818
32.254 , 0.02288818
32.256 , 0.02288818
32.259 , 0.02288818
32.261 , 0.01831055
32.263 , 0.01831055
32.266 , 0.01831055
32.268 , 0.01831055
32.27 , 0.01831055
32.273 , 0.01373291
32.275 , 0.01373291
32.277 , 0.01373291
32.28 , 0.009155273
32.282 , 0.01373291
32.284 , 0.009155273
32.287 , 0.009155273
32.289 , 0.009155273
32.292 , 0.009155273
32.294 , 0.009155273
32.296 , 0.004577637
32.299 , 0.004577637
32.301 , 0.0
32.304 , 0.0
32.306 , 0.0
32.308 , 0.0
32.31 , -0.004577637
32.312 , -0.004577637
32.315 , -0.004577637
32.317 , -0.004577637
32.32 , -0.004577637
32.322 , -0.009155273
32.325 , -0.009155273
32.327 , -0.01602173
32.329 , -0.01602173
32.332 , -0.01602173
32.334 , -0.01602173
32.336 , -0.02059937
32.339 , -0.02059937
32.341 , -0.02059937
32.343 , -0.01602173
32.346 , -0.01602173
32.348 , -0.01602173
32.351 , -0.02059937
32.353 , -0.02059937
32.355 , -0.025177
32.358 , -0.025177
32.36 , -0.025177
32.362 , -0.025177
32.365 , -0.025177
32.367 , -0.02975464
32.369 , -0.02975464
32.372 , -0.02975464
32.374 , -0.03433228
32.376 , -0.03433228
32.379 , -0.03890991
32.381 , -0.03890991
32.383 , -0.04348755
32.386 , -0.04348755
32.388 , -0.04348755
32.39 , -0.05264282
32.393 , -0.05264282
32.403 , -0.06637573
32.406 , -0.06637573
32.408 , -0.07324219
32.41 , -0.07324219
32.413 , -0.07781982
32.415 , -0.08239746
32.417 , -0.08239746
32.42 , -0.08239746
32.422 , -0.0869751
32.424 , -0.0869751
32.427 , -0.09155273
32.429 , -0.0869751
32.432 , -0.09155273
32.434 , -0.09155273
32.436 , -0.09841919
32.439 , -0.09155273
32.441 , -0.09155273
32.443 , -0.09841919
32.446 , -0.09155273
32.448 , -0.09155273
32.45 , -0.09155273
32.453 , -0.09155273
32.455 , -0.09841919
32.457 , -0.09155273
32.46 , -0.09841919
32.462 , -0.09155273
32.464 , -0.09841919
32.467 , -0.09841919
32.469 , -0.1029968
32.471 , -0.09841919
32.474 , -0.09841919
32.476 , -0.09841919
32.479 , -0.1029968
32.481 , -0.09841919
32.483 , -0.1029968
32.485 , -0.1029968
32.487 , -0.1029968
32.49 , -0.1029968
32.492 , -0.09841919
32.494 , -0.1029968
32.496 , -0.1029968
32.499 , -0.1029968
32.501 , -0.1029968
32.503 , -0.1029968
32.505 , -0.1029968
32.507 , -0.1029968
32.51 , -0.1029968
32.512 , -0.1029968
32.514 , -0.1029968
32.516 , -0.09841919
32.519 , -0.09841919
32.521 , -0.09841919
32.523 , -0.09841919
32.526 , -0.09841919
32.528 , -0.09841919
32.53 , -0.09155273
32.533 , -0.09155273
32.535 , -0.09155273
32.537 , -0.09155273
32.54 , -0.09155273
32.542 , -0.0869751
32.545 , -0.09155273
32.547 , -0.09155273
32.549 , -0.0869751
32.552 , -0.0869751
32.554 , -0.0869751
32.556 , -0.0869751
32.559 , -0.0869751
32.561 , -0.0869751
32.564 , -0.0869751
32.566 , -0.0869751
32.568 , -0.08239746
32.571 , -0.08239746
32.573 , -0.08239746
32.575 , -0.08239746
32.578 , -0.08239746
32.58 , -0.08239746
32.583 , -0.08239746
32.585 , -0.07781982
32.587 , -0.07781982
32.59 , -0.07781982
32.592 , -0.07781982
32.594 , -0.07781982
32.597 , -0.07781982
32.599 , -0.08239746
32.601 , -0.08239746
32.604 , -0.08239746
32.606 , -0.08239746
32.608 , -0.08239746
32.611 , -0.08239746
32.613 , -0.08239746
32.615 , -0.0869751
32.618 , -0.0869751
32.62 , -0.09155273
32.623 , -0.09155273
32.625 , -0.09841919
32.627 , -0.09841919
32.63 , -0.09841919
32.632 , -0.1029968
32.634 , -0.1075764
32.636 , -0.112154
32.638 , -0.112154
32.641 , -0.1167316
32.643 , -0.1213093
32.645 , -0.1167316
32.647 , -0.1258869
32.649 , -0.1258869
32.652 , -0.1213093
32.654 , -0.1258869
32.656 , -0.1258869
32.658 , -0.1258869
32.66 , -0.1258869
32.663 , -0.1258869
32.665 , -0.1258869
32.667 , -0.1258869
32.669 , -0.1258869
32.671 , -0.1258869
32.674 , -0.1258869
32.676 , -0.1258869
32.678 , -0.1258869
32.68 , -0.1258869
32.682 , -0.1258869
32.685 , -0.1304646
32.687 , -0.1258869
32.689 , -0.1258869
32.691 , -0.1213093
32.693 , -0.1213093
32.696 , -0.1213093
32.698 , -0.1213093
32.7 , -0.1167316
32.702 , -0.1167316
32.704 , -0.1167316
32.706 , -0.112154
32.709 , -0.1075764
32.711 , -0.112154
32.713 , -0.1075764
32.715 , -0.1029968
32.717 , -0.1029968
32.72 , -0.09841919
32.722 , -0.09155273
32.724 , -0.08239746
32.727 , -0.07324219
32.729 , -0.0617981
32.731 , -0.04348755
32.734 , -0.02059937
32.736 , 0.004577637
32.738 , 0.03204346
32.741 , 0.05950928
32.743 , 0.09155464
32.745 , 0.1281757
32.748 , 0.162508
32.75 , 0.2128639
32.752 , 0.2403297
32.754 , 0.2815304
32.756 , 0.3181515
32.759 , 0.3593502
32.761 , 0.4005508
32.763 , 0.4325943
32.765 , 0.4715042
32.767 , 0.5035477
32.769 , 0.5355911
32.772 , 0.5630589
32.774 , 0.5905247
32.776 , 0.6134129
32.778 , 0.6385899
32.78 , 0.6637688
32.783 , 0.686657
32.785 , 0.7072563
32.787 , 0.7209892
32.789 , 0.7392998
32.792 , 0.748455
32.794 , 0.762188
32.796 , 0.7713432
32.798 , 0.7759209
32.8 , 0.7850761
32.803 , 0.7942314
32.805 , 0.7942314
32.807 , 0.7988091
32.809 , 0.7988091
32.811 , 0.8033867
32.814 , 0.7988091
32.816 , 0.7942314
32.818 , 0.7850761
32.82 , 0.7759209
32.822 , 0.7667656
32.825 , 0.748455
32.827 , 0.7301445
32.829 , 0.7164116
32.831 , 0.6958122
32.833 , 0.6683464
32.835 , 0.6340122
32.838 , 0.6042576
32.84 , 0.5493259
32.842 , 0.4760818
32.844 , 0.3822403
32.846 , 0.3959732
32.849 , 0.5035477
32.851 , 0.5813694
32.853 , 0.5310135
32.855 , 0.4142838
32.857 , 0.4051285
32.86 , 0.4715042
32.862 , 0.5218582
32.864 , 0.4715042
32.866 , 0.423439
32.868 , 0.4188614
32.87 , 0.4417496
32.873 , 0.448616
32.875 , 0.4005508
32.885 , 0.4142838
32.887 , 0.4005508
32.89 , 0.3959732
32.892 , 0.3868179
32.894 , 0.3776627
32.896 , 0.3685074
32.899 , 0.3639297
32.901 , 0.3593502
32.903 , 0.3501949
32.905 , 0.336462
32.907 , 0.336462
32.909 , 0.3318844
32.912 , 0.3318844
32.914 , 0.3227291
32.916 , 0.3135738
32.918 , 0.2998409
32.92 , 0.2998409
32.923 , 0.2906857
32.925 , 0.286108
32.927 , 0.2769527
32.929 , 0.2677956
32.931 , 0.2586403
32.934 , 0.2540627
32.936 , 0.249485
32.938 , 0.2403297
32.94 , 0.2311745
32.942 , 0.2265968
32.945 , 0.2220192
32.947 , 0.2128639
32.949 , 0.2037086
32.951 , 0.199131
32.953 , 0.1853981
32.955 , 0.1808205
32.958 , 0.162508
32.96 , 0.1579304
32.962 , 0.1464863
32.964 , 0.1419086
32.966 , 0.1327534
32.969 , 0.1281757
32.971 , 0.1235981
32.973 , 0.1144428
32.975 , 0.1098652
32.977 , 0.1052876
32.98 , 0.1007099
32.982 , 0.09613228
32.984 , 0.09155464
32.986 , 0.08697701
32.989 , 0.08239937
32.991 , 0.07781982
32.994 , 0.07781982
32.996 , 0.08239937
32.998 , 0.07781982
33.001 , 0.07324219
33.003 , 0.07781982
33.005 , 0.07781982
33.008 , 0.07324219
33.01 , 0.07781982
33.012 , 0.07781982
33.015 , 0.07781982
33.017 , 0.07781982
33.019 , 0.07781982
33.022 , 0.08239937
33.024 , 0.07781982
33.026 , 0.07781982
33.029 , 0.07781982
33.031 , 0.08239937
33.033 , 0.07781982
33.036 , 0.07781982
33.038 , 0.07781982
33.041 , 0.07324219
33.043 , 0.06866455
33.045 , 0.06866455
33.048 , 0.06866455
33.05 , 0.06866455
33.052 , 0.06408691
33.055 , 0.06408691
33.057 , 0.05950928
33.059 , 0.05950928
33.062 , 0.05950928
33.064 , 0.05493164
33.066 , 0.05950928
33.069 , 0.05493164
33.071 , 0.05493164
33.073 , 0.05493164
33.076 , 0.050354
33.078 , 0.050354
33.08 , 0.050354
33.083 , 0.05493164
33.085 , 0.05493164
33.087 , 0.05493164
33.089 , 0.050354
33.092 , 0.050354
33.094 , 0.050354
33.096 , 0.05493164
33.099 , 0.050354
33.101 , 0.050354
33.103 , 0.050354
33.106 , 0.050354
33.108 , 0.050354
33.11 , 0.050354
33.113 , 0.050354
33.115 , 0.04577637
33.117 , 0.050354
33.12 , 0.050354
33.122 , 0.04577637
33.124 , 0.04577637
33.127 , 0.050354
33.129 , 0.04577637
33.131 , 0.04577637
33.134 , 0.050354
33.136 , 0.04577637
33.138 , 0.04577637
33.141 , 0.05493164
33.143 , 0.050354
33.145 , 0.05493164
33.148 , 0.05493164
33.15 , 0.05493164
33.152 , 0.050354
33.155 , 0.05493164
33.157 , 0.05493164
33.159 , 0.05493164
33.162 , 0.05493164
33.164 , 0.05493164
33.166 , 0.05493164
33.168 , 0.05493164
33.171 , 0.05493164
33.173 , 0.05493164
33.175 , 0.05493164
33.178 , 0.050354
33.18 , 0.05493164
33.182 , 0.050354
33.185 , 0.050354
33.187 , 0.04577637
33.189 , 0.04577637
33.192 , 0.04119873
33.194 , 0.04577637
33.196 , 0.04119873
33.199 , 0.03662109
33.201 , 0.04119873
33.203 , 0.03204346
33.206 , 0.03204346
33.208 , 0.03204346
33.21 , 0.03204346
33.213 , 0.02288818
33.215 , 0.01831055
33.217 , 0.01831055
33.22 , 0.01831055
33.222 , 0.01373291
33.224 , 0.009155273
33.227 , 0.009155273
33.229 , 0.009155273
33.232 , 0.009155273
33.234 , 0.004577637
33.237 , 0.004577637
33.239 , 0.0
33.241 , 0.0
33.243 , -0.004577637
33.246 , -0.004577637
33.248 , -0.004577637
33.251 , -0.009155273
33.253 , -0.01602173
33.255 , -0.02059937
33.258 , -0.01602173
33.26 , -0.01602173
33.262 , -0.02059937
33.265 , -0.025177
33.267 , -0.025177
33.27 , -0.025177
33.272 , -0.02975464
33.274 , -0.03433228
33.277 , -0.03433228
33.279 , -0.03433228
33.281 , -0.03890991
33.284 , -0.03890991
33.286 , -0.03890991
33.288 , -0.03890991
33.291 , -0.04348755
33.293 , -0.04348755
33.295 , -0.04348755
33.298 , -0.04348755
33.3 , -0.04348755
33.303 , -0.04348755
33.305 , -0.04806519
33.307 , -0.04806519
33.31 , -0.04806519
33.312 , -0.04806519
33.314 , -0.04806519
33.317 , -0.05264282
33.319 , -0.05264282
33.321 , -0.05264282
33.324 , -0.05264282
33.326 , -0.05264282
33.328 , -0.05264282
33.331 , -0.05722046
33.333 , -0.05722046
33.335 , -0.05722046
33.338 , -0.0617981
33.34 , -0.0617981
33.342 , -0.0617981
33.345 , -0.0617981
33.347 , -0.06637573
33.349 , -0.06637573
33.352 , -0.07324219
33.354 , -0.06637573
33.356 , -0.07324219
33.359 , -0.07324219
33.361 , -0.07324219
33.363 , -0.07781982
33.366 , -0.07781982
33.376 , -0.08239746
33.379 , -0.08239746
33.381 , -0.08239746
33.383 , -0.08239746
33.386 , -0.08239746
33.388 , -0.08239746
33.39 , -0.08239746
33.393 , -0.08239746
33.395 , -0.08239746
33.397 , -0.08239746
33.4 , -0.08239746
33.402 , -0.08239746
33.404 , -0.08239746
33.407 , -0.08239746
33.409 , -0.0869751
33.412 , -0.08239746
33.414 , -0.0869751
33.416 , -0.08239746
33.419 , -0.0869751
33.421 , -0.0869751
33.423 , -0.08239746
33.426 , -0.0869751
33.428 , -0.0869751
33.43 , -0.0869751
33.433 , -0.0869751
33.435 , -0.0869751
33.437 , -0.0869751
33.44 , -0.0869751
33.442 , -0.0869751
33.445 , -0.0869751
33.447 , -0.09155273
33.449 , -0.09155273
33.452 , -0.09155273
33.454 , -0.09155273
33.456 , -0.09155273
33.459 , -0.09841919
33.461 , -0.09841919
33.464 , -0.09841919
33.466 , -0.1029968
33.468 , -0.1029968
33.47 , -0.1029968
33.472 , -0.1075764
33.475 , -0.112154
33.477 , -0.1167316
33.479 , -0.1167316
33.481 , -0.1213093
33.483 , -0.1213093
33.486 , -0.1258869
33.488 , -0.1258869
33.49 , -0.1258869
33.492 , -0.1258869
33.494 , -0.1258869
33.497 , -0.1304646
33.499 , -0.1304646
33.501 , -0.1350422
33.503 , -0.1396198
33.505 , -0.1350422
33.507 , -0.1396198
33.51 , -0.1396198
33.512 , -0.1396198
33.514 , -0.1441975
33.516 , -0.1441975
33.518 , -0.1441975
33.521 , -0.1441975
33.523 , -0.1441975
33.525 , -0.1441975
33.527 , -0.1441975
33.529 , -0.1441975
33.532 , -0.1396198
33.534 , -0.1396198
33.536 , -0.1396198
33.538 , -0.1441975
33.54 , -0.1396198
33.543 , -0.1396198
33.545 , -0.1396198
33.547 , -0.1350422
33.549 , -0.1304646
33.551 , -0.1258869
33.554 , -0.1258869
33.556 , -0.1258869
33.558 , -0.1167316
33.56 , -0.1167316
33.562 , -0.1075764
33.565 , -0.1075764
33.567 , -0.09841919
33.569 , -0.0869751
33.572 , -0.07324219
33.574 , -0.05722046
33.576 , -0.03890991
33.579 , -0.01602173
33.581 , 0.01373291
33.583 , 0.04577637
33.586 , 0.07781982
33.588 , 0.1098652
33.59 , 0.1419086
33.592 , 0.1853981
33.595 , 0.2174416
33.597 , 0.2540627
33.599 , 0.286108
33.601 , 0.3318844
33.603 , 0.3685074
33.605 , 0.3959732
33.608 , 0.4325943
33.61 , 0.4623489
33.612 , 0.4943924
33.614 , 0.5264359
33.616 , 0.5447464
33.619 , 0.5722141
33.621 , 0.5951023
33.623 , 0.6134129
33.625 , 0.6385899
33.627 , 0.647747
33.629 , 0.6683464
33.632 , 0.6820793
33.634 , 0.686657
33.636 , 0.7026787
33.638 , 0.7164116
33.64 , 0.7209892
33.643 , 0.7301445
33.645 , 0.7301445
33.647 , 0.7301445
33.649 , 0.7301445
33.651 , 0.7301445
33.653 , 0.7255669
33.656 , 0.7255669
33.658 , 0.711834
33.66 , 0.686657
33.662 , 0.6775017
33.665 , 0.6683464
33.667 , 0.6385899
33.669 , 0.6088352
33.671 , 0.5630589
33.673 , 0.5172806
33.676 , 0.4531937
33.678 , 0.3135738
33.68 , 0.1945534
33.682 , 0.2357521
33.684 , 0.4760818
33.686 , 0.5722141
33.689 , 0.4669266
33.691 , 0.3044186
33.693 , 0.3181515
33.695 , 0.4142838
33.697 , 0.3868179
33.7 , 0.3044186
33.702 , 0.2586403
33.704 , 0.3044186
33.706 , 0.3639297
33.708 , 0.3776627
33.711 , 0.3410397
33.713 , 0.2906857
33.715 , 0.2769527
33.717 , 0.286108
33.719 , 0.3044186
33.722 , 0.3044186
33.724 , 0.2952633
33.726 , 0.2815304
33.728 , 0.2723751
33.73 , 0.2815304
33.733 , 0.286108
33.735 , 0.2723751
33.737 , 0.2586403
33.739 , 0.249485
33.741 , 0.2586403
33.743 , 0.2677956
33.746 , 0.2677956
33.748 , 0.2540627
33.75 , 0.2403297
33.752 , 0.2311745
33.754 , 0.2357521
33.757 , 0.2357521
33.759 , 0.2311745
33.761 , 0.2265968
33.763 , 0.2220192
33.765 , 0.2265968
33.768 , 0.2311745
33.77 , 0.2220192
33.772 , 0.2082863
33.774 , 0.2082863
33.776 , 0.2082863
33.778 , 0.2037086
33.781 , 0.199131
33.783 , 0.1853981
33.785 , 0.1808205
33.787 , 0.1808205
33.79 , 0.1762428
33.792 , 0.1670856
33.794 , 0.162508
33.796 , 0.1579304
33.798 , 0.1510639
33.8 , 0.1464863
33.803 , 0.1419086
33.805 , 0.137331
33.807 , 0.1281757
33.809 , 0.1281757
33.811 , 0.1235981
33.814 , 0.1190205
33.816 , 0.1144428
33.818 , 0.1098652
33.82 , 0.1052876
33.822 , 0.1052876
33.824 , 0.1007099
33.827 , 0.09613228
33.829 , 0.09613228
33.831 , 0.09155464
33.834 , 0.09613228
33.836 , 0.09155464
33.838 , 0.08697701
33.841 , 0.08697701
33.851 , 0.08697701
33.854 , 0.09155464
33.856 , 0.09155464
33.858 , 0.09155464
33.861 , 0.08697701
33.863 , 0.09155464
33.865 , 0.09155464
33.868 , 0.08697701
33.87 , 0.09155464
33.873 , 0.09155464
33.875 , 0.09155464
33.877 , 0.09155464
33.88 , 0.09155464
33.882 , 0.09155464
33.884 , 0.08697701
33.887 , 0.08697701
33.889 , 0.09155464
33.891 , 0.08697701
33.894 , 0.08697701
33.896 , 0.08697701
33.898 , 0.08239937
33.901 , 0.08239937
33.903 , 0.07781982
33.906 , 0.07781982
33.908 , 0.07781982
33.91 , 0.07324219
33.913 , 0.07324219
33.915 , 0.06866455
33.917 , 0.06866455
33.92 , 0.06866455
33.922 , 0.06408691
33.924 , 0.06408691
33.927 , 0.06408691
33.929 , 0.06408691
33.932 , 0.05950928
33.934 , 0.05950928
33.936 , 0.05493164
33.939 , 0.05950928
33.941 , 0.05493164
33.943 , 0.05950928
33.946 , 0.05950928
33.948 , 0.05493164
33.95 , 0.05493164
33.953 , 0.05950928
33.955 , 0.05950928
33.957 , 0.05950928
33.96 , 0.05950928
33.962 , 0.05950928
33.964 , 0.05493164
33.967 , 0.05493164
33.969 , 0.05950928
33.972 , 0.05493164
33.974 , 0.05950928
33.976 , 0.05493164
33.978 , 0.05493164
33.981 , 0.05493164
33.983 , 0.050354
33.985 , 0.050354
33.988 , 0.050354
33.99 , 0.04577637
33.992 , 0.04577637
33.995 , 0.04577637
33.997 , 0.04119873
34.0 , 0.03662109
34.002 , 0.03662109
34.004 , 0.03662109
34.006 , 0.03204346
34.009 , 0.03204346
34.011 , 0.03204346
34.013 , 0.02746582
34.016 , 0.02746582
34.018 , 0.02288818
34.02 , 0.02288818
34.023 , 0.02288818
34.025 , 0.02288818
34.027 , 0.01831055
34.03 , 0.02288818
34.032 , 0.01831055
34.034 , 0.01831055
34.037 , 0.02288818
34.039 , 0.01831055
34.041 , 0.02288818
34.044 , 0.01831055
34.046 , 0.01831055
34.048 , 0.01831055
34.051 , 0.01831055
34.053 , 0.01831055
34.055 , 0.01373291
34.058 , 0.01373291
34.06 , 0.01373291
34.062 , 0.009155273
34.065 , 0.01373291
34.067 , 0.009155273
34.069 , 0.004577637
34.072 , 0.009155273
34.074 , 0.009155273
34.077 , 0.004577637
34.079 , 0.0
34.081 , 0.004577637
34.084 , 0.004577637
34.086 , 0.0
34.088 , 0.0
34.09 , 0.0
34.093 , 0.0
34.095 , 0.0
34.097 , 0.0
34.099 , -0.004577637
34.101 , -0.004577637
34.104 , -0.004577637
34.106 , -0.004577637
34.109 , -0.004577637
34.111 , -0.004577637
34.113 , -0.004577637
34.116 , -0.004577637
34.118 , -0.004577637
34.121 , -0.004577637
34.123 , -0.004577637
34.126 , -0.004577637
34.128 , -0.004577637
34.131 , -0.004577637
34.133 , -0.004577637
34.136 , -0.004577637
34.138 , 0.0
34.14 , -0.004577637
34.143 , -0.004577637
34.145 , 0.0
34.147 , -0.004577637
34.15 , -0.004577637
34.152 , -0.004577637
34.154 , -0.004577637
34.157 , -0.009155273
34.159 , -0.009155273
34.162 , -0.009155273
34.164 , -0.009155273
34.167 , -0.009155273
34.169 , -0.009155273
34.172 , -0.009155273
34.174 , -0.009155273
34.176 , -0.009155273
34.179 , -0.009155273
34.181 , -0.009155273
34.184 , -0.004577637
34.186 , -0.004577637
34.189 , -0.004577637
34.191 , 0.0
34.193 , 0.004577637
34.196 , 0.004577637
34.198 , 0.004577637
34.201 , 0.009155273
34.203 , 0.01373291
34.205 , 0.009155273
34.208 , 0.01373291
34.21 , 0.01373291
34.212 , 0.01373291
34.215 , 0.01831055
34.217 , 0.01373291
34.219 , 0.01373291
34.222 , 0.01831055
34.224 , 0.01831055
34.226 , 0.01831055
34.229 , 0.01831055
34.231 , 0.01831055
34.233 , 0.01831055
34.235 , 0.01831055
34.238 , 0.01831055
34.24 , 0.01831055
34.242 , 0.01373291
34.245 , 0.01373291
34.247 , 0.01373291
34.249 , 0.01373291
34.252 , 0.01373291
34.254 , 0.009155273
34.257 , 0.009155273
34.259 , 0.009155273
34.261 , 0.004577637
34.264 , 0.004577637
34.266 , 0.0
34.268 , 0.0
34.271 , 0.0
34.273 , 0.0
34.275 , -0.004577637
34.277 , 0.0
34.279 , -0.004577637
34.282 , -0.009155273
34.284 , -0.009155273
34.287 , -0.009155273
34.289 , -0.01602173
34.292 , -0.01602173
34.294 , -0.02059937
34.296 , -0.025177
34.299 , -0.025177
34.301 , -0.02975464
34.303 , -0.02975464
34.306 , -0.03433228
34.308 , -0.03890991
34.31 , -0.04348755
34.313 , -0.04806519
34.315 , -0.05264282
34.317 , -0.0617981
34.32 , -0.0617981
34.322 , -0.06637573
34.325 , -0.07781982
34.327 , -0.07324219
34.329 , -0.08239746
34.332 , -0.08239746
34.334 , -0.0869751
34.336 , -0.0869751
34.339 , -0.09155273
34.341 , -0.09155273
34.352 , -0.1029968
34.354 , -0.1029968
34.356 , -0.1029968
34.358 , -0.1075764
34.36 , -0.1075764
34.363 , -0.1075764
34.365 , -0.1029968
34.367 , -0.1029968
34.369 , -0.1029968
34.371 , -0.1029968
34.374 , -0.1029968
34.376 , -0.1029968
34.378 , -0.1029968
34.38 , -0.09841919
34.382 , -0.09841919
34.385 , -0.09841919
34.387 , -0.09155273
34.39 , -0.09155273
34.392 , -0.0869751
34.394 , -0.0869751
34.397 , -0.08239746
34.399 , -0.08239746
34.401 , -0.07324219
34.404 , -0.07324219
34.406 , -0.0617981
34.409 , -0.05264282
34.411 , -0.04806519
34.413 , -0.03433228
34.416 , -0.01602173
34.418 , 0.0
34.42 , 0.02288818
34.422 , 0.050354
34.425 , 0.07781982
34.427 , 0.1052876
34.429 , 0.137331
34.432 , 0.1670856
34.434 , 0.2082863
34.436 , 0.2449074
34.438 , 0.2769527
34.44 , 0.3135738
34.443 , 0.3456173
34.445 , 0.373085
34.447 , 0.4051285
34.449 , 0.4417496
34.451 , 0.4669266
34.453 , 0.49897
34.456 , 0.5172806
34.458 , 0.5447464
34.46 , 0.5676365
34.462 , 0.5813694
34.464 , 0.6042576
34.467 , 0.6202793
34.469 , 0.6385899
34.471 , 0.6523247
34.473 , 0.6637688
34.475 , 0.6775017
34.478 , 0.6820793
34.48 , 0.6912346
34.482 , 0.7026787
34.484 , 0.7026787
34.486 , 0.7026787
34.489 , 0.7026787
34.491 , 0.6958122
34.493 , 0.686657
34.495 , 0.672924
34.497 , 0.6523247
34.5 , 0.6294346
34.502 , 0.6088352
34.504 , 0.5676365
34.506 , 0.5218582
34.508 , 0.423439
34.511 , 0.2769527
34.513 , 0.1007099
34.515 , 0.1144428
34.517 , 0.3959732
34.519 , 0.585947
34.521 , 0.5127029
34.524 , 0.3227291
34.526 , 0.2906857
34.528 , 0.3501949
34.53 , 0.3456173
34.532 , 0.2769527
34.535 , 0.2311745
34.537 , 0.2357521
34.539 , 0.2632179
34.541 , 0.2815304
34.543 , 0.2815304
34.546 , 0.2723751
34.548 , 0.2586403
34.55 , 0.2449074
34.552 , 0.2403297
34.554 , 0.2540627
34.556 , 0.2632179
34.559 , 0.2403297
34.561 , 0.2128639
34.563 , 0.2037086
34.565 , 0.2220192
34.567 , 0.2357521
34.57 , 0.2357521
34.572 , 0.2174416
34.574 , 0.199131
34.576 , 0.199131
34.578 , 0.2037086
34.581 , 0.199131
34.583 , 0.199131
34.585 , 0.199131
34.587 , 0.1945534
34.589 , 0.1853981
34.591 , 0.1853981
34.594 , 0.1853981
34.596 , 0.1945534
34.598 , 0.1808205
34.6 , 0.162508
34.602 , 0.162508
34.605 , 0.1716633
34.607 , 0.1762428
34.609 , 0.1716633
34.611 , 0.1579304
34.613 , 0.1579304
34.616 , 0.1579304
34.618 , 0.1579304
34.62 , 0.1510639
34.622 , 0.1419086
34.624 , 0.1327534
34.626 , 0.1281757
34.629 , 0.1281757
34.631 , 0.1235981
34.633 , 0.1190205
34.635 , 0.1098652
34.637 , 0.1007099
34.64 , 0.09613228
34.642 , 0.09155464
34.644 , 0.08239937
34.647 , 0.08239937
34.649 , 0.07781982
34.651 , 0.07324219
34.654 , 0.06408691
34.656 , 0.06408691
34.658 , 0.05950928
34.661 , 0.05950928
34.663 , 0.05950928
34.666 , 0.05493164
34.668 , 0.05493164
34.67 , 0.05493164
34.673 , 0.05493164
34.675 , 0.05950928
34.677 , 0.05493164
34.68 , 0.05950928
34.682 , 0.05950928
34.684 , 0.06408691
34.687 , 0.06408691
34.689 , 0.06408691
34.691 , 0.06866455
34.694 , 0.06866455
34.696 , 0.07324219
34.698 , 0.07324219
34.701 , 0.07781982
34.703 , 0.07781982
34.706 , 0.07781982
34.708 , 0.08239937
34.71 , 0.08239937
34.713 , 0.08239937
34.715 , 0.08697701
34.717 , 0.08239937
34.72 , 0.08239937
34.722 , 0.08239937
34.724 , 0.08239937
34.727 , 0.08239937
34.729 , 0.08697701
34.731 , 0.08239937
34.734 , 0.08697701
34.736 , 0.08239937
34.738 , 0.08697701
34.741 , 0.08697701
34.743 , 0.08697701
34.745 , 0.08697701
34.748 , 0.08697701
34.75 , 0.08697701
34.753 , 0.09155464
34.755 , 0.09155464
34.757 , 0.09155464
34.76 , 0.09155464
34.762 , 0.09155464
34.764 , 0.09613228
34.767 , 0.1007099
34.769 , 0.1007099
34.771 , 0.1007099
34.773 , 0.1007099
34.775 , 0.1052876
34.778 , 0.1098652
34.78 , 0.1098652
34.782 , 0.1098652
34.784 , 0.1098652
34.786 , 0.1144428
34.789 , 0.1190205
34.791 , 0.1190205
34.793 , 0.1190205
34.795 , 0.1235981
34.797 , 0.1281757
34.799 , 0.1235981
34.802 , 0.1281757
34.804 , 0.1281757
34.806 , 0.1327534
34.808 , 0.1327534
34.81 , 0.137331
34.813 , 0.137331
34.815 , 0.137331
34.817 , 0.137331
34.819 , 0.137331
34.829 , 0.1419086
34.832 , 0.1419086
34.834 , 0.1419086
34.836 , 0.137331
34.838 , 0.137331
34.84 , 0.137331
34.843 , 0.137331
34.845 , 0.1327534
34.847 , 0.1327534
34.849 , 0.1327534
34.851 , 0.1327534
34.853 , 0.1327534
34.856 , 0.1281757
34.858 , 0.1281757
34.86 , 0.1235981
34.862 , 0.1281757
34.864 , 0.1235981
34.867 , 0.1281757
34.869 , 0.1190205
34.871 , 0.1235981
34.873 , 0.1235981
34.875 , 0.1235981
34.878 , 0.1235981
34.88 , 0.1235981
34.882 , 0.1235981
34.884 , 0.1190205
34.886 , 0.1235981
34.889 , 0.1190205
34.891 , 0.1190205
34.893 , 0.1235981
34.895 , 0.1235981
34.897 , 0.1190205
34.899 , 0.1235981
34.902 , 0.1190205
34.904 , 0.1190205
34.906 , 0.1144428
34.908 , 0.1190205
34.91 , 0.1144428
34.913 , 0.1144428
34.915 , 0.1098652
34.917 , 0.1098652
34.919 , 0.1098652
34.921 , 0.1052876
34.924 , 0.1052876
34.926 , 0.1052876
34.928 , 0.1007099
34.93 , 0.1007099
34.932 , 0.09613228
34.935 , 0.09613228
34.937 , 0.08697701
34.939 , 0.09155464
34.942 , 0.09155464
34.944 , 0.09155464
34.946 , 0.08239937
34.949 , 0.08239937
34.951 , 0.08239937
34.953 , 0.07781982
34.956 , 0.07781982
34.958 , 0.07781982
34.96 , 0.07324219
34.963 , 0.07324219
34.965 , 0.07324219
34.968 , 0.07324219
34.97 , 0.07324219
34.972 , 0.06866455
34.975 , 0.06866455
34.977 , 0.06408691
34.979 , 0.06408691
34.982 , 0.06408691
34.984 , 0.06408691
34.986 , 0.06408691
34.989 , 0.06408691
34.991 , 0.06408691
34.993 , 0.05950928
34.996 , 0.05950928
34.998 , 0.05493164
35.001 , 0.05493164
35.003 , 0.05493164
35.005 , 0.050354
35.007 , 0.050354
35.01 , 0.050354
35.012 , 0.050354
35.014 , 0.04577637
35.017 , 0.04577637
35.019 , 0.04577637
35.022 , 0.04577637
35.024 , 0.04119873
35.026 , 0.04577637
35.029 , 0.04119873
35.031 , 0.04119873
35.033 , 0.04119873
35.036 , 0.04119873
35.038 , 0.04577637
35.04 , 0.04119873
35.043 , 0.04119873
35.045 , 0.04119873
35.047 , 0.04119873
35.05 , 0.03662109
35.052 , 0.03662109
35.054 , 0.03662109
35.057 , 0.03662109
35.059 , 0.03662109
35.061 , 0.03662109
35.064 , 0.03204346
35.066 , 0.03204346
35.068 , 0.03204346
35.071 , 0.03204346
35.073 , 0.03204346
35.075 , 0.02746582
35.078 , 0.02746582
35.08 , 0.02746582
35.082 , 0.02746582
35.085 , 0.02288818
35.087 , 0.01831055
35.089 , 0.01831055
35.092 , 0.01831055
35.094 , 0.01373291
35.096 , 0.01373291
35.099 , 0.01373291
35.101 , 0.01373291
35.103 , 0.009155273
35.106 , 0.009155273
35.108 , 0.009155273
35.11 , 0.004577637
35.113 , 0.004577637
35.115 , 0.009155273
35.118 , 0.004577637
35.12 , 0.0
35.122 , 0.0
35.124 , 0.0
35.126 , 0.0
35.129 , -0.004577637
35.131 , -0.004577637
35.133 , -0.004577637
35.136 , -0.009155273
35.138 , -0.009155273
35.141 , -0.009155273
35.143 , -0.01602173
35.145 , -0.01602173
35.148 , -0.02059937
35.15 , -0.02059937
35.152 , -0.02975464
35.155 , -0.02975464
35.157 , -0.02975464
35.16 , -0.02975464
35.162 , -0.03433228
35.164 , -0.03433228
35.167 , -0.03433228
35.169 , -0.03433228
35.171 , -0.03433228
35.174 , -0.03433228
35.176 , -0.03433228
35.178 , -0.03433228
35.181 , -0.03433228
35.183 , -0.03433228
35.185 , -0.03433228
35.188 , -0.03433228
35.19 , -0.03433228
35.192 , -0.02975464
35.195 , -0.02975464
35.197 , -0.02975464
35.2 , -0.02975464
35.202 , -0.025177
35.204 , -0.025177
35.207 , -0.02059937
35.209 , -0.02059937
35.211 , -0.01602173
35.214 , -0.01602173
35.216 , -0.009155273
35.218 , -0.009155273
35.221 , -0.004577637
35.223 , 0.0
35.225 , 0.0
35.228 , 0.004577637
35.23 , 0.004577637
35.233 , 0.009155273
35.235 , 0.01373291
35.237 , 0.01831055
35.24 , 0.02288818
35.242 , 0.03204346
35.244 , 0.03662109
35.247 , 0.050354
35.249 , 0.05950928
35.251 , 0.07781982
35.254 , 0.09155464
35.256 , 0.1144428
35.258 , 0.1327534
35.26 , 0.1579304
35.263 , 0.1853981
35.265 , 0.2128639
35.267 , 0.2449074
35.269 , 0.2769527
35.271 , 0.3089962
35.274 , 0.3410397
35.276 , 0.373085
35.278 , 0.3959732
35.28 , 0.4280167
35.282 , 0.4577713
35.285 , 0.4852371
35.287 , 0.5127029
35.289 , 0.5355911
35.291 , 0.5539036
35.293 , 0.5767918
35.296 , 0.5951023
35.298 , 0.6042576
35.3 , 0.6248569
35.302 , 0.6431694
35.304 , 0.647747
35.306 , 0.6569023
35.317 , 0.6088352
35.319 , 0.5676365
35.321 , 0.5493259
35.323 , 0.49897
35.326 , 0.3227291
35.328 , 0.08697701
35.33 , 0.004577637
35.333 , 0.286108
35.335 , 0.5401688
35.337 , 0.5035477
35.339 , 0.249485
35.341 , 0.1579304
35.343 , 0.2540627
35.346 , 0.3089962
35.348 , 0.2311745
35.35 , 0.1190205
35.352 , 0.1052876
35.354 , 0.1510639
35.357 , 0.2082863
35.359 , 0.2082863
35.361 , 0.1945534
35.363 , 0.1808205
35.365 , 0.1762428
35.368 , 0.162508
35.37 , 0.1579304
35.372 , 0.162508
35.374 , 0.1579304
35.376 , 0.1419086
35.378 , 0.1419086
35.381 , 0.1579304
35.383 , 0.1853981
35.385 , 0.2082863
35.387 , 0.199131
35.389 , 0.1716633
35.392 , 0.1579304
35.394 , 0.1670856
35.396 , 0.1808205
35.398 , 0.1853981
35.401 , 0.1808205
35.403 , 0.1808205
35.405 , 0.1853981
35.407 , 0.1945534
35.409 , 0.1945534
35.411 , 0.1945534
35.414 , 0.1945534
35.416 , 0.199131
35.418 , 0.1945534
35.42 , 0.1853981
35.422 , 0.1853981
35.425 , 0.1853981
35.427 , 0.1762428
35.429 , 0.1670856
35.431 , 0.1579304
35.433 , 0.1510639
35.436 , 0.1464863
35.438 , 0.137331
35.44 , 0.137331
35.442 , 0.1281757
35.444 , 0.1235981
35.446 , 0.1235981
35.449 , 0.1190205
35.451 , 0.1235981
35.453 , 0.1190205
35.455 , 0.1144428
35.457 , 0.1007099
35.459 , 0.09613228
35.462 , 0.09155464
35.464 , 0.09155464
35.467 , 0.09155464
35.469 , 0.08239937
35.471 , 0.08239937
35.474 , 0.07781982
35.476 , 0.07781982
35.478 , 0.07324219
35.481 , 0.06866455
35.483 , 0.05950928
35.485 , 0.05950928
35.488 , 0.06408691
35.49 , 0.05950928
35.492 , 0.05493164
35.495 , 0.050354
35.497 , 0.05493164
35.499 , 0.05493164
35.502 , 0.050354
35.504 , 0.04577637
35.506 , 0.04577637
35.509 , 0.04577637
35.511 , 0.04119873
35.513 , 0.04119873
35.516 , 0.04119873
35.518 , 0.03662109
35.52 , 0.04119873
35.523 , 0.04119873
35.525 , 0.03662109
35.527 , 0.03662109
35.53 , 0.04119873
35.532 , 0.04577637
35.534 , 0.04577637
35.537 , 0.050354
35.539 , 0.050354
35.541 , 0.05493164
35.544 , 0.05493164
35.546 , 0.05493164
35.548 , 0.05950928
35.551 , 0.05950928
35.553 , 0.05950928
35.555 , 0.05950928
35.558 , 0.06408691
35.56 , 0.05950928
35.562 , 0.05950928
35.565 , 0.05950928
35.567 , 0.05950928
35.569 , 0.05493164
35.572 , 0.05493164
35.574 , 0.05493164
35.576 , 0.05493164
35.579 , 0.050354
35.581 , 0.05493164
35.583 , 0.050354
35.586 , 0.050354
35.588 , 0.04577637
35.591 , 0.04577637
35.593 , 0.050354
35.595 , 0.04577637
35.598 , 0.050354
35.6 , 0.050354
35.602 , 0.04577637
35.605 , 0.050354
35.607 , 0.04577637
35.609 , 0.050354
35.612 , 0.050354
35.614 , 0.050354
35.616 , 0.04577637
35.619 , 0.050354
35.621 , 0.04577637
35.623 , 0.050354
35.626 , 0.050354
35.628 , 0.050354
35.63 , 0.04119873
35.633 , 0.04119873
35.635 , 0.04577637
35.637 , 0.04577637
35.64 , 0.04119873
35.642 , 0.04119873
35.645 , 0.03662109
35.647 , 0.04119873
35.649 , 0.03662109
35.652 , 0.04119873
35.654 , 0.03662109
35.656 , 0.03662109
35.659 , 0.03662109
35.661 , 0.03662109
35.663 , 0.03662109
35.666 , 0.03662109
35.668 , 0.03662109
35.67 , 0.04119873
35.673 , 0.03662109
35.675 , 0.04119873
35.677 , 0.04119873
35.68 , 0.04119873
35.682 , 0.04119873
35.684 , 0.04119873
35.687 , 0.04119873
35.689 , 0.04119873
35.692 , 0.04119873
35.694 , 0.03662109
35.696 , 0.03662109
35.699 , 0.03662109
35.701 , 0.03204346
35.703 , 0.03204346
35.706 , 0.03204346
35.708 , 0.01831055
35.71 , 0.01831055
35.713 , 0.01373291
35.715 , 0.009155273
35.717 , 0.004577637
35.72 , 0.0
35.722 , -0.004577637
35.724 , -0.009155273
35.727 , -0.02059937
35.729 , -0.01602173
35.731 , -0.02059937
35.734 , -0.025177
35.736 , -0.02975464
35.738 , -0.02975464
35.741 , -0.03433228
35.743 , -0.03890991
35.746 , -0.04348755
35.748 , -0.04348755
35.75 , -0.04348755
35.753 , -0.04806519
35.755 , -0.05264282
35.757 , -0.05264282
35.76 , -0.05722046
35.762 , -0.05722046
35.764 , -0.0617981
35.767 , -0.0617981
35.769 , -0.0617981
35.772 , -0.06637573
35.774 , -0.07324219
35.776 , -0.07324219
35.779 , -0.07324219
35.781 , -0.07324219
35.783 , -0.07324219
35.786 , -0.07324219
35.788 , -0.07324219
35.79 , -0.07324219
35.793 , -0.07324219
35.795 , -0.07324219
35.806 , -0.0869751
35.808 , -0.0869751
35.811 , -0.0869751
35.813 , -0.09155273
35.815 , -0.09155273
35.818 , -0.09841919
35.82 , -0.09841919
35.822 , -0.1029968
35.825 , -0.1029968
35.827 , -0.1029968
35.829 , -0.1075764
35.831 , -0.1075764
35.834 , -0.1075764
35.836 , -0.1075764
35.838 , -0.112154
35.84 , -0.112154
35.842 , -0.112154
35.844 , -0.112154
35.847 , -0.112154
35.849 , -0.112154
35.851 , -0.112154
35.853 , -0.112154
35.855 , -0.112154
35.857 , -0.112154
35.86 , -0.112154
35.862 , -0.1075764
35.864 , -0.112154
35.866 , -0.1075764
35.868 , -0.1075764
35.871 , -0.1029968
35.873 , -0.09841919
35.875 , -0.09841919
35.877 , -0.09841919
35.88 , -0.09155273
35.882 , -0.0869751
35.885 , -0.0869751
35.887 , -0.0869751
35.889 , -0.08239746
35.892 , -0.08239746
35.894 , -0.08239746
35.897 , -0.08239746
35.899 , -0.08239746
35.901 , -0.07781982
35.904 , -0.08239746
35.906 , -0.08239746
35.908 , -0.08239746
35.911 , -0.08239746
35.913 , -0.08239746
35.916 , -0.0869751
35.918 , -0.0869751
35.92 , -0.0869751
35.923 , -0.09155273
35.925 , -0.0869751
35.927 , -0.0869751
35.93 , -0.0869751
35.932 , -0.09155273
35.935 , -0.09155273
35.937 , -0.09155273
35.939 , -0.09155273
35.942 , -0.09155273
35.944 , -0.09155273
35.946 , -0.09155273
35.949 , -0.09155273
35.951 , -0.09155273
35.953 , -0.09155273
35.956 , -0.09155273
35.958 , -0.09155273
35.961 , -0.0869751
35.963 , -0.09155273
35.965 , -0.09841919
35.968 , -0.09155273
35.97 , -0.0869751
35.972 , -0.09155273
35.975 , -0.09155273
35.977 , -0.09155273
35.979 , -0.09155273
35.982 , -0.09841919
35.984 , -0.09841919
35.987 , -0.09841919
35.989 , -0.1029968
35.991 , -0.1029968
35.993 , -0.1075764
35.996 , -0.1075764
35.998 , -0.112154
36.0 , -0.112154
36.002 , -0.112154
36.004 , -0.1167316
36.007 , -0.1167316
36.009 , -0.1167316
36.011 , -0.1167316
36.013 , -0.1167316
36.015 , -0.1167316
36.017 , -0.1167316
36.02 , -0.1213093
36.022 , -0.1213093
36.024 , -0.1167316
36.026 , -0.1213093
36.028 , -0.1258869
36.031 , -0.1213093
36.033 , -0.1213093
36.035 , -0.1213093
36.037 , -0.1258869
36.039 , -0.1213093
36.041 , -0.1213093
36.044 , -0.1213093
36.046 , -0.1167316
36.048 , -0.1167316
36.05 , -0.112154
36.052 , -0.1075764
36.055 , -0.1075764
36.057 , -0.1029968
36.059 , -0.1029968
36.061 , -0.09841919
36.063 , -0.09155273
36.066 , -0.09155273
36.068 , -0.0869751
36.071 , -0.08239746
36.073 , -0.07324219
36.075 , -0.06637573
36.078 , -0.05722046
36.08 , -0.04806519
36.082 , -0.03433228
36.085 , -0.02059937
36.087 , 0.0
36.089 , 0.01831055
36.091 , 0.04119873
36.094 , 0.06408691
36.096 , 0.09155464
36.099 , 0.1144428
36.101 , 0.137331
36.103 , 0.162508
36.105 , 0.199131
36.107 , 0.2220192
36.109 , 0.249485
36.112 , 0.2723751
36.114 , 0.2906857
36.116 , 0.3181515
36.118 , 0.3410397
36.12 , 0.3639297
36.122 , 0.3868179
36.125 , 0.4051285
36.127 , 0.4280167
36.129 , 0.4371719
36.131 , 0.4577713
36.133 , 0.4715042
36.135 , 0.4806595
36.138 , 0.4943924
36.14 , 0.5035477
36.142 , 0.5081253
36.144 , 0.5172806
36.146 , 0.5172806
36.149 , 0.5127029
36.151 , 0.5035477
36.153 , 0.5035477
36.155 , 0.49897
36.157 , 0.4806595
36.16 , 0.448616
36.162 , 0.4280167
36.164 , 0.4280167
36.166 , 0.3685074
36.168 , 0.2220192
36.171 , 0.06866455
36.173 , 0.009155273
36.175 , 0.1853981
36.178 , 0.4005508
36.18 , 0.3913956
36.182 , 0.2265968
36.184 , 0.1464863
36.186 , 0.2265968
36.189 , 0.2540627
36.191 , 0.1853981
36.193 , 0.1052876
36.195 , 0.1144428
36.197 , 0.1762428
36.199 , 0.2220192
36.202 , 0.2128639
36.204 , 0.1716633
36.206 , 0.1419086
36.208 , 0.137331
36.21 , 0.1510639
36.213 , 0.1670856
36.215 , 0.1808205
36.217 , 0.199131
36.219 , 0.199131
36.221 , 0.1853981
36.223 , 0.1670856
36.226 , 0.162508
36.228 , 0.1762428
36.23 , 0.1808205
36.232 , 0.1716633
36.234 , 0.1716633
36.237 , 0.1670856
36.239 , 0.1808205
36.241 , 0.1808205
36.243 , 0.1762428
36.245 , 0.1670856
36.248 , 0.162508
36.25 , 0.1579304
36.252 , 0.1579304
36.254 , 0.162508
36.256 , 0.1579304
36.258 , 0.1510639
36.261 , 0.1464863
36.263 , 0.1419086
36.265 , 0.1419086
36.267 , 0.1419086
36.269 , 0.137331
36.272 , 0.1327534
36.274 , 0.1281757
36.284 , 0.1052876
36.286 , 0.1007099
36.289 , 0.09613228
36.291 , 0.1007099
36.293 , 0.09155464
36.295 , 0.08239937
36.298 , 0.07324219
36.3 , 0.06866455
36.303 , 0.05493164
36.305 , 0.04577637
36.307 , 0.04119873
36.31 , 0.03662109
36.312 , 0.03204346
36.314 , 0.02746582
36.317 , 0.01831055
36.319 , 0.01373291
36.321 , 0.004577637
36.324 , 0.0
36.326 , 0.0
36.328 , -0.004577637
36.33 , -0.004577637
36.333 , -0.004577637
36.335 , -0.009155273
36.338 , -0.009155273
36.34 , -0.009155273
36.343 , -0.009155273
36.345 , -0.009155273
36.348 , -0.009155273
36.35 , -0.004577637
36.352 , 0.0
36.355 , 0.0
36.357 , 0.0
36.359 , 0.0
36.361 , 0.0
36.363 , 0.004577637
36.366 , 0.004577637
36.368 , 0.004577637
36.37 , 0.004577637
36.373 , 0.009155273
36.375 , 0.009155273
36.378 , 0.004577637
36.38 , 0.009155273
36.383 , 0.009155273
36.385 , 0.009155273
36.388 , 0.009155273
36.39 , 0.009155273
36.392 , 0.009155273
36.395 , 0.009155273
36.397 , 0.009155273
36.4 , 0.009155273
36.402 , 0.009155273
36.405 , 0.009155273
36.407 , 0.004577637
36.409 , 0.004577637
36.412 , 0.0
36.414 , 0.004577637
36.416 , 0.0
36.419 , 0.0
36.421 , 0.0
36.423 , -0.004577637
36.425 , -0.009155273
36.428 , -0.009155273
36.43 , -0.01602173
36.432 , -0.01602173
36.435 , -0.02059937
36.437 , -0.02059937
36.439 , -0.02059937
36.442 , -0.02059937
36.444 , -0.025177
36.447 , -0.02059937
36.449 , -0.025177
36.451 , -0.025177
36.454 , -0.02059937
36.456 , -0.025177
36.458 , -0.025177
36.461 , -0.025177
36.463 , -0.025177
36.465 , -0.025177
36.468 , -0.025177
36.47 , -0.02059937
36.472 , -0.02059937
36.475 , -0.02059937
36.477 , -0.02059937
36.479 , -0.025177
36.482 , -0.02059937
36.484 , -0.02059937
36.486 , -0.02059937
36.489 , -0.025177
36.491 , -0.02059937
36.493 , -0.02059937
36.496 , -0.025177
36.498 , -0.025177
36.5 , -0.025177
36.503 , -0.02975464
36.505 , -0.02975464
36.507 , -0.02975464
36.51 , -0.02975464
36.512 , -0.03433228
36.514 , -0.03433228
36.517 , -0.03433228
36.519 , -0.03433228
36.522 , -0.03433228
36.524 , -0.03890991
36.526 , -0.03433228
36.529 , -0.03890991
36.531 , -0.03433228
36.533 , -0.02975464
36.536 , -0.03433228
36.538 , -0.03433228
36.54 , -0.03890991
36.543 , -0.03890991
36.545 , -0.03890991
36.547 , -0.03890991
36.55 , -0.03890991
36.552 , -0.03433228
36.555 , -0.03890991
36.557 , -0.03890991
36.559 , -0.03890991
36.562 , -0.03890991
36.564 , -0.04348755
36.566 , -0.04348755
36.569 , -0.04348755
36.571 , -0.04348755
36.574 , -0.04348755
36.576 , -0.04806519
36.578 , -0.04806519
36.581 , -0.04806519
36.583 , -0.04806519
36.585 , -0.04806519
36.588 , -0.04806519
36.59 , -0.04806519
36.592 , -0.05264282
36.595 , -0.05264282
36.597 , -0.04806519
36.599 , -0.05264282
36.602 , -0.05264282
36.604 , -0.05264282
36.606 , -0.05264282
36.609 , -0.05264282
36.611 , -0.05264282
36.613 , -0.05722046
36.616 , -0.05722046
36.618 , -0.05264282
36.62 , -0.05264282
36.623 , -0.05264282
36.625 , -0.05264282
36.627 , -0.05264282
36.63 , -0.05264282
36.632 , -0.05264282
36.634 , -0.05264282
36.637 , -0.05264282
36.639 , -0.05264282
36.642 , -0.04806519
36.644 , -0.05264282
36.646 , -0.05264282
36.649 , -0.05722046
36.651 , -0.05264282
36.653 , -0.05264282
36.656 , -0.04806519
36.658 , -0.05264282
36.66 , -0.05264282
36.663 , -0.04806519
36.665 , -0.04806519
36.668 , -0.04806519
36.67 , -0.04806519
36.672 , -0.04806519
36.675 , -0.04806519
36.677 , -0.04806519
36.68 , -0.05264282
36.682 , -0.05264282
36.684 , -0.05264282
36.687 , -0.05264282
36.689 , -0.04806519
36.691 , -0.04806519
36.694 , -0.04806519
36.696 , -0.05264282
36.698 , -0.04806519
36.701 , -0.05264282
36.703 , -0.05264282
36.705 , -0.05264282
36.708 , -0.05264282
36.71 , -0.05264282
36.712 , -0.05264282
36.715 , -0.05722046
36.717 , -0.05264282
36.719 , -0.05264282
36.722 , -0.05264282
36.724 , -0.05264282
36.726 , -0.04806519
36.729 , -0.04348755
36.731 , -0.04348755
36.733 , -0.04348755
36.736 , -0.04348755
36.738 , -0.04348755
36.741 , -0.04806519
36.743 , -0.04348755
36.745 , -0.04348755
36.748 , -0.04348755
36.75 , -0.04348755
36.752 , -0.04348755
36.755 , -0.04348755
36.757 , -0.04348755
36.759 , -0.04348755
36.762 , -0.04348755
36.764 , -0.04806519
36.766 , -0.04806519
36.769 , -0.04806519
36.771 , -0.04806519
36.774 , -0.05264282
36.784 , -0.05264282
36.787 , -0.05722046
36.789 , -0.05722046
36.791 , -0.05722046
36.794 , -0.05722046
36.796 , -0.05722046
36.798 , -0.0617981
36.801 , -0.0617981
36.803 , -0.0617981
36.805 , -0.06637573
36.808 , -0.07324219
36.81 , -0.07781982
36.813 , -0.07781982
36.815 , -0.08239746
36.817 , -0.0869751
36.82 , -0.09155273
36.822 , -0.09841919
36.824 , -0.09841919
36.827 , -0.1029968
36.829 , -0.1029968
36.831 , -0.1029968
36.833 , -0.1075764
36.836 , -0.1075764
36.838 , -0.112154
36.84 , -0.1075764
36.842 , -0.112154
36.844 , -0.112154
36.846 , -0.1075764
36.849 , -0.1075764
36.851 , -0.1075764
36.853 , -0.1075764
36.855 , -0.1029968
36.857 , -0.1029968
36.86 , -0.1029968
36.862 , -0.1075764
36.864 , -0.1075764
36.866 , -0.1029968
36.869 , -0.1075764
36.871 , -0.1075764
36.873 , -0.1029968
36.875 , -0.1029968
36.877 , -0.1029968
36.88 , -0.1029968
36.882 , -0.1029968
36.884 , -0.1029968
36.886 , -0.1029968
36.888 , -0.1029968
36.891 , -0.1029968
36.893 , -0.1029968
36.895 , -0.09841919
36.897 , -0.09155273
36.9 , -0.09155273
36.902 , -0.0869751
36.904 , -0.08239746
36.907 , -0.07324219
36.909 , -0.0617981
36.912 , -0.05264282
36.914 , -0.03890991
36.916 , -0.025177
36.919 , 0.0
36.921 , 0.01373291
36.923 , 0.04119873
36.925 , 0.06408691
36.928 , 0.08697701
36.93 , 0.1098652
36.932 , 0.137331
36.934 , 0.162508
36.937 , 0.1945534
36.939 , 0.2174416
36.941 , 0.2357521
36.943 , 0.2540627
36.945 , 0.2769527
36.948 , 0.2998409
36.95 , 0.3227291
36.952 , 0.3410397
36.954 , 0.3593502
36.956 , 0.373085
36.959 , 0.3868179
36.961 , 0.4005508
36.963 , 0.4142838
36.965 , 0.423439
36.967 , 0.4325943
36.97 , 0.4417496
36.972 , 0.4417496
36.974 , 0.4417496
36.976 , 0.4371719
36.978 , 0.4325943
36.981 , 0.423439
36.983 , 0.4005508
36.985 , 0.3822403
36.987 , 0.3822403
36.989 , 0.3868179
36.992 , 0.3593502
36.994 , 0.2586403
36.996 , 0.1235981
36.998 , 0.02746582
37.001 , 0.0
37.003 , 0.1144428
37.005 , 0.2677956
37.007 , 0.286108
37.009 , 0.1716633
37.012 , 0.1098652
37.014 , 0.1464863
37.016 , 0.1762428
37.018 , 0.1235981
37.02 , 0.06866455
37.023 , 0.06866455
37.025 , 0.1190205
37.027 , 0.1510639
37.029 , 0.1579304
37.032 , 0.1190205
37.034 , 0.09155464
37.036 , 0.08697701
37.038 , 0.1007099
37.041 , 0.1190205
37.043 , 0.1190205
37.045 , 0.1327534
37.047 , 0.1281757
37.049 , 0.1235981
37.051 , 0.1235981
37.054 , 0.1327534
37.056 , 0.1327534
37.058 , 0.1235981
37.06 , 0.1098652
37.062 , 0.1052876
37.064 , 0.1098652
37.067 , 0.1190205
37.069 , 0.1190205
37.071 , 0.1190205
37.073 , 0.1144428
37.075 , 0.1098652
37.077 , 0.1098652
37.08 , 0.1098652
37.082 , 0.1098652
37.084 , 0.1052876
37.086 , 0.1052876
37.088 , 0.1007099
37.091 , 0.1007099
37.093 , 0.1007099
37.095 , 0.1007099
37.097 , 0.09155464
37.1 , 0.08697701
37.102 , 0.09155464
37.104 , 0.08697701
37.107 , 0.08239937
37.109 , 0.07781982
37.111 , 0.07324219
37.114 , 0.06408691
37.116 , 0.06408691
37.118 , 0.05493164
37.121 , 0.050354
37.123 , 0.04577637
37.125 , 0.03662109
37.128 , 0.02746582
37.13 , 0.02288818
37.132 , 0.01831055
37.135 , 0.01373291
37.137 , 0.009155273
37.139 , 0.004577637
37.142 , -0.004577637
37.144 , -0.004577637
37.147 , -0.009155273
37.149 , -0.01602173
37.152 , -0.01602173
37.154 , -0.01602173
37.156 , -0.01602173
37.159 , -0.02059937
37.161 , -0.02059937
37.163 , -0.02059937
37.166 , -0.02059937
37.168 , -0.02059937
37.17 , -0.02059937
37.173 , -0.01602173
37.175 , -0.01602173
37.177 , -0.009155273
37.18 , -0.004577637
37.182 , -0.004577637
37.185 , -0.004577637
37.187 , 0.0
37.189 , 0.0
37.192 , 0.004577637
37.194 , 0.004577637
37.196 , 0.009155273
37.199 , 0.009155273
37.201 , 0.01373291
37.204 , 0.009155273
37.206 , 0.01373291
37.208 , 0.01373291
37.211 , 0.01831055
37.213 , 0.01831055
37.215 , 0.02288818
37.218 , 0.02288818
37.22 , 0.01831055
37.222 , 0.02288818
37.225 , 0.02288818
37.227 , 0.02746582
37.229 , 0.02746582
37.232 , 0.02746582
37.234 , 0.02288818
37.236 , 0.02746582
37.239 , 0.02288818
37.241 , 0.01831055
37.243 , 0.01831055
37.246 , 0.02288818
37.248 , 0.01831055
37.25 , 0.01831055
37.253 , 0.01831055
37.255 , 0.01373291
37.257 , 0.01373291
37.268 , 0.009155273
37.27 , 0.01373291
37.273 , 0.01373291
37.275 , 0.009155273
37.277 , 0.009155273
37.28 , 0.009155273
37.282 , 0.009155273
37.285 , 0.009155273
37.287 , 0.004577637
37.29 , 0.004577637
37.292 , 0.004577637
37.294 , 0.004577637
37.297 , 0.004577637
37.299 , 0.004577637
37.302 , 0.004577637
37.304 , 0.004577637
37.307 , 0.004577637
37.309 , 0.004577637
37.312 , 0.0
37.314 , 0.0
37.316 , 0.0
37.318 , 0.0
37.32 , 0.0
37.322 , 0.0
37.325 , 0.0
37.327 , 0.0
37.329 , -0.004577637
37.331 , -0.004577637
37.334 , -0.004577637
37.336 , -0.004577637
37.339 , -0.004577637
37.341 , -0.004577637
37.344 , -0.009155273
37.346 , -0.009155273
37.348 , -0.009155273
37.351 , -0.01602173
37.353 , -0.01602173
37.355 , -0.009155273
37.358 , -0.01602173
37.36 , -0.01602173
37.363 , -0.02059937
37.365 , -0.02059937
37.367 , -0.02059937
37.37 , -0.02059937
37.372 , -0.02059937
37.374 , -0.02059937
37.377 , -0.02059937
37.379 , -0.025177
37.382 , -0.025177
37.384 , -0.02975464
37.386 , -0.025177
37.389 , -0.025177
37.391 , -0.025177
37.393 , -0.025177
37.396 , -0.02975464
37.398 , -0.025177
37.4 , -0.025177
37.403 , -0.02975464
37.405 , -0.02975464
37.407 , -0.02975464
37.41 , -0.02975464
37.412 , -0.03433228
37.414 , -0.02975464
37.417 , -0.03433228
37.419 , -0.03433228
37.422 , -0.03890991
37.424 , -0.03433228
37.426 , -0.03890991
37.429 , -0.03890991
37.431 , -0.03890991
37.433 , -0.04348755
37.436 , -0.04348755
37.438 , -0.04348755
37.441 , -0.04348755
37.443 , -0.04348755
37.445 , -0.04806519
37.448 , -0.04806519
37.45 , -0.04348755
37.452 , -0.04348755
37.455 , -0.04806519
37.457 , -0.05264282
37.459 , -0.04806519
37.462 , -0.04806519
37.464 , -0.04806519
37.466 , -0.05264282
37.469 , -0.04806519
37.471 , -0.04806519
37.473 , -0.04806519
37.476 , -0.04806519
37.478 , -0.04806519
37.481 , -0.04806519
37.483 , -0.04806519
37.485 , -0.05264282
37.488 , -0.05264282
37.49 , -0.04806519
37.492 , -0.04806519
37.495 , -0.04806519
37.497 , -0.04806519
37.499 , -0.05264282
37.502 , -0.05264282
37.504 , -0.04806519
37.506 , -0.04806519
37.509 , -0.04806519
37.511 , -0.04806519
37.513 , -0.04348755
37.516 , -0.04806519
37.518 , -0.04806519
37.521 , -0.04806519
37.523 , -0.04348755
37.525 , -0.04348755
37.528 , -0.04806519
37.53 , -0.04806519
37.532 , -0.04806519
37.535 , -0.04806519
37.537 , -0.04806519
37.539 , -0.04806519
37.542 , -0.04806519
37.544 , -0.04806519
37.547 , -0.05264282
37.549 , -0.05264282
37.551 , -0.05264282
37.554 , -0.05264282
37.556 , -0.05722046
37.558 , -0.05722046
37.561 , -0.05722046
37.563 , -0.0617981
37.565 , -0.06637573
37.568 , -0.06637573
37.57 , -0.06637573
37.573 , -0.07324219
37.575 , -0.07781982
37.577 , -0.08239746
37.58 , -0.0869751
37.582 , -0.0869751
37.584 , -0.0869751
37.587 , -0.09155273
37.589 , -0.09155273
37.591 , -0.09841919
37.594 , -0.09155273
37.596 , -0.09841919
37.599 , -0.09155273
37.601 , -0.09155273
37.603 , -0.09155273
37.606 , -0.09155273
37.608 , -0.09155273
37.61 , -0.08239746
37.613 , -0.0869751
37.615 , -0.08239746
37.617 , -0.08239746
37.62 , -0.08239746
37.622 , -0.07781982
37.624 , -0.07324219
37.627 , -0.07324219
37.629 , -0.07324219
37.632 , -0.07324219
37.634 , -0.07324219
37.636 , -0.07324219
37.639 , -0.06637573
37.641 , -0.07324219
37.643 , -0.06637573
37.646 , -0.07324219
37.648 , -0.06637573
37.65 , -0.06637573
37.653 , -0.06637573
37.655 , -0.06637573
37.658 , -0.0617981
37.66 , -0.0617981
37.662 , -0.05264282
37.665 , -0.04348755
37.667 , -0.03890991
37.67 , -0.02975464
37.672 , -0.02059937
37.674 , -0.004577637
37.677 , 0.01373291
37.679 , 0.03204346
37.681 , 0.050354
37.684 , 0.06866455
37.686 , 0.09613228
37.688 , 0.1144428
37.691 , 0.137331
37.693 , 0.162508
37.695 , 0.1853981
37.697 , 0.2128639
37.7 , 0.2357521
37.702 , 0.2540627
37.704 , 0.2769527
37.706 , 0.2998409
37.708 , 0.3135738
37.71 , 0.3227291
37.713 , 0.3456173
37.715 , 0.3547726
37.717 , 0.373085
37.719 , 0.3868179
37.721 , 0.3959732
37.724 , 0.4051285
37.726 , 0.4188614
37.728 , 0.423439
37.73 , 0.4280167
37.732 , 0.423439
37.735 , 0.4280167
37.737 , 0.423439
37.739 , 0.4005508
37.741 , 0.3822403
37.743 , 0.3776627
37.746 , 0.3868179
37.748 , 0.3685074
37.75 , 0.3273067
37.752 , 0.2449074
37.754 , 0.1327534
37.765 , 0.2586403
37.767 , 0.199131
37.769 , 0.05950928
37.772 , 0.050354
37.774 , 0.1190205
37.776 , 0.1281757
37.778 , 0.07324219
37.781 , 0.01831055
37.783 , 0.07324219
37.785 , 0.1419086
37.788 , 0.1464863
37.79 , 0.09613228
37.792 , 0.05493164
37.795 , 0.050354
37.797 , 0.07324219
37.799 , 0.09613228
37.802 , 0.1052876
37.804 , 0.1052876
37.806 , 0.1052876
37.808 , 0.1052876
37.81 , 0.1098652
37.813 , 0.1144428
37.815 , 0.1190205
37.817 , 0.1144428
37.819 , 0.1052876
37.821 , 0.1007099
37.824 , 0.1007099
37.826 , 0.1052876
37.828 , 0.1052876
37.83 , 0.09613228
37.832 , 0.09155464
37.835 , 0.1007099
37.837 , 0.09613228
37.839 , 0.09613228
37.842 , 0.09613228
37.844 , 0.09155464
37.846 , 0.09613228
37.849 , 0.09155464
37.851 , 0.09155464
37.853 , 0.08697701
37.856 , 0.08239937
37.858 , 0.08239937
37.86 , 0.08239937
37.863 , 0.08239937
37.865 , 0.08239937
37.868 , 0.07781982
37.87 , 0.07781982
37.872 , 0.07781982
37.875 , 0.06866455
37.877 , 0.06408691
37.879 , 0.05950928
37.882 , 0.05493164
37.884 , 0.04577637
37.887 , 0.04577637
37.889 , 0.04119873
37.891 , 0.04119873
37.894 , 0.04119873
37.896 , 0.03204346
37.898 , 0.02746582
37.901 , 0.01831055
37.903 , 0.01831055
37.905 , 0.01831055
37.908 , 0.01831055
37.91 , 0.01373291
37.913 , 0.01373291
37.915 , 0.01373291
37.917 , 0.01831055
37.92 , 0.01373291
37.922 , 0.01831055
37.924 , 0.01831055
37.927 , 0.01831055
37.929 , 0.01831055
37.931 , 0.02746582
37.934 , 0.03204346
37.936 , 0.03662109
37.938 , 0.04119873
37.941 , 0.04119873
37.943 , 0.04119873
37.945 , 0.04577637
37.948 , 0.050354
37.95 , 0.05493164
37.952 , 0.05493164
37.955 , 0.05950928
37.957 , 0.06408691
37.96 , 0.06866455
37.962 , 0.06866455
37.964 , 0.07324219
37.967 , 0.07324219
37.969 , 0.07324219
37.971 , 0.07781982
37.974 , 0.07781982
37.976 , 0.07781982
37.978 , 0.08239937
37.981 , 0.08239937
37.983 , 0.07781982
37.985 , 0.08239937
37.988 , 0.08239937
37.99 , 0.08239937
37.993 , 0.07781982
37.995 , 0.07781982
37.997 , 0.07781982
38.0 , 0.07781982
38.002 , 0.07324219
38.004 , 0.07324219
38.007 , 0.07324219
38.009 , 0.07324219
38.011 , 0.07324219
38.014 , 0.07324219
38.016 , 0.07324219
38.019 , 0.07324219
38.021 , 0.07324219
38.023 , 0.07324219
38.026 , 0.06866455
38.028 , 0.06866455
38.03 , 0.06866455
38.033 , 0.06866455
38.035 , 0.06408691
38.037 , 0.06408691
38.04 , 0.06866455
38.042 , 0.06866455
38.044 , 0.06408691
38.047 , 0.06866455
38.049 , 0.06866455
38.051 , 0.06866455
38.054 , 0.06408691
38.056 , 0.06866455
38.058 , 0.06408691
38.061 , 0.06408691
38.063 , 0.06408691
38.065 , 0.06408691
38.068 , 0.06408691
38.07 , 0.06408691
38.073 , 0.06408691
38.075 , 0.05950928
38.077 , 0.05950928
38.08 , 0.06408691
38.082 , 0.05950928
38.084 , 0.05950928
38.087 , 0.05950928
38.089 , 0.05950928
38.091 , 0.05493164
38.094 , 0.05493164
38.096 , 0.05950928
38.098 , 0.05493164
38.101 , 0.050354
38.103 , 0.050354
38.105 , 0.050354
38.108 , 0.04577637
38.11 , 0.04577637
38.112 , 0.04119873
38.115 , 0.04119873
38.117 , 0.03662109
38.119 , 0.03204346
38.122 , 0.03204346
38.124 , 0.02746582
38.126 , 0.03204346
38.129 , 0.02746582
38.131 , 0.02288818
38.133 , 0.01831055
38.136 , 0.01831055
38.138 , 0.01373291
38.14 , 0.01373291
38.143 , 0.009155273
38.145 , 0.009155273
38.148 , 0.004577637
38.15 , 0.0
38.152 , 0.0
38.154 , 0.0
38.156 , -0.004577637
38.159 , -0.004577637
38.161 , -0.004577637
38.164 , -0.009155273
38.166 , -0.009155273
38.169 , -0.009155273
38.171 , -0.01602173
38.174 , -0.01602173
38.176 , -0.02059937
38.178 , -0.025177
38.181 , -0.025177
38.183 , -0.025177
38.185 , -0.02975464
38.188 , -0.02975464
38.19 , -0.03433228
38.193 , -0.02975464
38.195 , -0.02975464
38.197 , -0.02975464
38.2 , -0.02975464
38.202 , -0.03433228
38.204 , -0.03433228
38.207 , -0.03433228
38.209 , -0.03433228
38.211 , -0.03433228
38.214 , -0.03890991
38.216 , -0.03433228
38.218 , -0.03890991
38.221 , -0.03433228
38.223 , -0.02975464
38.226 , -0.03433228
38.228 , -0.02975464
38.23 , -0.02975464
38.233 , -0.02975464
38.235 , -0.02975464
38.237 , -0.02975464
38.24 , -0.02975464
38.242 , -0.02975464
38.244 , -0.025177
38.247 , -0.025177
38.249 , -0.02059937
38.251 , -0.025177
38.262 , -0.02059937
38.264 , -0.025177
38.267 , -0.02059937
38.269 , -0.02059937
38.271 , -0.02059937
38.274 , -0.02059937
38.276 , -0.02059937
38.278 , -0.02059937
38.281 , -0.01602173
38.283 , -0.02059937
38.286 , -0.02059937
38.288 , -0.02059937
38.29 , -0.02059937
38.293 , -0.025177
38.295 , -0.02059937
38.297 , -0.025177
38.3 , -0.02059937
38.302 , -0.02059937
38.305 , -0.025177
38.307 , -0.025177
38.309 , -0.025177
38.312 , -0.025177
38.314 , -0.02975464
38.316 , -0.02975464
38.319 , -0.03433228
38.321 , -0.03433228
38.323 , -0.03890991
38.326 , -0.03890991
38.328 , -0.03890991
38.33 , -0.04348755
38.333 , -0.04806519
38.335 , -0.05264282
38.337 , -0.05264282
38.34 , -0.05264282
38.342 , -0.05722046
38.344 , -0.05264282
38.347 , -0.05722046
38.349 , -0.05722046
38.351 , -0.05722046
38.354 , -0.05264282
38.356 , -0.05264282
38.358 , -0.04806519
38.361 , -0.04806519
38.363 , -0.04348755
38.365 , -0.04348755
38.368 , -0.03890991
38.37 , -0.03433228
38.372 , -0.03433228
38.375 , -0.02975464
38.377 , -0.02975464
38.38 , -0.025177
38.382 , -0.02059937
38.384 , -0.02059937
38.387 , -0.02059937
38.389 , -0.02059937
38.391 , -0.02059937
38.394 , -0.01602173
38.396 , -0.02059937
38.399 , -0.01602173
38.401 , -0.01602173
38.403 , -0.01602173
38.406 , -0.01602173
38.408 , -0.009155273
38.41 , -0.009155273
38.413 , -0.004577637
38.415 , -0.009155273
38.418 , 0.0
38.42 , 0.004577637
38.422 , 0.01373291
38.425 , 0.01831055
38.427 , 0.03662109
38.429 , 0.050354
38.432 , 0.05950928
38.434 , 0.07324219
38.437 , 0.09155464
38.439 , 0.1098652
38.441 , 0.1281757
38.443 , 0.1464863
38.445 , 0.1670856
38.448 , 0.199131
38.45 , 0.2174416
38.452 , 0.2403297
38.454 , 0.2540627
38.456 , 0.2723751
38.459 , 0.286108
38.461 , 0.2998409
38.463 , 0.3135738
38.465 , 0.3318844
38.467 , 0.3456173
38.47 , 0.3593502
38.472 , 0.3639297
38.474 , 0.3685074
38.476 , 0.373085
38.478 , 0.3776627
38.48 , 0.3822403
38.483 , 0.3913956
38.485 , 0.3959732
38.487 , 0.3868179
38.489 , 0.373085
38.491 , 0.3639297
38.494 , 0.3547726
38.496 , 0.3135738
38.498 , 0.2586403
38.5 , 0.162508
38.502 , 0.08239937
38.505 , 0.02746582
38.507 , 0.08697701
38.509 , 0.2174416
38.512 , 0.2449074
38.514 , 0.1419086
38.516 , 0.07324219
38.518 , 0.08239937
38.521 , 0.1235981
38.523 , 0.1144428
38.525 , 0.05493164
38.528 , 0.04119873
38.53 , 0.07781982
38.532 , 0.1098652
38.534 , 0.1144428
38.537 , 0.09155464
38.539 , 0.06408691
38.541 , 0.04577637
38.544 , 0.05493164
38.546 , 0.06866455
38.548 , 0.06866455
38.551 , 0.06866455
38.553 , 0.06408691
38.555 , 0.07781982
38.558 , 0.09613228
38.56 , 0.1144428
38.562 , 0.1098652
38.565 , 0.09155464
38.567 , 0.08239937
38.569 , 0.09155464
38.572 , 0.1007099
38.574 , 0.1007099
38.576 , 0.1007099
38.578 , 0.09613228
38.58 , 0.1007099
38.583 , 0.1007099
38.585 , 0.1007099
38.587 , 0.09155464
38.589 , 0.09155464
38.592 , 0.09613228
38.594 , 0.1007099
38.596 , 0.1007099
38.598 , 0.1007099
38.601 , 0.09613228
38.603 , 0.09155464
38.605 , 0.09613228
38.608 , 0.09155464
38.61 , 0.09613228
38.612 , 0.09155464
38.615 , 0.09155464
38.617 , 0.08697701
38.619 , 0.08697701
38.622 , 0.07781982
38.624 , 0.07781982
38.626 , 0.07324219
38.629 , 0.06866455
38.631 , 0.05950928
38.633 , 0.05493164
38.636 , 0.050354
38.638 , 0.04119873
38.64 , 0.03662109
38.643 , 0.02746582
38.645 , 0.02288818
38.647 , 0.01373291
38.65 , 0.009155273
38.652 , 0.0
38.654 , 0.0
38.656 , -0.004577637
38.659 , -0.009155273
38.661 , -0.02059937
38.664 , -0.02059937
38.666 , -0.01602173
38.668 , -0.01602173
38.671 , -0.009155273
38.673 , -0.01602173
38.676 , -0.02059937
38.678 , -0.02059937
38.68 , -0.02059937
38.683 , -0.01602173
38.685 , -0.01602173
38.687 , -0.01602173
38.69 , -0.009155273
38.692 , -0.009155273
38.695 , -0.004577637
38.697 , -0.004577637
38.699 , -0.004577637
38.702 , 0.0
38.704 , 0.004577637
38.707 , 0.009155273
38.709 , 0.009155273
38.711 , 0.009155273
38.714 , 0.009155273
38.716 , 0.01373291
38.719 , 0.01373291
38.721 , 0.01373291
38.723 , 0.01373291
38.726 , 0.01831055
38.728 , 0.01831055
38.73 , 0.01831055
38.733 , 0.01373291
38.735 , 0.01373291
38.737 , 0.01373291
38.74 , 0.01373291
38.742 , 0.01373291
38.744 , 0.009155273
38.755 , 0.0
38.757 , 0.0
38.759 , 0.0
38.761 , -0.004577637
38.764 , -0.004577637
38.766 , -0.009155273
38.769 , -0.009155273
38.771 , -0.009155273
38.774 , -0.02059937
38.776 , -0.01602173
38.778 , -0.02059937
38.781 , -0.025177
38.783 , -0.025177
38.786 , -0.025177
38.788 , -0.025177
38.79 , -0.02975464
38.793 , -0.025177
38.795 , -0.02975464
38.797 , -0.02975464
38.8 , -0.02975464
38.802 , -0.03433228
38.804 , -0.02975464
38.807 , -0.03433228
38.809 , -0.03433228
38.812 , -0.02975464
38.814 , -0.03433228
38.816 , -0.03433228
38.819 , -0.02975464
38.821 , -0.02975464
38.823 , -0.03433228
38.826 , -0.03433228
38.828 , -0.03433228
38.83 , -0.02975464
38.833 , -0.03433228
38.835 , -0.03433228
38.837 , -0.03433228
38.84 , -0.03433228
38.842 , -0.03433228
38.844 , -0.03433228
38.847 , -0.03433228
38.849 , -0.03890991
38.851 , -0.03890991
38.854 , -0.04348755
38.856 , -0.03890991
38.859 , -0.04348755
38.861 , -0.03890991
38.863 , -0.04348755
38.866 , -0.04348755
38.868 , -0.04348755
38.87 , -0.04348755
38.873 , -0.04806519
38.875 , -0.04806519
38.878 , -0.05264282
38.88 , -0.05264282
38.882 , -0.05264282
38.885 , -0.04806519
38.887 , -0.05264282
38.889 , -0.05264282
38.892 , -0.05264282
38.894 , -0.04806519
38.897 , -0.04806519
38.899 , -0.04806519
38.901 , -0.04348755
38.904 , -0.04348755
38.906 , -0.04348755
38.908 , -0.04348755
38.911 , -0.04348755
38.913 , -0.04348755
38.915 , -0.04348755
38.918 , -0.03890991
38.92 , -0.03890991
38.923 , -0.03890991
38.925 , -0.03433228
38.927 , -0.03433228
38.93 , -0.02975464
38.932 , -0.02975464
38.934 , -0.02975464
38.937 , -0.02975464
38.939 , -0.02975464
38.942 , -0.025177
38.944 , -0.02059937
38.946 , -0.02059937
38.949 , -0.02059937
38.951 , -0.01602173
38.953 , -0.01602173
38.956 , -0.01602173
38.958 , -0.009155273
38.96 , -0.009155273
38.963 , -0.009155273
38.965 , -0.004577637
38.968 , -0.004577637
38.97 , 0.0
38.972 , 0.0
38.975 , 0.0
38.977 , 0.004577637
38.979 , 0.004577637
38.982 , 0.004577637
38.984 , 0.009155273
38.987 , 0.01373291
38.989 , 0.01373291
38.991 , 0.01373291
38.994 , 0.01831055
38.996 , 0.02288818
38.998 , 0.02746582
39.001 , 0.02288818
39.003 , 0.02746582
39.005 , 0.03204346
39.008 , 0.03204346
39.01 , 0.03204346
39.012 , 0.03204346
39.015 , 0.03204346
39.017 , 0.04119873
39.019 , 0.04119873
39.022 , 0.04119873
39.024 , 0.04577637
39.026 , 0.04577637
39.029 , 0.050354
39.031 , 0.050354
39.033 , 0.050354
39.036 , 0.050354
39.038 , 0.050354
39.04 , 0.05950928
39.043 , 0.05493164
39.045 , 0.05950928
39.047 , 0.05950928
39.05 , 0.05950928
39.052 , 0.05493164
39.055 , 0.05950928
39.057 , 0.05493164
39.059 , 0.05950928
39.062 , 0.05950928
39.064 , 0.05950928
39.066 , 0.05493164
39.069 , 0.05493164
39.071 , 0.05493164
39.073 , 0.05493164
39.076 , 0.05493164
39.078 , 0.05493164
39.08 , 0.050354
39.083 , 0.050354
39.085 , 0.050354
39.087 , 0.050354
39.09 , 0.04577637
39.092 , 0.04119873
39.094 , 0.04119873
39.097 , 0.03662109
39.099 , 0.03204346
39.101 , 0.03662109
39.104 , 0.02746582
39.106 , 0.03204346
39.108 , 0.02746582
39.111 , 0.03204346
39.113 , 0.02746582
39.115 , 0.02746582
39.118 , 0.02746582
39.12 , 0.02746582
39.122 , 0.02746582
39.125 , 0.02746582
39.127 , 0.03204346
39.129 , 0.02746582
39.132 , 0.03204346
39.134 , 0.03204346
39.136 , 0.02746582
39.139 , 0.02746582
39.141 , 0.02746582
39.143 , 0.02746582
39.146 , 0.03204346
39.148 , 0.03204346
39.15 , 0.03204346
39.153 , 0.03204346
39.155 , 0.03204346
39.157 , 0.02746582
39.16 , 0.02746582
39.162 , 0.02746582
39.164 , 0.02288818
39.167 , 0.01831055
39.169 , 0.01831055
39.172 , 0.01373291
39.174 , 0.01831055
39.176 , 0.01373291
39.179 , 0.01373291
39.181 , 0.01373291
39.183 , 0.01373291
39.186 , 0.01831055
39.188 , 0.02288818
39.19 , 0.02746582
39.193 , 0.02746582
39.195 , 0.04119873
39.197 , 0.050354
39.2 , 0.05950928
39.202 , 0.06866455
39.204 , 0.08239937
39.207 , 0.09613228
39.209 , 0.1098652
39.211 , 0.1235981
39.214 , 0.137331
39.216 , 0.1510639
39.218 , 0.1670856
39.22 , 0.1762428
39.222 , 0.1945534
39.225 , 0.2037086
39.227 , 0.2128639
39.229 , 0.2220192
39.231 , 0.2265968
39.233 , 0.2357521
39.235 , 0.2449074
39.238 , 0.249485
39.24 , 0.249485
39.242 , 0.249485
39.252 , 0.1808205
39.255 , 0.137331
39.257 , 0.09155464
39.259 , 0.02746582
39.262 , 0.004577637
39.264 , 0.07324219
39.266 , 0.137331
39.269 , 0.1327534
39.271 , 0.08239937
39.273 , 0.02288818
39.275 , 0.04119873
39.278 , 0.050354
39.28 , 0.03204346
39.283 , 0.004577637
39.285 , 0.01373291
39.287 , 0.03662109
39.29 , 0.04119873
39.292 , 0.009155273
39.294 , -0.01602173
39.297 , -0.025177
39.299 , -0.009155273
39.302 , 0.0
39.304 , 0.0
39.306 , 0.0
39.308 , 0.009155273
39.31 , 0.009155273
39.313 , -0.009155273
39.315 , -0.02059937
39.318 , -0.004577637
39.32 , 0.009155273
39.323 , 0.009155273
39.325 , -0.004577637
39.327 , -0.004577637
39.33 , 0.0
39.332 , 0.0
39.334 , -0.004577637
39.337 , -0.009155273
39.339 , -0.004577637
39.342 , -0.004577637
39.344 , -0.009155273
39.346 , -0.009155273
39.349 , -0.009155273
39.351 , -0.009155273
39.354 , -0.01602173
39.356 , -0.01602173
39.359 , -0.01602173
39.361 , -0.009155273
39.363 , -0.01602173
39.366 , -0.01602173
39.368 , -0.02059937
39.37 , -0.025177
39.373 , -0.025177
39.375 , -0.02975464
39.377 , -0.02975464
39.38 , -0.03433228
39.382 , -0.03890991
39.384 , -0.03890991
39.387 , -0.03890991
39.389 , -0.04348755
39.392 , -0.05264282
39.394 , -0.05264282
39.396 , -0.05722046
39.399 , -0.0617981
39.401 , -0.0617981
39.403 , -0.06637573
39.406 , -0.07781982
39.408 , -0.08239746
39.41 , -0.08239746
39.413 , -0.0869751
39.415 , -0.0869751
39.418 , -0.09155273
39.42 , -0.09155273
39.422 , -0.0869751
39.425 , -0.0869751
39.427 , -0.09155273
39.429 , -0.09155273
39.432 , -0.0869751
39.434 , -0.08239746
39.437 , -0.07781982
39.439 , -0.07781982
39.441 , -0.07324219
39.444 , -0.06637573
39.446 , -0.0617981
39.448 , -0.0617981
39.451 , -0.05722046
39.453 , -0.05722046
39.455 , -0.05264282
39.458 , -0.04806519
39.46 , -0.04806519
39.462 , -0.04348755
39.465 , -0.04348755
39.467 , -0.03890991
39.47 , -0.03433228
39.472 , -0.02975464
39.474 , -0.02975464
39.477 , -0.02059937
39.479 , -0.025177
39.481 , -0.01602173
39.484 , -0.01602173
39.486 , -0.009155273
39.488 , -0.009155273
39.491 , -0.004577637
39.493 , 0.0
39.495 , 0.0
39.498 , 0.004577637
39.5 , 0.009155273
39.502 , 0.004577637
39.505 , 0.01373291
39.507 , 0.01831055
39.51 , 0.01373291
39.512 , 0.01373291
39.514 , 0.01831055
39.517 , 0.02288818
39.519 , 0.01831055
39.521 , 0.01831055
39.524 , 0.01373291
39.526 , 0.01831055
39.528 , 0.01831055
39.531 , 0.01373291
39.533 , 0.01831055
39.536 , 0.01831055
39.538 , 0.01831055
39.54 , 0.01373291
39.542 , 0.01831055
39.545 , 0.01373291
39.547 , 0.01373291
39.549 , 0.01373291
39.552 , 0.009155273
39.554 , 0.009155273
39.557 , 0.004577637
39.559 , 0.004577637
39.562 , 0.0
39.564 , 0.004577637
39.566 , 0.0
39.568 , 0.0
39.571 , 0.0
39.573 , 0.0
39.575 , 0.0
39.577 , 0.0
39.579 , 0.0
39.581 , 0.0
39.583 , 0.0
39.586 , 0.0
39.588 , 0.0
39.59 , -0.004577637
39.592 , -0.004577637
39.595 , -0.009155273
39.597 , -0.004577637
39.6 , -0.004577637
39.602 , -0.004577637
39.605 , -0.009155273
39.607 , -0.009155273
39.61 , -0.009155273
39.612 , -0.01602173
39.614 , -0.009155273
39.617 , -0.01602173
39.619 , -0.01602173
39.621 , -0.01602173
39.624 , -0.01602173
39.626 , -0.01602173
39.629 , -0.02059937
39.631 , -0.02059937
39.633 , -0.02059937
39.636 , -0.025177
39.638 , -0.025177
39.64 , -0.025177
39.643 , -0.025177
39.645 , -0.02975464
39.647 , -0.02975464
39.65 , -0.02975464
39.652 , -0.03433228
39.654 , -0.03433228
39.657 , -0.03433228
39.659 , -0.03890991
39.661 , -0.03433228
39.664 , -0.03433228
39.666 , -0.03433228
39.668 , -0.03433228
39.671 , -0.03433228
39.673 , -0.03433228
39.675 , -0.03433228
39.678 , -0.03433228
39.68 , -0.03433228
39.683 , -0.03433228
39.685 , -0.03433228
39.687 , -0.03433228
39.69 , -0.03433228
39.692 , -0.03433228
39.694 , -0.03433228
39.697 , -0.03433228
39.699 , -0.03890991
39.701 , -0.03890991
39.704 , -0.03890991
39.706 , -0.03890991
39.709 , -0.03433228
39.711 , -0.03433228
39.713 , -0.03890991
39.716 , -0.03433228
39.718 , -0.03433228
39.72 , -0.03433228
39.723 , -0.03433228
39.725 , -0.03433228
39.727 , -0.02975464
39.73 , -0.02975464
39.732 , -0.02975464
39.735 , -0.02975464
39.737 , -0.02975464
39.739 , -0.02975464
39.742 , -0.025177
39.752 , -0.02059937
39.755 , -0.02059937
39.757 , -0.02059937
39.759 , -0.01602173
39.762 , -0.01602173
39.764 , -0.01602173
39.766 , -0.01602173
39.769 , -0.01602173
39.771 , -0.009155273
39.774 , -0.01602173
39.776 , -0.01602173
39.778 , -0.009155273
39.781 , -0.009155273
39.783 , -0.009155273
39.786 , -0.004577637
39.788 , -0.009155273
39.791 , -0.009155273
39.793 , -0.009155273
39.795 , -0.009155273
39.798 , -0.004577637
39.8 , -0.004577637
39.803 , -0.009155273
39.805 , -0.009155273
39.808 , -0.004577637
39.81 , -0.004577637
39.813 , -0.004577637
39.815 , -0.004577637
39.818 , -0.009155273
39.82 , -0.009155273
39.823 , -0.009155273
39.825 , -0.009155273
39.827 , -0.009155273
39.83 , -0.009155273
39.832 , -0.009155273
39.835 , -0.009155273
39.837 , -0.009155273
39.84 , -0.009155273
39.842 , -0.009155273
39.844 , -0.01602173
39.847 , -0.009155273
39.849 , -0.009155273
39.852 , -0.01602173
39.854 , -0.01602173
39.856 , -0.01602173
39.859 , -0.01602173
39.861 , -0.01602173
39.863 , -0.02059937
39.866 , -0.02059937
39.868 , -0.02059937
39.871 , -0.02059937
39.873 , -0.02059937
39.875 , -0.025177
39.878 , -0.02975464
39.88 , -0.02975464
39.882 , -0.02975464
39.885 , -0.03433228
39.887 , -0.03433228
39.889 , -0.03890991
39.892 , -0.04348755
39.894 , -0.03890991
39.897 , -0.03890991
39.899 , -0.04348755
39.901 , -0.04348755
39.904 , -0.04348755
39.906 , -0.04348755
39.908 , -0.03890991
39.911 , -0.03890991
39.913 , -0.03890991
39.916 , -0.03433228
39.918 , -0.03433228
39.92 , -0.02975464
39.923 , -0.02975464
39.925 , -0.025177
39.927 , -0.025177
39.93 , -0.02059937
39.932 , -0.01602173
39.935 , -0.01602173
39.937 , -0.009155273
39.939 , -0.009155273
39.942 , -0.004577637
39.944 , -0.004577637
39.947 , -0.004577637
39.949 , -0.004577637
39.952 , -0.004577637
39.954 , -0.004577637
39.957 , -0.004577637
39.959 , -0.004577637
39.961 , -0.004577637
39.964 , -0.004577637