0.0 , 0.0 , 158.27 , 158.27
0.002 , 0.01000977 , 158.27 , 158.26
0.004 , 0.04000854 , 158.3 , 158.26
0.006 , -0.02000427 , 158.23 , 158.25
0.008000001 , -0.02000427 , 158.23 , 158.25
0.01 , -0.01000977 , 158.23 , 158.24
0.012 , 0.07000732 , 158.3 , 158.23
0.014 , 0.0 , 158.23 , 158.23
0.016 , 0.009994507 , 158.23 , 158.22
0.018 , 0.009994507 , 158.23 , 158.22
0.02 , 0.01998901 , 158.23 , 158.21
0.022 , 0.02999878 , 158.23 , 158.2
0.024 , 0.01000977 , 158.21 , 158.2
0.026 , 0.03999329 , 158.23 , 158.19
0.028 , 0.02000427 , 158.21 , 158.19
0.03 , 0.03001404 , 158.21 , 158.18
0.032 , 0.03001404 , 158.21 , 158.18
0.034 , -0.009994507 , 158.16 , 158.17
0.036 , 0.0 , 158.16 , 158.16
0.038 , 0.05000305 , 158.21 , 158.16
0.04 , 0.01000977 , 158.16 , 158.15
0.042 , 0.01000977 , 158.16 , 158.15
0.044 , 0.02000427 , 158.16 , 158.14
0.046 , 0.02999878 , 158.16 , 158.13
0.048 , 0.02999878 , 158.16 , 158.13
0.05 , 0.04000854 , 158.16 , 158.12
0.052 , 0.04000854 , 158.16 , 158.12
0.054 , 0.02999878 , 158.14 , 158.11
0.056 , 0.05999756 , 158.16 , 158.1
0.058 , 0.03999329 , 158.14 , 158.1
0.06 , 0.05000305 , 158.14 , 158.09
0.062 , 0.05000305 , 158.14 , 158.09
0.06400001 , 0.05999756 , 158.14 , 158.08
0.06599999 , 0.06999207 , 158.14 , 158.07
0.06800001 , 0.01998901 , 158.09 , 158.07
0.07 , 0.02999878 , 158.09 , 158.06
0.072 , 0.01000977 , 158.07 , 158.06
0.074 , 0.03999329 , 158.09 , 158.05
0.076 , 0.02000427 , 158.07 , 158.05
0.078 , 0.03001404 , 158.07 , 158.04
0.08 , 0.02000427 , 158.05 , 158.03
0.08200001 , 0.02000427 , 158.05 , 158.03
0.084 , 0.02999878 , 158.05 , 158.02
0.086 , 0.02999878 , 158.05 , 158.02
0.088 , 0.04000854 , 158.05 , 158.01
0.09 , 0.07000732 , 158.07 , 158.0
0.092 , 0.07000732 , 158.07 , 158.0
0.094 , 0.08000183 , 158.07 , 157.99
0.096 , 0.05999756 , 158.05 , 157.99
0.09799999 , 0.07000732 , 158.05 , 157.98
0.1 , 0.08000183 , 158.05 , 157.97
0.102 , 0.02999878 , 158.0 , 157.97
0.104 , 0.03999329 , 158.0 , 157.96
0.106 , 0.03999329 , 158.0 , 157.96
0.108 , 0.05000305 , 158.0 , 157.95
0.109 , 0.02999878 , 157.98 , 157.95
0.111 , 0.03999329 , 157.98 , 157.94
0.113 , 0.05999756 , 158.0 , 157.94
0.115 , 0.05000305 , 157.98 , 157.93
0.117 , 0.05999756 , 157.98 , 157.92
0.119 , 0.009994507 , 157.93 , 157.92
0.121 , 0.06999207 , 157.98 , 157.91
0.123 , 0.06999207 , 157.98 , 157.91
0.125 , 0.02999878 , 157.93 , 157.9
0.127 , 0.08999634 , 157.98 , 157.89
0.129 , 0.02000427 , 157.91 , 157.89
0.131 , 0.04998779 , 157.93 , 157.88
0.133 , 0.02999878 , 157.91 , 157.88
0.135 , 0.05999756 , 157.93 , 157.87
0.137 , 0.06999207 , 157.93 , 157.86
0.139 , 0.05000305 , 157.91 , 157.86
0.141 , 0.009994507 , 157.86 , 157.85
0.143 , 0.05999756 , 157.91 , 157.85
0.144 , 0.07000732 , 157.91 , 157.84
0.146 , 0.07000732 , 157.91 , 157.84
0.148 , 0.08000183 , 157.91 , 157.83
0.15 , 0.02999878 , 157.86 , 157.83
0.152 , 0.03999329 , 157.86 , 157.82
0.154 , 0.05000305 , 157.86 , 157.81
0.156 , 0.05000305 , 157.86 , 157.81
0.157 , 0.02999878 , 157.84 , 157.81
0.159 , 0.05999756 , 157.86 , 157.8
0.161 , 0.05000305 , 157.84 , 157.79
0.163 , 0.0 , 157.79 , 157.79
0.165 , 0.05999756 , 157.84 , 157.78
0.167 , 0.009994507 , 157.79 , 157.78
0.169 , 0.0 , 157.77 , 157.77
0.171 , 0.02999878 , 157.79 , 157.76
0.173 , 0.02999878 , 157.79 , 157.76
0.175 , 0.02000427 , 157.77 , 157.75
0.177 , 0.02000427 , 157.77 , 157.75
0.179 , 0.009994507 , 157.75 , 157.74
0.18 , 0.009994507 , 157.75 , 157.74
0.182 , 0.02000427 , 157.75 , 157.73
0.184 , 0.02000427 , 157.75 , 157.73
0.186 , 0.02999878 , 157.75 , 157.72
0.188 , 0.05999756 , 157.77 , 157.71
0.19 , 0.03999329 , 157.75 , 157.71
0.192 , 0.05000305 , 157.75 , 157.7
0.194 , 0.05000305 , 157.75 , 157.7
0.196 , 0.009994507 , 157.7 , 157.69
0.198 , 0.07000732 , 157.75 , 157.68
0.2 , 0.02000427 , 157.7 , 157.68
0.201 , 0.02000427 , 157.7 , 157.68
0.203 , 0.02999878 , 157.7 , 157.67
0.205 , 0.01998901 , 157.68 , 157.66
0.207 , 0.01998901 , 157.68 , 157.66
0.209 , 0.02999878 , 157.68 , 157.65
0.211 , 0.02999878 , 157.68 , 157.65
0.213 , 0.05999756 , 157.7 , 157.64
0.215 , 0.0 , 157.63 , 157.63
0.217 , 0.0 , 157.63 , 157.63
0.219 , 0.01000977 , 157.63 , 157.62
0.221 , 0.01000977 , 157.63 , 157.62
0.222 , -0.05000305 , 157.56 , 157.61
0.224 , 0.02000427 , 157.63 , 157.61
0.226 , 0.02999878 , 157.63 , 157.6
0.228 , -0.04000854 , 157.56 , 157.6
0.23 , -0.02999878 , 157.56 , 157.59
0.232 , -0.05999756 , 157.52 , 157.58
0.234 , 0.05000305 , 157.63 , 157.58
0.236 , -0.01000977 , 157.56 , 157.57
0.238 , 0.05999756 , 157.63 , 157.57
0.239 , -0.03999329 , 157.52 , 157.56
0.241 , -0.03999329 , 157.52 , 157.56
0.243 , -0.02999878 , 157.52 , 157.55
0.245 , -0.05000305 , 157.5 , 157.55
0.247 , 0.02000427 , 157.56 , 157.54
0.249 , -0.02999878 , 157.5 , 157.53
0.251 , -0.009994507 , 157.52 , 157.53
0.253 , -0.05000305 , 157.47 , 157.52
0.255 , -0.02000427 , 157.5 , 157.52
0.257 , -0.009994507 , 157.5 , 157.51
0.259 , -0.02999878 , 157.47 , 157.5
0.261 , -0.02999878 , 157.47 , 157.5
0.262 , -0.02999878 , 157.47 , 157.5
0.264 , -0.06001282 , 157.43 , 157.49
0.266 , -0.05000305 , 157.43 , 157.48
0.268 , -0.009994507 , 157.47 , 157.48
0.27 , 0.02999878 , 157.5 , 157.47
0.272 , -0.04000854 , 157.43 , 157.47
0.274 , -0.03001404 , 157.43 , 157.46
0.276 , -0.02000427 , 157.43 , 157.45
0.278 , 0.05000305 , 157.5 , 157.45
0.28 , 0.05999756 , 157.5 , 157.44
0.282 , 0.05999756 , 157.5 , 157.44
0.283 , 0.07000732 , 157.5 , 157.43
0.285 , 0.07000732 , 157.5 , 157.43
0.287 , 0.05000305 , 157.47 , 157.42
0.289 , 0.08000183 , 157.5 , 157.42
0.291 , 0.05999756 , 157.47 , 157.41
0.293 , 0.02999878 , 157.43 , 157.4
0.295 , 0.07000732 , 157.47 , 157.4
0.297 , 0.08000183 , 157.47 , 157.39
0.299 , 0.03999329 , 157.43 , 157.39
0.301 , 0.04998779 , 157.43 , 157.38
0.303 , 0.05999756 , 157.43 , 157.37
0.305 , 0.05999756 , 157.43 , 157.37
0.307 , 0.06999207 , 157.43 , 157.36
0.309 , 0.06999207 , 157.43 , 157.36
0.31 , 0.04998779 , 157.4 , 157.35
0.312 , 0.04998779 , 157.4 , 157.35
0.314 , 0.02000427 , 157.36 , 157.34
0.316 , 0.05999756 , 157.4 , 157.34
0.318 , 0.06999207 , 157.4 , 157.33
0.32 , 0.03999329 , 157.36 , 157.32
0.322 , 0.03999329 , 157.36 , 157.32
0.324 , 0.05000305 , 157.36 , 157.31
0.326 , 0.05000305 , 157.36 , 157.31
0.328 , 0.05999756 , 157.36 , 157.3
0.329 , 0.03999329 , 157.34 , 157.3
0.331 , 0.07000732 , 157.36 , 157.29
0.333 , 0.07000732 , 157.36 , 157.29
0.335 , 0.05999756 , 157.34 , 157.28
0.337 , 0.01998901 , 157.29 , 157.27
0.339 , 0.06999207 , 157.34 , 157.27
0.341 , 0.08000183 , 157.34 , 157.26
0.343 , 0.02999878 , 157.29 , 157.26
0.345 , 0.03999329 , 157.29 , 157.25
0.347 , 0.04998779 , 157.29 , 157.24
0.349 , 0.04998779 , 157.29 , 157.24
0.351 , 0.04000854 , 157.27 , 157.23
0.352 , 0.05999756 , 157.29 , 157.23
0.354 , 0.06999207 , 157.29 , 157.22
0.356 , 0.02000427 , 157.24 , 157.22
0.358 , 0.05999756 , 157.27 , 157.21
0.36 , 0.07998657 , 157.29 , 157.21
0.362 , 0.08999634 , 157.29 , 157.2
0.364 , 0.009994507 , 157.2 , 157.19
0.366 , 0.08000183 , 157.27 , 157.19
0.368 , 0.02000427 , 157.2 , 157.18
0.37 , 0.02000427 , 157.2 , 157.18
0.372 , 0.02999878 , 157.2 , 157.17
0.374 , 0.03999329 , 157.2 , 157.16
0.376 , 0.03999329 , 157.2 , 157.16
0.378 , 0.02999878 , 157.18 , 157.15
0.38 , 0.05000305 , 157.2 , 157.15
0.382 , -0.009994507 , 157.13 , 157.14
0.384 , -0.02000427 , 157.11 , 157.13
0.385 , 0.04998779 , 157.18 , 157.13
0.387 , 0.0 , 157.13 , 157.13
0.389 , 0.01000977 , 157.13 , 157.12
0.391 , 0.02000427 , 157.13 , 157.11
0.393 , 0.0 , 157.11 , 157.11
0.394 , 0.0 , 157.11 , 157.11
0.396 , 0.009994507 , 157.11 , 157.1
0.398 , 0.02000427 , 157.11 , 157.09
0.4 , 0.02000427 , 157.11 , 157.09
0.402 , 0.02999878 , 157.11 , 157.08
0.404 , 0.02999878 , 157.11 , 157.08
0.406 , -0.01000977 , 157.06 , 157.07
0.407 , -0.01000977 , 157.06 , 157.07
0.409 , -0.02000427 , 157.04 , 157.06
0.411 , 0.009994507 , 157.06 , 157.05
0.413 , -0.01000977 , 157.04 , 157.05
0.415 , 0.0 , 157.04 , 157.04
0.417 , 0.0 , 157.04 , 157.04
0.418 , 0.009994507 , 157.04 , 157.03
0.42 , -0.009994507 , 157.02 , 157.03
0.423 , 0.01998901 , 157.04 , 157.02
0.424 , 0.01998901 , 157.04 , 157.02
0.426 , 0.02999878 , 157.04 , 157.01
0.428 , 0.03999329 , 157.04 , 157.0
0.43 , 0.02000427 , 157.02 , 157.0
0.432 , 0.02999878 , 157.02 , 156.99
0.434 , 0.02999878 , 157.02 , 156.99
0.436 , 0.04000854 , 157.02 , 156.98
0.438 , 0.0 , 156.97 , 156.97
0.439 , 0.0 , 156.97 , 156.97
0.441 , 0.0 , 156.97 , 156.97
0.443 , 0.009994507 , 156.97 , 156.96
0.445 , 0.02000427 , 156.97 , 156.95
0.447 , 0.0 , 156.95 , 156.95
0.449 , 0.02999878 , 156.97 , 156.94
0.451 , 0.009994507 , 156.95 , 156.94
0.453 , 0.04000854 , 156.97 , 156.93
0.454 , 0.02000427 , 156.95 , 156.93
0.456 , 0.02999878 , 156.95 , 156.92
0.458 , -0.02000427 , 156.9 , 156.92
0.46 , 0.03999329 , 156.95 , 156.91
0.462 , 0.0 , 156.9 , 156.9
0.464 , 0.0 , 156.9 , 156.9
0.466 , 0.009994507 , 156.9 , 156.89
0.468 , -0.009994507 , 156.88 , 156.89
0.47 , 0.01998901 , 156.9 , 156.88
0.472 , 0.01000977 , 156.88 , 156.87
0.474 , 0.01000977 , 156.88 , 156.87
0.476 , 0.02000427 , 156.88 , 156.86
0.478 , 0.02000427 , 156.88 , 156.86
0.48 , 0.02999878 , 156.88 , 156.85
0.482 , 0.04000854 , 156.88 , 156.84
0.484 , 0.04000854 , 156.88 , 156.84
0.486 , 0.05000305 , 156.88 , 156.83
0.487 , 0.05000305 , 156.88 , 156.83
0.489 , 0.009994507 , 156.83 , 156.82
0.491 , 0.05999756 , 156.88 , 156.82
0.493 , 0.07000732 , 156.88 , 156.81
0.495 , 0.02000427 , 156.83 , 156.81
0.497 , 0.02999878 , 156.83 , 156.8
0.499 , 0.0900116 , 156.88 , 156.79
0.501 , 0.04000854 , 156.83 , 156.79
0.503 , 0.05000305 , 156.83 , 156.78
0.505 , 0.02999878 , 156.81 , 156.78
0.507 , 0.03999329 , 156.81 , 156.77
0.508 , 0.05999756 , 156.83 , 156.77
0.51 , 0.05000305 , 156.81 , 156.76
0.512 , 0.05000305 , 156.81 , 156.76
0.514 , 0.05999756 , 156.81 , 156.75
0.516 , 0.06999207 , 156.81 , 156.74
0.518 , 0.06999207 , 156.81 , 156.74
0.52 , 0.05999756 , 156.79 , 156.73
0.522 , 0.05999756 , 156.79 , 156.73
0.524 , 0.06999207 , 156.79 , 156.72
0.526 , 0.07998657 , 156.79 , 156.71
0.528 , 0.02999878 , 156.74 , 156.71
0.53 , 0.04000854 , 156.74 , 156.7
0.532 , 0.08999634 , 156.79 , 156.7
0.534 , 0.05000305 , 156.74 , 156.69
0.535 , 0.02999878 , 156.72 , 156.69
0.537 , 0.04000854 , 156.72 , 156.68
0.539 , 0.06001282 , 156.74 , 156.68
0.541 , 0.05000305 , 156.72 , 156.67
0.543 , 0.05999756 , 156.72 , 156.66
0.545 , 0.05999756 , 156.72 , 156.66
0.547 , 0.02000427 , 156.67 , 156.65
0.549 , 0.07000732 , 156.72 , 156.65
0.551 , 0.08000183 , 156.72 , 156.64
0.553 , 0.03999329 , 156.67 , 156.63
0.555 , 0.03999329 , 156.67 , 156.63
0.556 , 0.03999329 , 156.67 , 156.63
0.558 , 0.05000305 , 156.67 , 156.62
0.56 , 0.1100006 , 156.72 , 156.61
0.562 , 0.05999756 , 156.67 , 156.61
0.564 , 0.04998779 , 156.65 , 156.6
0.566 , 0.06999207 , 156.67 , 156.6
0.568 , 0.05999756 , 156.65 , 156.59
0.57 , 0.06999207 , 156.65 , 156.58
0.572 , 0.06999207 , 156.65 , 156.58
0.574 , 0.07998657 , 156.65 , 156.57
0.576 , 0.07998657 , 156.65 , 156.57
0.578 , 0.08999634 , 156.65 , 156.56
0.58 , 0.04000854 , 156.6 , 156.56
0.5809999 , 0.05000305 , 156.6 , 156.55
0.583 , 0.05000305 , 156.6 , 156.55
0.585 , 0.06001282 , 156.6 , 156.54
0.587 , 0.07000732 , 156.6 , 156.53
0.589 , 0.07000732 , 156.6 , 156.53
0.591 , 0.05999756 , 156.58 , 156.52
0.593 , 0.05999756 , 156.58 , 156.52
0.595 , 0.07000732 , 156.58 , 156.51
0.597 , 0.05999756 , 156.56 , 156.5
0.599 , 0.05999756 , 156.56 , 156.5
0.601 , 0.08999634 , 156.58 , 156.49
0.602 , 0.06999207 , 156.56 , 156.49
0.604 , 0.08000183 , 156.56 , 156.48
0.606 , 0.08000183 , 156.56 , 156.48
0.608 , 0.08999634 , 156.56 , 156.47
0.61 , 0.1100006 , 156.58 , 156.47
0.612 , 0.09999084 , 156.56 , 156.46
0.614 , 0.1100006 , 156.56 , 156.45
0.616 , 0.1100006 , 156.56 , 156.45
0.618 , 0.06999207 , 156.51 , 156.44
0.62 , 0.06999207 , 156.51 , 156.44
0.621 , 0.08000183 , 156.51 , 156.43
0.623 , 0.06001282 , 156.49 , 156.43
0.625 , 0.08999634 , 156.51 , 156.42
0.627 , 0.08999634 , 156.51 , 156.42
0.629 , 0.08000183 , 156.49 , 156.41
0.631 , 0.1100006 , 156.51 , 156.4
0.633 , 0.04000854 , 156.44 , 156.4
0.635 , 0.1000061 , 156.49 , 156.39
0.637 , 0.05000305 , 156.44 , 156.39
0.638 , 0.05999756 , 156.44 , 156.38
0.64 , 0.03999329 , 156.42 , 156.38
0.642 , 0.05000305 , 156.42 , 156.37
0.644 , 0.07000732 , 156.44 , 156.37
0.646 , 0.05999756 , 156.42 , 156.36
0.648 , 0.08999634 , 156.44 , 156.35
0.65 , 0.08999634 , 156.44 , 156.35
0.652 , 0.08000183 , 156.42 , 156.34
0.653 , 0.08000183 , 156.42 , 156.34
0.655 , 0.08999634 , 156.42 , 156.33
0.657 , 0.03999329 , 156.37 , 156.33
0.659 , 0.04998779 , 156.37 , 156.32
0.661 , 0.04998779 , 156.37 , 156.32
0.663 , 0.05999756 , 156.37 , 156.31
0.665 , 0.1199951 , 156.42 , 156.3
0.667 , 0.06999207 , 156.37 , 156.3
0.6690001 , 0.06001282 , 156.35 , 156.29
0.671 , 0.08000183 , 156.37 , 156.29
0.672 , 0.07000732 , 156.35 , 156.28
0.674 , 0.08999634 , 156.37 , 156.28
0.676 , 0.08000183 , 156.35 , 156.27
0.678 , 0.08000183 , 156.35 , 156.27
0.68 , 0.0900116 , 156.35 , 156.26
0.682 , 0.08000183 , 156.33 , 156.25
0.684 , 0.08000183 , 156.33 , 156.25
0.686 , 0.03999329 , 156.28 , 156.24
0.688 , 0.1100006 , 156.35 , 156.24
0.689 , 0.05000305 , 156.28 , 156.23
0.691 , 0.1000061 , 156.33 , 156.23
0.693 , 0.1100006 , 156.33 , 156.22
0.695 , 0.05999756 , 156.28 , 156.22
0.697 , 0.06999207 , 156.28 , 156.21
0.698 , 0.06999207 , 156.28 , 156.21
0.7 , 0.08000183 , 156.28 , 156.2
0.702 , 0.06999207 , 156.26 , 156.19
0.704 , 0.08999634 , 156.28 , 156.19
0.7059999 , 0.08000183 , 156.26 , 156.18
0.708 , 0.1500092 , 156.33 , 156.18
0.71 , 0.08999634 , 156.26 , 156.17
0.712 , 0.09999084 , 156.26 , 156.16
0.714 , 0.09999084 , 156.26 , 156.16
0.716 , 0.04000854 , 156.19 , 156.15
0.718 , 0.1100006 , 156.26 , 156.15
0.719 , 0.07000732 , 156.21 , 156.14
0.721 , 0.07000732 , 156.21 , 156.14
0.723 , 0.05999756 , 156.19 , 156.13
0.725 , 0.01998901 , 156.15 , 156.13
0.727 , 0.1399994 , 156.26 , 156.12
0.729 , 0.08000183 , 156.19 , 156.11
0.731 , 0.08000183 , 156.19 , 156.11
0.733 , 0.08999634 , 156.19 , 156.1
0.734 , 0.04998779 , 156.15 , 156.1
0.736 , 0.05999756 , 156.15 , 156.09
0.738 , 0.05999756 , 156.15 , 156.09
0.74 , 0.03999329 , 156.12 , 156.08
0.742 , 0.06999207 , 156.15 , 156.08
0.744 , 0.07998657 , 156.15 , 156.07
0.746 , 0.05999756 , 156.12 , 156.06
0.748 , 0.08999634 , 156.15 , 156.06
0.75 , 0.06999207 , 156.12 , 156.05
0.752 , 0.06999207 , 156.12 , 156.05
0.754 , 0.08000183 , 156.12 , 156.04
0.755 , 0.06001282 , 156.1 , 156.04
0.757 , 0.08999634 , 156.12 , 156.03
0.759 , 0.07000732 , 156.1 , 156.03
0.761 , 0.09999084 , 156.12 , 156.02
0.763 , 0.1100006 , 156.12 , 156.01
0.765 , 0.0900116 , 156.1 , 156.01
0.767 , 0.1000061 , 156.1 , 156.0
0.768 , 0.1000061 , 156.1 , 156.0
0.77 , 0.1100006 , 156.1 , 155.99
0.772 , 0.05999756 , 156.05 , 155.99
0.774 , 0.05000305 , 156.03 , 155.98
0.776 , 0.1200104 , 156.1 , 155.98
0.777 , 0.08000183 , 156.05 , 155.97
0.779 , 0.05999756 , 156.03 , 155.97
0.781 , 0.08999634 , 156.05 , 155.96
0.783 , 0.1000061 , 156.05 , 155.95
0.785 , 0.08000183 , 156.03 , 155.95
0.787 , 0.1100006 , 156.05 , 155.94
0.789 , 0.08999634 , 156.03 , 155.94
0.791 , 0.06001282 , 155.99 , 155.93
0.793 , 0.03001404 , 155.96 , 155.93
0.7940001 , 0.07000732 , 155.99 , 155.92
0.796 , -0.02999878 , 155.89 , 155.92
0.798 , 0.05000305 , 155.96 , 155.91
0.8 , 0.06001282 , 155.96 , 155.9
0.802 , -0.009994507 , 155.89 , 155.9
0.804 , -0.03999329 , 155.85 , 155.89
0.8059999 , 0.07000732 , 155.96 , 155.89
0.808 , 0.009994507 , 155.89 , 155.88
0.81 , 0.009994507 , 155.89 , 155.88
0.812 , -0.01998901 , 155.85 , 155.87
0.814 , 0.02999878 , 155.89 , 155.86
0.816 , -0.009994507 , 155.85 , 155.86
0.826 , 0.0 , 155.83 , 155.83
0.828 , 0.009994507 , 155.83 , 155.82
0.83 , 0.009994507 , 155.83 , 155.82
0.832 , -0.009994507 , 155.8 , 155.81
0.834 , 0.0 , 155.8 , 155.8
0.8349999 , 0.02999878 , 155.83 , 155.8
0.837 , 0.0 , 155.8 , 155.8
0.8389999 , 0.01000977 , 155.8 , 155.79
0.841 , 0.02000427 , 155.8 , 155.78
0.843 , 0.02000427 , 155.8 , 155.78
0.8450001 , -0.01000977 , 155.76 , 155.77
0.847 , 0.02999878 , 155.8 , 155.77
0.848 , 0.0 , 155.76 , 155.76
0.85 , 0.04000854 , 155.8 , 155.76
0.852 , 0.009994507 , 155.76 , 155.75
0.854 , 0.01998901 , 155.76 , 155.74
0.856 , 0.01998901 , 155.76 , 155.74
0.858 , 0.0 , 155.73 , 155.73
0.86 , 0.0 , 155.73 , 155.73
0.862 , 0.009994507 , 155.73 , 155.72
0.864 , 0.03999329 , 155.76 , 155.72
0.866 , 0.01998901 , 155.73 , 155.71
0.867 , 0.01998901 , 155.73 , 155.71
0.8690001 , -0.009994507 , 155.69 , 155.7
0.871 , 0.0 , 155.69 , 155.69
0.873 , 0.0 , 155.69 , 155.69
0.875 , 0.01000977 , 155.69 , 155.68
0.877 , 0.01000977 , 155.69 , 155.68
0.879 , 0.02000427 , 155.69 , 155.67
0.8809999 , 0.02000427 , 155.69 , 155.67
0.8820001 , 0.0 , 155.66 , 155.66
0.884 , 0.0 , 155.66 , 155.66
0.886 , 0.04000854 , 155.69 , 155.65
0.888 , 0.02000427 , 155.66 , 155.64
0.89 , 0.02000427 , 155.66 , 155.64
0.892 , 0.02999878 , 155.66 , 155.63
0.893 , 0.02999878 , 155.66 , 155.63
0.895 , 0.0 , 155.62 , 155.62
0.897 , 0.0 , 155.62 , 155.62
0.899 , 0.009994507 , 155.62 , 155.61
0.901 , 0.009994507 , 155.62 , 155.61
0.903 , 0.01998901 , 155.62 , 155.6
0.9049999 , 0.01000977 , 155.6 , 155.59
0.907 , 0.01000977 , 155.6 , 155.59
0.909 , 0.02000427 , 155.6 , 155.58
0.91 , 0.02000427 , 155.6 , 155.58
0.912 , 0.02999878 , 155.6 , 155.57
0.9139999 , 0.0 , 155.57 , 155.57
0.916 , 0.01000977 , 155.57 , 155.56
0.918 , 0.01000977 , 155.57 , 155.56
0.92 , 0.05000305 , 155.6 , 155.55
0.922 , 0.06001282 , 155.6 , 155.54
0.923 , -0.009994507 , 155.53 , 155.54
0.925 , 0.03001404 , 155.57 , 155.54
0.927 , 0.07000732 , 155.6 , 155.53
0.929 , 0.009994507 , 155.53 , 155.52
0.9309999 , 0.009994507 , 155.53 , 155.52
0.933 , 0.02000427 , 155.53 , 155.51
0.935 , 0.02000427 , 155.53 , 155.51
0.937 , 0.07000732 , 155.57 , 155.5
0.939 , 0.03999329 , 155.53 , 155.49
0.941 , -0.02999878 , 155.46 , 155.49
0.943 , 0.02000427 , 155.5 , 155.48
0.945 , 0.02000427 , 155.5 , 155.48
0.947 , 0.02999878 , 155.5 , 155.47
0.948 , 0.02999878 , 155.5 , 155.47
0.95 , 0.03999329 , 155.5 , 155.46
0.952 , 0.03999329 , 155.5 , 155.46
0.954 , 0.01000977 , 155.46 , 155.45
0.9559999 , 0.02000427 , 155.46 , 155.44
0.958 , 0.02000427 , 155.46 , 155.44
0.9599999 , 0.03001404 , 155.46 , 155.43
0.962 , 0.03001404 , 155.46 , 155.43
0.963 , 0.04000854 , 155.46 , 155.42
0.965 , 0.02000427 , 155.44 , 155.42
0.967 , 0.02999878 , 155.44 , 155.41
0.969 , 0.06001282 , 155.46 , 155.4
0.971 , 0.06001282 , 155.46 , 155.4
0.973 , 0.05000305 , 155.44 , 155.39
0.975 , 0.05000305 , 155.44 , 155.39
0.977 , 0.05999756 , 155.44 , 155.38
0.979 , 0.05999756 , 155.44 , 155.38
0.98 , 0.02000427 , 155.39 , 155.37
0.982 , 0.07000732 , 155.44 , 155.37
0.984 , 0.02999878 , 155.39 , 155.36
0.986 , 0.03999329 , 155.39 , 155.35
0.988 , 0.03999329 , 155.39 , 155.35
0.99 , 0.05000305 , 155.39 , 155.34
0.992 , 0.02999878 , 155.37 , 155.34
0.9940001 , 0.05999756 , 155.39 , 155.33
0.996 , 0.03999329 , 155.37 , 155.33
0.998 , 0.04998779 , 155.37 , 155.32
1.0 , 0.02999878 , 155.34 , 155.31
1.001 , 0.05999756 , 155.37 , 155.31
1.003 , 0.03999329 , 155.34 , 155.3
1.005 , 0.03999329 , 155.34 , 155.3
1.007 , 0.01000977 , 155.3 , 155.29
1.009 , 0.05000305 , 155.34 , 155.29
1.011 , 0.02000427 , 155.3 , 155.28
1.013 , 0.02999878 , 155.3 , 155.27
1.014 , 0.009994507 , 155.28 , 155.27
1.016 , 0.02999878 , 155.3 , 155.27
1.018 , 0.04000854 , 155.3 , 155.26
1.02 , 0.02999878 , 155.28 , 155.25
1.022 , 0.02999878 , 155.28 , 155.25
1.024 , -0.01000977 , 155.23 , 155.24
1.026 , -0.01000977 , 155.23 , 155.24
1.028 , 0.05000305 , 155.28 , 155.23
1.029 , 0.0 , 155.23 , 155.23
1.031 , 0.009994507 , 155.23 , 155.22
1.033 , -0.009994507 , 155.21 , 155.22
1.035 , 0.0 , 155.21 , 155.21
1.037 , 0.02999878 , 155.23 , 155.2
1.039 , 0.02999878 , 155.23 , 155.2
1.041 , 0.02000427 , 155.21 , 155.19
1.042 , -0.02999878 , 155.16 , 155.19
1.044 , 0.03001404 , 155.21 , 155.18
1.046 , 0.03001404 , 155.21 , 155.18
1.048 , -0.009994507 , 155.16 , 155.17
1.05 , -0.009994507 , 155.16 , 155.17
1.052 , 0.0 , 155.16 , 155.16
1.054 , 0.01000977 , 155.16 , 155.15
1.055 , 0.06001282 , 155.21 , 155.15
1.057 , 0.02000427 , 155.16 , 155.14
1.059 , 0.02000427 , 155.16 , 155.14
1.061 , 0.02999878 , 155.16 , 155.13
1.063 , -0.01000977 , 155.12 , 155.13
1.065 , 0.02000427 , 155.14 , 155.12
1.067 , 0.0 , 155.12 , 155.12
1.068 , 0.009994507 , 155.12 , 155.11
1.07 , 0.009994507 , 155.12 , 155.11
1.072 , 0.05999756 , 155.16 , 155.1
1.074 , 0.02999878 , 155.12 , 155.09
1.076 , -0.01998901 , 155.07 , 155.09
1.078 , 0.03999329 , 155.12 , 155.08
1.08 , 0.03999329 , 155.12 , 155.08
1.082 , 0.0 , 155.07 , 155.07
1.083 , 0.0 , 155.07 , 155.07
1.085 , 0.01000977 , 155.07 , 155.06
1.087 , 0.08000183 , 155.14 , 155.06
1.089 , 0.02000427 , 155.07 , 155.05
1.091 , 0.01000977 , 155.05 , 155.04
1.093 , 0.03001404 , 155.07 , 155.04
1.094 , 0.08000183 , 155.12 , 155.04
1.096 , 0.02000427 , 155.05 , 155.03
1.098 , -0.02000427 , 155.0 , 155.02
1.1 , 0.02999878 , 155.05 , 155.02
1.102 , -0.02999878 , 154.98 , 155.01
1.104 , 0.04000854 , 155.05 , 155.01
1.106 , -0.02000427 , 154.98 , 155.0
1.107 , 0.0 , 155.0 , 155.0
1.109 , 0.08000183 , 155.07 , 154.99
1.111 , 0.05999756 , 155.05 , 154.99
1.113 , 0.02000427 , 155.0 , 154.98
1.115 , 0.08000183 , 155.05 , 154.97
1.117 , 0.02999878 , 155.0 , 154.97
1.118 , 0.03999329 , 155.0 , 154.96
1.12 , 0.03999329 , 155.0 , 154.96
1.122 , 0.02999878 , 154.98 , 154.95
1.124 , 0.05000305 , 155.0 , 154.95
1.126 , 0.05999756 , 155.0 , 154.94
1.128 , 0.07000732 , 155.0 , 154.93
1.13 , 0.05000305 , 154.98 , 154.93
1.132 , 0.05999756 , 154.98 , 154.92
1.134 , 0.05999756 , 154.98 , 154.92
1.136 , 0.01998901 , 154.93 , 154.91
1.137 , 0.01998901 , 154.93 , 154.91
1.139 , 0.02999878 , 154.93 , 154.9
1.141 , 0.08000183 , 154.98 , 154.9
1.143 , 0.03999329 , 154.93 , 154.89
1.145 , 0.09999084 , 154.98 , 154.88
1.147 , 0.04998779 , 154.93 , 154.88
1.149 , 0.05999756 , 154.93 , 154.87
1.151 , 0.04000854 , 154.91 , 154.87
1.153 , 0.05000305 , 154.91 , 154.86
1.155 , 0.05999756 , 154.91 , 154.85
1.157 , 0.05999756 , 154.91 , 154.85
1.159 , 0.07000732 , 154.91 , 154.84
1.16 , 0.05000305 , 154.89 , 154.84
1.162 , 0.05999756 , 154.89 , 154.83
1.164 , 0.08000183 , 154.91 , 154.83
1.166 , 0.06999207 , 154.89 , 154.82
1.168 , 0.01998901 , 154.84 , 154.82
1.17 , 0.08000183 , 154.89 , 154.81
1.172 , 0.08999634 , 154.89 , 154.8
1.174 , 0.08999634 , 154.89 , 154.8
1.176 , 0.1000061 , 154.89 , 154.79
1.177 , 0.1000061 , 154.89 , 154.79
1.179 , 0.05999756 , 154.84 , 154.78
1.181 , 0.05999756 , 154.84 , 154.78
1.183 , 0.05000305 , 154.82 , 154.77
1.185 , 0.06999207 , 154.84 , 154.77
1.187 , 0.06001282 , 154.82 , 154.76
1.189 , 0.07000732 , 154.82 , 154.75
1.191 , 0.07000732 , 154.82 , 154.75
1.193 , 0.08000183 , 154.82 , 154.74
1.194 , 0.09999084 , 154.84 , 154.74
1.196 , 0.0900116 , 154.82 , 154.73
1.198 , 0.0900116 , 154.82 , 154.73
1.2 , 0.05000305 , 154.77 , 154.72
1.202 , 0.05000305 , 154.77 , 154.72
1.204 , 0.05999756 , 154.77 , 154.71
1.205 , 0.05999756 , 154.77 , 154.71
1.207 , 0.05000305 , 154.75 , 154.7
1.209 , 0.05000305 , 154.75 , 154.7
1.211 , 0.05999756 , 154.75 , 154.69
1.213 , 0.07000732 , 154.75 , 154.68
1.215 , 0.0900116 , 154.77 , 154.68
1.217 , 0.08000183 , 154.75 , 154.67
1.219 , 0.1000061 , 154.77 , 154.67
1.22 , 0.03999329 , 154.7 , 154.66
1.222 , 0.08999634 , 154.75 , 154.66
1.224 , 0.1000061 , 154.75 , 154.65
1.226 , 0.1000061 , 154.75 , 154.65
1.227 , 0.1100006 , 154.75 , 154.64
1.229 , 0.1100006 , 154.75 , 154.64
1.231 , 0.1199951 , 154.75 , 154.63
1.233 , 0.1300049 , 154.75 , 154.62
1.235 , 0.08000183 , 154.7 , 154.62
1.236 , 0.08000183 , 154.7 , 154.62
1.238 , 0.08999634 , 154.7 , 154.61
1.24 , 0.07998657 , 154.68 , 154.6
1.242 , 0.09999084 , 154.7 , 154.6
1.244 , 0.1100006 , 154.7 , 154.59
1.246 , 0.08999634 , 154.68 , 154.59
1.248 , 0.1199951 , 154.7 , 154.58
1.25 , 0.1099854 , 154.68 , 154.57
1.251 , 0.1099854 , 154.68 , 154.57
1.253 , 0.1099854 , 154.68 , 154.57
1.255 , 0.1199951 , 154.68 , 154.56
1.257 , 0.1100006 , 154.66 , 154.55
1.259 , 0.1100006 , 154.66 , 154.55
1.26 , 0.1200104 , 154.66 , 154.54
1.262 , 0.1200104 , 154.66 , 154.54
1.264 , 0.1300049 , 154.66 , 154.53
1.266 , 0.1300049 , 154.66 , 154.53
1.267 , 0.08999634 , 154.61 , 154.52
1.269 , 0.08999634 , 154.61 , 154.52
1.271 , 0.1000061 , 154.61 , 154.51
1.273 , 0.1500092 , 154.66 , 154.51
1.275 , 0.1600037 , 154.66 , 154.5
1.276 , 0.08999634 , 154.59 , 154.5
1.278 , 0.09999084 , 154.59 , 154.49
1.28 , 0.1199951 , 154.61 , 154.49
1.282 , 0.1100006 , 154.59 , 154.48
1.284 , 0.1199951 , 154.59 , 154.47
1.286 , 0.1199951 , 154.59 , 154.47
1.287 , 0.1299896 , 154.59 , 154.46
1.289 , 0.1299896 , 154.59 , 154.46
1.291 , 0.1399994 , 154.59 , 154.45
1.293 , 0.08999634 , 154.54 , 154.45
1.295 , 0.1499939 , 154.59 , 154.44
1.297 , 0.09999084 , 154.54 , 154.44
1.299 , 0.1100006 , 154.54 , 154.43
1.3 , 0.1100006 , 154.54 , 154.43
1.302 , 0.1699982 , 154.59 , 154.42
1.304 , 0.1100006 , 154.52 , 154.41
1.306 , 0.1299896 , 154.54 , 154.41
1.307 , 0.1100006 , 154.52 , 154.41
1.309 , 0.1200104 , 154.52 , 154.4
1.311 , 0.1499939 , 154.54 , 154.39
1.313 , 0.1499939 , 154.54 , 154.39
1.315 , 0.08999634 , 154.47 , 154.38
1.316 , 0.06999207 , 154.45 , 154.38
1.318 , 0.1000061 , 154.47 , 154.37
1.32 , 0.08000183 , 154.45 , 154.37
1.322 , 0.1100006 , 154.47 , 154.36
1.324 , 0.08999634 , 154.45 , 154.36
1.325 , 0.07998657 , 154.43 , 154.35
1.327 , 0.07998657 , 154.43 , 154.35
1.329 , 0.08999634 , 154.43 , 154.34
1.331 , 0.1199951 , 154.45 , 154.33
1.333 , 0.09999084 , 154.43 , 154.33
1.335 , 0.1299896 , 154.45 , 154.32
1.337 , 0.05999756 , 154.38 , 154.32
1.339 , 0.07000732 , 154.38 , 154.31
1.34 , 0.1199951 , 154.43 , 154.31
1.342 , 0.08000183 , 154.38 , 154.3
1.344 , 0.08000183 , 154.38 , 154.3
1.346 , 0.0900116 , 154.38 , 154.29
1.348 , 0.08000183 , 154.36 , 154.28
1.35 , 0.1000061 , 154.38 , 154.28
1.351 , 0.1000061 , 154.38 , 154.28
1.353 , 0.1100006 , 154.38 , 154.27
1.355 , 0.1200104 , 154.38 , 154.26
1.357 , 0.1000061 , 154.36 , 154.26
1.358 , 0.1100006 , 154.36 , 154.25
1.36 , 0.05999756 , 154.31 , 154.25
1.362 , 0.1199951 , 154.36 , 154.24
1.364 , 0.06999207 , 154.31 , 154.24
1.366 , 0.1300049 , 154.36 , 154.23
1.367 , 0.1300049 , 154.36 , 154.23
1.369 , 0.08999634 , 154.31 , 154.22
1.371 , 0.06999207 , 154.29 , 154.22
1.373 , 0.07998657 , 154.29 , 154.21
1.375 , 0.08999634 , 154.29 , 154.2
1.377 , 0.08999634 , 154.29 , 154.2
1.379 , 0.1199951 , 154.31 , 154.19
1.381 , 0.05999756 , 154.25 , 154.19
1.382 , 0.07000732 , 154.25 , 154.18
1.384 , 0.1100006 , 154.29 , 154.18
1.386 , 0.08000183 , 154.25 , 154.17
1.388 , 0.08000183 , 154.25 , 154.17
1.39 , 0.1299896 , 154.29 , 154.16
1.392 , 0.1000061 , 154.25 , 154.15
1.393 , 0.1000061 , 154.25 , 154.15
1.395 , 0.1000061 , 154.25 , 154.15
1.397 , 0.1100006 , 154.25 , 154.14
1.399 , 0.08999634 , 154.22 , 154.13
1.4 , 0.1199951 , 154.25 , 154.13
1.402 , 0.1000061 , 154.22 , 154.12
1.404 , 0.05999756 , 154.18 , 154.12
1.406 , 0.1100006 , 154.22 , 154.11
1.408 , 0.1100006 , 154.22 , 154.11
1.409 , 0.1199951 , 154.22 , 154.1
1.411 , 0.07998657 , 154.18 , 154.1
1.413 , 0.1300049 , 154.22 , 154.09
1.415 , 0.08999634 , 154.18 , 154.09
1.417 , 0.09999084 , 154.18 , 154.08
1.418 , 0.09999084 , 154.18 , 154.08
1.42 , 0.1499939 , 154.22 , 154.07
1.422 , 0.1099854 , 154.18 , 154.07
1.424 , 0.1900024 , 154.25 , 154.06
1.426 , 0.1299896 , 154.18 , 154.05
1.427 , 0.1299896 , 154.18 , 154.05
1.429 , 0.1100006 , 154.15 , 154.04
1.431 , 0.1399994 , 154.18 , 154.04
1.433 , 0.1499939 , 154.18 , 154.03
1.435 , 0.1199951 , 154.15 , 154.03
1.437 , 0.1299896 , 154.15 , 154.02
1.438 , 0.1100006 , 154.13 , 154.02
1.44 , 0.1399994 , 154.15 , 154.01
1.442 , 0.1200104 , 154.13 , 154.01
1.444 , 0.1300049 , 154.13 , 154.0
1.445 , 0.1499939 , 154.15 , 154.0
1.447 , 0.1599884 , 154.15 , 153.99
1.449 , 0.09999084 , 154.09 , 153.99
1.451 , 0.1500092 , 154.13 , 153.98
1.453 , 0.1600037 , 154.13 , 153.97
1.454 , 0.1600037 , 154.13 , 153.97
1.456 , 0.1299896 , 154.09 , 153.96
1.458 , 0.1699982 , 154.13 , 153.96
1.46 , 0.1399994 , 154.09 , 153.95
1.462 , 0.1800079 , 154.13 , 153.95
1.464 , 0.1199951 , 154.06 , 153.94
1.465 , 0.1499939 , 154.09 , 153.94
1.467 , 0.1300049 , 154.06 , 153.93
1.469 , 0.0900116 , 154.02 , 153.93
1.471 , 0.1399994 , 154.06 , 153.92
1.473 , 0.1100006 , 154.02 , 153.91
1.474 , 0.1799927 , 154.09 , 153.91
1.476 , 0.1499939 , 154.06 , 153.91
1.478 , 0.1200104 , 154.02 , 153.9
1.48 , 0.1000061 , 153.99 , 153.89
1.481 , 0.1300049 , 154.02 , 153.89
1.483 , 0.1300049 , 154.02 , 153.89
1.485 , 0.1100006 , 153.99 , 153.88
1.487 , 0.1500092 , 154.02 , 153.87
1.489 , 0.08000183 , 153.95 , 153.87
1.49 , 0.08999634 , 153.95 , 153.86
1.492 , 0.1300049 , 153.99 , 153.86
1.494 , 0.1399994 , 153.99 , 153.85
1.496 , 0.1399994 , 153.99 , 153.85
1.498 , 0.1500092 , 153.99 , 153.84
1.499 , 0.08999634 , 153.93 , 153.84
1.501 , 0.06999207 , 153.9 , 153.83
1.503 , 0.1199951 , 153.95 , 153.83
1.505 , 0.1299896 , 153.95 , 153.82
1.507 , 0.1399994 , 153.95 , 153.81
1.509 , 0.1399994 , 153.95 , 153.81
1.511 , 0.1299896 , 153.93 , 153.8
1.512 , 0.1499939 , 153.95 , 153.8
1.514 , 0.1100006 , 153.9 , 153.79
1.516 , 0.1399994 , 153.93 , 153.79
1.518 , 0.1199951 , 153.9 , 153.78
1.52 , 0.1499939 , 153.93 , 153.78
1.522 , 0.1799927 , 153.95 , 153.77
1.523 , 0.1599884 , 153.93 , 153.77
1.525 , 0.1000061 , 153.86 , 153.76
1.527 , 0.1399994 , 153.9 , 153.76
1.529 , 0.1100006 , 153.86 , 153.75
1.53 , 0.1499939 , 153.9 , 153.75
1.532 , 0.1199951 , 153.86 , 153.74
1.534 , 0.1000061 , 153.83 , 153.73
1.536 , 0.1699982 , 153.9 , 153.73
1.538 , 0.1399994 , 153.86 , 153.72
1.539 , 0.1399994 , 153.86 , 153.72
1.541 , 0.1499939 , 153.86 , 153.71
1.543 , 0.1499939 , 153.86 , 153.71
1.545 , 0.1600037 , 153.86 , 153.7
1.547 , 0.1300049 , 153.83 , 153.7
1.548 , 0.1399994 , 153.83 , 153.69
1.55 , 0.1699982 , 153.86 , 153.69
1.552 , 0.1500092 , 153.83 , 153.68
1.554 , 0.1500092 , 153.83 , 153.68
1.556 , 0.1600037 , 153.83 , 153.67
1.557 , 0.1199951 , 153.79 , 153.67
1.559 , 0.1699982 , 153.83 , 153.66
1.561 , 0.1399994 , 153.79 , 153.65
1.563 , 0.1399994 , 153.79 , 153.65
1.565 , 0.1499939 , 153.79 , 153.64
1.567 , 0.1499939 , 153.79 , 153.64
1.568 , 0.1599884 , 153.79 , 153.63
1.57 , 0.1399994 , 153.77 , 153.63
1.572 , 0.1500092 , 153.77 , 153.62
1.574 , 0.1500092 , 153.77 , 153.62
1.575 , 0.1100006 , 153.72 , 153.61
1.577 , 0.1600037 , 153.77 , 153.61
1.579 , 0.1699982 , 153.77 , 153.6
1.581 , 0.09999084 , 153.7 , 153.6
1.583 , 0.1300049 , 153.72 , 153.59
1.584 , 0.1800079 , 153.77 , 153.59
1.586 , 0.1399994 , 153.72 , 153.58
1.588 , 0.1499939 , 153.72 , 153.57
1.59 , 0.1499939 , 153.72 , 153.57
1.592 , 0.1600037 , 153.72 , 153.56
1.593 , 0.1399994 , 153.7 , 153.56
1.595 , 0.1499939 , 153.7 , 153.55
1.597 , 0.1499939 , 153.7 , 153.55
1.599 , 0.1600037 , 153.7 , 153.54
1.601 , 0.1300049 , 153.67 , 153.54
1.602 , 0.1699982 , 153.7 , 153.53
1.604 , 0.1399994 , 153.67 , 153.53
1.606 , 0.1499939 , 153.67 , 153.52
1.608 , 0.1499939 , 153.67 , 153.52
1.61 , 0.1900024 , 153.7 , 153.51
1.612 , 0.2200012 , 153.72 , 153.5
1.613 , 0.1699982 , 153.67 , 153.5
1.615 , 0.1399994 , 153.63 , 153.49
1.617 , 0.1799927 , 153.67 , 153.49
1.619 , 0.1200104 , 153.6 , 153.48
1.62 , 0.1900024 , 153.67 , 153.48
1.622 , 0.1300049 , 153.6 , 153.47
1.624 , 0.1600037 , 153.63 , 153.47
1.626 , 0.1699982 , 153.63 , 153.46
1.627 , 0.09999084 , 153.56 , 153.46
1.629 , 0.08999634 , 153.54 , 153.45
1.631 , 0.08999634 , 153.54 , 153.45
1.633 , 0.05000305 , 153.49 , 153.44
1.635 , 0.09999084 , 153.54 , 153.44
1.637 , 0.06001282 , 153.49 , 153.43
1.639 , 0.07000732 , 153.49 , 153.42
1.641 , 0.07000732 , 153.49 , 153.42
1.643 , 0.08000183 , 153.49 , 153.41
1.645 , 0.08000183 , 153.49 , 153.41
1.646 , 0.1399994 , 153.54 , 153.4
1.648 , 0.0900116 , 153.49 , 153.4
1.65 , 0.1000061 , 153.49 , 153.39
1.652 , 0.08000183 , 153.47 , 153.39
1.654 , 0.08999634 , 153.47 , 153.38
1.656 , 0.07000732 , 153.44 , 153.37
1.657 , 0.1000061 , 153.47 , 153.37
1.659 , 0.08000183 , 153.44 , 153.36
1.661 , 0.1100006 , 153.47 , 153.36
1.671 , 0.1100006 , 153.44 , 153.33
1.672 , 0.06999207 , 153.4 , 153.33
1.674 , 0.07998657 , 153.4 , 153.32
1.676 , 0.08999634 , 153.4 , 153.31
1.678 , 0.07000732 , 153.38 , 153.31
1.68 , 0.09999084 , 153.4 , 153.3
1.682 , 0.08000183 , 153.38 , 153.3
1.684 , 0.0900116 , 153.38 , 153.29
1.685 , 0.1100006 , 153.4 , 153.29
1.687 , 0.1000061 , 153.38 , 153.28
1.689 , 0.1000061 , 153.38 , 153.28
1.691 , 0.1100006 , 153.38 , 153.27
1.692 , 0.05999756 , 153.33 , 153.27
1.694 , 0.07000732 , 153.33 , 153.26
1.696 , 0.07000732 , 153.33 , 153.26
1.698 , 0.08000183 , 153.33 , 153.25
1.7 , 0.1399994 , 153.38 , 153.24
1.702 , 0.08999634 , 153.33 , 153.24
1.703 , 0.1000061 , 153.33 , 153.23
1.705 , 0.1000061 , 153.33 , 153.23
1.707 , 0.08999634 , 153.31 , 153.22
1.709 , 0.1100006 , 153.33 , 153.22
1.71 , 0.09999084 , 153.31 , 153.21
1.712 , 0.1199951 , 153.33 , 153.21
1.714 , 0.1100006 , 153.31 , 153.2
1.716 , 0.1300049 , 153.33 , 153.2
1.718 , 0.1199951 , 153.31 , 153.19
1.719 , 0.1199951 , 153.31 , 153.19
1.721 , 0.04000854 , 153.22 , 153.18
1.723 , 0.1300049 , 153.31 , 153.18
1.725 , 0.07000732 , 153.24 , 153.17
1.727 , 0.05999756 , 153.22 , 153.16
1.729 , 0.08000183 , 153.24 , 153.16
1.73 , 0.0900116 , 153.24 , 153.15
1.732 , 0.1600037 , 153.31 , 153.15
1.734 , 0.1000061 , 153.24 , 153.14
1.736 , 0.1000061 , 153.24 , 153.14
1.738 , 0.1100006 , 153.24 , 153.13
1.739 , 0.1799927 , 153.31 , 153.13
1.741 , 0.1200104 , 153.24 , 153.12
1.743 , 0.1200104 , 153.24 , 153.12
1.745 , 0.1300049 , 153.24 , 153.11
1.746 , 0.1100006 , 153.22 , 153.11
1.748 , 0.1199951 , 153.22 , 153.1
1.75 , 0.1199951 , 153.22 , 153.1
1.751 , 0.1300049 , 153.22 , 153.09
1.753 , 0.1300049 , 153.22 , 153.09
1.755 , 0.1399994 , 153.22 , 153.08
1.757 , 0.1399994 , 153.22 , 153.08
1.758 , 0.09999084 , 153.17 , 153.07
1.76 , 0.09999084 , 153.17 , 153.07
1.762 , 0.08999634 , 153.15 , 153.06
1.764 , 0.1199951 , 153.17 , 153.05
1.766 , 0.1199951 , 153.17 , 153.05
1.768 , 0.1100006 , 153.15 , 153.04
1.77 , 0.1100006 , 153.15 , 153.04
1.771 , 0.1199951 , 153.15 , 153.03
1.773 , 0.1399994 , 153.17 , 153.03
1.775 , 0.1299896 , 153.15 , 153.02
1.777 , 0.1299896 , 153.15 , 153.02
1.779 , 0.0900116 , 153.1 , 153.01
1.78 , 0.0900116 , 153.1 , 153.01
1.782 , 0.1000061 , 153.1 , 153.0
1.784 , 0.1000061 , 153.1 , 153.0
1.786 , 0.1100006 , 153.1 , 152.99
1.787 , 0.1100006 , 153.1 , 152.99
1.789 , 0.1200104 , 153.1 , 152.98
1.791 , 0.1100006 , 153.08 , 152.97
1.793 , 0.1100006 , 153.08 , 152.97
1.794 , 0.1300049 , 153.1 , 152.97
1.796 , 0.1399994 , 153.1 , 152.96
1.798 , 0.1300049 , 153.08 , 152.95
1.8 , 0.1300049 , 153.08 , 152.95
1.801 , 0.1600037 , 153.1 , 152.94
1.803 , 0.08999634 , 153.03 , 152.94
1.805 , 0.1000061 , 153.03 , 152.93
1.807 , 0.1500092 , 153.08 , 152.93
1.809 , 0.1100006 , 153.03 , 152.92
1.81 , 0.1600037 , 153.08 , 152.92
1.812 , 0.09999084 , 153.01 , 152.91
1.814 , 0.1199951 , 153.03 , 152.91
1.816 , 0.1100006 , 153.01 , 152.9
1.818 , 0.1399994 , 153.03 , 152.89
1.82 , 0.1199951 , 153.01 , 152.89
1.821 , 0.1199951 , 153.01 , 152.89
1.823 , 0.1299896 , 153.01 , 152.88
1.825 , 0.1200104 , 152.99 , 152.87
1.827 , 0.1200104 , 152.99 , 152.87
1.828 , 0.1200104 , 152.99 , 152.87
1.83 , 0.1300049 , 152.99 , 152.86
1.832 , 0.1399994 , 152.99 , 152.85
1.834 , 0.08999634 , 152.94 , 152.85
1.836 , 0.1500092 , 152.99 , 152.84
1.837 , 0.1000061 , 152.94 , 152.84
1.839 , 0.1600037 , 152.99 , 152.83
1.841 , 0.08999634 , 152.92 , 152.83
1.843 , 0.1699982 , 152.99 , 152.82
1.845 , 0.1300049 , 152.94 , 152.81
1.846 , 0.1100006 , 152.92 , 152.81
1.848 , 0.1300049 , 152.94 , 152.81
1.85 , 0.06999207 , 152.87 , 152.8
1.852 , 0.1300049 , 152.92 , 152.79
1.854 , 0.08000183 , 152.87 , 152.79
1.856 , 0.08999634 , 152.87 , 152.78
1.858 , 0.08999634 , 152.87 , 152.78
1.86 , 0.08000183 , 152.85 , 152.77
1.861 , 0.09999084 , 152.87 , 152.77
1.863 , 0.1600037 , 152.92 , 152.76
1.865 , 0.0900116 , 152.85 , 152.76
1.867 , 0.1000061 , 152.85 , 152.75
1.869 , 0.1100006 , 152.85 , 152.74
1.871 , 0.1100006 , 152.85 , 152.74
1.872 , 0.1200104 , 152.85 , 152.73
1.874 , 0.1200104 , 152.85 , 152.73
1.876 , 0.1300049 , 152.85 , 152.72
1.878 , 0.1300049 , 152.85 , 152.72
1.879 , 0.08999634 , 152.8 , 152.71
1.881 , 0.1399994 , 152.85 , 152.71
1.883 , 0.08000183 , 152.78 , 152.7
1.885 , 0.1000061 , 152.8 , 152.7
1.887 , 0.1100006 , 152.8 , 152.69
1.888 , 0.1100006 , 152.8 , 152.69
1.89 , 0.1000061 , 152.78 , 152.68
1.892 , 0.1200104 , 152.8 , 152.68
1.894 , 0.1300049 , 152.8 , 152.67
1.895 , 0.1100006 , 152.78 , 152.67
1.897 , 0.1199951 , 152.78 , 152.66
1.899 , 0.1199951 , 152.78 , 152.66
1.901 , 0.1300049 , 152.78 , 152.65
1.903 , 0.1399994 , 152.78 , 152.64
1.904 , 0.07000732 , 152.71 , 152.64
1.906 , 0.1299896 , 152.76 , 152.63
1.908 , 0.1299896 , 152.76 , 152.63
1.91 , 0.1399994 , 152.76 , 152.62
1.912 , 0.0900116 , 152.71 , 152.62
1.914 , 0.1499939 , 152.76 , 152.61
1.915 , 0.1499939 , 152.76 , 152.61
1.917 , 0.1599884 , 152.76 , 152.6
1.919 , 0.1100006 , 152.71 , 152.6
1.921 , 0.1699982 , 152.76 , 152.59
1.923 , 0.1300049 , 152.71 , 152.58
1.924 , 0.1300049 , 152.71 , 152.58
1.926 , 0.1100006 , 152.69 , 152.58
1.928 , 0.1399994 , 152.71 , 152.57
1.93 , 0.1500092 , 152.71 , 152.56
1.931 , 0.1500092 , 152.71 , 152.56
1.933 , 0.1399994 , 152.69 , 152.55
1.935 , 0.1399994 , 152.69 , 152.55
1.937 , 0.1000061 , 152.64 , 152.54
1.939 , 0.1000061 , 152.64 , 152.54
1.94 , 0.08999634 , 152.62 , 152.53
1.942 , 0.08999634 , 152.62 , 152.53
1.944 , 0.09999084 , 152.62 , 152.52
1.946 , 0.09999084 , 152.62 , 152.52
1.948 , 0.06001282 , 152.57 , 152.51
1.95 , 0.07000732 , 152.57 , 152.5
1.952 , 0.07000732 , 152.57 , 152.5
1.953 , 0.07000732 , 152.57 , 152.5
1.955 , 0.08000183 , 152.57 , 152.49
1.957 , 0.0900116 , 152.57 , 152.48
1.959 , 0.0900116 , 152.57 , 152.48
1.961 , 0.08000183 , 152.55 , 152.47
1.963 , 0.1000061 , 152.57 , 152.47
1.964 , 0.08999634 , 152.55 , 152.46
1.966 , 0.08999634 , 152.55 , 152.46
1.968 , 0.08000183 , 152.53 , 152.45
1.97 , 0.08000183 , 152.53 , 152.45
1.972 , 0.08999634 , 152.53 , 152.44
1.974 , 0.1200104 , 152.55 , 152.43
1.976 , 0.1200104 , 152.55 , 152.43
1.978 , 0.1100006 , 152.53 , 152.42
1.979 , 0.1100006 , 152.53 , 152.42
1.981 , 0.1199951 , 152.53 , 152.41
1.983 , 0.1199951 , 152.53 , 152.41
1.985 , 0.1300049 , 152.53 , 152.4
1.987 , 0.1399994 , 152.53 , 152.39
1.988 , 0.08999634 , 152.48 , 152.39
1.99 , 0.08999634 , 152.48 , 152.39
1.992 , 0.09999084 , 152.48 , 152.38
1.994 , 0.0900116 , 152.46 , 152.37
1.996 , 0.1100006 , 152.48 , 152.37
1.998 , 0.1199951 , 152.48 , 152.36
2.0 , 0.1000061 , 152.46 , 152.36
2.001 , 0.1100006 , 152.46 , 152.35
2.003 , 0.1299896 , 152.48 , 152.35
2.005 , 0.1200104 , 152.46 , 152.34
2.007 , 0.07000732 , 152.41 , 152.34
2.009 , 0.08000183 , 152.41 , 152.33
2.01 , 0.08000183 , 152.41 , 152.33
2.012 , 0.08999634 , 152.41 , 152.32
2.014 , 0.08999634 , 152.41 , 152.32
2.016 , 0.08000183 , 152.39 , 152.31
2.018 , 0.1100006 , 152.41 , 152.3
2.019 , 0.08999634 , 152.39 , 152.3
2.021 , 0.1200104 , 152.41 , 152.29
2.023 , 0.1000061 , 152.39 , 152.29
2.025 , 0.1300049 , 152.41 , 152.28
2.027 , 0.07000732 , 152.35 , 152.28
2.028 , 0.1199951 , 152.39 , 152.27
2.03 , 0.1199951 , 152.39 , 152.27
2.032 , 0.0900116 , 152.35 , 152.26
2.034 , 0.1300049 , 152.39 , 152.26
2.036 , 0.1000061 , 152.35 , 152.25
2.037 , 0.1000061 , 152.35 , 152.25
2.039 , 0.1499939 , 152.39 , 152.24
2.041 , 0.1100006 , 152.35 , 152.24
2.042 , 0.1200104 , 152.35 , 152.23
2.044 , 0.1200104 , 152.35 , 152.23
2.046 , 0.1300049 , 152.35 , 152.22
2.048 , 0.1100006 , 152.32 , 152.21
2.049 , 0.1399994 , 152.35 , 152.21
2.051 , 0.1100006 , 152.32 , 152.21
2.053 , 0.1200104 , 152.32 , 152.2
2.054 , 0.1200104 , 152.32 , 152.2
2.056 , 0.1300049 , 152.32 , 152.19
2.058 , 0.1300049 , 152.32 , 152.19
2.06 , 0.1400146 , 152.32 , 152.18
2.061 , 0.1000061 , 152.28 , 152.18
2.063 , 0.1500092 , 152.32 , 152.17
2.065 , 0.1199951 , 152.28 , 152.16
2.067 , 0.1600037 , 152.32 , 152.16
2.068 , 0.08999634 , 152.25 , 152.16
2.07 , 0.1300049 , 152.28 , 152.15
2.072 , 0.1100006 , 152.25 , 152.14
2.074 , 0.1100006 , 152.25 , 152.14
2.076 , 0.1199951 , 152.25 , 152.13
2.077 , 0.1499939 , 152.28 , 152.13
2.079 , 0.1300049 , 152.25 , 152.12
2.081 , 0.1100006 , 152.23 , 152.12
2.083 , 0.1199951 , 152.23 , 152.11
2.084 , 0.1199951 , 152.23 , 152.11
2.086 , 0.1299896 , 152.23 , 152.1
2.088 , 0.1299896 , 152.23 , 152.1
2.09 , 0.1000061 , 152.19 , 152.09
2.092 , 0.1499939 , 152.23 , 152.08
2.093 , 0.1499939 , 152.23 , 152.08
2.095 , 0.1100006 , 152.19 , 152.08
2.097 , 0.08999634 , 152.16 , 152.07
2.099 , 0.1300049 , 152.19 , 152.06
2.101 , 0.1000061 , 152.16 , 152.06
2.102 , 0.1100006 , 152.16 , 152.05
2.104 , 0.06999207 , 152.12 , 152.05
2.106 , 0.1200104 , 152.16 , 152.04
2.107 , 0.1200104 , 152.16 , 152.04
2.109 , 0.1600037 , 152.19 , 152.03
2.111 , 0.1300049 , 152.16 , 152.03
2.113 , 0.1399994 , 152.16 , 152.02
2.114 , 0.09999084 , 152.12 , 152.02
2.116 , 0.1500092 , 152.16 , 152.01
2.118 , 0.1500092 , 152.16 , 152.01
2.12 , 0.1199951 , 152.12 , 152.0
2.122 , 0.1199951 , 152.12 , 152.0
2.123 , 0.1299896 , 152.12 , 151.99
2.125 , 0.09999084 , 152.09 , 151.99
2.127 , 0.07000732 , 152.05 , 151.98
2.129 , 0.1100006 , 152.09 , 151.98
2.131 , 0.1499939 , 152.12 , 151.97
2.133 , 0.1299896 , 152.09 , 151.96
2.134 , 0.1299896 , 152.09 , 151.96
2.136 , 0.1699982 , 152.12 , 151.95
2.138 , 0.1000061 , 152.05 , 151.95
2.14 , 0.1100006 , 152.05 , 151.94
2.141 , 0.1499939 , 152.09 , 151.94
2.143 , 0.1600037 , 152.09 , 151.93
2.145 , 0.1900024 , 152.12 , 151.93
2.147 , 0.2400055 , 152.16 , 151.92
2.149 , 0.1999969 , 152.12 , 151.92
2.15 , 0.1799927 , 152.09 , 151.91
2.152 , 0.1799927 , 152.09 , 151.91
2.154 , 0.1900024 , 152.09 , 151.9
2.156 , 0.2200012 , 152.12 , 151.9
2.158 , 0.1999969 , 152.09 , 151.89
2.159 , 0.1999969 , 152.09 , 151.89
2.161 , 0.2099915 , 152.09 , 151.88
2.163 , 0.1800079 , 152.05 , 151.87
2.165 , 0.1800079 , 152.05 , 151.87
2.167 , 0.2299957 , 152.09 , 151.86
2.168 , 0.1900024 , 152.05 , 151.86
2.17 , 0.1799927 , 152.03 , 151.85
2.172 , 0.1799927 , 152.03 , 151.85
2.174 , 0.2100067 , 152.05 , 151.84
2.176 , 0.1900024 , 152.03 , 151.84
2.177 , 0.1999969 , 152.03 , 151.83
2.179 , 0.1699982 , 152.0 , 151.83
2.181 , 0.2099915 , 152.03 , 151.82
2.183 , 0.2099915 , 152.03 , 151.82
2.184 , 0.1900024 , 152.0 , 151.81
2.186 , 0.2200012 , 152.03 , 151.81
2.188 , 0.2299957 , 152.03 , 151.8
2.19 , 0.1700134 , 151.96 , 151.79
2.192 , 0.1700134 , 151.96 , 151.79
2.193 , 0.2100067 , 152.0 , 151.79
2.195 , 0.2200012 , 152.0 , 151.78
2.197 , 0.1900024 , 151.96 , 151.77
2.199 , 0.2299957 , 152.0 , 151.77
2.2 , 0.1900024 , 151.96 , 151.77
2.202 , 0.1699982 , 151.93 , 151.76
2.204 , 0.25 , 152.0 , 151.75
2.206 , 0.1799927 , 151.93 , 151.75
2.207 , 0.1899872 , 151.93 , 151.74
2.209 , 0.1899872 , 151.93 , 151.74
2.211 , 0.1999969 , 151.93 , 151.73
2.213 , 0.1999969 , 151.93 , 151.73
2.215 , 0.2099915 , 151.93 , 151.72
2.216 , 0.1699982 , 151.89 , 151.72
2.218 , 0.1799927 , 151.89 , 151.71
2.22 , 0.1799927 , 151.89 , 151.71
2.222 , 0.1900024 , 151.89 , 151.7
2.224 , 0.1799927 , 151.87 , 151.69
2.226 , 0.1999969 , 151.89 , 151.69
2.227 , 0.1999969 , 151.89 , 151.69
2.229 , 0.1900024 , 151.87 , 151.68
2.231 , 0.1999969 , 151.87 , 151.67
2.233 , 0.1999969 , 151.87 , 151.67
2.235 , 0.2299957 , 151.89 , 151.66
2.237 , 0.1600037 , 151.82 , 151.66
2.238 , 0.1700134 , 151.82 , 151.65
2.24 , 0.1700134 , 151.82 , 151.65
2.242 , 0.1800079 , 151.82 , 151.64
2.244 , 0.1800079 , 151.82 , 151.64
2.245 , 0.1900024 , 151.82 , 151.63
2.247 , 0.1699982 , 151.8 , 151.63
2.249 , 0.1800079 , 151.8 , 151.62
2.251 , 0.1900024 , 151.8 , 151.61
2.252 , 0.1600037 , 151.77 , 151.61
2.254 , 0.1600037 , 151.77 , 151.61
2.256 , 0.1699982 , 151.77 , 151.6
2.258 , 0.1800079 , 151.77 , 151.59
2.259 , 0.1800079 , 151.77 , 151.59
2.261 , 0.1900024 , 151.77 , 151.58
2.263 , 0.1499939 , 151.73 , 151.58
2.265 , 0.1599884 , 151.73 , 151.57
2.266 , 0.1599884 , 151.73 , 151.57
2.268 , 0.1699982 , 151.73 , 151.56
2.27 , 0.1699982 , 151.73 , 151.56
2.272 , 0.1600037 , 151.71 , 151.55
2.274 , 0.1799927 , 151.73 , 151.55
2.276 , 0.1700134 , 151.71 , 151.54
2.277 , 0.1700134 , 151.71 , 151.54
2.279 , 0.1800079 , 151.71 , 151.53
2.281 , 0.1800079 , 151.71 , 151.53
2.283 , 0.1900024 , 151.71 , 151.52
2.284 , 0.1900024 , 151.71 , 151.52
2.286 , 0.2000122 , 151.71 , 151.51
2.288 , 0.1600037 , 151.66 , 151.5
2.29 , 0.1600037 , 151.66 , 151.5
2.291 , 0.1600037 , 151.66 , 151.5
2.293 , 0.1699982 , 151.66 , 151.49
2.295 , 0.1600037 , 151.64 , 151.48
2.297 , 0.1600037 , 151.64 , 151.48
2.298 , 0.1600037 , 151.64 , 151.48
2.3 , 0.1699982 , 151.64 , 151.47
2.302 , 0.1799927 , 151.64 , 151.46
2.304 , 0.1799927 , 151.64 , 151.46
2.306 , 0.1900024 , 151.64 , 151.45
2.307 , 0.1399994 , 151.59 , 151.45
2.309 , 0.1499939 , 151.59 , 151.44
2.311 , 0.1499939 , 151.59 , 151.44
2.313 , 0.1600037 , 151.59 , 151.43
2.315 , 0.1600037 , 151.59 , 151.43
2.317 , 0.1500092 , 151.57 , 151.42
2.318 , 0.1699982 , 151.59 , 151.42
2.32 , 0.1600037 , 151.57 , 151.41
2.322 , 0.1700134 , 151.57 , 151.4
2.324 , 0.1399994 , 151.54 , 151.4
2.326 , 0.1800079 , 151.57 , 151.39
2.327 , 0.1800079 , 151.57 , 151.39
2.329 , 0.1900024 , 151.57 , 151.38
2.331 , 0.1900024 , 151.57 , 151.38
2.333 , 0.2000122 , 151.57 , 151.37
2.334 , 0.1699982 , 151.54 , 151.37
2.336 , 0.1799927 , 151.54 , 151.36
2.338 , 0.1799927 , 151.54 , 151.36
2.34 , 0.1899872 , 151.54 , 151.35
2.342 , 0.1499939 , 151.5 , 151.35
2.343 , 0.1999969 , 151.54 , 151.34
2.345 , 0.1999969 , 151.54 , 151.34
2.347 , 0.1699982 , 151.5 , 151.33
2.349 , 0.1799927 , 151.5 , 151.32
2.351 , 0.1799927 , 151.5 , 151.32
2.352 , 0.219986 , 151.54 , 151.32
2.354 , 0.1900024 , 151.5 , 151.31
2.356 , 0.1999969 , 151.5 , 151.3
2.358 , 0.1999969 , 151.5 , 151.3
2.359 , 0.1999969 , 151.5 , 151.3
2.361 , 0.2100067 , 151.5 , 151.29
2.363 , 0.2200012 , 151.5 , 151.28
2.365 , 0.2200012 , 151.5 , 151.28
2.366 , 0.2299957 , 151.5 , 151.27
2.368 , 0.2099915 , 151.48 , 151.27
2.37 , 0.2200012 , 151.48 , 151.26
2.372 , 0.1699982 , 151.43 , 151.26
2.374 , 0.2299957 , 151.48 , 151.25
2.375 , 0.1799927 , 151.43 , 151.25
2.377 , 0.1899872 , 151.43 , 151.24
2.379 , 0.1899872 , 151.43 , 151.24
2.381 , 0.1999969 , 151.43 , 151.23
2.383 , 0.2599945 , 151.48 , 151.22
2.384 , 0.2599945 , 151.48 , 151.22
2.386 , 0.1900024 , 151.41 , 151.22
2.388 , 0.1999969 , 151.41 , 151.21
2.39 , 0.2299957 , 151.43 , 151.2
2.391 , 0.1600037 , 151.36 , 151.2
2.393 , 0.2200012 , 151.41 , 151.19
2.395 , 0.1699982 , 151.36 , 151.19
2.397 , 0.1800079 , 151.36 , 151.18
2.399 , 0.230011 , 151.41 , 151.18
2.4 , 0.1900024 , 151.36 , 151.17
2.402 , 0.2400055 , 151.41 , 151.17
2.404 , 0.25 , 151.41 , 151.16
2.405 , 0.1999969 , 151.36 , 151.16
2.407 , 0.2100067 , 151.36 , 151.15
2.409 , 0.2100067 , 151.36 , 151.15
2.411 , 0.2200012 , 151.36 , 151.14
2.412 , 0.2200012 , 151.36 , 151.14
2.414 , 0.2099915 , 151.34 , 151.13
2.416 , 0.2099915 , 151.34 , 151.13
2.418 , 0.2200012 , 151.34 , 151.12
2.42 , 0.2299957 , 151.34 , 151.11
2.421 , 0.2299957 , 151.34 , 151.11
2.423 , 0.1600037 , 151.27 , 151.11
2.425 , 0.2399902 , 151.34 , 151.1
2.426 , 0.1699982 , 151.27 , 151.1
2.428 , 0.230011 , 151.32 , 151.09
2.43 , 0.230011 , 151.32 , 151.09
2.432 , 0.2400055 , 151.32 , 151.08
2.433 , 0.2400055 , 151.32 , 151.08
2.435 , 0.25 , 151.32 , 151.07
2.437 , 0.2600098 , 151.32 , 151.06
2.439 , 0.2100067 , 151.27 , 151.06
2.44 , 0.2600098 , 151.32 , 151.06
2.442 , 0.2200012 , 151.27 , 151.05
2.444 , 0.230011 , 151.27 , 151.04
2.446 , 0.230011 , 151.27 , 151.04
2.447 , 0.2200012 , 151.25 , 151.03
2.449 , 0.2200012 , 151.25 , 151.03
2.451 , 0.1799927 , 151.2 , 151.02
2.453 , 0.1799927 , 151.2 , 151.02
2.454 , 0.1900024 , 151.2 , 151.01
2.456 , 0.1900024 , 151.2 , 151.01
2.458 , 0.1799927 , 151.18 , 151.0
2.46 , 0.1799927 , 151.18 , 151.0
2.462 , 0.1899872 , 151.18 , 150.99
2.463 , 0.1899872 , 151.18 , 150.99
2.465 , 0.1999969 , 151.18 , 150.98
2.467 , 0.1999969 , 151.18 , 150.98
2.469 , 0.1600037 , 151.13 , 150.97
2.471 , 0.1699982 , 151.13 , 150.96
2.472 , 0.1699982 , 151.13 , 150.96
2.474 , 0.1499939 , 151.11 , 150.96
2.476 , 0.1800079 , 151.13 , 150.95
2.478 , 0.1699982 , 151.11 , 150.94
2.48 , 0.1900024 , 151.13 , 150.94
2.481 , 0.1800079 , 151.11 , 150.93
2.491 , 0.1900024 , 151.09 , 150.9
2.493 , 0.1399994 , 151.04 , 150.9
2.495 , 0.1999969 , 151.09 , 150.89
2.497 , 0.1499939 , 151.04 , 150.89
2.498 , 0.1599884 , 151.04 , 150.88
2.5 , 0.1599884 , 151.04 , 150.88
2.502 , 0.1500092 , 151.02 , 150.87
2.504 , 0.1500092 , 151.02 , 150.87
2.506 , 0.1799927 , 151.04 , 150.86
2.507 , 0.1799927 , 151.04 , 150.86
2.509 , 0.1899872 , 151.04 , 150.85
2.511 , 0.1899872 , 151.04 , 150.85
2.513 , 0.1800079 , 151.02 , 150.84
2.514 , 0.1999969 , 151.04 , 150.84
2.516 , 0.1900024 , 151.02 , 150.83
2.518 , 0.1999969 , 151.02 , 150.82
2.52 , 0.1499939 , 150.97 , 150.82
2.522 , 0.1600037 , 150.97 , 150.81
2.523 , 0.2100067 , 151.02 , 150.81
2.525 , 0.1699982 , 150.97 , 150.8
2.527 , 0.2200012 , 151.02 , 150.8
2.529 , 0.1800079 , 150.97 , 150.79
2.53 , 0.1600037 , 150.95 , 150.79
2.532 , 0.1900024 , 150.97 , 150.78
2.534 , 0.1900024 , 150.97 , 150.78
2.536 , 0.1999969 , 150.97 , 150.77
2.537 , 0.1999969 , 150.97 , 150.77
2.539 , 0.2100067 , 150.97 , 150.76
2.541 , 0.1200104 , 150.88 , 150.76
2.543 , 0.1999969 , 150.95 , 150.75
2.545 , 0.1999969 , 150.95 , 150.75
2.546 , 0.2099915 , 150.95 , 150.74
2.548 , 0.2099915 , 150.95 , 150.74
2.55 , 0.2200012 , 150.95 , 150.73
2.552 , 0.1799927 , 150.9 , 150.72
2.554 , 0.1600037 , 150.88 , 150.72
2.555 , 0.1799927 , 150.9 , 150.72
2.557 , 0.1899872 , 150.9 , 150.71
2.559 , 0.1800079 , 150.88 , 150.7
2.561 , 0.1999969 , 150.9 , 150.7
2.563 , 0.2099915 , 150.9 , 150.69
2.564 , 0.2599945 , 150.95 , 150.69
2.566 , 0.2700043 , 150.95 , 150.68
2.568 , 0.2200012 , 150.9 , 150.68
2.57 , 0.2299957 , 150.9 , 150.67
2.572 , 0.2299957 , 150.9 , 150.67
2.574 , 0.2399902 , 150.9 , 150.66
2.575 , 0.2200012 , 150.88 , 150.66
2.577 , 0.230011 , 150.88 , 150.65
2.579 , 0.2400055 , 150.88 , 150.64
2.581 , 0.2200012 , 150.86 , 150.64
2.582 , 0.2200012 , 150.86 , 150.64
2.584 , 0.2299957 , 150.86 , 150.63
2.586 , 0.2400055 , 150.86 , 150.62
2.588 , 0.2400055 , 150.86 , 150.62
2.589 , 0.1799927 , 150.79 , 150.61
2.591 , 0.1999969 , 150.81 , 150.61
2.593 , 0.2099915 , 150.81 , 150.6
2.595 , 0.2599945 , 150.86 , 150.6
2.597 , 0.2200012 , 150.81 , 150.59
2.598 , 0.1999969 , 150.79 , 150.59
2.6 , 0.2099915 , 150.79 , 150.58
2.602 , 0.2299957 , 150.81 , 150.58
2.604 , 0.219986 , 150.79 , 150.57
2.606 , 0.1800079 , 150.74 , 150.56
2.607 , 0.2299957 , 150.79 , 150.56
2.609 , 0.1800079 , 150.74 , 150.56
2.611 , 0.1900024 , 150.74 , 150.55
2.613 , 0.25 , 150.79 , 150.54
2.615 , 0.25 , 150.79 , 150.54
2.616 , 0.2000122 , 150.74 , 150.54
2.618 , 0.1900024 , 150.72 , 150.53
2.62 , 0.2200012 , 150.74 , 150.52
2.622 , 0.1999969 , 150.72 , 150.52
2.623 , 0.230011 , 150.74 , 150.51
2.625 , 0.2100067 , 150.72 , 150.51
2.627 , 0.1799927 , 150.68 , 150.5
2.629 , 0.2200012 , 150.72 , 150.5
2.63 , 0.1899872 , 150.68 , 150.49
2.632 , 0.1899872 , 150.68 , 150.49
2.634 , 0.2400055 , 150.72 , 150.48
2.636 , 0.2400055 , 150.72 , 150.48
2.637 , 0.2099915 , 150.68 , 150.47
2.639 , 0.1799927 , 150.65 , 150.47
2.641 , 0.219986 , 150.68 , 150.46
2.643 , 0.219986 , 150.68 , 150.46
2.645 , 0.1800079 , 150.63 , 150.45
2.646 , 0.1999969 , 150.65 , 150.45
2.648 , 0.2099915 , 150.65 , 150.44
2.65 , 0.2000122 , 150.63 , 150.43
2.652 , 0.25 , 150.68 , 150.43
2.654 , 0.2100067 , 150.63 , 150.42
2.655 , 0.2100067 , 150.63 , 150.42
2.657 , 0.2399902 , 150.65 , 150.41
2.659 , 0.2200012 , 150.63 , 150.41
2.661 , 0.25 , 150.65 , 150.4
2.662 , 0.230011 , 150.63 , 150.4
2.664 , 0.2400055 , 150.63 , 150.39
2.666 , 0.1699982 , 150.56 , 150.39
2.668 , 0.25 , 150.63 , 150.38
2.67 , 0.1799927 , 150.56 , 150.38
2.671 , 0.1900024 , 150.56 , 150.37
2.673 , 0.1900024 , 150.56 , 150.37
2.675 , 0.1799927 , 150.54 , 150.36
2.677 , 0.1899872 , 150.54 , 150.35
2.679 , 0.1899872 , 150.54 , 150.35
2.68 , 0.1399994 , 150.49 , 150.35
2.682 , 0.1999969 , 150.54 , 150.34
2.684 , 0.2099915 , 150.54 , 150.33
2.686 , 0.1600037 , 150.49 , 150.33
2.687 , 0.1600037 , 150.49 , 150.33
2.689 , 0.219986 , 150.54 , 150.32
2.691 , 0.2299957 , 150.54 , 150.31
2.693 , 0.1800079 , 150.49 , 150.31
2.695 , 0.1900024 , 150.49 , 150.3
2.696 , 0.1699982 , 150.47 , 150.3
2.698 , 0.1800079 , 150.47 , 150.29
2.7 , 0.1800079 , 150.47 , 150.29
2.702 , 0.1900024 , 150.47 , 150.28
2.703 , 0.2100067 , 150.49 , 150.28
2.705 , 0.1499939 , 150.42 , 150.27
2.707 , 0.1999969 , 150.47 , 150.27
2.709 , 0.230011 , 150.49 , 150.26
2.71 , 0.2100067 , 150.47 , 150.26
2.712 , 0.2200012 , 150.47 , 150.25
2.714 , 0.2200012 , 150.47 , 150.25
2.716 , 0.1599884 , 150.4 , 150.24
2.717 , 0.1599884 , 150.4 , 150.24
2.719 , 0.1699982 , 150.4 , 150.23
2.721 , 0.1799927 , 150.4 , 150.22
2.723 , 0.1799927 , 150.4 , 150.22
2.725 , 0.2099915 , 150.42 , 150.21
2.726 , 0.1899872 , 150.4 , 150.21
2.728 , 0.1999969 , 150.4 , 150.2
2.73 , 0.1999969 , 150.4 , 150.2
2.732 , 0.2099915 , 150.4 , 150.19
2.734 , 0.1600037 , 150.35 , 150.19
2.735 , 0.1700134 , 150.35 , 150.18
2.737 , 0.1700134 , 150.35 , 150.18
2.739 , 0.1800079 , 150.35 , 150.17
2.741 , 0.1800079 , 150.35 , 150.17
2.742 , 0.1499939 , 150.31 , 150.16
2.744 , 0.2399902 , 150.4 , 150.16
2.746 , 0.2000122 , 150.35 , 150.15
2.748 , 0.2100067 , 150.35 , 150.14
2.75 , 0.1699982 , 150.31 , 150.14
2.751 , 0.1699982 , 150.31 , 150.14
2.753 , 0.1999969 , 150.33 , 150.13
2.755 , 0.1900024 , 150.31 , 150.12
2.757 , 0.1900024 , 150.31 , 150.12
2.759 , 0.1999969 , 150.31 , 150.11
2.76 , 0.1999969 , 150.31 , 150.11
2.762 , 0.2099915 , 150.31 , 150.1
2.764 , 0.2099915 , 150.31 , 150.1
2.766 , 0.1699982 , 150.26 , 150.09
2.768 , 0.1699982 , 150.26 , 150.09
2.769 , 0.1600037 , 150.24 , 150.08
2.771 , 0.2299957 , 150.31 , 150.08
2.773 , 0.1699982 , 150.24 , 150.07
2.775 , 0.1699982 , 150.24 , 150.07
2.776 , 0.1800079 , 150.24 , 150.06
2.778 , 0.1999969 , 150.26 , 150.06
2.78 , 0.2599945 , 150.31 , 150.05
2.782 , 0.2000122 , 150.24 , 150.04
2.784 , 0.2000122 , 150.24 , 150.04
2.785 , 0.2200012 , 150.26 , 150.04
2.787 , 0.2100067 , 150.24 , 150.03
2.789 , 0.1699982 , 150.19 , 150.02
2.79 , 0.1699982 , 150.19 , 150.02
2.792 , 0.1800079 , 150.19 , 150.01
2.794 , 0.1600037 , 150.17 , 150.01
2.796 , 0.1699982 , 150.17 , 150.0
2.798 , 0.1900024 , 150.19 , 150.0
2.799 , 0.1799927 , 150.17 , 149.99
2.801 , 0.1999969 , 150.19 , 149.99
2.803 , 0.1900024 , 150.17 , 149.98
2.805 , 0.1900024 , 150.17 , 149.98
2.807 , 0.1600037 , 150.13 , 149.97
2.808 , 0.2200012 , 150.19 , 149.97
2.81 , 0.1399994 , 150.1 , 149.96
2.812 , 0.1699982 , 150.13 , 149.96
2.814 , 0.1500092 , 150.1 , 149.95
2.815 , 0.1500092 , 150.1 , 149.95
2.817 , 0.1900024 , 150.13 , 149.94
2.819 , 0.2000122 , 150.13 , 149.93
2.821 , 0.2000122 , 150.13 , 149.93
2.822 , 0.1700134 , 150.1 , 149.93
2.824 , 0.2100067 , 150.13 , 149.92
2.826 , 0.1900024 , 150.1 , 149.91
2.827 , 0.1900024 , 150.1 , 149.91
2.829 , 0.1699982 , 150.08 , 149.91
2.831 , 0.2000122 , 150.1 , 149.9
2.833 , 0.2100067 , 150.1 , 149.89
2.835 , 0.2100067 , 150.1 , 149.89
2.836 , 0.1999969 , 150.08 , 149.88
2.838 , 0.1999969 , 150.08 , 149.88
2.84 , 0.1600037 , 150.03 , 149.87
2.842 , 0.2100067 , 150.08 , 149.87
2.843 , 0.1699982 , 150.03 , 149.86
2.845 , 0.2200012 , 150.08 , 149.86
2.847 , 0.1799927 , 150.03 , 149.85
2.849 , 0.1799927 , 150.03 , 149.85
2.851 , 0.1900024 , 150.03 , 149.84
2.852 , 0.1900024 , 150.03 , 149.84
2.854 , 0.1999969 , 150.03 , 149.83
2.856 , 0.1999969 , 150.03 , 149.83
2.858 , 0.1899872 , 150.01 , 149.82
2.86 , 0.1999969 , 150.01 , 149.81
2.862 , 0.1999969 , 150.01 , 149.81
2.863 , 0.1699982 , 149.97 , 149.8
2.865 , 0.2099915 , 150.01 , 149.8
2.867 , 0.1800079 , 149.97 , 149.79
2.869 , 0.2200012 , 150.01 , 149.79
2.871 , 0.1900024 , 149.97 , 149.78
2.872 , 0.1600037 , 149.94 , 149.78
2.874 , 0.1699982 , 149.94 , 149.77
2.876 , 0.1699982 , 149.94 , 149.77
2.878 , 0.1800079 , 149.94 , 149.76
2.88 , 0.1499939 , 149.9 , 149.75
2.882 , 0.1499939 , 149.9 , 149.75
2.883 , 0.1499939 , 149.9 , 149.75
2.885 , 0.1999969 , 149.94 , 149.74
2.887 , 0.1399994 , 149.87 , 149.73
2.889 , 0.1699982 , 149.9 , 149.73
2.891 , 0.1300049 , 149.85 , 149.72
2.893 , 0.1499939 , 149.87 , 149.72
2.894 , 0.1599884 , 149.87 , 149.71
2.896 , 0.1599884 , 149.87 , 149.71
2.898 , 0.1500092 , 149.85 , 149.7
2.9 , 0.1699982 , 149.87 , 149.7
2.902 , 0.1600037 , 149.85 , 149.69
2.904 , 0.1300049 , 149.81 , 149.68
2.905 , 0.1300049 , 149.81 , 149.68
2.907 , 0.1800079 , 149.85 , 149.67
2.909 , 0.1800079 , 149.85 , 149.67
2.911 , 0.1499939 , 149.81 , 149.66
2.913 , 0.1499939 , 149.81 , 149.66
2.914 , 0.1600037 , 149.81 , 149.65
2.916 , 0.1600037 , 149.81 , 149.65
2.918 , 0.1699982 , 149.81 , 149.64
2.92 , 0.1399994 , 149.78 , 149.64
2.922 , 0.1499939 , 149.78 , 149.63
2.924 , 0.1900024 , 149.81 , 149.62
2.925 , 0.1200104 , 149.74 , 149.62
2.927 , 0.1200104 , 149.74 , 149.62
2.929 , 0.1300049 , 149.74 , 149.61
2.931 , 0.1399994 , 149.74 , 149.6
2.933 , 0.1399994 , 149.74 , 149.6
2.934 , 0.1500092 , 149.74 , 149.59
2.936 , 0.1500092 , 149.74 , 149.59
2.938 , 0.1300049 , 149.71 , 149.58
2.94 , 0.1600037 , 149.74 , 149.58
2.941 , 0.09999084 , 149.67 , 149.57
2.943 , 0.09999084 , 149.67 , 149.57
2.945 , 0.08999634 , 149.65 , 149.56
2.947 , 0.1500092 , 149.71 , 149.56
2.949 , 0.1600037 , 149.71 , 149.55
2.951 , 0.1700134 , 149.71 , 149.54
2.953 , 0.1300049 , 149.67 , 149.54
2.954 , 0.1300049 , 149.67 , 149.54
2.956 , 0.1199951 , 149.65 , 149.53
2.958 , 0.1499939 , 149.67 , 149.52
2.96 , 0.1299896 , 149.65 , 149.52
2.962 , 0.1600037 , 149.67 , 149.51
2.963 , 0.1100006 , 149.62 , 149.51
2.965 , 0.1499939 , 149.65 , 149.5
2.967 , 0.1199951 , 149.62 , 149.5
2.969 , 0.1599884 , 149.65 , 149.49
2.971 , 0.1299896 , 149.62 , 149.49
2.973 , 0.1399994 , 149.62 , 149.48
2.974 , 0.1900024 , 149.67 , 149.48
2.976 , 0.1799927 , 149.65 , 149.47
2.978 , 0.1599884 , 149.62 , 149.46
2.98 , 0.1599884 , 149.62 , 149.46
2.982 , 0.1999969 , 149.65 , 149.45
2.984 , 0.1699982 , 149.62 , 149.45
2.986 , 0.1799927 , 149.62 , 149.44
2.987 , 0.1799927 , 149.62 , 149.44
2.989 , 0.1900024 , 149.62 , 149.43
2.991 , 0.1900024 , 149.62 , 149.43
2.993 , 0.1999969 , 149.62 , 149.42
2.995 , 0.1699982 , 149.58 , 149.41
2.996 , 0.1699982 , 149.58 , 149.41
2.998 , 0.1699982 , 149.58 , 149.41
3.0 , 0.1800079 , 149.58 , 149.4
3.002 , 0.1600037 , 149.55 , 149.39
3.004 , 0.1900024 , 149.58 , 149.39
3.005 , 0.1999969 , 149.58 , 149.38
3.007 , 0.1699982 , 149.55 , 149.38
3.009 , 0.2100067 , 149.58 , 149.37
3.011 , 0.1800079 , 149.55 , 149.37
3.012 , 0.1900024 , 149.55 , 149.36
3.014 , 0.1900024 , 149.55 , 149.36
3.016 , 0.1599884 , 149.51 , 149.35
3.018 , 0.1599884 , 149.51 , 149.35
3.019 , 0.1699982 , 149.51 , 149.34
3.021 , 0.1699982 , 149.51 , 149.34
3.023 , 0.1799927 , 149.51 , 149.33
3.025 , 0.1799927 , 149.51 , 149.33
3.027 , 0.1899872 , 149.51 , 149.32
3.029 , 0.1999969 , 149.51 , 149.31
3.03 , 0.1699982 , 149.48 , 149.31
3.032 , 0.1699982 , 149.48 , 149.31
3.034 , 0.1799927 , 149.48 , 149.3
3.036 , 0.1500092 , 149.44 , 149.29
3.038 , 0.1500092 , 149.44 , 149.29
3.039 , 0.1999969 , 149.48 , 149.28
3.041 , 0.1600037 , 149.44 , 149.28
3.043 , 0.1699982 , 149.44 , 149.27
3.045 , 0.1699982 , 149.44 , 149.27
3.047 , 0.1800079 , 149.44 , 149.26
3.049 , 0.1699982 , 149.42 , 149.25
3.05 , 0.1699982 , 149.42 , 149.25
3.052 , 0.1699982 , 149.42 , 149.25
3.054 , 0.1999969 , 149.44 , 149.24
3.056 , 0.2100067 , 149.44 , 149.23
3.058 , 0.1600037 , 149.39 , 149.23
3.059 , 0.1600037 , 149.39 , 149.23
3.061 , 0.1699982 , 149.39 , 149.22
3.063 , 0.2099915 , 149.42 , 149.21
3.065 , 0.1799927 , 149.39 , 149.21
3.067 , 0.1900024 , 149.39 , 149.2
3.068 , 0.1900024 , 149.39 , 149.2
3.07 , 0.1600037 , 149.35 , 149.19
3.072 , 0.1999969 , 149.39 , 149.19
3.074 , 0.1700134 , 149.35 , 149.18
3.076 , 0.1700134 , 149.35 , 149.18
3.077 , 0.1500092 , 149.32 , 149.17
3.079 , 0.1500092 , 149.32 , 149.17
3.081 , 0.1600037 , 149.32 , 149.16
3.083 , 0.1300049 , 149.28 , 149.15
3.085 , 0.1700134 , 149.32 , 149.15
3.086 , 0.1300049 , 149.28 , 149.15
3.088 , 0.07000732 , 149.21 , 149.14
3.09 , 0.1900024 , 149.32 , 149.13
3.092 , 0.1499939 , 149.28 , 149.13
3.093 , 0.1399994 , 149.26 , 149.12
3.095 , 0.0900116 , 149.21 , 149.12
3.097 , 0.1699982 , 149.28 , 149.11
3.099 , 0.1499939 , 149.26 , 149.11
3.101 , 0.1100006 , 149.21 , 149.1
3.103 , 0.1100006 , 149.21 , 149.1
3.104 , 0.1699982 , 149.26 , 149.09
3.106 , 0.1699982 , 149.26 , 149.09
3.108 , 0.1999969 , 149.28 , 149.08
3.11 , 0.1399994 , 149.21 , 149.07
3.112 , 0.1199951 , 149.19 , 149.07
3.113 , 0.1199951 , 149.19 , 149.07
3.115 , 0.1500092 , 149.21 , 149.06
3.117 , 0.1399994 , 149.19 , 149.05
3.119 , 0.1600037 , 149.21 , 149.05
3.12 , 0.1500092 , 149.19 , 149.04
3.122 , 0.1500092 , 149.19 , 149.04
3.124 , 0.1800079 , 149.21 , 149.03
3.126 , 0.1600037 , 149.19 , 149.03
3.128 , 0.1399994 , 149.16 , 149.02
3.129 , 0.1399994 , 149.16 , 149.02
3.131 , 0.1100006 , 149.12 , 149.01
3.133 , 0.1500092 , 149.16 , 149.01
3.135 , 0.1600037 , 149.16 , 149.0
3.136 , 0.1600037 , 149.16 , 149.0
3.138 , 0.1699982 , 149.16 , 148.99
3.14 , 0.1299896 , 149.12 , 148.99
3.142 , 0.1399994 , 149.12 , 148.98
3.144 , 0.1499939 , 149.12 , 148.97
3.145 , 0.1499939 , 149.12 , 148.97
3.147 , 0.1499939 , 149.12 , 148.97
3.149 , 0.1599884 , 149.12 , 148.96
3.151 , 0.2100067 , 149.16 , 148.95
3.153 , 0.1500092 , 149.1 , 148.95
3.154 , 0.1600037 , 149.1 , 148.94
3.156 , 0.1600037 , 149.1 , 148.94
3.158 , 0.1700134 , 149.1 , 148.93
3.16 , 0.1700134 , 149.1 , 148.93
3.161 , 0.1300049 , 149.05 , 148.92
3.163 , 0.1300049 , 149.05 , 148.92
3.165 , 0.1399994 , 149.05 , 148.91
3.167 , 0.1399994 , 149.05 , 148.91
3.168 , 0.1300049 , 149.03 , 148.9
3.17 , 0.1300049 , 149.03 , 148.9
3.172 , 0.1600037 , 149.05 , 148.89
3.174 , 0.1399994 , 149.03 , 148.89
3.176 , 0.1499939 , 149.03 , 148.88
3.178 , 0.1600037 , 149.03 , 148.87
3.179 , 0.1800079 , 149.05 , 148.87
3.181 , 0.1699982 , 149.03 , 148.86
3.183 , 0.1199951 , 148.98 , 148.86
3.185 , 0.1799927 , 149.03 , 148.85
3.187 , 0.1799927 , 149.03 , 148.85
3.189 , 0.1200104 , 148.96 , 148.84
3.19 , 0.1200104 , 148.96 , 148.84
3.192 , 0.1499939 , 148.98 , 148.83
3.194 , 0.1300049 , 148.96 , 148.83
3.196 , 0.1599884 , 148.98 , 148.82
3.198 , 0.1500092 , 148.96 , 148.81
3.199 , 0.1500092 , 148.96 , 148.81
3.201 , 0.1500092 , 148.96 , 148.81
3.203 , 0.1399994 , 148.94 , 148.8
3.205 , 0.1500092 , 148.94 , 148.79
3.207 , 0.1500092 , 148.94 , 148.79
3.208 , 0.1600037 , 148.94 , 148.78
3.21 , 0.1600037 , 148.94 , 148.78
3.212 , 0.1699982 , 148.94 , 148.77
3.214 , 0.1900024 , 148.96 , 148.77
3.215 , 0.2000122 , 148.96 , 148.76
3.217 , 0.1800079 , 148.94 , 148.76
3.219 , 0.1399994 , 148.89 , 148.75
3.221 , 0.1399994 , 148.89 , 148.75
3.223 , 0.1499939 , 148.89 , 148.74
3.225 , 0.1600037 , 148.89 , 148.73
3.226 , 0.1399994 , 148.87 , 148.73
3.228 , 0.1600037 , 148.89 , 148.73
3.23 , 0.1499939 , 148.87 , 148.72
3.232 , 0.1599884 , 148.87 , 148.71
3.234 , 0.1100006 , 148.82 , 148.71
3.235 , 0.1200104 , 148.82 , 148.7
3.237 , 0.1699982 , 148.87 , 148.7
3.239 , 0.1799927 , 148.87 , 148.69
3.241 , 0.1300049 , 148.82 , 148.69
3.243 , 0.1200104 , 148.8 , 148.68
3.244 , 0.1900024 , 148.87 , 148.68
3.246 , 0.1500092 , 148.82 , 148.67
3.248 , 0.1500092 , 148.82 , 148.67
3.25 , 0.1399994 , 148.8 , 148.66
3.252 , 0.1500092 , 148.8 , 148.65
3.253 , 0.1500092 , 148.8 , 148.65
3.255 , 0.1000061 , 148.75 , 148.65
3.257 , 0.1600037 , 148.8 , 148.64
3.259 , 0.1199951 , 148.75 , 148.63
3.26 , 0.09999084 , 148.73 , 148.63
3.262 , 0.1199951 , 148.75 , 148.63
3.264 , 0.1300049 , 148.75 , 148.62
3.266 , 0.1399994 , 148.75 , 148.61
3.268 , 0.1399994 , 148.75 , 148.61
3.269 , 0.1499939 , 148.75 , 148.6
3.271 , 0.07998657 , 148.68 , 148.6
3.273 , 0.08999634 , 148.68 , 148.59
3.275 , 0.1399994 , 148.73 , 148.59
3.277 , 0.09999084 , 148.68 , 148.58
3.279 , 0.1599884 , 148.73 , 148.57
3.281 , 0.1099854 , 148.68 , 148.57
3.283 , 0.1199951 , 148.68 , 148.56
3.284 , 0.1199951 , 148.68 , 148.56
3.286 , 0.1299896 , 148.68 , 148.55
3.288 , 0.1100006 , 148.66 , 148.55
3.29 , 0.1200104 , 148.66 , 148.54
3.292 , 0.1200104 , 148.66 , 148.54
3.293 , 0.1100006 , 148.64 , 148.53
3.295 , 0.1300049 , 148.66 , 148.53
3.297 , 0.1199951 , 148.64 , 148.52
3.299 , 0.1399994 , 148.66 , 148.52
3.301 , 0.1500092 , 148.66 , 148.51
3.302 , 0.1699982 , 148.68 , 148.51
3.304 , 0.1399994 , 148.64 , 148.5
3.314 , 0.1199951 , 148.59 , 148.47
3.316 , 0.1199951 , 148.59 , 148.47
3.318 , 0.1100006 , 148.57 , 148.46
3.319 , 0.1299896 , 148.59 , 148.46
3.321 , 0.1399994 , 148.59 , 148.45
3.323 , 0.1300049 , 148.57 , 148.44
3.325 , 0.1300049 , 148.57 , 148.44
3.326 , 0.1300049 , 148.57 , 148.44
3.328 , 0.1400146 , 148.57 , 148.43
3.33 , 0.1500092 , 148.57 , 148.42
3.332 , 0.1500092 , 148.57 , 148.42
3.333 , 0.1000061 , 148.52 , 148.42
3.335 , 0.1100006 , 148.52 , 148.41
3.337 , 0.1200104 , 148.52 , 148.4
3.339 , 0.1200104 , 148.52 , 148.4
3.341 , 0.1100006 , 148.5 , 148.39
3.342 , 0.1300049 , 148.52 , 148.39
3.344 , 0.1199951 , 148.5 , 148.38
3.346 , 0.1199951 , 148.5 , 148.38
3.347 , 0.1500092 , 148.52 , 148.37
3.349 , 0.1300049 , 148.5 , 148.37
3.351 , 0.1000061 , 148.46 , 148.36
3.353 , 0.1000061 , 148.46 , 148.36
3.354 , 0.1100006 , 148.46 , 148.35
3.356 , 0.1100006 , 148.46 , 148.35
3.358 , 0.1600037 , 148.5 , 148.34
3.36 , 0.08999634 , 148.43 , 148.34
3.362 , 0.1300049 , 148.46 , 148.33
3.363 , 0.09999084 , 148.43 , 148.33
3.365 , 0.1099854 , 148.43 , 148.32
3.367 , 0.1199951 , 148.43 , 148.31
3.369 , 0.1199951 , 148.43 , 148.31
3.371 , 0.1100006 , 148.41 , 148.3
3.372 , 0.1299896 , 148.43 , 148.3
3.374 , 0.1399994 , 148.43 , 148.29
3.376 , 0.1399994 , 148.43 , 148.29
3.378 , 0.1499939 , 148.43 , 148.28
3.38 , 0.1499939 , 148.43 , 148.28
3.382 , 0.08999634 , 148.36 , 148.27
3.383 , 0.1399994 , 148.41 , 148.27
3.385 , 0.1000061 , 148.36 , 148.26
3.387 , 0.1500092 , 148.41 , 148.26
3.389 , 0.1100006 , 148.36 , 148.25
3.391 , 0.1699982 , 148.41 , 148.24
3.392 , 0.1199951 , 148.36 , 148.24
3.394 , 0.1800079 , 148.41 , 148.23
3.396 , 0.1800079 , 148.41 , 148.23
3.398 , 0.1399994 , 148.36 , 148.22
3.399 , 0.1399994 , 148.36 , 148.22
3.401 , 0.1499939 , 148.36 , 148.21
3.403 , 0.1499939 , 148.36 , 148.21
3.405 , 0.1399994 , 148.34 , 148.2
3.407 , 0.1600037 , 148.36 , 148.2
3.408 , 0.1499939 , 148.34 , 148.19
3.41 , 0.1499939 , 148.34 , 148.19
3.412 , 0.1800079 , 148.36 , 148.18
3.414 , 0.1600037 , 148.34 , 148.18
3.416 , 0.1199951 , 148.29 , 148.17
3.417 , 0.1900024 , 148.36 , 148.17
3.419 , 0.1799927 , 148.34 , 148.16
3.421 , 0.1900024 , 148.34 , 148.15
3.423 , 0.1399994 , 148.29 , 148.15
3.425 , 0.1499939 , 148.29 , 148.14
3.427 , 0.1999969 , 148.34 , 148.14
3.428 , 0.1399994 , 148.27 , 148.13
3.43 , 0.1599884 , 148.29 , 148.13
3.432 , 0.1500092 , 148.27 , 148.12
3.434 , 0.1699982 , 148.29 , 148.12
3.436 , 0.1600037 , 148.27 , 148.11
3.437 , 0.1799927 , 148.29 , 148.11
3.439 , 0.1699982 , 148.27 , 148.1
3.441 , 0.1699982 , 148.27 , 148.1
3.443 , 0.1399994 , 148.23 , 148.09
3.444 , 0.1800079 , 148.27 , 148.09
3.446 , 0.1499939 , 148.23 , 148.08
3.448 , 0.1499939 , 148.23 , 148.08
3.45 , 0.1599884 , 148.23 , 148.07
3.452 , 0.1699982 , 148.23 , 148.06
3.454 , 0.1699982 , 148.23 , 148.06
3.455 , 0.1499939 , 148.2 , 148.05
3.457 , 0.1499939 , 148.2 , 148.05
3.459 , 0.1399994 , 148.18 , 148.04
3.461 , 0.1600037 , 148.2 , 148.04
3.463 , 0.1699982 , 148.2 , 148.03
3.465 , 0.1799927 , 148.2 , 148.02
3.466 , 0.1599884 , 148.18 , 148.02
3.468 , 0.1799927 , 148.2 , 148.02
3.47 , 0.1699982 , 148.18 , 148.01
3.472 , 0.1799927 , 148.18 , 148.0
3.474 , 0.1799927 , 148.18 , 148.0
3.476 , 0.1899872 , 148.18 , 147.99
3.477 , 0.1899872 , 148.18 , 147.99
3.479 , 0.1500092 , 148.13 , 147.98
3.481 , 0.1500092 , 148.13 , 147.98
3.483 , 0.2099915 , 148.18 , 147.97
3.485 , 0.1600037 , 148.13 , 147.97
3.486 , 0.1499939 , 148.11 , 147.96
3.488 , 0.1499939 , 148.11 , 147.96
3.49 , 0.1800079 , 148.13 , 147.95
3.492 , 0.1600037 , 148.11 , 147.95
3.494 , 0.1300049 , 148.07 , 147.94
3.495 , 0.1300049 , 148.07 , 147.94
3.497 , 0.1100006 , 148.04 , 147.93
3.499 , 0.1500092 , 148.07 , 147.92
3.501 , 0.1199951 , 148.04 , 147.92
3.502 , 0.08000183 , 148.0 , 147.92
3.504 , 0.1299896 , 148.04 , 147.91
3.506 , 0.1399994 , 148.04 , 147.9
3.508 , 0.1700134 , 148.07 , 147.9
3.51 , 0.1499939 , 148.04 , 147.89
3.512 , 0.1100006 , 148.0 , 147.89
3.514 , 0.1199951 , 148.0 , 147.88
3.515 , 0.08999634 , 147.97 , 147.88
3.517 , 0.1300049 , 148.0 , 147.87
3.519 , 0.1300049 , 148.0 , 147.87
3.521 , 0.1100006 , 147.97 , 147.86
3.523 , 0.1499939 , 148.0 , 147.85
3.524 , 0.1199951 , 147.97 , 147.85
3.526 , 0.1600037 , 148.0 , 147.84
3.528 , 0.07000732 , 147.91 , 147.84
3.53 , 0.08000183 , 147.91 , 147.83
3.532 , 0.1399994 , 147.97 , 147.83
3.533 , 0.08999634 , 147.91 , 147.82
3.535 , 0.08999634 , 147.91 , 147.82
3.537 , 0.1600037 , 147.97 , 147.81
3.539 , 0.1000061 , 147.91 , 147.81
3.541 , 0.08000183 , 147.88 , 147.8
3.543 , 0.1200104 , 147.91 , 147.79
3.544 , 0.0900116 , 147.88 , 147.79
3.546 , 0.0900116 , 147.88 , 147.79
3.548 , 0.1300049 , 147.91 , 147.78
3.55 , 0.03999329 , 147.81 , 147.77
3.552 , 0.1100006 , 147.88 , 147.77
3.554 , 0.08000183 , 147.84 , 147.76
3.556 , 0.08000183 , 147.84 , 147.76
3.558 , 0.08999634 , 147.84 , 147.75
3.559 , 0.08999634 , 147.84 , 147.75
3.561 , 0.09999084 , 147.84 , 147.74
3.563 , 0.06999207 , 147.81 , 147.74
3.565 , 0.08000183 , 147.81 , 147.73
3.567 , 0.1199951 , 147.84 , 147.72
3.569 , 0.05000305 , 147.77 , 147.72
3.571 , 0.09999084 , 147.81 , 147.71
3.573 , 0.09999084 , 147.81 , 147.71
3.575 , 0.1100006 , 147.81 , 147.7
3.576 , 0.07000732 , 147.77 , 147.7
3.578 , 0.1199951 , 147.81 , 147.69
3.58 , 0.1300049 , 147.81 , 147.68
3.582 , 0.0900116 , 147.77 , 147.68
3.584 , 0.1000061 , 147.77 , 147.67
3.586 , 0.1000061 , 147.77 , 147.67
3.588 , 0.08999634 , 147.75 , 147.66
3.589 , 0.1100006 , 147.77 , 147.66
3.591 , 0.1000061 , 147.75 , 147.65
3.593 , 0.1000061 , 147.75 , 147.65
3.595 , 0.1100006 , 147.75 , 147.64
3.597 , 0.1199951 , 147.75 , 147.63
3.598 , 0.1199951 , 147.75 , 147.63
3.6 , 0.1399994 , 147.77 , 147.63
3.602 , 0.1300049 , 147.75 , 147.62
3.604 , 0.1399994 , 147.75 , 147.61
3.605 , 0.1399994 , 147.75 , 147.61
3.607 , 0.1399994 , 147.75 , 147.61
3.609 , 0.1199951 , 147.72 , 147.6
3.611 , 0.1300049 , 147.72 , 147.59
3.613 , 0.1600037 , 147.75 , 147.59
3.614 , 0.1399994 , 147.72 , 147.58
3.616 , 0.1399994 , 147.72 , 147.58
3.618 , 0.1499939 , 147.72 , 147.57
3.62 , 0.1499939 , 147.72 , 147.57
3.621 , 0.08999634 , 147.65 , 147.56
3.623 , 0.1199951 , 147.68 , 147.56
3.625 , 0.09999084 , 147.65 , 147.55
3.627 , 0.1299896 , 147.68 , 147.55
3.629 , 0.1100006 , 147.65 , 147.54
3.631 , 0.1499939 , 147.68 , 147.53
3.633 , 0.08000183 , 147.61 , 147.53
3.635 , 0.08999634 , 147.61 , 147.52
3.637 , 0.08999634 , 147.61 , 147.52
3.638 , 0.1000061 , 147.61 , 147.51
3.64 , 0.1000061 , 147.61 , 147.51
3.642 , 0.08999634 , 147.59 , 147.5
3.644 , 0.1100006 , 147.61 , 147.5
3.645 , 0.1199951 , 147.61 , 147.49
3.647 , 0.09999084 , 147.59 , 147.49
3.649 , 0.1300049 , 147.61 , 147.48
3.651 , 0.1199951 , 147.59 , 147.47
3.653 , 0.1199951 , 147.59 , 147.47
3.655 , 0.07998657 , 147.54 , 147.46
3.656 , 0.1299896 , 147.59 , 147.46
3.658 , 0.1399994 , 147.59 , 147.45
3.66 , 0.08999634 , 147.54 , 147.45
3.662 , 0.09999084 , 147.54 , 147.44
3.664 , 0.09999084 , 147.54 , 147.44
3.666 , 0.0900116 , 147.52 , 147.43
3.668 , 0.1199951 , 147.54 , 147.42
3.67 , 0.1000061 , 147.52 , 147.42
3.672 , 0.1100006 , 147.52 , 147.41
3.673 , 0.1100006 , 147.52 , 147.41
3.675 , 0.1200104 , 147.52 , 147.4
3.677 , 0.1399994 , 147.54 , 147.4
3.679 , 0.1300049 , 147.52 , 147.39
3.68 , 0.1000061 , 147.49 , 147.39
3.682 , 0.1100006 , 147.49 , 147.38
3.684 , 0.1100006 , 147.49 , 147.38
3.686 , 0.1200104 , 147.49 , 147.37
3.687 , 0.08000183 , 147.45 , 147.37
3.689 , 0.08999634 , 147.45 , 147.36
3.691 , 0.08999634 , 147.45 , 147.36
3.693 , 0.1399994 , 147.49 , 147.35
3.695 , 0.1100006 , 147.45 , 147.34
3.697 , 0.1100006 , 147.45 , 147.34
3.699 , 0.09999084 , 147.43 , 147.33
3.701 , 0.09999084 , 147.43 , 147.33
3.702 , 0.03999329 , 147.36 , 147.32
3.704 , 0.03999329 , 147.36 , 147.32
3.706 , 0.05000305 , 147.36 , 147.31
3.708 , 0.07000732 , 147.38 , 147.31
3.71 , 0.08000183 , 147.38 , 147.3
3.712 , 0.07000732 , 147.36 , 147.29
3.714 , 0.07000732 , 147.36 , 147.29
3.716 , 0.02999878 , 147.31 , 147.28
3.718 , 0.02999878 , 147.31 , 147.28
3.72 , 0.03999329 , 147.31 , 147.27
3.721 , 0.01998901 , 147.29 , 147.27
3.723 , 0.1000061 , 147.36 , 147.26
3.725 , 0.05000305 , 147.31 , 147.26
3.727 , 0.03999329 , 147.29 , 147.25
3.729 , 0.04998779 , 147.29 , 147.24
3.731 , 0.04998779 , 147.29 , 147.24
3.733 , 0.02999878 , 147.26 , 147.23
3.735 , 0.05999756 , 147.29 , 147.23
3.737 , 0.06999207 , 147.29 , 147.22
3.739 , 0.04998779 , 147.26 , 147.21
3.741 , 0.04998779 , 147.26 , 147.21
3.743 , 0.02000427 , 147.22 , 147.2
3.744 , 0.05999756 , 147.26 , 147.2
3.746 , 0.02999878 , 147.22 , 147.19
3.748 , 0.02999878 , 147.22 , 147.19
3.75 , 0.08000183 , 147.26 , 147.18
3.752 , 0.02000427 , 147.2 , 147.18
3.754 , 0.05000305 , 147.22 , 147.17
3.756 , 0.03999329 , 147.2 , 147.16
3.758 , 0.05999756 , 147.22 , 147.16
3.76 , 0.0 , 147.15 , 147.15
3.762 , 0.0 , 147.15 , 147.15
3.763 , 0.009994507 , 147.15 , 147.14
3.765 , 0.009994507 , 147.15 , 147.14
3.767 , 0.01998901 , 147.15 , 147.13
3.769 , 0.06999207 , 147.2 , 147.13
3.771 , 0.08000183 , 147.2 , 147.12
3.773 , 0.02000427 , 147.13 , 147.11
3.775 , 0.08999634 , 147.2 , 147.11
3.777 , 0.04998779 , 147.15 , 147.1
3.779 , 0.04998779 , 147.15 , 147.1
3.781 , 0.04000854 , 147.13 , 147.09
3.783 , 0.05000305 , 147.13 , 147.08
3.784 , 0.05000305 , 147.13 , 147.08
3.786 , 0.05000305 , 147.13 , 147.08
3.788 , 0.05999756 , 147.13 , 147.07
3.79 , 0.02000427 , 147.08 , 147.06
3.792 , 0.07000732 , 147.13 , 147.06
3.794 , 0.02999878 , 147.08 , 147.05
3.796 , 0.08000183 , 147.13 , 147.05
3.797 , 0.02000427 , 147.06 , 147.04
3.799 , 0.04000854 , 147.08 , 147.04
3.801 , 0.05000305 , 147.08 , 147.03
3.803 , 0.02999878 , 147.06 , 147.03
3.805 , 0.05999756 , 147.08 , 147.02
3.807 , 0.1200104 , 147.13 , 147.01
3.809 , 0.05000305 , 147.06 , 147.01
3.811 , 0.1300049 , 147.13 , 147.0
3.812 , 0.05999756 , 147.06 , 147.0
3.814 , 0.08999634 , 147.08 , 146.99
3.816 , 0.08999634 , 147.08 , 146.99
3.818 , 0.08000183 , 147.06 , 146.98
3.82 , 0.08000183 , 147.06 , 146.98
3.822 , 0.06999207 , 147.04 , 146.97
3.824 , 0.07998657 , 147.04 , 146.96
3.826 , 0.09999084 , 147.06 , 146.96
3.828 , 0.1100006 , 147.06 , 146.95
3.829 , 0.08999634 , 147.04 , 146.95
3.831 , 0.1199951 , 147.06 , 146.94
3.833 , 0.09999084 , 147.04 , 146.94
3.835 , 0.06001282 , 146.99 , 146.93
3.837 , 0.07000732 , 146.99 , 146.92
3.839 , 0.07000732 , 146.99 , 146.92
3.841 , 0.1299896 , 147.04 , 146.91
3.843 , 0.05999756 , 146.97 , 146.91
3.845 , 0.0900116 , 146.99 , 146.9
3.846 , 0.0900116 , 146.99 , 146.9
3.848 , 0.08000183 , 146.97 , 146.89
3.85 , 0.08000183 , 146.97 , 146.89
3.852 , 0.08999634 , 146.97 , 146.88
3.854 , 0.05000305 , 146.92 , 146.87
3.856 , 0.1000061 , 146.97 , 146.87
3.858 , 0.05999756 , 146.92 , 146.86
3.86 , 0.05999756 , 146.92 , 146.86
3.862 , 0.04998779 , 146.9 , 146.85
3.864 , 0.1199951 , 146.97 , 146.85
3.865 , 0.08000183 , 146.92 , 146.84
3.867 , 0.08000183 , 146.92 , 146.84
3.869 , 0.08999634 , 146.92 , 146.83
3.871 , 0.09999084 , 146.92 , 146.82
3.873 , 0.07998657 , 146.9 , 146.82
3.875 , 0.08999634 , 146.9 , 146.81
3.877 , 0.1100006 , 146.92 , 146.81
3.879 , 0.05000305 , 146.85 , 146.8
3.881 , 0.06001282 , 146.85 , 146.79
3.883 , 0.06001282 , 146.85 , 146.79
3.885 , 0.07000732 , 146.85 , 146.78
3.886 , 0.07000732 , 146.85 , 146.78
3.888 , 0.08000183 , 146.85 , 146.77
3.89 , 0.05999756 , 146.83 , 146.77
3.892 , 0.07000732 , 146.83 , 146.76
3.894 , 0.0900116 , 146.85 , 146.76
3.896 , 0.1000061 , 146.85 , 146.75
3.898 , 0.08999634 , 146.83 , 146.74
3.9 , 0.08999634 , 146.83 , 146.74
3.901 , 0.03999329 , 146.78 , 146.74
3.903 , 0.1000061 , 146.83 , 146.73
3.905 , 0.1100006 , 146.83 , 146.72
3.907 , 0.05999756 , 146.78 , 146.72
3.909 , 0.1199951 , 146.83 , 146.71
3.911 , 0.1199951 , 146.83 , 146.71
3.912 , 0.08000183 , 146.78 , 146.7
3.914 , 0.1300049 , 146.83 , 146.7
3.916 , 0.1399994 , 146.83 , 146.69
3.918 , 0.08999634 , 146.78 , 146.69
3.92 , 0.1000061 , 146.78 , 146.68
3.921 , 0.1000061 , 146.78 , 146.68
3.923 , 0.08999634 , 146.76 , 146.67
3.925 , 0.09999084 , 146.76 , 146.66
3.927 , 0.09999084 , 146.76 , 146.66
3.929 , 0.1300049 , 146.78 , 146.65
3.931 , 0.1100006 , 146.76 , 146.65
3.933 , 0.1199951 , 146.76 , 146.64
3.935 , 0.1199951 , 146.76 , 146.64
3.936 , 0.05999756 , 146.69 , 146.63
3.938 , 0.1100006 , 146.74 , 146.63
3.94 , 0.1200104 , 146.74 , 146.62
3.942 , 0.1499939 , 146.76 , 146.61
3.944 , 0.1300049 , 146.74 , 146.61
3.945 , 0.1300049 , 146.74 , 146.61
3.947 , 0.08999634 , 146.69 , 146.6
3.949 , 0.1500092 , 146.74 , 146.59
3.951 , 0.1000061 , 146.69 , 146.59
3.953 , 0.1600037 , 146.74 , 146.58
3.954 , 0.1100006 , 146.69 , 146.58
3.956 , 0.1199951 , 146.69 , 146.57
3.958 , 0.1199951 , 146.69 , 146.57
3.96 , 0.1100006 , 146.67 , 146.56
3.961 , 0.1300049 , 146.69 , 146.56
3.963 , 0.1399994 , 146.69 , 146.55
3.965 , 0.1199951 , 146.67 , 146.55
3.967 , 0.1300049 , 146.67 , 146.54
3.969 , 0.07000732 , 146.6 , 146.53
3.971 , 0.07000732 , 146.6 , 146.53
3.973 , 0.1499939 , 146.67 , 146.52
3.974 , 0.08000183 , 146.6 , 146.52
3.976 , 0.1100006 , 146.62 , 146.51
3.978 , 0.05000305 , 146.56 , 146.51
3.98 , 0.1000061 , 146.6 , 146.5
3.982 , 0.1000061 , 146.6 , 146.5
3.983 , 0.1100006 , 146.6 , 146.49
3.985 , 0.06999207 , 146.56 , 146.49
3.987 , 0.1200104 , 146.6 , 146.48
3.989 , 0.08000183 , 146.56 , 146.48
3.991 , 0.1300049 , 146.6 , 146.47
3.992 , 0.08999634 , 146.56 , 146.47
3.994 , 0.06999207 , 146.53 , 146.46
3.996 , 0.1100006 , 146.56 , 146.45
3.998 , 0.1100006 , 146.56 , 146.45
4.0 , 0.1199951 , 146.56 , 146.44
4.002 , 0.08999634 , 146.53 , 146.44
4.004 , 0.08000183 , 146.51 , 146.43
4.005 , 0.1000061 , 146.53 , 146.43
4.007 , 0.1100006 , 146.53 , 146.42
4.009 , 0.08999634 , 146.51 , 146.42
4.011 , 0.1199951 , 146.53 , 146.41
4.013 , 0.1100006 , 146.51 , 146.4
4.014 , 0.06001282 , 146.46 , 146.4
4.016 , 0.06001282 , 146.46 , 146.4
4.018 , 0.05000305 , 146.44 , 146.39
4.02 , 0.05999756 , 146.44 , 146.38
4.022 , 0.05999756 , 146.44 , 146.38
4.024 , 0.07000732 , 146.44 , 146.37
4.026 , 0.07000732 , 146.44 , 146.37
4.028 , 0.08000183 , 146.44 , 146.36
4.029 , 0.08000183 , 146.44 , 146.36
4.031 , 0.08999634 , 146.44 , 146.35
4.033 , 0.04998779 , 146.4 , 146.35
4.035 , 0.05999756 , 146.4 , 146.34
4.037 , 0.06999207 , 146.4 , 146.33
4.039 , 0.03999329 , 146.37 , 146.33
4.041 , 0.1199951 , 146.44 , 146.32
4.043 , 0.04998779 , 146.37 , 146.32
4.044 , 0.05999756 , 146.37 , 146.31
4.046 , 0.05999756 , 146.37 , 146.31
4.048 , 0.02999878 , 146.33 , 146.3
4.05 , 0.06999207 , 146.37 , 146.3
4.052 , 0.04000854 , 146.33 , 146.29
4.054 , 0.05000305 , 146.33 , 146.28
4.056 , 0.05000305 , 146.33 , 146.28
4.058 , 0.09999084 , 146.37 , 146.27
4.06 , 0.05999756 , 146.33 , 146.27
4.061 , 0.07000732 , 146.33 , 146.26
4.063 , 0.04000854 , 146.3 , 146.26
4.065 , 0.08000183 , 146.33 , 146.25
4.067 , 0.08999634 , 146.33 , 146.24
4.069 , 0.08999634 , 146.33 , 146.24
4.071 , 0.07000732 , 146.3 , 146.23
4.073 , 0.07000732 , 146.3 , 146.23
4.075 , 0.08000183 , 146.3 , 146.22
4.076 , 0.08000183 , 146.3 , 146.22
4.078 , 0.06999207 , 146.28 , 146.21
4.08 , 0.06999207 , 146.28 , 146.21
4.082 , 0.08000183 , 146.28 , 146.2
4.084 , 0.08999634 , 146.28 , 146.19
4.086 , 0.08999634 , 146.28 , 146.19
4.088 , 0.05000305 , 146.23 , 146.18
4.09 , 0.05000305 , 146.23 , 146.18
4.092 , 0.04000854 , 146.21 , 146.17
4.093 , 0.05999756 , 146.23 , 146.17
4.095 , 0.05000305 , 146.21 , 146.16
4.097 , 0.05000305 , 146.21 , 146.16
4.099 , 0.06001282 , 146.21 , 146.15
4.101 , 0.07000732 , 146.21 , 146.14
4.103 , 0.07000732 , 146.21 , 146.14
4.105 , 0.09999084 , 146.23 , 146.13
4.106 , 0.08000183 , 146.21 , 146.13
4.108 , 0.0900116 , 146.21 , 146.12
4.11 , 0.05000305 , 146.17 , 146.12
4.112 , 0.05999756 , 146.17 , 146.11
4.114 , 0.02999878 , 146.14 , 146.11
4.116 , 0.06999207 , 146.17 , 146.1
4.118 , 0.08000183 , 146.17 , 146.09
4.12 , 0.05000305 , 146.14 , 146.09
4.122 , 0.05999756 , 146.14 , 146.08
4.123 , 0.08999634 , 146.17 , 146.08
4.125 , 0.09999084 , 146.17 , 146.07
4.127 , 0.06999207 , 146.14 , 146.07
4.129 , 0.08000183 , 146.14 , 146.06
4.131 , 0.08000183 , 146.14 , 146.06
4.133 , 0.02000427 , 146.07 , 146.05
4.135 , 0.1000061 , 146.14 , 146.04
4.136 , 0.06001282 , 146.1 , 146.04
4.138 , 0.07000732 , 146.1 , 146.03
4.14 , 0.07000732 , 146.1 , 146.03
4.142 , 0.05000305 , 146.07 , 146.02
4.144 , 0.08000183 , 146.1 , 146.02
4.145 , 0.06001282 , 146.07 , 146.01
4.147 , 0.06001282 , 146.07 , 146.01
4.149 , 0.07000732 , 146.07 , 146.0
4.159 , 0.08000183 , 146.05 , 145.97
4.161 , 0.08000183 , 146.05 , 145.97
4.163 , 0.08999634 , 146.05 , 145.96
4.164 , 0.08999634 , 146.05 , 145.96
4.166 , 0.1000061 , 146.05 , 145.95
4.168 , 0.1000061 , 146.05 , 145.95
4.17 , 0.06999207 , 146.01 , 145.94
4.172 , 0.05000305 , 145.98 , 145.93
4.174 , 0.08000183 , 146.01 , 145.93
4.176 , 0.08999634 , 146.01 , 145.92
4.177 , 0.05999756 , 145.98 , 145.92
4.179 , 0.06999207 , 145.98 , 145.91
4.181 , 0.06999207 , 145.98 , 145.91
4.183 , 0.1100006 , 146.01 , 145.9
4.185 , 0.08000183 , 145.98 , 145.9
4.187 , 0.05000305 , 145.94 , 145.89
4.189 , 0.05999756 , 145.94 , 145.88
4.191 , 0.05999756 , 145.94 , 145.88
4.193 , 0.07000732 , 145.94 , 145.87
4.195 , 0.07000732 , 145.94 , 145.87
4.196 , 0.08000183 , 145.94 , 145.86
4.198 , 0.08000183 , 145.94 , 145.86
4.2 , 0.08999634 , 145.94 , 145.85
4.202 , 0.08999634 , 145.94 , 145.85
4.204 , 0.07000732 , 145.91 , 145.84
4.206 , 0.03999329 , 145.87 , 145.83
4.208 , 0.08000183 , 145.91 , 145.83
4.21 , 0.08999634 , 145.91 , 145.82
4.212 , 0.08999634 , 145.91 , 145.82
4.213 , 0.1000061 , 145.91 , 145.81
4.215 , 0.1000061 , 145.91 , 145.81
4.217 , 0.06999207 , 145.87 , 145.8
4.219 , 0.05000305 , 145.85 , 145.8
4.221 , 0.08000183 , 145.87 , 145.79
4.222 , 0.06001282 , 145.85 , 145.79
4.224 , 0.07000732 , 145.85 , 145.78
4.226 , 0.08000183 , 145.85 , 145.77
4.228 , 0.08000183 , 145.85 , 145.77
4.23 , 0.0900116 , 145.85 , 145.76
4.232 , 0.0900116 , 145.85 , 145.76
4.234 , 0.1000061 , 145.85 , 145.75
4.235 , 0.07000732 , 145.82 , 145.75
4.237 , 0.1100006 , 145.85 , 145.74
4.239 , 0.08000183 , 145.82 , 145.74
4.241 , 0.0900116 , 145.82 , 145.73
4.243 , 0.05999756 , 145.78 , 145.72
4.245 , 0.05999756 , 145.78 , 145.72
4.247 , 0.1100006 , 145.82 , 145.71
4.248 , 0.03999329 , 145.75 , 145.71
4.25 , 0.08000183 , 145.78 , 145.7
4.252 , 0.08000183 , 145.78 , 145.7
4.254 , 0.08999634 , 145.78 , 145.69
4.256 , 0.05999756 , 145.75 , 145.69
4.258 , 0.1000061 , 145.78 , 145.68
4.26 , 0.1100006 , 145.78 , 145.67
4.261 , 0.08000183 , 145.75 , 145.67
4.263 , 0.04000854 , 145.71 , 145.67
4.265 , 0.08999634 , 145.75 , 145.66
4.267 , 0.06001282 , 145.71 , 145.65
4.269 , 0.06001282 , 145.71 , 145.65
4.271 , 0.07000732 , 145.71 , 145.64
4.273 , 0.07000732 , 145.71 , 145.64
4.275 , 0.08000183 , 145.71 , 145.63
4.276 , 0.009994507 , 145.64 , 145.63
4.278 , 0.07000732 , 145.69 , 145.62
4.28 , 0.07000732 , 145.69 , 145.62
4.282 , 0.08000183 , 145.69 , 145.61
4.284 , 0.03999329 , 145.64 , 145.6
4.286 , 0.03999329 , 145.64 , 145.6
4.288 , 0.1000061 , 145.69 , 145.59
4.29 , 0.1000061 , 145.69 , 145.59
4.291 , 0.05999756 , 145.64 , 145.58
4.293 , 0.03999329 , 145.62 , 145.58
4.295 , 0.06999207 , 145.64 , 145.57
4.297 , 0.08000183 , 145.64 , 145.56
4.299 , 0.08000183 , 145.64 , 145.56
4.301 , 0.06999207 , 145.62 , 145.55
4.303 , 0.06999207 , 145.62 , 145.55
4.305 , 0.08000183 , 145.62 , 145.54
4.307 , 0.1000061 , 145.64 , 145.54
4.308 , 0.08999634 , 145.62 , 145.53
4.31 , 0.08999634 , 145.62 , 145.53
4.312 , 0.09999084 , 145.62 , 145.52
4.314 , 0.08000183 , 145.59 , 145.51
4.316 , 0.08000183 , 145.59 , 145.51
4.318 , 0.1199951 , 145.62 , 145.5
4.32 , 0.02999878 , 145.53 , 145.5
4.322 , 0.09999084 , 145.59 , 145.49
4.324 , 0.03999329 , 145.53 , 145.49
4.326 , 0.1100006 , 145.59 , 145.48
4.327 , 0.05000305 , 145.53 , 145.48
4.329 , 0.05999756 , 145.53 , 145.47
4.331 , 0.1299896 , 145.59 , 145.46
4.333 , 0.01998901 , 145.48 , 145.46
4.335 , 0.1000061 , 145.55 , 145.45
4.337 , 0.08000183 , 145.53 , 145.45
4.339 , 0.03999329 , 145.48 , 145.44
4.341 , 0.05000305 , 145.48 , 145.43
4.342 , 0.1000061 , 145.53 , 145.43
4.344 , 0.05000305 , 145.48 , 145.43
4.346 , 0.05999756 , 145.48 , 145.42
4.348 , 0.05000305 , 145.46 , 145.41
4.35 , 0.06999207 , 145.48 , 145.41
4.352 , 0.08000183 , 145.48 , 145.4
4.354 , 0.06001282 , 145.46 , 145.4
4.356 , 0.02000427 , 145.41 , 145.39
4.357 , 0.07000732 , 145.46 , 145.39
4.359 , 0.08000183 , 145.46 , 145.38
4.361 , 0.02999878 , 145.41 , 145.38
4.363 , 0.04000854 , 145.41 , 145.37
4.365 , 0.05000305 , 145.41 , 145.36
4.367 , 0.02999878 , 145.39 , 145.36
4.369 , 0.05999756 , 145.41 , 145.35
4.371 , 0.03999329 , 145.39 , 145.35
4.373 , 0.07000732 , 145.41 , 145.34
4.374 , 0.05000305 , 145.39 , 145.34
4.376 , 0.05999756 , 145.39 , 145.33
4.378 , 0.05999756 , 145.39 , 145.33
4.38 , 0.04998779 , 145.37 , 145.32
4.382 , 0.05999756 , 145.37 , 145.31
4.384 , 0.08000183 , 145.39 , 145.31
4.386 , 0.06999207 , 145.37 , 145.3
4.388 , 0.02000427 , 145.32 , 145.3
4.39 , 0.08000183 , 145.37 , 145.29
4.392 , 0.08999634 , 145.37 , 145.28
4.394 , 0.08999634 , 145.37 , 145.28
4.395 , 0.04000854 , 145.32 , 145.28
4.397 , 0.05000305 , 145.32 , 145.27
4.399 , -0.009994507 , 145.25 , 145.26
4.401 , -0.009994507 , 145.25 , 145.26
4.403 , 0.07000732 , 145.32 , 145.25
4.405 , 0.07000732 , 145.32 , 145.25
4.407 , 0.08000183 , 145.32 , 145.24
4.409 , 0.0900116 , 145.32 , 145.23
4.41 , 0.0900116 , 145.32 , 145.23
4.412 , 0.02999878 , 145.25 , 145.22
4.414 , 0.02999878 , 145.25 , 145.22
4.416 , 0.03999329 , 145.25 , 145.21
4.418 , 0.03999329 , 145.25 , 145.21
4.42 , 0.05000305 , 145.25 , 145.2
4.422 , 0.02999878 , 145.23 , 145.2
4.424 , 0.03999329 , 145.23 , 145.19
4.425 , 0.03999329 , 145.23 , 145.19
4.427 , 0.0 , 145.18 , 145.18
4.429 , 0.009994507 , 145.18 , 145.17
4.431 , 0.009994507 , 145.18 , 145.17
4.433 , 0.01998901 , 145.18 , 145.16
4.435 , 0.0 , 145.16 , 145.16
4.437 , 0.02999878 , 145.18 , 145.15
4.439 , 0.03999329 , 145.18 , 145.14
4.441 , 0.03999329 , 145.18 , 145.14
4.443 , 0.02999878 , 145.16 , 145.13
4.445 , 0.02999878 , 145.16 , 145.13
4.446 , -0.009994507 , 145.11 , 145.12
4.448 , 0.04000854 , 145.16 , 145.12
4.45 , 0.0 , 145.11 , 145.11
4.452 , 0.0 , 145.11 , 145.11
4.454 , 0.05999756 , 145.16 , 145.1
4.455 , 0.009994507 , 145.11 , 145.1
4.457 , 0.02000427 , 145.11 , 145.09
4.459 , 0.0 , 145.09 , 145.09
4.461 , 0.02999878 , 145.11 , 145.08
4.463 , 0.01998901 , 145.09 , 145.07
4.465 , 0.01998901 , 145.09 , 145.07
4.467 , 0.05000305 , 145.11 , 145.06
4.469 , 0.02999878 , 145.09 , 145.06
4.471 , 0.05999756 , 145.11 , 145.05
4.473 , 0.03001404 , 145.07 , 145.04
4.474 , 0.03001404 , 145.07 , 145.04
4.476 , 0.03001404 , 145.07 , 145.04
4.478 , 0.04000854 , 145.07 , 145.03
4.48 , 0.0 , 145.02 , 145.02
4.482 , 0.05000305 , 145.07 , 145.02
4.484 , 0.01000977 , 145.02 , 145.01
4.485 , 0.01000977 , 145.02 , 145.01
4.487 , 0.02000427 , 145.02 , 145.0
4.489 , 0.02000427 , 145.02 , 145.0
4.491 , 0.02999878 , 145.02 , 144.99
4.493 , 0.02999878 , 145.02 , 144.99
4.495 , 0.02000427 , 145.0 , 144.98
4.497 , 0.02999878 , 145.0 , 144.97
4.498 , 0.05000305 , 145.02 , 144.97
4.5 , -0.01000977 , 144.95 , 144.96
4.502 , 0.03999329 , 145.0 , 144.96
4.504 , 0.05000305 , 145.0 , 144.95
4.506 , 0.0 , 144.95 , 144.95
4.508 , 0.05999756 , 145.0 , 144.94
4.51 , 0.009994507 , 144.95 , 144.94
4.512 , 0.07000732 , 145.0 , 144.93
4.513 , 0.02000427 , 144.95 , 144.93
4.515 , 0.009994507 , 144.93 , 144.92
4.517 , 0.01998901 , 144.93 , 144.91
4.519 , 0.01998901 , 144.93 , 144.91
4.521 , 0.05000305 , 144.95 , 144.9
4.523 , 0.05000305 , 144.95 , 144.9
4.525 , 0.03999329 , 144.93 , 144.89
4.527 , 0.04998779 , 144.93 , 144.88
4.529 , 0.04998779 , 144.93 , 144.88
4.531 , 0.05999756 , 144.93 , 144.87
4.533 , 0.01000977 , 144.88 , 144.87
4.535 , 0.02000427 , 144.88 , 144.86
4.537 , 0.02000427 , 144.88 , 144.86
4.538 , 0.02999878 , 144.88 , 144.85
4.54 , 0.02999878 , 144.88 , 144.85
4.542 , 0.02000427 , 144.86 , 144.84
4.544 , 0.02999878 , 144.86 , 144.83
4.546 , 0.05000305 , 144.88 , 144.83
4.548 , 0.03999329 , 144.86 , 144.82
4.55 , 0.03999329 , 144.86 , 144.82
4.552 , 0.05000305 , 144.86 , 144.81
4.553 , 0.02999878 , 144.84 , 144.81
4.555 , 0.03999329 , 144.84 , 144.8
4.557 , 0.03999329 , 144.84 , 144.8
4.559 , 0.0 , 144.79 , 144.79
4.561 , 0.05999756 , 144.84 , 144.78
4.563 , 0.009994507 , 144.79 , 144.78
4.565 , 0.01998901 , 144.79 , 144.77
4.567 , 0.01998901 , 144.79 , 144.77
4.569 , 0.02999878 , 144.79 , 144.76
4.571 , 0.03999329 , 144.79 , 144.75
4.573 , 0.03999329 , 144.79 , 144.75
4.575 , 0.04998779 , 144.79 , 144.74
4.577 , 0.04998779 , 144.79 , 144.74
4.579 , 0.04000854 , 144.77 , 144.73
4.581 , 0.04000854 , 144.77 , 144.73
4.582 , 0.0 , 144.72 , 144.72
4.584 , 0.0 , 144.72 , 144.72
4.586 , 0.05999756 , 144.77 , 144.71
4.588 , 0.07000732 , 144.77 , 144.7
4.59 , 0.02000427 , 144.72 , 144.7
4.592 , 0.009994507 , 144.7 , 144.69
4.594 , 0.02999878 , 144.72 , 144.69
4.596 , 0.04000854 , 144.72 , 144.68
4.597 , 0.04000854 , 144.72 , 144.68
4.599 , 0.05000305 , 144.72 , 144.67
4.601 , 0.02999878 , 144.7 , 144.67
4.603 , 0.03999329 , 144.7 , 144.66
4.605 , 0.05000305 , 144.7 , 144.65
4.607 , 0.05000305 , 144.7 , 144.65
4.609 , 0.05999756 , 144.7 , 144.64
4.611 , 0.05999756 , 144.7 , 144.64
4.613 , 0.02999878 , 144.66 , 144.63
4.615 , 0.04000854 , 144.66 , 144.62
4.616 , 0.04000854 , 144.66 , 144.62
4.618 , 0.04000854 , 144.66 , 144.62
4.62 , 0.05000305 , 144.66 , 144.61
4.622 , 0.05999756 , 144.66 , 144.6
4.624 , 0.05999756 , 144.66 , 144.6
4.626 , 0.07000732 , 144.66 , 144.59
4.628 , 0.04000854 , 144.63 , 144.59
4.63 , 0.05000305 , 144.63 , 144.58
4.631 , 0.05000305 , 144.63 , 144.58
4.633 , 0.05999756 , 144.63 , 144.57
4.635 , 0.08999634 , 144.66 , 144.57
4.637 , 0.07000732 , 144.63 , 144.56
4.639 , 0.05999756 , 144.61 , 144.55
4.641 , 0.05999756 , 144.61 , 144.55
4.642 , 0.02000427 , 144.56 , 144.54
4.644 , 0.02000427 , 144.56 , 144.54
4.646 , 0.02999878 , 144.56 , 144.53
4.648 , 0.08000183 , 144.61 , 144.53
4.65 , 0.01998901 , 144.54 , 144.52
4.652 , 0.03999329 , 144.56 , 144.52
4.654 , 0.05000305 , 144.56 , 144.51
4.656 , 0.03999329 , 144.54 , 144.5
4.658 , 0.03999329 , 144.54 , 144.5
4.66 , 0.04998779 , 144.54 , 144.49
4.662 , 0.04998779 , 144.54 , 144.49
4.663 , 0.05999756 , 144.54 , 144.48
4.665 , 0.02000427 , 144.5 , 144.48
4.667 , 0.02999878 , 144.5 , 144.47
4.669 , 0.03999329 , 144.5 , 144.46
4.671 , 0.03999329 , 144.5 , 144.46
4.673 , 0.05000305 , 144.5 , 144.45
4.675 , 0.05000305 , 144.5 , 144.45
4.677 , -0.01000977 , 144.43 , 144.44
4.679 , -0.01000977 , 144.43 , 144.44
4.68 , 0.0 , 144.43 , 144.43
4.682 , 0.04000854 , 144.47 , 144.43
4.684 , 0.009994507 , 144.43 , 144.42
4.686 , 0.01998901 , 144.43 , 144.41
4.688 , 0.01998901 , 144.43 , 144.41
4.69 , 0.02999878 , 144.43 , 144.4
4.692 , 0.0 , 144.4 , 144.4
4.694 , 0.03999329 , 144.43 , 144.39
4.696 , 0.009994507 , 144.4 , 144.39
4.698 , 0.01998901 , 144.4 , 144.38
4.7 , 0.05999756 , 144.43 , 144.37
4.702 , 0.02999878 , 144.4 , 144.37
4.704 , 0.03999329 , 144.4 , 144.36
4.705 , 0.06999207 , 144.43 , 144.36
4.707 , 0.02999878 , 144.38 , 144.35
4.709 , 0.04998779 , 144.4 , 144.35
4.711 , 0.05999756 , 144.4 , 144.34
4.713 , 0.05000305 , 144.38 , 144.33
4.715 , 0.05000305 , 144.38 , 144.33
4.717 , 0.01998901 , 144.34 , 144.32
4.719 , 0.01998901 , 144.34 , 144.32
4.721 , 0.02999878 , 144.34 , 144.31
4.723 , 0.02999878 , 144.34 , 144.31
4.724 , 0.009994507 , 144.31 , 144.3
4.726 , 0.03999329 , 144.34 , 144.3
4.728 , 0.05000305 , 144.34 , 144.29
4.73 , 0.02999878 , 144.31 , 144.28
4.732 , 0.02999878 , 144.31 , 144.28
4.734 , 0.06999207 , 144.34 , 144.27
4.736 , 0.03999329 , 144.31 , 144.27
4.738 , 0.08000183 , 144.34 , 144.26
4.74 , 0.08000183 , 144.34 , 144.26
4.742 , 0.05999756 , 144.31 , 144.25
4.744 , 0.02999878 , 144.27 , 144.24
4.746 , 0.09999084 , 144.34 , 144.24
4.747 , 0.08000183 , 144.31 , 144.23
4.749 , 0.08000183 , 144.31 , 144.23
4.751 , 0.08999634 , 144.31 , 144.22
4.753 , 0.05000305 , 144.27 , 144.22
4.755 , 0.05999756 , 144.27 , 144.21
4.757 , 0.07000732 , 144.27 , 144.2
4.759 , 0.07000732 , 144.27 , 144.2
4.761 , 0.08000183 , 144.27 , 144.19
4.762 , 0.05000305 , 144.24 , 144.19
4.764 , 0.0900116 , 144.27 , 144.18
4.766 , 0.06001282 , 144.24 , 144.18
4.768 , 0.07000732 , 144.24 , 144.17
4.77 , 0.07000732 , 144.24 , 144.17
4.772 , 0.08000183 , 144.24 , 144.16
4.774 , 0.05000305 , 144.2 , 144.15
4.776 , 0.02000427 , 144.17 , 144.15
4.777 , 0.05000305 , 144.2 , 144.15
4.779 , 0.02999878 , 144.17 , 144.14
4.781 , 0.06999207 , 144.2 , 144.13
4.783 , 0.06999207 , 144.2 , 144.13
4.785 , 0.08000183 , 144.2 , 144.12
4.787 , 0.08000183 , 144.2 , 144.12
4.789 , 0.05999756 , 144.17 , 144.11
4.791 , 0.06999207 , 144.17 , 144.1
4.793 , 0.06999207 , 144.17 , 144.1
4.795 , 0.05999756 , 144.15 , 144.09
4.797 , 0.08000183 , 144.17 , 144.09
4.799 , 0.08999634 , 144.17 , 144.08
4.801 , 0.09999084 , 144.17 , 144.07
4.802 , 0.09999084 , 144.17 , 144.07
4.804 , 0.07998657 , 144.15 , 144.07
4.806 , 0.08999634 , 144.15 , 144.06
4.808 , 0.05999756 , 144.11 , 144.05
4.81 , 0.02999878 , 144.08 , 144.05
4.812 , 0.07000732 , 144.11 , 144.04
4.814 , 0.07000732 , 144.11 , 144.04
4.816 , 0.05000305 , 144.08 , 144.03
4.817 , 0.08000183 , 144.11 , 144.03
4.819 , 0.05999756 , 144.08 , 144.02
4.821 , 0.05999756 , 144.08 , 144.02
4.823 , 0.1000061 , 144.11 , 144.01
4.825 , 0.08000183 , 144.08 , 144.0
4.827 , 0.08000183 , 144.08 , 144.0
4.829 , 0.08999634 , 144.08 , 143.99
4.83 , 0.01998901 , 144.01 , 143.99
4.832 , 0.1000061 , 144.08 , 143.98
4.834 , 0.05999756 , 144.04 , 143.98
4.836 , 0.06999207 , 144.04 , 143.97
4.838 , 0.06999207 , 144.04 , 143.97
4.84 , 0.07998657 , 144.04 , 143.96
4.842 , 0.1300049 , 144.08 , 143.95
4.844 , 0.1300049 , 144.08 , 143.95
4.845 , 0.09999084 , 144.04 , 143.94
4.847 , 0.09999084 , 144.04 , 143.94
4.849 , 0.1100006 , 144.04 , 143.93
4.851 , 0.1100006 , 144.04 , 143.93
4.853 , 0.1199951 , 144.04 , 143.92
4.855 , 0.09999084 , 144.01 , 143.91
4.857 , 0.09999084 , 144.01 , 143.91
4.859 , 0.1100006 , 144.01 , 143.9
4.86 , 0.1100006 , 144.01 , 143.9
4.862 , 0.1199951 , 144.01 , 143.89
4.864 , 0.1199951 , 144.01 , 143.89
4.866 , 0.1299896 , 144.01 , 143.88
4.868 , 0.06999207 , 143.95 , 143.88
4.869 , 0.1000061 , 143.97 , 143.87
4.871 , 0.1000061 , 143.97 , 143.87
4.873 , 0.08999634 , 143.95 , 143.86
4.875 , 0.08999634 , 143.95 , 143.86
4.877 , 0.1199951 , 143.97 , 143.85
4.879 , 0.1300049 , 143.97 , 143.84
4.88 , 0.1100006 , 143.95 , 143.84
4.882 , 0.1100006 , 143.95 , 143.84
4.884 , 0.1199951 , 143.95 , 143.83
4.886 , 0.09999084 , 143.92 , 143.82
4.888 , 0.1299896 , 143.95 , 143.82
4.89 , 0.1100006 , 143.92 , 143.81
4.891 , 0.1100006 , 143.92 , 143.81
4.893 , 0.1499939 , 143.95 , 143.8
4.895 , 0.1199951 , 143.92 , 143.8
4.897 , 0.1300049 , 143.92 , 143.79
4.899 , 0.1000061 , 143.88 , 143.78
4.901 , 0.07000732 , 143.85 , 143.78
4.902 , 0.1000061 , 143.88 , 143.78
4.904 , 0.1100006 , 143.88 , 143.77
4.906 , 0.1200104 , 143.88 , 143.76
4.908 , 0.0900116 , 143.85 , 143.76
4.91 , 0.1300049 , 143.88 , 143.75
4.911 , 0.1300049 , 143.88 , 143.75
4.913 , 0.1100006 , 143.85 , 143.74
4.915 , 0.1100006 , 143.85 , 143.74
4.917 , 0.1200104 , 143.85 , 143.73
4.918 , 0.08000183 , 143.81 , 143.73
4.92 , 0.08999634 , 143.81 , 143.72
4.922 , 0.08999634 , 143.81 , 143.72
4.924 , 0.1399994 , 143.85 , 143.71
4.926 , 0.1399994 , 143.85 , 143.71
4.928 , 0.08999634 , 143.79 , 143.7
4.93 , 0.09999084 , 143.79 , 143.69
4.932 , 0.09999084 , 143.79 , 143.69
4.934 , 0.1100006 , 143.79 , 143.68
4.935 , 0.1100006 , 143.79 , 143.68
4.937 , 0.1199951 , 143.79 , 143.67
4.939 , 0.1199951 , 143.79 , 143.67
4.941 , 0.1299896 , 143.79 , 143.66
4.943 , 0.0900116 , 143.74 , 143.65
4.945 , 0.0900116 , 143.74 , 143.65
4.946 , 0.07000732 , 143.72 , 143.65
4.948 , 0.05000305 , 143.69 , 143.64
4.95 , 0.05999756 , 143.69 , 143.63
4.952 , 0.05999756 , 143.69 , 143.63
4.954 , 0.02999878 , 143.65 , 143.62
4.956 , -0.01998901 , 143.6 , 143.62
4.958 , 0.03999329 , 143.65 , 143.61
4.96 , 0.08999634 , 143.69 , 143.6
4.962 , 0.0 , 143.6 , 143.6
4.963 , 0.0 , 143.6 , 143.6
4.965 , 0.01000977 , 143.6 , 143.59
4.967 , 0.06999207 , 143.65 , 143.58
4.969 , -0.02000427 , 143.56 , 143.58
4.971 , -0.01000977 , 143.56 , 143.57
4.973 , 0.02999878 , 143.6 , 143.57
4.975 , 0.04000854 , 143.6 , 143.56
4.976 , 0.04000854 , 143.6 , 143.56
4.978 , 0.009994507 , 143.56 , 143.55
4.98 , 0.009994507 , 143.56 , 143.55
4.982 , -0.009994507 , 143.53 , 143.54
4.984 , 0.02999878 , 143.56 , 143.53
4.986 , 0.02999878 , 143.56 , 143.53
4.988 , -0.02999878 , 143.49 , 143.52
4.99 , 0.009994507 , 143.53 , 143.52
4.992 , -0.01998901 , 143.49 , 143.51
4.994 , -0.009994507 , 143.49 , 143.5
4.996 , 0.02999878 , 143.53 , 143.5
4.998 , 0.0 , 143.49 , 143.49
5.0 , 0.0 , 143.49 , 143.49
5.002 , -0.009994507 , 143.47 , 143.48
5.004 , 0.05999756 , 143.53 , 143.47
5.005 , 0.02000427 , 143.49 , 143.47
5.007 , 0.0 , 143.47 , 143.47
5.009 , 0.02999878 , 143.49 , 143.46
5.011 , 0.02000427 , 143.47 , 143.45
5.021 , 0.02000427 , 143.44 , 143.42
5.023 , -0.05000305 , 143.37 , 143.42
5.024 , 0.02000427 , 143.44 , 143.42
5.026 , -0.01000977 , 143.4 , 143.41
5.028 , 0.04000854 , 143.44 , 143.4
5.03 , 0.04000854 , 143.44 , 143.4
5.032 , 0.05000305 , 143.44 , 143.39
5.034 , -0.02000427 , 143.37 , 143.39
5.036 , 0.05999756 , 143.44 , 143.38
5.037 , -0.01000977 , 143.37 , 143.38
5.039 , 0.0 , 143.37 , 143.37
5.041 , 0.0 , 143.37 , 143.37
5.043 , -0.02999878 , 143.33 , 143.36
5.045 , 0.01998901 , 143.37 , 143.35
5.047 , -0.02000427 , 143.33 , 143.35
5.048 , -0.009994507 , 143.33 , 143.34
5.05 , 0.02999878 , 143.37 , 143.34
5.052 , 0.03999329 , 143.37 , 143.33
5.054 , 0.0 , 143.33 , 143.33
5.056 , 0.04998779 , 143.37 , 143.32
5.058 , 0.02000427 , 143.33 , 143.31
5.06 , 0.05999756 , 143.37 , 143.31
5.062 , 0.02999878 , 143.33 , 143.3
5.064 , 0.06999207 , 143.37 , 143.3
5.065 , 0.04000854 , 143.33 , 143.29
5.067 , 0.02000427 , 143.31 , 143.29
5.069 , 0.05000305 , 143.33 , 143.28
5.071 , 0.02999878 , 143.31 , 143.28
5.073 , -0.01000977 , 143.26 , 143.27
5.075 , 0.05000305 , 143.31 , 143.26
5.077 , 0.05000305 , 143.31 , 143.26
5.079 , 0.009994507 , 143.26 , 143.25
5.081 , 0.05999756 , 143.31 , 143.25
5.083 , 0.0 , 143.24 , 143.24
5.084 , 0.01998901 , 143.26 , 143.24
5.086 , 0.02999878 , 143.26 , 143.23
5.088 , 0.02999878 , 143.26 , 143.23
5.09 , 0.02000427 , 143.24 , 143.22
5.092 , 0.04998779 , 143.26 , 143.21
5.094 , 0.02999878 , 143.24 , 143.21
5.096 , 0.04000854 , 143.24 , 143.2
5.098 , 0.04000854 , 143.24 , 143.2
5.099 , 0.05000305 , 143.24 , 143.19
5.101 , 0.0 , 143.19 , 143.19
5.103 , 0.01000977 , 143.19 , 143.18
5.105 , 0.01000977 , 143.19 , 143.18
5.107 , 0.02000427 , 143.19 , 143.17
5.108 , 0.0 , 143.17 , 143.17
5.11 , 0.02999878 , 143.19 , 143.16
5.112 , 0.009994507 , 143.17 , 143.16
5.114 , -0.009994507 , 143.14 , 143.15
5.116 , 0.05000305 , 143.19 , 143.14
5.118 , 0.02999878 , 143.17 , 143.14
5.12 , 0.009994507 , 143.14 , 143.13
5.122 , 0.03999329 , 143.17 , 143.13
5.124 , 0.05000305 , 143.17 , 143.12
5.126 , 0.02999878 , 143.14 , 143.11
5.128 , 0.02999878 , 143.14 , 143.11
5.13 , 0.03999329 , 143.14 , 143.1
5.131 , 0.03999329 , 143.14 , 143.1
5.133 , 0.01000977 , 143.1 , 143.09
5.135 , 0.01000977 , 143.1 , 143.09
5.137 , 0.02000427 , 143.1 , 143.08
5.139 , 0.0 , 143.08 , 143.08
5.14 , 0.02999878 , 143.1 , 143.07
5.142 , 0.009994507 , 143.08 , 143.07
5.144 , 0.04000854 , 143.1 , 143.06
5.146 , 0.02999878 , 143.08 , 143.05
5.148 , 0.02999878 , 143.08 , 143.05
5.15 , 0.04000854 , 143.08 , 143.04
5.152 , -0.02999878 , 143.01 , 143.04
5.154 , -0.02000427 , 143.01 , 143.03
5.156 , -0.01000977 , 143.01 , 143.02
5.157 , -0.01000977 , 143.01 , 143.02
5.159 , 0.05999756 , 143.08 , 143.02
5.161 , 0.0 , 143.01 , 143.01
5.163 , 0.009994507 , 143.01 , 143.0
5.165 , -0.02000427 , 142.98 , 143.0
5.167 , 0.01998901 , 143.01 , 142.99
5.169 , -0.01000977 , 142.98 , 142.99
5.171 , 0.02999878 , 143.01 , 142.98
5.173 , 0.03999329 , 143.01 , 142.97
5.174 , 0.03999329 , 143.01 , 142.97
5.176 , 0.009994507 , 142.98 , 142.97
5.178 , -0.02000427 , 142.94 , 142.96
5.18 , -0.009994507 , 142.94 , 142.95
5.182 , 0.02999878 , 142.98 , 142.95
5.184 , 0.03999329 , 142.98 , 142.94
5.186 , 0.0 , 142.94 , 142.94
5.188 , -0.009994507 , 142.92 , 142.93
5.19 , 0.02000427 , 142.94 , 142.92
5.192 , 0.0 , 142.92 , 142.92
5.194 , 0.009994507 , 142.92 , 142.91
5.196 , 0.009994507 , 142.92 , 142.91
5.198 , 0.02000427 , 142.92 , 142.9
5.199 , 0.02000427 , 142.92 , 142.9
5.201 , 0.02999878 , 142.92 , 142.89
5.203 , 0.0 , 142.89 , 142.89
5.205 , 0.009994507 , 142.89 , 142.88
5.207 , -0.01998901 , 142.85 , 142.87
5.209 , 0.02000427 , 142.89 , 142.87
5.211 , 0.02999878 , 142.89 , 142.86
5.213 , 0.02999878 , 142.89 , 142.86
5.215 , 0.0 , 142.85 , 142.85
5.217 , 0.01000977 , 142.85 , 142.84
5.218 , 0.01000977 , 142.85 , 142.84
5.22 , 0.01000977 , 142.85 , 142.84
5.222 , -0.009994507 , 142.82 , 142.83
5.224 , 0.0 , 142.82 , 142.82
5.226 , 0.02999878 , 142.85 , 142.82
5.228 , 0.01000977 , 142.82 , 142.81
5.23 , 0.01000977 , 142.82 , 142.81
5.232 , 0.02000427 , 142.82 , 142.8
5.233 , -0.02000427 , 142.78 , 142.8
5.235 , 0.03001404 , 142.82 , 142.79
5.237 , 0.03001404 , 142.82 , 142.79
5.239 , 0.0 , 142.78 , 142.78
5.241 , 0.009994507 , 142.78 , 142.77
5.243 , 0.009994507 , 142.78 , 142.77
5.245 , 0.02000427 , 142.78 , 142.76
5.247 , -0.04998779 , 142.71 , 142.76
5.249 , 0.02999878 , 142.78 , 142.75
5.251 , 0.01998901 , 142.76 , 142.74
5.253 , 0.03999329 , 142.78 , 142.74
5.254 , -0.02999878 , 142.71 , 142.74
5.256 , 0.05000305 , 142.78 , 142.73
5.258 , -0.009994507 , 142.71 , 142.72
5.26 , -0.009994507 , 142.71 , 142.72
5.262 , 0.04998779 , 142.76 , 142.71
5.264 , 0.0 , 142.71 , 142.71
5.266 , 0.01000977 , 142.71 , 142.7
5.268 , 0.02000427 , 142.71 , 142.69
5.269 , 0.0 , 142.69 , 142.69
5.271 , 0.03001404 , 142.71 , 142.68
5.273 , 0.03001404 , 142.71 , 142.68
5.275 , 0.02000427 , 142.69 , 142.67
5.277 , 0.02000427 , 142.69 , 142.67
5.279 , 0.05000305 , 142.71 , 142.66
5.281 , 0.02999878 , 142.69 , 142.66
5.282 , 0.04000854 , 142.69 , 142.65
5.284 , 0.01000977 , 142.66 , 142.65
5.286 , 0.02000427 , 142.66 , 142.64
5.288 , 0.05999756 , 142.69 , 142.63
5.29 , 0.02999878 , 142.66 , 142.63
5.292 , 0.04000854 , 142.66 , 142.62
5.294 , 0.04000854 , 142.66 , 142.62
5.296 , 0.05000305 , 142.66 , 142.61
5.297 , -0.05999756 , 142.55 , 142.61
5.299 , 0.01998901 , 142.62 , 142.6
5.301 , 0.01998901 , 142.62 , 142.6
5.303 , 0.02999878 , 142.62 , 142.59
5.305 , 0.03999329 , 142.62 , 142.58
5.307 , -0.02999878 , 142.55 , 142.58
5.309 , -0.02000427 , 142.55 , 142.57
5.311 , -0.02000427 , 142.55 , 142.57
5.312 , -0.009994507 , 142.55 , 142.56
5.314 , -0.009994507 , 142.55 , 142.56
5.316 , 0.0 , 142.55 , 142.55
5.318 , 0.0 , 142.55 , 142.55
5.32 , -0.009994507 , 142.53 , 142.54
5.322 , -0.05000305 , 142.48 , 142.53
5.324 , -0.05000305 , 142.48 , 142.53
5.326 , -0.04000854 , 142.48 , 142.52
5.328 , -0.04000854 , 142.48 , 142.52
5.329 , -0.02999878 , 142.48 , 142.51
5.331 , 0.02000427 , 142.53 , 142.51
5.333 , -0.02000427 , 142.48 , 142.5
5.335 , -0.02000427 , 142.48 , 142.5
5.337 , -0.02999878 , 142.46 , 142.49
5.339 , 0.0 , 142.48 , 142.48
5.341 , -0.03999329 , 142.44 , 142.48
5.342 , -0.01998901 , 142.46 , 142.48
5.344 , -0.009994507 , 142.46 , 142.47
5.346 , -0.02000427 , 142.44 , 142.46
5.348 , 0.0 , 142.46 , 142.46
5.35 , 0.01000977 , 142.46 , 142.45
5.352 , -0.009994507 , 142.44 , 142.45
5.354 , 0.0 , 142.44 , 142.44
5.355 , 0.0 , 142.44 , 142.44
5.357 , 0.01000977 , 142.44 , 142.43
5.359 , 0.02000427 , 142.44 , 142.42
5.361 , -0.02999878 , 142.39 , 142.42
5.363 , -0.02000427 , 142.39 , 142.41
5.365 , -0.02000427 , 142.39 , 142.41
5.366 , -0.009994507 , 142.39 , 142.4
5.368 , -0.009994507 , 142.39 , 142.4
5.37 , -0.02000427 , 142.37 , 142.39
5.372 , 0.0 , 142.39 , 142.39
5.374 , 0.009994507 , 142.39 , 142.38
5.376 , 0.02000427 , 142.39 , 142.37
5.378 , -0.04998779 , 142.32 , 142.37
5.38 , 0.009994507 , 142.37 , 142.36
5.382 , 0.009994507 , 142.37 , 142.36
5.384 , 0.01998901 , 142.37 , 142.35
5.386 , 0.02999878 , 142.37 , 142.34
5.388 , -0.01998901 , 142.32 , 142.34
5.39 , -0.02999878 , 142.3 , 142.33
5.392 , -0.009994507 , 142.32 , 142.33
5.394 , -0.02000427 , 142.3 , 142.32
5.395 , -0.02000427 , 142.3 , 142.32
5.397 , -0.05999756 , 142.25 , 142.31
5.399 , -0.05999756 , 142.25 , 142.31
5.401 , -0.05000305 , 142.25 , 142.3
5.403 , 0.01000977 , 142.3 , 142.29
5.405 , -0.03999329 , 142.25 , 142.29
5.407 , 0.02000427 , 142.3 , 142.28
5.409 , -0.05000305 , 142.23 , 142.28
5.41 , -0.02000427 , 142.25 , 142.27
5.412 , -0.02000427 , 142.25 , 142.27
5.414 , -0.02999878 , 142.23 , 142.26
5.416 , -0.02999878 , 142.23 , 142.26
5.418 , -0.02000427 , 142.23 , 142.25
5.42 , -0.02999878 , 142.21 , 142.24
5.422 , -0.02999878 , 142.21 , 142.24
5.424 , -0.01998901 , 142.21 , 142.23
5.425 , 0.0 , 142.23 , 142.23
5.427 , -0.009994507 , 142.21 , 142.22
5.429 , 0.009994507 , 142.23 , 142.22
5.431 , 0.0 , 142.21 , 142.21
5.433 , 0.0 , 142.21 , 142.21
5.434 , -0.03999329 , 142.16 , 142.2
5.436 , -0.03999329 , 142.16 , 142.2
5.438 , -0.02999878 , 142.16 , 142.19
5.44 , 0.02000427 , 142.21 , 142.19
5.442 , -0.01998901 , 142.16 , 142.18
5.444 , -0.009994507 , 142.16 , 142.17
5.446 , -0.009994507 , 142.16 , 142.17
5.448 , -0.02000427 , 142.14 , 142.16
5.45 , 0.0 , 142.16 , 142.16
5.451 , -0.009994507 , 142.14 , 142.15
5.453 , -0.05999756 , 142.09 , 142.15
5.455 , -0.05000305 , 142.09 , 142.14
5.457 , -0.05000305 , 142.09 , 142.14
5.459 , -0.04000854 , 142.09 , 142.13
5.461 , -0.02999878 , 142.09 , 142.12
5.463 , -0.02999878 , 142.09 , 142.12
5.465 , -0.03999329 , 142.07 , 142.11
5.467 , -0.08999634 , 142.02 , 142.11
5.469 , -0.02999878 , 142.07 , 142.1
5.471 , -0.06999207 , 142.02 , 142.09
5.472 , -0.06999207 , 142.02 , 142.09
5.474 , -0.08000183 , 142.0 , 142.08
5.476 , -0.08000183 , 142.0 , 142.08
5.478 , -0.05000305 , 142.02 , 142.07
5.48 , -0.05000305 , 142.02 , 142.07
5.482 , -0.03999329 , 142.02 , 142.06
5.484 , -0.03999329 , 142.02 , 142.06
5.485 , -0.02999878 , 142.02 , 142.05
5.487 , -0.05000305 , 142.0 , 142.05
5.489 , -0.03999329 , 142.0 , 142.04
5.491 , -0.02999878 , 142.0 , 142.03
5.493 , -0.05000305 , 141.98 , 142.03
5.495 , -0.04000854 , 141.98 , 142.02
5.497 , -0.02000427 , 142.0 , 142.02
5.499 , -0.02999878 , 141.98 , 142.01
5.5 , -0.02999878 , 141.98 , 142.01
5.502 , -0.02000427 , 141.98 , 142.0
5.504 , 0.0 , 142.0 , 142.0
5.506 , -0.06001282 , 141.93 , 141.99
5.508 , 0.0 , 141.98 , 141.98
5.51 , 0.0 , 141.98 , 141.98
5.511 , -0.05000305 , 141.93 , 141.98
5.513 , -0.04000854 , 141.93 , 141.97
5.515 , -0.03001404 , 141.93 , 141.96
5.517 , -0.03001404 , 141.93 , 141.96
5.519 , -0.03999329 , 141.91 , 141.95
5.521 , -0.03999329 , 141.91 , 141.95
5.523 , -0.02999878 , 141.91 , 141.94
5.525 , -0.01998901 , 141.91 , 141.93
5.526 , -0.01998901 , 141.91 , 141.93
5.528 , -0.01998901 , 141.91 , 141.93
5.53 , -0.05999756 , 141.86 , 141.92
5.532 , -0.07000732 , 141.84 , 141.91
5.534 , -0.05000305 , 141.86 , 141.91
5.536 , 0.01000977 , 141.91 , 141.9
5.538 , -0.03999329 , 141.86 , 141.9
5.54 , -0.05000305 , 141.84 , 141.89
5.542 , -0.04000854 , 141.84 , 141.88
5.544 , -0.04000854 , 141.84 , 141.88
5.545 , -0.02999878 , 141.84 , 141.87
5.547 , -0.02999878 , 141.84 , 141.87
5.549 , -0.02000427 , 141.84 , 141.86
5.551 , -0.07000732 , 141.79 , 141.86
5.553 , -0.06001282 , 141.79 , 141.85
5.555 , -0.06001282 , 141.79 , 141.85
5.557 , -0.05000305 , 141.79 , 141.84
5.559 , -0.05999756 , 141.77 , 141.83
5.561 , -0.04000854 , 141.79 , 141.83
5.563 , -0.03001404 , 141.79 , 141.82
5.564 , -0.03001404 , 141.79 , 141.82
5.566 , -0.02000427 , 141.79 , 141.81
5.568 , -0.02000427 , 141.79 , 141.81
5.57 , -0.02999878 , 141.77 , 141.8
5.572 , -0.02999878 , 141.77 , 141.8
5.574 , -0.03999329 , 141.75 , 141.79
5.576 , -0.009994507 , 141.77 , 141.78
5.578 , -0.02999878 , 141.75 , 141.78
5.58 , -0.02000427 , 141.75 , 141.77
5.582 , -0.02000427 , 141.75 , 141.77
5.584 , -0.009994507 , 141.75 , 141.76
5.586 , 0.0 , 141.75 , 141.75
5.587 , -0.05000305 , 141.7 , 141.75
5.589 , -0.04000854 , 141.7 , 141.74
5.591 , -0.04000854 , 141.7 , 141.74
5.593 , 0.02000427 , 141.75 , 141.73
5.595 , -0.02999878 , 141.7 , 141.73
5.597 , -0.02000427 , 141.7 , 141.72
5.599 , -0.04000854 , 141.68 , 141.72
5.601 , -0.01000977 , 141.7 , 141.71
5.603 , -0.02000427 , 141.68 , 141.7
5.604 , 0.0 , 141.7 , 141.7
5.606 , -0.05999756 , 141.63 , 141.69
5.608 , -0.05999756 , 141.63 , 141.69
5.61 , 0.02000427 , 141.7 , 141.68
5.612 , 0.0 , 141.68 , 141.68
5.614 , 0.009994507 , 141.68 , 141.67
5.616 , -0.02999878 , 141.63 , 141.66
5.618 , -0.02999878 , 141.63 , 141.66
5.62 , -0.01998901 , 141.63 , 141.65
5.621 , -0.03999329 , 141.61 , 141.65
5.623 , -0.02999878 , 141.61 , 141.64
5.625 , -0.009994507 , 141.63 , 141.64
5.627 , 0.0 , 141.63 , 141.63
5.629 , -0.02000427 , 141.61 , 141.63
5.631 , -0.04998779 , 141.57 , 141.62
5.633 , -0.03999329 , 141.57 , 141.61
5.635 , -0.03999329 , 141.57 , 141.61
5.636 , -0.03999329 , 141.57 , 141.61
5.638 , -0.02999878 , 141.57 , 141.6
5.64 , -0.01998901 , 141.57 , 141.59
5.642 , -0.01998901 , 141.57 , 141.59
5.644 , -0.009994507 , 141.57 , 141.58
5.646 , -0.009994507 , 141.57 , 141.58
5.648 , -0.03001404 , 141.54 , 141.57
5.65 , -0.02000427 , 141.54 , 141.56
5.652 , -0.02000427 , 141.54 , 141.56
5.654 , -0.01000977 , 141.54 , 141.55
5.656 , -0.01000977 , 141.54 , 141.55
5.657 , -0.01998901 , 141.52 , 141.54
5.659 , 0.0 , 141.54 , 141.54
5.661 , -0.05999756 , 141.47 , 141.53
5.663 , -0.009994507 , 141.52 , 141.53
5.665 , 0.0 , 141.52 , 141.52
5.667 , 0.01000977 , 141.52 , 141.51
5.669 , 0.01000977 , 141.52 , 141.51
5.67 , -0.03999329 , 141.47 , 141.51
5.672 , -0.05000305 , 141.45 , 141.5
5.674 , -0.04000854 , 141.45 , 141.49
5.676 , -0.08000183 , 141.41 , 141.49
5.678 , -0.02999878 , 141.45 , 141.48
5.68 , -0.06999207 , 141.41 , 141.48
5.682 , -0.05999756 , 141.41 , 141.47
5.684 , -0.08000183 , 141.38 , 141.46
5.686 , -0.05000305 , 141.41 , 141.46
5.687 , -0.06999207 , 141.38 , 141.45
5.689 , -0.03999329 , 141.41 , 141.45
5.691 , -0.05999756 , 141.38 , 141.44
5.693 , -0.02999878 , 141.41 , 141.44
5.695 , -0.01998901 , 141.41 , 141.43
5.697 , -0.04998779 , 141.38 , 141.43
5.699 , -0.03999329 , 141.38 , 141.42
5.701 , 0.0 , 141.41 , 141.41
5.702 , -0.07000732 , 141.34 , 141.41
5.704 , -0.01998901 , 141.38 , 141.4
5.706 , -0.01998901 , 141.38 , 141.4
5.708 , -0.08000183 , 141.31 , 141.39
5.71 , -0.05000305 , 141.34 , 141.39
5.712 , -0.04000854 , 141.34 , 141.38
5.714 , 0.0 , 141.38 , 141.38
5.715 , -0.05999756 , 141.31 , 141.37
5.717 , -0.02999878 , 141.34 , 141.37
5.719 , -0.05000305 , 141.31 , 141.36
5.721 , -0.08000183 , 141.27 , 141.35
5.723 , -0.01000977 , 141.34 , 141.35
5.725 , -0.02999878 , 141.31 , 141.34
5.727 , -0.06999207 , 141.27 , 141.34
5.729 , -0.05999756 , 141.27 , 141.33
5.731 , -0.01000977 , 141.31 , 141.32
5.732 , -0.05000305 , 141.27 , 141.32
5.734 , -0.05000305 , 141.27 , 141.32
5.736 , -0.05999756 , 141.25 , 141.31
5.738 , -0.05000305 , 141.25 , 141.3
5.74 , -0.05000305 , 141.25 , 141.3
5.742 , -0.03999329 , 141.25 , 141.29
5.743 , -0.03999329 , 141.25 , 141.29
5.745 , -0.009994507 , 141.27 , 141.28
5.747 , -0.02999878 , 141.25 , 141.28
5.749 , -0.02000427 , 141.25 , 141.27
5.751 , -0.02000427 , 141.25 , 141.27
5.753 , -0.03999329 , 141.22 , 141.26
5.755 , -0.07000732 , 141.18 , 141.25
5.757 , -0.07000732 , 141.18 , 141.25
5.759 , -0.06001282 , 141.18 , 141.24
5.761 , -0.02000427 , 141.22 , 141.24
5.762 , -0.05000305 , 141.18 , 141.23
5.764 , -0.08000183 , 141.15 , 141.23
5.766 , -0.07000732 , 141.15 , 141.22
5.768 , -0.07000732 , 141.15 , 141.22
5.77 , -0.06001282 , 141.15 , 141.21
5.772 , -0.02000427 , 141.18 , 141.2
5.774 , -0.05000305 , 141.15 , 141.2
5.776 , -0.01000977 , 141.18 , 141.19
5.777 , -0.01000977 , 141.18 , 141.19
5.779 , 0.07000732 , 141.25 , 141.18
5.781 , 0.04000854 , 141.22 , 141.18
5.783 , -0.02000427 , 141.15 , 141.17
5.785 , 0.05000305 , 141.22 , 141.17
5.787 , 0.01998901 , 141.18 , 141.16
5.789 , 0.0 , 141.15 , 141.15
5.791 , 0.0 , 141.15 , 141.15
5.792 , 0.009994507 , 141.15 , 141.14
5.794 , 0.03999329 , 141.18 , 141.14
5.796 , 0.01998901 , 141.15 , 141.13
5.798 , 0.01998901 , 141.15 , 141.13
5.8 , 0.02999878 , 141.15 , 141.12
5.802 , 0.03999329 , 141.15 , 141.11
5.804 , 0.03999329 , 141.15 , 141.11
5.806 , 0.04998779 , 141.15 , 141.1
5.808 , 0.009994507 , 141.11 , 141.1
5.81 , 0.02000427 , 141.11 , 141.09
5.811 , 0.02000427 , 141.11 , 141.09
5.813 , 0.02999878 , 141.11 , 141.08
5.815 , 0.0 , 141.08 , 141.08
5.817 , 0.009994507 , 141.08 , 141.07
5.819 , 0.02000427 , 141.08 , 141.06
5.821 , 0.02000427 , 141.08 , 141.06
5.822 , 0.02000427 , 141.08 , 141.06
5.824 , 0.02999878 , 141.08 , 141.05
5.826 , 0.04000854 , 141.08 , 141.04
5.828 , -0.01998901 , 141.02 , 141.04
5.83 , 0.009994507 , 141.04 , 141.03
5.832 , -0.009994507 , 141.02 , 141.03
5.834 , 0.0 , 141.02 , 141.02
5.836 , 0.01000977 , 141.02 , 141.01
5.837 , 0.01000977 , 141.02 , 141.01
5.839 , 0.01000977 , 141.02 , 141.01
5.841 , 0.02000427 , 141.02 , 141.0
5.843 , 0.0 , 140.99 , 140.99
5.845 , 0.02999878 , 141.02 , 140.99
5.847 , -0.02999878 , 140.95 , 140.98
5.849 , 0.04000854 , 141.02 , 140.98
5.85 , 0.02000427 , 140.99 , 140.97
5.852 , 0.02000427 , 140.99 , 140.97
5.854 , 0.05999756 , 141.02 , 140.96
5.856 , -0.01000977 , 140.95 , 140.96
5.858 , 0.0 , 140.95 , 140.95
5.86 , 0.05000305 , 140.99 , 140.94
5.862 , 0.009994507 , 140.95 , 140.94
5.864 , 0.06001282 , 140.99 , 140.93
5.866 , -0.009994507 , 140.92 , 140.93
5.868 , 0.02999878 , 140.95 , 140.92
5.869 , 0.0 , 140.92 , 140.92
5.871 , 0.009994507 , 140.92 , 140.91
5.873 , 0.009994507 , 140.92 , 140.91
5.883 , 0.0 , 140.88 , 140.88
5.885 , 0.05000305 , 140.92 , 140.87
5.887 , 0.0 , 140.86 , 140.86
5.889 , 0.0 , 140.86 , 140.86
5.89 , 0.02999878 , 140.88 , 140.85
5.892 , 0.009994507 , 140.86 , 140.85
5.894 , 0.02000427 , 140.86 , 140.84
5.896 , -0.02999878 , 140.81 , 140.84
5.898 , 0.02999878 , 140.86 , 140.83
5.9 , 0.02999878 , 140.86 , 140.83
5.902 , 0.03999329 , 140.86 , 140.82
5.904 , 0.05000305 , 140.86 , 140.81
5.906 , 0.0 , 140.81 , 140.81
5.907 , 0.05999756 , 140.86 , 140.8
5.909 , 0.05999756 , 140.86 , 140.8
5.911 , 0.02000427 , 140.81 , 140.79
5.913 , 0.02000427 , 140.81 , 140.79
5.915 , 0.02999878 , 140.81 , 140.78
5.917 , 0.01998901 , 140.79 , 140.77
5.919 , 0.01998901 , 140.79 , 140.77
5.921 , 0.02999878 , 140.79 , 140.76
5.923 , 0.05000305 , 140.81 , 140.76
5.925 , 0.03999329 , 140.79 , 140.75
5.927 , 0.03999329 , 140.79 , 140.75
5.928 , 0.01998901 , 140.76 , 140.74
5.93 , 0.04998779 , 140.79 , 140.74
5.932 , 0.02999878 , 140.76 , 140.73
5.934 , 0.0 , 140.72 , 140.72
5.936 , 0.0 , 140.72 , 140.72
5.938 , 0.04998779 , 140.76 , 140.71
5.94 , 0.04998779 , 140.76 , 140.71
5.941 , 0.05999756 , 140.76 , 140.7
5.943 , 0.02000427 , 140.72 , 140.7
5.945 , 0.02999878 , 140.72 , 140.69
5.947 , 0.02999878 , 140.72 , 140.69
5.949 , 0.04000854 , 140.72 , 140.68
5.951 , 0.05000305 , 140.72 , 140.67
5.953 , 0.02999878 , 140.7 , 140.67
5.955 , 0.03999329 , 140.7 , 140.66
5.957 , 0.05999756 , 140.72 , 140.66
5.959 , 0.07000732 , 140.72 , 140.65
5.96 , 0.05000305 , 140.7 , 140.65
5.962 , 0.05999756 , 140.7 , 140.64
5.964 , 0.009994507 , 140.65 , 140.64
5.966 , 0.06999207 , 140.7 , 140.63
5.968 , 0.02999878 , 140.65 , 140.62
5.97 , 0.02999878 , 140.65 , 140.62
5.972 , 0.03999329 , 140.65 , 140.61
5.974 , 0.08999634 , 140.7 , 140.61
5.976 , 0.02999878 , 140.63 , 140.6
5.978 , 0.04000854 , 140.63 , 140.59
5.98 , -0.009994507 , 140.58 , 140.59
5.982 , 0.05000305 , 140.63 , 140.58
5.984 , 0.05000305 , 140.63 , 140.58
5.985 , 0.07998657 , 140.65 , 140.57
5.987 , 0.05999756 , 140.63 , 140.57
5.989 , 0.07000732 , 140.63 , 140.56
5.991 , 0.07000732 , 140.63 , 140.56
5.993 , 0.02999878 , 140.58 , 140.55
5.995 , 0.02000427 , 140.56 , 140.54
5.997 , 0.04000854 , 140.58 , 140.54
5.999 , 0.009994507 , 140.54 , 140.53
6.001 , 0.1000061 , 140.63 , 140.53
6.002 , 0.05999756 , 140.58 , 140.52
6.004 , 0.03999329 , 140.56 , 140.52
6.006 , 0.05000305 , 140.56 , 140.51
6.008 , 0.05000305 , 140.56 , 140.51
6.01 , 0.05999756 , 140.56 , 140.5
6.012 , 0.06999207 , 140.56 , 140.49
6.014 , 0.04998779 , 140.54 , 140.49
6.016 , 0.05999756 , 140.54 , 140.48
6.017 , 0.08000183 , 140.56 , 140.48
6.019 , 0.08999634 , 140.56 , 140.47
6.021 , 0.06999207 , 140.54 , 140.47
6.023 , 0.07998657 , 140.54 , 140.46
6.025 , 0.02999878 , 140.49 , 140.46
6.027 , 0.02000427 , 140.47 , 140.45
6.029 , 0.05000305 , 140.49 , 140.44
6.031 , 0.02999878 , 140.47 , 140.44
6.032 , 0.06001282 , 140.49 , 140.43
6.034 , 0.06001282 , 140.49 , 140.43
6.036 , 0.07000732 , 140.49 , 140.42
6.038 , 0.05000305 , 140.47 , 140.42
6.04 , 0.05999756 , 140.47 , 140.41
6.042 , 0.05999756 , 140.47 , 140.41
6.044 , 0.02000427 , 140.42 , 140.4
6.046 , 0.02999878 , 140.42 , 140.39
6.048 , 0.08000183 , 140.47 , 140.39
6.049 , 0.08999634 , 140.47 , 140.38
6.051 , 0.03999329 , 140.42 , 140.38
6.053 , 0.05000305 , 140.42 , 140.37
6.055 , 0.05000305 , 140.42 , 140.37
6.057 , 0.03999329 , 140.4 , 140.36
6.059 , 0.03999329 , 140.4 , 140.36
6.061 , 0.04998779 , 140.4 , 140.35
6.063 , 0.08000183 , 140.42 , 140.34
6.065 , 0.01000977 , 140.35 , 140.34
6.066 , 0.02000427 , 140.35 , 140.33
6.068 , 0.08999634 , 140.42 , 140.33
6.07 , 0.02999878 , 140.35 , 140.32
6.072 , 0.02999878 , 140.35 , 140.32
6.074 , 0.04000854 , 140.35 , 140.31
6.076 , 0.05000305 , 140.35 , 140.3
6.078 , 0.09999084 , 140.4 , 140.3
6.079 , 0.05000305 , 140.35 , 140.3
6.081 , 0.06001282 , 140.35 , 140.29
6.083 , 0.05000305 , 140.33 , 140.28
6.085 , 0.05000305 , 140.33 , 140.28
6.087 , -0.01000977 , 140.26 , 140.27
6.089 , 0.03999329 , 140.31 , 140.27
6.091 , 0.0 , 140.26 , 140.26
6.092 , 0.0 , 140.26 , 140.26
6.094 , -0.009994507 , 140.24 , 140.25
6.096 , 0.009994507 , 140.26 , 140.25
6.098 , -0.05000305 , 140.19 , 140.24
6.1 , -0.03999329 , 140.19 , 140.23
6.102 , 0.01000977 , 140.24 , 140.23
6.104 , 0.02000427 , 140.24 , 140.22
6.105 , 0.02000427 , 140.24 , 140.22
6.107 , -0.02000427 , 140.19 , 140.21
6.109 , -0.02000427 , 140.19 , 140.21
6.111 , -0.02999878 , 140.17 , 140.2
6.113 , -0.009994507 , 140.19 , 140.2
6.115 , -0.07000732 , 140.12 , 140.19
6.116 , 0.0 , 140.19 , 140.19
6.118 , 0.01000977 , 140.19 , 140.18
6.12 , 0.02000427 , 140.19 , 140.17
6.122 , 0.0 , 140.17 , 140.17
6.124 , 0.02999878 , 140.19 , 140.16
6.125 , 0.009994507 , 140.17 , 140.16
6.127 , 0.02000427 , 140.17 , 140.15
6.129 , -0.02999878 , 140.12 , 140.15
6.131 , -0.02000427 , 140.12 , 140.14
6.133 , -0.03999329 , 140.1 , 140.14
6.135 , -0.02999878 , 140.1 , 140.13
6.137 , -0.01998901 , 140.1 , 140.12
6.139 , -0.01998901 , 140.1 , 140.12
6.14 , -0.01998901 , 140.1 , 140.12
6.142 , -0.02999878 , 140.08 , 140.11
6.144 , 0.0 , 140.1 , 140.1
6.146 , -0.02000427 , 140.08 , 140.1
6.148 , -0.009994507 , 140.08 , 140.09
6.15 , -0.05999756 , 140.03 , 140.09
6.152 , 0.0 , 140.08 , 140.08
6.153 , 0.0 , 140.08 , 140.08
6.155 , -0.04000854 , 140.03 , 140.07
6.157 , 0.009994507 , 140.08 , 140.07
6.159 , -0.02999878 , 140.03 , 140.06
6.161 , 0.05000305 , 140.1 , 140.05
6.163 , 0.02999878 , 140.08 , 140.05
6.164 , -0.009994507 , 140.03 , 140.04
6.166 , -0.009994507 , 140.03 , 140.04
6.168 , -0.02000427 , 140.01 , 140.03
6.17 , -0.02000427 , 140.01 , 140.03
6.172 , -0.01000977 , 140.01 , 140.02
6.174 , -0.01000977 , 140.01 , 140.02
6.176 , 0.0 , 140.01 , 140.01
6.178 , 0.009994507 , 140.01 , 140.0
6.18 , -0.03999329 , 139.96 , 140.0
6.182 , 0.01998901 , 140.01 , 139.99
6.183 , 0.01998901 , 140.01 , 139.99
6.185 , -0.03999329 , 139.94 , 139.98
6.187 , -0.01998901 , 139.96 , 139.98
6.189 , -0.009994507 , 139.96 , 139.97
6.191 , 0.04998779 , 140.01 , 139.96
6.193 , 0.04998779 , 140.01 , 139.96
6.195 , 0.08000183 , 140.03 , 139.95
6.197 , 0.05999756 , 140.01 , 139.95
6.199 , 0.06999207 , 140.01 , 139.94
6.201 , 0.02000427 , 139.96 , 139.94
6.203 , 0.03001404 , 139.96 , 139.93
6.205 , 0.04000854 , 139.96 , 139.92
6.207 , 0.04000854 , 139.96 , 139.92
6.208 , 0.09999084 , 140.01 , 139.91
6.21 , 0.05000305 , 139.96 , 139.91
6.212 , 0.04000854 , 139.94 , 139.9
6.214 , 0.04000854 , 139.94 , 139.9
6.216 , 0.05000305 , 139.94 , 139.89
6.218 , 0.05999756 , 139.94 , 139.88
6.22 , 0.05999756 , 139.94 , 139.88
6.222 , 0.07000732 , 139.94 , 139.87
6.223 , 0.0900116 , 139.96 , 139.87
6.225 , 0.009994507 , 139.87 , 139.86
6.227 , 0.009994507 , 139.87 , 139.86
6.229 , 0.01998901 , 139.87 , 139.85
6.231 , 0.01998901 , 139.87 , 139.85
6.233 , 0.02999878 , 139.87 , 139.84
6.235 , 0.03999329 , 139.87 , 139.83
6.237 , 0.02000427 , 139.85 , 139.83
6.239 , 0.04998779 , 139.87 , 139.82
6.241 , 0.02999878 , 139.85 , 139.82
6.243 , 0.04000854 , 139.85 , 139.81
6.245 , 0.04000854 , 139.85 , 139.81
6.247 , 0.06999207 , 139.87 , 139.8
6.249 , 0.06001282 , 139.85 , 139.79
6.25 , 0.06001282 , 139.85 , 139.79
6.252 , 0.02000427 , 139.8 , 139.78
6.254 , 0.02000427 , 139.8 , 139.78
6.256 , 0.08000183 , 139.85 , 139.77
6.258 , 0.009994507 , 139.78 , 139.77
6.26 , 0.02000427 , 139.78 , 139.76
6.262 , 0.02999878 , 139.78 , 139.75
6.264 , 0.02999878 , 139.78 , 139.75
6.266 , 0.05999756 , 139.8 , 139.74
6.268 , 0.03999329 , 139.78 , 139.74
6.27 , 0.05000305 , 139.78 , 139.73
6.272 , 0.0 , 139.73 , 139.73
6.273 , 0.05999756 , 139.78 , 139.72
6.275 , 0.05999756 , 139.78 , 139.72
6.277 , 0.0 , 139.71 , 139.71
6.279 , 0.02999878 , 139.73 , 139.7
6.281 , 0.01000977 , 139.71 , 139.7
6.283 , 0.03999329 , 139.73 , 139.69
6.285 , 0.02000427 , 139.71 , 139.69
6.287 , 0.03001404 , 139.71 , 139.68
6.289 , 0.03001404 , 139.71 , 139.68
6.29 , 0.04000854 , 139.71 , 139.67
6.292 , 0.04000854 , 139.71 , 139.67
6.294 , -0.02000427 , 139.64 , 139.66
6.296 , 0.02000427 , 139.67 , 139.65
6.298 , 0.02000427 , 139.67 , 139.65
6.3 , 0.0 , 139.64 , 139.64
6.302 , 0.0 , 139.64 , 139.64
6.304 , 0.009994507 , 139.64 , 139.63
6.306 , 0.02000427 , 139.64 , 139.62
6.307 , -0.01998901 , 139.6 , 139.62
6.309 , 0.02000427 , 139.64 , 139.62
6.311 , -0.009994507 , 139.6 , 139.61
6.313 , 0.03999329 , 139.64 , 139.6
6.315 , 0.0 , 139.6 , 139.6
6.317 , 0.01000977 , 139.6 , 139.59
6.319 , 0.01000977 , 139.6 , 139.59
6.321 , 0.02000427 , 139.6 , 139.58
6.322 , 0.02000427 , 139.6 , 139.58
6.324 , 0.0 , 139.57 , 139.57
6.326 , 0.02999878 , 139.6 , 139.57
6.328 , -0.009994507 , 139.55 , 139.56
6.33 , 0.02000427 , 139.57 , 139.55
6.332 , 0.05000305 , 139.6 , 139.55
6.334 , 0.03001404 , 139.57 , 139.54
6.336 , 0.01000977 , 139.55 , 139.54
6.337 , 0.02000427 , 139.55 , 139.53
6.339 , 0.02000427 , 139.55 , 139.53
6.341 , 0.02999878 , 139.55 , 139.52
6.343 , 0.02999878 , 139.55 , 139.52
6.345 , 0.0 , 139.51 , 139.51
6.347 , 0.009994507 , 139.51 , 139.5
6.349 , -0.02000427 , 139.48 , 139.5
6.351 , 0.01998901 , 139.51 , 139.49
6.353 , 0.01998901 , 139.51 , 139.49
6.354 , 0.0 , 139.48 , 139.48
6.356 , 0.02999878 , 139.51 , 139.48
6.358 , -0.02999878 , 139.44 , 139.47
6.36 , 0.03999329 , 139.51 , 139.47
6.362 , -0.02000427 , 139.44 , 139.46
6.364 , 0.02999878 , 139.48 , 139.45
6.366 , 0.02999878 , 139.48 , 139.45
6.368 , 0.0 , 139.44 , 139.44
6.37 , 0.03999329 , 139.48 , 139.44
6.372 , 0.01000977 , 139.44 , 139.43
6.373 , 0.05000305 , 139.48 , 139.43
6.375 , 0.02000427 , 139.44 , 139.42
6.377 , 0.02999878 , 139.44 , 139.41
6.379 , 0.02999878 , 139.44 , 139.41
6.381 , 0.04000854 , 139.44 , 139.4
6.383 , 0.01000977 , 139.41 , 139.4
6.385 , 0.02000427 , 139.41 , 139.39
6.387 , 0.02000427 , 139.41 , 139.39
6.388 , 0.02999878 , 139.41 , 139.38
6.39 , 0.02999878 , 139.41 , 139.38
6.392 , -0.01998901 , 139.35 , 139.37
6.394 , 0.009994507 , 139.37 , 139.36
6.396 , -0.009994507 , 139.35 , 139.36
6.398 , 0.01998901 , 139.37 , 139.35
6.4 , 0.01998901 , 139.37 , 139.35
6.402 , 0.07000732 , 139.41 , 139.34
6.404 , 0.03999329 , 139.37 , 139.33
6.406 , 0.03999329 , 139.37 , 139.33
6.408 , 0.04998779 , 139.37 , 139.32
6.41 , 0.04998779 , 139.37 , 139.32
6.412 , 0.05999756 , 139.37 , 139.31
6.414 , 0.05999756 , 139.37 , 139.31
6.415 , 0.06999207 , 139.37 , 139.3
6.417 , 0.05000305 , 139.35 , 139.3
6.419 , 0.06001282 , 139.35 , 139.29
6.421 , 0.08999634 , 139.37 , 139.28
6.423 , 0.07000732 , 139.35 , 139.28
6.425 , 0.05000305 , 139.32 , 139.27
6.427 , 0.05000305 , 139.32 , 139.27
6.429 , 0.0900116 , 139.35 , 139.26
6.43 , 0.06001282 , 139.32 , 139.26
6.432 , 0.02999878 , 139.28 , 139.25
6.434 , 0.07000732 , 139.32 , 139.25
6.436 , 0.08000183 , 139.32 , 139.24
6.438 , 0.05000305 , 139.28 , 139.23
6.44 , 0.0900116 , 139.32 , 139.23
6.442 , 0.02999878 , 139.25 , 139.22
6.444 , 0.02999878 , 139.25 , 139.22
6.445 , 0.06999207 , 139.28 , 139.21
6.447 , 0.03999329 , 139.25 , 139.21
6.449 , 0.05000305 , 139.25 , 139.2
6.451 , 0.08000183 , 139.28 , 139.2
6.453 , 0.08999634 , 139.28 , 139.19
6.455 , 0.07000732 , 139.25 , 139.18
6.457 , 0.07000732 , 139.25 , 139.18
6.459 , 0.08000183 , 139.25 , 139.17
6.461 , 0.04000854 , 139.21 , 139.17
6.462 , 0.05000305 , 139.21 , 139.16
6.464 , 0.08999634 , 139.25 , 139.16
6.466 , 0.1000061 , 139.25 , 139.15
6.468 , 0.06001282 , 139.21 , 139.15
6.47 , 0.07000732 , 139.21 , 139.14
6.472 , 0.08000183 , 139.21 , 139.13
6.473 , 0.08000183 , 139.21 , 139.13
6.475 , 0.05999756 , 139.19 , 139.13
6.477 , 0.0900116 , 139.21 , 139.12
6.479 , 0.1000061 , 139.21 , 139.11
6.481 , 0.08000183 , 139.19 , 139.11
6.483 , 0.03999329 , 139.14 , 139.1
6.485 , 0.03999329 , 139.14 , 139.1
6.486 , 0.02999878 , 139.12 , 139.09
6.488 , 0.1000061 , 139.19 , 139.09
6.49 , 0.1100006 , 139.19 , 139.08
6.492 , 0.04998779 , 139.12 , 139.07
6.494 , 0.01998901 , 139.09 , 139.07
6.496 , 0.02999878 , 139.09 , 139.06
6.498 , 0.05999756 , 139.12 , 139.06
6.5 , 0.03999329 , 139.09 , 139.05
6.502 , 0.03999329 , 139.09 , 139.05
6.504 , 0.05000305 , 139.09 , 139.04
6.505 , 0.05000305 , 139.09 , 139.04
6.507 , 0.05999756 , 139.09 , 139.03
6.509 , 0.06999207 , 139.09 , 139.02
6.511 , 0.02999878 , 139.05 , 139.02
6.513 , 0.08000183 , 139.09 , 139.01
6.515 , 0.04000854 , 139.05 , 139.01
6.517 , 0.05000305 , 139.05 , 139.0
6.519 , 0.05999756 , 139.05 , 138.99
6.521 , 0.02999878 , 139.02 , 138.99
6.523 , 0.07000732 , 139.05 , 138.98
6.524 , 0.07000732 , 139.05 , 138.98
6.526 , 0.08000183 , 139.05 , 138.97
6.528 , 0.009994507 , 138.98 , 138.97
6.53 , 0.05999756 , 139.02 , 138.96
6.532 , 0.01998901 , 138.98 , 138.96
6.534 , 0.02999878 , 138.98 , 138.95
6.536 , 0.03999329 , 138.98 , 138.94
6.538 , 0.03999329 , 138.98 , 138.94
6.54 , 0.05000305 , 138.98 , 138.93
6.542 , 0.05000305 , 138.98 , 138.93
6.544 , 0.05999756 , 138.98 , 138.92
6.546 , 0.05999756 , 138.98 , 138.92
6.548 , 0.05000305 , 138.96 , 138.91
6.55 , 0.06001282 , 138.96 , 138.9
6.551 , 0.06001282 , 138.96 , 138.9
6.553 , 0.07000732 , 138.96 , 138.89
6.555 , 0.07000732 , 138.96 , 138.89
6.557 , 0.02999878 , 138.91 , 138.88
6.559 , 0.08000183 , 138.96 , 138.88
6.561 , 0.02000427 , 138.89 , 138.87
6.563 , 0.05000305 , 138.91 , 138.86
6.565 , 0.05000305 , 138.91 , 138.86
6.567 , 0.05999756 , 138.91 , 138.85
6.569 , 0.009994507 , 138.86 , 138.85
6.571 , 0.07000732 , 138.91 , 138.84
6.572 , 0.05000305 , 138.89 , 138.84
6.574 , 0.05999756 , 138.89 , 138.83
6.576 , 0.05999756 , 138.89 , 138.83
6.578 , 0.08999634 , 138.91 , 138.82
6.58 , 0.08000183 , 138.89 , 138.81
6.582 , 0.08000183 , 138.89 , 138.81
6.584 , 0.02000427 , 138.82 , 138.8
6.586 , 0.05999756 , 138.86 , 138.8
6.588 , 0.03001404 , 138.82 , 138.79
6.59 , 0.1000061 , 138.89 , 138.79
6.592 , 0.08000183 , 138.86 , 138.78
6.593 , 0.08000183 , 138.86 , 138.78
6.595 , 0.08999634 , 138.86 , 138.77
6.597 , 0.06001282 , 138.82 , 138.76
6.599 , 0.06001282 , 138.82 , 138.76
6.601 , 0.07000732 , 138.82 , 138.75
6.603 , 0.07000732 , 138.82 , 138.75
6.605 , 0.009994507 , 138.75 , 138.74
6.607 , 0.07000732 , 138.8 , 138.73
6.609 , 0.02000427 , 138.75 , 138.73
6.61 , 0.02000427 , 138.75 , 138.73
6.612 , 0.02999878 , 138.75 , 138.72
6.614 , 0.01998901 , 138.73 , 138.71
6.616 , -0.03001404 , 138.68 , 138.71
6.618 , 0.02999878 , 138.73 , 138.7
6.62 , -0.02000427 , 138.68 , 138.7
6.622 , 0.03999329 , 138.73 , 138.69
6.624 , 0.0 , 138.68 , 138.68
6.626 , 0.05000305 , 138.73 , 138.68
6.627 , 0.0 , 138.68 , 138.68
6.629 , 0.009994507 , 138.68 , 138.67
6.631 , 0.01998901 , 138.68 , 138.66
6.633 , 0.01998901 , 138.68 , 138.66
6.635 , 0.08000183 , 138.73 , 138.65
6.637 , 0.01000977 , 138.66 , 138.65
6.639 , 0.02000427 , 138.66 , 138.64
6.641 , 0.02999878 , 138.66 , 138.63
6.643 , 0.02999878 , 138.66 , 138.63
6.645 , 0.04000854 , 138.66 , 138.62
6.647 , 0.04000854 , 138.66 , 138.62
6.649 , 0.05000305 , 138.66 , 138.61
6.65 , 0.05000305 , 138.66 , 138.61
6.652 , -0.01000977 , 138.59 , 138.6
6.654 , 0.05999756 , 138.66 , 138.6
6.656 , 0.05000305 , 138.64 , 138.59
6.658 , 0.05999756 , 138.64 , 138.58
6.66 , 0.009994507 , 138.59 , 138.58
6.662 , 0.0 , 138.57 , 138.57
6.664 , 0.01998901 , 138.59 , 138.57
6.666 , 0.02999878 , 138.59 , 138.56
6.668 , 0.02000427 , 138.57 , 138.55
6.669 , 0.02000427 , 138.57 , 138.55
6.671 , 0.02000427 , 138.57 , 138.55
6.673 , 0.05000305 , 138.59 , 138.54
6.675 , 0.04000854 , 138.57 , 138.53
6.677 , 0.05999756 , 138.59 , 138.53
6.679 , 0.05000305 , 138.57 , 138.52
6.681 , 0.05000305 , 138.57 , 138.52
6.683 , 0.01000977 , 138.52 , 138.51
6.684 , 0.06001282 , 138.57 , 138.51
6.686 , 0.0 , 138.5 , 138.5
6.688 , 0.02000427 , 138.52 , 138.5
6.69 , 0.009994507 , 138.5 , 138.49
6.692 , 0.0900116 , 138.57 , 138.48
6.694 , 0.02000427 , 138.5 , 138.48
6.696 , 0.05000305 , 138.52 , 138.47
6.697 , -0.02000427 , 138.45 , 138.47
6.699 , 0.05999756 , 138.52 , 138.46
6.701 , 0.05999756 , 138.52 , 138.46
6.703 , 0.0 , 138.45 , 138.45
6.705 , 0.009994507 , 138.45 , 138.44
6.707 , 0.05999756 , 138.5 , 138.44
6.709 , 0.02000427 , 138.45 , 138.43
6.711 , 0.0 , 138.43 , 138.43
6.712 , -0.009994507 , 138.41 , 138.42
6.714 , 0.009994507 , 138.43 , 138.42
6.717 , 0.01998901 , 138.43 , 138.41
6.718 , 0.0 , 138.41 , 138.41
6.72 , 0.01000977 , 138.41 , 138.4
6.722 , 0.02000427 , 138.41 , 138.39
6.724 , 0.02000427 , 138.41 , 138.39
6.726 , 0.02999878 , 138.41 , 138.38
6.728 , 0.02999878 , 138.41 , 138.38
6.73 , 0.04000854 , 138.41 , 138.37
6.731 , 0.04000854 , 138.41 , 138.37
6.733 , 0.0 , 138.36 , 138.36
6.735 , 0.05000305 , 138.41 , 138.36
6.737 , -0.01000977 , 138.34 , 138.35
6.739 , 0.07000732 , 138.41 , 138.34
6.749 , 0.02999878 , 138.34 , 138.31
6.751 , -0.02000427 , 138.29 , 138.31
6.752 , -0.02000427 , 138.29 , 138.31
6.754 , -0.01000977 , 138.29 , 138.3
6.756 , 0.0 , 138.29 , 138.29
6.758 , 0.0 , 138.29 , 138.29
6.76 , 0.009994507 , 138.29 , 138.28
6.762 , -0.009994507 , 138.27 , 138.28
6.764 , 0.01998901 , 138.29 , 138.27
6.766 , 0.01000977 , 138.27 , 138.26
6.768 , 0.02999878 , 138.29 , 138.26
6.77 , 0.02000427 , 138.27 , 138.25
6.772 , 0.03999329 , 138.29 , 138.25
6.774 , -0.02000427 , 138.22 , 138.24
6.775 , -0.02000427 , 138.22 , 138.24
6.777 , -0.009994507 , 138.22 , 138.23
6.779 , 0.04000854 , 138.27 , 138.23
6.781 , 0.05000305 , 138.27 , 138.22
6.783 , 0.009994507 , 138.22 , 138.21
6.785 , 0.009994507 , 138.22 , 138.21
6.787 , 0.0 , 138.2 , 138.2
6.789 , 0.0 , 138.2 , 138.2
6.791 , 0.009994507 , 138.2 , 138.19
6.793 , 0.02000427 , 138.2 , 138.18
6.794 , 0.0 , 138.18 , 138.18
6.796 , 0.02000427 , 138.2 , 138.18
6.798 , 0.02999878 , 138.2 , 138.17
6.8 , 0.01998901 , 138.18 , 138.16
6.802 , -0.02999878 , 138.13 , 138.16
6.804 , 0.02999878 , 138.18 , 138.15
6.806 , 0.02999878 , 138.18 , 138.15
6.808 , 0.03999329 , 138.18 , 138.14
6.81 , 0.0 , 138.13 , 138.13
6.812 , 0.0 , 138.13 , 138.13
6.813 , 0.04998779 , 138.18 , 138.13
6.815 , 0.08000183 , 138.2 , 138.12
6.817 , 0.08999634 , 138.2 , 138.11
6.819 , 0.06999207 , 138.18 , 138.11
6.821 , 0.07998657 , 138.18 , 138.1
6.823 , 0.07998657 , 138.18 , 138.1
6.825 , 0.08999634 , 138.18 , 138.09
6.827 , 0.1199951 , 138.2 , 138.08
6.829 , 0.09999084 , 138.18 , 138.08
6.83 , 0.09999084 , 138.18 , 138.08
6.832 , 0.1099854 , 138.18 , 138.07
6.834 , 0.1199951 , 138.18 , 138.06
6.836 , 0.1199951 , 138.18 , 138.06
6.838 , 0.1299896 , 138.18 , 138.05
6.84 , 0.1299896 , 138.18 , 138.05
6.842 , 0.0900116 , 138.13 , 138.04
6.843 , 0.0900116 , 138.13 , 138.04
6.845 , 0.08000183 , 138.11 , 138.03
6.847 , 0.08000183 , 138.11 , 138.03
6.849 , 0.1100006 , 138.13 , 138.02
6.851 , 0.1000061 , 138.11 , 138.01
6.853 , 0.02999878 , 138.04 , 138.01
6.855 , 0.05999756 , 138.06 , 138.0
6.856 , 0.05999756 , 138.06 , 138.0
6.858 , 0.04998779 , 138.04 , 137.99
6.86 , 0.0 , 137.99 , 137.99
6.862 , 0.05999756 , 138.04 , 137.98
6.864 , 0.06999207 , 138.04 , 137.97
6.866 , 0.06999207 , 138.04 , 137.97
6.868 , 0.02999878 , 137.99 , 137.96
6.87 , 0.02999878 , 137.99 , 137.96
6.872 , 0.04000854 , 137.99 , 137.95
6.874 , 0.08999634 , 138.04 , 137.95
6.876 , 0.09999084 , 138.04 , 137.94
6.878 , 0.06001282 , 137.99 , 137.93
6.88 , 0.06001282 , 137.99 , 137.93
6.881 , 0.05000305 , 137.97 , 137.92
6.883 , 0.07000732 , 137.99 , 137.92
6.885 , 0.05999756 , 137.97 , 137.91
6.887 , 0.05999756 , 137.97 , 137.91
6.889 , 0.07000732 , 137.97 , 137.9
6.891 , 0.07000732 , 137.97 , 137.9
6.893 , 0.05999756 , 137.95 , 137.89
6.895 , 0.06999207 , 137.95 , 137.88
6.897 , 0.01998901 , 137.9 , 137.88
6.899 , 0.08000183 , 137.95 , 137.87
6.901 , 0.08000183 , 137.95 , 137.87
6.903 , 0.03999329 , 137.9 , 137.86
6.905 , 0.04998779 , 137.9 , 137.85
6.906 , 0.09999084 , 137.95 , 137.85
6.908 , 0.05999756 , 137.9 , 137.84
6.91 , 0.1100006 , 137.95 , 137.84
6.912 , 0.05000305 , 137.88 , 137.83
6.914 , 0.05000305 , 137.88 , 137.83
6.916 , 0.07998657 , 137.9 , 137.82
6.918 , 0.05999756 , 137.88 , 137.82
6.92 , 0.08999634 , 137.9 , 137.81
6.922 , 0.1499939 , 137.95 , 137.8
6.924 , 0.08000183 , 137.88 , 137.8
6.925 , 0.02000427 , 137.81 , 137.79
6.927 , 0.0900116 , 137.88 , 137.79
6.929 , 0.1000061 , 137.88 , 137.78
6.931 , 0.05000305 , 137.83 , 137.78
6.933 , 0.03999329 , 137.81 , 137.77
6.935 , 0.07000732 , 137.83 , 137.76
6.937 , 0.07000732 , 137.83 , 137.76
6.939 , 0.08000183 , 137.83 , 137.75
6.941 , 0.08000183 , 137.83 , 137.75
6.942 , 0.08999634 , 137.83 , 137.74
6.944 , 0.06999207 , 137.81 , 137.74
6.946 , 0.08000183 , 137.81 , 137.73
6.948 , 0.08000183 , 137.81 , 137.73
6.95 , 0.05000305 , 137.77 , 137.72
6.952 , 0.05999756 , 137.77 , 137.71
6.954 , 0.05999756 , 137.77 , 137.71
6.956 , 0.07000732 , 137.77 , 137.7
6.958 , 0.04000854 , 137.74 , 137.7
6.96 , 0.08000183 , 137.77 , 137.69
6.961 , 0.08000183 , 137.77 , 137.69
6.963 , 0.06001282 , 137.74 , 137.68
6.965 , 0.06001282 , 137.74 , 137.68
6.967 , 0.07000732 , 137.74 , 137.67
6.969 , 0.1100006 , 137.77 , 137.66
6.971 , 0.08000183 , 137.74 , 137.66
6.973 , 0.0900116 , 137.74 , 137.65
6.975 , 0.0900116 , 137.74 , 137.65
6.976 , 0.1000061 , 137.74 , 137.64
6.978 , 0.05999756 , 137.7 , 137.64
6.98 , 0.06999207 , 137.7 , 137.63
6.982 , 0.06999207 , 137.7 , 137.63
6.984 , 0.08000183 , 137.7 , 137.62
6.986 , 0.05999756 , 137.67 , 137.61
6.988 , 0.05999756 , 137.67 , 137.61
6.99 , 0.06999207 , 137.67 , 137.6
6.992 , 0.04998779 , 137.65 , 137.6
6.994 , 0.05999756 , 137.65 , 137.59
6.996 , 0.08999634 , 137.67 , 137.58
6.998 , 0.06999207 , 137.65 , 137.58
7.0 , 0.09999084 , 137.67 , 137.57
7.002 , 0.09999084 , 137.67 , 137.57
7.004 , 0.08999634 , 137.65 , 137.56
7.005 , 0.08999634 , 137.65 , 137.56
7.007 , 0.09999084 , 137.65 , 137.55
7.009 , 0.09999084 , 137.65 , 137.55
7.011 , 0.1100006 , 137.65 , 137.54
7.013 , 0.08000183 , 137.61 , 137.53
7.015 , 0.08000183 , 137.61 , 137.53
7.017 , 0.08999634 , 137.61 , 137.52
7.019 , 0.08999634 , 137.61 , 137.52
7.021 , 0.07000732 , 137.58 , 137.51
7.022 , 0.02999878 , 137.54 , 137.51
7.024 , 0.08000183 , 137.58 , 137.5
7.026 , 0.03999329 , 137.54 , 137.5
7.028 , 0.08999634 , 137.58 , 137.49
7.03 , 0.05999756 , 137.54 , 137.48
7.032 , 0.02999878 , 137.51 , 137.48
7.034 , 0.06999207 , 137.54 , 137.47
7.036 , 0.03999329 , 137.51 , 137.47
7.038 , 0.04998779 , 137.51 , 137.46
7.04 , 0.02000427 , 137.47 , 137.45
7.042 , 0.08999634 , 137.54 , 137.45
7.044 , 0.06999207 , 137.51 , 137.44
7.045 , 0.06999207 , 137.51 , 137.44
7.047 , 0.04000854 , 137.47 , 137.43
7.049 , 0.02000427 , 137.45 , 137.43
7.051 , 0.08999634 , 137.51 , 137.42
7.053 , 0.02999878 , 137.45 , 137.42
7.055 , 0.05999756 , 137.47 , 137.41
7.057 , 0.05000305 , 137.45 , 137.4
7.059 , 0.07000732 , 137.47 , 137.4
7.061 , 0.08000183 , 137.47 , 137.39
7.063 , 0.05999756 , 137.45 , 137.39
7.065 , 0.08999634 , 137.47 , 137.38
7.066 , 0.03999329 , 137.42 , 137.38
7.068 , 0.05000305 , 137.42 , 137.37
7.07 , 0.08000183 , 137.45 , 137.37
7.072 , 0.08999634 , 137.45 , 137.36
7.074 , 0.06999207 , 137.42 , 137.35
7.076 , 0.06999207 , 137.42 , 137.35
7.078 , 0.04000854 , 137.38 , 137.34
7.08 , 0.08000183 , 137.42 , 137.34
7.082 , 0.05000305 , 137.38 , 137.33
7.084 , 0.05999756 , 137.38 , 137.32
7.085 , 0.02999878 , 137.35 , 137.32
7.087 , 0.02999878 , 137.35 , 137.32
7.089 , 0.07000732 , 137.38 , 137.31
7.091 , 0.08000183 , 137.38 , 137.3
7.093 , 0.05000305 , 137.35 , 137.3
7.095 , 0.06001282 , 137.35 , 137.29
7.097 , 0.02000427 , 137.31 , 137.29
7.099 , 0.1000061 , 137.38 , 137.28
7.1 , 0.07000732 , 137.35 , 137.28
7.102 , 0.08000183 , 137.35 , 137.27
7.104 , 0.08000183 , 137.35 , 137.27
7.106 , 0.0900116 , 137.35 , 137.26
7.108 , 0.05999756 , 137.31 , 137.25
7.11 , 0.05999756 , 137.31 , 137.25
7.112 , 0.06999207 , 137.31 , 137.24
7.114 , 0.1100006 , 137.35 , 137.24
7.115 , 0.08000183 , 137.31 , 137.23
7.117 , 0.05999756 , 137.29 , 137.23
7.119 , 0.06999207 , 137.29 , 137.22
7.121 , 0.07998657 , 137.29 , 137.21
7.123 , 0.009994507 , 137.22 , 137.21
7.125 , 0.02000427 , 137.22 , 137.2
7.127 , 0.02000427 , 137.22 , 137.2
7.129 , 0.09999084 , 137.29 , 137.19
7.131 , 0.02999878 , 137.22 , 137.19
7.132 , 0.04000854 , 137.22 , 137.18
7.134 , 0.01000977 , 137.19 , 137.18
7.136 , 0.05000305 , 137.22 , 137.17
7.138 , 0.1299896 , 137.29 , 137.16
7.14 , 0.02999878 , 137.19 , 137.16
7.142 , 0.0 , 137.15 , 137.15
7.144 , 0.04000854 , 137.19 , 137.15
7.145 , 0.05000305 , 137.19 , 137.14
7.147 , 0.05000305 , 137.19 , 137.14
7.149 , 0.01998901 , 137.15 , 137.13
7.151 , 0.01998901 , 137.15 , 137.13
7.153 , 0.02999878 , 137.15 , 137.12
7.155 , 0.02000427 , 137.13 , 137.11
7.157 , 0.03999329 , 137.15 , 137.11
7.159 , 0.04998779 , 137.15 , 137.1
7.161 , 0.02999878 , 137.13 , 137.1
7.162 , 0.04000854 , 137.13 , 137.09
7.164 , 0.04000854 , 137.13 , 137.09
7.166 , 0.05000305 , 137.13 , 137.08
7.168 , 0.0 , 137.08 , 137.08
7.17 , 0.05999756 , 137.13 , 137.07
7.172 , 0.08999634 , 137.15 , 137.06
7.174 , 0.07000732 , 137.13 , 137.06
7.175 , 0.02000427 , 137.08 , 137.06
7.177 , 0.02999878 , 137.08 , 137.05
7.179 , 0.04000854 , 137.08 , 137.04
7.181 , 0.02000427 , 137.06 , 137.04
7.183 , 0.02999878 , 137.06 , 137.03
7.185 , 0.02999878 , 137.06 , 137.03
7.187 , 0.03999329 , 137.06 , 137.02
7.189 , 0.0 , 137.01 , 137.01
7.191 , 0.05000305 , 137.06 , 137.01
7.192 , 0.0 , 137.01 , 137.01
7.194 , 0.009994507 , 137.01 , 137.0
7.196 , 0.01998901 , 137.01 , 136.99
7.198 , 0.0 , 136.99 , 136.99
7.2 , 0.02999878 , 137.01 , 136.98
7.202 , 0.02999878 , 137.01 , 136.98
7.204 , 0.02000427 , 136.99 , 136.97
7.206 , 0.02999878 , 136.99 , 136.96
7.208 , 0.04998779 , 137.01 , 136.96
7.21 , 0.04000854 , 136.99 , 136.95
7.211 , 0.01000977 , 136.96 , 136.95
7.213 , 0.02000427 , 136.96 , 136.94
7.215 , 0.06999207 , 137.01 , 136.94
7.217 , 0.03001404 , 136.96 , 136.93
7.219 , 0.03001404 , 136.96 , 136.93
7.221 , 0.04000854 , 136.96 , 136.92
7.223 , 0.009994507 , 136.92 , 136.91
7.225 , 0.009994507 , 136.92 , 136.91
7.227 , 0.02000427 , 136.92 , 136.9
7.229 , 0.02000427 , 136.92 , 136.9
7.231 , 0.07000732 , 136.96 , 136.89
7.232 , 0.02999878 , 136.92 , 136.89
7.234 , 0.01998901 , 136.9 , 136.88
7.236 , 0.05000305 , 136.92 , 136.87
7.238 , 0.02999878 , 136.9 , 136.87
7.24 , 0.03999329 , 136.9 , 136.86
7.242 , 0.03999329 , 136.9 , 136.86
7.244 , 0.04998779 , 136.9 , 136.85
7.246 , 0.04998779 , 136.9 , 136.85
7.248 , 0.01000977 , 136.85 , 136.84
7.25 , 0.02000427 , 136.85 , 136.83
7.252 , 0.02000427 , 136.85 , 136.83
7.254 , 0.009994507 , 136.83 , 136.82
7.256 , 0.009994507 , 136.83 , 136.82
7.258 , 0.02000427 , 136.83 , 136.81
7.259 , 0.02000427 , 136.83 , 136.81
7.261 , 0.02999878 , 136.83 , 136.8
7.263 , 0.02999878 , 136.83 , 136.8
7.265 , 0.04000854 , 136.83 , 136.79
7.267 , 0.0 , 136.78 , 136.78
7.269 , 0.0 , 136.78 , 136.78
7.271 , 0.009994507 , 136.78 , 136.77
7.273 , 0.009994507 , 136.78 , 136.77
7.275 , 0.0 , 136.76 , 136.76
7.276 , 0.02000427 , 136.78 , 136.76
7.278 , 0.02999878 , 136.78 , 136.75
7.28 , 0.03999329 , 136.78 , 136.74
7.282 , 0.01998901 , 136.76 , 136.74
7.284 , 0.02999878 , 136.76 , 136.73
7.286 , 0.02999878 , 136.76 , 136.73
7.288 , 0.02000427 , 136.74 , 136.72
7.29 , 0.03999329 , 136.76 , 136.72
7.292 , 0.02999878 , 136.74 , 136.71
7.294 , 0.04000854 , 136.74 , 136.7
7.296 , -0.009994507 , 136.69 , 136.7
7.298 , 0.0 , 136.69 , 136.69
7.299 , 0.05000305 , 136.74 , 136.69
7.301 , 0.01000977 , 136.69 , 136.68
7.303 , 0.01000977 , 136.69 , 136.68
7.305 , 0.07000732 , 136.74 , 136.67
7.307 , 0.02000427 , 136.69 , 136.67
7.309 , 0.009994507 , 136.67 , 136.66
7.311 , 0.02000427 , 136.67 , 136.65
7.313 , 0.04000854 , 136.69 , 136.65
7.315 , 0.05000305 , 136.69 , 136.64
7.317 , 0.05000305 , 136.69 , 136.64
7.318 , 0.03999329 , 136.67 , 136.63
7.32 , 0.05999756 , 136.69 , 136.63
7.322 , 0.05000305 , 136.67 , 136.62
7.324 , 0.05999756 , 136.67 , 136.61
7.326 , 0.05999756 , 136.67 , 136.61
7.328 , 0.08999634 , 136.69 , 136.6
7.33 , 0.0 , 136.6 , 136.6
7.332 , 0.08000183 , 136.67 , 136.59
7.334 , 0.01000977 , 136.6 , 136.59
7.335 , 0.08999634 , 136.67 , 136.58
7.337 , 0.02000427 , 136.6 , 136.58
7.339 , 0.02999878 , 136.6 , 136.57
7.341 , 0.04000854 , 136.6 , 136.56
7.343 , 0.04000854 , 136.6 , 136.56
7.345 , 0.02999878 , 136.58 , 136.55
7.347 , 0.02999878 , 136.58 , 136.55
7.349 , 0.04000854 , 136.58 , 136.54
7.35 , 0.04000854 , 136.58 , 136.54
7.352 , 0.05000305 , 136.58 , 136.53
7.354 , 0.05000305 , 136.58 , 136.53
7.356 , 0.05999756 , 136.58 , 136.52
7.358 , 0.07000732 , 136.58 , 136.51
7.36 , 0.02000427 , 136.53 , 136.51
7.362 , 0.009994507 , 136.51 , 136.5
7.364 , 0.08000183 , 136.58 , 136.5
7.366 , 0.01998901 , 136.51 , 136.49
7.368 , 0.05000305 , 136.53 , 136.48
7.369 , 0.05000305 , 136.53 , 136.48
7.371 , 0.02999878 , 136.51 , 136.48
7.373 , 0.03999329 , 136.51 , 136.47
7.375 , 0.06999207 , 136.53 , 136.46
7.377 , 0.06999207 , 136.53 , 136.46
7.379 , 0.02999878 , 136.48 , 136.45
7.381 , 0.05999756 , 136.51 , 136.45
7.383 , 0.03999329 , 136.48 , 136.44
7.385 , 0.01000977 , 136.44 , 136.43
7.387 , 0.05000305 , 136.48 , 136.43
7.389 , 0.05999756 , 136.48 , 136.42
7.391 , 0.05999756 , 136.48 , 136.42
7.393 , 0.02999878 , 136.44 , 136.41
7.395 , 0.08000183 , 136.48 , 136.4
7.396 , 0.04000854 , 136.44 , 136.4
7.398 , 0.04000854 , 136.44 , 136.4
7.4 , -0.02000427 , 136.37 , 136.39
7.402 , 0.03999329 , 136.42 , 136.38
7.404 , 0.05999756 , 136.44 , 136.38
7.406 , 0.07000732 , 136.44 , 136.37
7.408 , 0.05000305 , 136.42 , 136.37
7.41 , 0.05999756 , 136.42 , 136.36
7.412 , 0.01998901 , 136.37 , 136.35
7.414 , 0.06999207 , 136.42 , 136.35
7.416 , 0.01000977 , 136.35 , 136.34
7.417 , 0.08000183 , 136.42 , 136.34
7.419 , 0.03999329 , 136.37 , 136.33
7.421 , 0.03999329 , 136.37 , 136.33
7.423 , 0.04998779 , 136.37 , 136.32
7.425 , 0.02999878 , 136.35 , 136.32
7.427 , 0.04000854 , 136.35 , 136.31
7.429 , 0.06999207 , 136.37 , 136.3
7.431 , 0.05000305 , 136.35 , 136.3
7.432 , 0.05000305 , 136.35 , 136.3
7.434 , -0.009994507 , 136.28 , 136.29
7.436 , -0.02000427 , 136.26 , 136.28
7.438 , 0.02000427 , 136.3 , 136.28
7.44 , -0.01000977 , 136.26 , 136.27
7.442 , 0.009994507 , 136.28 , 136.27
7.444 , 0.02000427 , 136.28 , 136.26
7.446 , 0.009994507 , 136.26 , 136.25
7.448 , 0.009994507 , 136.26 , 136.25
7.45 , 0.01998901 , 136.26 , 136.24
7.452 , 0.01998901 , 136.26 , 136.24
7.454 , 0.02999878 , 136.26 , 136.23
7.456 , -0.02999878 , 136.19 , 136.22
7.458 , -0.02999878 , 136.19 , 136.22
7.46 , 0.0 , 136.21 , 136.21
7.461 , 0.0 , 136.21 , 136.21
7.463 , 0.01000977 , 136.21 , 136.2
7.465 , -0.009994507 , 136.19 , 136.2
7.467 , 0.02000427 , 136.21 , 136.19
7.469 , 0.0 , 136.19 , 136.19
7.47 , -0.03999329 , 136.14 , 136.18
7.472 , 0.01000977 , 136.19 , 136.18
7.474 , 0.02000427 , 136.19 , 136.17
7.476 , -0.02999878 , 136.14 , 136.17
7.478 , -0.02000427 , 136.14 , 136.16
7.48 , -0.009994507 , 136.14 , 136.15
7.482 , 0.04000854 , 136.19 , 136.15
7.484 , 0.0 , 136.14 , 136.14
7.486 , 0.05000305 , 136.19 , 136.14
7.488 , -0.01000977 , 136.12 , 136.13
7.49 , 0.02000427 , 136.14 , 136.12
7.491 , 0.02000427 , 136.14 , 136.12
7.493 , 0.02000427 , 136.14 , 136.12
7.495 , 0.009994507 , 136.12 , 136.11
7.497 , -0.02999878 , 136.07 , 136.1
7.499 , -0.02999878 , 136.07 , 136.1
7.501 , 0.02999878 , 136.12 , 136.09
7.503 , -0.01998901 , 136.07 , 136.09
7.505 , -0.02999878 , 136.05 , 136.08
7.507 , 0.0 , 136.07 , 136.07
7.509 , 0.0 , 136.07 , 136.07
7.51 , -0.009994507 , 136.05 , 136.06
7.512 , -0.009994507 , 136.05 , 136.06
7.514 , 0.02000427 , 136.07 , 136.05
7.516 , 0.02000427 , 136.07 , 136.05
7.518 , -0.03999329 , 136.0 , 136.04
7.52 , 0.01000977 , 136.05 , 136.04
7.522 , -0.02999878 , 136.0 , 136.03
7.524 , -0.02000427 , 136.0 , 136.02
7.525 , -0.02000427 , 136.0 , 136.02
7.527 , -0.02999878 , 135.98 , 136.01
7.529 , -0.009994507 , 136.0 , 136.01
7.531 , -0.02000427 , 135.98 , 136.0
7.533 , -0.03999329 , 135.96 , 136.0
7.535 , -0.01000977 , 135.98 , 135.99
7.537 , 0.0 , 135.98 , 135.98
7.539 , 0.07000732 , 136.05 , 135.98
7.541 , 0.02999878 , 136.0 , 135.97
7.543 , 0.08000183 , 136.05 , 135.97
7.544 , 0.03999329 , 136.0 , 135.96
7.546 , 0.03999329 , 136.0 , 135.96
7.548 , 0.05000305 , 136.0 , 135.95
7.55 , 0.05000305 , 136.0 , 135.95
7.552 , 0.03999329 , 135.98 , 135.94
7.554 , 0.07000732 , 136.0 , 135.93
7.556 , 0.05000305 , 135.98 , 135.93
7.557 , 0.05000305 , 135.98 , 135.93
7.559 , 0.05999756 , 135.98 , 135.92
7.561 , 0.06999207 , 135.98 , 135.91
7.563 , 0.05000305 , 135.96 , 135.91
7.565 , 0.08000183 , 135.98 , 135.9
7.567 , 0.06001282 , 135.96 , 135.9
7.569 , 0.08999634 , 135.98 , 135.89
7.571 , 0.08000183 , 135.96 , 135.88
7.573 , 0.08000183 , 135.96 , 135.88
7.575 , 0.0900116 , 135.96 , 135.87
7.577 , 0.04000854 , 135.91 , 135.87
7.578 , 0.05000305 , 135.91 , 135.86
7.58 , 0.02999878 , 135.89 , 135.86
7.582 , 0.05999756 , 135.91 , 135.85
7.584 , -0.01000977 , 135.84 , 135.85
7.586 , 0.07000732 , 135.91 , 135.84
7.588 , 0.05999756 , 135.89 , 135.83
7.59 , 0.05999756 , 135.89 , 135.83
7.592 , 0.06999207 , 135.89 , 135.82
7.594 , 0.06999207 , 135.89 , 135.82
7.596 , 0.02999878 , 135.84 , 135.81
7.598 , 0.08999634 , 135.89 , 135.8
7.6 , 0.03999329 , 135.84 , 135.8
7.602 , 0.05000305 , 135.84 , 135.79
7.603 , 0.05000305 , 135.84 , 135.79
7.605 , 0.05999756 , 135.84 , 135.78
7.607 , 0.04000854 , 135.82 , 135.78
7.609 , 0.05000305 , 135.82 , 135.77
7.619 , 0.08000183 , 135.82 , 135.74
7.621 , 0.02999878 , 135.77 , 135.74
7.623 , 0.02000427 , 135.75 , 135.73
7.625 , 0.1000061 , 135.82 , 135.72
7.626 , 0.02999878 , 135.75 , 135.72
7.628 , 0.05000305 , 135.77 , 135.72
7.63 , 0.05999756 , 135.77 , 135.71
7.632 , 0.05000305 , 135.75 , 135.7
7.634 , 0.05000305 , 135.75 , 135.7
7.636 , 0.03999329 , 135.73 , 135.69
7.638 , 0.05999756 , 135.75 , 135.69
7.64 , 0.07000732 , 135.75 , 135.68
7.642 , 0.009994507 , 135.68 , 135.67
7.644 , 0.05999756 , 135.73 , 135.67
7.646 , 0.06999207 , 135.73 , 135.66
7.647 , 0.06999207 , 135.73 , 135.66
7.649 , 0.02999878 , 135.68 , 135.65
7.651 , 0.02999878 , 135.68 , 135.65
7.653 , 0.03999329 , 135.68 , 135.64
7.655 , 0.03999329 , 135.68 , 135.64
7.657 , 0.04998779 , 135.68 , 135.63
7.659 , 0.05999756 , 135.68 , 135.62
7.661 , 0.04000854 , 135.66 , 135.62
7.663 , 0.06999207 , 135.68 , 135.61
7.665 , 0.05000305 , 135.66 , 135.61
7.667 , 0.05999756 , 135.66 , 135.6
7.669 , 0.02000427 , 135.61 , 135.59
7.671 , 0.07000732 , 135.66 , 135.59
7.673 , 0.08000183 , 135.66 , 135.58
7.675 , 0.08000183 , 135.66 , 135.58
7.676 , 0.08999634 , 135.66 , 135.57
7.678 , 0.03999329 , 135.61 , 135.57
7.68 , 0.1000061 , 135.66 , 135.56
7.682 , 0.05000305 , 135.61 , 135.56
7.684 , 0.03999329 , 135.59 , 135.55
7.686 , 0.07000732 , 135.61 , 135.54
7.688 , 0.05000305 , 135.59 , 135.54
7.689 , 0.05000305 , 135.59 , 135.54
7.691 , 0.08000183 , 135.61 , 135.53
7.693 , 0.06999207 , 135.59 , 135.52
7.695 , 0.06999207 , 135.59 , 135.52
7.697 , 0.08000183 , 135.59 , 135.51
7.699 , 0.01000977 , 135.52 , 135.51
7.701 , 0.05000305 , 135.55 , 135.5
7.703 , 0.05999756 , 135.55 , 135.49
7.705 , 0.05999756 , 135.55 , 135.49
7.707 , 0.04000854 , 135.52 , 135.48
7.708 , 0.04000854 , 135.52 , 135.48
7.71 , 0.08000183 , 135.55 , 135.47
7.712 , 0.05000305 , 135.52 , 135.47
7.714 , 0.05999756 , 135.52 , 135.46
7.716 , 0.05999756 , 135.52 , 135.46
7.718 , 0.05000305 , 135.5 , 135.45
7.72 , 0.05999756 , 135.5 , 135.44
7.721 , 0.05999756 , 135.5 , 135.44
7.723 , 0.08000183 , 135.52 , 135.44
7.725 , 0.07000732 , 135.5 , 135.43
7.727 , 0.08000183 , 135.5 , 135.42
7.729 , 0.08000183 , 135.5 , 135.42
7.731 , 0.03999329 , 135.45 , 135.41
7.733 , 0.08999634 , 135.5 , 135.41
7.734 , 0.1000061 , 135.5 , 135.4
7.736 , 0.1000061 , 135.5 , 135.4
7.738 , 0.05999756 , 135.45 , 135.39
7.74 , 0.06999207 , 135.45 , 135.38
7.742 , 0.04998779 , 135.43 , 135.38
7.744 , 0.05999756 , 135.43 , 135.37
7.746 , 0.05999756 , 135.43 , 135.37
7.748 , 0.06999207 , 135.43 , 135.36
7.75 , 0.06999207 , 135.43 , 135.36
7.752 , 0.07998657 , 135.43 , 135.35
7.754 , 0.08999634 , 135.43 , 135.34
7.755 , 0.05000305 , 135.39 , 135.34
7.757 , 0.05999756 , 135.39 , 135.33
7.759 , 0.02999878 , 135.36 , 135.33
7.761 , 0.06999207 , 135.39 , 135.32
7.763 , 0.03999329 , 135.36 , 135.32
7.765 , 0.08000183 , 135.39 , 135.31
7.767 , 0.08999634 , 135.39 , 135.3
7.769 , 0.05999756 , 135.36 , 135.3
7.771 , 0.1000061 , 135.39 , 135.29
7.772 , 0.1000061 , 135.39 , 135.29
7.774 , 0.08000183 , 135.36 , 135.28
7.776 , 0.04000854 , 135.32 , 135.28
7.778 , 0.08999634 , 135.36 , 135.27
7.78 , 0.05000305 , 135.32 , 135.27
7.782 , 0.06001282 , 135.32 , 135.26
7.784 , 0.07000732 , 135.32 , 135.25
7.785 , 0.03999329 , 135.29 , 135.25
7.787 , 0.03999329 , 135.29 , 135.25
7.789 , 0.08000183 , 135.32 , 135.24
7.791 , 0.05999756 , 135.29 , 135.23
7.793 , 0.0900116 , 135.32 , 135.23
7.795 , 0.06999207 , 135.29 , 135.22
7.797 , 0.05000305 , 135.27 , 135.22
7.799 , 0.07998657 , 135.29 , 135.21
7.801 , 0.08999634 , 135.29 , 135.2
7.803 , 0.08999634 , 135.29 , 135.2
7.805 , 0.09999084 , 135.29 , 135.19
7.807 , 0.08000183 , 135.27 , 135.19
7.808 , 0.0900116 , 135.27 , 135.18
7.81 , 0.0900116 , 135.27 , 135.18
7.812 , 0.05999756 , 135.23 , 135.17
7.814 , 0.05999756 , 135.23 , 135.17
7.816 , 0.06999207 , 135.23 , 135.16
7.818 , 0.05000305 , 135.2 , 135.15
7.82 , 0.08000183 , 135.23 , 135.15
7.822 , 0.05999756 , 135.2 , 135.14
7.824 , 0.05999756 , 135.2 , 135.14
7.826 , 0.09999084 , 135.23 , 135.13
7.828 , 0.08000183 , 135.2 , 135.12
7.829 , 0.1100006 , 135.23 , 135.12
7.831 , 0.1100006 , 135.23 , 135.12
7.833 , 0.08999634 , 135.2 , 135.11
7.835 , 0.05999756 , 135.16 , 135.1
7.837 , 0.05999756 , 135.16 , 135.1
7.839 , 0.04000854 , 135.13 , 135.09
7.841 , 0.07000732 , 135.16 , 135.09
7.842 , 0.05000305 , 135.13 , 135.08
7.844 , 0.08000183 , 135.16 , 135.08
7.846 , 0.08999634 , 135.16 , 135.07
7.848 , 0.08999634 , 135.16 , 135.07
7.85 , 0.07000732 , 135.13 , 135.06
7.852 , 0.02000427 , 135.07 , 135.05
7.854 , 0.02000427 , 135.07 , 135.05
7.855 , 0.05000305 , 135.09 , 135.04
7.857 , 0.03001404 , 135.07 , 135.04
7.859 , 0.04000854 , 135.07 , 135.03
7.861 , 0.04000854 , 135.07 , 135.03
7.863 , 0.05000305 , 135.07 , 135.02
7.865 , 0.05000305 , 135.07 , 135.02
7.866 , 0.06001282 , 135.07 , 135.01
7.868 , 0.02999878 , 135.04 , 135.01
7.87 , 0.03999329 , 135.04 , 135.0
7.872 , 0.04998779 , 135.04 , 134.99
7.874 , 0.08000183 , 135.07 , 134.99
7.876 , 0.02000427 , 135.0 , 134.98
7.878 , 0.0900116 , 135.07 , 134.98
7.88 , 0.02999878 , 135.0 , 134.97
7.882 , 0.009994507 , 134.97 , 134.96
7.884 , 0.03999329 , 135.0 , 134.96
7.886 , 0.02000427 , 134.97 , 134.95
7.888 , 0.05000305 , 135.0 , 134.95
7.889 , 0.05999756 , 135.0 , 134.94
7.891 , 0.02999878 , 134.97 , 134.94
7.893 , 0.04000854 , 134.97 , 134.93
7.895 , 0.07000732 , 135.0 , 134.93
7.897 , 0.009994507 , 134.93 , 134.92
7.899 , 0.05999756 , 134.97 , 134.91
7.901 , 0.01998901 , 134.93 , 134.91
7.903 , 0.02999878 , 134.93 , 134.9
7.905 , 0.07000732 , 134.97 , 134.9
7.907 , 0.02000427 , 134.91 , 134.89
7.909 , 0.03999329 , 134.93 , 134.89
7.911 , 0.02999878 , 134.91 , 134.88
7.913 , 0.05999756 , 134.93 , 134.87
7.915 , 0.05999756 , 134.93 , 134.87
7.917 , 0.05000305 , 134.91 , 134.86
7.918 , 0.05000305 , 134.91 , 134.86
7.92 , 0.05999756 , 134.91 , 134.85
7.922 , -0.01000977 , 134.84 , 134.85
7.924 , 0.0 , 134.84 , 134.84
7.926 , -0.02000427 , 134.81 , 134.83
7.928 , -0.02000427 , 134.81 , 134.83
7.93 , 0.01998901 , 134.84 , 134.82
7.932 , -0.03001404 , 134.79 , 134.82
7.933 , 0.02999878 , 134.84 , 134.81
7.935 , 0.02999878 , 134.84 , 134.81
7.937 , -0.01000977 , 134.79 , 134.8
7.939 , 0.009994507 , 134.81 , 134.8
7.941 , 0.0 , 134.79 , 134.79
7.943 , 0.02999878 , 134.81 , 134.78
7.945 , -0.03999329 , 134.74 , 134.78
7.947 , 0.01998901 , 134.79 , 134.77
7.949 , 0.01998901 , 134.79 , 134.77
7.951 , 0.02999878 , 134.79 , 134.76
7.953 , -0.009994507 , 134.74 , 134.75
7.955 , -0.009994507 , 134.74 , 134.75
7.957 , 0.0 , 134.74 , 134.74
7.959 , 0.0 , 134.74 , 134.74
7.96 , -0.009994507 , 134.72 , 134.73
7.962 , -0.009994507 , 134.72 , 134.73
7.964 , 0.02000427 , 134.74 , 134.72
7.966 , 0.02000427 , 134.74 , 134.72
7.968 , 0.009994507 , 134.72 , 134.71
7.97 , -0.02000427 , 134.68 , 134.7
7.972 , 0.02000427 , 134.72 , 134.7
7.974 , 0.02999878 , 134.72 , 134.69
7.976 , -0.01000977 , 134.68 , 134.69
7.978 , 0.0 , 134.68 , 134.68
7.979 , 0.0 , 134.68 , 134.68
7.981 , 0.009994507 , 134.68 , 134.67
7.983 , -0.02000427 , 134.65 , 134.67
7.985 , -0.01000977 , 134.65 , 134.66
7.987 , 0.0 , 134.65 , 134.65
7.989 , 0.0 , 134.65 , 134.65
7.991 , 0.03999329 , 134.68 , 134.64
7.993 , 0.009994507 , 134.65 , 134.64
7.995 , -0.02000427 , 134.61 , 134.63
7.997 , -0.009994507 , 134.61 , 134.62
7.999 , 0.02999878 , 134.65 , 134.62
8.001 , 0.0 , 134.61 , 134.61
8.002 , 0.0 , 134.61 , 134.61
8.004 , 0.009994507 , 134.61 , 134.6
8.006 , 0.009994507 , 134.61 , 134.6
8.008 , 0.02000427 , 134.61 , 134.59
8.01 , 0.02000427 , 134.61 , 134.59
8.012 , 0.0 , 134.58 , 134.58
8.013 , 0.02999878 , 134.61 , 134.58
8.015 , -0.05000305 , 134.52 , 134.57
8.017 , -0.05000305 , 134.52 , 134.57
8.019 , 0.02000427 , 134.58 , 134.56
8.021 , 0.02999878 , 134.58 , 134.55
8.022 , -0.02999878 , 134.52 , 134.55
8.024 , -0.05999756 , 134.49 , 134.55
8.026 , 0.04000854 , 134.58 , 134.54
8.028 , -0.03999329 , 134.49 , 134.53
8.03 , -0.03999329 , 134.49 , 134.53
8.032 , 0.0 , 134.52 , 134.52
8.034 , 0.0 , 134.52 , 134.52
8.035 , -0.05999756 , 134.45 , 134.51
8.037 , -0.01998901 , 134.49 , 134.51
8.039 , -0.05000305 , 134.45 , 134.5
8.041 , 0.0 , 134.49 , 134.49
8.043 , 0.0 , 134.49 , 134.49
8.045 , -0.02999878 , 134.45 , 134.48
8.046 , -0.02999878 , 134.45 , 134.48
8.048 , -0.02000427 , 134.45 , 134.47
8.05 , -0.02000427 , 134.45 , 134.47
8.052 , -0.01000977 , 134.45 , 134.46
8.054 , -0.01000977 , 134.45 , 134.46
8.056 , 0.04000854 , 134.49 , 134.45
8.058 , 0.009994507 , 134.45 , 134.44
8.06 , 0.009994507 , 134.45 , 134.44
8.062 , 0.02000427 , 134.45 , 134.43
8.064 , 0.02000427 , 134.45 , 134.43
8.066 , 0.0 , 134.42 , 134.42
8.067 , 0.0 , 134.42 , 134.42
8.069 , 0.009994507 , 134.42 , 134.41
8.071 , -0.02999878 , 134.38 , 134.41
8.073 , 0.02000427 , 134.42 , 134.4
8.075 , 0.02999878 , 134.42 , 134.39
8.077 , -0.009994507 , 134.38 , 134.39
8.079 , 0.0 , 134.38 , 134.38
8.081 , -0.02000427 , 134.36 , 134.38
8.082 , 0.01000977 , 134.38 , 134.37
8.084 , 0.01000977 , 134.38 , 134.37
8.086 , 0.05999756 , 134.42 , 134.36
8.088 , 0.02000427 , 134.38 , 134.36
8.09 , 0.009994507 , 134.36 , 134.35
8.092 , 0.02000427 , 134.36 , 134.34
8.094 , 0.04000854 , 134.38 , 134.34
8.096 , 0.02999878 , 134.36 , 134.33
8.097 , 0.0 , 134.33 , 134.33
8.099 , 0.009994507 , 134.33 , 134.32
8.101 , 0.03999329 , 134.36 , 134.32
8.103 , 0.05000305 , 134.36 , 134.31
8.105 , 0.02000427 , 134.33 , 134.31
8.107 , -0.01000977 , 134.29 , 134.3
8.109 , 0.0 , 134.29 , 134.29
8.11 , 0.0 , 134.29 , 134.29
8.112 , 0.05000305 , 134.33 , 134.28
8.114 , 0.009994507 , 134.29 , 134.28
8.116 , 0.05999756 , 134.33 , 134.27
8.118 , 0.01998901 , 134.29 , 134.27
8.12 , 0.0 , 134.26 , 134.26
8.121 , 0.0 , 134.26 , 134.26
8.123 , 0.03999329 , 134.29 , 134.25
8.125 , 0.009994507 , 134.26 , 134.25
8.127 , 0.01998901 , 134.26 , 134.24
8.129 , 0.02999878 , 134.26 , 134.23
8.131 , 0.02999878 , 134.26 , 134.23
8.133 , 0.03999329 , 134.26 , 134.22
8.135 , 0.03999329 , 134.26 , 134.22
8.137 , 0.009994507 , 134.22 , 134.21
8.138 , 0.04998779 , 134.26 , 134.21
8.14 , 0.0 , 134.2 , 134.2
8.142 , 0.05999756 , 134.26 , 134.2
8.144 , 0.02999878 , 134.22 , 134.19
8.146 , 0.02000427 , 134.2 , 134.18
8.148 , 0.02000427 , 134.2 , 134.18
8.15 , 0.02999878 , 134.2 , 134.17
8.152 , 0.05000305 , 134.22 , 134.17
8.154 , 0.03999329 , 134.2 , 134.16
8.155 , -0.01000977 , 134.15 , 134.16
8.157 , 0.0 , 134.15 , 134.15
8.159 , 0.0 , 134.15 , 134.15
8.161 , 0.009994507 , 134.15 , 134.14
8.163 , 0.01998901 , 134.15 , 134.13
8.165 , 0.01998901 , 134.15 , 134.13
8.167 , 0.08000183 , 134.2 , 134.12
8.169 , 0.02999878 , 134.15 , 134.12
8.171 , 0.03999329 , 134.15 , 134.11
8.172 , -0.02999878 , 134.08 , 134.11
8.174 , 0.04998779 , 134.15 , 134.1
8.176 , 0.04998779 , 134.15 , 134.1
8.178 , 0.05999756 , 134.15 , 134.09
8.18 , 0.0 , 134.08 , 134.08
8.182 , 0.0 , 134.08 , 134.08
8.183 , 0.009994507 , 134.08 , 134.07
8.185 , 0.009994507 , 134.08 , 134.07
8.187 , 0.02000427 , 134.08 , 134.06
8.189 , 0.0 , 134.06 , 134.06
8.191 , 0.02999878 , 134.08 , 134.05
8.193 , 0.009994507 , 134.06 , 134.05
8.195 , 0.02000427 , 134.06 , 134.04
8.197 , 0.009994507 , 134.04 , 134.03
8.199 , 0.02999878 , 134.06 , 134.03
8.201 , 0.03999329 , 134.06 , 134.02
8.203 , 0.03999329 , 134.06 , 134.02
8.205 , 0.07000732 , 134.08 , 134.01
8.206 , 0.02999878 , 134.04 , 134.01
8.208 , 0.05999756 , 134.06 , 134.0
8.21 , 0.03999329 , 134.04 , 134.0
8.212 , 0.0 , 133.99 , 133.99
8.214 , 0.01000977 , 133.99 , 133.98
8.216 , 0.01000977 , 133.99 , 133.98
8.218 , 0.02000427 , 133.99 , 133.97
8.22 , 0.02000427 , 133.99 , 133.97
8.221 , 0.02999878 , 133.99 , 133.96
8.223 , 0.02999878 , 133.99 , 133.96
8.225 , 0.04000854 , 133.99 , 133.95
8.227 , 0.02999878 , 133.97 , 133.94
8.229 , 0.05000305 , 133.99 , 133.94
8.231 , 0.06001282 , 133.99 , 133.93
8.233 , 0.06001282 , 133.99 , 133.93
8.235 , 0.05000305 , 133.97 , 133.92
8.236 , 0.0 , 133.92 , 133.92
8.238 , 0.05999756 , 133.97 , 133.91
8.24 , 0.05999756 , 133.97 , 133.91
8.242 , 0.07000732 , 133.97 , 133.9
8.244 , 0.02999878 , 133.92 , 133.89
8.246 , 0.02999878 , 133.92 , 133.89
8.248 , 0.03999329 , 133.92 , 133.88
8.25 , 0.01998901 , 133.9 , 133.88
8.252 , 0.05000305 , 133.92 , 133.87
8.254 , 0.03999329 , 133.9 , 133.86
8.256 , 0.03999329 , 133.9 , 133.86
8.257 , 0.03999329 , 133.9 , 133.86
8.259 , 0.0 , 133.85 , 133.85
8.261 , 0.05999756 , 133.9 , 133.84
8.263 , 0.05999756 , 133.9 , 133.84
8.265 , -0.07000732 , 133.76 , 133.83
8.267 , -0.02000427 , 133.81 , 133.83
8.269 , -0.01000977 , 133.81 , 133.82
8.271 , 0.0 , 133.81 , 133.81
8.273 , 0.0 , 133.81 , 133.81
8.274 , -0.05000305 , 133.76 , 133.81
8.276 , 0.009994507 , 133.81 , 133.8
8.278 , -0.02999878 , 133.76 , 133.79
8.28 , -0.02999878 , 133.76 , 133.79
8.282 , -0.02000427 , 133.76 , 133.78
8.284 , -0.03999329 , 133.74 , 133.78
8.286 , -0.02999878 , 133.74 , 133.77
8.288 , -0.06999207 , 133.69 , 133.76
8.29 , -0.01998901 , 133.74 , 133.76
8.292 , -0.009994507 , 133.74 , 133.75
8.294 , -0.05999756 , 133.69 , 133.75
8.296 , 0.0 , 133.74 , 133.74
8.297 , -0.07000732 , 133.67 , 133.74
8.299 , -0.03999329 , 133.69 , 133.73
8.301 , -0.03999329 , 133.69 , 133.73
8.303 , 0.02000427 , 133.74 , 133.72
8.305 , -0.0900116 , 133.62 , 133.71
8.307 , -0.04000854 , 133.67 , 133.71
8.309 , -0.02999878 , 133.67 , 133.7
8.311 , -0.02999878 , 133.67 , 133.7
8.313 , -0.02000427 , 133.67 , 133.69
8.315 , -0.05999756 , 133.62 , 133.68
8.317 , -0.05999756 , 133.62 , 133.68
8.319 , -0.05000305 , 133.62 , 133.67
8.32 , -0.05000305 , 133.62 , 133.67
8.322 , -0.04000854 , 133.62 , 133.66
8.324 , -0.04000854 , 133.62 , 133.66
8.326 , -0.04998779 , 133.6 , 133.65
8.328 , -0.02999878 , 133.62 , 133.65
8.33 , -0.03999329 , 133.6 , 133.64
8.332 , -0.05000305 , 133.58 , 133.63
8.334 , -0.02999878 , 133.6 , 133.63
8.336 , -0.01998901 , 133.6 , 133.62
8.337 , -0.03999329 , 133.58 , 133.62
8.339 , -0.08000183 , 133.53 , 133.61
8.341 , -0.02999878 , 133.58 , 133.61
8.343 , -0.07000732 , 133.53 , 133.6
8.345 , -0.07000732 , 133.53 , 133.6
8.347 , -0.05999756 , 133.53 , 133.59
8.349 , 0.0 , 133.58 , 133.58
8.351 , -0.07000732 , 133.51 , 133.58
8.353 , 0.009994507 , 133.58 , 133.57
8.355 , -0.06001282 , 133.51 , 133.57
8.356 , -0.02999878 , 133.53 , 133.56
8.358 , -0.02999878 , 133.53 , 133.56
8.36 , -0.04000854 , 133.51 , 133.55
8.362 , -0.04000854 , 133.51 , 133.55
8.364 , -0.009994507 , 133.53 , 133.54
8.366 , -0.02000427 , 133.51 , 133.53
8.368 , 0.05000305 , 133.58 , 133.53
8.37 , 0.009994507 , 133.53 , 133.52
8.372 , 0.009994507 , 133.53 , 133.52
8.374 , 0.02000427 , 133.53 , 133.51
8.376 , 0.02999878 , 133.53 , 133.5
8.378 , 0.02999878 , 133.53 , 133.5
8.38 , 0.03999329 , 133.53 , 133.49
8.382 , 0.03999329 , 133.53 , 133.49
8.383 , 0.05000305 , 133.53 , 133.48
8.385 , 0.02999878 , 133.51 , 133.48
8.387 , 0.05999756 , 133.53 , 133.47
8.389 , 0.03999329 , 133.51 , 133.47
8.391 , 0.04998779 , 133.51 , 133.46
8.393 , 0.01000977 , 133.46 , 133.45
8.395 , 0.05999756 , 133.51 , 133.45
8.397 , 0.06999207 , 133.51 , 133.44
8.399 , 0.02000427 , 133.46 , 133.44
8.401 , 0.03001404 , 133.46 , 133.43
8.403 , 0.04000854 , 133.46 , 133.42
8.404 , 0.04000854 , 133.46 , 133.42
8.406 , 0.02000427 , 133.44 , 133.42
8.408 , 0.05000305 , 133.46 , 133.41
8.41 , 0.04000854 , 133.44 , 133.4
8.412 , 0.04000854 , 133.44 , 133.4
8.414 , 0.05000305 , 133.44 , 133.39
8.416 , 0.05000305 , 133.44 , 133.39
8.417 , 0.05999756 , 133.44 , 133.38
8.419 , 0.009994507 , 133.39 , 133.38
8.421 , 0.02000427 , 133.39 , 133.37
8.423 , 0.02000427 , 133.39 , 133.37
8.425 , 0.009994507 , 133.37 , 133.36
8.427 , 0.03999329 , 133.39 , 133.35
8.429 , 0.03999329 , 133.39 , 133.35
8.431 , 0.05000305 , 133.39 , 133.34
8.433 , 0.02999878 , 133.37 , 133.34
8.435 , 0.02000427 , 133.35 , 133.33
8.437 , 0.04998779 , 133.37 , 133.32
8.439 , 0.02999878 , 133.35 , 133.32
8.44 , 0.04998779 , 133.37 , 133.32
8.442 , 0.04000854 , 133.35 , 133.31
8.444 , 0.05000305 , 133.35 , 133.3
8.446 , 0.06999207 , 133.37 , 133.3
8.448 , 0.06001282 , 133.35 , 133.29
8.45 , 0.06001282 , 133.35 , 133.29
8.452 , 0.07000732 , 133.35 , 133.28
8.454 , 0.02999878 , 133.3 , 133.27
8.455 , 0.009994507 , 133.28 , 133.27
8.457 , 0.0900116 , 133.35 , 133.26
8.459 , 0.04000854 , 133.3 , 133.26
8.461 , 0.1000061 , 133.35 , 133.25
8.463 , 0.02999878 , 133.28 , 133.25
8.465 , 0.03999329 , 133.28 , 133.24
8.467 , 0.05999756 , 133.3 , 133.24
8.468 , 0.05000305 , 133.28 , 133.23
8.47 , 0.05000305 , 133.28 , 133.23
8.472 , -0.009994507 , 133.21 , 133.22
8.474 , 0.0 , 133.21 , 133.21
8.476 , 0.01998901 , 133.23 , 133.21
8.486 , 0.03001404 , 133.21 , 133.18
8.488 , 0.04000854 , 133.21 , 133.17
8.49 , -0.02999878 , 133.14 , 133.17
8.492 , 0.009994507 , 133.17 , 133.16
8.494 , 0.009994507 , 133.17 , 133.16
8.495 , -0.009994507 , 133.14 , 133.15
8.498 , 0.0 , 133.14 , 133.14
8.499 , 0.0 , 133.14 , 133.14
8.501 , 0.009994507 , 133.14 , 133.13
8.503 , -0.01000977 , 133.12 , 133.13
8.505 , 0.02000427 , 133.14 , 133.12
8.507 , 0.02000427 , 133.14 , 133.12
8.509 , 0.02999878 , 133.14 , 133.11
8.511 , 0.02999878 , 133.14 , 133.11
8.513 , 0.01998901 , 133.12 , 133.1
8.514 , 0.01998901 , 133.12 , 133.1
8.516 , 0.02999878 , 133.12 , 133.09
8.518 , 0.03999329 , 133.12 , 133.08
8.52 , 0.03999329 , 133.12 , 133.08
8.522 , 0.04998779 , 133.12 , 133.07
8.524 , 0.0 , 133.07 , 133.07
8.526 , 0.05999756 , 133.12 , 133.06
8.527 , 0.01000977 , 133.07 , 133.06
8.529 , 0.06999207 , 133.12 , 133.05
8.531 , 0.0 , 133.05 , 133.05
8.533 , 0.01000977 , 133.05 , 133.04
8.535 , 0.02000427 , 133.05 , 133.03
8.537 , 0.02000427 , 133.05 , 133.03
8.539 , 0.02999878 , 133.05 , 133.02
8.54 , 0.02999878 , 133.05 , 133.02
8.542 , 0.04000854 , 133.05 , 133.01
8.544 , 0.0 , 133.01 , 133.01
8.546 , 0.05000305 , 133.05 , 133.0
8.548 , 0.05000305 , 133.05 , 133.0
8.55 , -0.01000977 , 132.98 , 132.99
8.551 , 0.01998901 , 133.01 , 132.99
8.553 , 0.0 , 132.98 , 132.98
8.555 , 0.02999878 , 133.01 , 132.98
8.557 , 0.03999329 , 133.01 , 132.97
8.559 , 0.04998779 , 133.01 , 132.96
8.561 , 0.01998901 , 132.98 , 132.96
8.563 , 0.02999878 , 132.98 , 132.95
8.565 , -0.009994507 , 132.94 , 132.95
8.567 , 0.03999329 , 132.98 , 132.94
8.569 , 0.01000977 , 132.94 , 132.93
8.571 , 0.01000977 , 132.94 , 132.93
8.572 , 0.02000427 , 132.94 , 132.92
8.574 , 0.02000427 , 132.94 , 132.92
8.576 , 0.02999878 , 132.94 , 132.91
8.578 , 0.02999878 , 132.94 , 132.91
8.58 , 0.04000854 , 132.94 , 132.9
8.582 , 0.04000854 , 132.94 , 132.9
8.584 , 0.0 , 132.89 , 132.89
8.586 , 0.02999878 , 132.91 , 132.88
8.588 , 0.02999878 , 132.91 , 132.88
8.589 , 0.04000854 , 132.91 , 132.87
8.591 , 0.04000854 , 132.91 , 132.87
8.593 , 0.02999878 , 132.89 , 132.86
8.595 , 0.02999878 , 132.89 , 132.86
8.597 , 0.03999329 , 132.89 , 132.85
8.599 , 0.05000305 , 132.89 , 132.84
8.601 , 0.01000977 , 132.85 , 132.84
8.603 , 0.05999756 , 132.89 , 132.83
8.605 , 0.02000427 , 132.85 , 132.83
8.607 , 0.02999878 , 132.85 , 132.82
8.608 , 0.02999878 , 132.85 , 132.82
8.61 , 0.01000977 , 132.82 , 132.81
8.612 , 0.04000854 , 132.85 , 132.81
8.614 , 0.02000427 , 132.82 , 132.8
8.616 , -0.009994507 , 132.78 , 132.79
8.618 , 0.03001404 , 132.82 , 132.79
8.62 , 0.07000732 , 132.85 , 132.78
8.622 , 0.04000854 , 132.82 , 132.78
8.624 , 0.05000305 , 132.82 , 132.77
8.626 , 0.009994507 , 132.78 , 132.77
8.628 , 0.02000427 , 132.78 , 132.76
8.629 , 0.02000427 , 132.78 , 132.76
8.631 , 0.02999878 , 132.78 , 132.75
8.633 , 0.03999329 , 132.78 , 132.74
8.635 , 0.009994507 , 132.75 , 132.74
8.637 , 0.05000305 , 132.78 , 132.73
8.639 , 0.02000427 , 132.75 , 132.73
8.641 , 0.02999878 , 132.75 , 132.72
8.643 , 0.03999329 , 132.75 , 132.71
8.645 , 0.0 , 132.71 , 132.71
8.646 , -0.03001404 , 132.68 , 132.71
8.648 , -0.02000427 , 132.68 , 132.7
8.65 , 0.05999756 , 132.75 , 132.69
8.652 , 0.05999756 , 132.75 , 132.69
8.654 , 0.03001404 , 132.71 , 132.68
8.656 , 0.03001404 , 132.71 , 132.68
8.658 , 0.04000854 , 132.71 , 132.67
8.66 , 0.01998901 , 132.68 , 132.66
8.662 , 0.01998901 , 132.68 , 132.66
8.664 , 0.06001282 , 132.71 , 132.65
8.666 , 0.02999878 , 132.68 , 132.65
8.667 , 0.02000427 , 132.66 , 132.64
8.669 , 0.02000427 , 132.66 , 132.64
8.671 , 0.02999878 , 132.66 , 132.63
8.673 , 0.04998779 , 132.68 , 132.63
8.675 , 0.05999756 , 132.68 , 132.62
8.677 , 0.009994507 , 132.62 , 132.61
8.679 , 0.009994507 , 132.62 , 132.61
8.681 , 0.01998901 , 132.62 , 132.6
8.683 , 0.01998901 , 132.62 , 132.6
8.685 , 0.02999878 , 132.62 , 132.59
8.687 , 0.03999329 , 132.62 , 132.58
8.689 , 0.009994507 , 132.59 , 132.58
8.691 , 0.01998901 , 132.59 , 132.57
8.693 , 0.01998901 , 132.59 , 132.57
8.695 , 0.02999878 , 132.59 , 132.56
8.697 , 0.05999756 , 132.62 , 132.56
8.699 , 0.03999329 , 132.59 , 132.55
8.7 , -0.02999878 , 132.52 , 132.55
8.702 , 0.01000977 , 132.55 , 132.54
8.704 , -0.009994507 , 132.52 , 132.53
8.706 , 0.02000427 , 132.55 , 132.53
8.708 , 0.02999878 , 132.55 , 132.52
8.71 , 0.02999878 , 132.55 , 132.52
8.712 , 0.04000854 , 132.55 , 132.51
8.714 , 0.05000305 , 132.55 , 132.5
8.716 , 0.02000427 , 132.52 , 132.5
8.717 , -0.02000427 , 132.48 , 132.5
8.719 , 0.02999878 , 132.52 , 132.49
8.721 , 0.04000854 , 132.52 , 132.48
8.723 , 0.0 , 132.48 , 132.48
8.725 , 0.009994507 , 132.48 , 132.47
8.727 , 0.009994507 , 132.48 , 132.47
8.729 , 0.01998901 , 132.48 , 132.46
8.731 , 0.02999878 , 132.48 , 132.45
8.733 , 0.02999878 , 132.48 , 132.45
8.735 , 0.02000427 , 132.46 , 132.44
8.736 , 0.03999329 , 132.48 , 132.44
8.738 , 0.03001404 , 132.46 , 132.43
8.74 , 0.0 , 132.43 , 132.43
8.742 , 0.04000854 , 132.46 , 132.42
8.744 , 0.009994507 , 132.43 , 132.42
8.746 , 0.01998901 , 132.43 , 132.41
8.748 , 0.02999878 , 132.43 , 132.4
8.75 , -0.009994507 , 132.39 , 132.4
8.752 , 0.03999329 , 132.43 , 132.39
8.754 , 0.0 , 132.39 , 132.39
8.756 , 0.009994507 , 132.39 , 132.38
8.758 , 0.02000427 , 132.39 , 132.37
8.759 , 0.05999756 , 132.43 , 132.37
8.761 , 0.05999756 , 132.43 , 132.37
8.763 , 0.06999207 , 132.43 , 132.36
8.765 , 0.03999329 , 132.39 , 132.35
8.767 , 0.03999329 , 132.39 , 132.35
8.769 , 0.05000305 , 132.39 , 132.34
8.771 , 0.05000305 , 132.39 , 132.34
8.773 , 0.02999878 , 132.36 , 132.33
8.775 , 0.03999329 , 132.36 , 132.32
8.777 , 0.03999329 , 132.36 , 132.32
8.779 , 0.05000305 , 132.36 , 132.31
8.78 , 0.05000305 , 132.36 , 132.31
8.782 , 0.02000427 , 132.32 , 132.3
8.784 , 0.05999756 , 132.36 , 132.3
8.786 , 0.03001404 , 132.32 , 132.29
8.788 , 0.03001404 , 132.32 , 132.29
8.79 , 0.04000854 , 132.32 , 132.28
8.792 , 0.05000305 , 132.32 , 132.27
8.794 , 0.02999878 , 132.3 , 132.27
8.795 , 0.02999878 , 132.3 , 132.27
8.797 , 0.06001282 , 132.32 , 132.26
8.799 , 0.05000305 , 132.3 , 132.25
8.801 , 0.05000305 , 132.3 , 132.25
8.803 , 0.05999756 , 132.3 , 132.24
8.805 , 0.05999756 , 132.3 , 132.24
8.806 , 0.0 , 132.23 , 132.23
8.808 , 0.02000427 , 132.25 , 132.23
8.81 , 0.08000183 , 132.3 , 132.22
8.812 , 0.02999878 , 132.25 , 132.22
8.814 , 0.03999329 , 132.25 , 132.21
8.816 , 0.02999878 , 132.23 , 132.2
8.818 , 0.05000305 , 132.25 , 132.2
8.819 , 0.03999329 , 132.23 , 132.19
8.821 , 0.03999329 , 132.23 , 132.19
8.823 , 0.05000305 , 132.23 , 132.18
8.825 , 0.05000305 , 132.23 , 132.18
8.827 , 0.05999756 , 132.23 , 132.17
8.829 , 0.01998901 , 132.18 , 132.16
8.831 , 0.06999207 , 132.23 , 132.16
8.833 , 0.08000183 , 132.23 , 132.15
8.835 , 0.02999878 , 132.18 , 132.15
8.837 , 0.02000427 , 132.16 , 132.14
8.838 , 0.02000427 , 132.16 , 132.14
8.84 , 0.02999878 , 132.16 , 132.13
8.842 , 0.02999878 , 132.16 , 132.13
8.844 , 0.04000854 , 132.16 , 132.12
8.846 , 0.05000305 , 132.16 , 132.11
8.848 , 0.05000305 , 132.16 , 132.11
8.85 , 0.05999756 , 132.16 , 132.1
8.851 , 0.03999329 , 132.14 , 132.1
8.853 , 0.07000732 , 132.16 , 132.09
8.855 , 0.07000732 , 132.16 , 132.09
8.857 , 0.05999756 , 132.14 , 132.08
8.859 , 0.009994507 , 132.09 , 132.08
8.861 , 0.01998901 , 132.09 , 132.07
8.863 , 0.02999878 , 132.09 , 132.06
8.865 , 0.02999878 , 132.09 , 132.06
8.867 , 0.03999329 , 132.09 , 132.05
8.869 , 0.03999329 , 132.09 , 132.05
8.871 , 0.1000061 , 132.14 , 132.04
8.872 , 0.03001404 , 132.07 , 132.04
8.874 , 0.05999756 , 132.09 , 132.03
8.876 , 0.04000854 , 132.07 , 132.03
8.878 , 0.05000305 , 132.07 , 132.02
8.88 , 0.06001282 , 132.07 , 132.01
8.882 , 0.06001282 , 132.07 , 132.01
8.884 , 0.07000732 , 132.07 , 132.0
8.886 , 0.07000732 , 132.07 , 132.0
8.887 , 0.02999878 , 132.02 , 131.99
8.889 , 0.08000183 , 132.07 , 131.99
8.891 , 0.04000854 , 132.02 , 131.98
8.893 , 0.1100006 , 132.09 , 131.98
8.895 , 0.05000305 , 132.02 , 131.97
8.897 , 0.05999756 , 132.02 , 131.96
8.899 , 0.03999329 , 132.0 , 131.96
8.9 , 0.05000305 , 132.0 , 131.95
8.902 , 0.07000732 , 132.02 , 131.95
8.904 , 0.05999756 , 132.0 , 131.94
8.906 , 0.05999756 , 132.0 , 131.94
8.908 , 0.07000732 , 132.0 , 131.93
8.91 , 0.02000427 , 131.95 , 131.93
8.912 , 0.08000183 , 132.0 , 131.92
8.914 , 0.08999634 , 132.0 , 131.91
8.915 , 0.03999329 , 131.95 , 131.91
8.917 , 0.05000305 , 131.95 , 131.9
8.919 , 0.1000061 , 132.0 , 131.9
8.921 , 0.05999756 , 131.95 , 131.89
8.923 , 0.03999329 , 131.93 , 131.89
8.925 , 0.04998779 , 131.93 , 131.88
8.927 , 0.04998779 , 131.93 , 131.88
8.929 , 0.05999756 , 131.93 , 131.87
8.931 , 0.06999207 , 131.93 , 131.86
8.933 , 0.06999207 , 131.93 , 131.86
8.935 , 0.09999084 , 131.95 , 131.85
8.937 , 0.05999756 , 131.91 , 131.85
8.939 , 0.07000732 , 131.91 , 131.84
8.94 , 0.07000732 , 131.91 , 131.84
8.942 , 0.08000183 , 131.91 , 131.83
8.944 , 0.08999634 , 131.91 , 131.82
8.946 , 0.01998901 , 131.84 , 131.82
8.948 , 0.1000061 , 131.91 , 131.81
8.95 , 0.1000061 , 131.91 , 131.81
8.951 , 0.03999329 , 131.84 , 131.8
8.953 , 0.1100006 , 131.91 , 131.8
8.955 , 0.0 , 131.79 , 131.79
8.957 , 0.0 , 131.79 , 131.79
8.959 , 0.05999756 , 131.84 , 131.78
8.961 , 0.06999207 , 131.84 , 131.77
8.963 , 0.01998901 , 131.79 , 131.77
8.964 , 0.01998901 , 131.79 , 131.77
8.966 , 0.01000977 , 131.77 , 131.76
8.968 , 0.03999329 , 131.79 , 131.75
8.97 , 0.03999329 , 131.79 , 131.75
8.972 , 0.02999878 , 131.77 , 131.74
8.974 , 0.04998779 , 131.79 , 131.74
8.976 , 0.04000854 , 131.77 , 131.73
8.978 , 0.05000305 , 131.77 , 131.72
8.98 , 0.05000305 , 131.77 , 131.72
8.982 , 0.05999756 , 131.77 , 131.71
8.983 , -0.01000977 , 131.7 , 131.71
8.985 , 0.02000427 , 131.72 , 131.7
8.987 , 0.02000427 , 131.72 , 131.7
8.989 , 0.02999878 , 131.72 , 131.69
8.991 , 0.02999878 , 131.72 , 131.69
8.993 , 0.04000854 , 131.72 , 131.68
8.995 , 0.05000305 , 131.72 , 131.67
8.997 , 0.05000305 , 131.72 , 131.67
8.999 , 0.01998901 , 131.68 , 131.66
9.001 , 0.03999329 , 131.7 , 131.66
9.002 , 0.05000305 , 131.7 , 131.65
9.004 , 0.05000305 , 131.7 , 131.65
9.006 , 0.05999756 , 131.7 , 131.64
9.008 , 0.03999329 , 131.68 , 131.64
9.01 , 0.04998779 , 131.68 , 131.63
9.012 , 0.05999756 , 131.68 , 131.62
9.014 , 0.01000977 , 131.63 , 131.62
9.016 , 0.08999634 , 131.7 , 131.61
9.018 , 0.02000427 , 131.63 , 131.61
9.02 , 0.009994507 , 131.61 , 131.6
9.022 , 0.04000854 , 131.63 , 131.59
9.023 , 0.02000427 , 131.61 , 131.59
9.025 , -0.02999878 , 131.56 , 131.59
9.027 , 0.05000305 , 131.63 , 131.58
9.029 , -0.01000977 , 131.56 , 131.57
9.031 , 0.03999329 , 131.61 , 131.57
9.033 , 0.0 , 131.56 , 131.56
9.035 , 0.0 , 131.56 , 131.56
9.036 , 0.009994507 , 131.56 , 131.55
9.038 , 0.009994507 , 131.56 , 131.55
9.04 , 0.0 , 131.54 , 131.54
9.042 , 0.02000427 , 131.56 , 131.54
9.044 , 0.009994507 , 131.54 , 131.53
9.046 , 0.03999329 , 131.56 , 131.52
9.048 , 0.01998901 , 131.54 , 131.52
9.05 , -0.01998901 , 131.49 , 131.51
9.052 , 0.02999878 , 131.54 , 131.51
9.054 , 0.03999329 , 131.54 , 131.5
9.056 , 0.0 , 131.49 , 131.49
9.057 , 0.0 , 131.49 , 131.49
9.059 , 0.01000977 , 131.49 , 131.48
9.061 , 0.01000977 , 131.49 , 131.48
9.063 , 0.0 , 131.47 , 131.47
9.065 , 0.0 , 131.47 , 131.47
9.066 , 0.009994507 , 131.47 , 131.46
9.068 , 0.009994507 , 131.47 , 131.46
9.07 , 0.02000427 , 131.47 , 131.45
9.072 , 0.04000854 , 131.49 , 131.45
9.074 , 0.009994507 , 131.45 , 131.44
9.076 , 0.04000854 , 131.47 , 131.43
9.078 , 0.02000427 , 131.45 , 131.43
9.08 , 0.02999878 , 131.45 , 131.42
9.082 , -0.02000427 , 131.4 , 131.42
9.084 , 0.03999329 , 131.45 , 131.41
9.085 , -0.01000977 , 131.4 , 131.41
9.087 , 0.0 , 131.4 , 131.4
9.089 , 0.05000305 , 131.45 , 131.4
9.091 , 0.009994507 , 131.4 , 131.39
9.093 , 0.01998901 , 131.4 , 131.38
9.095 , 0.01998901 , 131.4 , 131.38
9.097 , 0.01000977 , 131.38 , 131.37
9.099 , 0.01000977 , 131.38 , 131.37
9.101 , -0.02999878 , 131.33 , 131.36
9.103 , 0.02999878 , 131.38 , 131.35
9.104 , 0.02999878 , 131.38 , 131.35
9.106 , 0.04998779 , 131.4 , 131.35
9.108 , 0.04000854 , 131.38 , 131.34
9.11 , 0.0 , 131.33 , 131.33
9.112 , 0.0 , 131.33 , 131.33
9.113 , 0.0 , 131.33 , 131.33
9.115 , 0.05999756 , 131.38 , 131.32
9.117 , 0.02000427 , 131.33 , 131.31
9.119 , 0.0 , 131.31 , 131.31
9.121 , 0.009994507 , 131.31 , 131.3
9.123 , 0.02999878 , 131.33 , 131.3
9.124 , 0.02000427 , 131.31 , 131.29
9.126 , 0.02000427 , 131.31 , 131.29
9.128 , -0.009994507 , 131.27 , 131.28
9.13 , 0.03999329 , 131.31 , 131.27
9.132 , 0.0 , 131.27 , 131.27
9.134 , 0.01000977 , 131.27 , 131.26
9.136 , 0.05000305 , 131.31 , 131.26
9.138 , 0.05999756 , 131.31 , 131.25
9.139 , -0.009994507 , 131.24 , 131.25
9.141 , 0.02999878 , 131.27 , 131.24
9.143 , 0.02999878 , 131.27 , 131.24
9.145 , 0.01000977 , 131.24 , 131.23
9.147 , 0.02000427 , 131.24 , 131.22
9.149 , 0.05000305 , 131.27 , 131.22
9.151 , 0.02999878 , 131.24 , 131.21
9.152 , 0.009994507 , 131.22 , 131.21
9.154 , 0.02000427 , 131.22 , 131.2
9.156 , 0.02000427 , 131.22 , 131.2
9.158 , 0.02999878 , 131.22 , 131.19
9.16 , 0.02999878 , 131.22 , 131.19
9.162 , -0.009994507 , 131.17 , 131.18
9.164 , 0.05000305 , 131.22 , 131.17
9.166 , 0.0 , 131.17 , 131.17
9.168 , 0.08000183 , 131.24 , 131.16
9.169 , 0.009994507 , 131.17 , 131.16
9.171 , 0.07000732 , 131.22 , 131.15
9.173 , 0.02000427 , 131.17 , 131.15
9.175 , 0.02999878 , 131.17 , 131.14
9.177 , 0.009994507 , 131.15 , 131.14
9.179 , 0.03999329 , 131.17 , 131.13
9.181 , 0.02999878 , 131.15 , 131.12
9.183 , 0.02999878 , 131.15 , 131.12
9.185 , 0.0 , 131.11 , 131.11
9.187 , 0.03999329 , 131.15 , 131.11
9.188 , 0.009994507 , 131.11 , 131.1
9.19 , 0.04998779 , 131.15 , 131.1
9.192 , 0.02000427 , 131.11 , 131.09
9.194 , 0.02000427 , 131.11 , 131.09
9.196 , 0.02999878 , 131.11 , 131.08
9.198 , 0.07998657 , 131.15 , 131.07
9.2 , 0.07998657 , 131.15 , 131.07
9.202 , 0.08999634 , 131.15 , 131.06
9.204 , 0.05000305 , 131.11 , 131.06
9.205 , 0.09999084 , 131.15 , 131.05
9.207 , 0.09999084 , 131.15 , 131.05
9.209 , 0.07000732 , 131.11 , 131.04
9.211 , 0.07000732 , 131.11 , 131.04
9.213 , 0.08000183 , 131.11 , 131.03
9.215 , 0.05999756 , 131.08 , 131.02
9.217 , 0.05999756 , 131.08 , 131.02
9.218 , 0.07000732 , 131.08 , 131.01
9.22 , 0.07000732 , 131.08 , 131.01
9.222 , 0.08000183 , 131.08 , 131.0
9.224 , 0.08000183 , 131.08 , 131.0
9.226 , 0.04998779 , 131.04 , 130.99
9.228 , 0.04998779 , 131.04 , 130.99
9.23 , 0.05999756 , 131.04 , 130.98
9.232 , 0.06999207 , 131.04 , 130.97
9.233 , 0.06999207 , 131.04 , 130.97
9.235 , 0.07998657 , 131.04 , 130.96
9.237 , 0.07998657 , 131.04 , 130.96
9.239 , 0.08999634 , 131.04 , 130.95
9.241 , 0.05999756 , 131.01 , 130.95
9.243 , 0.05000305 , 130.99 , 130.94
9.245 , 0.1100006 , 131.04 , 130.93
9.247 , 0.08000183 , 131.01 , 130.93
9.248 , 0.06001282 , 130.99 , 130.93
9.25 , 0.07000732 , 130.99 , 130.92
9.252 , 0.09999084 , 131.01 , 130.91
9.254 , 0.08000183 , 130.99 , 130.91
9.256 , 0.1100006 , 131.01 , 130.9
9.258 , 0.0900116 , 130.99 , 130.9
9.26 , 0.1000061 , 130.99 , 130.89
9.261 , 0.05999756 , 130.95 , 130.89
9.263 , 0.03999329 , 130.92 , 130.88
9.265 , 0.03999329 , 130.92 , 130.88
9.267 , 0.05000305 , 130.92 , 130.87
9.269 , 0.05999756 , 130.92 , 130.86
9.271 , 0.08999634 , 130.95 , 130.86
9.273 , 0.09999084 , 130.95 , 130.85
9.275 , 0.02999878 , 130.88 , 130.85
9.277 , 0.04000854 , 130.88 , 130.84
9.279 , 0.08999634 , 130.92 , 130.83
9.281 , 0.05000305 , 130.88 , 130.83
9.282 , 0.08999634 , 130.92 , 130.83
9.284 , 0.05999756 , 130.88 , 130.82
9.286 , 0.04000854 , 130.85 , 130.81
9.288 , 0.04000854 , 130.85 , 130.81
9.29 , 0.08000183 , 130.88 , 130.8
9.292 , 0.08000183 , 130.88 , 130.8
9.294 , 0.06001282 , 130.85 , 130.79
9.295 , 0.0900116 , 130.88 , 130.79
9.297 , 0.1000061 , 130.88 , 130.78
9.299 , 0.07000732 , 130.85 , 130.78
9.301 , 0.01998901 , 130.79 , 130.77
9.303 , 0.05000305 , 130.81 , 130.76
9.305 , 0.02999878 , 130.79 , 130.76
9.307 , 0.03999329 , 130.79 , 130.75
9.309 , 0.009994507 , 130.76 , 130.75
9.311 , 0.04998779 , 130.79 , 130.74
9.313 , 0.05999756 , 130.79 , 130.73
9.315 , 0.02999878 , 130.76 , 130.73
9.317 , 0.06999207 , 130.79 , 130.72
9.318 , 0.03999329 , 130.76 , 130.72
9.32 , 0.04998779 , 130.76 , 130.71
9.322 , 0.04998779 , 130.76 , 130.71
9.324 , 0.05999756 , 130.76 , 130.7
9.326 , 0.05999756 , 130.76 , 130.7
9.328 , 0.02999878 , 130.72 , 130.69
9.33 , 0.04000854 , 130.72 , 130.68
9.332 , 0.08000183 , 130.76 , 130.68
9.334 , 0.08999634 , 130.76 , 130.67
9.336 , 0.02000427 , 130.69 , 130.67
9.338 , 0.02999878 , 130.69 , 130.66
9.34 , 0.04000854 , 130.69 , 130.65
9.341 , 0.04000854 , 130.69 , 130.65
9.351 , 0.07000732 , 130.69 , 130.62
9.353 , 0.07000732 , 130.69 , 130.62
9.355 , 0.03999329 , 130.65 , 130.61
9.357 , 0.01998901 , 130.62 , 130.6
9.359 , 0.04998779 , 130.65 , 130.6
9.361 , 0.02999878 , 130.62 , 130.59
9.363 , 0.02999878 , 130.62 , 130.59
9.365 , 0.03999329 , 130.62 , 130.58
9.366 , 0.03999329 , 130.62 , 130.58
9.368 , 0.04998779 , 130.62 , 130.57
9.37 , 0.04998779 , 130.62 , 130.57
9.372 , 0.05999756 , 130.62 , 130.56
9.374 , 0.09999084 , 130.65 , 130.55
9.376 , 0.02999878 , 130.58 , 130.55
9.378 , 0.08000183 , 130.62 , 130.54
9.38 , 0.04000854 , 130.58 , 130.54
9.382 , 0.05000305 , 130.58 , 130.53
9.384 , 0.03999329 , 130.56 , 130.52
9.385 , -0.01000977 , 130.51 , 130.52
9.387 , 0.07000732 , 130.58 , 130.51
9.389 , 0.0 , 130.51 , 130.51
9.391 , 0.009994507 , 130.51 , 130.5
9.393 , 0.05999756 , 130.56 , 130.5
9.395 , 0.01998901 , 130.51 , 130.49
9.397 , 0.0 , 130.49 , 130.49
9.399 , 0.01000977 , 130.49 , 130.48
9.4 , 0.02999878 , 130.51 , 130.48
9.402 , 0.03999329 , 130.51 , 130.47
9.404 , 0.04998779 , 130.51 , 130.46
9.406 , 0.02999878 , 130.49 , 130.46
9.408 , 0.05999756 , 130.51 , 130.45
9.41 , 0.04000854 , 130.49 , 130.45
9.412 , 0.02000427 , 130.46 , 130.44
9.414 , -0.02000427 , 130.42 , 130.44
9.416 , 0.03001404 , 130.46 , 130.43
9.417 , 0.03001404 , 130.46 , 130.43
9.419 , 0.0 , 130.42 , 130.42
9.421 , 0.009994507 , 130.42 , 130.41
9.423 , 0.009994507 , 130.42 , 130.41
9.425 , 0.06001282 , 130.46 , 130.4
9.427 , 0.02000427 , 130.42 , 130.4
9.429 , 0.02999878 , 130.42 , 130.39
9.431 , 0.03999329 , 130.42 , 130.38
9.433 , 0.03999329 , 130.42 , 130.38
9.435 , 0.05000305 , 130.42 , 130.37
9.436 , -0.01998901 , 130.35 , 130.37
9.438 , 0.03999329 , 130.4 , 130.36
9.44 , 0.03999329 , 130.4 , 130.36
9.442 , 0.04998779 , 130.4 , 130.35
9.444 , 0.04998779 , 130.4 , 130.35
9.446 , 0.01000977 , 130.35 , 130.34
9.448 , 0.02000427 , 130.35 , 130.33
9.45 , 0.02000427 , 130.35 , 130.33
9.451 , 0.02000427 , 130.35 , 130.33
9.453 , 0.009994507 , 130.33 , 130.32
9.455 , 0.04000854 , 130.35 , 130.31
9.457 , 0.02000427 , 130.33 , 130.31
9.459 , 0.05000305 , 130.35 , 130.3
9.461 , -0.02000427 , 130.28 , 130.3
9.463 , 0.06001282 , 130.35 , 130.29
9.464 , 0.04000854 , 130.33 , 130.29
9.466 , 0.05000305 , 130.33 , 130.28
9.468 , 0.0 , 130.28 , 130.28
9.47 , 0.009994507 , 130.28 , 130.27
9.472 , 0.02000427 , 130.28 , 130.26
9.474 , 0.07000732 , 130.33 , 130.26
9.476 , 0.02999878 , 130.28 , 130.25
9.478 , 0.009994507 , 130.26 , 130.25
9.48 , 0.03999329 , 130.28 , 130.24
9.482 , 0.02999878 , 130.26 , 130.23
9.484 , 0.02999878 , 130.26 , 130.23
9.486 , 0.03999329 , 130.26 , 130.22
9.487 , 0.02000427 , 130.24 , 130.22
9.489 , 0.04998779 , 130.26 , 130.21
9.491 , 0.02999878 , 130.24 , 130.21
9.493 , 0.04000854 , 130.24 , 130.2
9.495 , 0.04000854 , 130.24 , 130.2
9.497 , 0.05000305 , 130.24 , 130.19
9.499 , 0.06001282 , 130.24 , 130.18
9.5 , 0.01000977 , 130.19 , 130.18
9.502 , 0.07000732 , 130.24 , 130.17
9.504 , 0.07000732 , 130.24 , 130.17
9.506 , 0.02999878 , 130.19 , 130.16
9.508 , 0.08000183 , 130.24 , 130.16
9.51 , 0.0900116 , 130.24 , 130.15
9.512 , 0.0900116 , 130.24 , 130.15
9.513 , 0.1000061 , 130.24 , 130.14
9.515 , 0.1000061 , 130.24 , 130.14
9.517 , 0.1100006 , 130.24 , 130.13
9.518 , 0.1100006 , 130.24 , 130.13
9.52 , 0.1200104 , 130.24 , 130.12
9.522 , 0.07000732 , 130.19 , 130.12
9.524 , 0.05999756 , 130.17 , 130.11
9.526 , 0.06999207 , 130.17 , 130.1
9.528 , 0.01998901 , 130.12 , 130.1
9.529 , 0.06999207 , 130.17 , 130.1
9.531 , 0.1000061 , 130.19 , 130.09
9.533 , 0.08999634 , 130.17 , 130.08
9.535 , 0.08999634 , 130.17 , 130.08
9.537 , 0.04998779 , 130.12 , 130.07
9.539 , 0.04998779 , 130.12 , 130.07
9.541 , 0.05999756 , 130.12 , 130.06
9.543 , 0.05000305 , 130.1 , 130.05
9.544 , 0.05000305 , 130.1 , 130.05
9.546 , 0.08000183 , 130.12 , 130.04
9.548 , 0.08000183 , 130.12 , 130.04
9.55 , 0.07000732 , 130.1 , 130.03
9.552 , 0.07000732 , 130.1 , 130.03
9.554 , 0.08000183 , 130.1 , 130.02
9.555 , 0.08000183 , 130.1 , 130.02
9.557 , 0.0900116 , 130.1 , 130.01
9.559 , 0.0900116 , 130.1 , 130.01
9.561 , 0.05000305 , 130.05 , 130.0
9.563 , 0.05999756 , 130.05 , 129.99
9.565 , 0.05999756 , 130.05 , 129.99
9.566 , 0.03999329 , 130.03 , 129.99
9.568 , 0.07000732 , 130.05 , 129.98
9.57 , 0.05999756 , 130.03 , 129.97
9.572 , 0.05999756 , 130.03 , 129.97
9.574 , 0.04998779 , 130.01 , 129.96
9.576 , 0.08999634 , 130.05 , 129.96
9.578 , 0.08000183 , 130.03 , 129.95
9.58 , 0.06999207 , 130.01 , 129.94
9.582 , 0.08999634 , 130.03 , 129.94
9.584 , 0.1000061 , 130.03 , 129.93
9.586 , 0.08000183 , 130.01 , 129.93
9.588 , 0.08999634 , 130.01 , 129.92
9.59 , 0.09999084 , 130.01 , 129.91
9.591 , 0.09999084 , 130.01 , 129.91
9.593 , 0.09999084 , 130.01 , 129.91
9.595 , 0.06001282 , 129.96 , 129.9
9.597 , 0.07000732 , 129.96 , 129.89
9.599 , 0.05000305 , 129.94 , 129.89
9.601 , 0.08000183 , 129.96 , 129.88
9.603 , 0.05999756 , 129.94 , 129.88
9.605 , 0.07000732 , 129.94 , 129.87
9.607 , 0.08000183 , 129.94 , 129.86
9.609 , 0.1000061 , 129.96 , 129.86
9.61 , 0.08000183 , 129.94 , 129.86
9.612 , 0.08999634 , 129.94 , 129.85
9.614 , 0.05000305 , 129.89 , 129.84
9.616 , 0.1000061 , 129.94 , 129.84
9.618 , 0.1100006 , 129.94 , 129.83
9.619 , 0.05999756 , 129.89 , 129.83
9.621 , 0.06999207 , 129.89 , 129.82
9.623 , 0.04998779 , 129.87 , 129.82
9.625 , 0.05999756 , 129.87 , 129.81
9.627 , 0.05999756 , 129.87 , 129.81
9.629 , 0.06999207 , 129.87 , 129.8
9.631 , 0.1000061 , 129.89 , 129.79
9.633 , 0.08000183 , 129.87 , 129.79
9.635 , 0.08999634 , 129.87 , 129.78
9.637 , 0.04000854 , 129.82 , 129.78
9.639 , 0.09999084 , 129.87 , 129.77
9.641 , 0.06001282 , 129.82 , 129.76
9.643 , 0.1100006 , 129.87 , 129.76
9.644 , 0.1100006 , 129.87 , 129.76
9.646 , 0.07000732 , 129.82 , 129.75
9.648 , 0.08000183 , 129.82 , 129.74
9.65 , 0.08000183 , 129.82 , 129.74
9.652 , 0.0900116 , 129.82 , 129.73
9.654 , 0.07000732 , 129.8 , 129.73
9.656 , 0.08000183 , 129.8 , 129.72
9.657 , 0.05999756 , 129.78 , 129.72
9.659 , 0.08999634 , 129.8 , 129.71
9.661 , 0.02999878 , 129.73 , 129.7
9.663 , 0.02999878 , 129.73 , 129.7
9.665 , 0.1100006 , 129.8 , 129.69
9.667 , 0.08999634 , 129.78 , 129.69
9.669 , 0.1000061 , 129.78 , 129.68
9.671 , 0.1000061 , 129.78 , 129.68
9.673 , 0.05999756 , 129.73 , 129.67
9.675 , 0.06999207 , 129.73 , 129.66
9.677 , 0.1199951 , 129.78 , 129.66
9.678 , 0.08000183 , 129.73 , 129.65
9.68 , 0.08000183 , 129.73 , 129.65
9.682 , 0.08999634 , 129.73 , 129.64
9.684 , 0.02000427 , 129.66 , 129.64
9.686 , 0.08000183 , 129.71 , 129.63
9.688 , 0.08000183 , 129.71 , 129.63
9.69 , 0.0900116 , 129.71 , 129.62
9.692 , 0.05000305 , 129.66 , 129.61
9.693 , 0.1000061 , 129.71 , 129.61
9.695 , 0.1299896 , 129.73 , 129.6
9.697 , 0.05999756 , 129.66 , 129.6
9.699 , 0.1200104 , 129.71 , 129.59
9.701 , 0.07000732 , 129.66 , 129.59
9.703 , 0.08000183 , 129.66 , 129.58
9.704 , 0.08000183 , 129.66 , 129.58
9.706 , 0.04998779 , 129.62 , 129.57
9.708 , 0.04998779 , 129.62 , 129.57
9.71 , 0.05999756 , 129.62 , 129.56
9.712 , 0.1100006 , 129.66 , 129.55
9.714 , 0.02000427 , 129.57 , 129.55
9.716 , 0.08000183 , 129.62 , 129.54
9.718 , 0.03001404 , 129.57 , 129.54
9.719 , 0.04000854 , 129.57 , 129.53
9.721 , 0.02000427 , 129.55 , 129.53
9.723 , 0.02999878 , 129.55 , 129.52
9.725 , 0.009994507 , 129.53 , 129.52
9.727 , 0.02000427 , 129.53 , 129.51
9.729 , 0.02999878 , 129.53 , 129.5
9.731 , 0.02999878 , 129.53 , 129.5
9.733 , 0.03999329 , 129.53 , 129.49
9.735 , 0.03999329 , 129.53 , 129.49
9.737 , 0.05000305 , 129.53 , 129.48
9.739 , 0.009994507 , 129.48 , 129.47
9.741 , -0.009994507 , 129.46 , 129.47
9.743 , 0.06999207 , 129.53 , 129.46
9.745 , 0.0 , 129.46 , 129.46
9.746 , 0.02999878 , 129.48 , 129.45
9.748 , 0.01000977 , 129.46 , 129.45
9.75 , 0.03999329 , 129.48 , 129.44
9.752 , 0.02000427 , 129.46 , 129.44
9.754 , -0.01998901 , 129.41 , 129.43
9.756 , 0.04000854 , 129.46 , 129.42
9.758 , 0.04000854 , 129.46 , 129.42
9.76 , 0.05000305 , 129.46 , 129.41
9.762 , 0.0 , 129.41 , 129.41
9.763 , 0.01000977 , 129.41 , 129.4
9.765 , -0.009994507 , 129.39 , 129.4
9.767 , 0.02000427 , 129.41 , 129.39
9.769 , 0.02000427 , 129.41 , 129.39
9.771 , 0.02999878 , 129.41 , 129.38
9.773 , 0.02000427 , 129.39 , 129.37
9.775 , 0.02000427 , 129.39 , 129.37
9.777 , 0.02999878 , 129.39 , 129.36
9.779 , -0.02000427 , 129.34 , 129.36
9.781 , -0.01000977 , 129.34 , 129.35
9.782 , 0.03999329 , 129.39 , 129.35
9.784 , -0.01998901 , 129.32 , 129.34
9.786 , 0.0 , 129.34 , 129.34
9.788 , 0.009994507 , 129.34 , 129.33
9.79 , 0.01998901 , 129.34 , 129.32
9.792 , 0.0 , 129.32 , 129.32
9.794 , 0.02999878 , 129.34 , 129.31
9.796 , 0.01000977 , 129.32 , 129.31
9.798 , 0.0 , 129.3 , 129.3
9.799 , 0.0 , 129.3 , 129.3
9.801 , 0.01000977 , 129.3 , 129.29
9.803 , 0.02000427 , 129.3 , 129.28
9.805 , -0.02999878 , 129.25 , 129.28
9.807 , 0.02999878 , 129.3 , 129.27
9.809 , -0.02000427 , 129.25 , 129.27
9.81 , -0.009994507 , 129.25 , 129.26
9.812 , -0.009994507 , 129.25 , 129.26
9.814 , 0.0 , 129.25 , 129.25
9.816 , 0.0 , 129.25 , 129.25
9.818 , -0.01000977 , 129.23 , 129.24
9.82 , 0.07000732 , 129.3 , 129.23
9.822 , 0.0 , 129.23 , 129.23
9.823 , 0.0 , 129.23 , 129.23
9.825 , 0.009994507 , 129.23 , 129.22
9.827 , 0.01998901 , 129.23 , 129.21
9.829 , 0.03999329 , 129.25 , 129.21
9.831 , 0.02999878 , 129.23 , 129.2
9.833 , -0.03999329 , 129.16 , 129.2
9.835 , -0.02999878 , 129.16 , 129.19
9.837 , -0.01998901 , 129.16 , 129.18
9.839 , -0.01998901 , 129.16 , 129.18
9.841 , -0.009994507 , 129.16 , 129.17
9.843 , -0.009994507 , 129.16 , 129.17
9.845 , 0.0 , 129.16 , 129.16
9.846 , -0.05000305 , 129.11 , 129.16
9.848 , -0.05999756 , 129.09 , 129.15
9.85 , -0.03999329 , 129.11 , 129.15
9.852 , -0.02999878 , 129.11 , 129.14
9.854 , -0.02000427 , 129.11 , 129.13
9.856 , -0.04000854 , 129.09 , 129.13
9.858 , -0.009994507 , 129.11 , 129.12
9.86 , -0.02999878 , 129.09 , 129.12
9.862 , -0.02000427 , 129.09 , 129.11
9.864 , -0.01000977 , 129.09 , 129.1
9.865 , -0.01000977 , 129.09 , 129.1
9.867 , -0.08000183 , 129.02 , 129.1
9.869 , 0.0 , 129.09 , 129.09
9.871 , -0.009994507 , 129.07 , 129.08
9.873 , -0.009994507 , 129.07 , 129.08
9.875 , 0.0 , 129.07 , 129.07
9.877 , 0.0 , 129.07 , 129.07
9.878 , -0.03999329 , 129.02 , 129.06
9.88 , -0.03999329 , 129.02 , 129.06
9.882 , -0.02999878 , 129.02 , 129.05
9.884 , -0.02999878 , 129.02 , 129.05
9.886 , -0.01998901 , 129.02 , 129.04
9.888 , -0.009994507 , 129.02 , 129.03
9.89 , -0.02999878 , 129.0 , 129.03
9.892 , -0.02000427 , 129.0 , 129.02
9.894 , -0.02000427 , 129.0 , 129.02
9.896 , 0.06001282 , 129.07 , 129.01
9.897 , -0.009994507 , 129.0 , 129.01
9.899 , 0.0 , 129.0 , 129.0
9.901 , -0.05000305 , 128.95 , 129.0
9.903 , -0.04000854 , 128.95 , 128.99
9.905 , -0.02999878 , 128.95 , 128.98
9.907 , 0.02000427 , 129.0 , 128.98
9.909 , -0.02000427 , 128.95 , 128.97
9.911 , -0.02000427 , 128.95 , 128.97
9.913 , -0.03001404 , 128.93 , 128.96
9.915 , 0.0 , 128.95 , 128.95
9.916 , -0.02000427 , 128.93 , 128.95
9.918 , 0.009994507 , 128.95 , 128.94
9.92 , -0.01000977 , 128.93 , 128.94
9.922 , -0.03999329 , 128.89 , 128.93
9.924 , 0.02000427 , 128.95 , 128.93
9.926 , 0.009994507 , 128.93 , 128.92
9.928 , 0.02999878 , 128.95 , 128.92
9.93 , 0.03999329 , 128.95 , 128.91
9.932 , -0.009994507 , 128.89 , 128.9
9.934 , 0.02999878 , 128.93 , 128.9
9.936 , 0.0 , 128.89 , 128.89
9.938 , 0.0 , 128.89 , 128.89
9.94 , 0.009994507 , 128.89 , 128.88
9.942 , -0.009994507 , 128.86 , 128.87
9.944 , -0.009994507 , 128.86 , 128.87
9.946 , 0.02999878 , 128.89 , 128.86
9.948 , 0.02999878 , 128.89 , 128.86
9.95 , 0.009994507 , 128.86 , 128.85
9.952 , 0.05000305 , 128.89 , 128.84
9.954 , 0.02000427 , 128.86 , 128.84
9.956 , 0.02999878 , 128.86 , 128.83
9.958 , 0.009994507 , 128.84 , 128.83
9.96 , 0.03999329 , 128.86 , 128.82
9.961 , 0.03999329 , 128.86 , 128.82
9.963 , 0.02999878 , 128.84 , 128.81
9.965 , 0.02999878 , 128.84 , 128.81
9.967 , -0.01000977 , 128.79 , 128.8
9.969 , 0.05000305 , 128.84 , 128.79
9.971 , 0.0 , 128.79 , 128.79
9.973 , 0.05999756 , 128.84 , 128.78
9.975 , -0.009994507 , 128.77 , 128.78
9.977 , 0.0 , 128.77 , 128.77
9.979 , 0.01000977 , 128.77 , 128.76
9.981 , 0.02999878 , 128.79 , 128.76
9.983 , 0.02000427 , 128.77 , 128.75
9.984 , 0.03999329 , 128.79 , 128.75
9.986 , 0.02999878 , 128.77 , 128.74
9.988 , 0.04998779 , 128.79 , 128.74
9.99 , 0.04000854 , 128.77 , 128.73
9.992 , 0.04000854 , 128.77 , 128.73
9.994 , 0.05000305 , 128.77 , 128.72
9.996 , 0.05999756 , 128.77 , 128.71
9.998 , 0.05999756 , 128.77 , 128.71
10.0 , 0.0 , 128.7 , 128.7
10.002 , 0.02999878 , 128.73 , 128.7
10.004 , 0.03999329 , 128.73 , 128.69
10.005 , 0.03999329 , 128.73 , 128.69
10.007 , -0.01998901 , 128.66 , 128.68
10.009 , 0.02000427 , 128.7 , 128.68
10.011 , 0.02999878 , 128.7 , 128.67
10.013 , 0.03999329 , 128.7 , 128.66
10.015 , 0.0 , 128.66 , 128.66
10.017 , 0.05000305 , 128.7 , 128.65
10.019 , 0.01000977 , 128.66 , 128.65
10.021 , 0.02000427 , 128.66 , 128.64
10.022 , 0.02000427 , 128.66 , 128.64
10.024 , 0.02999878 , 128.66 , 128.63
10.026 , 0.02999878 , 128.66 , 128.63
10.028 , 0.01000977 , 128.63 , 128.62
10.03 , 0.02000427 , 128.63 , 128.61
10.032 , 0.02000427 , 128.63 , 128.61
10.034 , 0.02999878 , 128.63 , 128.6
10.035 , 0.02999878 , 128.63 , 128.6
10.037 , 0.04000854 , 128.63 , 128.59
10.039 , 0.0 , 128.59 , 128.59
10.041 , 0.009994507 , 128.59 , 128.58
10.043 , 0.009994507 , 128.59 , 128.58
10.045 , 0.01998901 , 128.59 , 128.57
10.047 , 0.07000732 , 128.63 , 128.56
10.049 , 0.0 , 128.56 , 128.56
10.051 , 0.03999329 , 128.59 , 128.55
10.053 , 0.03999329 , 128.59 , 128.55
10.054 , 0.05000305 , 128.59 , 128.54
10.056 , 0.02000427 , 128.56 , 128.54
10.058 , 0.02999878 , 128.56 , 128.53
10.06 , 0.009994507 , 128.54 , 128.53
10.062 , 0.03999329 , 128.56 , 128.52
10.064 , 0.05000305 , 128.56 , 128.51
10.066 , 0.05000305 , 128.56 , 128.51
10.068 , 0.03999329 , 128.54 , 128.5
10.07 , 0.03999329 , 128.54 , 128.5
10.072 , 0.009994507 , 128.5 , 128.49
10.074 , 0.05999756 , 128.54 , 128.48
10.076 , 0.05999756 , 128.54 , 128.48
10.078 , 0.02999878 , 128.5 , 128.47
10.08 , 0.02999878 , 128.5 , 128.47
10.081 , 0.03999329 , 128.5 , 128.46
10.083 , 0.009994507 , 128.47 , 128.46
10.085 , 0.05000305 , 128.5 , 128.45
10.087 , -0.02000427 , 128.43 , 128.45
10.089 , 0.02999878 , 128.47 , 128.44
10.091 , 0.04000854 , 128.47 , 128.43
10.093 , 0.0 , 128.43 , 128.43
10.094 , 0.05000305 , 128.47 , 128.42
10.096 , 0.05000305 , 128.47 , 128.42
10.098 , -0.01000977 , 128.4 , 128.41
10.1 , 0.05999756 , 128.47 , 128.41
10.102 , 0.07000732 , 128.47 , 128.4
10.104 , 0.0 , 128.4 , 128.4
10.106 , 0.009994507 , 128.4 , 128.39
10.108 , 0.01998901 , 128.4 , 128.38
10.11 , 0.01998901 , 128.4 , 128.38
10.111 , 0.02999878 , 128.4 , 128.37
10.113 , -0.009994507 , 128.36 , 128.37
10.115 , 0.0 , 128.36 , 128.36
10.117 , 0.0 , 128.36 , 128.36
10.119 , 0.009994507 , 128.36 , 128.35
10.121 , 0.05999756 , 128.4 , 128.34
10.123 , 0.02000427 , 128.36 , 128.34
10.125 , 0.02999878 , 128.36 , 128.33
10.126 , 0.02999878 , 128.36 , 128.33
10.128 , 0.03999329 , 128.36 , 128.32
10.13 , 0.01998901 , 128.34 , 128.32
10.132 , 0.0 , 128.31 , 128.31
10.134 , -0.03999329 , 128.27 , 128.31
10.136 , 0.009994507 , 128.31 , 128.3
10.138 , 0.02000427 , 128.31 , 128.29
10.14 , 0.02000427 , 128.31 , 128.29
10.141 , 0.02000427 , 128.31 , 128.29
10.143 , -0.009994507 , 128.27 , 128.28
10.145 , 0.03999329 , 128.31 , 128.27
10.147 , -0.02999878 , 128.24 , 128.27
10.149 , -0.01998901 , 128.24 , 128.26
10.151 , -0.01998901 , 128.24 , 128.26
10.153 , 0.02000427 , 128.27 , 128.25
10.155 , -0.04000854 , 128.2 , 128.24
10.157 , -0.04000854 , 128.2 , 128.24
10.159 , -0.02999878 , 128.2 , 128.23
10.16 , 0.01000977 , 128.24 , 128.23
10.162 , -0.02000427 , 128.2 , 128.22
10.164 , 0.02000427 , 128.24 , 128.22
10.166 , -0.03001404 , 128.18 , 128.21
10.168 , -0.01000977 , 128.2 , 128.21
10.17 , 0.0 , 128.2 , 128.2
10.172 , -0.01000977 , 128.18 , 128.19
10.173 , -0.01000977 , 128.18 , 128.19
10.175 , -0.01000977 , 128.18 , 128.19
10.177 , 0.0 , 128.18 , 128.18
10.179 , 0.009994507 , 128.18 , 128.17
10.181 , -0.03999329 , 128.13 , 128.17
10.183 , 0.01998901 , 128.18 , 128.16
10.185 , -0.02999878 , 128.13 , 128.16
10.187 , -0.01998901 , 128.13 , 128.15
10.189 , -0.009994507 , 128.13 , 128.14
10.191 , -0.009994507 , 128.13 , 128.14
10.193 , -0.02000427 , 128.11 , 128.13
10.194 , 0.0 , 128.13 , 128.13
10.196 , -0.009994507 , 128.11 , 128.12
10.198 , -0.009994507 , 128.11 , 128.12
10.2 , 0.0 , 128.11 , 128.11
10.202 , 0.0 , 128.11 , 128.11
10.203 , 0.009994507 , 128.11 , 128.1
10.205 , -0.02000427 , 128.08 , 128.1
10.207 , 0.02000427 , 128.11 , 128.09
10.217 , 0.02000427 , 128.08 , 128.06
10.219 , -0.01000977 , 128.04 , 128.05
10.221 , -0.01000977 , 128.04 , 128.05
10.223 , -0.01998901 , 128.02 , 128.04
10.224 , 0.0 , 128.04 , 128.04
10.226 , -0.009994507 , 128.02 , 128.03
10.228 , 0.009994507 , 128.04 , 128.03
10.23 , 0.0 , 128.02 , 128.02
10.232 , 0.0 , 128.02 , 128.02
10.234 , -0.03999329 , 127.97 , 128.01
10.236 , 0.02000427 , 128.02 , 128.0
10.237 , -0.02999878 , 127.97 , 128.0
10.239 , -0.02999878 , 127.97 , 128.0
10.241 , 0.03000641 , 128.02 , 127.99
10.243 , -0.01000214 , 127.97 , 127.98
10.245 , -0.01000214 , 127.97 , 127.98
10.247 , 0.05000305 , 128.02 , 127.97
10.248 , -0.02000427 , 127.95 , 127.97
10.25 , 0.01000214 , 127.97 , 127.96
10.252 , 0.01000214 , 127.97 , 127.96
10.254 , 0.02000427 , 127.97 , 127.95
10.256 , 0.0 , 127.95 , 127.95
10.258 , 0.02999878 , 127.97 , 127.94
10.26 , 0.01999664 , 127.95 , 127.93
10.262 , -0.02999878 , 127.9 , 127.93
10.263 , -0.01999664 , 127.9 , 127.92
10.265 , 0.05000305 , 127.97 , 127.92
10.267 , -0.01000214 , 127.9 , 127.91
10.269 , -0.01000214 , 127.9 , 127.91
10.271 , -0.02000427 , 127.88 , 127.9
10.273 , -0.02000427 , 127.88 , 127.9
10.275 , -0.01000214 , 127.88 , 127.89
10.276 , -0.02999878 , 127.86 , 127.89
10.278 , -0.01999664 , 127.86 , 127.88
10.28 , 0.02999878 , 127.9 , 127.87
10.282 , 0.009994507 , 127.88 , 127.87
10.284 , 0.01999664 , 127.88 , 127.86
10.286 , 0.0 , 127.86 , 127.86
10.288 , 0.02999878 , 127.88 , 127.85
10.29 , 0.02999878 , 127.88 , 127.85
10.292 , 0.02000427 , 127.86 , 127.84
10.294 , 0.02999878 , 127.86 , 127.83
10.296 , -0.02000427 , 127.81 , 127.83
10.298 , 0.04000092 , 127.86 , 127.82
10.3 , -0.02999878 , 127.79 , 127.82
10.301 , 0.0 , 127.81 , 127.81
10.303 , 0.0 , 127.81 , 127.81
10.305 , 0.009994507 , 127.81 , 127.8
10.307 , 0.01999664 , 127.81 , 127.79
10.309 , 0.0 , 127.79 , 127.79
10.311 , 0.01000214 , 127.79 , 127.78
10.312 , 0.02999878 , 127.81 , 127.78
10.314 , 0.02000427 , 127.79 , 127.77
10.316 , 0.02000427 , 127.79 , 127.77
10.318 , 0.02999878 , 127.79 , 127.76
10.32 , 0.02999878 , 127.79 , 127.76
10.322 , 0.04000092 , 127.79 , 127.75
10.324 , 0.0 , 127.74 , 127.74
10.326 , 0.05000305 , 127.79 , 127.74
10.327 , 0.0 , 127.74 , 127.74
10.329 , 0.009994507 , 127.74 , 127.73
10.331 , 0.01999664 , 127.74 , 127.72
10.333 , 0.0 , 127.72 , 127.72
10.335 , 0.01000214 , 127.72 , 127.71
10.337 , 0.02999878 , 127.74 , 127.71
10.339 , 0.02000427 , 127.72 , 127.7
10.34 , 0.02000427 , 127.72 , 127.7
10.342 , -0.02000427 , 127.67 , 127.69
10.344 , 0.02999878 , 127.72 , 127.69
10.346 , -0.01000214 , 127.67 , 127.68
10.348 , -0.01999664 , 127.65 , 127.67
10.35 , 0.0 , 127.67 , 127.67
10.352 , 0.009994507 , 127.67 , 127.66
10.354 , 0.009994507 , 127.67 , 127.66
10.356 , 0.0 , 127.65 , 127.65
10.357 , 0.01999664 , 127.67 , 127.65
10.359 , 0.01000214 , 127.65 , 127.64
10.361 , 0.01000214 , 127.65 , 127.64
10.363 , 0.02000427 , 127.65 , 127.63
10.365 , 0.02999878 , 127.65 , 127.62
10.367 , 0.009994507 , 127.63 , 127.62
10.369 , 0.05999756 , 127.67 , 127.61
10.371 , 0.04000092 , 127.65 , 127.61
10.372 , 0.02999878 , 127.63 , 127.6
10.374 , 0.02999878 , 127.63 , 127.6
10.376 , 0.04000092 , 127.63 , 127.59
10.378 , 0.04999542 , 127.63 , 127.58
10.38 , 0.04999542 , 127.63 , 127.58
10.382 , 0.01000214 , 127.58 , 127.57
10.384 , 0.01000214 , 127.58 , 127.57
10.386 , 0.02000427 , 127.58 , 127.56
10.388 , 0.02000427 , 127.58 , 127.56
10.39 , 0.009994507 , 127.56 , 127.55
10.392 , 0.04000092 , 127.58 , 127.54
10.394 , 0.01999664 , 127.56 , 127.54
10.395 , 0.02999878 , 127.56 , 127.53
10.397 , 0.05000305 , 127.58 , 127.53
10.399 , -0.009994507 , 127.51 , 127.52
10.401 , -0.009994507 , 127.51 , 127.52
10.403 , 0.04999542 , 127.56 , 127.51
10.405 , 0.0 , 127.51 , 127.51
10.407 , -0.01000214 , 127.49 , 127.5
10.409 , 0.02000427 , 127.51 , 127.49
10.411 , 0.02000427 , 127.51 , 127.49
10.412 , 0.009994507 , 127.49 , 127.48
10.414 , 0.009994507 , 127.49 , 127.48
10.416 , 0.01999664 , 127.49 , 127.47
10.418 , 0.01999664 , 127.49 , 127.47
10.42 , 0.02999878 , 127.49 , 127.46
10.422 , 0.04000092 , 127.49 , 127.45
10.424 , 0.04000092 , 127.49 , 127.45
10.426 , 0.0 , 127.44 , 127.44
10.428 , 0.04999542 , 127.49 , 127.44
10.43 , 0.05999756 , 127.49 , 127.43
10.432 , 0.01000214 , 127.44 , 127.43
10.433 , 0.02000427 , 127.44 , 127.42
10.435 , 0.02000427 , 127.44 , 127.42
10.437 , 0.009994507 , 127.42 , 127.41
10.439 , 0.01999664 , 127.42 , 127.4
10.441 , 0.04000092 , 127.44 , 127.4
10.443 , 0.05000305 , 127.44 , 127.39
10.445 , 0.05000305 , 127.44 , 127.39
10.447 , 0.06000519 , 127.44 , 127.38
10.448 , 0.06000519 , 127.44 , 127.38
10.45 , 0.02999878 , 127.4 , 127.37
10.452 , 0.04999542 , 127.42 , 127.37
10.454 , 0.08000183 , 127.44 , 127.36
10.456 , 0.06999969 , 127.42 , 127.35
10.458 , 0.06999969 , 127.42 , 127.35
10.46 , 0.08000183 , 127.42 , 127.34
10.462 , 0.01000214 , 127.35 , 127.34
10.464 , 0.08999634 , 127.42 , 127.33
10.466 , 0.02999878 , 127.35 , 127.32
10.468 , 0.02999878 , 127.35 , 127.32
10.469 , 0.02999878 , 127.35 , 127.32
10.471 , 0.09000397 , 127.4 , 127.31
10.473 , 0.04999542 , 127.35 , 127.3
10.475 , 0.04999542 , 127.35 , 127.3
10.477 , 0.05999756 , 127.35 , 127.29
10.479 , 0.05999756 , 127.35 , 127.29
10.481 , 0.1200027 , 127.4 , 127.28
10.483 , 0.08000183 , 127.35 , 127.27
10.485 , 0.01000214 , 127.28 , 127.27
10.487 , 0.06999969 , 127.33 , 127.26
10.488 , 0.06999969 , 127.33 , 127.26
10.49 , 0.02999878 , 127.28 , 127.25
10.492 , 0.08000183 , 127.33 , 127.25
10.494 , 0.04000092 , 127.28 , 127.24
10.496 , 0.04000092 , 127.28 , 127.24
10.498 , 0.04999542 , 127.28 , 127.23
10.5 , 0.05999756 , 127.28 , 127.22
10.502 , 0.04000092 , 127.26 , 127.22
10.504 , 0.05000305 , 127.26 , 127.21
10.505 , 0.05000305 , 127.26 , 127.21
10.507 , 0.01000214 , 127.21 , 127.2
10.509 , 0.08000183 , 127.28 , 127.2
10.511 , 0.06999969 , 127.26 , 127.19
10.513 , 0.01999664 , 127.21 , 127.19
10.515 , 0.08000183 , 127.26 , 127.18
10.517 , 0.09000397 , 127.26 , 127.17
10.519 , 0.04000092 , 127.21 , 127.17
10.52 , 0.04999542 , 127.21 , 127.16
10.522 , 0.02999878 , 127.19 , 127.16
10.524 , 0.05999756 , 127.21 , 127.15
10.526 , 0.04000092 , 127.19 , 127.15
10.528 , 0.05000305 , 127.19 , 127.14
10.53 , 0.05000305 , 127.19 , 127.14
10.532 , 0.06000519 , 127.19 , 127.13
10.534 , 0.06999969 , 127.19 , 127.12
10.535 , 0.04999542 , 127.17 , 127.12
10.537 , 0.05999756 , 127.17 , 127.11
10.539 , 0.01000214 , 127.12 , 127.11
10.541 , 0.06999969 , 127.17 , 127.1
10.543 , 0.06999969 , 127.17 , 127.1
10.545 , 0.03000641 , 127.12 , 127.09
10.547 , 0.03000641 , 127.12 , 127.09
10.549 , 0.01999664 , 127.1 , 127.08
10.551 , -0.01999664 , 127.05 , 127.07
10.553 , -0.01999664 , 127.05 , 127.07
10.554 , -0.02999878 , 127.03 , 127.06
10.556 , 0.04000092 , 127.1 , 127.06
10.558 , 0.0 , 127.05 , 127.05
10.56 , -0.02000427 , 127.03 , 127.05
10.562 , -0.01000214 , 127.03 , 127.04
10.564 , 0.0 , 127.03 , 127.03
10.565 , 0.0 , 127.03 , 127.03
10.567 , 0.0 , 127.03 , 127.03
10.569 , 0.01000214 , 127.03 , 127.02
10.571 , -0.02000427 , 126.99 , 127.01
10.573 , -0.02000427 , 126.99 , 127.01
10.575 , 0.02999878 , 127.03 , 127.0
10.577 , -0.01000214 , 126.99 , 127.0
10.578 , 0.04000092 , 127.03 , 126.99
10.58 , 0.0 , 126.99 , 126.99
10.582 , -0.02000427 , 126.96 , 126.98
10.584 , -0.02000427 , 126.96 , 126.98
10.586 , -0.01000214 , 126.96 , 126.97
10.588 , 0.0 , 126.96 , 126.96
10.59 , -0.01999664 , 126.94 , 126.96
10.592 , 0.01000214 , 126.96 , 126.95
10.593 , 0.01000214 , 126.96 , 126.95
10.595 , 0.0 , 126.94 , 126.94
10.597 , 0.01999664 , 126.96 , 126.94
10.599 , 0.01000214 , 126.94 , 126.93
10.601 , 0.01000214 , 126.94 , 126.93
10.603 , -0.02999878 , 126.89 , 126.92
10.605 , -0.02000427 , 126.89 , 126.91
10.607 , -0.02000427 , 126.89 , 126.91
10.608 , 0.04000092 , 126.94 , 126.9
10.61 , 0.04000092 , 126.94 , 126.9
10.612 , -0.01999664 , 126.87 , 126.89
10.614 , -0.01999664 , 126.87 , 126.89
10.616 , 0.01000214 , 126.89 , 126.88
10.618 , 0.01000214 , 126.89 , 126.88
10.62 , 0.01999664 , 126.89 , 126.87
10.622 , 0.01000214 , 126.87 , 126.86
10.624 , 0.01000214 , 126.87 , 126.86
10.625 , 0.02000427 , 126.87 , 126.85
10.627 , 0.02000427 , 126.87 , 126.85
10.629 , -0.009994507 , 126.83 , 126.84
10.631 , -0.009994507 , 126.83 , 126.84
10.633 , 0.04000092 , 126.87 , 126.83
10.635 , -0.01999664 , 126.8 , 126.82
10.637 , 0.01000214 , 126.83 , 126.82
10.639 , -0.009994507 , 126.8 , 126.81
10.641 , -0.009994507 , 126.8 , 126.81
10.643 , -0.04000092 , 126.76 , 126.8
10.645 , 0.02999878 , 126.83 , 126.8
10.647 , 0.01000214 , 126.8 , 126.79
10.648 , 0.01000214 , 126.8 , 126.79
10.65 , 0.05000305 , 126.83 , 126.78
10.652 , 0.06000519 , 126.83 , 126.77
10.654 , 0.06000519 , 126.83 , 126.77
10.656 , 0.06999969 , 126.83 , 126.76
10.658 , 0.06999969 , 126.83 , 126.76
10.66 , 0.08000183 , 126.83 , 126.75
10.662 , 0.05000305 , 126.8 , 126.75
10.663 , 0.09000397 , 126.83 , 126.74
10.665 , 0.06000519 , 126.8 , 126.74
10.667 , 0.06999969 , 126.8 , 126.73
10.669 , 0.04000092 , 126.76 , 126.72
10.671 , 0.08000183 , 126.8 , 126.72
10.673 , 0.09000397 , 126.8 , 126.71
10.675 , 0.09000397 , 126.8 , 126.71
10.677 , 0.06000519 , 126.76 , 126.7
10.678 , 0.06000519 , 126.76 , 126.7
10.68 , 0.06999969 , 126.76 , 126.69
10.682 , 0.04000092 , 126.73 , 126.69
10.684 , 0.05000305 , 126.73 , 126.68
10.686 , 0.02000427 , 126.69 , 126.67
10.688 , 0.06000519 , 126.73 , 126.67
10.69 , 0.09999847 , 126.76 , 126.66
10.692 , 0.06999969 , 126.73 , 126.66
10.693 , 0.04000092 , 126.69 , 126.65
10.695 , 0.08000183 , 126.73 , 126.65
10.697 , 0.05000305 , 126.69 , 126.64
10.699 , 0.02999878 , 126.67 , 126.64
10.701 , 0.06000519 , 126.69 , 126.63
10.703 , 0.06999969 , 126.69 , 126.62
10.705 , 0.04999542 , 126.67 , 126.62
10.707 , 0.05999756 , 126.67 , 126.61
10.709 , 0.05999756 , 126.67 , 126.61
10.711 , 0.06999969 , 126.67 , 126.6
10.713 , 0.08000183 , 126.67 , 126.59
10.715 , 0.1000061 , 126.69 , 126.59
10.716 , 0.05000305 , 126.64 , 126.59
10.718 , 0.08999634 , 126.67 , 126.58
10.72 , 0.09999847 , 126.67 , 126.57
10.722 , 0.02999878 , 126.6 , 126.57
10.724 , 0.1100006 , 126.67 , 126.56
10.726 , 0.08000183 , 126.64 , 126.56
10.728 , 0.08999634 , 126.64 , 126.55
10.73 , 0.09999847 , 126.64 , 126.54
10.732 , 0.02999878 , 126.57 , 126.54
10.734 , 0.06999969 , 126.6 , 126.53
10.736 , 0.06999969 , 126.6 , 126.53
10.738 , 0.05000305 , 126.57 , 126.52
10.739 , 0.08000183 , 126.6 , 126.52
10.741 , 0.05999756 , 126.57 , 126.51
10.743 , 0.08999634 , 126.6 , 126.51
10.745 , 0.06999969 , 126.57 , 126.5
10.747 , 0.01000214 , 126.5 , 126.49
10.749 , 0.08000183 , 126.57 , 126.49
10.751 , 0.01999664 , 126.5 , 126.48
10.753 , 0.01999664 , 126.5 , 126.48
10.755 , -0.01000214 , 126.46 , 126.47
10.756 , 0.02999878 , 126.5 , 126.47
10.758 , 0.0 , 126.46 , 126.46
10.76 , -0.01999664 , 126.44 , 126.46
10.762 , 0.01000214 , 126.46 , 126.45
10.764 , -0.02999878 , 126.41 , 126.44
10.766 , 0.0 , 126.44 , 126.44
10.767 , 0.01000214 , 126.44 , 126.43
10.769 , 0.01000214 , 126.44 , 126.43
10.771 , 0.02000427 , 126.44 , 126.42
10.773 , 0.04000092 , 126.46 , 126.42
10.775 , 0.0 , 126.41 , 126.41
10.777 , 0.0 , 126.41 , 126.41
10.778 , 0.04000092 , 126.44 , 126.4
10.78 , 0.01000214 , 126.41 , 126.4
10.782 , -0.01999664 , 126.37 , 126.39
10.784 , 0.03000641 , 126.41 , 126.38
10.786 , 0.03000641 , 126.41 , 126.38
10.788 , 0.04000092 , 126.41 , 126.37
10.789 , 0.04000092 , 126.41 , 126.37
10.791 , -0.02000427 , 126.34 , 126.36
10.793 , 0.01000214 , 126.37 , 126.36
10.795 , 0.02000427 , 126.37 , 126.35
10.797 , 0.02000427 , 126.37 , 126.35
10.799 , 0.0 , 126.34 , 126.34
10.801 , 0.009994507 , 126.34 , 126.33
10.803 , 0.009994507 , 126.34 , 126.33
10.805 , -0.01999664 , 126.3 , 126.32
10.806 , -0.01999664 , 126.3 , 126.32
10.808 , -0.009994507 , 126.3 , 126.31
10.81 , 0.02999878 , 126.34 , 126.31
10.812 , 0.0 , 126.3 , 126.3
10.814 , -0.02000427 , 126.28 , 126.3
10.816 , 0.01000214 , 126.3 , 126.29
10.818 , 0.02000427 , 126.3 , 126.28
10.819 , -0.04999542 , 126.23 , 126.28
10.821 , 0.02000427 , 126.3 , 126.28
10.823 , 0.03000641 , 126.3 , 126.27
10.825 , 0.01999664 , 126.28 , 126.26
10.827 , -0.02999878 , 126.23 , 126.26
10.829 , -0.01999664 , 126.23 , 126.25
10.831 , -0.01999664 , 126.23 , 126.25
10.833 , -0.009994507 , 126.23 , 126.24
10.835 , -0.02000427 , 126.21 , 126.23
10.836 , 0.0 , 126.23 , 126.23
10.838 , -0.01000214 , 126.21 , 126.22
10.84 , -0.01000214 , 126.21 , 126.22
10.842 , 0.0 , 126.21 , 126.21
10.844 , 0.0 , 126.21 , 126.21
10.845 , -0.01999664 , 126.18 , 126.2
10.847 , -0.05999756 , 126.14 , 126.2
10.849 , -0.01000214 , 126.18 , 126.19
10.851 , -0.01000214 , 126.18 , 126.19
10.853 , 0.0 , 126.18 , 126.18
10.855 , 0.01000214 , 126.18 , 126.17
10.856 , 0.01000214 , 126.18 , 126.17
10.858 , 0.01000214 , 126.18 , 126.17
10.86 , 0.01999664 , 126.18 , 126.16
10.862 , -0.01000214 , 126.14 , 126.15
10.864 , 0.02999878 , 126.18 , 126.15
10.866 , 0.0 , 126.14 , 126.14
10.868 , 0.0 , 126.14 , 126.14
10.869 , -0.009994507 , 126.12 , 126.13
10.871 , -0.009994507 , 126.12 , 126.13
10.873 , 0.0 , 126.12 , 126.12
10.875 , 0.0 , 126.12 , 126.12
10.877 , 0.02999878 , 126.14 , 126.11
10.879 , 0.02000427 , 126.12 , 126.1
10.881 , 0.02000427 , 126.12 , 126.1
10.882 , 0.03000641 , 126.12 , 126.09
10.884 , 0.03000641 , 126.12 , 126.09
10.886 , -0.01000214 , 126.07 , 126.08
10.888 , -0.02999878 , 126.05 , 126.08
10.89 , 0.0 , 126.07 , 126.07
10.892 , -0.01999664 , 126.05 , 126.07
10.894 , -0.009994507 , 126.05 , 126.06
10.896 , 0.0 , 126.05 , 126.05
10.897 , 0.01999664 , 126.07 , 126.05
10.899 , -0.05999756 , 125.98 , 126.04
10.901 , 0.01000214 , 126.05 , 126.04
10.903 , -0.04999542 , 125.98 , 126.03
10.905 , -0.04999542 , 125.98 , 126.03
10.907 , -0.03999329 , 125.98 , 126.02
10.909 , 0.04000092 , 126.05 , 126.01
10.911 , -0.02999878 , 125.98 , 126.01
10.912 , -0.02999878 , 125.98 , 126.01
10.914 , -0.01999664 , 125.98 , 126.0
10.916 , -0.02999878 , 125.96 , 125.99
10.918 , -0.02999878 , 125.96 , 125.99
10.92 , -0.02000427 , 125.96 , 125.98
10.922 , -0.02000427 , 125.96 , 125.98
10.924 , -0.04000092 , 125.93 , 125.97
10.926 , 0.0 , 125.96 , 125.96
10.928 , -0.02999878 , 125.93 , 125.96
10.93 , 0.01000214 , 125.96 , 125.95
10.932 , -0.01999664 , 125.93 , 125.95
10.933 , -0.01000214 , 125.93 , 125.94
10.935 , -0.01000214 , 125.93 , 125.94
10.937 , 0.0 , 125.93 , 125.93
10.939 , -0.04000092 , 125.89 , 125.93
10.941 , 0.01000214 , 125.93 , 125.92
10.943 , -0.02000427 , 125.89 , 125.91
10.944 , -0.02000427 , 125.89 , 125.91
10.946 , 0.01999664 , 125.93 , 125.91
10.948 , 0.02999878 , 125.93 , 125.9
10.95 , 0.0 , 125.89 , 125.89
10.952 , 0.0 , 125.89 , 125.89
10.954 , 0.05000305 , 125.93 , 125.88
10.956 , -0.05999756 , 125.82 , 125.88
10.958 , -0.01000214 , 125.86 , 125.87
10.959 , -0.01000214 , 125.86 , 125.87
10.961 , -0.04000092 , 125.82 , 125.86
10.963 , -0.05999756 , 125.8 , 125.86
10.965 , -0.04999542 , 125.8 , 125.85
10.967 , -0.03999329 , 125.8 , 125.84
10.969 , -0.03999329 , 125.8 , 125.84
10.971 , -0.08000183 , 125.75 , 125.83
10.973 , -0.02999878 , 125.8 , 125.83
10.975 , -0.01999664 , 125.8 , 125.82
10.976 , -0.06999969 , 125.75 , 125.82
10.978 , -0.009994507 , 125.8 , 125.81
10.98 , -0.06999969 , 125.73 , 125.8
10.982 , -0.05000305 , 125.75 , 125.8
10.984 , -0.04000092 , 125.75 , 125.79
10.986 , -0.04000092 , 125.75 , 125.79
10.988 , -0.04999542 , 125.73 , 125.78
10.99 , -0.02999878 , 125.75 , 125.78
10.992 , -0.03999329 , 125.73 , 125.77
10.994 , -0.02999878 , 125.73 , 125.76
10.996 , -0.06000519 , 125.7 , 125.76
10.998 , -0.01999664 , 125.73 , 125.75
10.999 , -0.08999634 , 125.66 , 125.75
11.001 , -0.04000092 , 125.7 , 125.74
11.003 , -0.0799942 , 125.66 , 125.74
11.005 , 0.0 , 125.73 , 125.73
11.007 , -0.03000641 , 125.7 , 125.73
11.009 , -0.02000427 , 125.7 , 125.72
11.011 , -0.01000214 , 125.7 , 125.71
11.012 , -0.01000214 , 125.7 , 125.71
11.014 , -0.03999329 , 125.66 , 125.7
11.016 , -0.03999329 , 125.66 , 125.7
11.018 , -0.02999878 , 125.66 , 125.69
11.02 , -0.05000305 , 125.64 , 125.69
11.022 , -0.01999664 , 125.66 , 125.68
11.024 , -0.02999878 , 125.64 , 125.67
11.026 , -0.02999878 , 125.64 , 125.67
11.028 , -0.07000732 , 125.59 , 125.66
11.03 , -0.07000732 , 125.59 , 125.66
11.031 , -0.06000519 , 125.59 , 125.65
11.033 , -0.06000519 , 125.59 , 125.65
11.035 , 0.0 , 125.64 , 125.64
11.037 , -0.05000305 , 125.59 , 125.64
11.039 , 0.01000214 , 125.64 , 125.63
11.041 , -0.03000641 , 125.59 , 125.62
11.043 , -0.05000305 , 125.57 , 125.62
11.045 , -0.04000092 , 125.57 , 125.61
11.046 , -0.04000092 , 125.57 , 125.61
11.048 , -0.02999878 , 125.57 , 125.6
11.05 , -0.02999878 , 125.57 , 125.6
11.052 , -0.01999664 , 125.57 , 125.59
11.054 , -0.01999664 , 125.57 , 125.59
11.056 , -0.06000519 , 125.52 , 125.58
11.058 , 0.0 , 125.57 , 125.57
11.06 , -0.05000305 , 125.52 , 125.57
11.062 , -0.04000092 , 125.52 , 125.56
11.064 , -0.05999756 , 125.5 , 125.56
11.066 , 0.01999664 , 125.57 , 125.55
11.067 , -0.03000641 , 125.52 , 125.55
11.069 , 0.02999878 , 125.57 , 125.54
11.079 , 0.009994507 , 125.52 , 125.51
11.081 , -0.01000214 , 125.5 , 125.51
11.083 , 0.0 , 125.5 , 125.5
11.085 , 0.02999878 , 125.52 , 125.49
11.087 , -0.01999664 , 125.47 , 125.49
11.088 , -0.01999664 , 125.47 , 125.49
11.09 , -0.01000214 , 125.47 , 125.48
11.092 , 0.02999878 , 125.5 , 125.47
11.094 , 0.02999878 , 125.5 , 125.47
11.096 , 0.04000092 , 125.5 , 125.46
11.098 , 0.04000092 , 125.5 , 125.46
11.1 , 0.02000427 , 125.47 , 125.45
11.101 , 0.02000427 , 125.47 , 125.45
11.103 , 0.02999878 , 125.47 , 125.44
11.105 , -0.02999878 , 125.41 , 125.44
11.107 , 0.0 , 125.43 , 125.43
11.109 , 0.01000214 , 125.43 , 125.42
11.111 , 0.01000214 , 125.43 , 125.42
11.112 , 0.05999756 , 125.47 , 125.41
11.114 , 0.01999664 , 125.43 , 125.41
11.116 , 0.01000214 , 125.41 , 125.4
11.118 , 0.02999878 , 125.43 , 125.4
11.12 , 0.04000092 , 125.43 , 125.39
11.122 , 0.02000427 , 125.41 , 125.39
11.123 , 0.03000641 , 125.41 , 125.38
11.125 , -0.01999664 , 125.36 , 125.38
11.127 , 0.04000092 , 125.41 , 125.37
11.129 , 0.05000305 , 125.41 , 125.36
11.131 , 0.05000305 , 125.41 , 125.36
11.133 , 0.01000214 , 125.36 , 125.35
11.134 , 0.01000214 , 125.36 , 125.35
11.136 , 0.02000427 , 125.36 , 125.34
11.138 , 0.0 , 125.34 , 125.34
11.14 , 0.02999878 , 125.36 , 125.33
11.142 , 0.009994507 , 125.34 , 125.33
11.144 , 0.04000092 , 125.36 , 125.32
11.146 , -0.01999664 , 125.29 , 125.31
11.148 , 0.02999878 , 125.34 , 125.31
11.15 , 0.03999329 , 125.34 , 125.3
11.151 , 0.03999329 , 125.34 , 125.3
11.153 , 0.0 , 125.29 , 125.29
11.155 , 0.0 , 125.29 , 125.29
11.157 , 0.01000214 , 125.29 , 125.28
11.159 , 0.01000214 , 125.29 , 125.28
11.16 , 0.02000427 , 125.29 , 125.27
11.162 , 0.0 , 125.27 , 125.27
11.164 , 0.02999878 , 125.29 , 125.26
11.166 , 0.04000092 , 125.29 , 125.25
11.168 , 0.01999664 , 125.27 , 125.25
11.17 , 0.09999847 , 125.34 , 125.24
11.172 , 0.02999878 , 125.27 , 125.24
11.174 , 0.05999756 , 125.29 , 125.23
11.176 , 0.05999756 , 125.29 , 125.23
11.178 , 0.06999969 , 125.29 , 125.22
11.179 , 0.04999542 , 125.27 , 125.22
11.181 , 0.04000092 , 125.25 , 125.21
11.183 , 0.05000305 , 125.25 , 125.2
11.185 , 0.05000305 , 125.25 , 125.2
11.187 , 0.05999756 , 125.25 , 125.19
11.189 , 0.0799942 , 125.27 , 125.19
11.191 , 0.06999969 , 125.25 , 125.18
11.193 , 0.01999664 , 125.2 , 125.18
11.194 , 0.02999878 , 125.2 , 125.17
11.196 , 0.01000214 , 125.18 , 125.17
11.198 , 0.03999329 , 125.2 , 125.16
11.2 , 0.02999878 , 125.18 , 125.15
11.202 , 0.04999542 , 125.2 , 125.15
11.204 , 0.04000092 , 125.18 , 125.14
11.206 , 0.04000092 , 125.18 , 125.14
11.208 , 0.05000305 , 125.18 , 125.13
11.209 , 0.05000305 , 125.18 , 125.13
11.211 , 0.05999756 , 125.18 , 125.12
11.213 , 0.009994507 , 125.13 , 125.12
11.215 , 0.08999634 , 125.2 , 125.11
11.217 , 0.02999878 , 125.13 , 125.1
11.219 , 0.02999878 , 125.13 , 125.1
11.221 , 0.04000092 , 125.13 , 125.09
11.223 , 0.02000427 , 125.11 , 125.09
11.225 , 0.04999542 , 125.13 , 125.08
11.227 , 0.04000092 , 125.11 , 125.07
11.228 , 0.04000092 , 125.11 , 125.07
11.23 , 0.04000092 , 125.11 , 125.07
11.232 , 0.05000305 , 125.11 , 125.06
11.234 , 0.05999756 , 125.11 , 125.05
11.236 , 0.009994507 , 125.06 , 125.05
11.238 , 0.0 , 125.04 , 125.04
11.239 , 0.01999664 , 125.06 , 125.04
11.241 , 0.01000214 , 125.04 , 125.03
11.243 , 0.02999878 , 125.06 , 125.03
11.245 , 0.04000092 , 125.06 , 125.02
11.247 , 0.04000092 , 125.06 , 125.02
11.249 , 0.02999878 , 125.04 , 125.01
11.251 , 0.04000092 , 125.04 , 125.0
11.252 , 0.05999756 , 125.06 , 125.0
11.254 , 0.05000305 , 125.04 , 124.99
11.256 , 0.05000305 , 125.04 , 124.99
11.258 , 0.05999756 , 125.04 , 124.98
11.26 , 0.05999756 , 125.04 , 124.98
11.262 , 0.06999969 , 125.04 , 124.97
11.264 , 0.01999664 , 124.99 , 124.97
11.266 , 0.02999878 , 124.99 , 124.96
11.268 , 0.04000092 , 124.99 , 124.95
11.27 , 0.02000427 , 124.97 , 124.95
11.271 , 0.02999878 , 124.97 , 124.94
11.273 , 0.02999878 , 124.97 , 124.94
11.275 , 0.01999664 , 124.95 , 124.93
11.277 , 0.04000092 , 124.97 , 124.93
11.279 , 0.02999878 , 124.95 , 124.92
11.281 , 0.03999329 , 124.95 , 124.91
11.283 , -0.01000214 , 124.9 , 124.91
11.285 , 0.06999969 , 124.97 , 124.9
11.287 , 0.04999542 , 124.95 , 124.9
11.289 , 0.05999756 , 124.95 , 124.89
11.291 , -0.01000214 , 124.88 , 124.89
11.293 , 0.02000427 , 124.9 , 124.88
11.294 , 0.02000427 , 124.9 , 124.88
11.296 , -0.04000092 , 124.83 , 124.87
11.298 , 0.01999664 , 124.88 , 124.86
11.3 , 0.01999664 , 124.88 , 124.86
11.302 , 0.05000305 , 124.9 , 124.85
11.304 , 0.02999878 , 124.88 , 124.85
11.306 , 0.04000092 , 124.88 , 124.84
11.308 , -0.009994507 , 124.83 , 124.84
11.31 , 0.04999542 , 124.88 , 124.83
11.312 , 0.01000214 , 124.83 , 124.82
11.313 , -0.01000214 , 124.81 , 124.82
11.315 , 0.02000427 , 124.83 , 124.81
11.317 , 0.0 , 124.81 , 124.81
11.319 , 0.009994507 , 124.81 , 124.8
11.321 , 0.009994507 , 124.81 , 124.8
11.323 , 0.01999664 , 124.81 , 124.79
11.325 , 0.02999878 , 124.81 , 124.78
11.327 , 0.02999878 , 124.81 , 124.78
11.329 , 0.0 , 124.77 , 124.77
11.33 , 0.04000092 , 124.81 , 124.77
11.332 , 0.04999542 , 124.81 , 124.76
11.334 , 0.009994507 , 124.77 , 124.76
11.336 , -0.01000214 , 124.74 , 124.75
11.338 , -0.01000214 , 124.74 , 124.75
11.34 , 0.0 , 124.74 , 124.74
11.342 , 0.009994507 , 124.74 , 124.73
11.344 , 0.009994507 , 124.74 , 124.73
11.346 , 0.01999664 , 124.74 , 124.72
11.348 , 0.01999664 , 124.74 , 124.72
11.35 , 0.02999878 , 124.74 , 124.71
11.351 , 0.01000214 , 124.72 , 124.71
11.353 , 0.02000427 , 124.72 , 124.7
11.355 , 0.06999969 , 124.77 , 124.7
11.357 , 0.02999878 , 124.72 , 124.69
11.359 , -0.01000214 , 124.67 , 124.68
11.361 , 0.04000092 , 124.72 , 124.68
11.363 , 0.05000305 , 124.72 , 124.67
11.365 , -0.01999664 , 124.65 , 124.67
11.367 , 0.009994507 , 124.67 , 124.66
11.369 , 0.01999664 , 124.67 , 124.65
11.371 , 0.01999664 , 124.67 , 124.65
11.372 , 0.01999664 , 124.67 , 124.65
11.374 , 0.01000214 , 124.65 , 124.64
11.376 , -0.01999664 , 124.61 , 124.63
11.378 , 0.02000427 , 124.65 , 124.63
11.38 , 0.02999878 , 124.65 , 124.62
11.382 , 0.02999878 , 124.65 , 124.62
11.384 , 0.0 , 124.61 , 124.61
11.385 , 0.04000092 , 124.65 , 124.61
11.387 , 0.05000305 , 124.65 , 124.6
11.389 , 0.05000305 , 124.65 , 124.6
11.391 , 0.06000519 , 124.65 , 124.59
11.393 , 0.02999878 , 124.61 , 124.58
11.395 , 0.02999878 , 124.61 , 124.58
11.397 , 0.04000092 , 124.61 , 124.57
11.399 , 0.01000214 , 124.58 , 124.57
11.4 , 0.02000427 , 124.58 , 124.56
11.402 , 0.02000427 , 124.58 , 124.56
11.404 , 0.02999878 , 124.58 , 124.55
11.406 , -0.01000214 , 124.54 , 124.55
11.408 , 0.0 , 124.54 , 124.54
11.41 , 0.01000214 , 124.54 , 124.53
11.411 , 0.01000214 , 124.54 , 124.53
11.413 , 0.06000519 , 124.58 , 124.52
11.415 , 0.06000519 , 124.58 , 124.52
11.417 , 0.02999878 , 124.54 , 124.51
11.419 , 0.0 , 124.51 , 124.51
11.421 , 0.04000092 , 124.54 , 124.5
11.422 , 0.04000092 , 124.54 , 124.5
11.424 , 0.02000427 , 124.51 , 124.49
11.426 , 0.02000427 , 124.51 , 124.49
11.428 , 0.009994507 , 124.49 , 124.48
11.43 , 0.01999664 , 124.49 , 124.47
11.432 , 0.04000092 , 124.51 , 124.47
11.434 , 0.05000305 , 124.51 , 124.46
11.435 , 0.02999878 , 124.49 , 124.46
11.437 , 0.04000092 , 124.49 , 124.45
11.439 , 0.04000092 , 124.49 , 124.45
11.441 , 0.04999542 , 124.49 , 124.44
11.443 , 0.0 , 124.44 , 124.44
11.445 , 0.01000214 , 124.44 , 124.43
11.447 , 0.06999969 , 124.49 , 124.42
11.449 , 0.06999969 , 124.49 , 124.42
11.451 , 0.02999878 , 124.44 , 124.41
11.452 , 0.009994507 , 124.42 , 124.41
11.454 , 0.04000092 , 124.44 , 124.4
11.456 , -0.02000427 , 124.38 , 124.4
11.458 , 0.02999878 , 124.42 , 124.39
11.46 , 0.05000305 , 124.44 , 124.39
11.462 , 0.04000092 , 124.42 , 124.38
11.464 , 0.04999542 , 124.42 , 124.37
11.466 , 0.04999542 , 124.42 , 124.37
11.468 , 0.05999756 , 124.42 , 124.36
11.47 , 0.01999664 , 124.38 , 124.36
11.471 , 0.02999878 , 124.38 , 124.35
11.473 , 0.02999878 , 124.38 , 124.35
11.475 , 0.04000092 , 124.38 , 124.34
11.477 , 0.08000183 , 124.42 , 124.34
11.479 , 0.01999664 , 124.35 , 124.33
11.481 , 0.02999878 , 124.35 , 124.32
11.483 , 0.02999878 , 124.35 , 124.32
11.485 , 0.0 , 124.31 , 124.31
11.487 , 0.06999969 , 124.38 , 124.31
11.489 , 0.04999542 , 124.35 , 124.3
11.491 , 0.01999664 , 124.31 , 124.29
11.492 , 0.01999664 , 124.31 , 124.29
11.494 , 0.01999664 , 124.31 , 124.29
11.496 , 0.02999878 , 124.31 , 124.28
11.498 , 0.08000183 , 124.35 , 124.27
11.5 , 0.04000092 , 124.31 , 124.27
11.502 , 0.04999542 , 124.31 , 124.26
11.504 , 0.04999542 , 124.31 , 124.26
11.506 , 0.02999878 , 124.28 , 124.25
11.508 , 0.06999969 , 124.31 , 124.24
11.51 , 0.04000092 , 124.28 , 124.24
11.511 , 0.02999878 , 124.26 , 124.23
11.513 , 0.04999542 , 124.28 , 124.23
11.515 , 0.04000092 , 124.26 , 124.22
11.517 , 0.04000092 , 124.26 , 124.22
11.519 , 0.06999969 , 124.28 , 124.21
11.521 , 0.05000305 , 124.26 , 124.21
11.523 , 0.08000183 , 124.28 , 124.2
11.525 , 0.08999634 , 124.28 , 124.19
11.526 , 0.06999969 , 124.26 , 124.19
11.528 , 0.04000092 , 124.22 , 124.18
11.53 , 0.04000092 , 124.22 , 124.18
11.532 , 0.05000305 , 124.22 , 124.17
11.534 , 0.09000397 , 124.26 , 124.17
11.536 , 0.05999756 , 124.22 , 124.16
11.538 , 0.02999878 , 124.19 , 124.16
11.539 , 0.04000092 , 124.19 , 124.15
11.541 , 0.04000092 , 124.19 , 124.15
11.543 , 0.08000183 , 124.22 , 124.14
11.545 , -0.009994507 , 124.12 , 124.13
11.547 , 0.06000519 , 124.19 , 124.13
11.549 , 0.06999969 , 124.19 , 124.12
11.551 , 0.06999969 , 124.19 , 124.12
11.553 , 0.04000092 , 124.15 , 124.11
11.554 , 0.08000183 , 124.19 , 124.11
11.556 , 0.02000427 , 124.12 , 124.1
11.558 , 0.05000305 , 124.15 , 124.1
11.56 , 0.03000641 , 124.12 , 124.09
11.562 , 0.0 , 124.08 , 124.08
11.563 , 0.06999969 , 124.15 , 124.08
11.565 , 0.06999969 , 124.15 , 124.08
11.567 , 0.01000214 , 124.08 , 124.07
11.569 , 0.06000519 , 124.12 , 124.06
11.571 , 0.0 , 124.06 , 124.06
11.573 , 0.06999969 , 124.12 , 124.05
11.575 , 0.06999969 , 124.12 , 124.05
11.577 , 0.01999664 , 124.06 , 124.04
11.578 , 0.04000092 , 124.08 , 124.04
11.58 , 0.05000305 , 124.08 , 124.03
11.582 , 0.04000092 , 124.06 , 124.02
11.584 , 0.1000061 , 124.12 , 124.02
11.586 , 0.1100006 , 124.12 , 124.01
11.587 , 0.06999969 , 124.08 , 124.01
11.589 , 0.05999756 , 124.06 , 124.0
11.591 , 0.08000183 , 124.08 , 124.0
11.593 , 0.09000397 , 124.08 , 123.99
11.595 , 0.06999969 , 124.06 , 123.99
11.597 , 0.04999542 , 124.03 , 123.98
11.599 , 0.05999756 , 124.03 , 123.97
11.601 , 0.05999756 , 124.03 , 123.97
11.603 , 0.09999847 , 124.06 , 123.96
11.605 , 0.06999969 , 124.03 , 123.96
11.607 , 0.08000183 , 124.03 , 123.95
11.609 , 0.08000183 , 124.03 , 123.95
11.61 , 0.04999542 , 123.99 , 123.94
11.612 , 0.04999542 , 123.99 , 123.94
11.614 , 0.05999756 , 123.99 , 123.93
11.616 , 0.06999969 , 123.99 , 123.92
11.618 , 0.06999969 , 123.99 , 123.92
11.62 , 0.1199951 , 124.03 , 123.91
11.622 , 0.04999542 , 123.96 , 123.91
11.624 , 0.08999634 , 123.99 , 123.9
11.626 , 0.09999847 , 123.99 , 123.89
11.628 , 0.06999969 , 123.96 , 123.89
11.63 , 0.08000183 , 123.96 , 123.88
11.632 , 0.08000183 , 123.96 , 123.88
11.633 , 0.08999634 , 123.96 , 123.87
11.635 , 0.08999634 , 123.96 , 123.87
11.637 , 0.05999756 , 123.92 , 123.86
11.639 , 0.05999756 , 123.92 , 123.86
11.641 , 0.06999969 , 123.92 , 123.85
11.643 , 0.08000183 , 123.92 , 123.84
11.645 , 0.08000183 , 123.92 , 123.84
11.647 , 0.08999634 , 123.92 , 123.83
11.649 , 0.06999969 , 123.9 , 123.83
11.651 , 0.08000183 , 123.9 , 123.82
11.653 , 0.1100006 , 123.92 , 123.81
11.654 , 0.04000092 , 123.85 , 123.81
11.656 , 0.09000397 , 123.9 , 123.81
11.658 , 0.1199951 , 123.92 , 123.8
11.66 , 0.05999756 , 123.85 , 123.79
11.662 , 0.1100006 , 123.9 , 123.79
11.664 , 0.06999969 , 123.85 , 123.78
11.666 , 0.06999969 , 123.85 , 123.78
11.668 , 0.03000641 , 123.8 , 123.77
11.67 , 0.1399994 , 123.9 , 123.76
11.671 , 0.08999634 , 123.85 , 123.76
11.673 , 0.04000092 , 123.8 , 123.76
11.675 , 0.09999847 , 123.85 , 123.75
11.677 , 0.06000519 , 123.8 , 123.74
11.679 , 0.06000519 , 123.8 , 123.74
11.681 , 0.02999878 , 123.76 , 123.73
11.683 , 0.02999878 , 123.76 , 123.73
11.684 , 0.08000183 , 123.8 , 123.72
11.686 , 0.01999664 , 123.74 , 123.72
11.688 , 0.02999878 , 123.74 , 123.71
11.69 , 0.02999878 , 123.74 , 123.71
11.692 , -0.009994507 , 123.69 , 123.7
11.694 , 0.04999542 , 123.74 , 123.69
11.696 , 0.04999542 , 123.74 , 123.69
11.698 , 0.01000214 , 123.69 , 123.68
11.7 , 0.01000214 , 123.69 , 123.68
11.702 , 0.0 , 123.67 , 123.67
11.703 , 0.0 , 123.67 , 123.67
11.705 , 0.02999878 , 123.69 , 123.66
11.707 , 0.009994507 , 123.67 , 123.66
11.709 , 0.01999664 , 123.67 , 123.65
11.711 , -0.01999664 , 123.62 , 123.64
11.713 , 0.02999878 , 123.67 , 123.64
11.715 , 0.04000092 , 123.67 , 123.63
11.717 , -0.009994507 , 123.62 , 123.63
11.719 , 0.0 , 123.62 , 123.62
11.721 , 0.01000214 , 123.62 , 123.61
11.722 , 0.01000214 , 123.62 , 123.61
11.724 , 0.01000214 , 123.62 , 123.61
11.726 , 0.02000427 , 123.62 , 123.6
11.728 , 0.03000641 , 123.62 , 123.59
11.73 , 0.01000214 , 123.6 , 123.59
11.732 , 0.01999664 , 123.6 , 123.58
11.734 , 0.01999664 , 123.6 , 123.58
11.736 , 0.05000305 , 123.62 , 123.57
11.737 , 0.02999878 , 123.6 , 123.57
11.739 , 0.02000427 , 123.58 , 123.56
11.741 , 0.02999878 , 123.58 , 123.55
11.743 , 0.02999878 , 123.58 , 123.55
11.745 , 0.04000092 , 123.58 , 123.54
11.747 , -0.01000214 , 123.53 , 123.54
11.749 , 0.05000305 , 123.58 , 123.53
11.751 , 0.0 , 123.53 , 123.53
11.752 , 0.01000214 , 123.53 , 123.52
11.754 , 0.01000214 , 123.53 , 123.52
11.756 , 0.06999969 , 123.58 , 123.51
11.758 , 0.02999878 , 123.53 , 123.5
11.76 , 0.01000214 , 123.51 , 123.5
11.762 , 0.02000427 , 123.51 , 123.49
11.764 , 0.02000427 , 123.51 , 123.49
11.765 , 0.04999542 , 123.53 , 123.48
11.767 , 0.02999878 , 123.51 , 123.48
11.769 , 0.04000092 , 123.51 , 123.47
11.771 , 0.04000092 , 123.51 , 123.47
11.773 , 0.05000305 , 123.51 , 123.46
11.775 , 0.06000519 , 123.51 , 123.45
11.777 , 0.01000214 , 123.46 , 123.45
11.778 , 0.06000519 , 123.51 , 123.45
11.78 , 0.01999664 , 123.46 , 123.44
11.782 , 0.01000214 , 123.44 , 123.43
11.784 , 0.02999878 , 123.46 , 123.43
11.786 , 0.04000092 , 123.46 , 123.42
11.788 , 0.02000427 , 123.44 , 123.42
11.79 , 0.02999878 , 123.44 , 123.41
11.792 , -0.01000214 , 123.39 , 123.4
11.794 , -0.02999878 , 123.37 , 123.4
11.796 , -0.01999664 , 123.37 , 123.39
11.797 , -0.01999664 , 123.37 , 123.39
11.799 , 0.01000214 , 123.39 , 123.38
11.801 , 0.01000214 , 123.39 , 123.38
11.803 , 0.0 , 123.37 , 123.37
11.805 , -0.02000427 , 123.35 , 123.37
11.807 , -0.01000214 , 123.35 , 123.36
11.809 , 0.02000427 , 123.37 , 123.35
11.81 , 0.02000427 , 123.37 , 123.35
11.812 , 0.01000214 , 123.35 , 123.34
11.814 , 0.01000214 , 123.35 , 123.34
11.816 , -0.02999878 , 123.3 , 123.33
11.818 , 0.04000092 , 123.37 , 123.33
11.82 , 0.02999878 , 123.35 , 123.32
11.822 , -0.01999664 , 123.3 , 123.32
11.824 , -0.009994507 , 123.3 , 123.31
11.826 , 0.0 , 123.3 , 123.3
11.827 , 0.0 , 123.3 , 123.3
11.829 , 0.01000214 , 123.3 , 123.29
11.831 , 0.01000214 , 123.3 , 123.29
11.832 , -0.05999756 , 123.23 , 123.29
11.834 , 0.0 , 123.28 , 123.28
11.836 , 0.01000214 , 123.28 , 123.27
11.838 , -0.03999329 , 123.23 , 123.27
11.84 , -0.02999878 , 123.23 , 123.26
11.842 , -0.02999878 , 123.23 , 123.26
11.844 , -0.01999664 , 123.23 , 123.25
11.846 , 0.04000092 , 123.28 , 123.24
11.847 , -0.009994507 , 123.23 , 123.24
11.849 , -0.009994507 , 123.23 , 123.24
11.851 , 0.0 , 123.23 , 123.23
11.853 , 0.01000214 , 123.23 , 123.22
11.855 , 0.01000214 , 123.23 , 123.22
11.857 , -0.04999542 , 123.16 , 123.21
11.859 , 0.0 , 123.21 , 123.21
11.86 , 0.03000641 , 123.23 , 123.2
11.862 , 0.01000214 , 123.21 , 123.2
11.864 , 0.01999664 , 123.21 , 123.19
11.866 , -0.02999878 , 123.16 , 123.19
11.868 , 0.02999878 , 123.21 , 123.18
11.87 , -0.009994507 , 123.16 , 123.17
11.872 , -0.009994507 , 123.16 , 123.17
11.874 , -0.02000427 , 123.14 , 123.16
11.876 , 0.0 , 123.16 , 123.16
11.877 , -0.01000214 , 123.14 , 123.15
11.879 , -0.01000214 , 123.14 , 123.15
11.881 , -0.05000305 , 123.09 , 123.14
11.883 , 0.01000214 , 123.14 , 123.13
11.885 , 0.01000214 , 123.14 , 123.13
11.887 , 0.01999664 , 123.14 , 123.12
11.889 , 0.01999664 , 123.14 , 123.12
11.89 , -0.02000427 , 123.09 , 123.11
11.892 , -0.02000427 , 123.09 , 123.11
11.894 , 0.06000519 , 123.16 , 123.1
11.896 , 0.04000092 , 123.14 , 123.1
11.898 , 0.05000305 , 123.14 , 123.09
11.9 , 0.009994507 , 123.09 , 123.08
11.902 , 0.009994507 , 123.09 , 123.08
11.904 , 0.01999664 , 123.09 , 123.07
11.906 , 0.01999664 , 123.09 , 123.07
11.908 , 0.01000214 , 123.07 , 123.06
11.91 , 0.02999878 , 123.09 , 123.06
11.912 , 0.03999329 , 123.09 , 123.05
11.913 , 0.03999329 , 123.09 , 123.05
11.915 , 0.02999878 , 123.07 , 123.04
11.917 , 0.02000427 , 123.05 , 123.03
11.919 , 0.04000092 , 123.07 , 123.03
11.921 , 0.05000305 , 123.07 , 123.02
11.923 , 0.03000641 , 123.05 , 123.02
11.925 , 0.04000092 , 123.05 , 123.01
11.927 , 0.0 , 123.0 , 123.0
11.928 , 0.05000305 , 123.05 , 123.0
11.93 , 0.05000305 , 123.05 , 123.0
11.94 , 0.02999878 , 123.0 , 122.97
11.942 , 0.02000427 , 122.98 , 122.96
11.943 , 0.02000427 , 122.98 , 122.96
11.945 , 0.03000641 , 122.98 , 122.95
11.947 , 0.03000641 , 122.98 , 122.95
11.949 , -0.01000214 , 122.93 , 122.94
11.951 , 0.0 , 122.93 , 122.93
11.953 , 0.05000305 , 122.98 , 122.93
11.954 , 0.05000305 , 122.98 , 122.93
11.956 , 0.01000214 , 122.93 , 122.92
11.958 , 0.01999664 , 122.93 , 122.91
11.96 , 0.01999664 , 122.93 , 122.91
11.962 , 0.01000214 , 122.91 , 122.9
11.964 , 0.01000214 , 122.91 , 122.9
11.965 , 0.04000092 , 122.93 , 122.89
11.967 , 0.02000427 , 122.91 , 122.89
11.969 , 0.05000305 , 122.93 , 122.88
11.971 , 0.04000092 , 122.91 , 122.87
11.973 , 0.04000092 , 122.91 , 122.87
11.975 , 0.05000305 , 122.91 , 122.86
11.977 , 0.05000305 , 122.91 , 122.86
11.978 , 0.06000519 , 122.91 , 122.85
11.98 , 0.02000427 , 122.87 , 122.85
11.982 , 0.0 , 122.84 , 122.84
11.984 , 0.0 , 122.84 , 122.84
11.986 , 0.009994507 , 122.84 , 122.83
11.988 , 0.01999664 , 122.84 , 122.82
11.99 , 0.01999664 , 122.84 , 122.82
11.992 , 0.02999878 , 122.84 , 122.81
11.994 , 0.02999878 , 122.84 , 122.81
11.996 , 0.03999329 , 122.84 , 122.8
11.998 , 0.02999878 , 122.82 , 122.79
11.999 , 0.02999878 , 122.82 , 122.79
12.001 , 0.02999878 , 122.82 , 122.79
12.003 , -0.01000214 , 122.77 , 122.78
12.005 , 0.05000305 , 122.82 , 122.77
12.007 , 0.0 , 122.77 , 122.77
12.009 , 0.05999756 , 122.82 , 122.76
12.011 , 0.05999756 , 122.82 , 122.76
12.013 , 0.01999664 , 122.77 , 122.75
12.015 , 0.08000183 , 122.82 , 122.74
12.017 , 0.02999878 , 122.77 , 122.74
12.018 , 0.01000214 , 122.75 , 122.74
12.02 , 0.01999664 , 122.75 , 122.73
12.022 , 0.02999878 , 122.75 , 122.72
12.024 , 0.02999878 , 122.75 , 122.72
12.026 , 0.04000092 , 122.75 , 122.71
12.028 , 0.04000092 , 122.75 , 122.71
12.03 , 0.06999969 , 122.77 , 122.7
12.032 , 0.0799942 , 122.77 , 122.69
12.033 , 0.05999756 , 122.75 , 122.69
12.035 , 0.05999756 , 122.75 , 122.69
12.037 , 0.02999878 , 122.71 , 122.68
12.039 , 0.04000092 , 122.71 , 122.67
12.041 , 0.04000092 , 122.71 , 122.67
12.043 , 0.109993 , 122.77 , 122.66
12.045 , 0.01999664 , 122.68 , 122.66
12.047 , 0.02999878 , 122.68 , 122.65
12.049 , 0.04000092 , 122.68 , 122.64
12.05 , 0.04000092 , 122.68 , 122.64
12.052 , 0.04000092 , 122.68 , 122.64
12.054 , 0.05000305 , 122.68 , 122.63
12.056 , -0.01000214 , 122.61 , 122.62
12.058 , -0.01000214 , 122.61 , 122.62
12.06 , 0.0 , 122.61 , 122.61
12.061 , -0.02000427 , 122.59 , 122.61
12.063 , 0.01000214 , 122.61 , 122.6
12.065 , 0.01000214 , 122.61 , 122.6
12.067 , 0.02000427 , 122.61 , 122.59
12.069 , 0.02999878 , 122.61 , 122.58
12.071 , 0.009994507 , 122.59 , 122.58
12.073 , 0.04000092 , 122.61 , 122.57
12.074 , 0.01999664 , 122.59 , 122.57
12.076 , 0.01000214 , 122.57 , 122.56
12.078 , 0.01000214 , 122.57 , 122.56
12.08 , 0.01999664 , 122.57 , 122.55
12.082 , 0.01999664 , 122.57 , 122.55
12.084 , 0.02999878 , 122.57 , 122.54
12.086 , 0.04000092 , 122.57 , 122.53
12.088 , 0.04000092 , 122.57 , 122.53
12.09 , 0.0 , 122.52 , 122.52
12.091 , 0.0 , 122.52 , 122.52
12.093 , 0.05999756 , 122.57 , 122.51
12.095 , 0.05999756 , 122.57 , 122.51
12.097 , 0.01999664 , 122.52 , 122.5
12.099 , 0.01999664 , 122.52 , 122.5
12.101 , 0.02999878 , 122.52 , 122.49
12.103 , 0.03999329 , 122.52 , 122.48
12.105 , 0.03999329 , 122.52 , 122.48
12.107 , 0.04999542 , 122.52 , 122.47
12.108 , 0.04999542 , 122.52 , 122.47
12.11 , 0.05999756 , 122.52 , 122.46
12.112 , 0.05999756 , 122.52 , 122.46
12.114 , 0.06999969 , 122.52 , 122.45
12.116 , 0.05000305 , 122.5 , 122.45
12.118 , 0.0799942 , 122.52 , 122.44
12.12 , 0.06999969 , 122.5 , 122.43
12.122 , 0.06999969 , 122.5 , 122.43
12.124 , 0.02999878 , 122.45 , 122.42
12.126 , 0.02999878 , 122.45 , 122.42
12.128 , 0.03999329 , 122.45 , 122.41
12.129 , 0.08999634 , 122.5 , 122.41
12.131 , 0.04999542 , 122.45 , 122.4
12.133 , 0.02999878 , 122.43 , 122.4
12.135 , 0.05999756 , 122.45 , 122.39
12.137 , 0.05000305 , 122.43 , 122.38
12.139 , 0.05000305 , 122.43 , 122.38
12.141 , 0.05999756 , 122.43 , 122.37
12.142 , 0.009994507 , 122.38 , 122.37
12.144 , 0.01999664 , 122.38 , 122.36
12.146 , 0.0 , 122.36 , 122.36
12.148 , 0.02999878 , 122.38 , 122.35
12.15 , 0.08000183 , 122.43 , 122.35
12.152 , 0.04000092 , 122.38 , 122.34
12.154 , 0.04999542 , 122.38 , 122.33
12.156 , 0.04999542 , 122.38 , 122.33
12.157 , 0.1100006 , 122.43 , 122.32
12.159 , 0.01999664 , 122.34 , 122.32
12.161 , 0.06999969 , 122.38 , 122.31
12.163 , 0.05000305 , 122.36 , 122.31
12.165 , 0.05999756 , 122.36 , 122.3
12.167 , 0.0799942 , 122.38 , 122.3
12.169 , 0.06999969 , 122.36 , 122.29
12.17 , 0.06999969 , 122.36 , 122.29
12.172 , 0.08000183 , 122.36 , 122.28
12.174 , 0.09000397 , 122.36 , 122.27
12.176 , 0.09000397 , 122.36 , 122.27
12.178 , 0.0799942 , 122.34 , 122.26
12.18 , 0.0799942 , 122.34 , 122.26
12.182 , 0.08999634 , 122.34 , 122.25
12.184 , 0.09999847 , 122.34 , 122.24
12.186 , 0.09999847 , 122.34 , 122.24
12.188 , 0.109993 , 122.34 , 122.23
12.189 , 0.109993 , 122.34 , 122.23
12.191 , 0.1199951 , 122.34 , 122.22
12.193 , 0.04999542 , 122.27 , 122.22
12.195 , 0.08000183 , 122.29 , 122.21
12.197 , 0.08000183 , 122.29 , 122.21
12.199 , 0.09000397 , 122.29 , 122.2
12.2 , 0.06999969 , 122.27 , 122.2
12.202 , 0.0799942 , 122.27 , 122.19
12.204 , 0.0799942 , 122.27 , 122.19
12.206 , 0.04000092 , 122.22 , 122.18
12.208 , 0.02999878 , 122.2 , 122.17
12.21 , 0.05000305 , 122.22 , 122.17
12.212 , 0.03999329 , 122.2 , 122.16
12.214 , 0.03999329 , 122.2 , 122.16
12.216 , 0.04999542 , 122.2 , 122.15
12.217 , 0.01000214 , 122.16 , 122.15
12.219 , 0.02000427 , 122.16 , 122.14
12.221 , 0.02000427 , 122.16 , 122.14
12.223 , 0.06999969 , 122.2 , 122.13
12.225 , 0.0799942 , 122.2 , 122.12
12.227 , 0.009994507 , 122.13 , 122.12
12.229 , 0.05000305 , 122.16 , 122.11
12.23 , 0.08999634 , 122.2 , 122.11
12.232 , 0.02999878 , 122.13 , 122.1
12.234 , 0.02999878 , 122.13 , 122.1
12.236 , 0.07000732 , 122.16 , 122.09
12.238 , 0.04000092 , 122.13 , 122.09
12.24 , 0.02999878 , 122.11 , 122.08
12.242 , 0.05999756 , 122.13 , 122.07
12.244 , 0.05999756 , 122.13 , 122.07
12.246 , 0.05000305 , 122.11 , 122.06
12.248 , 0.06999969 , 122.13 , 122.06
12.25 , 0.05999756 , 122.11 , 122.05
12.251 , 0.05999756 , 122.11 , 122.05
12.253 , 0.0 , 122.04 , 122.04
12.255 , 0.06999969 , 122.11 , 122.04
12.257 , 0.02999878 , 122.06 , 122.03
12.259 , 0.02000427 , 122.04 , 122.02
12.26 , 0.04000092 , 122.06 , 122.02
12.262 , 0.04999542 , 122.06 , 122.01
12.264 , 0.04999542 , 122.06 , 122.01
12.266 , 0.04000092 , 122.04 , 122.0
12.268 , 0.04000092 , 122.04 , 122.0
12.27 , 0.05000305 , 122.04 , 121.99
12.272 , 0.05999756 , 122.04 , 121.98
12.273 , 0.01999664 , 122.0 , 121.98
12.275 , 0.05999756 , 122.04 , 121.98
12.277 , 0.08999634 , 122.06 , 121.97
12.279 , 0.08000183 , 122.04 , 121.96
12.281 , 0.08000183 , 122.04 , 121.96
12.283 , 0.09000397 , 122.04 , 121.95
12.285 , 0.05000305 , 122.0 , 121.95
12.287 , 0.09999847 , 122.04 , 121.94
12.289 , 0.0 , 121.93 , 121.93
12.29 , 0.04000092 , 121.97 , 121.93
12.292 , 0.04000092 , 121.97 , 121.93
12.294 , 0.05000305 , 121.97 , 121.92
12.296 , 0.01999664 , 121.93 , 121.91
12.298 , -0.01000214 , 121.9 , 121.91
12.3 , 0.02999878 , 121.93 , 121.9
12.301 , 0.06999969 , 121.97 , 121.9
12.303 , 0.08000183 , 121.97 , 121.89
12.305 , 0.01000214 , 121.9 , 121.89
12.307 , 0.02000427 , 121.9 , 121.88
12.309 , 0.02000427 , 121.9 , 121.88
12.311 , 0.02999878 , 121.9 , 121.87
12.312 , 0.02999878 , 121.9 , 121.87
12.314 , 0.01999664 , 121.88 , 121.86
12.316 , 0.05000305 , 121.9 , 121.85
12.318 , 0.05000305 , 121.9 , 121.85
12.32 , 0.0 , 121.84 , 121.84
12.322 , 0.04000092 , 121.88 , 121.84
12.324 , 0.009994507 , 121.84 , 121.83
12.326 , 0.09999847 , 121.93 , 121.83
12.328 , 0.05999756 , 121.88 , 121.82
12.329 , 0.01999664 , 121.84 , 121.82
12.331 , 0.09000397 , 121.9 , 121.81
12.333 , 0.03999329 , 121.84 , 121.8
12.335 , 0.009994507 , 121.81 , 121.8
12.337 , 0.01999664 , 121.81 , 121.79
12.339 , 0.04999542 , 121.84 , 121.79
12.341 , 0.05999756 , 121.84 , 121.78
12.343 , 0.04000092 , 121.81 , 121.77
12.345 , 0.06999969 , 121.84 , 121.77
12.347 , 0.04999542 , 121.81 , 121.76
12.349 , 0.0799942 , 121.84 , 121.76
12.351 , 0.05999756 , 121.81 , 121.75
12.352 , 0.01999664 , 121.77 , 121.75
12.354 , 0.02999878 , 121.77 , 121.74
12.356 , 0.02999878 , 121.77 , 121.74
12.358 , 0.0799942 , 121.81 , 121.73
12.36 , 0.04999542 , 121.77 , 121.72
12.362 , 0.01999664 , 121.74 , 121.72
12.364 , 0.02999878 , 121.74 , 121.71
12.366 , 0.05999756 , 121.77 , 121.71
12.368 , 0.0 , 121.7 , 121.7
12.37 , 0.04000092 , 121.74 , 121.7
12.372 , 0.04999542 , 121.74 , 121.69
12.373 , 0.009994507 , 121.7 , 121.69
12.375 , 0.01999664 , 121.7 , 121.68
12.377 , 0.02999878 , 121.7 , 121.67
12.379 , 0.02999878 , 121.7 , 121.67
12.381 , 0.0799942 , 121.74 , 121.66
12.383 , 0.03999329 , 121.7 , 121.66
12.385 , 0.02999878 , 121.68 , 121.65
12.387 , 0.04000092 , 121.68 , 121.64
12.389 , 0.04000092 , 121.68 , 121.64
12.391 , 0.06999969 , 121.7 , 121.63
12.393 , 0.05000305 , 121.68 , 121.63
12.395 , 0.05999756 , 121.68 , 121.62
12.396 , 0.05999756 , 121.68 , 121.62
12.398 , 0.06999969 , 121.68 , 121.61
12.4 , 0.04000092 , 121.65 , 121.61
12.402 , 0.05000305 , 121.65 , 121.6
12.404 , 0.06000519 , 121.65 , 121.59
12.406 , 0.06000519 , 121.65 , 121.59
12.408 , 0.06999969 , 121.65 , 121.58
12.41 , 0.02999878 , 121.61 , 121.58
12.411 , 0.04000092 , 121.61 , 121.57
12.413 , 0.04000092 , 121.61 , 121.57
12.415 , 0.09000397 , 121.65 , 121.56
12.417 , 0.09000397 , 121.65 , 121.56
12.419 , 0.09999847 , 121.65 , 121.55
12.421 , 0.06999969 , 121.61 , 121.54
12.423 , 0.1100006 , 121.65 , 121.54
12.424 , 0.06999969 , 121.61 , 121.54
12.426 , 0.1200027 , 121.65 , 121.53
12.428 , 0.09000397 , 121.61 , 121.52
12.43 , 0.09000397 , 121.61 , 121.52
12.432 , 0.09999847 , 121.61 , 121.51
12.434 , 0.1399994 , 121.65 , 121.51
12.435 , 0.1100006 , 121.61 , 121.5
12.437 , 0.08000183 , 121.58 , 121.5
12.439 , 0.05000305 , 121.54 , 121.49
12.441 , 0.02999878 , 121.52 , 121.49
12.442 , 0.09999847 , 121.58 , 121.48
12.444 , 0.05999756 , 121.54 , 121.48
12.446 , 0.06999969 , 121.54 , 121.47
12.448 , 0.08000183 , 121.54 , 121.46
12.45 , 0.08000183 , 121.54 , 121.46
12.452 , 0.09000397 , 121.54 , 121.45
12.454 , 0.09000397 , 121.54 , 121.45
12.456 , 0.09999847 , 121.54 , 121.44
12.457 , 0.0799942 , 121.52 , 121.44
12.459 , 0.08999634 , 121.52 , 121.43
12.461 , 0.04000092 , 121.47 , 121.43
12.463 , 0.05000305 , 121.47 , 121.42
12.465 , 0.109993 , 121.52 , 121.41
12.467 , 0.03999329 , 121.45 , 121.41
12.468 , 0.109993 , 121.52 , 121.41
12.47 , 0.06999969 , 121.47 , 121.4
12.472 , 0.1299973 , 121.52 , 121.39
12.474 , 0.05999756 , 121.45 , 121.39
12.476 , 0.09000397 , 121.47 , 121.38
12.478 , 0.09000397 , 121.47 , 121.38
12.48 , 0.09999847 , 121.47 , 121.37
12.482 , 0.08999634 , 121.45 , 121.36
12.483 , 0.08999634 , 121.45 , 121.36
12.485 , 0.1200027 , 121.47 , 121.35
12.487 , 0.05000305 , 121.4 , 121.35
12.489 , 0.1300049 , 121.47 , 121.34
12.491 , 0.1100006 , 121.45 , 121.34
12.492 , 0.06999969 , 121.4 , 121.33
12.494 , 0.06999969 , 121.4 , 121.33
12.496 , 0.08000183 , 121.4 , 121.32
12.498 , 0.08000183 , 121.4 , 121.32
12.5 , 0.09000397 , 121.4 , 121.31
12.502 , 0.05999756 , 121.36 , 121.3
12.504 , 0.0799942 , 121.38 , 121.3
12.506 , 0.1100006 , 121.4 , 121.29
12.507 , 0.08999634 , 121.38 , 121.29
12.509 , 0.1200027 , 121.4 , 121.28
12.511 , 0.1200027 , 121.4 , 121.28
12.513 , 0.1100006 , 121.38 , 121.27
12.514 , 0.04000092 , 121.31 , 121.27
12.516 , 0.09999847 , 121.36 , 121.26
12.518 , 0.09999847 , 121.36 , 121.26
12.52 , 0.1100006 , 121.36 , 121.25
12.522 , 0.05999756 , 121.31 , 121.25
12.524 , 0.05000305 , 121.29 , 121.24
12.526 , 0.05999756 , 121.29 , 121.23
12.527 , 0.0799942 , 121.31 , 121.23
12.529 , 0.06999969 , 121.29 , 121.22
12.531 , 0.06999969 , 121.29 , 121.22
12.533 , 0.08000183 , 121.29 , 121.21
12.535 , 0.02999878 , 121.24 , 121.21
12.537 , 0.04000092 , 121.24 , 121.2
12.539 , 0.02000427 , 121.22 , 121.2
12.54 , 0.09999847 , 121.29 , 121.19
12.542 , 0.02999878 , 121.22 , 121.19
12.544 , 0.05999756 , 121.24 , 121.18
12.546 , 0.05000305 , 121.22 , 121.17
12.548 , 0.05000305 , 121.22 , 121.17
12.55 , 0.0799942 , 121.24 , 121.16
12.552 , 0.05999756 , 121.22 , 121.16
12.554 , 0.08999634 , 121.24 , 121.15
12.556 , -0.02000427 , 121.13 , 121.15
12.557 , 0.08000183 , 121.22 , 121.14
12.559 , 0.02999878 , 121.17 , 121.14
12.561 , 0.04000092 , 121.17 , 121.13
12.563 , 0.04999542 , 121.17 , 121.12
12.565 , 0.09999847 , 121.22 , 121.12
12.567 , 0.05999756 , 121.17 , 121.11
12.569 , 0.05999756 , 121.17 , 121.11
12.571 , 0.06999969 , 121.17 , 121.1
12.572 , 0.02999878 , 121.13 , 121.1
12.574 , 0.04000092 , 121.13 , 121.09
12.576 , 0.04000092 , 121.13 , 121.09
12.578 , 0.04999542 , 121.13 , 121.08
12.58 , 0.05999756 , 121.13 , 121.07
12.582 , 0.01000214 , 121.08 , 121.07
12.584 , 0.02000427 , 121.08 , 121.06
12.586 , 0.02000427 , 121.08 , 121.06
12.588 , 0.0799942 , 121.13 , 121.05
12.589 , 0.009994507 , 121.06 , 121.05
12.591 , 0.01999664 , 121.06 , 121.04
12.593 , 0.01999664 , 121.06 , 121.04
12.595 , 0.02999878 , 121.06 , 121.03
12.597 , 0.04000092 , 121.06 , 121.02
12.599 , 0.04000092 , 121.06 , 121.02
12.601 , 0.04999542 , 121.06 , 121.01
12.603 , 0.0 , 121.01 , 121.01
12.604 , 0.01000214 , 121.01 , 121.0
12.606 , 0.05999756 , 121.06 , 121.0
12.608 , 0.02000427 , 121.01 , 120.99
12.61 , 0.0 , 120.99 , 120.99
12.612 , 0.02999878 , 121.01 , 120.98
12.614 , 0.04000092 , 121.01 , 120.97
12.615 , 0.01999664 , 120.99 , 120.97
12.617 , 0.02999878 , 120.99 , 120.96
12.619 , 0.02999878 , 120.99 , 120.96
12.621 , 0.06000519 , 121.01 , 120.95
12.623 , 0.06000519 , 121.01 , 120.95
12.625 , 0.06999969 , 121.01 , 120.94
12.627 , 0.04999542 , 120.99 , 120.94
12.629 , 0.05999756 , 120.99 , 120.93
12.631 , 0.02000427 , 120.94 , 120.92
12.633 , 0.06999969 , 120.99 , 120.92
12.635 , 0.0799942 , 120.99 , 120.91
12.636 , 0.09999847 , 121.01 , 120.91
12.638 , 0.04000092 , 120.94 , 120.9
12.64 , 0.04000092 , 120.94 , 120.9
12.642 , 0.09999847 , 120.99 , 120.89
12.644 , 0.04000092 , 120.92 , 120.88
12.646 , 0.02000427 , 120.9 , 120.88
12.648 , 0.02999878 , 120.9 , 120.87
12.65 , 0.06999969 , 120.94 , 120.87
12.651 , -0.01000214 , 120.85 , 120.86
12.653 , 0.04000092 , 120.9 , 120.86
12.655 , 0.05000305 , 120.9 , 120.85
12.657 , 0.05000305 , 120.9 , 120.85
12.659 , 0.01000214 , 120.85 , 120.84
12.661 , 0.06999969 , 120.9 , 120.83
12.663 , 0.01999664 , 120.85 , 120.83
12.664 , 0.0 , 120.83 , 120.83
12.666 , 0.02999878 , 120.85 , 120.82
12.668 , 0.02000427 , 120.83 , 120.81
12.67 , 0.04000092 , 120.85 , 120.81
12.672 , 0.09999847 , 120.9 , 120.8
12.674 , 0.02999878 , 120.83 , 120.8
12.676 , 0.1100006 , 120.9 , 120.79
12.677 , 0.05999756 , 120.85 , 120.79
12.679 , 0.05000305 , 120.83 , 120.78
12.681 , 0.05000305 , 120.83 , 120.78
12.683 , 0.06000519 , 120.83 , 120.77
12.685 , 0.01999664 , 120.78 , 120.76
12.687 , 0.01999664 , 120.78 , 120.76
12.689 , 0.01000214 , 120.76 , 120.75
12.691 , 0.01000214 , 120.76 , 120.75
12.692 , 0.04000092 , 120.78 , 120.74
12.694 , 0.04000092 , 120.78 , 120.74
12.696 , 0.09999847 , 120.83 , 120.73
12.698 , 0.04999542 , 120.78 , 120.73
12.7 , 0.04000092 , 120.76 , 120.72
12.702 , 0.05000305 , 120.76 , 120.71
12.704 , 0.05000305 , 120.76 , 120.71
12.705 , 0.01000214 , 120.71 , 120.7
12.707 , 0.01000214 , 120.71 , 120.7
12.709 , 0.01999664 , 120.71 , 120.69
12.711 , 0.06999969 , 120.76 , 120.69
12.713 , 0.02999878 , 120.71 , 120.68
12.715 , 0.02000427 , 120.69 , 120.67
12.717 , 0.04000092 , 120.71 , 120.67
12.719 , 0.02999878 , 120.69 , 120.66
12.721 , 0.04999542 , 120.71 , 120.66
12.722 , 0.05999756 , 120.71 , 120.65
12.724 , 0.04000092 , 120.69 , 120.65
12.726 , 0.02999878 , 120.67 , 120.64
12.728 , 0.02999878 , 120.67 , 120.64
12.73 , -0.009994507 , 120.62 , 120.63
12.732 , 0.04999542 , 120.67 , 120.62
12.734 , 0.0 , 120.62 , 120.62
12.736 , 0.01000214 , 120.62 , 120.61
12.737 , 0.01000214 , 120.62 , 120.61
12.739 , 0.02000427 , 120.62 , 120.6
12.741 , 0.0 , 120.6 , 120.6
12.743 , 0.03000641 , 120.62 , 120.59
12.745 , 0.01000214 , 120.6 , 120.59
12.747 , 0.01999664 , 120.6 , 120.58
12.749 , 0.02999878 , 120.6 , 120.57
12.751 , -0.01999664 , 120.55 , 120.57
12.752 , -0.01999664 , 120.55 , 120.57
12.754 , 0.04000092 , 120.6 , 120.56
12.756 , 0.04999542 , 120.6 , 120.55
12.758 , 0.0 , 120.55 , 120.55
12.76 , -0.01000214 , 120.53 , 120.54
12.762 , 0.01000214 , 120.55 , 120.54
12.763 , 0.02000427 , 120.55 , 120.53
12.765 , 0.0 , 120.53 , 120.53
12.767 , 0.01000214 , 120.53 , 120.52
12.769 , 0.01000214 , 120.53 , 120.52
12.771 , -0.02000427 , 120.49 , 120.51
12.773 , -0.01000214 , 120.49 , 120.5
12.775 , 0.02999878 , 120.53 , 120.5
12.776 , 0.04000092 , 120.53 , 120.49
12.778 , -0.02999878 , 120.46 , 120.49
12.78 , 0.009994507 , 120.49 , 120.48
12.782 , 0.009994507 , 120.49 , 120.48
12.784 , 0.01999664 , 120.49 , 120.47
12.786 , 0.02999878 , 120.49 , 120.46
12.788 , 0.02999878 , 120.49 , 120.46
12.798 , 0.01000214 , 120.44 , 120.43
12.8 , 0.02000427 , 120.44 , 120.42
12.802 , 0.02000427 , 120.44 , 120.42
12.804 , -0.02000427 , 120.39 , 120.41
12.805 , 0.02999878 , 120.44 , 120.41
12.807 , 0.04000092 , 120.44 , 120.4
12.809 , -0.01000214 , 120.39 , 120.4
12.811 , 0.0 , 120.39 , 120.39
12.813 , 0.0 , 120.39 , 120.39
12.815 , 0.01000214 , 120.39 , 120.38
12.816 , 0.01000214 , 120.39 , 120.38
12.818 , 0.0 , 120.37 , 120.37
12.82 , 0.02999878 , 120.39 , 120.36
12.822 , 0.01000214 , 120.37 , 120.36
12.824 , 0.02000427 , 120.37 , 120.35
12.826 , 0.02000427 , 120.37 , 120.35
12.827 , 0.03000641 , 120.37 , 120.34
12.829 , 0.03000641 , 120.37 , 120.34
12.831 , 0.04000092 , 120.37 , 120.33
12.833 , 0.0 , 120.33 , 120.33
12.835 , 0.01000214 , 120.33 , 120.32
12.836 , 0.01000214 , 120.33 , 120.32
12.838 , 0.02000427 , 120.33 , 120.31
12.84 , 0.02000427 , 120.33 , 120.31
12.842 , 0.0 , 120.3 , 120.3
12.844 , 0.01000214 , 120.3 , 120.29
12.845 , 0.01000214 , 120.3 , 120.29
12.847 , 0.02000427 , 120.3 , 120.28
12.849 , 0.02000427 , 120.3 , 120.28
12.851 , 0.03000641 , 120.3 , 120.27
12.853 , 0.03000641 , 120.3 , 120.27
12.855 , 0.0 , 120.26 , 120.26
12.856 , 0.0 , 120.26 , 120.26
12.858 , 0.01000214 , 120.26 , 120.25
12.86 , -0.01999664 , 120.23 , 120.25
12.862 , -0.009994507 , 120.23 , 120.24
12.864 , -0.02000427 , 120.21 , 120.23
12.866 , 0.0 , 120.23 , 120.23
12.867 , 0.0 , 120.23 , 120.23
12.869 , 0.01000214 , 120.23 , 120.22
12.871 , 0.02000427 , 120.23 , 120.21
12.873 , 0.02000427 , 120.23 , 120.21
12.874 , 0.01000214 , 120.21 , 120.2
12.876 , 0.03000641 , 120.23 , 120.2
12.878 , 0.04000092 , 120.23 , 120.19
12.88 , 0.01999664 , 120.21 , 120.19
12.882 , -0.01999664 , 120.16 , 120.18
12.884 , 0.02999878 , 120.21 , 120.18
12.886 , 0.04000092 , 120.21 , 120.17
12.887 , -0.009994507 , 120.16 , 120.17
12.89 , 0.0 , 120.16 , 120.16
12.891 , 0.05999756 , 120.21 , 120.15
12.893 , 0.05999756 , 120.21 , 120.15
12.895 , 0.02000427 , 120.16 , 120.14
12.897 , 0.06999969 , 120.21 , 120.14
12.899 , 0.03000641 , 120.16 , 120.13
12.901 , 0.04000092 , 120.16 , 120.12
12.902 , 0.04000092 , 120.16 , 120.12
12.904 , 0.01999664 , 120.14 , 120.12
12.906 , 0.02999878 , 120.14 , 120.11
12.908 , 0.04000092 , 120.14 , 120.1
12.91 , 0.04000092 , 120.14 , 120.1
12.912 , 0.01000214 , 120.1 , 120.09
12.914 , 0.05000305 , 120.14 , 120.09
12.916 , 0.05999756 , 120.14 , 120.08
12.917 , 0.05999756 , 120.14 , 120.08
12.919 , 0.0 , 120.07 , 120.07
12.921 , 0.02999878 , 120.1 , 120.07
12.923 , 0.01000214 , 120.07 , 120.06
12.925 , 0.01999664 , 120.07 , 120.05
12.927 , 0.01999664 , 120.07 , 120.05
12.929 , 0.02999878 , 120.07 , 120.04
12.931 , 0.05999756 , 120.1 , 120.04
12.933 , -0.02999878 , 120.0 , 120.03
12.934 , 0.0 , 120.03 , 120.03
12.936 , 0.01000214 , 120.03 , 120.02
12.938 , 0.01000214 , 120.03 , 120.02
12.94 , 0.01999664 , 120.03 , 120.01
12.942 , 0.0 , 120.0 , 120.0
12.944 , 0.02999878 , 120.03 , 120.0
12.945 , 0.04000092 , 120.03 , 119.99
12.947 , 0.01000214 , 120.0 , 119.99
12.949 , 0.01999664 , 120.0 , 119.98
12.951 , 0.01999664 , 120.0 , 119.98
12.953 , 0.05999756 , 120.03 , 119.97
12.955 , 0.02999878 , 120.0 , 119.97
12.957 , 0.04000092 , 120.0 , 119.96
12.959 , 0.03000641 , 119.98 , 119.95
12.961 , 0.03000641 , 119.98 , 119.95
12.962 , 0.04000092 , 119.98 , 119.94
12.964 , 0.04000092 , 119.98 , 119.94
12.966 , 0.01000214 , 119.94 , 119.93
12.968 , 0.05000305 , 119.98 , 119.93
12.97 , 0.02000427 , 119.94 , 119.92
12.972 , 0.06000519 , 119.98 , 119.92
12.974 , 0.06999969 , 119.98 , 119.91
12.976 , 0.04000092 , 119.94 , 119.9
12.977 , 0.04000092 , 119.94 , 119.9
12.979 , 0.05000305 , 119.94 , 119.89
12.981 , 0.02000427 , 119.91 , 119.89
12.983 , 0.03000641 , 119.91 , 119.88
12.985 , 0.03000641 , 119.91 , 119.88
12.987 , 0.04000092 , 119.91 , 119.87
12.989 , 0.05000305 , 119.91 , 119.86
12.991 , 0.05000305 , 119.91 , 119.86
12.992 , 0.01000214 , 119.87 , 119.86
12.994 , 0.06000519 , 119.91 , 119.85
12.996 , 0.07000732 , 119.91 , 119.84
12.998 , 0.0 , 119.84 , 119.84
13.0 , 0.04000092 , 119.87 , 119.83
13.002 , 0.009994507 , 119.84 , 119.83
13.004 , 0.01999664 , 119.84 , 119.82
13.006 , 0.1000061 , 119.91 , 119.81
13.007 , 0.02999878 , 119.84 , 119.81
13.009 , -0.009994507 , 119.8 , 119.81
13.011 , 0.0 , 119.8 , 119.8
13.013 , 0.01000214 , 119.8 , 119.79
13.015 , 0.01000214 , 119.8 , 119.79
13.017 , 0.02000427 , 119.8 , 119.78
13.019 , 0.0 , 119.78 , 119.78
13.02 , 0.01000214 , 119.78 , 119.77
13.022 , 0.01000214 , 119.78 , 119.77
13.024 , 0.01999664 , 119.78 , 119.76
13.026 , 0.01999664 , 119.78 , 119.76
13.028 , 0.02999878 , 119.78 , 119.75
13.03 , 0.04000092 , 119.78 , 119.74
13.032 , 0.04000092 , 119.78 , 119.74
13.034 , 0.04999542 , 119.78 , 119.73
13.036 , 0.01999664 , 119.75 , 119.73
13.037 , 0.02999878 , 119.75 , 119.72
13.039 , 0.02999878 , 119.75 , 119.72
13.041 , 0.04000092 , 119.75 , 119.71
13.043 , 0.04000092 , 119.75 , 119.71
13.045 , 0.01000214 , 119.71 , 119.7
13.047 , 0.05999756 , 119.75 , 119.69
13.049 , 0.05999756 , 119.75 , 119.69
13.051 , 0.02999878 , 119.71 , 119.68
13.053 , 0.02999878 , 119.71 , 119.68
13.055 , 0.04000092 , 119.71 , 119.67
13.057 , 0.04999542 , 119.71 , 119.66
13.058 , -0.02000427 , 119.64 , 119.66
13.06 , 0.02999878 , 119.68 , 119.65
13.062 , -0.01000214 , 119.64 , 119.65
13.064 , 0.04000092 , 119.68 , 119.64
13.066 , 0.04000092 , 119.68 , 119.64
13.068 , 0.05000305 , 119.68 , 119.63
13.07 , 0.01000214 , 119.64 , 119.63
13.072 , 0.01999664 , 119.64 , 119.62
13.074 , 0.02999878 , 119.64 , 119.61
13.075 , 0.02999878 , 119.64 , 119.61
13.077 , 0.04000092 , 119.64 , 119.6
13.079 , 0.02000427 , 119.62 , 119.6
13.081 , 0.03000641 , 119.62 , 119.59
13.083 , -0.01999664 , 119.57 , 119.59
13.085 , -0.01000214 , 119.57 , 119.58
13.087 , 0.04000092 , 119.62 , 119.58
13.089 , 0.05000305 , 119.62 , 119.57
13.091 , 0.06000519 , 119.62 , 119.56
13.093 , 0.01000214 , 119.57 , 119.56
13.094 , 0.06999969 , 119.62 , 119.55
13.096 , 0.06999969 , 119.62 , 119.55
13.098 , 0.01000214 , 119.55 , 119.54
13.1 , 0.02999878 , 119.57 , 119.54
13.102 , 0.04000092 , 119.57 , 119.53
13.104 , 0.03000641 , 119.55 , 119.52
13.106 , 0.03000641 , 119.55 , 119.52
13.108 , 0.04000092 , 119.55 , 119.51
13.11 , 0.04000092 , 119.55 , 119.51
13.111 , 0.0 , 119.5 , 119.5
13.113 , 0.05000305 , 119.55 , 119.5
13.115 , 0.06000519 , 119.55 , 119.49
13.117 , -0.009994507 , 119.48 , 119.49
13.119 , 0.01999664 , 119.5 , 119.48
13.121 , 0.02999878 , 119.5 , 119.47
13.123 , 0.01000214 , 119.48 , 119.47
13.124 , 0.02999878 , 119.5 , 119.47
13.126 , 0.04000092 , 119.5 , 119.46
13.128 , 0.05000305 , 119.5 , 119.45
13.13 , 0.03000641 , 119.48 , 119.45
13.132 , 0.04000092 , 119.48 , 119.44
13.134 , 0.04000092 , 119.48 , 119.44
13.136 , 0.05000305 , 119.48 , 119.43
13.137 , 0.05000305 , 119.48 , 119.43
13.139 , -0.009994507 , 119.41 , 119.42
13.141 , 0.04000092 , 119.46 , 119.42
13.143 , 0.04999542 , 119.46 , 119.41
13.145 , 0.05999756 , 119.46 , 119.4
13.147 , 0.05999756 , 119.46 , 119.4
13.149 , 0.02000427 , 119.41 , 119.39
13.151 , 0.02000427 , 119.41 , 119.39
13.152 , 0.08000183 , 119.46 , 119.38
13.154 , 0.01000214 , 119.39 , 119.38
13.156 , 0.08999634 , 119.46 , 119.37
13.158 , 0.04000092 , 119.41 , 119.37
13.16 , 0.05000305 , 119.41 , 119.36
13.162 , 0.04000092 , 119.39 , 119.35
13.164 , 0.04000092 , 119.39 , 119.35
13.166 , 0.05000305 , 119.39 , 119.34
13.168 , 0.05000305 , 119.39 , 119.34
13.169 , 0.05999756 , 119.39 , 119.33
13.171 , 0.009994507 , 119.34 , 119.33
13.173 , 0.01999664 , 119.34 , 119.32
13.175 , 0.08000183 , 119.39 , 119.31
13.177 , 0.02999878 , 119.34 , 119.31
13.179 , 0.03999329 , 119.34 , 119.3
13.181 , 0.01999664 , 119.32 , 119.3
13.183 , 0.02999878 , 119.32 , 119.29
13.185 , 0.02999878 , 119.32 , 119.29
13.187 , 0.04000092 , 119.32 , 119.28
13.189 , 0.06999969 , 119.34 , 119.27
13.191 , 0.05000305 , 119.32 , 119.27
13.193 , 0.009994507 , 119.27 , 119.26
13.195 , 0.05999756 , 119.32 , 119.26
13.197 , 0.01999664 , 119.27 , 119.25
13.199 , 0.02999878 , 119.27 , 119.24
13.2 , 0.08000183 , 119.32 , 119.24
13.202 , 0.03999329 , 119.27 , 119.23
13.204 , 0.03999329 , 119.27 , 119.23
13.206 , 0.04999542 , 119.27 , 119.22
13.208 , 0.02999878 , 119.25 , 119.22
13.21 , 0.05999756 , 119.27 , 119.21
13.212 , 0.04000092 , 119.25 , 119.21
13.214 , 0.05000305 , 119.25 , 119.2
13.216 , 0.05999756 , 119.25 , 119.19
13.218 , 0.04000092 , 119.23 , 119.19
13.219 , 0.06999969 , 119.25 , 119.18
13.221 , 0.05000305 , 119.23 , 119.18
13.223 , 0.01000214 , 119.18 , 119.17
13.225 , 0.08000183 , 119.25 , 119.17
13.227 , 0.01999664 , 119.18 , 119.16
13.229 , 0.06999969 , 119.23 , 119.16
13.231 , 0.02999878 , 119.18 , 119.15
13.233 , 0.04000092 , 119.18 , 119.14
13.234 , 0.02000427 , 119.16 , 119.14
13.236 , 0.05000305 , 119.18 , 119.13
13.238 , 0.05000305 , 119.18 , 119.13
13.24 , 0.04000092 , 119.16 , 119.12
13.242 , 0.04000092 , 119.16 , 119.12
13.244 , 0.06999969 , 119.18 , 119.11
13.245 , 0.05000305 , 119.16 , 119.11
13.247 , 0.08000183 , 119.18 , 119.1
13.249 , 0.01000214 , 119.11 , 119.1
13.251 , 0.02000427 , 119.11 , 119.09
13.253 , 0.02999878 , 119.11 , 119.08
13.255 , 0.009994507 , 119.09 , 119.08
13.257 , 0.04000092 , 119.11 , 119.07
13.259 , 0.09000397 , 119.16 , 119.07
13.261 , 0.02999878 , 119.09 , 119.06
13.263 , 0.03999329 , 119.09 , 119.05
13.264 , 0.05999756 , 119.11 , 119.05
13.266 , 0.03999329 , 119.09 , 119.05
13.268 , 0.04999542 , 119.09 , 119.04
13.27 , 0.08000183 , 119.11 , 119.03
13.272 , 0.01000214 , 119.04 , 119.03
13.274 , 0.06999969 , 119.09 , 119.02
13.276 , 0.02000427 , 119.04 , 119.02
13.278 , 0.02999878 , 119.04 , 119.01
13.28 , 0.04000092 , 119.04 , 119.0
13.281 , 0.04000092 , 119.04 , 119.0
13.283 , 0.04000092 , 119.04 , 119.0
13.285 , 0.05000305 , 119.04 , 118.99
13.287 , 0.03999329 , 119.02 , 118.98
13.289 , 0.03999329 , 119.02 , 118.98
13.291 , 0.04999542 , 119.02 , 118.97
13.293 , 0.04999542 , 119.02 , 118.97
13.295 , 0.04000092 , 119.0 , 118.96
13.297 , 0.05000305 , 119.0 , 118.95
13.298 , 0.05000305 , 119.0 , 118.95
13.3 , 0.05000305 , 119.0 , 118.95
13.302 , 0.05999756 , 119.0 , 118.94
13.304 , 0.06999969 , 119.0 , 118.93
13.306 , 0.06999969 , 119.0 , 118.93
13.308 , 0.08000183 , 119.0 , 118.92
13.31 , 0.02999878 , 118.95 , 118.92
13.312 , 0.08999634 , 119.0 , 118.91
13.314 , 0.04999542 , 118.95 , 118.9
13.315 , 0.02999878 , 118.93 , 118.9
13.317 , 0.05999756 , 118.95 , 118.89
13.319 , 0.04000092 , 118.93 , 118.89
13.321 , 0.06999969 , 118.95 , 118.88
13.323 , 0.06999969 , 118.95 , 118.88
13.325 , 0.05999756 , 118.93 , 118.87
13.327 , 0.009994507 , 118.88 , 118.87
13.329 , 0.01999664 , 118.88 , 118.86
13.331 , 0.02999878 , 118.88 , 118.85
13.333 , 0.02999878 , 118.88 , 118.85
13.335 , 0.09000397 , 118.93 , 118.84
13.337 , 0.02000427 , 118.86 , 118.84
13.339 , 0.04999542 , 118.88 , 118.83
13.341 , 0.04000092 , 118.86 , 118.82
13.343 , 0.04000092 , 118.86 , 118.82
13.344 , 0.04000092 , 118.86 , 118.82
13.346 , 0.1200027 , 118.93 , 118.81
13.348 , 0.0799942 , 118.88 , 118.8
13.35 , 0.05999756 , 118.86 , 118.8
13.352 , 0.08999634 , 118.88 , 118.79
13.354 , 0.08999634 , 118.88 , 118.79
13.356 , 0.09999847 , 118.88 , 118.78
13.358 , 0.04000092 , 118.81 , 118.77
13.36 , 0.09000397 , 118.86 , 118.77
13.362 , 0.02999878 , 118.79 , 118.76
13.364 , 0.02999878 , 118.79 , 118.76
13.366 , 0.05999756 , 118.81 , 118.75
13.367 , 0.04000092 , 118.79 , 118.75
13.369 , 0.06999969 , 118.81 , 118.74
13.371 , 0.05000305 , 118.79 , 118.74
13.373 , 0.05999756 , 118.79 , 118.73
13.375 , 0.06999969 , 118.79 , 118.72
13.377 , 0.06999969 , 118.79 , 118.72
13.379 , 0.05999756 , 118.77 , 118.71
13.381 , 0.05999756 , 118.77 , 118.71
13.383 , 0.09000397 , 118.79 , 118.7
13.385 , 0.02999878 , 118.72 , 118.69
13.387 , 0.0799942 , 118.77 , 118.69
13.389 , 0.04000092 , 118.72 , 118.68
13.39 , 0.08999634 , 118.77 , 118.68
13.392 , 0.09999847 , 118.77 , 118.67
13.394 , 0.05000305 , 118.72 , 118.67
13.396 , 0.109993 , 118.77 , 118.66
13.398 , 0.05999756 , 118.72 , 118.66
13.4 , 0.04999542 , 118.7 , 118.65
13.402 , 0.05999756 , 118.7 , 118.64
13.404 , 0.05999756 , 118.7 , 118.64
13.406 , 0.06999969 , 118.7 , 118.63
13.408 , 0.06999969 , 118.7 , 118.63
13.41 , 0.0799942 , 118.7 , 118.62
13.412 , 0.08999634 , 118.7 , 118.61
13.414 , 0.08999634 , 118.7 , 118.61
13.415 , 0.08999634 , 118.7 , 118.61
13.417 , 0.09999847 , 118.7 , 118.6
13.419 , 0.06000519 , 118.65 , 118.59
13.421 , 0.1100006 , 118.7 , 118.59
13.423 , 0.06999969 , 118.65 , 118.58
13.425 , 0.06999969 , 118.65 , 118.58
13.427 , 0.05999756 , 118.63 , 118.57
13.429 , 0.09000397 , 118.65 , 118.56
13.431 , 0.02999878 , 118.59 , 118.56
13.433 , 0.0799942 , 118.63 , 118.55
13.435 , 0.03999329 , 118.59 , 118.55
13.437 , 0.04999542 , 118.59 , 118.54
13.438 , 0.04999542 , 118.59 , 118.54
13.44 , 0.05999756 , 118.59 , 118.53
13.442 , 0.05999756 , 118.59 , 118.53
13.444 , 0.04000092 , 118.56 , 118.52
13.446 , 0.0799942 , 118.59 , 118.51
13.448 , 0.04999542 , 118.56 , 118.51
13.45 , 0.04000092 , 118.54 , 118.5
13.452 , 0.04000092 , 118.54 , 118.5
13.454 , -0.01999664 , 118.47 , 118.49
13.456 , 0.05999756 , 118.54 , 118.48
13.458 , 0.05999756 , 118.54 , 118.48
13.459 , -0.01000214 , 118.47 , 118.48
13.461 , 0.0 , 118.47 , 118.47
13.463 , 0.01000214 , 118.47 , 118.46
13.465 , 0.01000214 , 118.47 , 118.46
13.467 , -0.01999664 , 118.43 , 118.45
13.469 , -0.01999664 , 118.43 , 118.45
13.471 , -0.01000214 , 118.43 , 118.44
13.472 , -0.01000214 , 118.43 , 118.44
13.474 , 0.0 , 118.43 , 118.43
13.476 , 0.01000214 , 118.43 , 118.42
13.478 , 0.01000214 , 118.43 , 118.42
13.48 , -0.01000214 , 118.4 , 118.41
13.481 , -0.01000214 , 118.4 , 118.41
13.483 , 0.0 , 118.4 , 118.4
13.485 , 0.0 , 118.4 , 118.4
13.487 , 0.01000214 , 118.4 , 118.39
13.489 , -0.02999878 , 118.36 , 118.39
13.491 , 0.02000427 , 118.4 , 118.38
13.492 , -0.01999664 , 118.36 , 118.38
13.494 , -0.01000214 , 118.36 , 118.37
13.496 , -0.01000214 , 118.36 , 118.37
13.498 , 0.0 , 118.36 , 118.36
13.5 , -0.01999664 , 118.33 , 118.35
13.502 , -0.01999664 , 118.33 , 118.35
13.503 , 0.02000427 , 118.36 , 118.34
13.505 , 0.02000427 , 118.36 , 118.34
13.507 , 0.02999878 , 118.36 , 118.33
13.509 , 0.0 , 118.33 , 118.33
13.511 , -0.01000214 , 118.31 , 118.32
13.513 , 0.01000214 , 118.33 , 118.32
13.515 , 0.0 , 118.31 , 118.31
13.516 , 0.0 , 118.31 , 118.31
13.518 , -0.03000641 , 118.27 , 118.3
13.52 , -0.02000427 , 118.27 , 118.29
13.522 , -0.02000427 , 118.27 , 118.29
13.524 , 0.02999878 , 118.31 , 118.28
13.526 , 0.02999878 , 118.31 , 118.28
13.528 , 0.0 , 118.27 , 118.27
13.529 , 0.0 , 118.27 , 118.27
13.531 , 0.009994507 , 118.27 , 118.26
13.533 , -0.02000427 , 118.24 , 118.26
13.535 , -0.01000214 , 118.24 , 118.25
13.537 , 0.02999878 , 118.27 , 118.24
13.539 , 0.0 , 118.24 , 118.24
13.541 , 0.009994507 , 118.24 , 118.23
13.543 , -0.03000641 , 118.2 , 118.23
13.545 , 0.04999542 , 118.27 , 118.22
13.546 , 0.01999664 , 118.24 , 118.22
13.548 , 0.02999878 , 118.24 , 118.21
13.55 , -0.01000214 , 118.2 , 118.21
13.552 , 0.04000092 , 118.24 , 118.2
13.554 , 0.009994507 , 118.2 , 118.19
13.556 , 0.009994507 , 118.2 , 118.19
13.558 , 0.01999664 , 118.2 , 118.18
13.56 , -0.01000214 , 118.17 , 118.18
13.562 , 0.02999878 , 118.2 , 118.17
13.564 , 0.009994507 , 118.17 , 118.16
13.566 , 0.009994507 , 118.17 , 118.16
13.568 , 0.01999664 , 118.17 , 118.15
13.57 , -0.02000427 , 118.13 , 118.15
13.572 , -0.01000214 , 118.13 , 118.14
13.574 , 0.02999878 , 118.17 , 118.14
13.576 , 0.0 , 118.13 , 118.13
13.577 , 0.0 , 118.13 , 118.13
13.579 , 0.009994507 , 118.13 , 118.12
13.581 , 0.01999664 , 118.13 , 118.11
13.583 , -0.01000214 , 118.1 , 118.11
13.585 , 0.0 , 118.1 , 118.1
13.587 , 0.02999878 , 118.13 , 118.1
13.589 , 0.04000092 , 118.13 , 118.09
13.591 , 0.0 , 118.08 , 118.08
13.592 , 0.0 , 118.08 , 118.08
13.594 , 0.0 , 118.08 , 118.08
13.596 , 0.01000214 , 118.08 , 118.07
13.598 , -0.01999664 , 118.04 , 118.06
13.6 , 0.04000092 , 118.1 , 118.06
13.601 , 0.02000427 , 118.08 , 118.06
13.603 , 0.04999542 , 118.1 , 118.05
13.605 , 0.0 , 118.04 , 118.04
13.607 , 0.04000092 , 118.08 , 118.04
13.609 , 0.01000214 , 118.04 , 118.03
13.611 , -0.01999664 , 118.01 , 118.03
13.612 , 0.02000427 , 118.04 , 118.02
13.614 , 0.02000427 , 118.04 , 118.02
13.616 , 0.02999878 , 118.04 , 118.01
13.618 , 0.04000092 , 118.04 , 118.0
13.62 , 0.01000214 , 118.01 , 118.0
13.622 , 0.05000305 , 118.04 , 117.99
13.623 , -0.01999664 , 117.97 , 117.99
13.625 , 0.05999756 , 118.04 , 117.98
13.627 , 0.02999878 , 118.01 , 117.98
13.629 , 0.0 , 117.97 , 117.97
13.631 , 0.0 , 117.97 , 117.97
13.633 , 0.01000214 , 117.97 , 117.96
13.635 , 0.02000427 , 117.97 , 117.95
13.636 , 0.02000427 , 117.97 , 117.95
13.638 , -0.009994507 , 117.94 , 117.95
13.64 , 0.0 , 117.94 , 117.94
13.642 , 0.01000214 , 117.94 , 117.93
13.644 , 0.01000214 , 117.94 , 117.93
13.646 , 0.02000427 , 117.94 , 117.92
13.648 , 0.02000427 , 117.94 , 117.92
13.649 , 0.02999878 , 117.94 , 117.91
13.659 , 0.09000397 , 117.97 , 117.88
13.661 , 0.06000519 , 117.94 , 117.88
13.663 , 0.02999878 , 117.9 , 117.87
13.665 , 0.02999878 , 117.9 , 117.87
13.667 , 0.04000092 , 117.9 , 117.86
13.669 , 0.05000305 , 117.9 , 117.85
13.671 , 0.05000305 , 117.9 , 117.85
13.672 , 0.02999878 , 117.88 , 117.85
13.675 , 0.06000519 , 117.9 , 117.84
13.676 , 0.04999542 , 117.88 , 117.83
13.678 , 0.04999542 , 117.88 , 117.83
13.68 , 0.05999756 , 117.88 , 117.82
13.682 , 0.05999756 , 117.88 , 117.82
13.684 , 0.06999969 , 117.88 , 117.81
13.686 , 0.04999542 , 117.85 , 117.8
13.688 , 0.04999542 , 117.85 , 117.8
13.69 , 0.05999756 , 117.85 , 117.79
13.692 , 0.05999756 , 117.85 , 117.79
13.694 , 0.09999847 , 117.88 , 117.78
13.696 , 0.08000183 , 117.85 , 117.77
13.698 , 0.04000092 , 117.81 , 117.77
13.7 , 0.04999542 , 117.81 , 117.76
13.702 , 0.08999634 , 117.85 , 117.76
13.704 , 0.05999756 , 117.81 , 117.75
13.706 , 0.06999969 , 117.81 , 117.74
13.708 , 0.04000092 , 117.78 , 117.74
13.709 , 0.04000092 , 117.78 , 117.74
13.711 , 0.009994507 , 117.74 , 117.73
13.713 , 0.01999664 , 117.74 , 117.72
13.715 , 0.01999664 , 117.74 , 117.72
13.717 , 0.06999969 , 117.78 , 117.71
13.719 , 0.06999969 , 117.78 , 117.71
13.721 , 0.02000427 , 117.72 , 117.7
13.723 , 0.08999634 , 117.78 , 117.69
13.725 , 0.02999878 , 117.72 , 117.69
13.727 , 0.05999756 , 117.74 , 117.68
13.729 , -0.01000214 , 117.67 , 117.68
13.731 , 0.0 , 117.67 , 117.67
13.732 , 0.05000305 , 117.72 , 117.67
13.734 , 0.009994507 , 117.67 , 117.66
13.736 , 0.05999756 , 117.72 , 117.66
13.738 , 0.06999969 , 117.72 , 117.65
13.74 , 0.02999878 , 117.67 , 117.64
13.742 , 0.01000214 , 117.65 , 117.64
13.744 , 0.02000427 , 117.65 , 117.63
13.746 , 0.04000092 , 117.67 , 117.63
13.748 , 0.02999878 , 117.65 , 117.62
13.75 , 0.04000092 , 117.65 , 117.61
13.751 , 0.05999756 , 117.67 , 117.61
13.753 , 0.04000092 , 117.65 , 117.61
13.755 , 0.0 , 117.6 , 117.6
13.757 , 0.01000214 , 117.6 , 117.59
13.759 , 0.06000519 , 117.65 , 117.59
13.761 , 0.0 , 117.58 , 117.58
13.762 , -0.02000427 , 117.56 , 117.58
13.764 , -0.01000214 , 117.56 , 117.57
13.766 , -0.01000214 , 117.56 , 117.57
13.768 , 0.02000427 , 117.58 , 117.56
13.77 , 0.0 , 117.56 , 117.56
13.772 , 0.009994507 , 117.56 , 117.55
13.774 , 0.01999664 , 117.56 , 117.54
13.776 , -0.02999878 , 117.51 , 117.54
13.778 , -0.01999664 , 117.51 , 117.53
13.78 , -0.01999664 , 117.51 , 117.53
13.782 , -0.009994507 , 117.51 , 117.52
13.784 , 0.04999542 , 117.56 , 117.51
13.786 , 0.0 , 117.51 , 117.51
13.787 , 0.0 , 117.51 , 117.51
13.789 , 0.01000214 , 117.51 , 117.5
13.791 , 0.02000427 , 117.51 , 117.49
13.793 , 0.02000427 , 117.51 , 117.49
13.794 , 0.009994507 , 117.49 , 117.48
13.797 , 0.02999878 , 117.51 , 117.48
13.798 , 0.01999664 , 117.49 , 117.47
13.8 , -0.02999878 , 117.44 , 117.47
13.802 , 0.02999878 , 117.49 , 117.46
13.804 , 0.02999878 , 117.49 , 117.46
13.806 , 0.04000092 , 117.49 , 117.45
13.808 , 0.04999542 , 117.49 , 117.44
13.81 , -0.02000427 , 117.42 , 117.44
13.812 , 0.01000214 , 117.44 , 117.43
13.814 , -0.01000214 , 117.42 , 117.43
13.815 , 0.0 , 117.42 , 117.42
13.817 , 0.0 , 117.42 , 117.42
13.819 , 0.02999878 , 117.44 , 117.41
13.821 , 0.01999664 , 117.42 , 117.4
13.823 , 0.01999664 , 117.42 , 117.4
13.825 , 0.02999878 , 117.42 , 117.39
13.827 , 0.02999878 , 117.42 , 117.39
13.829 , -0.009994507 , 117.37 , 117.38
13.831 , -0.02999878 , 117.35 , 117.38
13.833 , 0.0 , 117.37 , 117.37
13.834 , 0.0 , 117.37 , 117.37
13.836 , 0.01000214 , 117.37 , 117.36
13.838 , 0.02000427 , 117.37 , 117.35
13.84 , 0.02000427 , 117.37 , 117.35
13.842 , 0.01000214 , 117.35 , 117.34
13.843 , -0.009994507 , 117.33 , 117.34
13.845 , 0.0 , 117.33 , 117.33
13.847 , 0.04000092 , 117.37 , 117.33
13.849 , 0.01000214 , 117.33 , 117.32
13.851 , 0.01000214 , 117.33 , 117.32
13.853 , 0.04000092 , 117.35 , 117.31
13.855 , 0.02999878 , 117.33 , 117.3
13.857 , 0.02999878 , 117.33 , 117.3
13.858 , 0.02999878 , 117.33 , 117.3
13.86 , -0.01000214 , 117.28 , 117.29
13.862 , 0.05000305 , 117.33 , 117.28
13.864 , 0.05000305 , 117.33 , 117.28
13.866 , -0.009994507 , 117.26 , 117.27
13.868 , -0.009994507 , 117.26 , 117.27
13.87 , 0.0 , 117.26 , 117.26
13.872 , 0.02999878 , 117.28 , 117.25
13.874 , 0.01000214 , 117.26 , 117.25
13.875 , 0.01000214 , 117.26 , 117.25
13.877 , 0.02000427 , 117.26 , 117.24
13.879 , -0.02000427 , 117.21 , 117.23
13.881 , -0.02000427 , 117.21 , 117.23
13.883 , -0.01000214 , 117.21 , 117.22
13.885 , -0.01000214 , 117.21 , 117.22
13.887 , 0.0 , 117.21 , 117.21
13.888 , 0.0 , 117.21 , 117.21
13.89 , 0.01000214 , 117.21 , 117.2
13.892 , 0.01999664 , 117.21 , 117.19
13.894 , 0.01999664 , 117.21 , 117.19
13.896 , 0.01000214 , 117.19 , 117.18
13.898 , 0.01000214 , 117.19 , 117.18
13.9 , 0.04000092 , 117.21 , 117.17
13.902 , -0.02999878 , 117.14 , 117.17
13.903 , 0.02999878 , 117.19 , 117.16
13.905 , 0.02999878 , 117.19 , 117.16
13.907 , -0.01000214 , 117.14 , 117.15
13.909 , -0.01999664 , 117.12 , 117.14
13.911 , -0.01999664 , 117.12 , 117.14
13.913 , 0.01000214 , 117.14 , 117.13
13.915 , 0.01000214 , 117.14 , 117.13
13.917 , 0.0 , 117.12 , 117.12
13.918 , 0.0 , 117.12 , 117.12
13.92 , 0.01000214 , 117.12 , 117.11
13.922 , 0.02999878 , 117.14 , 117.11
13.924 , 0.02000427 , 117.12 , 117.1
13.926 , 0.01000214 , 117.1 , 117.09
13.928 , 0.01000214 , 117.1 , 117.09
13.929 , 0.03000641 , 117.12 , 117.09
13.931 , 0.01999664 , 117.1 , 117.08
13.933 , -0.01999664 , 117.05 , 117.07
13.935 , 0.02999878 , 117.1 , 117.07
13.937 , -0.009994507 , 117.05 , 117.06
13.939 , 0.04000092 , 117.1 , 117.06
13.941 , 0.0 , 117.05 , 117.05
13.943 , 0.05999756 , 117.1 , 117.04
13.945 , -0.01000214 , 117.03 , 117.04
13.947 , 0.0 , 117.03 , 117.03
13.948 , 0.0 , 117.03 , 117.03
13.95 , 0.03000641 , 117.05 , 117.02
13.952 , 0.03000641 , 117.05 , 117.02
13.954 , 0.01999664 , 117.03 , 117.01
13.956 , 0.01999664 , 117.03 , 117.01
13.958 , 0.02999878 , 117.03 , 117.0
13.96 , 0.04000092 , 117.03 , 116.99
13.961 , 0.04000092 , 117.03 , 116.99
13.963 , 0.0 , 116.98 , 116.98
13.965 , 0.0 , 116.98 , 116.98
13.967 , 0.01000214 , 116.98 , 116.97
13.969 , 0.05999756 , 117.03 , 116.97
13.971 , 0.06999969 , 117.03 , 116.96
13.973 , 0.02000427 , 116.98 , 116.96
13.974 , 0.03000641 , 116.98 , 116.95
13.976 , 0.03000641 , 116.98 , 116.95
13.978 , 0.04000092 , 116.98 , 116.94
13.98 , 0.05000305 , 116.98 , 116.93
13.982 , 0.02999878 , 116.96 , 116.93
13.984 , 0.06000519 , 116.98 , 116.92
13.986 , 0.04000092 , 116.96 , 116.92
13.988 , 0.04999542 , 116.96 , 116.91
13.99 , 0.04999542 , 116.96 , 116.91
13.992 , 0.05999756 , 116.96 , 116.9
13.994 , 0.02000427 , 116.91 , 116.89
13.996 , 0.02000427 , 116.91 , 116.89
13.997 , 0.08000183 , 116.96 , 116.88
13.999 , 0.03000641 , 116.91 , 116.88
14.001 , 0.04000092 , 116.91 , 116.87
14.003 , 0.04000092 , 116.91 , 116.87
14.005 , 0.09999847 , 116.96 , 116.86
14.007 , 0.04000092 , 116.89 , 116.85
14.009 , 0.06000519 , 116.91 , 116.85
14.011 , 0.05000305 , 116.89 , 116.84
14.013 , 0.05000305 , 116.89 , 116.84
14.015 , 0.05999756 , 116.89 , 116.83
14.016 , 0.05999756 , 116.89 , 116.83
14.018 , 0.06999969 , 116.89 , 116.82
14.02 , 0.05000305 , 116.87 , 116.82
14.022 , 0.06000519 , 116.87 , 116.81
14.024 , 0.06999969 , 116.87 , 116.8
14.026 , 0.06999969 , 116.87 , 116.8
14.028 , 0.09999847 , 116.89 , 116.79
14.03 , 0.08000183 , 116.87 , 116.79
14.032 , 0.04000092 , 116.82 , 116.78
14.034 , 0.1000061 , 116.87 , 116.77
14.035 , 0.05000305 , 116.82 , 116.77
14.037 , 0.05000305 , 116.82 , 116.77
14.039 , 0.05999756 , 116.82 , 116.76
14.041 , 0.06999969 , 116.82 , 116.75
14.043 , 0.0 , 116.75 , 116.75
14.045 , 0.06000519 , 116.8 , 116.74
14.047 , 0.01000214 , 116.75 , 116.74
14.048 , 0.01999664 , 116.75 , 116.73
14.05 , 0.01999664 , 116.75 , 116.73
14.052 , 0.09999847 , 116.82 , 116.72
14.054 , 0.02999878 , 116.75 , 116.72
14.056 , 0.04000092 , 116.75 , 116.71
14.058 , 0.03000641 , 116.73 , 116.7
14.06 , 0.05000305 , 116.75 , 116.7
14.062 , 0.05999756 , 116.75 , 116.69
14.063 , 0.04000092 , 116.73 , 116.69
14.065 , 0.05000305 , 116.73 , 116.68
14.067 , 0.06999969 , 116.75 , 116.68
14.069 , 0.06000519 , 116.73 , 116.67
14.071 , 0.08000183 , 116.75 , 116.67
14.073 , 0.02999878 , 116.69 , 116.66
14.075 , -0.01000214 , 116.64 , 116.65
14.077 , 0.01000214 , 116.66 , 116.65
14.078 , 0.02000427 , 116.66 , 116.64
14.08 , 0.0 , 116.64 , 116.64
14.082 , 0.01000214 , 116.64 , 116.63
14.084 , 0.01000214 , 116.64 , 116.63
14.086 , 0.04000092 , 116.66 , 116.62
14.088 , 0.01999664 , 116.64 , 116.62
14.09 , 0.02999878 , 116.64 , 116.61
14.092 , -0.02999878 , 116.57 , 116.6
14.094 , -0.01000214 , 116.59 , 116.6
14.095 , 0.0 , 116.59 , 116.59
14.097 , 0.0 , 116.59 , 116.59
14.099 , -0.01000214 , 116.57 , 116.58
14.101 , -0.05000305 , 116.53 , 116.58
14.103 , 0.06999969 , 116.64 , 116.57
14.105 , 0.0 , 116.57 , 116.57
14.107 , 0.01000214 , 116.57 , 116.56
14.109 , 0.03999329 , 116.59 , 116.55
14.11 , 0.01999664 , 116.57 , 116.55
14.112 , 0.02999878 , 116.57 , 116.54
14.114 , 0.02999878 , 116.57 , 116.54
14.116 , 0.04000092 , 116.57 , 116.53
14.118 , 0.05999756 , 116.59 , 116.53
14.12 , -0.01999664 , 116.5 , 116.52
14.122 , 0.01999664 , 116.53 , 116.51
14.124 , 0.01999664 , 116.53 , 116.51
14.126 , 0.0 , 116.5 , 116.5
14.127 , 0.02999878 , 116.53 , 116.5
14.129 , 0.01000214 , 116.5 , 116.49
14.131 , -0.02999878 , 116.46 , 116.49
14.133 , -0.02000427 , 116.46 , 116.48
14.135 , 0.01999664 , 116.5 , 116.48
14.137 , -0.04000092 , 116.43 , 116.47
14.139 , 0.0 , 116.46 , 116.46
14.14 , 0.04000092 , 116.5 , 116.46
14.142 , 0.04000092 , 116.5 , 116.46
14.144 , 0.01000214 , 116.46 , 116.45
14.146 , -0.01000214 , 116.43 , 116.44
14.148 , -0.01000214 , 116.43 , 116.44
14.15 , 0.0 , 116.43 , 116.43
14.151 , 0.0 , 116.43 , 116.43
14.153 , -0.009994507 , 116.41 , 116.42
14.155 , 0.01000214 , 116.43 , 116.42
14.157 , 0.0 , 116.41 , 116.41
14.159 , 0.0 , 116.41 , 116.41
14.16 , 0.01000214 , 116.41 , 116.4
14.162 , 0.02999878 , 116.43 , 116.4
14.164 , 0.02000427 , 116.41 , 116.39
14.166 , -0.009994507 , 116.37 , 116.38
14.168 , -0.009994507 , 116.37 , 116.38
14.17 , 0.0 , 116.37 , 116.37
14.172 , 0.0 , 116.37 , 116.37
14.173 , 0.05000305 , 116.41 , 116.36
14.175 , 0.01000214 , 116.37 , 116.36
14.177 , 0.02000427 , 116.37 , 116.35
14.179 , -0.01000214 , 116.34 , 116.35
14.181 , 0.0 , 116.34 , 116.34
14.183 , 0.009994507 , 116.34 , 116.33
14.185 , 0.009994507 , 116.34 , 116.33
14.187 , 0.05000305 , 116.37 , 116.32
14.188 , 0.01999664 , 116.34 , 116.32
14.19 , -0.05999756 , 116.25 , 116.31
14.192 , -0.04000092 , 116.27 , 116.31
14.194 , -0.03000641 , 116.27 , 116.3
14.196 , -0.05000305 , 116.25 , 116.3
14.198 , -0.02000427 , 116.27 , 116.29
14.2 , -0.01000214 , 116.27 , 116.28
14.202 , -0.02999878 , 116.25 , 116.28
14.204 , -0.01999664 , 116.25 , 116.27
14.206 , -0.05999756 , 116.21 , 116.27
14.207 , -0.01000214 , 116.25 , 116.26
14.209 , -0.05000305 , 116.21 , 116.26
14.211 , -0.04000092 , 116.21 , 116.25
14.213 , -0.04000092 , 116.21 , 116.25
14.215 , 0.01000214 , 116.25 , 116.24
14.217 , 0.01999664 , 116.25 , 116.23
14.218 , -0.02000427 , 116.21 , 116.23
14.22 , -0.05000305 , 116.18 , 116.23
14.222 , -0.04000092 , 116.18 , 116.22
14.224 , -0.02999878 , 116.18 , 116.21
14.226 , -0.02999878 , 116.18 , 116.21
14.228 , -0.03999329 , 116.16 , 116.2
14.23 , -0.01999664 , 116.18 , 116.2
14.232 , -0.01000214 , 116.18 , 116.19
14.233 , -0.01000214 , 116.18 , 116.19
14.235 , 0.0 , 116.18 , 116.18
14.237 , 0.01000214 , 116.18 , 116.17
14.239 , -0.05999756 , 116.11 , 116.17
14.241 , -0.05000305 , 116.11 , 116.16
14.243 , 0.0 , 116.16 , 116.16
14.244 , 0.01000214 , 116.16 , 116.15
14.246 , -0.04000092 , 116.11 , 116.15
14.248 , 0.02000427 , 116.16 , 116.14
14.25 , 0.02000427 , 116.16 , 116.14
14.251 , -0.01999664 , 116.11 , 116.13
14.253 , -0.04000092 , 116.09 , 116.13
14.255 , -0.03000641 , 116.09 , 116.12
14.257 , -0.01000214 , 116.11 , 116.12
14.259 , -0.02000427 , 116.09 , 116.11
14.261 , -0.01000214 , 116.09 , 116.1
14.263 , -0.01000214 , 116.09 , 116.1
14.265 , -0.04999542 , 116.04 , 116.09
14.266 , 0.02000427 , 116.11 , 116.09
14.268 , -0.04000092 , 116.04 , 116.08
14.27 , -0.04000092 , 116.04 , 116.08
14.272 , 0.01999664 , 116.09 , 116.07
14.274 , -0.02999878 , 116.04 , 116.07
14.276 , -0.01999664 , 116.04 , 116.06
14.278 , -0.03000641 , 116.02 , 116.05
14.28 , -0.03000641 , 116.02 , 116.05
14.282 , -0.05999756 , 115.98 , 116.04
14.284 , -0.09000397 , 115.95 , 116.04
14.285 , -0.04999542 , 115.98 , 116.03
14.287 , -0.04999542 , 115.98 , 116.03
14.289 , -0.03999329 , 115.98 , 116.02
14.291 , -0.06999969 , 115.95 , 116.02
14.293 , -0.06000519 , 115.95 , 116.01
14.295 , -0.05000305 , 115.95 , 116.0
14.297 , -0.01999664 , 115.98 , 116.0
14.299 , -0.04000092 , 115.95 , 115.99
14.301 , -0.04000092 , 115.95 , 115.99
14.303 , -0.03000641 , 115.95 , 115.98
14.305 , -0.05999756 , 115.91 , 115.97
14.306 , -0.05999756 , 115.91 , 115.97
14.308 , -0.08000183 , 115.88 , 115.96
14.31 , -0.08000183 , 115.88 , 115.96
14.312 , -0.06999969 , 115.88 , 115.95
14.314 , -0.06999969 , 115.88 , 115.95
14.316 , -0.02999878 , 115.91 , 115.94
14.318 , -0.06000519 , 115.88 , 115.94
14.32 , -0.05000305 , 115.88 , 115.93
14.322 , -0.04000092 , 115.88 , 115.92
14.324 , -0.04000092 , 115.88 , 115.92
14.326 , -0.05000305 , 115.86 , 115.91
14.328 , -0.05000305 , 115.86 , 115.91
14.329 , -0.04000092 , 115.86 , 115.9
14.331 , -0.04000092 , 115.86 , 115.9
14.333 , -0.01000214 , 115.88 , 115.89
14.335 , -0.05999756 , 115.82 , 115.88
14.337 , -0.1299973 , 115.75 , 115.88
14.339 , -0.1200027 , 115.75 , 115.87
14.34 , -0.05000305 , 115.82 , 115.87
14.342 , -0.04000092 , 115.82 , 115.86
14.344 , -0.04000092 , 115.82 , 115.86
14.346 , -0.02999878 , 115.82 , 115.85
14.348 , -0.02999878 , 115.82 , 115.85
14.35 , -0.01999664 , 115.82 , 115.84
14.352 , -0.1100006 , 115.72 , 115.83
14.354 , -0.01000214 , 115.82 , 115.83
14.356 , -0.06999969 , 115.75 , 115.82
14.357 , -0.06999969 , 115.75 , 115.82
14.359 , -0.05999756 , 115.75 , 115.81
14.361 , -0.08999634 , 115.72 , 115.81
14.363 , -0.05000305 , 115.75 , 115.8
14.365 , -0.08000183 , 115.72 , 115.8
14.367 , -0.04000092 , 115.75 , 115.79
14.369 , -0.09999847 , 115.68 , 115.78
14.371 , -0.05999756 , 115.72 , 115.78
14.373 , -0.04999542 , 115.72 , 115.77
14.375 , -0.08999634 , 115.68 , 115.77
14.376 , -0.09999847 , 115.66 , 115.76
14.378 , -0.08000183 , 115.68 , 115.76
14.38 , -0.08999634 , 115.66 , 115.75
14.382 , -0.06999969 , 115.68 , 115.75
14.384 , -0.01999664 , 115.72 , 115.74
14.386 , -0.01000214 , 115.72 , 115.73
14.388 , -0.01000214 , 115.72 , 115.73
14.39 , 0.0 , 115.72 , 115.72
14.391 , 0.0 , 115.72 , 115.72
14.393 , -0.02999878 , 115.68 , 115.71
14.395 , -0.02999878 , 115.68 , 115.71
14.397 , 0.02000427 , 115.72 , 115.7
14.399 , 0.02000427 , 115.72 , 115.7
14.401 , -0.01000214 , 115.68 , 115.69
14.402 , -0.01000214 , 115.68 , 115.69
14.404 , 0.0 , 115.68 , 115.68
14.406 , -0.01999664 , 115.66 , 115.68
14.408 , -0.009994507 , 115.66 , 115.67
14.41 , 0.0 , 115.66 , 115.66
14.412 , 0.0 , 115.66 , 115.66
14.413 , 0.01000214 , 115.66 , 115.65
14.415 , -0.02000427 , 115.63 , 115.65
14.417 , -0.05000305 , 115.59 , 115.64
14.419 , 0.02000427 , 115.66 , 115.64
14.421 , 0.0 , 115.63 , 115.63
14.423 , 0.009994507 , 115.63 , 115.62
14.425 , 0.009994507 , 115.63 , 115.62
14.427 , -0.02000427 , 115.59 , 115.61
14.428 , 0.01999664 , 115.63 , 115.61
14.43 , -0.04000092 , 115.56 , 115.6
14.432 , -0.04000092 , 115.56 , 115.6
14.434 , 0.04000092 , 115.63 , 115.59
14.436 , -0.02999878 , 115.56 , 115.59
14.438 , 0.04999542 , 115.63 , 115.58
14.44 , -0.01000214 , 115.56 , 115.57
14.442 , -0.01000214 , 115.56 , 115.57
14.444 , 0.0 , 115.56 , 115.56
14.446 , 0.0 , 115.56 , 115.56
14.447 , 0.009994507 , 115.56 , 115.55
14.449 , -0.03000641 , 115.52 , 115.55
14.451 , -0.02000427 , 115.52 , 115.54
14.453 , -0.02000427 , 115.52 , 115.54
14.455 , -0.01000214 , 115.52 , 115.53
14.457 , 0.04000092 , 115.56 , 115.52
14.459 , -0.01999664 , 115.5 , 115.52
14.461 , -0.01000214 , 115.5 , 115.51
14.462 , 0.009994507 , 115.52 , 115.51
14.464 , 0.01999664 , 115.52 , 115.5
14.466 , 0.0 , 115.5 , 115.5
14.468 , -0.04000092 , 115.45 , 115.49
14.47 , 0.01000214 , 115.5 , 115.49
14.472 , 0.01999664 , 115.5 , 115.48
14.474 , -0.02000427 , 115.45 , 115.47
14.476 , 0.02999878 , 115.5 , 115.47
14.478 , -0.02999878 , 115.43 , 115.46
14.48 , -0.02999878 , 115.43 , 115.46
14.482 , 0.0 , 115.45 , 115.45
14.483 , 0.0 , 115.45 , 115.45
14.485 , 0.009994507 , 115.45 , 115.44
14.487 , 0.009994507 , 115.45 , 115.44
14.489 , 0.0 , 115.43 , 115.43
14.491 , 0.01000214 , 115.43 , 115.42
14.493 , 0.02999878 , 115.45 , 115.42
14.495 , 0.01999664 , 115.43 , 115.41
14.496 , -0.01000214 , 115.4 , 115.41
14.498 , 0.0 , 115.4 , 115.4
14.5 , -0.04000092 , 115.36 , 115.4
14.502 , -0.05000305 , 115.34 , 115.39
14.504 , 0.01000214 , 115.4 , 115.39
14.506 , -0.01999664 , 115.36 , 115.38
14.507 , 0.02000427 , 115.4 , 115.38
14.509 , -0.01000214 , 115.36 , 115.37
14.511 , 0.0 , 115.36 , 115.36
14.521 , 0.0 , 115.34 , 115.34
14.523 , 0.009994507 , 115.34 , 115.33
14.525 , 0.01999664 , 115.34 , 115.32
14.527 , 0.01999664 , 115.34 , 115.32
14.528 , -0.01999664 , 115.29 , 115.31
14.53 , -0.01999664 , 115.29 , 115.31
14.532 , -0.03000641 , 115.27 , 115.3
14.534 , 0.03999329 , 115.34 , 115.3
14.536 , 0.0 , 115.29 , 115.29
14.538 , 0.01000214 , 115.29 , 115.28
14.54 , -0.01000214 , 115.27 , 115.28
14.542 , 0.0 , 115.27 , 115.27
14.543 , 0.0 , 115.27 , 115.27
14.545 , 0.009994507 , 115.27 , 115.26
14.547 , -0.04000092 , 115.22 , 115.26
14.549 , 0.01999664 , 115.27 , 115.25
14.551 , -0.02999878 , 115.22 , 115.25
14.553 , 0.02999878 , 115.27 , 115.24
14.555 , -0.01000214 , 115.22 , 115.23
14.557 , -0.01000214 , 115.22 , 115.23
14.558 , 0.03999329 , 115.27 , 115.23
14.56 , 0.0 , 115.22 , 115.22
14.562 , -0.01000214 , 115.2 , 115.21
14.564 , -0.01000214 , 115.2 , 115.21
14.566 , 0.0 , 115.2 , 115.2
14.568 , 0.02000427 , 115.22 , 115.2
14.569 , 0.02999878 , 115.22 , 115.19
14.571 , 0.009994507 , 115.2 , 115.19
14.573 , 0.01999664 , 115.2 , 115.18
14.575 , 0.0 , 115.18 , 115.18
14.577 , 0.01000214 , 115.18 , 115.17
14.579 , -0.03000641 , 115.13 , 115.16
14.581 , 0.01999664 , 115.18 , 115.16
14.582 , -0.02000427 , 115.13 , 115.15
14.584 , 0.02999878 , 115.18 , 115.15
14.586 , -0.01000214 , 115.13 , 115.14
14.588 , 0.04000092 , 115.18 , 115.14
14.59 , 0.0 , 115.13 , 115.13
14.592 , -0.01999664 , 115.11 , 115.13
14.594 , -0.01000214 , 115.11 , 115.12
14.595 , 0.009994507 , 115.13 , 115.12
14.597 , -0.05000305 , 115.06 , 115.11
14.599 , -0.04000092 , 115.06 , 115.1
14.601 , -0.05999756 , 115.04 , 115.1
14.603 , 0.02000427 , 115.11 , 115.09
14.605 , -0.02999878 , 115.06 , 115.09
14.607 , -0.04000092 , 115.04 , 115.08
14.609 , -0.01000214 , 115.06 , 115.07
14.611 , -0.02999878 , 115.04 , 115.07
14.613 , 0.0 , 115.06 , 115.06
14.614 , -0.01999664 , 115.04 , 115.06
14.616 , -0.01000214 , 115.04 , 115.05
14.618 , -0.01000214 , 115.04 , 115.05
14.62 , 0.0 , 115.04 , 115.04
14.622 , -0.05000305 , 114.99 , 115.04
14.623 , 0.01000214 , 115.04 , 115.03
14.625 , -0.04000092 , 114.99 , 115.03
14.627 , -0.02999878 , 114.99 , 115.02
14.629 , 0.02000427 , 115.04 , 115.02
14.631 , -0.02000427 , 114.99 , 115.01
14.633 , 0.04000092 , 115.04 , 115.0
14.635 , -0.01000214 , 114.99 , 115.0
14.637 , -0.01999664 , 114.97 , 114.99
14.639 , -0.01999664 , 114.97 , 114.99
14.64 , -0.01000214 , 114.97 , 114.98
14.642 , -0.01000214 , 114.97 , 114.98
14.644 , 0.0 , 114.97 , 114.97
14.646 , -0.02000427 , 114.95 , 114.97
14.648 , 0.02999878 , 114.99 , 114.96
14.65 , 0.0 , 114.95 , 114.95
14.652 , 0.0 , 114.95 , 114.95
14.653 , 0.009994507 , 114.95 , 114.94
14.655 , 0.009994507 , 114.95 , 114.94
14.657 , -0.02999878 , 114.9 , 114.93
14.659 , -0.02999878 , 114.9 , 114.93
14.661 , -0.01999664 , 114.9 , 114.92
14.663 , -0.01999664 , 114.9 , 114.92
14.665 , -0.01000214 , 114.9 , 114.91
14.667 , -0.02000427 , 114.88 , 114.9
14.669 , 0.0 , 114.9 , 114.9
14.67 , -0.01000214 , 114.88 , 114.89
14.672 , -0.01000214 , 114.88 , 114.89
14.674 , 0.02000427 , 114.9 , 114.88
14.676 , 0.0 , 114.88 , 114.88
14.678 , 0.009994507 , 114.88 , 114.87
14.68 , 0.01999664 , 114.88 , 114.86
14.682 , 0.01999664 , 114.88 , 114.86
14.684 , -0.04000092 , 114.81 , 114.85
14.686 , -0.01999664 , 114.83 , 114.85
14.688 , 0.04000092 , 114.88 , 114.84
14.69 , 0.04000092 , 114.88 , 114.84
14.692 , 0.0 , 114.83 , 114.83
14.693 , 0.0 , 114.83 , 114.83
14.695 , -0.01000214 , 114.81 , 114.82
14.697 , 0.0 , 114.81 , 114.81
14.699 , 0.02000427 , 114.83 , 114.81
14.701 , -0.04000092 , 114.76 , 114.8
14.702 , -0.04000092 , 114.76 , 114.8
14.704 , -0.02999878 , 114.76 , 114.79
14.706 , 0.04000092 , 114.83 , 114.79
14.708 , -0.01999664 , 114.76 , 114.78
14.71 , -0.01999664 , 114.76 , 114.78
14.712 , -0.009994507 , 114.76 , 114.77
14.714 , 0.0 , 114.76 , 114.76
14.716 , 0.0 , 114.76 , 114.76
14.717 , 0.0 , 114.76 , 114.76
14.719 , -0.01000214 , 114.74 , 114.75
14.721 , 0.0 , 114.74 , 114.74
14.723 , 0.0 , 114.74 , 114.74
14.725 , 0.02999878 , 114.76 , 114.73
14.726 , -0.01000214 , 114.72 , 114.73
14.728 , 0.0 , 114.72 , 114.72
14.73 , 0.01999664 , 114.74 , 114.72
14.732 , -0.05999756 , 114.65 , 114.71
14.734 , 0.01000214 , 114.72 , 114.71
14.736 , 0.02000427 , 114.72 , 114.7
14.737 , 0.04000092 , 114.74 , 114.7
14.739 , 0.02999878 , 114.72 , 114.69
14.741 , -0.02999878 , 114.65 , 114.68
14.743 , -0.02999878 , 114.65 , 114.68
14.745 , -0.01999664 , 114.65 , 114.67
14.747 , -0.01999664 , 114.65 , 114.67
14.749 , -0.01000214 , 114.65 , 114.66
14.751 , 0.0 , 114.65 , 114.65
14.752 , 0.0 , 114.65 , 114.65
14.754 , -0.02000427 , 114.63 , 114.65
14.756 , 0.01000214 , 114.65 , 114.64
14.758 , 0.0 , 114.63 , 114.63
14.76 , 0.0 , 114.63 , 114.63
14.761 , 0.0 , 114.63 , 114.63
14.763 , 0.009994507 , 114.63 , 114.62
14.765 , -0.02999878 , 114.58 , 114.61
14.767 , 0.01999664 , 114.63 , 114.61
14.769 , 0.02999878 , 114.63 , 114.6
14.771 , 0.02999878 , 114.63 , 114.6
14.773 , -0.009994507 , 114.58 , 114.59
14.775 , 0.0 , 114.58 , 114.58
14.777 , 0.04999542 , 114.63 , 114.58
14.779 , 0.01000214 , 114.58 , 114.57
14.781 , 0.01000214 , 114.58 , 114.57
14.782 , 0.0 , 114.56 , 114.56
14.784 , 0.0 , 114.56 , 114.56
14.786 , 0.009994507 , 114.56 , 114.55
14.788 , 0.009994507 , 114.56 , 114.55
14.79 , 0.01999664 , 114.56 , 114.54
14.792 , 0.02999878 , 114.56 , 114.53
14.794 , 0.02999878 , 114.56 , 114.53
14.796 , -0.009994507 , 114.51 , 114.52
14.798 , 0.04000092 , 114.56 , 114.52
14.8 , 0.04999542 , 114.56 , 114.51
14.802 , 0.05999756 , 114.56 , 114.5
14.804 , 0.01000214 , 114.51 , 114.5
14.805 , -0.01000214 , 114.49 , 114.5
14.807 , -0.01999664 , 114.47 , 114.49
14.809 , -0.01000214 , 114.47 , 114.48
14.811 , -0.01000214 , 114.47 , 114.48
14.813 , -0.05000305 , 114.42 , 114.47
14.815 , 0.0 , 114.47 , 114.47
14.816 , -0.04000092 , 114.42 , 114.46
14.818 , 0.01000214 , 114.47 , 114.46
14.82 , 0.02000427 , 114.47 , 114.45
14.822 , -0.02999878 , 114.42 , 114.45
14.824 , -0.04000092 , 114.4 , 114.44
14.826 , -0.01000214 , 114.42 , 114.43
14.828 , -0.02999878 , 114.4 , 114.43
14.83 , -0.01999664 , 114.4 , 114.42
14.832 , -0.01999664 , 114.4 , 114.42
14.833 , -0.01000214 , 114.4 , 114.41
14.835 , -0.06000519 , 114.35 , 114.41
14.837 , 0.0 , 114.4 , 114.4
14.839 , 0.01000214 , 114.4 , 114.39
14.841 , 0.01000214 , 114.4 , 114.39
14.843 , -0.02999878 , 114.35 , 114.38
14.845 , -0.02999878 , 114.35 , 114.38
14.847 , -0.04000092 , 114.33 , 114.37
14.848 , 0.02999878 , 114.4 , 114.37
14.85 , -0.01000214 , 114.35 , 114.36
14.852 , -0.02999878 , 114.33 , 114.36
14.854 , -0.01999664 , 114.33 , 114.35
14.856 , -0.009994507 , 114.33 , 114.34
14.858 , -0.009994507 , 114.33 , 114.34
14.86 , 0.0 , 114.33 , 114.33
14.862 , -0.05000305 , 114.28 , 114.33
14.863 , -0.04000092 , 114.28 , 114.32
14.865 , -0.04000092 , 114.28 , 114.32
14.867 , -0.02999878 , 114.28 , 114.31
14.869 , -0.02999878 , 114.28 , 114.31
14.871 , -0.02000427 , 114.28 , 114.3
14.873 , -0.02999878 , 114.26 , 114.29
14.875 , -0.01000214 , 114.28 , 114.29
14.877 , -0.01999664 , 114.26 , 114.28
14.879 , -0.01999664 , 114.26 , 114.28
14.881 , -0.009994507 , 114.26 , 114.27
14.883 , 0.0 , 114.26 , 114.26
14.884 , -0.02000427 , 114.24 , 114.26
14.886 , 0.0 , 114.26 , 114.26
14.888 , -0.01000214 , 114.24 , 114.25
14.89 , 0.02000427 , 114.26 , 114.24
14.892 , 0.0 , 114.24 , 114.24
14.894 , 0.009994507 , 114.24 , 114.23
14.896 , -0.04000092 , 114.19 , 114.23
14.897 , -0.02999878 , 114.19 , 114.22
14.899 , 0.01999664 , 114.24 , 114.22
14.901 , 0.02999878 , 114.24 , 114.21
14.903 , -0.04000092 , 114.17 , 114.21
14.905 , -0.02999878 , 114.17 , 114.2
14.907 , 0.0 , 114.19 , 114.19
14.909 , -0.02000427 , 114.17 , 114.19
14.911 , 0.01000214 , 114.19 , 114.18
14.912 , -0.01000214 , 114.17 , 114.18
14.914 , 0.02000427 , 114.19 , 114.17
14.916 , 0.0 , 114.17 , 114.17
14.918 , -0.04000092 , 114.12 , 114.16
14.92 , 0.009994507 , 114.17 , 114.16
14.922 , 0.01999664 , 114.17 , 114.15
14.924 , -0.01999664 , 114.12 , 114.14
14.925 , -0.04000092 , 114.1 , 114.14
14.927 , -0.009994507 , 114.12 , 114.13
14.929 , -0.009994507 , 114.12 , 114.13
14.931 , 0.0 , 114.12 , 114.12
14.933 , -0.02000427 , 114.1 , 114.12
14.935 , 0.01000214 , 114.12 , 114.11
14.937 , -0.01000214 , 114.1 , 114.11
14.939 , 0.0 , 114.1 , 114.1
14.94 , -0.04999542 , 114.05 , 114.1
14.942 , 0.01000214 , 114.1 , 114.09
14.944 , 0.01999664 , 114.1 , 114.08
14.946 , 0.01999664 , 114.1 , 114.08
14.948 , 0.02999878 , 114.1 , 114.07
14.95 , -0.01999664 , 114.05 , 114.07
14.952 , -0.02999878 , 114.03 , 114.06
14.954 , 0.0 , 114.05 , 114.05
14.955 , 0.0 , 114.05 , 114.05
14.957 , 0.04999542 , 114.1 , 114.05
14.959 , -0.01000214 , 114.03 , 114.04
14.961 , 0.0 , 114.03 , 114.03
14.963 , 0.0 , 114.03 , 114.03
14.964 , -0.04999542 , 113.98 , 114.03
14.966 , 0.01000214 , 114.03 , 114.02
14.968 , -0.02999878 , 113.98 , 114.01
14.97 , 0.01999664 , 114.03 , 114.01
14.972 , 0.02999878 , 114.03 , 114.0
14.974 , -0.01999664 , 113.98 , 114.0
14.976 , 0.04000092 , 114.03 , 113.99
14.978 , 0.0 , 113.98 , 113.98
14.98 , 0.0 , 113.98 , 113.98
14.981 , 0.01000214 , 113.98 , 113.97
14.983 , 0.01000214 , 113.98 , 113.97
14.985 , 0.0 , 113.96 , 113.96
14.987 , 0.0 , 113.96 , 113.96
14.989 , 0.01000214 , 113.96 , 113.95
14.991 , -0.009994507 , 113.94 , 113.95
14.993 , 0.01999664 , 113.96 , 113.94
14.995 , 0.02999878 , 113.96 , 113.93
14.997 , 0.02999878 , 113.96 , 113.93
14.998 , -0.02999878 , 113.89 , 113.92
15.0 , 0.06000519 , 113.98 , 113.92
15.002 , 0.02999878 , 113.94 , 113.91
15.004 , -0.02000427 , 113.89 , 113.91
15.006 , 0.04000092 , 113.94 , 113.9
15.008 , -0.01000214 , 113.89 , 113.9
15.01 , 0.0 , 113.89 , 113.89
15.011 , -0.01999664 , 113.87 , 113.89
15.013 , 0.01000214 , 113.89 , 113.88
15.015 , 0.01999664 , 113.89 , 113.87
15.017 , 0.0 , 113.87 , 113.87
15.019 , 0.02999878 , 113.89 , 113.86
15.021 , 0.02999878 , 113.89 , 113.86
15.023 , 0.02000427 , 113.87 , 113.85
15.025 , 0.03000641 , 113.87 , 113.84
15.027 , 0.03000641 , 113.87 , 113.84
15.028 , -0.01999664 , 113.82 , 113.84
15.03 , -0.01000214 , 113.82 , 113.83
15.032 , -0.01999664 , 113.8 , 113.82
15.034 , 0.0 , 113.82 , 113.82
15.036 , 0.06000519 , 113.87 , 113.81
15.038 , 0.01000214 , 113.82 , 113.81
15.04 , 0.01999664 , 113.82 , 113.8
15.042 , 0.02999878 , 113.82 , 113.79
15.044 , 0.02999878 , 113.82 , 113.79
15.046 , 0.04000092 , 113.82 , 113.78
15.048 , 0.02000427 , 113.8 , 113.78
15.049 , 0.03000641 , 113.8 , 113.77
15.051 , 0.03000641 , 113.8 , 113.77
15.053 , 0.04000092 , 113.8 , 113.76
15.055 , 0.04000092 , 113.8 , 113.76
15.057 , 0.01000214 , 113.76 , 113.75
15.058 , 0.05000305 , 113.8 , 113.75
15.06 , -0.009994507 , 113.73 , 113.74
15.062 , 0.02000427 , 113.76 , 113.74
15.064 , 0.02999878 , 113.76 , 113.73
15.066 , 0.01000214 , 113.73 , 113.72
15.068 , 0.01000214 , 113.73 , 113.72
15.07 , 0.02000427 , 113.73 , 113.71
15.072 , 0.02000427 , 113.73 , 113.71
15.073 , 0.01000214 , 113.71 , 113.7
15.075 , 0.03000641 , 113.73 , 113.7
15.077 , 0.01999664 , 113.71 , 113.69
15.079 , 0.01999664 , 113.71 , 113.69
15.081 , 0.02999878 , 113.71 , 113.68
15.083 , 0.04000092 , 113.71 , 113.67
15.085 , 0.04000092 , 113.71 , 113.67
15.087 , 0.04999542 , 113.71 , 113.66
15.089 , 0.06999969 , 113.73 , 113.66
15.091 , 0.01000214 , 113.66 , 113.65
15.092 , 0.05999756 , 113.71 , 113.65
15.094 , 0.02000427 , 113.66 , 113.64
15.096 , 0.03000641 , 113.66 , 113.63
15.098 , 0.01000214 , 113.64 , 113.63
15.1 , 0.04000092 , 113.66 , 113.62
15.102 , 0.01999664 , 113.64 , 113.62
15.104 , 0.05000305 , 113.66 , 113.61
15.105 , 0.02999878 , 113.64 , 113.61
15.107 , 0.04000092 , 113.64 , 113.6
15.109 , 0.04000092 , 113.64 , 113.6
15.111 , 0.01000214 , 113.6 , 113.59
15.113 , 0.05999756 , 113.64 , 113.58
15.115 , 0.01999664 , 113.6 , 113.58
15.117 , 0.02999878 , 113.6 , 113.57
15.119 , 0.06999969 , 113.64 , 113.57
15.121 , 0.01000214 , 113.57 , 113.56
15.123 , 0.04000092 , 113.6 , 113.56
15.125 , 0.04999542 , 113.6 , 113.55
15.126 , 0.01999664 , 113.57 , 113.55
15.128 , 0.02999878 , 113.57 , 113.54
15.13 , 0.0 , 113.53 , 113.53
15.132 , 0.04000092 , 113.57 , 113.53
15.134 , 0.01000214 , 113.53 , 113.52
15.136 , 0.01000214 , 113.53 , 113.52
15.138 , 0.01999664 , 113.53 , 113.51
15.14 , 0.0 , 113.5 , 113.5
15.141 , 0.02999878 , 113.53 , 113.5
15.143 , 0.0 , 113.5 , 113.5
15.145 , 0.08000183 , 113.57 , 113.49
15.147 , 0.04999542 , 113.53 , 113.48
15.149 , 0.01999664 , 113.5 , 113.48
15.15 , 0.01999664 , 113.5 , 113.48
15.152 , 0.02999878 , 113.5 , 113.47
15.154 , 0.04000092 , 113.5 , 113.46
15.156 , 0.02000427 , 113.48 , 113.46
15.158 , 0.05000305 , 113.5 , 113.45
15.16 , 0.05000305 , 113.5 , 113.45
15.162 , 0.04000092 , 113.48 , 113.44
15.163 , 0.04000092 , 113.48 , 113.44
15.165 , 0.01000214 , 113.44 , 113.43
15.167 , -0.009994507 , 113.41 , 113.42
15.169 , 0.02000427 , 113.44 , 113.42
15.171 , 0.06999969 , 113.48 , 113.41
15.173 , 0.06999969 , 113.48 , 113.41
15.175 , 0.08000183 , 113.48 , 113.4
15.176 , 0.01000214 , 113.41 , 113.4
15.178 , 0.02000427 , 113.41 , 113.39
15.18 , 0.02000427 , 113.41 , 113.39
15.182 , -0.009994507 , 113.37 , 113.38
15.184 , 0.04000092 , 113.41 , 113.37
15.186 , -0.03000641 , 113.34 , 113.37
15.188 , 0.05000305 , 113.41 , 113.36
15.19 , 0.01000214 , 113.37 , 113.36
15.191 , 0.02000427 , 113.37 , 113.35
15.193 , 0.02000427 , 113.37 , 113.35
15.195 , 0.03000641 , 113.37 , 113.34
15.197 , 0.03000641 , 113.37 , 113.34
15.199 , 0.009994507 , 113.34 , 113.33
15.201 , 0.05000305 , 113.37 , 113.32
15.203 , 0.01999664 , 113.34 , 113.32
15.205 , 0.06000519 , 113.37 , 113.31
15.206 , 0.02999878 , 113.34 , 113.31
15.208 , 0.0 , 113.3 , 113.3
15.21 , 0.0 , 113.3 , 113.3
15.212 , 0.01000214 , 113.3 , 113.29
15.214 , 0.04999542 , 113.34 , 113.29
15.215 , 0.05999756 , 113.34 , 113.28
15.217 , 0.05999756 , 113.34 , 113.28
15.219 , 0.06999969 , 113.34 , 113.27
15.221 , 0.06999969 , 113.34 , 113.27
15.223 , 0.04000092 , 113.3 , 113.26
15.225 , 0.05000305 , 113.3 , 113.25
15.227 , 0.05000305 , 113.3 , 113.25
15.229 , 0.04000092 , 113.28 , 113.24
15.231 , 0.06000519 , 113.3 , 113.24
15.232 , 0.04999542 , 113.28 , 113.23
15.234 , 0.06999969 , 113.3 , 113.23
15.236 , 0.05999756 , 113.28 , 113.22
15.238 , 0.05999756 , 113.28 , 113.22
15.24 , 0.06999969 , 113.28 , 113.21
15.242 , 0.08000183 , 113.28 , 113.2
15.244 , 0.05000305 , 113.25 , 113.2
15.246 , 0.05999756 , 113.25 , 113.19
15.248 , 0.05999756 , 113.25 , 113.19
15.249 , 0.06999969 , 113.25 , 113.18
15.251 , 0.06999969 , 113.25 , 113.18
15.253 , 0.01000214 , 113.18 , 113.17
15.255 , 0.08999634 , 113.25 , 113.16
15.257 , 0.04999542 , 113.21 , 113.16
15.259 , 0.05999756 , 113.21 , 113.15
15.261 , 0.05999756 , 113.21 , 113.15
15.263 , 0.04000092 , 113.18 , 113.14
15.264 , 0.04000092 , 113.18 , 113.14
15.266 , 0.08000183 , 113.21 , 113.13
15.268 , 0.05000305 , 113.18 , 113.13
15.27 , 0.05999756 , 113.18 , 113.12
15.272 , 0.06999969 , 113.18 , 113.11
15.274 , 0.02999878 , 113.14 , 113.11
15.276 , 0.08000183 , 113.18 , 113.1
15.278 , 0.04000092 , 113.14 , 113.1
15.28 , 0.09000397 , 113.18 , 113.09
15.281 , 0.05000305 , 113.14 , 113.09
15.283 , 0.05999756 , 113.14 , 113.08
15.285 , 0.09999847 , 113.18 , 113.08
15.287 , 0.06999969 , 113.14 , 113.07
15.289 , 0.01000214 , 113.07 , 113.06
15.291 , 0.01000214 , 113.07 , 113.06
15.293 , 0.01999664 , 113.07 , 113.05
15.295 , 0.0 , 113.05 , 113.05
15.296 , 0.02999878 , 113.07 , 113.04
15.298 , 0.01000214 , 113.05 , 113.04
15.3 , 0.04000092 , 113.07 , 113.03
15.302 , -0.01000214 , 113.02 , 113.03
15.304 , 0.03000641 , 113.05 , 113.02
15.306 , 0.04000092 , 113.05 , 113.01
15.308 , -0.02999878 , 112.98 , 113.01
15.309 , 0.04000092 , 113.05 , 113.01
15.311 , 0.01999664 , 113.02 , 113.0
15.313 , 0.06000519 , 113.05 , 112.99
15.315 , -0.009994507 , 112.98 , 112.99
15.317 , 0.0 , 112.98 , 112.98
15.319 , 0.0 , 112.98 , 112.98
15.32 , -0.02000427 , 112.95 , 112.97
15.322 , -0.02000427 , 112.95 , 112.97
15.324 , -0.01000214 , 112.95 , 112.96
15.326 , 0.0 , 112.95 , 112.95
15.328 , 0.0 , 112.95 , 112.95
15.33 , -0.05000305 , 112.89 , 112.94
15.332 , 0.009994507 , 112.95 , 112.94
15.334 , -0.01999664 , 112.91 , 112.93
15.335 , 0.01999664 , 112.95 , 112.93
15.337 , -0.009994507 , 112.91 , 112.92
15.339 , -0.02999878 , 112.89 , 112.92
15.341 , 0.0 , 112.91 , 112.91
15.343 , -0.01000214 , 112.89 , 112.9
15.345 , -0.01000214 , 112.89 , 112.9
15.347 , -0.05000305 , 112.84 , 112.89
15.349 , -0.05000305 , 112.84 , 112.89
15.351 , 0.01000214 , 112.89 , 112.88
15.352 , 0.01000214 , 112.89 , 112.88
15.354 , -0.03000641 , 112.84 , 112.87
15.356 , 0.01999664 , 112.89 , 112.87
15.358 , 0.02999878 , 112.89 , 112.86
15.36 , -0.01000214 , 112.84 , 112.85
15.362 , -0.01000214 , 112.84 , 112.85
15.364 , 0.0 , 112.84 , 112.84
15.366 , -0.01999664 , 112.82 , 112.84
15.368 , -0.01000214 , 112.82 , 112.83
15.369 , -0.01000214 , 112.82 , 112.83
15.379 , 0.01999664 , 112.82 , 112.8
15.381 , 0.0 , 112.79 , 112.79
15.383 , 0.0 , 112.79 , 112.79
15.385 , 0.04000092 , 112.82 , 112.78
15.386 , -0.02999878 , 112.75 , 112.78
15.388 , -0.01999664 , 112.75 , 112.77
15.39 , 0.02000427 , 112.79 , 112.77
15.392 , -0.01000214 , 112.75 , 112.76
15.394 , 0.0 , 112.75 , 112.75
15.396 , 0.0 , 112.75 , 112.75
15.397 , 0.01000214 , 112.75 , 112.74
15.399 , 0.01000214 , 112.75 , 112.74
15.401 , 0.01999664 , 112.75 , 112.73
15.403 , 0.01999664 , 112.75 , 112.73
15.405 , -0.04000092 , 112.68 , 112.72
15.407 , -0.04000092 , 112.68 , 112.72
15.409 , -0.02999878 , 112.68 , 112.71
15.41 , -0.02999878 , 112.68 , 112.71
15.412 , -0.01999664 , 112.68 , 112.7
15.414 , -0.01000214 , 112.68 , 112.69
15.416 , 0.04000092 , 112.73 , 112.69
15.418 , 0.05000305 , 112.73 , 112.68
15.42 , -0.01999664 , 112.66 , 112.68
15.422 , 0.01000214 , 112.68 , 112.67
15.423 , -0.009994507 , 112.66 , 112.67
15.425 , 0.01999664 , 112.68 , 112.66
15.427 , 0.0 , 112.66 , 112.66
15.429 , 0.01000214 , 112.66 , 112.65
15.431 , 0.02000427 , 112.66 , 112.64
15.433 , 0.02000427 , 112.66 , 112.64
15.435 , -0.01999664 , 112.61 , 112.63
15.436 , -0.01999664 , 112.61 , 112.63
15.438 , -0.01000214 , 112.61 , 112.62
15.44 , -0.03000641 , 112.59 , 112.62
15.442 , 0.0 , 112.61 , 112.61
15.444 , 0.0 , 112.61 , 112.61
15.445 , 0.01000214 , 112.61 , 112.6
15.447 , 0.01000214 , 112.61 , 112.6
15.449 , 0.02000427 , 112.61 , 112.59
15.451 , 0.0 , 112.59 , 112.59
15.453 , 0.009994507 , 112.59 , 112.58
15.455 , 0.04000092 , 112.61 , 112.57
15.457 , 0.01999664 , 112.59 , 112.57
15.459 , 0.02999878 , 112.59 , 112.56
15.461 , 0.02999878 , 112.59 , 112.56
15.463 , -0.03000641 , 112.52 , 112.55
15.464 , -0.03000641 , 112.52 , 112.55
15.466 , 0.02999878 , 112.57 , 112.54
15.468 , 0.04000092 , 112.57 , 112.53
15.47 , 0.04000092 , 112.57 , 112.53
15.472 , 0.05000305 , 112.57 , 112.52
15.474 , 0.0 , 112.52 , 112.52
15.476 , 0.009994507 , 112.52 , 112.51
15.478 , 0.009994507 , 112.52 , 112.51
15.48 , 0.01999664 , 112.52 , 112.5
15.482 , 0.02999878 , 112.52 , 112.49
15.484 , 0.01000214 , 112.5 , 112.49
15.485 , 0.01999664 , 112.5 , 112.48
15.487 , 0.01999664 , 112.5 , 112.48
15.489 , 0.09999847 , 112.57 , 112.47
15.491 , -0.02000427 , 112.45 , 112.47
15.493 , 0.04000092 , 112.5 , 112.46
15.495 , 0.04000092 , 112.5 , 112.46
15.497 , 0.05000305 , 112.5 , 112.45
15.499 , 0.009994507 , 112.45 , 112.44
15.501 , 0.05999756 , 112.5 , 112.44
15.502 , 0.01999664 , 112.45 , 112.43
15.504 , 0.0 , 112.43 , 112.43
15.506 , 0.01000214 , 112.43 , 112.42
15.508 , 0.01000214 , 112.43 , 112.42
15.51 , 0.01999664 , 112.43 , 112.41
15.512 , -0.02000427 , 112.38 , 112.4
15.513 , 0.02999878 , 112.43 , 112.4
15.515 , -0.02000427 , 112.38 , 112.4
15.517 , -0.01000214 , 112.38 , 112.39
15.519 , 0.05000305 , 112.43 , 112.38
15.521 , -0.01999664 , 112.36 , 112.38
15.523 , 0.009994507 , 112.38 , 112.37
15.525 , 0.0799942 , 112.45 , 112.37
15.527 , 0.0 , 112.36 , 112.36
15.528 , 0.0 , 112.36 , 112.36
15.53 , 0.02999878 , 112.38 , 112.35
15.532 , 0.01000214 , 112.36 , 112.35
15.534 , 0.02000427 , 112.36 , 112.34
15.536 , 0.02999878 , 112.36 , 112.33
15.538 , 0.02999878 , 112.36 , 112.33
15.539 , 0.02999878 , 112.36 , 112.33
15.541 , 0.04000092 , 112.36 , 112.32
15.543 , 0.05000305 , 112.36 , 112.31
15.545 , 0.05000305 , 112.36 , 112.31
15.547 , 0.03999329 , 112.34 , 112.3
15.549 , 0.03999329 , 112.34 , 112.3
15.551 , 0.04999542 , 112.34 , 112.29
15.553 , 0.05999756 , 112.34 , 112.28
15.554 , 0.05999756 , 112.34 , 112.28
15.556 , 0.09000397 , 112.36 , 112.27
15.558 , 0.06999969 , 112.34 , 112.27
15.56 , 0.009994507 , 112.27 , 112.26
15.562 , 0.009994507 , 112.27 , 112.26
15.564 , 0.04000092 , 112.29 , 112.25
15.566 , 0.04000092 , 112.29 , 112.25
15.568 , 0.05000305 , 112.29 , 112.24
15.57 , 0.05999756 , 112.29 , 112.23
15.572 , 0.03999329 , 112.27 , 112.23
15.574 , 0.04999542 , 112.27 , 112.22
15.575 , 0.04999542 , 112.27 , 112.22
15.577 , 0.05999756 , 112.27 , 112.21
15.579 , 0.01000214 , 112.22 , 112.21
15.581 , 0.02000427 , 112.22 , 112.2
15.583 , 0.009994507 , 112.2 , 112.19
15.585 , 0.02999878 , 112.22 , 112.19
15.587 , 0.04000092 , 112.22 , 112.18
15.589 , 0.01999664 , 112.2 , 112.18
15.591 , 0.02999878 , 112.2 , 112.17
15.593 , 0.02999878 , 112.2 , 112.17
15.594 , 0.03999329 , 112.2 , 112.16
15.596 , -0.01000214 , 112.15 , 112.16
15.598 , 0.04999542 , 112.2 , 112.15
15.6 , 0.05999756 , 112.2 , 112.14
15.602 , 0.01000214 , 112.15 , 112.14
15.604 , 0.02000427 , 112.15 , 112.13
15.606 , 0.06999969 , 112.2 , 112.13
15.608 , 0.009994507 , 112.13 , 112.12
15.61 , 0.02999878 , 112.15 , 112.12
15.612 , 0.04000092 , 112.15 , 112.11
15.613 , 0.04000092 , 112.15 , 112.11
15.615 , 0.02999878 , 112.13 , 112.1
15.617 , 0.04000092 , 112.13 , 112.09
15.619 , 0.0 , 112.09 , 112.09
15.621 , 0.04999542 , 112.13 , 112.08
15.623 , 0.009994507 , 112.09 , 112.08
15.625 , 0.01999664 , 112.09 , 112.07
15.627 , 0.02999878 , 112.09 , 112.06
15.629 , 0.0 , 112.06 , 112.06
15.63 , -0.01999664 , 112.04 , 112.06
15.632 , 0.009994507 , 112.06 , 112.05
15.634 , 0.01999664 , 112.06 , 112.04
15.636 , -0.05000305 , 111.99 , 112.04
15.638 , 0.01000214 , 112.04 , 112.03
15.64 , 0.01000214 , 112.04 , 112.03
15.642 , -0.02999878 , 111.99 , 112.02
15.644 , -0.02000427 , 111.99 , 112.01
15.645 , -0.02000427 , 111.99 , 112.01
15.647 , 0.02999878 , 112.04 , 112.01
15.649 , -0.01000214 , 111.99 , 112.0
15.651 , 0.0 , 111.99 , 111.99
15.653 , -0.01999664 , 111.97 , 111.99
15.655 , 0.009994507 , 111.99 , 111.98
15.657 , 0.05999756 , 112.04 , 111.98
15.659 , 0.01999664 , 111.99 , 111.97
15.661 , 0.02999878 , 111.99 , 111.96
15.663 , 0.01000214 , 111.97 , 111.96
15.664 , 0.01000214 , 111.97 , 111.96
15.666 , 0.02000427 , 111.97 , 111.95
15.668 , 0.02999878 , 111.97 , 111.94
15.67 , -0.02000427 , 111.92 , 111.94
15.672 , -0.01000214 , 111.92 , 111.93
15.674 , 0.04000092 , 111.97 , 111.93
15.676 , -0.01999664 , 111.9 , 111.92
15.678 , 0.009994507 , 111.92 , 111.91
15.68 , 0.009994507 , 111.92 , 111.91
15.682 , 0.0 , 111.9 , 111.9
15.683 , 0.01999664 , 111.92 , 111.9
15.685 , 0.01000214 , 111.9 , 111.89
15.687 , 0.01000214 , 111.9 , 111.89
15.689 , 0.02000427 , 111.9 , 111.88
15.691 , -0.01999664 , 111.86 , 111.88
15.693 , -0.04000092 , 111.83 , 111.87
15.695 , 0.04000092 , 111.9 , 111.86
15.696 , 0.0 , 111.86 , 111.86
15.698 , -0.01999664 , 111.83 , 111.85
15.7 , 0.01000214 , 111.86 , 111.85
15.702 , 0.02000427 , 111.86 , 111.84
15.704 , 0.02000427 , 111.86 , 111.84
15.706 , 0.0 , 111.83 , 111.83
15.707 , 0.02999878 , 111.86 , 111.83
15.709 , -0.01000214 , 111.81 , 111.82
15.711 , 0.01000214 , 111.83 , 111.82
15.713 , -0.04999542 , 111.76 , 111.81
15.715 , 0.009994507 , 111.81 , 111.8
15.717 , 0.009994507 , 111.81 , 111.8
15.719 , 0.01999664 , 111.81 , 111.79
15.721 , 0.01999664 , 111.81 , 111.79
15.723 , 0.02999878 , 111.81 , 111.78
15.725 , -0.01999664 , 111.76 , 111.78
15.726 , -0.009994507 , 111.76 , 111.77
15.729 , 0.04999542 , 111.81 , 111.76
15.73 , 0.04999542 , 111.81 , 111.76
15.732 , -0.05000305 , 111.7 , 111.75
15.734 , -0.01000214 , 111.74 , 111.75
15.736 , -0.04000092 , 111.7 , 111.74
15.738 , 0.02000427 , 111.76 , 111.74
15.74 , 0.009994507 , 111.74 , 111.73
15.742 , -0.02000427 , 111.7 , 111.72
15.744 , -0.02000427 , 111.7 , 111.72
15.745 , -0.02000427 , 111.7 , 111.72
15.747 , -0.04000092 , 111.67 , 111.71
15.749 , 0.0 , 111.7 , 111.7
15.751 , 0.0 , 111.7 , 111.7
15.753 , -0.02000427 , 111.67 , 111.69
15.755 , -0.02000427 , 111.67 , 111.69
15.757 , 0.01999664 , 111.7 , 111.68
15.759 , 0.0 , 111.67 , 111.67
15.76 , 0.0 , 111.67 , 111.67
15.762 , 0.0 , 111.67 , 111.67
15.764 , 0.009994507 , 111.67 , 111.66
15.766 , 0.01999664 , 111.67 , 111.65
15.768 , -0.02000427 , 111.63 , 111.65
15.77 , -0.04000092 , 111.6 , 111.64
15.772 , -0.01000214 , 111.63 , 111.64
15.774 , 0.0 , 111.63 , 111.63
15.775 , -0.02999878 , 111.6 , 111.63
15.777 , -0.02000427 , 111.6 , 111.62
15.779 , 0.009994507 , 111.63 , 111.62
15.781 , -0.02999878 , 111.58 , 111.61
15.783 , -0.01999664 , 111.58 , 111.6
15.785 , 0.0 , 111.6 , 111.6
15.787 , -0.009994507 , 111.58 , 111.59
15.789 , -0.009994507 , 111.58 , 111.59
15.791 , 0.0 , 111.58 , 111.58
15.793 , 0.01000214 , 111.58 , 111.57
15.794 , 0.01000214 , 111.58 , 111.57
15.796 , -0.02999878 , 111.54 , 111.57
15.798 , -0.01999664 , 111.54 , 111.56
15.8 , 0.02999878 , 111.58 , 111.55
15.802 , -0.04000092 , 111.51 , 111.55
15.804 , 0.0 , 111.54 , 111.54
15.806 , -0.02999878 , 111.51 , 111.54
15.807 , 0.01000214 , 111.54 , 111.53
15.809 , -0.01999664 , 111.51 , 111.53
15.811 , -0.009994507 , 111.51 , 111.52
15.813 , -0.04000092 , 111.47 , 111.51
15.815 , -0.04000092 , 111.47 , 111.51
15.817 , 0.01000214 , 111.51 , 111.5
15.819 , -0.02999878 , 111.47 , 111.5
15.821 , -0.01999664 , 111.47 , 111.49
15.822 , 0.02000427 , 111.51 , 111.49
15.824 , -0.04000092 , 111.44 , 111.48
15.826 , -0.01000214 , 111.47 , 111.48
15.828 , 0.0 , 111.47 , 111.47
15.83 , -0.01999664 , 111.44 , 111.46
15.832 , 0.01000214 , 111.47 , 111.46
15.833 , 0.05000305 , 111.51 , 111.46
15.835 , 0.06000519 , 111.51 , 111.45
15.837 , 0.06999969 , 111.51 , 111.44
15.839 , 0.06999969 , 111.51 , 111.44
15.841 , 0.04000092 , 111.47 , 111.43
15.843 , 0.04000092 , 111.47 , 111.43
15.845 , 0.09000397 , 111.51 , 111.42
15.846 , 0.05000305 , 111.47 , 111.42
15.848 , 0.05999756 , 111.47 , 111.41
15.85 , 0.05999756 , 111.47 , 111.41
15.852 , 0.06999969 , 111.47 , 111.4
15.854 , 0.08000183 , 111.47 , 111.39
15.856 , 0.05000305 , 111.44 , 111.39
15.858 , 0.06000519 , 111.44 , 111.38
15.86 , 0.06000519 , 111.44 , 111.38
15.862 , 0.02999878 , 111.4 , 111.37
15.863 , 0.02999878 , 111.4 , 111.37
15.865 , 0.04000092 , 111.4 , 111.36
15.867 , 0.04000092 , 111.4 , 111.36
15.869 , 0.05000305 , 111.4 , 111.35
15.871 , 0.06000519 , 111.4 , 111.34
15.873 , 0.1000061 , 111.44 , 111.34
15.874 , 0.06999969 , 111.4 , 111.33
15.876 , 0.06999969 , 111.4 , 111.33
15.878 , 0.08000183 , 111.4 , 111.32
15.88 , 0.05999756 , 111.38 , 111.32
15.882 , 0.06999969 , 111.38 , 111.31
15.884 , 0.0799942 , 111.38 , 111.3
15.886 , 0.04999542 , 111.35 , 111.3
15.888 , 0.08999634 , 111.38 , 111.29
15.89 , 0.01999664 , 111.31 , 111.29
15.892 , 0.09999847 , 111.38 , 111.28
15.893 , 0.09999847 , 111.38 , 111.28
15.895 , 0.04000092 , 111.31 , 111.27
15.897 , 0.08000183 , 111.35 , 111.27
15.899 , 0.04999542 , 111.31 , 111.26
15.901 , 0.05999756 , 111.31 , 111.25
15.903 , 0.02999878 , 111.28 , 111.25
15.905 , 0.04000092 , 111.28 , 111.24
15.907 , 0.04000092 , 111.28 , 111.24
15.909 , 0.04999542 , 111.28 , 111.23
15.911 , 0.04999542 , 111.28 , 111.23
15.912 , 0.05999756 , 111.28 , 111.22
15.914 , 0.08999634 , 111.31 , 111.22
15.916 , 0.06999969 , 111.28 , 111.21
15.918 , 0.08000183 , 111.28 , 111.2
15.92 , 0.04000092 , 111.24 , 111.2
15.922 , 0.04999542 , 111.24 , 111.19
15.924 , 0.02999878 , 111.22 , 111.19
15.926 , 0.04000092 , 111.22 , 111.18
15.928 , 0.05000305 , 111.22 , 111.17
15.929 , 0.05000305 , 111.22 , 111.17
15.931 , 0.06999969 , 111.24 , 111.17
15.933 , 0.009994507 , 111.17 , 111.16
15.935 , 0.08999634 , 111.24 , 111.15
15.937 , 0.01999664 , 111.17 , 111.15
15.939 , 0.01000214 , 111.15 , 111.14
15.941 , 0.02999878 , 111.17 , 111.14
15.943 , 0.04000092 , 111.17 , 111.13
15.945 , 0.04999542 , 111.17 , 111.12
15.947 , 0.04999542 , 111.17 , 111.12
15.949 , 0.04000092 , 111.15 , 111.11
15.95 , 0.05999756 , 111.17 , 111.11
15.952 , 0.05000305 , 111.15 , 111.1
15.954 , 0.05000305 , 111.15 , 111.1
15.956 , 0.03000641 , 111.12 , 111.09
15.958 , 0.06000519 , 111.15 , 111.09
15.96 , 0.04000092 , 111.12 , 111.08
15.961 , 0.04000092 , 111.12 , 111.08
15.963 , 0.05000305 , 111.12 , 111.07
15.965 , 0.08000183 , 111.15 , 111.07
15.967 , 0.06000519 , 111.12 , 111.06
15.969 , 0.02999878 , 111.08 , 111.05
15.971 , 0.06999969 , 111.12 , 111.05
15.973 , 0.08000183 , 111.12 , 111.04
15.974 , 0.08000183 , 111.12 , 111.04
15.976 , 0.09000397 , 111.12 , 111.03
15.978 , 0.05000305 , 111.08 , 111.03
15.98 , 0.06000519 , 111.08 , 111.02
15.982 , 0.04000092 , 111.06 , 111.02
15.984 , 0.04999542 , 111.06 , 111.01
15.986 , 0.05999756 , 111.06 , 111.0
15.987 , 0.05999756 , 111.06 , 111.0
15.989 , 0.06999969 , 111.06 , 110.99
15.991 , 0.02000427 , 111.01 , 110.99
15.993 , 0.0799942 , 111.06 , 110.98
15.995 , 0.02999878 , 111.01 , 110.98
15.997 , 0.04000092 , 111.01 , 110.97
15.999 , 0.05000305 , 111.01 , 110.96
16.001 , 0.05000305 , 111.01 , 110.96
16.003 , 0.06000519 , 111.01 , 110.95
16.004 , 0.06000519 , 111.01 , 110.95
16.006 , 0.06999969 , 111.01 , 110.94
16.008 , 0.04999542 , 110.99 , 110.94
16.01 , 0.05999756 , 110.99 , 110.93
16.012 , 0.05999756 , 110.99 , 110.93
16.014 , 0.02000427 , 110.94 , 110.92
16.016 , 0.02999878 , 110.94 , 110.91
16.018 , 0.02999878 , 110.94 , 110.91
16.019 , 0.02999878 , 110.94 , 110.91
16.021 , 0.01999664 , 110.92 , 110.9
16.023 , 0.05000305 , 110.94 , 110.89
16.025 , 0.05000305 , 110.94 , 110.89
16.027 , 0.04000092 , 110.92 , 110.88
16.029 , 0.06000519 , 110.94 , 110.88
16.031 , 0.04999542 , 110.92 , 110.87
16.033 , 0.05999756 , 110.92 , 110.86
16.035 , 0.02999878 , 110.89 , 110.86
16.036 , 0.05999756 , 110.92 , 110.86
16.038 , 0.06999969 , 110.92 , 110.85
16.04 , 0.08000183 , 110.92 , 110.84
16.042 , 0.08000183 , 110.92 , 110.84
16.044 , 0.01999664 , 110.85 , 110.83
16.046 , 0.05999756 , 110.89 , 110.83
16.048 , 0.02999878 , 110.85 , 110.82
16.05 , 0.04000092 , 110.85 , 110.81
16.052 , 0.02000427 , 110.83 , 110.81
16.054 , 0.02999878 , 110.83 , 110.8
16.055 , 0.02999878 , 110.83 , 110.8
16.057 , 0.05999756 , 110.85 , 110.79
16.059 , 0.04000092 , 110.83 , 110.79
16.061 , 0.0 , 110.78 , 110.78
16.063 , 0.05000305 , 110.83 , 110.78
16.065 , 0.01000214 , 110.78 , 110.77
16.066 , 0.01000214 , 110.78 , 110.77
16.068 , 0.01999664 , 110.78 , 110.76
16.07 , 0.01999664 , 110.78 , 110.76
16.072 , 0.01000214 , 110.76 , 110.75
16.074 , 0.04000092 , 110.78 , 110.74
16.076 , 0.04000092 , 110.78 , 110.74
16.078 , -0.02000427 , 110.71 , 110.73
16.08 , 0.02999878 , 110.76 , 110.73
16.082 , 0.04000092 , 110.76 , 110.72
16.083 , 0.04000092 , 110.76 , 110.72
16.085 , 0.0 , 110.71 , 110.71
16.087 , 0.01000214 , 110.71 , 110.7
16.089 , 0.01000214 , 110.71 , 110.7
16.091 , 0.01999664 , 110.71 , 110.69
16.093 , 0.01999664 , 110.71 , 110.69
16.094 , 0.01000214 , 110.69 , 110.68
16.096 , 0.01000214 , 110.69 , 110.68
16.098 , 0.02000427 , 110.69 , 110.67
16.1 , 0.02000427 , 110.69 , 110.67
16.102 , 0.02999878 , 110.69 , 110.66
16.104 , 0.04000092 , 110.69 , 110.65
16.106 , 0.01999664 , 110.67 , 110.65
16.107 , 0.01999664 , 110.67 , 110.65
16.109 , 0.02999878 , 110.67 , 110.64
16.111 , 0.06000519 , 110.69 , 110.63
16.113 , 0.04000092 , 110.67 , 110.63
16.115 , 0.04999542 , 110.67 , 110.62
16.117 , 0.04999542 , 110.67 , 110.62
16.119 , 0.05999756 , 110.67 , 110.61
16.121 , 0.06999969 , 110.67 , 110.6
16.123 , 0.02000427 , 110.62 , 110.6
16.124 , 0.06999969 , 110.67 , 110.6
16.126 , 0.03000641 , 110.62 , 110.59
16.128 , 0.01999664 , 110.6 , 110.58
16.13 , 0.01999664 , 110.6 , 110.58
16.132 , -0.01999664 , 110.55 , 110.57
16.134 , 0.02999878 , 110.6 , 110.57
16.136 , 0.04000092 , 110.6 , 110.56
16.138 , 0.0 , 110.55 , 110.55
16.14 , 0.0 , 110.55 , 110.55
16.141 , 0.0 , 110.55 , 110.55
16.143 , -0.01000214 , 110.53 , 110.54
16.145 , 0.02000427 , 110.55 , 110.53
16.147 , 0.02000427 , 110.55 , 110.53
16.148 , 0.01000214 , 110.53 , 110.52
16.15 , 0.01000214 , 110.53 , 110.52
16.152 , 0.04000092 , 110.55 , 110.51
16.154 , 0.01999664 , 110.53 , 110.51
16.156 , 0.02999878 , 110.53 , 110.5
16.158 , -0.009994507 , 110.48 , 110.49
16.16 , -0.009994507 , 110.48 , 110.49
16.162 , 0.0 , 110.48 , 110.48
16.163 , 0.04999542 , 110.53 , 110.48
16.165 , 0.05999756 , 110.53 , 110.47
16.167 , 0.05999756 , 110.53 , 110.47
16.169 , 0.02000427 , 110.48 , 110.46
16.171 , -0.04999542 , 110.41 , 110.46
16.173 , 0.03000641 , 110.48 , 110.45
16.175 , 0.04000092 , 110.48 , 110.44
16.177 , 0.04000092 , 110.48 , 110.44
16.178 , 0.04000092 , 110.48 , 110.44
16.18 , -0.04000092 , 110.39 , 110.43
16.182 , -0.009994507 , 110.41 , 110.42
16.184 , -0.02999878 , 110.39 , 110.42
16.186 , -0.04000092 , 110.37 , 110.41
16.188 , -0.02000427 , 110.39 , 110.41
16.19 , -0.01000214 , 110.39 , 110.4
16.191 , -0.02999878 , 110.37 , 110.4
16.193 , 0.0 , 110.39 , 110.39
16.195 , 0.0 , 110.39 , 110.39
16.197 , -0.009994507 , 110.37 , 110.38
16.199 , 0.0 , 110.37 , 110.37
16.201 , 0.01999664 , 110.39 , 110.37
16.203 , 0.01000214 , 110.37 , 110.36
16.204 , 0.01000214 , 110.37 , 110.36
16.206 , 0.02000427 , 110.37 , 110.35
16.208 , -0.02999878 , 110.32 , 110.35
16.21 , 0.03000641 , 110.37 , 110.34
16.212 , -0.03999329 , 110.3 , 110.34
16.214 , -0.01000214 , 110.32 , 110.33
16.215 , -0.01000214 , 110.32 , 110.33
16.217 , 0.0 , 110.32 , 110.32
16.219 , 0.01000214 , 110.32 , 110.31
16.221 , -0.009994507 , 110.3 , 110.31
16.223 , 0.0 , 110.3 , 110.3
16.224 , -0.05000305 , 110.25 , 110.3
16.226 , 0.01000214 , 110.3 , 110.29
16.228 , -0.04000092 , 110.25 , 110.29
16.238 , -0.01000214 , 110.25 , 110.26
16.24 , -0.01999664 , 110.23 , 110.25
16.241 , 0.0 , 110.25 , 110.25
16.243 , -0.04999542 , 110.19 , 110.24
16.245 , -0.04999542 , 110.19 , 110.24
16.247 , -0.06999969 , 110.16 , 110.23
16.249 , -0.04000092 , 110.19 , 110.23
16.25 , -0.02999878 , 110.19 , 110.22
16.252 , -0.02999878 , 110.19 , 110.22
16.254 , -0.01999664 , 110.19 , 110.21
16.256 , -0.01999664 , 110.19 , 110.21
16.258 , -0.009994507 , 110.19 , 110.2
16.26 , -0.05000305 , 110.14 , 110.19
16.262 , 0.0 , 110.19 , 110.19
16.264 , 0.01000214 , 110.19 , 110.18
16.265 , 0.01000214 , 110.19 , 110.18
16.267 , -0.009994507 , 110.16 , 110.17
16.269 , -0.009994507 , 110.16 , 110.17
16.271 , 0.0 , 110.16 , 110.16
16.273 , 0.01000214 , 110.16 , 110.15
16.275 , -0.01000214 , 110.14 , 110.15
16.276 , -0.01000214 , 110.14 , 110.15
16.278 , 0.0 , 110.14 , 110.14
16.28 , -0.04000092 , 110.09 , 110.13
16.282 , -0.04000092 , 110.09 , 110.13
16.284 , -0.03000641 , 110.09 , 110.12
16.286 , -0.03000641 , 110.09 , 110.12
16.288 , -0.02000427 , 110.09 , 110.11
16.289 , -0.04000092 , 110.07 , 110.11
16.291 , -0.02999878 , 110.07 , 110.1
16.293 , -0.01000214 , 110.09 , 110.1
16.295 , -0.01999664 , 110.07 , 110.09
16.297 , -0.01000214 , 110.07 , 110.08
16.299 , -0.05000305 , 110.03 , 110.08
16.301 , -0.04000092 , 110.03 , 110.07
16.302 , -0.04000092 , 110.03 , 110.07
16.304 , 0.01000214 , 110.07 , 110.06
16.306 , -0.02999878 , 110.03 , 110.06
16.308 , -0.02000427 , 110.03 , 110.05
16.31 , -0.02000427 , 110.03 , 110.05
16.312 , -0.01000214 , 110.03 , 110.04
16.314 , 0.0 , 110.03 , 110.03
16.315 , 0.0 , 110.03 , 110.03
16.317 , -0.01999664 , 110.0 , 110.02
16.319 , 0.01000214 , 110.03 , 110.02
16.321 , 0.01999664 , 110.03 , 110.01
16.323 , -0.01000214 , 110.0 , 110.01
16.324 , 0.0 , 110.0 , 110.0
16.326 , -0.04000092 , 109.96 , 110.0
16.328 , -0.02999878 , 109.96 , 109.99
16.33 , -0.02999878 , 109.96 , 109.99
16.332 , -0.02000427 , 109.96 , 109.98
16.334 , 0.02999878 , 110.0 , 109.97
16.336 , -0.01000214 , 109.96 , 109.97
16.338 , 0.0 , 109.96 , 109.96
16.34 , 0.0 , 109.96 , 109.96
16.341 , 0.01000214 , 109.96 , 109.95
16.343 , 0.01000214 , 109.96 , 109.95
16.345 , -0.01000214 , 109.93 , 109.94
16.347 , -0.01000214 , 109.93 , 109.94
16.349 , 0.0 , 109.93 , 109.93
16.35 , 0.0 , 109.93 , 109.93
16.352 , -0.009994507 , 109.91 , 109.92
16.354 , 0.01000214 , 109.93 , 109.92
16.356 , 0.0 , 109.91 , 109.91
16.358 , -0.04000092 , 109.86 , 109.9
16.36 , -0.04000092 , 109.86 , 109.9
16.361 , 0.02000427 , 109.91 , 109.89
16.363 , -0.05000305 , 109.84 , 109.89
16.365 , -0.01999664 , 109.86 , 109.88
16.367 , 0.03000641 , 109.91 , 109.88
16.369 , -0.01000214 , 109.86 , 109.87
16.371 , -0.01000214 , 109.86 , 109.87
16.373 , 0.05000305 , 109.91 , 109.86
16.375 , -0.01000214 , 109.84 , 109.85
16.376 , -0.04999542 , 109.8 , 109.85
16.378 , 0.0 , 109.84 , 109.84
16.38 , 0.0 , 109.84 , 109.84
16.382 , -0.02999878 , 109.8 , 109.83
16.384 , -0.02999878 , 109.8 , 109.83
16.386 , -0.01999664 , 109.8 , 109.82
16.388 , -0.009994507 , 109.8 , 109.81
16.39 , -0.009994507 , 109.8 , 109.81
16.392 , 0.0 , 109.8 , 109.8
16.393 , -0.03000641 , 109.77 , 109.8
16.395 , 0.01000214 , 109.8 , 109.79
16.397 , -0.02000427 , 109.77 , 109.79
16.399 , -0.01000214 , 109.77 , 109.78
16.401 , -0.01000214 , 109.77 , 109.78
16.403 , 0.0 , 109.77 , 109.77
16.405 , 0.009994507 , 109.77 , 109.76
16.407 , -0.02999878 , 109.73 , 109.76
16.409 , -0.01999664 , 109.73 , 109.75
16.411 , -0.01999664 , 109.73 , 109.75
16.412 , -0.009994507 , 109.73 , 109.74
16.414 , -0.009994507 , 109.73 , 109.74
16.417 , -0.03000641 , 109.7 , 109.73
16.418 , -0.03000641 , 109.7 , 109.73
16.42 , -0.02000427 , 109.7 , 109.72
16.422 , -0.02999878 , 109.68 , 109.71
16.424 , -0.02999878 , 109.68 , 109.71
16.426 , 0.0 , 109.7 , 109.7
16.428 , 0.0 , 109.7 , 109.7
16.43 , -0.05000305 , 109.64 , 109.69
16.432 , 0.0 , 109.68 , 109.68
16.433 , -0.04000092 , 109.64 , 109.68
16.435 , 0.0 , 109.68 , 109.68
16.437 , 0.01000214 , 109.68 , 109.67
16.439 , 0.01999664 , 109.68 , 109.66
16.441 , -0.02000427 , 109.64 , 109.66
16.443 , 0.02999878 , 109.68 , 109.65
16.444 , -0.01000214 , 109.64 , 109.65
16.446 , -0.02999878 , 109.61 , 109.64
16.448 , 0.0 , 109.64 , 109.64
16.45 , -0.01999664 , 109.61 , 109.63
16.452 , 0.01000214 , 109.64 , 109.63
16.454 , -0.01000214 , 109.61 , 109.62
16.456 , 0.0 , 109.61 , 109.61
16.457 , 0.0 , 109.61 , 109.61
16.459 , 0.01000214 , 109.61 , 109.6
16.461 , 0.01000214 , 109.61 , 109.6
16.463 , 0.02000427 , 109.61 , 109.59
16.465 , -0.01999664 , 109.57 , 109.59
16.467 , 0.02999878 , 109.61 , 109.58
16.469 , -0.01000214 , 109.57 , 109.58
16.471 , -0.02999878 , 109.54 , 109.57
16.472 , -0.02999878 , 109.54 , 109.57
16.474 , 0.01000214 , 109.57 , 109.56
16.476 , -0.05000305 , 109.5 , 109.55
16.478 , -0.01000214 , 109.54 , 109.55
16.48 , -0.04000092 , 109.5 , 109.54
16.482 , -0.04000092 , 109.5 , 109.54
16.484 , 0.01000214 , 109.54 , 109.53
16.486 , -0.02999878 , 109.5 , 109.53
16.487 , -0.01999664 , 109.5 , 109.52
16.489 , -0.01999664 , 109.5 , 109.52
16.491 , -0.01000214 , 109.5 , 109.51
16.493 , 0.0 , 109.5 , 109.5
16.495 , -0.01999664 , 109.48 , 109.5
16.497 , -0.009994507 , 109.48 , 109.49
16.499 , -0.009994507 , 109.48 , 109.49
16.501 , 0.0 , 109.48 , 109.48
16.502 , 0.0 , 109.48 , 109.48
16.504 , 0.01000214 , 109.48 , 109.47
16.506 , 0.01000214 , 109.48 , 109.47
16.508 , -0.01000214 , 109.45 , 109.46
16.51 , 0.0 , 109.45 , 109.45
16.511 , 0.03000641 , 109.48 , 109.45
16.513 , 0.03000641 , 109.48 , 109.45
16.515 , -0.02999878 , 109.41 , 109.44
16.517 , -0.01999664 , 109.41 , 109.43
16.519 , 0.01999664 , 109.45 , 109.43
16.521 , -0.009994507 , 109.41 , 109.42
16.523 , -0.009994507 , 109.41 , 109.42
16.525 , -0.03000641 , 109.38 , 109.41
16.527 , 0.01000214 , 109.41 , 109.4
16.529 , 0.01000214 , 109.41 , 109.4
16.53 , 0.02000427 , 109.41 , 109.39
16.532 , 0.02000427 , 109.41 , 109.39
16.534 , 0.0 , 109.38 , 109.38
16.536 , 0.03000641 , 109.41 , 109.38
16.538 , 0.009994507 , 109.38 , 109.37
16.54 , -0.03000641 , 109.34 , 109.37
16.542 , 0.01999664 , 109.38 , 109.36
16.544 , -0.01000214 , 109.34 , 109.35
16.545 , -0.01000214 , 109.34 , 109.35
16.547 , 0.0 , 109.34 , 109.34
16.549 , -0.01999664 , 109.32 , 109.34
16.551 , 0.04999542 , 109.38 , 109.33
16.553 , -0.01000214 , 109.32 , 109.33
16.555 , 0.0 , 109.32 , 109.32
16.557 , 0.0 , 109.32 , 109.32
16.558 , 0.01000214 , 109.32 , 109.31
16.56 , 0.01000214 , 109.32 , 109.31
16.562 , -0.03000641 , 109.27 , 109.3
16.564 , -0.02000427 , 109.27 , 109.29
16.566 , 0.02999878 , 109.32 , 109.29
16.568 , 0.04000092 , 109.32 , 109.28
16.57 , -0.01000214 , 109.27 , 109.28
16.572 , 0.05000305 , 109.32 , 109.27
16.574 , 0.05999756 , 109.32 , 109.26
16.576 , 0.009994507 , 109.27 , 109.26
16.578 , 0.01999664 , 109.27 , 109.25
16.579 , 0.0 , 109.25 , 109.25
16.581 , -0.01999664 , 109.22 , 109.24
16.583 , 0.01000214 , 109.25 , 109.24
16.585 , -0.01000214 , 109.22 , 109.23
16.587 , 0.01999664 , 109.25 , 109.23
16.589 , 0.0 , 109.22 , 109.22
16.59 , 0.0 , 109.22 , 109.22
16.592 , 0.04000092 , 109.25 , 109.21
16.594 , 0.01000214 , 109.22 , 109.21
16.596 , 0.02000427 , 109.22 , 109.2
16.598 , 0.02999878 , 109.22 , 109.19
16.6 , 0.02999878 , 109.22 , 109.19
16.601 , 0.0 , 109.18 , 109.18
16.603 , 0.04000092 , 109.22 , 109.18
16.605 , 0.05000305 , 109.22 , 109.17
16.607 , 0.01000214 , 109.18 , 109.17
16.609 , 0.0 , 109.16 , 109.16
16.61 , 0.0 , 109.16 , 109.16
16.612 , 0.01000214 , 109.16 , 109.15
16.614 , 0.01000214 , 109.16 , 109.15
16.616 , -0.02999878 , 109.11 , 109.14
16.618 , 0.05000305 , 109.18 , 109.13
16.62 , -0.01999664 , 109.11 , 109.13
16.621 , 0.03000641 , 109.16 , 109.13
16.623 , -0.03000641 , 109.09 , 109.12
16.625 , 0.05000305 , 109.16 , 109.11
16.627 , 0.0 , 109.11 , 109.11
16.629 , 0.01000214 , 109.11 , 109.1
16.631 , 0.06000519 , 109.16 , 109.1
16.632 , 0.0 , 109.09 , 109.09
16.634 , 0.0 , 109.09 , 109.09
16.636 , -0.04000092 , 109.04 , 109.08
16.638 , 0.009994507 , 109.09 , 109.08
16.64 , 0.01999664 , 109.09 , 109.07
16.642 , -0.01999664 , 109.04 , 109.06
16.644 , -0.01999664 , 109.04 , 109.06
16.646 , -0.01000214 , 109.04 , 109.05
16.647 , -0.01000214 , 109.04 , 109.05
16.649 , 0.0 , 109.04 , 109.04
16.651 , 0.0 , 109.04 , 109.04
16.653 , 0.01000214 , 109.04 , 109.03
16.654 , 0.01000214 , 109.04 , 109.03
16.656 , 0.02000427 , 109.04 , 109.02
16.658 , 0.0 , 109.02 , 109.02
16.66 , -0.01000214 , 109.0 , 109.01
16.662 , 0.01999664 , 109.02 , 109.0
16.664 , 0.0 , 109.0 , 109.0
16.665 , 0.0 , 109.0 , 109.0
16.667 , -0.04000092 , 108.95 , 108.99
16.669 , 0.01999664 , 109.0 , 108.98
16.671 , 0.01999664 , 109.0 , 108.98
16.673 , -0.02000427 , 108.95 , 108.97
16.675 , 0.02999878 , 109.0 , 108.97
16.677 , -0.01000214 , 108.95 , 108.96
16.679 , 0.0 , 108.95 , 108.95
16.68 , 0.0 , 108.95 , 108.95
16.682 , 0.0 , 108.95 , 108.95
16.684 , 0.009994507 , 108.95 , 108.94
16.686 , 0.01999664 , 108.95 , 108.93
16.688 , 0.0 , 108.93 , 108.93
16.69 , 0.02999878 , 108.95 , 108.92
16.691 , -0.04000092 , 108.88 , 108.92
16.693 , -0.03000641 , 108.88 , 108.91
16.695 , 0.01999664 , 108.93 , 108.91
16.697 , 0.02999878 , 108.93 , 108.9
16.699 , -0.04000092 , 108.86 , 108.9
16.701 , -0.01000214 , 108.88 , 108.89
16.703 , 0.0 , 108.88 , 108.88
16.705 , 0.0 , 108.88 , 108.88
16.706 , 0.009994507 , 108.88 , 108.87
16.709 , -0.01000214 , 108.86 , 108.87
16.71 , -0.05000305 , 108.81 , 108.86
16.712 , 0.0 , 108.86 , 108.86
16.714 , 0.02999878 , 108.88 , 108.85
16.716 , 0.02000427 , 108.86 , 108.84
16.718 , 0.02000427 , 108.86 , 108.84
16.72 , 0.02999878 , 108.86 , 108.83
16.722 , -0.02000427 , 108.81 , 108.83
16.724 , 0.04000092 , 108.86 , 108.82
16.725 , 0.04000092 , 108.86 , 108.82
16.727 , -0.01999664 , 108.79 , 108.81
16.729 , 0.0 , 108.81 , 108.81
16.731 , 0.009994507 , 108.81 , 108.8
16.733 , 0.01999664 , 108.81 , 108.79
16.735 , 0.01999664 , 108.81 , 108.79
16.737 , 0.01000214 , 108.79 , 108.78
16.739 , 0.02999878 , 108.81 , 108.78
16.741 , 0.02000427 , 108.79 , 108.77
16.743 , 0.0 , 108.77 , 108.77
16.744 , 0.009994507 , 108.77 , 108.76
16.746 , -0.04000092 , 108.72 , 108.76
16.748 , 0.01999664 , 108.77 , 108.75
16.75 , 0.02999878 , 108.77 , 108.74
16.752 , 0.05000305 , 108.79 , 108.74
16.754 , 0.03999329 , 108.77 , 108.73
16.756 , -0.01000214 , 108.72 , 108.73
16.758 , 0.04999542 , 108.77 , 108.72
16.76 , 0.01000214 , 108.72 , 108.71
16.762 , 0.05999756 , 108.77 , 108.71
16.764 , -0.02999878 , 108.67 , 108.7
16.766 , 0.02000427 , 108.72 , 108.7
16.768 , 0.02999878 , 108.72 , 108.69
16.769 , -0.06000519 , 108.63 , 108.69
16.771 , -0.01000214 , 108.67 , 108.68
16.773 , -0.05000305 , 108.63 , 108.68
16.775 , -0.04000092 , 108.63 , 108.67
16.777 , -0.03000641 , 108.63 , 108.66
16.779 , -0.03000641 , 108.63 , 108.66
16.781 , -0.04000092 , 108.61 , 108.65
16.783 , -0.04000092 , 108.61 , 108.65
16.785 , -0.02999878 , 108.61 , 108.64
16.787 , -0.02999878 , 108.61 , 108.64
16.788 , -0.01999664 , 108.61 , 108.63
16.79 , -0.01999664 , 108.61 , 108.63
16.792 , -0.01000214 , 108.61 , 108.62
16.794 , -0.05000305 , 108.56 , 108.61
16.796 , -0.05000305 , 108.56 , 108.61
16.798 , -0.04000092 , 108.56 , 108.6
16.8 , -0.04000092 , 108.56 , 108.6
16.802 , -0.02999878 , 108.56 , 108.59
16.804 , -0.02000427 , 108.56 , 108.58
16.806 , -0.09000397 , 108.49 , 108.58
16.808 , -0.01000214 , 108.56 , 108.57
16.809 , -0.08000183 , 108.49 , 108.57
16.811 , -0.01999664 , 108.54 , 108.56
16.813 , -0.01999664 , 108.54 , 108.56
16.815 , -0.01000214 , 108.54 , 108.55
16.817 , -0.06000519 , 108.49 , 108.55
16.819 , -0.05000305 , 108.49 , 108.54
16.821 , -0.04000092 , 108.49 , 108.53
16.823 , -0.04000092 , 108.49 , 108.53
16.825 , -0.02999878 , 108.49 , 108.52
16.827 , -0.02999878 , 108.49 , 108.52
16.829 , -0.04000092 , 108.47 , 108.51
16.83 , -0.02000427 , 108.49 , 108.51
16.832 , -0.02999878 , 108.47 , 108.5
16.834 , -0.01000214 , 108.49 , 108.5
16.836 , -0.01999664 , 108.47 , 108.49
16.838 , -0.01000214 , 108.47 , 108.48
16.84 , -0.03000641 , 108.45 , 108.48
16.842 , -0.02000427 , 108.45 , 108.47
16.844 , -0.02000427 , 108.45 , 108.47
16.846 , -0.01000214 , 108.45 , 108.46
16.847 , -0.01000214 , 108.45 , 108.46
16.849 , 0.0 , 108.45 , 108.45
16.851 , 0.0 , 108.45 , 108.45
16.853 , 0.009994507 , 108.45 , 108.44
16.855 , -0.02999878 , 108.4 , 108.43
16.857 , -0.02999878 , 108.4 , 108.43
16.859 , -0.01999664 , 108.4 , 108.42
16.861 , -0.01999664 , 108.4 , 108.42
16.863 , -0.01000214 , 108.4 , 108.41
16.864 , -0.01000214 , 108.4 , 108.41
16.866 , -0.02000427 , 108.38 , 108.4
16.868 , 0.0 , 108.4 , 108.4
16.87 , -0.01000214 , 108.38 , 108.39
16.872 , 0.0 , 108.38 , 108.38
16.873 , 0.06999969 , 108.45 , 108.38
16.875 , 0.02999878 , 108.4 , 108.37
16.877 , 0.009994507 , 108.38 , 108.37
16.879 , 0.08999634 , 108.45 , 108.36
16.881 , 0.04000092 , 108.4 , 108.36
16.883 , 0.05000305 , 108.4 , 108.35
16.885 , 0.05000305 , 108.4 , 108.35
16.887 , 0.04000092 , 108.38 , 108.34
16.889 , 0.06999969 , 108.4 , 108.33
16.891 , 0.06999969 , 108.4 , 108.33
16.893 , 0.08000183 , 108.4 , 108.32
16.894 , 0.05999756 , 108.38 , 108.32
16.896 , 0.06999969 , 108.38 , 108.31
16.898 , 0.02000427 , 108.33 , 108.31
16.9 , 0.02999878 , 108.33 , 108.3
16.902 , 0.02999878 , 108.33 , 108.3
16.904 , 0.04000092 , 108.33 , 108.29
16.906 , 0.02999878 , 108.31 , 108.28
16.908 , 0.02999878 , 108.31 , 108.28
16.91 , 0.04000092 , 108.31 , 108.27
16.912 , 0.06000519 , 108.33 , 108.27
16.914 , 0.04999542 , 108.31 , 108.26
16.915 , 0.0 , 108.26 , 108.26
16.917 , 0.08000183 , 108.33 , 108.25
16.919 , 0.06999969 , 108.31 , 108.24
16.921 , 0.09000397 , 108.33 , 108.24
16.923 , 0.009994507 , 108.24 , 108.23
16.925 , 0.0799942 , 108.31 , 108.23
16.927 , 0.04000092 , 108.26 , 108.22
16.929 , 0.01999664 , 108.24 , 108.22
16.93 , 0.02999878 , 108.24 , 108.21
16.932 , 0.02999878 , 108.24 , 108.21
16.934 , 0.06000519 , 108.26 , 108.2
16.936 , 0.04999542 , 108.24 , 108.19
16.938 , 0.02999878 , 108.22 , 108.19
16.94 , 0.04000092 , 108.22 , 108.18
16.942 , 0.04000092 , 108.22 , 108.18
16.944 , 0.06999969 , 108.24 , 108.17
16.946 , 0.05999756 , 108.22 , 108.16
16.948 , 0.05999756 , 108.22 , 108.16
16.949 , 0.0799942 , 108.24 , 108.16
16.951 , 0.06999969 , 108.22 , 108.15
16.953 , 0.02999878 , 108.17 , 108.14
16.955 , 0.08000183 , 108.22 , 108.14
16.957 , 0.04000092 , 108.17 , 108.13
16.959 , 0.04000092 , 108.17 , 108.13
16.961 , 0.09999847 , 108.22 , 108.12
16.963 , 0.05999756 , 108.17 , 108.11
16.965 , 0.05999756 , 108.17 , 108.11
16.967 , 0.1200027 , 108.22 , 108.1
16.969 , 0.06999969 , 108.17 , 108.1
16.971 , 0.01000214 , 108.1 , 108.09
16.972 , 0.08000183 , 108.17 , 108.09
16.974 , 0.01999664 , 108.1 , 108.08
16.976 , -0.05000305 , 108.03 , 108.08
16.978 , -0.04000092 , 108.03 , 108.07
16.98 , 0.02000427 , 108.08 , 108.06
16.982 , 0.02000427 , 108.08 , 108.06
16.984 , 0.02999878 , 108.08 , 108.05
16.986 , 0.02999878 , 108.08 , 108.05
16.988 , -0.01000214 , 108.03 , 108.04
16.989 , -0.01000214 , 108.03 , 108.04
16.991 , -0.01999664 , 108.01 , 108.03
16.993 , 0.0 , 108.03 , 108.03
16.995 , 0.01000214 , 108.03 , 108.02
16.997 , 0.0 , 108.01 , 108.01
16.999 , 0.0 , 108.01 , 108.01
17.0 , 0.0 , 108.01 , 108.01
17.002 , -0.01000214 , 107.99 , 108.0
17.004 , 0.0 , 107.99 , 107.99
17.005 , 0.0 , 107.99 , 107.99
17.007 , 0.009994507 , 107.99 , 107.98
17.009 , 0.02999878 , 108.01 , 107.98
17.011 , 0.01999664 , 107.99 , 107.97
17.013 , 0.01999664 , 107.99 , 107.97
17.015 , 0.02999878 , 107.99 , 107.96
17.017 , -0.02999878 , 107.92 , 107.95
17.019 , -0.009994507 , 107.94 , 107.95
17.021 , 0.0 , 107.94 , 107.94
17.023 , 0.0 , 107.94 , 107.94
17.024 , 0.01000214 , 107.94 , 107.93
17.026 , -0.01000214 , 107.92 , 107.93
17.028 , 0.02000427 , 107.94 , 107.92
17.03 , 0.0 , 107.92 , 107.92
17.032 , 0.009994507 , 107.92 , 107.91
17.034 , 0.04000092 , 107.94 , 107.9
17.036 , 0.01999664 , 107.92 , 107.9
17.038 , 0.02999878 , 107.92 , 107.89
17.04 , -0.01999664 , 107.87 , 107.89
17.041 , 0.04000092 , 107.92 , 107.88
17.043 , -0.009994507 , 107.87 , 107.88
17.045 , 0.0 , 107.87 , 107.87
17.047 , 0.0 , 107.87 , 107.87
17.049 , -0.01000214 , 107.85 , 107.86
17.051 , 0.02000427 , 107.87 , 107.85
17.052 , 0.0 , 107.85 , 107.85
17.054 , -0.04999542 , 107.8 , 107.85
17.056 , 0.01000214 , 107.85 , 107.84
17.058 , 0.04000092 , 107.87 , 107.83
17.06 , -0.02999878 , 107.8 , 107.83
17.062 , 0.02999878 , 107.85 , 107.82
17.064 , -0.01999664 , 107.8 , 107.82
17.066 , -0.02999878 , 107.78 , 107.81
17.068 , -0.02000427 , 107.78 , 107.8
17.07 , 0.0 , 107.8 , 107.8
17.071 , 0.0 , 107.8 , 107.8
17.073 , -0.01000214 , 107.78 , 107.79
17.075 , 0.0 , 107.78 , 107.78
17.077 , 0.02000427 , 107.8 , 107.78
17.079 , 0.01000214 , 107.78 , 107.77
17.08 , 0.03000641 , 107.8 , 107.77
17.082 , 0.04000092 , 107.8 , 107.76
17.084 , 0.01999664 , 107.78 , 107.76
17.086 , 0.05000305 , 107.8 , 107.75
17.096 , -0.01000214 , 107.71 , 107.72
17.098 , -0.01000214 , 107.71 , 107.72
17.1 , 0.0 , 107.71 , 107.71
17.101 , 0.0 , 107.71 , 107.71
17.103 , -0.009994507 , 107.69 , 107.7
17.105 , 0.01999664 , 107.71 , 107.69
17.107 , 0.01999664 , 107.71 , 107.69
17.109 , 0.01000214 , 107.69 , 107.68
17.111 , 0.02999878 , 107.71 , 107.68
17.113 , 0.02000427 , 107.69 , 107.67
17.115 , 0.04000092 , 107.71 , 107.67
17.116 , 0.02999878 , 107.69 , 107.66
17.118 , 0.02999878 , 107.69 , 107.66
17.12 , 0.04000092 , 107.69 , 107.65
17.122 , 0.0 , 107.64 , 107.64
17.124 , -0.01999664 , 107.62 , 107.64
17.126 , 0.06000519 , 107.69 , 107.63
17.128 , 0.01000214 , 107.64 , 107.63
17.13 , 0.01999664 , 107.64 , 107.62
17.132 , 0.01000214 , 107.62 , 107.61
17.133 , 0.01000214 , 107.62 , 107.61
17.135 , 0.01000214 , 107.62 , 107.61
17.137 , 0.02000427 , 107.62 , 107.6
17.139 , -0.009994507 , 107.58 , 107.59
17.141 , -0.009994507 , 107.58 , 107.59
17.143 , 0.0 , 107.58 , 107.58
17.145 , 0.0 , 107.58 , 107.58
17.146 , -0.01999664 , 107.55 , 107.57
17.148 , -0.01999664 , 107.55 , 107.57
17.15 , 0.02000427 , 107.58 , 107.56
17.152 , -0.009994507 , 107.55 , 107.56
17.154 , 0.02999878 , 107.58 , 107.55
17.156 , 0.01000214 , 107.55 , 107.54
17.158 , -0.01000214 , 107.53 , 107.54
17.16 , 0.02000427 , 107.55 , 107.53
17.161 , 0.02000427 , 107.55 , 107.53
17.163 , 0.03000641 , 107.55 , 107.52
17.165 , 0.01000214 , 107.53 , 107.52
17.167 , 0.01999664 , 107.53 , 107.51
17.169 , 0.04000092 , 107.55 , 107.51
17.171 , 0.05000305 , 107.55 , 107.5
17.173 , -0.009994507 , 107.48 , 107.49
17.175 , 0.04000092 , 107.53 , 107.49
17.177 , -0.02000427 , 107.46 , 107.48
17.178 , 0.04999542 , 107.53 , 107.48
17.18 , 0.01000214 , 107.48 , 107.47
17.182 , -0.01000214 , 107.46 , 107.47
17.184 , 0.0 , 107.46 , 107.46
17.186 , -0.04000092 , 107.42 , 107.46
17.188 , -0.02999878 , 107.42 , 107.45
17.19 , 0.01999664 , 107.46 , 107.44
17.192 , 0.01999664 , 107.46 , 107.44
17.194 , -0.01000214 , 107.42 , 107.43
17.195 , -0.01000214 , 107.42 , 107.43
17.197 , 0.0 , 107.42 , 107.42
17.199 , 0.0 , 107.42 , 107.42
17.201 , 0.009994507 , 107.42 , 107.41
17.203 , 0.009994507 , 107.42 , 107.41
17.205 , -0.01000214 , 107.39 , 107.4
17.207 , -0.04000092 , 107.35 , 107.39
17.209 , 0.0 , 107.39 , 107.39
17.21 , 0.01000214 , 107.39 , 107.38
17.212 , -0.02999878 , 107.35 , 107.38
17.214 , -0.02000427 , 107.35 , 107.37
17.216 , 0.01999664 , 107.39 , 107.37
17.218 , -0.04000092 , 107.32 , 107.36
17.22 , 0.04000092 , 107.39 , 107.35
17.222 , -0.02999878 , 107.32 , 107.35
17.224 , -0.01999664 , 107.32 , 107.34
17.226 , -0.01999664 , 107.32 , 107.34
17.228 , -0.01000214 , 107.32 , 107.33
17.229 , -0.01000214 , 107.32 , 107.33
17.231 , 0.0 , 107.32 , 107.32
17.233 , 0.0 , 107.32 , 107.32
17.235 , -0.009994507 , 107.3 , 107.31
17.237 , 0.01999664 , 107.32 , 107.3
17.239 , 0.0 , 107.3 , 107.3
17.24 , 0.01999664 , 107.32 , 107.3
17.242 , -0.02999878 , 107.26 , 107.29
17.244 , 0.02000427 , 107.3 , 107.28
17.246 , -0.01999664 , 107.26 , 107.28
17.248 , 0.03000641 , 107.3 , 107.27
17.25 , -0.009994507 , 107.26 , 107.27
17.252 , 0.0 , 107.26 , 107.26
17.253 , 0.0 , 107.26 , 107.26
17.255 , 0.01000214 , 107.26 , 107.25
17.257 , 0.01000214 , 107.26 , 107.25
17.259 , -0.009994507 , 107.23 , 107.24
17.261 , 0.0 , 107.23 , 107.23
17.262 , 0.0 , 107.23 , 107.23
17.264 , 0.01000214 , 107.23 , 107.22
17.266 , 0.01000214 , 107.23 , 107.22
17.268 , -0.01999664 , 107.19 , 107.21
17.27 , -0.01999664 , 107.19 , 107.21
17.272 , -0.009994507 , 107.19 , 107.2
17.274 , -0.03999329 , 107.16 , 107.2
17.276 , 0.0 , 107.19 , 107.19
17.277 , 0.0 , 107.19 , 107.19
17.279 , 0.01000214 , 107.19 , 107.18
17.281 , 0.02000427 , 107.19 , 107.17
17.283 , -0.009994507 , 107.16 , 107.17
17.285 , 0.0 , 107.16 , 107.16
17.286 , 0.0 , 107.16 , 107.16
17.288 , -0.02999878 , 107.12 , 107.15
17.29 , 0.04000092 , 107.19 , 107.15
17.292 , 0.02000427 , 107.16 , 107.14
17.294 , 0.05000305 , 107.19 , 107.14
17.296 , 0.03000641 , 107.16 , 107.13
17.297 , 0.03000641 , 107.16 , 107.13
17.299 , 0.0 , 107.12 , 107.12
17.301 , -0.02000427 , 107.1 , 107.12
17.303 , 0.05000305 , 107.16 , 107.11
17.305 , 0.02000427 , 107.12 , 107.1
17.307 , 0.02000427 , 107.12 , 107.1
17.308 , 0.01000214 , 107.1 , 107.09
17.31 , 0.01000214 , 107.1 , 107.09
17.312 , 0.01999664 , 107.1 , 107.08
17.314 , 0.04000092 , 107.12 , 107.08
17.316 , 0.05000305 , 107.12 , 107.07
17.318 , 0.01000214 , 107.07 , 107.06
17.32 , 0.04000092 , 107.1 , 107.06
17.322 , 0.01999664 , 107.07 , 107.05
17.323 , 0.04999542 , 107.1 , 107.05
17.325 , 0.02999878 , 107.07 , 107.04
17.327 , -0.01000214 , 107.03 , 107.04
17.329 , 0.06999969 , 107.1 , 107.03
17.331 , 0.06999969 , 107.1 , 107.03
17.333 , 0.01000214 , 107.03 , 107.02
17.335 , 0.01999664 , 107.03 , 107.01
17.337 , 0.05999756 , 107.07 , 107.01
17.339 , 0.02999878 , 107.03 , 107.0
17.341 , 0.02999878 , 107.03 , 107.0
17.342 , 0.04000092 , 107.03 , 106.99
17.344 , 0.04000092 , 107.03 , 106.99
17.346 , 0.04999542 , 107.03 , 106.98
17.348 , 0.01999664 , 107.0 , 106.98
17.35 , 0.02999878 , 107.0 , 106.97
17.352 , 0.04000092 , 107.0 , 106.96
17.354 , 0.04000092 , 107.0 , 106.96
17.356 , 0.05000305 , 107.0 , 106.95
17.358 , 0.01000214 , 106.96 , 106.95
17.36 , 0.01999664 , 106.96 , 106.94
17.362 , 0.02999878 , 106.96 , 106.93
17.363 , 0.02999878 , 106.96 , 106.93
17.365 , 0.01000214 , 106.94 , 106.93
17.367 , 0.02000427 , 106.94 , 106.92
17.369 , 0.02999878 , 106.94 , 106.91
17.371 , 0.02999878 , 106.94 , 106.91
17.373 , 0.04000092 , 106.94 , 106.9
17.375 , 0.04000092 , 106.94 , 106.9
17.377 , 0.05000305 , 106.94 , 106.89
17.378 , 0.05000305 , 106.94 , 106.89
17.38 , 0.01000214 , 106.89 , 106.88
17.382 , 0.01000214 , 106.89 , 106.88
17.384 , 0.0 , 106.87 , 106.87
17.386 , 0.01000214 , 106.87 , 106.86
17.388 , 0.02999878 , 106.89 , 106.86
17.39 , 0.02000427 , 106.87 , 106.85
17.392 , -0.04999542 , 106.8 , 106.85
17.393 , -0.05999756 , 106.78 , 106.84
17.396 , -0.02999878 , 106.8 , 106.83
17.397 , -0.05000305 , 106.78 , 106.83
17.399 , -0.02999878 , 106.8 , 106.83
17.401 , -0.04000092 , 106.78 , 106.82
17.403 , -0.02999878 , 106.78 , 106.81
17.405 , -0.0799942 , 106.73 , 106.81
17.407 , -0.02000427 , 106.78 , 106.8
17.409 , -0.02000427 , 106.78 , 106.8
17.411 , -0.05999756 , 106.73 , 106.79
17.413 , 0.0 , 106.78 , 106.78
17.414 , -0.04999542 , 106.73 , 106.78
17.416 , -0.04999542 , 106.73 , 106.78
17.418 , -0.03999329 , 106.73 , 106.77
17.42 , -0.05000305 , 106.71 , 106.76
17.422 , -0.02999878 , 106.73 , 106.76
17.424 , -0.04000092 , 106.71 , 106.75
17.426 , -0.04000092 , 106.71 , 106.75
17.428 , -0.02999878 , 106.71 , 106.74
17.43 , -0.06999969 , 106.66 , 106.73
17.432 , 0.0 , 106.73 , 106.73
17.433 , -0.05999756 , 106.66 , 106.72
17.435 , -0.05999756 , 106.66 , 106.72
17.437 , 0.02000427 , 106.73 , 106.71
17.439 , -0.04999542 , 106.66 , 106.71
17.441 , 0.01000214 , 106.71 , 106.7
17.443 , -0.03999329 , 106.66 , 106.7
17.445 , -0.02999878 , 106.66 , 106.69
17.447 , -0.09000397 , 106.59 , 106.68
17.449 , -0.04000092 , 106.64 , 106.68
17.45 , -0.02999878 , 106.64 , 106.67
17.452 , -0.08000183 , 106.59 , 106.67
17.454 , -0.07000732 , 106.59 , 106.66
17.456 , -0.02000427 , 106.64 , 106.66
17.458 , -0.01000214 , 106.64 , 106.65
17.46 , -0.06000519 , 106.59 , 106.65
17.462 , -0.05000305 , 106.59 , 106.64
17.464 , -0.04000092 , 106.59 , 106.63
17.466 , -0.0799942 , 106.55 , 106.63
17.468 , -0.03000641 , 106.59 , 106.62
17.469 , -0.06999969 , 106.55 , 106.62
17.471 , -0.02000427 , 106.59 , 106.61
17.473 , -0.04000092 , 106.57 , 106.61
17.475 , -0.02999878 , 106.57 , 106.6
17.477 , -0.01999664 , 106.57 , 106.59
17.479 , -0.03999329 , 106.55 , 106.59
17.481 , -0.02999878 , 106.55 , 106.58
17.483 , -0.02999878 , 106.55 , 106.58
17.485 , -0.01999664 , 106.55 , 106.57
17.487 , -0.01999664 , 106.55 , 106.57
17.489 , -0.009994507 , 106.55 , 106.56
17.491 , 0.01999664 , 106.57 , 106.55
17.493 , -0.06999969 , 106.48 , 106.55
17.495 , 0.01000214 , 106.55 , 106.54
17.496 , 0.01000214 , 106.55 , 106.54
17.498 , -0.02999878 , 106.5 , 106.53
17.5 , -0.02999878 , 106.5 , 106.53
17.502 , -0.01999664 , 106.5 , 106.52
17.504 , -0.01999664 , 106.5 , 106.52
17.506 , 0.04000092 , 106.55 , 106.51
17.508 , 0.0 , 106.5 , 106.5
17.509 , 0.05000305 , 106.55 , 106.5
17.511 , 0.01000214 , 106.5 , 106.49
17.513 , 0.01000214 , 106.5 , 106.49
17.515 , -0.05000305 , 106.43 , 106.48
17.517 , 0.01999664 , 106.5 , 106.48
17.519 , -0.04000092 , 106.43 , 106.47
17.52 , 0.01000214 , 106.48 , 106.47
17.522 , 0.02000427 , 106.48 , 106.46
17.524 , 0.02000427 , 106.48 , 106.46
17.526 , -0.01999664 , 106.43 , 106.45
17.528 , -0.01000214 , 106.43 , 106.44
17.53 , -0.01000214 , 106.43 , 106.44
17.532 , 0.0 , 106.43 , 106.43
17.533 , 0.0 , 106.43 , 106.43
17.535 , -0.009994507 , 106.41 , 106.42
17.537 , 0.01000214 , 106.43 , 106.42
17.539 , 0.01999664 , 106.43 , 106.41
17.541 , 0.0 , 106.41 , 106.41
17.542 , -0.04000092 , 106.36 , 106.4
17.544 , 0.02999878 , 106.43 , 106.4
17.546 , 0.02000427 , 106.41 , 106.39
17.548 , 0.03000641 , 106.41 , 106.38
17.55 , 0.03000641 , 106.41 , 106.38
17.552 , -0.01000214 , 106.36 , 106.37
17.553 , -0.01000214 , 106.36 , 106.37
17.555 , 0.0 , 106.36 , 106.36
17.557 , 0.0 , 106.36 , 106.36
17.559 , 0.01000214 , 106.36 , 106.35
17.561 , 0.01000214 , 106.36 , 106.35
17.562 , 0.02000427 , 106.36 , 106.34
17.564 , 0.02000427 , 106.36 , 106.34
17.566 , 0.02999878 , 106.36 , 106.33
17.568 , -0.01000214 , 106.32 , 106.33
17.57 , 0.01999664 , 106.34 , 106.32
17.572 , 0.01000214 , 106.32 , 106.31
17.574 , 0.02999878 , 106.34 , 106.31
17.576 , 0.03999329 , 106.34 , 106.3
17.578 , 0.01999664 , 106.32 , 106.3
17.579 , -0.02000427 , 106.27 , 106.29
17.581 , -0.02000427 , 106.27 , 106.29
17.583 , -0.01000214 , 106.27 , 106.28
17.585 , -0.01000214 , 106.27 , 106.28
17.587 , 0.0 , 106.27 , 106.27
17.589 , -0.01000214 , 106.25 , 106.26
17.591 , 0.009994507 , 106.27 , 106.26
17.593 , 0.01999664 , 106.27 , 106.25
17.595 , 0.0 , 106.25 , 106.25
17.596 , 0.02999878 , 106.27 , 106.24
17.598 , 0.02999878 , 106.27 , 106.24
17.6 , 0.03999329 , 106.27 , 106.23
17.602 , 0.01999664 , 106.25 , 106.23
17.604 , 0.02999878 , 106.25 , 106.22
17.606 , 0.04000092 , 106.25 , 106.21
17.608 , -0.01000214 , 106.2 , 106.21
17.61 , 0.05000305 , 106.25 , 106.2
17.611 , -0.01999664 , 106.18 , 106.2
17.613 , 0.009994507 , 106.2 , 106.19
17.615 , 0.05999756 , 106.25 , 106.19
17.617 , 0.01999664 , 106.2 , 106.18
17.619 , 0.06999969 , 106.25 , 106.18
17.621 , 0.01000214 , 106.18 , 106.17
17.623 , -0.03000641 , 106.13 , 106.16
17.625 , 0.01999664 , 106.18 , 106.16
17.627 , 0.02999878 , 106.18 , 106.15
17.629 , 0.02999878 , 106.18 , 106.15
17.63 , -0.01000214 , 106.13 , 106.14
17.632 , 0.04000092 , 106.18 , 106.14
17.634 , 0.05000305 , 106.18 , 106.13
17.636 , 0.009994507 , 106.13 , 106.12
17.638 , 0.05999756 , 106.18 , 106.12
17.64 , 0.01999664 , 106.13 , 106.11
17.642 , 0.01999664 , 106.13 , 106.11
17.644 , 0.01000214 , 106.11 , 106.1
17.646 , 0.02999878 , 106.13 , 106.1
17.648 , 0.04000092 , 106.13 , 106.09
17.649 , 0.02000427 , 106.11 , 106.09
17.651 , 0.02999878 , 106.11 , 106.08
17.653 , 0.04000092 , 106.11 , 106.07
17.655 , 0.01999664 , 106.09 , 106.07
17.657 , 0.05000305 , 106.11 , 106.06
17.659 , 0.02999878 , 106.09 , 106.06
17.661 , 0.05999756 , 106.11 , 106.05
17.663 , 0.04999542 , 106.09 , 106.04
17.665 , 0.0 , 106.04 , 106.04
17.666 , 0.04999542 , 106.09 , 106.04
17.668 , 0.01000214 , 106.04 , 106.03
17.67 , 0.02000427 , 106.04 , 106.02
17.672 , 0.02000427 , 106.04 , 106.02
17.674 , 0.02999878 , 106.04 , 106.01
17.676 , 0.02999878 , 106.04 , 106.01
17.677 , 0.04000092 , 106.04 , 106.0
17.679 , 0.01999664 , 106.02 , 106.0
17.681 , 0.02999878 , 106.02 , 105.99
17.683 , 0.02999878 , 106.02 , 105.99
17.685 , 0.03999329 , 106.02 , 105.98
17.687 , 0.04999542 , 106.02 , 105.97
17.689 , 0.0 , 105.97 , 105.97
17.691 , 0.01000214 , 105.97 , 105.96
17.692 , 0.01000214 , 105.97 , 105.96
17.694 , 0.02000427 , 105.97 , 105.95
17.696 , 0.09000397 , 106.04 , 105.95
17.698 , 0.0799942 , 106.02 , 105.94
17.7 , 0.02999878 , 105.97 , 105.94
17.702 , 0.04000092 , 105.97 , 105.93
17.704 , 0.02999878 , 105.95 , 105.92
17.706 , -0.009994507 , 105.91 , 105.92
17.708 , 0.0 , 105.91 , 105.91
17.71 , 0.0 , 105.91 , 105.91
17.711 , 0.01000214 , 105.91 , 105.9
17.713 , 0.04999542 , 105.95 , 105.9
17.715 , 0.02000427 , 105.91 , 105.89
17.717 , -0.01000214 , 105.88 , 105.89
17.719 , 0.03000641 , 105.91 , 105.88
17.721 , 0.009994507 , 105.88 , 105.87
17.723 , -0.01000214 , 105.86 , 105.87
17.724 , 0.01999664 , 105.88 , 105.86
17.726 , 0.01999664 , 105.88 , 105.86
17.728 , 0.02999878 , 105.88 , 105.85
17.73 , 0.01000214 , 105.86 , 105.85
17.732 , 0.04000092 , 105.88 , 105.84
17.734 , 0.04000092 , 105.88 , 105.84
17.736 , 0.02999878 , 105.86 , 105.83
17.738 , 0.04000092 , 105.86 , 105.82
17.74 , 0.04000092 , 105.86 , 105.82
17.742 , 0.0 , 105.81 , 105.81
17.743 , 0.05000305 , 105.86 , 105.81
17.745 , -0.01000214 , 105.79 , 105.8
17.747 , 0.05999756 , 105.86 , 105.8
17.749 , 0.01999664 , 105.81 , 105.79
17.751 , 0.01000214 , 105.79 , 105.78
17.753 , 0.02999878 , 105.81 , 105.78
17.755 , 0.02000427 , 105.79 , 105.77
17.757 , 0.02000427 , 105.79 , 105.77
17.758 , 0.04999542 , 105.81 , 105.76
17.76 , 0.04999542 , 105.81 , 105.76
17.762 , 0.04000092 , 105.79 , 105.75
17.764 , 0.0 , 105.75 , 105.75
17.766 , 0.01000214 , 105.75 , 105.74
17.768 , 0.01999664 , 105.75 , 105.73
17.77 , 0.05999756 , 105.79 , 105.73
17.771 , -0.01000214 , 105.72 , 105.73
17.773 , 0.02999878 , 105.75 , 105.72
17.775 , 0.04000092 , 105.75 , 105.71
17.777 , 0.04000092 , 105.75 , 105.71
17.779 , 0.02000427 , 105.72 , 105.7
17.781 , 0.05000305 , 105.75 , 105.7
17.783 , -0.01000214 , 105.68 , 105.69
17.785 , 0.0 , 105.68 , 105.68
17.786 , 0.0 , 105.68 , 105.68
17.788 , 0.0 , 105.68 , 105.68
17.79 , 0.01000214 , 105.68 , 105.67
17.792 , 0.01999664 , 105.68 , 105.66
17.793 , 0.05999756 , 105.72 , 105.66
17.795 , 0.02999878 , 105.68 , 105.65
17.797 , 0.0 , 105.65 , 105.65
17.799 , 0.01000214 , 105.65 , 105.64
17.801 , -0.01000214 , 105.63 , 105.64
17.803 , 0.02000427 , 105.65 , 105.63
17.805 , 0.02000427 , 105.65 , 105.63
17.807 , 0.02999878 , 105.65 , 105.62
17.808 , 0.02999878 , 105.65 , 105.62
17.81 , 0.04000092 , 105.65 , 105.61
17.812 , 0.02999878 , 105.63 , 105.6
17.814 , 0.05000305 , 105.65 , 105.6
17.816 , 0.04000092 , 105.63 , 105.59
17.818 , 0.04000092 , 105.63 , 105.59
17.82 , 0.0 , 105.58 , 105.58
17.821 , 0.04999542 , 105.63 , 105.58
17.823 , 0.05999756 , 105.63 , 105.57
17.825 , 0.01000214 , 105.58 , 105.57
17.827 , 0.02000427 , 105.58 , 105.56
17.829 , 0.02999878 , 105.58 , 105.55
17.831 , 0.009994507 , 105.56 , 105.55
17.833 , 0.01999664 , 105.56 , 105.54
17.835 , 0.01999664 , 105.56 , 105.54
17.837 , 0.05000305 , 105.58 , 105.53
17.839 , 0.04000092 , 105.56 , 105.52
17.841 , 0.04000092 , 105.56 , 105.52
17.843 , 0.04999542 , 105.56 , 105.51
17.844 , 0.009994507 , 105.52 , 105.51
17.846 , 0.01999664 , 105.52 , 105.5
17.848 , -0.01000214 , 105.49 , 105.5
17.85 , 0.0 , 105.49 , 105.49
17.852 , 0.02999878 , 105.52 , 105.49
17.854 , 0.03999329 , 105.52 , 105.48
17.856 , 0.04999542 , 105.52 , 105.47
17.858 , 0.01999664 , 105.49 , 105.47
17.86 , 0.05999756 , 105.52 , 105.46
17.862 , 0.02999878 , 105.49 , 105.46
17.864 , 0.04000092 , 105.49 , 105.45
17.866 , 0.04999542 , 105.49 , 105.44
17.868 , 0.04999542 , 105.49 , 105.44
17.869 , 0.04999542 , 105.49 , 105.44
17.871 , 0.05999756 , 105.49 , 105.43
17.873 , 0.02999878 , 105.45 , 105.42
17.875 , 0.02999878 , 105.45 , 105.42
17.877 , 0.03999329 , 105.45 , 105.41
17.879 , 0.03999329 , 105.45 , 105.41
17.881 , 0.04999542 , 105.45 , 105.4
17.883 , 0.02999878 , 105.42 , 105.39
17.885 , 0.02999878 , 105.42 , 105.39
17.887 , 0.04000092 , 105.42 , 105.38
17.889 , 0.02000427 , 105.4 , 105.38
17.891 , 0.04999542 , 105.42 , 105.37
17.893 , 0.05999756 , 105.42 , 105.36
17.895 , 0.04000092 , 105.4 , 105.36
17.896 , 0.04000092 , 105.4 , 105.36
17.898 , 0.05000305 , 105.4 , 105.35
17.9 , 0.02000427 , 105.36 , 105.34
17.902 , 0.06000519 , 105.4 , 105.34
17.904 , 0.02999878 , 105.36 , 105.33
17.906 , 0.02999878 , 105.36 , 105.33
17.908 , 0.01000214 , 105.33 , 105.32
17.909 , 0.04000092 , 105.36 , 105.32
17.911 , 0.05000305 , 105.36 , 105.31
17.913 , 0.09000397 , 105.4 , 105.31
17.915 , 0.09999847 , 105.4 , 105.3
17.917 , 0.1100006 , 105.4 , 105.29
17.919 , 0.06999969 , 105.36 , 105.29
17.92 , 0.06999969 , 105.36 , 105.29
17.922 , 0.08000183 , 105.36 , 105.28
17.924 , 0.06000519 , 105.33 , 105.27
17.926 , 0.06000519 , 105.33 , 105.27
17.928 , 0.06999969 , 105.33 , 105.26
17.93 , 0.06999969 , 105.33 , 105.26
17.932 , 0.08000183 , 105.33 , 105.25
17.934 , 0.09000397 , 105.33 , 105.24
17.935 , 0.09000397 , 105.33 , 105.24
17.937 , 0.05999756 , 105.29 , 105.23
17.939 , 0.09999847 , 105.33 , 105.23
17.941 , 0.1100006 , 105.33 , 105.22
17.943 , 0.06999969 , 105.29 , 105.22
17.945 , 0.05000305 , 105.26 , 105.21
17.946 , 0.1200027 , 105.33 , 105.21
17.956 , 0.04000092 , 105.22 , 105.18
17.958 , 0.02999878 , 105.2 , 105.17
17.96 , 0.09000397 , 105.26 , 105.17
17.962 , 0.05999756 , 105.22 , 105.16
17.964 , 0.04999542 , 105.2 , 105.15
17.966 , 0.06999969 , 105.22 , 105.15
17.968 , 0.05999756 , 105.2 , 105.14
17.97 , 0.05999756 , 105.2 , 105.14
17.972 , 0.06999969 , 105.2 , 105.13
17.974 , 0.06999969 , 105.2 , 105.13
17.975 , 0.0799942 , 105.2 , 105.12
17.977 , 0.0799942 , 105.2 , 105.12
17.979 , 0.05999756 , 105.17 , 105.11
17.981 , 0.06999969 , 105.17 , 105.1
17.983 , 0.02999878 , 105.13 , 105.1
17.985 , 0.08000183 , 105.17 , 105.09
17.987 , 0.08000183 , 105.17 , 105.09
17.989 , 0.04999542 , 105.13 , 105.08
17.991 , 0.04999542 , 105.13 , 105.08
17.993 , 0.05999756 , 105.13 , 105.07
17.995 , 0.1100006 , 105.17 , 105.06
17.997 , 0.06999969 , 105.13 , 105.06
17.999 , 0.1199951 , 105.17 , 105.05
18.0 , 0.009994507 , 105.06 , 105.05
18.002 , 0.08999634 , 105.13 , 105.04
18.004 , 0.08999634 , 105.13 , 105.04
18.006 , 0.02999878 , 105.06 , 105.03
18.008 , 0.04000092 , 105.06 , 105.02
18.01 , 0.04000092 , 105.06 , 105.02
18.012 , 0.04999542 , 105.06 , 105.01
18.014 , -0.02000427 , 104.99 , 105.01
18.016 , 0.04000092 , 105.04 , 105.0
18.017 , 0.05999756 , 105.06 , 105.0
18.019 , 0.0 , 104.99 , 104.99
18.021 , 0.05000305 , 105.04 , 104.99
18.023 , 0.05999756 , 105.04 , 104.98
18.025 , 0.01999664 , 104.99 , 104.97
18.027 , 0.06999969 , 105.04 , 104.97
18.028 , 0.06999969 , 105.04 , 104.97
18.03 , 0.02999878 , 104.99 , 104.96
18.032 , 0.04000092 , 104.99 , 104.95
18.034 , 0.04000092 , 104.99 , 104.95
18.036 , 0.02999878 , 104.97 , 104.94
18.038 , 0.04999542 , 104.99 , 104.94
18.04 , 0.04000092 , 104.97 , 104.93
18.042 , 0.05000305 , 104.97 , 104.92
18.044 , 0.05000305 , 104.97 , 104.92
18.046 , 0.009994507 , 104.92 , 104.91
18.048 , -0.01000214 , 104.9 , 104.91
18.049 , 0.01999664 , 104.92 , 104.9
18.051 , 0.01999664 , 104.92 , 104.9
18.053 , 0.01000214 , 104.9 , 104.89
18.055 , 0.02999878 , 104.92 , 104.89
18.057 , 0.02000427 , 104.9 , 104.88
18.059 , 0.02999878 , 104.9 , 104.87
18.061 , 0.02999878 , 104.9 , 104.87
18.063 , 0.01999664 , 104.88 , 104.86
18.065 , 0.04000092 , 104.9 , 104.86
18.066 , -0.01999664 , 104.83 , 104.85
18.068 , 0.02999878 , 104.88 , 104.85
18.07 , 0.04000092 , 104.88 , 104.84
18.072 , -0.009994507 , 104.83 , 104.84
18.074 , 0.04999542 , 104.88 , 104.83
18.076 , 0.01000214 , 104.83 , 104.82
18.078 , 0.01000214 , 104.83 , 104.82
18.08 , 0.02000427 , 104.83 , 104.81
18.082 , 0.02000427 , 104.83 , 104.81
18.083 , 0.009994507 , 104.81 , 104.8
18.085 , 0.009994507 , 104.81 , 104.8
18.087 , 0.01999664 , 104.81 , 104.79
18.089 , 0.01999664 , 104.81 , 104.79
18.091 , -0.01999664 , 104.76 , 104.78
18.093 , 0.04000092 , 104.81 , 104.77
18.095 , -0.009994507 , 104.76 , 104.77
18.097 , 0.04999542 , 104.81 , 104.76
18.099 , 0.0 , 104.76 , 104.76
18.101 , 0.01000214 , 104.76 , 104.75
18.103 , 0.06999969 , 104.81 , 104.74
18.105 , 0.0 , 104.74 , 104.74
18.106 , 0.0 , 104.74 , 104.74
18.108 , 0.009994507 , 104.74 , 104.73
18.11 , 0.01999664 , 104.74 , 104.72
18.112 , 0.01999664 , 104.74 , 104.72
18.114 , 0.02999878 , 104.74 , 104.71
18.116 , 0.02999878 , 104.74 , 104.71
18.118 , -0.009994507 , 104.69 , 104.7
18.12 , 0.0 , 104.69 , 104.69
18.121 , 0.04999542 , 104.74 , 104.69
18.123 , 0.01000214 , 104.69 , 104.68
18.125 , 0.01000214 , 104.69 , 104.68
18.127 , 0.0 , 104.67 , 104.67
18.129 , 0.0 , 104.67 , 104.67
18.131 , 0.009994507 , 104.67 , 104.66
18.133 , 0.009994507 , 104.67 , 104.66
18.135 , 0.04000092 , 104.69 , 104.65
18.136 , 0.0 , 104.65 , 104.65
18.138 , 0.01000214 , 104.65 , 104.64
18.14 , 0.02000427 , 104.65 , 104.63
18.142 , 0.02000427 , 104.65 , 104.63
18.144 , 0.02999878 , 104.65 , 104.62
18.146 , 0.02999878 , 104.65 , 104.62
18.147 , -0.01000214 , 104.6 , 104.61
18.149 , -0.01000214 , 104.6 , 104.61
18.151 , 0.0 , 104.6 , 104.6
18.153 , 0.05000305 , 104.65 , 104.6
18.155 , 0.01000214 , 104.6 , 104.59
18.157 , 0.01999664 , 104.6 , 104.58
18.159 , -0.05000305 , 104.53 , 104.58
18.161 , 0.02999878 , 104.6 , 104.57
18.163 , 0.01000214 , 104.58 , 104.57
18.164 , 0.02000427 , 104.58 , 104.56
18.166 , 0.02000427 , 104.58 , 104.56
18.168 , 0.02999878 , 104.58 , 104.55
18.17 , 0.02999878 , 104.58 , 104.55
18.172 , -0.01000214 , 104.53 , 104.54
18.174 , 0.0 , 104.53 , 104.53
18.176 , 0.0 , 104.53 , 104.53
18.177 , 0.0 , 104.53 , 104.53
18.179 , 0.01000214 , 104.53 , 104.52
18.181 , 0.01999664 , 104.53 , 104.51
18.183 , 0.01999664 , 104.53 , 104.51
18.185 , 0.01000214 , 104.51 , 104.5
18.187 , 0.01000214 , 104.51 , 104.5
18.188 , 0.02000427 , 104.51 , 104.49
18.19 , -0.02999878 , 104.46 , 104.49
18.192 , 0.02999878 , 104.51 , 104.48
18.194 , 0.04000092 , 104.51 , 104.47
18.196 , -0.01000214 , 104.46 , 104.47
18.198 , 0.05000305 , 104.51 , 104.46
18.2 , -0.01999664 , 104.44 , 104.46
18.201 , -0.009994507 , 104.44 , 104.45
18.203 , 0.01000214 , 104.46 , 104.45
18.205 , 0.01999664 , 104.46 , 104.44
18.207 , 0.0 , 104.44 , 104.44
18.209 , 0.02999878 , 104.46 , 104.43
18.211 , 0.0 , 104.42 , 104.42
18.213 , 0.0 , 104.42 , 104.42
18.214 , 0.02000427 , 104.44 , 104.42
18.216 , 0.02999878 , 104.44 , 104.41
18.218 , 0.04000092 , 104.44 , 104.4
18.22 , 0.01999664 , 104.42 , 104.4
18.222 , -0.01999664 , 104.37 , 104.39
18.224 , 0.02999878 , 104.42 , 104.39
18.226 , -0.009994507 , 104.37 , 104.38
18.228 , 0.0 , 104.37 , 104.37
18.229 , 0.0 , 104.37 , 104.37
18.231 , -0.02000427 , 104.35 , 104.37
18.233 , -0.01000214 , 104.35 , 104.36
18.235 , 0.02000427 , 104.37 , 104.35
18.237 , 0.0 , 104.35 , 104.35
18.238 , -0.03999329 , 104.3 , 104.34
18.24 , -0.03999329 , 104.3 , 104.34
18.242 , -0.02999878 , 104.3 , 104.33
18.244 , -0.05000305 , 104.28 , 104.33
18.246 , -0.01999664 , 104.3 , 104.32
18.248 , 0.02999878 , 104.35 , 104.32
18.25 , -0.02999878 , 104.28 , 104.31
18.252 , -0.02000427 , 104.28 , 104.3
18.254 , -0.02000427 , 104.28 , 104.3
18.255 , 0.01000214 , 104.3 , 104.29
18.257 , -0.01000214 , 104.28 , 104.29
18.259 , 0.0 , 104.28 , 104.28
18.261 , -0.04999542 , 104.23 , 104.28
18.263 , -0.03999329 , 104.23 , 104.27
18.265 , -0.02999878 , 104.23 , 104.26
18.267 , 0.01999664 , 104.28 , 104.26
18.269 , -0.01999664 , 104.23 , 104.25
18.27 , -0.01999664 , 104.23 , 104.25
18.272 , -0.009994507 , 104.23 , 104.24
18.274 , -0.009994507 , 104.23 , 104.24
18.276 , -0.02000427 , 104.21 , 104.23
18.278 , 0.0 , 104.23 , 104.23
18.28 , -0.02999878 , 104.19 , 104.22
18.282 , 0.0 , 104.21 , 104.21
18.283 , 0.0 , 104.21 , 104.21
18.285 , -0.01999664 , 104.19 , 104.21
18.287 , -0.009994507 , 104.19 , 104.2
18.289 , 0.0 , 104.19 , 104.19
18.291 , -0.05000305 , 104.14 , 104.19
18.293 , 0.01000214 , 104.19 , 104.18
18.295 , 0.01000214 , 104.19 , 104.18
18.296 , 0.02000427 , 104.19 , 104.17
18.298 , 0.02000427 , 104.19 , 104.17
18.3 , -0.04000092 , 104.12 , 104.16
18.302 , -0.02000427 , 104.14 , 104.16
18.304 , -0.01000214 , 104.14 , 104.15
18.306 , 0.0 , 104.14 , 104.14
18.307 , -0.01999664 , 104.12 , 104.14
18.309 , 0.01000214 , 104.14 , 104.13
18.311 , -0.05999756 , 104.07 , 104.13
18.313 , -0.05000305 , 104.07 , 104.12
18.315 , 0.0 , 104.12 , 104.12
18.317 , 0.01000214 , 104.12 , 104.11
18.318 , 0.01000214 , 104.12 , 104.11
18.32 , -0.02999878 , 104.07 , 104.1
18.322 , 0.02000427 , 104.12 , 104.1
18.324 , -0.01999664 , 104.07 , 104.09
18.326 , 0.04000092 , 104.12 , 104.08
18.328 , -0.01000214 , 104.07 , 104.08
18.33 , -0.01999664 , 104.05 , 104.07
18.332 , 0.0 , 104.07 , 104.07
18.333 , 0.01000214 , 104.07 , 104.06
18.335 , -0.04999542 , 104.01 , 104.06
18.337 , 0.0 , 104.05 , 104.05
18.339 , 0.0 , 104.05 , 104.05
18.34 , 0.01000214 , 104.05 , 104.04
18.342 , 0.01000214 , 104.05 , 104.04
18.344 , 0.02000427 , 104.05 , 104.03
18.346 , -0.01999664 , 104.01 , 104.03
18.348 , -0.009994507 , 104.01 , 104.02
18.35 , -0.02999878 , 103.98 , 104.01
18.352 , 0.0 , 104.01 , 104.01
18.353 , -0.01999664 , 103.98 , 104.0
18.355 , -0.01999664 , 103.98 , 104.0
18.357 , -0.009994507 , 103.98 , 103.99
18.359 , 0.02000427 , 104.01 , 103.99
18.361 , -0.02000427 , 103.96 , 103.98
18.363 , -0.02000427 , 103.96 , 103.98
18.365 , 0.04000092 , 104.01 , 103.97
18.367 , 0.0 , 103.96 , 103.96
18.368 , 0.0 , 103.96 , 103.96
18.37 , -0.03999329 , 103.91 , 103.95
18.372 , -0.03999329 , 103.91 , 103.95
18.374 , -0.02999878 , 103.91 , 103.94
18.376 , 0.04000092 , 103.98 , 103.94
18.378 , 0.02999878 , 103.96 , 103.93
18.38 , -0.02999878 , 103.89 , 103.92
18.382 , 0.04000092 , 103.96 , 103.92
18.384 , 0.04999542 , 103.96 , 103.91
18.385 , 0.0 , 103.91 , 103.91
18.387 , 0.01000214 , 103.91 , 103.9
18.389 , 0.01000214 , 103.91 , 103.9
18.391 , 0.02000427 , 103.91 , 103.89
18.393 , 0.0 , 103.89 , 103.89
18.394 , 0.01000214 , 103.89 , 103.88
18.396 , 0.01000214 , 103.89 , 103.88
18.398 , 0.01999664 , 103.89 , 103.87
18.4 , -0.05000305 , 103.82 , 103.87
18.402 , -0.01000214 , 103.85 , 103.86
18.404 , -0.06999969 , 103.78 , 103.85
18.406 , -0.06999969 , 103.78 , 103.85
18.408 , -0.01999664 , 103.82 , 103.84
18.41 , -0.01999664 , 103.82 , 103.84
18.412 , -0.01000214 , 103.82 , 103.83
18.414 , -0.04000092 , 103.78 , 103.82
18.416 , -0.04000092 , 103.78 , 103.82
18.418 , -0.02999878 , 103.78 , 103.81
18.419 , 0.01000214 , 103.82 , 103.81
18.421 , -0.02000427 , 103.78 , 103.8
18.423 , -0.02000427 , 103.78 , 103.8
18.425 , -0.04000092 , 103.75 , 103.79
18.427 , -0.04000092 , 103.75 , 103.79
18.429 , -0.02999878 , 103.75 , 103.78
18.431 , 0.01000214 , 103.78 , 103.77
18.433 , -0.01999664 , 103.75 , 103.77
18.434 , -0.01999664 , 103.75 , 103.77
18.436 , -0.02999878 , 103.73 , 103.76
18.438 , 0.0 , 103.75 , 103.75
18.44 , -0.01999664 , 103.73 , 103.75
18.442 , 0.01000214 , 103.75 , 103.74
18.444 , 0.01000214 , 103.75 , 103.74
18.446 , 0.0 , 103.73 , 103.73
18.447 , -0.04000092 , 103.69 , 103.73
18.449 , -0.02999878 , 103.69 , 103.72
18.451 , -0.02999878 , 103.69 , 103.72
18.453 , -0.01999664 , 103.69 , 103.71
18.455 , -0.009994507 , 103.69 , 103.7
18.457 , -0.009994507 , 103.69 , 103.7
18.459 , -0.02999878 , 103.66 , 103.69
18.461 , 0.0 , 103.69 , 103.69
18.462 , 0.01000214 , 103.69 , 103.68
18.464 , 0.01000214 , 103.69 , 103.68
18.466 , -0.009994507 , 103.66 , 103.67
18.468 , 0.02999878 , 103.69 , 103.66
18.47 , -0.04000092 , 103.62 , 103.66
18.472 , 0.01000214 , 103.66 , 103.65
18.474 , -0.02999878 , 103.62 , 103.65
18.476 , 0.02000427 , 103.66 , 103.64
18.477 , 0.02000427 , 103.66 , 103.64
18.479 , -0.009994507 , 103.62 , 103.63
18.481 , -0.009994507 , 103.62 , 103.63
18.483 , 0.0 , 103.62 , 103.62
18.485 , 0.01000214 , 103.62 , 103.61
18.487 , -0.02000427 , 103.59 , 103.61
18.489 , 0.02000427 , 103.62 , 103.6
18.491 , -0.04999542 , 103.55 , 103.6
18.493 , 0.03000641 , 103.62 , 103.59
18.494 , 0.0 , 103.59 , 103.59
18.496 , -0.02999878 , 103.55 , 103.58
18.498 , 0.009994507 , 103.59 , 103.58
18.5 , -0.01999664 , 103.55 , 103.57
18.502 , -0.04000092 , 103.52 , 103.56
18.504 , -0.009994507 , 103.55 , 103.56
18.506 , -0.03000641 , 103.52 , 103.55
18.508 , -0.03000641 , 103.52 , 103.55
18.51 , -0.02000427 , 103.52 , 103.54
18.511 , -0.02000427 , 103.52 , 103.54
18.513 , -0.01000214 , 103.52 , 103.53
18.515 , -0.02999878 , 103.5 , 103.53
18.517 , 0.0 , 103.52 , 103.52
18.519 , 0.009994507 , 103.52 , 103.51
18.521 , -0.01000214 , 103.5 , 103.51
18.523 , 0.0 , 103.5 , 103.5
18.524 , 0.0 , 103.5 , 103.5
18.526 , 0.01000214 , 103.5 , 103.49
18.528 , 0.01000214 , 103.5 , 103.49
18.53 , 0.01999664 , 103.5 , 103.48
18.532 , -0.05000305 , 103.43 , 103.48
18.533 , -0.04000092 , 103.43 , 103.47
18.535 , -0.04000092 , 103.43 , 103.47
18.537 , -0.02999878 , 103.43 , 103.46
18.539 , -0.01999664 , 103.43 , 103.45
18.541 , -0.01999664 , 103.43 , 103.45
18.543 , -0.02999878 , 103.41 , 103.44
18.545 , -0.02999878 , 103.41 , 103.44
18.547 , -0.01999664 , 103.41 , 103.43
18.548 , -0.01999664 , 103.41 , 103.43
18.55 , -0.009994507 , 103.41 , 103.42
18.552 , -0.05999756 , 103.36 , 103.42
18.554 , -0.05000305 , 103.36 , 103.41
18.556 , -0.04000092 , 103.36 , 103.4
18.558 , -0.06000519 , 103.34 , 103.4
18.56 , -0.02999878 , 103.36 , 103.39
18.562 , -0.05000305 , 103.34 , 103.39
18.563 , -0.01999664 , 103.36 , 103.38
18.565 , -0.04000092 , 103.34 , 103.38
18.567 , -0.03000641 , 103.34 , 103.37
18.569 , -0.03000641 , 103.34 , 103.37
18.571 , -0.02000427 , 103.34 , 103.36
18.573 , 0.01000214 , 103.36 , 103.35
18.575 , -0.01000214 , 103.34 , 103.35
18.577 , -0.03999329 , 103.3 , 103.34
18.579 , -0.03999329 , 103.3 , 103.34
18.58 , 0.009994507 , 103.34 , 103.33
18.582 , -0.06000519 , 103.27 , 103.33
18.584 , -0.01999664 , 103.3 , 103.32
18.586 , -0.05000305 , 103.27 , 103.32
18.588 , -0.04000092 , 103.27 , 103.31
18.59 , -0.03000641 , 103.27 , 103.3
18.592 , -0.05000305 , 103.25 , 103.3
18.594 , -0.02000427 , 103.27 , 103.29
18.596 , -0.02000427 , 103.27 , 103.29
18.598 , -0.01000214 , 103.27 , 103.28
18.599 , -0.02999878 , 103.25 , 103.28
18.601 , -0.06999969 , 103.2 , 103.27
18.603 , 0.0 , 103.27 , 103.27
18.605 , -0.01000214 , 103.25 , 103.26
18.607 , -0.06999969 , 103.18 , 103.25
18.609 , 0.0 , 103.25 , 103.25
18.611 , 0.01000214 , 103.25 , 103.24
18.612 , -0.05999756 , 103.18 , 103.24
18.614 , -0.03000641 , 103.2 , 103.23
18.616 , -0.03000641 , 103.2 , 103.23
18.618 , -0.04000092 , 103.18 , 103.22
18.62 , -0.04000092 , 103.18 , 103.22
18.622 , -0.02999878 , 103.18 , 103.21
18.624 , -0.01999664 , 103.18 , 103.2
18.625 , -0.05999756 , 103.14 , 103.2
18.627 , -0.01000214 , 103.18 , 103.19
18.629 , -0.05000305 , 103.14 , 103.19
18.631 , -0.06999969 , 103.11 , 103.18
18.633 , -0.04000092 , 103.14 , 103.18
18.635 , 0.01000214 , 103.18 , 103.17
18.637 , 0.01000214 , 103.18 , 103.17
18.639 , 0.03999329 , 103.2 , 103.16
18.64 , 0.01999664 , 103.18 , 103.16
18.642 , 0.02999878 , 103.18 , 103.15
18.644 , 0.0 , 103.14 , 103.14
18.646 , 0.0 , 103.14 , 103.14
18.648 , -0.05999756 , 103.07 , 103.13
18.65 , 0.01000214 , 103.14 , 103.13
18.652 , -0.01000214 , 103.11 , 103.12
18.653 , -0.01000214 , 103.11 , 103.12
18.655 , 0.02999878 , 103.14 , 103.11
18.657 , 0.06999969 , 103.18 , 103.11
18.659 , 0.01000214 , 103.11 , 103.1
18.661 , 0.02000427 , 103.11 , 103.09
18.663 , 0.02000427 , 103.11 , 103.09
18.664 , -0.01999664 , 103.07 , 103.09
18.666 , 0.05999756 , 103.14 , 103.08
18.668 , 0.0 , 103.07 , 103.07
18.67 , 0.0 , 103.07 , 103.07
18.672 , 0.01000214 , 103.07 , 103.06
18.674 , 0.01000214 , 103.07 , 103.06
18.676 , 0.01999664 , 103.07 , 103.05
18.677 , -0.01000214 , 103.04 , 103.05
18.679 , 0.02999878 , 103.07 , 103.04
18.681 , -0.02999878 , 103.0 , 103.03
18.683 , 0.04000092 , 103.07 , 103.03
18.685 , 0.02000427 , 103.04 , 103.02
18.687 , 0.02000427 , 103.04 , 103.02
18.689 , 0.02999878 , 103.04 , 103.01
18.691 , 0.02999878 , 103.04 , 103.01
18.692 , 0.0 , 103.0 , 103.0
18.694 , 0.0 , 103.0 , 103.0
18.696 , 0.01000214 , 103.0 , 102.99
18.698 , 0.01999664 , 103.0 , 102.98
18.7 , 0.0 , 102.98 , 102.98
18.701 , 0.0 , 102.98 , 102.98
18.703 , 0.01000214 , 102.98 , 102.97
18.705 , 0.02000427 , 102.98 , 102.96
18.707 , 0.04000092 , 103.0 , 102.96
18.709 , 0.03000641 , 102.98 , 102.95
18.711 , 0.03000641 , 102.98 , 102.95
18.712 , 0.04000092 , 102.98 , 102.94
18.714 , 0.04000092 , 102.98 , 102.94
18.716 , 0.05000305 , 102.98 , 102.93
18.718 , 0.01999664 , 102.95 , 102.93
18.72 , 0.02999878 , 102.95 , 102.92
18.722 , 0.03999329 , 102.95 , 102.91
18.724 , 0.06999969 , 102.98 , 102.91
18.725 , 0.01000214 , 102.91 , 102.9
18.727 , 0.01000214 , 102.91 , 102.9
18.729 , -0.01000214 , 102.88 , 102.89
18.731 , 0.02000427 , 102.91 , 102.89
18.733 , 0.03000641 , 102.91 , 102.88
18.735 , 0.03000641 , 102.91 , 102.88
18.737 , 0.04000092 , 102.91 , 102.87
18.738 , 0.04000092 , 102.91 , 102.87
18.74 , 0.01999664 , 102.88 , 102.86
18.742 , 0.02999878 , 102.88 , 102.85
18.744 , -0.01000214 , 102.84 , 102.85
18.746 , 0.0 , 102.84 , 102.84
18.748 , 0.0 , 102.84 , 102.84
18.75 , 0.009994507 , 102.84 , 102.83
18.752 , 0.04999542 , 102.88 , 102.83
18.754 , 0.01999664 , 102.84 , 102.82
18.755 , 0.0 , 102.82 , 102.82
18.757 , 0.02999878 , 102.84 , 102.81
18.759 , 0.01999664 , 102.82 , 102.8
18.761 , 0.01999664 , 102.82 , 102.8
18.763 , -0.02000427 , 102.77 , 102.79
18.765 , -0.02000427 , 102.77 , 102.79
18.767 , -0.01000214 , 102.77 , 102.78
18.769 , 0.0 , 102.77 , 102.77
18.771 , -0.01999664 , 102.75 , 102.77
18.773 , -0.01000214 , 102.75 , 102.76
18.774 , -0.01000214 , 102.75 , 102.76
18.776 , 0.01999664 , 102.77 , 102.75
18.778 , 0.0 , 102.75 , 102.75
18.78 , 0.01000214 , 102.75 , 102.74
18.782 , 0.01000214 , 102.75 , 102.74
18.784 , 0.01999664 , 102.75 , 102.73
18.785 , 0.01999664 , 102.75 , 102.73
18.787 , 0.02999878 , 102.75 , 102.72
18.789 , 0.02999878 , 102.75 , 102.72
18.791 , 0.01000214 , 102.72 , 102.71
18.793 , 0.05000305 , 102.75 , 102.7
18.795 , 0.05000305 , 102.75 , 102.7
18.797 , -0.01000214 , 102.68 , 102.69
18.799 , -0.01000214 , 102.68 , 102.69
18.8 , 0.0 , 102.68 , 102.68
18.802 , 0.0 , 102.68 , 102.68
18.804 , 0.01000214 , 102.68 , 102.67
18.814 , 0.04000092 , 102.68 , 102.64
18.815 , 0.02000427 , 102.66 , 102.64
18.817 , 0.03000641 , 102.66 , 102.63
18.819 , -0.01999664 , 102.61 , 102.63
18.821 , 0.04000092 , 102.66 , 102.62
18.823 , 0.04000092 , 102.66 , 102.62
18.825 , 0.05000305 , 102.66 , 102.61
18.827 , -0.01000214 , 102.59 , 102.6
18.828 , 0.01000214 , 102.61 , 102.6
18.83 , 0.02000427 , 102.61 , 102.59
18.832 , 0.0 , 102.59 , 102.59
18.834 , 0.02999878 , 102.61 , 102.58
18.836 , 0.009994507 , 102.59 , 102.58
18.838 , 0.01999664 , 102.59 , 102.57
18.84 , 0.02999878 , 102.59 , 102.56
18.842 , -0.01999664 , 102.54 , 102.56
18.844 , -0.01000214 , 102.54 , 102.55
18.846 , -0.03000641 , 102.52 , 102.55
18.847 , 0.0 , 102.54 , 102.54
18.849 , -0.02000427 , 102.52 , 102.54
18.851 , -0.01000214 , 102.52 , 102.53
18.853 , -0.01000214 , 102.52 , 102.53
18.855 , 0.0 , 102.52 , 102.52
18.857 , -0.02000427 , 102.49 , 102.51
18.858 , 0.009994507 , 102.52 , 102.51
18.86 , -0.02000427 , 102.49 , 102.51
18.862 , -0.01000214 , 102.49 , 102.5
18.864 , 0.0 , 102.49 , 102.49
18.866 , 0.0 , 102.49 , 102.49
18.868 , -0.03000641 , 102.45 , 102.48
18.87 , 0.009994507 , 102.49 , 102.48
18.872 , -0.02000427 , 102.45 , 102.47
18.873 , 0.01999664 , 102.49 , 102.47
18.875 , -0.01000214 , 102.45 , 102.46
18.877 , -0.08000183 , 102.38 , 102.46
18.879 , 0.0 , 102.45 , 102.45
18.881 , 0.009994507 , 102.45 , 102.44
18.883 , -0.06000519 , 102.38 , 102.44
18.885 , -0.05000305 , 102.38 , 102.43
18.887 , -0.05000305 , 102.38 , 102.43
18.889 , -0.04000092 , 102.38 , 102.42
18.89 , -0.05999756 , 102.36 , 102.42
18.892 , -0.05000305 , 102.36 , 102.41
18.894 , -0.05000305 , 102.36 , 102.41
18.896 , -0.04000092 , 102.36 , 102.4
18.898 , -0.08000183 , 102.31 , 102.39
18.9 , -0.02999878 , 102.36 , 102.39
18.902 , -0.06999969 , 102.31 , 102.38
18.904 , -0.01999664 , 102.36 , 102.38
18.906 , -0.06000519 , 102.31 , 102.37
18.907 , -0.06000519 , 102.31 , 102.37
18.909 , -0.05000305 , 102.31 , 102.36
18.911 , -0.05999756 , 102.29 , 102.35
18.913 , -0.05999756 , 102.29 , 102.35
18.915 , -0.04999542 , 102.29 , 102.34
18.917 , -0.02999878 , 102.31 , 102.34
18.919 , -0.04000092 , 102.29 , 102.33
18.921 , -0.04000092 , 102.29 , 102.33
18.923 , -0.02999878 , 102.29 , 102.32
18.924 , -0.02999878 , 102.29 , 102.32
18.926 , -0.01999664 , 102.29 , 102.31
18.928 , -0.01000214 , 102.29 , 102.3
18.93 , -0.03000641 , 102.27 , 102.3
18.932 , -0.09000397 , 102.2 , 102.29
18.934 , -0.02000427 , 102.27 , 102.29
18.936 , -0.05999756 , 102.22 , 102.28
18.938 , -0.01000214 , 102.27 , 102.28
18.939 , 0.0 , 102.27 , 102.27
18.941 , -0.04999542 , 102.22 , 102.27
18.943 , -0.06000519 , 102.2 , 102.26
18.945 , -0.05000305 , 102.2 , 102.25
18.947 , -0.02999878 , 102.22 , 102.25
18.949 , -0.04000092 , 102.2 , 102.24
18.951 , -0.04000092 , 102.2 , 102.24
18.953 , -0.03000641 , 102.2 , 102.23
18.955 , -0.02000427 , 102.2 , 102.22
18.956 , -0.02000427 , 102.2 , 102.22
18.958 , -0.02000427 , 102.2 , 102.22
18.96 , -0.05999756 , 102.15 , 102.21
18.962 , -0.04999542 , 102.15 , 102.2
18.964 , -0.04999542 , 102.15 , 102.2
18.966 , -0.04000092 , 102.15 , 102.19
18.968 , -0.04000092 , 102.15 , 102.19
18.97 , -0.05000305 , 102.13 , 102.18
18.971 , -0.02999878 , 102.15 , 102.18
18.973 , -0.04000092 , 102.13 , 102.17
18.975 , -0.04000092 , 102.13 , 102.17
18.977 , -0.03000641 , 102.13 , 102.16
18.979 , -0.06999969 , 102.08 , 102.15
18.981 , -0.06999969 , 102.08 , 102.15
18.983 , -0.01000214 , 102.13 , 102.14
18.985 , -0.01000214 , 102.13 , 102.14
18.986 , 0.0 , 102.13 , 102.13
18.988 , -0.06999969 , 102.06 , 102.13
18.99 , -0.04000092 , 102.08 , 102.12
18.992 , -0.06000519 , 102.06 , 102.12
18.994 , -0.02999878 , 102.08 , 102.11
18.996 , -0.01999664 , 102.08 , 102.1
18.998 , -0.01999664 , 102.08 , 102.1
19.0 , -0.02999878 , 102.06 , 102.09
19.002 , -0.02999878 , 102.06 , 102.09
19.003 , -0.02000427 , 102.06 , 102.08
19.005 , -0.02000427 , 102.06 , 102.08
19.007 , -0.02999878 , 102.04 , 102.07
19.009 , -0.01000214 , 102.06 , 102.07
19.011 , -0.01999664 , 102.04 , 102.06
19.013 , -0.01000214 , 102.04 , 102.05
19.015 , -0.01000214 , 102.04 , 102.05
19.016 , -0.05000305 , 101.99 , 102.04
19.018 , -0.05000305 , 101.99 , 102.04
19.02 , -0.04000092 , 101.99 , 102.03
19.022 , -0.04000092 , 101.99 , 102.03
19.024 , -0.02999878 , 101.99 , 102.02
19.026 , 0.02999878 , 102.04 , 102.01
19.028 , -0.02000427 , 101.99 , 102.01
19.03 , -0.01000214 , 101.99 , 102.0
19.031 , -0.02999878 , 101.97 , 102.0
19.033 , 0.0 , 101.99 , 101.99
19.035 , -0.01999664 , 101.97 , 101.99
19.037 , -0.01000214 , 101.97 , 101.98
19.039 , -0.06000519 , 101.92 , 101.98
19.041 , 0.0 , 101.97 , 101.97
19.042 , -0.05000305 , 101.92 , 101.97
19.044 , 0.01000214 , 101.97 , 101.96
19.046 , -0.04000092 , 101.92 , 101.96
19.048 , -0.02999878 , 101.92 , 101.95
19.05 , 0.04999542 , 101.99 , 101.94
19.052 , 0.02999878 , 101.97 , 101.94
19.054 , 0.04000092 , 101.97 , 101.93
19.056 , 0.04000092 , 101.97 , 101.93
19.057 , 0.0 , 101.92 , 101.92
19.059 , 0.05000305 , 101.97 , 101.92
19.061 , 0.009994507 , 101.92 , 101.91
19.063 , 0.009994507 , 101.92 , 101.91
19.065 , 0.01999664 , 101.92 , 101.9
19.067 , 0.01000214 , 101.9 , 101.89
19.069 , -0.04000092 , 101.85 , 101.89
19.071 , -0.02999878 , 101.85 , 101.88
19.073 , 0.04000092 , 101.92 , 101.88
19.075 , 0.02999878 , 101.9 , 101.87
19.076 , 0.02999878 , 101.9 , 101.87
19.078 , 0.04000092 , 101.9 , 101.86
19.08 , 0.04000092 , 101.9 , 101.86
19.082 , 0.05000305 , 101.9 , 101.85
19.084 , 0.01000214 , 101.85 , 101.84
19.086 , 0.01000214 , 101.85 , 101.84
19.088 , 0.01999664 , 101.85 , 101.83
19.09 , 0.0 , 101.83 , 101.83
19.091 , 0.01000214 , 101.83 , 101.82
19.093 , 0.01000214 , 101.83 , 101.82
19.095 , 0.04000092 , 101.85 , 101.81
19.097 , 0.02999878 , 101.83 , 101.8
19.099 , 0.009994507 , 101.81 , 101.8
19.101 , 0.04000092 , 101.83 , 101.79
19.102 , 0.04000092 , 101.83 , 101.79
19.104 , 0.05000305 , 101.83 , 101.78
19.106 , 0.02999878 , 101.81 , 101.78
19.108 , -0.009994507 , 101.76 , 101.77
19.11 , 0.04000092 , 101.81 , 101.77
19.112 , 0.0 , 101.76 , 101.76
19.114 , 0.08000183 , 101.83 , 101.75
19.115 , 0.01000214 , 101.76 , 101.75
19.117 , 0.05999756 , 101.81 , 101.75
19.119 , 0.06999969 , 101.81 , 101.74
19.121 , 0.009994507 , 101.74 , 101.73
19.123 , 0.009994507 , 101.74 , 101.73
19.125 , 0.01999664 , 101.74 , 101.72
19.127 , 0.04000092 , 101.76 , 101.72
19.129 , -0.01999664 , 101.69 , 101.71
19.131 , -0.009994507 , 101.69 , 101.7
19.133 , 0.04000092 , 101.74 , 101.7
19.135 , 0.04999542 , 101.74 , 101.69
19.137 , 0.04999542 , 101.74 , 101.69
19.138 , 0.05999756 , 101.74 , 101.68
19.14 , 0.01000214 , 101.69 , 101.68
19.142 , 0.0 , 101.67 , 101.67
19.144 , 0.0 , 101.67 , 101.67
19.146 , 0.009994507 , 101.67 , 101.66
19.148 , 0.01999664 , 101.67 , 101.65
19.15 , 0.01999664 , 101.67 , 101.65
19.152 , -0.01000214 , 101.63 , 101.64
19.153 , 0.02999878 , 101.67 , 101.64
19.155 , -0.04999542 , 101.58 , 101.63
19.157 , -0.02999878 , 101.6 , 101.63
19.159 , -0.02000427 , 101.6 , 101.62
19.161 , -0.02000427 , 101.6 , 101.62
19.163 , 0.01999664 , 101.63 , 101.61
19.165 , -0.01999664 , 101.58 , 101.6
19.167 , -0.01999664 , 101.58 , 101.6
19.169 , -0.009994507 , 101.58 , 101.59
19.171 , -0.009994507 , 101.58 , 101.59
19.173 , 0.01999664 , 101.6 , 101.58
19.175 , -0.04000092 , 101.53 , 101.57
19.177 , -0.04000092 , 101.53 , 101.57
19.178 , -0.04000092 , 101.53 , 101.57
19.18 , 0.02000427 , 101.58 , 101.56
19.182 , -0.04000092 , 101.51 , 101.55
19.184 , -0.04000092 , 101.51 , 101.55
19.186 , -0.01000214 , 101.53 , 101.54
19.188 , -0.02999878 , 101.51 , 101.54
19.19 , -0.06999969 , 101.46 , 101.53
19.192 , -0.009994507 , 101.51 , 101.52
19.194 , -0.009994507 , 101.51 , 101.52
19.196 , 0.0 , 101.51 , 101.51
19.197 , -0.05000305 , 101.46 , 101.51
19.199 , -0.04000092 , 101.46 , 101.5
19.201 , -0.04000092 , 101.46 , 101.5
19.203 , -0.02999878 , 101.46 , 101.49
19.205 , 0.02000427 , 101.51 , 101.49
19.207 , -0.04000092 , 101.44 , 101.48
19.208 , -0.02000427 , 101.46 , 101.48
19.21 , -0.02999878 , 101.44 , 101.47
19.212 , -0.01999664 , 101.44 , 101.46
19.214 , -0.01999664 , 101.44 , 101.46
19.216 , -0.009994507 , 101.44 , 101.45
19.218 , 0.01000214 , 101.46 , 101.45
19.22 , -0.04000092 , 101.4 , 101.44
19.222 , -0.04000092 , 101.4 , 101.44
19.223 , -0.02999878 , 101.4 , 101.43
19.225 , 0.01000214 , 101.44 , 101.43
19.227 , -0.04999542 , 101.37 , 101.42
19.229 , -0.01000214 , 101.4 , 101.41
19.231 , 0.02999878 , 101.44 , 101.41
19.233 , 0.0 , 101.4 , 101.4
19.234 , 0.0 , 101.4 , 101.4
19.236 , -0.01999664 , 101.37 , 101.39
19.238 , -0.01999664 , 101.37 , 101.39
19.24 , -0.009994507 , 101.37 , 101.38
19.242 , -0.009994507 , 101.37 , 101.38
19.244 , 0.0 , 101.37 , 101.37
19.245 , 0.0 , 101.37 , 101.37
19.247 , -0.02999878 , 101.33 , 101.36
19.249 , -0.02999878 , 101.33 , 101.36
19.251 , -0.01999664 , 101.33 , 101.35
19.253 , -0.03999329 , 101.3 , 101.34
19.255 , -0.009994507 , 101.33 , 101.34
19.257 , 0.0 , 101.33 , 101.33
19.258 , 0.04000092 , 101.37 , 101.33
19.26 , 0.01000214 , 101.33 , 101.32
19.262 , 0.01000214 , 101.33 , 101.32
19.264 , -0.009994507 , 101.3 , 101.31
19.266 , 0.02000427 , 101.33 , 101.31
19.268 , 0.0 , 101.3 , 101.3
19.269 , 0.02999878 , 101.33 , 101.3
19.271 , 0.01000214 , 101.3 , 101.29
19.273 , 0.0 , 101.28 , 101.28
19.275 , 0.02000427 , 101.3 , 101.28
19.277 , 0.06000519 , 101.33 , 101.27
19.279 , 0.03000641 , 101.3 , 101.27
19.28 , 0.04000092 , 101.3 , 101.26
19.282 , 0.01999664 , 101.28 , 101.26
19.284 , -0.01000214 , 101.24 , 101.25
19.286 , 0.05000305 , 101.3 , 101.25
19.288 , 0.0 , 101.24 , 101.24
19.29 , 0.04999542 , 101.28 , 101.23
19.291 , 0.04999542 , 101.28 , 101.23
19.293 , -0.02000427 , 101.21 , 101.23
19.295 , 0.01999664 , 101.24 , 101.22
19.297 , 0.02999878 , 101.24 , 101.21
19.299 , 0.02999878 , 101.24 , 101.21
19.301 , 0.04000092 , 101.24 , 101.2
19.303 , 0.04000092 , 101.24 , 101.2
19.305 , 0.01999664 , 101.21 , 101.19
19.306 , 0.01999664 , 101.21 , 101.19
19.308 , -0.01000214 , 101.17 , 101.18
19.31 , -0.01000214 , 101.17 , 101.18
19.312 , 0.04000092 , 101.21 , 101.17
19.314 , 0.04999542 , 101.21 , 101.16
19.316 , 0.04999542 , 101.21 , 101.16
19.318 , 0.01999664 , 101.17 , 101.15
19.32 , 0.01999664 , 101.17 , 101.15
19.321 , 0.02999878 , 101.17 , 101.14
19.323 , 0.02999878 , 101.17 , 101.14
19.325 , 0.01000214 , 101.14 , 101.13
19.327 , 0.01999664 , 101.14 , 101.12
19.329 , 0.01999664 , 101.14 , 101.12
19.331 , 0.02999878 , 101.14 , 101.11
19.333 , 0.02999878 , 101.14 , 101.11
19.335 , 0.04000092 , 101.14 , 101.1
19.337 , 0.0 , 101.1 , 101.1
19.338 , 0.01000214 , 101.1 , 101.09
19.34 , 0.01000214 , 101.1 , 101.09
19.342 , 0.01999664 , 101.1 , 101.08
19.344 , 0.02999878 , 101.1 , 101.07
19.346 , 0.01000214 , 101.08 , 101.07
19.348 , 0.04000092 , 101.1 , 101.06
19.35 , 0.04000092 , 101.1 , 101.06
19.352 , 0.02999878 , 101.08 , 101.05
19.354 , 0.04999542 , 101.1 , 101.05
19.355 , 0.04000092 , 101.08 , 101.04
19.357 , 0.05999756 , 101.1 , 101.04
19.359 , 0.05000305 , 101.08 , 101.03
19.361 , -0.009994507 , 101.01 , 101.02
19.363 , -0.05999756 , 100.96 , 101.02
19.365 , 0.0 , 101.01 , 101.01
19.367 , -0.05000305 , 100.96 , 101.01
19.369 , 0.01000214 , 101.01 , 101.0
19.37 , 0.01000214 , 101.01 , 101.0
19.372 , 0.02000427 , 101.01 , 100.99
19.374 , 0.02000427 , 101.01 , 100.99
19.376 , 0.02999878 , 101.01 , 100.98
19.378 , 0.04000092 , 101.01 , 100.97
19.379 , -0.01000214 , 100.96 , 100.97
19.381 , -0.01000214 , 100.96 , 100.97
19.383 , 0.0 , 100.96 , 100.96
19.385 , -0.02999878 , 100.92 , 100.95
19.387 , 0.01000214 , 100.96 , 100.95
19.389 , -0.05000305 , 100.89 , 100.94
19.391 , -0.02000427 , 100.92 , 100.94
19.393 , -0.04000092 , 100.89 , 100.93
19.395 , 0.0 , 100.92 , 100.92
19.396 , 0.04000092 , 100.96 , 100.92
19.398 , -0.02000427 , 100.89 , 100.91
19.4 , -0.02000427 , 100.89 , 100.91
19.402 , -0.01000214 , 100.89 , 100.9
19.404 , -0.01000214 , 100.89 , 100.9
19.406 , 0.0 , 100.89 , 100.89
19.407 , -0.04000092 , 100.85 , 100.89
19.409 , 0.01000214 , 100.89 , 100.88
19.411 , 0.01000214 , 100.89 , 100.88
19.413 , 0.01999664 , 100.89 , 100.87
19.415 , -0.01000214 , 100.85 , 100.86
19.417 , -0.01000214 , 100.85 , 100.86
19.419 , 0.0 , 100.85 , 100.85
19.421 , -0.02999878 , 100.82 , 100.85
19.422 , 0.01000214 , 100.85 , 100.84
19.424 , -0.03999329 , 100.8 , 100.84
19.426 , 0.01999664 , 100.85 , 100.83
19.428 , -0.02999878 , 100.8 , 100.83
19.43 , 0.0 , 100.82 , 100.82
19.432 , -0.009994507 , 100.8 , 100.81
19.434 , 0.01000214 , 100.82 , 100.81
19.436 , 0.01999664 , 100.82 , 100.8
19.438 , 0.0 , 100.8 , 100.8
19.439 , 0.01000214 , 100.8 , 100.79
19.441 , -0.02999878 , 100.76 , 100.79
19.443 , -0.04999542 , 100.73 , 100.78
19.445 , 0.02000427 , 100.8 , 100.78
19.447 , 0.03000641 , 100.8 , 100.77
19.449 , -0.02999878 , 100.73 , 100.76
19.45 , 0.0 , 100.76 , 100.76
19.452 , 0.0 , 100.76 , 100.76
19.454 , -0.01999664 , 100.73 , 100.75
19.456 , 0.02000427 , 100.76 , 100.74
19.458 , -0.009994507 , 100.73 , 100.74
19.46 , 0.02999878 , 100.76 , 100.73
19.461 , 0.0 , 100.73 , 100.73
19.463 , -0.02999878 , 100.69 , 100.72
19.465 , 0.04000092 , 100.76 , 100.72
19.467 , 0.02000427 , 100.73 , 100.71
19.469 , 0.02000427 , 100.73 , 100.71
19.471 , -0.009994507 , 100.69 , 100.7
19.473 , 0.0 , 100.69 , 100.69
19.474 , 0.04000092 , 100.73 , 100.69
19.476 , 0.08000183 , 100.76 , 100.68
19.478 , 0.01000214 , 100.69 , 100.68
19.48 , 0.06000519 , 100.73 , 100.67
19.482 , 0.06000519 , 100.73 , 100.67
19.484 , 0.02999878 , 100.69 , 100.66
19.486 , 0.04000092 , 100.69 , 100.65
19.487 , 0.04000092 , 100.69 , 100.65
19.489 , 0.01000214 , 100.66 , 100.65
19.491 , 0.02000427 , 100.66 , 100.64
19.493 , 0.03000641 , 100.66 , 100.63
19.495 , 0.03000641 , 100.66 , 100.63
19.497 , 0.0 , 100.62 , 100.62
19.498 , 0.04000092 , 100.66 , 100.62
19.5 , 0.01000214 , 100.62 , 100.61
19.502 , 0.01000214 , 100.62 , 100.61
19.504 , 0.02000427 , 100.62 , 100.6
19.506 , 0.0 , 100.6 , 100.6
19.507 , 0.01000214 , 100.6 , 100.59
19.509 , 0.01000214 , 100.6 , 100.59
19.511 , 0.01999664 , 100.6 , 100.58
19.513 , 0.02999878 , 100.6 , 100.57
19.515 , 0.02999878 , 100.6 , 100.57
19.517 , 0.04000092 , 100.6 , 100.56
19.519 , 0.01000214 , 100.57 , 100.56
19.521 , 0.01999664 , 100.57 , 100.55
19.523 , 0.01999664 , 100.57 , 100.55
19.525 , 0.02999878 , 100.57 , 100.54
19.526 , -0.01000214 , 100.53 , 100.54
19.528 , 0.0 , 100.53 , 100.53
19.53 , 0.05000305 , 100.57 , 100.52
19.532 , 0.01000214 , 100.53 , 100.52
19.534 , -0.01000214 , 100.5 , 100.51
19.536 , 0.05999756 , 100.57 , 100.51
19.538 , 0.02999878 , 100.53 , 100.5
19.539 , 0.02999878 , 100.53 , 100.5
19.541 , 0.01000214 , 100.5 , 100.49
19.543 , 0.01000214 , 100.5 , 100.49
19.545 , 0.01999664 , 100.5 , 100.48
19.547 , 0.02999878 , 100.5 , 100.47
19.549 , -0.01000214 , 100.46 , 100.47
19.551 , 0.04000092 , 100.5 , 100.46
19.552 , 0.0 , 100.46 , 100.46
19.554 , 0.05000305 , 100.5 , 100.45
19.556 , 0.01000214 , 100.46 , 100.45
19.558 , 0.01999664 , 100.46 , 100.44
19.56 , 0.05999756 , 100.5 , 100.44
19.562 , 0.02999878 , 100.46 , 100.43
19.563 , 0.0 , 100.43 , 100.43
19.565 , 0.04000092 , 100.46 , 100.42
19.567 , 0.04000092 , 100.46 , 100.42
19.569 , 0.01999664 , 100.43 , 100.41
19.571 , 0.02999878 , 100.43 , 100.4
19.573 , 0.02999878 , 100.43 , 100.4
19.575 , -0.01999664 , 100.37 , 100.39
19.576 , 0.04000092 , 100.43 , 100.39
19.578 , 0.01000214 , 100.39 , 100.38
19.58 , 0.01000214 , 100.39 , 100.38
19.582 , 0.01999664 , 100.39 , 100.37
19.584 , 0.01999664 , 100.39 , 100.37
19.586 , 0.02999878 , 100.39 , 100.36
19.588 , 0.02000427 , 100.37 , 100.35
19.59 , 0.02000427 , 100.37 , 100.35
19.592 , 0.03000641 , 100.37 , 100.34
19.594 , 0.05000305 , 100.39 , 100.34
19.595 , 0.009994507 , 100.34 , 100.33
19.598 , 0.05000305 , 100.37 , 100.32
19.599 , 0.05000305 , 100.37 , 100.32
19.601 , 0.02999878 , 100.34 , 100.31
19.603 , 0.02999878 , 100.34 , 100.31
19.605 , 0.06999969 , 100.37 , 100.3
19.607 , 0.03999329 , 100.34 , 100.3
19.609 , 0.01000214 , 100.3 , 100.29
19.611 , 0.01000214 , 100.3 , 100.29
19.612 , 0.02000427 , 100.3 , 100.28
19.614 , -0.01000214 , 100.27 , 100.28
19.616 , 0.03000641 , 100.3 , 100.27
19.618 , 0.04000092 , 100.3 , 100.26
19.62 , 0.009994507 , 100.27 , 100.26
19.622 , 0.01999664 , 100.27 , 100.25
19.624 , 0.01999664 , 100.27 , 100.25
19.626 , 0.02999878 , 100.27 , 100.24
19.628 , 0.03999329 , 100.27 , 100.23
19.629 , 0.03999329 , 100.27 , 100.23
19.631 , 0.03999329 , 100.27 , 100.23
19.633 , 0.04999542 , 100.27 , 100.22
19.635 , 0.02000427 , 100.23 , 100.21
19.637 , 0.02000427 , 100.23 , 100.21
19.639 , 0.03000641 , 100.23 , 100.2
19.641 , 0.03000641 , 100.23 , 100.2
19.642 , 0.04000092 , 100.23 , 100.19
19.644 , 0.04000092 , 100.23 , 100.19
19.646 , 0.02999878 , 100.21 , 100.18
19.648 , 0.02999878 , 100.21 , 100.18
19.65 , 0.04000092 , 100.21 , 100.17
19.652 , 0.06999969 , 100.23 , 100.16
19.654 , 0.04999542 , 100.21 , 100.16
19.656 , 0.05999756 , 100.21 , 100.15
19.657 , 0.01000214 , 100.16 , 100.15
19.659 , 0.02000427 , 100.16 , 100.14
19.661 , 0.02000427 , 100.16 , 100.14
19.671 , 0.02999878 , 100.14 , 100.11
19.673 , 0.01000214 , 100.11 , 100.1
19.675 , 0.01000214 , 100.11 , 100.1
19.677 , 0.02000427 , 100.11 , 100.09
19.678 , -0.01999664 , 100.07 , 100.09
19.68 , -0.01000214 , 100.07 , 100.08
19.682 , 0.02999878 , 100.11 , 100.08
19.684 , 0.0 , 100.07 , 100.07
19.686 , 0.01000214 , 100.07 , 100.06
19.688 , 0.01000214 , 100.07 , 100.06
19.69 , 0.0 , 100.05 , 100.05
19.691 , 0.01999664 , 100.07 , 100.05
19.693 , 0.01000214 , 100.05 , 100.04
19.695 , 0.01000214 , 100.05 , 100.04
19.697 , -0.02999878 , 100.0 , 100.03
19.699 , 0.05000305 , 100.07 , 100.02
19.701 , -0.01999664 , 100.0 , 100.02
19.703 , -0.01000214 , 100.0 , 100.01
19.704 , 0.04000092 , 100.05 , 100.01
19.706 , -0.01999664 , 99.98 , 100.0
19.708 , 0.0 , 100.0 , 100.0
19.71 , 0.01000214 , 100.0 , 99.99
19.711 , 0.01000214 , 100.0 , 99.99
19.713 , 0.01999664 , 100.0 , 99.98
19.715 , 0.0 , 99.98 , 99.98
19.716 , 0.02999878 , 100.0 , 99.97
19.718 , 0.01000214 , 99.98 , 99.97
19.72 , 0.02000427 , 99.98 , 99.96
19.722 , 0.02000427 , 99.98 , 99.96
19.723 , 0.03000641 , 99.98 , 99.95
19.725 , -0.03999329 , 99.91 , 99.95
19.727 , -0.01000214 , 99.93 , 99.94
19.729 , -0.01000214 , 99.93 , 99.94
19.73 , 0.0 , 99.93 , 99.93
19.732 , 0.0 , 99.93 , 99.93
19.733 , -0.009994507 , 99.91 , 99.92
19.735 , -0.009994507 , 99.91 , 99.92
19.737 , 0.0 , 99.91 , 99.91
19.738 , 0.0 , 99.91 , 99.91
19.74 , 0.02999878 , 99.93 , 99.9
19.742 , 0.01000214 , 99.91 , 99.9
19.743 , 0.02000427 , 99.91 , 99.89
19.745 , 0.04000092 , 99.93 , 99.89
19.747 , 0.05000305 , 99.93 , 99.88
19.749 , 0.01000214 , 99.89 , 99.88
19.75 , 0.04000092 , 99.91 , 99.87
19.752 , -0.03000641 , 99.84 , 99.87
19.754 , 0.02999878 , 99.89 , 99.86
19.756 , 0.05000305 , 99.91 , 99.86
19.757 , -0.01000214 , 99.84 , 99.85
19.759 , 0.04000092 , 99.89 , 99.85
19.761 , 0.05000305 , 99.89 , 99.84
19.763 , 0.05000305 , 99.89 , 99.84
19.764 , 0.05999756 , 99.89 , 99.83
19.766 , -0.01000214 , 99.82 , 99.83
19.768 , 0.01999664 , 99.84 , 99.82
19.77 , 0.01999664 , 99.84 , 99.82
19.771 , 0.02999878 , 99.84 , 99.81
19.773 , 0.02999878 , 99.84 , 99.81
19.775 , 0.01999664 , 99.82 , 99.8
19.777 , 0.02999878 , 99.82 , 99.79
19.779 , 0.04999542 , 99.84 , 99.79
19.78 , 0.02999878 , 99.82 , 99.79
19.782 , 0.04000092 , 99.82 , 99.78
19.784 , 0.05000305 , 99.82 , 99.77
19.786 , 0.05000305 , 99.82 , 99.77
19.788 , 0.009994507 , 99.77 , 99.76
19.789 , 0.05999756 , 99.82 , 99.76
19.791 , 0.01999664 , 99.77 , 99.75
19.793 , 0.01999664 , 99.77 , 99.75
19.795 , -0.04000092 , 99.7 , 99.74
19.797 , 0.02999878 , 99.77 , 99.74
19.798 , -0.03000641 , 99.7 , 99.73
19.8 , -0.03000641 , 99.7 , 99.73
19.802 , -0.02000427 , 99.7 , 99.72
19.804 , 0.05999756 , 99.77 , 99.71
19.805 , -0.01000214 , 99.7 , 99.71
19.807 , -0.01000214 , 99.7 , 99.71
19.809 , 0.0 , 99.7 , 99.7
19.81 , -0.01999664 , 99.68 , 99.7
19.812 , -0.01000214 , 99.68 , 99.69
19.814 , 0.0 , 99.68 , 99.68
19.815 , 0.0 , 99.68 , 99.68
19.817 , -0.01999664 , 99.66 , 99.68
19.819 , 0.01000214 , 99.68 , 99.67
19.82 , -0.009994507 , 99.66 , 99.67
19.822 , 0.0 , 99.66 , 99.66
19.824 , 0.01999664 , 99.68 , 99.66
19.826 , 0.01000214 , 99.66 , 99.65
19.827 , 0.01000214 , 99.66 , 99.65
19.829 , 0.02000427 , 99.66 , 99.64
19.831 , -0.01999664 , 99.61 , 99.63
19.832 , -0.01999664 , 99.61 , 99.63
19.834 , -0.01999664 , 99.61 , 99.63
19.836 , -0.01000214 , 99.61 , 99.62
19.837 , 0.04000092 , 99.66 , 99.62
19.839 , 0.0 , 99.61 , 99.61
19.841 , 0.0 , 99.61 , 99.61
19.842 , 0.01000214 , 99.61 , 99.6
19.844 , 0.01000214 , 99.61 , 99.6
19.846 , 0.02000427 , 99.61 , 99.59
19.847 , 0.0 , 99.59 , 99.59
19.849 , 0.009994507 , 99.59 , 99.58
19.851 , -0.04000092 , 99.54 , 99.58
19.852 , 0.01999664 , 99.59 , 99.57
19.854 , 0.01999664 , 99.59 , 99.57
19.856 , -0.01999664 , 99.54 , 99.56
19.858 , 0.03999329 , 99.59 , 99.55
19.86 , -0.01000214 , 99.54 , 99.55
19.861 , -0.01000214 , 99.54 , 99.55
19.863 , 0.0 , 99.54 , 99.54
19.864 , -0.06999969 , 99.47 , 99.54
19.866 , 0.01000214 , 99.54 , 99.53
19.868 , -0.08000183 , 99.45 , 99.53
19.87 , 0.0 , 99.52 , 99.52
19.871 , 0.0 , 99.52 , 99.52
19.873 , -0.04000092 , 99.47 , 99.51
19.874 , -0.04000092 , 99.47 , 99.51
19.876 , 0.01999664 , 99.52 , 99.5
19.878 , -0.02999878 , 99.47 , 99.5
19.88 , -0.01999664 , 99.47 , 99.49
19.881 , -0.01999664 , 99.47 , 99.49
19.883 , -0.03000641 , 99.45 , 99.48
19.885 , -0.03000641 , 99.45 , 99.48
19.887 , 0.0 , 99.47 , 99.47
19.888 , -0.02000427 , 99.45 , 99.47
19.89 , -0.01000214 , 99.45 , 99.46
19.892 , 0.0 , 99.45 , 99.45
19.893 , -0.04999542 , 99.4 , 99.45
19.895 , -0.04999542 , 99.4 , 99.45
19.897 , 0.009994507 , 99.45 , 99.44
19.899 , 0.01999664 , 99.45 , 99.43
19.9 , -0.02999878 , 99.4 , 99.43
19.902 , -0.01999664 , 99.4 , 99.42
19.904 , -0.01999664 , 99.4 , 99.42
19.906 , -0.03000641 , 99.38 , 99.41
19.907 , -0.03000641 , 99.38 , 99.41
19.909 , -0.02000427 , 99.38 , 99.4
19.911 , -0.04000092 , 99.36 , 99.4
19.912 , -0.02000427 , 99.38 , 99.4
19.914 , -0.01000214 , 99.38 , 99.39
19.916 , 0.0 , 99.38 , 99.38
19.917 , 0.0 , 99.38 , 99.38
19.919 , -0.01000214 , 99.36 , 99.37
19.921 , -0.01000214 , 99.36 , 99.37
19.922 , -0.06000519 , 99.31 , 99.37
19.924 , -0.05000305 , 99.31 , 99.36
19.926 , 0.01000214 , 99.36 , 99.35
19.928 , -0.04000092 , 99.31 , 99.35
19.929 , 0.02000427 , 99.36 , 99.34
19.931 , -0.02999878 , 99.31 , 99.34
19.933 , -0.02000427 , 99.31 , 99.33
19.934 , -0.02000427 , 99.31 , 99.33
19.936 , -0.01000214 , 99.31 , 99.32
19.938 , -0.02999878 , 99.29 , 99.32
19.94 , 0.0 , 99.31 , 99.31
19.941 , 0.0 , 99.31 , 99.31
19.943 , -0.01000214 , 99.29 , 99.3
19.944 , -0.01000214 , 99.29 , 99.3
19.946 , 0.0 , 99.29 , 99.29
19.948 , -0.05000305 , 99.24 , 99.29
19.949 , -0.05000305 , 99.24 , 99.29
19.951 , -0.04000092 , 99.24 , 99.28
19.953 , -0.02999878 , 99.24 , 99.27
19.955 , 0.02000427 , 99.29 , 99.27
19.956 , -0.02999878 , 99.24 , 99.27
19.958 , 0.02999878 , 99.29 , 99.26
19.96 , -0.01000214 , 99.24 , 99.25
19.962 , -0.01000214 , 99.24 , 99.25
19.963 , -0.05999756 , 99.18 , 99.24
19.965 , -0.01999664 , 99.22 , 99.24
19.967 , -0.05000305 , 99.18 , 99.23
19.969 , -0.05000305 , 99.18 , 99.23
19.97 , -0.04000092 , 99.18 , 99.22
19.972 , 0.0 , 99.22 , 99.22
19.974 , -0.02999878 , 99.18 , 99.21
19.975 , -0.05999756 , 99.15 , 99.21
19.977 , -0.01999664 , 99.18 , 99.2
19.979 , -0.01999664 , 99.18 , 99.2
19.981 , -0.04000092 , 99.15 , 99.19
19.982 , -0.01000214 , 99.18 , 99.19
19.984 , 0.04000092 , 99.22 , 99.18
19.986 , 0.04000092 , 99.22 , 99.18
19.987 , 0.01000214 , 99.18 , 99.17
19.989 , 0.01000214 , 99.18 , 99.17
19.991 , 0.01999664 , 99.18 , 99.16
19.992 , 0.01999664 , 99.18 , 99.16
19.994 , 0.02999878 , 99.18 , 99.15
19.996 , 0.02999878 , 99.18 , 99.15
19.998 , 0.01000214 , 99.15 , 99.14
19.999 , 0.04000092 , 99.18 , 99.14
20.001 , 0.02000427 , 99.15 , 99.13
20.003 , 0.05000305 , 99.18 , 99.13
20.004 , 0.05999756 , 99.18 , 99.12
20.006 , 0.02999878 , 99.15 , 99.12
20.008 , 0.01999664 , 99.13 , 99.11
20.009 , 0.04000092 , 99.15 , 99.11
20.011 , 0.02999878 , 99.13 , 99.1
20.013 , 0.02999878 , 99.13 , 99.1
20.015 , 0.04000092 , 99.13 , 99.09
20.016 , 0.04000092 , 99.13 , 99.09
20.018 , 0.0 , 99.08 , 99.08
20.02 , 0.04999542 , 99.13 , 99.08
20.021 , 0.05999756 , 99.13 , 99.07
20.023 , 0.01000214 , 99.08 , 99.07
20.025 , 0.02000427 , 99.08 , 99.06
20.026 , 0.0 , 99.06 , 99.06
20.028 , 0.02999878 , 99.08 , 99.05
20.03 , 0.009994507 , 99.06 , 99.05
20.031 , 0.04000092 , 99.08 , 99.04
20.033 , 0.01999664 , 99.06 , 99.04
20.035 , 0.02999878 , 99.06 , 99.03
20.037 , 0.05000305 , 99.08 , 99.03
20.038 , 0.04000092 , 99.06 , 99.02
20.04 , 0.0 , 99.02 , 99.02
20.041 , 0.009994507 , 99.02 , 99.01
20.043 , 0.009994507 , 99.02 , 99.01
20.045 , 0.01999664 , 99.02 , 99.0
20.047 , 0.01999664 , 99.02 , 99.0
20.048 , -0.04000092 , 98.95 , 98.99
20.05 , 0.0 , 98.99 , 98.99
20.052 , 0.03999329 , 99.02 , 98.98
20.053 , 0.03999329 , 99.02 , 98.98
20.055 , 0.04999542 , 99.02 , 98.97
20.057 , 0.01999664 , 98.99 , 98.97
20.059 , 0.05999756 , 99.02 , 98.96
20.061 , 0.06999969 , 99.02 , 98.95
20.062 , 0.04000092 , 98.99 , 98.95
20.064 , 0.04000092 , 98.99 , 98.95
20.066 , 0.04999542 , 98.99 , 98.94
20.068 , 0.01999664 , 98.95 , 98.93
20.069 , 0.01999664 , 98.95 , 98.93
20.071 , -0.01000214 , 98.92 , 98.93
20.073 , 0.02999878 , 98.95 , 98.92
20.075 , 0.03999329 , 98.95 , 98.91
20.076 , 0.03999329 , 98.95 , 98.91
20.078 , 0.01999664 , 98.92 , 98.9
20.08 , 0.04999542 , 98.95 , 98.9
20.082 , 0.02999878 , 98.92 , 98.89
20.083 , 0.02999878 , 98.92 , 98.89
20.085 , 0.04000092 , 98.92 , 98.88
20.087 , -0.01999664 , 98.86 , 98.88
20.089 , 0.02999878 , 98.9 , 98.87
20.091 , 0.02999878 , 98.9 , 98.87
20.092 , 0.0 , 98.86 , 98.86
20.094 , 0.0 , 98.86 , 98.86
20.095 , 0.05000305 , 98.9 , 98.85
20.097 , -0.01999664 , 98.83 , 98.85
20.099 , 0.02000427 , 98.86 , 98.84
20.1 , -0.009994507 , 98.83 , 98.84
20.102 , 0.0 , 98.83 , 98.83
20.104 , -0.04000092 , 98.79 , 98.83
20.105 , 0.01000214 , 98.83 , 98.82
20.107 , 0.01000214 , 98.83 , 98.82
20.109 , 0.02000427 , 98.83 , 98.81
20.111 , 0.02000427 , 98.83 , 98.81
20.112 , 0.02999878 , 98.83 , 98.8
20.114 , 0.02999878 , 98.83 , 98.8
20.116 , 0.0 , 98.79 , 98.79
20.117 , 0.0 , 98.79 , 98.79
20.119 , 0.01000214 , 98.79 , 98.78
20.12 , 0.01000214 , 98.79 , 98.78
20.122 , 0.02000427 , 98.79 , 98.77
20.124 , -0.009994507 , 98.76 , 98.77
20.125 , 0.06000519 , 98.83 , 98.77
20.127 , 0.0 , 98.76 , 98.76
20.129 , 0.04000092 , 98.79 , 98.75
20.13 , 0.01000214 , 98.76 , 98.75
20.132 , 0.02000427 , 98.76 , 98.74
20.134 , -0.01999664 , 98.72 , 98.74
20.135 , -0.01999664 , 98.72 , 98.74
20.137 , -0.01000214 , 98.72 , 98.73
20.139 , 0.0 , 98.72 , 98.72
20.14 , 0.0 , 98.72 , 98.72
20.142 , 0.0 , 98.72 , 98.72
20.143 , 0.01000214 , 98.72 , 98.71
20.145 , 0.01000214 , 98.72 , 98.71
20.147 , 0.02000427 , 98.72 , 98.7
20.148 , 0.02000427 , 98.72 , 98.7
20.15 , 0.009994507 , 98.7 , 98.69
20.152 , 0.009994507 , 98.7 , 98.69
20.154 , 0.01999664 , 98.7 , 98.68
20.155 , 0.04000092 , 98.72 , 98.68
20.157 , 0.02999878 , 98.7 , 98.67
20.159 , 0.009994507 , 98.67 , 98.66
20.161 , 0.03999329 , 98.7 , 98.66
20.163 , 0.01999664 , 98.67 , 98.65
20.164 , 0.01999664 , 98.67 , 98.65
20.166 , 0.02999878 , 98.67 , 98.64
20.168 , 0.02999878 , 98.67 , 98.64
20.17 , 0.0 , 98.63 , 98.63
20.171 , 0.0 , 98.63 , 98.63
20.173 , 0.04999542 , 98.67 , 98.62
20.175 , 0.04999542 , 98.67 , 98.62
20.176 , 0.01999664 , 98.63 , 98.61
20.178 , -0.01000214 , 98.6 , 98.61
20.18 , 0.02999878 , 98.63 , 98.6
20.182 , 0.0 , 98.6 , 98.6
20.183 , 0.01000214 , 98.6 , 98.59
20.185 , 0.01000214 , 98.6 , 98.59
20.187 , -0.02000427 , 98.56 , 98.58
20.188 , 0.01999664 , 98.6 , 98.58
20.19 , 0.02999878 , 98.6 , 98.57
20.192 , 0.02999878 , 98.6 , 98.57
20.194 , 0.04000092 , 98.6 , 98.56
20.195 , 0.06999969 , 98.63 , 98.56
20.197 , 0.009994507 , 98.56 , 98.55
20.199 , 0.04999542 , 98.6 , 98.55
20.201 , 0.05999756 , 98.6 , 98.54
20.203 , 0.09999847 , 98.63 , 98.53
20.204 , 0.06999969 , 98.6 , 98.53
20.206 , 0.02999878 , 98.56 , 98.53
20.208 , 0.04000092 , 98.56 , 98.52
20.21 , 0.04999542 , 98.56 , 98.51
20.212 , 0.04999542 , 98.56 , 98.51
20.213 , 0.02999878 , 98.54 , 98.51
20.215 , 0.04000092 , 98.54 , 98.5
20.217 , 0.05000305 , 98.54 , 98.49
20.218 , 0.06999969 , 98.56 , 98.49
20.22 , 0.0799942 , 98.56 , 98.48
20.222 , 0.05999756 , 98.54 , 98.48
20.224 , 0.06999969 , 98.54 , 98.47
20.225 , 0.01999664 , 98.49 , 98.47
20.227 , 0.08000183 , 98.54 , 98.46
20.229 , 0.02999878 , 98.49 , 98.46
20.231 , 0.02000427 , 98.47 , 98.45
20.232 , 0.02000427 , 98.47 , 98.45
20.234 , 0.04999542 , 98.49 , 98.44
20.236 , 0.04999542 , 98.49 , 98.44
20.237 , 0.01000214 , 98.44 , 98.43
20.239 , 0.1100006 , 98.54 , 98.43
20.24 , 0.04000092 , 98.47 , 98.43
20.242 , 0.02000427 , 98.44 , 98.42
20.244 , 0.02999878 , 98.44 , 98.41
20.245 , 0.02999878 , 98.44 , 98.41
20.247 , 0.06999969 , 98.47 , 98.4
20.249 , 0.04000092 , 98.44 , 98.4
20.251 , 0.05000305 , 98.44 , 98.39
20.252 , 0.01000214 , 98.4 , 98.39
20.254 , 0.06000519 , 98.44 , 98.38
20.256 , 0.06000519 , 98.44 , 98.38
20.257 , 0.02000427 , 98.4 , 98.38
20.259 , 0.02999878 , 98.4 , 98.37
20.261 , 0.04000092 , 98.4 , 98.36
20.262 , 0.04000092 , 98.4 , 98.36
20.264 , 0.02000427 , 98.37 , 98.35
20.266 , 0.02000427 , 98.37 , 98.35
20.267 , 0.05000305 , 98.4 , 98.35
20.269 , 0.03000641 , 98.37 , 98.34
20.271 , 0.04000092 , 98.37 , 98.33
20.273 , 0.06999969 , 98.4 , 98.33
20.274 , 0.05000305 , 98.37 , 98.32
20.276 , 0.05000305 , 98.37 , 98.32
20.278 , 0.06000519 , 98.37 , 98.31
20.279 , 0.02000427 , 98.33 , 98.31
20.281 , 0.02999878 , 98.33 , 98.3
20.283 , 0.009994507 , 98.31 , 98.3
20.284 , 0.009994507 , 98.31 , 98.3
20.286 , 0.04000092 , 98.33 , 98.29
20.288 , 0.02999878 , 98.31 , 98.28
20.29 , 0.02999878 , 98.31 , 98.28
20.291 , 0.06000519 , 98.33 , 98.27
20.293 , 0.06000519 , 98.33 , 98.27
20.295 , 0.0 , 98.26 , 98.26
20.296 , 0.0 , 98.26 , 98.26
20.298 , 0.01000214 , 98.26 , 98.25
20.299 , 0.01000214 , 98.26 , 98.25
20.301 , -0.01000214 , 98.24 , 98.25
20.303 , 0.02000427 , 98.26 , 98.24
20.305 , 0.009994507 , 98.24 , 98.23
20.306 , 0.009994507 , 98.24 , 98.23
20.308 , 0.01999664 , 98.24 , 98.22
20.31 , 0.01999664 , 98.24 , 98.22
20.312 , 0.02999878 , 98.24 , 98.21
20.313 , 0.0 , 98.21 , 98.21
20.315 , 0.01000214 , 98.21 , 98.2
20.317 , 0.01000214 , 98.21 , 98.2
20.318 , 0.01999664 , 98.21 , 98.19
20.32 , 0.01999664 , 98.21 , 98.19
20.322 , 0.02999878 , 98.21 , 98.18
20.323 , -0.01000214 , 98.17 , 98.18
20.325 , 0.04000092 , 98.21 , 98.17
20.327 , 0.0 , 98.17 , 98.17
20.329 , 0.009994507 , 98.17 , 98.16
20.33 , -0.01000214 , 98.15 , 98.16
20.332 , 0.01999664 , 98.17 , 98.15
20.334 , 0.01999664 , 98.17 , 98.15
20.335 , 0.02999878 , 98.17 , 98.14
20.337 , 0.01000214 , 98.15 , 98.14
20.339 , 0.04000092 , 98.17 , 98.13
20.341 , 0.02000427 , 98.15 , 98.13
20.342 , 0.04999542 , 98.17 , 98.12
20.344 , -0.02000427 , 98.1 , 98.12
20.346 , -0.01000214 , 98.1 , 98.11
20.347 , -0.01000214 , 98.1 , 98.11
20.349 , 0.0 , 98.1 , 98.1
20.351 , 0.0 , 98.1 , 98.1
20.352 , 0.06000519 , 98.15 , 98.09
20.354 , 0.01000214 , 98.1 , 98.09
20.356 , 0.01999664 , 98.1 , 98.08
20.357 , 0.0 , 98.08 , 98.08
20.359 , 0.02999878 , 98.1 , 98.07
20.361 , 0.01000214 , 98.08 , 98.07
20.362 , 0.02000427 , 98.08 , 98.06
20.364 , 0.04000092 , 98.1 , 98.06
20.366 , 0.02999878 , 98.08 , 98.05
20.368 , -0.02000427 , 98.03 , 98.05
20.369 , -0.01000214 , 98.03 , 98.04
20.371 , -0.01000214 , 98.03 , 98.04
20.373 , 0.0 , 98.03 , 98.03
20.374 , -0.01999664 , 98.01 , 98.03
20.376 , -0.009994507 , 98.01 , 98.02
20.378 , 0.01000214 , 98.03 , 98.02
20.379 , 0.01999664 , 98.03 , 98.01
20.381 , 0.01999664 , 98.03 , 98.01
20.383 , 0.01000214 , 98.01 , 98.0
20.385 , 0.02999878 , 98.03 , 98.0
20.386 , 0.0 , 97.99 , 97.99
20.388 , 0.02000427 , 98.01 , 97.99
20.39 , 0.009994507 , 97.99 , 97.98
20.391 , 0.009994507 , 97.99 , 97.98
20.393 , 0.01999664 , 97.99 , 97.97
20.395 , 0.01999664 , 97.99 , 97.97
20.397 , -0.01999664 , 97.94 , 97.96
20.399 , 0.05000305 , 98.01 , 97.96
20.4 , 0.04000092 , 97.99 , 97.95
20.402 , -0.009994507 , 97.94 , 97.95
20.404 , 0.04999542 , 97.99 , 97.94
20.406 , 0.01000214 , 97.94 , 97.93
20.407 , 0.01000214 , 97.94 , 97.93
20.409 , 0.01000214 , 97.94 , 97.93
20.411 , 0.02000427 , 97.94 , 97.92
20.412 , 0.02000427 , 97.94 , 97.92
20.414 , 0.009994507 , 97.92 , 97.91
20.416 , 0.04000092 , 97.94 , 97.9
20.417 , 0.01999664 , 97.92 , 97.9
20.419 , 0.01999664 , 97.92 , 97.9
20.421 , 0.05000305 , 97.94 , 97.89
20.423 , 0.06000519 , 97.94 , 97.88
20.424 , 0.04000092 , 97.92 , 97.88
20.426 , 0.04000092 , 97.92 , 97.88
20.428 , 0.0 , 97.87 , 97.87
20.429 , 0.0 , 97.87 , 97.87
20.431 , 0.05999756 , 97.92 , 97.86
20.433 , 0.02000427 , 97.87 , 97.85
20.434 , 0.02000427 , 97.87 , 97.85
20.436 , 0.0 , 97.85 , 97.85
20.438 , 0.03000641 , 97.87 , 97.84
20.439 , 0.03000641 , 97.87 , 97.84
20.441 , 0.01999664 , 97.85 , 97.83
20.443 , 0.01999664 , 97.85 , 97.83
20.445 , 0.02999878 , 97.85 , 97.82
20.446 , -0.01999664 , 97.8 , 97.82
20.448 , 0.04000092 , 97.85 , 97.81
20.458 , 0.02000427 , 97.8 , 97.78
20.46 , 0.01000214 , 97.78 , 97.77
20.461 , 0.01000214 , 97.78 , 97.77
20.463 , 0.01000214 , 97.78 , 97.77
20.465 , 0.01999664 , 97.78 , 97.76
20.467 , 0.02999878 , 97.78 , 97.75
20.468 , 0.01000214 , 97.76 , 97.75
20.47 , 0.02999878 , 97.78 , 97.75
20.472 , 0.02000427 , 97.76 , 97.74
20.473 , 0.04000092 , 97.78 , 97.74
20.475 , 0.02999878 , 97.76 , 97.73
20.477 , 0.04000092 , 97.76 , 97.72
20.479 , 0.05999756 , 97.78 , 97.72
20.48 , 0.04000092 , 97.76 , 97.72
20.482 , 0.0 , 97.71 , 97.71
20.484 , 0.01000214 , 97.71 , 97.7
20.485 , 0.01000214 , 97.71 , 97.7
20.487 , -0.009994507 , 97.69 , 97.7
20.489 , 0.06999969 , 97.76 , 97.69
20.491 , 0.02999878 , 97.71 , 97.68
20.492 , 0.02999878 , 97.71 , 97.68
20.494 , 0.09000397 , 97.76 , 97.67
20.496 , 0.02000427 , 97.69 , 97.67
20.498 , 0.02999878 , 97.69 , 97.66
20.499 , 0.02999878 , 97.69 , 97.66
20.501 , -0.01000214 , 97.64 , 97.65
20.503 , 0.04000092 , 97.69 , 97.65
20.504 , 0.05000305 , 97.69 , 97.64
20.506 , 0.0 , 97.64 , 97.64
20.508 , 0.01000214 , 97.64 , 97.63
20.509 , 0.06000519 , 97.69 , 97.63
20.511 , 0.0 , 97.62 , 97.62
20.513 , 0.06999969 , 97.69 , 97.62
20.514 , 0.01999664 , 97.64 , 97.62
20.516 , 0.01000214 , 97.62 , 97.61
20.518 , 0.04000092 , 97.64 , 97.6
20.519 , 0.02000427 , 97.62 , 97.6
20.521 , 0.03000641 , 97.62 , 97.59
20.523 , -0.01999664 , 97.57 , 97.59
20.525 , 0.05999756 , 97.64 , 97.58
20.527 , -0.01000214 , 97.57 , 97.58
20.528 , 0.05000305 , 97.62 , 97.57
20.53 , 0.0 , 97.57 , 97.57
20.531 , 0.06000519 , 97.62 , 97.56
20.533 , 0.01000214 , 97.57 , 97.56
20.535 , 0.01999664 , 97.57 , 97.55
20.537 , 0.01999664 , 97.57 , 97.55
20.538 , 0.02999878 , 97.57 , 97.54
20.54 , 0.02999878 , 97.57 , 97.54
20.542 , 0.02000427 , 97.55 , 97.53
20.544 , 0.02000427 , 97.55 , 97.53
20.545 , 0.03000641 , 97.55 , 97.52
20.547 , -0.009994507 , 97.51 , 97.52
20.549 , 0.0 , 97.51 , 97.51
20.55 , 0.0 , 97.51 , 97.51
20.552 , 0.05000305 , 97.55 , 97.5
20.553 , 0.05000305 , 97.55 , 97.5
20.555 , 0.02000427 , 97.51 , 97.49
20.557 , -0.009994507 , 97.48 , 97.49
20.559 , 0.02999878 , 97.51 , 97.48
20.56 , 0.02999878 , 97.51 , 97.48
20.562 , 0.01000214 , 97.48 , 97.47
20.564 , 0.04000092 , 97.51 , 97.47
20.565 , 0.02000427 , 97.48 , 97.46
20.567 , 0.02000427 , 97.48 , 97.46
20.569 , 0.03000641 , 97.48 , 97.45
20.57 , 0.01000214 , 97.46 , 97.45
20.572 , 0.01999664 , 97.46 , 97.44
20.574 , 0.04000092 , 97.48 , 97.44
20.576 , 0.05000305 , 97.48 , 97.43
20.577 , 0.02999878 , 97.46 , 97.43
20.579 , 0.04000092 , 97.46 , 97.42
20.581 , 0.04000092 , 97.46 , 97.42
20.583 , 0.0 , 97.41 , 97.41
20.584 , 0.04999542 , 97.46 , 97.41
20.586 , 0.01000214 , 97.41 , 97.4
20.587 , 0.05999756 , 97.46 , 97.4
20.589 , 0.0 , 97.39 , 97.39
20.591 , 0.02000427 , 97.41 , 97.39
20.593 , 0.01000214 , 97.39 , 97.38
20.594 , 0.01000214 , 97.39 , 97.38
20.596 , 0.01999664 , 97.39 , 97.37
20.598 , 0.01999664 , 97.39 , 97.37
20.6 , -0.02000427 , 97.34 , 97.36
20.601 , 0.02999878 , 97.39 , 97.36
20.603 , 0.04000092 , 97.39 , 97.35
20.605 , -0.01000214 , 97.34 , 97.35
20.606 , 0.05000305 , 97.39 , 97.34
20.608 , 0.0 , 97.34 , 97.34
20.61 , 0.009994507 , 97.34 , 97.33
20.612 , 0.05999756 , 97.39 , 97.33
20.613 , 0.01999664 , 97.34 , 97.32
20.615 , 0.01999664 , 97.34 , 97.32
20.617 , 0.01000214 , 97.32 , 97.31
20.619 , 0.01999664 , 97.32 , 97.3
20.62 , 0.01999664 , 97.32 , 97.3
20.622 , 0.01999664 , 97.32 , 97.3
20.624 , 0.04999542 , 97.34 , 97.29
20.625 , 0.04999542 , 97.34 , 97.29
20.627 , 0.05999756 , 97.34 , 97.28
20.629 , 0.0 , 97.28 , 97.28
20.631 , 0.06999969 , 97.34 , 97.27
20.632 , 0.01000214 , 97.28 , 97.27
20.634 , 0.05999756 , 97.32 , 97.26
20.636 , 0.02999878 , 97.28 , 97.25
20.638 , 0.02999878 , 97.28 , 97.25
20.639 , 0.02999878 , 97.28 , 97.25
20.641 , 0.04000092 , 97.28 , 97.24
20.643 , 0.04999542 , 97.28 , 97.23
20.644 , 0.04999542 , 97.28 , 97.23
20.646 , 0.05999756 , 97.28 , 97.22
20.648 , 0.02999878 , 97.25 , 97.22
20.65 , 0.02000427 , 97.23 , 97.21
20.651 , 0.04000092 , 97.25 , 97.21
20.653 , 0.05000305 , 97.25 , 97.2
20.655 , 0.05000305 , 97.25 , 97.2
20.657 , 0.05999756 , 97.25 , 97.19
20.658 , 0.05999756 , 97.25 , 97.19
20.66 , 0.05000305 , 97.23 , 97.18
20.662 , 0.05000305 , 97.23 , 97.18
20.663 , 0.01000214 , 97.18 , 97.17
20.665 , 0.01000214 , 97.18 , 97.17
20.667 , 0.06999969 , 97.23 , 97.16
20.668 , 0.06999969 , 97.23 , 97.16
20.67 , 0.02999878 , 97.18 , 97.15
20.672 , 0.02999878 , 97.18 , 97.15
20.673 , 0.02999878 , 97.18 , 97.15
20.675 , 0.02000427 , 97.16 , 97.14
20.677 , 0.05000305 , 97.18 , 97.13
20.679 , 0.05000305 , 97.18 , 97.13
20.68 , 0.05999756 , 97.18 , 97.12
20.682 , 0.04000092 , 97.16 , 97.12
20.684 , 0.05000305 , 97.16 , 97.11
20.685 , 0.05000305 , 97.16 , 97.11
20.687 , 0.02000427 , 97.12 , 97.1
20.689 , 0.02000427 , 97.12 , 97.1
20.69 , 0.07000732 , 97.16 , 97.09
20.692 , 0.03000641 , 97.12 , 97.09
20.694 , 0.08000183 , 97.16 , 97.08
20.695 , 0.04000092 , 97.12 , 97.08
20.697 , 0.05000305 , 97.12 , 97.07
20.699 , 0.05000305 , 97.12 , 97.07
20.7 , 0.05000305 , 97.12 , 97.07
20.702 , 0.02999878 , 97.09 , 97.06
20.704 , 0.06999969 , 97.12 , 97.05
20.706 , 0.03999329 , 97.09 , 97.05
20.707 , 0.04999542 , 97.09 , 97.04
20.709 , 0.04999542 , 97.09 , 97.04
20.711 , 0.05999756 , 97.09 , 97.03
20.712 , -0.01000214 , 97.02 , 97.03
20.714 , -0.01999664 , 97.0 , 97.02
20.716 , -0.01999664 , 97.0 , 97.02
20.718 , -0.01000214 , 97.0 , 97.01
20.719 , -0.01000214 , 97.0 , 97.01
20.721 , 0.01999664 , 97.02 , 97.0
20.723 , -0.04000092 , 96.96 , 97.0
20.724 , 0.01000214 , 97.0 , 96.99
20.726 , -0.02999878 , 96.96 , 96.99
20.728 , -0.02000427 , 96.96 , 96.98
20.73 , -0.02000427 , 96.96 , 96.98
20.731 , -0.01000214 , 96.96 , 96.97
20.733 , 0.02999878 , 97.0 , 96.97
20.735 , 0.0 , 96.96 , 96.96
20.736 , 0.0 , 96.96 , 96.96
20.738 , 0.01000214 , 96.96 , 96.95
20.74 , 0.01000214 , 96.96 , 96.95
20.741 , -0.05000305 , 96.89 , 96.94
20.743 , -0.01000214 , 96.93 , 96.94
20.745 , -0.04000092 , 96.89 , 96.93
20.746 , -0.06999969 , 96.86 , 96.93
20.748 , 0.01000214 , 96.93 , 96.92
20.75 , -0.02999878 , 96.89 , 96.92
20.752 , -0.02000427 , 96.89 , 96.91
20.753 , -0.02000427 , 96.89 , 96.91
20.755 , -0.04000092 , 96.86 , 96.9
20.757 , -0.04000092 , 96.86 , 96.9
20.758 , 0.0 , 96.89 , 96.89
20.76 , -0.02999878 , 96.86 , 96.89
20.762 , 0.01000214 , 96.89 , 96.88
20.764 , -0.01999664 , 96.86 , 96.88
20.765 , -0.01000214 , 96.86 , 96.87
20.767 , -0.05000305 , 96.82 , 96.87
20.769 , -0.04000092 , 96.82 , 96.86
20.77 , 0.0 , 96.86 , 96.86
20.772 , 0.01000214 , 96.86 , 96.85
20.774 , -0.02999878 , 96.82 , 96.85
20.775 , -0.01999664 , 96.82 , 96.84
20.777 , -0.01999664 , 96.82 , 96.84
20.779 , -0.01000214 , 96.82 , 96.83
20.781 , -0.01000214 , 96.82 , 96.83
20.782 , 0.0 , 96.82 , 96.82
20.784 , -0.01999664 , 96.8 , 96.82
20.786 , -0.009994507 , 96.8 , 96.81
20.788 , -0.04000092 , 96.77 , 96.81
20.789 , 0.0 , 96.8 , 96.8
20.791 , -0.03000641 , 96.77 , 96.8
20.793 , -0.02000427 , 96.77 , 96.79
20.794 , -0.02000427 , 96.77 , 96.79
20.796 , -0.01000214 , 96.77 , 96.78
20.798 , 0.02000427 , 96.8 , 96.78
20.8 , -0.03999329 , 96.73 , 96.77
20.801 , 0.0 , 96.77 , 96.77
20.803 , 0.009994507 , 96.77 , 96.76
20.805 , 0.01999664 , 96.77 , 96.75
20.806 , -0.01999664 , 96.73 , 96.75
20.808 , -0.01999664 , 96.73 , 96.75
20.81 , -0.009994507 , 96.73 , 96.74
20.812 , 0.0 , 96.73 , 96.73
20.813 , 0.0 , 96.73 , 96.73
20.815 , 0.0 , 96.73 , 96.73
20.816 , -0.02000427 , 96.7 , 96.72
20.818 , -0.02000427 , 96.7 , 96.72
20.82 , -0.01000214 , 96.7 , 96.71
20.821 , -0.01000214 , 96.7 , 96.71
20.823 , 0.03000641 , 96.73 , 96.7
20.825 , 0.0 , 96.7 , 96.7
20.826 , 0.009994507 , 96.7 , 96.69
20.828 , 0.009994507 , 96.7 , 96.69
20.83 , -0.01999664 , 96.66 , 96.68
20.832 , -0.009994507 , 96.66 , 96.67
20.834 , -0.02999878 , 96.64 , 96.67
20.835 , -0.009994507 , 96.66 , 96.67
20.837 , -0.02000427 , 96.64 , 96.66
20.839 , -0.01000214 , 96.64 , 96.65
20.841 , -0.01000214 , 96.64 , 96.65
20.842 , -0.01000214 , 96.64 , 96.65
20.844 , -0.05000305 , 96.59 , 96.64
20.846 , -0.04000092 , 96.59 , 96.63
20.848 , -0.04000092 , 96.59 , 96.63
20.849 , 0.01999664 , 96.64 , 96.62
20.851 , 0.01999664 , 96.64 , 96.62
20.853 , 0.02999878 , 96.64 , 96.61
20.855 , -0.02000427 , 96.59 , 96.61
20.856 , -0.01000214 , 96.59 , 96.6
20.858 , -0.02999878 , 96.57 , 96.6
20.86 , -0.01999664 , 96.57 , 96.59
20.862 , -0.01999664 , 96.57 , 96.59
20.864 , -0.01000214 , 96.57 , 96.58
20.865 , -0.01000214 , 96.57 , 96.58
20.867 , 0.0 , 96.57 , 96.57
20.868 , 0.0 , 96.57 , 96.57
20.87 , 0.01000214 , 96.57 , 96.56
20.872 , -0.01999664 , 96.54 , 96.56
20.874 , -0.01000214 , 96.54 , 96.55
20.875 , -0.05000305 , 96.5 , 96.55
20.877 , 0.0 , 96.54 , 96.54
20.878 , 0.0 , 96.54 , 96.54
20.88 , -0.02999878 , 96.5 , 96.53
20.881 , 0.01000214 , 96.54 , 96.53
20.883 , -0.01999664 , 96.5 , 96.52
20.885 , 0.02000427 , 96.54 , 96.52
20.887 , -0.01000214 , 96.5 , 96.51
20.888 , -0.01000214 , 96.5 , 96.51
20.89 , 0.0 , 96.5 , 96.5
20.891 , 0.0 , 96.5 , 96.5
20.893 , -0.009994507 , 96.48 , 96.49
20.895 , 0.01000214 , 96.5 , 96.49
20.896 , -0.009994507 , 96.48 , 96.49
20.898 , 0.0 , 96.48 , 96.48
20.9 , 0.01000214 , 96.48 , 96.47
20.901 , -0.04000092 , 96.43 , 96.47
20.903 , -0.04000092 , 96.43 , 96.47
20.905 , -0.02999878 , 96.43 , 96.46
20.906 , -0.02999878 , 96.43 , 96.46
20.908 , 0.03000641 , 96.48 , 96.45
20.91 , -0.01000214 , 96.43 , 96.44
20.912 , 0.04000092 , 96.48 , 96.44
20.913 , -0.01000214 , 96.43 , 96.44
20.915 , -0.01999664 , 96.41 , 96.43
20.917 , -0.009994507 , 96.41 , 96.42
20.918 , 0.06000519 , 96.48 , 96.42
20.92 , 0.01999664 , 96.43 , 96.41
20.922 , -0.05000305 , 96.36 , 96.41
20.923 , 0.0 , 96.41 , 96.41
20.925 , 0.08000183 , 96.48 , 96.4
20.926 , 0.02999878 , 96.43 , 96.4
20.928 , 0.02000427 , 96.41 , 96.39
20.93 , 0.02000427 , 96.41 , 96.39
20.932 , 0.03000641 , 96.41 , 96.38
20.933 , 0.03000641 , 96.41 , 96.38
20.935 , -0.01000214 , 96.36 , 96.37
20.937 , 0.05000305 , 96.41 , 96.36
20.938 , 0.05000305 , 96.41 , 96.36
20.94 , 0.0 , 96.36 , 96.36
20.941 , 0.01000214 , 96.36 , 96.35
20.943 , 0.01000214 , 96.36 , 96.35
20.945 , 0.0 , 96.34 , 96.34
20.946 , 0.02000427 , 96.36 , 96.34
20.948 , -0.02000427 , 96.31 , 96.33
20.95 , -0.02000427 , 96.31 , 96.33
20.951 , 0.01999664 , 96.34 , 96.32
20.953 , 0.01999664 , 96.34 , 96.32
20.955 , 0.0 , 96.31 , 96.31
20.957 , 0.02999878 , 96.34 , 96.31
20.958 , 0.009994507 , 96.31 , 96.3
20.96 , -0.03000641 , 96.27 , 96.3
20.962 , 0.01999664 , 96.31 , 96.29
20.964 , 0.05999756 , 96.34 , 96.28
20.965 , -0.01000214 , 96.27 , 96.28
20.967 , 0.02999878 , 96.31 , 96.28
20.969 , 0.04000092 , 96.31 , 96.27
20.971 , 0.04999542 , 96.31 , 96.26
20.972 , 0.009994507 , 96.27 , 96.26
20.974 , 0.009994507 , 96.27 , 96.26
20.976 , 0.0 , 96.25 , 96.25
20.977 , 0.01999664 , 96.27 , 96.25
20.979 , 0.01000214 , 96.25 , 96.24
20.981 , 0.03999329 , 96.27 , 96.23
20.983 , 0.01999664 , 96.25 , 96.23
20.984 , 0.01999664 , 96.25 , 96.23
20.986 , 0.02999878 , 96.25 , 96.22
20.988 , 0.04000092 , 96.25 , 96.21
20.989 , 0.04000092 , 96.25 , 96.21
20.991 , 0.0 , 96.2 , 96.2
20.993 , 0.05000305 , 96.25 , 96.2
20.994 , 0.0 , 96.2 , 96.2
20.996 , 0.05999756 , 96.25 , 96.19
20.998 , 0.01999664 , 96.2 , 96.18
20.999 , 0.0 , 96.18 , 96.18
21.001 , 0.01999664 , 96.2 , 96.18
21.003 , 0.02999878 , 96.2 , 96.17
21.004 , 0.01000214 , 96.18 , 96.17
21.006 , 0.01999664 , 96.18 , 96.16
21.008 , 0.02999878 , 96.18 , 96.15
21.009 , 0.02999878 , 96.18 , 96.15
21.011 , 0.02999878 , 96.18 , 96.15
21.013 , 0.04000092 , 96.18 , 96.14
21.015 , 0.0 , 96.13 , 96.13
21.016 , 0.05000305 , 96.18 , 96.13
21.018 , 0.0 , 96.13 , 96.13
21.019 , -0.01000214 , 96.11 , 96.12
21.021 , -0.03000641 , 96.09 , 96.12
21.023 , 0.0 , 96.11 , 96.11
21.024 , -0.02000427 , 96.09 , 96.11
21.026 , -0.01000214 , 96.09 , 96.1
21.027 , -0.01000214 , 96.09 , 96.1
21.029 , 0.0 , 96.09 , 96.09
21.031 , 0.0 , 96.09 , 96.09
21.032 , -0.04000092 , 96.04 , 96.08
21.034 , -0.04000092 , 96.04 , 96.08
21.036 , -0.02999878 , 96.04 , 96.07
21.037 , -0.02999878 , 96.04 , 96.07
21.039 , -0.01999664 , 96.04 , 96.06
21.041 , -0.01999664 , 96.04 , 96.06
21.043 , -0.01000214 , 96.04 , 96.05
21.044 , -0.03000641 , 96.02 , 96.05
21.046 , -0.02000427 , 96.02 , 96.04
21.048 , -0.02000427 , 96.02 , 96.04
21.049 , 0.01000214 , 96.04 , 96.03
21.051 , 0.01000214 , 96.04 , 96.03
21.052 , 0.0 , 96.02 , 96.02
21.054 , 0.0 , 96.02 , 96.02
21.056 , -0.04000092 , 95.97 , 96.01
21.057 , 0.009994507 , 96.02 , 96.01
21.059 , -0.02999878 , 95.97 , 96.0
21.061 , -0.02999878 , 95.97 , 96.0
21.062 , -0.04000092 , 95.95 , 95.99
21.064 , -0.01999664 , 95.97 , 95.99
21.066 , -0.03000641 , 95.95 , 95.98
21.068 , -0.01000214 , 95.97 , 95.98
21.069 , 0.0 , 95.97 , 95.97
21.071 , -0.02000427 , 95.95 , 95.97
21.072 , -0.02000427 , 95.95 , 95.97
21.074 , -0.05999756 , 95.9 , 95.96
21.076 , 0.0 , 95.95 , 95.95
21.078 , 0.0 , 95.95 , 95.95
21.079 , 0.02999878 , 95.97 , 95.94
21.081 , 0.009994507 , 95.95 , 95.94
21.083 , 0.01999664 , 95.95 , 95.93
21.084 , 0.01999664 , 95.95 , 95.93
21.086 , -0.01999664 , 95.9 , 95.92
21.088 , -0.04000092 , 95.88 , 95.92
21.09 , -0.03000641 , 95.88 , 95.91
21.091 , -0.01000214 , 95.9 , 95.91
21.093 , 0.0 , 95.9 , 95.9
21.094 , -0.02000427 , 95.88 , 95.9
21.096 , -0.01000214 , 95.88 , 95.89
21.098 , -0.01000214 , 95.88 , 95.89
21.1 , 0.0 , 95.88 , 95.88
21.101 , -0.04999542 , 95.83 , 95.88
21.103 , 0.009994507 , 95.88 , 95.87
21.105 , 0.009994507 , 95.88 , 95.87
21.107 , 0.01999664 , 95.88 , 95.86
21.108 , -0.05000305 , 95.81 , 95.86
21.11 , 0.02999878 , 95.88 , 95.85
21.112 , -0.01999664 , 95.83 , 95.85
21.114 , 0.04000092 , 95.88 , 95.84
21.115 , -0.009994507 , 95.83 , 95.84
21.117 , -0.02000427 , 95.81 , 95.83
21.119 , -0.02000427 , 95.81 , 95.83
21.121 , -0.02999878 , 95.79 , 95.82
21.122 , -0.02999878 , 95.79 , 95.82
21.124 , -0.01999664 , 95.79 , 95.81
21.126 , -0.06999969 , 95.74 , 95.81
21.128 , -0.01000214 , 95.79 , 95.8
21.129 , 0.009994507 , 95.81 , 95.8
21.131 , 0.01999664 , 95.81 , 95.79
21.133 , 0.01000214 , 95.79 , 95.78
21.135 , -0.04000092 , 95.74 , 95.78
21.136 , -0.04000092 , 95.74 , 95.78
21.138 , -0.02999878 , 95.74 , 95.77
21.14 , -0.02000427 , 95.74 , 95.76
21.142 , -0.02000427 , 95.74 , 95.76
21.143 , 0.02999878 , 95.79 , 95.76
21.145 , -0.01000214 , 95.74 , 95.75
21.147 , -0.01999664 , 95.72 , 95.74
21.148 , -0.01999664 , 95.72 , 95.74
21.15 , -0.01000214 , 95.72 , 95.73
21.152 , 0.009994507 , 95.74 , 95.73
21.154 , 0.0 , 95.72 , 95.72
21.155 , 0.0 , 95.72 , 95.72
21.157 , 0.01000214 , 95.72 , 95.71
21.158 , 0.01000214 , 95.72 , 95.71
21.16 , 0.01000214 , 95.72 , 95.71
21.162 , -0.02999878 , 95.67 , 95.7
21.163 , 0.02000427 , 95.72 , 95.7
21.165 , 0.02999878 , 95.72 , 95.69
21.167 , -0.01000214 , 95.67 , 95.68
21.169 , 0.04000092 , 95.72 , 95.68
21.17 , -0.01000214 , 95.67 , 95.68
21.172 , -0.01999664 , 95.65 , 95.67
21.174 , 0.009994507 , 95.67 , 95.66
21.175 , 0.009994507 , 95.67 , 95.66
21.177 , 0.0 , 95.65 , 95.65
21.179 , 0.0 , 95.65 , 95.65
21.18 , 0.0 , 95.65 , 95.65
21.182 , 0.01000214 , 95.65 , 95.64
21.183 , 0.01000214 , 95.65 , 95.64
21.185 , -0.01999664 , 95.61 , 95.63
21.187 , 0.02000427 , 95.65 , 95.63
21.188 , -0.01000214 , 95.61 , 95.62
21.19 , -0.01000214 , 95.61 , 95.62
21.192 , 0.0 , 95.61 , 95.61
21.193 , 0.0 , 95.61 , 95.61
21.195 , 0.01000214 , 95.61 , 95.6
21.196 , 0.01000214 , 95.61 , 95.6
21.198 , -0.009994507 , 95.58 , 95.59
21.2 , 0.02000427 , 95.61 , 95.59
21.202 , 0.0 , 95.58 , 95.58
21.203 , 0.0 , 95.58 , 95.58
21.205 , -0.01000214 , 95.56 , 95.57
21.206 , 0.01000214 , 95.58 , 95.57
21.208 , 0.02000427 , 95.58 , 95.56
21.21 , 0.0 , 95.56 , 95.56
21.211 , 0.009994507 , 95.56 , 95.55
21.213 , 0.009994507 , 95.56 , 95.55
21.215 , 0.01999664 , 95.56 , 95.54
21.217 , 0.04000092 , 95.58 , 95.54
21.218 , 0.02999878 , 95.56 , 95.53
21.22 , -0.01999664 , 95.51 , 95.53
21.222 , -0.009994507 , 95.51 , 95.52
21.224 , -0.02999878 , 95.49 , 95.52
21.225 , 0.0 , 95.51 , 95.51
21.227 , -0.02000427 , 95.49 , 95.51
21.236 , 0.02999878 , 95.51 , 95.48
21.238 , 0.04000092 , 95.51 , 95.47
21.24 , 0.04000092 , 95.51 , 95.47
21.241 , 0.08999634 , 95.56 , 95.47
21.243 , 0.05000305 , 95.51 , 95.46
21.245 , 0.06000519 , 95.51 , 95.45
21.247 , 0.04000092 , 95.49 , 95.45
21.248 , 0.04999542 , 95.49 , 95.44
21.25 , 0.009994507 , 95.45 , 95.44
21.252 , 0.01999664 , 95.45 , 95.43
21.254 , 0.05999756 , 95.49 , 95.43
21.255 , 0.06999969 , 95.49 , 95.42
21.257 , 0.06999969 , 95.49 , 95.42
21.259 , 0.03999329 , 95.45 , 95.41
21.261 , 0.03999329 , 95.45 , 95.41
21.262 , 0.01999664 , 95.42 , 95.4
21.264 , 0.04999542 , 95.45 , 95.4
21.266 , 0.02999878 , 95.42 , 95.39
21.268 , 0.02999878 , 95.42 , 95.39
21.269 , 0.0 , 95.38 , 95.38
21.271 , 0.04000092 , 95.42 , 95.38
21.273 , 0.04999542 , 95.42 , 95.37
21.275 , 0.0799942 , 95.45 , 95.37
21.276 , 0.08999634 , 95.45 , 95.36
21.278 , 0.05999756 , 95.42 , 95.36
21.28 , 0.02999878 , 95.38 , 95.35
21.282 , 0.04000092 , 95.38 , 95.34
21.283 , 0.04000092 , 95.38 , 95.34
21.285 , 0.01000214 , 95.35 , 95.34
21.287 , 0.01999664 , 95.35 , 95.33
21.289 , 0.05999756 , 95.38 , 95.32
21.29 , 0.05999756 , 95.38 , 95.32
21.292 , 0.04000092 , 95.35 , 95.31
21.294 , 0.04000092 , 95.35 , 95.31
21.296 , 0.02999878 , 95.33 , 95.3
21.297 , -0.02000427 , 95.28 , 95.3
21.299 , 0.05999756 , 95.35 , 95.29
21.301 , 0.04000092 , 95.33 , 95.29
21.302 , 0.04000092 , 95.33 , 95.29
21.304 , 0.06999969 , 95.35 , 95.28
21.306 , 0.01000214 , 95.28 , 95.27
21.308 , 0.01000214 , 95.28 , 95.27
21.309 , 0.01999664 , 95.28 , 95.26
21.311 , 0.0 , 95.26 , 95.26
21.312 , 0.06999969 , 95.33 , 95.26
21.314 , 0.01000214 , 95.26 , 95.25
21.316 , 0.04000092 , 95.28 , 95.24
21.317 , 0.04000092 , 95.28 , 95.24
21.319 , 0.04000092 , 95.28 , 95.24
21.321 , 0.02999878 , 95.26 , 95.23
21.323 , 0.04000092 , 95.26 , 95.22
21.324 , 0.0 , 95.22 , 95.22
21.326 , 0.01000214 , 95.22 , 95.21
21.327 , 0.01000214 , 95.22 , 95.21
21.329 , 0.01000214 , 95.22 , 95.21
21.331 , -0.009994507 , 95.19 , 95.2
21.333 , 0.02999878 , 95.22 , 95.19
21.334 , 0.02999878 , 95.22 , 95.19
21.336 , 0.04000092 , 95.22 , 95.18
21.338 , 0.04000092 , 95.22 , 95.18
21.339 , 0.04000092 , 95.22 , 95.18
21.341 , 0.05000305 , 95.22 , 95.17
21.343 , 0.02999878 , 95.19 , 95.16
21.344 , 0.02999878 , 95.19 , 95.16
21.346 , 0.02999878 , 95.19 , 95.16
21.348 , 0.0 , 95.15 , 95.15
21.349 , 0.04000092 , 95.19 , 95.15
21.351 , 0.05000305 , 95.19 , 95.14
21.352 , 0.01000214 , 95.15 , 95.14
21.354 , 0.06000519 , 95.19 , 95.13
21.356 , 0.02000427 , 95.15 , 95.13
21.358 , 0.0 , 95.12 , 95.12
21.359 , 0.02999878 , 95.15 , 95.12
21.361 , 0.04000092 , 95.15 , 95.11
21.362 , 0.01000214 , 95.12 , 95.11
21.364 , 0.0 , 95.1 , 95.1
21.365 , 0.02000427 , 95.12 , 95.1
21.367 , 0.03000641 , 95.12 , 95.09
21.369 , 0.03000641 , 95.12 , 95.09
21.371 , 0.01999664 , 95.1 , 95.08
21.372 , 0.01999664 , 95.1 , 95.08
21.374 , 0.02999878 , 95.1 , 95.07
21.376 , 0.05000305 , 95.12 , 95.07
21.378 , 0.04000092 , 95.1 , 95.06
21.379 , 0.06000519 , 95.12 , 95.06
21.381 , 0.009994507 , 95.06 , 95.05
21.383 , 0.04999542 , 95.1 , 95.05
21.384 , 0.01999664 , 95.06 , 95.04
21.386 , 0.05999756 , 95.1 , 95.04
21.388 , 0.02999878 , 95.06 , 95.03
21.39 , 0.0 , 95.03 , 95.03
21.391 , 0.01000214 , 95.03 , 95.02
21.393 , 0.04000092 , 95.06 , 95.02
21.395 , 0.01999664 , 95.03 , 95.01
21.396 , 0.01999664 , 95.03 , 95.01
21.398 , -0.01000214 , 94.99 , 95.0
21.4 , 0.05999756 , 95.06 , 95.0
21.402 , 0.06999969 , 95.06 , 94.99
21.403 , 0.04000092 , 95.03 , 94.99
21.405 , 0.04999542 , 95.03 , 94.98
21.407 , 0.01999664 , 94.99 , 94.97
21.409 , -0.01000214 , 94.96 , 94.97
21.41 , 0.05999756 , 95.03 , 94.97
21.412 , 0.0 , 94.96 , 94.96
21.414 , 0.04000092 , 94.99 , 94.95
21.415 , 0.04000092 , 94.99 , 94.95
21.417 , 0.04000092 , 94.99 , 94.95
21.419 , 0.01999664 , 94.96 , 94.94
21.421 , 0.05999756 , 94.99 , 94.93
21.422 , 0.05999756 , 94.99 , 94.93
21.424 , 0.04000092 , 94.96 , 94.92
21.426 , 0.0 , 94.92 , 94.92
21.428 , 0.04999542 , 94.96 , 94.91
21.429 , 0.009994507 , 94.92 , 94.91
21.431 , 0.01999664 , 94.92 , 94.9
21.433 , 0.01999664 , 94.92 , 94.9
21.435 , 0.02999878 , 94.92 , 94.89
21.436 , 0.01000214 , 94.9 , 94.89
21.438 , -0.009994507 , 94.87 , 94.88
21.44 , -0.009994507 , 94.87 , 94.88
21.442 , 0.0 , 94.87 , 94.87
21.443 , 0.0 , 94.87 , 94.87
21.445 , -0.02999878 , 94.83 , 94.86
21.446 , -0.02999878 , 94.83 , 94.86
21.448 , 0.02000427 , 94.87 , 94.85
21.45 , -0.01999664 , 94.83 , 94.85
21.452 , -0.009994507 , 94.83 , 94.84
21.454 , -0.009994507 , 94.83 , 94.84
21.455 , 0.0 , 94.83 , 94.83
21.457 , -0.02999878 , 94.8 , 94.83
21.459 , 0.01000214 , 94.83 , 94.82
21.46 , -0.01999664 , 94.8 , 94.82
21.462 , -0.009994507 , 94.8 , 94.81
21.464 , -0.009994507 , 94.8 , 94.81
21.466 , 0.0 , 94.8 , 94.8
21.467 , 0.0 , 94.8 , 94.8
21.469 , -0.02999878 , 94.76 , 94.79
21.47 , -0.02999878 , 94.76 , 94.79
21.472 , -0.01999664 , 94.76 , 94.78
21.474 , -0.01999664 , 94.76 , 94.78
21.476 , -0.009994507 , 94.76 , 94.77
21.478 , -0.05000305 , 94.71 , 94.76
21.479 , 0.0 , 94.76 , 94.76
21.481 , 0.0 , 94.76 , 94.76
21.482 , 0.01000214 , 94.76 , 94.75
21.484 , 0.05000305 , 94.8 , 94.75
21.485 , -0.02999878 , 94.71 , 94.74
21.487 , -0.02999878 , 94.71 , 94.74
21.489 , -0.02000427 , 94.71 , 94.73
21.491 , -0.02000427 , 94.71 , 94.73
21.492 , -0.05000305 , 94.67 , 94.72
21.494 , -0.01000214 , 94.71 , 94.72
21.496 , -0.04000092 , 94.67 , 94.71
21.498 , 0.0 , 94.71 , 94.71
21.499 , -0.02999878 , 94.67 , 94.7
21.501 , -0.02999878 , 94.67 , 94.7
21.503 , -0.05000305 , 94.64 , 94.69
21.505 , -0.02000427 , 94.67 , 94.69
21.506 , -0.01000214 , 94.67 , 94.68
21.508 , -0.01000214 , 94.67 , 94.68
21.51 , -0.04999542 , 94.62 , 94.67
21.511 , -0.02999878 , 94.64 , 94.67
21.513 , -0.02000427 , 94.64 , 94.66
21.515 , -0.02000427 , 94.64 , 94.66
21.517 , -0.02999878 , 94.62 , 94.65
21.518 , -0.01000214 , 94.64 , 94.65
21.52 , -0.01999664 , 94.62 , 94.64
21.522 , -0.009994507 , 94.62 , 94.63
21.524 , -0.009994507 , 94.62 , 94.63
21.525 , -0.04999542 , 94.58 , 94.63
21.527 , 0.0 , 94.62 , 94.62
21.529 , -0.02999878 , 94.58 , 94.61
21.53 , -0.02999878 , 94.58 , 94.61
21.532 , -0.02999878 , 94.58 , 94.61
21.534 , -0.04999542 , 94.55 , 94.6
21.535 , -0.04999542 , 94.55 , 94.6
21.537 , -0.009994507 , 94.58 , 94.59
21.539 , 0.0 , 94.58 , 94.58
21.541 , 0.0 , 94.58 , 94.58
21.542 , 0.0 , 94.58 , 94.58
21.544 , -0.01999664 , 94.55 , 94.57
21.545 , -0.05999756 , 94.51 , 94.57
21.547 , -0.009994507 , 94.55 , 94.56
21.549 , 0.0 , 94.55 , 94.55
21.55 , -0.04000092 , 94.51 , 94.55
21.552 , -0.04000092 , 94.51 , 94.55
21.554 , -0.02999878 , 94.51 , 94.54
21.555 , 0.01000214 , 94.55 , 94.54
21.557 , -0.01999664 , 94.51 , 94.53
21.559 , -0.01999664 , 94.51 , 94.53
21.56 , -0.03999329 , 94.48 , 94.52
21.562 , -0.03999329 , 94.48 , 94.52
21.564 , -0.06999969 , 94.44 , 94.51
21.566 , -0.01999664 , 94.48 , 94.5
21.567 , -0.01999664 , 94.48 , 94.5
21.569 , -0.01999664 , 94.48 , 94.5
21.571 , -0.04999542 , 94.44 , 94.49
21.573 , -0.04000092 , 94.44 , 94.48
21.574 , -0.04000092 , 94.44 , 94.48
21.576 , -0.04000092 , 94.44 , 94.48
21.578 , -0.05000305 , 94.42 , 94.47
21.579 , -0.02999878 , 94.44 , 94.47
21.581 , -0.01999664 , 94.44 , 94.46
21.583 , -0.02999878 , 94.42 , 94.45
21.584 , -0.02999878 , 94.42 , 94.45
21.586 , -0.02999878 , 94.42 , 94.45
21.588 , -0.02000427 , 94.42 , 94.44
21.59 , -0.01000214 , 94.42 , 94.43
21.591 , -0.01000214 , 94.42 , 94.43
21.593 , 0.0 , 94.42 , 94.42
21.595 , -0.06999969 , 94.35 , 94.42
21.597 , 0.009994507 , 94.42 , 94.41
21.598 , -0.06000519 , 94.35 , 94.41
21.6 , 0.01999664 , 94.42 , 94.4
21.602 , -0.05000305 , 94.35 , 94.4
21.603 , -0.05000305 , 94.35 , 94.4
21.605 , -0.06999969 , 94.32 , 94.39
21.607 , -0.02999878 , 94.35 , 94.38
21.609 , -0.05999756 , 94.32 , 94.38
21.61 , -0.05000305 , 94.32 , 94.37
21.612 , -0.05000305 , 94.32 , 94.37
21.614 , -0.04000092 , 94.32 , 94.36
21.616 , -0.04000092 , 94.32 , 94.36
21.617 , -0.02999878 , 94.32 , 94.35
21.619 , -0.02999878 , 94.32 , 94.35
21.621 , -0.05999756 , 94.28 , 94.34
21.623 , -0.08999634 , 94.25 , 94.34
21.624 , -0.05000305 , 94.28 , 94.33
21.626 , -0.08000183 , 94.25 , 94.33
21.628 , -0.06999969 , 94.25 , 94.32
21.629 , -0.06999969 , 94.25 , 94.32
21.631 , -0.05999756 , 94.25 , 94.31
21.633 , -0.09999847 , 94.21 , 94.31
21.635 , -0.02000427 , 94.28 , 94.3
21.636 , -0.05000305 , 94.25 , 94.3
21.638 , -0.08000183 , 94.21 , 94.29
21.64 , -0.08000183 , 94.21 , 94.29
21.641 , -0.06999969 , 94.21 , 94.28
21.643 , -0.06999969 , 94.21 , 94.28
21.645 , -0.05999756 , 94.21 , 94.27
21.647 , -0.0799942 , 94.19 , 94.27
21.649 , -0.05000305 , 94.21 , 94.26
21.65 , -0.09999847 , 94.16 , 94.26
21.652 , -0.05999756 , 94.19 , 94.25
21.654 , -0.04999542 , 94.19 , 94.24
21.655 , -0.04999542 , 94.19 , 94.24
21.657 , -0.02999878 , 94.21 , 94.24
21.659 , -0.06999969 , 94.16 , 94.23
21.661 , -0.02999878 , 94.19 , 94.22
21.662 , -0.05999756 , 94.16 , 94.22
21.664 , -0.04999542 , 94.16 , 94.21
21.666 , -0.01999664 , 94.19 , 94.21
21.668 , -0.03999329 , 94.16 , 94.2
21.669 , -0.0799942 , 94.12 , 94.2
21.671 , -0.06999969 , 94.12 , 94.19
21.673 , -0.06999969 , 94.12 , 94.19
21.674 , -0.06999969 , 94.12 , 94.19
21.676 , -0.09000397 , 94.09 , 94.18
21.678 , -0.08000183 , 94.09 , 94.17
21.68 , -0.08000183 , 94.09 , 94.17
21.681 , -0.07000732 , 94.09 , 94.16
21.683 , -0.1100006 , 94.05 , 94.16
21.684 , -0.07000732 , 94.09 , 94.16
21.686 , -0.09999847 , 94.05 , 94.15
21.688 , -0.05000305 , 94.09 , 94.14
21.69 , -0.01999664 , 94.12 , 94.14
21.691 , -0.08999634 , 94.05 , 94.14
21.693 , -0.04000092 , 94.09 , 94.13
21.695 , -0.09000397 , 94.03 , 94.12
21.696 , -0.03000641 , 94.09 , 94.12
21.698 , -0.05999756 , 94.05 , 94.11
21.7 , -0.08000183 , 94.03 , 94.11
21.702 , -0.04999542 , 94.05 , 94.1
21.703 , -0.04999542 , 94.05 , 94.1
21.705 , 0.0 , 94.09 , 94.09
21.707 , -0.03999329 , 94.05 , 94.09
21.708 , -0.05000305 , 94.03 , 94.08
21.71 , -0.05000305 , 94.03 , 94.08
21.712 , -0.04000092 , 94.03 , 94.07
21.713 , -0.08999634 , 93.98 , 94.07
21.715 , -0.02999878 , 94.03 , 94.06
21.717 , -0.02999878 , 94.03 , 94.06
21.719 , -0.06999969 , 93.98 , 94.05
21.721 , -0.06999969 , 93.98 , 94.05
21.722 , -0.05999756 , 93.98 , 94.04
21.724 , -0.05999756 , 93.98 , 94.04
21.726 , -0.04999542 , 93.98 , 94.03
21.727 , -0.06999969 , 93.96 , 94.03
21.729 , -0.03999329 , 93.98 , 94.02
21.731 , -0.03999329 , 93.98 , 94.02
21.733 , -0.05000305 , 93.96 , 94.01
21.734 , -0.05000305 , 93.96 , 94.01
21.736 , -0.04000092 , 93.96 , 94.0
21.738 , -0.01999664 , 93.98 , 94.0
21.739 , -0.0799942 , 93.91 , 93.99
21.741 , -0.0799942 , 93.91 , 93.99
21.743 , -0.02000427 , 93.96 , 93.98
21.745 , -0.06999969 , 93.91 , 93.98
21.746 , -0.01000214 , 93.96 , 93.97
21.748 , -0.05999756 , 93.91 , 93.97
21.75 , -0.04999542 , 93.91 , 93.96
21.751 , -0.06999969 , 93.89 , 93.96
21.753 , -0.05999756 , 93.89 , 93.95
21.755 , -0.03999329 , 93.91 , 93.95
21.757 , -0.05000305 , 93.89 , 93.94
21.759 , -0.04000092 , 93.89 , 93.93
21.76 , -0.05999756 , 93.87 , 93.93
21.762 , -0.05999756 , 93.87 , 93.93
21.764 , -0.02999878 , 93.89 , 93.92
21.766 , -0.04000092 , 93.87 , 93.91
21.767 , -0.04000092 , 93.87 , 93.91
21.769 , -0.08000183 , 93.82 , 93.9
21.771 , -0.02999878 , 93.87 , 93.9
21.772 , -0.02999878 , 93.87 , 93.9
21.774 , -0.01999664 , 93.87 , 93.89
21.776 , -0.009994507 , 93.87 , 93.88
21.778 , -0.05999756 , 93.82 , 93.88
21.78 , -0.05000305 , 93.82 , 93.87
21.781 , -0.05000305 , 93.82 , 93.87
21.783 , -0.05999756 , 93.8 , 93.86
21.785 , -0.05999756 , 93.8 , 93.86
21.786 , -0.04999542 , 93.8 , 93.85
21.788 , -0.02999878 , 93.82 , 93.85
21.79 , -0.03999329 , 93.8 , 93.84
21.792 , -0.08999634 , 93.75 , 93.84
21.793 , -0.02999878 , 93.8 , 93.83
21.795 , -0.02999878 , 93.8 , 93.83
21.797 , -0.01999664 , 93.8 , 93.82
21.799 , -0.01999664 , 93.8 , 93.82
21.8 , -0.009994507 , 93.8 , 93.81
21.802 , -0.05999756 , 93.75 , 93.81
21.804 , -0.05000305 , 93.75 , 93.8
21.806 , -0.05000305 , 93.75 , 93.8
21.807 , -0.04000092 , 93.75 , 93.79
21.809 , -0.04000092 , 93.75 , 93.79
21.811 , -0.04999542 , 93.73 , 93.78
21.812 , -0.04999542 , 93.73 , 93.78
21.814 , -0.01999664 , 93.75 , 93.77
21.816 , -0.03999329 , 93.73 , 93.77
21.818 , -0.02999878 , 93.73 , 93.76
21.819 , -0.08000183 , 93.68 , 93.76
21.821 , -0.01999664 , 93.73 , 93.75
21.823 , -0.05999756 , 93.68 , 93.74
21.824 , -0.05999756 , 93.68 , 93.74
21.826 , -0.05999756 , 93.68 , 93.74
21.828 , -0.06999969 , 93.66 , 93.73
21.83 , -0.04000092 , 93.68 , 93.72
21.831 , -0.05999756 , 93.66 , 93.72
21.833 , 0.01000214 , 93.73 , 93.72
21.835 , -0.02999878 , 93.68 , 93.71
21.836 , -0.04999542 , 93.66 , 93.71
21.838 , -0.03999329 , 93.66 , 93.7
21.84 , -0.02999878 , 93.66 , 93.69
21.842 , -0.05000305 , 93.64 , 93.69
21.843 , -0.05000305 , 93.64 , 93.69
21.845 , 0.0 , 93.68 , 93.68
21.847 , -0.02999878 , 93.64 , 93.67
21.848 , -0.02999878 , 93.64 , 93.67
21.85 , -0.02999878 , 93.64 , 93.67
21.852 , 0.0 , 93.66 , 93.66
21.853 , -0.02000427 , 93.64 , 93.66
21.855 , -0.01000214 , 93.64 , 93.65
21.857 , -0.05000305 , 93.59 , 93.64
21.859 , -0.05000305 , 93.59 , 93.64
21.86 , -0.05000305 , 93.59 , 93.64
21.862 , -0.04000092 , 93.59 , 93.63
21.864 , -0.05000305 , 93.57 , 93.62
21.865 , -0.05000305 , 93.57 , 93.62
21.867 , -0.04000092 , 93.57 , 93.61
21.869 , -0.02000427 , 93.59 , 93.61
21.871 , -0.01000214 , 93.59 , 93.6
21.872 , -0.02999878 , 93.57 , 93.6
21.874 , -0.06999969 , 93.52 , 93.59
21.876 , -0.01999664 , 93.57 , 93.59
21.878 , -0.01000214 , 93.57 , 93.58
21.88 , -0.01000214 , 93.57 , 93.58
21.881 , 0.0 , 93.57 , 93.57
21.883 , -0.05000305 , 93.52 , 93.57
21.885 , -0.04000092 , 93.52 , 93.56
21.886 , -0.04000092 , 93.52 , 93.56
21.888 , -0.03000641 , 93.52 , 93.55
21.89 , -0.03000641 , 93.52 , 93.55
21.891 , -0.04000092 , 93.5 , 93.54
21.893 , -0.04000092 , 93.5 , 93.54
21.895 , -0.02999878 , 93.5 , 93.53
21.896 , -0.02999878 , 93.5 , 93.53
21.898 , -0.01999664 , 93.5 , 93.52
21.9 , -0.01999664 , 93.5 , 93.52
21.902 , 0.009994507 , 93.52 , 93.51
21.904 , -0.06000519 , 93.45 , 93.51
21.905 , -0.05000305 , 93.45 , 93.5
21.907 , -0.06999969 , 93.43 , 93.5
21.909 , -0.05999756 , 93.43 , 93.49
21.91 , -0.04000092 , 93.45 , 93.49
21.912 , -0.03000641 , 93.45 , 93.48
21.914 , -0.05000305 , 93.43 , 93.48
21.915 , -0.02000427 , 93.45 , 93.47
21.917 , -0.04000092 , 93.43 , 93.47
21.919 , -0.01000214 , 93.45 , 93.46
21.921 , -0.02999878 , 93.43 , 93.46
21.922 , 0.0 , 93.45 , 93.45
21.924 , 0.0 , 93.45 , 93.45
21.925 , -0.01000214 , 93.43 , 93.44
21.927 , -0.02999878 , 93.41 , 93.44
21.929 , -0.01999664 , 93.41 , 93.43
21.93 , -0.01999664 , 93.41 , 93.43
21.932 , -0.05999756 , 93.36 , 93.42
21.934 , -0.05999756 , 93.36 , 93.42
21.936 , 0.0 , 93.41 , 93.41
21.937 , 0.01999664 , 93.43 , 93.41
21.939 , 0.01000214 , 93.41 , 93.4
21.94 , 0.01000214 , 93.41 , 93.4
21.942 , -0.02999878 , 93.36 , 93.39
21.944 , -0.02999878 , 93.36 , 93.39
21.945 , -0.01999664 , 93.36 , 93.38
21.947 , -0.01999664 , 93.36 , 93.38
21.949 , -0.01000214 , 93.36 , 93.37
21.951 , -0.03000641 , 93.34 , 93.37
21.952 , 0.0 , 93.36 , 93.36
21.954 , 0.0 , 93.36 , 93.36
21.955 , 0.01000214 , 93.36 , 93.35
21.957 , -0.01000214 , 93.34 , 93.35
21.959 , 0.02000427 , 93.36 , 93.34
21.96 , 0.02000427 , 93.36 , 93.34
21.962 , 0.08000183 , 93.41 , 93.33
21.964 , 0.009994507 , 93.34 , 93.33
21.965 , 0.01999664 , 93.34 , 93.32
21.967 , 0.04000092 , 93.36 , 93.32
21.969 , 0.05000305 , 93.36 , 93.31
21.971 , 0.02999878 , 93.34 , 93.31
21.972 , 0.03999329 , 93.34 , 93.3
21.974 , -0.01000214 , 93.29 , 93.3
21.976 , 0.04999542 , 93.34 , 93.29
21.977 , 0.0 , 93.29 , 93.29
21.979 , 0.05999756 , 93.34 , 93.28
21.981 , 0.01000214 , 93.29 , 93.28
21.982 , 0.02000427 , 93.29 , 93.27
21.984 , 0.02000427 , 93.29 , 93.27
21.986 , 0.009994507 , 93.27 , 93.26
21.988 , 0.009994507 , 93.27 , 93.26
21.989 , 0.04000092 , 93.29 , 93.25
21.991 , 0.01999664 , 93.27 , 93.25
21.993 , 0.05000305 , 93.29 , 93.24
21.995 , -0.01999664 , 93.22 , 93.24
21.996 , -0.01000214 , 93.22 , 93.23
21.998 , 0.03999329 , 93.27 , 93.23
22.0 , 0.06999969 , 93.29 , 93.22
22.001 , 0.0 , 93.22 , 93.22
22.003 , 0.05999756 , 93.27 , 93.21
22.005 , 0.01000214 , 93.22 , 93.21
22.006 , 0.0 , 93.2 , 93.2
22.008 , 0.02000427 , 93.22 , 93.2
22.009 , 0.02999878 , 93.22 , 93.19
22.011 , 0.02999878 , 93.22 , 93.19
22.021 , 0.05999756 , 93.22 , 93.16
22.022 , 0.03999329 , 93.2 , 93.16
22.024 , 0.02999878 , 93.18 , 93.15
22.026 , -0.01000214 , 93.13 , 93.14
22.028 , -0.01000214 , 93.13 , 93.14
22.029 , 0.04000092 , 93.18 , 93.14
22.031 , 0.0 , 93.13 , 93.13
22.032 , 0.0 , 93.13 , 93.13
22.034 , 0.009994507 , 93.13 , 93.12
22.036 , 0.009994507 , 93.13 , 93.12
22.038 , 0.01999664 , 93.13 , 93.11
22.039 , 0.06999969 , 93.18 , 93.11
22.041 , 0.02999878 , 93.13 , 93.1
22.043 , 0.04000092 , 93.13 , 93.09
22.045 , -0.02999878 , 93.06 , 93.09
22.046 , 0.04000092 , 93.13 , 93.09
22.048 , 0.02999878 , 93.11 , 93.08
22.05 , 0.04000092 , 93.11 , 93.07
22.051 , -0.01000214 , 93.06 , 93.07
22.053 , 0.05000305 , 93.11 , 93.06
22.055 , 0.0 , 93.06 , 93.06
22.056 , 0.0 , 93.06 , 93.06
22.058 , 0.009994507 , 93.06 , 93.05
22.06 , 0.01999664 , 93.06 , 93.04
22.061 , 0.01999664 , 93.06 , 93.04
22.063 , 0.0 , 93.04 , 93.04
22.065 , 0.02999878 , 93.06 , 93.03
22.066 , 0.01000214 , 93.04 , 93.03
22.068 , 0.04000092 , 93.06 , 93.02
22.07 , -0.01000214 , 93.0 , 93.01
22.071 , 0.02999878 , 93.04 , 93.01
22.073 , -0.01000214 , 93.0 , 93.01
22.075 , 0.0 , 93.0 , 93.0
22.076 , 0.0 , 93.0 , 93.0
22.078 , 0.01000214 , 93.0 , 92.99
22.079 , 0.05000305 , 93.04 , 92.99
22.081 , 0.01999664 , 93.0 , 92.98
22.083 , 0.01999664 , 93.0 , 92.98
22.084 , 0.02999878 , 93.0 , 92.97
22.086 , 0.0 , 92.97 , 92.97
22.087 , 0.01000214 , 92.97 , 92.96
22.089 , 0.01000214 , 92.97 , 92.96
22.091 , 0.02000427 , 92.97 , 92.95
22.093 , 0.02000427 , 92.97 , 92.95
22.094 , 0.02999878 , 92.97 , 92.94
22.096 , 0.02999878 , 92.97 , 92.94
22.098 , 0.01999664 , 92.95 , 92.93
22.099 , 0.01999664 , 92.95 , 92.93
22.101 , 0.02999878 , 92.95 , 92.92
22.103 , 0.02999878 , 92.95 , 92.92
22.105 , 0.03999329 , 92.95 , 92.91
22.106 , 0.03999329 , 92.95 , 92.91
22.108 , 0.0 , 92.9 , 92.9
22.11 , 0.0 , 92.9 , 92.9
22.111 , 0.01000214 , 92.9 , 92.89
22.113 , 0.08000183 , 92.97 , 92.89
22.114 , 0.02000427 , 92.9 , 92.88
22.116 , 0.06999969 , 92.95 , 92.88
22.118 , 0.02999878 , 92.9 , 92.87
22.12 , 0.009994507 , 92.88 , 92.87
22.121 , -0.02000427 , 92.84 , 92.86
22.123 , 0.01999664 , 92.88 , 92.86
22.125 , 0.02999878 , 92.88 , 92.85
22.127 , 0.02999878 , 92.88 , 92.85
22.128 , 0.04000092 , 92.88 , 92.84
22.13 , 0.0 , 92.84 , 92.84
22.132 , 0.009994507 , 92.84 , 92.83
22.134 , 0.009994507 , 92.84 , 92.83
22.135 , 0.01999664 , 92.84 , 92.82
22.137 , 0.05999756 , 92.88 , 92.82
22.139 , 0.02999878 , 92.84 , 92.81
22.141 , 0.03999329 , 92.84 , 92.8
22.142 , 0.03999329 , 92.84 , 92.8
22.144 , 0.03999329 , 92.84 , 92.8
22.146 , 0.01999664 , 92.81 , 92.79
22.148 , 0.02999878 , 92.81 , 92.78
22.15 , 0.02999878 , 92.81 , 92.78
22.151 , 0.02999878 , 92.81 , 92.78
22.153 , 0.0 , 92.77 , 92.77
22.155 , 0.04999542 , 92.81 , 92.76
22.156 , 0.009994507 , 92.77 , 92.76
22.158 , 0.01999664 , 92.77 , 92.75
22.16 , 0.01999664 , 92.77 , 92.75
22.162 , 0.02999878 , 92.77 , 92.74
22.163 , 0.02999878 , 92.77 , 92.74
22.165 , -0.01000214 , 92.72 , 92.73
22.167 , 0.03999329 , 92.77 , 92.73
22.169 , 0.04999542 , 92.77 , 92.72
22.17 , 0.01999664 , 92.74 , 92.72
22.172 , 0.02999878 , 92.74 , 92.71
22.174 , 0.02999878 , 92.74 , 92.71
22.176 , 0.04000092 , 92.74 , 92.7
22.177 , 0.02000427 , 92.72 , 92.7
22.179 , 0.02999878 , 92.72 , 92.69
22.181 , 0.02999878 , 92.72 , 92.69
22.182 , 0.05999756 , 92.74 , 92.68
22.184 , 0.04000092 , 92.72 , 92.68
22.186 , 0.01000214 , 92.68 , 92.67
22.188 , 0.05000305 , 92.72 , 92.67
22.189 , 0.01999664 , 92.68 , 92.66
22.191 , 0.01999664 , 92.68 , 92.66
22.193 , 0.06999969 , 92.72 , 92.65
22.194 , 0.02999878 , 92.68 , 92.65
22.196 , 0.01000214 , 92.65 , 92.64
22.198 , 0.04000092 , 92.68 , 92.64
22.199 , 0.05000305 , 92.68 , 92.63
22.201 , 0.02000427 , 92.65 , 92.63
22.203 , 0.02999878 , 92.65 , 92.62
22.205 , -0.01000214 , 92.61 , 92.62
22.206 , 0.04000092 , 92.65 , 92.61
22.208 , 0.04000092 , 92.65 , 92.61
22.209 , 0.01000214 , 92.61 , 92.6
22.211 , 0.01000214 , 92.61 , 92.6
22.213 , 0.02000427 , 92.61 , 92.59
22.214 , 0.02000427 , 92.61 , 92.59
22.216 , 0.02999878 , 92.61 , 92.58
22.218 , 0.06999969 , 92.65 , 92.58
22.219 , 0.08000183 , 92.65 , 92.57
22.221 , 0.04000092 , 92.61 , 92.57
22.223 , 0.02000427 , 92.58 , 92.56
22.225 , 0.05000305 , 92.61 , 92.56
22.226 , 0.02999878 , 92.58 , 92.55
22.228 , -0.01000214 , 92.54 , 92.55
22.23 , 0.0 , 92.54 , 92.54
22.231 , 0.04000092 , 92.58 , 92.54
22.233 , 0.05000305 , 92.58 , 92.53
22.234 , 0.01000214 , 92.54 , 92.53
22.236 , 0.06000519 , 92.58 , 92.52
22.238 , 0.02000427 , 92.54 , 92.52
22.239 , 0.02999878 , 92.54 , 92.51
22.241 , 0.02999878 , 92.54 , 92.51
22.243 , 0.04000092 , 92.54 , 92.5
22.244 , 0.04000092 , 92.54 , 92.5
22.246 , 0.02999878 , 92.52 , 92.49
22.248 , 0.02999878 , 92.52 , 92.49
22.25 , 0.05999756 , 92.54 , 92.48
22.251 , 0.009994507 , 92.49 , 92.48
22.253 , 0.04999542 , 92.52 , 92.47
22.255 , 0.04999542 , 92.52 , 92.47
22.257 , 0.02999878 , 92.49 , 92.46
22.258 , 0.05999756 , 92.52 , 92.46
22.26 , 0.04000092 , 92.49 , 92.45
22.262 , 0.04000092 , 92.49 , 92.45
22.264 , 0.04999542 , 92.49 , 92.44
22.265 , 0.04999542 , 92.49 , 92.44
22.267 , 0.01999664 , 92.45 , 92.43
22.269 , 0.05999756 , 92.49 , 92.43
22.271 , 0.06999969 , 92.49 , 92.42
22.273 , 0.03999329 , 92.45 , 92.41
22.274 , 0.03999329 , 92.45 , 92.41
22.276 , 0.0799942 , 92.49 , 92.41
22.278 , 0.04999542 , 92.45 , 92.4
22.279 , 0.04999542 , 92.45 , 92.4
22.281 , 0.05999756 , 92.45 , 92.39
22.283 , 0.06999969 , 92.45 , 92.38
22.285 , 0.06999969 , 92.45 , 92.38
22.286 , 0.04000092 , 92.42 , 92.38
22.288 , 0.04999542 , 92.42 , 92.37
22.29 , 0.08999634 , 92.45 , 92.36
22.292 , 0.05999756 , 92.42 , 92.36
22.293 , 0.05999756 , 92.42 , 92.36
22.295 , 0.02999878 , 92.38 , 92.35
22.297 , 0.04000092 , 92.38 , 92.34
22.299 , 0.04000092 , 92.38 , 92.34
22.3 , 0.08999634 , 92.42 , 92.33
22.302 , 0.04999542 , 92.38 , 92.33
22.304 , 0.05999756 , 92.38 , 92.32
22.306 , 0.04000092 , 92.36 , 92.32
22.307 , 0.05000305 , 92.36 , 92.31
22.309 , 0.05000305 , 92.36 , 92.31
22.311 , 0.05999756 , 92.36 , 92.3
22.312 , 0.009994507 , 92.31 , 92.3
22.314 , 0.08999634 , 92.38 , 92.29
22.316 , 0.06999969 , 92.36 , 92.29
22.318 , 0.08000183 , 92.36 , 92.28
22.319 , 0.08000183 , 92.36 , 92.28
22.321 , 0.04000092 , 92.31 , 92.27
22.323 , 0.04000092 , 92.31 , 92.27
22.324 , 0.02999878 , 92.29 , 92.26
22.326 , 0.02999878 , 92.29 , 92.26
22.328 , 0.05999756 , 92.31 , 92.25
22.329 , 0.04000092 , 92.29 , 92.25
22.331 , 0.05000305 , 92.29 , 92.24
22.333 , 0.05000305 , 92.29 , 92.24
22.334 , 0.009994507 , 92.24 , 92.23
22.336 , 0.009994507 , 92.24 , 92.23
22.338 , 0.01999664 , 92.24 , 92.22
22.34 , 0.01999664 , 92.24 , 92.22
22.342 , 0.02999878 , 92.24 , 92.21
22.343 , 0.08000183 , 92.29 , 92.21
22.345 , 0.04000092 , 92.24 , 92.2
22.347 , 0.02000427 , 92.22 , 92.2
22.348 , 0.02999878 , 92.22 , 92.19
22.35 , 0.02999878 , 92.22 , 92.19
22.352 , 0.04000092 , 92.22 , 92.18
22.353 , 0.04000092 , 92.22 , 92.18
22.355 , 0.05000305 , 92.22 , 92.17
22.357 , 0.05000305 , 92.22 , 92.17
22.358 , 0.05999756 , 92.22 , 92.16
22.36 , 0.03999329 , 92.2 , 92.16
22.362 , 0.04999542 , 92.2 , 92.15
22.363 , 0.06999969 , 92.22 , 92.15
22.365 , 0.05999756 , 92.2 , 92.14
22.367 , 0.05999756 , 92.2 , 92.14
22.369 , 0.02000427 , 92.15 , 92.13
22.37 , 0.06999969 , 92.2 , 92.13
22.372 , 0.0799942 , 92.2 , 92.12
22.374 , 0.02999878 , 92.15 , 92.12
22.376 , 0.04000092 , 92.15 , 92.11
22.377 , 0.04000092 , 92.15 , 92.11
22.379 , 0.05000305 , 92.15 , 92.1
22.38 , 0.02999878 , 92.13 , 92.1
22.382 , 0.06000519 , 92.15 , 92.09
22.384 , -0.009994507 , 92.08 , 92.09
22.386 , 0.0 , 92.08 , 92.08
22.387 , 0.06999969 , 92.15 , 92.08
22.389 , 0.05999756 , 92.13 , 92.07
22.391 , 0.01000214 , 92.08 , 92.07
22.393 , 0.06999969 , 92.13 , 92.06
22.394 , 0.02000427 , 92.08 , 92.06
22.396 , 0.02999878 , 92.08 , 92.05
22.398 , 0.04000092 , 92.08 , 92.04
22.399 , 0.01999664 , 92.06 , 92.04
22.401 , 0.04000092 , 92.08 , 92.04
22.403 , 0.02999878 , 92.06 , 92.03
22.404 , -0.01999664 , 92.01 , 92.03
22.406 , 0.04000092 , 92.06 , 92.02
22.408 , -0.009994507 , 92.01 , 92.02
22.41 , 0.04999542 , 92.06 , 92.01
22.411 , -0.02000427 , 91.99 , 92.01
22.413 , -0.01000214 , 91.99 , 92.0
22.415 , 0.02000427 , 92.01 , 91.99
22.416 , 0.02000427 , 92.01 , 91.99
22.418 , 0.02000427 , 92.01 , 91.99
22.42 , 0.009994507 , 91.99 , 91.98
22.422 , 0.04000092 , 92.01 , 91.97
22.423 , 0.01999664 , 91.99 , 91.97
22.425 , 0.02999878 , 91.99 , 91.96
22.427 , 0.02999878 , 91.99 , 91.96
22.428 , 0.05000305 , 92.01 , 91.96
22.43 , 0.04000092 , 91.99 , 91.95
22.432 , 0.02999878 , 91.97 , 91.94
22.434 , -0.02000427 , 91.92 , 91.94
22.435 , 0.04999542 , 91.99 , 91.94
22.437 , -0.01000214 , 91.92 , 91.93
22.439 , 0.06999969 , 91.99 , 91.92
22.441 , 0.0 , 91.92 , 91.92
22.442 , 0.05999756 , 91.97 , 91.91
22.444 , 0.05999756 , 91.97 , 91.91
22.446 , 0.0 , 91.9 , 91.9
22.447 , 0.01999664 , 91.92 , 91.9
22.449 , 0.02999878 , 91.92 , 91.89
22.451 , 0.02999878 , 91.92 , 91.89
22.452 , 0.02999878 , 91.92 , 91.89
22.454 , 0.04000092 , 91.92 , 91.88
22.456 , -0.02000427 , 91.85 , 91.87
22.458 , 0.04999542 , 91.92 , 91.87
22.459 , -0.01000214 , 91.85 , 91.86
22.461 , 0.04000092 , 91.9 , 91.86
22.463 , 0.05000305 , 91.9 , 91.85
22.464 , 0.0 , 91.85 , 91.85
22.466 , 0.06000519 , 91.9 , 91.84
22.468 , 0.01000214 , 91.85 , 91.84
22.469 , 0.0 , 91.83 , 91.83
22.471 , 0.0 , 91.83 , 91.83
22.472 , 0.0 , 91.83 , 91.83
22.474 , 0.01000214 , 91.83 , 91.82
22.475 , 0.01000214 , 91.83 , 91.82
22.477 , -0.02999878 , 91.78 , 91.81
22.479 , 0.02000427 , 91.83 , 91.81
22.481 , -0.02000427 , 91.78 , 91.8
22.482 , -0.02000427 , 91.78 , 91.8
22.484 , -0.02999878 , 91.76 , 91.79
22.486 , -0.01999664 , 91.76 , 91.78
22.487 , 0.0 , 91.78 , 91.78
22.489 , -0.01999664 , 91.76 , 91.78
22.491 , 0.01000214 , 91.78 , 91.77
22.493 , 0.0 , 91.76 , 91.76
22.494 , -0.06999969 , 91.69 , 91.76
22.496 , -0.05999756 , 91.69 , 91.75
22.497 , -0.05999756 , 91.69 , 91.75
22.499 , -0.05999756 , 91.69 , 91.75
22.501 , -0.04999542 , 91.69 , 91.74
22.503 , -0.04000092 , 91.69 , 91.73
22.504 , -0.06000519 , 91.67 , 91.73
22.506 , 0.02999878 , 91.76 , 91.73
22.508 , -0.02999878 , 91.69 , 91.72
22.509 , -0.02999878 , 91.69 , 91.72
22.511 , -0.08999634 , 91.62 , 91.71
22.513 , -0.02999878 , 91.67 , 91.7
22.515 , -0.009994507 , 91.69 , 91.7
22.517 , -0.02000427 , 91.67 , 91.69
22.518 , -0.02000427 , 91.67 , 91.69
22.52 , -0.05999756 , 91.62 , 91.68
22.522 , -0.05999756 , 91.62 , 91.68
22.523 , -0.05999756 , 91.62 , 91.68
22.525 , 0.0 , 91.67 , 91.67
22.527 , -0.04000092 , 91.62 , 91.66
22.528 , -0.06000519 , 91.6 , 91.66
22.53 , -0.05000305 , 91.6 , 91.65
22.532 , -0.02999878 , 91.62 , 91.65
22.533 , -0.05000305 , 91.6 , 91.65
22.535 , -0.04000092 , 91.6 , 91.64
22.537 , -0.0799942 , 91.55 , 91.63
22.538 , -0.02999878 , 91.6 , 91.63
22.54 , -0.06999969 , 91.55 , 91.62
22.542 , -0.09000397 , 91.53 , 91.62
22.544 , -0.01000214 , 91.6 , 91.61
22.545 , -0.05999756 , 91.55 , 91.61
22.547 , -0.04999542 , 91.55 , 91.6
22.549 , 0.0 , 91.6 , 91.6
22.55 , -0.04999542 , 91.55 , 91.6
22.552 , -0.05999756 , 91.53 , 91.59
22.554 , -0.02999878 , 91.55 , 91.58
22.556 , -0.02999878 , 91.55 , 91.58
22.557 , -0.01999664 , 91.55 , 91.57
22.559 , -0.04000092 , 91.53 , 91.57
22.561 , -0.02999878 , 91.53 , 91.56
22.563 , -0.02999878 , 91.53 , 91.56
22.564 , -0.04000092 , 91.51 , 91.55
22.566 , -0.02000427 , 91.53 , 91.55
22.568 , -0.02999878 , 91.51 , 91.54
22.569 , -0.02999878 , 91.51 , 91.54
22.571 , -0.01999664 , 91.51 , 91.53
22.573 , -0.06999969 , 91.46 , 91.53
22.575 , -0.009994507 , 91.51 , 91.52
22.576 , 0.01000214 , 91.53 , 91.52
22.578 , 0.01999664 , 91.53 , 91.51
22.58 , 0.01999664 , 91.53 , 91.51
22.582 , 0.02999878 , 91.53 , 91.5
22.583 , 0.05000305 , 91.55 , 91.5
22.585 , 0.04000092 , 91.53 , 91.49
22.587 , 0.02000427 , 91.51 , 91.49
22.588 , 0.04999542 , 91.53 , 91.48
22.59 , 0.04999542 , 91.53 , 91.48
22.592 , 0.04000092 , 91.51 , 91.47
22.594 , 0.04000092 , 91.51 , 91.47
22.595 , 0.05000305 , 91.51 , 91.46
22.597 , 0.0 , 91.46 , 91.46
22.598 , 0.01000214 , 91.46 , 91.45
22.6 , 0.01000214 , 91.46 , 91.45
22.602 , 0.01999664 , 91.46 , 91.44
22.604 , 0.06999969 , 91.51 , 91.44
22.605 , 0.02999878 , 91.46 , 91.43
22.607 , 0.08000183 , 91.51 , 91.43
22.609 , 0.02000427 , 91.44 , 91.42
22.61 , 0.04000092 , 91.46 , 91.42
22.612 , 0.02999878 , 91.44 , 91.41
22.614 , 0.02999878 , 91.44 , 91.41
22.615 , 0.04000092 , 91.44 , 91.4
22.617 , 0.05999756 , 91.46 , 91.4
22.619 , 0.05000305 , 91.44 , 91.39
22.62 , 0.05000305 , 91.44 , 91.39
22.622 , 0.06000519 , 91.44 , 91.38
22.624 , 0.01000214 , 91.39 , 91.38
22.626 , 0.06999969 , 91.44 , 91.37
22.627 , 0.01999664 , 91.39 , 91.37
22.629 , 0.08000183 , 91.44 , 91.36
22.631 , 0.02999878 , 91.39 , 91.36
22.632 , 0.04000092 , 91.39 , 91.35
22.634 , 0.04000092 , 91.39 , 91.35
22.636 , 0.03000641 , 91.37 , 91.34
22.638 , 0.05000305 , 91.39 , 91.34
22.639 , 0.0 , 91.33 , 91.33
22.641 , 0.05999756 , 91.39 , 91.33
22.642 , 0.05000305 , 91.37 , 91.32
22.644 , 0.05000305 , 91.37 , 91.32
22.646 , 0.06000519 , 91.37 , 91.31
22.648 , 0.06000519 , 91.37 , 91.31
22.649 , 0.06999969 , 91.37 , 91.3
22.651 , 0.02999878 , 91.33 , 91.3
22.653 , 0.01000214 , 91.3 , 91.29
22.654 , 0.08000183 , 91.37 , 91.29
22.656 , 0.05000305 , 91.33 , 91.28
22.658 , 0.05000305 , 91.33 , 91.28
22.659 , 0.03000641 , 91.3 , 91.27
22.661 , 0.06000519 , 91.33 , 91.27
22.663 , 0.06999969 , 91.33 , 91.26
22.664 , 0.04000092 , 91.3 , 91.26
22.666 , 0.08000183 , 91.33 , 91.25
22.668 , 0.05000305 , 91.3 , 91.25
22.669 , 0.06000519 , 91.3 , 91.24
22.671 , 0.04000092 , 91.28 , 91.24
22.673 , 0.06999969 , 91.3 , 91.23
22.674 , 0.06999969 , 91.3 , 91.23
22.676 , 0.01000214 , 91.23 , 91.22
22.678 , 0.01000214 , 91.23 , 91.22
22.679 , 0.06999969 , 91.28 , 91.21
22.681 , -0.04000092 , 91.17 , 91.21
22.683 , -0.02999878 , 91.17 , 91.2
22.685 , -0.02999878 , 91.17 , 91.2
22.686 , -0.02000427 , 91.17 , 91.19
22.688 , -0.02000427 , 91.17 , 91.19
22.69 , -0.04000092 , 91.14 , 91.18
22.691 , -0.04000092 , 91.14 , 91.18
22.693 , 0.0 , 91.17 , 91.17
22.695 , -0.06999969 , 91.1 , 91.17
22.697 , -0.02000427 , 91.14 , 91.16
22.698 , 0.009994507 , 91.17 , 91.16
22.7 , -0.01000214 , 91.14 , 91.15
22.702 , -0.01000214 , 91.14 , 91.15
22.703 , 0.0 , 91.14 , 91.14
22.705 , -0.04000092 , 91.1 , 91.14
22.707 , -0.02999878 , 91.1 , 91.13
22.708 , -0.02999878 , 91.1 , 91.13
22.71 , -0.02000427 , 91.1 , 91.12
22.712 , -0.02000427 , 91.1 , 91.12
22.714 , -0.01000214 , 91.1 , 91.11
22.715 , -0.01000214 , 91.1 , 91.11
22.717 , -0.02999878 , 91.07 , 91.1
22.719 , 0.0 , 91.1 , 91.1
22.72 , -0.01999664 , 91.07 , 91.09
22.722 , 0.01000214 , 91.1 , 91.09
22.724 , -0.02999878 , 91.05 , 91.08
22.726 , -0.01999664 , 91.05 , 91.07
22.727 , 0.0 , 91.07 , 91.07
22.729 , -0.01999664 , 91.05 , 91.07
22.731 , 0.01000214 , 91.07 , 91.06
22.732 , 0.01000214 , 91.07 , 91.06
22.734 , 0.0 , 91.05 , 91.05
22.735 , 0.0 , 91.05 , 91.05
22.737 , 0.01000214 , 91.05 , 91.04
22.739 , -0.04000092 , 91.0 , 91.04
22.74 , 0.02000427 , 91.05 , 91.03
22.742 , 0.02000427 , 91.05 , 91.03
22.743 , -0.01999664 , 91.0 , 91.02
22.745 , -0.03999329 , 90.98 , 91.02
22.747 , -0.02999878 , 90.98 , 91.01
22.749 , -0.02999878 , 90.98 , 91.01
22.75 , -0.05999756 , 90.94 , 91.0
22.752 , -0.01999664 , 90.98 , 91.0
22.754 , -0.04999542 , 90.94 , 90.99
22.755 , -0.009994507 , 90.98 , 90.99
22.757 , -0.06999969 , 90.91 , 90.98
22.759 , -0.04000092 , 90.94 , 90.98
22.761 , -0.02999878 , 90.94 , 90.97
22.762 , 0.01000214 , 90.98 , 90.97
22.764 , -0.04999542 , 90.91 , 90.96
22.766 , -0.01999664 , 90.94 , 90.96
22.768 , -0.03999329 , 90.91 , 90.95
22.769 , -0.03999329 , 90.91 , 90.95
22.771 , -0.06999969 , 90.87 , 90.94
22.773 , 0.0 , 90.94 , 90.94
22.774 , -0.05999756 , 90.87 , 90.93
22.776 , -0.05999756 , 90.87 , 90.93
22.778 , -0.04999542 , 90.87 , 90.92
22.78 , -0.009994507 , 90.91 , 90.92
22.781 , -0.04000092 , 90.87 , 90.91
22.783 , -0.04000092 , 90.87 , 90.91
22.785 , -0.02999878 , 90.87 , 90.9
22.786 , -0.02999878 , 90.87 , 90.9
22.788 , -0.06999969 , 90.82 , 90.89
22.79 , -0.05000305 , 90.84 , 90.89
22.792 , -0.04000092 , 90.84 , 90.88
22.801 , -0.02999878 , 90.82 , 90.85
22.803 , -0.01000214 , 90.84 , 90.85
22.805 , -0.01999664 , 90.82 , 90.84
22.807 , -0.05999756 , 90.78 , 90.84
22.808 , -0.05000305 , 90.78 , 90.83
22.81 , -0.01000214 , 90.82 , 90.83
22.812 , -0.04000092 , 90.78 , 90.82
22.813 , -0.04000092 , 90.78 , 90.82
22.815 , -0.02999878 , 90.78 , 90.81
22.817 , -0.02999878 , 90.78 , 90.81
22.819 , -0.02000427 , 90.78 , 90.8
22.821 , -0.01000214 , 90.78 , 90.79
22.822 , -0.04000092 , 90.75 , 90.79
22.824 , -0.04000092 , 90.75 , 90.79
22.826 , -0.02999878 , 90.75 , 90.78
22.827 , -0.02999878 , 90.75 , 90.78
22.829 , -0.01999664 , 90.75 , 90.77
22.831 , -0.01000214 , 90.75 , 90.76
22.832 , -0.05000305 , 90.71 , 90.76
22.834 , -0.01000214 , 90.75 , 90.76
22.836 , 0.0 , 90.75 , 90.75
22.837 , -0.04000092 , 90.71 , 90.75
22.839 , -0.05999756 , 90.68 , 90.74
22.841 , -0.02000427 , 90.71 , 90.73
22.842 , -0.02000427 , 90.71 , 90.73
22.844 , -0.05000305 , 90.68 , 90.73
22.846 , -0.04000092 , 90.68 , 90.72
22.847 , -0.08000183 , 90.64 , 90.72
22.849 , -0.02999878 , 90.68 , 90.71
22.851 , -0.06999969 , 90.64 , 90.71
22.853 , -0.01999664 , 90.68 , 90.7
22.854 , -0.05999756 , 90.64 , 90.7
22.856 , -0.05000305 , 90.64 , 90.69
22.858 , 0.0 , 90.68 , 90.68
22.859 , 0.0 , 90.68 , 90.68
22.861 , -0.04000092 , 90.64 , 90.68
22.863 , -0.02999878 , 90.64 , 90.67
22.864 , -0.02999878 , 90.64 , 90.67
22.866 , -0.04000092 , 90.62 , 90.66
22.868 , -0.04000092 , 90.62 , 90.66
22.869 , -0.02999878 , 90.62 , 90.65
22.871 , -0.02999878 , 90.62 , 90.65
22.873 , -0.01999664 , 90.62 , 90.64
22.875 , -0.04000092 , 90.59 , 90.63
22.876 , -0.04000092 , 90.59 , 90.63
22.878 , -0.009994507 , 90.62 , 90.63
22.88 , -0.03000641 , 90.59 , 90.62
22.882 , -0.02000427 , 90.59 , 90.61
22.883 , 0.01000214 , 90.62 , 90.61
22.885 , -0.04999542 , 90.55 , 90.6
22.887 , -0.01000214 , 90.59 , 90.6
22.888 , -0.01000214 , 90.59 , 90.6
22.89 , 0.0 , 90.59 , 90.59
22.892 , -0.02999878 , 90.55 , 90.58
22.894 , 0.009994507 , 90.59 , 90.58
22.895 , -0.02999878 , 90.55 , 90.58
22.897 , -0.01999664 , 90.55 , 90.57
22.899 , -0.04000092 , 90.52 , 90.56
22.901 , -0.009994507 , 90.55 , 90.56
22.902 , 0.0 , 90.55 , 90.55
22.904 , 0.0 , 90.55 , 90.55
22.905 , -0.06999969 , 90.48 , 90.55
22.907 , 0.01000214 , 90.55 , 90.54
22.909 , -0.01000214 , 90.52 , 90.53
22.91 , -0.04999542 , 90.48 , 90.53
22.912 , -0.03999329 , 90.48 , 90.52
22.914 , 0.0 , 90.52 , 90.52
22.915 , 0.0 , 90.52 , 90.52
22.917 , 0.009994507 , 90.52 , 90.51
22.919 , -0.04000092 , 90.46 , 90.5
22.92 , -0.01999664 , 90.48 , 90.5
22.922 , -0.01999664 , 90.48 , 90.5
22.924 , -0.02999878 , 90.46 , 90.49
22.926 , -0.02000427 , 90.46 , 90.48
22.927 , -0.02000427 , 90.46 , 90.48
22.929 , -0.01000214 , 90.46 , 90.47
22.931 , -0.01000214 , 90.46 , 90.47
22.932 , -0.05999756 , 90.41 , 90.47
22.934 , 0.0 , 90.46 , 90.46
22.936 , 0.03000641 , 90.48 , 90.45
22.937 , -0.03999329 , 90.41 , 90.45
22.939 , 0.01000214 , 90.46 , 90.45
22.941 , -0.02999878 , 90.41 , 90.44
22.942 , -0.02999878 , 90.41 , 90.44
22.944 , -0.04000092 , 90.39 , 90.43
22.946 , -0.02999878 , 90.39 , 90.42
22.948 , -0.02999878 , 90.39 , 90.42
22.949 , -0.009994507 , 90.41 , 90.42
22.951 , -0.02000427 , 90.39 , 90.41
22.953 , 0.01000214 , 90.41 , 90.4
22.955 , -0.01000214 , 90.39 , 90.4
22.956 , 0.0 , 90.39 , 90.39
22.958 , 0.0 , 90.39 , 90.39
22.959 , -0.05000305 , 90.34 , 90.39
22.961 , -0.05999756 , 90.32 , 90.38
22.963 , -0.03000641 , 90.34 , 90.37
22.965 , -0.03000641 , 90.34 , 90.37
22.966 , -0.03000641 , 90.34 , 90.37
22.968 , -0.04000092 , 90.32 , 90.36
22.97 , -0.02999878 , 90.32 , 90.35
22.972 , -0.02999878 , 90.32 , 90.35
22.973 , -0.01999664 , 90.32 , 90.34
22.975 , 0.0 , 90.34 , 90.34
22.977 , -0.01000214 , 90.32 , 90.33
22.978 , -0.01000214 , 90.32 , 90.33
22.98 , -0.01999664 , 90.3 , 90.32
22.982 , 0.0 , 90.32 , 90.32
22.983 , -0.01999664 , 90.3 , 90.32
22.985 , 0.01000214 , 90.32 , 90.31
22.987 , 0.0 , 90.3 , 90.3
22.988 , 0.0 , 90.3 , 90.3
22.99 , 0.01000214 , 90.3 , 90.29
22.991 , 0.02999878 , 90.32 , 90.29
22.993 , 0.02999878 , 90.32 , 90.29
22.995 , 0.02000427 , 90.3 , 90.28
22.997 , 0.03000641 , 90.3 , 90.27
22.998 , 0.03000641 , 90.3 , 90.27
23.0 , 0.04000092 , 90.3 , 90.26
23.002 , 0.04000092 , 90.3 , 90.26
23.003 , -0.01000214 , 90.25 , 90.26
23.005 , 0.05000305 , 90.3 , 90.25
23.006 , 0.0 , 90.25 , 90.25
23.008 , 0.01000214 , 90.25 , 90.24
23.009 , 0.01000214 , 90.25 , 90.24
23.011 , 0.01999664 , 90.25 , 90.23
23.013 , 0.06999969 , 90.3 , 90.23
23.014 , 0.02999878 , 90.25 , 90.22
23.016 , 0.02999878 , 90.25 , 90.22
23.018 , 0.04000092 , 90.25 , 90.21
23.019 , -0.02999878 , 90.18 , 90.21
23.021 , 0.03000641 , 90.23 , 90.2
23.023 , 0.03000641 , 90.23 , 90.2
23.024 , -0.01000214 , 90.18 , 90.19
23.026 , 0.04000092 , 90.23 , 90.19
23.028 , 0.05000305 , 90.23 , 90.18
23.029 , 0.0 , 90.18 , 90.18
23.031 , 0.06000519 , 90.23 , 90.17
23.032 , 0.01000214 , 90.18 , 90.17
23.034 , 0.01999664 , 90.18 , 90.16
23.036 , -0.05000305 , 90.11 , 90.16
23.037 , 0.01999664 , 90.18 , 90.16
23.039 , 0.02999878 , 90.18 , 90.15
23.041 , 0.04000092 , 90.18 , 90.14
23.042 , 0.04000092 , 90.18 , 90.14
23.044 , 0.05000305 , 90.18 , 90.13
23.046 , 0.03000641 , 90.16 , 90.13
23.047 , 0.03000641 , 90.16 , 90.13
23.049 , -0.01000214 , 90.11 , 90.12
23.051 , 0.0 , 90.11 , 90.11
23.052 , 0.0 , 90.11 , 90.11
23.053 , 0.05000305 , 90.16 , 90.11
23.055 , 0.01000214 , 90.11 , 90.1
23.057 , 0.01000214 , 90.11 , 90.1
23.058 , 0.07000732 , 90.16 , 90.09
23.06 , 0.02000427 , 90.11 , 90.09
23.062 , 0.009994507 , 90.09 , 90.08
23.064 , 0.009994507 , 90.09 , 90.08
23.065 , 0.04000092 , 90.11 , 90.07
23.067 , 0.01999664 , 90.09 , 90.07
23.069 , 0.01000214 , 90.07 , 90.06
23.071 , 0.03999329 , 90.09 , 90.05
23.072 , 0.03999329 , 90.09 , 90.05
23.074 , 0.01999664 , 90.07 , 90.05
23.076 , 0.02999878 , 90.07 , 90.04
23.077 , 0.02999878 , 90.07 , 90.04
23.079 , 0.05999756 , 90.09 , 90.03
23.081 , 0.05999756 , 90.09 , 90.03
23.083 , 0.05000305 , 90.07 , 90.02
23.084 , 0.0 , 90.02 , 90.02
23.086 , 0.009994507 , 90.02 , 90.01
23.088 , 0.01999664 , 90.02 , 90.0
23.089 , 0.01999664 , 90.02 , 90.0
23.091 , 0.01999664 , 90.02 , 90.0
23.093 , 0.01000214 , 90.0 , 89.99
23.094 , 0.01000214 , 90.0 , 89.99
23.096 , -0.05000305 , 89.93 , 89.98
23.098 , -0.02000427 , 89.95 , 89.97
23.1 , -0.09000397 , 89.88 , 89.97
23.101 , -0.04000092 , 89.93 , 89.97
23.103 , -0.08000183 , 89.88 , 89.96
23.105 , 0.0 , 89.95 , 89.95
23.106 , -0.06999969 , 89.88 , 89.95
23.108 , -0.08999634 , 89.86 , 89.95
23.11 , -0.06000519 , 89.88 , 89.94
23.112 , -0.06999969 , 89.86 , 89.93
23.113 , -0.06999969 , 89.86 , 89.93
23.115 , -0.05999756 , 89.86 , 89.92
23.117 , -0.05999756 , 89.86 , 89.92
23.119 , -0.05000305 , 89.86 , 89.91
23.12 , -0.05000305 , 89.86 , 89.91
23.122 , -0.02000427 , 89.88 , 89.9
23.124 , -0.06000519 , 89.84 , 89.9
23.125 , -0.06000519 , 89.84 , 89.9
23.127 , -0.05000305 , 89.84 , 89.89
23.129 , -0.04000092 , 89.84 , 89.88
23.131 , -0.04000092 , 89.84 , 89.88
23.132 , -0.01000214 , 89.86 , 89.87
23.134 , -0.03000641 , 89.84 , 89.87
23.136 , -0.02000427 , 89.84 , 89.86
23.137 , -0.02000427 , 89.84 , 89.86
23.139 , -0.05999756 , 89.79 , 89.85
23.141 , -0.01000214 , 89.84 , 89.85
23.143 , -0.04999542 , 89.79 , 89.84
23.144 , -0.04999542 , 89.79 , 89.84
23.146 , -0.04000092 , 89.79 , 89.83
23.148 , -0.1100006 , 89.72 , 89.83
23.149 , -0.05000305 , 89.77 , 89.82
23.151 , -0.05000305 , 89.77 , 89.82
23.153 , -0.04000092 , 89.77 , 89.81
23.155 , -0.08999634 , 89.72 , 89.81
23.156 , -0.08000183 , 89.72 , 89.8
23.158 , -0.08000183 , 89.72 , 89.8
23.16 , -0.06999969 , 89.72 , 89.79
23.161 , -0.02000427 , 89.77 , 89.79
23.163 , -0.05999756 , 89.72 , 89.78
23.165 , -0.01000214 , 89.77 , 89.78
23.167 , -0.06999969 , 89.7 , 89.77
23.169 , -0.04999542 , 89.72 , 89.77
23.17 , -0.06000519 , 89.7 , 89.76
23.172 , -0.06000519 , 89.7 , 89.76
23.174 , -0.02999878 , 89.72 , 89.75
23.175 , -0.05000305 , 89.7 , 89.75
23.177 , -0.01999664 , 89.72 , 89.74
23.179 , -0.01999664 , 89.72 , 89.74
23.181 , -0.03000641 , 89.7 , 89.73
23.182 , -0.08000183 , 89.65 , 89.73
23.184 , -0.06999969 , 89.65 , 89.72
23.186 , -0.05999756 , 89.65 , 89.71
23.188 , -0.05999756 , 89.65 , 89.71
23.189 , -0.05999756 , 89.65 , 89.71
23.191 , -0.04999542 , 89.65 , 89.7
23.193 , -0.06000519 , 89.63 , 89.69
23.195 , -0.06000519 , 89.63 , 89.69
23.196 , -0.06000519 , 89.63 , 89.69
23.198 , -0.02999878 , 89.65 , 89.68
23.2 , 0.05000305 , 89.72 , 89.67
23.202 , 0.02999878 , 89.7 , 89.67
23.203 , 0.05999756 , 89.72 , 89.66
23.205 , -0.01000214 , 89.65 , 89.66
23.207 , 0.04999542 , 89.7 , 89.65
23.209 , 0.0 , 89.65 , 89.65
23.21 , 0.01000214 , 89.65 , 89.64
23.212 , 0.01000214 , 89.65 , 89.64
23.213 , 0.02000427 , 89.65 , 89.63
23.215 , 0.0 , 89.63 , 89.63
23.217 , 0.02999878 , 89.65 , 89.62
23.218 , 0.0799942 , 89.7 , 89.62
23.22 , 0.04000092 , 89.65 , 89.61
23.222 , 0.01999664 , 89.63 , 89.61
23.223 , 0.08999634 , 89.7 , 89.61
23.225 , 0.02999878 , 89.63 , 89.6
23.227 , 0.04000092 , 89.63 , 89.59
23.229 , 0.04000092 , 89.63 , 89.59
23.231 , 0.02999878 , 89.61 , 89.58
23.232 , 0.02999878 , 89.61 , 89.58
23.234 , 0.04000092 , 89.61 , 89.57
23.236 , 0.05999756 , 89.63 , 89.57
23.237 , 0.06999969 , 89.63 , 89.56
23.239 , 0.06999969 , 89.63 , 89.56
23.241 , 0.0799942 , 89.63 , 89.55
23.243 , 0.009994507 , 89.56 , 89.55
23.245 , 0.06999969 , 89.61 , 89.54
23.246 , 0.06999969 , 89.61 , 89.54
23.248 , 0.02999878 , 89.56 , 89.53
23.25 , 0.02999878 , 89.56 , 89.53
23.252 , 0.02000427 , 89.54 , 89.52
23.253 , 0.02000427 , 89.54 , 89.52
23.255 , 0.04999542 , 89.56 , 89.51
23.257 , 0.04000092 , 89.54 , 89.5
23.258 , 0.05999756 , 89.56 , 89.5
23.26 , -0.01000214 , 89.49 , 89.5
23.262 , 0.05000305 , 89.54 , 89.49
23.263 , 0.05000305 , 89.54 , 89.49
23.265 , 0.009994507 , 89.49 , 89.48
23.267 , 0.009994507 , 89.49 , 89.48
23.269 , 0.01999664 , 89.49 , 89.47
23.271 , 0.01000214 , 89.47 , 89.46
23.272 , 0.02999878 , 89.49 , 89.46
23.274 , 0.04000092 , 89.49 , 89.45
23.276 , 0.02000427 , 89.47 , 89.45
23.278 , 0.02999878 , 89.47 , 89.44
23.279 , 0.02999878 , 89.47 , 89.44
23.281 , 0.0 , 89.43 , 89.43
23.283 , 0.04000092 , 89.47 , 89.43
23.284 , 0.04000092 , 89.47 , 89.43
23.286 , 0.01000214 , 89.43 , 89.42
23.288 , 0.05999756 , 89.47 , 89.41
23.289 , 0.01999664 , 89.43 , 89.41
23.291 , 0.02999878 , 89.43 , 89.4
23.293 , 0.02999878 , 89.43 , 89.4
23.294 , 0.02999878 , 89.43 , 89.4
23.296 , 0.04000092 , 89.43 , 89.39
23.298 , 0.05000305 , 89.43 , 89.38
23.299 , 0.05000305 , 89.43 , 89.38
23.301 , 0.02999878 , 89.4 , 89.37
23.303 , -0.04000092 , 89.33 , 89.37
23.305 , -0.05000305 , 89.31 , 89.36
23.306 , -0.02999878 , 89.33 , 89.36
23.308 , 0.02999878 , 89.38 , 89.35
23.31 , -0.04000092 , 89.31 , 89.35
23.311 , -0.04000092 , 89.31 , 89.35
23.313 , -0.02999878 , 89.31 , 89.34
23.315 , -0.02000427 , 89.31 , 89.33
23.317 , 0.0 , 89.33 , 89.33
23.318 , -0.01000214 , 89.31 , 89.32
23.32 , -0.01000214 , 89.31 , 89.32
23.322 , 0.0 , 89.31 , 89.31
23.323 , -0.04000092 , 89.27 , 89.31
23.325 , -0.03000641 , 89.27 , 89.3
23.327 , -0.06000519 , 89.24 , 89.3
23.328 , -0.05000305 , 89.24 , 89.29
23.33 , -0.02000427 , 89.27 , 89.29
23.332 , -0.04000092 , 89.24 , 89.28
23.333 , -0.04000092 , 89.24 , 89.28
23.335 , 0.0 , 89.27 , 89.27
23.337 , -0.02999878 , 89.24 , 89.27
23.339 , 0.009994507 , 89.27 , 89.26
23.34 , -0.02000427 , 89.24 , 89.26
23.342 , -0.05000305 , 89.2 , 89.25
23.344 , -0.01000214 , 89.24 , 89.25
23.346 , 0.0 , 89.24 , 89.24
23.347 , -0.04000092 , 89.2 , 89.24
23.349 , -0.03000641 , 89.2 , 89.23
23.351 , -0.06000519 , 89.17 , 89.23
23.352 , -0.02000427 , 89.2 , 89.22
23.354 , -0.02000427 , 89.2 , 89.22
23.356 , -0.04000092 , 89.17 , 89.21
23.357 , -0.05999756 , 89.15 , 89.21
23.359 , -0.02999878 , 89.17 , 89.2
23.361 , -0.02999878 , 89.17 , 89.2
23.363 , -0.02000427 , 89.17 , 89.19
23.364 , 0.009994507 , 89.2 , 89.19
23.366 , -0.01000214 , 89.17 , 89.18
23.368 , -0.01000214 , 89.17 , 89.18
23.37 , 0.0 , 89.17 , 89.17
23.371 , -0.01999664 , 89.15 , 89.17
23.373 , 0.009994507 , 89.17 , 89.16
23.375 , -0.01000214 , 89.15 , 89.16
23.376 , 0.0 , 89.15 , 89.15
23.378 , 0.0 , 89.15 , 89.15
23.379 , 0.01000214 , 89.15 , 89.14
23.381 , 0.01000214 , 89.15 , 89.14
23.383 , 0.02000427 , 89.15 , 89.13
23.385 , 0.02000427 , 89.15 , 89.13
23.386 , -0.01000214 , 89.11 , 89.12
23.388 , -0.01000214 , 89.11 , 89.12
23.39 , -0.02999878 , 89.08 , 89.11
23.391 , 0.0 , 89.11 , 89.11
23.393 , -0.01999664 , 89.08 , 89.1
23.395 , -0.01999664 , 89.08 , 89.1
23.396 , 0.02000427 , 89.11 , 89.09
23.398 , 0.02000427 , 89.11 , 89.09
23.4 , 0.0 , 89.08 , 89.08
23.401 , 0.0 , 89.08 , 89.08
23.403 , -0.05999756 , 89.01 , 89.07
23.404 , -0.05999756 , 89.01 , 89.07
23.406 , 0.02000427 , 89.08 , 89.06
23.408 , 0.02000427 , 89.08 , 89.06
23.409 , 0.02000427 , 89.08 , 89.06
23.411 , 0.02999878 , 89.08 , 89.05
23.413 , 0.04000092 , 89.08 , 89.04
23.415 , -0.02999878 , 89.01 , 89.04
23.416 , -0.01999664 , 89.01 , 89.03
23.418 , -0.01999664 , 89.01 , 89.03
23.42 , -0.009994507 , 89.01 , 89.02
23.422 , 0.06000519 , 89.08 , 89.02
23.423 , 0.0 , 89.01 , 89.01
23.425 , -0.04000092 , 88.97 , 89.01
23.426 , 0.0 , 89.01 , 89.01
23.428 , 0.01000214 , 89.01 , 89.0
23.429 , 0.01000214 , 89.01 , 89.0
23.431 , -0.01999664 , 88.97 , 88.99
23.433 , -0.01000214 , 88.97 , 88.98
23.434 , -0.01000214 , 88.97 , 88.98
23.436 , 0.02999878 , 89.01 , 88.98
23.438 , 0.0 , 88.97 , 88.97
23.439 , 0.0 , 88.97 , 88.97
23.441 , -0.01999664 , 88.94 , 88.96
23.443 , -0.009994507 , 88.94 , 88.95
23.444 , -0.009994507 , 88.94 , 88.95
23.446 , -0.009994507 , 88.94 , 88.95
23.448 , 0.0 , 88.94 , 88.94
23.45 , -0.01000214 , 88.92 , 88.93
23.451 , -0.01000214 , 88.92 , 88.93
23.453 , -0.01000214 , 88.92 , 88.93
23.455 , 0.02000427 , 88.94 , 88.92
23.456 , 0.0 , 88.92 , 88.92
23.458 , 0.009994507 , 88.92 , 88.91
23.46 , 0.01999664 , 88.92 , 88.9
23.462 , -0.02000427 , 88.88 , 88.9
23.463 , 0.01999664 , 88.92 , 88.9
23.465 , -0.01000214 , 88.88 , 88.89
23.467 , 0.0 , 88.88 , 88.88
23.468 , -0.02999878 , 88.85 , 88.88
23.47 , 0.0 , 88.88 , 88.88
23.472 , -0.02000427 , 88.85 , 88.87
23.474 , -0.05000305 , 88.81 , 88.86
23.475 , -0.01000214 , 88.85 , 88.86
23.477 , -0.04000092 , 88.81 , 88.85
23.479 , -0.04000092 , 88.81 , 88.85
23.481 , -0.02999878 , 88.81 , 88.84
23.482 , -0.02999878 , 88.81 , 88.84
23.484 , -0.05000305 , 88.78 , 88.83
23.486 , -0.02000427 , 88.81 , 88.83
23.488 , -0.01000214 , 88.81 , 88.82
23.489 , -0.04000092 , 88.78 , 88.82
23.491 , -0.02999878 , 88.78 , 88.81
23.493 , -0.02999878 , 88.78 , 88.81
23.495 , -0.06000519 , 88.74 , 88.8
23.496 , -0.02000427 , 88.78 , 88.8
23.498 , -0.01000214 , 88.78 , 88.79
23.5 , -0.05000305 , 88.74 , 88.79
23.502 , -0.04000092 , 88.74 , 88.78
23.503 , -0.04000092 , 88.74 , 88.78
23.505 , -0.02999878 , 88.74 , 88.77
23.507 , -0.04999542 , 88.72 , 88.77
23.509 , 0.01999664 , 88.78 , 88.76
23.51 , -0.02000427 , 88.74 , 88.76
23.512 , -0.01000214 , 88.74 , 88.75
23.514 , -0.01999664 , 88.72 , 88.74
23.516 , -0.01999664 , 88.72 , 88.74
23.517 , -0.01999664 , 88.72 , 88.74
23.519 , -0.04000092 , 88.69 , 88.73
23.521 , -0.02999878 , 88.69 , 88.72
23.522 , 0.0 , 88.72 , 88.72
23.524 , -0.02999878 , 88.69 , 88.72
23.526 , 0.01000214 , 88.72 , 88.71
23.527 , 0.01000214 , 88.72 , 88.71
23.529 , 0.02000427 , 88.72 , 88.7
23.531 , 0.02999878 , 88.72 , 88.69
23.532 , 0.0 , 88.69 , 88.69
23.534 , 0.0 , 88.69 , 88.69
23.535 , -0.02999878 , 88.65 , 88.68
23.537 , -0.02999878 , 88.65 , 88.68
23.539 , -0.01999664 , 88.65 , 88.67
23.541 , 0.02000427 , 88.69 , 88.67
23.542 , 0.02999878 , 88.69 , 88.66
23.544 , -0.04000092 , 88.62 , 88.66
23.546 , -0.02999878 , 88.62 , 88.65
23.548 , 0.01000214 , 88.65 , 88.64
23.549 , -0.01999664 , 88.62 , 88.64
23.551 , -0.01999664 , 88.62 , 88.64
23.553 , -0.04999542 , 88.58 , 88.63
23.554 , -0.009994507 , 88.62 , 88.63
23.556 , 0.0 , 88.62 , 88.62
23.558 , -0.02999878 , 88.58 , 88.61
23.56 , -0.02999878 , 88.58 , 88.61
23.561 , 0.01000214 , 88.62 , 88.61
23.563 , -0.01999664 , 88.58 , 88.6
23.565 , -0.009994507 , 88.58 , 88.59
23.567 , 0.03000641 , 88.62 , 88.59
23.568 , -0.02999878 , 88.56 , 88.59
23.57 , 0.0 , 88.58 , 88.58
23.572 , -0.01000214 , 88.56 , 88.57
23.581 , -0.04000092 , 88.51 , 88.55
23.583 , 0.01999664 , 88.56 , 88.54
23.585 , -0.02999878 , 88.51 , 88.54
23.586 , -0.01999664 , 88.51 , 88.53
23.588 , -0.01999664 , 88.51 , 88.53
23.59 , -0.009994507 , 88.51 , 88.52
23.592 , 0.0 , 88.51 , 88.51
23.593 , 0.0 , 88.51 , 88.51
23.595 , -0.02000427 , 88.49 , 88.51
23.596 , -0.01000214 , 88.49 , 88.5
23.598 , 0.01000214 , 88.51 , 88.5
23.6 , -0.04999542 , 88.44 , 88.49
23.602 , -0.04000092 , 88.44 , 88.48
23.603 , 0.009994507 , 88.49 , 88.48
23.605 , -0.06000519 , 88.42 , 88.48
23.607 , -0.02999878 , 88.44 , 88.47
23.608 , 0.01999664 , 88.49 , 88.47
23.61 , -0.01999664 , 88.44 , 88.46
23.612 , -0.01999664 , 88.44 , 88.46
23.614 , -0.009994507 , 88.44 , 88.45
23.616 , 0.0 , 88.44 , 88.44
23.617 , 0.0 , 88.44 , 88.44
23.619 , 0.01000214 , 88.44 , 88.43
23.62 , 0.01000214 , 88.44 , 88.43
23.622 , 0.01000214 , 88.44 , 88.43
23.623 , 0.02000427 , 88.44 , 88.42
23.625 , 0.02000427 , 88.44 , 88.42
23.627 , 0.02999878 , 88.44 , 88.41
23.628 , 0.02999878 , 88.44 , 88.41
23.63 , 0.01999664 , 88.42 , 88.4
23.632 , 0.01999664 , 88.42 , 88.4
23.634 , 0.02999878 , 88.42 , 88.39
23.635 , 0.02999878 , 88.42 , 88.39
23.637 , 0.04000092 , 88.42 , 88.38
23.639 , 0.02000427 , 88.4 , 88.38
23.641 , 0.02999878 , 88.4 , 88.37
23.642 , 0.02999878 , 88.4 , 88.37
23.644 , 0.04000092 , 88.4 , 88.36
23.646 , 0.06999969 , 88.42 , 88.35
23.648 , 0.0 , 88.35 , 88.35
23.649 , 0.05000305 , 88.4 , 88.35
23.651 , 0.06000519 , 88.4 , 88.34
23.653 , 0.06999969 , 88.4 , 88.33
23.654 , 0.06999969 , 88.4 , 88.33
23.656 , 0.06999969 , 88.4 , 88.33
23.658 , 0.02999878 , 88.35 , 88.32
23.659 , 0.02999878 , 88.35 , 88.32
23.661 , 0.04000092 , 88.35 , 88.31
23.663 , 0.02999878 , 88.33 , 88.3
23.665 , 0.04999542 , 88.35 , 88.3
23.666 , 0.09999847 , 88.4 , 88.3
23.668 , 0.04000092 , 88.33 , 88.29
23.67 , 0.05000305 , 88.33 , 88.28
23.671 , 0.0 , 88.28 , 88.28
23.673 , 0.06000519 , 88.33 , 88.27
23.675 , 0.06000519 , 88.33 , 88.27
23.676 , 0.01000214 , 88.28 , 88.27
23.678 , 0.06999969 , 88.33 , 88.26
23.68 , 0.02999878 , 88.28 , 88.25
23.682 , 0.02999878 , 88.28 , 88.25
23.683 , 0.02999878 , 88.28 , 88.25
23.685 , 0.04000092 , 88.28 , 88.24
23.687 , 0.02999878 , 88.26 , 88.23
23.689 , 0.04999542 , 88.28 , 88.23
23.69 , 0.05999756 , 88.28 , 88.22
23.692 , -0.01000214 , 88.21 , 88.22
23.694 , 0.05000305 , 88.26 , 88.21
23.695 , 0.05000305 , 88.26 , 88.21
23.697 , 0.06000519 , 88.26 , 88.2
23.699 , 0.01000214 , 88.21 , 88.2
23.701 , 0.01999664 , 88.21 , 88.19
23.702 , 0.01999664 , 88.21 , 88.19
23.704 , 0.08000183 , 88.26 , 88.18
23.706 , 0.02999878 , 88.21 , 88.18
23.708 , 0.04000092 , 88.21 , 88.17
23.709 , 0.04000092 , 88.21 , 88.17
23.711 , 0.02999878 , 88.19 , 88.16
23.713 , 0.02999878 , 88.19 , 88.16
23.715 , 0.04000092 , 88.19 , 88.15
23.716 , 0.04000092 , 88.19 , 88.15
23.718 , 0.02999878 , 88.17 , 88.14
23.72 , 0.05000305 , 88.19 , 88.14
23.721 , 0.06000519 , 88.19 , 88.13
23.723 , 0.04000092 , 88.17 , 88.13
23.725 , 0.06999969 , 88.19 , 88.12
23.726 , 0.04999542 , 88.17 , 88.12
23.728 , 0.05999756 , 88.17 , 88.11
23.73 , 0.05999756 , 88.17 , 88.11
23.732 , 0.02000427 , 88.12 , 88.1
23.733 , 0.02000427 , 88.12 , 88.1
23.735 , 0.08000183 , 88.17 , 88.09
23.737 , 0.08000183 , 88.17 , 88.09
23.739 , 0.04000092 , 88.12 , 88.08
23.74 , 0.04000092 , 88.12 , 88.08
23.742 , 0.05000305 , 88.12 , 88.07
23.744 , 0.04000092 , 88.1 , 88.06
23.745 , 0.04000092 , 88.1 , 88.06
23.747 , 0.06000519 , 88.12 , 88.06
23.749 , 0.04999542 , 88.1 , 88.05
23.75 , 0.04999542 , 88.1 , 88.05
23.752 , 0.05999756 , 88.1 , 88.04
23.754 , 0.08000183 , 88.12 , 88.04
23.756 , 0.02000427 , 88.05 , 88.03
23.757 , 0.06999969 , 88.1 , 88.03
23.759 , 0.03000641 , 88.05 , 88.02
23.761 , 0.04000092 , 88.05 , 88.01
23.762 , 0.01999664 , 88.03 , 88.01
23.764 , 0.04000092 , 88.05 , 88.01
23.766 , 0.02999878 , 88.03 , 88.0
23.768 , 0.04000092 , 88.03 , 87.99
23.769 , 0.04000092 , 88.03 , 87.99
23.771 , 0.04000092 , 88.03 , 87.99
23.773 , 0.04999542 , 88.03 , 87.98
23.775 , 0.01000214 , 87.98 , 87.97
23.776 , 0.01000214 , 87.98 , 87.97
23.778 , 0.02000427 , 87.98 , 87.96
23.78 , 0.02000427 , 87.98 , 87.96
23.782 , 0.08000183 , 88.03 , 87.95
23.783 , 0.03000641 , 87.98 , 87.95
23.785 , 0.01999664 , 87.96 , 87.94
23.787 , 0.04000092 , 87.98 , 87.94
23.788 , 0.02999878 , 87.96 , 87.93
23.79 , 0.05000305 , 87.98 , 87.93
23.792 , 0.02000427 , 87.94 , 87.92
23.794 , 0.04000092 , 87.96 , 87.92
23.795 , 0.02999878 , 87.94 , 87.91
23.797 , 0.06999969 , 87.98 , 87.91
23.799 , 0.08000183 , 87.98 , 87.9
23.8 , 0.04000092 , 87.94 , 87.9
23.802 , 0.06999969 , 87.96 , 87.89
23.804 , 0.06999969 , 87.96 , 87.89
23.806 , 0.06000519 , 87.94 , 87.88
23.808 , 0.01000214 , 87.89 , 87.88
23.809 , 0.06999969 , 87.94 , 87.87
23.811 , 0.06999969 , 87.94 , 87.87
23.813 , 0.08000183 , 87.94 , 87.86
23.814 , 0.02999878 , 87.89 , 87.86
23.816 , 0.09000397 , 87.94 , 87.85
23.818 , 0.02000427 , 87.87 , 87.85
23.82 , 0.05000305 , 87.89 , 87.84
23.821 , -0.01999664 , 87.82 , 87.84
23.823 , 0.05999756 , 87.89 , 87.83
23.825 , 0.04000092 , 87.87 , 87.83
23.827 , 0.05000305 , 87.87 , 87.82
23.828 , 0.0 , 87.82 , 87.82
23.83 , 0.01000214 , 87.82 , 87.81
23.832 , 0.06999969 , 87.87 , 87.8
23.833 , 0.0 , 87.8 , 87.8
23.835 , 0.06999969 , 87.87 , 87.8
23.837 , 0.02999878 , 87.82 , 87.79
23.838 , 0.01000214 , 87.8 , 87.79
23.84 , 0.02000427 , 87.8 , 87.78
23.842 , 0.02000427 , 87.8 , 87.78
23.843 , 0.03000641 , 87.8 , 87.77
23.845 , 0.03000641 , 87.8 , 87.77
23.847 , 0.04000092 , 87.8 , 87.76
23.848 , -0.02999878 , 87.73 , 87.76
23.85 , -0.01999664 , 87.73 , 87.75
23.852 , -0.01999664 , 87.73 , 87.75
23.854 , 0.06000519 , 87.8 , 87.74
23.855 , -0.009994507 , 87.73 , 87.74
23.857 , 0.0 , 87.73 , 87.73
23.859 , -0.01000214 , 87.71 , 87.72
23.86 , 0.01000214 , 87.73 , 87.72
23.862 , 0.01000214 , 87.73 , 87.72
23.864 , 0.0 , 87.71 , 87.71
23.865 , 0.0 , 87.71 , 87.71
23.867 , 0.03000641 , 87.73 , 87.7
23.869 , 0.01000214 , 87.71 , 87.7
23.87 , 0.01999664 , 87.71 , 87.69
23.872 , 0.01999664 , 87.71 , 87.69
23.874 , 0.01000214 , 87.69 , 87.68
23.876 , 0.02000427 , 87.69 , 87.67
23.877 , 0.02000427 , 87.69 , 87.67
23.879 , 0.04000092 , 87.71 , 87.67
23.881 , 0.02999878 , 87.69 , 87.66
23.882 , 0.02999878 , 87.69 , 87.66
23.884 , -0.01000214 , 87.64 , 87.65
23.886 , -0.01000214 , 87.64 , 87.65
23.888 , 0.0 , 87.64 , 87.64
23.889 , -0.01999664 , 87.62 , 87.64
23.891 , -0.009994507 , 87.62 , 87.63
23.893 , 0.01999664 , 87.64 , 87.62
23.895 , 0.01999664 , 87.64 , 87.62
23.896 , 0.0 , 87.62 , 87.62
23.898 , 0.01000214 , 87.62 , 87.61
23.899 , 0.01000214 , 87.62 , 87.61
23.901 , 0.02000427 , 87.62 , 87.6
23.903 , 0.03000641 , 87.62 , 87.59
23.905 , -0.01999664 , 87.57 , 87.59
23.906 , -0.01999664 , 87.57 , 87.59
23.908 , 0.04000092 , 87.62 , 87.58
23.91 , -0.01999664 , 87.55 , 87.57
23.912 , 0.05000305 , 87.62 , 87.57
23.913 , -0.01999664 , 87.55 , 87.57
23.915 , -0.009994507 , 87.55 , 87.56
23.917 , 0.0 , 87.55 , 87.55
23.918 , 0.01999664 , 87.57 , 87.55
23.92 , 0.01000214 , 87.55 , 87.54
23.922 , 0.01000214 , 87.55 , 87.54
23.923 , 0.01000214 , 87.55 , 87.54
23.925 , 0.02000427 , 87.55 , 87.53
23.927 , -0.01999664 , 87.5 , 87.52
23.928 , -0.01999664 , 87.5 , 87.52
23.93 , -0.01000214 , 87.5 , 87.51
23.932 , -0.01000214 , 87.5 , 87.51
23.933 , -0.02999878 , 87.48 , 87.51
23.935 , 0.0 , 87.5 , 87.5
23.937 , 0.01000214 , 87.5 , 87.49
23.938 , 0.01000214 , 87.5 , 87.49
23.94 , -0.009994507 , 87.48 , 87.49
23.942 , 0.01999664 , 87.5 , 87.48
23.943 , 0.0 , 87.48 , 87.48
23.945 , 0.01000214 , 87.48 , 87.47
23.947 , 0.02000427 , 87.48 , 87.46
23.948 , 0.02000427 , 87.48 , 87.46
23.95 , 0.0 , 87.46 , 87.46
23.952 , 0.03000641 , 87.48 , 87.45
23.953 , 0.03000641 , 87.48 , 87.45
23.955 , 0.01999664 , 87.46 , 87.44
23.957 , 0.01999664 , 87.46 , 87.44
23.959 , 0.02999878 , 87.46 , 87.43
23.96 , -0.01999664 , 87.41 , 87.43
23.962 , -0.009994507 , 87.41 , 87.42
23.964 , 0.04999542 , 87.46 , 87.41
23.966 , 0.0 , 87.41 , 87.41
23.967 , 0.04999542 , 87.46 , 87.41
23.969 , -0.01000214 , 87.39 , 87.4
23.971 , 0.0 , 87.39 , 87.39
23.972 , 0.02000427 , 87.41 , 87.39
23.974 , 0.01000214 , 87.39 , 87.38
23.976 , 0.01000214 , 87.39 , 87.38
23.977 , 0.01000214 , 87.39 , 87.38
23.979 , 0.04000092 , 87.41 , 87.37
23.981 , 0.02999878 , 87.39 , 87.36
23.983 , 0.02999878 , 87.39 , 87.36
23.985 , 0.04000092 , 87.39 , 87.35
23.986 , 0.04000092 , 87.39 , 87.35
23.988 , 0.0 , 87.34 , 87.34
23.99 , 0.05000305 , 87.39 , 87.34
23.991 , 0.009994507 , 87.34 , 87.33
23.993 , 0.05999756 , 87.39 , 87.33
23.995 , 0.01999664 , 87.34 , 87.32
23.997 , 0.01999664 , 87.34 , 87.32
23.998 , 0.01000214 , 87.32 , 87.31
24.0 , 0.01000214 , 87.32 , 87.31
24.002 , 0.03999329 , 87.34 , 87.3
24.004 , 0.01999664 , 87.32 , 87.3
24.005 , 0.02999878 , 87.32 , 87.29
24.007 , -0.02000427 , 87.27 , 87.29
24.009 , -0.02999878 , 87.25 , 87.28
24.011 , -0.01000214 , 87.27 , 87.28
24.012 , 0.0 , 87.27 , 87.27
24.014 , 0.0 , 87.27 , 87.27
24.015 , 0.009994507 , 87.27 , 87.26
24.017 , 0.009994507 , 87.27 , 87.26
24.019 , 0.0 , 87.25 , 87.25
24.021 , 0.01999664 , 87.27 , 87.25
24.022 , 0.01000214 , 87.25 , 87.24
24.024 , 0.01000214 , 87.25 , 87.24
24.026 , 0.01999664 , 87.25 , 87.23
24.027 , 0.01999664 , 87.25 , 87.23
24.029 , -0.04000092 , 87.18 , 87.22
24.031 , -0.04000092 , 87.18 , 87.22
24.032 , 0.02000427 , 87.23 , 87.21
24.034 , -0.02999878 , 87.18 , 87.21
24.036 , -0.01999664 , 87.18 , 87.2
24.038 , -0.01999664 , 87.18 , 87.2
24.039 , -0.01000214 , 87.18 , 87.19
24.041 , -0.01000214 , 87.18 , 87.19
24.043 , -0.01999664 , 87.16 , 87.18
24.044 , -0.01999664 , 87.16 , 87.18
24.046 , -0.009994507 , 87.16 , 87.17
24.048 , -0.009994507 , 87.16 , 87.17
24.05 , 0.0 , 87.16 , 87.16
24.051 , -0.05000305 , 87.11 , 87.16
24.053 , 0.01000214 , 87.16 , 87.15
24.054 , -0.04000092 , 87.11 , 87.15
24.056 , -0.02999878 , 87.11 , 87.14
24.058 , -0.02999878 , 87.11 , 87.14
24.059 , -0.01999664 , 87.11 , 87.13
24.061 , -0.01999664 , 87.11 , 87.13
24.063 , -0.01000214 , 87.11 , 87.12
24.064 , -0.01000214 , 87.11 , 87.12
24.066 , 0.0 , 87.11 , 87.11
24.068 , -0.02000427 , 87.09 , 87.11
24.069 , -0.01000214 , 87.09 , 87.1
24.071 , -0.01000214 , 87.09 , 87.1
24.073 , 0.0 , 87.09 , 87.09
24.074 , 0.02000427 , 87.11 , 87.09
24.076 , -0.02999878 , 87.05 , 87.08
24.078 , 0.02999878 , 87.11 , 87.08
24.079 , 0.01999664 , 87.09 , 87.07
24.081 , 0.01999664 , 87.09 , 87.07
24.083 , -0.009994507 , 87.05 , 87.06
24.085 , -0.009994507 , 87.05 , 87.06
24.087 , 0.0 , 87.05 , 87.05
24.088 , -0.03000641 , 87.02 , 87.05
24.09 , -0.02000427 , 87.02 , 87.04
24.092 , -0.02000427 , 87.02 , 87.04
24.093 , -0.01000214 , 87.02 , 87.03
24.095 , -0.01000214 , 87.02 , 87.03
24.097 , 0.0 , 87.02 , 87.02
24.098 , 0.0 , 87.02 , 87.02
24.1 , 0.009994507 , 87.02 , 87.01
24.102 , 0.009994507 , 87.02 , 87.01
24.103 , 0.0 , 87.0 , 87.0
24.105 , 0.0 , 87.0 , 87.0
24.106 , 0.01000214 , 87.0 , 86.99
24.108 , 0.01000214 , 87.0 , 86.99
24.11 , -0.03000641 , 86.95 , 86.98
24.111 , -0.03000641 , 86.95 , 86.98
24.113 , 0.02999878 , 87.0 , 86.97
24.115 , -0.02000427 , 86.95 , 86.97
24.116 , 0.02999878 , 87.0 , 86.97
24.118 , -0.01000214 , 86.95 , 86.96
24.12 , -0.01999664 , 86.93 , 86.95
24.122 , 0.0 , 86.95 , 86.95
24.123 , -0.01000214 , 86.93 , 86.94
24.125 , -0.01000214 , 86.93 , 86.94
24.127 , 0.0 , 86.93 , 86.93
24.128 , 0.01999664 , 86.95 , 86.93
24.13 , -0.04000092 , 86.88 , 86.92
24.131 , 0.01000214 , 86.93 , 86.92
24.133 , -0.03000641 , 86.88 , 86.91
24.135 , -0.03000641 , 86.88 , 86.91
24.137 , -0.02000427 , 86.88 , 86.9
24.138 , -0.04000092 , 86.86 , 86.9
24.14 , -0.01000214 , 86.88 , 86.89
24.142 , -0.01000214 , 86.88 , 86.89
24.144 , -0.01999664 , 86.86 , 86.88
24.145 , -0.01999664 , 86.86 , 86.88
24.147 , -0.05000305 , 86.82 , 86.87
24.149 , -0.01000214 , 86.86 , 86.87
24.15 , 0.0 , 86.86 , 86.86
24.152 , 0.0 , 86.86 , 86.86
24.153 , 0.0 , 86.86 , 86.86
24.155 , 0.01000214 , 86.86 , 86.85
24.157 , 0.02000427 , 86.86 , 86.84
24.158 , -0.01999664 , 86.82 , 86.84
24.16 , 0.02999878 , 86.86 , 86.83
24.162 , -0.04000092 , 86.79 , 86.83
24.163 , 0.02999878 , 86.86 , 86.83
24.165 , 0.0 , 86.82 , 86.82
24.167 , -0.01999664 , 86.79 , 86.81
24.168 , 0.01000214 , 86.82 , 86.81
24.17 , 0.01000214 , 86.82 , 86.81
24.172 , -0.01000214 , 86.79 , 86.8
24.173 , -0.01000214 , 86.79 , 86.8
24.175 , 0.0 , 86.79 , 86.79
24.177 , -0.02999878 , 86.75 , 86.78
24.178 , 0.01000214 , 86.79 , 86.78
24.18 , -0.02999878 , 86.75 , 86.78
24.182 , -0.01999664 , 86.75 , 86.77
24.184 , -0.01000214 , 86.75 , 86.76
24.185 , -0.01000214 , 86.75 , 86.76
24.187 , -0.04000092 , 86.72 , 86.76
24.189 , -0.02999878 , 86.72 , 86.75
24.19 , -0.05000305 , 86.7 , 86.75
24.192 , -0.01999664 , 86.72 , 86.74
24.194 , -0.03000641 , 86.7 , 86.73
24.195 , -0.03000641 , 86.7 , 86.73
24.197 , -0.01000214 , 86.72 , 86.73
24.199 , -0.02000427 , 86.7 , 86.72
24.201 , -0.01000214 , 86.7 , 86.71
24.202 , -0.04999542 , 86.66 , 86.71
24.204 , -0.03999329 , 86.66 , 86.7
24.206 , 0.0 , 86.7 , 86.7
24.207 , -0.03999329 , 86.66 , 86.7
24.209 , -0.02999878 , 86.66 , 86.69
24.211 , -0.01999664 , 86.66 , 86.68
24.212 , -0.01999664 , 86.66 , 86.68
24.214 , -0.01999664 , 86.66 , 86.68
24.216 , -0.04000092 , 86.63 , 86.67
24.218 , -0.03000641 , 86.63 , 86.66
24.219 , -0.03000641 , 86.63 , 86.66
24.221 , -0.02000427 , 86.63 , 86.65
24.223 , -0.02000427 , 86.63 , 86.65
24.224 , -0.02000427 , 86.63 , 86.65
24.226 , -0.05000305 , 86.59 , 86.64
24.228 , -0.06999969 , 86.56 , 86.63
24.23 , -0.04000092 , 86.59 , 86.63
24.231 , 0.04000092 , 86.66 , 86.62
24.233 , -0.03000641 , 86.59 , 86.62
24.235 , -0.05000305 , 86.56 , 86.61
24.236 , 0.01999664 , 86.63 , 86.61
24.238 , 0.02999878 , 86.63 , 86.6
24.24 , -0.01000214 , 86.59 , 86.6
24.242 , 0.0 , 86.59 , 86.59
24.243 , 0.0 , 86.59 , 86.59
24.245 , 0.009994507 , 86.59 , 86.58
24.247 , 0.009994507 , 86.59 , 86.58
24.249 , 0.01999664 , 86.59 , 86.57
24.25 , -0.01000214 , 86.56 , 86.57
24.252 , 0.0 , 86.56 , 86.56
24.254 , 0.02999878 , 86.59 , 86.56
24.255 , 0.009994507 , 86.56 , 86.55
24.257 , 0.03999329 , 86.59 , 86.55
24.259 , 0.01999664 , 86.56 , 86.54
24.261 , -0.02000427 , 86.52 , 86.54
24.262 , -0.01000214 , 86.52 , 86.53
24.264 , -0.01000214 , 86.52 , 86.53
24.266 , 0.0 , 86.52 , 86.52
24.268 , 0.0 , 86.52 , 86.52
24.269 , 0.009994507 , 86.52 , 86.51
24.271 , 0.009994507 , 86.52 , 86.51
24.273 , 0.01999664 , 86.52 , 86.5
24.274 , 0.01999664 , 86.52 , 86.5
24.276 , 0.01000214 , 86.5 , 86.49
24.278 , 0.02999878 , 86.52 , 86.49
24.28 , 0.03999329 , 86.52 , 86.48
24.281 , 0.03999329 , 86.52 , 86.48
24.283 , 0.02999878 , 86.5 , 86.47
24.285 , 0.02999878 , 86.5 , 86.47
24.287 , 0.04000092 , 86.5 , 86.46
24.288 , 0.04000092 , 86.5 , 86.46
24.29 , 0.05000305 , 86.5 , 86.45
24.292 , 0.02999878 , 86.47 , 86.44
24.293 , 0.02999878 , 86.47 , 86.44
24.295 , 0.02999878 , 86.47 , 86.44
24.297 , 0.0 , 86.43 , 86.43
24.298 , 0.04000092 , 86.47 , 86.43
24.3 , 0.05000305 , 86.47 , 86.42
24.302 , 0.01000214 , 86.43 , 86.42
24.303 , 0.05999756 , 86.47 , 86.41
24.305 , 0.01999664 , 86.43 , 86.41
24.307 , 0.02999878 , 86.43 , 86.4
24.308 , 0.02999878 , 86.43 , 86.4
24.31 , 0.01000214 , 86.4 , 86.39
24.312 , 0.01000214 , 86.4 , 86.39
24.313 , 0.05000305 , 86.43 , 86.38
24.315 , 0.02000427 , 86.4 , 86.38
24.317 , 0.02999878 , 86.4 , 86.37
24.318 , 0.05999756 , 86.43 , 86.37
24.32 , 0.04000092 , 86.4 , 86.36
24.322 , -0.02000427 , 86.34 , 86.36
24.323 , -0.01000214 , 86.34 , 86.35
24.325 , 0.05000305 , 86.4 , 86.35
24.327 , 0.0 , 86.34 , 86.34
24.328 , 0.06000519 , 86.4 , 86.34
24.33 , 0.009994507 , 86.34 , 86.33
24.332 , 0.009994507 , 86.34 , 86.33
24.334 , -0.05000305 , 86.27 , 86.32
24.335 , -0.02999878 , 86.29 , 86.32
24.337 , -0.01999664 , 86.29 , 86.31
24.339 , -0.01999664 , 86.29 , 86.31
24.341 , -0.03000641 , 86.27 , 86.3
24.342 , -0.03000641 , 86.27 , 86.3
24.344 , -0.05000305 , 86.24 , 86.29
24.346 , -0.04000092 , 86.24 , 86.28
24.348 , -0.08000183 , 86.2 , 86.28
24.349 , -0.01000214 , 86.27 , 86.28
24.351 , -0.02999878 , 86.24 , 86.27
24.353 , -0.02000427 , 86.24 , 86.26
24.362 , -0.04000092 , 86.2 , 86.24
24.364 , -0.03000641 , 86.2 , 86.23
24.366 , -0.05000305 , 86.18 , 86.23
24.368 , -0.02000427 , 86.2 , 86.22
24.369 , -0.09000397 , 86.13 , 86.22
24.371 , -0.02999878 , 86.18 , 86.21
24.373 , -0.02999878 , 86.18 , 86.21
24.374 , -0.01999664 , 86.18 , 86.2
24.376 , -0.06999969 , 86.13 , 86.2
24.378 , -0.01000214 , 86.18 , 86.19
24.38 , -0.05000305 , 86.13 , 86.18
24.381 , 0.0 , 86.18 , 86.18
24.383 , 0.01999664 , 86.2 , 86.18
24.385 , 0.01000214 , 86.18 , 86.17
24.386 , -0.05999756 , 86.11 , 86.17
24.388 , -0.03000641 , 86.13 , 86.16
24.39 , -0.04000092 , 86.11 , 86.15
24.391 , -0.04000092 , 86.11 , 86.15
24.393 , -0.09000397 , 86.06 , 86.15
24.395 , -0.01000214 , 86.13 , 86.14
24.396 , -0.02999878 , 86.11 , 86.14
24.398 , -0.01999664 , 86.11 , 86.13
24.4 , -0.01999664 , 86.11 , 86.13
24.402 , -0.01000214 , 86.11 , 86.12
24.403 , -0.06000519 , 86.06 , 86.12
24.405 , -0.05000305 , 86.06 , 86.11
24.407 , -0.04000092 , 86.06 , 86.1
24.408 , -0.04000092 , 86.06 , 86.1
24.41 , -0.04000092 , 86.06 , 86.1
24.412 , -0.04999542 , 86.04 , 86.09
24.414 , -0.04000092 , 86.04 , 86.08
24.415 , -0.02000427 , 86.06 , 86.08
24.417 , -0.04000092 , 86.04 , 86.08
24.419 , -0.01000214 , 86.06 , 86.07
24.42 , -0.02999878 , 86.04 , 86.07
24.422 , -0.01999664 , 86.04 , 86.06
24.424 , -0.01000214 , 86.04 , 86.05
24.425 , -0.01000214 , 86.04 , 86.05
24.427 , -0.03000641 , 86.02 , 86.05
24.429 , -0.02000427 , 86.02 , 86.04
24.43 , -0.02000427 , 86.02 , 86.04
24.432 , -0.01000214 , 86.02 , 86.03
24.434 , 0.0 , 86.02 , 86.02
24.435 , 0.0 , 86.02 , 86.02
24.437 , 0.0 , 86.02 , 86.02
24.438 , 0.009994507 , 86.02 , 86.01
24.44 , -0.04000092 , 85.97 , 86.01
24.442 , -0.05000305 , 85.95 , 86.0
24.444 , 0.01999664 , 86.02 , 86.0
24.445 , 0.02999878 , 86.02 , 85.99
24.447 , -0.01999664 , 85.97 , 85.99
24.449 , 0.03999329 , 86.02 , 85.98
24.451 , 0.04999542 , 86.02 , 85.97
24.452 , 0.0 , 85.97 , 85.97
24.454 , 0.04999542 , 86.02 , 85.97
24.456 , 0.01000214 , 85.97 , 85.96
24.457 , 0.01000214 , 85.97 , 85.96
24.459 , 0.02000427 , 85.97 , 85.95
24.461 , 0.009994507 , 85.95 , 85.94
24.462 , 0.02999878 , 85.97 , 85.94
24.464 , 0.009994507 , 85.95 , 85.94
24.466 , 0.01999664 , 85.95 , 85.93
24.468 , -0.01999664 , 85.9 , 85.92
24.47 , 0.02999878 , 85.95 , 85.92
24.471 , -0.01999664 , 85.9 , 85.92
24.473 , 0.03999329 , 85.95 , 85.91
24.475 , -0.02000427 , 85.88 , 85.9
24.476 , 0.0 , 85.9 , 85.9
24.478 , 0.01000214 , 85.9 , 85.89
24.48 , 0.01000214 , 85.9 , 85.89
24.481 , -0.01000214 , 85.88 , 85.89
24.483 , 0.02000427 , 85.9 , 85.88
24.485 , 0.02999878 , 85.9 , 85.87
24.487 , 0.009994507 , 85.88 , 85.87
24.489 , -0.02999878 , 85.83 , 85.86
24.49 , 0.01999664 , 85.88 , 85.86
24.492 , -0.01999664 , 85.83 , 85.85
24.494 , 0.02999878 , 85.88 , 85.85
24.496 , -0.009994507 , 85.83 , 85.84
24.497 , 0.04000092 , 85.88 , 85.84
24.499 , 0.04999542 , 85.88 , 85.83
24.501 , -0.02000427 , 85.81 , 85.83
24.503 , 0.01000214 , 85.83 , 85.82
24.504 , -0.01000214 , 85.81 , 85.82
24.506 , 0.0 , 85.81 , 85.81
24.508 , 0.0 , 85.81 , 85.81
24.509 , 0.02999878 , 85.83 , 85.8
24.511 , 0.009994507 , 85.81 , 85.8
24.513 , 0.0 , 85.79 , 85.79
24.514 , 0.01999664 , 85.81 , 85.79
24.516 , 0.05000305 , 85.83 , 85.78
24.518 , 0.02999878 , 85.81 , 85.78
24.519 , 0.02000427 , 85.79 , 85.77
24.521 , 0.04000092 , 85.81 , 85.77
24.523 , 0.04999542 , 85.81 , 85.76
24.525 , 0.04999542 , 85.81 , 85.76
24.526 , 0.04000092 , 85.79 , 85.75
24.528 , 0.04000092 , 85.79 , 85.75
24.53 , 0.0 , 85.74 , 85.74
24.531 , 0.05000305 , 85.79 , 85.74
24.533 , 0.05999756 , 85.79 , 85.73
24.535 , 0.009994507 , 85.74 , 85.73
24.537 , 0.01999664 , 85.74 , 85.72
24.538 , 0.06999969 , 85.79 , 85.72
24.54 , 0.02999878 , 85.74 , 85.71
24.542 , 0.01000214 , 85.72 , 85.71
24.543 , -0.02999878 , 85.67 , 85.7
24.545 , 0.02000427 , 85.72 , 85.7
24.547 , 0.04999542 , 85.74 , 85.69
24.549 , 0.04000092 , 85.72 , 85.68
24.55 , -0.01000214 , 85.67 , 85.68
24.552 , 0.04000092 , 85.72 , 85.68
24.554 , 0.0 , 85.67 , 85.67
24.555 , 0.0 , 85.67 , 85.67
24.557 , -0.01000214 , 85.65 , 85.66
24.559 , -0.01000214 , 85.65 , 85.66
24.56 , 0.01999664 , 85.67 , 85.65
24.562 , 0.01999664 , 85.67 , 85.65
24.564 , -0.04000092 , 85.6 , 85.64
24.565 , -0.04000092 , 85.6 , 85.64
24.567 , -0.02999878 , 85.6 , 85.63
24.569 , 0.02000427 , 85.65 , 85.63
24.571 , 0.02999878 , 85.65 , 85.62
24.572 , -0.02000427 , 85.6 , 85.62
24.574 , -0.01000214 , 85.6 , 85.61
24.576 , 0.0 , 85.6 , 85.6
24.577 , 0.0 , 85.6 , 85.6
24.579 , 0.0 , 85.6 , 85.6
24.581 , 0.01000214 , 85.6 , 85.59
24.582 , 0.01000214 , 85.6 , 85.59
24.584 , 0.01999664 , 85.6 , 85.58
24.586 , 0.0 , 85.58 , 85.58
24.587 , 0.01000214 , 85.58 , 85.57
24.589 , 0.01000214 , 85.58 , 85.57
24.591 , 0.02000427 , 85.58 , 85.56
24.592 , 0.02000427 , 85.58 , 85.56
24.594 , 0.009994507 , 85.56 , 85.55
24.596 , 0.009994507 , 85.56 , 85.55
24.598 , 0.01999664 , 85.56 , 85.54
24.6 , -0.01999664 , 85.51 , 85.53
24.601 , 0.02999878 , 85.56 , 85.53
24.603 , 0.02999878 , 85.56 , 85.53
24.605 , 0.04000092 , 85.56 , 85.52
24.607 , 0.0 , 85.51 , 85.51
24.608 , 0.0 , 85.51 , 85.51
24.61 , -0.01000214 , 85.49 , 85.5
24.611 , 0.01000214 , 85.51 , 85.5
24.613 , 0.01000214 , 85.51 , 85.5
24.615 , 0.02000427 , 85.51 , 85.49
24.616 , 0.0 , 85.49 , 85.49
24.618 , 0.009994507 , 85.49 , 85.48
24.62 , 0.01999664 , 85.49 , 85.47
24.621 , 0.01999664 , 85.49 , 85.47
24.623 , -0.02999878 , 85.44 , 85.47
24.625 , 0.02999878 , 85.49 , 85.46
24.627 , 0.04000092 , 85.49 , 85.45
24.628 , -0.009994507 , 85.44 , 85.45
24.63 , 0.04000092 , 85.49 , 85.45
24.632 , 0.0 , 85.44 , 85.44
24.633 , 0.0 , 85.44 , 85.44
24.635 , 0.01000214 , 85.44 , 85.43
24.637 , 0.0 , 85.42 , 85.42
24.638 , 0.0 , 85.42 , 85.42
24.64 , 0.0 , 85.42 , 85.42
24.641 , 0.009994507 , 85.42 , 85.41
24.643 , 0.02999878 , 85.44 , 85.41
24.645 , 0.04000092 , 85.44 , 85.4
24.646 , 0.01999664 , 85.42 , 85.4
24.648 , 0.02999878 , 85.42 , 85.39
24.65 , -0.01999664 , 85.37 , 85.39
24.652 , -0.02999878 , 85.35 , 85.38
24.653 , -0.02999878 , 85.35 , 85.38
24.655 , -0.02000427 , 85.35 , 85.37
24.657 , -0.02000427 , 85.35 , 85.37
24.659 , -0.01000214 , 85.35 , 85.36
24.66 , -0.02999878 , 85.33 , 85.36
24.662 , -0.01999664 , 85.33 , 85.35
24.664 , -0.009994507 , 85.33 , 85.34
24.666 , -0.009994507 , 85.33 , 85.34
24.667 , -0.009994507 , 85.33 , 85.34
24.669 , -0.05000305 , 85.28 , 85.33
24.671 , 0.01000214 , 85.33 , 85.32
24.673 , 0.01000214 , 85.33 , 85.32
24.674 , 0.01000214 , 85.33 , 85.32
24.676 , -0.04999542 , 85.26 , 85.31
24.678 , 0.02999878 , 85.33 , 85.3
24.68 , -0.02000427 , 85.28 , 85.3
24.681 , -0.02999878 , 85.26 , 85.29
24.683 , -0.01000214 , 85.28 , 85.29
24.685 , -0.01999664 , 85.26 , 85.28
24.686 , -0.01999664 , 85.26 , 85.28
24.688 , -0.009994507 , 85.26 , 85.27
24.69 , 0.01000214 , 85.28 , 85.27
24.692 , 0.0 , 85.26 , 85.26
24.693 , 0.0 , 85.26 , 85.26
24.695 , -0.04000092 , 85.21 , 85.25
24.696 , 0.01000214 , 85.26 , 85.25
24.698 , -0.02999878 , 85.21 , 85.24
24.7 , -0.02999878 , 85.21 , 85.24
24.702 , -0.02000427 , 85.21 , 85.23
24.703 , -0.02000427 , 85.21 , 85.23
24.705 , -0.02999878 , 85.19 , 85.22
24.707 , -0.01000214 , 85.21 , 85.22
24.708 , -0.01999664 , 85.19 , 85.21
24.71 , -0.01999664 , 85.19 , 85.21
24.712 , -0.009994507 , 85.19 , 85.2
24.714 , 0.01000214 , 85.21 , 85.2
24.715 , 0.0 , 85.19 , 85.19
24.717 , 0.01999664 , 85.21 , 85.19
24.719 , 0.01000214 , 85.19 , 85.18
24.72 , 0.01000214 , 85.19 , 85.18
24.722 , -0.04999542 , 85.12 , 85.17
24.724 , 0.02000427 , 85.19 , 85.17
24.725 , 0.02999878 , 85.19 , 85.16
24.727 , 0.02999878 , 85.19 , 85.16
24.729 , 0.0 , 85.15 , 85.15
24.73 , 0.0 , 85.15 , 85.15
24.732 , -0.01999664 , 85.12 , 85.14
24.733 , 0.01000214 , 85.15 , 85.14
24.735 , -0.009994507 , 85.12 , 85.13
24.737 , -0.009994507 , 85.12 , 85.13
24.739 , 0.02999878 , 85.15 , 85.12
24.74 , 0.0 , 85.12 , 85.12
24.742 , -0.01000214 , 85.1 , 85.11
24.743 , 0.01000214 , 85.12 , 85.11
24.745 , -0.01000214 , 85.1 , 85.11
24.747 , 0.02000427 , 85.12 , 85.1
24.748 , 0.0 , 85.1 , 85.1
24.75 , 0.01000214 , 85.1 , 85.09
24.752 , 0.01999664 , 85.1 , 85.08
24.754 , -0.02999878 , 85.05 , 85.08
24.755 , 0.01999664 , 85.1 , 85.08
24.757 , -0.01999664 , 85.05 , 85.07
24.759 , -0.009994507 , 85.05 , 85.06
24.761 , 0.04000092 , 85.1 , 85.06
24.762 , -0.02000427 , 85.03 , 85.05
24.764 , -0.02000427 , 85.03 , 85.05
24.766 , 0.01000214 , 85.05 , 85.04
24.767 , 0.01000214 , 85.05 , 85.04
24.769 , 0.0 , 85.03 , 85.03
24.771 , 0.02000427 , 85.05 , 85.03
24.772 , 0.0 , 85.03 , 85.03
24.774 , 0.01000214 , 85.03 , 85.02
24.776 , 0.01999664 , 85.03 , 85.01
24.777 , 0.01999664 , 85.03 , 85.01
24.779 , 0.02999878 , 85.03 , 85.0
24.781 , 0.02999878 , 85.03 , 85.0
24.782 , 0.02999878 , 85.03 , 85.0
24.784 , 0.04000092 , 85.03 , 84.99
24.786 , 0.04999542 , 85.03 , 84.98
24.788 , -0.02000427 , 84.96 , 84.98
24.789 , 0.009994507 , 84.99 , 84.98
24.791 , 0.01999664 , 84.99 , 84.97
24.793 , 0.02999878 , 84.99 , 84.96
24.795 , 0.0 , 84.96 , 84.96
24.796 , 0.01000214 , 84.96 , 84.95
24.798 , 0.01000214 , 84.96 , 84.95
24.8 , 0.01999664 , 84.96 , 84.94
24.802 , 0.04999542 , 84.99 , 84.94
24.804 , -0.01000214 , 84.92 , 84.93
24.805 , -0.01000214 , 84.92 , 84.93
24.807 , 0.0 , 84.92 , 84.92
24.808 , 0.0 , 84.92 , 84.92
24.81 , 0.009994507 , 84.92 , 84.91
24.812 , 0.009994507 , 84.92 , 84.91
24.814 , 0.01999664 , 84.92 , 84.9
24.815 , 0.01999664 , 84.92 , 84.9
24.817 , 0.0 , 84.89 , 84.89
24.819 , 0.0 , 84.89 , 84.89
24.82 , 0.01000214 , 84.89 , 84.88
24.822 , -0.02999878 , 84.85 , 84.88
24.824 , 0.01999664 , 84.89 , 84.87
24.826 , -0.05000305 , 84.82 , 84.87
24.827 , -0.01000214 , 84.85 , 84.86
24.829 , -0.01000214 , 84.85 , 84.86
24.831 , -0.02999878 , 84.82 , 84.85
24.833 , 0.0 , 84.85 , 84.85
24.834 , 0.01000214 , 84.85 , 84.84
24.836 , 0.01000214 , 84.85 , 84.84
24.838 , 0.01999664 , 84.85 , 84.83
24.839 , 0.01999664 , 84.85 , 84.83
24.841 , -0.01999664 , 84.8 , 84.82
24.843 , 0.0 , 84.82 , 84.82
24.844 , 0.01000214 , 84.82 , 84.81
24.846 , 0.01000214 , 84.82 , 84.81
24.848 , 0.0 , 84.8 , 84.8
24.849 , 0.0 , 84.8 , 84.8
24.851 , 0.01000214 , 84.8 , 84.79
24.852 , 0.02999878 , 84.82 , 84.79
24.854 , 0.02000427 , 84.8 , 84.78
24.856 , -0.01999664 , 84.76 , 84.78
24.858 , -0.009994507 , 84.76 , 84.77
24.86 , 0.03000641 , 84.8 , 84.77
24.861 , 0.05999756 , 84.82 , 84.76
24.863 , 0.0 , 84.76 , 84.76
24.864 , 0.05000305 , 84.8 , 84.75
24.866 , 0.05000305 , 84.8 , 84.75
24.868 , 0.06000519 , 84.8 , 84.74
24.869 , 0.02000427 , 84.76 , 84.74
24.871 , 0.02999878 , 84.76 , 84.73
24.873 , 0.06999969 , 84.8 , 84.73
24.875 , 0.08000183 , 84.8 , 84.72
24.876 , 0.08000183 , 84.8 , 84.72
24.878 , 0.05000305 , 84.76 , 84.71
24.88 , 0.05000305 , 84.76 , 84.71
24.881 , 0.03000641 , 84.73 , 84.7
24.883 , 0.06000519 , 84.76 , 84.7
24.885 , 0.0 , 84.69 , 84.69
24.886 , 0.04000092 , 84.73 , 84.69
24.888 , 0.05000305 , 84.73 , 84.68
24.89 , 0.08000183 , 84.76 , 84.68
24.891 , 0.06000519 , 84.73 , 84.67
24.893 , 0.06000519 , 84.73 , 84.67
24.895 , 0.06999969 , 84.73 , 84.66
24.897 , 0.02999878 , 84.69 , 84.66
24.898 , 0.08000183 , 84.73 , 84.65
24.9 , 0.08000183 , 84.73 , 84.65
24.902 , 0.09000397 , 84.73 , 84.64
24.903 , 0.05000305 , 84.69 , 84.64
24.905 , 0.06000519 , 84.69 , 84.63
24.907 , 0.03000641 , 84.66 , 84.63
24.908 , 0.06999969 , 84.69 , 84.62
24.91 , 0.06999969 , 84.69 , 84.62
24.912 , 0.1200027 , 84.73 , 84.61
24.913 , 0.05000305 , 84.66 , 84.61
24.915 , 0.09000397 , 84.69 , 84.6
24.917 , 0.06000519 , 84.66 , 84.6
24.918 , 0.07000732 , 84.66 , 84.59
24.92 , 0.03000641 , 84.62 , 84.59
24.922 , 0.04000092 , 84.62 , 84.58
24.924 , 0.04000092 , 84.62 , 84.58
24.925 , 0.02999878 , 84.6 , 84.57
24.927 , 0.05000305 , 84.62 , 84.57
24.929 , 0.1000061 , 84.66 , 84.56
24.93 , 0.04000092 , 84.6 , 84.56
24.932 , 0.06999969 , 84.62 , 84.55
24.934 , 0.04999542 , 84.6 , 84.55
24.935 , 0.05999756 , 84.6 , 84.54
24.937 , 0.02999878 , 84.57 , 84.54
24.939 , 0.0 , 84.53 , 84.53
24.941 , 0.04000092 , 84.57 , 84.53
24.942 , 0.05000305 , 84.57 , 84.52
24.944 , 0.01000214 , 84.53 , 84.52
24.946 , 0.01999664 , 84.53 , 84.51
24.948 , 0.06999969 , 84.57 , 84.5
24.949 , 0.02999878 , 84.53 , 84.5
24.951 , 0.0 , 84.5 , 84.5
24.953 , 0.01000214 , 84.5 , 84.49
24.954 , 0.04000092 , 84.53 , 84.49
24.956 , 0.04999542 , 84.53 , 84.48
24.958 , 0.01999664 , 84.5 , 84.48
24.959 , 0.05999756 , 84.53 , 84.47
24.961 , 0.05999756 , 84.53 , 84.47
24.963 , 0.0 , 84.46 , 84.46
24.964 , 0.0 , 84.46 , 84.46
24.966 , 0.01000214 , 84.46 , 84.45
24.968 , 0.05000305 , 84.5 , 84.45
24.969 , 0.01999664 , 84.46 , 84.44
24.971 , 0.0 , 84.44 , 84.44
24.973 , 0.02999878 , 84.46 , 84.43
24.974 , 0.02999878 , 84.46 , 84.43
24.976 , 0.02000427 , 84.44 , 84.42
24.978 , -0.02999878 , 84.39 , 84.42
24.98 , -0.04000092 , 84.37 , 84.41
24.981 , -0.02000427 , 84.39 , 84.41
24.983 , -0.01000214 , 84.39 , 84.4
24.985 , -0.01000214 , 84.39 , 84.4
24.986 , 0.0 , 84.39 , 84.39
24.988 , 0.0 , 84.39 , 84.39
24.99 , 0.01000214 , 84.39 , 84.38
24.991 , -0.009994507 , 84.37 , 84.38
24.993 , 0.0 , 84.37 , 84.37
24.995 , 0.01999664 , 84.39 , 84.37
24.996 , 0.01000214 , 84.37 , 84.36
24.998 , 0.01000214 , 84.37 , 84.36
25.0 , 0.02000427 , 84.37 , 84.35
25.001 , 0.02000427 , 84.37 , 84.35
25.003 , 0.03000641 , 84.37 , 84.34
25.005 , 0.03000641 , 84.37 , 84.34
25.006 , 0.04000092 , 84.37 , 84.33
25.008 , 0.009994507 , 84.34 , 84.33
25.01 , 0.05000305 , 84.37 , 84.32
25.012 , 0.05000305 , 84.37 , 84.32
25.013 , -0.009994507 , 84.3 , 84.31
25.015 , -0.009994507 , 84.3 , 84.31
25.017 , 0.0 , 84.3 , 84.3
25.018 , 0.0 , 84.3 , 84.3
25.02 , 0.01000214 , 84.3 , 84.29
25.021 , 0.01000214 , 84.3 , 84.29
25.023 , 0.0 , 84.28 , 84.28
25.024 , 0.0 , 84.28 , 84.28
25.026 , 0.03000641 , 84.3 , 84.27
25.028 , 0.01000214 , 84.28 , 84.27
25.029 , 0.03000641 , 84.3 , 84.27
25.031 , 0.04000092 , 84.3 , 84.26
25.033 , 0.05000305 , 84.3 , 84.25
25.034 , 0.02999878 , 84.28 , 84.25
25.036 , 0.04000092 , 84.28 , 84.24
25.038 , -0.009994507 , 84.23 , 84.24
25.04 , 0.06999969 , 84.3 , 84.23
25.041 , 0.04999542 , 84.28 , 84.23
25.043 , 0.01000214 , 84.23 , 84.22
25.045 , 0.01000214 , 84.23 , 84.22
25.046 , 0.01000214 , 84.23 , 84.22
25.048 , 0.02000427 , 84.23 , 84.21
25.05 , 0.01000214 , 84.21 , 84.2
25.051 , 0.03000641 , 84.23 , 84.2
25.053 , 0.04000092 , 84.23 , 84.19
25.055 , 0.04000092 , 84.23 , 84.19
25.056 , 0.01999664 , 84.21 , 84.19
25.058 , 0.02999878 , 84.21 , 84.18
25.06 , 0.04000092 , 84.21 , 84.17
25.061 , -0.02999878 , 84.14 , 84.17
25.063 , 0.0 , 84.16 , 84.16
25.065 , 0.0 , 84.16 , 84.16
25.066 , 0.0 , 84.16 , 84.16
25.068 , -0.01000214 , 84.14 , 84.15
25.069 , 0.01000214 , 84.16 , 84.15
25.071 , 0.02000427 , 84.16 , 84.14
25.073 , 0.02000427 , 84.16 , 84.14
25.074 , 0.03000641 , 84.16 , 84.13
25.076 , 0.03000641 , 84.16 , 84.13
25.078 , 0.04000092 , 84.16 , 84.12
25.079 , 0.01999664 , 84.14 , 84.12
25.081 , 0.02999878 , 84.14 , 84.11
25.083 , 0.02999878 , 84.14 , 84.11
25.085 , 0.04000092 , 84.14 , 84.1
25.086 , 0.04000092 , 84.14 , 84.1
25.088 , 0.03000641 , 84.12 , 84.09
25.09 , 0.05000305 , 84.14 , 84.09
25.091 , 0.05999756 , 84.14 , 84.08
25.093 , 0.04000092 , 84.12 , 84.08
25.095 , 0.05000305 , 84.12 , 84.07
25.097 , 0.06000519 , 84.12 , 84.06
25.098 , -0.009994507 , 84.05 , 84.06
25.1 , 0.06000519 , 84.12 , 84.06
25.102 , -0.03000641 , 84.02 , 84.05
25.103 , 0.0 , 84.05 , 84.05
25.105 , -0.02000427 , 84.02 , 84.04
25.107 , 0.02000427 , 84.05 , 84.03
25.108 , -0.01000214 , 84.02 , 84.03
25.11 , -0.01000214 , 84.02 , 84.03
25.112 , 0.0 , 84.02 , 84.02
25.113 , 0.0 , 84.02 , 84.02
25.115 , -0.02999878 , 83.98 , 84.01
25.116 , 0.009994507 , 84.02 , 84.01
25.118 , 0.01999664 , 84.02 , 84.0
25.12 , 0.01999664 , 84.02 , 84.0
25.122 , -0.02999878 , 83.96 , 83.99
25.123 , -0.009994507 , 83.98 , 83.99
25.125 , 0.0 , 83.98 , 83.98
25.127 , 0.0 , 83.98 , 83.98
25.128 , 0.01000214 , 83.98 , 83.97
25.13 , 0.01000214 , 83.98 , 83.97
25.139 , 0.01999664 , 83.96 , 83.94
25.141 , 0.02999878 , 83.96 , 83.93
25.143 , 0.02999878 , 83.96 , 83.93
25.145 , -0.02999878 , 83.89 , 83.92
25.147 , -0.009994507 , 83.91 , 83.92
25.148 , 0.0 , 83.91 , 83.91
25.15 , 0.0 , 83.91 , 83.91
25.151 , 0.01000214 , 83.91 , 83.9
25.153 , -0.01000214 , 83.89 , 83.9
25.155 , 0.02000427 , 83.91 , 83.89
25.156 , 0.0 , 83.89 , 83.89
25.158 , 0.01000214 , 83.89 , 83.88
25.16 , 0.03000641 , 83.91 , 83.88
25.161 , 0.03000641 , 83.91 , 83.88
25.163 , 0.01999664 , 83.89 , 83.87
25.165 , 0.02999878 , 83.89 , 83.86
25.167 , 0.0 , 83.86 , 83.86
25.168 , -0.02999878 , 83.82 , 83.85
25.17 , 0.01000214 , 83.86 , 83.85
25.172 , -0.01999664 , 83.82 , 83.84
25.174 , 0.02000427 , 83.86 , 83.84
25.175 , 0.02999878 , 83.86 , 83.83
25.177 , 0.02999878 , 83.86 , 83.83
25.179 , 0.04000092 , 83.86 , 83.82
25.18 , 0.0 , 83.82 , 83.82
25.182 , 0.01000214 , 83.82 , 83.81
25.184 , 0.01000214 , 83.82 , 83.81
25.185 , 0.01999664 , 83.82 , 83.8
25.187 , -0.01000214 , 83.79 , 83.8
25.189 , 0.0 , 83.79 , 83.79
25.19 , 0.0 , 83.79 , 83.79
25.192 , 0.04000092 , 83.82 , 83.78
25.193 , 0.01000214 , 83.79 , 83.78
25.195 , 0.02000427 , 83.79 , 83.77
25.197 , 0.02000427 , 83.79 , 83.77
25.199 , -0.01000214 , 83.75 , 83.76
25.2 , 0.02999878 , 83.79 , 83.76
25.202 , 0.04000092 , 83.79 , 83.75
25.204 , 0.0 , 83.75 , 83.75
25.205 , -0.01999664 , 83.73 , 83.75
25.207 , 0.01000214 , 83.75 , 83.74
25.208 , 0.01000214 , 83.75 , 83.74
25.21 , 0.0 , 83.73 , 83.73
25.212 , 0.01000214 , 83.73 , 83.72
25.213 , 0.02999878 , 83.75 , 83.72
25.215 , 0.01000214 , 83.73 , 83.72
25.216 , 0.02000427 , 83.73 , 83.71
25.218 , 0.02000427 , 83.73 , 83.71
25.22 , 0.03000641 , 83.73 , 83.7
25.222 , -0.02999878 , 83.66 , 83.69
25.223 , 0.04000092 , 83.73 , 83.69
25.225 , 0.04000092 , 83.73 , 83.69
25.227 , -0.01999664 , 83.66 , 83.68
25.228 , -0.05000305 , 83.63 , 83.68
25.23 , -0.009994507 , 83.66 , 83.67
25.232 , -0.009994507 , 83.66 , 83.67
25.234 , 0.0 , 83.66 , 83.66
25.235 , -0.03000641 , 83.63 , 83.66
25.237 , -0.02000427 , 83.63 , 83.65
25.239 , -0.01000214 , 83.63 , 83.64
25.24 , -0.01000214 , 83.63 , 83.64
25.242 , -0.05000305 , 83.59 , 83.64
25.244 , 0.0 , 83.63 , 83.63
25.245 , 0.0 , 83.63 , 83.63
25.247 , 0.009994507 , 83.63 , 83.62
25.249 , -0.03000641 , 83.59 , 83.62
25.25 , -0.02000427 , 83.59 , 83.61
25.252 , -0.02000427 , 83.59 , 83.61
25.254 , -0.01000214 , 83.59 , 83.6
25.255 , -0.01000214 , 83.59 , 83.6
25.257 , 0.0 , 83.59 , 83.59
25.259 , -0.01999664 , 83.57 , 83.59
25.261 , 0.009994507 , 83.59 , 83.58
25.262 , -0.06000519 , 83.52 , 83.58
25.264 , -0.05000305 , 83.52 , 83.57
25.266 , 0.01000214 , 83.57 , 83.56
25.268 , 0.01000214 , 83.57 , 83.56
25.269 , 0.01000214 , 83.57 , 83.56
25.271 , -0.03000641 , 83.52 , 83.55
25.273 , 0.02999878 , 83.57 , 83.54
25.275 , 0.02999878 , 83.57 , 83.54
25.276 , 0.02999878 , 83.57 , 83.54
25.278 , -0.01000214 , 83.52 , 83.53
25.28 , 0.0 , 83.52 , 83.52
25.281 , -0.01999664 , 83.5 , 83.52
25.283 , -0.01000214 , 83.5 , 83.51
25.285 , -0.01000214 , 83.5 , 83.51
25.286 , -0.01000214 , 83.5 , 83.51
25.288 , 0.0 , 83.5 , 83.5
25.289 , 0.0 , 83.5 , 83.5
25.291 , -0.04000092 , 83.45 , 83.49
25.293 , -0.05000305 , 83.43 , 83.48
25.294 , 0.01999664 , 83.5 , 83.48
25.296 , -0.05000305 , 83.43 , 83.48
25.298 , -0.02000427 , 83.45 , 83.47
25.299 , -0.02000427 , 83.45 , 83.47
25.301 , -0.02999878 , 83.43 , 83.46
25.303 , -0.01000214 , 83.45 , 83.46
25.304 , -0.01999664 , 83.43 , 83.45
25.306 , 0.0 , 83.45 , 83.45
25.308 , -0.01000214 , 83.43 , 83.44
25.309 , -0.02999878 , 83.41 , 83.44
25.311 , -0.01999664 , 83.41 , 83.43
25.313 , -0.01999664 , 83.41 , 83.43
25.314 , -0.009994507 , 83.41 , 83.42
25.316 , -0.009994507 , 83.41 , 83.42
25.318 , 0.0 , 83.41 , 83.41
25.32 , -0.05000305 , 83.36 , 83.41
25.321 , 0.01000214 , 83.41 , 83.4
25.323 , -0.04000092 , 83.36 , 83.4
25.324 , -0.02999878 , 83.36 , 83.39
25.326 , -0.02999878 , 83.36 , 83.39
25.328 , -0.01999664 , 83.36 , 83.38
25.33 , -0.01999664 , 83.36 , 83.38
25.332 , -0.01000214 , 83.36 , 83.37
25.333 , -0.01000214 , 83.36 , 83.37
25.335 , -0.02000427 , 83.34 , 83.36
25.336 , 0.0 , 83.36 , 83.36
25.338 , 0.01000214 , 83.36 , 83.35
25.34 , -0.01000214 , 83.34 , 83.35
25.341 , 0.02000427 , 83.36 , 83.34
25.343 , -0.04999542 , 83.29 , 83.34
25.345 , 0.009994507 , 83.34 , 83.33
25.347 , -0.06000519 , 83.27 , 83.33
25.348 , -0.02999878 , 83.29 , 83.32
25.35 , -0.02999878 , 83.29 , 83.32
25.352 , 0.02999878 , 83.34 , 83.31
25.354 , -0.01000214 , 83.29 , 83.3
25.355 , -0.01000214 , 83.29 , 83.3
25.357 , -0.08000183 , 83.22 , 83.3
25.358 , 0.0 , 83.29 , 83.29
25.36 , -0.02000427 , 83.27 , 83.29
25.362 , -0.01000214 , 83.27 , 83.28
25.363 , -0.05999756 , 83.22 , 83.28
25.365 , 0.0 , 83.27 , 83.27
25.367 , 0.0 , 83.27 , 83.27
25.368 , 0.009994507 , 83.27 , 83.26
25.37 , -0.04000092 , 83.22 , 83.26
25.372 , -0.02999878 , 83.22 , 83.25
25.373 , -0.02999878 , 83.22 , 83.25
25.375 , 0.02999878 , 83.27 , 83.24
25.377 , -0.01999664 , 83.22 , 83.24
25.378 , -0.01000214 , 83.22 , 83.23
25.38 , -0.01000214 , 83.22 , 83.23
25.382 , 0.0 , 83.22 , 83.22
25.383 , -0.06999969 , 83.15 , 83.22
25.385 , -0.01000214 , 83.2 , 83.21
25.387 , -0.01000214 , 83.2 , 83.21
25.388 , 0.02000427 , 83.22 , 83.2
25.39 , 0.0 , 83.2 , 83.2
25.392 , -0.04000092 , 83.15 , 83.19
25.393 , -0.04000092 , 83.15 , 83.19
25.395 , 0.01999664 , 83.2 , 83.18
25.397 , -0.02999878 , 83.15 , 83.18
25.398 , -0.01999664 , 83.15 , 83.17
25.4 , -0.01999664 , 83.15 , 83.17
25.402 , -0.03000641 , 83.13 , 83.16
25.404 , -0.01000214 , 83.15 , 83.16
25.405 , -0.02000427 , 83.13 , 83.15
25.407 , 0.0 , 83.15 , 83.15
25.408 , -0.01000214 , 83.13 , 83.14
25.41 , -0.01000214 , 83.13 , 83.14
25.412 , 0.0 , 83.13 , 83.13
25.413 , -0.01999664 , 83.11 , 83.13
25.415 , 0.02999878 , 83.15 , 83.12
25.417 , -0.01000214 , 83.11 , 83.12
25.418 , 0.009994507 , 83.13 , 83.12
25.42 , 0.0 , 83.11 , 83.11
25.421 , 0.0 , 83.11 , 83.11
25.423 , 0.01000214 , 83.11 , 83.1
25.425 , -0.02999878 , 83.06 , 83.09
25.426 , -0.02999878 , 83.06 , 83.09
25.428 , -0.02999878 , 83.06 , 83.09
25.43 , -0.02000427 , 83.06 , 83.08
25.432 , 0.04000092 , 83.11 , 83.07
25.433 , -0.01000214 , 83.06 , 83.07
25.435 , 0.04000092 , 83.11 , 83.07
25.437 , 0.05000305 , 83.11 , 83.06
25.438 , -0.01999664 , 83.04 , 83.06
25.44 , 0.009994507 , 83.06 , 83.05
25.442 , 0.01999664 , 83.06 , 83.04
25.444 , -0.05000305 , 82.99 , 83.04
25.445 , 0.0 , 83.04 , 83.04
25.447 , 0.02999878 , 83.06 , 83.03
25.449 , 0.02000427 , 83.04 , 83.02
25.45 , -0.02999878 , 82.99 , 83.02
25.452 , -0.04000092 , 82.97 , 83.01
25.454 , -0.02000427 , 82.99 , 83.01
25.455 , -0.04000092 , 82.97 , 83.01
25.457 , -0.01000214 , 82.99 , 83.0
25.459 , -0.01999664 , 82.97 , 82.99
25.46 , -0.01999664 , 82.97 , 82.99
25.462 , -0.01999664 , 82.97 , 82.99
25.464 , -0.01000214 , 82.97 , 82.98
25.466 , 0.01999664 , 82.99 , 82.97
25.467 , 0.0 , 82.97 , 82.97
25.469 , 0.01000214 , 82.97 , 82.96
25.471 , 0.01000214 , 82.97 , 82.96
25.472 , 0.01000214 , 82.97 , 82.96
25.474 , -0.01999664 , 82.93 , 82.95
25.476 , 0.02999878 , 82.97 , 82.94
25.477 , 0.02999878 , 82.97 , 82.94
25.479 , 0.04000092 , 82.97 , 82.93
25.481 , -0.02999878 , 82.9 , 82.93
25.483 , -0.01999664 , 82.9 , 82.92
25.484 , -0.01999664 , 82.9 , 82.92
25.486 , 0.01999664 , 82.93 , 82.91
25.488 , -0.01000214 , 82.9 , 82.91
25.489 , 0.01999664 , 82.93 , 82.91
25.491 , 0.02999878 , 82.93 , 82.9
25.493 , 0.04000092 , 82.93 , 82.89
25.494 , -0.01000214 , 82.88 , 82.89
25.496 , 0.02000427 , 82.9 , 82.88
25.498 , 0.0 , 82.88 , 82.88
25.499 , 0.0 , 82.88 , 82.88
25.501 , 0.02999878 , 82.9 , 82.87
25.503 , -0.02999878 , 82.83 , 82.86
25.504 , -0.02999878 , 82.83 , 82.86
25.506 , 0.01999664 , 82.88 , 82.86
25.508 , 0.05000305 , 82.9 , 82.85
25.51 , 0.04000092 , 82.88 , 82.84
25.511 , 0.04000092 , 82.88 , 82.84
25.513 , -0.02000427 , 82.81 , 82.83
25.515 , 0.0 , 82.83 , 82.83
25.516 , 0.0 , 82.83 , 82.83
25.518 , -0.01000214 , 82.81 , 82.82
25.519 , 0.01000214 , 82.83 , 82.82
25.521 , 0.02000427 , 82.83 , 82.81
25.523 , 0.009994507 , 82.81 , 82.8
25.525 , 0.02999878 , 82.83 , 82.8
25.526 , 0.02999878 , 82.83 , 82.8
25.528 , 0.01999664 , 82.81 , 82.79
25.53 , 0.02999878 , 82.81 , 82.78
25.532 , 0.02999878 , 82.81 , 82.78
25.533 , 0.02999878 , 82.81 , 82.78
25.535 , -0.009994507 , 82.76 , 82.77
25.537 , 0.04999542 , 82.81 , 82.76
25.539 , 0.0 , 82.76 , 82.76
25.54 , 0.01000214 , 82.76 , 82.75
25.542 , -0.01000214 , 82.74 , 82.75
25.544 , 0.02000427 , 82.76 , 82.74
25.545 , 0.02000427 , 82.76 , 82.74
25.547 , 0.009994507 , 82.74 , 82.73
25.549 , -0.03000641 , 82.7 , 82.73
25.551 , 0.01999664 , 82.74 , 82.72
25.552 , 0.01999664 , 82.74 , 82.72
25.554 , 0.02999878 , 82.74 , 82.71
25.556 , -0.01000214 , 82.7 , 82.71
25.557 , 0.04000092 , 82.74 , 82.7
25.559 , 0.0 , 82.7 , 82.7
25.561 , 0.04999542 , 82.74 , 82.69
25.563 , 0.009994507 , 82.7 , 82.69
25.564 , 0.01999664 , 82.7 , 82.68
25.566 , 0.01999664 , 82.7 , 82.68
25.568 , 0.0 , 82.67 , 82.67
25.569 , 0.02999878 , 82.7 , 82.67
25.571 , 0.009994507 , 82.67 , 82.66
25.573 , 0.009994507 , 82.67 , 82.66
25.575 , 0.01999664 , 82.67 , 82.65
25.577 , 0.01999664 , 82.67 , 82.65
25.578 , 0.01000214 , 82.65 , 82.64
25.58 , 0.01000214 , 82.65 , 82.64
25.582 , 0.02000427 , 82.65 , 82.63
25.584 , 0.02999878 , 82.65 , 82.62
25.585 , 0.02999878 , 82.65 , 82.62
25.587 , 0.02999878 , 82.65 , 82.62
25.589 , 0.04000092 , 82.65 , 82.61
25.59 , -0.01000214 , 82.6 , 82.61
25.592 , 0.05000305 , 82.65 , 82.6
25.594 , 0.06000519 , 82.65 , 82.59
25.595 , -0.009994507 , 82.58 , 82.59
25.597 , -0.009994507 , 82.58 , 82.59
25.599 , 0.01999664 , 82.6 , 82.58
25.601 , 0.02999878 , 82.6 , 82.57
25.603 , 0.01000214 , 82.58 , 82.57
25.604 , 0.02999878 , 82.6 , 82.57
25.606 , 0.04000092 , 82.6 , 82.56
25.608 , 0.04999542 , 82.6 , 82.55
25.61 , 0.04999542 , 82.6 , 82.55
25.611 , 0.04000092 , 82.58 , 82.54
25.613 , 0.0 , 82.54 , 82.54
25.614 , 0.04000092 , 82.58 , 82.54
25.616 , 0.01000214 , 82.54 , 82.53
25.618 , 0.02000427 , 82.54 , 82.52
25.619 , 0.06000519 , 82.58 , 82.52
25.621 , 0.02000427 , 82.54 , 82.52
25.623 , 0.02999878 , 82.54 , 82.51
25.624 , 0.06999969 , 82.58 , 82.51
25.626 , 0.01000214 , 82.51 , 82.5
25.628 , 0.02000427 , 82.51 , 82.49
25.629 , 0.05000305 , 82.54 , 82.49
25.631 , 0.05000305 , 82.54 , 82.49
25.633 , 0.02999878 , 82.51 , 82.48
25.635 , 0.04000092 , 82.51 , 82.47
25.636 , 0.04000092 , 82.51 , 82.47
25.638 , 0.05000305 , 82.51 , 82.46
25.639 , 0.05000305 , 82.51 , 82.46
25.641 , 0.08000183 , 82.54 , 82.46
25.643 , 0.06000519 , 82.51 , 82.45
25.645 , 0.02999878 , 82.47 , 82.44
25.646 , 0.02999878 , 82.47 , 82.44
25.648 , 0.02999878 , 82.47 , 82.44
25.65 , 0.04000092 , 82.47 , 82.43
25.651 , -0.01000214 , 82.42 , 82.43
25.653 , 0.0 , 82.42 , 82.42
25.655 , 0.02999878 , 82.44 , 82.41
25.656 , 0.05999756 , 82.47 , 82.41
25.658 , 0.009994507 , 82.42 , 82.41
25.66 , 0.01999664 , 82.42 , 82.4
25.662 , 0.05000305 , 82.44 , 82.39
25.663 , -0.01000214 , 82.38 , 82.39
25.665 , 0.02999878 , 82.42 , 82.39
25.667 , 0.0 , 82.38 , 82.38
25.668 , 0.0 , 82.38 , 82.38
25.67 , 0.04999542 , 82.42 , 82.37
25.672 , 0.05999756 , 82.42 , 82.36
25.673 , -0.01000214 , 82.35 , 82.36
25.675 , 0.05999756 , 82.42 , 82.36
25.677 , 0.02999878 , 82.38 , 82.35
25.679 , 0.04000092 , 82.38 , 82.34
25.68 , 0.04000092 , 82.38 , 82.34
25.682 , 0.01999664 , 82.35 , 82.33
25.684 , 0.04999542 , 82.38 , 82.33
25.685 , 0.01999664 , 82.35 , 82.33
25.687 , 0.02999878 , 82.35 , 82.32
25.689 , 0.0 , 82.31 , 82.31
25.691 , 0.04000092 , 82.35 , 82.31
25.692 , 0.0 , 82.31 , 82.31
25.694 , 0.009994507 , 82.31 , 82.3
25.696 , 0.01999664 , 82.31 , 82.29
25.697 , 0.05999756 , 82.35 , 82.29
25.699 , 0.02999878 , 82.31 , 82.28
25.701 , 0.02999878 , 82.31 , 82.28
25.703 , 0.04000092 , 82.31 , 82.27
25.704 , 0.01000214 , 82.28 , 82.27
25.706 , 0.04999542 , 82.31 , 82.26
25.708 , 0.04999542 , 82.31 , 82.26
25.71 , 0.02999878 , 82.28 , 82.25
25.711 , -0.01000214 , 82.24 , 82.25
25.713 , 0.0 , 82.24 , 82.24
25.715 , 0.04000092 , 82.28 , 82.24
25.716 , 0.009994507 , 82.24 , 82.23
25.718 , 0.04999542 , 82.28 , 82.23
25.72 , 0.0 , 82.22 , 82.22
25.721 , 0.0 , 82.22 , 82.22
25.723 , 0.01000214 , 82.22 , 82.21
25.724 , 0.02999878 , 82.24 , 82.21
25.726 , 0.04000092 , 82.24 , 82.2
25.728 , 0.02000427 , 82.22 , 82.2
25.73 , 0.02999878 , 82.22 , 82.19
25.731 , 0.02999878 , 82.22 , 82.19
25.733 , 0.04000092 , 82.22 , 82.18
25.735 , 0.01000214 , 82.19 , 82.18
25.736 , 0.01000214 , 82.19 , 82.18
25.738 , 0.05000305 , 82.22 , 82.17
25.739 , 0.05000305 , 82.22 , 82.17
25.741 , 0.05999756 , 82.22 , 82.16
25.743 , 0.06999969 , 82.22 , 82.15
25.745 , 0.04000092 , 82.19 , 82.15
25.746 , 0.04000092 , 82.19 , 82.15
25.748 , 0.01000214 , 82.15 , 82.14
25.749 , 0.01000214 , 82.15 , 82.14
25.751 , 0.06000519 , 82.19 , 82.13
25.753 , 0.02999878 , 82.15 , 82.12
25.754 , 0.02999878 , 82.15 , 82.12
25.756 , 0.02999878 , 82.15 , 82.12
25.758 , 0.04000092 , 82.15 , 82.11
25.759 , 0.01000214 , 82.12 , 82.11
25.761 , 0.05000305 , 82.15 , 82.1
25.763 , 0.05000305 , 82.15 , 82.1
25.764 , 0.03000641 , 82.12 , 82.09
25.766 , 0.03000641 , 82.12 , 82.09
25.768 , 0.0 , 82.08 , 82.08
25.769 , 0.04000092 , 82.12 , 82.08
25.771 , 0.05000305 , 82.12 , 82.07
25.773 , 0.01000214 , 82.08 , 82.07
25.774 , 0.02000427 , 82.08 , 82.06
25.776 , 0.02000427 , 82.08 , 82.06
25.778 , 0.02999878 , 82.08 , 82.05
25.779 , 0.02999878 , 82.08 , 82.05
25.781 , 0.04000092 , 82.08 , 82.04
25.783 , 0.04000092 , 82.08 , 82.04
25.784 , 0.02999878 , 82.06 , 82.03
25.786 , 0.02999878 , 82.06 , 82.03
25.788 , 0.04000092 , 82.06 , 82.02
25.79 , -0.009994507 , 82.01 , 82.02
25.792 , 0.04999542 , 82.06 , 82.01
25.793 , 0.0 , 82.01 , 82.01
25.795 , 0.05999756 , 82.06 , 82.0
25.796 , 0.05999756 , 82.06 , 82.0
25.798 , 0.06999969 , 82.06 , 81.99
25.8 , 0.02000427 , 82.01 , 81.99
25.802 , 0.02999878 , 82.01 , 81.98
25.803 , 0.009994507 , 81.99 , 81.98
25.805 , 0.04000092 , 82.01 , 81.97
25.807 , 0.01999664 , 81.99 , 81.97
25.809 , 0.05000305 , 82.01 , 81.96
25.81 , 0.02999878 , 81.99 , 81.96
25.812 , 0.04000092 , 81.99 , 81.95
25.814 , 0.04999542 , 81.99 , 81.94
25.816 , 0.04999542 , 81.99 , 81.94
25.817 , 0.01999664 , 81.96 , 81.94
25.819 , 0.02999878 , 81.96 , 81.93
25.821 , 0.0 , 81.92 , 81.92
25.823 , 0.04000092 , 81.96 , 81.92
25.824 , 0.0799942 , 81.99 , 81.91
25.826 , 0.04999542 , 81.96 , 81.91
25.828 , 0.01999664 , 81.92 , 81.9
25.829 , 0.01999664 , 81.92 , 81.9
25.831 , 0.06999969 , 81.96 , 81.89
25.833 , 0.02999878 , 81.92 , 81.89
25.835 , 0.02000427 , 81.9 , 81.88
25.837 , 0.04000092 , 81.92 , 81.88
25.838 , 0.04999542 , 81.92 , 81.87
25.84 , 0.02999878 , 81.9 , 81.87
25.842 , 0.04000092 , 81.9 , 81.86
25.843 , 0.04000092 , 81.9 , 81.86
25.845 , 0.05000305 , 81.9 , 81.85
25.847 , 0.05000305 , 81.9 , 81.85
25.848 , -0.009994507 , 81.83 , 81.84
25.85 , 0.06000519 , 81.9 , 81.84
25.852 , 0.01999664 , 81.85 , 81.83
25.854 , 0.01999664 , 81.85 , 81.83
25.855 , 0.02999878 , 81.85 , 81.82
25.857 , 0.02999878 , 81.85 , 81.82
25.859 , 0.04000092 , 81.85 , 81.81
25.861 , 0.04000092 , 81.85 , 81.81
25.863 , 0.04999542 , 81.85 , 81.8
25.864 , 0.04999542 , 81.85 , 81.8
25.866 , 0.04000092 , 81.83 , 81.79
25.868 , 0.0 , 81.78 , 81.78
25.869 , 0.06999969 , 81.85 , 81.78
25.871 , -0.01999664 , 81.76 , 81.78
25.873 , 0.01000214 , 81.78 , 81.77
25.875 , 0.01999664 , 81.78 , 81.76
25.876 , 0.0 , 81.76 , 81.76
25.878 , 0.06999969 , 81.83 , 81.76
25.88 , 0.02999878 , 81.78 , 81.75
25.881 , 0.02999878 , 81.78 , 81.75
25.883 , 0.04000092 , 81.78 , 81.74
25.885 , 0.02999878 , 81.76 , 81.73
25.887 , 0.04999542 , 81.78 , 81.73
25.888 , 0.04999542 , 81.78 , 81.73
25.89 , 0.05999756 , 81.78 , 81.72
25.892 , 0.05000305 , 81.76 , 81.71
25.894 , 0.05000305 , 81.76 , 81.71
25.895 , 0.03000641 , 81.73 , 81.7
25.897 , 0.06000519 , 81.76 , 81.7
25.899 , 0.06999969 , 81.76 , 81.69
25.9 , 0.06999969 , 81.76 , 81.69
25.902 , 0.05000305 , 81.73 , 81.68
25.904 , 0.05000305 , 81.73 , 81.68
25.905 , 0.05000305 , 81.73 , 81.68
25.907 , 0.09000397 , 81.76 , 81.67
25.917 , 0.05000305 , 81.69 , 81.64
25.918 , 0.05000305 , 81.69 , 81.64
25.92 , 0.06000519 , 81.69 , 81.63
25.922 , 0.06000519 , 81.69 , 81.63
25.924 , 0.04999542 , 81.67 , 81.62
25.925 , 0.06999969 , 81.69 , 81.62
25.927 , 0.05999756 , 81.67 , 81.61
25.929 , 0.06999969 , 81.67 , 81.6
25.931 , 0.06999969 , 81.67 , 81.6
25.932 , 0.06999969 , 81.67 , 81.6
25.934 , 0.08000183 , 81.67 , 81.59
25.936 , 0.04000092 , 81.62 , 81.58
25.938 , 0.08999634 , 81.67 , 81.58
25.939 , 0.05000305 , 81.62 , 81.57
25.941 , 0.02999878 , 81.6 , 81.57
25.943 , 0.04000092 , 81.6 , 81.56
25.945 , 0.06000519 , 81.62 , 81.56
25.946 , 0.0 , 81.55 , 81.55
25.948 , 0.04999542 , 81.6 , 81.55
25.95 , 0.05999756 , 81.6 , 81.54
25.951 , 0.05999756 , 81.6 , 81.54
25.953 , 0.06999969 , 81.6 , 81.53
25.955 , 0.02000427 , 81.55 , 81.53
25.957 , 0.03000641 , 81.55 , 81.52
25.958 , 0.03000641 , 81.55 , 81.52
25.96 , 0.04000092 , 81.55 , 81.51
25.962 , 0.04000092 , 81.55 , 81.51
25.963 , 0.05000305 , 81.55 , 81.5
25.965 , 0.02999878 , 81.53 , 81.5
25.967 , 0.06000519 , 81.55 , 81.49
25.968 , 0.04000092 , 81.53 , 81.49
25.97 , 0.06999969 , 81.55 , 81.48
25.972 , 0.02999878 , 81.51 , 81.48
25.974 , 0.05999756 , 81.53 , 81.47
25.975 , 0.04000092 , 81.51 , 81.47
25.977 , 0.06999969 , 81.53 , 81.46
25.979 , 0.06999969 , 81.53 , 81.46
25.981 , 0.06000519 , 81.51 , 81.45
25.982 , 0.06000519 , 81.51 , 81.45
25.984 , 0.06999969 , 81.51 , 81.44
25.986 , 0.0 , 81.44 , 81.44
25.987 , 0.02999878 , 81.46 , 81.43
25.989 , 0.02999878 , 81.46 , 81.43
25.991 , 0.02000427 , 81.44 , 81.42
25.992 , 0.09000397 , 81.51 , 81.42
25.994 , 0.04999542 , 81.46 , 81.41
25.996 , 0.04999542 , 81.46 , 81.41
25.998 , 0.04000092 , 81.44 , 81.4
25.999 , 0.05999756 , 81.46 , 81.4
26.001 , 0.1200027 , 81.51 , 81.39
26.002 , 0.06999969 , 81.46 , 81.39
26.004 , 0.08000183 , 81.46 , 81.38
26.006 , 0.08000183 , 81.46 , 81.38
26.008 , 0.08999634 , 81.46 , 81.37
26.009 , 0.08999634 , 81.46 , 81.37
26.011 , 0.09999847 , 81.46 , 81.36
26.013 , 0.02999878 , 81.39 , 81.36
26.015 , 0.04000092 , 81.39 , 81.35
26.016 , 0.02000427 , 81.37 , 81.35
26.018 , 0.1000061 , 81.44 , 81.34
26.019 , 0.05000305 , 81.39 , 81.34
26.021 , 0.1299973 , 81.46 , 81.33
26.023 , 0.04000092 , 81.37 , 81.33
26.024 , 0.06999969 , 81.39 , 81.32
26.026 , 0.05000305 , 81.37 , 81.32
26.028 , 0.08000183 , 81.39 , 81.31
26.03 , 0.06000519 , 81.37 , 81.31
26.031 , 0.06999969 , 81.37 , 81.3
26.033 , 0.06999969 , 81.37 , 81.3
26.035 , 0.08000183 , 81.37 , 81.29
26.036 , 0.02999878 , 81.32 , 81.29
26.038 , 0.04000092 , 81.32 , 81.28
26.04 , 0.04000092 , 81.32 , 81.28
26.041 , 0.05000305 , 81.32 , 81.27
26.043 , 0.05000305 , 81.32 , 81.27
26.045 , 0.05999756 , 81.32 , 81.26
26.047 , 0.05999756 , 81.32 , 81.26
26.048 , 0.06999969 , 81.32 , 81.25
26.05 , 0.06999969 , 81.32 , 81.25
26.052 , 0.08000183 , 81.32 , 81.24
26.053 , 0.06000519 , 81.3 , 81.24
26.055 , 0.06999969 , 81.3 , 81.23
26.057 , 0.06999969 , 81.3 , 81.23
26.058 , 0.08000183 , 81.3 , 81.22
26.06 , 0.08000183 , 81.3 , 81.22
26.062 , 0.04000092 , 81.25 , 81.21
26.063 , 0.02000427 , 81.23 , 81.21
26.065 , 0.05000305 , 81.25 , 81.2
26.067 , 0.03000641 , 81.23 , 81.2
26.069 , 0.04000092 , 81.23 , 81.19
26.07 , 0.04000092 , 81.23 , 81.19
26.072 , 0.06999969 , 81.25 , 81.18
26.073 , 0.05000305 , 81.23 , 81.18
26.075 , 0.08000183 , 81.25 , 81.17
26.077 , 0.06000519 , 81.23 , 81.17
26.078 , 0.06999969 , 81.23 , 81.16
26.08 , 0.04999542 , 81.21 , 81.16
26.082 , 0.05999756 , 81.21 , 81.15
26.084 , 0.05999756 , 81.21 , 81.15
26.085 , 0.09000397 , 81.23 , 81.14
26.087 , 0.02000427 , 81.16 , 81.14
26.089 , 0.08000183 , 81.21 , 81.13
26.091 , 0.03000641 , 81.16 , 81.13
26.092 , 0.04000092 , 81.16 , 81.12
26.094 , 0.04000092 , 81.16 , 81.12
26.096 , 0.05000305 , 81.16 , 81.11
26.097 , 0.02999878 , 81.14 , 81.11
26.099 , 0.06000519 , 81.16 , 81.1
26.1 , 0.04000092 , 81.14 , 81.1
26.102 , 0.05000305 , 81.14 , 81.09
26.104 , 0.05000305 , 81.14 , 81.09
26.106 , 0.05999756 , 81.14 , 81.08
26.107 , 0.05999756 , 81.14 , 81.08
26.109 , 0.06999969 , 81.14 , 81.07
26.111 , 0.01999664 , 81.09 , 81.07
26.113 , 0.08000183 , 81.14 , 81.06
26.114 , 0.02999878 , 81.09 , 81.06
26.116 , 0.08999634 , 81.14 , 81.05
26.118 , 0.03999329 , 81.09 , 81.05
26.12 , 0.04999542 , 81.09 , 81.04
26.121 , 0.04999542 , 81.09 , 81.04
26.123 , 0.05999756 , 81.09 , 81.03
26.125 , 0.05000305 , 81.07 , 81.02
26.126 , 0.05000305 , 81.07 , 81.02
26.128 , 0.05000305 , 81.07 , 81.02
26.13 , 0.05999756 , 81.07 , 81.01
26.131 , 0.05999756 , 81.07 , 81.01
26.133 , 0.02999878 , 81.03 , 81.0
26.135 , 0.06999969 , 81.07 , 81.0
26.137 , 0.04000092 , 81.03 , 80.99
26.138 , 0.04000092 , 81.03 , 80.99
26.14 , 0.04999542 , 81.03 , 80.98
26.142 , 0.05999756 , 81.03 , 80.97
26.144 , 0.05999756 , 81.03 , 80.97
26.145 , 0.05999756 , 81.03 , 80.97
26.147 , 0.02000427 , 80.98 , 80.96
26.149 , 0.03000641 , 80.98 , 80.95
26.15 , 0.03000641 , 80.98 , 80.95
26.152 , -0.01999664 , 80.93 , 80.95
26.154 , 0.04000092 , 80.98 , 80.94
26.155 , 0.04000092 , 80.98 , 80.94
26.157 , 0.05000305 , 80.98 , 80.93
26.159 , 0.06000519 , 80.98 , 80.92
26.16 , 0.01000214 , 80.93 , 80.92
26.162 , 0.01000214 , 80.93 , 80.92
26.164 , 0.01999664 , 80.93 , 80.91
26.166 , 0.02999878 , 80.93 , 80.9
26.167 , 0.02999878 , 80.93 , 80.9
26.169 , 0.02000427 , 80.91 , 80.89
26.171 , 0.02000427 , 80.91 , 80.89
26.172 , 0.04000092 , 80.93 , 80.89
26.174 , 0.05000305 , 80.93 , 80.88
26.176 , 0.0 , 80.87 , 80.87
26.177 , 0.04000092 , 80.91 , 80.87
26.179 , 0.0 , 80.87 , 80.87
26.18 , 0.01000214 , 80.87 , 80.86
26.182 , 0.01000214 , 80.87 , 80.86
26.184 , 0.06000519 , 80.91 , 80.85
26.185 , 0.02000427 , 80.87 , 80.85
26.187 , 0.03000641 , 80.87 , 80.84
26.189 , 0.0 , 80.84 , 80.84
26.19 , 0.04000092 , 80.87 , 80.83
26.192 , 0.04000092 , 80.87 , 80.83
26.193 , 0.05000305 , 80.87 , 80.82
26.195 , 0.01999664 , 80.84 , 80.82
26.197 , -0.009994507 , 80.8 , 80.81
26.199 , 0.06000519 , 80.87 , 80.81
26.2 , 0.0 , 80.8 , 80.8
26.202 , 0.03999329 , 80.84 , 80.8
26.204 , 0.01000214 , 80.8 , 80.79
26.205 , -0.02000427 , 80.77 , 80.79
26.207 , 0.02000427 , 80.8 , 80.78
26.209 , 0.02000427 , 80.8 , 80.78
26.21 , 0.0 , 80.77 , 80.77
26.212 , 0.0 , 80.77 , 80.77
26.213 , 0.009994507 , 80.77 , 80.76
26.215 , 0.009994507 , 80.77 , 80.76
26.217 , 0.01999664 , 80.77 , 80.75
26.219 , 0.01999664 , 80.77 , 80.75
26.221 , 0.02999878 , 80.77 , 80.74
26.222 , 0.02999878 , 80.77 , 80.74
26.224 , 0.01999664 , 80.75 , 80.73
26.226 , 0.01999664 , 80.75 , 80.73
26.228 , -0.02000427 , 80.7 , 80.72
26.229 , -0.02000427 , 80.7 , 80.72
26.231 , 0.04000092 , 80.75 , 80.71
26.233 , -0.01000214 , 80.7 , 80.71
26.234 , 0.0 , 80.7 , 80.7
26.236 , 0.05000305 , 80.75 , 80.7
26.238 , 0.009994507 , 80.7 , 80.69
26.239 , 0.05999756 , 80.75 , 80.69
26.241 , 0.06999969 , 80.75 , 80.68
26.243 , 0.01999664 , 80.7 , 80.68
26.244 , 0.02999878 , 80.7 , 80.67
26.246 , 0.01000214 , 80.68 , 80.67
26.248 , 0.01999664 , 80.68 , 80.66
26.25 , 0.01999664 , 80.68 , 80.66
26.251 , 0.02999878 , 80.68 , 80.65
26.253 , 0.02999878 , 80.68 , 80.65
26.255 , 0.04000092 , 80.68 , 80.64
26.256 , 0.04000092 , 80.68 , 80.64
26.258 , 0.05000305 , 80.68 , 80.63
26.26 , 0.01000214 , 80.64 , 80.63
26.261 , 0.05999756 , 80.68 , 80.62
26.263 , 0.01999664 , 80.64 , 80.62
26.265 , 0.02999878 , 80.64 , 80.61
26.267 , 0.02999878 , 80.64 , 80.61
26.268 , 0.01000214 , 80.61 , 80.6
26.27 , 0.01000214 , 80.61 , 80.6
26.272 , -0.01999664 , 80.57 , 80.59
26.273 , 0.02000427 , 80.61 , 80.59
26.275 , -0.01000214 , 80.57 , 80.58
26.277 , 0.02999878 , 80.61 , 80.58
26.279 , 0.0 , 80.57 , 80.57
26.28 , 0.04000092 , 80.61 , 80.57
26.282 , 0.05000305 , 80.61 , 80.56
26.283 , 0.01000214 , 80.57 , 80.56
26.285 , 0.01999664 , 80.57 , 80.55
26.287 , -0.01000214 , 80.54 , 80.55
26.289 , 0.02999878 , 80.57 , 80.54
26.29 , 0.0 , 80.54 , 80.54
26.292 , 0.01000214 , 80.54 , 80.53
26.293 , 0.04000092 , 80.57 , 80.53
26.295 , 0.0 , 80.52 , 80.52
26.297 , 0.05000305 , 80.57 , 80.52
26.298 , 0.02999878 , 80.54 , 80.51
26.3 , 0.009994507 , 80.52 , 80.51
26.302 , 0.01999664 , 80.52 , 80.5
26.304 , 0.04000092 , 80.54 , 80.5
26.305 , 0.05000305 , 80.54 , 80.49
26.307 , -0.009994507 , 80.48 , 80.49
26.309 , 0.03999329 , 80.52 , 80.48
26.31 , 0.0 , 80.48 , 80.48
26.312 , 0.01000214 , 80.48 , 80.47
26.314 , -0.02000427 , 80.45 , 80.47
26.315 , 0.02000427 , 80.48 , 80.46
26.317 , -0.01000214 , 80.45 , 80.46
26.319 , 0.03000641 , 80.48 , 80.45
26.32 , -0.03999329 , 80.41 , 80.45
26.322 , 0.009994507 , 80.45 , 80.44
26.324 , -0.02999878 , 80.41 , 80.44
26.326 , -0.01999664 , 80.41 , 80.43
26.327 , -0.01999664 , 80.41 , 80.43
26.329 , -0.009994507 , 80.41 , 80.42
26.331 , 0.02999878 , 80.45 , 80.42
26.333 , -0.03000641 , 80.38 , 80.41
26.334 , 0.03999329 , 80.45 , 80.41
26.336 , 0.01000214 , 80.41 , 80.4
26.338 , -0.02000427 , 80.38 , 80.4
26.339 , -0.01000214 , 80.38 , 80.39
26.341 , 0.02000427 , 80.41 , 80.39
26.343 , -0.04000092 , 80.34 , 80.38
26.344 , 0.0 , 80.38 , 80.38
26.346 , -0.03000641 , 80.34 , 80.37
26.348 , 0.009994507 , 80.38 , 80.37
26.35 , -0.02000427 , 80.34 , 80.36
26.351 , 0.01999664 , 80.38 , 80.36
26.353 , -0.01000214 , 80.34 , 80.35
26.355 , 0.0 , 80.34 , 80.34
26.356 , 0.0 , 80.34 , 80.34
26.358 , 0.0 , 80.34 , 80.34
26.359 , -0.04000092 , 80.29 , 80.33
26.361 , 0.009994507 , 80.34 , 80.33
26.363 , 0.01999664 , 80.34 , 80.32
26.364 , -0.02999878 , 80.29 , 80.32
26.366 , 0.01000214 , 80.32 , 80.31
26.368 , 0.01000214 , 80.32 , 80.31
26.37 , -0.05000305 , 80.25 , 80.3
26.371 , -0.05000305 , 80.25 , 80.3
26.373 , -0.04000092 , 80.25 , 80.29
26.375 , 0.0 , 80.29 , 80.29
26.376 , -0.02999878 , 80.25 , 80.28
26.378 , 0.01000214 , 80.29 , 80.28
26.379 , -0.01999664 , 80.25 , 80.27
26.381 , -0.01999664 , 80.25 , 80.27
26.383 , -0.04000092 , 80.22 , 80.26
26.384 , -0.01000214 , 80.25 , 80.26
26.386 , -0.02999878 , 80.22 , 80.25
26.388 , 0.0 , 80.25 , 80.25
26.389 , 0.01000214 , 80.25 , 80.24
26.391 , -0.01999664 , 80.22 , 80.24
26.393 , -0.05000305 , 80.18 , 80.23
26.394 , -0.05000305 , 80.18 , 80.23
26.396 , 0.0 , 80.22 , 80.22
26.397 , 0.0 , 80.22 , 80.22
26.399 , -0.04999542 , 80.16 , 80.21
26.401 , 0.01000214 , 80.22 , 80.21
26.402 , -0.02999878 , 80.18 , 80.21
26.404 , -0.01999664 , 80.18 , 80.2
26.406 , -0.01000214 , 80.18 , 80.19
26.407 , -0.01000214 , 80.18 , 80.19
26.409 , -0.02999878 , 80.16 , 80.19
26.411 , -0.01999664 , 80.16 , 80.18
26.412 , -0.01999664 , 80.16 , 80.18
26.414 , -0.009994507 , 80.16 , 80.17
26.416 , 0.01999664 , 80.18 , 80.16
26.418 , 0.0 , 80.16 , 80.16
26.419 , 0.0 , 80.16 , 80.16
26.42 , 0.02999878 , 80.18 , 80.15
26.422 , 0.02999878 , 80.18 , 80.15
26.424 , 0.02000427 , 80.16 , 80.14
26.425 , 0.04000092 , 80.18 , 80.14
26.427 , 0.03000641 , 80.16 , 80.13
26.429 , 0.03000641 , 80.16 , 80.13
26.43 , 0.04000092 , 80.16 , 80.12
26.432 , -0.01000214 , 80.11 , 80.12
26.434 , 0.0 , 80.11 , 80.11
26.435 , 0.0 , 80.11 , 80.11
26.437 , 0.01000214 , 80.11 , 80.1
26.438 , 0.01000214 , 80.11 , 80.1
26.44 , 0.02000427 , 80.11 , 80.09
26.442 , 0.02000427 , 80.11 , 80.09
26.443 , 0.009994507 , 80.09 , 80.08
26.445 , 0.02999878 , 80.11 , 80.08
26.447 , 0.04000092 , 80.11 , 80.07
26.448 , 0.01999664 , 80.09 , 80.07
26.45 , 0.02999878 , 80.09 , 80.06
26.452 , 0.02999878 , 80.09 , 80.06
26.454 , 0.009994507 , 80.06 , 80.05
26.456 , 0.03999329 , 80.09 , 80.05
26.457 , 0.01999664 , 80.06 , 80.04
26.459 , 0.01999664 , 80.06 , 80.04
26.461 , 0.02999878 , 80.06 , 80.03
26.463 , -0.01000214 , 80.02 , 80.03
26.464 , 0.0 , 80.02 , 80.02
26.466 , 0.06999969 , 80.09 , 80.02
26.468 , 0.009994507 , 80.02 , 80.01
26.469 , -0.01000214 , 80.0 , 80.01
26.471 , 0.01999664 , 80.02 , 80.0
26.473 , 0.0 , 80.0 , 80.0
26.474 , 0.01000214 , 80.0 , 79.99
26.476 , 0.01000214 , 80.0 , 79.99
26.478 , 0.01999664 , 80.0 , 79.98
26.479 , 0.03999329 , 80.02 , 79.98
26.481 , -0.02000427 , 79.95 , 79.97
26.483 , 0.02999878 , 80.0 , 79.97
26.484 , 0.05999756 , 80.02 , 79.96
26.486 , -0.01000214 , 79.95 , 79.96
26.488 , 0.0 , 79.95 , 79.95
26.49 , -0.01999664 , 79.93 , 79.95
26.491 , 0.009994507 , 79.95 , 79.94
26.493 , 0.009994507 , 79.95 , 79.94
26.495 , 0.01999664 , 79.95 , 79.93
26.497 , 0.02999878 , 79.95 , 79.92
26.499 , 0.01000214 , 79.93 , 79.92
26.5 , -0.05999756 , 79.86 , 79.92
26.502 , 0.01999664 , 79.93 , 79.91
26.504 , 0.02999878 , 79.93 , 79.9
26.506 , 0.02999878 , 79.93 , 79.9
26.507 , 0.02999878 , 79.93 , 79.9
26.509 , 0.04000092 , 79.93 , 79.89
26.511 , -0.01999664 , 79.86 , 79.88
26.512 , -0.01999664 , 79.86 , 79.88
26.514 , 0.05999756 , 79.93 , 79.87
26.516 , -0.01000214 , 79.86 , 79.87
26.518 , 0.0 , 79.86 , 79.86
26.519 , -0.02000427 , 79.84 , 79.86
26.521 , -0.04000092 , 79.81 , 79.85
26.523 , -0.01000214 , 79.84 , 79.85
26.524 , -0.01000214 , 79.84 , 79.85
26.526 , -0.02999878 , 79.81 , 79.84
26.528 , -0.02000427 , 79.81 , 79.83
26.53 , -0.06000519 , 79.77 , 79.83
26.531 , -0.01000214 , 79.81 , 79.82
26.533 , -0.01000214 , 79.81 , 79.82
26.535 , 0.0 , 79.81 , 79.81
26.536 , -0.04000092 , 79.77 , 79.81
26.538 , -0.03000641 , 79.77 , 79.8
26.54 , 0.009994507 , 79.81 , 79.8
26.542 , -0.02000427 , 79.77 , 79.79
26.544 , -0.02000427 , 79.77 , 79.79
26.545 , -0.01000214 , 79.77 , 79.78
26.547 , -0.01000214 , 79.77 , 79.78
26.549 , -0.02999878 , 79.74 , 79.77
26.551 , -0.02999878 , 79.74 , 79.77
26.552 , -0.06000519 , 79.7 , 79.76
26.554 , -0.06000519 , 79.7 , 79.76
26.556 , -0.01000214 , 79.74 , 79.75
26.558 , -0.04000092 , 79.7 , 79.74
26.559 , -0.04000092 , 79.7 , 79.74
26.561 , 0.0 , 79.74 , 79.74
26.563 , 0.009994507 , 79.74 , 79.73
26.564 , -0.06000519 , 79.67 , 79.73
26.566 , -0.05000305 , 79.67 , 79.72
26.568 , -0.05000305 , 79.67 , 79.72
26.57 , -0.04000092 , 79.67 , 79.71
26.571 , -0.04000092 , 79.67 , 79.71
26.573 , 0.0 , 79.7 , 79.7
26.575 , -0.02000427 , 79.67 , 79.69
26.577 , 0.009994507 , 79.7 , 79.69
26.578 , -0.02000427 , 79.67 , 79.69
26.58 , -0.01000214 , 79.67 , 79.68
26.582 , 0.0 , 79.67 , 79.67
26.584 , -0.05999756 , 79.61 , 79.67
26.585 , -0.03000641 , 79.63 , 79.66
26.587 , -0.03000641 , 79.63 , 79.66
26.589 , -0.02000427 , 79.63 , 79.65
26.591 , -0.04000092 , 79.61 , 79.65
26.592 , -0.02999878 , 79.61 , 79.64
26.594 , -0.02999878 , 79.61 , 79.64
26.596 , 0.0 , 79.63 , 79.63
26.597 , -0.04999542 , 79.58 , 79.63
26.599 , -0.01000214 , 79.61 , 79.62
26.601 , -0.01000214 , 79.61 , 79.62
26.602 , -0.02999878 , 79.58 , 79.61
26.604 , 0.0 , 79.61 , 79.61
26.606 , -0.01999664 , 79.58 , 79.6
26.607 , -0.05999756 , 79.54 , 79.6
26.609 , -0.04999542 , 79.54 , 79.59
26.611 , -0.04999542 , 79.54 , 79.59
26.613 , 0.0 , 79.58 , 79.58
26.614 , 0.0 , 79.58 , 79.58
26.616 , 0.04000092 , 79.61 , 79.57
26.617 , -0.02999878 , 79.54 , 79.57
26.619 , -0.04999542 , 79.51 , 79.56
26.621 , -0.04999542 , 79.51 , 79.56
26.623 , -0.04000092 , 79.51 , 79.55
26.624 , -0.04000092 , 79.51 , 79.55
26.626 , -0.06999969 , 79.47 , 79.54
26.628 , -0.06999969 , 79.47 , 79.54
26.629 , -0.01999664 , 79.51 , 79.53
26.631 , -0.08000183 , 79.45 , 79.53
26.633 , -0.04999542 , 79.47 , 79.52
26.635 , -0.009994507 , 79.51 , 79.52
26.636 , -0.06000519 , 79.45 , 79.51
26.638 , -0.04000092 , 79.47 , 79.51
26.64 , -0.05000305 , 79.45 , 79.5
26.642 , -0.02999878 , 79.47 , 79.5
26.643 , -0.04000092 , 79.45 , 79.49
26.645 , -0.04000092 , 79.45 , 79.49
26.647 , -0.03000641 , 79.45 , 79.48
26.649 , -0.08000183 , 79.4 , 79.48
26.65 , -0.06999969 , 79.4 , 79.47
26.652 , -0.06999969 , 79.4 , 79.47
26.654 , -0.08000183 , 79.38 , 79.46
26.655 , -0.05999756 , 79.4 , 79.46
26.657 , -0.04999542 , 79.4 , 79.45
26.659 , -0.06999969 , 79.38 , 79.45
26.661 , -0.06000519 , 79.38 , 79.44
26.663 , -0.05000305 , 79.38 , 79.43
26.664 , -0.02999878 , 79.4 , 79.43
26.666 , -0.02999878 , 79.4 , 79.43
26.668 , -0.01999664 , 79.4 , 79.42
26.669 , -0.04000092 , 79.38 , 79.42
26.671 , -0.08000183 , 79.33 , 79.41
26.673 , -0.06999969 , 79.33 , 79.4
26.674 , -0.02000427 , 79.38 , 79.4
26.676 , -0.06999969 , 79.33 , 79.4
26.678 , -0.05999756 , 79.33 , 79.39
26.68 , -0.04999542 , 79.33 , 79.38
26.681 , -0.04999542 , 79.33 , 79.38
26.683 , -0.06999969 , 79.31 , 79.38
26.685 , -0.06000519 , 79.31 , 79.37
26.687 , -0.05000305 , 79.31 , 79.36
26.696 , -0.04999542 , 79.29 , 79.34
26.698 , -0.02000427 , 79.31 , 79.33
26.7 , -0.08000183 , 79.24 , 79.32
26.702 , -0.02999878 , 79.29 , 79.32
26.703 , -0.02999878 , 79.29 , 79.32
26.705 , -0.06999969 , 79.24 , 79.31
26.707 , -0.06000519 , 79.24 , 79.3
26.709 , -0.08000183 , 79.22 , 79.3
26.71 , -0.06000519 , 79.24 , 79.3
26.712 , -0.06999969 , 79.22 , 79.29
26.714 , -0.04000092 , 79.24 , 79.28
26.716 , -0.1100006 , 79.17 , 79.28
26.717 , -0.04999542 , 79.22 , 79.27
26.719 , -0.09999847 , 79.17 , 79.27
26.721 , -0.04000092 , 79.22 , 79.26
26.722 , -0.09000397 , 79.17 , 79.26
26.724 , -0.01000214 , 79.24 , 79.25
26.726 , -0.01000214 , 79.24 , 79.25
26.727 , -0.01999664 , 79.22 , 79.24
26.729 , -0.06999969 , 79.17 , 79.24
26.731 , -0.01000214 , 79.22 , 79.23
26.733 , -0.06000519 , 79.17 , 79.23
26.734 , -0.05000305 , 79.17 , 79.22
26.736 , 0.0 , 79.22 , 79.22
26.737 , -0.06999969 , 79.15 , 79.22
26.739 , -0.04000092 , 79.17 , 79.21
26.741 , -0.02999878 , 79.17 , 79.2
26.743 , -0.02999878 , 79.17 , 79.2
26.745 , -0.02000427 , 79.17 , 79.19
26.746 , -0.04000092 , 79.15 , 79.19
26.748 , -0.02999878 , 79.15 , 79.18
26.75 , -0.01000214 , 79.17 , 79.18
26.751 , -0.01999664 , 79.15 , 79.17
26.753 , -0.01999664 , 79.15 , 79.17
26.755 , -0.01000214 , 79.15 , 79.16
26.757 , -0.06000519 , 79.1 , 79.16
26.758 , 0.0 , 79.15 , 79.15
26.76 , -0.05000305 , 79.1 , 79.15
26.762 , -0.04000092 , 79.1 , 79.14
26.763 , -0.04000092 , 79.1 , 79.14
26.765 , -0.02999878 , 79.1 , 79.13
26.767 , -0.02999878 , 79.1 , 79.13
26.769 , -0.02000427 , 79.1 , 79.12
26.77 , -0.04000092 , 79.08 , 79.12
26.772 , -0.02999878 , 79.08 , 79.11
26.774 , -0.01000214 , 79.1 , 79.11
26.775 , -0.01999664 , 79.08 , 79.1
26.777 , -0.01999664 , 79.08 , 79.1
26.779 , -0.009994507 , 79.08 , 79.09
26.781 , -0.02999878 , 79.06 , 79.09
26.783 , -0.02000427 , 79.06 , 79.08
26.784 , -0.02000427 , 79.06 , 79.08
26.786 , 0.01000214 , 79.08 , 79.07
26.788 , 0.0 , 79.06 , 79.06
26.789 , 0.0 , 79.06 , 79.06
26.791 , 0.0 , 79.06 , 79.06
26.793 , -0.04000092 , 79.01 , 79.05
26.794 , -0.04000092 , 79.01 , 79.05
26.796 , -0.02999878 , 79.01 , 79.04
26.798 , 0.01999664 , 79.06 , 79.04
26.799 , -0.01999664 , 79.01 , 79.03
26.801 , 0.02999878 , 79.06 , 79.03
26.803 , -0.02999878 , 78.99 , 79.02
26.805 , 0.0 , 79.01 , 79.01
26.806 , -0.02000427 , 78.99 , 79.01
26.808 , -0.02000427 , 78.99 , 79.01
26.81 , -0.05999756 , 78.94 , 79.0
26.811 , -0.01000214 , 78.99 , 79.0
26.813 , -0.04999542 , 78.94 , 78.99
26.815 , 0.009994507 , 78.99 , 78.98
26.817 , 0.009994507 , 78.99 , 78.98
26.818 , 0.009994507 , 78.99 , 78.98
26.82 , -0.02999878 , 78.94 , 78.97
26.822 , 0.02999878 , 78.99 , 78.96
26.824 , -0.04000092 , 78.92 , 78.96
26.826 , -0.02999878 , 78.92 , 78.95
26.827 , -0.02999878 , 78.92 , 78.95
26.829 , 0.0 , 78.94 , 78.94
26.831 , 0.0 , 78.94 , 78.94
26.832 , 0.01000214 , 78.94 , 78.93
26.834 , -0.01000214 , 78.92 , 78.93
26.836 , 0.02000427 , 78.94 , 78.92
26.837 , 0.02000427 , 78.94 , 78.92
26.839 , 0.02999878 , 78.94 , 78.91
26.841 , 0.009994507 , 78.92 , 78.91
26.843 , 0.04000092 , 78.94 , 78.9
26.844 , -0.02999878 , 78.87 , 78.9
26.846 , 0.02999878 , 78.92 , 78.89
26.848 , 0.02999878 , 78.92 , 78.89
26.85 , -0.009994507 , 78.87 , 78.88
26.852 , -0.009994507 , 78.87 , 78.88
26.854 , 0.0 , 78.87 , 78.87
26.855 , 0.0 , 78.87 , 78.87
26.857 , 0.01000214 , 78.87 , 78.86
26.858 , 0.01000214 , 78.87 , 78.86
26.86 , 0.02000427 , 78.87 , 78.85
26.862 , 0.0 , 78.85 , 78.85
26.863 , -0.009994507 , 78.83 , 78.84
26.865 , 0.03000641 , 78.87 , 78.84
26.867 , 0.0 , 78.83 , 78.83
26.868 , 0.01999664 , 78.85 , 78.83
26.87 , 0.05000305 , 78.87 , 78.82
26.872 , 0.01000214 , 78.83 , 78.82
26.874 , 0.02000427 , 78.83 , 78.81
26.875 , 0.04000092 , 78.85 , 78.81
26.877 , 0.04999542 , 78.85 , 78.8
26.879 , 0.04999542 , 78.85 , 78.8
26.881 , 0.04000092 , 78.83 , 78.79
26.882 , 0.04000092 , 78.83 , 78.79
26.884 , 0.05000305 , 78.83 , 78.78
26.886 , 0.06000519 , 78.83 , 78.77
26.887 , 0.01000214 , 78.78 , 78.77
26.889 , 0.01000214 , 78.78 , 78.77
26.891 , 0.0 , 78.76 , 78.76
26.892 , 0.01999664 , 78.78 , 78.76
26.894 , 0.01000214 , 78.76 , 78.75
26.896 , 0.02999878 , 78.78 , 78.75
26.898 , 0.04000092 , 78.78 , 78.74
26.899 , 0.04000092 , 78.78 , 78.74
26.901 , 0.02999878 , 78.76 , 78.73
26.903 , 0.04000092 , 78.76 , 78.72
26.905 , 0.04000092 , 78.76 , 78.72
26.906 , 0.04000092 , 78.76 , 78.72
26.908 , 0.0 , 78.71 , 78.71
26.909 , 0.0 , 78.71 , 78.71
26.911 , 0.01000214 , 78.71 , 78.7
26.913 , 0.01999664 , 78.71 , 78.69
26.914 , 0.01999664 , 78.71 , 78.69
26.916 , 0.01999664 , 78.71 , 78.69
26.918 , 0.02999878 , 78.71 , 78.68
26.92 , 0.04000092 , 78.71 , 78.67
26.921 , 0.04000092 , 78.71 , 78.67
26.923 , 0.02000427 , 78.69 , 78.67
26.925 , 0.02999878 , 78.69 , 78.66
26.927 , 0.0 , 78.65 , 78.65
26.928 , 0.04000092 , 78.69 , 78.65
26.93 , 0.01000214 , 78.65 , 78.64
26.932 , 0.05000305 , 78.69 , 78.64
26.933 , 0.01000214 , 78.65 , 78.64
26.935 , 0.02000427 , 78.65 , 78.63
26.937 , 0.0 , 78.62 , 78.62
26.938 , 0.0 , 78.62 , 78.62
26.94 , 0.0 , 78.62 , 78.62
26.941 , 0.01000214 , 78.62 , 78.61
26.943 , 0.01000214 , 78.62 , 78.61
26.944 , 0.02000427 , 78.62 , 78.6
26.946 , 0.0 , 78.6 , 78.6
26.948 , 0.01000214 , 78.6 , 78.59
26.95 , -0.03999329 , 78.55 , 78.59
26.951 , 0.01999664 , 78.6 , 78.58
26.953 , -0.02999878 , 78.55 , 78.58
26.955 , 0.02999878 , 78.6 , 78.57
26.957 , 0.04000092 , 78.6 , 78.56
26.958 , -0.009994507 , 78.55 , 78.56
26.96 , -0.02999878 , 78.53 , 78.56
26.962 , -0.02000427 , 78.53 , 78.55
26.964 , -0.01000214 , 78.53 , 78.54
26.965 , 0.01000214 , 78.55 , 78.54
26.967 , -0.01000214 , 78.53 , 78.54
26.969 , 0.0 , 78.53 , 78.53
26.97 , 0.02000427 , 78.55 , 78.53
26.972 , 0.01000214 , 78.53 , 78.52
26.974 , 0.01999664 , 78.53 , 78.51
26.976 , -0.02999878 , 78.48 , 78.51
26.977 , 0.01999664 , 78.53 , 78.51
26.979 , -0.01999664 , 78.48 , 78.5
26.981 , 0.04000092 , 78.53 , 78.49
26.983 , -0.009994507 , 78.48 , 78.49
26.984 , -0.009994507 , 78.48 , 78.49
26.986 , -0.02000427 , 78.46 , 78.48
26.988 , -0.01000214 , 78.46 , 78.47
26.99 , -0.01000214 , 78.46 , 78.47
26.991 , 0.0 , 78.46 , 78.46
26.993 , 0.0 , 78.46 , 78.46
26.995 , 0.01000214 , 78.46 , 78.45
26.996 , 0.01000214 , 78.46 , 78.45
26.998 , 0.04000092 , 78.48 , 78.44
27.0 , 0.01999664 , 78.46 , 78.44
27.001 , -0.01000214 , 78.42 , 78.43
27.003 , 0.02999878 , 78.46 , 78.43
27.005 , 0.0 , 78.42 , 78.42
27.007 , 0.0 , 78.42 , 78.42
27.008 , 0.009994507 , 78.42 , 78.41
27.01 , 0.009994507 , 78.42 , 78.41
27.012 , 0.01999664 , 78.42 , 78.4
27.013 , -0.01000214 , 78.39 , 78.4
27.015 , 0.0 , 78.39 , 78.39
27.017 , 0.0 , 78.39 , 78.39
27.018 , 0.01000214 , 78.39 , 78.38
27.02 , 0.01000214 , 78.39 , 78.38
27.022 , 0.04999542 , 78.42 , 78.37
27.023 , 0.0 , 78.37 , 78.37
27.025 , 0.01000214 , 78.37 , 78.36
27.027 , 0.02999878 , 78.39 , 78.36
27.028 , 0.02000427 , 78.37 , 78.35
27.03 , 0.02000427 , 78.37 , 78.35
27.032 , 0.03000641 , 78.37 , 78.34
27.034 , -0.03999329 , 78.3 , 78.34
27.035 , 0.04000092 , 78.37 , 78.33
27.037 , -0.06999969 , 78.26 , 78.33
27.039 , 0.05000305 , 78.37 , 78.32
27.04 , -0.01999664 , 78.3 , 78.32
27.042 , -0.04999542 , 78.26 , 78.31
27.044 , -0.009994507 , 78.3 , 78.31
27.045 , 0.0 , 78.3 , 78.3
27.047 , 0.0 , 78.3 , 78.3
27.048 , -0.04000092 , 78.26 , 78.3
27.05 , 0.01000214 , 78.3 , 78.29
27.052 , -0.01999664 , 78.26 , 78.28
27.053 , -0.01999664 , 78.26 , 78.28
27.055 , 0.02000427 , 78.3 , 78.28
27.057 , -0.009994507 , 78.26 , 78.27
27.059 , 0.0 , 78.26 , 78.26
27.06 , -0.02999878 , 78.23 , 78.26
27.062 , -0.01999664 , 78.23 , 78.25
27.064 , 0.01000214 , 78.26 , 78.25
27.065 , -0.01999664 , 78.23 , 78.25
27.067 , -0.009994507 , 78.23 , 78.24
27.069 , 0.0 , 78.23 , 78.23
27.07 , -0.04000092 , 78.19 , 78.23
27.072 , -0.05999756 , 78.16 , 78.22
27.074 , -0.02999878 , 78.19 , 78.22
27.075 , -0.02999878 , 78.19 , 78.22
27.077 , -0.01999664 , 78.19 , 78.21
27.079 , -0.009994507 , 78.19 , 78.2
27.081 , -0.05999756 , 78.14 , 78.2
27.082 , -0.05999756 , 78.14 , 78.2
27.084 , -0.09000397 , 78.1 , 78.19
27.086 , -0.04000092 , 78.14 , 78.18
27.088 , -0.04000092 , 78.14 , 78.18
27.089 , -0.06999969 , 78.1 , 78.17
27.091 , -0.02999878 , 78.14 , 78.17
27.093 , -0.02000427 , 78.14 , 78.16
27.095 , -0.06000519 , 78.1 , 78.16
27.096 , -0.01000214 , 78.14 , 78.15
27.098 , -0.01000214 , 78.14 , 78.15
27.1 , -0.04000092 , 78.1 , 78.14
27.102 , -0.04000092 , 78.1 , 78.14
27.103 , -0.05999756 , 78.07 , 78.13
27.105 , -0.05999756 , 78.07 , 78.13
27.107 , -0.02000427 , 78.1 , 78.12
27.109 , -0.09000397 , 78.03 , 78.12
27.11 , -0.01000214 , 78.1 , 78.11
27.112 , -0.04000092 , 78.07 , 78.11
27.114 , -0.02999878 , 78.07 , 78.1
27.115 , -0.02999878 , 78.07 , 78.1
27.117 , -0.01999664 , 78.07 , 78.09
27.119 , -0.01999664 , 78.07 , 78.09
27.121 , -0.05000305 , 78.03 , 78.08
27.122 , -0.08000183 , 78.0 , 78.08
27.124 , -0.04000092 , 78.03 , 78.07
27.126 , -0.04000092 , 78.03 , 78.07
27.128 , -0.02999878 , 78.03 , 78.06
27.129 , -0.02999878 , 78.03 , 78.06
27.131 , -0.02000427 , 78.03 , 78.05
27.133 , -0.08000183 , 77.96 , 78.04
27.135 , -0.04000092 , 78.0 , 78.04
27.136 , -0.04000092 , 78.0 , 78.04
27.138 , -0.02999878 , 78.0 , 78.03
27.14 , -0.01999664 , 78.0 , 78.02
27.141 , 0.01000214 , 78.03 , 78.02
27.143 , -0.01000214 , 78.0 , 78.01
27.145 , 0.01999664 , 78.03 , 78.01
27.146 , -0.01000214 , 78.0 , 78.01
27.148 , -0.04000092 , 77.96 , 78.0
27.15 , 0.04000092 , 78.03 , 77.99
27.152 , 0.01000214 , 78.0 , 77.99
27.153 , -0.02999878 , 77.96 , 77.99
27.155 , 0.01999664 , 78.0 , 77.98
27.157 , 0.02999878 , 78.0 , 77.97
27.158 , -0.01000214 , 77.96 , 77.97
27.16 , 0.0 , 77.96 , 77.96
27.162 , 0.0 , 77.96 , 77.96
27.163 , -0.01999664 , 77.94 , 77.96
27.165 , -0.009994507 , 77.94 , 77.95
27.167 , 0.0 , 77.94 , 77.94
27.168 , 0.0 , 77.94 , 77.94
27.17 , 0.0 , 77.94 , 77.94
27.171 , 0.01000214 , 77.94 , 77.93
27.173 , 0.01000214 , 77.94 , 77.93
27.175 , -0.009994507 , 77.91 , 77.92
27.177 , 0.0 , 77.91 , 77.91
27.178 , 0.0 , 77.91 , 77.91
27.18 , 0.0 , 77.91 , 77.91
27.181 , 0.01000214 , 77.91 , 77.9
27.183 , 0.01000214 , 77.91 , 77.9
27.184 , 0.02000427 , 77.91 , 77.89
27.186 , -0.01999664 , 77.87 , 77.89
27.188 , -0.009994507 , 77.87 , 77.88
27.19 , 0.03000641 , 77.91 , 77.88
27.191 , 0.0 , 77.87 , 77.87
27.193 , 0.04000092 , 77.91 , 77.87
27.195 , 0.05000305 , 77.91 , 77.86
27.196 , 0.01000214 , 77.87 , 77.86
27.198 , 0.02000427 , 77.87 , 77.85
27.2 , 0.02000427 , 77.87 , 77.85
27.201 , 0.03000641 , 77.87 , 77.84
27.203 , 0.03000641 , 77.87 , 77.84
27.205 , 0.009994507 , 77.84 , 77.83
27.207 , -0.02999878 , 77.8 , 77.83
27.208 , 0.01999664 , 77.84 , 77.82
27.21 , -0.01999664 , 77.8 , 77.82
27.212 , -0.009994507 , 77.8 , 77.81
27.214 , 0.0 , 77.8 , 77.8
27.215 , -0.02000427 , 77.78 , 77.8
27.217 , 0.03999329 , 77.84 , 77.8
27.219 , 0.01000214 , 77.8 , 77.79
27.22 , 0.01000214 , 77.8 , 77.79
27.222 , 0.02000427 , 77.8 , 77.78
27.224 , -0.04999542 , 77.73 , 77.78
27.225 , 0.03000641 , 77.8 , 77.77
27.227 , 0.01000214 , 77.78 , 77.77
27.229 , 0.01999664 , 77.78 , 77.76
27.231 , -0.01999664 , 77.73 , 77.75
27.232 , 0.02999878 , 77.78 , 77.75
27.234 , 0.02999878 , 77.78 , 77.75
27.236 , -0.009994507 , 77.73 , 77.74
27.238 , 0.0 , 77.73 , 77.73
27.239 , 0.0 , 77.73 , 77.73
27.241 , 0.0 , 77.73 , 77.73
27.242 , -0.01000214 , 77.71 , 77.72
27.244 , 0.01000214 , 77.73 , 77.72
27.245 , 0.02000427 , 77.73 , 77.71
27.247 , 0.0 , 77.71 , 77.71
27.249 , 0.03000641 , 77.73 , 77.7
27.25 , 0.01000214 , 77.71 , 77.7
27.252 , 0.01999664 , 77.71 , 77.69
27.254 , -0.02999878 , 77.66 , 77.69
27.256 , 0.02999878 , 77.71 , 77.68
27.257 , 0.02999878 , 77.71 , 77.68
27.259 , -0.009994507 , 77.66 , 77.67
27.261 , -0.009994507 , 77.66 , 77.67
27.263 , 0.04999542 , 77.71 , 77.66
27.265 , 0.01000214 , 77.66 , 77.65
27.266 , -0.01000214 , 77.64 , 77.65
27.268 , 0.01000214 , 77.66 , 77.65
27.27 , 0.0 , 77.64 , 77.64
27.271 , 0.0 , 77.64 , 77.64
27.273 , -0.009994507 , 77.62 , 77.63
27.275 , 0.01999664 , 77.64 , 77.62
27.276 , 0.01999664 , 77.64 , 77.62
27.278 , 0.0 , 77.62 , 77.62
27.28 , 0.02999878 , 77.64 , 77.61
27.281 , 0.01000214 , 77.62 , 77.61
27.283 , 0.02000427 , 77.62 , 77.6
27.285 , 0.04000092 , 77.64 , 77.6
27.286 , 0.05000305 , 77.64 , 77.59
27.288 , 0.03000641 , 77.62 , 77.59
27.29 , 0.04000092 , 77.62 , 77.58
27.292 , 0.0 , 77.57 , 77.57
27.293 , 0.0 , 77.57 , 77.57
27.295 , 0.0 , 77.57 , 77.57
27.296 , -0.009994507 , 77.55 , 77.56
27.298 , 0.01000214 , 77.57 , 77.56
27.3 , 0.01999664 , 77.57 , 77.55
27.302 , 0.01000214 , 77.55 , 77.54
27.303 , 0.01000214 , 77.55 , 77.54
27.305 , 0.02999878 , 77.57 , 77.54
27.307 , 0.04000092 , 77.57 , 77.53
27.309 , 0.03000641 , 77.55 , 77.52
27.31 , -0.01999664 , 77.5 , 77.52
27.312 , 0.03000641 , 77.55 , 77.52
27.314 , 0.04000092 , 77.55 , 77.51
27.315 , 0.04000092 , 77.55 , 77.51
27.317 , 0.05000305 , 77.55 , 77.5
27.319 , 0.06000519 , 77.55 , 77.49
27.32 , -0.009994507 , 77.48 , 77.49
27.322 , 0.01000214 , 77.5 , 77.49
27.324 , 0.01999664 , 77.5 , 77.48
27.326 , 0.02999878 , 77.5 , 77.47
27.327 , 0.02999878 , 77.5 , 77.47
27.329 , 0.04000092 , 77.5 , 77.46
27.331 , 0.02000427 , 77.48 , 77.46
27.332 , 0.02000427 , 77.48 , 77.46
27.334 , -0.01999664 , 77.43 , 77.45
27.336 , 0.04000092 , 77.48 , 77.44
27.337 , -0.01000214 , 77.43 , 77.44
27.339 , 0.04000092 , 77.48 , 77.44
27.341 , 0.05000305 , 77.48 , 77.43
27.342 , 0.05000305 , 77.48 , 77.43
27.344 , 0.01000214 , 77.43 , 77.42
27.346 , 0.01999664 , 77.43 , 77.41
27.347 , 0.0 , 77.41 , 77.41
27.349 , 0.0 , 77.41 , 77.41
27.35 , -0.01000214 , 77.39 , 77.4
27.352 , -0.01000214 , 77.39 , 77.4
27.354 , 0.0 , 77.39 , 77.39
27.355 , 0.0 , 77.39 , 77.39
27.357 , -0.04000092 , 77.34 , 77.38
27.359 , 0.01000214 , 77.39 , 77.38
27.36 , -0.03000641 , 77.34 , 77.37
27.362 , -0.03000641 , 77.34 , 77.37
27.364 , 0.02999878 , 77.39 , 77.36
27.366 , -0.02000427 , 77.34 , 77.36
27.367 , -0.01000214 , 77.34 , 77.35
27.369 , -0.01000214 , 77.34 , 77.35
27.371 , -0.01999664 , 77.32 , 77.34
27.373 , 0.05999756 , 77.39 , 77.33
27.374 , 0.009994507 , 77.34 , 77.33
27.376 , -0.01000214 , 77.32 , 77.33
27.378 , 0.0 , 77.32 , 77.32
27.379 , -0.05000305 , 77.27 , 77.32
27.381 , 0.01000214 , 77.32 , 77.31
27.383 , 0.01000214 , 77.32 , 77.31
27.385 , 0.01999664 , 77.32 , 77.3
27.386 , -0.03000641 , 77.27 , 77.3
27.388 , -0.02000427 , 77.27 , 77.29
27.39 , -0.01000214 , 77.27 , 77.28
27.391 , -0.01000214 , 77.27 , 77.28
27.393 , -0.01000214 , 77.27 , 77.28
27.395 , -0.01999664 , 77.25 , 77.27
27.397 , -0.01000214 , 77.25 , 77.26
27.398 , 0.009994507 , 77.27 , 77.26
27.4 , 0.009994507 , 77.27 , 77.26
27.402 , 0.01999664 , 77.27 , 77.25
27.404 , 0.01000214 , 77.25 , 77.24
27.405 , 0.01000214 , 77.25 , 77.24
27.407 , 0.01999664 , 77.25 , 77.23
27.409 , -0.03000641 , 77.2 , 77.23
27.41 , -0.03000641 , 77.2 , 77.23
27.412 , -0.02000427 , 77.2 , 77.22
27.414 , -0.02999878 , 77.18 , 77.21
27.416 , -0.02999878 , 77.18 , 77.21
27.417 , 0.0 , 77.2 , 77.2
27.419 , 0.0 , 77.2 , 77.2
27.421 , -0.01000214 , 77.18 , 77.19
27.422 , -0.01000214 , 77.18 , 77.19
27.424 , 0.01999664 , 77.2 , 77.18
27.426 , 0.01999664 , 77.2 , 77.18
27.427 , 0.0 , 77.18 , 77.18
27.429 , 0.01000214 , 77.18 , 77.17
27.43 , -0.009994507 , 77.16 , 77.17
27.432 , 0.01999664 , 77.18 , 77.16
27.434 , 0.01000214 , 77.16 , 77.15
27.436 , 0.01000214 , 77.16 , 77.15
27.437 , 0.02999878 , 77.18 , 77.15
27.439 , -0.02999878 , 77.11 , 77.14
27.441 , 0.03000641 , 77.16 , 77.13
27.442 , 0.03000641 , 77.16 , 77.13
27.444 , 0.04000092 , 77.16 , 77.12
27.446 , -0.03000641 , 77.09 , 77.12
27.447 , 0.04000092 , 77.16 , 77.12
27.449 , 0.0 , 77.11 , 77.11
27.45 , -0.02000427 , 77.09 , 77.11
27.452 , 0.06000519 , 77.16 , 77.1
27.454 , -0.01000214 , 77.09 , 77.1
27.456 , 0.02000427 , 77.11 , 77.09
27.457 , -0.04999542 , 77.04 , 77.09
27.459 , 0.009994507 , 77.09 , 77.08
27.461 , 0.01999664 , 77.09 , 77.07
27.463 , -0.02999878 , 77.04 , 77.07
27.464 , -0.02999878 , 77.04 , 77.07
27.466 , -0.04000092 , 77.02 , 77.06
27.468 , -0.01000214 , 77.04 , 77.05
27.477 , 0.01000214 , 77.04 , 77.03
27.479 , 0.02000427 , 77.04 , 77.02
27.481 , 0.0 , 77.02 , 77.02
27.482 , 0.009994507 , 77.02 , 77.01
27.484 , -0.04000092 , 76.97 , 77.01
27.486 , -0.02999878 , 76.97 , 77.0
27.488 , 0.02999878 , 77.02 , 76.99
27.489 , -0.01999664 , 76.97 , 76.99
27.491 , -0.04000092 , 76.95 , 76.99
27.493 , -0.03000641 , 76.95 , 76.98
27.495 , -0.02000427 , 76.95 , 76.97
27.496 , -0.02000427 , 76.95 , 76.97
27.498 , 0.0 , 76.97 , 76.97
27.5 , 0.01000214 , 76.97 , 76.96
27.501 , -0.01000214 , 76.95 , 76.96
27.503 , -0.01999664 , 76.93 , 76.95
27.505 , -0.01000214 , 76.93 , 76.94
27.506 , -0.01000214 , 76.93 , 76.94
27.508 , -0.01000214 , 76.93 , 76.94
27.51 , 0.01999664 , 76.95 , 76.93
27.511 , 0.0 , 76.93 , 76.93
27.513 , 0.02999878 , 76.95 , 76.92
27.515 , -0.04000092 , 76.88 , 76.92
27.516 , 0.01999664 , 76.93 , 76.91
27.518 , -0.03000641 , 76.88 , 76.91
27.52 , 0.02999878 , 76.93 , 76.9
27.522 , 0.04000092 , 76.93 , 76.89
27.523 , -0.01000214 , 76.88 , 76.89
27.525 , -0.01000214 , 76.88 , 76.89
27.527 , 0.05000305 , 76.93 , 76.88
27.528 , -0.01999664 , 76.86 , 76.88
27.53 , -0.01000214 , 76.86 , 76.87
27.532 , -0.05000305 , 76.81 , 76.86
27.534 , 0.0 , 76.86 , 76.86
27.535 , 0.0 , 76.86 , 76.86
27.537 , 0.01000214 , 76.86 , 76.85
27.538 , 0.01000214 , 76.86 , 76.85
27.54 , 0.02000427 , 76.86 , 76.84
27.542 , -0.02999878 , 76.81 , 76.84
27.543 , -0.02000427 , 76.81 , 76.83
27.545 , -0.02000427 , 76.81 , 76.83
27.547 , 0.04000092 , 76.86 , 76.82
27.549 , 0.0 , 76.81 , 76.81
27.55 , 0.0 , 76.81 , 76.81
27.552 , 0.05000305 , 76.86 , 76.81
27.553 , 0.009994507 , 76.81 , 76.8
27.555 , 0.009994507 , 76.81 , 76.8
27.557 , 0.06999969 , 76.86 , 76.79
27.559 , 0.02999878 , 76.81 , 76.78
27.561 , 0.01000214 , 76.79 , 76.78
27.562 , 0.01000214 , 76.79 , 76.78
27.564 , 0.04000092 , 76.81 , 76.77
27.566 , 0.02999878 , 76.79 , 76.76
27.568 , 0.02999878 , 76.79 , 76.76
27.569 , 0.04999542 , 76.81 , 76.76
27.571 , 0.04000092 , 76.79 , 76.75
27.573 , 0.05000305 , 76.79 , 76.74
27.574 , 0.05000305 , 76.79 , 76.74
27.576 , 0.01999664 , 76.75 , 76.73
27.578 , 0.05999756 , 76.79 , 76.73
27.58 , 0.06999969 , 76.79 , 76.72
27.581 , 0.02999878 , 76.75 , 76.72
27.583 , 0.04000092 , 76.75 , 76.71
27.585 , 0.04000092 , 76.75 , 76.71
27.586 , 0.04000092 , 76.75 , 76.71
27.588 , 0.02000427 , 76.72 , 76.7
27.59 , 0.05999756 , 76.75 , 76.69
27.592 , 0.02999878 , 76.72 , 76.69
27.593 , 0.06999969 , 76.75 , 76.68
27.595 , 0.04000092 , 76.72 , 76.68
27.597 , 0.05000305 , 76.72 , 76.67
27.598 , 0.02999878 , 76.7 , 76.67
27.6 , 0.03999329 , 76.7 , 76.66
27.602 , 0.03999329 , 76.7 , 76.66
27.604 , 0.06999969 , 76.72 , 76.65
27.605 , 0.04999542 , 76.7 , 76.65
27.607 , 0.01000214 , 76.65 , 76.64
27.609 , 0.01000214 , 76.65 , 76.64
27.611 , 0.02000427 , 76.65 , 76.63
27.612 , 0.02000427 , 76.65 , 76.63
27.614 , 0.02999878 , 76.65 , 76.62
27.616 , 0.02999878 , 76.65 , 76.62
27.617 , 0.01999664 , 76.63 , 76.61
27.619 , 0.04000092 , 76.65 , 76.61
27.621 , 0.02999878 , 76.63 , 76.6
27.623 , -0.01000214 , 76.59 , 76.6
27.624 , 0.04000092 , 76.63 , 76.59
27.626 , 0.04000092 , 76.63 , 76.59
27.628 , 0.04999542 , 76.63 , 76.58
27.63 , 0.05999756 , 76.63 , 76.57
27.631 , 0.05999756 , 76.63 , 76.57
27.633 , 0.01999664 , 76.59 , 76.57
27.635 , 0.06999969 , 76.63 , 76.56
27.637 , 0.03999329 , 76.59 , 76.55
27.639 , 0.009994507 , 76.56 , 76.55
27.64 , 0.009994507 , 76.56 , 76.55
27.642 , 0.01999664 , 76.56 , 76.54
27.644 , 0.02999878 , 76.56 , 76.53
27.646 , 0.02999878 , 76.56 , 76.53
27.648 , 0.06999969 , 76.59 , 76.52
27.649 , 0.06999969 , 76.59 , 76.52
27.651 , 0.04999542 , 76.56 , 76.51
27.653 , 0.04999542 , 76.56 , 76.51
27.655 , 0.01999664 , 76.52 , 76.5
27.656 , 0.05999756 , 76.56 , 76.5
27.658 , 0.06999969 , 76.56 , 76.49
27.66 , 0.02999878 , 76.52 , 76.49
27.662 , 0.03999329 , 76.52 , 76.48
27.664 , 0.01999664 , 76.49 , 76.47
27.665 , 0.01999664 , 76.49 , 76.47
27.667 , 0.01999664 , 76.49 , 76.47
27.669 , 0.02999878 , 76.49 , 76.46
27.671 , 0.02000427 , 76.47 , 76.45
27.672 , 0.04000092 , 76.49 , 76.45
27.674 , 0.02999878 , 76.47 , 76.44
27.676 , 0.04999542 , 76.49 , 76.44
27.678 , 0.05999756 , 76.49 , 76.43
27.679 , 0.05999756 , 76.49 , 76.43
27.681 , 0.05000305 , 76.47 , 76.42
27.683 , 0.05000305 , 76.47 , 76.42
27.685 , 0.009994507 , 76.42 , 76.41
27.686 , 0.009994507 , 76.42 , 76.41
27.688 , 0.01999664 , 76.42 , 76.4
27.69 , 0.06999969 , 76.47 , 76.4
27.692 , 0.02999878 , 76.42 , 76.39
27.694 , 0.02999878 , 76.42 , 76.39
27.695 , 0.04000092 , 76.42 , 76.38
27.697 , 0.04000092 , 76.42 , 76.38
27.699 , 0.04999542 , 76.42 , 76.37
27.701 , 0.02999878 , 76.4 , 76.37
27.702 , 0.04000092 , 76.4 , 76.36
27.704 , 0.0 , 76.36 , 76.36
27.705 , 0.05000305 , 76.4 , 76.35
27.707 , 0.05000305 , 76.4 , 76.35
27.709 , 0.02000427 , 76.36 , 76.34
27.71 , 0.02000427 , 76.36 , 76.34
27.712 , 0.06999969 , 76.4 , 76.33
27.714 , 0.02999878 , 76.36 , 76.33
27.716 , 0.01000214 , 76.33 , 76.32
27.717 , 0.04000092 , 76.36 , 76.32
27.719 , 0.09000397 , 76.4 , 76.31
27.721 , 0.05000305 , 76.36 , 76.31
27.722 , 0.02999878 , 76.33 , 76.3
27.724 , 0.05999756 , 76.36 , 76.3
27.726 , 0.04000092 , 76.33 , 76.29
27.727 , 0.04000092 , 76.33 , 76.29
27.729 , 0.05000305 , 76.33 , 76.28
27.731 , 0.05000305 , 76.33 , 76.28
27.732 , 0.02000427 , 76.29 , 76.27
27.734 , 0.09000397 , 76.36 , 76.27
27.736 , 0.02999878 , 76.29 , 76.26
27.738 , 0.02999878 , 76.29 , 76.26
27.739 , 0.04000092 , 76.29 , 76.25
27.741 , 0.01000214 , 76.26 , 76.25
27.743 , 0.05000305 , 76.29 , 76.24
27.744 , 0.05000305 , 76.29 , 76.24
27.746 , 0.02999878 , 76.26 , 76.23
27.748 , 0.02999878 , 76.26 , 76.23
27.749 , 0.04000092 , 76.26 , 76.22
27.751 , 0.01999664 , 76.24 , 76.22
27.753 , 0.05000305 , 76.26 , 76.21
27.754 , 0.02999878 , 76.24 , 76.21
27.756 , 0.06000519 , 76.26 , 76.2
27.758 , 0.06000519 , 76.26 , 76.2
27.76 , 0.06999969 , 76.26 , 76.19
27.761 , 0.04999542 , 76.24 , 76.19
27.763 , -0.05000305 , 76.13 , 76.18
27.765 , -0.01000214 , 76.17 , 76.18
27.767 , -0.04000092 , 76.13 , 76.17
27.768 , -0.04000092 , 76.13 , 76.17
27.77 , -0.03000641 , 76.13 , 76.16
27.772 , -0.03000641 , 76.13 , 76.16
27.773 , 0.01999664 , 76.17 , 76.15
27.775 , -0.02000427 , 76.13 , 76.15
27.777 , -0.01000214 , 76.13 , 76.14
27.779 , 0.0 , 76.13 , 76.13
27.78 , -0.02999878 , 76.1 , 76.13
27.782 , -0.06999969 , 76.06 , 76.13
27.784 , -0.06000519 , 76.06 , 76.12
27.786 , -0.01000214 , 76.1 , 76.11
27.787 , -0.05000305 , 76.06 , 76.11
27.789 , 0.0 , 76.1 , 76.1
27.791 , -0.04000092 , 76.06 , 76.1
27.792 , -0.04000092 , 76.06 , 76.1
27.794 , -0.02999878 , 76.06 , 76.09
27.796 , 0.01999664 , 76.1 , 76.08
27.798 , -0.02000427 , 76.06 , 76.08
27.799 , -0.02000427 , 76.06 , 76.08
27.801 , -0.05999756 , 76.01 , 76.07
27.803 , 0.0 , 76.06 , 76.06
27.804 , -0.01999664 , 76.04 , 76.06
27.806 , -0.01000214 , 76.04 , 76.05
27.808 , -0.01000214 , 76.04 , 76.05
27.809 , 0.009994507 , 76.06 , 76.05
27.811 , 0.01999664 , 76.06 , 76.04
27.813 , -0.01999664 , 76.01 , 76.03
27.815 , -0.01999664 , 76.01 , 76.03
27.816 , -0.05999756 , 75.97 , 76.03
27.818 , -0.009994507 , 76.01 , 76.02
27.82 , -0.04000092 , 75.97 , 76.01
27.822 , 0.0 , 76.01 , 76.01
27.823 , -0.02999878 , 75.97 , 76.0
27.825 , -0.02999878 , 75.97 , 76.0
27.827 , -0.04999542 , 75.94 , 75.99
27.828 , -0.04999542 , 75.94 , 75.99
27.83 , -0.04000092 , 75.94 , 75.98
27.832 , -0.04000092 , 75.94 , 75.98
27.833 , -0.02999878 , 75.94 , 75.97
27.835 , -0.02999878 , 75.94 , 75.97
27.837 , -0.01999664 , 75.94 , 75.96
27.839 , -0.05999756 , 75.9 , 75.96
27.84 , 0.02000427 , 75.97 , 75.95
27.842 , -0.009994507 , 75.94 , 75.95
27.844 , 0.0 , 75.94 , 75.94
27.845 , -0.06000519 , 75.88 , 75.94
27.847 , -0.05000305 , 75.88 , 75.93
27.849 , -0.02999878 , 75.9 , 75.93
27.851 , -0.04000092 , 75.88 , 75.92
27.852 , -0.04000092 , 75.88 , 75.92
27.854 , -0.03000641 , 75.88 , 75.91
27.856 , -0.03000641 , 75.88 , 75.91
27.858 , 0.0 , 75.9 , 75.9
27.859 , -0.02000427 , 75.88 , 75.9
27.861 , -0.05999756 , 75.83 , 75.89
27.863 , -0.01000214 , 75.88 , 75.89
27.864 , -0.04999542 , 75.83 , 75.88
27.866 , 0.0 , 75.88 , 75.88
27.868 , 0.009994507 , 75.88 , 75.87
27.87 , -0.04000092 , 75.83 , 75.87
27.871 , 0.01999664 , 75.88 , 75.86
27.873 , -0.02999878 , 75.83 , 75.86
27.875 , 0.02999878 , 75.88 , 75.85
27.877 , 0.04000092 , 75.88 , 75.84
27.878 , -0.009994507 , 75.83 , 75.84
27.88 , -0.009994507 , 75.83 , 75.84
27.882 , 0.0 , 75.83 , 75.83
27.884 , -0.05999756 , 75.76 , 75.82
27.885 , -0.01000214 , 75.81 , 75.82
27.887 , -0.01000214 , 75.81 , 75.82
27.889 , 0.0 , 75.81 , 75.81
27.89 , 0.0 , 75.81 , 75.81
27.892 , 0.009994507 , 75.81 , 75.8
27.894 , 0.01999664 , 75.81 , 75.79
27.896 , 0.01999664 , 75.81 , 75.79
27.897 , -0.02999878 , 75.76 , 75.79
27.899 , -0.01999664 , 75.76 , 75.78
27.901 , -0.009994507 , 75.76 , 75.77
27.903 , -0.009994507 , 75.76 , 75.77
27.905 , -0.02000427 , 75.74 , 75.76
27.906 , 0.0 , 75.76 , 75.76
27.908 , 0.01000214 , 75.76 , 75.75
27.909 , -0.01000214 , 75.74 , 75.75
27.911 , 0.02000427 , 75.76 , 75.74
27.913 , 0.0 , 75.74 , 75.74
27.914 , 0.0 , 75.74 , 75.74
27.916 , 0.009994507 , 75.74 , 75.73
27.918 , 0.01999664 , 75.74 , 75.72
27.919 , 0.01999664 , 75.74 , 75.72
27.921 , 0.01000214 , 75.72 , 75.71
27.923 , 0.01000214 , 75.72 , 75.71
27.925 , 0.02000427 , 75.72 , 75.7
27.926 , -0.04999542 , 75.65 , 75.7
27.928 , 0.02999878 , 75.72 , 75.69
27.93 , -0.04000092 , 75.65 , 75.69
27.931 , -0.04000092 , 75.65 , 75.69
27.933 , -0.02999878 , 75.65 , 75.68
27.935 , -0.01999664 , 75.65 , 75.67
27.937 , -0.01999664 , 75.65 , 75.67
27.938 , -0.01000214 , 75.65 , 75.66
27.94 , -0.06000519 , 75.6 , 75.66
27.942 , 0.0 , 75.65 , 75.65
27.943 , -0.05000305 , 75.6 , 75.65
27.945 , 0.01000214 , 75.65 , 75.64
27.947 , -0.04000092 , 75.6 , 75.64
27.948 , -0.02999878 , 75.6 , 75.63
27.95 , -0.02999878 , 75.6 , 75.63
27.952 , -0.04000092 , 75.58 , 75.62
27.954 , 0.02999878 , 75.65 , 75.62
27.956 , -0.02999878 , 75.58 , 75.61
27.957 , -0.01000214 , 75.6 , 75.61
27.959 , 0.0 , 75.6 , 75.6
27.961 , -0.06999969 , 75.53 , 75.6
27.962 , -0.05999756 , 75.53 , 75.59
27.964 , -0.009994507 , 75.58 , 75.59
27.966 , -0.05000305 , 75.53 , 75.58
27.968 , 0.0 , 75.58 , 75.58
27.969 , -0.04000092 , 75.53 , 75.57
27.971 , -0.04000092 , 75.53 , 75.57
27.973 , 0.02000427 , 75.58 , 75.56
27.975 , 0.02999878 , 75.58 , 75.55
27.976 , -0.02000427 , 75.53 , 75.55
27.978 , -0.02000427 , 75.53 , 75.55
27.98 , -0.01000214 , 75.53 , 75.54
27.981 , -0.01000214 , 75.53 , 75.54
27.983 , 0.0 , 75.53 , 75.53
27.985 , -0.01999664 , 75.51 , 75.53
27.986 , -0.009994507 , 75.51 , 75.52
27.988 , -0.009994507 , 75.51 , 75.52
27.99 , 0.01999664 , 75.53 , 75.51
27.992 , 0.01000214 , 75.51 , 75.5
27.993 , 0.01000214 , 75.51 , 75.5
27.995 , 0.01000214 , 75.51 , 75.5
27.997 , 0.02000427 , 75.51 , 75.49
27.998 , 0.02000427 , 75.51 , 75.49
28.0 , 0.02999878 , 75.51 , 75.48
28.002 , 0.009994507 , 75.49 , 75.48
28.004 , 0.01999664 , 75.49 , 75.47
28.005 , 0.01999664 , 75.49 , 75.47
28.007 , 0.02999878 , 75.49 , 75.46
28.009 , -0.02999878 , 75.42 , 75.45
28.011 , 0.04000092 , 75.49 , 75.45
28.012 , -0.009994507 , 75.44 , 75.45
28.014 , -0.02000427 , 75.42 , 75.44
28.016 , -0.01000214 , 75.42 , 75.43
28.018 , 0.01000214 , 75.44 , 75.43
28.019 , 0.02000427 , 75.44 , 75.42
28.021 , 0.0 , 75.42 , 75.42
28.023 , 0.009994507 , 75.42 , 75.41
28.024 , -0.04000092 , 75.37 , 75.41
28.026 , 0.01999664 , 75.42 , 75.4
28.028 , 0.01999664 , 75.42 , 75.4
28.03 , -0.01999664 , 75.37 , 75.39
28.031 , 0.05000305 , 75.44 , 75.39
28.033 , 0.04000092 , 75.42 , 75.38
28.035 , 0.04000092 , 75.42 , 75.38
28.036 , 0.0 , 75.37 , 75.37
28.038 , 0.0 , 75.37 , 75.37
28.039 , 0.0 , 75.37 , 75.37
28.041 , 0.01000214 , 75.37 , 75.36
28.042 , -0.01000214 , 75.35 , 75.36
28.044 , 0.02000427 , 75.37 , 75.35
28.046 , 0.01000214 , 75.35 , 75.34
28.048 , 0.01000214 , 75.35 , 75.34
28.049 , -0.03999329 , 75.3 , 75.34
28.051 , -0.02999878 , 75.3 , 75.33
28.053 , 0.02999878 , 75.35 , 75.32
28.055 , 0.02999878 , 75.35 , 75.32
28.056 , -0.01999664 , 75.3 , 75.32
28.058 , 0.04000092 , 75.35 , 75.31
28.06 , 0.0 , 75.3 , 75.3
28.061 , 0.0 , 75.3 , 75.3
28.063 , -0.01000214 , 75.28 , 75.29
28.064 , 0.01000214 , 75.3 , 75.29
28.066 , -0.01000214 , 75.28 , 75.29
28.068 , 0.0 , 75.28 , 75.28
28.069 , 0.0 , 75.28 , 75.28
28.071 , 0.01000214 , 75.28 , 75.27
28.073 , -0.009994507 , 75.26 , 75.27
28.074 , 0.0 , 75.26 , 75.26
28.076 , 0.0 , 75.26 , 75.26
28.077 , -0.04000092 , 75.21 , 75.25
28.079 , 0.01000214 , 75.26 , 75.25
28.081 , -0.02999878 , 75.21 , 75.24
28.083 , -0.02999878 , 75.21 , 75.24
28.084 , -0.02000427 , 75.21 , 75.23
28.086 , -0.04000092 , 75.19 , 75.23
28.088 , -0.02999878 , 75.19 , 75.22
28.089 , -0.01000214 , 75.21 , 75.22
28.091 , 0.0 , 75.21 , 75.21
28.093 , -0.06999969 , 75.14 , 75.21
28.094 , -0.009994507 , 75.19 , 75.2
28.096 , -0.009994507 , 75.19 , 75.2
28.098 , -0.05000305 , 75.14 , 75.19
28.1 , 0.0 , 75.19 , 75.19
28.101 , -0.04000092 , 75.14 , 75.18
28.103 , 0.01000214 , 75.19 , 75.18
28.105 , 0.02000427 , 75.19 , 75.17
28.106 , -0.04999542 , 75.12 , 75.17
28.108 , -0.02000427 , 75.14 , 75.16
28.11 , -0.04000092 , 75.12 , 75.16
28.111 , -0.02999878 , 75.12 , 75.15
28.113 , -0.02999878 , 75.12 , 75.15
28.115 , 0.0 , 75.14 , 75.14
28.116 , -0.01999664 , 75.12 , 75.14
28.118 , -0.009994507 , 75.12 , 75.13
28.12 , -0.009994507 , 75.12 , 75.13
28.122 , 0.0 , 75.12 , 75.12
28.123 , -0.05000305 , 75.07 , 75.12
28.125 , -0.04000092 , 75.07 , 75.11
28.126 , -0.04000092 , 75.07 , 75.11
28.128 , -0.02999878 , 75.07 , 75.1
28.13 , -0.02999878 , 75.07 , 75.1
28.132 , -0.01999664 , 75.07 , 75.09
28.134 , -0.01000214 , 75.07 , 75.08
28.135 , -0.02999878 , 75.05 , 75.08
28.137 , -0.02999878 , 75.05 , 75.08
28.139 , -0.04000092 , 75.03 , 75.07
28.14 , -0.01999664 , 75.05 , 75.07
28.142 , -0.009994507 , 75.05 , 75.06
28.144 , -0.009994507 , 75.05 , 75.06
28.146 , 0.0 , 75.05 , 75.05
28.147 , -0.02000427 , 75.03 , 75.05
28.149 , 0.01000214 , 75.05 , 75.04
28.151 , -0.04999542 , 74.98 , 75.03
28.152 , 0.0 , 75.03 , 75.03
28.154 , 0.0 , 75.03 , 75.03
28.156 , 0.01000214 , 75.03 , 75.02
28.157 , -0.03999329 , 74.98 , 75.02
28.159 , 0.01999664 , 75.03 , 75.01
28.161 , -0.04000092 , 74.96 , 75.0
28.162 , 0.02999878 , 75.03 , 75.0
28.164 , -0.04000092 , 74.96 , 75.0
28.166 , -0.0799942 , 74.91 , 74.99
28.168 , -0.02000427 , 74.96 , 74.98
28.169 , -0.02000427 , 74.96 , 74.98
28.171 , -0.06999969 , 74.91 , 74.98
28.173 , -0.01000214 , 74.96 , 74.97
28.175 , -0.04999542 , 74.91 , 74.96
28.176 , 0.0 , 74.96 , 74.96
28.178 , -0.03999329 , 74.91 , 74.95
28.18 , 0.03000641 , 74.98 , 74.95
28.181 , 0.01000214 , 74.96 , 74.95
28.183 , 0.01999664 , 74.96 , 74.94
28.185 , -0.01999664 , 74.91 , 74.93
28.187 , 0.02999878 , 74.96 , 74.93
28.188 , -0.01999664 , 74.91 , 74.93
28.19 , -0.009994507 , 74.91 , 74.92
28.192 , -0.02000427 , 74.89 , 74.91
28.194 , 0.0 , 74.91 , 74.91
28.195 , -0.01000214 , 74.89 , 74.9
28.197 , -0.01000214 , 74.89 , 74.9
28.198 , -0.01000214 , 74.89 , 74.9
28.2 , 0.0 , 74.89 , 74.89
28.202 , -0.02999878 , 74.85 , 74.88
28.204 , 0.01000214 , 74.89 , 74.88
28.205 , 0.01999664 , 74.89 , 74.87
28.207 , -0.02000427 , 74.85 , 74.87
28.209 , -0.01000214 , 74.85 , 74.86
28.21 , -0.01000214 , 74.85 , 74.86
28.212 , 0.0 , 74.85 , 74.85
28.214 , 0.0 , 74.85 , 74.85
28.215 , 0.0 , 74.85 , 74.85
28.217 , -0.01999664 , 74.82 , 74.84
28.219 , 0.05999756 , 74.89 , 74.83
28.221 , 0.01999664 , 74.85 , 74.83
28.222 , 0.0 , 74.82 , 74.82
28.224 , 0.0 , 74.82 , 74.82
28.225 , -0.01999664 , 74.8 , 74.82
28.227 , -0.009994507 , 74.8 , 74.81
28.229 , 0.01999664 , 74.82 , 74.8
28.231 , 0.0 , 74.8 , 74.8
28.232 , 0.0 , 74.8 , 74.8
28.233 , 0.01000214 , 74.8 , 74.79
28.235 , 0.02999878 , 74.82 , 74.79
28.237 , 0.02000427 , 74.8 , 74.78
28.239 , -0.01999664 , 74.75 , 74.77
28.24 , -0.01999664 , 74.75 , 74.77
28.242 , -0.01999664 , 74.75 , 74.77
28.244 , 0.04000092 , 74.8 , 74.76
28.246 , 0.0 , 74.75 , 74.75
28.247 , 0.0 , 74.75 , 74.75
28.249 , 0.06000519 , 74.8 , 74.74
28.25 , 0.01000214 , 74.75 , 74.74
28.252 , 0.01000214 , 74.75 , 74.74
28.261 , 0.02000427 , 74.73 , 74.71
28.263 , -0.009994507 , 74.69 , 74.7
28.265 , 0.03000641 , 74.73 , 74.7
28.267 , 0.04000092 , 74.73 , 74.69
28.268 , 0.04000092 , 74.73 , 74.69
28.27 , 0.01000214 , 74.69 , 74.68
28.272 , -0.01999664 , 74.66 , 74.68
28.273 , -0.009994507 , 74.66 , 74.67
28.275 , 0.02000427 , 74.69 , 74.67
28.277 , 0.0 , 74.66 , 74.66
28.278 , 0.02999878 , 74.69 , 74.66
28.28 , 0.04000092 , 74.69 , 74.65
28.282 , -0.02999878 , 74.62 , 74.65
28.284 , 0.02000427 , 74.66 , 74.64
28.285 , 0.02000427 , 74.66 , 74.64
28.287 , -0.009994507 , 74.62 , 74.63
28.289 , 0.03000641 , 74.66 , 74.63
28.291 , 0.04000092 , 74.66 , 74.62
28.292 , 0.04000092 , 74.66 , 74.62
28.294 , 0.01000214 , 74.62 , 74.61
28.296 , 0.01000214 , 74.62 , 74.61
28.297 , -0.01000214 , 74.59 , 74.6
28.299 , 0.02000427 , 74.62 , 74.6
28.301 , 0.03000641 , 74.62 , 74.59
28.302 , 0.0 , 74.59 , 74.59
28.304 , 0.009994507 , 74.59 , 74.58
28.306 , 0.009994507 , 74.59 , 74.58
28.307 , 0.01999664 , 74.59 , 74.57
28.309 , 0.01999664 , 74.59 , 74.57
28.311 , 0.02999878 , 74.59 , 74.56
28.313 , 0.01000214 , 74.57 , 74.56
28.315 , 0.01999664 , 74.57 , 74.55
28.316 , 0.01999664 , 74.57 , 74.55
28.318 , 0.02999878 , 74.57 , 74.54
28.32 , 0.04000092 , 74.57 , 74.53
28.322 , 0.04000092 , 74.57 , 74.53
28.323 , 0.0 , 74.53 , 74.53
28.325 , 0.01000214 , 74.53 , 74.52
28.327 , 0.01999664 , 74.53 , 74.51
28.328 , -0.01000214 , 74.5 , 74.51
28.33 , -0.01000214 , 74.5 , 74.51
28.332 , 0.02999878 , 74.53 , 74.5
28.333 , 0.02999878 , 74.53 , 74.5
28.335 , 0.01000214 , 74.5 , 74.49
28.337 , 0.04999542 , 74.53 , 74.48
28.338 , 0.01999664 , 74.5 , 74.48
28.34 , 0.01999664 , 74.5 , 74.48
28.342 , 0.02999878 , 74.5 , 74.47
28.344 , 0.04000092 , 74.5 , 74.46
28.345 , 0.04000092 , 74.5 , 74.46
28.347 , 0.04000092 , 74.5 , 74.46
28.349 , 0.01000214 , 74.46 , 74.45
28.35 , 0.05000305 , 74.5 , 74.45
28.352 , -0.01000214 , 74.43 , 74.44
28.354 , 0.02999878 , 74.46 , 74.43
28.355 , 0.06999969 , 74.5 , 74.43
28.357 , 0.0 , 74.43 , 74.43
28.359 , 0.04000092 , 74.46 , 74.42
28.36 , 0.01000214 , 74.43 , 74.42
28.362 , 0.04999542 , 74.46 , 74.41
28.364 , 0.05999756 , 74.46 , 74.4
28.366 , 0.02999878 , 74.43 , 74.4
28.367 , -0.01000214 , 74.39 , 74.4
28.369 , 0.0 , 74.39 , 74.39
28.371 , 0.01000214 , 74.39 , 74.38
28.372 , 0.05000305 , 74.43 , 74.38
28.374 , 0.01000214 , 74.39 , 74.38
28.376 , 0.01999664 , 74.39 , 74.37
28.377 , 0.01999664 , 74.39 , 74.37
28.379 , 0.06999969 , 74.43 , 74.36
28.381 , 0.08000183 , 74.43 , 74.35
28.383 , 0.04000092 , 74.39 , 74.35
28.384 , 0.01000214 , 74.36 , 74.35
28.386 , 0.0 , 74.34 , 74.34
28.388 , -0.02999878 , 74.3 , 74.33
28.389 , -0.02999878 , 74.3 , 74.33
28.391 , 0.01999664 , 74.34 , 74.32
28.393 , -0.01999664 , 74.3 , 74.32
28.395 , 0.02999878 , 74.34 , 74.31
28.396 , -0.009994507 , 74.3 , 74.31
28.398 , 0.0 , 74.3 , 74.3
28.4 , 0.0 , 74.3 , 74.3
28.401 , -0.03000641 , 74.27 , 74.3
28.403 , -0.02000427 , 74.27 , 74.29
28.404 , 0.01000214 , 74.3 , 74.29
28.406 , -0.01000214 , 74.27 , 74.28
28.408 , 0.0 , 74.27 , 74.27
28.409 , -0.03999329 , 74.23 , 74.27
28.411 , -0.03999329 , 74.23 , 74.27
28.413 , 0.009994507 , 74.27 , 74.26
28.415 , 0.01999664 , 74.27 , 74.25
28.416 , 0.01999664 , 74.27 , 74.25
28.418 , 0.01999664 , 74.27 , 74.25
28.42 , 0.02999878 , 74.27 , 74.24
28.422 , 0.03999329 , 74.27 , 74.23
28.423 , -0.03000641 , 74.2 , 74.23
28.425 , -0.02000427 , 74.2 , 74.22
28.427 , -0.02000427 , 74.2 , 74.22
28.428 , 0.01000214 , 74.23 , 74.22
28.43 , -0.01000214 , 74.2 , 74.21
28.432 , 0.03000641 , 74.23 , 74.2
28.433 , 0.0 , 74.2 , 74.2
28.435 , 0.009994507 , 74.2 , 74.19
28.437 , -0.02999878 , 74.16 , 74.19
28.439 , 0.01999664 , 74.2 , 74.18
28.44 , 0.01999664 , 74.2 , 74.18
28.442 , -0.009994507 , 74.16 , 74.17
28.444 , -0.009994507 , 74.16 , 74.17
28.446 , 0.0 , 74.16 , 74.16
28.447 , -0.02000427 , 74.14 , 74.16
28.449 , -0.01000214 , 74.14 , 74.15
28.451 , -0.01000214 , 74.14 , 74.15
28.452 , 0.0 , 74.14 , 74.14
28.454 , 0.0 , 74.14 , 74.14
28.455 , 0.0 , 74.14 , 74.14
28.457 , 0.01000214 , 74.14 , 74.13
28.459 , 0.01999664 , 74.14 , 74.12
28.46 , -0.01000214 , 74.11 , 74.12
28.462 , 0.0 , 74.11 , 74.11
28.464 , 0.02999878 , 74.14 , 74.11
28.465 , 0.0 , 74.11 , 74.11
28.467 , 0.01000214 , 74.11 , 74.1
28.468 , 0.01000214 , 74.11 , 74.1
28.47 , 0.02000427 , 74.11 , 74.09
28.472 , 0.02000427 , 74.11 , 74.09
28.474 , 0.02999878 , 74.11 , 74.08
28.475 , -0.01000214 , 74.07 , 74.08
28.477 , 0.0 , 74.07 , 74.07
28.478 , 0.0 , 74.07 , 74.07
28.48 , 0.01000214 , 74.07 , 74.06
28.482 , 0.01000214 , 74.07 , 74.06
28.483 , 0.01999664 , 74.07 , 74.05
28.485 , 0.01999664 , 74.07 , 74.05
28.487 , 0.02999878 , 74.07 , 74.04
28.489 , 0.0 , 74.04 , 74.04
28.49 , 0.01000214 , 74.04 , 74.03
28.492 , 0.01000214 , 74.04 , 74.03
28.494 , 0.02000427 , 74.04 , 74.02
28.495 , 0.02000427 , 74.04 , 74.02
28.497 , -0.01000214 , 74.0 , 74.01
28.499 , 0.02999878 , 74.04 , 74.01
28.5 , -0.01999664 , 73.98 , 74.0
28.502 , 0.0 , 74.0 , 74.0
28.503 , -0.009994507 , 73.98 , 73.99
28.505 , 0.01000214 , 74.0 , 73.99
28.507 , 0.01999664 , 74.0 , 73.98
28.509 , 0.0 , 73.98 , 73.98
28.51 , -0.04000092 , 73.93 , 73.97
28.512 , 0.01000214 , 73.98 , 73.97
28.513 , 0.04000092 , 74.0 , 73.96
28.515 , 0.04000092 , 74.0 , 73.96
28.517 , 0.03000641 , 73.98 , 73.95
28.519 , 0.03000641 , 73.98 , 73.95
28.52 , 0.04000092 , 73.98 , 73.94
28.522 , 0.04000092 , 73.98 , 73.94
28.524 , 0.0 , 73.93 , 73.93
28.525 , 0.05000305 , 73.98 , 73.93
28.527 , -0.009994507 , 73.91 , 73.92
28.529 , 0.01000214 , 73.93 , 73.92
28.53 , -0.05000305 , 73.86 , 73.91
28.532 , 0.0 , 73.91 , 73.91
28.533 , -0.05000305 , 73.86 , 73.91
28.535 , 0.01000214 , 73.91 , 73.9
28.537 , 0.02000427 , 73.91 , 73.89
28.538 , 0.02000427 , 73.91 , 73.89
28.54 , -0.01999664 , 73.86 , 73.88
28.542 , -0.01999664 , 73.86 , 73.88
28.544 , 0.04000092 , 73.91 , 73.87
28.545 , -0.01000214 , 73.86 , 73.87
28.547 , 0.0 , 73.86 , 73.86
28.548 , -0.02000427 , 73.84 , 73.86
28.55 , 0.01000214 , 73.86 , 73.85
28.552 , -0.01000214 , 73.84 , 73.85
28.553 , -0.01000214 , 73.84 , 73.85
28.555 , -0.04999542 , 73.79 , 73.84
28.557 , 0.009994507 , 73.84 , 73.83
28.559 , 0.009994507 , 73.84 , 73.83
28.561 , 0.01999664 , 73.84 , 73.82
28.562 , -0.02999878 , 73.79 , 73.82
28.564 , -0.01999664 , 73.79 , 73.81
28.566 , -0.05999756 , 73.75 , 73.81
28.568 , -0.01000214 , 73.79 , 73.8
28.569 , -0.01000214 , 73.79 , 73.8
28.571 , 0.0 , 73.79 , 73.79
28.573 , -0.04000092 , 73.75 , 73.79
28.574 , 0.01000214 , 73.79 , 73.78
28.576 , -0.02999878 , 73.75 , 73.78
28.578 , -0.01999664 , 73.75 , 73.77
28.579 , -0.04999542 , 73.72 , 73.77
28.581 , -0.01000214 , 73.75 , 73.76
28.583 , -0.01000214 , 73.75 , 73.76
28.584 , 0.0 , 73.75 , 73.75
28.586 , -0.02999878 , 73.72 , 73.75
28.588 , -0.01999664 , 73.72 , 73.74
28.589 , -0.01999664 , 73.72 , 73.74
28.591 , -0.05000305 , 73.68 , 73.73
28.593 , -0.05000305 , 73.68 , 73.73
28.594 , -0.04000092 , 73.68 , 73.72
28.596 , 0.0 , 73.72 , 73.72
28.598 , -0.02999878 , 73.68 , 73.71
28.599 , -0.02999878 , 73.68 , 73.71
28.601 , -0.03999329 , 73.66 , 73.7
28.603 , -0.03999329 , 73.66 , 73.7
28.605 , -0.01000214 , 73.68 , 73.69
28.606 , -0.02999878 , 73.66 , 73.69
28.608 , -0.01999664 , 73.66 , 73.68
28.61 , -0.01999664 , 73.66 , 73.68
28.611 , -0.05999756 , 73.61 , 73.67
28.613 , -0.05999756 , 73.61 , 73.67
28.615 , 0.0 , 73.66 , 73.66
28.616 , -0.05000305 , 73.61 , 73.66
28.618 , 0.01000214 , 73.66 , 73.65
28.62 , -0.04000092 , 73.61 , 73.65
28.621 , 0.02000427 , 73.66 , 73.64
28.623 , -0.02999878 , 73.61 , 73.64
28.625 , -0.01999664 , 73.61 , 73.63
28.626 , -0.04000092 , 73.59 , 73.63
28.628 , -0.01000214 , 73.61 , 73.62
28.63 , -0.01000214 , 73.61 , 73.62
28.632 , 0.0 , 73.61 , 73.61
28.633 , -0.02000427 , 73.59 , 73.61
28.635 , -0.04000092 , 73.56 , 73.6
28.637 , -0.04000092 , 73.56 , 73.6
28.638 , -0.02999878 , 73.56 , 73.59
28.64 , -0.02999878 , 73.56 , 73.59
28.642 , -0.02000427 , 73.56 , 73.58
28.644 , -0.02000427 , 73.56 , 73.58
28.645 , -0.01000214 , 73.56 , 73.57
28.647 , -0.05000305 , 73.52 , 73.57
28.649 , 0.0 , 73.56 , 73.56
28.65 , -0.04000092 , 73.52 , 73.56
28.652 , -0.05000305 , 73.5 , 73.55
28.654 , -0.03000641 , 73.52 , 73.55
28.655 , -0.02000427 , 73.52 , 73.54
28.657 , -0.02000427 , 73.52 , 73.54
28.659 , -0.01000214 , 73.52 , 73.53
28.661 , -0.01000214 , 73.52 , 73.53
28.662 , -0.01999664 , 73.5 , 73.52
28.664 , -0.01999664 , 73.5 , 73.52
28.666 , -0.01000214 , 73.5 , 73.51
28.667 , -0.06000519 , 73.45 , 73.51
28.669 , 0.0 , 73.5 , 73.5
28.671 , 0.0 , 73.5 , 73.5
28.672 , 0.01000214 , 73.5 , 73.49
28.674 , -0.04000092 , 73.45 , 73.49
28.675 , -0.04000092 , 73.45 , 73.49
28.677 , 0.01999664 , 73.5 , 73.48
28.679 , -0.02000427 , 73.45 , 73.47
28.681 , -0.02000427 , 73.45 , 73.47
28.682 , -0.01000214 , 73.45 , 73.46
28.684 , -0.02999878 , 73.43 , 73.46
28.686 , 0.0 , 73.45 , 73.45
28.687 , -0.01999664 , 73.43 , 73.45
28.689 , -0.01000214 , 73.43 , 73.44
28.691 , -0.01000214 , 73.43 , 73.44
28.692 , 0.01999664 , 73.45 , 73.43
28.694 , 0.0 , 73.43 , 73.43
28.696 , 0.01000214 , 73.43 , 73.42
28.697 , 0.01000214 , 73.43 , 73.42
28.699 , 0.01999664 , 73.43 , 73.41
28.701 , 0.01999664 , 73.43 , 73.41
28.702 , 0.01999664 , 73.43 , 73.41
28.704 , -0.02000427 , 73.38 , 73.4
28.706 , -0.01000214 , 73.38 , 73.39
28.708 , -0.01000214 , 73.38 , 73.39
28.709 , 0.0 , 73.38 , 73.38
28.711 , 0.0 , 73.38 , 73.38
28.712 , 0.0 , 73.38 , 73.38
28.714 , -0.01000214 , 73.36 , 73.37
28.716 , 0.01999664 , 73.38 , 73.36
28.717 , 0.01999664 , 73.38 , 73.36
28.719 , 0.0 , 73.36 , 73.36
28.721 , 0.01000214 , 73.36 , 73.35
28.722 , 0.02999878 , 73.38 , 73.35
28.724 , 0.02000427 , 73.36 , 73.34
28.726 , 0.02999878 , 73.36 , 73.33
28.727 , 0.02999878 , 73.36 , 73.33
28.729 , 0.0 , 73.33 , 73.33
28.731 , 0.04000092 , 73.36 , 73.32
28.732 , 0.01000214 , 73.33 , 73.32
28.734 , 0.02000427 , 73.33 , 73.31
28.736 , 0.02999878 , 73.33 , 73.3
28.737 , 0.02999878 , 73.33 , 73.3
28.739 , 0.02999878 , 73.33 , 73.3
28.741 , 0.04000092 , 73.33 , 73.29
28.742 , 0.0 , 73.29 , 73.29
28.744 , 0.01000214 , 73.29 , 73.28
28.745 , 0.05000305 , 73.33 , 73.28
28.747 , 0.02000427 , 73.29 , 73.27
28.749 , 0.02000427 , 73.29 , 73.27
28.751 , 0.009994507 , 73.27 , 73.26
28.752 , 0.02999878 , 73.29 , 73.26
28.754 , 0.01999664 , 73.27 , 73.25
28.756 , 0.04000092 , 73.29 , 73.25
28.757 , 0.02999878 , 73.27 , 73.24
28.759 , 0.05000305 , 73.29 , 73.24
28.761 , -0.01000214 , 73.22 , 73.23
28.763 , 0.0 , 73.22 , 73.22
28.764 , 0.04999542 , 73.27 , 73.22
28.766 , 0.06999969 , 73.29 , 73.22
28.767 , 0.01000214 , 73.22 , 73.21
28.769 , 0.05999756 , 73.27 , 73.21
28.771 , 0.02000427 , 73.22 , 73.2
28.773 , 0.02000427 , 73.22 , 73.2
28.774 , 0.009994507 , 73.2 , 73.19
28.776 , 0.009994507 , 73.2 , 73.19
28.778 , 0.04000092 , 73.22 , 73.18
28.78 , 0.02999878 , 73.2 , 73.17
28.782 , 0.05000305 , 73.22 , 73.17
28.783 , 0.02999878 , 73.2 , 73.17
28.785 , -0.01000214 , 73.15 , 73.16
28.787 , 0.04999542 , 73.2 , 73.15
28.788 , 0.04999542 , 73.2 , 73.15
28.79 , 0.0 , 73.15 , 73.15
28.791 , 0.01000214 , 73.15 , 73.14
28.793 , 0.01000214 , 73.15 , 73.14
28.795 , 0.02000427 , 73.15 , 73.13
28.797 , 0.02999878 , 73.15 , 73.12
28.798 , 0.02999878 , 73.15 , 73.12
28.8 , -0.01000214 , 73.11 , 73.12
28.802 , 0.01999664 , 73.13 , 73.11
28.803 , 0.01999664 , 73.13 , 73.11
28.805 , 0.01000214 , 73.11 , 73.1
28.807 , 0.02000427 , 73.11 , 73.09
28.808 , -0.02999878 , 73.06 , 73.09
28.81 , 0.02000427 , 73.11 , 73.09
28.812 , -0.02000427 , 73.06 , 73.08
28.814 , -0.01000214 , 73.06 , 73.07
28.815 , -0.01000214 , 73.06 , 73.07
28.817 , -0.01000214 , 73.06 , 73.07
28.819 , 0.06999969 , 73.13 , 73.06
28.821 , 0.009994507 , 73.06 , 73.05
28.822 , 0.009994507 , 73.06 , 73.05
28.824 , 0.01999664 , 73.06 , 73.04
28.826 , 0.0 , 73.04 , 73.04
28.827 , 0.01999664 , 73.06 , 73.04
28.829 , 0.01000214 , 73.04 , 73.03
28.831 , 0.02000427 , 73.04 , 73.02
28.832 , 0.02000427 , 73.04 , 73.02
28.834 , -0.02999878 , 72.99 , 73.02
28.836 , 0.02999878 , 73.04 , 73.01
28.838 , -0.01000214 , 72.99 , 73.0
28.839 , -0.01000214 , 72.99 , 73.0
28.841 , 0.05000305 , 73.04 , 72.99
28.843 , 0.05000305 , 73.04 , 72.99
28.844 , -0.06999969 , 72.92 , 72.99
28.846 , -0.06000519 , 72.92 , 72.98
28.848 , -0.05000305 , 72.92 , 72.97
28.85 , 0.01999664 , 72.99 , 72.97
28.852 , -0.04000092 , 72.92 , 72.96
28.853 , -0.04000092 , 72.92 , 72.96
28.855 , -0.04999542 , 72.9 , 72.95
28.857 , -0.02999878 , 72.92 , 72.95
28.859 , -0.04000092 , 72.9 , 72.94
28.86 , -0.02000427 , 72.92 , 72.94
28.862 , -0.02999878 , 72.9 , 72.93
28.864 , -0.02999878 , 72.9 , 72.93
28.865 , -0.01999664 , 72.9 , 72.92
28.867 , -0.01999664 , 72.9 , 72.92
28.869 , -0.03000641 , 72.88 , 72.91
28.871 , -0.01000214 , 72.9 , 72.91
28.872 , -0.02000427 , 72.88 , 72.9
28.874 , 0.0 , 72.9 , 72.9
28.876 , -0.01000214 , 72.88 , 72.89
28.877 , -0.01000214 , 72.88 , 72.89
28.879 , 0.0 , 72.88 , 72.88
28.881 , -0.04999542 , 72.83 , 72.88
28.882 , 0.009994507 , 72.88 , 72.87
28.884 , 0.009994507 , 72.88 , 72.87
28.886 , -0.05000305 , 72.81 , 72.86
28.888 , 0.01999664 , 72.88 , 72.86
28.89 , 0.02999878 , 72.88 , 72.85
28.891 , -0.04000092 , 72.81 , 72.85
28.893 , -0.02999878 , 72.81 , 72.84
28.895 , -0.02000427 , 72.81 , 72.83
28.897 , 0.0 , 72.83 , 72.83
28.898 , -0.06999969 , 72.76 , 72.83
28.9 , 0.05999756 , 72.88 , 72.82
28.902 , 0.0 , 72.81 , 72.81
28.903 , -0.04999542 , 72.76 , 72.81
28.905 , 0.0 , 72.81 , 72.81
28.907 , 0.009994507 , 72.81 , 72.8
28.908 , 0.009994507 , 72.81 , 72.8
28.91 , 0.01999664 , 72.81 , 72.79
28.912 , -0.01999664 , 72.76 , 72.78
28.914 , -0.01999664 , 72.76 , 72.78
28.916 , -0.02999878 , 72.74 , 72.77
28.917 , -0.02999878 , 72.74 , 72.77
28.919 , -0.02000427 , 72.74 , 72.76
28.921 , -0.06999969 , 72.69 , 72.76
28.923 , -0.01000214 , 72.74 , 72.75
28.924 , -0.01000214 , 72.74 , 72.75
28.926 , -0.04999542 , 72.69 , 72.74
28.928 , -0.04999542 , 72.69 , 72.74
28.93 , 0.009994507 , 72.74 , 72.73
28.931 , -0.06000519 , 72.67 , 72.73
28.933 , -0.05000305 , 72.67 , 72.72
28.935 , -0.02999878 , 72.69 , 72.72
28.936 , -0.04000092 , 72.67 , 72.71
28.938 , -0.04000092 , 72.67 , 72.71
28.94 , -0.02999878 , 72.67 , 72.7
28.942 , -0.009994507 , 72.69 , 72.7
28.944 , -0.04000092 , 72.65 , 72.69
28.945 , -0.02000427 , 72.67 , 72.69
28.947 , -0.02999878 , 72.65 , 72.68
28.949 , -0.02999878 , 72.65 , 72.68
28.951 , -0.01999664 , 72.65 , 72.67
28.952 , -0.06999969 , 72.6 , 72.67
28.954 , -0.06000519 , 72.6 , 72.66
28.956 , 0.0 , 72.65 , 72.65
28.957 , 0.0 , 72.65 , 72.65
28.959 , -0.05000305 , 72.6 , 72.65
28.96 , 0.01000214 , 72.65 , 72.64
28.962 , -0.04000092 , 72.6 , 72.64
28.964 , -0.02999878 , 72.6 , 72.63
28.966 , -0.04000092 , 72.58 , 72.62
28.967 , -0.02000427 , 72.6 , 72.62
28.969 , -0.04000092 , 72.58 , 72.62
28.971 , -0.02999878 , 72.58 , 72.61
28.973 , -0.01999664 , 72.58 , 72.6
28.974 , -0.01999664 , 72.58 , 72.6
28.976 , -0.01999664 , 72.58 , 72.6
28.978 , -0.009994507 , 72.58 , 72.59
28.98 , 0.0 , 72.58 , 72.58
28.981 , -0.05000305 , 72.53 , 72.58
28.983 , -0.04000092 , 72.53 , 72.57
28.985 , 0.01000214 , 72.58 , 72.57
28.987 , 0.02000427 , 72.58 , 72.56
28.988 , 0.02000427 , 72.58 , 72.56
28.99 , -0.02000427 , 72.53 , 72.55
28.992 , -0.02000427 , 72.53 , 72.55
28.993 , -0.01000214 , 72.53 , 72.54
28.995 , -0.02999878 , 72.51 , 72.54
28.997 , 0.0 , 72.53 , 72.53
28.998 , 0.0 , 72.53 , 72.53
29.0 , -0.009994507 , 72.51 , 72.52
29.002 , -0.04999542 , 72.47 , 72.52
29.003 , -0.009994507 , 72.51 , 72.52
29.005 , 0.0 , 72.51 , 72.51
29.007 , -0.02999878 , 72.47 , 72.5
29.008 , 0.02999878 , 72.53 , 72.5
29.01 , 0.02000427 , 72.51 , 72.49
29.012 , 0.02000427 , 72.51 , 72.49
29.014 , 0.04999542 , 72.53 , 72.48
29.015 , -0.01000214 , 72.47 , 72.48
29.017 , 0.04000092 , 72.51 , 72.47
29.019 , 0.04000092 , 72.51 , 72.47
29.02 , 0.0 , 72.47 , 72.47
29.022 , 0.01000214 , 72.47 , 72.46
29.023 , 0.01000214 , 72.47 , 72.46
29.025 , -0.009994507 , 72.44 , 72.45
29.027 , 0.0 , 72.44 , 72.44
29.028 , 0.0 , 72.44 , 72.44
29.03 , 0.0 , 72.44 , 72.44
29.039 , 0.02999878 , 72.44 , 72.41
29.041 , 0.04000092 , 72.44 , 72.4
29.043 , 0.01999664 , 72.42 , 72.4
29.044 , 0.02999878 , 72.42 , 72.39
29.046 , 0.02999878 , 72.42 , 72.39
29.048 , 0.04000092 , 72.42 , 72.38
29.05 , 0.04000092 , 72.42 , 72.38
29.051 , 0.04999542 , 72.42 , 72.37
29.053 , 0.04999542 , 72.42 , 72.37
29.055 , 0.01000214 , 72.37 , 72.36
29.056 , 0.05999756 , 72.42 , 72.36
29.058 , 0.02000427 , 72.37 , 72.35
29.06 , 0.02000427 , 72.37 , 72.35
29.062 , 0.03000641 , 72.37 , 72.34
29.063 , 0.03000641 , 72.37 , 72.34
29.065 , 0.04000092 , 72.37 , 72.33
29.067 , 0.01999664 , 72.35 , 72.33
29.068 , 0.02999878 , 72.35 , 72.32
29.07 , 0.02999878 , 72.35 , 72.32
29.072 , 0.04000092 , 72.35 , 72.31
29.074 , -0.02999878 , 72.28 , 72.31
29.075 , 0.04999542 , 72.35 , 72.3
29.077 , 0.0 , 72.3 , 72.3
29.079 , 0.01000214 , 72.3 , 72.29
29.08 , 0.01000214 , 72.3 , 72.29
29.082 , 0.0 , 72.28 , 72.28
29.083 , 0.0 , 72.28 , 72.28
29.085 , 0.01000214 , 72.28 , 72.27
29.087 , 0.01000214 , 72.28 , 72.27
29.088 , 0.01999664 , 72.28 , 72.26
29.09 , 0.01999664 , 72.28 , 72.26
29.092 , 0.02999878 , 72.28 , 72.25
29.094 , -0.01000214 , 72.24 , 72.25
29.095 , 0.0 , 72.24 , 72.24
29.097 , 0.04000092 , 72.28 , 72.24
29.099 , 0.04999542 , 72.28 , 72.23
29.1 , 0.04999542 , 72.28 , 72.23
29.102 , 0.01999664 , 72.24 , 72.22
29.104 , -0.01000214 , 72.21 , 72.22
29.105 , 0.02999878 , 72.24 , 72.21
29.107 , 0.0 , 72.21 , 72.21
29.109 , 0.04000092 , 72.24 , 72.2
29.11 , 0.04000092 , 72.24 , 72.2
29.112 , -0.02000427 , 72.17 , 72.19
29.114 , -0.02000427 , 72.17 , 72.19
29.116 , -0.01000214 , 72.17 , 72.18
29.117 , -0.01000214 , 72.17 , 72.18
29.119 , 0.0 , 72.17 , 72.17
29.12 , 0.0 , 72.17 , 72.17
29.122 , -0.02000427 , 72.14 , 72.16
29.124 , 0.009994507 , 72.17 , 72.16
29.126 , -0.01000214 , 72.14 , 72.15
29.127 , 0.01999664 , 72.17 , 72.15
29.129 , 0.0 , 72.14 , 72.14
29.13 , 0.0 , 72.14 , 72.14
29.132 , 0.01000214 , 72.14 , 72.13
29.134 , -0.009994507 , 72.12 , 72.13
29.136 , 0.0 , 72.12 , 72.12
29.137 , 0.0 , 72.12 , 72.12
29.139 , 0.02999878 , 72.14 , 72.11
29.14 , -0.02999878 , 72.08 , 72.11
29.142 , -0.01999664 , 72.08 , 72.1
29.144 , -0.01999664 , 72.08 , 72.1
29.146 , -0.03999329 , 72.05 , 72.09
29.147 , -0.009994507 , 72.08 , 72.09
29.149 , 0.0 , 72.08 , 72.08
29.151 , 0.0 , 72.08 , 72.08
29.152 , 0.01000214 , 72.08 , 72.07
29.154 , -0.01999664 , 72.05 , 72.07
29.155 , 0.01000214 , 72.08 , 72.07
29.157 , -0.009994507 , 72.05 , 72.06
29.159 , 0.02999878 , 72.08 , 72.05
29.161 , 0.0 , 72.05 , 72.05
29.162 , 0.0 , 72.05 , 72.05
29.164 , -0.02999878 , 72.01 , 72.04
29.165 , 0.01000214 , 72.05 , 72.04
29.167 , -0.01999664 , 72.01 , 72.03
29.169 , -0.009994507 , 72.01 , 72.02
29.17 , -0.009994507 , 72.01 , 72.02
29.172 , -0.009994507 , 72.01 , 72.02
29.174 , 0.0 , 72.01 , 72.01
29.175 , -0.02999878 , 71.98 , 72.01
29.177 , 0.01000214 , 72.01 , 72.0
29.179 , 0.02000427 , 72.01 , 71.99
29.18 , 0.02000427 , 72.01 , 71.99
29.182 , -0.009994507 , 71.98 , 71.99
29.184 , 0.0 , 71.98 , 71.98
29.185 , -0.04000092 , 71.94 , 71.98
29.187 , -0.02999878 , 71.94 , 71.97
29.189 , -0.05000305 , 71.92 , 71.97
29.191 , 0.02000427 , 71.98 , 71.96
29.192 , 0.02000427 , 71.98 , 71.96
29.194 , -0.02999878 , 71.92 , 71.95
29.196 , -0.02000427 , 71.92 , 71.94
29.197 , -0.02000427 , 71.92 , 71.94
29.199 , 0.0 , 71.94 , 71.94
29.201 , 0.01000214 , 71.94 , 71.93
29.202 , 0.01000214 , 71.94 , 71.93
29.204 , 0.02000427 , 71.94 , 71.92
29.206 , 0.02000427 , 71.94 , 71.92
29.207 , 0.009994507 , 71.92 , 71.91
29.209 , -0.02000427 , 71.89 , 71.91
29.211 , -0.01000214 , 71.89 , 71.9
29.212 , -0.01000214 , 71.89 , 71.9
29.214 , 0.0 , 71.89 , 71.89
29.216 , 0.0 , 71.89 , 71.89
29.217 , 0.01000214 , 71.89 , 71.88
29.219 , 0.01000214 , 71.89 , 71.88
29.221 , -0.05000305 , 71.82 , 71.87
29.223 , 0.02999878 , 71.89 , 71.86
29.224 , 0.05999756 , 71.92 , 71.86
29.226 , -0.01000214 , 71.85 , 71.86
29.228 , 0.0 , 71.85 , 71.85
29.229 , -0.02999878 , 71.82 , 71.85
29.231 , -0.01999664 , 71.82 , 71.84
29.233 , 0.01000214 , 71.85 , 71.84
29.235 , 0.01999664 , 71.85 , 71.83
29.236 , -0.01000214 , 71.82 , 71.83
29.238 , 0.0 , 71.82 , 71.82
29.24 , 0.04000092 , 71.85 , 71.81
29.241 , -0.02999878 , 71.78 , 71.81
29.243 , 0.01000214 , 71.82 , 71.81
29.245 , 0.01999664 , 71.82 , 71.8
29.247 , 0.02999878 , 71.82 , 71.79
29.248 , -0.01000214 , 71.78 , 71.79
29.25 , -0.02999878 , 71.76 , 71.79
29.252 , 0.0 , 71.78 , 71.78
29.253 , -0.01999664 , 71.76 , 71.78
29.255 , -0.009994507 , 71.76 , 71.77
29.257 , 0.0 , 71.76 , 71.76
29.258 , 0.0 , 71.76 , 71.76
29.26 , 0.0 , 71.76 , 71.76
29.261 , 0.01000214 , 71.76 , 71.75
29.263 , -0.04000092 , 71.71 , 71.75
29.265 , 0.04000092 , 71.78 , 71.74
29.267 , -0.02000427 , 71.71 , 71.73
29.268 , -0.02000427 , 71.71 , 71.73
29.27 , -0.02000427 , 71.71 , 71.73
29.272 , -0.01000214 , 71.71 , 71.72
29.273 , -0.01000214 , 71.71 , 71.72
29.275 , 0.0 , 71.71 , 71.71
29.276 , -0.01999664 , 71.69 , 71.71
29.278 , -0.009994507 , 71.69 , 71.7
29.28 , -0.009994507 , 71.69 , 71.7
29.282 , 0.0 , 71.69 , 71.69
29.283 , 0.0 , 71.69 , 71.69
29.285 , 0.01000214 , 71.69 , 71.68
29.287 , -0.01999664 , 71.66 , 71.68
29.288 , -0.04999542 , 71.62 , 71.67
29.29 , -0.009994507 , 71.66 , 71.67
29.292 , 0.0 , 71.66 , 71.66
29.293 , 0.0 , 71.66 , 71.66
29.295 , 0.01000214 , 71.66 , 71.65
29.296 , 0.01000214 , 71.66 , 71.65
29.298 , -0.01999664 , 71.62 , 71.64
29.3 , -0.01999664 , 71.62 , 71.64
29.302 , -0.009994507 , 71.62 , 71.63
29.303 , -0.009994507 , 71.62 , 71.63
29.305 , 0.0 , 71.62 , 71.62
29.307 , 0.0 , 71.62 , 71.62
29.308 , 0.01000214 , 71.62 , 71.61
29.31 , -0.01000214 , 71.6 , 71.61
29.311 , 0.02000427 , 71.62 , 71.6
29.313 , 0.0 , 71.6 , 71.6
29.315 , 0.01000214 , 71.6 , 71.59
29.316 , 0.01000214 , 71.6 , 71.59
29.318 , 0.04000092 , 71.62 , 71.58
29.32 , 0.04000092 , 71.62 , 71.58
29.321 , 0.01999664 , 71.6 , 71.58
29.323 , 0.05000305 , 71.62 , 71.57
29.325 , -0.009994507 , 71.55 , 71.56
29.327 , 0.04000092 , 71.6 , 71.56
29.328 , 0.04999542 , 71.6 , 71.55
29.33 , 0.04999542 , 71.6 , 71.55
29.332 , 0.05999756 , 71.6 , 71.54
29.334 , 0.01000214 , 71.55 , 71.54
29.335 , 0.02000427 , 71.55 , 71.53
29.337 , 0.06999969 , 71.6 , 71.53
29.339 , 0.03000641 , 71.55 , 71.52
29.341 , 0.03000641 , 71.55 , 71.52
29.342 , 0.01999664 , 71.53 , 71.51
29.344 , 0.01999664 , 71.53 , 71.51
29.346 , 0.02999878 , 71.53 , 71.5
29.348 , 0.02999878 , 71.53 , 71.5
29.349 , 0.04000092 , 71.53 , 71.49
29.351 , 0.04000092 , 71.53 , 71.49
29.353 , 0.06999969 , 71.55 , 71.48
29.355 , 0.01000214 , 71.48 , 71.47
29.356 , 0.01000214 , 71.48 , 71.47
29.358 , 0.01000214 , 71.48 , 71.47
29.359 , 0.06999969 , 71.53 , 71.46
29.361 , 0.02000427 , 71.48 , 71.46
29.363 , 0.08000183 , 71.53 , 71.45
29.365 , 0.01000214 , 71.46 , 71.45
29.366 , 0.04000092 , 71.48 , 71.44
29.368 , 0.08999634 , 71.53 , 71.44
29.37 , 0.02999878 , 71.46 , 71.43
29.372 , 0.04000092 , 71.46 , 71.42
29.373 , 0.04000092 , 71.46 , 71.42
29.375 , 0.02000427 , 71.44 , 71.42
29.377 , 0.02999878 , 71.44 , 71.41
29.378 , 0.02999878 , 71.44 , 71.41
29.38 , 0.05999756 , 71.46 , 71.4
29.382 , 0.05000305 , 71.44 , 71.39
29.384 , 0.06999969 , 71.46 , 71.39
29.385 , 0.05000305 , 71.44 , 71.39
29.387 , 0.01000214 , 71.39 , 71.38
29.389 , 0.01999664 , 71.39 , 71.37
29.391 , 0.08999634 , 71.46 , 71.37
29.392 , 0.06999969 , 71.44 , 71.37
29.394 , 0.02999878 , 71.39 , 71.36
29.396 , 0.02000427 , 71.37 , 71.35
29.397 , 0.04000092 , 71.39 , 71.35
29.399 , 0.03000641 , 71.37 , 71.34
29.401 , 0.03000641 , 71.37 , 71.34
29.403 , 0.1100006 , 71.44 , 71.33
29.404 , 0.04000092 , 71.37 , 71.33
29.406 , 0.05000305 , 71.37 , 71.32
29.407 , 0.05000305 , 71.37 , 71.32
29.409 , 0.01000214 , 71.32 , 71.31
29.411 , 0.06000519 , 71.37 , 71.31
29.412 , 0.01000214 , 71.32 , 71.31
29.414 , 0.06999969 , 71.37 , 71.3
29.416 , 0.02999878 , 71.32 , 71.29
29.418 , 0.01000214 , 71.3 , 71.29
29.419 , 0.01000214 , 71.3 , 71.29
29.421 , 0.04000092 , 71.32 , 71.28
29.423 , 0.03000641 , 71.3 , 71.27
29.424 , 0.05000305 , 71.32 , 71.27
29.426 , 0.05999756 , 71.32 , 71.26
29.428 , 0.04000092 , 71.3 , 71.26
29.429 , 0.04000092 , 71.3 , 71.26
29.431 , 0.05000305 , 71.3 , 71.25
29.433 , 0.01000214 , 71.25 , 71.24
29.434 , 0.01000214 , 71.25 , 71.24
29.436 , 0.01000214 , 71.25 , 71.24
29.437 , 0.01999664 , 71.25 , 71.23
29.439 , 0.06999969 , 71.3 , 71.23
29.441 , 0.02999878 , 71.25 , 71.22
29.443 , 0.04000092 , 71.25 , 71.21
29.444 , 0.02000427 , 71.23 , 71.21
29.446 , 0.04000092 , 71.25 , 71.21
29.448 , 0.05000305 , 71.25 , 71.2
29.449 , 0.03000641 , 71.23 , 71.2
29.451 , 0.04000092 , 71.23 , 71.19
29.453 , 0.05000305 , 71.23 , 71.18
29.454 , 0.05000305 , 71.23 , 71.18
29.456 , 0.05000305 , 71.23 , 71.18
29.457 , 0.04000092 , 71.21 , 71.17
29.459 , 0.06000519 , 71.23 , 71.17
29.461 , 0.04999542 , 71.21 , 71.16
29.463 , 0.0 , 71.16 , 71.16
29.464 , 0.05999756 , 71.21 , 71.15
29.466 , 0.05999756 , 71.21 , 71.15
29.468 , 0.06999969 , 71.21 , 71.14
29.469 , 0.02000427 , 71.16 , 71.14
29.471 , 0.03000641 , 71.16 , 71.13
29.473 , 0.01000214 , 71.14 , 71.13
29.474 , 0.04000092 , 71.16 , 71.12
29.476 , 0.04000092 , 71.16 , 71.12
29.478 , 0.02999878 , 71.14 , 71.11
29.48 , 0.02999878 , 71.14 , 71.11
29.481 , 0.04000092 , 71.14 , 71.1
29.483 , 0.06000519 , 71.16 , 71.1
29.485 , 0.05000305 , 71.14 , 71.09
29.486 , 0.0 , 71.09 , 71.09
29.488 , 0.05999756 , 71.14 , 71.08
29.49 , 0.009994507 , 71.09 , 71.08
29.492 , 0.01999664 , 71.09 , 71.07
29.493 , 0.0 , 71.07 , 71.07
29.495 , 0.02999878 , 71.09 , 71.06
29.497 , 0.01999664 , 71.07 , 71.05
29.498 , 0.03999329 , 71.09 , 71.05
29.5 , 0.03999329 , 71.09 , 71.05
29.502 , 0.04999542 , 71.09 , 71.04
29.504 , -0.01000214 , 71.02 , 71.03
29.505 , -0.01000214 , 71.02 , 71.03
29.507 , 0.04000092 , 71.07 , 71.03
29.509 , 0.05000305 , 71.07 , 71.02
29.51 , 0.05000305 , 71.07 , 71.02
29.512 , 0.009994507 , 71.02 , 71.01
29.514 , 0.06999969 , 71.07 , 71.0
29.516 , 0.01999664 , 71.02 , 71.0
29.517 , 0.06999969 , 71.07 , 71.0
29.519 , 0.01000214 , 71.0 , 70.99
29.521 , 0.03999329 , 71.02 , 70.98
29.523 , 0.03999329 , 71.02 , 70.98
29.524 , 0.04999542 , 71.02 , 70.97
29.526 , 0.02999878 , 71.0 , 70.97
29.528 , 0.05999756 , 71.02 , 70.96
29.53 , 0.04000092 , 71.0 , 70.96
29.531 , 0.05000305 , 71.0 , 70.95
29.533 , 0.05000305 , 71.0 , 70.95
29.535 , 0.05999756 , 71.0 , 70.94
29.536 , 0.05999756 , 71.0 , 70.94
29.538 , 0.05000305 , 70.98 , 70.93
29.54 , 0.05000305 , 70.98 , 70.93
29.541 , 0.06000519 , 70.98 , 70.92
29.543 , 0.01000214 , 70.93 , 70.92
29.545 , 0.01999664 , 70.93 , 70.91
29.546 , 0.01999664 , 70.93 , 70.91
29.548 , 0.02999878 , 70.93 , 70.9
29.55 , 0.08000183 , 70.98 , 70.9
29.551 , 0.08000183 , 70.98 , 70.9
29.553 , 0.04000092 , 70.93 , 70.89
29.555 , 0.05000305 , 70.93 , 70.88
29.556 , 0.05000305 , 70.93 , 70.88
29.558 , 0.05999756 , 70.93 , 70.87
29.56 , 0.05999756 , 70.93 , 70.87
29.561 , 0.04000092 , 70.91 , 70.87
29.563 , 0.0 , 70.86 , 70.86
29.565 , 0.06000519 , 70.91 , 70.85
29.566 , 0.06000519 , 70.91 , 70.85
29.568 , 0.02000427 , 70.86 , 70.84
29.57 , 0.02000427 , 70.86 , 70.84
29.571 , 0.02000427 , 70.86 , 70.84
29.573 , 0.02999878 , 70.86 , 70.83
29.575 , -0.02999878 , 70.79 , 70.82
29.577 , 0.04000092 , 70.86 , 70.82
29.578 , 0.04000092 , 70.86 , 70.82
29.58 , 0.02999878 , 70.84 , 70.81
29.582 , 0.03999329 , 70.84 , 70.8
29.584 , 0.03999329 , 70.84 , 70.8
29.585 , 0.04999542 , 70.84 , 70.79
29.587 , 0.04999542 , 70.84 , 70.79
29.589 , 0.05999756 , 70.84 , 70.78
29.591 , 0.05999756 , 70.84 , 70.78
29.593 , 0.06999969 , 70.84 , 70.77
29.594 , 0.02000427 , 70.79 , 70.77
29.596 , 0.0799942 , 70.84 , 70.76
29.598 , 0.02999878 , 70.79 , 70.76
29.6 , 0.04000092 , 70.79 , 70.75
29.601 , 0.04000092 , 70.79 , 70.75
29.603 , 0.02999878 , 70.77 , 70.74
29.605 , 0.02999878 , 70.77 , 70.74
29.606 , 0.03999329 , 70.77 , 70.73
29.608 , 0.03999329 , 70.77 , 70.73
29.61 , -0.02000427 , 70.7 , 70.72
29.612 , 0.04000092 , 70.75 , 70.71
29.613 , -0.01000214 , 70.7 , 70.71
29.615 , 0.04000092 , 70.75 , 70.71
29.617 , 0.05000305 , 70.75 , 70.7
29.618 , 0.05000305 , 70.75 , 70.7
29.62 , 0.05999756 , 70.75 , 70.69
29.622 , 0.009994507 , 70.7 , 70.69
29.624 , 0.01999664 , 70.7 , 70.68
29.625 , 0.01999664 , 70.7 , 70.68
29.627 , 0.01000214 , 70.68 , 70.67
29.629 , 0.03999329 , 70.7 , 70.66
29.63 , 0.01999664 , 70.68 , 70.66
29.632 , -0.03000641 , 70.63 , 70.66
29.634 , -0.02000427 , 70.63 , 70.65
29.636 , -0.02999878 , 70.61 , 70.64
29.637 , -0.01000214 , 70.63 , 70.64
29.639 , -0.01999664 , 70.61 , 70.63
29.641 , -0.01999664 , 70.61 , 70.63
29.643 , 0.009994507 , 70.63 , 70.62
29.644 , -0.01000214 , 70.61 , 70.62
29.646 , 0.0 , 70.61 , 70.61
29.648 , -0.04000092 , 70.57 , 70.61
29.649 , -0.04000092 , 70.57 , 70.61
29.651 , -0.02999878 , 70.57 , 70.6
29.653 , 0.02000427 , 70.61 , 70.59
29.654 , -0.01999664 , 70.57 , 70.59
29.656 , -0.01000214 , 70.57 , 70.58
29.658 , -0.01000214 , 70.57 , 70.58
29.66 , -0.02999878 , 70.54 , 70.57
29.661 , 0.0 , 70.57 , 70.57
29.663 , -0.01999664 , 70.54 , 70.56
29.665 , -0.01999664 , 70.54 , 70.56
29.666 , -0.01999664 , 70.54 , 70.56
29.668 , -0.01000214 , 70.54 , 70.55
29.67 , -0.02000427 , 70.52 , 70.54
29.671 , 0.0 , 70.54 , 70.54
29.673 , -0.01000214 , 70.52 , 70.53
29.675 , 0.01000214 , 70.54 , 70.53
29.676 , -0.01000214 , 70.52 , 70.53
29.678 , -0.04999542 , 70.47 , 70.52
29.68 , 0.02999878 , 70.54 , 70.51
29.681 , -0.04000092 , 70.47 , 70.51
29.683 , -0.02999878 , 70.47 , 70.5
29.685 , -0.05000305 , 70.45 , 70.5
29.686 , -0.05000305 , 70.45 , 70.5
29.688 , -0.01999664 , 70.47 , 70.49
29.69 , -0.01000214 , 70.47 , 70.48
29.692 , -0.01000214 , 70.47 , 70.48
29.693 , -0.01000214 , 70.47 , 70.48
29.695 , 0.0 , 70.47 , 70.47
29.696 , 0.0 , 70.47 , 70.47
29.698 , 0.01000214 , 70.47 , 70.46
29.7 , 0.0 , 70.45 , 70.45
29.701 , -0.03999329 , 70.41 , 70.45
29.703 , 0.0 , 70.45 , 70.45
29.704 , 0.02999878 , 70.47 , 70.44
29.706 , 0.009994507 , 70.45 , 70.44
29.708 , -0.01999664 , 70.41 , 70.43
29.71 , -0.04000092 , 70.38 , 70.42
29.711 , -0.009994507 , 70.41 , 70.42
29.713 , -0.009994507 , 70.41 , 70.42
29.715 , 0.0 , 70.41 , 70.41
29.716 , -0.03000641 , 70.38 , 70.41
29.718 , -0.06000519 , 70.34 , 70.4
29.72 , 0.01000214 , 70.41 , 70.4
29.721 , -0.01000214 , 70.38 , 70.39
29.723 , 0.02000427 , 70.41 , 70.39
29.725 , 0.0 , 70.38 , 70.38
29.726 , -0.04000092 , 70.34 , 70.38
29.728 , 0.009994507 , 70.38 , 70.37
29.73 , 0.009994507 , 70.38 , 70.37
29.732 , -0.09000397 , 70.27 , 70.36
29.733 , 0.01999664 , 70.38 , 70.36
29.735 , 0.02999878 , 70.38 , 70.35
29.737 , 0.02999878 , 70.38 , 70.35
29.739 , 0.0 , 70.34 , 70.34
29.74 , 0.04000092 , 70.38 , 70.34
29.742 , 0.04999542 , 70.38 , 70.33
29.744 , -0.05000305 , 70.27 , 70.32
29.746 , 0.01999664 , 70.34 , 70.32
29.747 , 0.01999664 , 70.34 , 70.32
29.749 , -0.04000092 , 70.27 , 70.31
29.751 , -0.03000641 , 70.27 , 70.3
29.752 , -0.03000641 , 70.27 , 70.3
29.754 , -0.02000427 , 70.27 , 70.29
29.756 , -0.02000427 , 70.27 , 70.29
29.758 , 0.05999756 , 70.34 , 70.28
29.759 , -0.04000092 , 70.24 , 70.28
29.761 , -0.02999878 , 70.24 , 70.27
29.763 , -0.02999878 , 70.24 , 70.27
29.765 , -0.02000427 , 70.24 , 70.26
29.766 , -0.02000427 , 70.24 , 70.26
29.768 , -0.01000214 , 70.24 , 70.25
29.77 , -0.01000214 , 70.24 , 70.25
29.771 , -0.01999664 , 70.22 , 70.24
29.773 , 0.02999878 , 70.27 , 70.24
29.775 , -0.01000214 , 70.22 , 70.23
29.777 , -0.01000214 , 70.22 , 70.23
29.778 , 0.0 , 70.22 , 70.22
29.78 , 0.01999664 , 70.24 , 70.22
29.781 , 0.0 , 70.22 , 70.22
29.783 , 0.01000214 , 70.22 , 70.21
29.784 , -0.02999878 , 70.18 , 70.21
29.786 , 0.02000427 , 70.22 , 70.2
29.788 , -0.01000214 , 70.18 , 70.19
29.79 , -0.04000092 , 70.15 , 70.19
29.791 , -0.01000214 , 70.18 , 70.19
29.793 , 0.0 , 70.18 , 70.18
29.794 , 0.0 , 70.18 , 70.18
29.796 , 0.01000214 , 70.18 , 70.17
29.797 , 0.01000214 , 70.18 , 70.17
29.799 , 0.01999664 , 70.18 , 70.16
29.801 , -0.01000214 , 70.15 , 70.16
29.802 , -0.04000092 , 70.11 , 70.15
29.804 , 0.0 , 70.15 , 70.15
29.805 , 0.01000214 , 70.15 , 70.14
29.815 , -0.02999878 , 70.08 , 70.11
29.817 , 0.0 , 70.11 , 70.11
29.818 , 0.0 , 70.11 , 70.11
29.82 , 0.05000305 , 70.15 , 70.1
29.821 , 0.01000214 , 70.11 , 70.1
29.823 , -0.009994507 , 70.08 , 70.09
29.825 , 0.0 , 70.08 , 70.08
29.826 , 0.02999878 , 70.11 , 70.08
29.828 , 0.0 , 70.08 , 70.08
29.829 , 0.01000214 , 70.08 , 70.07
29.831 , -0.02999878 , 70.04 , 70.07
29.833 , 0.02000427 , 70.08 , 70.06
29.834 , -0.01999664 , 70.04 , 70.06
29.836 , -0.01000214 , 70.04 , 70.05
29.838 , -0.06000519 , 69.99 , 70.05
29.84 , -0.02000427 , 70.02 , 70.04
29.841 , -0.05000305 , 69.99 , 70.04
29.843 , -0.04000092 , 69.99 , 70.03
29.845 , -0.04000092 , 69.99 , 70.03
29.846 , -0.02999878 , 69.99 , 70.02
29.848 , 0.0 , 70.02 , 70.02
29.85 , -0.02000427 , 69.99 , 70.01
29.851 , -0.02000427 , 69.99 , 70.01
29.853 , -0.01000214 , 69.99 , 70.0
29.855 , -0.01000214 , 69.99 , 70.0
29.857 , -0.04000092 , 69.95 , 69.99
29.858 , -0.04000092 , 69.95 , 69.99
29.86 , -0.03000641 , 69.95 , 69.98
29.862 , -0.03000641 , 69.95 , 69.98
29.864 , -0.05000305 , 69.92 , 69.97
29.865 , -0.05000305 , 69.92 , 69.97
29.867 , -0.01000214 , 69.95 , 69.96
29.869 , -0.02999878 , 69.92 , 69.95
29.871 , -0.02999878 , 69.92 , 69.95
29.873 , -0.02000427 , 69.92 , 69.94
29.874 , -0.02000427 , 69.92 , 69.94
29.876 , -0.05000305 , 69.88 , 69.93
29.878 , -0.05000305 , 69.88 , 69.93
29.879 , -0.05000305 , 69.88 , 69.93
29.881 , -0.05999756 , 69.86 , 69.92
29.883 , -0.03000641 , 69.88 , 69.91
29.885 , -0.05000305 , 69.86 , 69.91
29.886 , -0.04000092 , 69.86 , 69.9
29.888 , -0.04000092 , 69.86 , 69.9
29.89 , -0.02999878 , 69.86 , 69.89
29.892 , -0.02999878 , 69.86 , 69.89
29.893 , -0.01999664 , 69.86 , 69.88
29.895 , -0.06999969 , 69.81 , 69.88
29.897 , -0.01000214 , 69.86 , 69.87
29.899 , -0.06000519 , 69.81 , 69.87
29.901 , -0.05000305 , 69.81 , 69.86
29.902 , -0.05000305 , 69.81 , 69.86
29.904 , -0.05999756 , 69.79 , 69.85
29.906 , -0.04000092 , 69.81 , 69.85
29.908 , -0.02999878 , 69.81 , 69.84
29.909 , -0.04999542 , 69.79 , 69.84
29.911 , -0.04000092 , 69.79 , 69.83
29.913 , -0.02999878 , 69.79 , 69.82
29.915 , -0.02999878 , 69.79 , 69.82
29.916 , -0.02999878 , 69.79 , 69.82
29.918 , -0.04999542 , 69.76 , 69.81
29.92 , -0.01000214 , 69.79 , 69.8
29.922 , -0.01000214 , 69.79 , 69.8
29.923 , -0.04000092 , 69.76 , 69.8
29.925 , -0.06999969 , 69.72 , 69.79
29.927 , -0.05999756 , 69.72 , 69.78
29.928 , -0.01999664 , 69.76 , 69.78
29.93 , -0.009994507 , 69.76 , 69.77
29.932 , -0.009994507 , 69.76 , 69.77
29.934 , 0.0 , 69.76 , 69.76
29.935 , -0.04000092 , 69.72 , 69.76
29.937 , -0.02999878 , 69.72 , 69.75
29.939 , -0.05000305 , 69.7 , 69.75
29.941 , -0.01999664 , 69.72 , 69.74
29.942 , 0.05000305 , 69.79 , 69.74
29.944 , -0.01000214 , 69.72 , 69.73
29.946 , -0.01000214 , 69.72 , 69.73
29.947 , 0.0 , 69.72 , 69.72
29.949 , -0.02000427 , 69.7 , 69.72
29.951 , -0.05999756 , 69.65 , 69.71
29.952 , -0.01000214 , 69.7 , 69.71
29.954 , 0.02000427 , 69.72 , 69.7
29.956 , 0.02000427 , 69.72 , 69.7
29.958 , 0.009994507 , 69.7 , 69.69
29.959 , 0.009994507 , 69.7 , 69.69
29.961 , -0.02999878 , 69.65 , 69.68
29.963 , 0.01999664 , 69.7 , 69.68
29.965 , 0.02999878 , 69.7 , 69.67
29.967 , -0.04000092 , 69.63 , 69.67
29.969 , -0.03000641 , 69.63 , 69.66
29.97 , -0.03000641 , 69.63 , 69.66
29.972 , 0.0 , 69.65 , 69.65
29.973 , -0.02000427 , 69.63 , 69.65
29.975 , -0.05999756 , 69.58 , 69.64
29.977 , -0.01000214 , 69.63 , 69.64
29.979 , 0.02000427 , 69.65 , 69.63
29.98 , 0.0 , 69.63 , 69.63
29.982 , 0.009994507 , 69.63 , 69.62
29.984 , -0.02999878 , 69.58 , 69.61
29.986 , -0.02999878 , 69.58 , 69.61
29.987 , -0.02999878 , 69.58 , 69.61
29.989 , -0.04000092 , 69.56 , 69.6
29.991 , -0.009994507 , 69.58 , 69.59
29.993 , -0.009994507 , 69.58 , 69.59
29.995 , -0.02000427 , 69.56 , 69.58
29.996 , 0.0 , 69.58 , 69.58
29.998 , -0.02999878 , 69.54 , 69.57
30.0 , 0.01000214 , 69.58 , 69.57
30.001 , 0.02000427 , 69.58 , 69.56
30.003 , 0.0 , 69.56 , 69.56
30.005 , 0.009994507 , 69.56 , 69.55
30.006 , -0.01000214 , 69.54 , 69.55
30.008 , 0.01999664 , 69.56 , 69.54
30.01 , 0.0 , 69.54 , 69.54
30.011 , 0.01000214 , 69.54 , 69.53
30.013 , 0.01000214 , 69.54 , 69.53
30.015 , 0.02000427 , 69.54 , 69.52
30.016 , 0.02000427 , 69.54 , 69.52
30.018 , -0.02000427 , 69.49 , 69.51
30.02 , -0.04000092 , 69.47 , 69.51
30.021 , -0.02000427 , 69.49 , 69.51
30.023 , 0.04000092 , 69.54 , 69.5
30.025 , -0.01999664 , 69.47 , 69.49
30.026 , 0.0 , 69.49 , 69.49
30.028 , -0.01000214 , 69.47 , 69.48
30.03 , -0.01000214 , 69.47 , 69.48
30.031 , 0.009994507 , 69.49 , 69.48
30.033 , 0.01999664 , 69.49 , 69.47
30.035 , 0.01000214 , 69.47 , 69.46
30.037 , -0.04000092 , 69.42 , 69.46
30.038 , 0.02999878 , 69.49 , 69.46
30.04 , -0.02999878 , 69.42 , 69.45
30.042 , 0.02999878 , 69.47 , 69.44
30.044 , 0.02999878 , 69.47 , 69.44
30.045 , -0.01000214 , 69.42 , 69.43
30.047 , -0.01000214 , 69.42 , 69.43
30.049 , 0.05000305 , 69.47 , 69.42
30.05 , -0.01999664 , 69.4 , 69.42
30.052 , -0.01000214 , 69.4 , 69.41
30.054 , 0.009994507 , 69.42 , 69.41
30.055 , 0.0 , 69.4 , 69.4
30.057 , 0.01999664 , 69.42 , 69.4
30.059 , 0.01000214 , 69.4 , 69.39
30.06 , 0.01000214 , 69.4 , 69.39
30.062 , -0.02999878 , 69.35 , 69.38
30.064 , 0.02000427 , 69.4 , 69.38
30.066 , -0.02000427 , 69.35 , 69.37
30.067 , 0.04999542 , 69.42 , 69.37
30.069 , -0.01000214 , 69.35 , 69.36
30.071 , -0.01000214 , 69.35 , 69.36
30.072 , 0.0 , 69.35 , 69.35
30.074 , -0.01999664 , 69.33 , 69.35
30.076 , 0.01000214 , 69.35 , 69.34
30.077 , -0.009994507 , 69.33 , 69.34
30.079 , -0.02000427 , 69.31 , 69.33
30.081 , 0.0 , 69.33 , 69.33
30.082 , -0.02000427 , 69.31 , 69.33
30.084 , 0.01000214 , 69.33 , 69.32
30.086 , 0.0 , 69.31 , 69.31
30.087 , 0.02000427 , 69.33 , 69.31
30.089 , 0.009994507 , 69.31 , 69.3
30.091 , 0.009994507 , 69.31 , 69.3
30.093 , -0.02999878 , 69.26 , 69.29
30.094 , -0.02999878 , 69.26 , 69.29
30.096 , -0.01999664 , 69.26 , 69.28
30.098 , -0.01999664 , 69.26 , 69.28
30.1 , -0.009994507 , 69.26 , 69.27
30.101 , -0.009994507 , 69.26 , 69.27
30.103 , 0.0 , 69.26 , 69.26
30.105 , 0.0 , 69.26 , 69.26
30.106 , 0.01000214 , 69.26 , 69.25
30.108 , 0.01000214 , 69.26 , 69.25
30.109 , -0.01000214 , 69.24 , 69.25
30.111 , 0.0 , 69.24 , 69.24
30.113 , -0.04000092 , 69.19 , 69.23
30.114 , 0.009994507 , 69.24 , 69.23
30.116 , 0.01999664 , 69.24 , 69.22
30.118 , 0.01999664 , 69.24 , 69.22
30.119 , 0.01999664 , 69.24 , 69.22
30.121 , -0.01999664 , 69.19 , 69.21
30.123 , -0.009994507 , 69.19 , 69.2
30.125 , -0.009994507 , 69.19 , 69.2
30.127 , 0.0 , 69.19 , 69.19
30.128 , 0.0 , 69.19 , 69.19
30.129 , 0.0 , 69.19 , 69.19
30.131 , 0.01000214 , 69.19 , 69.18
30.133 , 0.0 , 69.17 , 69.17
30.134 , 0.02000427 , 69.19 , 69.17
30.136 , -0.04999542 , 69.12 , 69.17
30.138 , 0.009994507 , 69.17 , 69.16
30.139 , 0.009994507 , 69.17 , 69.16
30.141 , 0.01999664 , 69.17 , 69.15
30.143 , -0.01999664 , 69.12 , 69.14
30.145 , 0.02999878 , 69.17 , 69.14
30.146 , -0.01999664 , 69.12 , 69.14
30.148 , -0.009994507 , 69.12 , 69.13
30.15 , 0.0 , 69.12 , 69.12
30.151 , -0.02000427 , 69.1 , 69.12
30.153 , 0.0 , 69.12 , 69.12
30.155 , 0.01000214 , 69.12 , 69.11
30.156 , 0.01000214 , 69.12 , 69.11
30.158 , 0.02000427 , 69.12 , 69.1
30.16 , -0.009994507 , 69.08 , 69.09
30.161 , 0.01000214 , 69.1 , 69.09
30.163 , -0.009994507 , 69.08 , 69.09
30.165 , 0.01999664 , 69.1 , 69.08
30.167 , 0.01000214 , 69.08 , 69.07
30.168 , 0.01000214 , 69.08 , 69.07
30.17 , 0.02000427 , 69.08 , 69.06
30.172 , 0.02000427 , 69.08 , 69.06
30.173 , 0.02000427 , 69.08 , 69.06
30.175 , 0.02999878 , 69.08 , 69.05
30.177 , -0.01000214 , 69.03 , 69.04
30.178 , 0.04000092 , 69.08 , 69.04
30.18 , -0.01000214 , 69.03 , 69.04
30.182 , 0.0 , 69.03 , 69.03
30.183 , 0.05000305 , 69.08 , 69.03
30.185 , 0.06000519 , 69.08 , 69.02
30.187 , 0.0 , 69.01 , 69.01
30.188 , 0.0 , 69.01 , 69.01
30.19 , 0.0 , 69.01 , 69.01
30.191 , 0.01000214 , 69.01 , 69.0
30.193 , 0.01000214 , 69.01 , 69.0
30.194 , 0.02000427 , 69.01 , 68.99
30.196 , 0.04000092 , 69.03 , 68.99
30.198 , 0.02999878 , 69.01 , 68.98
30.199 , 0.02999878 , 69.01 , 68.98
30.201 , 0.04000092 , 69.01 , 68.97
30.203 , -0.01000214 , 68.96 , 68.97
30.205 , 0.05000305 , 69.01 , 68.96
30.206 , 0.0 , 68.96 , 68.96
30.208 , -0.009994507 , 68.94 , 68.95
30.21 , -0.009994507 , 68.94 , 68.95
30.212 , 0.01999664 , 68.96 , 68.94
30.213 , 0.0 , 68.94 , 68.94
30.215 , -0.04000092 , 68.89 , 68.93
30.216 , 0.01000214 , 68.94 , 68.93
30.218 , 0.02000427 , 68.94 , 68.92
30.22 , 0.02000427 , 68.94 , 68.92
30.222 , 0.02999878 , 68.94 , 68.91
30.223 , 0.02999878 , 68.94 , 68.91
30.225 , 0.04000092 , 68.94 , 68.9
30.227 , -0.01000214 , 68.89 , 68.9
30.228 , 0.05000305 , 68.94 , 68.89
30.23 , 0.0 , 68.89 , 68.89
30.232 , 0.01000214 , 68.89 , 68.88
30.233 , 0.01000214 , 68.89 , 68.88
30.235 , 0.0 , 68.87 , 68.87
30.237 , 0.01999664 , 68.89 , 68.87
30.238 , 0.01000214 , 68.87 , 68.86
30.24 , 0.01000214 , 68.87 , 68.86
30.242 , 0.04000092 , 68.89 , 68.85
30.243 , 0.0 , 68.85 , 68.85
30.245 , 0.03000641 , 68.87 , 68.84
30.247 , 0.03000641 , 68.87 , 68.84
30.248 , 0.04000092 , 68.87 , 68.83
30.25 , 0.04000092 , 68.87 , 68.83
30.252 , 0.02999878 , 68.85 , 68.82
30.253 , -0.04000092 , 68.78 , 68.82
30.255 , -0.009994507 , 68.8 , 68.81
30.257 , -0.02999878 , 68.78 , 68.81
30.259 , -0.02000427 , 68.78 , 68.8
30.261 , -0.02000427 , 68.78 , 68.8
30.262 , -0.05999756 , 68.73 , 68.79
30.264 , -0.01000214 , 68.78 , 68.79
30.266 , 0.0 , 68.78 , 68.78
30.267 , -0.06999969 , 68.71 , 68.78
30.269 , -0.03999329 , 68.73 , 68.77
30.271 , -0.03999329 , 68.73 , 68.77
30.273 , -0.05000305 , 68.71 , 68.76
30.274 , -0.02999878 , 68.73 , 68.76
30.276 , -0.01999664 , 68.73 , 68.75
30.278 , -0.04000092 , 68.71 , 68.75
30.279 , -0.02999878 , 68.71 , 68.74
30.281 , -0.02999878 , 68.71 , 68.74
30.283 , -0.02000427 , 68.71 , 68.73
30.285 , -0.05000305 , 68.67 , 68.72
30.286 , -0.05000305 , 68.67 , 68.72
30.288 , -0.01000214 , 68.71 , 68.72
30.29 , 0.0 , 68.71 , 68.71
30.291 , -0.04000092 , 68.67 , 68.71
30.293 , -0.02999878 , 68.67 , 68.7
30.295 , -0.02999878 , 68.67 , 68.7
30.297 , -0.02000427 , 68.67 , 68.69
30.299 , -0.01000214 , 68.67 , 68.68
30.3 , -0.04000092 , 68.64 , 68.68
30.302 , 0.0 , 68.67 , 68.67
30.304 , 0.0 , 68.67 , 68.67
30.305 , -0.02999878 , 68.64 , 68.67
30.307 , -0.02000427 , 68.64 , 68.66
30.309 , -0.05000305 , 68.6 , 68.65
30.31 , -0.01000214 , 68.64 , 68.65
30.312 , -0.04000092 , 68.6 , 68.64
30.314 , -0.04000092 , 68.6 , 68.64
30.315 , -0.04000092 , 68.6 , 68.64
30.317 , 0.01000214 , 68.64 , 68.63
30.319 , 0.01999664 , 68.64 , 68.62
30.321 , -0.05000305 , 68.57 , 68.62
30.322 , -0.06999969 , 68.55 , 68.62
30.324 , -0.01000214 , 68.6 , 68.61
30.326 , -0.04999542 , 68.55 , 68.6
30.328 , -0.02999878 , 68.57 , 68.6
30.329 , -0.01999664 , 68.57 , 68.59
30.331 , -0.03999329 , 68.55 , 68.59
30.333 , -0.01000214 , 68.57 , 68.58
30.335 , -0.02999878 , 68.55 , 68.58
30.336 , 0.0 , 68.57 , 68.57
30.338 , -0.05999756 , 68.51 , 68.57
30.34 , -0.04999542 , 68.51 , 68.56
30.341 , -0.009994507 , 68.55 , 68.56
30.343 , -0.04000092 , 68.51 , 68.55
30.345 , -0.04000092 , 68.51 , 68.55
30.347 , 0.01000214 , 68.55 , 68.54
30.348 , -0.02999878 , 68.51 , 68.54
30.35 , -0.01999664 , 68.51 , 68.53
30.352 , -0.01999664 , 68.51 , 68.53
30.353 , -0.03999329 , 68.48 , 68.52
30.355 , -0.009994507 , 68.51 , 68.52
30.357 , -0.02999878 , 68.48 , 68.51
30.359 , -0.02999878 , 68.48 , 68.51
30.36 , -0.01999664 , 68.48 , 68.5
30.362 , -0.01999664 , 68.48 , 68.5
30.364 , -0.009994507 , 68.48 , 68.49
30.365 , -0.04999542 , 68.44 , 68.49
30.367 , -0.06999969 , 68.41 , 68.48
30.369 , -0.06999969 , 68.41 , 68.48
30.371 , -0.02999878 , 68.44 , 68.47
30.372 , -0.02999878 , 68.44 , 68.47
30.374 , -0.04999542 , 68.41 , 68.46
30.376 , -0.04999542 , 68.41 , 68.46
30.378 , -0.03999329 , 68.41 , 68.45
30.379 , -0.03999329 , 68.41 , 68.45
30.381 , -0.02999878 , 68.41 , 68.44
30.383 , -0.02999878 , 68.41 , 68.44
30.384 , -0.05999756 , 68.37 , 68.43
30.386 , -0.05999756 , 68.37 , 68.43
30.388 , -0.04999542 , 68.37 , 68.42
30.39 , -0.04000092 , 68.37 , 68.41
30.391 , -0.09000397 , 68.32 , 68.41
30.393 , -0.04000092 , 68.37 , 68.41
30.395 , -0.02999878 , 68.37 , 68.4
30.396 , -0.02999878 , 68.37 , 68.4
30.398 , -0.01999664 , 68.37 , 68.39
30.4 , -0.009994507 , 68.37 , 68.38
30.402 , -0.02999878 , 68.35 , 68.38
30.404 , 0.0 , 68.37 , 68.37
30.405 , -0.05000305 , 68.32 , 68.37
30.407 , 0.01000214 , 68.37 , 68.36
30.408 , -0.04000092 , 68.32 , 68.36
30.41 , -0.01000214 , 68.35 , 68.36
30.412 , 0.0 , 68.35 , 68.35
30.413 , 0.02000427 , 68.37 , 68.35
30.415 , 0.01000214 , 68.35 , 68.34
30.417 , -0.01000214 , 68.32 , 68.33
30.418 , -0.01000214 , 68.32 , 68.33
30.42 , -0.01000214 , 68.32 , 68.33
30.422 , 0.0 , 68.32 , 68.32
30.423 , -0.04000092 , 68.28 , 68.32
30.425 , 0.01000214 , 68.32 , 68.31
30.427 , -0.02000427 , 68.28 , 68.3
30.428 , -0.05000305 , 68.25 , 68.3
30.43 , -0.05000305 , 68.25 , 68.3
30.432 , -0.01000214 , 68.28 , 68.29
30.433 , -0.04000092 , 68.25 , 68.29
30.435 , -0.02999878 , 68.25 , 68.28
30.437 , -0.02999878 , 68.25 , 68.28
30.438 , -0.01999664 , 68.25 , 68.27
30.44 , -0.01999664 , 68.25 , 68.27
30.442 , -0.01000214 , 68.25 , 68.26
30.444 , 0.0 , 68.25 , 68.25
30.445 , -0.04000092 , 68.21 , 68.25
30.447 , -0.04000092 , 68.21 , 68.25
30.448 , 0.01000214 , 68.25 , 68.24
30.45 , -0.02999878 , 68.21 , 68.24
30.452 , -0.02000427 , 68.21 , 68.23
30.454 , -0.02000427 , 68.21 , 68.23
30.455 , 0.02999878 , 68.25 , 68.22
30.457 , -0.04000092 , 68.18 , 68.22
30.459 , -0.02999878 , 68.18 , 68.21
30.46 , 0.0 , 68.21 , 68.21
30.462 , 0.05000305 , 68.25 , 68.2
30.464 , 0.05000305 , 68.25 , 68.2
30.465 , -0.01000214 , 68.18 , 68.19
30.467 , 0.01999664 , 68.21 , 68.19
30.469 , 0.0 , 68.18 , 68.18
30.47 , 0.0 , 68.18 , 68.18
30.472 , 0.01000214 , 68.18 , 68.17
30.473 , 0.01000214 , 68.18 , 68.17
30.475 , 0.01999664 , 68.18 , 68.16
30.477 , 0.04999542 , 68.21 , 68.16
30.478 , 0.02999878 , 68.18 , 68.15
30.48 , 0.02999878 , 68.18 , 68.15
30.482 , 0.0 , 68.14 , 68.14
30.483 , 0.04000092 , 68.18 , 68.14
30.485 , 0.01000214 , 68.14 , 68.13
30.487 , 0.01000214 , 68.14 , 68.13
30.489 , 0.0 , 68.12 , 68.12
30.49 , 0.0 , 68.12 , 68.12
30.492 , 0.01000214 , 68.12 , 68.11
30.493 , 0.01000214 , 68.12 , 68.11
30.495 , 0.02000427 , 68.12 , 68.1
30.496 , 0.02000427 , 68.12 , 68.1
30.498 , 0.02000427 , 68.12 , 68.1
30.5 , 0.0 , 68.09 , 68.09
30.501 , 0.0 , 68.09 , 68.09
30.503 , 0.009994507 , 68.09 , 68.08
30.505 , -0.01999664 , 68.05 , 68.07
30.506 , 0.01999664 , 68.09 , 68.07
30.508 , 0.01999664 , 68.09 , 68.07
30.51 , -0.009994507 , 68.05 , 68.06
30.512 , 0.03999329 , 68.09 , 68.05
30.514 , -0.03000641 , 68.02 , 68.05
30.515 , 0.01000214 , 68.05 , 68.04
30.517 , 0.04999542 , 68.09 , 68.04
30.519 , 0.02000427 , 68.05 , 68.03
30.52 , 0.02000427 , 68.05 , 68.03
30.522 , 0.03000641 , 68.05 , 68.02
30.524 , 0.0 , 68.02 , 68.02
30.525 , 0.0 , 68.02 , 68.02
30.527 , 0.04000092 , 68.05 , 68.01
30.528 , 0.009994507 , 68.02 , 68.01
30.53 , 0.01999664 , 68.02 , 68.0
30.532 , -0.009994507 , 67.98 , 67.99
30.534 , 0.02999878 , 68.02 , 67.99
30.536 , 0.03999329 , 68.02 , 67.98
30.537 , 0.0 , 67.98 , 67.98
30.539 , 0.08000183 , 68.05 , 67.97
30.541 , 0.01000214 , 67.98 , 67.97
30.542 , 0.02000427 , 67.98 , 67.96
30.544 , 0.0 , 67.96 , 67.96
30.545 , 0.02000427 , 67.98 , 67.96
30.547 , 0.01000214 , 67.96 , 67.95
30.549 , 0.04000092 , 67.98 , 67.94
30.551 , 0.01999664 , 67.96 , 67.94
30.552 , 0.04000092 , 67.98 , 67.94
30.554 , 0.02999878 , 67.96 , 67.93
30.556 , 0.04000092 , 67.96 , 67.92
30.557 , 0.04000092 , 67.96 , 67.92
30.559 , 0.0 , 67.91 , 67.91
30.561 , 0.0 , 67.91 , 67.91
30.562 , 0.0 , 67.91 , 67.91
30.564 , 0.01000214 , 67.91 , 67.9
30.565 , 0.01000214 , 67.91 , 67.9
30.567 , 0.0 , 67.89 , 67.89
30.569 , 0.02000427 , 67.91 , 67.89
30.57 , -0.01999664 , 67.86 , 67.88
30.572 , 0.01000214 , 67.89 , 67.88
30.574 , 0.01999664 , 67.89 , 67.87
30.576 , 0.02999878 , 67.89 , 67.86
30.577 , 0.0 , 67.86 , 67.86
30.579 , 0.0 , 67.86 , 67.86
30.58 , 0.01000214 , 67.86 , 67.85
30.582 , 0.04000092 , 67.89 , 67.85
30.584 , 0.05000305 , 67.89 , 67.84
30.594 , 0.05000305 , 67.86 , 67.81
30.595 , 0.01000214 , 67.82 , 67.81
30.597 , 0.01999664 , 67.82 , 67.8
30.599 , 0.01999664 , 67.82 , 67.8
30.6 , 0.02999878 , 67.82 , 67.79
30.602 , -0.04000092 , 67.75 , 67.79
30.604 , 0.04000092 , 67.82 , 67.78
30.606 , 0.02000427 , 67.8 , 67.78
30.607 , 0.03000641 , 67.8 , 67.77
30.609 , -0.01999664 , 67.75 , 67.77
30.611 , 0.04000092 , 67.8 , 67.76
30.612 , -0.01000214 , 67.75 , 67.76
30.614 , 0.05000305 , 67.8 , 67.75
30.616 , 0.05000305 , 67.8 , 67.75
30.617 , 0.06000519 , 67.8 , 67.74
30.619 , 0.06000519 , 67.8 , 67.74
30.621 , 0.01999664 , 67.75 , 67.73
30.622 , 0.01999664 , 67.75 , 67.73
30.624 , 0.01000214 , 67.73 , 67.72
30.626 , 0.02999878 , 67.75 , 67.72
30.627 , 0.02000427 , 67.73 , 67.71
30.629 , 0.04000092 , 67.75 , 67.71
30.631 , 0.03000641 , 67.73 , 67.7
30.632 , 0.03000641 , 67.73 , 67.7
30.634 , -0.01000214 , 67.68 , 67.69
30.636 , -0.01000214 , 67.68 , 67.69
30.637 , 0.0 , 67.68 , 67.68
30.639 , 0.0 , 67.68 , 67.68
30.64 , 0.0 , 67.68 , 67.68
30.642 , 0.01000214 , 67.68 , 67.67
30.644 , 0.01999664 , 67.68 , 67.66
30.645 , 0.01999664 , 67.68 , 67.66
30.647 , 0.02999878 , 67.68 , 67.65
30.649 , -0.01000214 , 67.64 , 67.65
30.65 , 0.02999878 , 67.68 , 67.65
30.652 , 0.0 , 67.64 , 67.64
30.654 , 0.01000214 , 67.64 , 67.63
30.656 , 0.05000305 , 67.68 , 67.63
30.657 , -0.03000641 , 67.59 , 67.62
30.659 , -0.03000641 , 67.59 , 67.62
30.661 , -0.02000427 , 67.59 , 67.61
30.662 , 0.02999878 , 67.64 , 67.61
30.664 , -0.01000214 , 67.59 , 67.6
30.666 , -0.01000214 , 67.59 , 67.6
30.668 , 0.0 , 67.59 , 67.59
30.669 , -0.01999664 , 67.57 , 67.59
30.671 , -0.01000214 , 67.57 , 67.58
30.673 , -0.01000214 , 67.57 , 67.58
30.674 , 0.01999664 , 67.59 , 67.57
30.676 , 0.01999664 , 67.59 , 67.57
30.678 , -0.05999756 , 67.5 , 67.56
30.68 , 0.01000214 , 67.57 , 67.56
30.682 , 0.01999664 , 67.57 , 67.55
30.683 , -0.03000641 , 67.52 , 67.55
30.685 , -0.04000092 , 67.5 , 67.54
30.687 , -0.02000427 , 67.52 , 67.54
30.688 , -0.02999878 , 67.5 , 67.53
30.69 , -0.02999878 , 67.5 , 67.53
30.692 , -0.01999664 , 67.5 , 67.52
30.694 , -0.01999664 , 67.5 , 67.52
30.695 , -0.01000214 , 67.5 , 67.51
30.697 , -0.06000519 , 67.45 , 67.51
30.699 , 0.0 , 67.5 , 67.5
30.7 , -0.06999969 , 67.43 , 67.5
30.702 , -0.04000092 , 67.45 , 67.49
30.704 , -0.04000092 , 67.45 , 67.49
30.705 , -0.05000305 , 67.43 , 67.48
30.707 , -0.03000641 , 67.45 , 67.48
30.709 , -0.02000427 , 67.45 , 67.47
30.71 , -0.02000427 , 67.45 , 67.47
30.712 , -0.01000214 , 67.45 , 67.46
30.714 , -0.02999878 , 67.43 , 67.46
30.716 , -0.03999329 , 67.41 , 67.45
30.717 , -0.01999664 , 67.43 , 67.45
30.719 , -0.01000214 , 67.43 , 67.44
30.721 , -0.02999878 , 67.41 , 67.44
30.722 , 0.0 , 67.43 , 67.43
30.724 , 0.0 , 67.43 , 67.43
30.725 , -0.08000183 , 67.34 , 67.42
30.727 , -0.009994507 , 67.41 , 67.42
30.729 , 0.0 , 67.41 , 67.41
30.73 , -0.05000305 , 67.36 , 67.41
30.732 , 0.01000214 , 67.41 , 67.4
30.734 , 0.01000214 , 67.41 , 67.4
30.735 , -0.02999878 , 67.36 , 67.39
30.737 , -0.02999878 , 67.36 , 67.39
30.739 , -0.01999664 , 67.36 , 67.38
30.741 , -0.04000092 , 67.34 , 67.38
30.742 , -0.03000641 , 67.34 , 67.37
30.744 , -0.03000641 , 67.34 , 67.37
30.746 , -0.06999969 , 67.29 , 67.36
30.747 , -0.02000427 , 67.34 , 67.36
30.749 , -0.01000214 , 67.34 , 67.35
30.751 , -0.01000214 , 67.34 , 67.35
30.753 , 0.0 , 67.34 , 67.34
30.754 , 0.0 , 67.34 , 67.34
30.756 , -0.04000092 , 67.29 , 67.33
30.757 , 0.009994507 , 67.34 , 67.33
30.759 , -0.02999878 , 67.29 , 67.32
30.761 , -0.02999878 , 67.29 , 67.32
30.763 , -0.04000092 , 67.27 , 67.31
30.764 , -0.01999664 , 67.29 , 67.31
30.766 , -0.03000641 , 67.27 , 67.3
30.768 , -0.08000183 , 67.22 , 67.3
30.77 , 0.0 , 67.29 , 67.29
30.771 , -0.02000427 , 67.27 , 67.29
30.773 , -0.01000214 , 67.27 , 67.28
30.774 , -0.05999756 , 67.22 , 67.28
30.776 , -0.06999969 , 67.2 , 67.27
30.778 , -0.04999542 , 67.22 , 67.27
30.78 , -0.06000519 , 67.2 , 67.26
30.781 , -0.04000092 , 67.22 , 67.26
30.783 , -0.05000305 , 67.2 , 67.25
30.785 , -0.05000305 , 67.2 , 67.25
30.787 , -0.05999756 , 67.18 , 67.24
30.788 , -0.05999756 , 67.18 , 67.24
30.79 , -0.03000641 , 67.2 , 67.23
30.792 , -0.05000305 , 67.18 , 67.23
30.793 , -0.02000427 , 67.2 , 67.22
30.795 , -0.09000397 , 67.13 , 67.22
30.797 , -0.02999878 , 67.18 , 67.21
30.798 , -0.08000183 , 67.13 , 67.21
30.8 , -0.01999664 , 67.18 , 67.2
30.802 , -0.06999969 , 67.13 , 67.2
30.804 , -0.01000214 , 67.18 , 67.19
30.805 , -0.06000519 , 67.13 , 67.19
30.807 , -0.05000305 , 67.13 , 67.18
30.809 , -0.05000305 , 67.13 , 67.18
30.81 , -0.04000092 , 67.13 , 67.17
30.812 , -0.05999756 , 67.11 , 67.17
30.814 , -0.03000641 , 67.13 , 67.16
30.816 , -0.02000427 , 67.13 , 67.15
30.817 , -0.04000092 , 67.11 , 67.15
30.819 , -0.09000397 , 67.06 , 67.15
30.821 , -0.02999878 , 67.11 , 67.14
30.822 , -0.02999878 , 67.11 , 67.14
30.824 , -0.01999664 , 67.11 , 67.13
30.826 , -0.06999969 , 67.06 , 67.13
30.828 , -0.06000519 , 67.06 , 67.12
30.829 , -0.06000519 , 67.06 , 67.12
30.831 , -0.05000305 , 67.06 , 67.11
30.833 , -0.04000092 , 67.06 , 67.1
30.835 , -0.05999756 , 67.04 , 67.1
30.836 , -0.05999756 , 67.04 , 67.1
30.838 , -0.02999878 , 67.06 , 67.09
30.84 , -0.04000092 , 67.04 , 67.08
30.841 , -0.02000427 , 67.06 , 67.08
30.843 , -0.02999878 , 67.04 , 67.07
30.845 , -0.02999878 , 67.04 , 67.07
30.847 , -0.01999664 , 67.04 , 67.06
30.848 , -0.06999969 , 66.99 , 67.06
30.85 , -0.06000519 , 66.99 , 67.05
30.852 , -0.06000519 , 66.99 , 67.05
30.854 , -0.06999969 , 66.97 , 67.04
30.855 , -0.06999969 , 66.97 , 67.04
30.857 , -0.05999756 , 66.97 , 67.03
30.859 , -0.05999756 , 66.97 , 67.03
30.861 , -0.04999542 , 66.97 , 67.02
30.862 , -0.04999542 , 66.97 , 67.02
30.864 , -0.04000092 , 66.97 , 67.01
30.866 , -0.04000092 , 66.97 , 67.01
30.867 , -0.02999878 , 66.97 , 67.0
30.869 , -0.02999878 , 66.97 , 67.0
30.871 , -0.04000092 , 66.95 , 66.99
30.873 , -0.08999634 , 66.9 , 66.99
30.874 , -0.08000183 , 66.9 , 66.98
30.876 , -0.03000641 , 66.95 , 66.98
30.878 , -0.02000427 , 66.95 , 66.97
30.88 , -0.06999969 , 66.9 , 66.97
30.881 , -0.05999756 , 66.9 , 66.96
30.883 , -0.01000214 , 66.95 , 66.96
30.885 , -0.04999542 , 66.9 , 66.95
30.887 , -0.04000092 , 66.9 , 66.94
30.888 , -0.06000519 , 66.88 , 66.94
30.89 , -0.04000092 , 66.9 , 66.94
30.892 , -0.02999878 , 66.9 , 66.93
30.893 , -0.05000305 , 66.88 , 66.93
30.895 , -0.01999664 , 66.9 , 66.92
30.897 , -0.04000092 , 66.88 , 66.92
30.899 , -0.03000641 , 66.88 , 66.91
30.9 , -0.03000641 , 66.88 , 66.91
30.902 , -0.09000397 , 66.81 , 66.9
30.904 , -0.01000214 , 66.88 , 66.89
30.906 , -0.01000214 , 66.88 , 66.89
30.907 , -0.08000183 , 66.81 , 66.89
30.909 , -0.06999969 , 66.81 , 66.88
30.911 , -0.06000519 , 66.81 , 66.87
30.913 , -0.1300049 , 66.74 , 66.87
30.914 , -0.06000519 , 66.81 , 66.87
30.916 , -0.06999969 , 66.79 , 66.86
30.918 , -0.05999756 , 66.79 , 66.85
30.919 , -0.05999756 , 66.79 , 66.85
30.921 , -0.04999542 , 66.79 , 66.84
30.923 , -0.04999542 , 66.79 , 66.84
30.925 , -0.04000092 , 66.79 , 66.83
30.926 , -0.09000397 , 66.74 , 66.83
30.928 , -0.08000183 , 66.74 , 66.82
30.93 , -0.08000183 , 66.74 , 66.82
30.932 , -0.06999969 , 66.74 , 66.81
30.933 , -0.06999969 , 66.74 , 66.81
30.935 , -0.06000519 , 66.74 , 66.8
30.937 , -0.08000183 , 66.72 , 66.8
30.938 , -0.05000305 , 66.74 , 66.79
30.94 , -0.05000305 , 66.74 , 66.79
30.942 , -0.05999756 , 66.72 , 66.78
30.944 , -0.04000092 , 66.74 , 66.78
30.945 , -0.04999542 , 66.72 , 66.77
30.947 , -0.04999542 , 66.72 , 66.77
30.949 , -0.09000397 , 66.67 , 66.76
30.951 , -0.04000092 , 66.72 , 66.76
30.952 , -0.09999847 , 66.65 , 66.75
30.954 , -0.08000183 , 66.67 , 66.75
30.956 , -0.01999664 , 66.72 , 66.74
30.957 , -0.06999969 , 66.67 , 66.74
30.959 , -0.08000183 , 66.65 , 66.73
30.961 , -0.06000519 , 66.67 , 66.73
30.963 , -0.06999969 , 66.65 , 66.72
30.964 , -0.06999969 , 66.65 , 66.72
30.966 , -0.05999756 , 66.65 , 66.71
30.968 , -0.05999756 , 66.65 , 66.71
30.97 , -0.04999542 , 66.65 , 66.7
30.971 , -0.06999969 , 66.63 , 66.7
30.973 , -0.06000519 , 66.63 , 66.69
30.975 , -0.05000305 , 66.63 , 66.68
30.977 , -0.02999878 , 66.65 , 66.68
30.978 , -0.02999878 , 66.65 , 66.68
30.98 , -0.04000092 , 66.63 , 66.67
30.982 , -0.03000641 , 66.63 , 66.66
30.984 , -0.03000641 , 66.63 , 66.66
30.985 , -0.03000641 , 66.63 , 66.66
30.987 , -0.06999969 , 66.58 , 66.65
30.989 , -0.05999756 , 66.58 , 66.64
30.991 , -0.05999756 , 66.58 , 66.64
30.992 , 0.0 , 66.63 , 66.63
30.994 , -0.04999542 , 66.58 , 66.63
30.996 , -0.06000519 , 66.56 , 66.62
30.997 , -0.06000519 , 66.56 , 66.62
30.999 , -0.09999847 , 66.51 , 66.61
31.001 , -0.05000305 , 66.56 , 66.61
31.002 , -0.01999664 , 66.58 , 66.6
31.004 , -0.04000092 , 66.56 , 66.6
31.006 , -0.02999878 , 66.56 , 66.59
31.008 , -0.02999878 , 66.56 , 66.59
31.01 , -0.06999969 , 66.51 , 66.58
31.011 , -0.06999969 , 66.51 , 66.58
31.013 , -0.05999756 , 66.51 , 66.57
31.015 , -0.05999756 , 66.51 , 66.57
31.016 , -0.04999542 , 66.51 , 66.56
31.018 , -0.04999542 , 66.51 , 66.56
31.02 , -0.04000092 , 66.51 , 66.55
31.022 , -0.06000519 , 66.49 , 66.55
31.023 , -0.05000305 , 66.49 , 66.54
31.025 , -0.02999878 , 66.51 , 66.54
31.027 , -0.08000183 , 66.45 , 66.53
31.028 , -0.08000183 , 66.45 , 66.53
31.03 , -0.02999878 , 66.49 , 66.52
31.032 , -0.02999878 , 66.49 , 66.52
31.034 , -0.02000427 , 66.49 , 66.51
31.035 , -0.02000427 , 66.49 , 66.51
31.037 , -0.01000214 , 66.49 , 66.5
31.039 , -0.05000305 , 66.45 , 66.5
31.04 , -0.06999969 , 66.42 , 66.49
31.042 , -0.08999634 , 66.4 , 66.49
31.044 , -0.03000641 , 66.45 , 66.48
31.046 , -0.06999969 , 66.4 , 66.47
31.047 , -0.06999969 , 66.4 , 66.47
31.049 , -0.05000305 , 66.42 , 66.47
31.051 , -0.05999756 , 66.4 , 66.46
31.052 , -0.1100006 , 66.35 , 66.46
31.054 , -0.04999542 , 66.4 , 66.45
31.056 , -0.04999542 , 66.4 , 66.45
31.057 , -0.09000397 , 66.35 , 66.44
31.059 , -0.04000092 , 66.4 , 66.44
31.061 , -0.02999878 , 66.4 , 66.43
31.062 , -0.08000183 , 66.35 , 66.43
31.064 , -0.08999634 , 66.33 , 66.42
31.066 , -0.06999969 , 66.35 , 66.42
31.068 , -0.01000214 , 66.4 , 66.41
31.069 , -0.06000519 , 66.35 , 66.41
31.071 , -0.05000305 , 66.35 , 66.4
31.073 , -0.05999756 , 66.33 , 66.39
31.075 , -0.09999847 , 66.29 , 66.39
31.076 , -0.09999847 , 66.29 , 66.39
31.078 , -0.08999634 , 66.29 , 66.38
31.08 , -0.04000092 , 66.33 , 66.37
31.081 , -0.04000092 , 66.33 , 66.37
31.083 , -0.02000427 , 66.35 , 66.37
31.085 , -0.06999969 , 66.29 , 66.36
31.087 , -0.05999756 , 66.29 , 66.35
31.088 , -0.01999664 , 66.33 , 66.35
31.09 , -0.04999542 , 66.29 , 66.34
31.092 , -0.0799942 , 66.26 , 66.34
31.094 , -0.04000092 , 66.29 , 66.33
31.095 , -0.04000092 , 66.29 , 66.33
31.097 , -0.05999756 , 66.26 , 66.32
31.099 , -0.02999878 , 66.29 , 66.32
31.1 , -0.09999847 , 66.22 , 66.32
31.102 , -0.04999542 , 66.26 , 66.31
31.104 , -0.01000214 , 66.29 , 66.3
31.105 , -0.08000183 , 66.22 , 66.3
31.107 , -0.02999878 , 66.26 , 66.29
31.109 , -0.09999847 , 66.19 , 66.29
31.111 , -0.01999664 , 66.26 , 66.28
31.112 , -0.05999756 , 66.22 , 66.28
31.114 , -0.04999542 , 66.22 , 66.27
31.116 , -0.0799942 , 66.19 , 66.27
31.117 , -0.04000092 , 66.22 , 66.26
31.119 , -0.06999969 , 66.19 , 66.26
31.121 , -0.05999756 , 66.19 , 66.25
31.122 , -0.05999756 , 66.19 , 66.25
31.124 , -0.04999542 , 66.19 , 66.24
31.126 , -0.04999542 , 66.19 , 66.24
31.128 , -0.04000092 , 66.19 , 66.23
31.129 , -0.04000092 , 66.19 , 66.23
31.131 , -0.02999878 , 66.19 , 66.22
31.133 , -0.02999878 , 66.19 , 66.22
31.134 , -0.01999664 , 66.19 , 66.21
31.136 , -0.01999664 , 66.19 , 66.21
31.138 , -0.02999878 , 66.17 , 66.2
31.139 , -0.0799942 , 66.12 , 66.2
31.141 , -0.06999969 , 66.12 , 66.19
31.143 , -0.06999969 , 66.12 , 66.19
31.145 , -0.05999756 , 66.12 , 66.18
31.146 , -0.01000214 , 66.17 , 66.18
31.148 , -0.06999969 , 66.1 , 66.17
31.15 , -0.04999542 , 66.12 , 66.17
31.151 , -0.06000519 , 66.1 , 66.16
31.153 , -0.04000092 , 66.12 , 66.16
31.155 , -0.02999878 , 66.12 , 66.15
31.157 , -0.05000305 , 66.1 , 66.15
31.158 , -0.04000092 , 66.1 , 66.14
31.16 , -0.04000092 , 66.1 , 66.14
31.162 , -0.02999878 , 66.1 , 66.13
31.164 , -0.06999969 , 66.06 , 66.13
31.165 , -0.06000519 , 66.06 , 66.12
31.167 , -0.06000519 , 66.06 , 66.12
31.169 , -0.05000305 , 66.06 , 66.11
31.17 , -0.05000305 , 66.06 , 66.11
31.172 , -0.04000092 , 66.06 , 66.1
31.174 , -0.06999969 , 66.03 , 66.1
31.176 , -0.02999878 , 66.06 , 66.09
31.177 , -0.05999756 , 66.03 , 66.09
31.179 , -0.02000427 , 66.06 , 66.08
31.181 , -0.02000427 , 66.06 , 66.08
31.183 , -0.04000092 , 66.03 , 66.07
31.184 , -0.08000183 , 65.99 , 66.07
31.186 , -0.02999878 , 66.03 , 66.06
31.188 , 0.009994507 , 66.06 , 66.05
31.19 , -0.02000427 , 66.03 , 66.05
31.191 , -0.02000427 , 66.03 , 66.05
31.193 , -0.01000214 , 66.03 , 66.04
31.195 , 0.0 , 66.03 , 66.03
31.196 , 0.0 , 66.03 , 66.03
31.198 , 0.0 , 66.03 , 66.03
31.199 , 0.04000092 , 66.06 , 66.02
31.201 , 0.01000214 , 66.03 , 66.02
31.203 , 0.01999664 , 66.03 , 66.01
31.204 , -0.02000427 , 65.99 , 66.01
31.206 , -0.04000092 , 65.96 , 66.0
31.208 , -0.01000214 , 65.99 , 66.0
31.209 , 0.0 , 65.99 , 65.99
31.211 , -0.02999878 , 65.96 , 65.99
31.213 , 0.009994507 , 65.99 , 65.98
31.215 , -0.02000427 , 65.96 , 65.98
31.216 , 0.01999664 , 65.99 , 65.97
31.218 , -0.01000214 , 65.96 , 65.97
31.22 , 0.0 , 65.96 , 65.96
31.221 , 0.02999878 , 65.99 , 65.96
31.223 , -0.009994507 , 65.94 , 65.95
31.225 , 0.01000214 , 65.96 , 65.95
31.227 , -0.04000092 , 65.9 , 65.94
31.229 , 0.01000214 , 65.94 , 65.93
31.23 , 0.01000214 , 65.94 , 65.93
31.232 , 0.04000092 , 65.96 , 65.92
31.234 , -0.01999664 , 65.9 , 65.92
31.235 , -0.01999664 , 65.9 , 65.92
31.237 , -0.01000214 , 65.9 , 65.91
31.239 , 0.04000092 , 65.94 , 65.9
31.24 , 0.0 , 65.9 , 65.9
31.242 , 0.0 , 65.9 , 65.9
31.243 , 0.05000305 , 65.94 , 65.89
31.245 , 0.01000214 , 65.9 , 65.89
31.246 , -0.009994507 , 65.87 , 65.88
31.248 , -0.009994507 , 65.87 , 65.88
31.25 , 0.0 , 65.87 , 65.87
31.252 , 0.02999878 , 65.9 , 65.87
31.253 , 0.01000214 , 65.87 , 65.86
31.255 , -0.02999878 , 65.83 , 65.86
31.257 , 0.02000427 , 65.87 , 65.85
31.258 , 0.02000427 , 65.87 , 65.85
31.26 , 0.03000641 , 65.87 , 65.84
31.262 , 0.03000641 , 65.87 , 65.84
31.263 , 0.0 , 65.83 , 65.83
31.265 , 0.0 , 65.83 , 65.83
31.266 , 0.01000214 , 65.83 , 65.82
31.268 , 0.01000214 , 65.83 , 65.82
31.27 , -0.009994507 , 65.8 , 65.81
31.272 , -0.009994507 , 65.8 , 65.81
31.273 , 0.0 , 65.8 , 65.8
31.275 , 0.02999878 , 65.83 , 65.8
31.277 , 0.01000214 , 65.8 , 65.79
31.278 , 0.01000214 , 65.8 , 65.79
31.28 , 0.02000427 , 65.8 , 65.78
31.282 , -0.01999664 , 65.76 , 65.78
31.283 , -0.009994507 , 65.76 , 65.77
31.285 , -0.009994507 , 65.76 , 65.77
31.287 , 0.04000092 , 65.8 , 65.76
31.289 , 0.0 , 65.76 , 65.76
31.29 , 0.01000214 , 65.76 , 65.75
31.292 , 0.01000214 , 65.76 , 65.75
31.293 , 0.06000519 , 65.8 , 65.74
31.295 , 0.02000427 , 65.76 , 65.74
31.297 , 0.009994507 , 65.74 , 65.73
31.299 , 0.009994507 , 65.74 , 65.73
31.3 , 0.01999664 , 65.74 , 65.72
31.302 , 0.01999664 , 65.74 , 65.72
31.304 , 0.02999878 , 65.74 , 65.71
31.306 , 0.02999878 , 65.74 , 65.71
31.308 , 0.01000214 , 65.71 , 65.7
31.309 , 0.04000092 , 65.74 , 65.7
31.311 , 0.01999664 , 65.71 , 65.69
31.313 , 0.01999664 , 65.71 , 65.69
31.314 , 0.02999878 , 65.71 , 65.68
31.316 , 0.02999878 , 65.71 , 65.68
31.318 , 0.0 , 65.67 , 65.67
31.319 , 0.04000092 , 65.71 , 65.67
31.321 , 0.04999542 , 65.71 , 65.66
31.323 , 0.009994507 , 65.67 , 65.66
31.325 , 0.01999664 , 65.67 , 65.65
31.327 , 0.02999878 , 65.67 , 65.64
31.328 , 0.02999878 , 65.67 , 65.64
31.33 , 0.02999878 , 65.67 , 65.64
31.332 , -0.02999878 , 65.6 , 65.63
31.334 , 0.01999664 , 65.64 , 65.62
31.336 , 0.01999664 , 65.64 , 65.62
31.337 , 0.02999878 , 65.64 , 65.61
31.339 , 0.02999878 , 65.64 , 65.61
31.341 , 0.04000092 , 65.64 , 65.6
31.342 , 0.0 , 65.6 , 65.6
31.344 , 0.01000214 , 65.6 , 65.59
31.346 , 0.05000305 , 65.64 , 65.59
31.348 , 0.01999664 , 65.6 , 65.58
31.349 , 0.01999664 , 65.6 , 65.58
31.351 , 0.02999878 , 65.6 , 65.57
31.353 , 0.02999878 , 65.6 , 65.57
31.355 , 0.04000092 , 65.6 , 65.56
31.357 , 0.02000427 , 65.58 , 65.56
31.358 , 0.02999878 , 65.58 , 65.55
31.36 , 0.04999542 , 65.6 , 65.55
31.362 , 0.04000092 , 65.58 , 65.54
31.363 , 0.04000092 , 65.58 , 65.54
31.365 , 0.05000305 , 65.58 , 65.53
31.367 , 0.0 , 65.53 , 65.53
31.368 , 0.01000214 , 65.53 , 65.52
31.378 , 0.04000092 , 65.53 , 65.49
31.38 , -0.009994507 , 65.48 , 65.49
31.381 , 0.02999878 , 65.51 , 65.48
31.383 , 0.0 , 65.48 , 65.48
31.385 , 0.04000092 , 65.51 , 65.47
31.386 , 0.04000092 , 65.51 , 65.47
31.388 , 0.05000305 , 65.51 , 65.46
31.39 , 0.02000427 , 65.48 , 65.46
31.391 , 0.03000641 , 65.48 , 65.45
31.393 , -0.009994507 , 65.44 , 65.45
31.395 , 0.0 , 65.44 , 65.44
31.396 , 0.0 , 65.44 , 65.44
31.398 , 0.01000214 , 65.44 , 65.43
31.399 , -0.01000214 , 65.42 , 65.43
31.401 , -0.01000214 , 65.42 , 65.43
31.403 , 0.0 , 65.42 , 65.42
31.404 , 0.0 , 65.42 , 65.42
31.406 , 0.009994507 , 65.42 , 65.41
31.408 , 0.01999664 , 65.42 , 65.4
31.409 , 0.01999664 , 65.42 , 65.4
31.411 , 0.01999664 , 65.42 , 65.4
31.413 , 0.02999878 , 65.42 , 65.39
31.415 , -0.02999878 , 65.35 , 65.38
31.416 , -0.02999878 , 65.35 , 65.38
31.418 , -0.02000427 , 65.35 , 65.37
31.42 , -0.02000427 , 65.35 , 65.37
31.421 , -0.02000427 , 65.35 , 65.37
31.423 , 0.01000214 , 65.37 , 65.36
31.425 , -0.04999542 , 65.3 , 65.35
31.426 , 0.0 , 65.35 , 65.35
31.428 , 0.0 , 65.35 , 65.35
31.43 , -0.03999329 , 65.3 , 65.34
31.431 , -0.03999329 , 65.3 , 65.34
31.433 , -0.05000305 , 65.28 , 65.33
31.435 , -0.01999664 , 65.3 , 65.32
31.436 , -0.01999664 , 65.3 , 65.32
31.438 , -0.04000092 , 65.28 , 65.32
31.44 , -0.02999878 , 65.28 , 65.31
31.442 , -0.02000427 , 65.28 , 65.3
31.443 , -0.02000427 , 65.28 , 65.3
31.445 , -0.02000427 , 65.28 , 65.3
31.447 , -0.02999878 , 65.26 , 65.29
31.448 , -0.02999878 , 65.26 , 65.29
31.45 , -0.01999664 , 65.26 , 65.28
31.452 , -0.009994507 , 65.26 , 65.27
31.454 , -0.009994507 , 65.26 , 65.27
31.455 , -0.009994507 , 65.26 , 65.27
31.457 , 0.0 , 65.26 , 65.26
31.459 , -0.04000092 , 65.21 , 65.25
31.46 , -0.04000092 , 65.21 , 65.25
31.462 , 0.02000427 , 65.26 , 65.24
31.464 , -0.02999878 , 65.21 , 65.24
31.466 , 0.04999542 , 65.28 , 65.23
31.467 , -0.02000427 , 65.21 , 65.23
31.469 , -0.01000214 , 65.21 , 65.22
31.471 , -0.01000214 , 65.21 , 65.22
31.472 , -0.01000214 , 65.21 , 65.22
31.474 , -0.01999664 , 65.19 , 65.21
31.476 , -0.009994507 , 65.19 , 65.2
31.478 , 0.01000214 , 65.21 , 65.2
31.479 , 0.0 , 65.19 , 65.19
31.481 , 0.0 , 65.19 , 65.19
31.482 , -0.05000305 , 65.14 , 65.19
31.484 , -0.04000092 , 65.14 , 65.18
31.486 , -0.02999878 , 65.14 , 65.17
31.487 , -0.04999542 , 65.12 , 65.17
31.489 , -0.02000427 , 65.14 , 65.16
31.491 , -0.02000427 , 65.14 , 65.16
31.493 , 0.04000092 , 65.19 , 65.15
31.494 , -0.02999878 , 65.12 , 65.15
31.496 , -0.01999664 , 65.12 , 65.14
31.498 , 0.0 , 65.14 , 65.14
31.499 , 0.05000305 , 65.19 , 65.14
31.501 , 0.01000214 , 65.14 , 65.13
31.503 , 0.01999664 , 65.14 , 65.12
31.504 , -0.05000305 , 65.07 , 65.12
31.506 , 0.02999878 , 65.14 , 65.11
31.508 , 0.01000214 , 65.12 , 65.11
31.509 , 0.01000214 , 65.12 , 65.11
31.511 , 0.02000427 , 65.12 , 65.1
31.513 , 0.03000641 , 65.12 , 65.09
31.514 , 0.03000641 , 65.12 , 65.09
31.516 , 0.03000641 , 65.12 , 65.09
31.518 , 0.04000092 , 65.12 , 65.08
31.519 , 0.04000092 , 65.12 , 65.08
31.521 , 0.0 , 65.07 , 65.07
31.523 , 0.06000519 , 65.12 , 65.06
31.524 , 0.01000214 , 65.07 , 65.06
31.526 , -0.009994507 , 65.05 , 65.06
31.528 , 0.01999664 , 65.07 , 65.05
31.53 , 0.01000214 , 65.05 , 65.04
31.531 , 0.01000214 , 65.05 , 65.04
31.533 , 0.02000427 , 65.05 , 65.03
31.534 , 0.02000427 , 65.05 , 65.03
31.536 , 0.02000427 , 65.05 , 65.03
31.538 , 0.01000214 , 65.03 , 65.02
31.539 , 0.01000214 , 65.03 , 65.02
31.541 , 0.04000092 , 65.05 , 65.01
31.543 , 0.01999664 , 65.03 , 65.01
31.544 , 0.02999878 , 65.03 , 65.0
31.546 , -0.01999664 , 64.98 , 65.0
31.548 , -0.009994507 , 64.98 , 64.99
31.55 , 0.04999542 , 65.03 , 64.98
31.552 , 0.0 , 64.98 , 64.98
31.553 , 0.0 , 64.98 , 64.98
31.555 , 0.05999756 , 65.03 , 64.97
31.556 , 0.05999756 , 65.03 , 64.97
31.558 , 0.06999969 , 65.03 , 64.96
31.56 , 0.03000641 , 64.98 , 64.95
31.562 , 0.03000641 , 64.98 , 64.95
31.563 , 0.03000641 , 64.98 , 64.95
31.565 , 0.04000092 , 64.98 , 64.94
31.567 , -0.04000092 , 64.89 , 64.93
31.568 , 0.05000305 , 64.98 , 64.93
31.57 , -0.01999664 , 64.91 , 64.93
31.572 , 0.06000519 , 64.98 , 64.92
31.573 , -0.009994507 , 64.91 , 64.92
31.575 , -0.02000427 , 64.89 , 64.91
31.577 , -0.01000214 , 64.89 , 64.9
31.579 , -0.06000519 , 64.84 , 64.9
31.58 , 0.01000214 , 64.91 , 64.9
31.582 , 0.0 , 64.89 , 64.89
31.584 , -0.04000092 , 64.84 , 64.88
31.585 , 0.01000214 , 64.89 , 64.88
31.587 , 0.01000214 , 64.89 , 64.88
31.589 , -0.03000641 , 64.84 , 64.87
31.591 , 0.02999878 , 64.89 , 64.86
31.592 , -0.02000427 , 64.84 , 64.86
31.594 , 0.04000092 , 64.89 , 64.85
31.596 , 0.04000092 , 64.89 , 64.85
31.598 , 0.0 , 64.84 , 64.84
31.599 , -0.01999664 , 64.82 , 64.84
31.601 , -0.08000183 , 64.75 , 64.83
31.603 , -0.06000519 , 64.77 , 64.83
31.604 , -0.05000305 , 64.77 , 64.82
31.606 , -0.06999969 , 64.75 , 64.82
31.608 , -0.05999756 , 64.75 , 64.81
31.61 , -0.05999756 , 64.75 , 64.81
31.611 , -0.05000305 , 64.75 , 64.8
31.613 , -0.06999969 , 64.73 , 64.8
31.615 , -0.05999756 , 64.73 , 64.79
31.616 , -0.05999756 , 64.73 , 64.79
31.618 , -0.04999542 , 64.73 , 64.78
31.62 , -0.02999878 , 64.75 , 64.78
31.622 , -0.109993 , 64.66 , 64.77
31.623 , -0.08999634 , 64.68 , 64.77
31.625 , -0.08000183 , 64.68 , 64.76
31.627 , -0.08000183 , 64.68 , 64.76
31.628 , -0.06999969 , 64.68 , 64.75
31.63 , -0.08999634 , 64.66 , 64.75
31.632 , -0.05999756 , 64.68 , 64.74
31.633 , -0.0799942 , 64.66 , 64.74
31.635 , -0.05000305 , 64.68 , 64.73
31.637 , -0.06999969 , 64.66 , 64.73
31.639 , -0.04000092 , 64.68 , 64.72
31.64 , -0.04000092 , 64.68 , 64.72
31.642 , -0.09999847 , 64.61 , 64.71
31.644 , -0.09999847 , 64.61 , 64.71
31.645 , -0.08999634 , 64.61 , 64.7
31.647 , -0.08999634 , 64.61 , 64.7
31.649 , -0.08000183 , 64.61 , 64.69
31.65 , -0.08000183 , 64.61 , 64.69
31.652 , -0.06999969 , 64.61 , 64.68
31.654 , -0.06999969 , 64.61 , 64.68
31.656 , -0.08000183 , 64.59 , 64.67
31.657 , -0.05999756 , 64.61 , 64.67
31.659 , -0.05000305 , 64.61 , 64.66
31.661 , -0.07000732 , 64.59 , 64.66
31.662 , -0.06000519 , 64.59 , 64.65
31.664 , -0.06000519 , 64.59 , 64.65
31.666 , -0.05000305 , 64.59 , 64.64
31.668 , -0.08999634 , 64.55 , 64.64
31.669 , -0.04000092 , 64.59 , 64.63
31.671 , -0.0799942 , 64.55 , 64.63
31.673 , -0.06999969 , 64.55 , 64.62
31.675 , -0.05999756 , 64.55 , 64.61
31.676 , -0.05999756 , 64.55 , 64.61
31.678 , -0.09000397 , 64.52 , 64.61
31.68 , -0.04999542 , 64.55 , 64.6
31.681 , -0.04999542 , 64.55 , 64.6
31.683 , -0.06999969 , 64.52 , 64.59
31.685 , -0.08999634 , 64.5 , 64.59
31.687 , -0.02999878 , 64.55 , 64.58
31.688 , -0.06000519 , 64.52 , 64.58
31.69 , -0.05000305 , 64.52 , 64.57
31.692 , -0.05999756 , 64.5 , 64.56
31.694 , -0.04000092 , 64.52 , 64.56
31.695 , -0.05999756 , 64.5 , 64.56
31.697 , -0.05000305 , 64.5 , 64.55
31.699 , -0.02000427 , 64.52 , 64.54
31.701 , -0.04000092 , 64.5 , 64.54
31.702 , -0.09000397 , 64.45 , 64.54
31.704 , -0.01000214 , 64.52 , 64.53
31.706 , 0.0 , 64.52 , 64.52
31.707 , 0.0 , 64.52 , 64.52
31.709 , 0.04000092 , 64.55 , 64.51
31.71 , 0.009994507 , 64.52 , 64.51
31.712 , -0.01000214 , 64.5 , 64.51
31.714 , 0.01999664 , 64.52 , 64.5
31.716 , 0.01000214 , 64.5 , 64.49
31.717 , 0.01000214 , 64.5 , 64.49
31.719 , 0.01999664 , 64.5 , 64.48
31.721 , 0.01999664 , 64.5 , 64.48
31.722 , 0.01999664 , 64.5 , 64.48
31.724 , -0.02000427 , 64.45 , 64.47
31.726 , -0.01000214 , 64.45 , 64.46
31.727 , 0.04000092 , 64.5 , 64.46
31.729 , -0.01000214 , 64.45 , 64.46
31.731 , 0.05000305 , 64.5 , 64.45
31.732 , 0.0 , 64.45 , 64.45
31.734 , 0.009994507 , 64.45 , 64.44
31.736 , 0.0 , 64.43 , 64.43
31.737 , 0.01999664 , 64.45 , 64.43
31.739 , 0.01999664 , 64.45 , 64.43
31.741 , 0.02999878 , 64.45 , 64.42
31.742 , 0.02999878 , 64.45 , 64.42
31.744 , 0.01999664 , 64.43 , 64.41
31.746 , 0.01999664 , 64.43 , 64.41
31.748 , -0.01000214 , 64.39 , 64.4
31.749 , -0.04000092 , 64.36 , 64.4
31.751 , 0.0 , 64.39 , 64.39
31.752 , 0.04000092 , 64.43 , 64.39
31.754 , 0.01000214 , 64.39 , 64.38
31.756 , 0.01000214 , 64.39 , 64.38
31.758 , 0.05999756 , 64.43 , 64.37
31.759 , 0.01999664 , 64.39 , 64.37
31.761 , 0.02999878 , 64.39 , 64.36
31.763 , 0.01000214 , 64.36 , 64.35
31.765 , 0.01000214 , 64.36 , 64.35
31.766 , 0.01000214 , 64.36 , 64.35
31.768 , 0.02000427 , 64.36 , 64.34
31.77 , -0.01000214 , 64.32 , 64.33
31.771 , 0.02999878 , 64.36 , 64.33
31.773 , -0.01000214 , 64.32 , 64.33
31.775 , 0.04000092 , 64.36 , 64.32
31.776 , -0.02999878 , 64.29 , 64.32
31.778 , 0.05000305 , 64.36 , 64.31
31.78 , -0.01000214 , 64.29 , 64.3
31.781 , -0.01000214 , 64.29 , 64.3
31.783 , 0.05999756 , 64.36 , 64.3
31.785 , 0.0 , 64.29 , 64.29
31.786 , 0.0 , 64.29 , 64.29
31.788 , -0.01000214 , 64.27 , 64.28
31.789 , 0.01000214 , 64.29 , 64.28
31.791 , 0.02000427 , 64.29 , 64.27
31.793 , 0.02000427 , 64.29 , 64.27
31.794 , 0.009994507 , 64.27 , 64.26
31.796 , 0.009994507 , 64.27 , 64.26
31.798 , 0.01999664 , 64.27 , 64.25
31.8 , 0.01999664 , 64.27 , 64.25
31.802 , -0.009994507 , 64.23 , 64.24
31.803 , 0.02999878 , 64.27 , 64.24
31.805 , 0.03999329 , 64.27 , 64.23
31.807 , 0.01000214 , 64.23 , 64.22
31.809 , 0.01000214 , 64.23 , 64.22
31.81 , 0.01000214 , 64.23 , 64.22
31.812 , -0.01000214 , 64.2 , 64.21
31.813 , -0.01000214 , 64.2 , 64.21
31.815 , 0.03000641 , 64.23 , 64.2
31.817 , 0.0 , 64.2 , 64.2
31.818 , 0.04000092 , 64.23 , 64.19
31.82 , 0.009994507 , 64.2 , 64.19
31.822 , 0.01999664 , 64.2 , 64.18
31.824 , 0.02999878 , 64.2 , 64.17
31.825 , 0.02999878 , 64.2 , 64.17
31.827 , -0.009994507 , 64.16 , 64.17
31.829 , 0.0 , 64.16 , 64.16
31.83 , 0.03999329 , 64.2 , 64.16
31.832 , 0.01000214 , 64.16 , 64.15
31.834 , 0.02000427 , 64.16 , 64.14
31.836 , -0.01000214 , 64.13 , 64.14
31.837 , 0.02000427 , 64.16 , 64.14
31.839 , 0.03000641 , 64.16 , 64.13
31.841 , 0.04000092 , 64.16 , 64.12
31.842 , 0.04000092 , 64.16 , 64.12
31.844 , 0.04000092 , 64.16 , 64.12
31.846 , 0.01999664 , 64.13 , 64.11
31.847 , -0.02000427 , 64.09 , 64.11
31.849 , 0.02999878 , 64.13 , 64.1
31.851 , 0.0 , 64.09 , 64.09
31.852 , 0.0 , 64.09 , 64.09
31.854 , 0.04000092 , 64.13 , 64.09
31.856 , 0.009994507 , 64.09 , 64.08
31.857 , 0.009994507 , 64.09 , 64.08
31.859 , 0.01999664 , 64.09 , 64.07
31.861 , -0.01999664 , 64.04 , 64.06
31.863 , -0.01999664 , 64.04 , 64.06
31.864 , 0.0 , 64.06 , 64.06
31.866 , 0.03999329 , 64.09 , 64.05
31.868 , 0.01999664 , 64.06 , 64.04
31.869 , 0.01999664 , 64.06 , 64.04
31.871 , 0.0 , 64.04 , 64.04
31.873 , 0.01000214 , 64.04 , 64.03
31.874 , 0.01000214 , 64.04 , 64.03
31.876 , 0.02000427 , 64.04 , 64.02
31.878 , 0.02999878 , 64.04 , 64.01
31.879 , 0.02999878 , 64.04 , 64.01
31.881 , 0.02999878 , 64.04 , 64.01
31.883 , 0.04000092 , 64.04 , 64.0
31.884 , 0.04000092 , 64.04 , 64.0
31.886 , 0.04999924 , 64.04 , 63.99
31.888 , 0.009998322 , 64.0 , 63.99
31.889 , -0.009998322 , 63.97 , 63.98
31.891 , 0.02000046 , 64.0 , 63.98
31.893 , 0.02999878 , 64.0 , 63.97
31.895 , 0.04000092 , 64.0 , 63.96
31.896 , 0.01000214 , 63.97 , 63.96
31.898 , 0.01000214 , 63.97 , 63.96
31.9 , 0.04999924 , 64.0 , 63.95
31.902 , 0.06000137 , 64.0 , 63.94
31.903 , 0.03000259 , 63.97 , 63.94
31.905 , 0.04000092 , 63.97 , 63.93
31.907 , 0.04000092 , 63.97 , 63.93
31.908 , 0.0 , 63.93 , 63.93
31.91 , 0.01000214 , 63.93 , 63.92
31.911 , -0.01999664 , 63.9 , 63.92
31.913 , -0.009998322 , 63.9 , 63.91
31.915 , -0.009998322 , 63.9 , 63.91
31.917 , 0.0 , 63.9 , 63.9
31.918 , 0.0 , 63.9 , 63.9
31.92 , 0.01000214 , 63.9 , 63.89
31.921 , 0.01000214 , 63.9 , 63.89
31.923 , -0.02000046 , 63.86 , 63.88
31.925 , 0.02000046 , 63.9 , 63.88
31.926 , -0.009998322 , 63.86 , 63.87
31.928 , -0.009998322 , 63.86 , 63.87
31.93 , -0.02000046 , 63.84 , 63.86
31.932 , 0.0 , 63.86 , 63.86
31.933 , -0.009998322 , 63.84 , 63.85
31.935 , -0.009998322 , 63.84 , 63.85
31.937 , 0.0 , 63.84 , 63.84
31.938 , 0.0 , 63.84 , 63.84
31.94 , 0.009998322 , 63.84 , 63.83
31.941 , -0.02000046 , 63.81 , 63.83
31.943 , 0.02000046 , 63.84 , 63.82
31.945 , -0.009998322 , 63.81 , 63.82
31.947 , 0.0 , 63.81 , 63.81
31.948 , 0.0 , 63.81 , 63.81
31.95 , 0.04000092 , 63.84 , 63.8
31.951 , -0.02999878 , 63.77 , 63.8
31.953 , -0.02000046 , 63.77 , 63.79
31.955 , 0.02000046 , 63.81 , 63.79
31.956 , -0.009998322 , 63.77 , 63.78
31.958 , -0.009998322 , 63.77 , 63.78
31.96 , 0.0 , 63.77 , 63.77
31.962 , 0.0 , 63.77 , 63.77
31.963 , 0.01000214 , 63.77 , 63.76
31.965 , 0.01000214 , 63.77 , 63.76
31.966 , 0.02000046 , 63.77 , 63.75
31.968 , 0.02000046 , 63.77 , 63.75
31.97 , 0.0 , 63.74 , 63.74
31.971 , -0.04000092 , 63.7 , 63.74
31.973 , 0.01000214 , 63.74 , 63.73
31.975 , 0.01000214 , 63.74 , 63.73
31.976 , 0.02000046 , 63.74 , 63.72
31.978 , 0.02000046 , 63.74 , 63.72
31.98 , 0.03000259 , 63.74 , 63.71
31.981 , 0.03000259 , 63.74 , 63.71
31.983 , 0.0 , 63.7 , 63.7
31.984 , 0.0 , 63.7 , 63.7
31.986 , -0.02000046 , 63.68 , 63.7
31.988 , 0.01000214 , 63.7 , 63.69
31.989 , 0.01000214 , 63.7 , 63.69
31.991 , 0.0 , 63.68 , 63.68
31.992 , 0.0 , 63.68 , 63.68
31.994 , 0.01000214 , 63.68 , 63.67
31.996 , 0.03000259 , 63.7 , 63.67
31.997 , 0.04000092 , 63.7 , 63.66
31.999 , -0.02999878 , 63.63 , 63.66
32.001 , 0.02999878 , 63.68 , 63.65
32.002 , 0.02999878 , 63.68 , 63.65
32.004 , -0.009998322 , 63.63 , 63.64
32.006 , -0.009998322 , 63.63 , 63.64
32.008 , 0.04999924 , 63.68 , 63.63
32.009 , 0.0 , 63.63 , 63.63
32.011 , -0.009998322 , 63.61 , 63.62
32.013 , 0.01000214 , 63.63 , 63.62
32.014 , 0.0 , 63.61 , 63.61
32.016 , 0.02000046 , 63.63 , 63.61
32.017 , 0.03000259 , 63.63 , 63.6
32.019 , 0.03000259 , 63.63 , 63.6
32.021 , 0.04000092 , 63.63 , 63.59
32.022 , 0.02000046 , 63.61 , 63.59
32.024 , 0.04999924 , 63.63 , 63.58
32.026 , 0.04999924 , 63.63 , 63.58
32.027 , 0.01000214 , 63.58 , 63.57
32.029 , 0.06000137 , 63.63 , 63.57
32.031 , 0.06999969 , 63.63 , 63.56
32.032 , 0.04999924 , 63.61 , 63.56
32.034 , 0.06000137 , 63.61 , 63.55
32.036 , 0.03000259 , 63.58 , 63.55
32.037 , 0.06999969 , 63.61 , 63.54
32.039 , 0.04000092 , 63.58 , 63.54
32.041 , 0.05000305 , 63.58 , 63.53
32.042 , 0.01000214 , 63.54 , 63.53
32.044 , 0.06000137 , 63.58 , 63.52
32.046 , 0.06000137 , 63.58 , 63.52
32.047 , 0.06000137 , 63.58 , 63.52
32.049 , 0.03000259 , 63.54 , 63.51
32.051 , 0.08000183 , 63.58 , 63.5
32.052 , 0.08000183 , 63.58 , 63.5
32.054 , 0.04999924 , 63.54 , 63.49
32.056 , 0.04999924 , 63.54 , 63.49
32.057 , 0.02999878 , 63.52 , 63.49
32.059 , 0.06000137 , 63.54 , 63.48
32.061 , 0.04999924 , 63.52 , 63.47
32.062 , 0.04999924 , 63.52 , 63.47
32.064 , 0.06000137 , 63.52 , 63.46
32.066 , 0.06000137 , 63.52 , 63.46
32.067 , 0.06000137 , 63.52 , 63.46
32.069 , 0.06999969 , 63.52 , 63.45
32.071 , 0.03000259 , 63.47 , 63.44
32.072 , 0.03000259 , 63.47 , 63.44
32.074 , 0.03000259 , 63.47 , 63.44
32.076 , 0.04000092 , 63.47 , 63.43
32.077 , 0.02000046 , 63.45 , 63.43
32.079 , 0.05000305 , 63.47 , 63.42
32.081 , 0.04000092 , 63.45 , 63.41
32.082 , 0.06000137 , 63.47 , 63.41
32.084 , 0.06000137 , 63.47 , 63.41
32.086 , 0.04999924 , 63.45 , 63.4
32.087 , 0.04999924 , 63.45 , 63.4
32.089 , 0.06000137 , 63.45 , 63.39
32.091 , 0.02000046 , 63.4 , 63.38
32.092 , 0.06999969 , 63.45 , 63.38
32.094 , 0.02000046 , 63.4 , 63.38
32.096 , 0.08000183 , 63.45 , 63.37
32.097 , 0.03000259 , 63.4 , 63.37
32.099 , 0.04000092 , 63.4 , 63.36
32.101 , 0.04000092 , 63.4 , 63.36
32.102 , 0.05000305 , 63.4 , 63.35
32.104 , 0.03000259 , 63.38 , 63.35
32.106 , 0.04000092 , 63.38 , 63.34
32.107 , 0.06000137 , 63.4 , 63.34
32.109 , 0.04999924 , 63.38 , 63.33
32.11 , 0.04999924 , 63.38 , 63.33
32.112 , 0.06000137 , 63.38 , 63.32
32.114 , 0.08000183 , 63.4 , 63.32
32.115 , 0.09000015 , 63.4 , 63.31
32.117 , 0.04999924 , 63.36 , 63.31
32.119 , 0.08000183 , 63.38 , 63.3
32.12 , 0.06000137 , 63.36 , 63.3
32.122 , 0.06999969 , 63.36 , 63.29
32.124 , 0.06999969 , 63.36 , 63.29
32.125 , 0.03000259 , 63.31 , 63.28
32.127 , 0.03000259 , 63.31 , 63.28
32.129 , 0.04000092 , 63.31 , 63.27
32.13 , 0.09000015 , 63.36 , 63.27
32.132 , 0.05000305 , 63.31 , 63.26
32.134 , 0.03000259 , 63.29 , 63.26
32.135 , 0.06000137 , 63.31 , 63.25
32.137 , 0.06000137 , 63.31 , 63.25
32.139 , 0.0 , 63.24 , 63.24
32.14 , 0.0 , 63.24 , 63.24
32.149 , 0.01000214 , 63.22 , 63.21
32.151 , 0.01000214 , 63.22 , 63.21
32.153 , 0.04000092 , 63.24 , 63.2
32.154 , -0.03000259 , 63.17 , 63.2
32.156 , 0.03000259 , 63.22 , 63.19
32.158 , 0.05000305 , 63.24 , 63.19
32.159 , -0.01000214 , 63.17 , 63.18
32.161 , 0.04000092 , 63.22 , 63.18
32.163 , 0.05000305 , 63.22 , 63.17
32.164 , 0.05000305 , 63.22 , 63.17
32.166 , 0.06000137 , 63.22 , 63.16
32.168 , 0.009998322 , 63.17 , 63.16
32.17 , 0.01999664 , 63.17 , 63.15
32.171 , 0.06999969 , 63.22 , 63.15
32.173 , 0.08000183 , 63.22 , 63.14
32.175 , 0.01000214 , 63.15 , 63.14
32.176 , 0.02000046 , 63.15 , 63.13
32.178 , 0.02000046 , 63.15 , 63.13
32.18 , 0.04999924 , 63.17 , 63.12
32.181 , -0.02000046 , 63.1 , 63.12
32.183 , 0.04000092 , 63.15 , 63.11
32.185 , -0.01000214 , 63.1 , 63.11
32.186 , 0.0 , 63.1 , 63.1
32.188 , 0.05000305 , 63.15 , 63.1
32.189 , 0.05000305 , 63.15 , 63.1
32.191 , 0.06000137 , 63.15 , 63.09
32.193 , 0.06999969 , 63.15 , 63.08
32.195 , 0.06999969 , 63.15 , 63.08
32.196 , 0.01000214 , 63.08 , 63.07
32.198 , 0.01000214 , 63.08 , 63.07
32.2 , 0.0399971 , 63.1 , 63.06
32.201 , 0.0399971 , 63.1 , 63.06
32.203 , 0.04999924 , 63.1 , 63.05
32.205 , 0.01000214 , 63.06 , 63.05
32.206 , 0.04000092 , 63.08 , 63.04
32.208 , 0.02000046 , 63.06 , 63.04
32.209 , 0.02000046 , 63.06 , 63.04
32.211 , 0.05000305 , 63.08 , 63.03
32.213 , 0.06000137 , 63.08 , 63.02
32.214 , 0.04000092 , 63.06 , 63.02
32.216 , 0.06000137 , 63.08 , 63.02
32.218 , 0.0 , 63.01 , 63.01
32.219 , 0.05000305 , 63.06 , 63.01
32.221 , 0.06000137 , 63.06 , 63.0
32.222 , 0.009998322 , 63.01 , 63.0
32.224 , 0.0 , 62.99 , 62.99
32.226 , 0.0 , 62.99 , 62.99
32.227 , 0.01000214 , 62.99 , 62.98
32.229 , 0.01000214 , 62.99 , 62.98
32.23 , 0.02000046 , 62.99 , 62.97
32.232 , -0.03000259 , 62.94 , 62.97
32.234 , -0.02000046 , 62.94 , 62.96
32.236 , -0.02000046 , 62.94 , 62.96
32.237 , 0.04000092 , 62.99 , 62.95
32.239 , 0.04000092 , 62.99 , 62.95
32.241 , 0.0 , 62.94 , 62.94
32.242 , 0.0 , 62.94 , 62.94
32.244 , -0.01000214 , 62.92 , 62.93
32.245 , 0.06000137 , 62.99 , 62.93
32.247 , 0.0 , 62.92 , 62.92
32.249 , 0.02000046 , 62.94 , 62.92
32.25 , 0.009998322 , 62.92 , 62.91
32.252 , 0.02999878 , 62.94 , 62.91
32.254 , 0.01999664 , 62.92 , 62.9
32.256 , 0.01999664 , 62.92 , 62.9
32.257 , -0.02000046 , 62.87 , 62.89
32.259 , -0.02000046 , 62.87 , 62.89
32.261 , -0.01000214 , 62.87 , 62.88
32.263 , -0.01000214 , 62.87 , 62.88
32.264 , 0.0 , 62.87 , 62.87
32.266 , 0.0 , 62.87 , 62.87
32.267 , 0.009998322 , 62.87 , 62.86
32.269 , 0.009998322 , 62.87 , 62.86
32.271 , 0.0 , 62.85 , 62.85
32.273 , 0.0 , 62.85 , 62.85
32.274 , 0.02999878 , 62.87 , 62.84
32.276 , 0.009998322 , 62.85 , 62.84
32.278 , 0.01999664 , 62.85 , 62.83
32.279 , 0.01999664 , 62.85 , 62.83
32.281 , 0.01000214 , 62.83 , 62.82
32.283 , 0.02999878 , 62.85 , 62.82
32.285 , 0.02000046 , 62.83 , 62.81
32.286 , 0.02000046 , 62.83 , 62.81
32.288 , -0.02000046 , 62.78 , 62.8
32.29 , -0.02000046 , 62.78 , 62.8
32.292 , -0.01000214 , 62.78 , 62.79
32.293 , 0.04000092 , 62.83 , 62.79
32.295 , -0.02000046 , 62.76 , 62.78
32.297 , 0.0 , 62.78 , 62.78
32.298 , 0.009998322 , 62.78 , 62.77
32.3 , 0.009998322 , 62.78 , 62.77
32.302 , 0.0 , 62.76 , 62.76
32.304 , 0.02000046 , 62.78 , 62.76
32.305 , 0.02999878 , 62.78 , 62.75
32.307 , 0.009998322 , 62.76 , 62.75
32.309 , 0.01999664 , 62.76 , 62.74
32.311 , 0.04999924 , 62.78 , 62.73
32.312 , 0.02999878 , 62.76 , 62.73
32.314 , 0.04999924 , 62.78 , 62.73
32.316 , -0.01000214 , 62.71 , 62.72
32.318 , 0.04999924 , 62.76 , 62.71
32.319 , 0.04999924 , 62.76 , 62.71
32.321 , 0.05999756 , 62.76 , 62.7
32.323 , 0.009998322 , 62.71 , 62.7
32.325 , 0.02000046 , 62.71 , 62.69
32.326 , 0.02000046 , 62.71 , 62.69
32.328 , 0.07999802 , 62.76 , 62.68
32.33 , 0.009998322 , 62.69 , 62.68
32.331 , 0.009998322 , 62.69 , 62.68
32.333 , 0.04000092 , 62.71 , 62.67
32.335 , 0.04999924 , 62.71 , 62.66
32.337 , 0.02999878 , 62.69 , 62.66
32.339 , 0.0 , 62.65 , 62.65
32.34 , 0.0 , 62.65 , 62.65
32.341 , 0.0399971 , 62.69 , 62.65
32.343 , 0.04999924 , 62.69 , 62.64
32.345 , 0.02000046 , 62.65 , 62.63
32.347 , 0.05999756 , 62.69 , 62.63
32.348 , 0.02000046 , 62.65 , 62.63
32.35 , 0.03000259 , 62.65 , 62.62
32.352 , 0.009998322 , 62.62 , 62.61
32.353 , 0.009998322 , 62.62 , 62.61
32.355 , 0.05000305 , 62.65 , 62.6
32.357 , 0.05000305 , 62.65 , 62.6
32.359 , 0.02999878 , 62.62 , 62.59
32.36 , 0.009998322 , 62.6 , 62.59
32.362 , 0.0399971 , 62.62 , 62.58
32.364 , 0.0399971 , 62.62 , 62.58
32.366 , 0.02999878 , 62.6 , 62.57
32.367 , 0.02999878 , 62.6 , 62.57
32.369 , 0.05999756 , 62.62 , 62.56
32.371 , 0.0399971 , 62.6 , 62.56
32.373 , 0.04999924 , 62.6 , 62.55
32.374 , 0.04999924 , 62.6 , 62.55
32.376 , 0.009998322 , 62.55 , 62.54
32.378 , 0.05999756 , 62.6 , 62.54
32.38 , 0.02000046 , 62.55 , 62.53
32.381 , 0.02000046 , 62.55 , 62.53
32.383 , 0.02999878 , 62.55 , 62.52
32.385 , 0.009998322 , 62.53 , 62.52
32.387 , 0.02000046 , 62.53 , 62.51
32.388 , 0.04000092 , 62.55 , 62.51
32.39 , 0.02999878 , 62.53 , 62.5
32.392 , 0.0399971 , 62.53 , 62.49
32.394 , 0.0399971 , 62.53 , 62.49
32.395 , 0.0399971 , 62.53 , 62.49
32.397 , 0.01000214 , 62.49 , 62.48
32.399 , 0.02000046 , 62.49 , 62.47
32.4 , -0.01000214 , 62.46 , 62.47
32.402 , 0.05999756 , 62.53 , 62.47
32.404 , 0.06999969 , 62.53 , 62.46
32.406 , 0.07999802 , 62.53 , 62.45
32.407 , 0.04000092 , 62.49 , 62.45
32.409 , 0.05000305 , 62.49 , 62.44
32.411 , 0.09000015 , 62.53 , 62.44
32.412 , 0.02000046 , 62.46 , 62.44
32.414 , 0.02999878 , 62.46 , 62.43
32.416 , 0.07000351 , 62.49 , 62.42
32.417 , 0.07000351 , 62.49 , 62.42
32.419 , 0.04000092 , 62.46 , 62.42
32.421 , 0.04999924 , 62.46 , 62.41
32.423 , 0.05999756 , 62.46 , 62.4
32.424 , 0.05999756 , 62.46 , 62.4
32.426 , 0.02999878 , 62.42 , 62.39
32.428 , 0.02999878 , 62.42 , 62.39
32.43 , 0.07999802 , 62.46 , 62.38
32.431 , 0.0399971 , 62.42 , 62.38
32.433 , 0.04999924 , 62.42 , 62.37
32.435 , 0.09000015 , 62.46 , 62.37
32.437 , 0.05999756 , 62.42 , 62.36
32.438 , 0.09999847 , 62.46 , 62.36
32.44 , 0.1100006 , 62.46 , 62.35
32.442 , 0.06999969 , 62.42 , 62.35
32.443 , 0.07999802 , 62.42 , 62.34
32.445 , 0.07999802 , 62.42 , 62.34
32.447 , 0.05999756 , 62.39 , 62.33
32.448 , 0.0399971 , 62.37 , 62.33
32.45 , 0.06999969 , 62.39 , 62.32
32.452 , 0.06999969 , 62.39 , 62.32
32.454 , 0.07999802 , 62.39 , 62.31
32.455 , 0.1099968 , 62.42 , 62.31
32.457 , 0.06999969 , 62.37 , 62.3
32.459 , 0.09000015 , 62.39 , 62.3
32.461 , 0.07999802 , 62.37 , 62.29
32.462 , 0.07999802 , 62.37 , 62.29
32.464 , 0.09000015 , 62.37 , 62.28
32.466 , 0.09000015 , 62.37 , 62.28
32.467 , 0.06000137 , 62.33 , 62.27
32.469 , 0.06000137 , 62.33 , 62.27
32.471 , 0.07000351 , 62.33 , 62.26
32.472 , 0.07000351 , 62.33 , 62.26
32.474 , 0.08000183 , 62.33 , 62.25
32.476 , 0.08000183 , 62.33 , 62.25
32.477 , 0.09000015 , 62.33 , 62.24
32.479 , 0.09000015 , 62.33 , 62.24
32.48 , 0.02999878 , 62.26 , 62.23
32.482 , 0.02999878 , 62.26 , 62.23
32.484 , 0.0399971 , 62.26 , 62.22
32.486 , 0.0399971 , 62.26 , 62.22
32.488 , 0.04999924 , 62.26 , 62.21
32.489 , 0.04999924 , 62.26 , 62.21
32.491 , 0.02999878 , 62.23 , 62.2
32.493 , 0.1300011 , 62.33 , 62.2
32.494 , 0.04000092 , 62.23 , 62.19
32.496 , 0.04000092 , 62.23 , 62.19
32.498 , 0.04999924 , 62.23 , 62.18
32.499 , 0.04999924 , 62.23 , 62.18
32.501 , 0.0 , 62.17 , 62.17
32.503 , 0.06000137 , 62.23 , 62.17
32.504 , 0.06999969 , 62.23 , 62.16
32.506 , 0.009998322 , 62.17 , 62.16
32.508 , -0.01000214 , 62.14 , 62.15
32.51 , 0.01999664 , 62.17 , 62.15
32.511 , 0.0 , 62.14 , 62.14
32.513 , 0.02999878 , 62.17 , 62.14
32.515 , 0.0399971 , 62.17 , 62.13
32.516 , 0.0399971 , 62.17 , 62.13
32.518 , 0.04999924 , 62.17 , 62.12
32.52 , 0.02000046 , 62.14 , 62.12
32.521 , 0.02999878 , 62.14 , 62.11
32.523 , 0.02999878 , 62.14 , 62.11
32.525 , 0.04000092 , 62.14 , 62.1
32.527 , 0.0 , 62.1 , 62.1
32.528 , 0.04999924 , 62.14 , 62.09
32.53 , 0.009998322 , 62.1 , 62.09
32.532 , 0.01999664 , 62.1 , 62.08
32.534 , -0.01000214 , 62.07 , 62.08
32.535 , 0.0 , 62.07 , 62.07
32.537 , 0.0 , 62.07 , 62.07
32.538 , 0.009998322 , 62.07 , 62.06
32.54 , -0.03000259 , 62.03 , 62.06
32.542 , 0.02000046 , 62.07 , 62.05
32.544 , -0.02000046 , 62.03 , 62.05
32.545 , 0.02999878 , 62.07 , 62.04
32.547 , -0.01000214 , 62.03 , 62.04
32.549 , -0.02000046 , 62.01 , 62.03
32.55 , -0.02000046 , 62.01 , 62.03
32.552 , -0.01000214 , 62.01 , 62.02
32.554 , -0.01000214 , 62.01 , 62.02
32.555 , 0.0 , 62.01 , 62.01
32.557 , -0.04999924 , 61.96 , 62.01
32.559 , 0.009998322 , 62.01 , 62.0
32.561 , -0.04000092 , 61.96 , 62.0
32.562 , -0.05000305 , 61.94 , 61.99
32.564 , -0.03000259 , 61.96 , 61.99
32.566 , -0.04000092 , 61.94 , 61.98
32.567 , -0.04000092 , 61.94 , 61.98
32.569 , -0.03000259 , 61.94 , 61.97
32.571 , -0.01000214 , 61.96 , 61.97
32.572 , 0.04999924 , 62.01 , 61.96
32.574 , 0.0 , 61.96 , 61.96
32.576 , 0.009998322 , 61.96 , 61.95
32.578 , 0.02000046 , 61.96 , 61.94
32.579 , -0.02999878 , 61.91 , 61.94
32.581 , 0.02000046 , 61.96 , 61.94
32.583 , -0.02000046 , 61.91 , 61.93
32.585 , 0.02000046 , 61.94 , 61.92
32.586 , -0.009998322 , 61.91 , 61.92
32.588 , -0.009998322 , 61.91 , 61.92
32.59 , 0.0 , 61.91 , 61.91
32.592 , -0.03000259 , 61.87 , 61.9
32.593 , 0.009998322 , 61.91 , 61.9
32.595 , 0.02000046 , 61.91 , 61.89
32.597 , -0.02000046 , 61.87 , 61.89
32.599 , -0.01000214 , 61.87 , 61.88
32.6 , -0.01000214 , 61.87 , 61.88
32.602 , 0.0 , 61.87 , 61.87
32.604 , 0.0 , 61.87 , 61.87
32.605 , -0.02999878 , 61.84 , 61.87
32.607 , -0.02000046 , 61.84 , 61.86
32.609 , 0.02000046 , 61.87 , 61.85
32.61 , -0.009998322 , 61.84 , 61.85
32.612 , 0.0 , 61.84 , 61.84
32.614 , 0.0 , 61.84 , 61.84
32.615 , -0.04000092 , 61.8 , 61.84
32.617 , 0.009998322 , 61.84 , 61.83
32.618 , 0.009998322 , 61.84 , 61.83
32.62 , 0.02000046 , 61.84 , 61.82
32.622 , -0.01000214 , 61.8 , 61.81
32.624 , -0.03000259 , 61.78 , 61.81
32.625 , -0.01000214 , 61.8 , 61.81
32.627 , 0.0 , 61.8 , 61.8
32.629 , 0.009998322 , 61.8 , 61.79
32.63 , -0.01000214 , 61.78 , 61.79
32.632 , 0.009998322 , 61.8 , 61.79
32.634 , 0.02000046 , 61.8 , 61.78
32.636 , 0.02999878 , 61.8 , 61.77
32.637 , 0.02999878 , 61.8 , 61.77
32.639 , 0.02000046 , 61.78 , 61.76
32.641 , 0.04000092 , 61.8 , 61.76
32.643 , 0.02999878 , 61.78 , 61.75
32.644 , 0.02999878 , 61.78 , 61.75
32.646 , 0.0399971 , 61.78 , 61.74
32.648 , 0.05999756 , 61.8 , 61.74
32.65 , 0.04999924 , 61.78 , 61.73
32.651 , 0.04999924 , 61.78 , 61.73
32.653 , 0.009998322 , 61.73 , 61.72
32.655 , 0.009998322 , 61.73 , 61.72
32.657 , 0.06999969 , 61.78 , 61.71
32.659 , 0.02000046 , 61.73 , 61.71
32.66 , 0.02999878 , 61.73 , 61.7
32.662 , 0.02999878 , 61.73 , 61.7
32.664 , 0.02000046 , 61.71 , 61.69
32.665 , 0.02000046 , 61.71 , 61.69
32.667 , 0.04999924 , 61.73 , 61.68
32.669 , 0.04999924 , 61.73 , 61.68
32.671 , 0.06000137 , 61.73 , 61.67
32.672 , 0.04000092 , 61.71 , 61.67
32.674 , 0.04999924 , 61.71 , 61.66
32.676 , 0.04999924 , 61.71 , 61.66
32.678 , 0.02999878 , 61.68 , 61.65
32.679 , 0.05999756 , 61.71 , 61.65
32.681 , 0.06999969 , 61.71 , 61.64
32.683 , 0.04999924 , 61.68 , 61.63
32.685 , 0.04999924 , 61.68 , 61.63
32.686 , 0.04999924 , 61.68 , 61.63
32.688 , 0.02000046 , 61.64 , 61.62
32.69 , 0.06999969 , 61.68 , 61.61
32.691 , 0.02999878 , 61.64 , 61.61
32.693 , 0.08000183 , 61.68 , 61.6
32.695 , 0.04000092 , 61.64 , 61.6
32.697 , 0.04999924 , 61.64 , 61.59
32.698 , 0.09000015 , 61.68 , 61.59
32.7 , 0.05999756 , 61.64 , 61.58
32.702 , 0.0399971 , 61.62 , 61.58
32.703 , 0.05999756 , 61.64 , 61.58
32.705 , 0.04999924 , 61.62 , 61.57
32.707 , 0.009998322 , 61.57 , 61.56
32.709 , 0.05999756 , 61.62 , 61.56
32.711 , 0.02000046 , 61.57 , 61.55
32.712 , 0.02000046 , 61.57 , 61.55
32.714 , 0.07999802 , 61.62 , 61.54
32.716 , 0.07999802 , 61.62 , 61.54
32.717 , 0.04000092 , 61.57 , 61.53
32.719 , 0.04000092 , 61.57 , 61.53
32.721 , 0.09999847 , 61.62 , 61.52
32.723 , 0.04999924 , 61.57 , 61.52
32.724 , 0.06000137 , 61.57 , 61.51
32.726 , 0.06000137 , 61.57 , 61.51
32.728 , 0.04999924 , 61.55 , 61.5
32.73 , 0.04999924 , 61.55 , 61.5
32.731 , 0.07999802 , 61.57 , 61.49
32.733 , 0.05999756 , 61.55 , 61.49
32.735 , 0.06999969 , 61.55 , 61.48
32.736 , 0.02000046 , 61.5 , 61.48
32.738 , 0.07999802 , 61.55 , 61.47
32.74 , 0.02999878 , 61.5 , 61.47
32.741 , 0.0 , 61.46 , 61.46
32.743 , 0.02000046 , 61.48 , 61.46
32.745 , 0.02999878 , 61.48 , 61.45
32.747 , 0.02999878 , 61.48 , 61.45
32.748 , 0.02000046 , 61.46 , 61.44
32.75 , 0.02000046 , 61.46 , 61.44
32.752 , 0.02999878 , 61.46 , 61.43
32.753 , 0.04999924 , 61.48 , 61.43
32.755 , 0.06000137 , 61.48 , 61.42
32.757 , -0.009998322 , 61.41 , 61.42
32.759 , 0.06999969 , 61.48 , 61.41
32.761 , 0.05999756 , 61.46 , 61.4
32.762 , 0.009998322 , 61.41 , 61.4
32.764 , 0.05999756 , 61.46 , 61.4
32.766 , 0.02000046 , 61.41 , 61.39
32.767 , 0.06999969 , 61.46 , 61.39
32.769 , 0.07999802 , 61.46 , 61.38
32.771 , 0.04000092 , 61.41 , 61.37
32.773 , 0.09000015 , 61.46 , 61.37
32.775 , 0.04999924 , 61.41 , 61.36
32.776 , 0.02999878 , 61.39 , 61.36
32.778 , 0.06000137 , 61.41 , 61.35
32.78 , 0.04000092 , 61.39 , 61.35
32.782 , 0.04999924 , 61.39 , 61.34
32.783 , 0.04999924 , 61.39 , 61.34
32.785 , 0.05999756 , 61.39 , 61.33
32.787 , 0.05999756 , 61.39 , 61.33
32.788 , 0.02000046 , 61.34 , 61.32
32.79 , 0.02000046 , 61.34 , 61.32
32.792 , 0.07999802 , 61.39 , 61.31
32.794 , 0.02999878 , 61.34 , 61.31
32.795 , 0.04000092 , 61.34 , 61.3
32.797 , 0.09000015 , 61.39 , 61.3
32.799 , 0.04999924 , 61.34 , 61.29
32.8 , 0.04999924 , 61.34 , 61.29
32.802 , 0.06000137 , 61.34 , 61.28
32.804 , 0.04000092 , 61.32 , 61.28
32.806 , 0.06999969 , 61.34 , 61.27
32.807 , 0.04999924 , 61.32 , 61.27
32.809 , 0.06000137 , 61.32 , 61.26
32.811 , 0.06000137 , 61.32 , 61.26
32.812 , 0.02000046 , 61.27 , 61.25
32.814 , 0.02000046 , 61.27 , 61.25
32.816 , 0.07999802 , 61.32 , 61.24
32.817 , 0.07999802 , 61.32 , 61.24
32.819 , 0.09000015 , 61.32 , 61.23
32.821 , 0.02000046 , 61.25 , 61.23
32.822 , 0.02999878 , 61.25 , 61.22
32.824 , 0.04999924 , 61.27 , 61.22
32.826 , 0.06000137 , 61.27 , 61.21
32.827 , -0.009998322 , 61.2 , 61.21
32.829 , 0.06999969 , 61.27 , 61.2
32.831 , 0.04999924 , 61.25 , 61.2
32.833 , 0.01000214 , 61.2 , 61.19
32.834 , 0.06000137 , 61.25 , 61.19
32.836 , 0.02000046 , 61.2 , 61.18
32.837 , 0.06999969 , 61.25 , 61.18
32.839 , 0.08000183 , 61.25 , 61.17
32.841 , 0.08000183 , 61.25 , 61.17
32.842 , 0.09000015 , 61.25 , 61.16
32.844 , 0.04000092 , 61.2 , 61.16
32.846 , 0.09999847 , 61.25 , 61.15
32.848 , 0.04999924 , 61.2 , 61.15
32.849 , 0.04000092 , 61.18 , 61.14
32.851 , 0.06000137 , 61.2 , 61.14
32.853 , 0.04999924 , 61.18 , 61.13
32.854 , 0.04999924 , 61.18 , 61.13
32.856 , 0.08000183 , 61.2 , 61.12
32.858 , 0.04000092 , 61.16 , 61.12
32.859 , 0.06999969 , 61.18 , 61.11
32.861 , 0.06999969 , 61.18 , 61.11
32.863 , 0.06000137 , 61.16 , 61.1
32.864 , 0.08000183 , 61.18 , 61.1
32.866 , 0.06999969 , 61.16 , 61.09
32.868 , 0.06999969 , 61.16 , 61.09
32.869 , 0.02999878 , 61.11 , 61.08
32.871 , 0.02999878 , 61.11 , 61.08
32.873 , 0.02000046 , 61.09 , 61.07
32.875 , 0.09000015 , 61.16 , 61.07
32.876 , 0.04999924 , 61.11 , 61.06
32.878 , 0.02999878 , 61.09 , 61.06
32.88 , 0.04000092 , 61.09 , 61.05
32.881 , 0.04000092 , 61.09 , 61.05
32.883 , 0.06999969 , 61.11 , 61.04
32.885 , 0.04999924 , 61.09 , 61.04
32.886 , 0.01000214 , 61.04 , 61.03
32.888 , 0.06000137 , 61.09 , 61.03
32.89 , 0.02000046 , 61.04 , 61.02
32.891 , 0.02000046 , 61.04 , 61.02
32.893 , 0.03000259 , 61.04 , 61.01
32.895 , 0.01000214 , 61.02 , 61.01
32.896 , 0.04000092 , 61.04 , 61.0
32.898 , 0.02000046 , 61.02 , 61.0
32.9 , 0.09999847 , 61.09 , 60.99
32.901 , 0.04999924 , 61.04 , 60.99
32.903 , 0.06000137 , 61.04 , 60.98
32.905 , 0.04000092 , 61.02 , 60.98
32.906 , 0.04000092 , 61.02 , 60.98
32.908 , 0.04999924 , 61.02 , 60.97
32.91 , 0.02000046 , 60.98 , 60.96
32.911 , 0.06000137 , 61.02 , 60.96
32.913 , 0.02999878 , 60.98 , 60.95
32.915 , 0.02999878 , 60.98 , 60.95
32.917 , 0.04000092 , 60.98 , 60.94
32.918 , 0.04000092 , 60.98 , 60.94
32.92 , 0.04999924 , 60.98 , 60.93
32.922 , 0.09000015 , 61.02 , 60.93
32.931 , 0.07999802 , 60.98 , 60.9
32.933 , 0.04999924 , 60.95 , 60.9
32.935 , 0.06000137 , 60.95 , 60.89
32.936 , 0.04000092 , 60.93 , 60.89
32.938 , 0.04999924 , 60.93 , 60.88
32.94 , 0.01000214 , 60.88 , 60.87
32.942 , 0.08000183 , 60.95 , 60.87
32.943 , 0.01000214 , 60.88 , 60.87
32.945 , 0.02000046 , 60.88 , 60.86
32.947 , 0.03000259 , 60.88 , 60.85
32.948 , 0.08000183 , 60.93 , 60.85
32.95 , 0.03000259 , 60.88 , 60.85
32.952 , 0.09000015 , 60.93 , 60.84
32.953 , 0.09000015 , 60.93 , 60.84
32.955 , 0.09999847 , 60.93 , 60.83
32.957 , 0.1100006 , 60.93 , 60.82
32.958 , 0.1100006 , 60.93 , 60.82
32.96 , 0.1100006 , 60.93 , 60.82
32.961 , 0.1199989 , 60.93 , 60.81
32.963 , 0.06999969 , 60.88 , 60.81
32.964 , 0.08000183 , 60.88 , 60.8
32.966 , 0.06000137 , 60.86 , 60.8
32.968 , 0.09000015 , 60.88 , 60.79
32.97 , 0.06999969 , 60.86 , 60.79
32.971 , 0.08000183 , 60.86 , 60.78
32.973 , 0.08000183 , 60.86 , 60.78
32.975 , 0.04000092 , 60.81 , 60.77
32.976 , 0.09000015 , 60.86 , 60.77
32.978 , 0.05000305 , 60.81 , 60.76
32.979 , 0.1000023 , 60.86 , 60.76
32.981 , 0.06000137 , 60.81 , 60.75
32.983 , 0.06000137 , 60.81 , 60.75
32.984 , 0.04999924 , 60.79 , 60.74
32.986 , 0.04999924 , 60.79 , 60.74
32.988 , 0.08000183 , 60.81 , 60.73
32.989 , 0.06000137 , 60.79 , 60.73
32.991 , 0.02999878 , 60.75 , 60.72
32.993 , 0.06999969 , 60.79 , 60.72
32.995 , 0.08000183 , 60.79 , 60.71
32.996 , 0.08000183 , 60.79 , 60.71
32.998 , 0.04999924 , 60.75 , 60.7
33.0 , 0.04999924 , 60.75 , 60.7
33.001 , 0.06000137 , 60.75 , 60.69
33.003 , 0.1000023 , 60.79 , 60.69
33.004 , 0.06000137 , 60.75 , 60.69
33.006 , 0.06999969 , 60.75 , 60.68
33.008 , 0.08000183 , 60.75 , 60.67
33.009 , 0.08000183 , 60.75 , 60.67
33.011 , 0.06000137 , 60.72 , 60.66
33.013 , 0.09000015 , 60.75 , 60.66
33.014 , 0.09000015 , 60.75 , 60.66
33.016 , 0.06999969 , 60.72 , 60.65
33.018 , 0.08000183 , 60.72 , 60.64
33.019 , 0.06000137 , 60.7 , 60.64
33.021 , 0.08000183 , 60.72 , 60.64
33.023 , 0.09000015 , 60.72 , 60.63
33.024 , 0.06999969 , 60.7 , 60.63
33.026 , 0.1000023 , 60.72 , 60.62
33.028 , 0.04000092 , 60.65 , 60.61
33.029 , 0.09000015 , 60.7 , 60.61
33.031 , 0.04000092 , 60.65 , 60.61
33.033 , 0.05000305 , 60.65 , 60.6
33.034 , 0.1000023 , 60.7 , 60.6
33.036 , 0.06000137 , 60.65 , 60.59
33.037 , 0.1100006 , 60.7 , 60.59
33.039 , 0.06999969 , 60.65 , 60.58
33.04 , 0.06999969 , 60.65 , 60.58
33.042 , 0.08000183 , 60.65 , 60.57
33.044 , 0.06000137 , 60.63 , 60.57
33.046 , 0.09000015 , 60.65 , 60.56
33.047 , 0.06999969 , 60.63 , 60.56
33.049 , 0.1000023 , 60.65 , 60.55
33.05 , 0.1000023 , 60.65 , 60.55
33.052 , 0.04999924 , 60.59 , 60.54
33.054 , 0.04999924 , 60.59 , 60.54
33.055 , 0.03000259 , 60.56 , 60.53
33.057 , -0.009998322 , 60.52 , 60.53
33.059 , 0.0 , 60.52 , 60.52
33.06 , 0.04000092 , 60.56 , 60.52
33.062 , 0.05000305 , 60.56 , 60.51
33.063 , 0.01000214 , 60.52 , 60.51
33.065 , 0.05000305 , 60.56 , 60.51
33.067 , 0.02000046 , 60.52 , 60.5
33.068 , 0.02000046 , 60.52 , 60.5
33.07 , 0.0 , 60.49 , 60.49
33.071 , 0.02999878 , 60.52 , 60.49
33.073 , 0.04000092 , 60.52 , 60.48
33.075 , 0.04000092 , 60.52 , 60.48
33.076 , 0.04999924 , 60.52 , 60.47
33.078 , 0.02000046 , 60.49 , 60.47
33.08 , 0.03000259 , 60.49 , 60.46
33.081 , 0.03000259 , 60.49 , 60.46
33.083 , 0.06999969 , 60.52 , 60.45
33.085 , 0.02000046 , 60.47 , 60.45
33.086 , 0.05000305 , 60.49 , 60.44
33.088 , 0.05000305 , 60.49 , 60.44
33.09 , 0.06000137 , 60.49 , 60.43
33.091 , 0.04000092 , 60.47 , 60.43
33.093 , 0.05000305 , 60.47 , 60.42
33.095 , 0.01000214 , 60.43 , 60.42
33.096 , 0.06000137 , 60.47 , 60.41
33.098 , 0.08000183 , 60.49 , 60.41
33.1 , 0.06999969 , 60.47 , 60.4
33.101 , 0.06999969 , 60.47 , 60.4
33.103 , 0.04000092 , 60.43 , 60.39
33.105 , 0.04000092 , 60.43 , 60.39
33.106 , 0.02000046 , 60.4 , 60.38
33.108 , 0.02000046 , 60.4 , 60.38
33.11 , 0.03000259 , 60.4 , 60.37
33.111 , 0.06000137 , 60.43 , 60.37
33.113 , 0.04000092 , 60.4 , 60.36
33.115 , 0.0 , 60.36 , 60.36
33.116 , 0.08000183 , 60.43 , 60.35
33.118 , 0.08000183 , 60.43 , 60.35
33.119 , 0.01000214 , 60.36 , 60.35
33.121 , 0.06000137 , 60.4 , 60.34
33.122 , 0.06000137 , 60.4 , 60.34
33.124 , 0.02999878 , 60.36 , 60.33
33.126 , 0.08000183 , 60.4 , 60.32
33.127 , 0.08000183 , 60.4 , 60.32
33.129 , 0.08000183 , 60.4 , 60.32
33.131 , 0.04999924 , 60.36 , 60.31
33.132 , 0.04999924 , 60.36 , 60.31
33.134 , 0.06000137 , 60.36 , 60.3
33.136 , 0.03000259 , 60.33 , 60.3
33.137 , 0.04000092 , 60.33 , 60.29
33.139 , 0.06999969 , 60.36 , 60.29
33.141 , 0.05000305 , 60.33 , 60.28
33.142 , 0.05000305 , 60.33 , 60.28
33.144 , 0.09000015 , 60.36 , 60.27
33.146 , 0.06000137 , 60.33 , 60.27
33.147 , 0.07000351 , 60.33 , 60.26
33.149 , 0.07000351 , 60.33 , 60.26
33.151 , 0.04000092 , 60.29 , 60.25
33.152 , 0.04000092 , 60.29 , 60.25
33.154 , 0.04999924 , 60.29 , 60.24
33.155 , 0.04999924 , 60.29 , 60.24
33.157 , 0.06000137 , 60.29 , 60.23
33.159 , 0.06000137 , 60.29 , 60.23
33.161 , 0.04999924 , 60.27 , 60.22
33.162 , 0.06999969 , 60.29 , 60.22
33.164 , 0.08000183 , 60.29 , 60.21
33.165 , 0.03000259 , 60.24 , 60.21
33.167 , 0.06999969 , 60.27 , 60.2
33.169 , 0.06999969 , 60.27 , 60.2
33.171 , 0.05000305 , 60.24 , 60.19
33.172 , 0.01000214 , 60.2 , 60.19
33.174 , 0.06000137 , 60.24 , 60.18
33.175 , 0.06000137 , 60.24 , 60.18
33.177 , 0.07000351 , 60.24 , 60.17
33.179 , 0.07000351 , 60.24 , 60.17
33.18 , 0.03000259 , 60.2 , 60.17
33.182 , 0.04000092 , 60.2 , 60.16
33.184 , 0.09000015 , 60.24 , 60.15
33.185 , 0.04999924 , 60.2 , 60.15
33.187 , 0.06000137 , 60.2 , 60.14
33.189 , 0.1000023 , 60.24 , 60.14
33.19 , 0.06000137 , 60.2 , 60.14
33.192 , 0.06999969 , 60.2 , 60.13
33.194 , 0.08000183 , 60.2 , 60.12
33.195 , 0.08000183 , 60.2 , 60.12
33.197 , 0.05999756 , 60.17 , 60.11
33.199 , 0.02000046 , 60.13 , 60.11
33.2 , 0.09000015 , 60.2 , 60.11
33.202 , 0.06999969 , 60.17 , 60.1
33.204 , 0.07999802 , 60.17 , 60.09
33.205 , 0.07999802 , 60.17 , 60.09
33.207 , 0.04000092 , 60.13 , 60.09
33.209 , 0.04999924 , 60.13 , 60.08
33.21 , 0.04999924 , 60.13 , 60.08
33.212 , 0.06000137 , 60.13 , 60.07
33.214 , 0.04999924 , 60.11 , 60.06
33.215 , 0.04999924 , 60.11 , 60.06
33.217 , 0.04999924 , 60.11 , 60.06
33.218 , 0.08000183 , 60.13 , 60.05
33.22 , 0.06000137 , 60.11 , 60.05
33.222 , 0.06999969 , 60.11 , 60.04
33.223 , 0.02000046 , 60.06 , 60.04
33.225 , 0.08000183 , 60.11 , 60.03
33.227 , 0.08000183 , 60.11 , 60.03
33.228 , 0.09000015 , 60.11 , 60.02
33.23 , 0.09000015 , 60.11 , 60.02
33.232 , 0.1000023 , 60.11 , 60.01
33.233 , 0.03000259 , 60.04 , 60.01
33.235 , 0.04000092 , 60.04 , 60.0
33.236 , 0.04000092 , 60.04 , 60.0
33.238 , 0.04999924 , 60.04 , 59.99
33.24 , 0.04999924 , 60.04 , 59.99
33.241 , 0.06000137 , 60.04 , 59.98
33.243 , 0.06000137 , 60.04 , 59.98
33.245 , 0.0399971 , 60.01 , 59.97
33.246 , 0.0399971 , 60.01 , 59.97
33.248 , 0.01000214 , 59.97 , 59.96
33.25 , 0.08000183 , 60.04 , 59.96
33.251 , 0.04999924 , 60.01 , 59.96
33.253 , 0.05999756 , 60.01 , 59.95
33.255 , 0.01000214 , 59.95 , 59.94
33.257 , 0.06999969 , 60.01 , 59.94
33.258 , 0.07999802 , 60.01 , 59.93
33.26 , 0.1100006 , 60.04 , 59.93
33.262 , 0.09000015 , 60.01 , 59.92
33.263 , 0.09000015 , 60.01 , 59.92
33.265 , 0.09999847 , 60.01 , 59.91
33.267 , 0.06000137 , 59.97 , 59.91
33.269 , 0.04999924 , 59.95 , 59.9
33.27 , 0.06999969 , 59.97 , 59.9
33.272 , 0.08000183 , 59.97 , 59.89
33.274 , 0.08000183 , 59.97 , 59.89
33.275 , 0.09000015 , 59.97 , 59.88
33.277 , 0.09000015 , 59.97 , 59.88
33.279 , 0.1000023 , 59.97 , 59.87
33.28 , 0.1000023 , 59.97 , 59.87
33.282 , 0.1100006 , 59.97 , 59.86
33.283 , 0.09000015 , 59.95 , 59.86
33.285 , 0.1000023 , 59.95 , 59.85
33.286 , 0.05000305 , 59.9 , 59.85
33.288 , 0.05000305 , 59.9 , 59.85
33.29 , 0.06000137 , 59.9 , 59.84
33.292 , 0.1199989 , 59.95 , 59.83
33.293 , 0.06999969 , 59.9 , 59.83
33.295 , 0.06999969 , 59.9 , 59.83
33.297 , 0.1300011 , 59.95 , 59.82
33.298 , 0.08000183 , 59.9 , 59.82
33.3 , 0.09000015 , 59.9 , 59.81
33.302 , 0.04999924 , 59.85 , 59.8
33.303 , 0.01000214 , 59.81 , 59.8
33.305 , 0.04999924 , 59.85 , 59.8
33.307 , 0.05999756 , 59.85 , 59.79
33.309 , 0.06999969 , 59.85 , 59.78
33.31 , 0.03000259 , 59.81 , 59.78
33.312 , 0.04000092 , 59.81 , 59.77
33.314 , 0.07999802 , 59.85 , 59.77
33.315 , 0.009998322 , 59.78 , 59.77
33.317 , 0.05000305 , 59.81 , 59.76
33.319 , 0.06000137 , 59.81 , 59.75
33.321 , 0.06000137 , 59.81 , 59.75
33.322 , 0.02999878 , 59.78 , 59.75
33.324 , 0.0399971 , 59.78 , 59.74
33.326 , 0.02999878 , 59.76 , 59.73
33.327 , 0.04999924 , 59.78 , 59.73
33.329 , 0.05999756 , 59.78 , 59.72
33.331 , 0.05999756 , 59.78 , 59.72
33.333 , 0.06999969 , 59.78 , 59.71
33.335 , 0.06999969 , 59.78 , 59.71
33.336 , 0.07999802 , 59.78 , 59.7
33.338 , 0.02000046 , 59.72 , 59.7
33.34 , 0.06999969 , 59.76 , 59.69
33.342 , 0.03000259 , 59.72 , 59.69
33.343 , 0.07999802 , 59.76 , 59.68
33.345 , 0.07999802 , 59.76 , 59.68
33.347 , 0.05000305 , 59.72 , 59.67
33.349 , 0.09000015 , 59.76 , 59.67
33.35 , 0.06000137 , 59.72 , 59.66
33.352 , 0.06000137 , 59.72 , 59.66
33.354 , 0.0399971 , 59.69 , 59.65
33.355 , 0.0399971 , 59.69 , 59.65
33.357 , 0.08000183 , 59.72 , 59.64
33.359 , 0.04999924 , 59.69 , 59.64
33.361 , 0.05999756 , 59.69 , 59.63
33.362 , 0.02000046 , 59.65 , 59.63
33.364 , -0.0399971 , 59.58 , 59.62
33.366 , 0.03000259 , 59.65 , 59.62
33.368 , -0.02999878 , 59.58 , 59.61
33.369 , -0.02999878 , 59.58 , 59.61
33.371 , 0.05000305 , 59.65 , 59.6
33.373 , -0.009998322 , 59.58 , 59.59
33.375 , 0.06000137 , 59.65 , 59.59
33.376 , 0.06000137 , 59.65 , 59.59
33.378 , 0.0 , 59.58 , 59.58
33.379 , -0.02000046 , 59.56 , 59.58
33.381 , -0.009998322 , 59.56 , 59.57
33.383 , -0.03000259 , 59.53 , 59.56
33.385 , 0.02000046 , 59.58 , 59.56
33.386 , -0.03000259 , 59.53 , 59.56
33.388 , -0.02000046 , 59.53 , 59.55
33.39 , -0.01000214 , 59.53 , 59.54
33.391 , -0.01000214 , 59.53 , 59.54
33.393 , 0.02000046 , 59.56 , 59.54
33.395 , -0.0399971 , 59.49 , 59.53
33.396 , 0.0 , 59.53 , 59.53
33.398 , -0.02999878 , 59.49 , 59.52
33.4 , 0.02000046 , 59.53 , 59.51
33.402 , 0.02000046 , 59.53 , 59.51
33.403 , -0.01999664 , 59.49 , 59.51
33.405 , -0.04000092 , 59.46 , 59.5
33.407 , 0.0 , 59.49 , 59.49
33.408 , -0.03000259 , 59.46 , 59.49
33.41 , 0.01000214 , 59.49 , 59.48
33.412 , -0.02000046 , 59.46 , 59.48
33.413 , -0.06000137 , 59.42 , 59.48
33.415 , -0.01000214 , 59.46 , 59.47
33.417 , 0.0 , 59.46 , 59.46
33.418 , 0.0 , 59.46 , 59.46
33.42 , -0.04000092 , 59.42 , 59.46
33.422 , -0.03000259 , 59.42 , 59.45
33.423 , -0.03000259 , 59.42 , 59.45
33.425 , -0.02000046 , 59.42 , 59.44
33.427 , -0.02999878 , 59.4 , 59.43
33.429 , -0.02999878 , 59.4 , 59.43
33.43 , -0.01000214 , 59.42 , 59.43
33.432 , -0.01999664 , 59.4 , 59.42
33.434 , -0.009998322 , 59.4 , 59.41
33.435 , 0.009998322 , 59.42 , 59.41
33.437 , -0.009998322 , 59.4 , 59.41
33.439 , 0.0 , 59.4 , 59.4
33.441 , -0.04000092 , 59.35 , 59.39
33.442 , -0.04000092 , 59.35 , 59.39
33.444 , -0.03000259 , 59.35 , 59.38
33.446 , -0.04999924 , 59.33 , 59.38
33.447 , -0.03000259 , 59.35 , 59.38
33.449 , -0.02000046 , 59.35 , 59.37
33.451 , -0.02999878 , 59.33 , 59.36
33.453 , -0.02999878 , 59.33 , 59.36
33.454 , -0.06999969 , 59.28 , 59.35
33.456 , -0.01999664 , 59.33 , 59.35
33.458 , 0.009998322 , 59.35 , 59.34
33.46 , -0.06000137 , 59.28 , 59.34
33.461 , -0.05000305 , 59.28 , 59.33
33.463 , 0.0 , 59.33 , 59.33
33.464 , 0.0 , 59.33 , 59.33
33.466 , 0.01000214 , 59.33 , 59.32
33.468 , 0.02000046 , 59.33 , 59.31
33.469 , 0.0399971 , 59.35 , 59.31
33.471 , 0.04999924 , 59.35 , 59.3
33.473 , 0.03000259 , 59.33 , 59.3
33.474 , 0.03000259 , 59.33 , 59.3
33.476 , 0.05999756 , 59.35 , 59.29
33.478 , 0.0 , 59.28 , 59.28
33.479 , 0.0 , 59.28 , 59.28
33.481 , 0.05000305 , 59.33 , 59.28
33.483 , 0.009998322 , 59.28 , 59.27
33.485 , 0.02000046 , 59.28 , 59.26
33.486 , 0.0 , 59.26 , 59.26
33.488 , 0.009998322 , 59.26 , 59.25
33.49 , 0.009998322 , 59.26 , 59.25
33.492 , 0.01999664 , 59.26 , 59.24
33.493 , 0.0 , 59.24 , 59.24
33.495 , 0.02999878 , 59.26 , 59.23
33.497 , 0.02999878 , 59.26 , 59.23
33.498 , 0.0399971 , 59.26 , 59.22
33.5 , 0.02000046 , 59.24 , 59.22
33.502 , 0.03000259 , 59.24 , 59.21
33.503 , 0.03000259 , 59.24 , 59.21
33.505 , 0.05999756 , 59.26 , 59.2
33.507 , 0.04000092 , 59.24 , 59.2
33.508 , 0.04000092 , 59.24 , 59.2
33.51 , 0.0 , 59.19 , 59.19
33.512 , 0.009998322 , 59.19 , 59.18
33.513 , 0.009998322 , 59.19 , 59.18
33.515 , 0.02000046 , 59.19 , 59.17
33.517 , 0.0 , 59.17 , 59.17
33.519 , 0.02999878 , 59.19 , 59.16
33.52 , 0.009998322 , 59.17 , 59.16
33.522 , 0.0399971 , 59.19 , 59.15
33.524 , 0.0399971 , 59.19 , 59.15
33.526 , 0.02999878 , 59.17 , 59.14
33.527 , 0.02999878 , 59.17 , 59.14
33.529 , -0.01000214 , 59.12 , 59.13
33.531 , -0.01000214 , 59.12 , 59.13
33.533 , 0.0 , 59.12 , 59.12
33.534 , 0.0 , 59.12 , 59.12
33.536 , -0.01000214 , 59.1 , 59.11
33.537 , 0.009998322 , 59.12 , 59.11
33.539 , 0.02000046 , 59.12 , 59.1
33.541 , 0.02000046 , 59.12 , 59.1
33.543 , 0.02999878 , 59.12 , 59.09
33.544 , -0.04000092 , 59.05 , 59.09
33.546 , 0.01999664 , 59.1 , 59.08
33.548 , -0.03000259 , 59.05 , 59.08
33.55 , -0.02000046 , 59.05 , 59.07
33.551 , 0.02999878 , 59.1 , 59.07
33.553 , -0.01000214 , 59.05 , 59.06
33.555 , -0.01000214 , 59.05 , 59.06
33.556 , -0.02000046 , 59.03 , 59.05
33.558 , 0.0 , 59.05 , 59.05
33.56 , -0.01000214 , 59.03 , 59.04
33.561 , 0.05999756 , 59.1 , 59.04
33.563 , 0.0 , 59.03 , 59.03
33.565 , 0.02000046 , 59.05 , 59.03
33.567 , 0.009998322 , 59.03 , 59.02
33.568 , 0.009998322 , 59.03 , 59.02
33.57 , 0.02000046 , 59.03 , 59.01
33.572 , 0.0 , 59.01 , 59.01
33.573 , 0.009998322 , 59.01 , 59.0
33.575 , 0.02999878 , 59.03 , 59.0
33.577 , 0.0399971 , 59.03 , 58.99
33.579 , -0.03000259 , 58.96 , 58.99
33.58 , -0.02000046 , 58.96 , 58.98
33.582 , 0.02999878 , 59.01 , 58.98
33.584 , -0.01000214 , 58.96 , 58.97
33.586 , -0.02000046 , 58.94 , 58.96
33.588 , -0.02000046 , 58.94 , 58.96
33.589 , 0.0 , 58.96 , 58.96
33.591 , 0.009998322 , 58.96 , 58.95
33.593 , -0.04999924 , 58.89 , 58.94
33.595 , -0.04999924 , 58.89 , 58.94
33.596 , 0.0 , 58.94 , 58.94
33.598 , 0.009998322 , 58.94 , 58.93
33.6 , -0.02999878 , 58.89 , 58.92
33.602 , -0.02999878 , 58.89 , 58.92
33.603 , -0.02000046 , 58.89 , 58.91
33.605 , -0.04000092 , 58.87 , 58.91
33.607 , -0.03000259 , 58.87 , 58.9
33.609 , -0.03000259 , 58.87 , 58.9
33.61 , 0.0 , 58.89 , 58.89
33.612 , -0.06999969 , 58.82 , 58.89
33.614 , -0.01000214 , 58.87 , 58.88
33.616 , 0.009998322 , 58.89 , 58.88
33.617 , 0.0 , 58.87 , 58.87
33.619 , -0.04999924 , 58.82 , 58.87
33.621 , -0.04000092 , 58.82 , 58.86
33.622 , -0.04000092 , 58.82 , 58.86
33.624 , -0.02999878 , 58.82 , 58.85
33.626 , -0.02999878 , 58.82 , 58.85
33.628 , -0.02000046 , 58.82 , 58.84
33.63 , 0.0399971 , 58.87 , 58.83
33.631 , -0.03000259 , 58.8 , 58.83
33.633 , -0.05000305 , 58.78 , 58.83
33.635 , -0.02000046 , 58.8 , 58.82
33.636 , -0.02000046 , 58.8 , 58.82
33.638 , -0.03000259 , 58.78 , 58.81
33.64 , 0.0 , 58.8 , 58.8
33.642 , 0.0 , 58.8 , 58.8
33.643 , -0.02000046 , 58.78 , 58.8
33.645 , -0.06000137 , 58.73 , 58.79
33.647 , 0.0 , 58.78 , 58.78
33.648 , 0.0 , 58.78 , 58.78
33.65 , -0.04999924 , 58.73 , 58.78
33.652 , 0.009998322 , 58.78 , 58.77
33.653 , -0.06000137 , 58.71 , 58.77
33.655 , -0.02999878 , 58.73 , 58.76
33.657 , -0.02000046 , 58.73 , 58.75
33.659 , -0.02000046 , 58.73 , 58.75
33.66 , -0.02000046 , 58.73 , 58.75
33.662 , -0.01000214 , 58.73 , 58.74
33.664 , 0.0 , 58.73 , 58.73
33.665 , -0.02000046 , 58.71 , 58.73
33.667 , -0.02000046 , 58.71 , 58.73
33.669 , -0.01000214 , 58.71 , 58.72
33.671 , 0.0 , 58.71 , 58.71
33.672 , 0.0 , 58.71 , 58.71
33.674 , 0.009998322 , 58.71 , 58.7
33.676 , -0.06000137 , 58.64 , 58.7
33.677 , -0.1100006 , 58.59 , 58.7
33.679 , -0.04999924 , 58.64 , 58.69
33.681 , -0.09000015 , 58.59 , 58.68
33.682 , -0.02000046 , 58.66 , 58.68
33.684 , -0.07999802 , 58.59 , 58.67
33.686 , -0.07999802 , 58.59 , 58.67
33.688 , -0.09000015 , 58.57 , 58.66
33.689 , -0.06999969 , 58.59 , 58.66
33.691 , -0.08000183 , 58.57 , 58.65
33.693 , -0.06000137 , 58.59 , 58.65
33.694 , -0.08000183 , 58.57 , 58.65
33.704 , -0.04999924 , 58.57 , 58.62
33.706 , -0.06000137 , 58.55 , 58.61
33.708 , -0.04999924 , 58.55 , 58.6
33.709 , -0.04999924 , 58.55 , 58.6
33.711 , -0.04999924 , 58.55 , 58.6
33.713 , -0.09000015 , 58.5 , 58.59
33.715 , -0.03000259 , 58.55 , 58.58
33.716 , -0.03000259 , 58.55 , 58.58
33.718 , -0.02000046 , 58.55 , 58.57
33.72 , -0.06999969 , 58.5 , 58.57
33.722 , -0.06000137 , 58.5 , 58.56
33.723 , -0.06000137 , 58.5 , 58.56
33.725 , -0.04999924 , 58.5 , 58.55
33.727 , -0.06999969 , 58.48 , 58.55
33.728 , -0.1100006 , 58.43 , 58.54
33.73 , -0.06000137 , 58.48 , 58.54
33.732 , -0.04999924 , 58.48 , 58.53
33.733 , -0.04999924 , 58.48 , 58.53
33.735 , -0.09000015 , 58.43 , 58.52
33.737 , -0.02000046 , 58.5 , 58.52
33.739 , -0.07999802 , 58.43 , 58.51
33.74 , -0.07999802 , 58.43 , 58.51
33.742 , -0.02000046 , 58.48 , 58.5
33.744 , -0.09000015 , 58.41 , 58.5
33.745 , -0.06000137 , 58.43 , 58.49
33.747 , -0.08000183 , 58.41 , 58.49
33.749 , -0.04999924 , 58.43 , 58.48
33.751 , -0.06999969 , 58.41 , 58.48
33.752 , -0.04000092 , 58.43 , 58.47
33.754 , -0.1000023 , 58.37 , 58.47
33.756 , -0.04999924 , 58.41 , 58.46
33.757 , -0.02999878 , 58.43 , 58.46
33.759 , -0.08000183 , 58.37 , 58.45
33.761 , -0.08000183 , 58.37 , 58.45
33.763 , -0.06999969 , 58.37 , 58.44
33.764 , -0.06999969 , 58.37 , 58.44
33.766 , -0.06000137 , 58.37 , 58.43
33.768 , -0.09000015 , 58.34 , 58.43
33.77 , -0.04999924 , 58.37 , 58.42
33.771 , -0.07999802 , 58.34 , 58.42
33.773 , -0.06999969 , 58.34 , 58.41
33.775 , -0.09000015 , 58.32 , 58.41
33.777 , -0.06000137 , 58.34 , 58.4
33.778 , -0.06000137 , 58.34 , 58.4
33.78 , -0.06999969 , 58.32 , 58.39
33.782 , -0.06999969 , 58.32 , 58.39
33.783 , -0.06000137 , 58.32 , 58.38
33.785 , -0.06000137 , 58.32 , 58.38
33.787 , -0.04999924 , 58.32 , 58.37
33.789 , -0.04000092 , 58.32 , 58.36
33.79 , -0.09000015 , 58.27 , 58.36
33.792 , -0.09000015 , 58.27 , 58.36
33.794 , -0.09999847 , 58.25 , 58.35
33.795 , -0.07999802 , 58.27 , 58.35
33.797 , -0.09000015 , 58.25 , 58.34
33.799 , -0.01000214 , 58.32 , 58.33
33.801 , -0.08000183 , 58.25 , 58.33
33.802 , -0.08000183 , 58.25 , 58.33
33.804 , -0.04999924 , 58.27 , 58.32
33.806 , -0.06000137 , 58.25 , 58.31
33.807 , -0.06000137 , 58.25 , 58.31
33.809 , -0.1000023 , 58.21 , 58.31
33.81 , -0.09000015 , 58.21 , 58.3
33.812 , -0.09000015 , 58.21 , 58.3
33.814 , -0.08000183 , 58.21 , 58.29
33.816 , -0.09999847 , 58.18 , 58.28
33.817 , -0.06999969 , 58.21 , 58.28
33.819 , -0.06999969 , 58.21 , 58.28
33.821 , -0.06000137 , 58.21 , 58.27
33.823 , -0.04999924 , 58.21 , 58.26
33.824 , -0.04999924 , 58.21 , 58.26
33.826 , -0.1100006 , 58.14 , 58.25
33.828 , -0.06999969 , 58.18 , 58.25
33.829 , -0.06999969 , 58.18 , 58.25
33.831 , -0.06000137 , 58.18 , 58.24
33.833 , -0.09000015 , 58.14 , 58.23
33.835 , -0.09000015 , 58.14 , 58.23
33.836 , -0.09000015 , 58.14 , 58.23
33.838 , -0.04000092 , 58.18 , 58.22
33.84 , -0.06999969 , 58.14 , 58.21
33.841 , -0.06999969 , 58.14 , 58.21
33.843 , -0.09000015 , 58.11 , 58.2
33.845 , -0.09000015 , 58.11 , 58.2
33.846 , -0.09000015 , 58.11 , 58.2
33.848 , -0.07999802 , 58.11 , 58.19
33.85 , -0.06999969 , 58.11 , 58.18
33.852 , -0.06999969 , 58.11 , 58.18
33.853 , -0.06999969 , 58.11 , 58.18
33.855 , -0.1199989 , 58.05 , 58.17
33.857 , -0.04999924 , 58.11 , 58.16
33.858 , -0.04999924 , 58.11 , 58.16
33.86 , -0.1000023 , 58.05 , 58.15
33.862 , -0.06000137 , 58.09 , 58.15
33.863 , -0.1000023 , 58.05 , 58.15
33.865 , -0.04999924 , 58.09 , 58.14
33.867 , -0.08000183 , 58.05 , 58.13
33.868 , -0.08000183 , 58.05 , 58.13
33.87 , -0.09999847 , 58.02 , 58.12
33.872 , -0.06999969 , 58.05 , 58.12
33.874 , -0.06000137 , 58.05 , 58.11
33.875 , -0.06000137 , 58.05 , 58.11
33.877 , -0.04999924 , 58.05 , 58.1
33.879 , -0.07999802 , 58.02 , 58.1
33.88 , -0.04999924 , 58.05 , 58.1
33.882 , -0.06999969 , 58.02 , 58.09
33.884 , -0.1000023 , 57.98 , 58.08
33.886 , -0.1000023 , 57.98 , 58.08
33.887 , -0.09000015 , 57.98 , 58.07
33.889 , -0.09000015 , 57.98 , 58.07
33.891 , -0.1100006 , 57.95 , 58.06
33.892 , -0.1100006 , 57.95 , 58.06
33.894 , -0.09999847 , 57.95 , 58.05
33.895 , -0.1399994 , 57.91 , 58.05
33.897 , -0.06999969 , 57.98 , 58.05
33.899 , -0.09000015 , 57.95 , 58.04
33.901 , -0.04999924 , 57.98 , 58.03
33.902 , -0.1199989 , 57.91 , 58.03
33.904 , -0.06999969 , 57.95 , 58.02
33.906 , -0.06999969 , 57.95 , 58.02
33.907 , -0.1100006 , 57.91 , 58.02
33.909 , -0.05999756 , 57.95 , 58.01
33.911 , -0.09000015 , 57.91 , 58.0
33.912 , -0.04999924 , 57.95 , 58.0
33.914 , -0.08000183 , 57.91 , 57.99
33.916 , -0.08000183 , 57.91 , 57.99
33.917 , -0.08000183 , 57.91 , 57.99
33.919 , -0.09000015 , 57.89 , 57.98
33.921 , -0.08000183 , 57.89 , 57.97
33.923 , -0.08000183 , 57.89 , 57.97
33.924 , -0.08000183 , 57.89 , 57.97
33.926 , -0.06999969 , 57.89 , 57.96
33.928 , -0.09000015 , 57.86 , 57.95
33.93 , -0.06000137 , 57.89 , 57.95
33.931 , -0.07999802 , 57.86 , 57.94
33.933 , -0.04999924 , 57.89 , 57.94
33.935 , -0.1100006 , 57.82 , 57.93
33.936 , -0.1100006 , 57.82 , 57.93
33.938 , -0.09999847 , 57.82 , 57.92
33.94 , -0.09999847 , 57.82 , 57.92
33.942 , -0.09000015 , 57.82 , 57.91
33.943 , -0.09000015 , 57.82 , 57.91
33.945 , -0.1100006 , 57.79 , 57.9
33.947 , -0.08000183 , 57.82 , 57.9
33.948 , -0.09999847 , 57.79 , 57.89
33.95 , -0.1399994 , 57.75 , 57.89
33.952 , -0.09000015 , 57.79 , 57.88
33.953 , -0.1300011 , 57.75 , 57.88
33.955 , -0.07999802 , 57.79 , 57.87
33.957 , -0.07999802 , 57.79 , 57.87
33.958 , -0.06999969 , 57.79 , 57.86
33.96 , -0.06999969 , 57.79 , 57.86
33.962 , -0.05999756 , 57.79 , 57.85
33.964 , -0.09999847 , 57.75 , 57.85
33.965 , -0.1199989 , 57.72 , 57.84
33.967 , -0.09000015 , 57.75 , 57.84
33.969 , -0.1100006 , 57.72 , 57.83
33.97 , -0.04000092 , 57.79 , 57.83
33.972 , -0.09999847 , 57.72 , 57.82
33.974 , -0.06999969 , 57.75 , 57.82
33.975 , -0.09000015 , 57.72 , 57.81
33.977 , -0.06000137 , 57.75 , 57.81
33.979 , -0.07999802 , 57.72 , 57.8
33.98 , -0.07999802 , 57.72 , 57.8
33.982 , -0.06999969 , 57.72 , 57.79
33.984 , -0.06999969 , 57.72 , 57.79
33.986 , -0.05999756 , 57.72 , 57.78
33.987 , -0.1199989 , 57.66 , 57.78
33.989 , -0.09000015 , 57.68 , 57.77
33.991 , -0.09000015 , 57.68 , 57.77
33.992 , -0.07999802 , 57.68 , 57.76
33.994 , -0.07999802 , 57.68 , 57.76
33.996 , -0.06999969 , 57.68 , 57.75
33.998 , -0.09000015 , 57.66 , 57.75
33.999 , -0.08000183 , 57.66 , 57.74
34.001 , -0.06000137 , 57.68 , 57.74
34.003 , -0.06999969 , 57.66 , 57.73
34.005 , -0.04999924 , 57.68 , 57.73
34.006 , -0.06000137 , 57.66 , 57.72
34.008 , -0.06000137 , 57.66 , 57.72
34.01 , -0.02999878 , 57.68 , 57.71
34.011 , -0.09999847 , 57.61 , 57.71
34.013 , -0.04000092 , 57.66 , 57.7
34.015 , -0.09000015 , 57.61 , 57.7
34.017 , -0.07999802 , 57.61 , 57.69
34.018 , -0.07999802 , 57.61 , 57.69
34.02 , -0.06999969 , 57.61 , 57.68
34.022 , -0.06999969 , 57.61 , 57.68
34.023 , -0.07999802 , 57.59 , 57.67
34.025 , -0.07999802 , 57.59 , 57.67
34.027 , -0.06999969 , 57.59 , 57.66
34.029 , -0.06000137 , 57.59 , 57.65
34.03 , -0.06000137 , 57.59 , 57.65
34.032 , -0.04000092 , 57.61 , 57.65
34.034 , -0.04999924 , 57.59 , 57.64
34.035 , -0.04999924 , 57.59 , 57.64
34.037 , -0.04000092 , 57.59 , 57.63
34.039 , -0.06999969 , 57.56 , 57.63
34.04 , -0.02999878 , 57.59 , 57.62
34.042 , -0.05999756 , 57.56 , 57.62
34.044 , -0.04999924 , 57.56 , 57.61
34.046 , -0.0399971 , 57.56 , 57.6
34.047 , -0.07999802 , 57.52 , 57.6
34.049 , -0.07999802 , 57.52 , 57.6
34.051 , -0.02999878 , 57.56 , 57.59
34.053 , -0.06000137 , 57.52 , 57.58
34.054 , -0.06000137 , 57.52 , 57.58
34.056 , -0.009998322 , 57.56 , 57.57
34.058 , -0.04999924 , 57.52 , 57.57
34.059 , -0.04999924 , 57.52 , 57.57
34.061 , -0.04000092 , 57.52 , 57.56
34.063 , -0.02999878 , 57.52 , 57.55
34.065 , -0.04999924 , 57.5 , 57.55
34.066 , -0.04999924 , 57.5 , 57.55
34.068 , -0.04000092 , 57.5 , 57.54
34.07 , -0.02999878 , 57.5 , 57.53
34.071 , -0.07999802 , 57.45 , 57.53
34.073 , -0.06999969 , 57.45 , 57.52
34.075 , -0.09000015 , 57.43 , 57.52
34.076 , -0.09000015 , 57.43 , 57.52
34.078 , -0.05999756 , 57.45 , 57.51
34.08 , -0.04999924 , 57.45 , 57.5
34.082 , 0.0 , 57.5 , 57.5
34.083 , -0.04999924 , 57.45 , 57.5
34.085 , -0.04000092 , 57.45 , 57.49
34.086 , -0.06000137 , 57.43 , 57.49
34.088 , -0.04999924 , 57.43 , 57.48
34.09 , -0.04000092 , 57.43 , 57.47
34.091 , -0.04000092 , 57.43 , 57.47
34.093 , -0.04000092 , 57.43 , 57.47
34.095 , -0.02999878 , 57.43 , 57.46
34.096 , -0.009998322 , 57.45 , 57.46
34.098 , -0.06999969 , 57.38 , 57.45
34.1 , -0.009998322 , 57.43 , 57.44
34.102 , -0.05999756 , 57.38 , 57.44
34.103 , -0.05999756 , 57.38 , 57.44
34.105 , 0.0 , 57.43 , 57.43
34.107 , -0.0399971 , 57.38 , 57.42
34.108 , -0.0399971 , 57.38 , 57.42
34.11 , -0.0399971 , 57.38 , 57.42
34.112 , -0.04999924 , 57.36 , 57.41
34.114 , -0.06000137 , 57.34 , 57.4
34.115 , -0.02000046 , 57.38 , 57.4
34.117 , -0.009998322 , 57.38 , 57.39
34.119 , -0.02999878 , 57.36 , 57.39
34.12 , -0.02999878 , 57.36 , 57.39
34.122 , -0.02000046 , 57.36 , 57.38
34.124 , -0.009998322 , 57.36 , 57.37
34.126 , -0.009998322 , 57.36 , 57.37
34.127 , 0.0 , 57.36 , 57.36
34.129 , -0.02000046 , 57.34 , 57.36
34.131 , -0.05999756 , 57.29 , 57.35
34.132 , -0.009998322 , 57.34 , 57.35
34.134 , -0.04999924 , 57.29 , 57.34
34.136 , -0.04999924 , 57.29 , 57.34
34.137 , 0.0 , 57.34 , 57.34
34.139 , -0.04000092 , 57.29 , 57.33
34.141 , -0.02999878 , 57.29 , 57.32
34.142 , -0.02999878 , 57.29 , 57.32
34.144 , -0.02000046 , 57.29 , 57.31
34.146 , -0.02000046 , 57.29 , 57.31
34.147 , -0.04000092 , 57.27 , 57.31
34.149 , -0.02999878 , 57.27 , 57.3
34.151 , -0.02000046 , 57.27 , 57.29
34.152 , -0.02000046 , 57.27 , 57.29
34.154 , -0.06999969 , 57.22 , 57.29
34.156 , -0.009998322 , 57.27 , 57.28
34.158 , 0.0 , 57.27 , 57.27
34.159 , -0.04999924 , 57.22 , 57.27
34.161 , -0.0399971 , 57.22 , 57.26
34.163 , -0.0399971 , 57.22 , 57.26
34.164 , -0.0399971 , 57.22 , 57.26
34.166 , -0.02999878 , 57.22 , 57.25
34.168 , 0.02999878 , 57.27 , 57.24
34.169 , -0.04000092 , 57.2 , 57.24
34.171 , -0.009998322 , 57.22 , 57.23
34.173 , -0.009998322 , 57.22 , 57.23
34.175 , -0.02000046 , 57.2 , 57.22
34.176 , -0.02000046 , 57.2 , 57.22
34.178 , 0.01000214 , 57.22 , 57.21
34.18 , -0.009998322 , 57.2 , 57.21
34.181 , -0.05999756 , 57.15 , 57.21
34.183 , 0.0 , 57.2 , 57.2
34.185 , -0.0399971 , 57.15 , 57.19
34.186 , -0.05999756 , 57.13 , 57.19
34.188 , -0.02999878 , 57.15 , 57.18
34.19 , -0.02999878 , 57.15 , 57.18
34.191 , -0.02999878 , 57.15 , 57.18
34.193 , 0.03000259 , 57.2 , 57.17
34.195 , 0.04000092 , 57.2 , 57.16
34.197 , 0.04000092 , 57.2 , 57.16
34.198 , -0.009998322 , 57.15 , 57.16
34.2 , 0.0 , 57.15 , 57.15
34.201 , 0.0 , 57.15 , 57.15
34.203 , 0.06000137 , 57.2 , 57.14
34.205 , 0.06999969 , 57.2 , 57.13
34.206 , 0.02000046 , 57.15 , 57.13
34.208 , 0.02000046 , 57.15 , 57.13
34.209 , 0.03000259 , 57.15 , 57.12
34.211 , 0.03000259 , 57.15 , 57.12
34.213 , 0.02000046 , 57.13 , 57.11
34.214 , 0.04000092 , 57.15 , 57.11
34.216 , 0.03000259 , 57.13 , 57.1
34.218 , 0.03000259 , 57.13 , 57.1
34.219 , 0.04000092 , 57.13 , 57.09
34.221 , 0.04000092 , 57.13 , 57.09
34.223 , 0.04999924 , 57.13 , 57.08
34.224 , 0.02999878 , 57.11 , 57.08
34.226 , 0.04000092 , 57.11 , 57.07
34.228 , 0.04000092 , 57.11 , 57.07
34.229 , 0.04999924 , 57.11 , 57.06
34.231 , 0.04999924 , 57.11 , 57.06
34.233 , 0.08000183 , 57.13 , 57.05
34.234 , 0.06000137 , 57.11 , 57.05
34.236 , 0.06999969 , 57.11 , 57.04
34.238 , 0.02000046 , 57.06 , 57.04
34.239 , 0.08000183 , 57.11 , 57.03
34.241 , 0.03000259 , 57.06 , 57.03
34.243 , 0.09000015 , 57.11 , 57.02
34.244 , 0.04000092 , 57.06 , 57.02
34.246 , 0.05000305 , 57.06 , 57.01
34.248 , 0.03000259 , 57.04 , 57.01
34.249 , 0.06000137 , 57.06 , 57.0
34.251 , 0.04000092 , 57.04 , 57.0
34.253 , 0.04999924 , 57.04 , 56.99
34.254 , 0.04999924 , 57.04 , 56.99
34.256 , 0.06000137 , 57.04 , 56.98
34.258 , 0.06000137 , 57.04 , 56.98
34.259 , 0.02000046 , 56.99 , 56.97
34.261 , 0.02000046 , 56.99 , 56.97
34.263 , 0.08000183 , 57.04 , 56.96
34.264 , 0.03000259 , 56.99 , 56.96
34.266 , -0.03000259 , 56.92 , 56.95
34.268 , -0.03000259 , 56.92 , 56.95
34.269 , 0.04000092 , 56.99 , 56.95
34.271 , -0.02000046 , 56.92 , 56.94
34.273 , -0.01000214 , 56.92 , 56.93
34.275 , -0.01000214 , 56.92 , 56.93
34.276 , 0.0 , 56.92 , 56.92
34.278 , 0.0 , 56.92 , 56.92
34.279 , 0.0 , 56.92 , 56.92
34.281 , 0.009998322 , 56.92 , 56.91
34.283 , 0.0 , 56.9 , 56.9
34.284 , 0.0 , 56.9 , 56.9
34.286 , 0.01000214 , 56.9 , 56.89
34.288 , 0.01000214 , 56.9 , 56.89
34.289 , -0.05999756 , 56.83 , 56.89
34.291 , -0.04999924 , 56.83 , 56.88
34.293 , -0.0399971 , 56.83 , 56.87
34.294 , -0.0399971 , 56.83 , 56.87
34.296 , 0.01000214 , 56.88 , 56.87
34.298 , -0.02999878 , 56.83 , 56.86
34.3 , -0.0399971 , 56.81 , 56.85
34.301 , -0.0399971 , 56.81 , 56.85
34.303 , -0.08000183 , 56.76 , 56.84
34.305 , -0.08000183 , 56.76 , 56.84
34.307 , -0.07000351 , 56.76 , 56.83
34.308 , -0.07000351 , 56.76 , 56.83
34.31 , 0.01000214 , 56.83 , 56.82
34.312 , -0.06000137 , 56.76 , 56.82
34.313 , -0.06000137 , 56.76 , 56.82
34.315 , -0.05000305 , 56.76 , 56.81
34.317 , -0.05999756 , 56.74 , 56.8
34.319 , -0.05999756 , 56.74 , 56.8
34.32 , -0.04999924 , 56.74 , 56.79
34.322 , -0.04999924 , 56.74 , 56.79
34.324 , -0.0399971 , 56.74 , 56.78
34.326 , -0.0399971 , 56.74 , 56.78
34.327 , -0.02999878 , 56.74 , 56.77
34.329 , -0.02999878 , 56.74 , 56.77
34.331 , -0.06999969 , 56.69 , 56.76
34.332 , -0.01999664 , 56.74 , 56.76
34.334 , -0.06000137 , 56.69 , 56.75
34.336 , -0.009998322 , 56.74 , 56.75
34.338 , -0.05000305 , 56.69 , 56.74
34.339 , -0.05000305 , 56.69 , 56.74
34.341 , -0.06000137 , 56.67 , 56.73
34.343 , -0.06000137 , 56.67 , 56.73
34.345 , -0.06999969 , 56.65 , 56.72
34.346 , -0.05000305 , 56.67 , 56.72
34.348 , -0.05999756 , 56.65 , 56.71
34.35 , -0.02000046 , 56.69 , 56.71
34.352 , -0.04999924 , 56.65 , 56.7
34.353 , -0.04999924 , 56.65 , 56.7
34.355 , -0.09000015 , 56.6 , 56.69
34.357 , -0.02999878 , 56.65 , 56.68
34.358 , -0.02999878 , 56.65 , 56.68
34.36 , -0.08000183 , 56.6 , 56.68
34.362 , -0.06999969 , 56.6 , 56.67
34.364 , -0.06000137 , 56.6 , 56.66
34.365 , -0.009998322 , 56.65 , 56.66
34.367 , -0.06000137 , 56.6 , 56.66
34.369 , -0.05000305 , 56.6 , 56.65
34.371 , -0.05999756 , 56.58 , 56.64
34.372 , -0.05999756 , 56.58 , 56.64
34.374 , -0.04999924 , 56.58 , 56.63
34.376 , -0.03000259 , 56.6 , 56.63
34.378 , -0.02000046 , 56.6 , 56.62
34.379 , -0.0399971 , 56.58 , 56.62
34.381 , -0.02999878 , 56.58 , 56.61
34.383 , -0.02999878 , 56.58 , 56.61
34.384 , -0.02999878 , 56.58 , 56.61
34.386 , -0.06999969 , 56.53 , 56.6
34.388 , -0.08000183 , 56.51 , 56.59
34.39 , -0.06000137 , 56.53 , 56.59
34.391 , -0.05000305 , 56.53 , 56.58
34.393 , -0.07000351 , 56.51 , 56.58
34.395 , -0.06000137 , 56.51 , 56.57
34.397 , -0.06000137 , 56.51 , 56.57
34.398 , -0.05000305 , 56.51 , 56.56
34.4 , -0.05000305 , 56.51 , 56.56
34.402 , -0.02000046 , 56.53 , 56.55
34.403 , -0.04000092 , 56.51 , 56.55
34.405 , -0.03000259 , 56.51 , 56.54
34.407 , -0.01000214 , 56.53 , 56.54
34.409 , 0.0 , 56.53 , 56.53
34.41 , -0.02000046 , 56.51 , 56.53
34.412 , -0.01000214 , 56.51 , 56.52
34.414 , 0.009998322 , 56.53 , 56.52
34.415 , 0.0 , 56.51 , 56.51
34.417 , 0.0 , 56.51 , 56.51
34.418 , -0.02999878 , 56.47 , 56.5
34.42 , 0.009998322 , 56.51 , 56.5
34.422 , -0.02000046 , 56.47 , 56.49
34.424 , 0.01999664 , 56.51 , 56.49
34.425 , -0.009998322 , 56.47 , 56.48
34.427 , -0.009998322 , 56.47 , 56.48
34.429 , 0.0 , 56.47 , 56.47
34.43 , 0.0 , 56.47 , 56.47
34.432 , 0.01000214 , 56.47 , 56.46
34.434 , 0.01000214 , 56.47 , 56.46
34.435 , -0.01000214 , 56.44 , 56.45
34.437 , 0.02000046 , 56.47 , 56.45
34.439 , 0.0 , 56.44 , 56.44
34.44 , 0.0 , 56.44 , 56.44
34.442 , 0.009998322 , 56.44 , 56.43
34.444 , 0.009998322 , 56.44 , 56.43
34.445 , 0.0 , 56.42 , 56.42
34.447 , 0.02000046 , 56.44 , 56.42
34.449 , 0.02999878 , 56.44 , 56.41
34.45 , -0.04000092 , 56.37 , 56.41
34.452 , 0.01999664 , 56.42 , 56.4
34.454 , -0.03000259 , 56.37 , 56.4
34.456 , -0.02000046 , 56.37 , 56.39
34.457 , -0.02000046 , 56.37 , 56.39
34.459 , 0.0399971 , 56.42 , 56.38
34.461 , 0.0399971 , 56.42 , 56.38
34.463 , 0.04999924 , 56.42 , 56.37
34.464 , 0.0 , 56.37 , 56.37
34.466 , 0.009998322 , 56.37 , 56.36
34.468 , -0.01000214 , 56.35 , 56.36
34.469 , 0.0 , 56.35 , 56.35
34.471 , 0.0 , 56.35 , 56.35
34.472 , 0.02999878 , 56.37 , 56.34
34.474 , 0.009998322 , 56.35 , 56.34
34.484 , 0.0 , 56.31 , 56.31
34.485 , 0.0 , 56.31 , 56.31
34.487 , 0.04999924 , 56.35 , 56.3
34.489 , -0.01000214 , 56.28 , 56.29
34.49 , -0.01000214 , 56.28 , 56.29
34.492 , -0.01000214 , 56.28 , 56.29
34.494 , 0.0 , 56.28 , 56.28
34.495 , 0.03000259 , 56.31 , 56.28
34.497 , 0.009998322 , 56.28 , 56.27
34.499 , 0.009998322 , 56.28 , 56.27
34.501 , -0.01999664 , 56.24 , 56.26
34.502 , 0.02000046 , 56.28 , 56.26
34.504 , -0.04000092 , 56.21 , 56.25
34.506 , -0.03000259 , 56.21 , 56.24
34.507 , -0.03000259 , 56.21 , 56.24
34.509 , -0.03000259 , 56.21 , 56.24
34.511 , -0.02000046 , 56.21 , 56.23
34.513 , -0.01000214 , 56.21 , 56.22
34.514 , 0.02000046 , 56.24 , 56.22
34.516 , 0.0 , 56.21 , 56.21
34.517 , 0.0 , 56.21 , 56.21
34.519 , -0.02000046 , 56.19 , 56.21
34.521 , 0.009998322 , 56.21 , 56.2
34.523 , 0.0 , 56.19 , 56.19
34.524 , 0.0 , 56.19 , 56.19
34.526 , -0.0399971 , 56.15 , 56.19
34.527 , -0.02999878 , 56.15 , 56.18
34.529 , 0.009998322 , 56.19 , 56.18
34.531 , -0.01999664 , 56.15 , 56.17
34.533 , -0.009998322 , 56.15 , 56.16
34.534 , -0.009998322 , 56.15 , 56.16
34.536 , -0.009998322 , 56.15 , 56.16
34.538 , -0.03000259 , 56.12 , 56.15
34.54 , -0.02000046 , 56.12 , 56.14
34.542 , -0.02000046 , 56.12 , 56.14
34.543 , -0.01000214 , 56.12 , 56.13
34.545 , -0.04999924 , 56.08 , 56.13
34.547 , 0.03000259 , 56.15 , 56.12
34.548 , -0.0399971 , 56.08 , 56.12
34.55 , -0.02999878 , 56.08 , 56.11
34.552 , -0.06000137 , 56.05 , 56.11
34.553 , 0.009998322 , 56.12 , 56.11
34.555 , -0.01999664 , 56.08 , 56.1
34.557 , -0.009998322 , 56.08 , 56.09
34.559 , 0.02999878 , 56.12 , 56.09
34.561 , 0.0399971 , 56.12 , 56.08
34.562 , -0.03000259 , 56.05 , 56.08
34.564 , 0.01000214 , 56.08 , 56.07
34.566 , 0.01000214 , 56.08 , 56.07
34.567 , -0.01000214 , 56.05 , 56.06
34.569 , -0.01000214 , 56.05 , 56.06
34.571 , 0.03000259 , 56.08 , 56.05
34.572 , 0.0 , 56.05 , 56.05
34.574 , 0.009998322 , 56.05 , 56.04
34.576 , -0.03000259 , 56.01 , 56.04
34.577 , 0.02000046 , 56.05 , 56.03
34.579 , 0.02000046 , 56.05 , 56.03
34.581 , -0.01000214 , 56.01 , 56.02
34.582 , -0.02999878 , 55.99 , 56.02
34.584 , 0.0 , 56.01 , 56.01
34.586 , 0.0 , 56.01 , 56.01
34.587 , -0.009998322 , 55.99 , 56.0
34.589 , -0.009998322 , 55.99 , 56.0
34.591 , 0.0 , 55.99 , 55.99
34.592 , 0.0 , 55.99 , 55.99
34.594 , 0.01000214 , 55.99 , 55.98
34.595 , 0.02999878 , 56.01 , 55.98
34.597 , -0.06000137 , 55.92 , 55.98
34.599 , -0.01000214 , 55.96 , 55.97
34.601 , 0.0 , 55.96 , 55.96
34.602 , 0.03000259 , 55.99 , 55.96
34.604 , 0.009998322 , 55.96 , 55.95
34.606 , 0.04000092 , 55.99 , 55.95
34.607 , -0.03000259 , 55.92 , 55.95
34.609 , -0.02000046 , 55.92 , 55.94
34.611 , -0.01000214 , 55.92 , 55.93
34.613 , -0.01000214 , 55.92 , 55.93
34.614 , -0.01000214 , 55.92 , 55.93
34.616 , -0.02999878 , 55.89 , 55.92
34.618 , 0.009998322 , 55.92 , 55.91
34.62 , 0.009998322 , 55.92 , 55.91
34.622 , -0.01000214 , 55.89 , 55.9
34.623 , -0.01000214 , 55.89 , 55.9
34.625 , 0.02999878 , 55.92 , 55.89
34.627 , 0.0 , 55.89 , 55.89
34.628 , 0.009998322 , 55.89 , 55.88
34.63 , 0.009998322 , 55.89 , 55.88
34.632 , -0.0399971 , 55.83 , 55.87
34.634 , -0.02000046 , 55.85 , 55.87
34.635 , -0.01000214 , 55.85 , 55.86
34.637 , -0.01000214 , 55.85 , 55.86
34.639 , 0.0 , 55.85 , 55.85
34.64 , 0.0 , 55.85 , 55.85
34.642 , 0.009998322 , 55.85 , 55.84
34.644 , 0.009998322 , 55.85 , 55.84
34.646 , 0.01999664 , 55.85 , 55.83
34.648 , -0.06000137 , 55.76 , 55.82
34.649 , 0.01000214 , 55.83 , 55.82
34.651 , 0.01000214 , 55.83 , 55.82
34.653 , -0.03000259 , 55.78 , 55.81
34.654 , -0.05000305 , 55.76 , 55.81
34.656 , 0.03000259 , 55.83 , 55.8
34.658 , -0.03000259 , 55.76 , 55.79
34.66 , -0.03000259 , 55.76 , 55.79
34.661 , -0.03000259 , 55.76 , 55.79
34.663 , -0.02000046 , 55.76 , 55.78
34.665 , 0.009998322 , 55.78 , 55.77
34.667 , -0.06000137 , 55.71 , 55.77
34.668 , -0.01000214 , 55.76 , 55.77
34.67 , -0.06999969 , 55.69 , 55.76
34.672 , -0.04000092 , 55.71 , 55.75
34.674 , -0.04000092 , 55.71 , 55.75
34.675 , -0.03000259 , 55.71 , 55.74
34.677 , 0.01999664 , 55.76 , 55.74
34.679 , -0.04000092 , 55.69 , 55.73
34.681 , -0.04000092 , 55.69 , 55.73
34.682 , -0.01000214 , 55.71 , 55.72
34.684 , -0.01000214 , 55.71 , 55.72
34.686 , -0.02000046 , 55.69 , 55.71
34.688 , -0.02000046 , 55.69 , 55.71
34.689 , 0.009998322 , 55.71 , 55.7
34.691 , -0.01000214 , 55.69 , 55.7
34.693 , 0.0 , 55.69 , 55.69
34.694 , -0.06999969 , 55.62 , 55.69
34.696 , -0.02000046 , 55.66 , 55.68
34.698 , -0.06000137 , 55.62 , 55.68
34.7 , -0.009998322 , 55.66 , 55.67
34.702 , -0.04000092 , 55.62 , 55.66
34.703 , 0.0 , 55.66 , 55.66
34.705 , 0.0 , 55.66 , 55.66
34.706 , -0.03000259 , 55.62 , 55.65
34.708 , -0.03000259 , 55.62 , 55.65
34.71 , 0.02000046 , 55.66 , 55.64
34.712 , -0.04000092 , 55.6 , 55.64
34.713 , -0.01000214 , 55.62 , 55.63
34.715 , 0.02999878 , 55.66 , 55.63
34.717 , 0.0 , 55.62 , 55.62
34.718 , 0.04000092 , 55.66 , 55.62
34.72 , 0.009998322 , 55.62 , 55.61
34.722 , -0.06000137 , 55.55 , 55.61
34.723 , 0.0 , 55.6 , 55.6
34.725 , -0.04999924 , 55.55 , 55.6
34.727 , 0.009998322 , 55.6 , 55.59
34.729 , 0.009998322 , 55.6 , 55.59
34.731 , 0.01999664 , 55.6 , 55.58
34.732 , 0.01999664 , 55.6 , 55.58
34.734 , -0.02000046 , 55.55 , 55.57
34.736 , 0.0399971 , 55.6 , 55.56
34.738 , 0.0399971 , 55.6 , 55.56
34.739 , 0.0399971 , 55.6 , 55.56
34.741 , 0.0 , 55.55 , 55.55
34.743 , 0.009998322 , 55.55 , 55.54
34.744 , 0.05999756 , 55.6 , 55.54
34.746 , 0.0 , 55.53 , 55.53
34.748 , -0.04999924 , 55.48 , 55.53
34.749 , -0.04999924 , 55.48 , 55.53
34.751 , -0.04000092 , 55.48 , 55.52
34.753 , 0.02000046 , 55.53 , 55.51
34.755 , -0.02999878 , 55.48 , 55.51
34.756 , 0.02000046 , 55.53 , 55.51
34.758 , -0.02000046 , 55.48 , 55.5
34.76 , 0.0399971 , 55.53 , 55.49
34.762 , 0.0399971 , 55.53 , 55.49
34.763 , 0.0 , 55.48 , 55.48
34.765 , 0.0 , 55.48 , 55.48
34.767 , 0.009998322 , 55.48 , 55.47
34.768 , -0.01000214 , 55.46 , 55.47
34.77 , 0.0 , 55.46 , 55.46
34.772 , 0.0 , 55.46 , 55.46
34.773 , 0.009998322 , 55.46 , 55.45
34.775 , 0.009998322 , 55.46 , 55.45
34.777 , 0.0 , 55.44 , 55.44
34.778 , 0.0 , 55.44 , 55.44
34.78 , -0.04000092 , 55.39 , 55.43
34.782 , 0.009998322 , 55.44 , 55.43
34.784 , 0.02000046 , 55.44 , 55.42
34.785 , -0.02999878 , 55.39 , 55.42
34.787 , 0.02999878 , 55.44 , 55.41
34.789 , -0.02000046 , 55.39 , 55.41
34.791 , 0.0399971 , 55.44 , 55.4
34.792 , -0.03000259 , 55.37 , 55.4
34.794 , -0.06999969 , 55.32 , 55.39
34.796 , 0.0 , 55.39 , 55.39
34.797 , 0.009998322 , 55.39 , 55.38
34.799 , -0.01000214 , 55.37 , 55.38
34.801 , 0.0 , 55.37 , 55.37
34.803 , 0.0 , 55.37 , 55.37
34.804 , 0.009998322 , 55.37 , 55.36
34.806 , 0.009998322 , 55.37 , 55.36
34.808 , -0.02999878 , 55.32 , 55.35
34.81 , -0.02999878 , 55.32 , 55.35
34.811 , 0.02999878 , 55.37 , 55.34
34.813 , -0.02000046 , 55.32 , 55.34
34.815 , -0.01000214 , 55.32 , 55.33
34.817 , 0.0 , 55.32 , 55.32
34.818 , 0.06999969 , 55.39 , 55.32
34.82 , 0.06999969 , 55.39 , 55.32
34.822 , 0.009998322 , 55.32 , 55.31
34.823 , 0.009998322 , 55.32 , 55.31
34.825 , 0.02000046 , 55.32 , 55.3
34.827 , 0.0 , 55.3 , 55.3
34.829 , 0.009998322 , 55.3 , 55.29
34.83 , 0.009998322 , 55.3 , 55.29
34.832 , 0.04000092 , 55.32 , 55.28
34.834 , 0.02999878 , 55.3 , 55.27
34.836 , 0.02999878 , 55.3 , 55.27
34.837 , 0.04999924 , 55.32 , 55.27
34.839 , 0.04000092 , 55.3 , 55.26
34.841 , 0.04999924 , 55.3 , 55.25
34.843 , 0.04999924 , 55.3 , 55.25
34.844 , 0.05999756 , 55.3 , 55.24
34.846 , 0.05999756 , 55.3 , 55.24
34.848 , 0.06999969 , 55.3 , 55.23
34.85 , 0.02000046 , 55.25 , 55.23
34.851 , 0.02999878 , 55.25 , 55.22
34.853 , 0.02999878 , 55.25 , 55.22
34.855 , 0.04000092 , 55.25 , 55.21
34.856 , 0.02000046 , 55.23 , 55.21
34.858 , 0.02999878 , 55.23 , 55.2
34.86 , 0.009998322 , 55.21 , 55.2
34.862 , 0.06000137 , 55.25 , 55.19
34.863 , 0.02000046 , 55.21 , 55.19
34.865 , 0.04999924 , 55.23 , 55.18
34.867 , 0.04999924 , 55.23 , 55.18
34.869 , 0.04000092 , 55.21 , 55.17
34.87 , 0.04000092 , 55.21 , 55.17
34.872 , 0.04999924 , 55.21 , 55.16
34.874 , 0.04999924 , 55.21 , 55.16
34.876 , 0.05999756 , 55.21 , 55.15
34.877 , 0.05999756 , 55.21 , 55.15
34.879 , 0.06999969 , 55.21 , 55.14
34.881 , 0.06999969 , 55.21 , 55.14
34.883 , 0.02999878 , 55.16 , 55.13
34.885 , 0.04000092 , 55.16 , 55.12
34.886 , 0.04000092 , 55.16 , 55.12
34.888 , 0.04999924 , 55.16 , 55.11
34.89 , 0.04999924 , 55.16 , 55.11
34.892 , 0.04000092 , 55.14 , 55.1
34.893 , 0.06000137 , 55.16 , 55.1
34.895 , 0.04999924 , 55.14 , 55.09
34.897 , 0.04999924 , 55.14 , 55.09
34.898 , 0.06999969 , 55.16 , 55.09
34.9 , 0.009998322 , 55.09 , 55.08
34.902 , 0.06999969 , 55.14 , 55.07
34.904 , 0.06999969 , 55.14 , 55.07
34.906 , 0.02999878 , 55.09 , 55.06
34.907 , 0.02999878 , 55.09 , 55.06
34.909 , 0.02000046 , 55.07 , 55.05
34.911 , 0.04000092 , 55.09 , 55.05
34.912 , 0.02999878 , 55.07 , 55.04
34.914 , 0.02999878 , 55.07 , 55.04
34.916 , 0.06000137 , 55.09 , 55.03
34.918 , 0.04000092 , 55.07 , 55.03
34.919 , -0.02000046 , 55.0 , 55.02
34.921 , -0.02000046 , 55.0 , 55.02
34.923 , 0.01000214 , 55.02 , 55.01
34.924 , -0.009998322 , 55.0 , 55.01
34.926 , 0.0 , 55.0 , 55.0
34.927 , 0.0 , 55.0 , 55.0
34.929 , 0.009998322 , 55.0 , 54.99
34.931 , 0.009998322 , 55.0 , 54.99
34.933 , 0.02000046 , 55.0 , 54.98
34.934 , 0.02000046 , 55.0 , 54.98
34.936 , 0.009998322 , 54.98 , 54.97
34.938 , 0.02999878 , 55.0 , 54.97
34.94 , 0.02000046 , 54.98 , 54.96
34.941 , 0.02000046 , 54.98 , 54.96
34.943 , 0.02999878 , 54.98 , 54.95
34.945 , -0.02000046 , 54.93 , 54.95
34.946 , 0.04000092 , 54.98 , 54.94
34.948 , -0.009998322 , 54.93 , 54.94
34.95 , 0.0 , 54.93 , 54.93
34.951 , 0.0 , 54.93 , 54.93
34.953 , -0.009998322 , 54.91 , 54.92
34.955 , 0.01000214 , 54.93 , 54.92
34.957 , 0.02000046 , 54.93 , 54.91
34.958 , 0.0 , 54.91 , 54.91
34.96 , 0.02999878 , 54.93 , 54.9
34.961 , 0.02999878 , 54.93 , 54.9
34.963 , 0.02000046 , 54.91 , 54.89
34.965 , -0.02999878 , 54.86 , 54.89
34.967 , -0.02000046 , 54.86 , 54.88
34.968 , 0.02999878 , 54.91 , 54.88
34.97 , -0.009998322 , 54.86 , 54.87
34.972 , 0.04000092 , 54.91 , 54.87
34.974 , 0.0 , 54.86 , 54.86
34.975 , 0.0 , 54.86 , 54.86
34.977 , -0.009998322 , 54.84 , 54.85
34.979 , -0.009998322 , 54.84 , 54.85
34.98 , 0.0 , 54.84 , 54.84
34.982 , 0.0 , 54.84 , 54.84
34.983 , 0.009998322 , 54.84 , 54.83
34.985 , 0.02999878 , 54.86 , 54.83
34.987 , 0.02000046 , 54.84 , 54.82
34.989 , -0.02000046 , 54.8 , 54.82
34.99 , 0.02999878 , 54.84 , 54.81
34.992 , 0.02999878 , 54.84 , 54.81
34.994 , 0.04000092 , 54.84 , 54.8
34.996 , 0.04000092 , 54.84 , 54.8
34.997 , 0.009998322 , 54.8 , 54.79
34.999 , 0.009998322 , 54.8 , 54.79
35.001 , 0.06000137 , 54.84 , 54.78
35.003 , 0.0 , 54.77 , 54.77
35.004 , 0.02999878 , 54.8 , 54.77
35.006 , 0.02999878 , 54.8 , 54.77
35.008 , 0.01000214 , 54.77 , 54.76
35.009 , -0.05999756 , 54.7 , 54.76
35.011 , 0.02000046 , 54.77 , 54.75
35.013 , 0.04999924 , 54.8 , 54.75
35.014 , 0.02999878 , 54.77 , 54.74
35.016 , 0.009998322 , 54.75 , 54.74
35.018 , 0.04000092 , 54.77 , 54.73
35.02 , -0.02000046 , 54.7 , 54.72
35.021 , 0.04999924 , 54.77 , 54.72
35.023 , -0.02000046 , 54.7 , 54.72
35.025 , -0.009998322 , 54.7 , 54.71
35.026 , -0.02999878 , 54.68 , 54.71
35.028 , 0.0 , 54.7 , 54.7
35.029 , 0.04999924 , 54.75 , 54.7
35.031 , 0.01000214 , 54.7 , 54.69
35.033 , -0.009998322 , 54.68 , 54.69
35.035 , 0.0 , 54.68 , 54.68
35.036 , -0.04999924 , 54.63 , 54.68
35.038 , -0.0399971 , 54.63 , 54.67
35.04 , 0.01000214 , 54.68 , 54.67
35.041 , -0.02999878 , 54.63 , 54.66
35.043 , -0.02999878 , 54.63 , 54.66
35.045 , -0.02000046 , 54.63 , 54.65
35.046 , 0.02999878 , 54.68 , 54.65
35.048 , -0.009998322 , 54.63 , 54.64
35.05 , -0.009998322 , 54.63 , 54.64
35.052 , -0.02000046 , 54.61 , 54.63
35.053 , 0.0 , 54.63 , 54.63
35.055 , -0.009998322 , 54.61 , 54.62
35.057 , -0.009998322 , 54.61 , 54.62
35.058 , -0.04000092 , 54.57 , 54.61
35.06 , 0.0 , 54.61 , 54.61
35.062 , -0.05999756 , 54.54 , 54.6
35.063 , 0.01000214 , 54.61 , 54.6
35.065 , -0.02000046 , 54.57 , 54.59
35.067 , 0.02000046 , 54.61 , 54.59
35.068 , -0.01000214 , 54.57 , 54.58
35.07 , -0.01000214 , 54.57 , 54.58
35.072 , 0.04000092 , 54.61 , 54.57
35.073 , 0.0 , 54.57 , 54.57
35.075 , 0.009998322 , 54.57 , 54.56
35.077 , 0.009998322 , 54.57 , 54.56
35.079 , 0.02000046 , 54.57 , 54.55
35.08 , -0.009998322 , 54.54 , 54.55
35.082 , 0.0 , 54.54 , 54.54
35.084 , 0.0 , 54.54 , 54.54
35.085 , -0.009998322 , 54.52 , 54.53
35.087 , 0.01000214 , 54.54 , 54.53
35.088 , 0.0 , 54.52 , 54.52
35.09 , 0.02000046 , 54.54 , 54.52
35.092 , 0.01000214 , 54.52 , 54.51
35.093 , 0.01000214 , 54.52 , 54.51
35.095 , 0.02000046 , 54.52 , 54.5
35.096 , 0.02000046 , 54.52 , 54.5
35.098 , 0.02999878 , 54.52 , 54.49
35.1 , 0.02999878 , 54.52 , 54.49
35.102 , 0.04000092 , 54.52 , 54.48
35.103 , 0.04000092 , 54.52 , 54.48
35.105 , 0.0 , 54.47 , 54.47
35.106 , 0.0 , 54.47 , 54.47
35.108 , 0.01000214 , 54.47 , 54.46
35.109 , 0.01000214 , 54.47 , 54.46
35.111 , -0.04999924 , 54.41 , 54.46
35.113 , 0.0 , 54.45 , 54.45
35.114 , 0.0 , 54.45 , 54.45
35.116 , 0.03000259 , 54.47 , 54.44
35.117 , 0.01000214 , 54.45 , 54.44
35.119 , -0.02000046 , 54.41 , 54.43
35.121 , 0.02000046 , 54.45 , 54.43
35.122 , 0.03000259 , 54.45 , 54.42
35.124 , -0.009998322 , 54.41 , 54.42
35.126 , 0.04000092 , 54.45 , 54.41
35.128 , 0.0 , 54.41 , 54.41
35.129 , -0.02000046 , 54.38 , 54.4
35.131 , -0.06000137 , 54.34 , 54.4
35.132 , -0.009998322 , 54.38 , 54.39
35.134 , -0.04999924 , 54.34 , 54.39
35.136 , -0.04000092 , 54.34 , 54.38
35.138 , -0.04000092 , 54.34 , 54.38
35.139 , 0.01000214 , 54.38 , 54.37
35.141 , -0.02999878 , 54.34 , 54.37
35.143 , -0.02000046 , 54.34 , 54.36
35.144 , -0.04999924 , 54.31 , 54.36
35.146 , -0.009998322 , 54.34 , 54.35
35.148 , -0.0399971 , 54.31 , 54.35
35.15 , -0.02999878 , 54.31 , 54.34
35.151 , -0.02999878 , 54.31 , 54.34
35.153 , -0.08000183 , 54.25 , 54.33
35.155 , 0.009998322 , 54.34 , 54.33
35.156 , -0.009998322 , 54.31 , 54.32
35.158 , -0.09999847 , 54.22 , 54.32
35.16 , 0.0 , 54.31 , 54.31
35.161 , 0.0 , 54.31 , 54.31
35.163 , -0.04999924 , 54.25 , 54.3
35.164 , -0.04999924 , 54.25 , 54.3
35.166 , 0.02000046 , 54.31 , 54.29
35.168 , -0.06999969 , 54.22 , 54.29
35.17 , -0.05999756 , 54.22 , 54.28
35.171 , -0.05999756 , 54.22 , 54.28
35.173 , -0.09000015 , 54.18 , 54.27
35.175 , -0.04999924 , 54.22 , 54.27
35.176 , -0.07999802 , 54.18 , 54.26
35.178 , -0.0399971 , 54.22 , 54.26
35.18 , -0.02999878 , 54.22 , 54.25
35.181 , -0.06999969 , 54.18 , 54.25
35.183 , -0.02000046 , 54.22 , 54.24
35.185 , -0.06000137 , 54.18 , 54.24
35.186 , -0.04999924 , 54.18 , 54.23
35.188 , -0.04999924 , 54.18 , 54.23
35.19 , -0.04000092 , 54.18 , 54.22
35.192 , -0.06999969 , 54.15 , 54.22
35.193 , -0.02999878 , 54.18 , 54.21
35.195 , -0.05999756 , 54.15 , 54.21
35.197 , -0.04999924 , 54.15 , 54.2
35.198 , -0.09000015 , 54.11 , 54.2
35.2 , -0.0399971 , 54.15 , 54.19
35.202 , -0.0399971 , 54.15 , 54.19
35.203 , -0.02999878 , 54.15 , 54.18
35.205 , -0.06999969 , 54.11 , 54.18
35.207 , -0.05999756 , 54.11 , 54.17
35.208 , -0.05999756 , 54.11 , 54.17
35.21 , -0.06999969 , 54.09 , 54.16
35.212 , -0.009998322 , 54.15 , 54.16
35.214 , -0.04000092 , 54.11 , 54.15
35.215 , -0.04000092 , 54.11 , 54.15
35.217 , -0.02999878 , 54.11 , 54.14
35.219 , -0.02999878 , 54.11 , 54.14
35.22 , -0.04000092 , 54.09 , 54.13
35.222 , -0.04000092 , 54.09 , 54.13
35.224 , -0.02999878 , 54.09 , 54.12
35.225 , -0.07999802 , 54.04 , 54.12
35.227 , -0.06999969 , 54.04 , 54.11
35.229 , -0.09000015 , 54.02 , 54.11
35.23 , -0.009998322 , 54.09 , 54.1
35.232 , 0.01000214 , 54.11 , 54.1
35.234 , -0.04999924 , 54.04 , 54.09
35.235 , 0.02000046 , 54.11 , 54.09
35.237 , -0.04000092 , 54.04 , 54.08
35.239 , 0.009998322 , 54.09 , 54.08
35.241 , -0.02999878 , 54.04 , 54.07
35.242 , 0.02000046 , 54.09 , 54.07
35.244 , -0.02000046 , 54.04 , 54.06
35.246 , -0.04000092 , 54.02 , 54.06
35.247 , -0.009998322 , 54.04 , 54.05
35.249 , -0.02999878 , 54.02 , 54.05
35.251 , -0.02000046 , 54.02 , 54.04
35.252 , -0.02000046 , 54.02 , 54.04
35.254 , -0.009998322 , 54.02 , 54.03
35.256 , -0.009998322 , 54.02 , 54.03
35.265 , 0.02000046 , 54.02 , 54.0
35.267 , -0.04000092 , 53.95 , 53.99
35.269 , -0.04000092 , 53.95 , 53.99
35.27 , -0.04000092 , 53.95 , 53.99
35.272 , -0.02999878 , 53.95 , 53.98
35.274 , -0.02000046 , 53.95 , 53.97
35.276 , -0.04000092 , 53.93 , 53.97
35.277 , -0.009998322 , 53.95 , 53.96
35.279 , -0.009998322 , 53.95 , 53.96
35.281 , -0.02000046 , 53.93 , 53.95
35.283 , -0.02000046 , 53.93 , 53.95
35.284 , -0.009998322 , 53.93 , 53.94
35.286 , -0.009998322 , 53.93 , 53.94
35.288 , 0.0 , 53.93 , 53.93
35.289 , 0.0 , 53.93 , 53.93
35.291 , 0.01000214 , 53.93 , 53.92
35.292 , 0.01000214 , 53.93 , 53.92
35.294 , 0.02000046 , 53.93 , 53.91
35.296 , 0.02000046 , 53.93 , 53.91
35.298 , 0.02999878 , 53.93 , 53.9
35.299 , -0.02000046 , 53.88 , 53.9
35.301 , 0.04000092 , 53.93 , 53.89
35.303 , -0.02999878 , 53.86 , 53.89
35.304 , 0.0 , 53.88 , 53.88
35.306 , -0.02000046 , 53.86 , 53.88
35.307 , -0.02000046 , 53.86 , 53.88
35.309 , 0.01000214 , 53.88 , 53.87
35.311 , -0.04999924 , 53.81 , 53.86
35.312 , -0.04999924 , 53.81 , 53.86
35.314 , -0.04999924 , 53.81 , 53.86
35.316 , -0.0399971 , 53.81 , 53.85
35.318 , 0.02000046 , 53.86 , 53.84
35.319 , -0.02999878 , 53.81 , 53.84
35.321 , 0.02999878 , 53.86 , 53.83
35.323 , -0.02000046 , 53.81 , 53.83
35.324 , -0.02000046 , 53.81 , 53.83
35.326 , -0.009998322 , 53.81 , 53.82
35.328 , 0.0 , 53.81 , 53.81
35.329 , -0.02000046 , 53.79 , 53.81
35.331 , -0.02000046 , 53.79 , 53.81
35.332 , -0.02999878 , 53.77 , 53.8
35.334 , -0.02999878 , 53.77 , 53.8
35.336 , 0.0 , 53.79 , 53.79
35.337 , 0.0 , 53.79 , 53.79
35.339 , -0.009998322 , 53.77 , 53.78
35.341 , -0.009998322 , 53.77 , 53.78
35.342 , 0.02000046 , 53.79 , 53.77
35.344 , 0.0 , 53.77 , 53.77
35.346 , 0.01000214 , 53.77 , 53.76
35.347 , 0.01000214 , 53.77 , 53.76
35.349 , 0.02000046 , 53.77 , 53.75
35.351 , 0.02000046 , 53.77 , 53.75
35.352 , -0.02000046 , 53.72 , 53.74
35.354 , -0.02000046 , 53.72 , 53.74
35.355 , -0.009998322 , 53.72 , 53.73
35.357 , -0.009998322 , 53.72 , 53.73
35.359 , 0.0 , 53.72 , 53.72
35.361 , 0.0 , 53.72 , 53.72
35.362 , -0.009998322 , 53.7 , 53.71
35.364 , 0.01000214 , 53.72 , 53.71
35.365 , -0.04999924 , 53.65 , 53.7
35.367 , 0.02000046 , 53.72 , 53.7
35.369 , 0.03000259 , 53.72 , 53.69
35.371 , 0.01000214 , 53.7 , 53.69
35.372 , -0.04999924 , 53.63 , 53.68
35.374 , 0.04000092 , 53.72 , 53.68
35.375 , -0.0399971 , 53.63 , 53.67
35.377 , 0.03000259 , 53.7 , 53.67
35.379 , -0.009998322 , 53.65 , 53.66
35.381 , -0.02999878 , 53.63 , 53.66
35.382 , -0.02000046 , 53.63 , 53.65
35.384 , -0.02000046 , 53.63 , 53.65
35.386 , -0.05999756 , 53.58 , 53.64
35.388 , -0.05999756 , 53.58 , 53.64
35.389 , 0.0 , 53.63 , 53.63
35.391 , -0.04999924 , 53.58 , 53.63
35.392 , -0.0399971 , 53.58 , 53.62
35.394 , -0.0399971 , 53.58 , 53.62
35.396 , -0.04999924 , 53.56 , 53.61
35.398 , -0.02999878 , 53.58 , 53.61
35.399 , -0.01999664 , 53.58 , 53.6
35.401 , 0.03000259 , 53.63 , 53.6
35.403 , -0.009998322 , 53.58 , 53.59
35.405 , -0.02999878 , 53.56 , 53.59
35.406 , -0.02000046 , 53.56 , 53.58
35.408 , -0.02000046 , 53.56 , 53.58
35.41 , -0.009998322 , 53.56 , 53.57
35.411 , -0.02999878 , 53.54 , 53.57
35.413 , 0.0 , 53.56 , 53.56
35.415 , -0.02000046 , 53.54 , 53.56
35.416 , -0.009998322 , 53.54 , 53.55
35.418 , 0.01000214 , 53.56 , 53.55
35.42 , 0.0 , 53.54 , 53.54
35.421 , -0.04999924 , 53.49 , 53.54
35.423 , -0.0399971 , 53.49 , 53.53
35.425 , -0.0399971 , 53.49 , 53.53
35.426 , 0.02000046 , 53.54 , 53.52
35.428 , -0.02999878 , 53.49 , 53.52
35.43 , -0.01999664 , 53.49 , 53.51
35.431 , 0.03000259 , 53.54 , 53.51
35.433 , -0.009998322 , 53.49 , 53.5
35.435 , -0.009998322 , 53.49 , 53.5
35.437 , -0.02000046 , 53.47 , 53.49
35.438 , -0.07000351 , 53.42 , 53.49
35.44 , -0.009998322 , 53.47 , 53.48
35.442 , -0.06000137 , 53.42 , 53.48
35.444 , -0.05000305 , 53.42 , 53.47
35.445 , -0.06999969 , 53.4 , 53.47
35.447 , 0.01000214 , 53.47 , 53.46
35.449 , -0.1100006 , 53.35 , 53.46
35.45 , -0.03000259 , 53.42 , 53.45
35.452 , -0.04999924 , 53.4 , 53.45
35.454 , -0.0399971 , 53.4 , 53.44
35.455 , -0.0399971 , 53.4 , 53.44
35.457 , -0.02999878 , 53.4 , 53.43
35.459 , -0.08000183 , 53.35 , 53.43
35.46 , -0.06999969 , 53.35 , 53.42
35.462 , -0.06999969 , 53.35 , 53.42
35.464 , -0.07999802 , 53.33 , 53.41
35.466 , -0.07999802 , 53.33 , 53.41
35.467 , -0.05000305 , 53.35 , 53.4
35.469 , -0.06999969 , 53.33 , 53.4
35.471 , -0.05999756 , 53.33 , 53.39
35.472 , -0.04000092 , 53.35 , 53.39
35.474 , -0.04999924 , 53.33 , 53.38
35.476 , -0.04999924 , 53.33 , 53.38
35.478 , -0.0399971 , 53.33 , 53.37
35.479 , -0.0399971 , 53.33 , 53.37
35.481 , -0.04999924 , 53.31 , 53.36
35.483 , -0.04999924 , 53.31 , 53.36
35.484 , -0.01999664 , 53.33 , 53.35
35.486 , -0.0399971 , 53.31 , 53.35
35.488 , -0.02999878 , 53.31 , 53.34
35.489 , -0.08000183 , 53.26 , 53.34
35.491 , -0.02000046 , 53.31 , 53.33
35.493 , -0.02000046 , 53.31 , 53.33
35.494 , -0.009998322 , 53.31 , 53.32
35.496 , -0.009998322 , 53.31 , 53.32
35.498 , -0.05000305 , 53.26 , 53.31
35.5 , 0.0 , 53.31 , 53.31
35.501 , 0.01000214 , 53.31 , 53.3
35.503 , 0.01000214 , 53.31 , 53.3
35.504 , -0.03000259 , 53.26 , 53.29
35.506 , 0.02000046 , 53.31 , 53.29
35.508 , -0.02000046 , 53.26 , 53.28
35.51 , -0.0399971 , 53.24 , 53.28
35.511 , -0.02999878 , 53.24 , 53.27
35.513 , -0.01000214 , 53.26 , 53.27
35.515 , -0.01999664 , 53.24 , 53.26
35.516 , -0.01999664 , 53.24 , 53.26
35.518 , -0.009998322 , 53.24 , 53.25
35.52 , -0.009998322 , 53.24 , 53.25
35.522 , 0.0 , 53.24 , 53.24
35.523 , 0.0 , 53.24 , 53.24
35.524 , 0.01000214 , 53.24 , 53.23
35.526 , 0.01000214 , 53.24 , 53.23
35.528 , -0.03000259 , 53.19 , 53.22
35.53 , -0.03000259 , 53.19 , 53.22
35.531 , -0.02000046 , 53.19 , 53.21
35.533 , -0.02000046 , 53.19 , 53.21
35.535 , -0.01000214 , 53.19 , 53.2
35.536 , -0.01000214 , 53.19 , 53.2
35.538 , 0.0 , 53.19 , 53.19
35.54 , 0.0 , 53.19 , 53.19
35.541 , 0.009998322 , 53.19 , 53.18
35.543 , 0.009998322 , 53.19 , 53.18
35.545 , 0.02000046 , 53.19 , 53.17
35.546 , 0.02000046 , 53.19 , 53.17
35.548 , 0.02999878 , 53.19 , 53.16
35.55 , 0.02999878 , 53.19 , 53.16
35.552 , 0.0399971 , 53.19 , 53.15
35.554 , 0.0399971 , 53.19 , 53.15
35.555 , 0.02999878 , 53.17 , 53.14
35.557 , 0.02999878 , 53.17 , 53.14
35.559 , 0.05999756 , 53.19 , 53.13
35.561 , -0.01000214 , 53.12 , 53.13
35.562 , 0.04999924 , 53.17 , 53.12
35.564 , 0.04999924 , 53.17 , 53.12
35.566 , 0.009998322 , 53.12 , 53.11
35.568 , 0.02000046 , 53.12 , 53.1
35.569 , 0.0 , 53.1 , 53.1
35.571 , 0.02000046 , 53.12 , 53.1
35.572 , 0.07999802 , 53.17 , 53.09
35.574 , 0.02999878 , 53.12 , 53.09
35.576 , 0.0399971 , 53.12 , 53.08
35.578 , 0.04999924 , 53.12 , 53.07
35.579 , 0.02999878 , 53.1 , 53.07
35.581 , 0.04999924 , 53.12 , 53.07
35.583 , 0.02000046 , 53.08 , 53.06
35.585 , 0.04999924 , 53.1 , 53.05
35.586 , 0.04999924 , 53.1 , 53.05
35.588 , 0.04999924 , 53.1 , 53.05
35.59 , 0.04000092 , 53.08 , 53.04
35.592 , 0.06999969 , 53.1 , 53.03
35.593 , 0.06999969 , 53.1 , 53.03
35.595 , 0.009998322 , 53.03 , 53.02
35.597 , 0.06000137 , 53.08 , 53.02
35.599 , 0.07000351 , 53.08 , 53.01
35.6 , 0.02000046 , 53.03 , 53.01
35.602 , 0.08000183 , 53.08 , 53.0
35.604 , 0.009998322 , 53.01 , 53.0
35.605 , 0.09000015 , 53.08 , 52.99
35.607 , 0.09000015 , 53.08 , 52.99
35.609 , 0.04999924 , 53.03 , 52.98
35.611 , 0.02999878 , 53.01 , 52.98
35.612 , 0.0399971 , 53.01 , 52.97
35.614 , 0.05999756 , 53.03 , 52.97
35.616 , 0.0 , 52.96 , 52.96
35.617 , 0.06999969 , 53.03 , 52.96
35.619 , 0.05999756 , 53.01 , 52.95
35.621 , 0.07999802 , 53.03 , 52.95
35.623 , 0.02000046 , 52.96 , 52.94
35.624 , 0.06999969 , 53.01 , 52.94
35.626 , 0.07999802 , 53.01 , 52.93
35.628 , 0.02999878 , 52.96 , 52.93
35.63 , 0.04000092 , 52.96 , 52.92
35.631 , 0.02000046 , 52.94 , 52.92
35.633 , 0.04999924 , 52.96 , 52.91
35.635 , 0.02999878 , 52.94 , 52.91
35.637 , 0.0399971 , 52.94 , 52.9
35.638 , 0.0399971 , 52.94 , 52.9
35.64 , 0.06999969 , 52.96 , 52.89
35.642 , 0.04999924 , 52.94 , 52.89
35.644 , 0.05999756 , 52.94 , 52.88
35.645 , 0.05999756 , 52.94 , 52.88
35.647 , 0.0 , 52.87 , 52.87
35.649 , 0.009998322 , 52.87 , 52.86
35.651 , 0.009998322 , 52.87 , 52.86
35.652 , 0.009998322 , 52.87 , 52.86
35.654 , 0.02000046 , 52.87 , 52.85
35.656 , 0.02999878 , 52.87 , 52.84
35.658 , 0.02999878 , 52.87 , 52.84
35.659 , 0.009998322 , 52.85 , 52.84
35.661 , 0.01999664 , 52.85 , 52.83
35.663 , 0.02999878 , 52.85 , 52.82
35.665 , 0.02999878 , 52.85 , 52.82
35.667 , 0.05999756 , 52.87 , 52.81
35.668 , 0.0399971 , 52.85 , 52.81
35.67 , 0.04999924 , 52.85 , 52.8
35.672 , 0.04999924 , 52.85 , 52.8
35.674 , 0.04000092 , 52.83 , 52.79
35.675 , 0.04000092 , 52.83 , 52.79
35.677 , 0.05000305 , 52.83 , 52.78
35.679 , 0.05000305 , 52.83 , 52.78
35.68 , 0.06000137 , 52.83 , 52.77
35.682 , 0.06000137 , 52.83 , 52.77
35.684 , 0.07000351 , 52.83 , 52.76
35.685 , 0.02000046 , 52.78 , 52.76
35.687 , 0.02999878 , 52.78 , 52.75
35.689 , 0.02999878 , 52.78 , 52.75
35.691 , 0.0399971 , 52.78 , 52.74
35.692 , 0.01999664 , 52.76 , 52.74
35.694 , 0.02999878 , 52.76 , 52.73
35.696 , 0.02999878 , 52.76 , 52.73
35.698 , -0.01000214 , 52.71 , 52.72
35.699 , 0.0399971 , 52.76 , 52.72
35.701 , 0.0 , 52.71 , 52.71
35.703 , 0.04999924 , 52.76 , 52.71
35.704 , 0.05999756 , 52.76 , 52.7
35.706 , 0.05999756 , 52.76 , 52.7
35.708 , 0.06999969 , 52.76 , 52.69
35.71 , 0.07999802 , 52.76 , 52.68
35.711 , 0.02999878 , 52.71 , 52.68
35.713 , 0.009998322 , 52.69 , 52.68
35.715 , 0.02000046 , 52.69 , 52.67
35.717 , 0.04999924 , 52.71 , 52.66
35.718 , 0.02999878 , 52.69 , 52.66
35.72 , 0.0399971 , 52.69 , 52.65
35.722 , -0.01000214 , 52.64 , 52.65
35.724 , 0.0 , 52.64 , 52.64
35.725 , 0.04999924 , 52.69 , 52.64
35.727 , 0.009998322 , 52.64 , 52.63
35.729 , 0.009998322 , 52.64 , 52.63
35.731 , 0.02000046 , 52.64 , 52.62
35.732 , 0.02000046 , 52.64 , 52.62
35.734 , 0.02999878 , 52.64 , 52.61
35.736 , 0.02999878 , 52.64 , 52.61
35.737 , 0.02000046 , 52.62 , 52.6
35.739 , 0.02000046 , 52.62 , 52.6
35.741 , 0.02999878 , 52.62 , 52.59
35.743 , 0.009998322 , 52.6 , 52.59
35.745 , 0.0399971 , 52.62 , 52.58
35.746 , 0.01999664 , 52.6 , 52.58
35.748 , 0.04999924 , 52.62 , 52.57
35.75 , 0.04999924 , 52.62 , 52.57
35.752 , 0.0399971 , 52.6 , 52.56
35.753 , 0.05999756 , 52.62 , 52.56
35.755 , 0.06999969 , 52.62 , 52.55
35.757 , 0.04999924 , 52.6 , 52.55
35.759 , 0.009998322 , 52.55 , 52.54
35.76 , 0.05999756 , 52.6 , 52.54
35.762 , 0.02000046 , 52.55 , 52.53
35.764 , 0.009998322 , 52.53 , 52.52
35.766 , 0.009998322 , 52.53 , 52.52
35.768 , 0.04000092 , 52.55 , 52.51
35.769 , -0.02999878 , 52.48 , 52.51
35.771 , 0.02999878 , 52.53 , 52.5
35.773 , 0.02999878 , 52.53 , 52.5
35.775 , 0.0399971 , 52.53 , 52.49
35.776 , -0.01000214 , 52.48 , 52.49
35.778 , 0.04999924 , 52.53 , 52.48
35.78 , -0.02000046 , 52.46 , 52.48
35.782 , 0.009998322 , 52.48 , 52.47
35.783 , 0.009998322 , 52.48 , 52.47
35.785 , 0.06999969 , 52.53 , 52.46
35.787 , 0.0 , 52.46 , 52.46
35.789 , 0.02999878 , 52.48 , 52.45
35.79 , 0.009998322 , 52.46 , 52.45
35.792 , 0.02000046 , 52.46 , 52.44
35.794 , 0.02000046 , 52.46 , 52.44
35.796 , 0.02999878 , 52.46 , 52.43
35.797 , 0.02999878 , 52.46 , 52.43
35.799 , 0.04000092 , 52.46 , 52.42
35.801 , 0.04000092 , 52.46 , 52.42
35.803 , 0.0 , 52.41 , 52.41
35.804 , 0.04999924 , 52.46 , 52.41
35.806 , -0.01000214 , 52.39 , 52.4
35.808 , 0.0 , 52.39 , 52.39
35.809 , 0.02000046 , 52.41 , 52.39
35.811 , 0.02000046 , 52.41 , 52.39
35.813 , 0.009998322 , 52.39 , 52.38
35.814 , 0.02999878 , 52.41 , 52.38
35.816 , 0.02000046 , 52.39 , 52.37
35.818 , 0.02000046 , 52.39 , 52.37
35.82 , 0.02999878 , 52.39 , 52.36
35.821 , 0.009998322 , 52.37 , 52.36
35.823 , 0.04000092 , 52.39 , 52.35
35.825 , 0.02999878 , 52.37 , 52.34
35.827 , 0.02999878 , 52.37 , 52.34
35.828 , 0.02999878 , 52.37 , 52.34
35.83 , 0.0399971 , 52.37 , 52.33
35.832 , 0.04999924 , 52.37 , 52.32
35.834 , 0.06999969 , 52.39 , 52.32
35.835 , 0.009998322 , 52.32 , 52.31
35.837 , 0.009998322 , 52.32 , 52.31
35.839 , 0.06999969 , 52.37 , 52.3
35.841 , 0.02000046 , 52.32 , 52.3
35.843 , 0.07999802 , 52.37 , 52.29
35.844 , 0.02999878 , 52.32 , 52.29
35.846 , 0.02000046 , 52.3 , 52.28
35.848 , 0.02000046 , 52.3 , 52.28
35.85 , 0.02999878 , 52.3 , 52.27
35.851 , 0.02999878 , 52.3 , 52.27
35.853 , 0.04000092 , 52.3 , 52.26
35.855 , 0.04000092 , 52.3 , 52.26
35.857 , 0.0 , 52.25 , 52.25
35.858 , -0.02000046 , 52.23 , 52.25
35.86 , 0.05999756 , 52.3 , 52.24
35.861 , 0.05999756 , 52.3 , 52.24
35.863 , 0.0 , 52.23 , 52.23
35.865 , 0.0 , 52.23 , 52.23
35.866 , -0.03000259 , 52.19 , 52.22
35.868 , 0.009998322 , 52.23 , 52.22
35.87 , 0.02000046 , 52.23 , 52.21
35.871 , -0.02000046 , 52.19 , 52.21
35.873 , -0.01000214 , 52.19 , 52.2
35.875 , -0.01000214 , 52.19 , 52.2
35.877 , 0.0 , 52.19 , 52.19
35.878 , 0.04000092 , 52.23 , 52.19
35.88 , 0.009998322 , 52.19 , 52.18
35.882 , 0.009998322 , 52.19 , 52.18
35.883 , -0.04999924 , 52.12 , 52.17
35.885 , -0.009998322 , 52.16 , 52.17
35.887 , 0.0 , 52.16 , 52.16
35.889 , 0.0 , 52.16 , 52.16
35.89 , 0.009998322 , 52.16 , 52.15
35.892 , -0.03000259 , 52.12 , 52.15
35.894 , 0.04999924 , 52.19 , 52.14
35.896 , -0.01000214 , 52.12 , 52.13
35.897 , -0.04000092 , 52.09 , 52.13
35.899 , -0.01000214 , 52.12 , 52.13
35.901 , 0.0 , 52.12 , 52.12
35.902 , 0.0 , 52.12 , 52.12
35.904 , 0.009998322 , 52.12 , 52.11
35.906 , 0.02000046 , 52.12 , 52.1
35.907 , 0.02000046 , 52.12 , 52.1
35.909 , -0.009998322 , 52.09 , 52.1
35.911 , 0.0 , 52.09 , 52.09
35.912 , 0.02999878 , 52.12 , 52.09
35.914 , 0.009998322 , 52.09 , 52.08
35.916 , 0.009998322 , 52.09 , 52.08
35.918 , 0.0 , 52.07 , 52.07
35.919 , 0.02000046 , 52.09 , 52.07
35.921 , 0.009998322 , 52.07 , 52.06
35.923 , 0.02000046 , 52.07 , 52.05
35.924 , 0.02000046 , 52.07 , 52.05
35.926 , 0.04000092 , 52.09 , 52.05
35.928 , 0.04999924 , 52.09 , 52.04
35.929 , 0.02999878 , 52.07 , 52.04
35.931 , 0.0 , 52.03 , 52.03
35.933 , 0.0 , 52.03 , 52.03
35.934 , 0.009998322 , 52.03 , 52.02
35.936 , 0.009998322 , 52.03 , 52.02
35.938 , 0.02000046 , 52.03 , 52.01
35.94 , 0.0 , 52.0 , 52.0
35.941 , 0.0 , 52.0 , 52.0
35.943 , 0.0 , 52.0 , 52.0
35.944 , 0.009998322 , 52.0 , 51.99
35.946 , -0.03000259 , 51.96 , 51.99
35.947 , 0.02000046 , 52.0 , 51.98
35.949 , 0.02000046 , 52.0 , 51.98
35.951 , 0.02999878 , 52.0 , 51.97
35.953 , -0.01000214 , 51.96 , 51.97
35.954 , 0.0 , 51.96 , 51.96
35.956 , 0.0 , 51.96 , 51.96
35.957 , 0.07999802 , 52.03 , 51.95
35.959 , 0.07999802 , 52.03 , 51.95
35.961 , 0.09000015 , 52.03 , 51.94
35.963 , 0.09000015 , 52.03 , 51.94
35.964 , 0.06999969 , 52.0 , 51.93
35.966 , 0.09999847 , 52.03 , 51.93
35.968 , 0.08000183 , 52.0 , 51.92
35.969 , 0.1100006 , 52.03 , 51.92
35.971 , 0.04999924 , 51.96 , 51.91
35.973 , 0.09000015 , 52.0 , 51.91
35.974 , 0.09999847 , 52.0 , 51.9
35.976 , 0.05999756 , 51.96 , 51.9
35.978 , 0.1100006 , 52.0 , 51.89
35.979 , 0.04000092 , 51.93 , 51.89
35.981 , 0.07999802 , 51.96 , 51.88
35.983 , 0.07999802 , 51.96 , 51.88
35.985 , 0.02000046 , 51.89 , 51.87
35.986 , 0.02000046 , 51.89 , 51.87
35.988 , 0.06999969 , 51.93 , 51.86
35.99 , 0.06999969 , 51.93 , 51.86
35.992 , 0.08000183 , 51.93 , 51.85
35.993 , 0.08000183 , 51.93 , 51.85
35.995 , 0.04999924 , 51.89 , 51.84
35.997 , 0.04999924 , 51.89 , 51.84
35.998 , 0.09999847 , 51.93 , 51.83
36.0 , 0.09999847 , 51.93 , 51.83
36.002 , 0.06999969 , 51.89 , 51.82
36.004 , 0.04999924 , 51.87 , 51.82
36.005 , 0.07999802 , 51.89 , 51.81
36.007 , 0.1199989 , 51.93 , 51.81
36.009 , 0.06999969 , 51.87 , 51.8
36.01 , 0.06999969 , 51.87 , 51.8
36.012 , 0.07999802 , 51.87 , 51.79
36.014 , 0.07999802 , 51.87 , 51.79
36.016 , 0.09000015 , 51.87 , 51.78
36.017 , 0.06000137 , 51.84 , 51.78
36.019 , 0.09999847 , 51.87 , 51.77
36.021 , 0.08000183 , 51.84 , 51.76
36.023 , 0.08000183 , 51.84 , 51.76
36.024 , 0.08000183 , 51.84 , 51.76
36.026 , 0.09000015 , 51.84 , 51.75
36.028 , 0.09999847 , 51.84 , 51.74
36.029 , 0.05999756 , 51.8 , 51.74
36.031 , 0.09999847 , 51.84 , 51.74
36.033 , 0.04000092 , 51.77 , 51.73
36.034 , 0.06999969 , 51.8 , 51.73
36.036 , 0.1199989 , 51.84 , 51.72
36.038 , 0.06000137 , 51.77 , 51.71
36.039 , 0.06000137 , 51.77 , 51.71
36.049 , 0.04999924 , 51.73 , 51.68
36.051 , 0.09000015 , 51.77 , 51.68
36.052 , 0.06000137 , 51.73 , 51.67
36.054 , 0.06000137 , 51.73 , 51.67
36.056 , 0.04999924 , 51.71 , 51.66
36.058 , 0.06999969 , 51.73 , 51.66
36.059 , 0.05999756 , 51.71 , 51.65
36.061 , 0.009998322 , 51.66 , 51.65
36.063 , 0.02000046 , 51.66 , 51.64
36.065 , 0.02999878 , 51.66 , 51.63
36.067 , 0.009998322 , 51.64 , 51.63
36.068 , 0.02999878 , 51.66 , 51.63
36.07 , 0.02000046 , 51.64 , 51.62
36.072 , 0.02999878 , 51.64 , 51.61
36.073 , 0.02999878 , 51.64 , 51.61
36.075 , 0.04999924 , 51.66 , 51.61
36.077 , -0.02999878 , 51.57 , 51.6
36.079 , -0.02000046 , 51.57 , 51.59
36.08 , -0.02000046 , 51.57 , 51.59
36.082 , -0.01000214 , 51.57 , 51.58
36.084 , 0.05999756 , 51.64 , 51.58
36.086 , 0.0 , 51.57 , 51.57
36.087 , 0.06999969 , 51.64 , 51.57
36.089 , 0.009998322 , 51.57 , 51.56
36.091 , 0.009998322 , 51.57 , 51.56
36.093 , -0.009998322 , 51.54 , 51.55
36.094 , -0.009998322 , 51.54 , 51.55
36.096 , 0.0 , 51.54 , 51.54
36.098 , 0.0 , 51.54 , 51.54
36.099 , -0.02999878 , 51.5 , 51.53
36.101 , -0.02999878 , 51.5 , 51.53
36.103 , 0.02000046 , 51.54 , 51.52
36.104 , -0.02000046 , 51.5 , 51.52
36.106 , -0.009998322 , 51.5 , 51.51
36.107 , -0.02999878 , 51.48 , 51.51
36.109 , -0.02000046 , 51.48 , 51.5
36.111 , -0.06999969 , 51.43 , 51.5
36.113 , -0.06000137 , 51.43 , 51.49
36.114 , -0.01000214 , 51.48 , 51.49
36.116 , 0.0 , 51.48 , 51.48
36.118 , 0.0 , 51.48 , 51.48
36.119 , -0.04999924 , 51.43 , 51.48
36.121 , -0.04000092 , 51.43 , 51.47
36.122 , -0.04000092 , 51.43 , 51.47
36.124 , -0.04999924 , 51.41 , 51.46
36.126 , -0.02000046 , 51.43 , 51.45
36.127 , -0.02000046 , 51.43 , 51.45
36.129 , -0.06999969 , 51.38 , 51.45
36.131 , -0.02999878 , 51.41 , 51.44
36.132 , -0.02999878 , 51.41 , 51.44
36.134 , -0.02000046 , 51.41 , 51.43
36.136 , -0.009998322 , 51.41 , 51.42
36.138 , -0.07999802 , 51.34 , 51.42
36.139 , -0.0399971 , 51.38 , 51.42
36.141 , -0.06999969 , 51.34 , 51.41
36.143 , -0.02000046 , 51.38 , 51.4
36.145 , -0.06000137 , 51.34 , 51.4
36.146 , -0.02000046 , 51.38 , 51.4
36.148 , 0.02000046 , 51.41 , 51.39
36.15 , -0.04000092 , 51.34 , 51.38
36.151 , -0.06000137 , 51.32 , 51.38
36.153 , 0.01000214 , 51.38 , 51.37
36.154 , -0.04999924 , 51.32 , 51.37
36.156 , -0.02999878 , 51.34 , 51.37
36.158 , -0.02000046 , 51.34 , 51.36
36.16 , -0.02999878 , 51.32 , 51.35
36.161 , -0.009998322 , 51.34 , 51.35
36.163 , -0.009998322 , 51.34 , 51.35
36.165 , -0.09000015 , 51.25 , 51.34
36.167 , -0.06000137 , 51.27 , 51.33
36.168 , -0.08000183 , 51.25 , 51.33
36.17 , -0.06999969 , 51.25 , 51.32
36.172 , -0.06999969 , 51.25 , 51.32
36.174 , -0.06000137 , 51.25 , 51.31
36.175 , -0.06000137 , 51.25 , 51.31
36.177 , -0.04999924 , 51.25 , 51.3
36.179 , -0.04999924 , 51.25 , 51.3
36.18 , -0.04000092 , 51.25 , 51.29
36.182 , -0.09000015 , 51.2 , 51.29
36.183 , -0.02000046 , 51.27 , 51.29
36.185 , -0.02999878 , 51.25 , 51.28
36.187 , -0.06999969 , 51.2 , 51.27
36.189 , -0.09000015 , 51.18 , 51.27
36.19 , -0.09000015 , 51.18 , 51.27
36.192 , -0.07999802 , 51.18 , 51.26
36.194 , -0.04999924 , 51.2 , 51.25
36.195 , -0.06999969 , 51.18 , 51.25
36.197 , -0.04000092 , 51.2 , 51.24
36.199 , -0.06000137 , 51.18 , 51.24
36.2 , -0.06000137 , 51.18 , 51.24
36.202 , -0.06999969 , 51.16 , 51.23
36.204 , -0.04000092 , 51.18 , 51.22
36.205 , -0.04000092 , 51.18 , 51.22
36.207 , -0.09999847 , 51.11 , 51.21
36.209 , -0.09999847 , 51.11 , 51.21
36.21 , -0.09999847 , 51.11 , 51.21
36.212 , -0.04000092 , 51.16 , 51.2
36.214 , -0.07999802 , 51.11 , 51.19
36.215 , -0.07999802 , 51.11 , 51.19
36.217 , -0.07999802 , 51.11 , 51.19
36.219 , -0.02000046 , 51.16 , 51.18
36.22 , -0.06999969 , 51.11 , 51.18
36.222 , -0.07999802 , 51.09 , 51.17
36.224 , -0.04999924 , 51.11 , 51.16
36.225 , -0.04999924 , 51.11 , 51.16
36.227 , -0.06999969 , 51.09 , 51.16
36.229 , -0.06000137 , 51.09 , 51.15
36.231 , -0.04999924 , 51.09 , 51.14
36.232 , -0.04999924 , 51.09 , 51.14
36.234 , -0.1199989 , 51.02 , 51.14
36.236 , -0.04000092 , 51.09 , 51.13
36.237 , -0.09000015 , 51.04 , 51.13
36.239 , -0.07999802 , 51.04 , 51.12
36.241 , -0.06999969 , 51.04 , 51.11
36.242 , -0.06999969 , 51.04 , 51.11
36.244 , -0.06999969 , 51.04 , 51.11
36.246 , -0.07999802 , 51.02 , 51.1
36.247 , -0.1299973 , 50.97 , 51.1
36.249 , -0.06999969 , 51.02 , 51.09
36.25 , -0.06999969 , 51.02 , 51.09
36.252 , -0.06000137 , 51.02 , 51.08
36.254 , -0.06000137 , 51.02 , 51.08
36.255 , -0.09999847 , 50.97 , 51.07
36.257 , -0.04999924 , 51.02 , 51.07
36.259 , -0.09000015 , 50.97 , 51.06
36.261 , -0.09000015 , 50.97 , 51.06
36.262 , -0.07999802 , 50.97 , 51.05
36.264 , -0.02999878 , 51.02 , 51.05
36.266 , -0.06999969 , 50.97 , 51.04
36.267 , -0.09000015 , 50.95 , 51.04
36.269 , -0.07999802 , 50.95 , 51.03
36.271 , -0.05999756 , 50.97 , 51.03
36.272 , -0.04999924 , 50.97 , 51.02
36.274 , -0.06999969 , 50.95 , 51.02
36.276 , -0.0399971 , 50.97 , 51.01
36.278 , -0.0399971 , 50.97 , 51.01
36.279 , -0.04999924 , 50.95 , 51.0
36.281 , -0.06999969 , 50.93 , 51.0
36.283 , -0.02000046 , 50.97 , 50.99
36.284 , -0.04000092 , 50.95 , 50.99
36.286 , -0.02999878 , 50.95 , 50.98
36.288 , -0.04999924 , 50.93 , 50.98
36.29 , -0.02000046 , 50.95 , 50.97
36.291 , -0.04000092 , 50.93 , 50.97
36.293 , -0.02999878 , 50.93 , 50.96
36.295 , -0.02000046 , 50.93 , 50.95
36.296 , -0.02000046 , 50.93 , 50.95
36.298 , -0.02000046 , 50.93 , 50.95
36.3 , -0.009998322 , 50.93 , 50.94
36.301 , -0.07999802 , 50.86 , 50.94
36.303 , 0.0 , 50.93 , 50.93
36.305 , -0.04999924 , 50.88 , 50.93
36.306 , -0.0399971 , 50.88 , 50.92
36.308 , -0.0399971 , 50.88 , 50.92
36.31 , -0.04999924 , 50.86 , 50.91
36.311 , 0.02000046 , 50.93 , 50.91
36.313 , -0.02000046 , 50.88 , 50.9
36.315 , -0.04000092 , 50.86 , 50.9
36.316 , -0.02999878 , 50.86 , 50.89
36.318 , -0.07999802 , 50.81 , 50.89
36.32 , -0.02000046 , 50.86 , 50.88
36.321 , -0.06999969 , 50.81 , 50.88
36.323 , -0.05999756 , 50.81 , 50.87
36.325 , -0.009998322 , 50.86 , 50.87
36.327 , -0.06999969 , 50.79 , 50.86
36.328 , 0.0 , 50.86 , 50.86
36.33 , 0.01000214 , 50.86 , 50.85
36.332 , 0.01000214 , 50.86 , 50.85
36.333 , -0.02999878 , 50.81 , 50.84
36.335 , -0.04999924 , 50.79 , 50.84
36.337 , -0.02000046 , 50.81 , 50.83
36.338 , -0.04000092 , 50.79 , 50.83
36.34 , -0.02999878 , 50.79 , 50.82
36.342 , -0.02999878 , 50.79 , 50.82
36.343 , -0.02000046 , 50.79 , 50.81
36.345 , -0.02000046 , 50.79 , 50.81
36.347 , -0.05999756 , 50.74 , 50.8
36.348 , -0.05999756 , 50.74 , 50.8
36.35 , 0.0 , 50.79 , 50.79
36.352 , 0.0 , 50.79 , 50.79
36.353 , -0.0399971 , 50.74 , 50.78
36.355 , -0.0399971 , 50.74 , 50.78
36.357 , -0.04999924 , 50.72 , 50.77
36.358 , -0.02999878 , 50.74 , 50.77
36.36 , -0.0399971 , 50.72 , 50.76
36.362 , -0.01999664 , 50.74 , 50.76
36.363 , -0.02999878 , 50.72 , 50.75
36.365 , -0.009998322 , 50.74 , 50.75
36.367 , -0.02000046 , 50.72 , 50.74
36.368 , -0.02000046 , 50.72 , 50.74
36.37 , -0.009998322 , 50.72 , 50.73
36.372 , 0.01000214 , 50.74 , 50.73
36.374 , 0.0 , 50.72 , 50.72
36.375 , 0.02000046 , 50.74 , 50.72
36.377 , 0.01000214 , 50.72 , 50.71
36.378 , 0.01000214 , 50.72 , 50.71
36.38 , 0.02000046 , 50.72 , 50.7
36.382 , 0.02000046 , 50.72 , 50.7
36.383 , -0.0399971 , 50.65 , 50.69
36.385 , 0.01000214 , 50.7 , 50.69
36.387 , 0.04000092 , 50.72 , 50.68
36.388 , 0.02000046 , 50.7 , 50.68
36.39 , -0.01999664 , 50.65 , 50.67
36.392 , 0.03000259 , 50.7 , 50.67
36.393 , 0.04000092 , 50.7 , 50.66
36.395 , -0.009998322 , 50.65 , 50.66
36.397 , 0.0 , 50.65 , 50.65
36.398 , -0.02000046 , 50.63 , 50.65
36.4 , 0.01000214 , 50.65 , 50.64
36.402 , 0.01000214 , 50.65 , 50.64
36.403 , 0.01000214 , 50.65 , 50.64
36.405 , 0.02000046 , 50.65 , 50.63
36.407 , 0.03000259 , 50.65 , 50.62
36.408 , 0.01000214 , 50.63 , 50.62
36.41 , 0.02000046 , 50.63 , 50.61
36.412 , -0.02999878 , 50.58 , 50.61
36.413 , 0.02000046 , 50.63 , 50.61
36.415 , 0.03000259 , 50.63 , 50.6
36.417 , 0.04000092 , 50.63 , 50.59
36.418 , -0.009998322 , 50.58 , 50.59
36.42 , -0.009998322 , 50.58 , 50.59
36.422 , 0.0 , 50.58 , 50.58
36.423 , 0.0 , 50.58 , 50.58
36.425 , -0.009998322 , 50.56 , 50.57
36.427 , 0.02000046 , 50.58 , 50.56
36.428 , 0.0 , 50.56 , 50.56
36.43 , 0.0 , 50.56 , 50.56
36.431 , -0.04000092 , 50.51 , 50.55
36.433 , -0.04000092 , 50.51 , 50.55
36.434 , 0.02000046 , 50.56 , 50.54
36.436 , -0.03000259 , 50.51 , 50.54
36.438 , -0.02000046 , 50.51 , 50.53
36.44 , 0.03000259 , 50.56 , 50.53
36.441 , -0.01000214 , 50.51 , 50.52
36.443 , -0.01000214 , 50.51 , 50.52
36.445 , 0.05000305 , 50.56 , 50.51
36.446 , 0.0 , 50.51 , 50.51
36.448 , -0.009998322 , 50.49 , 50.5
36.45 , -0.009998322 , 50.49 , 50.5
36.451 , 0.0 , 50.49 , 50.49
36.453 , 0.01999664 , 50.51 , 50.49
36.454 , -0.009998322 , 50.47 , 50.48
36.456 , 0.01000214 , 50.49 , 50.48
36.458 , 0.0 , 50.47 , 50.47
36.459 , 0.02000046 , 50.49 , 50.47
36.461 , 0.03000259 , 50.49 , 50.46
36.463 , -0.04000092 , 50.42 , 50.46
36.464 , 0.01000214 , 50.47 , 50.46
36.466 , -0.03000259 , 50.42 , 50.45
36.468 , -0.02000046 , 50.42 , 50.44
36.47 , 0.03000259 , 50.47 , 50.44
36.471 , -0.02999878 , 50.4 , 50.43
36.473 , -0.08000183 , 50.35 , 50.43
36.475 , -0.01999664 , 50.4 , 50.42
36.476 , -0.01999664 , 50.4 , 50.42
36.478 , -0.06000137 , 50.35 , 50.41
36.48 , -0.06000137 , 50.35 , 50.41
36.481 , -0.05000305 , 50.35 , 50.4
36.483 , -0.06999969 , 50.33 , 50.4
36.485 , -0.04000092 , 50.35 , 50.39
36.487 , -0.04000092 , 50.35 , 50.39
36.488 , -0.03000259 , 50.35 , 50.38
36.49 , -0.03000259 , 50.35 , 50.38
36.492 , -0.0399971 , 50.33 , 50.37
36.493 , -0.02000046 , 50.35 , 50.37
36.495 , -0.06999969 , 50.29 , 50.36
36.497 , -0.02999878 , 50.33 , 50.36
36.499 , -0.01999664 , 50.33 , 50.35
36.5 , -0.05999756 , 50.29 , 50.35
36.502 , -0.04999924 , 50.29 , 50.34
36.504 , -0.04999924 , 50.29 , 50.34
36.505 , -0.07000351 , 50.26 , 50.33
36.507 , -0.04000092 , 50.29 , 50.33
36.509 , -0.06000137 , 50.26 , 50.32
36.51 , -0.06000137 , 50.26 , 50.32
36.512 , -0.05000305 , 50.26 , 50.31
36.514 , -0.05000305 , 50.26 , 50.31
36.515 , -0.009998322 , 50.29 , 50.3
36.517 , -0.04000092 , 50.26 , 50.3
36.519 , -0.03000259 , 50.26 , 50.29
36.521 , -0.06999969 , 50.22 , 50.29
36.522 , -0.02000046 , 50.26 , 50.28
36.524 , -0.05999756 , 50.22 , 50.28
36.526 , -0.04999924 , 50.22 , 50.27
36.527 , -0.04999924 , 50.22 , 50.27
36.529 , -0.0399971 , 50.22 , 50.26
36.531 , -0.0399971 , 50.22 , 50.26
36.533 , -0.02999878 , 50.22 , 50.25
36.534 , -0.06000137 , 50.19 , 50.25
36.536 , -0.02000046 , 50.22 , 50.24
36.537 , -0.05000305 , 50.19 , 50.24
36.539 , -0.04000092 , 50.19 , 50.23
36.541 , -0.04000092 , 50.19 , 50.23
36.543 , -0.05000305 , 50.17 , 50.22
36.544 , -0.05000305 , 50.17 , 50.22
36.546 , -0.04000092 , 50.17 , 50.21
36.548 , -0.04000092 , 50.17 , 50.21
36.549 , -0.03000259 , 50.17 , 50.2
36.551 , -0.03000259 , 50.17 , 50.2
36.553 , -0.02000046 , 50.17 , 50.19
36.554 , -0.05999756 , 50.13 , 50.19
36.556 , -0.01000214 , 50.17 , 50.18
36.558 , -0.01000214 , 50.17 , 50.18
36.56 , -0.0399971 , 50.13 , 50.17
36.561 , 0.0 , 50.17 , 50.17
36.563 , -0.02999878 , 50.13 , 50.16
36.565 , -0.09999847 , 50.06 , 50.16
36.566 , -0.05000305 , 50.1 , 50.15
36.568 , 0.01999664 , 50.17 , 50.15
36.57 , -0.04000092 , 50.1 , 50.14
36.571 , -0.07999802 , 50.06 , 50.14
36.573 , -0.03000259 , 50.1 , 50.13
36.575 , -0.06999969 , 50.06 , 50.13
36.576 , -0.05999756 , 50.06 , 50.12
36.578 , -0.09000015 , 50.03 , 50.12
36.58 , -0.08000183 , 50.03 , 50.11
36.582 , -0.04999924 , 50.06 , 50.11
36.583 , -0.06999969 , 50.03 , 50.1
36.585 , -0.06999969 , 50.03 , 50.1
36.587 , -0.06000137 , 50.03 , 50.09
36.588 , -0.06000137 , 50.03 , 50.09
36.59 , -0.09000015 , 49.99 , 50.08
36.592 , -0.05000305 , 50.03 , 50.08
36.593 , -0.04000092 , 50.03 , 50.07
36.595 , -0.07999802 , 49.99 , 50.07
36.597 , -0.09000015 , 49.97 , 50.06
36.599 , -0.06999969 , 49.99 , 50.06
36.6 , -0.05999756 , 49.99 , 50.05
36.602 , -0.05999756 , 49.99 , 50.05
36.604 , -0.04999924 , 49.99 , 50.04
36.605 , -0.04999924 , 49.99 , 50.04
36.607 , -0.05999756 , 49.97 , 50.03
36.609 , -0.0399971 , 49.99 , 50.03
36.611 , -0.08000183 , 49.94 , 50.02
36.612 , -0.04999924 , 49.97 , 50.02
36.614 , -0.0399971 , 49.97 , 50.01
36.616 , -0.0399971 , 49.97 , 50.01
36.617 , -0.02999878 , 49.97 , 50.0
36.619 , -0.06000137 , 49.94 , 50.0
36.621 , -0.02000046 , 49.97 , 49.99
36.623 , -0.04000092 , 49.94 , 49.98
36.624 , -0.04000092 , 49.94 , 49.98
36.626 , -0.07999802 , 49.9 , 49.98
36.628 , -0.03000259 , 49.94 , 49.97
36.63 , -0.02000046 , 49.94 , 49.96
36.631 , -0.02000046 , 49.94 , 49.96
36.633 , -0.05999756 , 49.9 , 49.96
36.635 , -0.01000214 , 49.94 , 49.95
36.637 , -0.0399971 , 49.9 , 49.94
36.638 , 0.0 , 49.94 , 49.94
36.64 , 0.009998322 , 49.94 , 49.93
36.642 , -0.02999878 , 49.9 , 49.93
36.644 , 0.02000046 , 49.94 , 49.92
36.645 , -0.01999664 , 49.9 , 49.92
36.647 , -0.009998322 , 49.9 , 49.91
36.649 , 0.02999878 , 49.94 , 49.91
36.651 , 0.0 , 49.9 , 49.9
36.652 , 0.0399971 , 49.94 , 49.9
36.654 , 0.01000214 , 49.9 , 49.89
36.656 , -0.02000046 , 49.87 , 49.89
36.657 , 0.02000046 , 49.9 , 49.88
36.659 , 0.02000046 , 49.9 , 49.88
36.661 , 0.0 , 49.87 , 49.87
36.662 , -0.0399971 , 49.83 , 49.87
36.664 , 0.04000092 , 49.9 , 49.86
36.666 , 0.009998322 , 49.87 , 49.86
36.668 , 0.05000305 , 49.9 , 49.85
36.669 , 0.02000046 , 49.87 , 49.85
36.671 , -0.009998322 , 49.83 , 49.84
36.673 , 0.02999878 , 49.87 , 49.84
36.675 , 0.0 , 49.83 , 49.83
36.676 , 0.0399971 , 49.87 , 49.83
36.678 , 0.01000214 , 49.83 , 49.82
36.68 , 0.01000214 , 49.83 , 49.82
36.681 , 0.02000046 , 49.83 , 49.81
36.683 , 0.02000046 , 49.83 , 49.81
36.685 , 0.06999969 , 49.87 , 49.8
36.686 , 0.06999969 , 49.87 , 49.8
36.688 , 0.04000092 , 49.83 , 49.79
36.69 , 0.04000092 , 49.83 , 49.79
36.692 , 0.05000305 , 49.83 , 49.78
36.693 , 0.05000305 , 49.83 , 49.78
36.695 , 0.04000092 , 49.81 , 49.77
36.697 , 0.06000137 , 49.83 , 49.77
36.698 , 0.05000305 , 49.81 , 49.76
36.7 , 0.05000305 , 49.81 , 49.76
36.702 , 0.08000183 , 49.83 , 49.75
36.703 , 0.08000183 , 49.83 , 49.75
36.705 , 0.06999969 , 49.81 , 49.74
36.707 , 0.06999969 , 49.81 , 49.74
36.708 , 0.08000183 , 49.81 , 49.73
36.71 , 0.08000183 , 49.81 , 49.73
36.712 , 0.0399971 , 49.76 , 49.72
36.714 , 0.02000046 , 49.74 , 49.72
36.715 , 0.04999924 , 49.76 , 49.71
36.717 , 0.04999924 , 49.76 , 49.71
36.719 , 0.04000092 , 49.74 , 49.7
36.72 , 0.04000092 , 49.74 , 49.7
36.722 , 0.06999969 , 49.76 , 49.69
36.724 , 0.05000305 , 49.74 , 49.69
36.726 , 0.06000137 , 49.74 , 49.68
36.727 , 0.07999802 , 49.76 , 49.68
36.729 , 0.07000351 , 49.74 , 49.67
36.731 , 0.07000351 , 49.74 , 49.67
36.732 , 0.04999924 , 49.71 , 49.66
36.734 , 0.08000183 , 49.74 , 49.66
36.736 , 0.05999756 , 49.71 , 49.65
36.738 , 0.06999969 , 49.71 , 49.64
36.74 , 0.06999969 , 49.71 , 49.64
36.741 , 0.06999969 , 49.71 , 49.64
36.743 , 0.07999802 , 49.71 , 49.63
36.745 , 0.04999924 , 49.67 , 49.62
36.747 , 0.09000015 , 49.71 , 49.62
36.748 , 0.09000015 , 49.71 , 49.62
36.75 , 0.05999756 , 49.67 , 49.61
36.752 , 0.1100006 , 49.71 , 49.6
36.753 , 0.06999969 , 49.67 , 49.6
36.755 , 0.07999802 , 49.67 , 49.59
36.757 , 0.07999802 , 49.67 , 49.59
36.759 , 0.06999969 , 49.65 , 49.58
36.761 , 0.06999969 , 49.65 , 49.58
36.762 , 0.08000183 , 49.65 , 49.57
36.764 , 0.08000183 , 49.65 , 49.57
36.766 , 0.09000015 , 49.65 , 49.56
36.767 , 0.0399971 , 49.6 , 49.56
36.769 , 0.1000023 , 49.65 , 49.55
36.771 , 0.04999924 , 49.6 , 49.55
36.773 , 0.05999756 , 49.6 , 49.54
36.774 , 0.1100006 , 49.65 , 49.54
36.776 , 0.06999969 , 49.6 , 49.53
36.778 , 0.06999969 , 49.6 , 49.53
36.78 , 0.1300011 , 49.65 , 49.52
36.781 , 0.07999802 , 49.6 , 49.52
36.783 , 0.07000351 , 49.58 , 49.51
36.784 , 0.07000351 , 49.58 , 49.51
36.786 , 0.09999847 , 49.6 , 49.5
36.788 , 0.08000183 , 49.58 , 49.5
36.79 , 0.09000015 , 49.58 , 49.49
36.791 , 0.09000015 , 49.58 , 49.49
36.793 , 0.04999924 , 49.53 , 49.48
36.795 , 0.1000023 , 49.58 , 49.48
36.796 , 0.1299973 , 49.6 , 49.47
36.798 , 0.05999756 , 49.53 , 49.47
36.8 , 0.1200027 , 49.58 , 49.46
36.801 , 0.1200027 , 49.58 , 49.46
36.803 , 0.1300011 , 49.58 , 49.45
36.804 , 0.1300011 , 49.58 , 49.45
36.806 , 0.09000015 , 49.53 , 49.44
36.808 , 0.06999969 , 49.51 , 49.44
36.809 , 0.09999847 , 49.53 , 49.43
36.811 , 0.1500015 , 49.58 , 49.43
36.813 , 0.09000015 , 49.51 , 49.42
36.814 , 0.1100006 , 49.53 , 49.42
36.816 , 0.09999847 , 49.51 , 49.41
36.826 , 0.1100006 , 49.49 , 49.38
36.827 , 0.1100006 , 49.49 , 49.38
36.829 , 0.05999756 , 49.44 , 49.38
36.83 , 0.1200027 , 49.49 , 49.37
36.832 , 0.1200027 , 49.49 , 49.37
36.834 , 0.07999802 , 49.44 , 49.36
36.835 , 0.07999802 , 49.44 , 49.36
36.837 , 0.09000015 , 49.44 , 49.35
36.839 , 0.1400032 , 49.49 , 49.35
36.84 , 0.09999847 , 49.44 , 49.34
36.842 , 0.09999847 , 49.44 , 49.34
36.844 , 0.08999634 , 49.42 , 49.33
36.846 , 0.1599998 , 49.49 , 49.33
36.847 , 0.04999924 , 49.37 , 49.32
36.849 , 0.04999924 , 49.37 , 49.32
36.851 , 0.1099968 , 49.42 , 49.31
36.852 , 0.1099968 , 49.42 , 49.31
36.854 , 0.1199989 , 49.42 , 49.3
36.855 , 0.1199989 , 49.42 , 49.3
36.857 , 0.07999802 , 49.37 , 49.29
36.859 , 0.07999802 , 49.37 , 49.29
36.861 , 0.09000015 , 49.37 , 49.28
36.862 , 0.06999969 , 49.35 , 49.28
36.864 , 0.09999847 , 49.37 , 49.27
36.866 , 0.09999847 , 49.37 , 49.27
36.868 , 0.09000015 , 49.35 , 49.26
36.869 , 0.09000015 , 49.35 , 49.26
36.871 , 0.04999924 , 49.3 , 49.25
36.873 , 0.09999847 , 49.35 , 49.25
36.875 , 0.1099968 , 49.35 , 49.24
36.876 , 0.1099968 , 49.35 , 49.24
36.878 , 0.06999969 , 49.3 , 49.23
36.88 , 0.1199989 , 49.35 , 49.23
36.881 , 0.1299973 , 49.35 , 49.22
36.883 , 0.1299973 , 49.35 , 49.22
36.885 , 0.09000015 , 49.3 , 49.21
36.886 , 0.09000015 , 49.3 , 49.21
36.888 , 0.1499977 , 49.35 , 49.2
36.89 , 0.07999802 , 49.28 , 49.2
36.891 , 0.09000015 , 49.28 , 49.19
36.893 , 0.06999969 , 49.26 , 49.19
36.895 , 0.1199989 , 49.3 , 49.18
36.897 , 0.1100006 , 49.28 , 49.17
36.898 , 0.1100006 , 49.28 , 49.17
36.9 , 0.1300011 , 49.3 , 49.17
36.901 , 0.09999847 , 49.26 , 49.16
36.903 , 0.1199989 , 49.28 , 49.16
36.905 , 0.05999756 , 49.21 , 49.15
36.907 , 0.1099968 , 49.26 , 49.15
36.908 , 0.06999969 , 49.21 , 49.14
36.91 , 0.06999969 , 49.21 , 49.14
36.912 , 0.1299973 , 49.26 , 49.13
36.913 , 0.1299973 , 49.26 , 49.13
36.915 , 0.1399994 , 49.26 , 49.12
36.917 , 0.09000015 , 49.21 , 49.12
36.918 , 0.09999847 , 49.21 , 49.11
36.92 , 0.1499977 , 49.26 , 49.11
36.922 , 0.09000015 , 49.19 , 49.1
36.923 , 0.1100006 , 49.21 , 49.1
36.925 , 0.1199989 , 49.21 , 49.09
36.927 , 0.04999924 , 49.14 , 49.09
36.928 , 0.1099968 , 49.19 , 49.08
36.93 , 0.1099968 , 49.19 , 49.08
36.932 , 0.1199989 , 49.19 , 49.07
36.933 , 0.1199989 , 49.19 , 49.07
36.935 , 0.07999802 , 49.14 , 49.06
36.937 , 0.07999802 , 49.14 , 49.06
36.938 , 0.1399994 , 49.19 , 49.05
36.94 , 0.09000015 , 49.14 , 49.05
36.942 , 0.07999802 , 49.12 , 49.04
36.943 , 0.1499977 , 49.19 , 49.04
36.945 , 0.1100006 , 49.14 , 49.03
36.947 , 0.09000015 , 49.12 , 49.03
36.948 , 0.04999924 , 49.07 , 49.02
36.95 , 0.09999847 , 49.12 , 49.02
36.952 , 0.1100006 , 49.12 , 49.01
36.954 , 0.1100006 , 49.12 , 49.01
36.955 , 0.1199989 , 49.12 , 49.0
36.957 , 0.1199989 , 49.12 , 49.0
36.958 , 0.1299973 , 49.12 , 48.99
36.96 , 0.07999802 , 49.07 , 48.99
36.962 , 0.1399994 , 49.12 , 48.98
36.963 , 0.06999969 , 49.05 , 48.98
36.965 , 0.09999847 , 49.07 , 48.97
36.967 , 0.1499977 , 49.12 , 48.97
36.968 , 0.09000015 , 49.05 , 48.96
36.97 , 0.09000015 , 49.05 , 48.96
36.972 , 0.09999847 , 49.05 , 48.95
36.974 , 0.09999847 , 49.05 , 48.95
36.975 , 0.09000015 , 49.03 , 48.94
36.977 , 0.09000015 , 49.03 , 48.94
36.979 , 0.1199989 , 49.05 , 48.93
36.981 , 0.09999847 , 49.03 , 48.93
36.982 , 0.1100006 , 49.03 , 48.92
36.984 , 0.1100006 , 49.03 , 48.92
36.985 , 0.06999969 , 48.98 , 48.91
36.987 , 0.06999969 , 48.98 , 48.91
36.989 , 0.07999802 , 48.98 , 48.9
36.991 , 0.1299973 , 49.03 , 48.9
36.992 , 0.09000015 , 48.98 , 48.89
36.994 , 0.02000046 , 48.91 , 48.89
36.996 , 0.02999878 , 48.91 , 48.88
36.998 , 0.09999847 , 48.98 , 48.88
37.0 , 0.02000046 , 48.89 , 48.87
37.001 , 0.02000046 , 48.89 , 48.87
37.003 , 0.04999924 , 48.91 , 48.86
37.005 , 0.02999878 , 48.89 , 48.86
37.007 , -0.009998322 , 48.84 , 48.85
37.008 , 0.04000092 , 48.89 , 48.85
37.01 , 0.04999924 , 48.89 , 48.84
37.012 , 0.05999756 , 48.89 , 48.83
37.014 , -0.01000214 , 48.82 , 48.83
37.015 , 0.009998322 , 48.84 , 48.83
37.017 , 0.02000046 , 48.84 , 48.82
37.019 , 0.02999878 , 48.84 , 48.81
37.021 , 0.02999878 , 48.84 , 48.81
37.022 , 0.02999878 , 48.84 , 48.81
37.024 , 0.02000046 , 48.82 , 48.8
37.026 , 0.02999878 , 48.82 , 48.79
37.028 , 0.02999878 , 48.82 , 48.79
37.029 , 0.04000092 , 48.82 , 48.78
37.031 , 0.04000092 , 48.82 , 48.78
37.033 , 0.02999878 , 48.8 , 48.77
37.035 , 0.02999878 , 48.8 , 48.77
37.036 , 0.06000137 , 48.82 , 48.76
37.038 , 0.04000092 , 48.8 , 48.76
37.04 , 0.04999924 , 48.8 , 48.75
37.042 , 0.04999924 , 48.8 , 48.75
37.043 , 0.009998322 , 48.75 , 48.74
37.045 , -0.01000214 , 48.73 , 48.74
37.047 , 0.06999969 , 48.8 , 48.73
37.049 , 0.0 , 48.73 , 48.73
37.05 , 0.009998322 , 48.73 , 48.72
37.052 , 0.02999878 , 48.75 , 48.72
37.054 , 0.02000046 , 48.73 , 48.71
37.056 , 0.04999924 , 48.75 , 48.7
37.057 , 0.02999878 , 48.73 , 48.7
37.059 , 0.02999878 , 48.73 , 48.7
37.061 , -0.009998322 , 48.68 , 48.69
37.063 , 0.04999924 , 48.73 , 48.68
37.064 , 0.04999924 , 48.73 , 48.68
37.066 , 0.0 , 48.68 , 48.68
37.068 , 0.01000214 , 48.68 , 48.67
37.069 , 0.01000214 , 48.68 , 48.67
37.071 , 0.02000046 , 48.68 , 48.66
37.073 , 0.009998322 , 48.66 , 48.65
37.075 , -0.03000259 , 48.62 , 48.65
37.076 , 0.02999878 , 48.68 , 48.65
37.078 , 0.02000046 , 48.66 , 48.64
37.08 , 0.02999878 , 48.66 , 48.63
37.082 , 0.02999878 , 48.66 , 48.63
37.083 , 0.06000137 , 48.68 , 48.62
37.085 , 0.04000092 , 48.66 , 48.62
37.087 , 0.04999924 , 48.66 , 48.61
37.088 , 0.009998322 , 48.62 , 48.61
37.09 , 0.02000046 , 48.62 , 48.6
37.092 , 0.06000137 , 48.66 , 48.6
37.094 , 0.0 , 48.59 , 48.59
37.095 , 0.02999878 , 48.62 , 48.59
37.097 , 0.009998322 , 48.59 , 48.58
37.099 , 0.0399971 , 48.62 , 48.58
37.101 , 0.04999924 , 48.62 , 48.57
37.102 , 0.02000046 , 48.59 , 48.57
37.104 , 0.02999878 , 48.59 , 48.56
37.106 , 0.02999878 , 48.59 , 48.56
37.107 , 0.0 , 48.55 , 48.55
37.109 , 0.0 , 48.55 , 48.55
37.11 , 0.04000092 , 48.59 , 48.55
37.112 , 0.009998322 , 48.55 , 48.54
37.114 , 0.02000046 , 48.55 , 48.53
37.116 , -0.009998322 , 48.52 , 48.53
37.118 , 0.02999878 , 48.55 , 48.52
37.119 , 0.0 , 48.52 , 48.52
37.121 , 0.04000092 , 48.55 , 48.51
37.123 , 0.01000214 , 48.52 , 48.51
37.124 , 0.02000046 , 48.52 , 48.5
37.126 , 0.02000046 , 48.52 , 48.5
37.127 , 0.02999878 , 48.52 , 48.49
37.129 , 0.02999878 , 48.52 , 48.49
37.131 , 0.02000046 , 48.5 , 48.48
37.133 , 0.02000046 , 48.5 , 48.48
37.134 , 0.04999924 , 48.52 , 48.47
37.136 , 0.04999924 , 48.52 , 48.47
37.138 , 0.04000092 , 48.5 , 48.46
37.139 , 0.04000092 , 48.5 , 48.46
37.141 , 0.04999924 , 48.5 , 48.45
37.143 , 0.009998322 , 48.46 , 48.45
37.145 , 0.06000137 , 48.5 , 48.44
37.146 , -0.009998322 , 48.43 , 48.44
37.148 , 0.02999878 , 48.46 , 48.43
37.15 , 0.02999878 , 48.46 , 48.43
37.152 , 0.08000183 , 48.5 , 48.42
37.153 , 0.04000092 , 48.46 , 48.42
37.155 , 0.02000046 , 48.43 , 48.41
37.157 , 0.02000046 , 48.43 , 48.41
37.158 , 0.02999878 , 48.43 , 48.4
37.16 , 0.02999878 , 48.43 , 48.4
37.162 , 0.0 , 48.39 , 48.39
37.163 , 0.0 , 48.39 , 48.39
37.165 , 0.009998322 , 48.39 , 48.38
37.167 , 0.009998322 , 48.39 , 48.38
37.169 , -0.009998322 , 48.36 , 48.37
37.171 , 0.02999878 , 48.39 , 48.36
37.172 , 0.02999878 , 48.39 , 48.36
37.174 , 0.0 , 48.36 , 48.36
37.175 , 0.04000092 , 48.39 , 48.35
37.177 , 0.01000214 , 48.36 , 48.35
37.179 , 0.02000046 , 48.36 , 48.34
37.181 , 0.02000046 , 48.36 , 48.34
37.182 , 0.02999878 , 48.36 , 48.33
37.184 , 0.02999878 , 48.36 , 48.33
37.186 , 0.0 , 48.32 , 48.32
37.187 , 0.04000092 , 48.36 , 48.32
37.189 , 0.009998322 , 48.32 , 48.31
37.191 , 0.009998322 , 48.32 , 48.31
37.193 , 0.06000137 , 48.36 , 48.3
37.194 , -0.02999878 , 48.27 , 48.3
37.196 , 0.02999878 , 48.32 , 48.29
37.198 , 0.04000092 , 48.32 , 48.28
37.199 , 0.01000214 , 48.29 , 48.28
37.201 , 0.04000092 , 48.32 , 48.28
37.203 , 0.02000046 , 48.29 , 48.27
37.204 , 0.04999924 , 48.32 , 48.27
37.206 , 0.01000214 , 48.27 , 48.26
37.208 , 0.03000259 , 48.29 , 48.26
37.21 , 0.04000092 , 48.29 , 48.25
37.211 , 0.06999969 , 48.32 , 48.25
37.213 , 0.02999878 , 48.27 , 48.24
37.215 , 0.06000137 , 48.29 , 48.23
37.216 , 0.04000092 , 48.27 , 48.23
37.218 , 0.04000092 , 48.27 , 48.23
37.22 , 0.009998322 , 48.23 , 48.22
37.222 , 0.06000137 , 48.27 , 48.21
37.223 , 0.02000046 , 48.23 , 48.21
37.225 , 0.02999878 , 48.23 , 48.2
37.227 , 0.02999878 , 48.23 , 48.2
37.228 , 0.02999878 , 48.23 , 48.2
37.23 , 0.04000092 , 48.23 , 48.19
37.232 , 0.04999924 , 48.23 , 48.18
37.234 , 0.02000046 , 48.2 , 48.18
37.235 , 0.02000046 , 48.2 , 48.18
37.237 , 0.03000259 , 48.2 , 48.17
37.239 , 0.04000092 , 48.2 , 48.16
37.24 , 0.06999969 , 48.23 , 48.16
37.242 , 0.07999802 , 48.23 , 48.15
37.244 , 0.04999924 , 48.2 , 48.15
37.246 , 0.09000015 , 48.23 , 48.14
37.247 , 0.02000046 , 48.16 , 48.14
37.249 , 0.06999969 , 48.2 , 48.13
37.251 , 0.06999969 , 48.2 , 48.13
37.252 , 0.02999878 , 48.16 , 48.13
37.254 , 0.04000092 , 48.16 , 48.12
37.256 , 0.04999924 , 48.16 , 48.11
37.257 , 0.09000015 , 48.2 , 48.11
37.259 , 0.03000259 , 48.13 , 48.1
37.261 , 0.03000259 , 48.13 , 48.1
37.263 , 0.06999969 , 48.16 , 48.09
37.264 , 0.04000092 , 48.13 , 48.09
37.266 , 0.04999924 , 48.13 , 48.08
37.268 , 0.04999924 , 48.13 , 48.08
37.269 , 0.09000015 , 48.16 , 48.07
37.271 , 0.06000137 , 48.13 , 48.07
37.273 , 0.02999878 , 48.09 , 48.06
37.274 , 0.06999969 , 48.13 , 48.06
37.276 , 0.04000092 , 48.09 , 48.05
37.278 , 0.04000092 , 48.09 , 48.05
37.28 , 0.04999924 , 48.09 , 48.04
37.281 , 0.09000015 , 48.13 , 48.04
37.283 , 0.04000092 , 48.07 , 48.03
37.285 , 0.04000092 , 48.07 , 48.03
37.286 , 0.04999924 , 48.07 , 48.02
37.288 , 0.02000046 , 48.04 , 48.02
37.29 , 0.03000259 , 48.04 , 48.01
37.292 , 0.06000137 , 48.07 , 48.01
37.293 , 0.04000092 , 48.04 , 48.0
37.295 , 0.04000092 , 48.04 , 48.0
37.297 , 0.009998322 , 48.0 , 47.99
37.298 , 0.04999924 , 48.04 , 47.99
37.3 , 0.06000137 , 48.04 , 47.98
37.302 , 0.06000137 , 48.04 , 47.98
37.303 , 0.02999878 , 48.0 , 47.97
37.305 , 0.02999878 , 48.0 , 47.97
37.307 , 0.01000214 , 47.97 , 47.96
37.309 , -0.02999878 , 47.93 , 47.96
37.31 , 0.02000046 , 47.97 , 47.95
37.312 , 0.02000046 , 47.97 , 47.95
37.314 , 0.03000259 , 47.97 , 47.94
37.315 , -0.009998322 , 47.93 , 47.94
37.317 , 0.0 , 47.93 , 47.93
37.319 , 0.0 , 47.93 , 47.93
37.32 , 0.01000214 , 47.93 , 47.92
37.322 , -0.009998322 , 47.91 , 47.92
37.324 , 0.02000046 , 47.93 , 47.91
37.325 , 0.02000046 , 47.93 , 47.91
37.327 , 0.009998322 , 47.91 , 47.9
37.329 , 0.02999878 , 47.93 , 47.9
37.331 , 0.02000046 , 47.91 , 47.89
37.332 , 0.02000046 , 47.91 , 47.89
37.334 , 0.02999878 , 47.91 , 47.88
37.336 , -0.02000046 , 47.86 , 47.88
37.338 , 0.04000092 , 47.91 , 47.87
37.339 , 0.04000092 , 47.91 , 47.87
37.341 , 0.0 , 47.86 , 47.86
37.343 , 0.04999924 , 47.91 , 47.86
37.344 , -0.009998322 , 47.84 , 47.85
37.346 , -0.009998322 , 47.84 , 47.85
37.348 , 0.0 , 47.84 , 47.84
37.349 , 0.02000046 , 47.86 , 47.84
37.351 , 0.009998322 , 47.84 , 47.83
37.353 , 0.009998322 , 47.84 , 47.83
37.355 , -0.009998322 , 47.81 , 47.82
37.357 , 0.0 , 47.81 , 47.81
37.358 , 0.02999878 , 47.84 , 47.81
37.36 , 0.02999878 , 47.84 , 47.81
37.361 , 0.01000214 , 47.81 , 47.8
37.363 , 0.01000214 , 47.81 , 47.8
37.365 , 0.02000046 , 47.81 , 47.79
37.367 , 0.02000046 , 47.81 , 47.79
37.368 , 0.03000259 , 47.81 , 47.78
37.37 , 0.03000259 , 47.81 , 47.78
37.372 , 0.04000092 , 47.81 , 47.77
37.373 , 0.0 , 47.77 , 47.77
37.375 , 0.01000214 , 47.77 , 47.76
37.376 , 0.05000305 , 47.81 , 47.76
37.378 , 0.02000046 , 47.77 , 47.75
37.38 , 0.0 , 47.75 , 47.75
37.381 , 0.02999878 , 47.77 , 47.74
37.383 , 0.009998322 , 47.75 , 47.74
37.385 , 0.02000046 , 47.75 , 47.73
37.386 , 0.02000046 , 47.75 , 47.73
37.388 , 0.02999878 , 47.75 , 47.72
37.39 , -0.02000046 , 47.7 , 47.72
37.391 , 0.04000092 , 47.75 , 47.71
37.393 , 0.04000092 , 47.75 , 47.71
37.395 , 0.0 , 47.7 , 47.7
37.396 , 0.04999924 , 47.75 , 47.7
37.398 , 0.06000137 , 47.75 , 47.69
37.4 , 0.01000214 , 47.7 , 47.69
37.401 , 0.02000046 , 47.7 , 47.68
37.403 , 0.02000046 , 47.7 , 47.68
37.405 , 0.03000259 , 47.7 , 47.67
37.406 , 0.03000259 , 47.7 , 47.67
37.408 , 0.02000046 , 47.68 , 47.66
37.41 , 0.02000046 , 47.68 , 47.66
37.412 , 0.02999878 , 47.68 , 47.65
37.413 , 0.04999924 , 47.7 , 47.65
37.415 , -0.02999878 , 47.61 , 47.64
37.417 , -0.009998322 , 47.63 , 47.64
37.419 , 0.0 , 47.63 , 47.63
37.42 , 0.0 , 47.63 , 47.63
37.422 , 0.01000214 , 47.63 , 47.62
37.423 , 0.01000214 , 47.63 , 47.62
37.425 , 0.06999969 , 47.68 , 47.61
37.427 , 0.02000046 , 47.63 , 47.61
37.428 , 0.01000214 , 47.61 , 47.6
37.43 , 0.01000214 , 47.61 , 47.6
37.432 , 0.0 , 47.59 , 47.59
37.433 , 0.04000092 , 47.63 , 47.59
37.435 , 0.009998322 , 47.59 , 47.58
37.437 , 0.02999878 , 47.61 , 47.58
37.438 , 0.009998322 , 47.59 , 47.58
37.44 , 0.02000046 , 47.59 , 47.57
37.442 , 0.02999878 , 47.59 , 47.56
37.443 , 0.02999878 , 47.59 , 47.56
37.445 , 0.04000092 , 47.59 , 47.55
37.447 , 0.04000092 , 47.59 , 47.55
37.449 , 0.0 , 47.54 , 47.54
37.45 , 0.04999924 , 47.59 , 47.54
37.452 , 0.06000137 , 47.59 , 47.53
37.453 , -0.009998322 , 47.52 , 47.53
37.455 , 0.0 , 47.52 , 47.52
37.457 , 0.0 , 47.52 , 47.52
37.458 , 0.02000046 , 47.54 , 47.52
37.46 , 0.01000214 , 47.52 , 47.51
37.461 , 0.03000259 , 47.54 , 47.51
37.463 , 0.04000092 , 47.54 , 47.5
37.465 , 0.04000092 , 47.54 , 47.5
37.466 , 0.02999878 , 47.52 , 47.49
37.468 , -0.02000046 , 47.47 , 47.49
37.47 , -0.009998322 , 47.47 , 47.48
37.472 , 0.0 , 47.47 , 47.47
37.473 , 0.0 , 47.47 , 47.47
37.475 , 0.0 , 47.47 , 47.47
37.476 , 0.01000214 , 47.47 , 47.46
37.478 , 0.01000214 , 47.47 , 47.46
37.48 , 0.06999969 , 47.52 , 47.45
37.481 , 0.02000046 , 47.47 , 47.45
37.483 , 0.01000214 , 47.45 , 47.44
37.485 , -0.0399971 , 47.4 , 47.44
37.486 , 0.02000046 , 47.45 , 47.43
37.488 , -0.02999878 , 47.4 , 47.43
37.49 , 0.03000259 , 47.45 , 47.42
37.491 , -0.01999664 , 47.4 , 47.42
37.493 , 0.04000092 , 47.45 , 47.41
37.495 , -0.009998322 , 47.4 , 47.41
37.497 , 0.0 , 47.4 , 47.4
37.498 , 0.0 , 47.4 , 47.4
37.499 , 0.06000137 , 47.45 , 47.39
37.501 , 0.01000214 , 47.4 , 47.39
37.503 , 0.02000046 , 47.4 , 47.38
37.504 , 0.02000046 , 47.4 , 47.38
37.506 , 0.03000259 , 47.4 , 47.37
37.508 , 0.01000214 , 47.38 , 47.37
37.509 , 0.03000259 , 47.4 , 47.37
37.511 , 0.0 , 47.36 , 47.36
37.513 , 0.03000259 , 47.38 , 47.35
37.514 , 0.05000305 , 47.4 , 47.35
37.516 , 0.04000092 , 47.38 , 47.34
37.518 , 0.06000137 , 47.4 , 47.34
37.519 , 0.06000137 , 47.4 , 47.34
37.521 , 0.06999969 , 47.4 , 47.33
37.523 , 0.06000137 , 47.38 , 47.32
37.524 , 0.06000137 , 47.38 , 47.32
37.526 , 0.06999969 , 47.38 , 47.31
37.528 , 0.04999924 , 47.36 , 47.31
37.529 , 0.06999969 , 47.38 , 47.31
37.531 , 0.01000214 , 47.31 , 47.3
37.533 , 0.06999969 , 47.36 , 47.29
37.534 , 0.09000015 , 47.38 , 47.29
37.536 , 0.06999969 , 47.36 , 47.29
37.538 , 0.03000259 , 47.31 , 47.28
37.539 , 0.08000183 , 47.36 , 47.28
37.541 , 0.04000092 , 47.31 , 47.27
37.543 , 0.05000305 , 47.31 , 47.26
37.544 , 0.1000023 , 47.36 , 47.26
37.546 , 0.1000023 , 47.36 , 47.26
37.548 , 0.1100006 , 47.36 , 47.25
37.549 , 0.06000137 , 47.31 , 47.25
37.551 , 0.06999969 , 47.31 , 47.24
37.552 , 0.04999924 , 47.29 , 47.24
37.554 , 0.06000137 , 47.29 , 47.23
37.556 , 0.01000214 , 47.24 , 47.23
37.557 , 0.02000046 , 47.24 , 47.22
37.559 , 0.02000046 , 47.24 , 47.22
37.561 , 0.03000259 , 47.24 , 47.21
37.562 , 0.03000259 , 47.24 , 47.21
37.564 , 0.02000046 , 47.22 , 47.2
37.566 , 0.04000092 , 47.24 , 47.2
37.567 , 0.05000305 , 47.24 , 47.19
37.569 , -0.02000046 , 47.17 , 47.19
37.571 , -0.01000214 , 47.17 , 47.18
37.573 , 0.04000092 , 47.22 , 47.18
37.574 , 0.0 , 47.17 , 47.17
37.576 , 0.07000351 , 47.24 , 47.17
37.577 , 0.06000137 , 47.22 , 47.16
37.579 , 0.009998322 , 47.17 , 47.16
37.581 , 0.06999969 , 47.22 , 47.15
37.583 , 0.06999969 , 47.22 , 47.15
37.584 , 0.08000183 , 47.22 , 47.14
37.586 , 0.02999878 , 47.17 , 47.14
37.588 , 0.09000015 , 47.22 , 47.13
37.59 , 0.02000046 , 47.15 , 47.13
37.591 , 0.03000259 , 47.15 , 47.12
37.593 , 0.03000259 , 47.15 , 47.12
37.602 , 0.04000092 , 47.13 , 47.09
37.604 , 0.04999924 , 47.13 , 47.08
37.606 , 0.0 , 47.08 , 47.08
37.607 , 0.0 , 47.08 , 47.08
37.609 , 0.08000183 , 47.15 , 47.07
37.61 , 0.01000214 , 47.08 , 47.07
37.612 , 0.06999969 , 47.13 , 47.06
37.614 , 0.03000259 , 47.08 , 47.05
37.615 , 0.03000259 , 47.08 , 47.05
37.617 , 0.03000259 , 47.08 , 47.05
37.619 , 0.02000046 , 47.06 , 47.04
37.62 , 0.02000046 , 47.06 , 47.04
37.622 , -0.02000046 , 47.01 , 47.03
37.624 , -0.02000046 , 47.01 , 47.03
37.626 , -0.01000214 , 47.01 , 47.02
37.627 , -0.02999878 , 46.99 , 47.02
37.629 , 0.0 , 47.01 , 47.01
37.63 , 0.05000305 , 47.06 , 47.01
37.632 , 0.009998322 , 47.01 , 47.0
37.634 , -0.009998322 , 46.99 , 47.0
37.636 , 0.01999664 , 47.01 , 46.99
37.637 , 0.01999664 , 47.01 , 46.99
37.639 , 0.01000214 , 46.99 , 46.98
37.641 , 0.0399971 , 47.01 , 46.97
37.643 , 0.02000046 , 46.99 , 46.97
37.644 , 0.02000046 , 46.99 , 46.97
37.646 , -0.02000046 , 46.94 , 46.96
37.648 , 0.04000092 , 46.99 , 46.95
37.649 , 0.04000092 , 46.99 , 46.95
37.651 , 0.05999756 , 47.01 , 46.95
37.653 , 0.05000305 , 46.99 , 46.94
37.655 , 0.06000137 , 46.99 , 46.93
37.656 , 0.009998322 , 46.94 , 46.93
37.658 , 0.0 , 46.92 , 46.92
37.66 , 0.0 , 46.92 , 46.92
37.661 , 0.07000351 , 46.99 , 46.92
37.663 , -0.009998322 , 46.9 , 46.91
37.665 , 0.01999664 , 46.92 , 46.9
37.666 , 0.0399971 , 46.94 , 46.9
37.668 , 0.01999664 , 46.92 , 46.9
37.67 , 0.02999878 , 46.92 , 46.89
37.672 , 0.0399971 , 46.92 , 46.88
37.674 , 0.0399971 , 46.92 , 46.88
37.675 , 0.06999969 , 46.94 , 46.87
37.677 , 0.03000259 , 46.9 , 46.87
37.679 , 0.05999756 , 46.92 , 46.86
37.681 , 0.07999802 , 46.94 , 46.86
37.682 , 0.06999969 , 46.92 , 46.85
37.684 , 0.06999969 , 46.92 , 46.85
37.686 , 0.07999802 , 46.92 , 46.84
37.688 , 0.07999802 , 46.92 , 46.84
37.69 , 0.06999969 , 46.9 , 46.83
37.691 , 0.08999634 , 46.92 , 46.83
37.693 , 0.09999847 , 46.92 , 46.82
37.695 , 0.08000183 , 46.9 , 46.82
37.697 , 0.09000015 , 46.9 , 46.81
37.698 , 0.09000015 , 46.9 , 46.81
37.7 , 0.1000023 , 46.9 , 46.8
37.701 , 0.1000023 , 46.9 , 46.8
37.703 , 0.1100006 , 46.9 , 46.79
37.704 , 0.1100006 , 46.9 , 46.79
37.706 , 0.1399994 , 46.92 , 46.78
37.708 , 0.1200027 , 46.9 , 46.78
37.709 , 0.1300011 , 46.9 , 46.77
37.711 , 0.1499977 , 46.92 , 46.77
37.712 , 0.1300011 , 46.9 , 46.77
37.714 , 0.1400032 , 46.9 , 46.76
37.715 , 0.1400032 , 46.9 , 46.76
37.717 , 0.1500015 , 46.9 , 46.75
37.718 , 0.1500015 , 46.9 , 46.75
37.72 , 0.1099968 , 46.85 , 46.74
37.721 , 0.1599998 , 46.9 , 46.74
37.723 , 0.1199989 , 46.85 , 46.73
37.725 , 0.1199989 , 46.85 , 46.73
37.726 , 0.1299973 , 46.85 , 46.72
37.728 , 0.1299973 , 46.85 , 46.72
37.729 , 0.1399994 , 46.85 , 46.71
37.731 , 0.1399994 , 46.85 , 46.71
37.733 , 0.1300011 , 46.83 , 46.7
37.734 , 0.1300011 , 46.83 , 46.7
37.736 , 0.1599998 , 46.85 , 46.69
37.737 , 0.09000015 , 46.78 , 46.69
37.739 , 0.09000015 , 46.78 , 46.69
37.741 , 0.09999847 , 46.78 , 46.68
37.743 , 0.1600037 , 46.83 , 46.67
37.744 , 0.1100006 , 46.78 , 46.67
37.746 , 0.1199989 , 46.78 , 46.66
37.747 , 0.1199989 , 46.78 , 46.66
37.749 , 0.170002 , 46.83 , 46.66
37.75 , 0.1299973 , 46.78 , 46.65
37.752 , 0.1299973 , 46.78 , 46.65
37.754 , 0.1199989 , 46.76 , 46.64
37.755 , 0.1900024 , 46.83 , 46.64
37.757 , 0.1499977 , 46.78 , 46.63
37.758 , 0.1299973 , 46.76 , 46.63
37.76 , 0.1000023 , 46.72 , 46.62
37.762 , 0.1399994 , 46.76 , 46.62
37.763 , 0.1699982 , 46.78 , 46.61
37.765 , 0.1499977 , 46.76 , 46.61
37.766 , 0.1499977 , 46.76 , 46.61
37.768 , 0.1200027 , 46.72 , 46.6
37.77 , 0.1300011 , 46.72 , 46.59
37.771 , 0.1699982 , 46.76 , 46.59
37.773 , 0.1799965 , 46.76 , 46.58
37.774 , 0.1399994 , 46.72 , 46.58
37.776 , 0.1399994 , 46.72 , 46.58
37.777 , 0.1500015 , 46.72 , 46.57
37.779 , 0.1899986 , 46.76 , 46.57
37.781 , 0.1599998 , 46.72 , 46.56
37.782 , 0.1599998 , 46.72 , 46.56
37.784 , 0.170002 , 46.72 , 46.55
37.785 , 0.170002 , 46.72 , 46.55
37.787 , 0.1499977 , 46.69 , 46.54
37.789 , 0.1499977 , 46.69 , 46.54
37.79 , 0.1599998 , 46.69 , 46.53
37.792 , 0.1599998 , 46.69 , 46.53
37.793 , 0.1599998 , 46.69 , 46.53
37.795 , 0.1300011 , 46.65 , 46.52
37.797 , 0.1400032 , 46.65 , 46.51
37.798 , 0.1400032 , 46.65 , 46.51
37.8 , 0.1500015 , 46.65 , 46.5
37.801 , 0.1500015 , 46.65 , 46.5
37.803 , 0.1500015 , 46.65 , 46.5
37.804 , 0.1599998 , 46.65 , 46.49
37.806 , 0.1299973 , 46.62 , 46.49
37.807 , 0.1399994 , 46.62 , 46.48
37.809 , 0.1399994 , 46.62 , 46.48
37.811 , 0.1299973 , 46.6 , 46.47
37.812 , 0.1299973 , 46.6 , 46.47
37.814 , 0.1399994 , 46.6 , 46.46
37.816 , 0.1399994 , 46.6 , 46.46
37.817 , 0.1100006 , 46.56 , 46.45
37.819 , 0.1499977 , 46.6 , 46.45
37.82 , 0.1100006 , 46.56 , 46.45
37.822 , 0.1599998 , 46.6 , 46.44
37.823 , 0.09000015 , 46.53 , 46.44
37.825 , 0.1699982 , 46.6 , 46.43
37.827 , 0.09999847 , 46.53 , 46.43
37.828 , 0.1100006 , 46.53 , 46.42
37.83 , 0.1400032 , 46.56 , 46.42
37.832 , 0.1199989 , 46.53 , 46.41
37.833 , 0.08000183 , 46.49 , 46.41
37.835 , 0.1299973 , 46.53 , 46.4
37.836 , 0.09000015 , 46.49 , 46.4
37.838 , 0.1399994 , 46.53 , 46.39
37.84 , 0.1000023 , 46.49 , 46.39
37.841 , 0.1100006 , 46.49 , 46.38
37.843 , 0.1100006 , 46.49 , 46.38
37.844 , 0.1200027 , 46.49 , 46.37
37.846 , 0.1200027 , 46.49 , 46.37
37.847 , 0.1200027 , 46.49 , 46.37
37.849 , 0.1300011 , 46.49 , 46.36
37.85 , 0.1300011 , 46.49 , 46.36
37.852 , 0.1400032 , 46.49 , 46.35
37.853 , 0.1400032 , 46.49 , 46.35
37.855 , 0.1500015 , 46.49 , 46.34
37.856 , 0.1199989 , 46.46 , 46.34
37.858 , 0.1299973 , 46.46 , 46.33
37.86 , 0.1299973 , 46.46 , 46.33
37.861 , 0.09999847 , 46.42 , 46.32
37.863 , 0.09999847 , 46.42 , 46.32
37.865 , 0.09000015 , 46.4 , 46.31
37.866 , 0.1099968 , 46.42 , 46.31
37.868 , 0.1199989 , 46.42 , 46.3
37.87 , 0.1199989 , 46.42 , 46.3
37.871 , 0.1100006 , 46.4 , 46.29
37.873 , 0.1299973 , 46.42 , 46.29
37.874 , 0.1100006 , 46.4 , 46.29
37.876 , 0.1200027 , 46.4 , 46.28
37.877 , 0.1200027 , 46.4 , 46.28
37.879 , 0.1499977 , 46.42 , 46.27
37.881 , 0.09999847 , 46.37 , 46.27
37.882 , 0.1400032 , 46.4 , 46.26
37.884 , 0.1100006 , 46.37 , 46.26
37.885 , 0.08000183 , 46.33 , 46.25
37.887 , 0.08000183 , 46.33 , 46.25
37.889 , 0.09000015 , 46.33 , 46.24
37.89 , 0.1299973 , 46.37 , 46.24
37.892 , 0.06999969 , 46.3 , 46.23
37.894 , 0.1000023 , 46.33 , 46.23
37.895 , 0.1100006 , 46.33 , 46.22
37.897 , 0.1100006 , 46.33 , 46.22
37.898 , 0.07999802 , 46.3 , 46.22
37.9 , 0.09000015 , 46.3 , 46.21
37.902 , 0.02999878 , 46.23 , 46.2
37.904 , 0.09999847 , 46.3 , 46.2
37.905 , 0.04000092 , 46.23 , 46.19
37.907 , 0.04000092 , 46.23 , 46.19
37.909 , 0.04999924 , 46.23 , 46.18
37.911 , 0.04999924 , 46.23 , 46.18
37.912 , 0.1300011 , 46.3 , 46.17
37.914 , 0.06000137 , 46.23 , 46.17
37.916 , 0.06999969 , 46.23 , 46.16
37.917 , 0.02999878 , 46.19 , 46.16
37.919 , 0.0399971 , 46.19 , 46.15
37.921 , 0.07999802 , 46.23 , 46.15
37.923 , 0.04999924 , 46.19 , 46.14
37.924 , 0.04999924 , 46.19 , 46.14
37.926 , 0.05999756 , 46.19 , 46.13
37.928 , 0.0399971 , 46.17 , 46.13
37.93 , 0.04999924 , 46.17 , 46.12
37.931 , 0.06999969 , 46.19 , 46.12
37.933 , 0.05999756 , 46.17 , 46.11
37.935 , 0.05999756 , 46.17 , 46.11
37.937 , 0.04000092 , 46.14 , 46.1
37.938 , 0.04000092 , 46.14 , 46.1
37.94 , 0.07999802 , 46.17 , 46.09
37.942 , 0.08999634 , 46.17 , 46.08
37.943 , 0.05999756 , 46.14 , 46.08
37.945 , 0.01999664 , 46.1 , 46.08
37.947 , 0.06999969 , 46.14 , 46.07
37.949 , 0.0399971 , 46.1 , 46.06
37.951 , 0.0399971 , 46.1 , 46.06
37.952 , 0.009998322 , 46.07 , 46.06
37.954 , 0.02000046 , 46.07 , 46.05
37.956 , 0.02999878 , 46.07 , 46.04
37.958 , 0.02999878 , 46.07 , 46.04
37.959 , 0.04000092 , 46.07 , 46.03
37.961 , 0.04000092 , 46.07 , 46.03
37.963 , 0.04999924 , 46.07 , 46.02
37.965 , 0.009998322 , 46.03 , 46.02
37.966 , 0.02000046 , 46.03 , 46.01
37.968 , 0.06000137 , 46.07 , 46.01
37.97 , 0.02999878 , 46.03 , 46.0
37.972 , 0.009998322 , 46.01 , 46.0
37.973 , 0.07999802 , 46.07 , 45.99
37.975 , 0.01999664 , 46.01 , 45.99
37.977 , 0.02999878 , 46.01 , 45.98
37.979 , 0.02999878 , 46.01 , 45.98
37.98 , 0.0399971 , 46.01 , 45.97
37.982 , 0.0399971 , 46.01 , 45.97
37.984 , 0.0 , 45.96 , 45.96
37.986 , 0.009998322 , 45.96 , 45.95
37.987 , 0.009998322 , 45.96 , 45.95
37.989 , 0.009998322 , 45.96 , 45.95
37.991 , -0.02999878 , 45.91 , 45.94
37.993 , 0.02999878 , 45.96 , 45.93
37.995 , -0.02000046 , 45.91 , 45.93
37.996 , 0.02999878 , 45.96 , 45.93
37.998 , -0.009998322 , 45.91 , 45.92
38.0 , 0.04999924 , 45.96 , 45.91
38.002 , 0.0 , 45.91 , 45.91
38.003 , 0.009998322 , 45.91 , 45.9
38.005 , 0.009998322 , 45.91 , 45.9
38.007 , 0.02000046 , 45.91 , 45.89
38.009 , 0.0 , 45.89 , 45.89
38.01 , 0.009998322 , 45.89 , 45.88
38.012 , -0.03000259 , 45.85 , 45.88
38.014 , -0.02000046 , 45.85 , 45.87
38.016 , -0.02000046 , 45.85 , 45.87
38.017 , -0.01000214 , 45.85 , 45.86
38.019 , -0.01000214 , 45.85 , 45.86
38.021 , -0.02999878 , 45.82 , 45.85
38.023 , -0.02999878 , 45.82 , 45.85
38.024 , -0.02000046 , 45.82 , 45.84
38.026 , -0.02000046 , 45.82 , 45.84
38.028 , -0.01000214 , 45.82 , 45.83
38.03 , -0.04000092 , 45.78 , 45.82
38.031 , -0.06999969 , 45.75 , 45.82
38.033 , -0.1100006 , 45.71 , 45.82
38.035 , -0.06000137 , 45.75 , 45.81
38.036 , -0.06000137 , 45.75 , 45.81
38.038 , -0.04999924 , 45.75 , 45.8
38.04 , -0.09000015 , 45.71 , 45.8
38.041 , -0.01000214 , 45.78 , 45.79
38.043 , -0.08000183 , 45.71 , 45.79
38.045 , -0.06999969 , 45.71 , 45.78
38.047 , -0.08000183 , 45.69 , 45.77
38.048 , -0.06000137 , 45.71 , 45.77
38.05 , -0.1100006 , 45.66 , 45.77
38.052 , -0.06999969 , 45.69 , 45.76
38.054 , -0.06000137 , 45.69 , 45.75
38.055 , -0.09000015 , 45.66 , 45.75
38.057 , -0.05000305 , 45.69 , 45.74
38.059 , -0.05000305 , 45.69 , 45.74
38.06 , -0.05000305 , 45.69 , 45.74
38.062 , -0.06999969 , 45.66 , 45.73
38.064 , -0.06000137 , 45.66 , 45.72
38.066 , -0.06000137 , 45.66 , 45.72
38.067 , -0.06000137 , 45.66 , 45.72
38.069 , -0.04999924 , 45.66 , 45.71
38.071 , -0.08000183 , 45.62 , 45.7
38.072 , -0.08000183 , 45.62 , 45.7
38.074 , -0.06999969 , 45.62 , 45.69
38.076 , -0.06999969 , 45.62 , 45.69
38.078 , -0.06000137 , 45.62 , 45.68
38.079 , -0.06000137 , 45.62 , 45.68
38.081 , -0.07999802 , 45.59 , 45.67
38.083 , -0.07999802 , 45.59 , 45.67
38.085 , -0.06999969 , 45.59 , 45.66
38.086 , -0.06999969 , 45.59 , 45.66
38.088 , -0.06000137 , 45.59 , 45.65
38.09 , -0.1000023 , 45.55 , 45.65
38.091 , -0.04999924 , 45.59 , 45.64
38.093 , -0.1100006 , 45.53 , 45.64
38.095 , -0.08000183 , 45.55 , 45.63
38.096 , -0.1000023 , 45.53 , 45.63
38.098 , -0.06999969 , 45.55 , 45.62
38.1 , -0.09000015 , 45.53 , 45.62
38.101 , -0.08000183 , 45.53 , 45.61
38.103 , -0.08000183 , 45.53 , 45.61
38.105 , -0.06999969 , 45.53 , 45.6
38.107 , -0.06999969 , 45.53 , 45.6
38.108 , -0.06000137 , 45.53 , 45.59
38.11 , -0.1100006 , 45.48 , 45.59
38.112 , -0.05000305 , 45.53 , 45.58
38.113 , -0.05000305 , 45.53 , 45.58
38.115 , -0.09000015 , 45.48 , 45.57
38.117 , -0.09000015 , 45.48 , 45.57
38.118 , -0.08000183 , 45.48 , 45.56
38.12 , -0.08000183 , 45.48 , 45.56
38.122 , -0.09000015 , 45.46 , 45.55
38.124 , -0.06999969 , 45.48 , 45.55
38.125 , -0.08000183 , 45.46 , 45.54
38.127 , -0.06000137 , 45.48 , 45.54
38.129 , -0.09999847 , 45.43 , 45.53
38.131 , -0.1399994 , 45.39 , 45.53
38.132 , -0.09000015 , 45.43 , 45.52
38.134 , -0.09000015 , 45.43 , 45.52
38.135 , -0.07999802 , 45.43 , 45.51
38.137 , -0.07999802 , 45.43 , 45.51
38.139 , -0.1100006 , 45.39 , 45.5
38.14 , -0.1300011 , 45.37 , 45.5
38.142 , -0.06000137 , 45.43 , 45.49
38.144 , -0.1000023 , 45.39 , 45.49
38.145 , -0.04999924 , 45.43 , 45.48
38.147 , -0.09000015 , 45.39 , 45.48
38.149 , -0.1000023 , 45.37 , 45.47
38.15 , -0.1000023 , 45.37 , 45.47
38.152 , -0.09000015 , 45.37 , 45.46
38.153 , -0.09000015 , 45.37 , 45.46
38.155 , -0.09000015 , 45.37 , 45.46
38.157 , -0.1300011 , 45.32 , 45.45
38.158 , -0.08000183 , 45.37 , 45.45
38.16 , -0.06999969 , 45.37 , 45.44
38.162 , -0.1100006 , 45.32 , 45.43
38.164 , -0.06000137 , 45.37 , 45.43
38.165 , -0.1100006 , 45.32 , 45.43
38.167 , -0.04999924 , 45.37 , 45.42
38.169 , -0.09000015 , 45.32 , 45.41
38.17 , -0.09000015 , 45.32 , 45.41
38.172 , -0.1000023 , 45.3 , 45.4
38.174 , -0.08000183 , 45.32 , 45.4
38.175 , -0.1000023 , 45.3 , 45.4
38.177 , -0.09000015 , 45.3 , 45.39
38.179 , -0.08000183 , 45.3 , 45.38
38.18 , -0.1300011 , 45.25 , 45.38
38.182 , -0.08000183 , 45.3 , 45.38
38.183 , -0.06999969 , 45.3 , 45.37
38.185 , -0.1199989 , 45.25 , 45.37
38.187 , -0.1100006 , 45.25 , 45.36
38.188 , -0.1300011 , 45.23 , 45.36
38.19 , -0.09999847 , 45.25 , 45.35
38.192 , -0.09999847 , 45.25 , 45.35
38.193 , -0.1100006 , 45.23 , 45.34
38.195 , -0.1100006 , 45.23 , 45.34
38.196 , -0.08000183 , 45.25 , 45.33
38.198 , -0.1000023 , 45.23 , 45.33
38.2 , -0.09000015 , 45.23 , 45.32
38.201 , -0.1199989 , 45.2 , 45.32
38.203 , -0.1100006 , 45.2 , 45.31
38.204 , -0.08000183 , 45.23 , 45.31
38.206 , -0.06999969 , 45.23 , 45.3
38.208 , -0.09999847 , 45.2 , 45.3
38.21 , -0.09000015 , 45.2 , 45.29
38.211 , -0.09000015 , 45.2 , 45.29
38.213 , -0.07999802 , 45.2 , 45.28
38.215 , -0.07999802 , 45.2 , 45.28
38.216 , -0.1100006 , 45.16 , 45.27
38.218 , -0.1100006 , 45.16 , 45.27
38.219 , -0.1100006 , 45.16 , 45.27
38.221 , -0.09999847 , 45.16 , 45.26
38.223 , -0.04999924 , 45.2 , 45.25
38.224 , -0.1100006 , 45.14 , 45.25
38.226 , -0.09000015 , 45.16 , 45.25
38.227 , -0.1000023 , 45.14 , 45.24
38.229 , -0.1000023 , 45.14 , 45.24
38.23 , -0.06999969 , 45.16 , 45.23
38.232 , -0.1599998 , 45.07 , 45.23
38.234 , -0.08000183 , 45.14 , 45.22
38.236 , -0.08000183 , 45.14 , 45.22
38.237 , -0.06999969 , 45.14 , 45.21
38.239 , -0.04999924 , 45.16 , 45.21
38.241 , -0.04000092 , 45.16 , 45.2
38.243 , -0.06000137 , 45.14 , 45.2
38.244 , -0.02999878 , 45.16 , 45.19
38.246 , -0.02999878 , 45.16 , 45.19
38.248 , -0.1100006 , 45.07 , 45.18
38.249 , -0.09000015 , 45.09 , 45.18
38.251 , -0.02999878 , 45.14 , 45.17
38.253 , -0.07999802 , 45.09 , 45.17
38.255 , -0.06999969 , 45.09 , 45.16
38.256 , -0.09000015 , 45.07 , 45.16
38.258 , -0.08000183 , 45.07 , 45.15
38.26 , -0.06999969 , 45.07 , 45.14
38.262 , -0.06999969 , 45.07 , 45.14
38.263 , -0.06999969 , 45.07 , 45.14
38.265 , -0.1100006 , 45.02 , 45.13
38.267 , -0.04999924 , 45.07 , 45.12
38.268 , -0.09999847 , 45.02 , 45.12
38.27 , -0.09999847 , 45.02 , 45.12
38.272 , -0.09000015 , 45.02 , 45.11
38.274 , -0.07999802 , 45.02 , 45.1
38.275 , -0.09999847 , 45.0 , 45.1
38.277 , -0.06999969 , 45.02 , 45.09
38.279 , -0.09000015 , 45.0 , 45.09
38.28 , -0.09000015 , 45.0 , 45.09
38.282 , -0.08000183 , 45.0 , 45.08
38.284 , -0.06999969 , 45.0 , 45.07
38.285 , -0.06999969 , 45.0 , 45.07
38.287 , -0.08000183 , 44.98 , 45.06
38.289 , -0.06000137 , 45.0 , 45.06
38.291 , -0.06999969 , 44.98 , 45.05
38.292 , -0.1199989 , 44.93 , 45.05
38.294 , -0.1100006 , 44.93 , 45.04
38.295 , -0.06000137 , 44.98 , 45.04
38.297 , -0.1100006 , 44.93 , 45.04
38.299 , -0.09999847 , 44.93 , 45.03
38.3 , -0.09999847 , 44.93 , 45.03
38.302 , -0.09000015 , 44.93 , 45.02
38.304 , -0.07999802 , 44.93 , 45.01
38.306 , -0.09999847 , 44.91 , 45.01
38.307 , -0.09999847 , 44.91 , 45.01
38.309 , -0.09000015 , 44.91 , 45.0
38.311 , -0.08000183 , 44.91 , 44.99
38.313 , -0.08000183 , 44.91 , 44.99
38.314 , -0.06000137 , 44.93 , 44.99
38.316 , -0.06999969 , 44.91 , 44.98
38.318 , -0.06000137 , 44.91 , 44.97
38.319 , -0.06000137 , 44.91 , 44.97
38.321 , -0.09999847 , 44.86 , 44.96
38.323 , -0.09999847 , 44.86 , 44.96
38.325 , -0.09000015 , 44.86 , 44.95
38.326 , -0.1100006 , 44.84 , 44.95
38.328 , -0.02999878 , 44.91 , 44.94
38.33 , -0.09999847 , 44.84 , 44.94
38.331 , -0.09000015 , 44.84 , 44.93
38.333 , -0.09000015 , 44.84 , 44.93
38.335 , -0.07999802 , 44.84 , 44.92
38.336 , -0.1299973 , 44.79 , 44.92
38.338 , -0.1199989 , 44.79 , 44.91
38.339 , -0.1199989 , 44.79 , 44.91
38.341 , -0.1199989 , 44.79 , 44.91
38.343 , -0.1100006 , 44.79 , 44.9
38.344 , -0.1100006 , 44.79 , 44.9
38.346 , -0.09999847 , 44.79 , 44.89
38.347 , -0.09999847 , 44.79 , 44.89
38.349 , -0.09000015 , 44.79 , 44.88
38.351 , -0.09000015 , 44.79 , 44.88
38.352 , -0.07999802 , 44.79 , 44.87
38.354 , -0.09999847 , 44.77 , 44.87
38.356 , -0.09000015 , 44.77 , 44.86
38.358 , -0.07999802 , 44.77 , 44.85
38.359 , -0.07999802 , 44.77 , 44.85
38.369 , -0.09999847 , 44.72 , 44.82
38.371 , -0.1199989 , 44.7 , 44.82
38.372 , -0.1100006 , 44.7 , 44.81
38.374 , -0.1100006 , 44.7 , 44.81
38.375 , -0.07999802 , 44.72 , 44.8
38.377 , -0.09999847 , 44.7 , 44.8
38.379 , -0.09000015 , 44.7 , 44.79
38.38 , -0.09000015 , 44.7 , 44.79
38.382 , -0.07999802 , 44.7 , 44.78
38.384 , -0.09999847 , 44.68 , 44.78
38.386 , -0.06999969 , 44.7 , 44.77
38.387 , -0.09000015 , 44.68 , 44.77
38.389 , -0.07999802 , 44.68 , 44.76
38.391 , -0.1299973 , 44.63 , 44.76
38.392 , -0.06999969 , 44.68 , 44.75
38.394 , -0.06999969 , 44.68 , 44.75
38.396 , -0.1100006 , 44.63 , 44.74
38.397 , -0.1100006 , 44.63 , 44.74
38.399 , -0.04999924 , 44.68 , 44.73
38.4 , -0.09999847 , 44.63 , 44.73
38.402 , -0.09000015 , 44.63 , 44.72
38.404 , -0.09000015 , 44.63 , 44.72
38.405 , -0.09000015 , 44.63 , 44.72
38.407 , -0.09999847 , 44.61 , 44.71
38.409 , -0.06999969 , 44.63 , 44.7
38.411 , -0.09000015 , 44.61 , 44.7
38.412 , -0.1399994 , 44.56 , 44.7
38.414 , -0.07999802 , 44.61 , 44.69
38.415 , -0.07999802 , 44.61 , 44.69
38.417 , -0.1399994 , 44.54 , 44.68
38.419 , -0.1099968 , 44.56 , 44.67
38.42 , -0.1099968 , 44.56 , 44.67
38.422 , -0.1099968 , 44.56 , 44.67
38.423 , -0.09999847 , 44.56 , 44.66
38.425 , -0.09999847 , 44.56 , 44.66
38.427 , -0.09000015 , 44.56 , 44.65
38.429 , -0.09000015 , 44.56 , 44.65
38.43 , -0.09999847 , 44.54 , 44.64
38.432 , -0.09999847 , 44.54 , 44.64
38.434 , -0.09000015 , 44.54 , 44.63
38.435 , -0.06999969 , 44.56 , 44.63
38.437 , -0.07999802 , 44.54 , 44.62
38.439 , -0.1499977 , 44.47 , 44.62
38.44 , -0.04999924 , 44.56 , 44.61
38.442 , -0.06999969 , 44.54 , 44.61
38.444 , -0.09999847 , 44.5 , 44.6
38.446 , -0.09000015 , 44.5 , 44.59
38.447 , -0.09000015 , 44.5 , 44.59
38.449 , -0.09000015 , 44.5 , 44.59
38.451 , -0.08000183 , 44.5 , 44.58
38.452 , -0.08000183 , 44.5 , 44.58
38.454 , -0.09999847 , 44.47 , 44.57
38.456 , -0.09999847 , 44.47 , 44.57
38.457 , -0.1100006 , 44.45 , 44.56
38.459 , -0.1100006 , 44.45 , 44.56
38.46 , -0.07999802 , 44.47 , 44.55
38.462 , -0.09999847 , 44.45 , 44.55
38.464 , -0.06999969 , 44.47 , 44.54
38.465 , -0.09000015 , 44.45 , 44.54
38.467 , -0.07999802 , 44.45 , 44.53
38.469 , -0.05999756 , 44.47 , 44.53
38.471 , -0.06999969 , 44.45 , 44.52
38.472 , -0.1199989 , 44.4 , 44.52
38.474 , -0.1099968 , 44.4 , 44.51
38.475 , -0.1099968 , 44.4 , 44.51
38.477 , -0.09999847 , 44.4 , 44.5
38.479 , -0.09999847 , 44.4 , 44.5
38.48 , -0.04000092 , 44.45 , 44.49
38.482 , -0.09000015 , 44.4 , 44.49
38.484 , -0.07999802 , 44.4 , 44.48
38.485 , -0.09999847 , 44.38 , 44.48
38.487 , -0.09000015 , 44.38 , 44.47
38.489 , -0.09000015 , 44.38 , 44.47
38.49 , -0.07999802 , 44.38 , 44.46
38.492 , -0.07999802 , 44.38 , 44.46
38.494 , -0.06999969 , 44.38 , 44.45
38.496 , -0.1100006 , 44.34 , 44.45
38.497 , -0.05999756 , 44.38 , 44.44
38.499 , -0.05999756 , 44.38 , 44.44
38.501 , -0.09000015 , 44.34 , 44.43
38.502 , -0.09000015 , 44.34 , 44.43
38.504 , -0.07999802 , 44.34 , 44.42
38.506 , -0.0399971 , 44.38 , 44.42
38.507 , -0.09999847 , 44.31 , 44.41
38.509 , -0.09999847 , 44.31 , 44.41
38.511 , -0.09000015 , 44.31 , 44.4
38.512 , -0.09000015 , 44.31 , 44.4
38.514 , -0.07999802 , 44.31 , 44.39
38.516 , -0.07999802 , 44.31 , 44.39
38.518 , -0.06999969 , 44.31 , 44.38
38.519 , -0.06999969 , 44.31 , 44.38
38.521 , -0.09999847 , 44.27 , 44.37
38.523 , -0.09999847 , 44.27 , 44.37
38.525 , -0.09000015 , 44.27 , 44.36
38.526 , -0.09000015 , 44.27 , 44.36
38.528 , -0.0399971 , 44.31 , 44.35
38.529 , -0.07999802 , 44.27 , 44.35
38.531 , -0.06999969 , 44.27 , 44.34
38.533 , -0.09999847 , 44.24 , 44.34
38.535 , -0.1100006 , 44.22 , 44.33
38.536 , -0.06000137 , 44.27 , 44.33
38.538 , -0.04999924 , 44.27 , 44.32
38.54 , -0.07999802 , 44.24 , 44.32
38.541 , -0.06999969 , 44.24 , 44.31
38.543 , -0.06999969 , 44.24 , 44.31
38.545 , -0.07999802 , 44.22 , 44.3
38.546 , -0.07999802 , 44.22 , 44.3
38.548 , -0.04999924 , 44.24 , 44.29
38.55 , -0.1399994 , 44.15 , 44.29
38.551 , -0.1100006 , 44.17 , 44.28
38.553 , -0.1299973 , 44.15 , 44.28
38.554 , -0.1299973 , 44.15 , 44.28
38.556 , -0.1199989 , 44.15 , 44.27
38.558 , -0.1099968 , 44.15 , 44.26
38.559 , -0.1099968 , 44.15 , 44.26
38.561 , -0.1399994 , 44.11 , 44.25
38.562 , -0.09999847 , 44.15 , 44.25
38.564 , -0.1399994 , 44.11 , 44.25
38.565 , -0.1300011 , 44.11 , 44.24
38.567 , -0.09000015 , 44.15 , 44.24
38.569 , -0.07999802 , 44.15 , 44.23
38.57 , -0.07999802 , 44.15 , 44.23
38.572 , -0.1100006 , 44.11 , 44.22
38.574 , -0.1100006 , 44.11 , 44.22
38.575 , -0.09999847 , 44.11 , 44.21
38.577 , -0.1299973 , 44.08 , 44.21
38.578 , -0.09000015 , 44.11 , 44.2
38.58 , -0.1199989 , 44.08 , 44.2
38.581 , -0.09000015 , 44.11 , 44.2
38.583 , -0.1099968 , 44.08 , 44.19
38.585 , -0.09999847 , 44.08 , 44.18
38.586 , -0.09999847 , 44.08 , 44.18
38.588 , -0.08999634 , 44.08 , 44.17
38.59 , -0.1299973 , 44.04 , 44.17
38.591 , -0.1599998 , 44.01 , 44.17
38.593 , -0.07999802 , 44.08 , 44.16
38.595 , -0.1400032 , 44.01 , 44.15
38.596 , -0.1400032 , 44.01 , 44.15
38.598 , -0.1599998 , 43.99 , 44.15
38.599 , -0.1499977 , 43.99 , 44.14
38.601 , -0.1300011 , 44.01 , 44.14
38.603 , -0.1200027 , 44.01 , 44.13
38.604 , -0.1200027 , 44.01 , 44.13
38.606 , -0.1100006 , 44.01 , 44.12
38.607 , -0.1299973 , 43.99 , 44.12
38.609 , -0.1199989 , 43.99 , 44.11
38.61 , -0.1199989 , 43.99 , 44.11
38.612 , -0.1099968 , 43.99 , 44.1
38.613 , -0.1499977 , 43.95 , 44.1
38.615 , -0.1499977 , 43.95 , 44.1
38.617 , -0.1399994 , 43.95 , 44.09
38.618 , -0.1399994 , 43.95 , 44.09
38.62 , -0.1300011 , 43.95 , 44.08
38.621 , -0.1600037 , 43.92 , 44.08
38.623 , -0.07999802 , 43.99 , 44.07
38.624 , -0.1500015 , 43.92 , 44.07
38.626 , -0.1100006 , 43.95 , 44.06
38.628 , -0.1100006 , 43.95 , 44.06
38.629 , -0.1300011 , 43.92 , 44.05
38.631 , -0.1699982 , 43.88 , 44.05
38.632 , -0.1200027 , 43.92 , 44.04
38.634 , -0.1200027 , 43.92 , 44.04
38.635 , -0.1200027 , 43.92 , 44.04
38.637 , -0.1100006 , 43.92 , 44.03
38.638 , -0.1100006 , 43.92 , 44.03
38.64 , -0.1399994 , 43.88 , 44.02
38.641 , -0.1000023 , 43.92 , 44.02
38.643 , -0.1299973 , 43.88 , 44.01
38.645 , -0.1299973 , 43.88 , 44.01
38.646 , -0.1199989 , 43.88 , 44.0
38.648 , -0.1199989 , 43.88 , 44.0
38.649 , -0.1400032 , 43.85 , 43.99
38.651 , -0.1400032 , 43.85 , 43.99
38.652 , -0.1400032 , 43.85 , 43.99
38.654 , -0.1300011 , 43.85 , 43.98
38.656 , -0.1200027 , 43.85 , 43.97
38.657 , -0.1200027 , 43.85 , 43.97
38.659 , -0.1100006 , 43.85 , 43.96
38.66 , -0.1100006 , 43.85 , 43.96
38.662 , -0.1499977 , 43.81 , 43.96
38.663 , -0.1399994 , 43.81 , 43.95
38.665 , -0.1000023 , 43.85 , 43.95
38.667 , -0.1299973 , 43.81 , 43.94
38.668 , -0.1299973 , 43.81 , 43.94
38.67 , -0.1199989 , 43.81 , 43.93
38.671 , -0.1199989 , 43.81 , 43.93
38.673 , -0.1099968 , 43.81 , 43.92
38.674 , -0.1299973 , 43.79 , 43.92
38.676 , -0.1199989 , 43.79 , 43.91
38.678 , -0.1199989 , 43.79 , 43.91
38.679 , -0.1500015 , 43.76 , 43.91
38.681 , -0.1100006 , 43.79 , 43.9
38.682 , -0.1100006 , 43.79 , 43.9
38.684 , -0.09999847 , 43.79 , 43.89
38.686 , -0.1300011 , 43.76 , 43.89
38.687 , -0.1200027 , 43.76 , 43.88
38.689 , -0.1599998 , 43.72 , 43.88
38.69 , -0.1100006 , 43.76 , 43.87
38.692 , -0.1100006 , 43.76 , 43.87
38.694 , -0.1000023 , 43.76 , 43.86
38.695 , -0.170002 , 43.69 , 43.86
38.697 , -0.09000015 , 43.76 , 43.85
38.699 , -0.09000015 , 43.76 , 43.85
38.7 , -0.1199989 , 43.72 , 43.84
38.702 , -0.1199989 , 43.72 , 43.84
38.703 , -0.1100006 , 43.72 , 43.83
38.705 , -0.1400032 , 43.69 , 43.83
38.706 , -0.1400032 , 43.69 , 43.83
38.708 , -0.1300011 , 43.69 , 43.82
38.709 , -0.09999847 , 43.72 , 43.82
38.711 , -0.1599998 , 43.65 , 43.81
38.713 , -0.1200027 , 43.69 , 43.81
38.714 , -0.1100006 , 43.69 , 43.8
38.716 , -0.1100006 , 43.69 , 43.8
38.717 , -0.1399994 , 43.65 , 43.79
38.719 , -0.1399994 , 43.65 , 43.79
38.721 , -0.1499977 , 43.63 , 43.78
38.722 , -0.1299973 , 43.65 , 43.78
38.724 , -0.1199989 , 43.65 , 43.77
38.725 , -0.1399994 , 43.63 , 43.77
38.727 , -0.1099968 , 43.65 , 43.76
38.728 , -0.1099968 , 43.65 , 43.76
38.73 , -0.1299973 , 43.63 , 43.76
38.732 , -0.1199989 , 43.63 , 43.75
38.733 , -0.09999847 , 43.65 , 43.75
38.735 , -0.1100006 , 43.63 , 43.74
38.736 , -0.09000015 , 43.65 , 43.74
38.738 , -0.09999847 , 43.63 , 43.73
38.74 , -0.09999847 , 43.63 , 43.73
38.741 , -0.1599998 , 43.56 , 43.72
38.743 , -0.1599998 , 43.56 , 43.72
38.744 , -0.1499977 , 43.56 , 43.71
38.746 , -0.1800003 , 43.53 , 43.71
38.748 , -0.1399994 , 43.56 , 43.7
38.749 , -0.170002 , 43.53 , 43.7
38.751 , -0.1299973 , 43.56 , 43.69
38.752 , -0.1299973 , 43.56 , 43.69
38.754 , -0.1199989 , 43.56 , 43.68
38.755 , -0.1899986 , 43.49 , 43.68
38.757 , -0.1500015 , 43.53 , 43.68
38.759 , -0.1399994 , 43.53 , 43.67
38.76 , -0.1099968 , 43.56 , 43.67
38.762 , -0.1300011 , 43.53 , 43.66
38.763 , -0.09999847 , 43.56 , 43.66
38.765 , -0.1200027 , 43.53 , 43.65
38.767 , -0.1599998 , 43.49 , 43.65
38.768 , -0.1499977 , 43.49 , 43.64
38.77 , -0.1499977 , 43.49 , 43.64
38.772 , -0.1399994 , 43.49 , 43.63
38.773 , -0.1599998 , 43.47 , 43.63
38.775 , -0.1499977 , 43.47 , 43.62
38.776 , -0.1499977 , 43.47 , 43.62
38.778 , -0.1399994 , 43.47 , 43.61
38.779 , -0.1199989 , 43.49 , 43.61
38.781 , -0.1099968 , 43.49 , 43.6
38.783 , -0.1299973 , 43.47 , 43.6
38.784 , -0.1099968 , 43.49 , 43.6
38.786 , -0.1199989 , 43.47 , 43.59
38.787 , -0.1199989 , 43.47 , 43.59
38.789 , -0.09000015 , 43.49 , 43.58
38.791 , -0.09999847 , 43.47 , 43.57
38.792 , -0.09999847 , 43.47 , 43.57
38.794 , -0.1500015 , 43.42 , 43.57
38.796 , -0.1400032 , 43.42 , 43.56
38.797 , -0.1400032 , 43.42 , 43.56
38.799 , -0.1300011 , 43.42 , 43.55
38.8 , -0.1499977 , 43.4 , 43.55
38.802 , -0.1399994 , 43.4 , 43.54
38.804 , -0.1399994 , 43.4 , 43.54
38.805 , -0.1299973 , 43.4 , 43.53
38.807 , -0.1299973 , 43.4 , 43.53
38.808 , -0.1199989 , 43.4 , 43.52
38.81 , -0.1199989 , 43.4 , 43.52
38.811 , -0.1199989 , 43.4 , 43.52
38.813 , -0.1099968 , 43.4 , 43.51
38.814 , -0.1099968 , 43.4 , 43.51
38.816 , -0.1500015 , 43.35 , 43.5
38.817 , -0.1500015 , 43.35 , 43.5
38.819 , -0.1400032 , 43.35 , 43.49
38.82 , -0.1400032 , 43.35 , 43.49
38.822 , -0.07999802 , 43.4 , 43.48
38.824 , -0.1499977 , 43.33 , 43.48
38.825 , -0.1399994 , 43.33 , 43.47
38.827 , -0.1399994 , 43.33 , 43.47
38.828 , -0.1399994 , 43.33 , 43.47
38.83 , -0.1299973 , 43.33 , 43.46
38.832 , -0.1399994 , 43.31 , 43.45
38.833 , -0.1199989 , 43.33 , 43.45
38.835 , -0.1099968 , 43.33 , 43.44
38.836 , -0.1099968 , 43.33 , 43.44
38.838 , -0.1299973 , 43.31 , 43.44
38.839 , -0.1199989 , 43.31 , 43.43
38.841 , -0.09999847 , 43.33 , 43.43
38.843 , -0.1599998 , 43.26 , 43.42
38.844 , -0.08999634 , 43.33 , 43.42
38.846 , -0.09999847 , 43.31 , 43.41
38.848 , -0.09999847 , 43.31 , 43.41
38.849 , -0.1400032 , 43.26 , 43.4
38.851 , -0.1400032 , 43.26 , 43.4
38.852 , -0.07999802 , 43.31 , 43.39
38.854 , -0.1300011 , 43.26 , 43.39
38.856 , -0.1200027 , 43.26 , 43.38
38.857 , -0.06999969 , 43.31 , 43.38
38.859 , -0.1299973 , 43.24 , 43.37
38.861 , -0.05999756 , 43.31 , 43.37
38.862 , -0.04999924 , 43.31 , 43.36
38.864 , -0.1000023 , 43.26 , 43.36
38.866 , -0.0399971 , 43.31 , 43.35
38.867 , -0.09000015 , 43.26 , 43.35
38.869 , -0.08000183 , 43.26 , 43.34
38.871 , -0.02999878 , 43.31 , 43.34
38.872 , -0.02999878 , 43.31 , 43.34
38.874 , -0.07000351 , 43.26 , 43.33
38.876 , -0.1300011 , 43.19 , 43.32
38.877 , -0.07999802 , 43.24 , 43.32
38.879 , -0.05000305 , 43.26 , 43.31
38.881 , -0.1200027 , 43.19 , 43.31
38.882 , -0.06999969 , 43.24 , 43.31
38.884 , -0.05999756 , 43.24 , 43.3
38.886 , -0.1000023 , 43.19 , 43.29
38.887 , -0.1000023 , 43.19 , 43.29
38.889 , -0.0399971 , 43.24 , 43.28
38.891 , -0.0399971 , 43.24 , 43.28
38.892 , -0.09000015 , 43.19 , 43.28
38.894 , -0.08000183 , 43.19 , 43.27
38.896 , -0.06999969 , 43.19 , 43.26
38.898 , -0.01999664 , 43.24 , 43.26
38.9 , -0.06000137 , 43.19 , 43.25
38.901 , -0.08000183 , 43.17 , 43.25
38.903 , -0.07000351 , 43.17 , 43.24
38.905 , -0.05000305 , 43.19 , 43.24
38.906 , -0.06000137 , 43.17 , 43.23
38.908 , -0.06000137 , 43.17 , 43.23
38.91 , -0.1000023 , 43.12 , 43.22
38.911 , -0.05000305 , 43.17 , 43.22
38.913 , -0.09000015 , 43.12 , 43.21
38.915 , -0.04000092 , 43.17 , 43.21
38.916 , -0.09000015 , 43.12 , 43.21
38.918 , -0.03000259 , 43.17 , 43.2
38.92 , -0.06999969 , 43.12 , 43.19
38.922 , -0.09000015 , 43.1 , 43.19
38.923 , -0.06000137 , 43.12 , 43.18
38.925 , -0.08000183 , 43.1 , 43.18
38.927 , -0.06999969 , 43.1 , 43.17
38.929 , -0.06999969 , 43.1 , 43.17
38.93 , -0.06000137 , 43.1 , 43.16
38.932 , -0.06000137 , 43.1 , 43.16
38.934 , -0.05000305 , 43.1 , 43.15
38.936 , -0.05000305 , 43.1 , 43.15
38.937 , -0.09000015 , 43.05 , 43.14
38.939 , -0.09000015 , 43.05 , 43.14
38.941 , -0.08000183 , 43.05 , 43.13
38.942 , -0.03000259 , 43.1 , 43.13
38.944 , -0.06999969 , 43.05 , 43.12
38.946 , -0.06999969 , 43.05 , 43.12
38.948 , -0.06000137 , 43.05 , 43.11
38.949 , -0.06000137 , 43.05 , 43.11
38.951 , -0.06999969 , 43.03 , 43.1
38.953 , -0.04999924 , 43.05 , 43.1
38.955 , -0.08000183 , 43.01 , 43.09
38.956 , -0.06000137 , 43.03 , 43.09
38.958 , -0.07000351 , 43.01 , 43.08
38.96 , -0.03000259 , 43.05 , 43.08
38.961 , -0.04000092 , 43.03 , 43.07
38.963 , -0.04000092 , 43.03 , 43.07
38.965 , -0.1000023 , 42.96 , 43.06
38.966 , -0.03000259 , 43.03 , 43.06
38.968 , -0.09000015 , 42.96 , 43.05
38.97 , -0.04000092 , 43.01 , 43.05
38.972 , -0.03000259 , 43.01 , 43.04
38.973 , -0.03000259 , 43.01 , 43.04
38.975 , -0.06999969 , 42.96 , 43.03
38.977 , -0.01000214 , 43.01 , 43.02
38.978 , -0.08000183 , 42.94 , 43.02
38.98 , -0.01000214 , 43.01 , 43.02
38.982 , -0.06999969 , 42.94 , 43.01
38.984 , -0.04000092 , 42.96 , 43.0
38.985 , -0.06000137 , 42.94 , 43.0
38.987 , -0.06000137 , 42.94 , 43.0
38.989 , -0.05000305 , 42.94 , 42.99
38.99 , -0.05000305 , 42.94 , 42.99
38.992 , -0.04000092 , 42.94 , 42.98
38.994 , -0.03000259 , 42.94 , 42.97
38.996 , -0.03000259 , 42.94 , 42.97
38.997 , -0.08000183 , 42.89 , 42.97
38.999 , -0.06999969 , 42.89 , 42.96
39.001 , -0.06000137 , 42.89 , 42.95
39.003 , -0.06000137 , 42.89 , 42.95
39.004 , -0.06999969 , 42.87 , 42.94
39.006 , -0.06999969 , 42.87 , 42.94
39.008 , -0.04000092 , 42.89 , 42.93
39.01 , -0.06000137 , 42.87 , 42.93
39.011 , -0.02999878 , 42.89 , 42.92
39.013 , -0.09999847 , 42.82 , 42.92
39.015 , -0.04000092 , 42.87 , 42.91
39.017 , -0.02000046 , 42.89 , 42.91
39.018 , -0.03000259 , 42.87 , 42.9
39.02 , -0.08000183 , 42.82 , 42.9
39.022 , -0.02000046 , 42.87 , 42.89
39.023 , -0.06999969 , 42.82 , 42.89
39.025 , -0.06000137 , 42.82 , 42.88
39.027 , -0.08000183 , 42.8 , 42.88
39.029 , -0.04999924 , 42.82 , 42.87
39.03 , -0.04999924 , 42.82 , 42.87
39.032 , -0.06000137 , 42.8 , 42.86
39.034 , -0.06000137 , 42.8 , 42.86
39.036 , -0.04999924 , 42.8 , 42.85
39.038 , -0.04000092 , 42.8 , 42.84
39.039 , -0.04000092 , 42.8 , 42.84
39.041 , -0.04000092 , 42.8 , 42.84
39.043 , -0.03000259 , 42.8 , 42.83
39.044 , -0.05000305 , 42.78 , 42.83
39.046 , -0.04000092 , 42.78 , 42.82
39.048 , -0.03000259 , 42.78 , 42.81
39.049 , -0.01000214 , 42.8 , 42.81
39.051 , -0.01000214 , 42.8 , 42.81
39.053 , -0.06999969 , 42.73 , 42.8
39.055 , -0.01000214 , 42.78 , 42.79
39.056 , -0.06000137 , 42.73 , 42.79
39.058 , -0.06000137 , 42.73 , 42.79
39.06 , -0.04999924 , 42.73 , 42.78
39.062 , -0.04000092 , 42.73 , 42.77
39.063 , -0.04000092 , 42.73 , 42.77
39.065 , -0.02999878 , 42.73 , 42.76
39.067 , -0.02999878 , 42.73 , 42.76
39.069 , -0.02000046 , 42.73 , 42.75
39.07 , -0.04000092 , 42.71 , 42.75
39.072 , -0.01000214 , 42.73 , 42.74
39.074 , -0.01000214 , 42.73 , 42.74
39.075 , -0.02000046 , 42.71 , 42.73
39.077 , -0.02000046 , 42.71 , 42.73
39.079 , 0.009998322 , 42.73 , 42.72
39.081 , -0.06000137 , 42.66 , 42.72
39.082 , 0.0 , 42.71 , 42.71
39.084 , 0.0 , 42.71 , 42.71
39.085 , 0.02000046 , 42.73 , 42.71
39.087 , -0.04000092 , 42.66 , 42.7
39.089 , 0.02000046 , 42.71 , 42.69
39.091 , -0.04999924 , 42.64 , 42.69
39.092 , -0.04000092 , 42.64 , 42.68
39.094 , -0.04000092 , 42.64 , 42.68
39.096 , -0.009998322 , 42.66 , 42.67
39.098 , -0.009998322 , 42.66 , 42.67
39.099 , -0.02000046 , 42.64 , 42.66
39.101 , -0.02000046 , 42.64 , 42.66
39.103 , -0.05000305 , 42.6 , 42.65
39.105 , -0.05000305 , 42.6 , 42.65
39.106 , 0.0 , 42.64 , 42.64
39.108 , -0.04000092 , 42.6 , 42.64
39.11 , -0.03000259 , 42.6 , 42.63
39.111 , -0.03000259 , 42.6 , 42.63
39.113 , -0.02000046 , 42.6 , 42.62
39.115 , -0.02000046 , 42.6 , 42.62
39.116 , -0.01000214 , 42.6 , 42.61
39.126 , -0.03000259 , 42.55 , 42.58
39.128 , -0.01000214 , 42.57 , 42.58
39.129 , -0.01000214 , 42.57 , 42.58
39.131 , -0.02000046 , 42.55 , 42.57
39.133 , 0.009998322 , 42.57 , 42.56
39.135 , -0.01000214 , 42.55 , 42.56
39.136 , 0.02000046 , 42.57 , 42.55
39.138 , 0.0 , 42.55 , 42.55
39.14 , -0.04000092 , 42.5 , 42.54
39.141 , -0.04000092 , 42.5 , 42.54
39.143 , 0.02000046 , 42.55 , 42.53
39.145 , 0.02000046 , 42.55 , 42.53
39.146 , -0.02999878 , 42.5 , 42.53
39.148 , 0.02999878 , 42.55 , 42.52
39.15 , -0.009998322 , 42.5 , 42.51
39.152 , -0.02999878 , 42.48 , 42.51
39.153 , 0.0 , 42.5 , 42.5
39.155 , -0.02000046 , 42.48 , 42.5
39.157 , 0.009998322 , 42.5 , 42.49
39.158 , -0.01000214 , 42.48 , 42.49
39.16 , 0.02000046 , 42.5 , 42.48
39.162 , 0.0 , 42.48 , 42.48
39.163 , 0.009998322 , 42.48 , 42.47
39.165 , 0.009998322 , 42.48 , 42.47
39.167 , 0.02000046 , 42.48 , 42.46
39.169 , -0.02000046 , 42.44 , 42.46
39.17 , -0.01000214 , 42.44 , 42.45
39.172 , -0.04000092 , 42.41 , 42.45
39.174 , -0.02999878 , 42.41 , 42.44
39.176 , -0.06999969 , 42.37 , 42.44
39.177 , -0.02000046 , 42.41 , 42.43
39.179 , -0.02000046 , 42.41 , 42.43
39.181 , -0.04999924 , 42.37 , 42.42
39.183 , -0.07999802 , 42.34 , 42.42
39.184 , -0.04000092 , 42.37 , 42.41
39.186 , -0.04000092 , 42.37 , 42.41
39.188 , -0.03000259 , 42.37 , 42.4
39.189 , -0.06000137 , 42.34 , 42.4
39.191 , -0.04999924 , 42.34 , 42.39
39.193 , -0.02000046 , 42.37 , 42.39
39.195 , -0.01000214 , 42.37 , 42.38
39.196 , -0.04000092 , 42.34 , 42.38
39.198 , -0.02999878 , 42.34 , 42.37
39.2 , 0.0 , 42.37 , 42.37
39.201 , -0.04000092 , 42.32 , 42.36
39.203 , -0.02000046 , 42.34 , 42.36
39.204 , -0.02999878 , 42.32 , 42.35
39.206 , -0.02999878 , 42.32 , 42.35
39.208 , 0.0 , 42.34 , 42.34
39.209 , -0.06000137 , 42.28 , 42.34
39.211 , -0.01000214 , 42.32 , 42.33
39.213 , -0.01000214 , 42.32 , 42.33
39.215 , -0.04000092 , 42.28 , 42.32
39.216 , 0.0 , 42.32 , 42.32
39.218 , 0.009998322 , 42.32 , 42.31
39.22 , 0.009998322 , 42.32 , 42.31
39.221 , -0.02000046 , 42.28 , 42.3
39.223 , -0.02000046 , 42.28 , 42.3
39.225 , -0.04000092 , 42.25 , 42.29
39.226 , -0.04000092 , 42.25 , 42.29
39.228 , 0.0 , 42.28 , 42.28
39.23 , -0.02999878 , 42.25 , 42.28
39.231 , -0.02000046 , 42.25 , 42.27
39.233 , -0.02000046 , 42.25 , 42.27
39.235 , -0.009998322 , 42.25 , 42.26
39.236 , -0.04999924 , 42.21 , 42.26
39.238 , 0.0 , 42.25 , 42.25
39.24 , 0.0 , 42.25 , 42.25
39.241 , 0.009998322 , 42.25 , 42.24
39.243 , -0.03000259 , 42.21 , 42.24
39.244 , -0.03000259 , 42.21 , 42.24
39.246 , 0.02000046 , 42.25 , 42.23
39.248 , -0.01000214 , 42.21 , 42.22
39.249 , -0.01000214 , 42.21 , 42.22
39.251 , -0.02999878 , 42.18 , 42.21
39.253 , -0.02999878 , 42.18 , 42.21
39.255 , -0.02000046 , 42.18 , 42.2
39.256 , -0.02000046 , 42.18 , 42.2
39.258 , -0.009998322 , 42.18 , 42.19
39.26 , -0.009998322 , 42.18 , 42.19
39.262 , -0.04000092 , 42.14 , 42.18
39.263 , -0.04000092 , 42.14 , 42.18
39.265 , -0.02999878 , 42.14 , 42.17
39.267 , -0.02999878 , 42.14 , 42.17
39.268 , -0.02000046 , 42.14 , 42.16
39.27 , -0.04999924 , 42.11 , 42.16
39.272 , -0.01000214 , 42.14 , 42.15
39.274 , -0.04000092 , 42.11 , 42.15
39.275 , -0.02999878 , 42.11 , 42.14
39.277 , -0.02999878 , 42.11 , 42.14
39.279 , -0.02000046 , 42.11 , 42.13
39.28 , -0.02000046 , 42.11 , 42.13
39.282 , 0.02000046 , 42.14 , 42.12
39.284 , 0.02000046 , 42.14 , 42.12
39.285 , -0.02000046 , 42.09 , 42.11
39.287 , 0.0 , 42.11 , 42.11
39.289 , -0.009998322 , 42.09 , 42.1
39.29 , -0.009998322 , 42.09 , 42.1
39.292 , 0.02000046 , 42.11 , 42.09
39.294 , -0.04000092 , 42.05 , 42.09
39.295 , -0.03000259 , 42.05 , 42.08
39.297 , 0.009998322 , 42.09 , 42.08
39.299 , -0.02000046 , 42.05 , 42.07
39.301 , 0.02000046 , 42.09 , 42.07
39.302 , -0.01000214 , 42.05 , 42.06
39.304 , -0.01000214 , 42.05 , 42.06
39.306 , 0.04000092 , 42.09 , 42.05
39.307 , 0.04000092 , 42.09 , 42.05
39.309 , -0.02000046 , 42.02 , 42.04
39.311 , -0.02000046 , 42.02 , 42.04
39.312 , -0.009998322 , 42.02 , 42.03
39.314 , 0.02000046 , 42.05 , 42.03
39.316 , 0.02999878 , 42.05 , 42.02
39.317 , 0.0 , 42.02 , 42.02
39.319 , -0.02999878 , 41.98 , 42.01
39.321 , 0.01000214 , 42.02 , 42.01
39.322 , 0.02000046 , 42.02 , 42.0
39.324 , 0.02000046 , 42.02 , 42.0
39.326 , 0.02999878 , 42.02 , 41.99
39.327 , -0.01000214 , 41.98 , 41.99
39.329 , 0.04000092 , 42.02 , 41.98
39.331 , 0.0 , 41.98 , 41.98
39.332 , 0.0 , 41.98 , 41.98
39.334 , -0.02000046 , 41.95 , 41.97
39.335 , -0.02000046 , 41.95 , 41.97
39.337 , -0.009998322 , 41.95 , 41.96
39.339 , 0.0 , 41.95 , 41.95
39.34 , 0.02999878 , 41.98 , 41.95
39.342 , 0.0 , 41.95 , 41.95
39.344 , 0.01000214 , 41.95 , 41.94
39.345 , 0.01000214 , 41.95 , 41.94
39.347 , 0.02000046 , 41.95 , 41.93
39.348 , 0.02000046 , 41.95 , 41.93
39.35 , -0.009998322 , 41.91 , 41.92
39.352 , -0.009998322 , 41.91 , 41.92
39.354 , 0.0 , 41.91 , 41.91
39.355 , 0.0 , 41.91 , 41.91
39.357 , 0.04999924 , 41.95 , 41.9
39.359 , -0.01000214 , 41.89 , 41.9
39.36 , 0.0 , 41.89 , 41.89
39.362 , 0.0 , 41.89 , 41.89
39.364 , 0.009998322 , 41.89 , 41.88
39.365 , 0.009998322 , 41.89 , 41.88
39.367 , 0.02000046 , 41.89 , 41.87
39.369 , 0.02000046 , 41.89 , 41.87
39.371 , 0.0 , 41.86 , 41.86
39.372 , -0.04000092 , 41.82 , 41.86
39.374 , 0.01000214 , 41.86 , 41.85
39.375 , -0.02999878 , 41.82 , 41.85
39.377 , -0.02000046 , 41.82 , 41.84
39.379 , -0.02000046 , 41.82 , 41.84
39.381 , 0.02999878 , 41.86 , 41.83
39.382 , 0.02999878 , 41.86 , 41.83
39.384 , 0.0 , 41.82 , 41.82
39.386 , 0.0 , 41.82 , 41.82
39.387 , 0.009998322 , 41.82 , 41.81
39.389 , 0.009998322 , 41.82 , 41.81
39.391 , 0.02000046 , 41.82 , 41.8
39.393 , 0.02999878 , 41.82 , 41.79
39.394 , 0.0 , 41.79 , 41.79
39.396 , 0.0 , 41.79 , 41.79
39.397 , 0.01000214 , 41.79 , 41.78
39.399 , -0.02999878 , 41.75 , 41.78
39.401 , -0.02000046 , 41.75 , 41.77
39.402 , -0.02000046 , 41.75 , 41.77
39.404 , -0.009998322 , 41.75 , 41.76
39.406 , -0.009998322 , 41.75 , 41.76
39.408 , 0.0 , 41.75 , 41.75
39.409 , -0.02000046 , 41.73 , 41.75
39.411 , 0.009998322 , 41.75 , 41.74
39.413 , -0.01000214 , 41.73 , 41.74
39.414 , 0.0 , 41.73 , 41.73
39.416 , 0.02000046 , 41.75 , 41.73
39.417 , -0.04000092 , 41.68 , 41.72
39.419 , 0.009998322 , 41.73 , 41.72
39.421 , 0.04000092 , 41.75 , 41.71
39.423 , 0.02000046 , 41.73 , 41.71
39.424 , 0.04999924 , 41.75 , 41.7
39.426 , -0.04000092 , 41.66 , 41.7
39.428 , -0.009998322 , 41.68 , 41.69
39.43 , -0.009998322 , 41.68 , 41.69
39.431 , 0.04999924 , 41.73 , 41.68
39.433 , -0.02000046 , 41.66 , 41.68
39.435 , 0.01000214 , 41.68 , 41.67
39.436 , -0.009998322 , 41.66 , 41.67
39.438 , 0.02000046 , 41.68 , 41.66
39.44 , 0.0 , 41.66 , 41.66
39.442 , 0.02999878 , 41.68 , 41.65
39.443 , 0.009998322 , 41.66 , 41.65
39.445 , 0.02000046 , 41.66 , 41.64
39.447 , 0.02000046 , 41.66 , 41.64
39.449 , 0.0 , 41.63 , 41.63
39.45 , 0.0 , 41.63 , 41.63
39.452 , 0.04000092 , 41.66 , 41.62
39.453 , -0.02999878 , 41.59 , 41.62
39.455 , 0.02000046 , 41.63 , 41.61
39.457 , 0.02000046 , 41.63 , 41.61
39.458 , -0.009998322 , 41.59 , 41.6
39.46 , -0.009998322 , 41.59 , 41.6
39.462 , -0.02000046 , 41.57 , 41.59
39.464 , 0.009998322 , 41.59 , 41.58
39.465 , 0.009998322 , 41.59 , 41.58
39.467 , 0.009998322 , 41.59 , 41.58
39.469 , 0.0 , 41.57 , 41.57
39.471 , 0.009998322 , 41.57 , 41.56
39.472 , 0.009998322 , 41.57 , 41.56
39.474 , 0.02999878 , 41.59 , 41.56
39.476 , -0.02999878 , 41.52 , 41.55
39.478 , -0.02000046 , 41.52 , 41.54
39.479 , 0.02999878 , 41.57 , 41.54
39.481 , 0.04000092 , 41.57 , 41.53
39.483 , 0.04000092 , 41.57 , 41.53
39.484 , 0.04000092 , 41.57 , 41.53
39.486 , 0.04999924 , 41.57 , 41.52
39.488 , 0.08000183 , 41.59 , 41.51
39.49 , 0.01000214 , 41.52 , 41.51
39.491 , 0.02000046 , 41.52 , 41.5
39.493 , 0.06999969 , 41.57 , 41.5
39.495 , 0.07999802 , 41.57 , 41.49
39.496 , 0.02999878 , 41.52 , 41.49
39.498 , 0.09000015 , 41.57 , 41.48
39.5 , 0.02000046 , 41.5 , 41.48
39.501 , 0.04000092 , 41.52 , 41.48
39.503 , 0.02999878 , 41.5 , 41.47
39.505 , 0.06000137 , 41.52 , 41.46
39.506 , 0.06000137 , 41.52 , 41.46
39.508 , 0.0 , 41.45 , 41.45
39.51 , 0.04999924 , 41.5 , 41.45
39.511 , 0.04999924 , 41.5 , 41.45
39.513 , 0.01000214 , 41.45 , 41.44
39.515 , 0.06999969 , 41.5 , 41.43
39.516 , 0.06999969 , 41.5 , 41.43
39.518 , 0.02000046 , 41.45 , 41.43
39.52 , 0.08000183 , 41.5 , 41.42
39.521 , 0.01000214 , 41.43 , 41.42
39.523 , 0.09000015 , 41.5 , 41.41
39.525 , 0.04999924 , 41.45 , 41.4
39.526 , 0.04999924 , 41.45 , 41.4
39.528 , 0.02999878 , 41.43 , 41.4
39.53 , 0.04000092 , 41.43 , 41.39
39.531 , 0.06000137 , 41.45 , 41.39
39.533 , 0.04999924 , 41.43 , 41.38
39.535 , 0.06000137 , 41.43 , 41.37
39.536 , 0.06000137 , 41.43 , 41.37
39.538 , 0.04000092 , 41.41 , 41.37
39.54 , 0.04999924 , 41.41 , 41.36
39.542 , 0.06000137 , 41.41 , 41.35
39.543 , 0.08000183 , 41.43 , 41.35
39.545 , 0.06000137 , 41.41 , 41.35
39.547 , 0.02000046 , 41.36 , 41.34
39.548 , 0.06999969 , 41.41 , 41.34
39.55 , 0.07999802 , 41.41 , 41.33
39.552 , 0.09000015 , 41.41 , 41.32
39.553 , 0.04000092 , 41.36 , 41.32
39.555 , 0.04000092 , 41.36 , 41.32
39.557 , 0.04999924 , 41.36 , 41.31
39.558 , 0.02999878 , 41.34 , 41.31
39.56 , 0.06000137 , 41.36 , 41.3
39.562 , 0.06000137 , 41.36 , 41.3
39.564 , 0.06999969 , 41.36 , 41.29
39.565 , 0.04999924 , 41.34 , 41.29
39.567 , 0.01000214 , 41.29 , 41.28
39.569 , 0.06999969 , 41.34 , 41.27
39.57 , 0.06999969 , 41.34 , 41.27
39.572 , 0.0 , 41.27 , 41.27
39.573 , 0.03000259 , 41.29 , 41.26
39.575 , 0.03000259 , 41.29 , 41.26
39.577 , 0.04000092 , 41.29 , 41.25
39.578 , 0.04000092 , 41.29 , 41.25
39.58 , 0.04999924 , 41.29 , 41.24
39.582 , 0.04999924 , 41.29 , 41.24
39.583 , 0.04000092 , 41.27 , 41.23
39.585 , 0.04000092 , 41.27 , 41.23
39.587 , 0.0 , 41.22 , 41.22
39.588 , 0.04999924 , 41.27 , 41.22
39.59 , 0.01000214 , 41.22 , 41.21
39.592 , 0.01000214 , 41.22 , 41.21
39.593 , 0.0 , 41.2 , 41.2
39.595 , 0.02000046 , 41.22 , 41.2
39.596 , 0.01000214 , 41.2 , 41.19
39.598 , 0.01000214 , 41.2 , 41.19
39.6 , 0.04000092 , 41.22 , 41.18
39.601 , 0.04000092 , 41.22 , 41.18
39.603 , -0.01999664 , 41.15 , 41.17
39.605 , -0.01999664 , 41.15 , 41.17
39.606 , -0.009998322 , 41.15 , 41.16
39.608 , -0.009998322 , 41.15 , 41.16
39.61 , 0.0 , 41.15 , 41.15
39.611 , 0.0 , 41.15 , 41.15
39.613 , 0.06000137 , 41.2 , 41.14
39.615 , 0.01000214 , 41.15 , 41.14
39.616 , 0.01000214 , 41.15 , 41.14
39.618 , 0.02000046 , 41.15 , 41.13
39.619 , 0.0 , 41.13 , 41.13
39.621 , 0.01000214 , 41.13 , 41.12
39.623 , 0.02000046 , 41.13 , 41.11
39.624 , 0.02000046 , 41.13 , 41.11
39.626 , 0.02000046 , 41.13 , 41.11
39.627 , 0.03000259 , 41.13 , 41.1
39.629 , 0.03000259 , 41.13 , 41.1
39.631 , 0.04000092 , 41.13 , 41.09
39.632 , 0.04000092 , 41.13 , 41.09
39.634 , 0.04999924 , 41.13 , 41.08
39.636 , 0.02999878 , 41.11 , 41.08
39.637 , 0.04000092 , 41.11 , 41.07
39.639 , 0.04000092 , 41.11 , 41.07
39.641 , 0.04999924 , 41.11 , 41.06
39.642 , 0.04999924 , 41.11 , 41.06
39.644 , 0.01000214 , 41.06 , 41.05
39.646 , 0.01000214 , 41.06 , 41.05
39.647 , 0.02000046 , 41.06 , 41.04
39.649 , 0.02000046 , 41.06 , 41.04
39.651 , 0.08000183 , 41.11 , 41.03
39.652 , 0.01000214 , 41.04 , 41.03
39.654 , 0.04000092 , 41.06 , 41.02
39.656 , 0.04000092 , 41.06 , 41.02
39.657 , 0.03000259 , 41.04 , 41.01
39.659 , 0.03000259 , 41.04 , 41.01
39.66 , -0.01999664 , 40.99 , 41.01
39.662 , 0.04000092 , 41.04 , 41.0
39.664 , 0.04999924 , 41.04 , 40.99
39.666 , 0.04999924 , 41.04 , 40.99
39.667 , 0.01000214 , 40.99 , 40.98
39.669 , 0.01000214 , 40.99 , 40.98
39.671 , 0.02000046 , 40.99 , 40.97
39.672 , 0.06999969 , 41.04 , 40.97
39.674 , 0.01000214 , 40.97 , 40.96
39.676 , 0.03000259 , 40.99 , 40.96
39.677 , 0.03000259 , 40.99 , 40.96
39.679 , 0.02000046 , 40.97 , 40.95
39.681 , 0.03000259 , 40.97 , 40.94
39.683 , 0.03000259 , 40.97 , 40.94
39.684 , 0.04000092 , 40.97 , 40.93
39.686 , 0.04000092 , 40.97 , 40.93
39.688 , 0.05000305 , 40.97 , 40.92
39.689 , -0.01999664 , 40.9 , 40.92
39.691 , 0.06000137 , 40.97 , 40.91
39.693 , -0.02999878 , 40.88 , 40.91
39.694 , 0.0 , 40.9 , 40.9
39.696 , 0.0 , 40.9 , 40.9
39.697 , 0.0 , 40.9 , 40.9
39.699 , 0.01000214 , 40.9 , 40.89
39.701 , 0.0 , 40.88 , 40.88
39.702 , 0.0 , 40.88 , 40.88
39.703 , 0.0 , 40.88 , 40.88
39.705 , 0.03000259 , 40.9 , 40.87
39.707 , 0.01000214 , 40.88 , 40.87
39.708 , 0.02000046 , 40.88 , 40.86
39.71 , -0.02999878 , 40.83 , 40.86
39.712 , -0.01999664 , 40.83 , 40.85
39.713 , 0.03000259 , 40.88 , 40.85
39.715 , -0.02999878 , 40.81 , 40.84
39.717 , -0.02999878 , 40.81 , 40.84
39.718 , 0.0 , 40.83 , 40.83
39.72 , 0.0 , 40.83 , 40.83
39.721 , -0.009998322 , 40.81 , 40.82
39.723 , 0.01000214 , 40.83 , 40.82
39.725 , 0.02000046 , 40.83 , 40.81
39.726 , 0.0 , 40.81 , 40.81
39.728 , 0.01000214 , 40.81 , 40.8
39.73 , -0.04000092 , 40.76 , 40.8
39.731 , -0.04000092 , 40.76 , 40.8
39.733 , -0.03000259 , 40.76 , 40.79
39.735 , -0.02000046 , 40.76 , 40.78
39.737 , -0.0399971 , 40.74 , 40.78
39.738 , -0.01000214 , 40.76 , 40.77
39.74 , -0.02999878 , 40.74 , 40.77
39.742 , -0.01999664 , 40.74 , 40.76
39.743 , 0.0 , 40.76 , 40.76
39.745 , -0.009998322 , 40.74 , 40.75
39.747 , -0.009998322 , 40.74 , 40.75
39.748 , -0.009998322 , 40.74 , 40.75
39.75 , 0.0 , 40.74 , 40.74
39.752 , 0.01000214 , 40.74 , 40.73
39.753 , -0.02999878 , 40.7 , 40.73
39.755 , -0.02000046 , 40.7 , 40.72
39.757 , -0.02000046 , 40.7 , 40.72
39.758 , 0.02000046 , 40.74 , 40.72
39.76 , -0.009998322 , 40.7 , 40.71
39.762 , 0.0 , 40.7 , 40.7
39.763 , 0.04000092 , 40.74 , 40.7
39.765 , -0.02000046 , 40.67 , 40.69
39.767 , 0.01000214 , 40.7 , 40.69
39.768 , -0.02000046 , 40.67 , 40.69
39.77 , 0.02000046 , 40.7 , 40.68
39.772 , 0.03000259 , 40.7 , 40.67
39.773 , 0.03000259 , 40.7 , 40.67
39.775 , 0.03000259 , 40.7 , 40.67
39.777 , 0.04000092 , 40.7 , 40.66
39.779 , 0.01999664 , 40.67 , 40.65
39.78 , 0.01999664 , 40.67 , 40.65
39.782 , 0.02999878 , 40.67 , 40.64
39.784 , 0.02999878 , 40.67 , 40.64
39.786 , 0.0399971 , 40.67 , 40.63
39.787 , 0.02000046 , 40.65 , 40.63
39.789 , 0.03000259 , 40.65 , 40.62
39.791 , 0.04999924 , 40.67 , 40.62
39.792 , 0.03000259 , 40.65 , 40.62
39.794 , 0.09000015 , 40.7 , 40.61
39.796 , 0.06999969 , 40.67 , 40.6
39.798 , 0.06999969 , 40.67 , 40.6
39.799 , 0.07999802 , 40.67 , 40.59
39.801 , 0.06000137 , 40.65 , 40.59
39.803 , 0.06999969 , 40.65 , 40.58
39.805 , 0.08999634 , 40.67 , 40.58
39.806 , 0.09999847 , 40.67 , 40.57
39.808 , 0.09999847 , 40.67 , 40.57
39.81 , 0.09000015 , 40.65 , 40.56
39.811 , 0.1099968 , 40.67 , 40.56
39.813 , 0.1000023 , 40.65 , 40.55
39.815 , 0.1000023 , 40.65 , 40.55
39.816 , 0.1299973 , 40.67 , 40.54
39.818 , 0.1100006 , 40.65 , 40.54
39.819 , 0.1100006 , 40.65 , 40.54
39.821 , 0.06999969 , 40.6 , 40.53
39.822 , 0.1200027 , 40.65 , 40.53
39.824 , 0.07999802 , 40.6 , 40.52
39.826 , 0.09000015 , 40.6 , 40.51
39.827 , 0.09000015 , 40.6 , 40.51
39.829 , 0.07000351 , 40.58 , 40.51
39.831 , 0.09999847 , 40.6 , 40.5
39.832 , 0.08000183 , 40.58 , 40.5
39.834 , 0.1099968 , 40.6 , 40.49
39.836 , 0.1199989 , 40.6 , 40.48
39.837 , 0.1199989 , 40.6 , 40.48
39.839 , 0.1000023 , 40.58 , 40.48
39.84 , 0.1100006 , 40.58 , 40.47
39.842 , 0.06999969 , 40.54 , 40.47
39.844 , 0.1399994 , 40.6 , 40.46
39.845 , 0.08000183 , 40.54 , 40.46
39.847 , 0.1300011 , 40.58 , 40.45
39.848 , 0.09000015 , 40.54 , 40.45
39.85 , 0.06999969 , 40.51 , 40.44
39.852 , 0.06999969 , 40.51 , 40.44
39.854 , 0.1100006 , 40.54 , 40.43
39.855 , 0.1500015 , 40.58 , 40.43
39.857 , 0.1200027 , 40.54 , 40.42
39.858 , 0.09000015 , 40.51 , 40.42
39.86 , 0.1300011 , 40.54 , 40.41
39.861 , 0.09999847 , 40.51 , 40.41
39.863 , 0.09999847 , 40.51 , 40.41
39.865 , 0.1099968 , 40.51 , 40.4
39.866 , 0.1099968 , 40.51 , 40.4
39.868 , 0.1199989 , 40.51 , 40.39
39.87 , 0.1299973 , 40.51 , 40.38
39.871 , 0.1299973 , 40.51 , 40.38
39.873 , 0.09000015 , 40.47 , 40.38
39.874 , 0.1000023 , 40.47 , 40.37
39.876 , 0.1000023 , 40.47 , 40.37
39.878 , 0.1499977 , 40.51 , 40.36
39.879 , 0.1100006 , 40.47 , 40.36
39.881 , 0.1200027 , 40.47 , 40.35
39.882 , 0.1200027 , 40.47 , 40.35
39.884 , 0.09999847 , 40.44 , 40.34
39.893 , 0.1199989 , 40.44 , 40.32
39.895 , 0.1299973 , 40.44 , 40.31
39.896 , 0.1299973 , 40.44 , 40.31
39.898 , 0.08000183 , 40.38 , 40.3
39.9 , 0.04999924 , 40.35 , 40.3
39.902 , 0.09000015 , 40.38 , 40.29
39.903 , 0.09000015 , 40.38 , 40.29
39.905 , 0.06999969 , 40.35 , 40.28
39.907 , 0.07999802 , 40.35 , 40.27
39.908 , 0.07999802 , 40.35 , 40.27
39.91 , 0.07999802 , 40.35 , 40.27
39.912 , 0.09000015 , 40.35 , 40.26
39.914 , 0.09999847 , 40.35 , 40.25
39.915 , 0.06000137 , 40.31 , 40.25
39.917 , 0.06000137 , 40.31 , 40.25
39.919 , 0.06999969 , 40.31 , 40.24
39.92 , 0.06999969 , 40.31 , 40.24
39.922 , 0.04999924 , 40.28 , 40.23
39.924 , 0.05999756 , 40.28 , 40.22
39.925 , 0.05999756 , 40.28 , 40.22
39.927 , 0.05999756 , 40.28 , 40.22
39.929 , 0.06999969 , 40.28 , 40.21
39.931 , 0.04000092 , 40.24 , 40.2
39.932 , 0.04000092 , 40.24 , 40.2
39.934 , 0.1100006 , 40.31 , 40.2
39.935 , 0.09000015 , 40.28 , 40.19
39.937 , 0.09000015 , 40.28 , 40.19
39.939 , 0.09999847 , 40.28 , 40.18
39.941 , 0.1100006 , 40.28 , 40.17
39.942 , 0.05000305 , 40.22 , 40.17
39.944 , 0.07000351 , 40.24 , 40.17
39.946 , 0.08000183 , 40.24 , 40.16
39.947 , 0.08000183 , 40.24 , 40.16
39.949 , 0.09000015 , 40.24 , 40.15
39.951 , 0.04999924 , 40.19 , 40.14
39.952 , 0.1000023 , 40.24 , 40.14
39.954 , 0.04999924 , 40.19 , 40.14
39.956 , 0.09000015 , 40.22 , 40.13
39.957 , 0.05999756 , 40.19 , 40.13
39.959 , 0.06999969 , 40.19 , 40.12
39.961 , 0.06999969 , 40.19 , 40.12
39.963 , 0.07999802 , 40.19 , 40.11
39.964 , 0.07999802 , 40.19 , 40.11
39.966 , 0.05000305 , 40.15 , 40.1
39.968 , 0.02999878 , 40.12 , 40.09
39.969 , 0.06000137 , 40.15 , 40.09
39.971 , 0.06000137 , 40.15 , 40.09
39.973 , 0.06999969 , 40.15 , 40.08
39.974 , 0.06999969 , 40.15 , 40.08
39.976 , 0.04999924 , 40.12 , 40.07
39.978 , 0.08000183 , 40.15 , 40.07
39.98 , 0.09000015 , 40.15 , 40.06
39.981 , 0.05999756 , 40.12 , 40.06
39.983 , 0.06999969 , 40.12 , 40.05
39.985 , 0.07999802 , 40.12 , 40.04
39.986 , 0.07999802 , 40.12 , 40.04
39.988 , 0.07999802 , 40.12 , 40.04
39.99 , 0.05000305 , 40.08 , 40.03
39.992 , 0.06000137 , 40.08 , 40.02
39.993 , 0.06000137 , 40.08 , 40.02
39.995 , 0.07000351 , 40.08 , 40.01
39.997 , 0.04000092 , 40.05 , 40.01
39.998 , 0.04000092 , 40.05 , 40.01
40.0 , 0.08000183 , 40.08 , 40.0
40.002 , 0.01999664 , 40.01 , 39.99
40.003 , 0.05999756 , 40.05 , 39.99
40.005 , 0.05999756 , 40.05 , 39.99
40.007 , 0.06999969 , 40.05 , 39.98
40.008 , 0.02999878 , 40.01 , 39.98
40.01 , 0.07999802 , 40.05 , 39.97
40.012 , 0.04999924 , 40.01 , 39.96
40.014 , 0.09000015 , 40.05 , 39.96
40.016 , 0.09999847 , 40.05 , 39.95
40.017 , 0.05999756 , 40.01 , 39.95
40.019 , 0.05000305 , 39.99 , 39.94