0.002 , 23588.02
0.004 , 23381.04
0.006 , 23517.62
0.008000001 , 23791.98
0.009999999 , 23516.56
0.012 , 23790.92
0.013 , 23515.89
0.015 , 23583.91
0.017 , 23583.27
0.027 , 23235.71
0.029 , 23509.62
0.031 , 23508.86
0.033 , 23508.11
0.035 , 23507.35
0.037 , 23781.71
0.038 , 23437.89
0.04 , 23505.81
0.042 , 23573.83
0.044 , 23779.53
0.046 , 23435.34
0.048 , 23434.47
0.05 , 23433.6
0.052 , 23570.29
0.054 , 23432.09
0.056 , 23362.44
0.058 , 23430.24
0.06 , 23566.93
0.062 , 23428.73
0.06400001 , 23359.08
0.06599999 , 23564.44
0.06800001 , 23563.8
0.07 , 23425.6
0.071 , 23769.0
0.073 , 23768.71
0.075 , 23768.41
0.077 , 23355.44
0.079 , 23560.8
0.081 , 23560.16
0.083 , 23559.52
0.085 , 23696.44
0.087 , 23558.47
0.089 , 23626.61
0.09099999 , 23419.75
0.093 , 23556.44
0.095 , 23555.8
0.096 , 23555.54
0.09799999 , 23623.68
0.1 , 23623.16
0.102 , 23622.63
0.104 , 23759.67
0.106 , 23690.6
0.108 , 23483.85
0.11 , 23551.88
0.112 , 23688.8
0.114 , 23619.61
0.116 , 23619.09
0.118 , 23687.34
0.12 , 23686.93
0.121 , 23411.79
0.123 , 23823.59
0.125 , 23617.08
0.127 , 23685.33
0.129 , 23822.48
0.131 , 23615.97
0.133 , 23684.22
0.135 , 23890.15
0.137 , 23821.31
0.139 , 23752.35
0.141 , 23820.84
0.143 , 23889.44
0.144 , 23889.75
0.146 , 23820.9
0.148 , 23820.73
0.15 , 23958.15
0.152 , 24095.76
0.154 , 24027.26
0.156 , 23958.65
0.158 , 24027.47
0.16 , 23958.86
0.162 , 23752.58
0.164 , 24027.4
0.166 , 24027.56
0.168 , 24027.73
0.17 , 23959.12
0.171 , 24028.32
0.173 , 24097.27
0.175 , 23753.65
0.177 , 24166.03
0.179 , 24166.43
0.181 , 23960.49
0.183 , 24235.65
0.185 , 23961.05
0.187 , 24029.88
0.189 , 24236.38
0.191 , 23961.78
0.193 , 24030.61
0.194 , 24031.15
0.196 , 24237.65
0.198 , 23963.04
0.2 , 24100.65
0.202 , 24032.16
0.204 , 23894.77
0.206 , 23963.48
0.208 , 24032.31
0.21 , 23826.14
0.212 , 23825.97
0.214 , 23825.79
0.216 , 23756.84
0.218 , 23343.87
0.22 , 23549.23
0.221 , 23480.19
0.223 , 23617.0
0.225 , 23547.71
0.227 , 23547.07
0.229 , 23340.06
0.231 , 23339.13
0.233 , 23613.26
0.235 , 23337.58
0.237 , 23199.05
0.239 , 23404.18
0.241 , 23334.54
0.242 , 23333.94
0.244 , 23195.4
0.246 , 23194.2
0.248 , 23192.99
0.25 , 23191.79
0.252 , 23121.8
0.254 , 23120.49
0.256 , 22844.05
0.258 , 22842.27
0.26 , 22909.28
0.262 , 22907.61
0.263 , 22699.99
0.265 , 22904.32
0.267 , 22765.1
0.269 , 22694.43
0.271 , 22623.64
0.273 , 22621.53
0.275 , 22619.41
0.277 , 22823.62
0.279 , 22684.29
0.281 , 22682.29
0.283 , 22611.5
0.285 , 22403.04
0.287 , 22400.58
0.289 , 22398.12
0.291 , 22395.66
0.292 , 22256.01
0.294 , 22459.66
0.296 , 22113.41
0.298 , 22248.05
0.3 , 22451.7
0.302 , 22380.57
0.304 , 22240.55
0.306 , 22100.3
0.308 , 22234.94
0.31 , 22369.81
0.311 , 22092.6
0.313 , 22158.46
0.315 , 22018.1
0.317 , 22015.07
0.319 , 22012.04
0.321 , 22077.78
0.323 , 22281.2
0.325 , 22003.51
0.327 , 21794.14
0.329 , 21790.76
0.331 , 21787.38
0.333 , 21852.79
0.335 , 21780.75
0.336 , 21777.74
0.338 , 21774.36
0.34 , 21908.55
0.342 , 21974.18
0.344 , 21833.59
0.346 , 21761.55
0.348 , 21758.17
0.35 , 21961.13
0.352 , 21545.43
0.354 , 21748.04
0.356 , 21882.23
0.358 , 21879.08
0.36 , 21807.16
0.361 , 21529.15
0.371 , 21660.02
0.373 , 21862.87
0.375 , 21515.82
0.376 , 21718.82
0.378 , 21509.1
0.38 , 21505.39
0.382 , 21708.0
0.384 , 21704.63
0.386 , 21838.86
0.388 , 22042.05
0.39 , 21901.69
0.392 , 21829.88
0.394 , 21757.96
0.396 , 21548.32
0.398 , 21888.65
0.4 , 21748.06
0.401 , 21882.73
0.403 , 21810.92
0.406 , 21738.63
0.407 , 21942.08
0.409 , 22076.72
0.411 , 21730.14
0.413 , 21933.22
0.415 , 21586.41
0.417 , 21789.26
0.419 , 21786.11
0.421 , 21920.53
0.422 , 22193.1
0.424 , 22121.86
0.426 , 21912.95
0.428 , 21772.48
0.43 , 22044.45
0.432 , 21904.21
0.434 , 21901.29
0.436 , 21967.16
0.438 , 21895.58
0.44 , 22099.0
0.442 , 22027.65
0.444 , 22024.96
0.445 , 22022.65
0.447 , 22019.96
0.449 , 21810.94
0.451 , 21876.69
0.453 , 22080.11
0.455 , 21939.98
0.457 , 22074.74
0.459 , 22072.17
0.461 , 22275.94
0.463 , 21998.59
0.465 , 22202.25
0.466 , 21993.94
0.468 , 22128.81
0.47 , 21988.8
0.472 , 22123.67
0.474 , 22052.44
0.476 , 22049.87
0.478 , 22116.07
0.48 , 22182.4
0.482 , 22248.84
0.484 , 22315.39
0.486 , 22038.16
0.488 , 22035.59
0.49 , 21964.24
0.492 , 22099.12
0.493 , 22097.03
0.495 , 21957.02
0.497 , 22023.11
0.499 , 22020.54
0.501 , 22017.97
0.503 , 22084.19
0.505 , 22012.95
0.507 , 22147.94
0.509 , 22145.6
0.511 , 21868.14
0.513 , 22209.24
0.514 , 22344.94
0.516 , 22136.61
0.518 , 22134.27
0.52 , 22200.71
0.522 , 22198.48
0.524 , 21989.92
0.526 , 22331.25
0.528 , 22054.13
0.53 , 22051.68
0.532 , 22393.13
0.534 , 22184.9
0.536 , 22113.9
0.538 , 22249.12
0.54 , 22247.01
0.541 , 22245.27
0.543 , 22449.49
0.545 , 22447.73
0.547 , 22445.96
0.549 , 22100.3
0.551 , 22441.86
0.553 , 22440.09
0.555 , 22300.77
0.557 , 22229.99
0.559 , 22296.66
0.561 , 22363.45
0.562 , 22430.71
0.564 , 22360.17
0.566 , 22427.07
0.568 , 22425.3
0.57 , 22285.98
0.572 , 22421.54
0.574 , 22419.78
0.576 , 22486.79
0.578 , 22416.36
0.58 , 22345.81
0.582 , 22481.49
0.584 , 22548.62
0.586 , 22478.31
0.587 , 22477.02
0.589 , 22406.59
0.591 , 22473.61
0.593 , 22609.52
0.595 , 22608.09
0.597 , 22813.01
0.599 , 22743.15
0.601 , 22673.18
0.603 , 22740.65
0.605 , 22739.46
0.607 , 22738.27
0.609 , 22668.3
0.611 , 22804.55
0.613 , 22665.91
0.615 , 22802.16
0.616 , 22595.12
0.618 , 22662.48
0.62 , 22798.73
0.622 , 22866.43
0.624 , 22727.91
0.626 , 22726.72
0.628 , 22656.75
0.63 , 22655.44
0.632 , 22654.13
0.634 , 22584.05
0.636 , 22582.63
0.638 , 22512.38
0.639 , 22648.82
0.641 , 22647.52
0.643 , 22646.21
0.645 , 22644.86
0.647 , 22849.94
0.649 , 22642.64
0.651 , 22434.95
0.653 , 22570.86
0.655 , 22775.78
0.657 , 22843.53
0.659 , 22636.18
0.661 , 22634.88
0.663 , 22633.62
0.665 , 22632.27
0.667 , 22699.74
0.668 , 22630.14
0.67 , 22697.61
0.672 , 22696.42
0.674 , 22764.01
0.676 , 22762.94
0.678 , 22693.08
0.68 , 22554.33
0.682 , 22759.25
0.684 , 22758.18
0.686 , 22688.32
0.688 , 22824.69
0.69 , 22823.73
0.692 , 22822.77
0.694 , 22684.25
0.695 , 22545.87
0.697 , 22613.23
0.699 , 22543.15
0.701 , 22404.17
0.703 , 22677.64
0.713 , 22673.53
0.715 , 22534.78
0.717 , 22533.37
0.718 , 22601.09
0.72 , 22393.45
0.722 , 22598.14
0.724 , 22528.06
0.726 , 22389.09
0.728 , 22456.22
0.73 , 22592.25
0.732 , 22659.72
0.734 , 22589.76
0.736 , 22382.12
0.738 , 22518.03
0.74 , 22585.39
0.742 , 22446.53
0.744 , 22582.56
0.745 , 22375.28
0.747 , 22579.98
0.749 , 22578.67
0.751 , 22371.04
0.753 , 22438.17
0.755 , 22436.64
0.757 , 22503.89
0.759 , 22571.25
0.761 , 22501.17
0.763 , 22430.97
0.765 , 22360.67
0.767 , 22702.92
0.768 , 22702.21
0.77 , 22494.8
0.772 , 22493.38
0.774 , 22354.41
0.776 , 22627.88
0.778 , 22489.14
0.78 , 22625.28
0.782 , 22555.31
0.784 , 22554.02
0.786 , 22690.27
0.788 , 22551.64
0.79 , 22619.12
0.792 , 22549.16
0.7940001 , 22479.08
0.795 , 22409.25
0.797 , 22338.94
0.799 , 22543.63
0.801 , 22817.45
0.803 , 22541.49
0.805 , 22746.53
0.807 , 22676.79
0.809 , 22263.05
0.811 , 22330.07
0.813 , 22534.76
0.815 , 22395.91
0.817 , 22463.16
0.818 , 22462.11
0.82 , 22598.25
0.822 , 22528.29
0.824 , 22458.21
0.826 , 22319.24
0.828 , 22592.71
0.83 , 22453.97
0.832 , 22177.44
0.834 , 22519.46
0.8360001 , 22380.61
0.838 , 22310.3
0.8389999 , 22377.8
0.841 , 22513.83
0.843 , 22512.53
0.8450001 , 22511.23
0.847 , 22509.93
0.849 , 22302.3
0.851 , 22644.6
0.853 , 22643.53
0.855 , 22504.85
0.857 , 22503.55
0.859 , 22502.26
0.861 , 22363.4
0.863 , 22499.48
0.865 , 22429.4
0.867 , 22496.77
0.8679999 , 22495.83
0.87 , 22563.31
0.8719999 , 22562.13
0.874 , 22423.39
0.876 , 22421.98
0.8780001 , 22558.13
0.88 , 22488.16
0.8820001 , 22486.87
0.884 , 22485.57
0.886 , 22484.27
0.888 , 22482.97
0.89 , 22619.24
0.892 , 22549.34
0.893 , 22686.13
0.895 , 22685.17
0.897 , 22477.84
0.899 , 22476.54
0.901 , 22475.24
0.903 , 22680.33
0.9049999 , 22541.77
0.907 , 22678.15
0.909 , 22608.42
0.9110001 , 22744.91
0.913 , 22812.89
0.9150001 , 22674.57
0.917 , 22604.83
0.9190001 , 22603.77
0.92 , 22603.06
0.922 , 22670.77
0.924 , 22807.38
0.926 , 22669.1
0.928 , 22530.59
0.93 , 22666.96
0.932 , 22597.23
0.934 , 22664.94
0.936 , 22870.33
0.938 , 22663.38
0.94 , 22593.65
0.942 , 22798.92
0.9440001 , 22454.3
0.945 , 22453.37
0.947 , 22383.3
0.949 , 22519.45
0.951 , 22518.26
0.953 , 22517.08
0.955 , 22515.9
0.957 , 22721.06
0.959 , 22376.33
0.9610001 , 22443.7
0.963 , 22442.4
0.965 , 22509.89
0.967 , 22508.71
0.969 , 22576.31
0.971 , 22437.69
0.972 , 22643.09
0.974 , 22642.14
0.976 , 22641.19
0.978 , 22227.56
0.98 , 22569.82
0.982 , 22568.75
0.984 , 22567.69
0.986 , 22497.85
0.988 , 22427.89
0.99 , 22495.37
0.992 , 22700.53
0.9940001 , 22424.58
0.996 , 22423.29
0.998 , 22628.33
0.999 , 22352.62
1.001 , 22213.66
1.003 , 22418.36
1.005 , 22348.28
1.007 , 22484.43
1.009 , 22345.7
1.011 , 22481.85
1.013 , 22343.11
1.015 , 22479.26
1.017 , 22340.53
1.018 , 22614.6
1.02 , 22338.53
1.022 , 22474.68
1.024 , 22335.95
1.026 , 22334.54
1.028 , 22470.69
1.03 , 22331.95
1.032 , 22468.11
1.034 , 22466.93
1.035 , 22397.33
1.037 , 22464.82
1.039 , 22394.86
1.041 , 22462.35
1.043 , 22529.95
1.045 , 22528.89
1.055 , 22387.39
1.057 , 22454.88
1.058 , 22522.84
1.06 , 22452.99
1.062 , 22383.04
1.064 , 22381.75
1.066 , 22311.68
1.068 , 22310.27
1.07 , 22308.87
1.072 , 22307.46
1.074 , 22443.61
1.075 , 22374.02
1.077 , 22647.84
1.079 , 22440.67
1.081 , 22370.72
1.083 , 22644.54
1.085 , 22368.59
1.087 , 22229.74
1.089 , 22228.23
1.09 , 22433.4
1.092 , 22294.67
1.094 , 22568.38
1.096 , 22429.88
1.098 , 22359.92
1.1 , 22496.23
1.102 , 22357.57
1.104 , 22287.5
1.106 , 22423.7
1.108 , 22216.19
1.11 , 22421.01
1.111 , 22282.59
1.113 , 22487.57
1.115 , 22486.5
1.117 , 22347.89
1.119 , 22346.6
1.121 , 22551.64
1.123 , 22550.7
1.125 , 22480.97
1.126 , 22480.27
1.128 , 22479.21
1.13 , 22546.93
1.132 , 22339.65
1.134 , 22338.36
1.136 , 22474.63
1.138 , 22473.57
1.14 , 22472.51
1.141 , 22403.03
1.143 , 22264.25
1.145 , 22331.63
1.147 , 22399.12
1.149 , 22329.16
1.151 , 22396.65
1.153 , 22257.92
1.155 , 22325.3
1.157 , 22599.13
1.158 , 22323.54
1.16 , 22322.25
1.162 , 22389.74
1.164 , 22251.01
1.166 , 22249.61
1.168 , 22523.32
1.17 , 22178.48
1.172 , 22452.08
1.174 , 22382.24
1.176 , 22518.63
1.178 , 22448.9
1.18 , 22516.63
1.181 , 22309.7
1.183 , 22377.2
1.185 , 22169.68
1.187 , 22168.17
1.189 , 22235.43
1.191 , 22371.59
1.193 , 22164.08
1.195 , 22162.56
1.197 , 22161.04
1.199 , 22159.53
1.2 , 22020.81
1.202 , 22156.63
1.204 , 22155.11
1.206 , 22153.6
1.208 , 22220.86
1.21 , 22219.46
1.212 , 22149.28
1.214 , 22147.77
1.215 , 22352.94
1.217 , 22145.43
1.219 , 22212.7
1.221 , 22486.41
1.223 , 22279.13
1.225 , 22140.29
1.227 , 22276.33
1.229 , 22206.27
1.231 , 22273.65
1.232 , 22479.05
1.234 , 22203.0
1.236 , 22476.71
1.238 , 22269.43
1.24 , 22405.71
1.242 , 22404.65
1.244 , 22472.37
1.246 , 22471.43
1.248 , 22401.71
1.25 , 22538.21
1.251 , 22537.74
1.253 , 22536.91
1.255 , 22329.75
1.257 , 22397.36
1.259 , 22396.3
1.261 , 22326.47
1.263 , 22531.63
1.265 , 22462.03
1.267 , 22529.86
1.268 , 22529.39
1.27 , 22322.23
1.272 , 22664.96
1.274 , 22458.02
1.276 , 22457.08
1.278 , 22593.7
1.28 , 22592.98
1.282 , 22248.38
1.284 , 22453.43
1.286 , 22521.27
1.287 , 22520.8
1.289 , 22657.53
1.291 , 22519.38
1.293 , 22518.55
1.295 , 22724.06
1.297 , 22586.02
1.299 , 22516.53
1.301 , 22515.71
1.303 , 22583.66
1.305 , 22514.17
1.307 , 22582.12
1.309 , 22581.41
1.31 , 22443.5
1.312 , 22717.67
1.314 , 22717.19
1.316 , 22372.81
1.318 , 22578.1
1.32 , 22371.05
1.322 , 22713.89
1.324 , 22575.85
1.325 , 22437.94
1.327 , 22437.0
1.329 , 22573.62
1.331 , 22504.13
1.333 , 22640.86
1.335 , 22640.27
1.337 , 22364.55
1.339 , 22501.06
1.341 , 22569.01
1.343 , 22499.52
1.344 , 22361.5
1.346 , 22498.0
1.348 , 22428.4
1.35 , 22358.68
1.352 , 22701.52
1.354 , 22425.93
1.356 , 22424.99
1.358 , 22355.27
1.36 , 22422.99
1.362 , 22422.06
1.363 , 22559.03
1.365 , 22420.76
1.367 , 22488.61
1.369 , 22487.78
1.371 , 22486.96
1.373 , 22417.36
1.375 , 22485.2
1.377 , 22346.81
1.379 , 22552.1
1.381 , 22551.39
1.383 , 22550.68
1.384 , 22481.55
1.394 , 22477.89
1.396 , 22408.29
1.398 , 22338.57
1.4 , 22475.08
1.401 , 22405.83
1.403 , 22473.68
1.405 , 22266.52
1.407 , 22540.47
1.409 , 22470.98
1.411 , 22401.38
1.413 , 22469.22
1.415 , 22468.4
1.417 , 22536.36
1.418 , 22536.0
1.42 , 22397.74
1.422 , 22259.24
1.424 , 22326.86
1.426 , 22188.25
1.428 , 22324.53
1.43 , 22323.48
1.432 , 22322.43
1.434 , 22252.6
1.436 , 22251.43
1.438 , 22319.04
1.439 , 22455.91
1.441 , 22386.31
1.443 , 22385.37
1.445 , 22178.1
1.447 , 22245.6
1.449 , 22175.66
1.451 , 22243.15
1.453 , 22241.99
1.455 , 22309.61
1.457 , 22239.78
1.458 , 22376.53
1.46 , 22375.59
1.462 , 22512.21
1.464 , 22236.39
1.466 , 22372.78
1.468 , 22371.85
1.47 , 22646.03
1.472 , 22508.0
1.474 , 22369.73
1.476 , 22437.58
1.477 , 22574.67
1.479 , 22367.74
1.481 , 22504.36
1.483 , 22572.44
1.485 , 22434.29
1.487 , 22433.47
1.489 , 22363.87
1.491 , 22431.71
1.493 , 22293.34
1.495 , 22429.85
1.497 , 22291.47
1.499 , 22427.98
1.501 , 22427.16
1.502 , 22426.69
1.504 , 22288.31
1.506 , 22424.82
1.508 , 22424.01
1.51 , 22491.96
1.512 , 22491.26
1.514 , 22353.0
1.516 , 22489.62
1.518 , 22764.03
1.52 , 22419.89
1.521 , 22625.76
1.523 , 22418.95
1.525 , 22211.79
1.527 , 22485.75
1.529 , 22485.04
1.531 , 22484.34
1.533 , 22621.2
1.535 , 22414.38
1.537 , 22344.79
1.538 , 22412.98
1.54 , 22343.39
1.542 , 22411.23
1.544 , 22272.86
1.546 , 22340.59
1.548 , 22408.44
1.55 , 22407.62
1.552 , 22338.02
1.553 , 22406.22
1.555 , 22199.07
1.558 , 22541.45
1.559 , 22334.88
1.561 , 22609.06
1.563 , 22402.25
1.565 , 22401.43
1.567 , 22469.39
1.569 , 22468.69
1.571 , 22399.21
1.573 , 22192.05
1.575 , 22466.01
1.576 , 22465.66
1.578 , 22396.17
1.58 , 22395.36
1.582 , 22256.98
1.584 , 22462.28
1.586 , 22667.96
1.588 , 22530.04
1.59 , 22391.89
1.592 , 22597.41
1.593 , 22390.91
1.595 , 22390.09
1.597 , 22595.66
1.599 , 22457.63
1.601 , 22456.93
1.603 , 22593.78
1.605 , 22593.31
1.607 , 22386.5
1.609 , 22454.46
1.61 , 22316.55
1.612 , 22521.96
1.614 , 22521.37
1.616 , 22176.89
1.618 , 22450.85
1.62 , 22312.59
1.622 , 22586.78
1.624 , 22448.75
1.626 , 22654.38
1.628 , 22447.69
1.63 , 22515.77
1.631 , 22377.97
1.633 , 22239.6
1.635 , 22582.45
1.637 , 22513.2
1.639 , 22581.39
1.641 , 22374.58
1.643 , 22442.55
1.645 , 22373.07
1.647 , 22441.03
1.649 , 22577.89
1.65 , 22577.77
1.652 , 22370.96
1.654 , 22576.48
1.656 , 22438.46
1.658 , 22575.31
1.66 , 22574.84
1.662 , 22367.99
1.664 , 22504.78
1.666 , 22504.19
1.668 , 22434.78
1.67 , 22296.52
1.671 , 22502.28
1.673 , 22570.48
1.675 , 22501.23
1.677 , 22638.2
1.679 , 22431.51
1.681 , 22499.59
1.683 , 22430.22
1.685 , 22429.52
1.687 , 22497.6
1.689 , 22497.02
1.691 , 22358.88
1.693 , 22495.62
1.695 , 22426.26
1.696 , 22425.91
1.698 , 22631.55
1.7 , 22424.85
1.702 , 22424.15
1.704 , 22423.46
1.706 , 22560.32
1.708 , 22353.51
1.71 , 22352.7
1.712 , 22420.66
1.713 , 22557.87
1.715 , 22351.07
1.717 , 22556.59
1.719 , 22349.78
1.721 , 22348.97
1.723 , 22485.72
1.732 , 22345.13
1.734 , 22481.88
1.736 , 22550.07
1.738 , 22343.27
1.74 , 22411.23
1.742 , 22479.32
1.744 , 22272.4
1.746 , 22477.81
1.747 , 22546.35
1.75 , 22270.42
1.752 , 22475.83
1.753 , 22269.26
1.755 , 22337.11
1.757 , 22336.3
1.759 , 22541.83
1.761 , 22403.8
1.763 , 22403.11
1.765 , 22539.96
1.767 , 22264.38
1.769 , 22332.24
1.77 , 22331.77
1.772 , 22330.96
1.774 , 22330.15
1.776 , 22535.68
1.778 , 22466.43
1.78 , 22190.73
1.782 , 22327.25
1.784 , 22395.22
1.786 , 22325.74
1.787 , 22462.84
1.789 , 22393.48
1.791 , 22117.67
1.793 , 22597.97
1.795 , 22253.72
1.797 , 22321.57
1.799 , 22251.99
1.801 , 22182.28
1.803 , 22250.02
1.805 , 22386.65
1.807 , 22317.18
1.808 , 22385.5
1.81 , 22453.58
1.812 , 22315.44
1.814 , 22521.02
1.816 , 22382.95
1.818 , 22313.47
1.82 , 22450.27
1.822 , 22518.46
1.824 , 22380.44
1.826 , 22379.75
1.827 , 22310.62
1.829 , 22447.37
1.831 , 22378.01
1.833 , 22377.31
1.835 , 22582.96
1.837 , 22445.05
1.839 , 22513.25
1.841 , 22444.0
1.843 , 22374.64
1.845 , 22305.17
1.846 , 22304.71
1.848 , 22303.9
1.85 , 22234.31
1.852 , 22370.95
1.854 , 22370.25
1.856 , 22369.56
1.858 , 22437.64
1.86 , 22299.51
1.862 , 22229.92
1.864 , 22435.33
1.865 , 22435.1
1.867 , 22159.41
1.869 , 22158.37
1.871 , 22294.89
1.873 , 22156.53
1.875 , 22017.88
1.877 , 22016.62
1.879 , 22221.74
1.881 , 22289.59
1.883 , 22357.56
1.885 , 22150.54
1.887 , 22287.06
1.888 , 22011.43
1.89 , 22216.51
1.892 , 21940.47
1.894 , 22076.65
1.896 , 22075.5
1.898 , 22280.68
1.9 , 22348.65
1.902 , 22279.18
1.904 , 22415.94
1.905 , 22140.59
1.907 , 22139.55
1.909 , 22138.52
1.911 , 22206.26
1.913 , 22205.34
1.915 , 22410.75
1.917 , 22272.62
1.919 , 22134.25
1.921 , 22133.22
1.922 , 22201.31
1.924 , 22269.17
1.926 , 22199.58
1.928 , 21992.32
1.93 , 22197.39
1.932 , 22196.47
1.934 , 22401.89
1.936 , 22470.09
1.938 , 22400.85
1.939 , 22400.62
1.942 , 22399.7
1.943 , 22399.47
1.945 , 22330.11
1.947 , 22329.42
1.949 , 22466.29
1.951 , 22397.04
1.953 , 22396.47
1.955 , 22464.67
1.957 , 22326.65
1.959 , 22532.3
1.96 , 22601.07
1.962 , 22600.84
1.964 , 22600.61
1.966 , 22462.82
1.968 , 22668.69
1.97 , 22668.57
1.972 , 22530.9
1.974 , 22530.55
1.976 , 22667.76
1.978 , 22530.09
1.979 , 22530.08
1.981 , 22598.52
1.983 , 22667.06
1.985 , 22666.95
1.987 , 22666.83
1.989 , 22529.15
1.991 , 22803.92
1.993 , 22735.25
1.995 , 22735.25
1.997 , 22460.13
1.999 , 22666.01
2.001 , 22597.11
2.002 , 22734.78
2.004 , 22528.44
2.006 , 22665.65
2.008 , 22803.1
2.01 , 22665.65
2.012 , 22803.09
2.014 , 22321.75
2.016 , 22802.51
2.018 , 22871.4
2.02 , 22665.29
2.022 , 22733.96
2.023 , 22734.3
2.025 , 22665.52
2.027 , 22734.18
2.029 , 22802.96
2.031 , 22803.07
2.033 , 22665.62
2.035 , 22596.72
2.037 , 22527.72
2.039 , 22596.15
2.04 , 22527.48
2.042 , 22595.92
2.044 , 22664.47
2.046 , 22458.01
2.048 , 22595.11
2.05 , 22457.32
2.052 , 22663.2
2.054 , 22319.19
2.055 , 22387.63
2.057 , 22593.39
2.059 , 22386.82
2.061 , 22386.25
2.071 , 22451.75
2.073 , 22382.51
2.074 , 22313.5
2.076 , 22244.04
2.078 , 22449.57
2.08 , 22449.12
2.082 , 22448.66
2.084 , 22516.98
2.086 , 22447.85
2.088 , 22309.84
2.09 , 22377.93
2.092 , 22446.14
2.093 , 22239.69
2.095 , 22376.44
2.097 , 22444.65
2.099 , 22375.41
2.101 , 22306.06
2.103 , 22580.49
2.105 , 22580.26
2.107 , 22304.92
2.109 , 22441.79
2.11 , 22235.34
2.112 , 22372.1
2.114 , 22440.3
2.116 , 22439.85
2.118 , 22233.05
2.12 , 22438.59
2.122 , 22438.13
2.124 , 22300.12
2.126 , 22436.99
2.128 , 22436.53
2.129 , 22367.64
2.131 , 22229.51
2.133 , 22228.71
2.135 , 22503.03
2.137 , 22433.9
2.139 , 22364.67
2.141 , 22295.32
2.143 , 22294.63
2.145 , 22225.17
2.147 , 22293.15
2.148 , 22292.81
2.15 , 22429.68
2.152 , 22222.88
2.154 , 22359.64
2.156 , 22496.63
2.158 , 22358.73
2.16 , 22495.72
2.162 , 22495.38
2.164 , 22632.59
2.165 , 22357.71
2.167 , 22494.7
2.169 , 22563.13
2.171 , 22562.91
2.173 , 22218.79
2.175 , 22493.1
2.177 , 22561.54
2.179 , 22423.76
2.181 , 22492.08
2.183 , 22491.74
2.184 , 22698.08
2.186 , 22629.3
2.188 , 22629.19
2.19 , 22491.52
2.192 , 22284.84
2.194 , 22352.94
2.196 , 22558.7
2.198 , 22558.48
2.2 , 22627.03
2.202 , 22626.92
2.203 , 22489.59
2.205 , 22420.47
2.207 , 22557.58
2.209 , 22419.79
2.211 , 22556.9
2.213 , 22419.11
2.215 , 22556.22
2.217 , 22555.99
2.219 , 22762.1
2.22 , 22487.45
2.222 , 22280.77
2.224 , 22623.98
2.226 , 22279.97
2.228 , 22279.29
2.23 , 22347.39
2.232 , 22415.6
2.234 , 22483.93
2.236 , 22414.81
2.237 , 22277.13
2.239 , 22207.67
2.241 , 22206.88
2.243 , 22618.75
2.245 , 22412.31
2.247 , 22067.96
2.249 , 22204.49
2.251 , 22134.91
2.252 , 21996.79
2.254 , 22064.43
2.256 , 22132.18
2.258 , 22131.27
2.26 , 22130.36
2.262 , 22404.56
2.264 , 22197.77
2.266 , 22059.42
2.268 , 22195.95
2.27 , 22195.16
2.272 , 22194.36
2.274 , 22193.56
2.275 , 22193.11
2.277 , 22123.54
2.279 , 22260.18
2.281 , 22259.5
2.283 , 22121.26
2.285 , 22189.13
2.287 , 22119.55
2.289 , 21981.09
2.291 , 22048.73
2.292 , 22048.04
2.294 , 21978.24
2.296 , 22183.44
2.298 , 22045.09
2.3 , 22181.62
2.302 , 21974.49
2.304 , 21973.35
2.306 , 22178.55
2.308 , 22177.75
2.31 , 22176.96
2.311 , 22314.11
2.313 , 22175.94
2.315 , 22175.19
2.317 , 22380.73
2.319 , 22173.9
2.321 , 22104.32
2.323 , 22309.8
2.325 , 22171.63
2.327 , 22308.44
2.329 , 22239.09
2.331 , 22375.97
2.332 , 22375.86
2.334 , 22031.47
2.336 , 22236.83
2.338 , 22236.15
2.34 , 22235.47
2.342 , 22372.35
2.344 , 22509.45
2.346 , 22302.89
2.347 , 22302.67
2.349 , 22370.88
2.351 , 22439.21
2.353 , 22370.1
2.355 , 22232.09
2.357 , 22300.19
2.359 , 22437.18
2.361 , 22436.85
2.363 , 22436.51
2.365 , 22298.62
2.366 , 22573.51
2.368 , 22435.85
2.37 , 22504.29
2.372 , 22435.29
2.374 , 22572.51
2.376 , 22434.85
2.378 , 22503.29
2.38 , 22571.85
2.382 , 22640.52
2.384 , 22502.97
2.385 , 22434.31
2.387 , 22502.76
2.389 , 22433.76
2.391 , 22639.76
2.393 , 22639.77
2.395 , 22639.78
2.397 , 22502.22
2.399 , 22364.45
2.401 , 22570.34
2.41 , 22430.25
2.412 , 22498.7
2.414 , 22636.04
2.416 , 22360.93
2.418 , 22429.26
2.42 , 22360.15
2.421 , 22428.82
2.423 , 22634.82
2.425 , 22359.71
2.427 , 22703.16
2.429 , 22565.72
2.431 , 22565.62
2.433 , 22427.96
2.435 , 22565.18
2.437 , 22633.86
2.438 , 22359.09
2.44 , 22358.64
2.442 , 22426.97
2.444 , 22289.08
2.446 , 22632.41
2.448 , 22426.09
2.45 , 22425.75
2.452 , 22494.2
2.454 , 22493.98
2.456 , 22493.76
2.457 , 22493.88
2.459 , 22493.66
2.461 , 22631.0
2.463 , 22424.68
2.465 , 22493.12
2.467 , 22492.9
2.469 , 22561.46
2.471 , 22561.36
2.473 , 22561.26
2.474 , 22423.93
2.476 , 22561.16
2.478 , 22698.61
2.48 , 22492.4
2.482 , 22423.4
2.484 , 22423.07
2.486 , 22491.52
2.488 , 22422.52
2.49 , 22490.97
2.492 , 22284.42
2.493 , 22421.75
2.495 , 22627.75
2.497 , 22352.65
2.499 , 22558.54
2.501 , 22420.88
2.503 , 22489.33
2.505 , 22626.67
2.507 , 22489.12
2.508 , 22420.46
2.51 , 22420.13
2.512 , 22626.14
2.514 , 22626.15
2.516 , 22419.82
2.518 , 22213.16
2.52 , 22625.15
2.522 , 22556.39
2.524 , 22281.17
2.526 , 22486.95
2.528 , 22486.73
2.53 , 22486.52
2.531 , 22417.86
2.533 , 22692.64
2.535 , 22486.43
2.537 , 22554.99
2.539 , 22554.89
2.541 , 22486.01
2.543 , 22417.02
2.545 , 22554.24
2.547 , 22691.7
2.549 , 22347.93
2.55 , 22622.94
2.552 , 22554.18
2.554 , 22622.85
2.556 , 22622.87
2.558 , 22416.54
2.56 , 22553.77
2.562 , 22622.45
2.564 , 22416.12
2.566 , 22347.01
2.568 , 22346.57
2.569 , 22484.02
2.571 , 22346.25
2.573 , 22483.36
2.575 , 22551.92
2.577 , 22620.6
2.579 , 22345.5
2.581 , 22345.06
2.583 , 22344.61
2.585 , 22275.39
2.587 , 22274.83
2.588 , 22274.61
2.59 , 22205.27
2.592 , 22273.38
2.594 , 22135.26
2.596 , 22409.59
2.598 , 22409.26
2.6 , 22340.15
2.602 , 22339.71
2.604 , 22339.27
2.606 , 22270.04
2.607 , 22201.04
2.609 , 22200.37
2.611 , 22199.7
2.613 , 22336.59
2.615 , 22336.14
2.617 , 22335.7
2.619 , 22335.26
2.621 , 22403.59
2.622 , 22541.16
2.624 , 22334.72
2.626 , 22403.06
2.628 , 22333.95
2.63 , 22127.13
2.632 , 22263.94
2.634 , 21988.22
2.636 , 22331.15
2.637 , 22193.44
2.639 , 22192.77
2.641 , 22192.1
2.643 , 22053.87
2.645 , 22259.3
2.647 , 22189.97
2.649 , 22120.52
2.651 , 22119.73
2.653 , 22256.51
2.655 , 21980.83
2.657 , 22117.38
2.659 , 22116.59
2.661 , 22184.59
2.662 , 22046.69
2.664 , 21977.02
2.666 , 22251.12
2.668 , 21975.45
2.67 , 21974.43
2.672 , 22042.2
2.674 , 21903.74
2.676 , 22177.73
2.678 , 22108.28
2.679 , 22107.83
2.681 , 22107.04
2.683 , 21899.92
2.685 , 22311.47
2.687 , 22104.69
2.689 , 22103.91
2.691 , 22103.12
2.693 , 22515.01
2.695 , 22102.24
2.697 , 22239.01
2.698 , 22445.13
2.7 , 21963.46
2.702 , 22100.01
2.704 , 21824.11
2.706 , 22235.54
2.708 , 22303.77
2.71 , 22028.21
2.712 , 22302.43
2.714 , 22301.99
2.716 , 22370.32
2.718 , 22370.0
2.719 , 22094.89
2.721 , 22369.22
2.723 , 22162.56
2.725 , 22574.57
2.727 , 22230.69
2.729 , 22230.13
2.731 , 22298.36
2.733 , 22091.58
2.735 , 21953.24
2.736 , 22227.68
2.738 , 22364.68
2.748 , 22292.91
2.75 , 22292.46
2.752 , 22085.69
2.753 , 22291.58
2.755 , 22291.14
2.757 , 22221.92
2.759 , 22221.37
2.761 , 22083.25
2.763 , 22288.81
2.765 , 22219.59
2.767 , 22150.26
2.769 , 22149.59
2.77 , 22149.26
2.772 , 22286.15
2.775 , 22285.37
2.776 , 22078.93
2.778 , 22353.27
2.78 , 22215.38
2.782 , 22214.83
2.784 , 22351.84
2.786 , 22145.18
2.788 , 22282.07
2.79 , 22144.07
2.792 , 22212.18
2.793 , 22349.52
2.795 , 22349.24
2.797 , 22142.54
2.799 , 22279.43
2.801 , 22210.21
2.803 , 22140.88
2.805 , 22140.21
2.807 , 22345.93
2.809 , 22208.04
2.81 , 22345.39
2.812 , 22207.5
2.814 , 22344.51
2.816 , 22275.41
2.818 , 22137.37
2.82 , 22343.08
2.822 , 22411.54
2.824 , 22411.33
2.825 , 22549.01
2.827 , 22549.03
2.829 , 22411.5
2.831 , 22480.07
2.833 , 22479.97
2.835 , 22273.54
2.837 , 22548.22
2.839 , 22479.46
2.841 , 22479.37
2.843 , 22479.28
2.845 , 22410.4
2.847 , 22547.75
2.849 , 22410.22
2.85 , 22410.34
2.852 , 22547.69
2.854 , 22272.6
2.856 , 22272.16
2.858 , 22546.84
2.86 , 22409.3
2.862 , 22477.88
2.864 , 22615.34
2.866 , 22546.7
2.868 , 22409.16
2.869 , 22615.62
2.871 , 22546.98
2.873 , 22753.34
2.875 , 22684.93
2.877 , 22547.62
2.879 , 22341.3
2.881 , 22616.1
2.883 , 22753.79
2.885 , 22754.16
2.887 , 22479.4
2.888 , 22754.76
2.89 , 22548.79
2.892 , 22617.59
2.894 , 22686.51
2.896 , 22549.2
2.898 , 22618.0
2.9 , 22549.36
2.902 , 22686.94
2.904 , 22755.97
2.906 , 22481.22
2.908 , 22481.13
2.91 , 22687.38
2.911 , 22550.4
2.913 , 22550.42
2.915 , 22481.62
2.917 , 22756.69
2.919 , 22481.89
2.921 , 22619.41
2.923 , 22619.54
2.924 , 22551.19
2.926 , 22757.6
2.928 , 22414.02
2.93 , 22620.15
2.932 , 22551.51
2.934 , 22551.53
2.936 , 22482.78
2.938 , 22482.69
2.94 , 22551.38
2.941 , 22345.39
2.943 , 22482.63
2.945 , 22482.54
2.947 , 22551.23
2.949 , 22413.69
2.951 , 22413.49
2.953 , 22413.28
2.955 , 22481.86
2.957 , 22344.21
2.959 , 22412.67
2.96 , 22412.79
2.962 , 22550.15
2.964 , 22343.83
2.966 , 22137.18
2.968 , 22136.52
2.97 , 22342.19
2.972 , 21997.98
2.974 , 22272.2
2.976 , 22134.21
2.978 , 22133.55
2.98 , 21995.33
2.982 , 22131.99
2.983 , 22131.66
2.985 , 21993.44
2.987 , 22130.11
2.989 , 22129.45
2.991 , 21922.45
2.993 , 22127.78
2.995 , 22333.46
2.997 , 22126.8
2.999 , 22057.36
3.001 , 22125.36
3.003 , 22124.7
3.004 , 21986.81
3.006 , 21985.92
3.008 , 22260.15
3.01 , 21984.6
3.012 , 22190.05
3.014 , 21983.16
3.016 , 22051.05
3.018 , 21981.5
3.02 , 21911.83
3.021 , 21979.93
3.023 , 21841.48
3.025 , 22046.7
3.027 , 21908.37
3.029 , 21976.14
3.031 , 22044.04
3.033 , 22043.26
3.035 , 22111.26
3.037 , 21973.04
3.039 , 22040.93
3.04 , 22040.49
3.042 , 22039.71
3.044 , 21901.38
3.046 , 22106.71
3.048 , 21968.5
3.05 , 22105.16
3.052 , 22173.28
3.054 , 21897.62
3.056 , 21965.39
3.058 , 21964.51
3.059 , 21826.39
3.061 , 21825.27
3.063 , 22099.27
3.065 , 22098.61
3.067 , 22304.33
3.069 , 22235.24
3.071 , 22303.59
3.073 , 22234.49
3.074 , 22165.61
3.076 , 22371.4
3.086 , 22368.56
3.088 , 22230.8
3.09 , 22161.59
3.092 , 22367.38
3.094 , 22298.41
3.096 , 22366.87
3.097 , 22367.0
3.099 , 22298.02
3.101 , 22297.7
3.103 , 22091.05
3.105 , 22090.39
3.107 , 22364.85
3.109 , 22364.65
3.111 , 22089.33
3.113 , 22226.23
3.114 , 22088.57
3.116 , 22225.47
3.118 , 22018.66
3.12 , 22155.49
3.122 , 22154.94
3.124 , 22085.62
3.126 , 22084.96
3.128 , 22153.04
3.13 , 22152.54
3.131 , 22152.28
3.133 , 22151.73
3.135 , 22151.19
3.137 , 22357.03
3.139 , 22288.0
3.141 , 22150.13
3.143 , 22149.59
3.145 , 22149.05
3.146 , 22148.83
3.148 , 22079.51
3.15 , 22353.97
3.152 , 22078.65
3.154 , 22146.77
3.156 , 22146.23
3.158 , 22214.46
3.16 , 22214.04
3.162 , 22144.83
3.164 , 22006.73
3.166 , 22349.85
3.167 , 22074.86
3.169 , 22005.43
3.171 , 22348.55
3.173 , 21935.68
3.175 , 22141.13
3.177 , 22140.59
3.179 , 22208.82
3.181 , 22070.84
3.183 , 22276.52
3.184 , 22207.75
3.186 , 22069.77
3.188 , 22137.89
3.19 , 22068.57
3.192 , 22136.69
3.194 , 22067.37
3.196 , 22135.49
3.198 , 22272.51
3.199 , 21928.63
3.201 , 22134.08
3.203 , 21927.2
3.205 , 22201.43
3.207 , 22132.22
3.209 , 22200.46
3.211 , 21924.92
3.213 , 22336.71
3.215 , 22130.17
3.216 , 22267.52
3.218 , 22267.2
3.22 , 22404.45
3.222 , 22266.81
3.224 , 22128.94
3.226 , 22128.39
3.228 , 22334.19
3.23 , 22333.99
3.232 , 22333.79
3.234 , 22196.04
3.235 , 22333.5
3.237 , 22126.96
3.239 , 22263.98
3.241 , 22332.45
3.243 , 22263.47
3.245 , 22331.94
3.247 , 22262.96
3.249 , 22331.43
3.251 , 22468.79
3.253 , 22468.82
3.254 , 22331.62
3.256 , 22331.42
3.258 , 22331.22
3.26 , 22468.59
3.262 , 22399.84
3.264 , 22399.76
3.266 , 22468.45
3.268 , 22399.71
3.27 , 22468.4
3.272 , 22537.21
3.273 , 22537.69
3.275 , 22400.28
3.277 , 22537.75
3.279 , 22537.9
3.281 , 22400.49
3.283 , 22675.52
3.285 , 22538.34
3.287 , 22194.59
3.289 , 22331.72
3.291 , 22537.86
3.293 , 22538.01
3.295 , 22400.6
3.296 , 22538.4
3.298 , 22400.99
3.3 , 22332.13
3.302 , 22675.83
3.304 , 22538.65
3.306 , 22332.46
3.308 , 22538.6
3.31 , 22469.97
3.312 , 22263.66
3.314 , 22469.69
3.315 , 22676.39
3.317 , 22470.43
3.319 , 22401.68
3.321 , 22401.6
3.323 , 22332.74
3.325 , 22470.1
3.327 , 22401.36
3.329 , 22538.83
3.33 , 22264.19
3.332 , 22401.44
3.334 , 22470.14
3.336 , 22263.83
3.338 , 22401.08
3.34 , 22263.44
3.342 , 22331.91
3.344 , 22331.72
3.346 , 22331.52
3.347 , 22537.99
3.35 , 22125.14
3.352 , 22330.94
3.353 , 22331.07
3.355 , 22399.65
3.357 , 22055.68
3.359 , 22192.58
3.361 , 22192.16
3.363 , 21985.4
3.365 , 22122.19
3.367 , 22052.87
3.368 , 22121.33
3.37 , 22327.13
3.372 , 22189.37
3.374 , 22188.95
3.376 , 21982.19
3.378 , 21912.64
3.38 , 21842.98
3.382 , 21910.77
3.384 , 21909.89
3.386 , 22046.56
3.388 , 21839.58
3.389 , 22045.24
3.391 , 21975.81
3.393 , 22112.61
3.395 , 21974.51
3.397 , 22111.3
3.399 , 22110.76
3.401 , 21903.89
3.403 , 21903.01
3.405 , 22039.69
3.406 , 22039.36
3.408 , 22107.49
3.41 , 21969.39
3.412 , 22037.41
3.414 , 21967.98
3.416 , 21967.21
3.426 , 21895.06
3.427 , 22032.07
3.429 , 22031.42
3.431 , 21755.65
3.433 , 22029.66
3.435 , 22029.01
3.437 , 21890.8
3.439 , 22096.26
3.441 , 22095.72
3.443 , 21957.63
3.445 , 21888.08
3.446 , 21887.53
3.448 , 21955.43
3.45 , 22092.22
3.452 , 21885.35
3.454 , 21884.47
3.456 , 21952.37
3.458 , 21882.83
3.46 , 21881.95
3.462 , 22018.63
3.464 , 22017.98
3.466 , 22017.33
3.467 , 21948.22
3.469 , 22016.24
3.471 , 22015.59
3.473 , 22083.72
3.475 , 22014.4
3.477 , 21807.42
3.479 , 22081.54
3.481 , 22012.22
3.483 , 22149.13
3.485 , 22011.16
3.486 , 21873.27
3.488 , 21872.4
3.49 , 21871.52
3.492 , 21939.42
3.494 , 22076.21
3.496 , 21938.12
3.498 , 22074.91
3.5 , 21936.82
3.502 , 22211.17
3.504 , 22073.31
3.505 , 22073.1
3.507 , 22072.57
3.509 , 22072.03
3.511 , 22002.72
3.513 , 22002.07
3.515 , 22001.42
3.517 , 22069.55
3.518 , 22000.56
3.52 , 22137.47
3.522 , 22205.83
3.524 , 21999.19
3.526 , 22136.1
3.528 , 21998.12
3.53 , 21859.92
3.532 , 21859.04
3.534 , 22202.06
3.536 , 22132.97
3.537 , 22064.1
3.539 , 21994.79
3.541 , 22062.92
3.543 , 22131.16
3.545 , 22061.96
3.547 , 22267.77
3.549 , 21992.46
3.551 , 22060.59
3.553 , 22197.62
3.555 , 22059.76
3.557 , 22128.0
3.558 , 22196.69
3.56 , 21921.26
3.562 , 22058.06
3.564 , 22195.13
3.566 , 22057.22
3.568 , 22263.07
3.57 , 22125.28
3.572 , 22056.13
3.574 , 22193.15
3.576 , 22124.07
3.577 , 22192.76
3.579 , 22192.45
3.581 , 22054.54
3.583 , 22191.62
3.585 , 22122.53
3.587 , 21984.56
3.589 , 21983.91
3.591 , 22052.04
3.593 , 21913.95
3.595 , 21981.97
3.596 , 21844.09
3.598 , 21774.43
3.6 , 21911.0
3.602 , 22047.8
3.604 , 21840.93
3.606 , 21908.83
3.608 , 21908.07
3.61 , 22044.87
3.612 , 21975.56
3.614 , 21837.36
3.616 , 21836.48
3.617 , 22042.27
3.619 , 22110.52
3.621 , 22110.1
3.623 , 21834.56
3.625 , 21833.69
3.627 , 22039.15
3.629 , 22038.62
3.631 , 22038.09
3.633 , 22037.56
3.634 , 21968.57
3.636 , 22036.7
3.638 , 22173.73
3.64 , 22035.87
3.642 , 21691.4
3.644 , 21896.63
3.646 , 21895.87
3.648 , 21895.11
3.65 , 22031.96
3.651 , 21894.14
3.653 , 21962.21
3.655 , 22167.9
3.657 , 22030.04
3.659 , 21960.69
3.661 , 22097.64
3.663 , 21890.85
3.665 , 22027.64
3.667 , 21820.78
3.668 , 22095.34
3.671 , 22025.82
3.672 , 21956.84
3.674 , 21956.19
3.676 , 22093.1
3.678 , 21955.13
3.68 , 21954.49
3.682 , 22160.18
3.684 , 21815.98
3.686 , 22227.78
3.688 , 22021.26
3.69 , 22158.29
3.691 , 22158.31
3.693 , 22226.79
3.695 , 22020.26
3.697 , 22019.73
3.699 , 22156.76
3.701 , 22225.24
3.703 , 22293.83
3.705 , 22224.98
3.707 , 22224.79
3.709 , 22224.61
3.71 , 22155.96
3.712 , 22224.44
3.714 , 22224.26
3.716 , 22224.07
3.718 , 22155.11
3.72 , 22223.59
3.722 , 22085.84
3.724 , 22222.98
3.726 , 22154.02
3.727 , 22016.48
3.729 , 22153.51
3.731 , 22015.65
3.733 , 22083.9
3.735 , 22083.49
3.737 , 22083.07
3.739 , 22082.66
3.741 , 22082.25
3.743 , 22013.05
3.745 , 22012.52
3.747 , 22080.78
3.749 , 22286.7
3.75 , 21805.5
3.752 , 22010.96
3.754 , 21872.88
3.764 , 22075.88
3.766 , 22144.25
3.767 , 22213.05
3.769 , 22006.53
3.771 , 22212.33
3.773 , 22005.81
3.775 , 22142.84
3.777 , 22280.1
3.779 , 21867.36
3.781 , 22004.16
3.782 , 21935.18
3.784 , 21796.97
3.786 , 22002.44
3.788 , 22001.91
3.79 , 21863.83
3.792 , 22069.41
3.794 , 22000.21
3.796 , 21930.91
3.798 , 21930.27
3.8 , 21929.63
3.802 , 21997.76
3.803 , 21997.55
3.805 , 21997.03
3.807 , 21790.16
3.809 , 21995.63
3.811 , 21995.1
3.813 , 21788.24
3.815 , 22131.26
3.817 , 21993.41
3.819 , 22130.44
3.82 , 21992.95
3.822 , 21854.82
3.824 , 21785.28
3.826 , 22128.35
3.828 , 21852.94
3.83 , 22058.52
3.832 , 21989.33
3.834 , 22126.36
3.836 , 22057.29
3.838 , 22194.43
3.84 , 22125.47
3.841 , 22056.71
3.843 , 21987.52
3.845 , 22055.78
3.847 , 21986.58
3.849 , 21848.5
3.851 , 21916.52
3.853 , 22053.44
3.855 , 22053.03
3.857 , 21915.06
3.859 , 21983.2
3.86 , 21982.99
3.863 , 21913.37
3.865 , 21775.17
3.867 , 21911.86
3.868 , 22049.1
3.87 , 22186.24
3.872 , 22048.5
3.874 , 21910.53
3.876 , 21909.89
3.878 , 21978.03
3.88 , 21908.73
3.882 , 21976.87
3.884 , 21838.79
3.886 , 21975.59
3.888 , 21837.51
3.889 , 21974.63
3.891 , 22042.88
3.893 , 21836.09
3.895 , 21972.94
3.897 , 22041.19
3.899 , 21972.0
3.901 , 21971.48
3.903 , 21970.95
3.905 , 21832.82
3.907 , 21969.63
3.909 , 21693.99
3.91 , 21968.44
3.912 , 21830.36
3.914 , 21829.6
3.916 , 21691.29
3.918 , 22034.21
3.92 , 21827.46
3.922 , 21895.48
3.924 , 21688.51
3.926 , 21893.86
3.928 , 21824.44
3.93 , 22098.81
3.931 , 21892.49
3.933 , 21823.08
3.935 , 21959.88
3.937 , 21890.58
3.939 , 21752.38
3.941 , 21820.29
3.943 , 21957.1
3.945 , 21887.79
3.947 , 21955.94
3.949 , 22092.97
3.95 , 21886.66
3.952 , 21954.8
3.954 , 22023.05
3.956 , 22022.64
3.958 , 21884.68
3.96 , 21884.04
3.962 , 21952.18
3.964 , 21882.88
3.966 , 21951.02
3.968 , 21881.71
3.97 , 21881.08
3.971 , 21880.76
3.973 , 22086.46
3.975 , 22086.16
3.977 , 21948.31
3.979 , 22085.34
3.981 , 22222.61
3.983 , 21878.65
3.985 , 22084.35
3.987 , 22084.05
3.989 , 21877.42
3.991 , 21945.56
3.993 , 21876.26
3.995 , 22013.18
3.997 , 21806.44
3.998 , 22081.12
4.0 , 22080.83
4.002 , 21736.63
4.004 , 22079.66
4.006 , 22010.59
4.008 , 22010.18
4.01 , 21872.22
4.012 , 22077.92
4.013 , 21871.61
4.015 , 21870.97
4.017 , 22007.89
4.019 , 21732.37
4.021 , 21869.06
4.023 , 21868.42
4.025 , 22005.34
4.027 , 21798.6
4.029 , 21797.85
4.031 , 22003.43
4.032 , 21797.01
4.034 , 21933.81
4.036 , 21795.73
4.038 , 21932.54
4.04 , 21794.46
4.042 , 21862.49
4.044 , 21793.07
4.046 , 21792.32
4.048 , 21791.57
4.049 , 21791.14
4.051 , 21652.83
4.053 , 21789.41
4.055 , 21857.44
4.057 , 21788.03
4.059 , 21787.27
4.061 , 21648.96
4.063 , 21716.77
4.065 , 21647.12
4.067 , 21646.14
4.069 , 21782.72
4.071 , 21781.97
4.072 , 21781.54
4.074 , 21780.79
4.076 , 21642.48
4.078 , 21916.66
4.08 , 21434.64
4.082 , 21639.66
4.084 , 21707.46
4.086 , 21844.15
4.088 , 21568.4
4.09 , 21773.69
4.091 , 21704.48
4.093 , 21703.62
4.103 , 21837.77
4.105 , 21905.92
4.107 , 21836.62
4.108 , 21905.08
4.11 , 21767.0
4.112 , 21835.03
4.114 , 21971.95
4.116 , 21971.55
4.118 , 21627.25
4.12 , 21763.83
4.122 , 21969.41
4.124 , 21969.01
4.126 , 21831.04
4.127 , 22037.06
4.129 , 21899.22
4.131 , 21829.92
4.133 , 21898.06
4.135 , 21828.76
4.137 , 21965.69
4.139 , 21965.28
4.141 , 22033.66
4.143 , 21964.59
4.144 , 21964.5
4.146 , 21895.31
4.148 , 22032.35
4.15 , 21963.29
4.152 , 22031.66
4.154 , 22031.37
4.156 , 21962.3
4.158 , 22030.67
4.16 , 21961.6
4.162 , 22029.98
4.164 , 22029.69
4.165 , 22098.49
4.167 , 22098.32
4.169 , 21960.58
4.171 , 22097.74
4.173 , 22166.34
4.175 , 22028.72
4.177 , 22097.21
4.179 , 22097.04
4.181 , 21890.52
4.183 , 22027.56
4.184 , 22027.59
4.186 , 22027.3
4.188 , 22027.01
4.19 , 22233.06
4.192 , 22026.77
4.194 , 22164.04
4.196 , 22301.54
4.198 , 22026.59
4.2 , 22438.98
4.201 , 21820.68
4.203 , 22026.38
4.205 , 22026.09
4.207 , 21957.03
4.209 , 21956.62
4.211 , 21818.66
4.213 , 22024.37
4.215 , 22024.08
4.217 , 22023.79
4.218 , 21955.04
4.22 , 22023.41
4.222 , 21885.56
4.224 , 21953.82
4.226 , 21884.64
4.228 , 21884.13
4.23 , 21952.39
4.232 , 21951.98
4.234 , 21882.8
4.235 , 21951.38
4.237 , 21882.2
4.239 , 22088.02
4.241 , 22019.06
4.243 , 22018.78
4.245 , 21949.71
4.247 , 21811.75
4.249 , 22155.01
4.251 , 21811.06
4.253 , 21810.43
4.255 , 21809.79
4.256 , 21878.26
4.258 , 21740.18
4.26 , 21876.99
4.262 , 21807.7
4.264 , 21944.62
4.266 , 21944.22
4.268 , 22012.6
4.27 , 21805.97
4.272 , 21667.78
4.273 , 21873.58
4.275 , 21873.06
4.277 , 21803.77
4.279 , 21940.69
4.281 , 21940.29
4.283 , 21871.11
4.285 , 21801.81
4.287 , 21869.96
4.289 , 21938.22
4.291 , 22075.38
4.293 , 21731.31
4.294 , 21799.66
4.296 , 21867.81
4.298 , 21867.29
4.3 , 22073.11
4.302 , 21866.6
4.304 , 22072.47
4.306 , 22072.3
4.307 , 22210.0
4.309 , 22141.28
4.311 , 21866.06
4.313 , 22071.92
4.315 , 22002.97
4.317 , 22002.69
4.319 , 21933.62
4.321 , 22002.0
4.323 , 22070.49
4.325 , 22070.32
4.326 , 21795.35
4.328 , 22138.61
4.33 , 22069.78
4.332 , 22138.38
4.334 , 22000.77
4.336 , 21862.92
4.338 , 22137.52
4.34 , 21931.13
4.342 , 21999.51
4.343 , 22068.31
4.345 , 21793.03
4.347 , 22067.51
4.349 , 21861.0
4.351 , 21860.49
4.353 , 21928.75
4.355 , 21722.02
4.357 , 22065.17
4.359 , 21996.21
4.36 , 22065.02
4.362 , 21858.52
4.364 , 22064.34
4.366 , 22064.17
4.368 , 21926.44
4.37 , 22132.37
4.372 , 22132.32
4.374 , 22063.48
4.376 , 21788.2
4.378 , 22062.68
4.38 , 22062.51
4.382 , 22062.34
4.383 , 22062.48
4.385 , 21993.53
4.387 , 22062.03
4.389 , 22061.86
4.391 , 22061.69
4.393 , 21923.91
4.395 , 21717.18
4.397 , 22060.37
4.399 , 21922.6
4.401 , 22059.8
4.402 , 21922.34
4.404 , 21853.16
4.406 , 21852.65
4.408 , 21852.13
4.41 , 21645.29
4.412 , 21781.99
4.414 , 21781.36
4.416 , 21849.51
4.418 , 21711.44
4.42 , 21985.81
4.421 , 21985.84
4.423 , 21916.78
4.425 , 21916.38
4.427 , 21847.2
4.429 , 21915.47
4.431 , 21915.07
4.433 , 21914.67
4.442 , 21705.74
4.444 , 21842.55
4.446 , 21910.82
4.448 , 21841.64
4.45 , 21703.57
4.452 , 21840.38
4.454 , 21771.09
4.456 , 21839.24
4.458 , 22045.07
4.459 , 21838.88
4.461 , 21838.36
4.463 , 21769.07
4.465 , 21906.0
4.467 , 21768.05
4.469 , 21904.98
4.471 , 21904.58
4.473 , 21697.85
4.475 , 21903.44
4.477 , 21765.48
4.479 , 21627.3
4.48 , 21901.88
4.482 , 22039.04
4.484 , 21832.53
4.486 , 21832.02
4.488 , 22106.62
4.49 , 21900.23
4.492 , 21899.83
4.494 , 21693.1
4.496 , 21829.91
4.497 , 21829.72
4.499 , 21897.98
4.501 , 21828.8
4.503 , 21897.07
4.505 , 21759.12
4.507 , 21964.83
4.509 , 21826.99
4.511 , 21826.48
4.513 , 21757.19
4.515 , 21962.9
4.517 , 21962.62
4.519 , 21755.99
4.52 , 21755.68
4.522 , 22030.17
4.524 , 21754.89
4.526 , 21960.6
4.528 , 21753.98
4.53 , 21822.13
4.532 , 21752.84
4.534 , 21958.55
4.536 , 21751.94
4.538 , 21820.09
4.539 , 21819.89
4.541 , 21819.38
4.543 , 21887.65
4.545 , 21818.47
4.547 , 21817.96
4.549 , 21955.01
4.551 , 21679.61
4.553 , 21610.09
4.555 , 21815.57
4.557 , 21746.29
4.558 , 21677.19
4.56 , 21882.79
4.562 , 21607.28
4.564 , 21812.76
4.566 , 21674.69
4.568 , 22017.85
4.57 , 21811.34
4.572 , 21810.84
4.574 , 21672.77
4.576 , 21672.03
4.578 , 21808.85
4.58 , 21670.78
4.582 , 21807.6
4.583 , 21876.18
4.585 , 21738.22
4.587 , 21806.38
4.589 , 21805.87
4.591 , 21736.58
4.593 , 21667.18
4.595 , 21872.78
4.597 , 21872.38
4.599 , 21940.76
4.601 , 21940.48
4.603 , 21802.64
4.604 , 21802.45
4.606 , 21939.49
4.608 , 21801.65
4.61 , 21801.15
4.612 , 21938.19
4.614 , 21869.13
4.616 , 22006.3
4.618 , 22143.69
4.619 , 21800.17
4.621 , 21937.22
4.623 , 22005.72
4.625 , 22005.55
4.627 , 22005.38
4.629 , 22005.22
4.631 , 21867.5
4.633 , 21935.88
4.635 , 22004.38
4.637 , 21866.61
4.639 , 22141.38
4.641 , 21797.5
4.643 , 21865.81
4.644 , 22003.29
4.646 , 22140.68
4.648 , 21865.63
4.65 , 22140.35
4.652 , 22209.19
4.654 , 21934.21
4.656 , 22002.71
4.658 , 22071.32
4.66 , 22002.49
4.661 , 22071.46
4.663 , 22071.41
4.665 , 22071.36
4.667 , 22208.82
4.669 , 22071.44
4.671 , 22071.39
4.673 , 22208.9
4.675 , 22140.3
4.677 , 22071.58
4.678 , 22071.85
4.68 , 22071.79
4.682 , 22209.3
4.684 , 22209.48
4.686 , 22140.88
4.688 , 22072.17
4.69 , 21934.56
4.692 , 22071.84
4.694 , 22071.79
4.696 , 22209.29
4.698 , 22003.14
4.7 , 22002.97
4.702 , 22002.81
4.703 , 22209.29
4.705 , 22071.91
4.707 , 22003.08
4.709 , 22140.47
4.711 , 22278.1
4.713 , 22003.28
4.715 , 22071.89
4.717 , 21796.73
4.718 , 21727.75
4.72 , 21795.91
4.722 , 22001.74
4.724 , 21657.68
4.726 , 21794.5
4.728 , 21793.99
4.73 , 21862.26
4.732 , 21861.87
4.734 , 21723.92
4.736 , 21792.08
4.737 , 21791.88
4.739 , 21653.82
4.741 , 21859.42
4.743 , 21927.8
4.745 , 21789.97
4.747 , 21789.46
4.749 , 21857.73
4.751 , 21788.56
4.753 , 21788.06
4.755 , 21993.88
4.757 , 21924.94
4.759 , 21924.67
4.761 , 21855.61
4.763 , 21786.44
4.764 , 21648.68
4.766 , 21854.29
4.768 , 21991.45
4.77 , 21784.95
4.772 , 21715.67
4.782 , 21987.68
4.784 , 21849.96
4.786 , 21780.79
4.787 , 21780.59
4.789 , 21917.64
4.791 , 21986.14
4.793 , 21917.2
4.795 , 21848.15
4.797 , 21985.31
4.799 , 21847.59
4.801 , 21778.42
4.803 , 21777.92
4.805 , 21846.19
4.807 , 21845.8
4.808 , 21914.5
4.81 , 22051.78
4.812 , 21845.39
4.814 , 21707.45
4.816 , 21913.16
4.818 , 21775.33
4.82 , 21843.6
4.822 , 22049.59
4.824 , 21911.94
4.826 , 21911.66
4.828 , 21911.43
4.829 , 21980.24
4.831 , 22048.86
4.833 , 22117.59
4.835 , 21980.1
4.837 , 21911.16
4.839 , 21842.11
4.841 , 22048.05
4.843 , 21841.67
4.845 , 21841.28
4.846 , 21978.76
4.848 , 22047.38
4.85 , 21840.99
4.852 , 22046.94
4.854 , 22046.89
4.856 , 21909.29
4.858 , 21977.79
4.86 , 21908.85
4.862 , 22046.13
4.864 , 22183.64
4.865 , 22046.58
4.867 , 21908.97
4.869 , 21908.7
4.871 , 22045.98
4.873 , 22045.93
4.875 , 22183.44
4.877 , 21977.29
4.879 , 21908.35
4.881 , 21976.85
4.883 , 21839.13
4.885 , 21907.52
4.887 , 21838.47
4.889 , 21975.64
4.89 , 21769.45
4.892 , 21975.28
4.894 , 21768.78
4.896 , 21905.84
4.898 , 21905.56
4.9 , 21974.07
4.902 , 21767.57
4.904 , 21973.4
4.906 , 21835.64
4.908 , 22041.63
4.91 , 21766.42
4.912 , 21765.92
4.913 , 21834.5
4.915 , 21902.89
4.917 , 21833.84
4.919 , 21902.23
4.921 , 21764.4
4.923 , 21695.12
4.925 , 21832.06
4.927 , 21625.33
4.929 , 21762.16
4.931 , 21624.1
4.932 , 21554.89
4.934 , 21554.05
4.936 , 21828.32
4.938 , 21552.81
4.94 , 21620.74
4.942 , 21620.01
4.944 , 21688.06
4.946 , 21549.88
4.948 , 21549.04
4.949 , 21617.28
4.952 , 21753.8
4.953 , 21547.27
4.955 , 21546.42
4.957 , 21751.91
4.959 , 21476.29
4.961 , 21750.45
4.963 , 21543.61
4.965 , 21611.54
4.967 , 21748.37
4.969 , 21541.53
4.971 , 21540.68
4.972 , 21540.14
4.974 , 21470.52
4.976 , 21263.22
4.978 , 21537.04
4.98 , 21604.97
4.982 , 21535.46
4.984 , 21534.61
4.986 , 21602.55
4.988 , 21670.59
4.989 , 21532.73
4.991 , 21325.55
4.993 , 21324.36
4.995 , 21460.72
4.997 , 21390.99
4.999 , 21458.69
5.001 , 21595.29
5.003 , 21457.0
5.005 , 21456.04
5.007 , 21455.08
5.008 , 21454.43
5.01 , 21591.03
5.012 , 21521.52
5.014 , 21520.68
5.016 , 21244.71
5.018 , 21449.75
5.02 , 21655.13
5.022 , 21448.17
5.024 , 21447.21
5.026 , 21515.03
5.027 , 21514.5
5.029 , 21444.87
5.031 , 21650.25
5.033 , 21236.96
5.035 , 21235.66
5.037 , 21440.69
5.039 , 21508.51
5.041 , 21576.45
5.043 , 21300.6
5.044 , 21437.28
5.046 , 21298.76
5.048 , 21710.25
5.05 , 21503.41
5.052 , 21365.01
5.054 , 21363.94
5.056 , 21362.86
5.057 , 21362.1
5.059 , 21636.14
5.061 , 21291.63
5.063 , 21359.22
5.065 , 21495.71
5.067 , 21357.3
5.069 , 21425.01
5.071 , 21492.83
5.073 , 21491.99
5.074 , 21422.67
5.076 , 21284.16
5.078 , 21351.75
5.08 , 21419.46
5.082 , 21280.94
5.084 , 21417.31
5.086 , 21416.4
5.088 , 21277.84
5.09 , 21414.25
5.092 , 21550.85
5.094 , 21206.18
5.096 , 21411.26
5.097 , 21410.61
5.099 , 21478.44
5.101 , 21477.59
5.103 , 21201.63
5.105 , 21544.23
5.107 , 21405.94
5.109 , 21404.98
5.111 , 21541.58
5.12 , 21401.15
5.122 , 21262.63
5.124 , 21330.18
5.126 , 21397.93
5.128 , 21259.37
5.129 , 21189.76
5.131 , 21394.79
5.133 , 21325.01
5.135 , 21323.94
5.137 , 21254.09
5.139 , 21252.9
5.141 , 21251.72
5.143 , 21319.31
5.145 , 21318.24
5.147 , 21317.17
5.149 , 21247.32
5.15 , 21246.44
5.152 , 21314.03
5.154 , 21312.96
5.156 , 21380.67
5.158 , 21310.93
5.16 , 21378.64
5.162 , 21446.46
5.164 , 21445.62
5.166 , 21376.0
5.168 , 21443.82
5.169 , 21374.51
5.171 , 21579.89
5.173 , 21579.28
5.175 , 21372.33
5.177 , 21440.15
5.179 , 21714.42
5.181 , 21645.26
5.183 , 21438.42
5.184 , 21575.45
5.186 , 21437.28
5.188 , 21573.99
5.19 , 21504.6
5.192 , 21641.43
5.194 , 21434.6
5.196 , 21502.53
5.198 , 21364.25
5.2 , 21500.85
5.201 , 21637.99
5.203 , 21775.04
5.205 , 21568.44
5.207 , 21499.05
5.209 , 21498.32
5.211 , 21497.6
5.213 , 21634.43
5.215 , 21496.37
5.217 , 21633.2
5.219 , 21495.15
5.221 , 21838.31
5.222 , 21976.02
5.224 , 21632.2
5.226 , 21631.71
5.228 , 21837.54
5.23 , 21768.61
5.232 , 21905.9
5.234 , 21699.52
5.236 , 21699.14
5.237 , 21836.62
5.239 , 21767.69
5.241 , 21767.42
5.243 , 21904.71
5.245 , 21629.55
5.247 , 21697.84
5.249 , 21835.01
5.251 , 21697.3
5.253 , 21696.92
5.255 , 21902.87
5.256 , 21834.36
5.258 , 21902.98
5.26 , 21834.16
5.262 , 21971.57
5.264 , 21765.31
5.266 , 21833.82
5.268 , 21833.66
5.27 , 21627.17
5.272 , 21695.46
5.274 , 21763.85
5.276 , 21832.36
5.277 , 21901.29
5.279 , 21694.92
5.281 , 21763.31
5.283 , 21487.93
5.285 , 21624.76
5.287 , 21486.71
5.289 , 21417.2
5.291 , 21622.7
5.293 , 21553.43
5.295 , 21484.04
5.296 , 21827.51
5.298 , 21483.46
5.3 , 21689.07
5.302 , 21551.13
5.304 , 21619.3
5.306 , 21687.59
5.308 , 21687.2
5.31 , 21686.82
5.312 , 21617.66
5.313 , 21823.81
5.315 , 21686.1
5.317 , 21616.94
5.319 , 21754.0
5.321 , 21616.17
5.323 , 21615.68
5.325 , 21615.18
5.327 , 21339.57
5.329 , 21544.96
5.331 , 21613.12
5.333 , 21543.85
5.335 , 21543.24
5.336 , 21542.93
5.338 , 21542.32
5.34 , 21679.27
5.342 , 21541.33
5.344 , 21471.94
5.346 , 21471.22
5.348 , 21470.49
5.35 , 21400.99
5.352 , 21606.49
5.353 , 21537.52
5.355 , 21468.13
5.357 , 21536.18
5.359 , 21673.13
5.361 , 21466.41
5.363 , 21534.47
5.365 , 21671.42
5.367 , 21464.7
5.368 , 21533.06
5.37 , 21670.01
5.372 , 21600.85
5.374 , 21531.57
5.376 , 21599.74
5.378 , 21530.47
5.38 , 21736.2
5.382 , 21667.15
5.384 , 21529.21
5.386 , 21597.38
5.388 , 21596.89
5.389 , 21596.7
5.391 , 21596.21
5.393 , 21595.71
5.395 , 21595.21
5.397 , 21388.38
5.399 , 21731.44
5.401 , 21731.18
5.403 , 21799.69
5.405 , 21730.76
5.407 , 21524.15
5.409 , 21592.33
5.411 , 21523.05
5.412 , 21591.53
5.414 , 21522.25
5.416 , 21590.42
5.418 , 21658.71
5.42 , 21451.99
5.422 , 21588.83
5.424 , 21519.55
5.426 , 21450.17
5.428 , 21518.22
5.429 , 21586.7
5.431 , 21448.64
5.433 , 21654.26
5.435 , 21653.88
5.437 , 21653.5
5.439 , 21309.22
5.441 , 21652.17
5.443 , 21858.13
5.445 , 21582.97
5.447 , 21651.26
5.449 , 21650.88
5.45 , 21582.03
5.46 , 21579.1
5.462 , 21578.61
5.464 , 21440.55
5.466 , 21508.61
5.468 , 21439.22
5.47 , 21369.72
5.471 , 21644.31
5.473 , 21575.15
5.475 , 21574.65
5.477 , 21642.94
5.479 , 21367.45
5.481 , 21229.05
5.483 , 21503.1
5.485 , 21433.72
5.487 , 21364.21
5.489 , 21363.38
5.49 , 21362.85
5.492 , 21637.13
5.494 , 21430.41
5.496 , 21498.47
5.498 , 21566.64
5.5 , 21566.15
5.502 , 21496.88
5.504 , 21289.93
5.506 , 21564.1
5.508 , 21632.38
5.509 , 21425.97
5.511 , 21494.03
5.513 , 21218.3
5.515 , 21698.69
5.517 , 21423.31
5.519 , 21628.93
5.521 , 21422.21
5.523 , 21421.49
5.525 , 21489.55
5.527 , 21626.5
5.529 , 21488.57
5.53 , 21557.04
5.532 , 21418.99
5.534 , 21555.83
5.536 , 21555.34
5.538 , 21486.06
5.54 , 21347.9
5.542 , 21553.4
5.544 , 21415.35
5.546 , 21345.85
5.547 , 21276.54
5.549 , 21413.15
5.551 , 21481.21
5.553 , 21618.16
5.555 , 21411.44
5.557 , 21410.72
5.559 , 21410.0
5.561 , 21271.72
5.563 , 21270.77
5.564 , 21545.24
5.566 , 21407.2
5.568 , 21406.47
5.57 , 21336.97
5.572 , 21611.26
5.574 , 21610.88
5.576 , 21472.94
5.578 , 21403.56
5.58 , 21471.62
5.582 , 21608.57
5.583 , 21264.6
5.585 , 21401.21
5.587 , 21331.71
5.589 , 21468.48
5.591 , 21536.65
5.593 , 21123.44
5.595 , 21259.82
5.597 , 21602.81
5.599 , 21464.88
5.601 , 21326.72
5.603 , 21532.22
5.604 , 21669.59
5.606 , 21531.77
5.608 , 21737.61
5.61 , 21462.35
5.612 , 21736.86
5.614 , 21599.16
5.616 , 21598.78
5.618 , 21392.07
5.62 , 21460.13
5.622 , 21803.41
5.623 , 21528.57
5.625 , 21665.63
5.627 , 21596.6
5.629 , 21458.66
5.631 , 21458.06
5.633 , 21388.67
5.635 , 21731.85
5.637 , 21387.81
5.639 , 21593.42
5.64 , 21387.01
5.642 , 21592.63
5.644 , 21592.26
5.646 , 21454.32
5.648 , 21522.49
5.65 , 21590.79
5.652 , 21590.41
5.654 , 21383.7
5.656 , 21589.31
5.658 , 21588.94
5.66 , 21588.56
5.662 , 21381.8
5.663 , 21381.39
5.665 , 21587.0
5.667 , 21586.63
5.669 , 21586.25
5.671 , 21585.88
5.673 , 21585.5
5.675 , 21378.79
5.677 , 21446.85
5.679 , 21652.58
5.681 , 21377.21
5.682 , 21583.13
5.684 , 21582.75
5.686 , 21444.82
5.688 , 21375.44
5.69 , 21374.72
5.692 , 21442.78
5.694 , 21442.18
5.696 , 21716.69
5.698 , 21578.98
5.7 , 21716.16
5.702 , 21647.24
5.703 , 21578.5
5.705 , 21509.35
5.707 , 21577.64
5.709 , 21439.71
5.711 , 21370.32
5.713 , 21438.38
5.715 , 21575.34
5.717 , 21712.52
5.719 , 21437.26
5.721 , 21642.99
5.723 , 21642.73
5.724 , 21573.99
5.726 , 21573.62
5.728 , 21573.25
5.73 , 21641.65
5.732 , 21641.39
5.734 , 21641.13
5.736 , 21572.09
5.738 , 21434.16
5.74 , 21571.12
5.742 , 21570.74
5.743 , 21364.33
5.745 , 21569.95
5.747 , 21569.57
5.749 , 21569.2
5.751 , 21224.93
5.753 , 21499.1
5.755 , 21498.61
5.757 , 21498.12
5.759 , 21566.41
5.761 , 21359.71
5.763 , 21427.77
5.764 , 21496.24
5.766 , 21564.53
5.768 , 21357.82
5.77 , 21357.11
5.772 , 21356.39
5.774 , 21286.89
5.776 , 21148.5
5.778 , 21353.78
5.78 , 21490.62
5.782 , 21421.35
5.784 , 21283.19
5.786 , 21282.36
5.788 , 21350.31
5.789 , 21418.67
5.799 , 21209.32
5.801 , 21345.94
5.803 , 21207.66
5.805 , 21137.94
5.807 , 21136.88
5.808 , 21273.68
5.81 , 21341.62
5.812 , 21203.35
5.814 , 21133.63
5.816 , 21270.13
5.818 , 21200.52
5.82 , 21199.57
5.822 , 21198.62
5.823 , 21266.76
5.825 , 21128.42
5.827 , 21471.25
5.829 , 21126.82
5.831 , 21194.59
5.833 , 21262.38
5.835 , 21124.03
5.837 , 21191.75
5.839 , 21122.03
5.841 , 21258.53
5.842 , 21189.22
5.844 , 21119.45
5.846 , 21531.11
5.848 , 21255.62
5.85 , 21186.01
5.852 , 21253.85
5.854 , 21390.58
5.856 , 21252.42
5.858 , 21320.37
5.86 , 21250.87
5.862 , 21250.04
5.863 , 21318.29
5.865 , 21317.57
5.867 , 21316.86
5.869 , 21178.58
5.871 , 21383.98
5.873 , 21452.15
5.875 , 21176.55
5.877 , 21450.72
5.879 , 21450.24
5.881 , 21380.97
5.883 , 21174.04
5.884 , 21379.73
5.886 , 21447.91
5.888 , 21309.86
5.89 , 21515.48
5.892 , 21308.73
5.894 , 21308.06
5.896 , 21444.9
5.898 , 21444.42
5.9 , 21512.71
5.902 , 21305.96
5.904 , 21305.24
5.905 , 21304.83
5.907 , 21441.71
5.909 , 21372.4
5.911 , 21371.8
5.913 , 21164.87
5.915 , 21576.6
5.917 , 21301.22
5.919 , 21369.29
5.921 , 21368.69
5.923 , 21368.09
5.925 , 21573.82
5.926 , 21367.53
5.928 , 21298.15
5.93 , 21366.21
5.932 , 21571.95
5.934 , 21365.36
5.936 , 21364.76
5.938 , 21364.16
5.94 , 21088.44
5.942 , 21293.72
5.944 , 21499.34
5.945 , 21361.71
5.947 , 21292.34
5.949 , 21291.62
5.951 , 21290.91
5.953 , 21290.19
5.955 , 21358.26
5.957 , 21288.88
5.959 , 21219.39
5.961 , 21493.67
5.963 , 21286.97
5.965 , 21286.25
5.966 , 21010.72
5.968 , 21284.66
5.97 , 21490.29
5.972 , 21283.58
5.974 , 21282.87
5.976 , 21419.71
5.978 , 21281.67
5.98 , 21418.51
5.982 , 21349.25
5.984 , 21348.65
5.986 , 21279.27
5.988 , 21347.34
5.989 , 21553.37
5.991 , 21484.34
5.993 , 21415.19
5.995 , 21552.26
5.997 , 21414.45
5.999 , 21482.74
6.001 , 21551.15
6.003 , 21275.78
6.005 , 21412.63
6.007 , 21549.7
6.008 , 21343.4
6.01 , 21411.58
6.012 , 21342.32
6.014 , 21341.72
6.016 , 21409.9
6.018 , 21271.86
6.02 , 21615.04
6.022 , 21614.9
6.024 , 21408.42
6.025 , 21545.8
6.027 , 21614.32
6.029 , 21614.18
6.031 , 21614.04
6.033 , 21476.34
6.035 , 21544.75
6.037 , 21613.27
6.039 , 21131.68
6.041 , 21543.41
6.043 , 21543.16
6.044 , 21474.42
6.046 , 21542.83
6.048 , 21336.24
6.05 , 21610.76
6.052 , 21473.06
6.054 , 21610.25
6.056 , 21472.55
6.058 , 21609.74
6.06 , 21472.04
6.061 , 21403.19
6.063 , 21540.26
6.065 , 21677.57
6.067 , 21539.98
6.069 , 21539.78
6.071 , 21470.7
6.073 , 21539.11
6.075 , 21470.07
6.077 , 21194.59
6.079 , 21537.7
6.08 , 21537.75
6.082 , 21606.27
6.084 , 21606.13
6.086 , 21537.21
6.088 , 21468.18
6.09 , 21330.25
6.092 , 21398.43
6.094 , 21535.51
6.096 , 21260.09
6.098 , 21328.21
6.1 , 21396.39
6.102 , 21464.68
6.103 , 21395.83
6.105 , 21257.79
6.107 , 21394.64
6.109 , 21531.71
6.111 , 21393.9
6.113 , 21393.42
6.115 , 21255.38
6.117 , 21392.22
6.119 , 21598.08
6.12 , 21391.9
6.122 , 21528.98
6.124 , 21528.72
6.126 , 21322.13
6.128 , 21596.65
6.137 , 21250.53
6.139 , 21387.37
6.141 , 21386.89
6.143 , 21661.53
6.145 , 21386.38
6.147 , 21385.9
6.149 , 21454.2
6.151 , 21385.05
6.153 , 21522.13
6.154 , 21384.61
6.156 , 21384.13
6.158 , 21314.87
6.16 , 21520.61
6.162 , 21520.36
6.164 , 21176.21
6.166 , 21588.06
6.168 , 21450.36
6.17 , 21450.0
6.172 , 21449.63
6.174 , 21449.26
6.175 , 21380.41
6.177 , 21448.71
6.179 , 21379.56
6.181 , 21241.52
6.183 , 21103.25
6.185 , 21377.43
6.187 , 21514.51
6.189 , 21239.14
6.19 , 21513.84
6.192 , 21307.25
6.194 , 21306.65
6.196 , 21168.5
6.198 , 21305.23
6.2 , 21167.08
6.202 , 20959.92
6.204 , 21233.87
6.206 , 21301.94
6.208 , 21163.78
6.209 , 21300.81
6.211 , 21162.66
6.213 , 21299.39
6.215 , 21367.57
6.217 , 21298.32
6.219 , 21091.38
6.221 , 21159.22
6.223 , 21295.96
6.225 , 21364.14
6.226 , 21226.4
6.228 , 21363.25
6.23 , 21362.77
6.232 , 21224.73
6.234 , 21224.02
6.236 , 21223.31
6.238 , 21360.15
6.24 , 21222.12
6.242 , 21152.63
6.244 , 21358.14
6.245 , 21357.96
6.247 , 21357.48
6.249 , 21425.78
6.251 , 21356.63
6.253 , 21287.37
6.255 , 21286.77
6.257 , 21423.74
6.259 , 21148.25
6.261 , 21147.43
6.263 , 21146.61
6.264 , 21214.86
6.266 , 21351.71
6.268 , 21282.45
6.27 , 21350.63
6.272 , 21350.15
6.274 , 21349.67
6.276 , 21417.97
6.278 , 21348.83
6.28 , 21142.01
6.282 , 21347.52
6.283 , 21209.78
6.285 , 21209.07
6.287 , 21277.14
6.289 , 21138.99
6.291 , 21206.95
6.293 , 21206.23
6.295 , 21205.53
6.297 , 21136.04
6.299 , 21410.33
6.301 , 21203.63
6.302 , 21340.77
6.304 , 21340.29
6.306 , 21477.37
6.308 , 21339.56
6.31 , 21270.3
6.312 , 21269.71
6.314 , 21200.34
6.316 , 21130.85
6.318 , 21542.7
6.319 , 21336.52
6.321 , 21336.04
6.323 , 21198.01
6.325 , 21128.52
6.327 , 21540.42
6.329 , 21471.46
6.331 , 21333.69
6.333 , 21401.99
6.335 , 21332.85
6.336 , 21332.67
6.338 , 21263.36
6.34 , 21331.59
6.342 , 21193.55
6.344 , 21330.4
6.346 , 21261.15
6.348 , 21191.77
6.35 , 21122.29
6.352 , 21190.24
6.353 , 21121.05
6.355 , 21257.79
6.357 , 21325.97
6.359 , 21394.27
6.361 , 21118.79
6.363 , 21255.53
6.365 , 21186.16
6.367 , 21254.23
6.369 , 21391.19
6.371 , 21390.83
6.373 , 21321.68
6.374 , 21252.72
6.376 , 21320.91
6.378 , 21320.43
6.38 , 21319.95
6.382 , 21388.25
6.384 , 21663.0
6.386 , 21387.98
6.388 , 21456.39
6.39 , 21524.92
6.392 , 21456.01
6.394 , 21455.76
6.395 , 21318.25
6.397 , 21524.11
6.399 , 21523.97
6.401 , 21523.84
6.403 , 21386.14
6.405 , 21385.78
6.407 , 21454.2
6.409 , 21385.12
6.411 , 21247.2
6.413 , 21452.99
6.414 , 21521.77
6.416 , 21384.08
6.418 , 21246.15
6.42 , 21383.12
6.422 , 21520.31
6.424 , 21382.62
6.426 , 21519.81
6.428 , 21382.12
6.43 , 21450.54
6.432 , 21312.73
6.433 , 21587.66
6.435 , 21381.31
6.437 , 21518.5
6.439 , 21380.81
6.441 , 21449.22
6.443 , 21311.42
6.445 , 21310.94
6.447 , 21516.8
6.449 , 21310.32
6.451 , 21447.4
6.452 , 21447.45
6.454 , 21447.2
6.456 , 21446.95
6.458 , 21377.93
6.46 , 21377.56
6.462 , 21170.86
6.464 , 21376.49
6.466 , 21376.13
6.468 , 21650.88
6.477 , 21305.01
6.479 , 21442.09
6.481 , 21441.84
6.483 , 21235.26
6.485 , 21234.66
6.487 , 21371.63
6.489 , 21508.82
6.491 , 21302.35
6.492 , 21370.95
6.494 , 21301.81
6.496 , 21232.55
6.498 , 21369.52
6.5 , 21300.38
6.502 , 21299.9
6.504 , 21368.2
6.506 , 21161.5
6.507 , 21229.87
6.509 , 21229.28
6.511 , 21435.03
6.513 , 21297.22
6.515 , 21159.19
6.517 , 21364.82
6.519 , 21295.67
6.521 , 21295.2
6.523 , 21157.16
6.525 , 21156.46
6.526 , 21362.38
6.528 , 21155.69
6.53 , 21430.1
6.532 , 21361.07
6.534 , 21154.37
6.536 , 21291.22
6.538 , 21290.74
6.54 , 21290.27
6.541 , 21290.09
6.543 , 21289.61
6.545 , 21151.57
6.547 , 21082.09
6.549 , 21287.61
6.551 , 21287.13
6.553 , 21286.65
6.555 , 21148.62
6.557 , 21423.03
6.559 , 21216.45
6.561 , 21147.08
6.563 , 20940.03
6.564 , 21076.84
6.566 , 21213.58
6.568 , 21350.54
6.57 , 21143.85
6.572 , 21211.92
6.574 , 21004.99
6.576 , 21210.39
6.578 , 21278.58
6.58 , 21346.89
6.581 , 21346.82
6.583 , 21277.68
6.585 , 21208.42
6.587 , 21482.95
6.589 , 21276.48
6.591 , 21207.22
6.593 , 21275.41
6.595 , 21274.94
6.597 , 21136.9
6.599 , 21342.54
6.601 , 21273.4
6.602 , 21135.66
6.604 , 21272.51
6.606 , 21065.7
6.608 , 21339.99
6.61 , 21339.63
6.612 , 21339.27
6.614 , 21338.91
6.616 , 21269.77
6.618 , 21338.07
6.62 , 21475.27
6.622 , 21268.8
6.623 , 21199.84
6.625 , 21336.81
6.627 , 21267.67
6.629 , 21129.64
6.631 , 21266.49
6.633 , 21334.79
6.635 , 21334.43
6.637 , 21334.07
6.638 , 21196.45
6.64 , 21470.97
6.642 , 21333.28
6.644 , 21332.92
6.646 , 21332.56
6.648 , 21263.42
6.65 , 21331.73
6.652 , 21193.81
6.654 , 21193.22
6.656 , 21192.63
6.657 , 21261.07
6.659 , 21191.86
6.661 , 21260.05
6.663 , 21121.97
6.665 , 21327.6
6.667 , 21189.69
6.669 , 21120.32
6.671 , 21325.95
6.673 , 21325.59
6.675 , 21187.67
6.676 , 21256.15
6.678 , 21118.12
6.68 , 21117.42
6.682 , 21185.49
6.684 , 21322.46
6.686 , 21184.54
6.688 , 21252.73
6.69 , 20977.14
6.692 , 21113.77
6.694 , 21250.62
6.696 , 21112.59
6.698 , 21111.88
6.699 , 21249.04
6.701 , 21111.0
6.703 , 21041.52
6.705 , 21109.48
6.707 , 21108.78
6.709 , 21039.3
6.711 , 21176.04
6.713 , 21244.22
6.715 , 21174.97
6.717 , 21174.38
6.718 , 21174.09
6.72 , 20898.38
6.722 , 21103.67
6.724 , 21034.19
6.726 , 20964.6
6.728 , 20963.66
6.73 , 20962.73
6.732 , 21168.14
6.734 , 21098.77
6.736 , 20891.73
6.737 , 20959.76
6.739 , 20958.82
6.741 , 21026.67
6.743 , 21094.63
6.745 , 20887.59
6.747 , 20955.33
6.749 , 20885.62
6.751 , 21090.9
6.753 , 20883.87
6.755 , 20745.26
6.757 , 21087.88
6.759 , 21087.18
6.761 , 21086.48
6.763 , 21016.99
6.764 , 21222.81
6.766 , 20947.22
6.768 , 21015.07
6.77 , 21083.03
6.772 , 20944.77
6.774 , 21081.39
6.776 , 21011.91
6.778 , 20873.54
6.78 , 20941.27
6.782 , 21077.9
6.784 , 21008.42
6.786 , 21007.6
6.787 , 21007.08
6.789 , 20799.92
6.791 , 21005.1
6.793 , 21073.06
6.795 , 21141.14
6.797 , 21002.99
6.799 , 20864.62
6.801 , 21001.13
6.803 , 20931.54
6.804 , 21068.46
6.806 , 20861.42
6.816 , 21064.36
6.818 , 20994.88
6.82 , 20856.5
6.822 , 20717.9
6.824 , 20854.19
6.826 , 21059.48
6.828 , 20989.99
6.829 , 20920.69
6.831 , 20850.98
6.833 , 21056.28
6.835 , 20849.24
6.837 , 20916.97
6.839 , 20847.26
6.841 , 20983.77
6.843 , 20845.4
6.845 , 20844.36
6.847 , 20843.31
6.848 , 20842.56
6.85 , 21047.89
6.852 , 20840.81
6.854 , 20977.32
6.856 , 20839.0
6.858 , 20906.73
6.86 , 20837.02
6.862 , 20973.54
6.864 , 21110.28
6.866 , 20972.13
6.867 , 21040.39
6.869 , 21039.69
6.871 , 20970.21
6.873 , 20763.05
6.875 , 20968.23
6.877 , 20829.86
6.879 , 20966.37
6.881 , 20828.0
6.883 , 21033.29
6.885 , 20963.81
6.887 , 21031.78
6.889 , 20893.52
6.89 , 20686.5
6.892 , 21029.16
6.894 , 21028.46
6.896 , 20821.38
6.898 , 20820.34
6.9 , 20956.89
6.902 , 20818.48
6.904 , 20886.21
6.906 , 21022.88
6.908 , 20815.85
6.91 , 20814.76
6.912 , 20951.27
6.913 , 20881.97
6.915 , 20949.82
6.917 , 20811.45
6.919 , 20810.4
6.921 , 21015.7
6.923 , 20808.66
6.925 , 20807.62
6.927 , 21081.69
6.929 , 20805.98
6.93 , 20874.01
6.932 , 20873.08
6.934 , 20872.15
6.936 , 20871.22
6.938 , 20801.52
6.94 , 20800.47
6.942 , 21005.77
6.944 , 21005.06
6.946 , 20798.03
6.948 , 20796.98
6.95 , 20933.5
6.952 , 20863.9
6.954 , 20794.2
6.955 , 20999.78
6.957 , 20930.3
6.959 , 21135.82
6.961 , 20929.02
6.963 , 20859.42
6.965 , 21064.83
6.967 , 20789.13
6.969 , 20994.42
6.971 , 20856.16
6.973 , 20992.79
6.975 , 21060.87
6.976 , 20785.46
6.978 , 20921.98
6.98 , 20852.39
6.982 , 20989.01
6.984 , 20988.31
6.986 , 20987.61
6.988 , 20986.92
6.99 , 21054.99
6.992 , 20985.63
6.994 , 20916.15
6.996 , 20915.34
6.997 , 20983.59
7.0 , 21051.38
7.001 , 21051.09
7.003 , 20912.95
7.005 , 20912.13
7.007 , 21048.88
7.009 , 20910.73
7.011 , 20909.92
7.013 , 20909.1
7.015 , 21045.85
7.016 , 20908.0
7.018 , 21044.74
7.02 , 21044.15
7.022 , 21043.57
7.024 , 21249.32
7.026 , 21042.74
7.028 , 21248.5
7.03 , 21041.92
7.032 , 21041.33
7.033 , 20834.7
7.035 , 21246.45
7.037 , 21177.43
7.039 , 20970.73
7.041 , 21038.81
7.043 , 20763.11
7.045 , 20968.41
7.047 , 20898.93
7.048 , 20760.85
7.05 , 20622.25
7.052 , 20758.54
7.054 , 20963.83
7.056 , 20825.57
7.058 , 20824.65
7.06 , 20754.94
7.062 , 20891.46
7.064 , 20890.64
7.066 , 21027.39
7.068 , 21026.8
7.069 , 20751.39
7.071 , 20956.69
7.073 , 20955.99
7.075 , 20886.51
7.077 , 20954.48
7.079 , 20953.78
7.081 , 20884.3
7.083 , 20952.27
7.085 , 21020.35
7.087 , 20744.65
7.089 , 20949.94
7.091 , 20949.29
7.092 , 20742.5
7.094 , 21085.4
7.096 , 20947.37
7.098 , 20877.89
7.1 , 20739.52
7.102 , 20944.82
7.104 , 20875.34
7.106 , 20874.53
7.108 , 21011.27
7.11 , 20597.97
7.111 , 20803.38
7.113 , 20871.23
7.115 , 20801.63
7.117 , 20869.49
7.119 , 20731.12
7.121 , 20867.63
7.123 , 20798.04
7.125 , 20797.11
7.127 , 20796.19
7.129 , 21001.6
7.131 , 20863.45
7.132 , 20931.71
7.134 , 20793.46
7.136 , 20792.53
7.138 , 20997.94
7.14 , 20928.58
7.142 , 20996.66
7.144 , 20789.74
7.146 , 20788.76
7.155 , 20923.35
7.157 , 20922.66
7.159 , 20921.96
7.161 , 20921.26
7.163 , 20920.56
7.165 , 20988.64
7.167 , 20781.72
7.169 , 20918.35
7.17 , 20849.17
7.172 , 20779.58
7.174 , 20916.21
7.176 , 20846.73
7.178 , 20914.7
7.18 , 20845.22
7.182 , 20981.97
7.184 , 20706.27
7.186 , 21117.9
7.188 , 20704.88
7.19 , 20772.61
7.191 , 21184.65
7.193 , 21184.41
7.195 , 21390.51
7.197 , 21184.28
7.199 , 21115.26
7.201 , 21183.68
7.203 , 21183.44
7.205 , 21114.42
7.207 , 21251.63
7.209 , 21182.72
7.21 , 21182.78
7.212 , 20976.2
7.214 , 21250.73
7.216 , 21113.05
7.218 , 21043.92
7.22 , 20974.67
7.222 , 21111.64
7.224 , 21317.63
7.225 , 21249.13
7.227 , 21249.01
7.229 , 21111.32
7.231 , 21179.75
7.233 , 21179.51
7.235 , 21041.71
7.237 , 21178.8
7.239 , 21247.34
7.241 , 21315.99
7.243 , 21178.43
7.244 , 21178.48
7.246 , 21384.58
7.248 , 21247.12
7.25 , 21384.56
7.252 , 21453.44
7.254 , 21384.88
7.256 , 21316.2
7.258 , 21316.19
7.26 , 21247.4
7.262 , 21247.28
7.264 , 21453.49
7.265 , 21385.22
7.267 , 21385.33
7.269 , 21247.87
7.271 , 21316.53
7.273 , 21385.3
7.275 , 21110.29
7.277 , 21247.49
7.279 , 21453.7
7.281 , 21178.81
7.283 , 21247.35
7.285 , 21384.78
7.286 , 21316.4
7.288 , 21247.61
7.29 , 21178.71
7.292 , 20972.15
7.294 , 21315.44
7.296 , 21384.21
7.298 , 21315.54
7.3 , 21315.53
7.302 , 21384.3
7.303 , 21247.14
7.305 , 21384.57
7.307 , 21453.48
7.309 , 21384.94
7.311 , 21385.04
7.313 , 21522.71
7.315 , 21385.48
7.317 , 21110.45
7.319 , 21316.46
7.321 , 21178.89
7.323 , 21316.21
7.324 , 21316.49
7.326 , 21178.92
7.328 , 21178.69
7.33 , 21384.78
7.332 , 21109.77
7.334 , 21109.42
7.336 , 20971.51
7.338 , 21246.04
7.34 , 21039.58
7.341 , 21176.97
7.343 , 21107.95
7.345 , 21176.38
7.347 , 20969.8
7.349 , 20969.22
7.351 , 21037.42
7.353 , 21105.73
7.355 , 21174.16
7.357 , 20967.58
7.359 , 21104.56
7.361 , 21172.99
7.362 , 21035.48
7.364 , 21241.35
7.366 , 20828.55
7.368 , 21240.42
7.37 , 21033.96
7.372 , 21171.05
7.374 , 20895.7
7.376 , 21170.12
7.378 , 21169.88
7.379 , 21032.37
7.381 , 21169.46
7.383 , 20962.89
7.385 , 21099.87
7.387 , 21168.29
7.389 , 21236.83
7.391 , 21099.15
7.393 , 21167.58
7.395 , 21167.34
7.397 , 20823.19
7.399 , 20822.38
7.401 , 20821.57
7.403 , 20958.34
7.404 , 20958.03
7.406 , 20888.67
7.408 , 21094.33
7.41 , 20956.4
7.412 , 20955.82
7.414 , 20886.46
7.416 , 20885.76
7.418 , 21022.63
7.42 , 20884.6
7.422 , 20815.13
7.424 , 21020.66
7.425 , 20951.7
7.427 , 20676.01
7.429 , 20743.75
7.431 , 20742.82
7.433 , 20673.12
7.435 , 20878.42
7.437 , 20740.17
7.439 , 20876.8
7.441 , 20944.88
7.443 , 20875.53
7.445 , 20874.83
7.446 , 20805.65
7.448 , 20667.28
7.45 , 21078.91
7.452 , 20803.45
7.454 , 20802.64
7.456 , 20939.39
7.458 , 20732.47
7.46 , 20869.11
7.462 , 20868.41
7.464 , 20936.5
7.466 , 20729.58
7.468 , 20797.43
7.469 , 20796.91
7.471 , 20727.33
7.473 , 20795.18
7.475 , 20656.82
7.477 , 21068.45
7.479 , 20792.99
7.481 , 20792.18
7.483 , 21066.48
7.485 , 20928.58
7.487 , 20996.77
7.496 , 20787.94
7.498 , 20924.69
7.5 , 20924.11
7.502 , 20717.2
7.504 , 20785.05
7.506 , 20715.46
7.508 , 20920.88
7.509 , 20851.81
7.511 , 20851.12
7.513 , 20850.42
7.515 , 20918.51
7.517 , 20780.37
7.519 , 20917.12
7.521 , 20710.2
7.523 , 20915.62
7.525 , 20915.04
7.527 , 20570.56
7.529 , 20913.31
7.53 , 21188.13
7.532 , 20912.89
7.534 , 20981.09
7.536 , 21049.41
7.538 , 20911.5
7.54 , 21117.26
7.542 , 21048.24
7.544 , 21047.89
7.546 , 20909.98
7.547 , 20978.47
7.549 , 20702.89
7.551 , 20977.09
7.553 , 20839.06
7.555 , 21182.27
7.557 , 20838.25
7.559 , 20975.11
7.561 , 20974.65
7.563 , 20767.85
7.565 , 20973.38
7.567 , 21041.69
7.568 , 20835.29
7.57 , 21178.49
7.572 , 20903.26
7.574 , 20971.46
7.576 , 20764.65
7.578 , 20832.63
7.58 , 20900.71
7.582 , 20831.35
7.584 , 20968.22
7.586 , 20967.75
7.588 , 20898.51
7.59 , 20897.96
7.592 , 21034.94
7.593 , 21103.65
7.595 , 20828.3
7.597 , 20827.61
7.599 , 20758.11
7.601 , 20894.86
7.603 , 21031.87
7.605 , 21100.29
7.607 , 20962.5
7.609 , 20962.04
7.611 , 20961.57
7.612 , 20961.4
7.614 , 21098.49
7.616 , 20960.7
7.618 , 21097.79
7.62 , 20960.0
7.622 , 20821.98
7.624 , 21165.18
7.626 , 20752.39
7.628 , 20957.92
7.63 , 21163.79
7.631 , 21232.73
7.633 , 20957.61
7.635 , 21094.71
7.637 , 20956.91
7.639 , 21162.79
7.641 , 21025.11
7.643 , 21024.76
7.645 , 20818.07
7.647 , 21161.28
7.649 , 21161.16
7.651 , 21161.04
7.652 , 21023.64
7.654 , 21092.08
7.656 , 20954.28
7.658 , 20885.04
7.66 , 20884.42
7.662 , 21159.0
7.664 , 21090.1
7.666 , 21158.64
7.668 , 20952.14
7.67 , 21089.28
7.672 , 21089.05
7.673 , 21020.28
7.675 , 21157.53
7.677 , 21088.63
7.679 , 21157.18
7.681 , 21225.84
7.683 , 21088.23
7.685 , 21156.77
7.687 , 21019.09
7.689 , 20949.96
7.691 , 21155.84
7.693 , 20949.38
7.695 , 21155.26
7.696 , 21086.65
7.698 , 21017.63
7.7 , 20948.5
7.702 , 21154.38
7.704 , 20947.92
7.706 , 20947.46
7.708 , 21153.33
7.71 , 20946.87
7.712 , 20946.41
7.714 , 21014.72
7.716 , 20945.6
7.717 , 20945.42
7.719 , 21082.52
7.721 , 20875.95
7.723 , 21012.93
7.725 , 21081.36
7.727 , 21012.35
7.729 , 21012.0
7.731 , 20942.87
7.733 , 21079.96
7.735 , 21079.73
7.736 , 21011.01
7.738 , 20941.88
7.74 , 21147.75
7.742 , 20941.29
7.744 , 20940.83
7.746 , 20940.37
7.748 , 21077.46
7.75 , 20939.67
7.752 , 21283.11
7.754 , 21008.1
7.755 , 20939.26
7.757 , 21007.58
7.759 , 21007.23
7.761 , 20800.54
7.763 , 21006.19
7.765 , 20937.06
7.767 , 20936.6
7.769 , 21142.47
7.771 , 21004.79
7.773 , 20935.67
7.775 , 20935.21
7.777 , 21003.52
7.779 , 20934.39
7.781 , 20933.93
7.782 , 20933.76
7.784 , 20933.29
7.786 , 20932.83
7.788 , 21069.93
7.79 , 20932.14
7.792 , 20931.67
7.794 , 20931.21
7.796 , 20861.97
7.798 , 20861.39
7.8 , 20929.59
7.802 , 20722.8
7.804 , 20928.33
7.805 , 20996.93
7.807 , 20859.03
7.809 , 20927.23
7.811 , 20995.54
7.813 , 20995.2
7.815 , 21063.63
7.817 , 20994.62
7.819 , 20994.27
7.821 , 21062.7
7.823 , 21131.24
7.825 , 20924.79
7.826 , 20993.44
7.836 , 21128.35
7.838 , 20921.89
7.84 , 21265.32
7.842 , 20990.32
7.844 , 20783.63
7.846 , 20920.5
7.847 , 21057.88
7.849 , 21057.65
7.851 , 20782.3
7.853 , 20919.17
7.855 , 20987.49
7.857 , 20987.14
7.859 , 20918.01
7.861 , 20986.33
7.863 , 20985.98
7.865 , 20985.63
7.867 , 20985.29
7.869 , 20916.16
7.87 , 20915.99
7.872 , 20777.97
7.874 , 20914.84
7.876 , 21120.71
7.878 , 20845.48
7.88 , 20913.68
7.882 , 20706.88
7.884 , 20912.41
7.886 , 20843.17
7.888 , 20704.99
7.89 , 21048.13
7.892 , 20910.34
7.893 , 20910.16
7.895 , 20909.7
7.897 , 20771.68
7.899 , 20770.99
7.901 , 21045.42
7.903 , 20770.07
7.905 , 20906.89
7.907 , 21044.04
7.909 , 20699.86
7.911 , 20699.06
7.913 , 20767.03
7.915 , 20697.56
7.917 , 20627.98
7.918 , 20696.13
7.92 , 20695.32
7.922 , 20625.74
7.924 , 20693.6
7.926 , 20555.23
7.928 , 20829.32
7.93 , 20691.18
7.932 , 20690.38
7.934 , 20758.35
7.936 , 20688.88
7.938 , 20825.64
7.939 , 20825.35
7.941 , 20893.55
7.943 , 20549.2
7.945 , 20754.5
7.947 , 20753.81
7.949 , 20821.9
7.951 , 20821.32
7.953 , 20683.19
7.955 , 20544.83
7.957 , 20818.91
7.959 , 20680.78
7.961 , 20886.31
7.962 , 20748.58
7.964 , 20679.11
7.966 , 20747.09
7.968 , 20883.95
7.97 , 20745.94
7.972 , 20882.8
7.974 , 20538.45
7.976 , 20881.31
7.978 , 20949.63
7.98 , 20674.17
7.982 , 20673.36
7.984 , 20878.89
7.985 , 20878.72
7.987 , 20671.92
7.989 , 20739.9
7.991 , 20945.54
7.993 , 20807.64
7.995 , 20669.51
7.997 , 20943.82
7.999 , 20805.92
8.001 , 20667.78
8.003 , 20666.98
8.004 , 20941.58
8.006 , 20941.23
8.008 , 20940.88
8.01 , 20871.76
8.012 , 20940.08
8.014 , 20939.73
8.016 , 20870.61
8.018 , 20870.15
8.02 , 20869.69
8.021 , 20869.51
8.023 , 20869.05
8.026 , 20868.31
8.027 , 20868.13
8.029 , 21074.01
8.031 , 20936.33
8.033 , 20935.99
8.035 , 20660.53
8.037 , 20866.06
8.039 , 20865.6
8.041 , 20796.36
8.043 , 21070.9
8.044 , 20864.73
8.046 , 20726.72
8.048 , 20932.37
8.05 , 20932.02
8.052 , 20725.34
8.054 , 20793.43
8.056 , 20930.41
8.058 , 20723.73
8.06 , 20791.82
8.061 , 20791.53
8.063 , 20928.51
8.065 , 20721.83
8.067 , 20927.52
8.069 , 20789.57
8.071 , 20926.6
8.073 , 20719.88
8.075 , 20650.41
8.077 , 20855.99
8.079 , 20993.08
8.081 , 20924.07
8.082 , 20786.46
8.084 , 20854.66
8.086 , 20854.2
8.088 , 20922.52
8.09 , 20853.4
8.092 , 20852.94
8.094 , 20714.92
8.096 , 21058.13
8.098 , 20782.89
8.1 , 20782.32
8.102 , 20781.75
8.104 , 20781.17
8.105 , 20780.89
8.107 , 20642.75
8.109 , 20848.29
8.111 , 20710.27
8.113 , 20847.14
8.115 , 20846.68
8.117 , 20846.22
8.119 , 20708.2
8.121 , 20845.07
8.122 , 20707.34
8.124 , 20569.09
8.126 , 20843.29
8.128 , 20842.83
8.13 , 20773.6
8.132 , 20704.24
8.134 , 20566.0
8.136 , 20771.42
8.138 , 20908.4
8.14 , 21045.61
8.141 , 20839.45
8.143 , 20701.41
8.145 , 20700.74
8.147 , 20906.39
8.149 , 20837.27
8.151 , 20905.59
8.153 , 20905.24
8.155 , 20904.89
8.157 , 20904.55
8.159 , 20904.18
8.161 , 21041.42
8.162 , 20904.01
8.164 , 20903.66
8.166 , 20903.34
8.176 , 20831.9
8.178 , 20693.88
8.179 , 20831.04
8.181 , 20761.8
8.183 , 20692.45
8.185 , 20829.32
8.187 , 20897.64
8.189 , 20690.96
8.191 , 20965.39
8.193 , 20758.82
8.195 , 20551.91
8.197 , 20894.89
8.199 , 20619.43
8.2 , 20756.47
8.202 , 20618.34
8.204 , 20686.31
8.206 , 20616.85
8.208 , 20684.82
8.21 , 20615.36
8.212 , 20545.78
8.214 , 20476.08
8.216 , 20681.39
8.218 , 20336.8
8.22 , 20679.44
8.221 , 20747.82
8.223 , 20609.69
8.225 , 20677.66
8.227 , 20676.97
8.229 , 20676.29
8.231 , 20675.6
8.233 , 20674.91
8.235 , 20743.0
8.237 , 20673.65
8.239 , 20741.74
8.24 , 20741.46
8.242 , 20740.88
8.244 , 20396.42
8.246 , 20739.16
8.248 , 20532.26
8.25 , 20531.34
8.252 , 20392.87
8.254 , 20529.28
8.256 , 20322.02
8.258 , 20458.32
8.259 , 20595.13
8.261 , 20663.11
8.263 , 20524.87
8.265 , 20730.29
8.267 , 20523.38
8.269 , 20453.68
8.271 , 20590.21
8.273 , 20451.85
8.275 , 20588.38
8.277 , 20587.58
8.278 , 20587.06
8.281 , 20448.42
8.283 , 20653.72
8.284 , 20515.76
8.286 , 20514.85
8.288 , 20376.37
8.29 , 20444.01
8.292 , 20511.75
8.294 , 20579.62
8.296 , 20578.82
8.298 , 20578.02
8.3 , 20714.77
8.302 , 20645.42
8.303 , 20507.46
8.305 , 20437.77
8.307 , 20436.73
8.309 , 20642.04
8.311 , 20503.8
8.313 , 20434.1
8.315 , 20570.63
8.317 , 20501.05
8.318 , 20569.2
8.32 , 20499.62
8.322 , 20498.7
8.324 , 20566.56
8.326 , 20565.76
8.328 , 20496.18
8.33 , 20426.49
8.332 , 20631.8
8.334 , 20493.57
8.336 , 20561.44
8.337 , 20560.92
8.339 , 20835.24
8.341 , 20628.56
8.343 , 20696.65
8.345 , 20489.72
8.347 , 20626.38
8.349 , 20763.25
8.351 , 20487.68
8.353 , 20761.88
8.355 , 20623.87
8.357 , 20760.74
8.359 , 20691.5
8.361 , 20622.15
8.362 , 20415.41
8.364 , 20689.5
8.366 , 20482.59
8.368 , 20688.01
8.37 , 20618.66
8.372 , 20686.75
8.374 , 20548.62
8.376 , 20685.38
8.378 , 20822.36
8.379 , 20478.41
8.381 , 20752.61
8.383 , 20752.15
8.385 , 20614.14
8.387 , 20751.01
8.389 , 20750.55
8.391 , 20612.54
8.393 , 20543.05
8.395 , 20679.83
8.397 , 20610.48
8.398 , 20678.83
8.4 , 20609.51
8.402 , 20815.16
8.404 , 20677.23
8.406 , 20745.44
8.408 , 20744.98
8.41 , 20675.74
8.412 , 20606.39
8.414 , 20674.49
8.416 , 20605.14
8.418 , 20604.45
8.42 , 20672.54
8.421 , 20672.26
8.423 , 20740.46
8.425 , 20740.01
8.427 , 20877.11
8.429 , 20670.54
8.431 , 20876.31
8.433 , 20876.08
8.435 , 20669.51
8.437 , 20806.5
8.438 , 20875.22
8.44 , 20874.99
8.442 , 20874.76
8.444 , 21012.09
8.446 , 20874.54
8.448 , 20736.75
8.45 , 21217.75
8.452 , 20805.42
8.454 , 20942.63
8.456 , 21080.08
8.458 , 21011.41
8.459 , 20805.36
8.461 , 20805.02
8.463 , 20735.9
8.465 , 20873.0
8.467 , 20735.21
8.469 , 20872.31
8.471 , 21009.64
8.473 , 20872.09
8.475 , 20527.96
8.477 , 20733.5
8.479 , 20870.6
8.48 , 20870.66
8.482 , 20939.21
8.484 , 20801.54
8.486 , 20938.75
8.488 , 21007.42
8.49 , 20732.3
8.492 , 20800.63
8.494 , 20662.72
8.496 , 21074.83
8.498 , 20731.05
8.499 , 20730.88
8.501 , 20867.98
8.503 , 20936.53
8.505 , 20730.08
8.507 , 20935.96
8.516 , 21140.18
8.518 , 20934.08
8.52 , 20933.96
8.522 , 20933.85
8.524 , 21208.85
8.526 , 21071.64
8.528 , 21071.75
8.53 , 20659.2
8.532 , 20727.4
8.534 , 20658.17
8.535 , 20589.1
8.538 , 20381.79
8.539 , 20862.51
8.541 , 20655.94
8.543 , 20449.03
8.545 , 20379.34
8.547 , 20378.31
8.549 , 20652.4
8.551 , 20376.71
8.553 , 20650.8
8.555 , 20443.89
8.556 , 20374.48
8.558 , 20442.23
8.56 , 20716.44
8.562 , 20578.42
8.564 , 20508.96
8.566 , 20576.94
8.568 , 20782.59
8.57 , 20232.01
8.572 , 20368.31
8.574 , 20504.84
8.576 , 20366.48
8.578 , 20571.79
8.579 , 20640.17
8.581 , 20433.27
8.583 , 20432.35
8.585 , 20362.66
8.587 , 20361.63
8.589 , 20154.27
8.591 , 20359.23
8.593 , 20426.98
8.595 , 20357.29
8.596 , 20218.99
8.598 , 20561.65
8.601 , 20423.1
8.602 , 20216.13
8.604 , 20421.23
8.606 , 20695.43
8.608 , 20351.08
8.61 , 20487.61
8.612 , 20349.26
8.614 , 20141.89
8.616 , 20415.64
8.618 , 20345.94
8.619 , 20345.2
8.621 , 20344.17
8.623 , 20343.14
8.625 , 20204.56
8.627 , 20409.64
8.629 , 20202.39
8.631 , 20201.13
8.633 , 20543.77
8.634 , 20405.81
8.636 , 20542.46
8.638 , 20335.43
8.64 , 20540.74
8.642 , 20402.5
8.644 , 20332.81
8.646 , 20331.78
8.648 , 20468.31
8.65 , 20261.13
8.652 , 20466.32
8.653 , 20465.8
8.655 , 20327.45
8.657 , 20326.42
8.659 , 20325.39
8.661 , 20186.8
8.663 , 20323.11
8.665 , 20459.64
8.667 , 20390.06
8.669 , 20251.59
8.671 , 20388.0
8.673 , 20387.09
8.675 , 20317.4
8.677 , 20522.71
8.678 , 20315.97
8.68 , 20521.28
8.682 , 20520.59
8.684 , 20657.47
8.686 , 20519.45
8.688 , 20518.77
8.69 , 20793.2
8.692 , 20311.52
8.694 , 20791.95
8.696 , 20516.6
8.697 , 20516.21
8.699 , 20584.3
8.701 , 20583.73
8.703 , 20720.72
8.705 , 20582.82
8.707 , 20651.03
8.709 , 20788.13
8.711 , 20581.57
8.713 , 20581.0
8.715 , 20717.98
8.716 , 20786.71
8.718 , 20648.92
8.72 , 20579.69
8.722 , 20579.12
8.724 , 20716.11
8.726 , 20646.98
8.728 , 20715.31
8.73 , 20646.19
8.732 , 20508.18
8.734 , 20576.27
8.736 , 20644.48
8.737 , 20850.65
8.739 , 20644.2
8.741 , 20712.52
8.743 , 20849.74
8.745 , 20780.85
8.747 , 20711.84
8.749 , 20780.28
8.751 , 20642.5
8.753 , 20573.26
8.755 , 20572.69
8.757 , 20916.02
8.758 , 20778.75
8.76 , 20640.96
8.762 , 20778.06
8.764 , 20777.84
8.766 , 20777.61
8.768 , 20846.16
8.77 , 20570.94
8.772 , 20776.7
8.774 , 20570.14
8.776 , 20638.35
8.777 , 20638.18
8.779 , 20775.28
8.781 , 20637.5
8.783 , 20774.6
8.785 , 20568.04
8.787 , 20705.03
8.789 , 20773.46
8.791 , 20773.24
8.793 , 20704.23
8.795 , 20703.89
8.797 , 20772.33
8.799 , 20703.32
8.801 , 20771.76
8.802 , 20703.04
8.804 , 20702.7
8.806 , 20633.58
8.808 , 20633.13
8.81 , 20495.12
8.812 , 20700.77
8.814 , 20769.21
8.816 , 20768.98
8.818 , 20699.98
8.82 , 20630.86
8.822 , 20768.01
8.823 , 20768.02
8.825 , 20561.46
8.827 , 20354.55
8.829 , 20628.8
8.831 , 20765.9
8.833 , 20765.68
8.835 , 20559.11
8.837 , 20627.32
8.839 , 20764.43
8.841 , 20626.64
8.843 , 20419.85
8.844 , 20350.51
8.846 , 20349.64
8.856 , 20552.79
8.858 , 20552.22
8.86 , 20482.88
8.862 , 20619.75
8.864 , 20481.74
8.866 , 20481.05
8.868 , 20411.59
8.869 , 20411.08
8.871 , 20410.28
8.873 , 20340.7
8.875 , 20408.57
8.877 , 20545.33
8.879 , 20407.2
8.881 , 20543.96
8.883 , 20543.4
8.885 , 20680.38
8.886 , 20473.99
8.888 , 20542.09
8.89 , 20335.13
8.892 , 20471.83
8.894 , 20195.98
8.896 , 20332.4
8.898 , 20331.49
8.9 , 20330.58
8.902 , 20536.0
8.904 , 20191.54
8.906 , 20396.73
8.907 , 20533.78
8.909 , 20326.87
8.911 , 20394.74
8.913 , 20325.16
8.915 , 20461.81
8.917 , 20461.12
8.919 , 20529.22
8.921 , 20528.65
8.923 , 20528.08
8.925 , 20321.18
8.927 , 20457.82
8.928 , 20457.42
8.93 , 20387.96
8.932 , 20318.38
8.934 , 20455.03
8.936 , 20454.35
8.938 , 20316.11
8.94 , 20383.97
8.942 , 20520.73
8.944 , 20520.16
8.945 , 20519.88
8.947 , 20312.97
8.949 , 20380.84
8.951 , 20380.04
8.953 , 20379.24
8.955 , 20516.01
8.957 , 20377.88
8.959 , 20514.64
8.961 , 20582.85
8.963 , 20513.62
8.965 , 20513.05
8.966 , 20512.76
8.968 , 20512.2
8.97 , 20511.63
8.972 , 20579.84
8.974 , 20304.27
8.976 , 20372.13
8.978 , 20371.34
8.98 , 20508.1
8.982 , 20507.53
8.984 , 20369.4
8.986 , 20506.16
8.988 , 20436.82
8.99 , 20504.91
8.992 , 20366.79
8.993 , 20435.05
8.995 , 20296.81
8.997 , 20364.68
8.999 , 20432.66
9.001 , 20638.31
9.003 , 20362.86
9.005 , 20362.06
9.007 , 20430.04
9.009 , 20566.92
9.011 , 20566.46
9.012 , 20703.85
9.014 , 20428.51
9.016 , 20565.39
9.018 , 20633.71
9.02 , 20770.93
9.022 , 20564.48
9.024 , 20632.81
9.026 , 20494.91
9.028 , 20769.46
9.03 , 20563.01
9.031 , 20494.06
9.033 , 20493.49
9.035 , 20561.71
9.037 , 20698.81
9.039 , 20561.03
9.041 , 20698.13
9.043 , 20766.68
9.045 , 20629.02
9.047 , 20628.68
9.049 , 20765.89
9.051 , 20697.0
9.052 , 20697.06
9.054 , 20765.62
9.056 , 20696.73
9.058 , 20765.28
9.06 , 20765.17
9.062 , 20765.06
9.064 , 20627.39
9.066 , 20627.05
9.068 , 20764.28
9.07 , 20764.21
9.071 , 20695.6
9.073 , 20695.38
9.075 , 20832.71
9.077 , 20763.94
9.079 , 20695.05
9.081 , 20832.38
9.083 , 20763.61
9.085 , 20694.72
9.087 , 20694.49
9.089 , 20969.38
9.091 , 20832.06
9.093 , 20832.06
9.094 , 20694.79
9.096 , 20694.57
9.098 , 20694.35
9.1 , 20694.12
9.102 , 20693.9
9.104 , 20693.67
9.106 , 20831.01
9.108 , 20762.23
9.11 , 20624.56
9.112 , 20624.22
9.114 , 20555.11
9.115 , 20692.5
9.117 , 20554.71
9.119 , 20623.04
9.121 , 20416.36
9.123 , 20690.8
9.125 , 20553.01
9.127 , 20690.12
9.129 , 20689.89
9.131 , 20414.55
9.132 , 20620.49
9.134 , 20345.04
9.136 , 20344.24
9.138 , 20549.78
9.14 , 20618.11
9.142 , 20548.99
9.144 , 20548.54
9.146 , 20823.2
9.148 , 20685.64
9.15 , 20616.64
9.152 , 20409.97
9.153 , 20615.9
9.155 , 20684.35
9.157 , 20477.78
9.159 , 20477.21
9.161 , 20614.21
9.163 , 20545.09
9.165 , 20750.97
9.167 , 20682.08
9.169 , 20613.08
9.171 , 20681.52
9.173 , 20543.72
9.175 , 20612.04
9.177 , 20542.92
9.179 , 20542.47
9.18 , 20542.3
9.182 , 20541.85
9.184 , 20747.73
9.186 , 20541.29
9.195 , 20745.18
9.197 , 20745.07
9.199 , 20607.4
9.201 , 20744.63
9.203 , 20538.18
9.205 , 20881.62
9.207 , 20675.4
9.209 , 20675.18
9.211 , 20674.96
9.213 , 20537.17
9.214 , 20674.56
9.216 , 20536.78
9.218 , 20536.33
9.22 , 20673.43
9.222 , 20535.65
9.224 , 20672.75
9.226 , 20603.75
9.228 , 20534.63
9.23 , 20602.96
9.232 , 20327.5
9.233 , 20464.55
9.235 , 20463.98
9.237 , 20394.64
9.239 , 20531.51
9.241 , 20462.28
9.243 , 20530.49
9.245 , 20530.04
9.247 , 20529.59
9.249 , 20529.13
9.251 , 20184.79
9.253 , 20114.98
9.255 , 20182.62
9.256 , 20181.88
9.258 , 20180.86
9.26 , 20317.39
9.262 , 20316.59
9.264 , 20178.24
9.266 , 20452.33
9.268 , 20314.21
9.27 , 20382.19
9.272 , 20381.51
9.274 , 20174.49
9.275 , 20311.3
9.277 , 20172.95
9.279 , 20309.48
9.281 , 20171.13
9.283 , 20307.66
9.285 , 20375.64
9.287 , 20168.63
9.289 , 20167.6
9.291 , 20097.8
9.293 , 20234.22
9.294 , 20027.25
9.296 , 19957.22
9.298 , 20162.19
9.3 , 20092.38
9.302 , 20228.8
9.304 , 20090.33
9.306 , 20501.87
9.308 , 20157.52
9.31 , 20156.5
9.312 , 20224.25
9.314 , 19948.23
9.315 , 20015.92
9.317 , 20152.22
9.319 , 20219.98
9.321 , 20219.07
9.323 , 19943.04
9.325 , 19941.67
9.327 , 20009.08
9.329 , 20214.17
9.331 , 20213.26
9.332 , 20143.85
9.334 , 20074.05
9.336 , 20141.69
9.338 , 20140.66
9.34 , 20345.98
9.342 , 20276.52
9.344 , 20000.6
9.346 , 20205.69
9.348 , 20273.55
9.35 , 20203.98
9.351 , 20203.35
9.353 , 20408.8
9.355 , 20477.02
9.357 , 20407.79
9.359 , 20338.44
9.361 , 20200.2
9.363 , 20199.29
9.365 , 20335.94
9.367 , 20335.26
9.369 , 20197.02
9.371 , 20402.44
9.373 , 20539.43
9.374 , 20401.82
9.376 , 20401.26
9.378 , 20263.13
9.38 , 20399.89
9.382 , 20192.99
9.384 , 20329.64
9.386 , 20328.96
9.388 , 20259.5
9.39 , 20396.26
9.392 , 20533.25
9.393 , 20395.64
9.395 , 20463.85
9.397 , 20600.96
9.399 , 20600.73
9.401 , 20462.95
9.403 , 20600.06
9.405 , 20668.61
9.407 , 20530.95
9.409 , 20599.39
9.411 , 20392.83
9.412 , 20530.1
9.414 , 20460.99
9.416 , 20460.51
9.418 , 20528.86
9.42 , 20528.52
9.422 , 20390.6
9.424 , 20458.82
9.426 , 20389.58
9.428 , 20664.16
9.429 , 20389.19
9.431 , 20663.74
9.434 , 20663.35
9.435 , 20594.74
9.437 , 20456.96
9.439 , 20525.29
9.441 , 20456.17
9.443 , 20455.72
9.445 , 20455.27
9.447 , 20386.04
9.449 , 20385.47
9.451 , 20522.46
9.453 , 20247.01
9.454 , 20315.28
9.456 , 20383.37
9.458 , 20382.81
9.46 , 20313.46
9.462 , 20450.34
9.464 , 20449.89
9.466 , 20380.66
9.468 , 20380.09
9.47 , 20517.08
9.471 , 20379.47
9.473 , 20378.9
9.475 , 20240.78
9.477 , 20377.54
9.479 , 20445.75
9.481 , 20514.08
9.483 , 20376.19
9.485 , 20444.4
9.487 , 20375.17
9.489 , 20443.38
9.49 , 20580.77
9.492 , 20167.87
9.494 , 20235.74
9.496 , 20303.72
9.498 , 20371.82
9.5 , 20302.48
9.502 , 20301.79
9.504 , 20301.12
9.506 , 20162.88
9.508 , 20368.3
9.51 , 20230.18
9.511 , 20298.45
9.513 , 20366.55
9.515 , 20228.42
9.517 , 20365.18
9.519 , 20227.06
9.521 , 20363.82
9.523 , 20225.7
9.525 , 20362.46
9.527 , 20361.89
9.536 , 20290.57
9.538 , 20289.89
9.54 , 20151.65
9.542 , 20219.52
9.544 , 20218.72
9.546 , 20217.93
9.547 , 20148.63
9.549 , 20216.5
9.551 , 20284.49
9.553 , 20283.81
9.555 , 20076.79
9.557 , 20213.33
9.559 , 20006.19
9.561 , 20348.95
9.563 , 20554.72
9.565 , 20348.16
9.567 , 20553.93
9.569 , 20278.59
9.571 , 20277.91
9.572 , 20346.29
9.574 , 20414.53
9.576 , 20414.05
9.578 , 20276.04
9.58 , 20412.95
9.582 , 20343.69
9.584 , 20205.57
9.586 , 20273.55
9.588 , 20341.67
9.589 , 20203.83
9.591 , 20340.6
9.593 , 20477.59
9.595 , 20477.25
9.597 , 20339.35
9.599 , 20476.35
9.601 , 20476.01
9.603 , 20475.67
9.605 , 20269.0
9.607 , 20405.88
9.609 , 20336.64
9.61 , 20267.58
9.612 , 20404.46
9.614 , 20197.67
9.616 , 20403.21
9.618 , 20333.98
9.62 , 20195.86
9.622 , 20263.84
9.624 , 20194.38
9.626 , 20399.93
9.628 , 20399.47
9.63 , 20192.69
9.632 , 20260.67
9.633 , 20122.71
9.635 , 20603.26
9.637 , 20534.37
9.639 , 20327.81
9.641 , 20327.25
9.643 , 20395.46
9.645 , 20532.56
9.647 , 20738.68
9.649 , 20532.46
9.651 , 20532.24
9.652 , 20325.96
9.654 , 20531.73
9.656 , 20256.4
9.658 , 20324.5
9.66 , 20323.88
9.662 , 20323.32
9.664 , 20185.19
9.666 , 20253.22
9.668 , 20252.5
9.67 , 20251.82
9.671 , 20251.42
9.673 , 20319.52
9.675 , 20250.17
9.677 , 20318.27
9.679 , 20180.15
9.681 , 20179.36
9.683 , 20316.12
9.685 , 20246.77
9.687 , 20383.65
9.689 , 20176.86
9.691 , 20244.85
9.692 , 20382.01
9.694 , 20244.0
9.696 , 20380.87
9.698 , 20311.64
9.7 , 20035.96
9.702 , 20310.05
9.704 , 20309.49
9.706 , 20377.7
9.708 , 20308.47
9.709 , 20101.85
9.711 , 20376.06
9.713 , 20306.83
9.715 , 20237.48
9.717 , 20168.02
9.719 , 20373.57
9.721 , 20235.56
9.723 , 20303.65
9.725 , 20234.31
9.726 , 20440.25
9.728 , 20371.13
9.73 , 20233.13
9.732 , 20094.89
9.734 , 20093.98
9.736 , 20093.07
9.738 , 20160.94
9.74 , 20160.14
9.742 , 20159.35
9.744 , 20158.55
9.745 , 20158.04
9.747 , 20294.81
9.749 , 20363.02
9.751 , 20225.01
9.753 , 20155.55
9.755 , 20085.98
9.757 , 19947.51
9.759 , 20083.93
9.761 , 20220.58
9.763 , 20219.9
9.765 , 20150.44
9.767 , 20149.64
9.769 , 20148.85
9.77 , 20285.9
9.772 , 20010.21
9.774 , 20146.75
9.776 , 20214.73
9.778 , 20076.5
9.78 , 20144.37
9.782 , 20212.35
9.784 , 20074.11
9.786 , 20210.76
9.788 , 20141.3
9.789 , 20140.79
9.791 , 20208.78
9.793 , 20276.88
9.795 , 20069.97
9.797 , 20344.18
9.799 , 20412.51
9.801 , 20205.83
9.803 , 20205.15
9.805 , 20342.03
9.806 , 20066.75
9.808 , 20203.4
9.81 , 19996.38
9.812 , 20132.91
9.814 , 20269.67
9.816 , 20200.33
9.818 , 20199.65
9.82 , 20336.53
9.822 , 20267.3
9.824 , 20197.96
9.826 , 20403.61
9.828 , 20403.28
9.829 , 20403.27
9.831 , 20334.11
9.833 , 20196.1
9.835 , 20264.24
9.837 , 20126.07
9.839 , 20262.88
9.841 , 20193.49
9.843 , 20192.81
9.845 , 20260.96
9.847 , 20191.61
9.848 , 20397.55
9.85 , 20328.44
9.852 , 20190.43
9.854 , 20189.75
9.856 , 20120.29
9.858 , 20325.83
9.86 , 20394.16
9.862 , 20187.48
9.864 , 20324.36
9.866 , 20255.13
9.875 , 20458.93
9.877 , 20389.93
9.879 , 20389.59
9.881 , 20320.47
9.883 , 20388.8
9.885 , 20250.9
9.887 , 20387.9
9.889 , 20250.0
9.891 , 20249.44
9.892 , 20317.93
9.894 , 20455.04
9.896 , 20454.82
9.898 , 20454.6
9.9 , 20385.6
9.902 , 20454.04
9.904 , 20591.38
9.906 , 20591.38
9.908 , 20178.67
9.91 , 20384.37
9.912 , 20521.59
9.913 , 20384.16
9.915 , 20383.83
9.917 , 20314.71
9.919 , 20245.48
9.921 , 20382.47
9.923 , 20244.58
9.925 , 20244.01
9.927 , 20312.23
9.929 , 20174.22
9.931 , 20379.88
9.933 , 20310.76
9.934 , 20241.81
9.936 , 20310.03
9.938 , 20309.58
9.94 , 20240.35
9.942 , 20377.34
9.944 , 20377.0
9.946 , 20239.11
9.948 , 20376.1
9.95 , 20031.87
9.952 , 20374.86
9.954 , 20305.74
9.956 , 20167.73
9.957 , 20167.34
9.959 , 20372.99
9.961 , 20303.88
9.963 , 20372.2
9.965 , 20234.31
9.967 , 20233.74
9.969 , 20233.18
9.971 , 20163.83
9.973 , 20300.71
9.975 , 20506.6
9.976 , 20231.66
9.978 , 20093.53
9.98 , 20161.52
9.982 , 20160.84
9.984 , 20160.16
9.986 , 20159.48
9.988 , 20090.02
9.99 , 20089.23
9.992 , 20157.21
9.994 , 20156.53
9.996 , 20155.85
9.997 , 20017.9
9.999 , 19948.21
10.001 , 20015.97
10.003 , 20221.39
10.005 , 20014.49
10.007 , 19944.8
10.009 , 20218.9
10.011 , 20287.11
10.013 , 20011.54
10.015 , 20148.19
10.017 , 19941.18
10.018 , 20146.77
10.02 , 20008.54
10.022 , 20076.41
10.024 , 20006.83
10.026 , 20281.04
10.028 , 20143.03
10.03 , 20142.35
10.031 , 20141.95
10.033 , 20278.83
10.035 , 19934.49
10.037 , 20139.8
10.039 , 20001.56
10.041 , 20000.65
10.043 , 20137.3
10.045 , 19930.29
10.046 , 20204.66
10.048 , 20135.32
10.05 , 19928.3
10.052 , 19996.06
10.054 , 19995.15
10.056 , 20131.8
10.058 , 20131.12
10.06 , 20061.66
10.062 , 19992.09
10.063 , 20060.24
10.065 , 19990.67
10.067 , 20127.32
10.069 , 19920.3
10.071 , 19988.06
10.073 , 20055.93
10.075 , 20055.13
10.077 , 20123.12
10.079 , 19984.88
10.081 , 20121.53
10.082 , 20121.13
10.084 , 20120.45
10.086 , 20050.99
10.088 , 20118.98
10.09 , 20118.3
10.092 , 20048.89
10.094 , 20116.82
10.096 , 20184.97
10.098 , 20184.41
10.1 , 20183.84
10.101 , 19977.18
10.103 , 20113.87
10.105 , 20044.41
10.107 , 19974.84
10.109 , 20249.05
10.111 , 20111.04
10.113 , 20110.36
10.115 , 20109.68
10.117 , 20315.34
10.118 , 20452.84
10.12 , 20521.51
10.122 , 20452.74
10.124 , 20315.08
10.126 , 20383.52
10.128 , 20314.52
10.13 , 20382.96
10.132 , 20382.74
10.134 , 20382.52
10.135 , 20245.02
10.137 , 20244.57
10.139 , 20381.68
10.141 , 20381.45
10.143 , 20381.23
10.145 , 20449.79
10.147 , 20312.13
10.149 , 20311.79
10.151 , 20380.23
10.153 , 20173.67
10.154 , 20379.73
10.156 , 20379.51
10.158 , 20241.73
10.16 , 20172.5
10.162 , 20378.27
10.164 , 20378.05
10.166 , 20240.27
10.168 , 20377.37
10.17 , 20308.37
10.172 , 20308.04
10.173 , 20376.74
10.175 , 20445.32
10.177 , 20101.29
10.179 , 20375.73
10.181 , 20375.51
10.183 , 20512.85
10.185 , 20375.29
10.187 , 20237.51
10.189 , 20374.62
10.19 , 20374.68
10.192 , 20236.9
10.194 , 20374.01
10.196 , 20373.79
10.198 , 20304.79
10.2 , 20442.01
10.202 , 20304.34
10.204 , 20372.79
10.213 , 20370.59
10.215 , 20095.25
10.217 , 20300.91
10.219 , 20438.13
10.221 , 20438.02
10.223 , 20300.36
10.225 , 20368.8
10.226 , 20437.64
10.228 , 20437.53
10.23 , 20506.21
10.232 , 20437.43
10.234 , 20299.77
10.236 , 20436.99
10.238 , 20574.44
10.24 , 20299.45
10.242 , 20367.89
10.244 , 20642.78
10.245 , 20299.41
10.247 , 20574.19
10.249 , 20436.75
10.251 , 20436.64
10.253 , 20436.54
10.255 , 20436.43
10.257 , 20229.98
10.259 , 20367.09
10.261 , 20298.09
10.263 , 20228.97
10.264 , 20366.36
10.267 , 20365.86
10.268 , 20228.36
10.27 , 20365.47
10.272 , 20434.03
10.274 , 20296.36
10.276 , 20227.25
10.278 , 20433.13
10.28 , 20226.69
10.282 , 20226.24
10.284 , 20432.13
10.285 , 20501.08
10.287 , 20432.31
10.289 , 20157.08
10.291 , 20431.63
10.293 , 20293.97
10.295 , 20224.86
10.297 , 20499.52
10.299 , 20430.75
10.301 , 20430.64
10.302 , 20430.82
10.304 , 20224.37
10.306 , 20292.7
10.308 , 20429.92
10.31 , 20223.48
10.312 , 20360.59
10.314 , 20497.94
10.316 , 20429.15
10.318 , 20360.26
10.319 , 20222.77
10.321 , 20428.68
10.323 , 20428.57
10.325 , 20222.1
10.327 , 20428.01
10.329 , 20290.35
10.331 , 20083.67
10.333 , 20426.89
10.335 , 20426.78
10.337 , 20289.12
10.339 , 20220.0
10.34 , 20219.83
10.342 , 20219.38
10.344 , 20218.93
10.346 , 20287.26
10.348 , 20286.92
10.35 , 20149.03
10.352 , 20217.25
10.354 , 19941.68
10.355 , 20009.83
10.357 , 20077.82
10.359 , 20214.7
10.361 , 20076.69
10.363 , 20007.23
10.365 , 20143.99
10.367 , 20074.65
10.369 , 20142.75
10.371 , 20004.63
10.373 , 20072.61
10.374 , 20003.43
10.376 , 20208.98
10.378 , 20002.19
10.38 , 20138.95
10.382 , 20000.83
10.384 , 20137.6
10.386 , 20068.25
10.388 , 20067.57
10.39 , 20135.65
10.391 , 19997.81
10.393 , 19997.01
10.395 , 19858.66
10.397 , 20132.75
10.399 , 20132.19
10.401 , 20062.85
10.403 , 19924.61
10.405 , 19992.48
10.407 , 19922.91
10.409 , 19922.0
10.411 , 19783.53
10.412 , 19713.9
10.414 , 19918.98
10.416 , 19918.08
10.418 , 19848.39
10.42 , 19709.81
10.422 , 19983.67
10.424 , 19845.32
10.426 , 19913.07
10.428 , 19980.95
10.43 , 20048.93
10.432 , 19979.47
10.433 , 19772.63
10.435 , 19909.04
10.437 , 19701.8
10.439 , 19700.55
10.441 , 19768.07
10.443 , 19698.16
10.445 , 19972.02
10.447 , 19764.89
10.449 , 19970.09
10.451 , 19969.3
10.452 , 19900.01
10.454 , 19899.1
10.456 , 19898.19
10.458 , 20034.84
10.46 , 19690.27
10.462 , 20170.47
10.464 , 19963.68
10.466 , 20100.45
10.468 , 19893.54
10.47 , 19892.63
10.472 , 20098.06
10.474 , 20097.5
10.475 , 19890.88
10.477 , 20165.09
10.479 , 19958.3
10.481 , 19957.5
10.483 , 20094.27
10.485 , 20093.71
10.487 , 20024.36
10.489 , 19886.12
10.491 , 19953.99
10.493 , 19953.2
10.495 , 19952.4
10.496 , 19951.89
10.498 , 19813.54
10.5 , 19950.08
10.502 , 19949.28
10.504 , 19879.71
10.506 , 19810.02
10.508 , 19740.22
10.51 , 20014.2
10.512 , 19944.74
10.514 , 19943.95
10.515 , 19943.44
10.517 , 19942.64
10.519 , 20079.41
10.521 , 19941.28
10.523 , 20146.83
10.525 , 19940.04
10.527 , 20145.58
10.529 , 20076.35
10.531 , 20144.56
10.533 , 20075.34
10.535 , 20074.77
10.536 , 19936.93
10.538 , 20073.7
10.54 , 20073.13
10.542 , 19935.01
10.544 , 20071.77
10.553 , 19931.67
10.555 , 19999.65
10.557 , 19930.2
10.559 , 20066.96
10.561 , 19997.62
10.563 , 19928.16
10.565 , 19996.14
10.567 , 19995.46
10.569 , 20063.56
10.571 , 20063.0
10.573 , 20062.43
10.574 , 20130.93
10.576 , 19992.92
10.578 , 20129.8
10.58 , 20129.37
10.582 , 20128.9
10.584 , 20128.45
10.586 , 20265.58
10.588 , 19990.22
10.59 , 19989.54
10.592 , 20126.44
10.594 , 19988.41
10.596 , 20262.87
10.598 , 20056.28
10.599 , 20331.14
10.601 , 20262.25
10.603 , 20262.03
10.605 , 20261.81
10.607 , 20330.37
10.609 , 20192.7
10.611 , 20261.15
10.613 , 20192.14
10.614 , 20123.31
10.616 , 20191.64
10.618 , 20535.2
10.62 , 20260.32
10.622 , 20122.54
10.624 , 20397.21
10.626 , 20259.66
10.628 , 20328.21
10.629 , 20397.17
10.631 , 20190.84
10.633 , 20328.06
10.635 , 20190.39
10.637 , 20190.06
10.639 , 20189.72
10.641 , 20189.38
10.643 , 20257.83
10.645 , 20120.05
10.647 , 20188.38
10.648 , 20050.76
10.65 , 20187.76
10.652 , 20324.98
10.654 , 20049.75
10.656 , 20255.53
10.658 , 20392.86
10.66 , 20186.53
10.662 , 19979.86
10.664 , 20185.52
10.666 , 20116.4
10.668 , 20253.51
10.669 , 20116.01
10.671 , 20115.56
10.673 , 20115.11
10.675 , 19977.06
10.677 , 20251.54
10.679 , 20113.76
10.681 , 19975.71
10.683 , 20250.19
10.685 , 20112.41
10.687 , 20111.91
10.688 , 20318.13
10.69 , 19836.52
10.692 , 19904.39
10.694 , 20041.15
10.696 , 20178.14
10.698 , 20109.03
10.7 , 20177.36
10.702 , 20177.02
10.704 , 20107.91
10.706 , 20176.23
10.707 , 20107.4
10.709 , 20175.73
10.711 , 20312.95
10.713 , 20175.29
10.715 , 19968.61
10.717 , 19899.15
10.719 , 20104.7
10.721 , 20173.03
10.723 , 20103.91
10.725 , 19965.9
10.726 , 19965.5
10.728 , 20102.38
10.73 , 20101.93
10.732 , 19895.14
10.734 , 20100.69
10.736 , 20100.24
10.738 , 19962.23
10.74 , 19961.55
10.742 , 20098.43
10.744 , 20029.2
10.745 , 19960.13
10.747 , 19959.45
10.749 , 19958.78
10.751 , 20095.65
10.753 , 19751.31
10.755 , 19956.62
10.757 , 19955.94
10.759 , 19955.26
10.761 , 19817.02
10.763 , 19816.12
10.765 , 19815.21
10.767 , 20020.63
10.768 , 20020.35
10.77 , 19951.01
10.772 , 19881.55
10.774 , 20087.09
10.776 , 19949.08
10.778 , 19948.4
10.78 , 20016.5
10.782 , 20015.94
10.784 , 20084.15
10.786 , 19877.36
10.788 , 20151.69
10.79 , 20082.57
10.791 , 20151.18
10.793 , 20082.06
10.795 , 20081.61
10.797 , 20081.16
10.799 , 19805.6
10.801 , 19735.91
10.803 , 19941.22
10.805 , 19871.76
10.807 , 19870.97
10.809 , 20076.51
10.81 , 19870.01
10.812 , 20006.77
10.814 , 20006.2
10.816 , 20005.64
10.818 , 20073.85
10.82 , 20004.62
10.822 , 19935.28
10.824 , 19865.82
10.826 , 20140.14
10.827 , 19933.75
10.829 , 19933.07
10.831 , 20069.95
10.833 , 19931.94
10.835 , 19931.26
10.837 , 19930.58
10.839 , 19792.34
10.841 , 19928.99
10.843 , 20065.87
10.845 , 19927.86
10.847 , 19996.01
10.849 , 19926.62
10.851 , 19994.76
10.853 , 19856.59
10.855 , 20062.18
10.857 , 19924.17
10.858 , 20130.11
10.86 , 20060.99
10.862 , 19785.38
10.864 , 19853.3
10.866 , 19990.06
10.868 , 19851.94
10.87 , 19919.92
10.872 , 19919.24
10.874 , 19918.56
10.876 , 19917.88
10.877 , 19917.49
10.879 , 19848.03
10.881 , 19984.79
10.883 , 19915.45
10.893 , 19912.51
10.895 , 19705.49
10.897 , 20048.36
10.899 , 19841.57
10.9 , 19978.62
10.902 , 20115.61
10.904 , 19908.94
10.906 , 19908.21
10.908 , 20045.13
10.91 , 19907.08
10.912 , 19906.4
10.914 , 19974.5
10.916 , 19836.38
10.918 , 19973.14
10.92 , 20110.13
10.922 , 19903.46
10.923 , 20109.4
10.925 , 20040.28
10.927 , 19833.49
10.929 , 19970.26
10.931 , 20107.25
10.933 , 19831.8
10.935 , 19899.78
10.937 , 19830.32
10.939 , 19967.09
10.941 , 20035.3
10.942 , 19828.79
10.944 , 20034.34
10.946 , 19896.33
10.948 , 19895.65
10.95 , 19894.97
10.952 , 19894.29
10.954 , 19893.61
10.956 , 19892.93
10.958 , 19892.25
10.96 , 19891.57
10.962 , 19890.89
10.963 , 20028.05
10.965 , 19752.48
10.967 , 20095.47
10.969 , 20026.35
10.971 , 19888.34
10.973 , 20094.0
10.975 , 20093.66
10.977 , 20024.55
10.979 , 19886.54
10.981 , 19541.96
10.983 , 19678.27
10.985 , 19952.36
10.987 , 19676.68
10.989 , 19744.43
10.99 , 19675.03
10.992 , 19880.34
10.994 , 19673.32
10.996 , 19672.3
10.998 , 19671.28
11.0 , 19739.03
11.002 , 19738.12
11.004 , 19874.77
11.006 , 19736.54
11.008 , 19804.4
11.01 , 19803.61
11.011 , 19665.54
11.013 , 19870.85
11.015 , 19870.17
11.017 , 19869.49
11.019 , 19868.81
11.021 , 19868.13
11.023 , 19729.89
11.025 , 19728.99
11.027 , 19865.63
11.029 , 19727.4
11.03 , 19795.55
11.032 , 19794.75
11.034 , 19862.74
11.036 , 19862.06
11.038 , 19723.82
11.04 , 19860.47
11.042 , 19722.23
11.044 , 19858.88
11.046 , 19789.42
11.048 , 19651.07
11.05 , 19718.82
11.052 , 19855.47
11.054 , 19786.01
11.055 , 19579.16
11.057 , 19646.8
11.059 , 19783.34
11.061 , 19507.43
11.063 , 19643.73
11.065 , 19711.49
11.067 , 19779.36
11.069 , 19641.01
11.071 , 19708.76
11.073 , 19845.46
11.074 , 19913.79
11.076 , 20050.83
11.078 , 20050.49
11.08 , 19912.55
11.082 , 20049.59
11.084 , 19980.47
11.086 , 19980.02
11.088 , 19979.57
11.09 , 19910.29
11.091 , 19978.84
11.093 , 19909.61
11.095 , 20046.6
11.097 , 19908.7
11.099 , 20183.25
11.101 , 19839.25
11.103 , 19838.57
11.105 , 19906.67
11.107 , 19837.32
11.109 , 20042.98
11.111 , 19905.08
11.113 , 19973.3
11.114 , 19766.79
11.116 , 19972.34
11.118 , 19834.33
11.12 , 19833.64
11.122 , 20245.64
11.124 , 20039.31
11.126 , 20038.97
11.128 , 20038.63
11.13 , 19831.96
11.131 , 19969.12
11.133 , 19899.89
11.135 , 19968.1
11.137 , 19830.09
11.139 , 19898.19
11.141 , 19828.85
11.143 , 19965.72
11.145 , 19896.49
11.147 , 19895.93
11.149 , 19964.14
11.151 , 20101.25
11.152 , 20032.53
11.154 , 20169.75
11.156 , 19825.75
11.158 , 20100.18
11.16 , 20031.18
11.162 , 20099.62
11.164 , 19961.84
11.166 , 20167.73
11.168 , 20236.4
11.17 , 20098.84
11.171 , 20030.1
11.173 , 19823.43
11.175 , 19822.75
11.177 , 19890.85
11.179 , 19890.28
11.181 , 20027.27
11.183 , 19820.6
11.185 , 19888.7
11.187 , 19888.13
11.189 , 19818.79
11.19 , 19887.17
11.192 , 19886.6
11.194 , 19679.7
11.196 , 19885.13
11.198 , 19747.0
11.2 , 19746.21
11.202 , 19745.41
11.204 , 19882.17
11.206 , 19881.61
11.208 , 20224.94
11.21 , 19949.83
11.212 , 19811.82
11.213 , 19742.64
11.215 , 19879.4
11.217 , 19741.28
11.219 , 19602.92
11.221 , 19601.9
11.223 , 19669.66
11.233 , 19872.82
11.235 , 19941.03
11.236 , 19734.53
11.238 , 19458.62
11.24 , 19457.36
11.242 , 19662.45
11.244 , 19661.54
11.246 , 19798.18
11.248 , 19659.95
11.25 , 19727.81
11.252 , 19795.8
11.254 , 19726.34
11.256 , 19725.54
11.257 , 19793.81
11.259 , 19586.79
11.261 , 19516.99
11.263 , 19790.97
11.265 , 19721.51
11.267 , 19858.27
11.269 , 19857.7
11.271 , 19994.7
11.273 , 19719.24
11.275 , 19856.0
11.277 , 19855.44
11.279 , 19854.87
11.28 , 19854.59
11.282 , 19854.02
11.284 , 20059.79
11.286 , 19853.23
11.288 , 19990.22
11.29 , 19989.88
11.292 , 19783.21
11.294 , 19644.97
11.296 , 19781.62
11.298 , 19780.94
11.3 , 19849.04
11.302 , 19779.69
11.304 , 19779.01
11.305 , 19778.61
11.307 , 19777.93
11.309 , 19914.81
11.311 , 19776.8
11.313 , 19982.45
11.315 , 19913.34
11.317 , 19912.88
11.319 , 19912.43
11.321 , 19911.98
11.323 , 19773.97
11.324 , 19911.13
11.326 , 20117.02
11.328 , 19979.35
11.33 , 20047.81
11.332 , 19978.79
11.334 , 19772.11
11.336 , 19840.21
11.338 , 20046.0
11.34 , 20045.78
11.341 , 19839.48
11.343 , 19907.69
11.345 , 19976.04
11.347 , 19769.37
11.349 , 20043.8
11.351 , 20043.58
11.353 , 19837.02
11.355 , 20111.57
11.357 , 19767.57
11.359 , 19835.66
11.361 , 19835.1
11.363 , 19765.75
11.364 , 19765.35
11.366 , 19695.89
11.368 , 19763.88
11.37 , 19763.2
11.372 , 19624.96
11.374 , 19761.61
11.376 , 19692.14
11.378 , 19966.46
11.38 , 19553.45
11.382 , 19621.21
11.384 , 19689.08
11.386 , 19619.5
11.387 , 19687.65
11.389 , 19618.08
11.391 , 19617.17
11.393 , 19616.26
11.395 , 19615.33
11.397 , 19614.42
11.399 , 19544.73
11.401 , 19543.7
11.403 , 19611.46
11.405 , 19541.77
11.407 , 19471.96
11.408 , 19539.89
11.41 , 19538.86
11.412 , 19675.4
11.414 , 19537.04
11.416 , 19536.02
11.418 , 19672.55
11.42 , 19602.98
11.422 , 19739.62
11.424 , 19532.6
11.426 , 19600.36
11.428 , 19461.89
11.43 , 19598.31
11.432 , 19528.62
11.433 , 19596.66
11.435 , 19733.3
11.437 , 19526.29
11.439 , 19662.82
11.441 , 19662.02
11.443 , 19523.67
11.445 , 19522.65
11.447 , 19590.4
11.449 , 19520.71
11.451 , 19450.91
11.452 , 19518.83
11.454 , 19517.8
11.456 , 19516.78
11.458 , 19584.53
11.46 , 19858.74
11.462 , 19651.95
11.464 , 19582.38
11.466 , 19581.46
11.468 , 19786.89
11.47 , 19717.54
11.472 , 19579.3
11.473 , 19716.24
11.475 , 19578.0
11.477 , 19508.31
11.479 , 19782.4
11.481 , 19919.39
11.483 , 19643.94
11.485 , 19574.36
11.487 , 19711.01
11.489 , 19847.88
11.491 , 19503.54
11.493 , 19777.63
11.495 , 19708.28
11.497 , 19776.38
11.499 , 19638.25
11.501 , 19499.9
11.502 , 19636.71
11.504 , 19773.48
11.506 , 19772.91
11.508 , 19772.34
11.51 , 19634.22
11.512 , 19770.98
11.514 , 19701.63
11.516 , 19769.73
11.518 , 19769.16
11.52 , 19906.15
11.522 , 19905.82
11.523 , 19974.54
11.525 , 19492.86
11.527 , 19904.51
11.529 , 19560.28
11.531 , 19972.04
11.533 , 19903.04
11.535 , 19627.58
11.537 , 19764.35
11.539 , 19901.34
11.541 , 19694.66
11.542 , 19625.48
11.544 , 19693.47
11.546 , 19830.34
11.548 , 19898.67
11.55 , 19760.77
11.552 , 19760.2
11.554 , 19622.08
11.556 , 19690.06
11.558 , 19551.82
11.56 , 19688.47
11.562 , 19687.79
11.564 , 19687.1
11.566 , 19548.87
11.575 , 19683.53
11.577 , 19820.4
11.579 , 19613.61
11.581 , 19544.04
11.583 , 19680.68
11.585 , 19611.22
11.587 , 19748.01
11.588 , 19678.92
11.59 , 19678.26
11.592 , 19608.78
11.594 , 19539.22
11.596 , 19675.87
11.598 , 19468.85
11.6 , 19674.16
11.602 , 19673.48
11.604 , 19466.46
11.606 , 19465.42
11.607 , 19602.25
11.609 , 19670.23
11.611 , 19463.22
11.613 , 19668.53
11.615 , 19736.63
11.617 , 19529.72
11.619 , 19666.37
11.621 , 19528.13
11.623 , 19596.0
11.625 , 19320.08
11.627 , 19318.83
11.628 , 19317.86
11.63 , 19385.38
11.632 , 19453.02
11.634 , 19520.78
11.636 , 19451.09
11.638 , 19450.06
11.64 , 19380.26
11.642 , 19516.67
11.644 , 19515.76
11.646 , 19377.29
11.648 , 19376.15
11.649 , 19512.86
11.651 , 19443.16
11.653 , 19510.92
11.655 , 19647.56
11.657 , 19578.1
11.659 , 19577.31
11.661 , 19576.51
11.663 , 19438.16
11.665 , 19437.13
11.667 , 19573.66
11.669 , 19504.04
11.671 , 19434.35
11.672 , 19571.21
11.675 , 19707.64
11.676 , 19569.8
11.678 , 19500.22
11.68 , 19774.43
11.682 , 19636.42
11.684 , 19635.74
11.686 , 19772.66
11.688 , 19634.6
11.69 , 19427.58
11.692 , 19426.55
11.694 , 19563.09
11.696 , 19699.85
11.698 , 19424.16
11.699 , 19836.1
11.701 , 19698.2
11.703 , 19697.63
11.705 , 19697.06
11.707 , 19696.49
11.709 , 19833.48
11.711 , 19695.59
11.713 , 19695.02
11.715 , 19763.23
11.717 , 19625.22
11.719 , 19624.53
11.72 , 19692.91
11.722 , 19692.35
11.724 , 19760.56
11.726 , 19828.88
11.728 , 19897.32
11.73 , 19828.32
11.732 , 19827.98
11.734 , 19827.64
11.736 , 19827.3
11.738 , 19826.96
11.74 , 19826.62
11.742 , 19826.28
11.744 , 19894.72
11.746 , 19756.94
11.747 , 19756.77
11.749 , 19687.53
11.751 , 19618.19
11.753 , 19617.5
11.755 , 19685.6
11.757 , 19753.81
11.759 , 19478.24
11.761 , 19477.33
11.763 , 19476.42
11.765 , 19681.84
11.767 , 19543.72
11.769 , 19474.14
11.771 , 19542.01
11.772 , 19610.27
11.774 , 19609.59
11.776 , 19608.91
11.778 , 19745.78
11.78 , 19676.55
11.782 , 19607.2
11.784 , 19468.96
11.786 , 19674.39
11.788 , 19605.04
11.79 , 19741.91
11.792 , 19535.12
11.793 , 19603.39
11.795 , 19533.92
11.797 , 19601.91
11.799 , 19463.67
11.801 , 19669.09
11.803 , 19599.74
11.805 , 19530.28
11.807 , 19667.04
11.809 , 19597.69
11.811 , 19597.01
11.813 , 19389.99
11.815 , 19664.08
11.817 , 19525.95
11.818 , 19663.0
11.82 , 19662.43
11.822 , 19524.3
11.824 , 19592.28
11.826 , 19454.04
11.828 , 19453.13
11.83 , 19589.78
11.832 , 19451.51
11.834 , 19656.96
11.836 , 19518.81
11.838 , 19655.59
11.839 , 19517.73
11.841 , 19516.93
11.843 , 19447.35
11.845 , 19721.6
11.847 , 19377.21
11.849 , 19720.12
11.851 , 19375.73
11.853 , 19581.08
11.855 , 19649.18
11.857 , 19648.61
11.859 , 19648.04
11.861 , 19716.25
11.863 , 19715.8
11.864 , 19646.85
11.867 , 19508.44
11.869 , 19713.97
11.87 , 19507.47
11.872 , 19644.23
11.874 , 19506.1
11.876 , 19436.52
11.878 , 19641.95
11.88 , 19572.6
11.882 , 19640.7
11.884 , 19640.13
11.886 , 19708.34
11.888 , 19570.32
11.89 , 19638.42
11.892 , 19431.51
11.894 , 19430.6
11.895 , 19567.53
11.897 , 19773.19
11.899 , 19428.95
11.901 , 19428.04
11.903 , 19427.13
11.905 , 19426.21
11.907 , 19562.86
11.916 , 19628.96
11.918 , 19628.39
11.92 , 19627.82
11.922 , 19420.92
11.924 , 19420.0
11.926 , 19694.21
11.928 , 19487.42
11.93 , 19555.4
11.932 , 19554.71
11.934 , 19485.25
11.936 , 19690.79
11.937 , 19621.84
11.939 , 19414.93
11.941 , 19482.8
11.943 , 19619.56
11.945 , 19481.43
11.947 , 19549.41
11.949 , 19479.95
11.951 , 19547.93
11.953 , 19547.25
11.955 , 19271.42
11.957 , 19545.42
11.958 , 19407.44
11.96 , 19544.11
11.962 , 19818.54
11.964 , 19474.4
11.966 , 19542.4
11.968 , 19748.05
11.97 , 19335.02
11.972 , 19540.33
11.974 , 19608.42
11.976 , 19607.85
11.978 , 19607.28
11.979 , 19607.0
11.981 , 19400.09
11.983 , 19536.73
11.985 , 19604.83
11.987 , 19466.7
11.989 , 19672.24
11.991 , 19603.01
11.993 , 19533.66
11.995 , 19532.97
11.997 , 19532.29
11.999 , 19600.38
12.001 , 19462.26
12.003 , 19599.02
12.004 , 19392.4
12.006 , 19735.38
12.008 , 19459.92
12.01 , 19527.9
12.012 , 19595.99
12.014 , 19595.43
12.016 , 19526.08
12.018 , 19594.17
12.02 , 19662.38
12.022 , 19455.59
12.023 , 19592.63
12.025 , 19660.84
12.027 , 19797.94
12.029 , 19591.38
12.031 , 19453.25
12.033 , 19521.23
12.035 , 19382.99
12.037 , 19450.86
12.039 , 19450.06
12.041 , 19242.92
12.042 , 19517.18
12.044 , 19585.27
12.046 , 19515.93
12.048 , 19377.68
12.05 , 19239.21
12.052 , 19581.96
12.054 , 19375.06
12.056 , 19511.7
12.058 , 19373.46
12.06 , 19510.1
12.062 , 19440.64
12.064 , 19439.84
12.065 , 19439.33
12.067 , 19438.53
12.069 , 19300.17
12.071 , 19436.7
12.073 , 19367.13
12.075 , 19503.77
12.077 , 19365.53
12.079 , 19364.61
12.081 , 19501.26
12.082 , 19500.86
12.084 , 19568.95
12.086 , 19362.04
12.088 , 19429.91
12.09 , 19360.33
12.092 , 19359.42
12.094 , 19358.5
12.096 , 19357.59
12.098 , 19494.23
12.1 , 19355.99
12.101 , 19355.36
12.103 , 19354.45
12.105 , 19559.87
12.107 , 19559.35
12.109 , 19558.78
12.111 , 19558.21
12.113 , 19213.74
12.115 , 19418.94
12.117 , 19349.31
12.119 , 19486.0
12.12 , 19348.05
12.123 , 19346.85
12.124 , 19483.78
12.126 , 19414.31
12.128 , 19482.29
12.13 , 19550.39
12.132 , 19549.81
12.134 , 19411.69
12.136 , 19548.45
12.138 , 19479.1
12.14 , 19822.31
12.142 , 19615.86
12.143 , 19615.69
12.145 , 19615.23
12.147 , 19477.21
12.149 , 19614.09
12.151 , 19682.41
12.153 , 19613.29
12.155 , 19544.06
12.157 , 19612.27
12.159 , 19543.03
12.161 , 19542.46
12.162 , 19404.62
12.164 , 19678.93
12.166 , 19678.59
12.168 , 19540.69
12.17 , 19677.68
12.172 , 19608.56
12.174 , 19608.1
12.176 , 19538.87
12.178 , 19607.07
12.18 , 19469.06
12.182 , 19605.93
12.183 , 19674.54
12.185 , 19536.64
12.187 , 19604.85
12.189 , 19604.39
12.191 , 19466.38
12.193 , 19603.25
12.195 , 19602.79
12.197 , 19808.67
12.199 , 19671.0
12.201 , 19464.32
12.203 , 19601.2
12.205 , 19669.52
12.207 , 19600.4
12.208 , 19600.23
12.21 , 19737.33
12.212 , 19461.99
12.214 , 19598.86
12.216 , 19598.4
12.218 , 19529.17
12.22 , 19597.37
12.222 , 19665.7
12.224 , 19665.36
12.226 , 19527.45
12.228 , 19595.66
12.23 , 19388.85
12.231 , 19663.47
12.233 , 19525.55
12.235 , 19524.97
12.237 , 19593.18
12.239 , 19386.39
12.241 , 19248.03
12.243 , 19384.56
12.245 , 19314.98
12.247 , 19451.63
12.256 , 19517.72
12.258 , 19242.03
12.26 , 19309.78
12.262 , 19377.64
12.264 , 19376.85
12.266 , 19376.05
12.268 , 19306.47
12.27 , 19305.55
12.272 , 19304.64
12.273 , 19372.79
12.275 , 19303.21
12.277 , 19302.29
12.279 , 19301.38
12.281 , 19438.02
12.283 , 19299.78
12.285 , 19436.42
12.287 , 19435.73
12.289 , 19503.83
12.291 , 19503.26
12.293 , 19502.68
12.294 , 19433.62
12.296 , 19432.93
12.298 , 19432.25
12.3 , 19362.78
12.302 , 19430.76
12.304 , 19430.08
12.306 , 19291.83
12.308 , 19153.36
12.31 , 19427.33
12.312 , 19289.09
12.313 , 19426.01
12.316 , 19425.04
12.317 , 19355.86
12.319 , 19355.06
12.321 , 19354.26
12.323 , 19353.46
12.325 , 19421.44
12.327 , 19283.2
12.329 , 19282.28
12.331 , 19212.59
12.333 , 19417.89
12.335 , 19417.21
12.336 , 19416.81
12.338 , 19347.34
12.34 , 19415.32
12.342 , 19139.52
12.344 , 19757.41
12.346 , 19344.57
12.348 , 19412.58
12.35 , 19480.67
12.352 , 19480.1
12.354 , 19479.52
12.355 , 19616.82
12.357 , 19547.67
12.359 , 19478.44
12.361 , 19409.09
12.363 , 19408.4
12.365 , 19407.71
12.367 , 19613.37
12.369 , 19613.02
12.371 , 19475.12
12.373 , 19612.11
12.374 , 19612.05
12.376 , 19474.15
12.378 , 19404.8
12.38 , 19610.45
12.382 , 19816.44
12.384 , 19610.11
12.386 , 19816.1
12.388 , 19609.76
12.39 , 19609.42
12.392 , 19746.63
12.394 , 19540.18
12.396 , 19608.5
12.398 , 19608.16
12.4 , 19607.82
12.401 , 19676.54
12.403 , 19607.53
12.405 , 19813.52
12.407 , 19607.19
12.409 , 19606.84
12.411 , 19606.5
12.413 , 19743.71
12.415 , 19812.38
12.417 , 19674.82
12.419 , 19812.15
12.421 , 19605.81
12.422 , 19605.75
12.424 , 19742.97
12.426 , 19811.63
12.428 , 19880.41
12.43 , 19674.19
12.432 , 19673.96
12.434 , 19673.73
12.436 , 19604.72
12.438 , 19810.71
12.44 , 19535.6
12.442 , 19741.48
12.444 , 19672.58
12.445 , 19741.42
12.447 , 19810.08
12.449 , 19947.64
12.451 , 19810.31
12.453 , 19810.31
12.455 , 20085.43
12.457 , 19535.65
12.459 , 19741.53
12.461 , 19741.42
12.463 , 20016.42
12.465 , 19810.42
12.466 , 19535.59
12.468 , 19672.69
12.47 , 19672.46
12.472 , 19603.46
12.474 , 19465.55
12.476 , 19671.32
12.478 , 19464.75
12.48 , 19670.52
12.482 , 19532.73
12.484 , 19463.49
12.485 , 19463.2
12.487 , 19600.19
12.489 , 19393.51
12.491 , 19599.16
12.493 , 19392.47
12.495 , 19598.13
12.497 , 19597.78
12.499 , 19322.32
12.501 , 19527.86
12.503 , 19389.84
12.505 , 19389.15
12.506 , 19526.31
12.508 , 19525.85
12.51 , 19387.83
12.512 , 19593.48
12.514 , 19318.02
12.516 , 19248.44
12.518 , 19316.3
12.52 , 19384.28
12.522 , 19246.04
12.524 , 19245.12
12.525 , 19382.05
12.527 , 19312.58
12.529 , 19449.34
12.531 , 19311.21
12.533 , 19241.63
12.535 , 19309.49
12.537 , 19308.69
12.539 , 19376.66
12.541 , 19375.97
12.543 , 19306.51
12.545 , 19305.7
12.546 , 19373.97
12.548 , 19442.06
12.55 , 19372.71
12.552 , 19372.02
12.554 , 19371.33
12.556 , 19233.09
12.558 , 19369.73
12.56 , 19162.7
12.562 , 19368.01
12.564 , 19229.76
12.565 , 19366.69
12.567 , 19366.0
12.569 , 19365.31
12.571 , 19364.63
12.573 , 19226.38
12.575 , 19225.46
12.577 , 19568.44
12.579 , 19224.2
12.581 , 19154.51
12.583 , 19222.25
12.585 , 19221.33
12.587 , 19151.64
12.589 , 19288.14
12.598 , 19147.77
12.6 , 19353.1
12.602 , 19214.86
12.604 , 19145.16
12.606 , 19212.91
12.607 , 19349.84
12.609 , 19486.71
12.611 , 19486.25
12.613 , 19348.23
12.615 , 19278.76
12.617 , 19346.74
12.619 , 19346.05
12.621 , 19276.58
12.623 , 19344.56
12.625 , 19412.65
12.626 , 19481.14
12.628 , 19411.9
12.63 , 19411.33
12.632 , 19341.97
12.634 , 19547.62
12.636 , 19340.94
12.638 , 19615.37
12.64 , 19477.58
12.642 , 19477.12
12.644 , 19339.1
12.646 , 19544.75
12.648 , 19338.07
12.65 , 19543.71
12.652 , 19337.03
12.653 , 19336.63
12.655 , 19129.61
12.657 , 19472.47
12.659 , 19678.35
12.661 , 19678.23
12.663 , 19471.78
12.665 , 19333.76
12.667 , 19539.41
12.669 , 19332.72
12.671 , 19400.81
12.673 , 19537.8
12.675 , 19331.12
12.677 , 19467.99
12.678 , 19467.81
12.68 , 19467.35
12.682 , 19466.89
12.684 , 19328.88
12.686 , 19396.96
12.688 , 19396.39
12.69 , 19395.82
12.692 , 19464.02
12.694 , 19463.56
12.696 , 19325.54
12.698 , 19393.63
12.7 , 19530.62
12.702 , 19392.71
12.704 , 19323.36
12.705 , 19254.18
12.707 , 19253.37
12.709 , 19115.01
12.711 , 19320.32
12.713 , 19388.41
12.715 , 19250.27
12.717 , 19180.67
12.719 , 19179.75
12.721 , 19316.41
12.723 , 19315.72
12.724 , 19315.3
12.726 , 19314.63
12.728 , 19176.36
12.73 , 19175.45
12.732 , 19174.53
12.734 , 19311.17
12.736 , 19241.7
12.738 , 19309.67
12.74 , 19308.98
12.742 , 19239.52
12.744 , 19445.05
12.746 , 19100.69
12.747 , 19306.29
12.749 , 19443.15
12.751 , 19167.57
12.753 , 18960.32
12.755 , 19234.18
12.757 , 19302.15
12.759 , 19370.24
12.761 , 19232.11
12.763 , 19231.3
12.765 , 19299.28
12.767 , 19436.15
12.769 , 19435.68
12.771 , 19297.67
12.773 , 19434.53
12.774 , 19296.8
12.776 , 19089.78
12.778 , 19157.52
12.78 , 19294.16
12.782 , 19431.03
12.784 , 19293.01
12.786 , 19429.88
12.788 , 19154.3
12.79 , 19153.38
12.792 , 19083.69
12.794 , 19082.65
12.796 , 19219.18
12.798 , 19355.93
12.799 , 19080.53
12.801 , 19354.61
12.803 , 19422.81
12.805 , 19353.57
12.807 , 19215.44
12.809 , 19214.63
12.811 , 19282.61
12.813 , 19213.14
12.815 , 19212.34
12.817 , 19211.53
12.818 , 19348.57
12.82 , 19279.22
12.822 , 19209.75
12.824 , 19277.72
12.826 , 19277.03
12.828 , 19207.56
12.83 , 19275.54
12.832 , 19137.27
12.834 , 19273.95
12.836 , 19410.84
12.838 , 19272.8
12.84 , 19272.11
12.842 , 19271.42
12.843 , 19133.41
12.845 , 19270.1
12.847 , 19269.41
12.849 , 19131.12
12.851 , 19405.36
12.853 , 19473.7
12.855 , 19129.43
12.857 , 19334.85
12.859 , 19265.49
12.861 , 19264.81
12.863 , 19057.73
12.864 , 19332.15
12.866 , 19125.23
12.868 , 19055.54
12.87 , 19260.84
12.872 , 19122.59
12.874 , 19121.67
12.876 , 19120.75
12.878 , 19119.83
12.88 , 19050.13
12.882 , 19186.66
12.884 , 19117.07
12.886 , 19184.93
12.887 , 19253.2
12.889 , 19321.29
12.891 , 19320.71
12.893 , 19113.8
12.895 , 19044.1
12.897 , 19180.62
12.899 , 19179.81
12.901 , 19247.79
12.903 , 19247.1
12.905 , 19315.19
12.907 , 19177.05
12.909 , 19313.8
12.911 , 19244.45
12.913 , 19381.32
12.914 , 19312.36
12.916 , 19243.01
12.918 , 19104.76
12.92 , 19241.4
12.922 , 19240.71
12.924 , 19240.02
12.926 , 19445.66
12.928 , 19238.98
12.93 , 19375.85
12.939 , 19304.59
12.941 , 19304.01
12.943 , 19234.65
12.945 , 19233.96
12.947 , 19439.61
12.949 , 19439.26
12.951 , 19507.69
12.953 , 19438.68
12.955 , 19507.11
12.957 , 19300.54
12.959 , 19231.18
12.96 , 19368.34
12.962 , 19642.99
12.964 , 19367.87
12.966 , 19298.63
12.968 , 19435.61
12.97 , 19297.68
12.972 , 19434.69
12.974 , 19434.34
12.976 , 19502.77
12.978 , 19364.95
12.98 , 19570.85
12.982 , 19295.59
12.983 , 19432.86
12.985 , 19294.96
12.987 , 19775.86
12.989 , 19225.82
12.991 , 19431.47
12.993 , 19499.9
12.995 , 19430.88
12.997 , 19430.54
12.999 , 19155.07
13.001 , 19429.38
13.003 , 19291.48
13.005 , 19290.9
13.006 , 19153.05
13.008 , 19358.58
13.01 , 19289.34
13.012 , 19357.54
13.014 , 19288.3
13.016 , 19150.17
13.018 , 19286.92
13.02 , 19217.56
13.022 , 19216.87
13.024 , 19284.96
13.026 , 19215.6
13.027 , 19352.76
13.029 , 19283.51
13.031 , 19282.94
13.033 , 19282.36
13.035 , 19281.78
13.037 , 19212.42
13.039 , 19418.07
13.041 , 19348.94
13.043 , 19142.14
13.045 , 19278.89
13.046 , 19209.82
13.048 , 19002.79
13.05 , 19208.1
13.052 , 19138.63
13.054 , 19137.82
13.056 , 19205.79
13.058 , 19136.32
13.06 , 19273.07
13.062 , 19203.71
13.063 , 19203.31
13.065 , 19133.84
13.067 , 19201.81
13.069 , 19201.12
13.071 , 19200.43
13.073 , 18993.4
13.075 , 19198.7
13.077 , 19129.23
13.079 , 19128.42
13.081 , 19058.83
13.083 , 19126.69
13.085 , 18919.55
13.086 , 19056.24
13.088 , 18917.77
13.09 , 19260.55
13.092 , 19053.59
13.094 , 18983.89
13.096 , 19051.68
13.098 , 19119.54
13.1 , 19049.91
13.102 , 18980.21
13.104 , 19047.95
13.105 , 19116.14
13.107 , 19046.56
13.109 , 19251.97
13.111 , 19113.84
13.113 , 19250.59
13.115 , 19181.23
13.117 , 19111.76
13.119 , 19179.73
13.121 , 19179.04
13.122 , 19247.41
13.124 , 19040.5
13.126 , 19245.91
13.128 , 19107.78
13.13 , 19175.75
13.132 , 19175.05
13.134 , 19243.14
13.136 , 19105.01
13.138 , 19172.98
13.14 , 19103.5
13.142 , 18965.14
13.143 , 19239.51
13.145 , 19238.93
13.147 , 19032.01
13.149 , 18893.54
13.151 , 19029.94
13.153 , 19029.02
13.155 , 19028.1
13.157 , 19164.73
13.159 , 19026.48
13.161 , 19025.56
13.163 , 19024.64
13.164 , 19024.01
13.166 , 19023.08
13.168 , 19090.94
13.17 , 19090.13
13.172 , 19158.1
13.174 , 19088.63
13.176 , 19294.16
13.178 , 19156.14
13.18 , 19086.67
13.182 , 19292.2
13.183 , 19085.68
13.185 , 19153.65
13.187 , 19015.4
13.189 , 18876.92
13.191 , 19082.11
13.193 , 18943.74
13.195 , 19011.49
13.197 , 19010.56
13.199 , 19078.42
13.201 , 19215.17
13.202 , 18939.76
13.204 , 19007.51
13.206 , 19006.58
13.208 , 19143.22
13.21 , 19142.52
13.212 , 19141.83
13.214 , 19003.56
13.216 , 19140.21
13.218 , 18933.16
13.22 , 19207.24
13.222 , 19000.32
13.223 , 19206.05
13.225 , 19067.89
13.227 , 19204.64
13.229 , 19204.06
13.231 , 19134.7
13.233 , 19202.79
13.235 , 19270.99
13.237 , 19132.96
13.239 , 19201.05
13.24 , 19131.98
13.242 , 18924.95
13.244 , 19130.25
13.246 , 19129.55
13.248 , 19128.86
13.25 , 19059.39
13.252 , 19333.7
13.254 , 19195.79
13.256 , 19057.65
13.258 , 19331.96
13.26 , 19194.05
13.261 , 19056.2
13.263 , 19261.73
13.265 , 19467.6
13.267 , 19192.36
13.269 , 19398.12
13.279 , 19120.45
13.281 , 19119.75
13.282 , 19256.9
13.284 , 18981.32
13.286 , 19186.74
13.288 , 19323.71
13.29 , 19185.8
13.292 , 18978.89
13.294 , 19184.3
13.296 , 19183.72
13.298 , 19183.14
13.3 , 18976.22
13.302 , 19112.86
13.304 , 18974.61
13.305 , 19180.31
13.307 , 19179.73
13.309 , 19179.15
13.311 , 19178.57
13.313 , 19177.99
13.315 , 19039.85
13.317 , 18901.48
13.319 , 19038.0
13.321 , 19243.53
13.322 , 19037.02
13.324 , 19104.99
13.326 , 19241.85
13.328 , 19035.05
13.33 , 19103.02
13.332 , 19239.88
13.334 , 19033.08
13.336 , 19238.61
13.338 , 19169.36
13.34 , 19306.34
13.342 , 19099.65
13.343 , 19030.46
13.345 , 19236.02
13.347 , 19097.97
13.349 , 19028.49
13.351 , 19096.46
13.353 , 19026.99
13.355 , 19163.76
13.357 , 19163.18
13.359 , 18956.24
13.361 , 19230.45
13.362 , 19092.7
13.364 , 19160.8
13.366 , 19022.64
13.368 , 19159.39
13.37 , 19021.25
13.372 , 19089.22
13.374 , 19088.53
13.376 , 19087.83
13.378 , 19293.49
13.38 , 19086.78
13.381 , 19223.93
13.383 , 19223.47
13.385 , 19223.0
13.387 , 19222.54
13.389 , 19222.07
13.391 , 19084.04
13.393 , 19220.91
13.395 , 19151.66
13.397 , 19288.64
13.399 , 19219.51
13.4 , 19081.77
13.402 , 19218.63
13.404 , 19011.83
13.406 , 19217.36
13.408 , 19216.89
13.41 , 19216.42
13.412 , 19147.18
13.414 , 19215.38
13.416 , 19283.69
13.418 , 19077.0
13.42 , 19213.86
13.422 , 19075.83
13.423 , 19419.32
13.425 , 19487.98
13.427 , 19144.08
13.429 , 19212.27
13.431 , 19143.03
13.433 , 19073.67
13.435 , 19141.75
13.437 , 19416.28
13.439 , 19141.04
13.441 , 19071.68
13.442 , 19140.06
13.444 , 19414.59
13.446 , 19139.35
13.448 , 19069.99
13.45 , 19206.85
13.452 , 19068.83
13.454 , 19068.13
13.456 , 18998.65
13.458 , 18929.06
13.46 , 19065.7
13.461 , 18996.51
13.463 , 18995.7
13.465 , 19063.67
13.467 , 19131.75
13.469 , 19062.39
13.471 , 19199.25
13.473 , 18992.45
13.475 , 19060.42
13.477 , 18990.94
13.479 , 19196.47
13.481 , 19264.78
13.483 , 19195.65
13.484 , 19195.47
13.486 , 19126.22
13.488 , 19125.64
13.49 , 19056.28
13.492 , 19055.58
13.494 , 19192.45
13.496 , 19191.98
13.498 , 19053.95
13.5 , 18984.48
13.502 , 19190.0
13.504 , 19258.31
13.505 , 19189.47
13.507 , 19257.78
13.509 , 19119.87
13.511 , 19188.07
13.513 , 19050.04
13.515 , 19049.34
13.517 , 19186.21
13.519 , 19254.52
13.521 , 19047.83
13.523 , 19047.13
13.525 , 19115.21
13.526 , 19114.92
13.528 , 19251.89
13.53 , 18976.43
13.532 , 19181.95
13.534 , 19181.48
13.536 , 19043.46
13.538 , 19180.32
13.54 , 19111.07
13.542 , 19179.27
13.544 , 19041.24
13.546 , 19178.1
13.548 , 19108.85
13.55 , 19177.05
13.552 , 19039.02
13.553 , 19107.39
13.555 , 19106.81
13.557 , 19175.01
13.559 , 19174.54
13.561 , 19105.29
13.563 , 19035.93
13.565 , 18897.67
13.567 , 19240.64
13.569 , 19033.95
13.571 , 19170.81
13.572 , 19101.86
13.574 , 18963.71
13.576 , 19169.26
13.578 , 19031.21
13.58 , 18961.74
13.582 , 18960.9
13.584 , 18891.33
13.586 , 18959.19
13.588 , 18752.01
13.59 , 18957.2
13.592 , 18887.61
13.593 , 19093.33
13.595 , 18886.39
13.597 , 19091.82
13.599 , 19022.46
13.601 , 19021.76
13.603 , 18883.48
13.605 , 18951.36
13.607 , 18881.76
13.609 , 18949.62
13.611 , 18948.8
13.62 , 18945.95
13.622 , 19013.91
13.624 , 18944.44
13.626 , 18943.62
13.628 , 18942.81
13.63 , 18873.22
13.632 , 19009.85
13.634 , 18940.37
13.636 , 18939.56
13.637 , 19076.6
13.639 , 19076.01
13.641 , 18937.87
13.643 , 18937.06
13.645 , 19073.8
13.647 , 18935.66
13.649 , 18934.85
13.651 , 19002.82
13.653 , 18933.34
13.655 , 19138.86
13.657 , 19069.61
13.659 , 19000.25
13.66 , 18931.06
13.662 , 18930.25
13.664 , 18929.44
13.666 , 19134.96
13.668 , 18928.15
13.67 , 19133.68
13.672 , 19201.99
13.674 , 19201.63
13.676 , 19132.5
13.678 , 19132.03
13.68 , 19131.56
13.681 , 19062.6
13.683 , 19199.57
13.685 , 19061.66
13.687 , 19198.64
13.689 , 18991.94
13.691 , 18922.46
13.693 , 19196.77
13.695 , 18990.08
13.697 , 18989.38
13.699 , 18988.68
13.701 , 19125.54
13.703 , 18918.73
13.704 , 19193.32
13.706 , 18917.85
13.708 , 19123.38
13.71 , 18916.57
13.712 , 18915.75
13.714 , 18983.72
13.716 , 18983.02
13.718 , 18982.32
13.72 , 18981.62
13.722 , 18980.92
13.724 , 19117.78
13.726 , 18979.75
13.728 , 18979.05
13.73 , 19047.13
13.732 , 19115.33
13.733 , 19115.15
13.735 , 19114.68
13.737 , 18976.63
13.739 , 19044.73
13.741 , 18906.56
13.743 , 19043.33
13.745 , 19111.5
13.747 , 18973.47
13.749 , 18972.77
13.751 , 18903.29
13.753 , 18902.48
13.755 , 19108.0
13.756 , 18763.93
13.758 , 18900.44
13.76 , 18899.63
13.762 , 18898.82
13.764 , 18966.78
13.766 , 18966.08
13.768 , 18896.6
13.77 , 18895.79
13.772 , 18963.75
13.774 , 18894.27
13.776 , 18893.46
13.778 , 18823.87
13.779 , 19029.57
13.781 , 19028.98
13.783 , 18959.62
13.785 , 19027.69
13.787 , 19095.89
13.789 , 19095.42
13.791 , 19094.94
13.793 , 19025.69
13.795 , 19093.89
13.797 , 19024.64
13.799 , 18955.27
13.801 , 19092.13
13.803 , 18954.1
13.805 , 19022.18
13.807 , 19090.37
13.808 , 18883.86
13.81 , 19158.16
13.812 , 19157.8
13.814 , 18951.11
13.816 , 19087.96
13.818 , 18812.38
13.82 , 18949.01
13.822 , 18948.3
13.824 , 18947.6
13.826 , 18809.35
13.828 , 18945.97
13.829 , 19083.13
13.831 , 19082.65
13.833 , 18875.84
13.835 , 18943.81
13.837 , 18943.11
13.839 , 18942.41
13.841 , 18941.71
13.843 , 19009.79
13.845 , 18871.64
13.847 , 19077.21
13.848 , 19077.03
13.85 , 19007.78
13.852 , 19007.19
13.854 , 19144.16
13.856 , 19075.03
13.858 , 19074.55
13.86 , 18936.5
13.862 , 19004.58
13.864 , 19141.57
13.866 , 19209.99
13.868 , 19072.19
13.87 , 18934.14
13.872 , 19002.22
13.873 , 19001.93
13.875 , 18932.56
13.877 , 19138.2
13.879 , 18793.94
13.881 , 18930.57
13.883 , 18929.87
13.885 , 19066.72
13.887 , 18928.69
13.889 , 18790.44
13.891 , 18927.06
13.893 , 19063.92
13.895 , 18925.89
13.896 , 19063.04
13.898 , 18993.79
13.9 , 19061.98
13.902 , 19130.29
13.904 , 18923.59
13.906 , 19060.45
13.908 , 18922.42
13.91 , 18990.49
13.912 , 18714.79
13.914 , 18851.3
13.916 , 18919.27
13.918 , 18987.34
13.92 , 18917.98
13.922 , 18917.28
13.924 , 19054.13
13.926 , 18847.32
13.928 , 19121.62
13.929 , 18915.22
13.931 , 18983.3
13.933 , 19051.49
13.935 , 18982.24
13.937 , 18981.65
13.939 , 18912.28
13.941 , 18911.58
13.943 , 19048.44
13.945 , 19116.74
13.947 , 18910.05
13.949 , 18978.13
13.95 , 19115.39
13.952 , 19115.03
13.962 , 18837.18
13.964 , 18973.95
13.966 , 18904.58
13.968 , 18972.65
13.97 , 18903.29
13.972 , 18902.58
13.973 , 18902.18
13.975 , 18970.23
13.977 , 18969.64
13.979 , 18969.05
13.981 , 19037.27
13.983 , 18830.44
13.985 , 18898.39
13.987 , 19035.25
13.989 , 18897.22
13.991 , 19034.08
13.993 , 19102.38
13.995 , 18826.9
13.997 , 18826.09
13.999 , 18825.27
14.0 , 18687.19
14.002 , 18686.14
14.004 , 18822.65
14.006 , 18684.28
14.008 , 18752.01
14.01 , 18682.3
14.012 , 18750.04
14.014 , 18749.1
14.016 , 18541.83
14.018 , 18815.68
14.02 , 18677.3
14.021 , 18882.88
14.023 , 18675.84
14.025 , 18674.8
14.027 , 18811.31
14.029 , 18741.71
14.031 , 18878.34
14.033 , 18740.08
14.035 , 18670.37
14.037 , 18806.88
14.039 , 18806.06
14.041 , 18874.02
14.042 , 18667.27
14.045 , 18665.93
14.047 , 19008.78
14.048 , 19008.6
14.05 , 19076.91
14.052 , 19076.54
14.054 , 19007.41
14.056 , 18938.15
14.058 , 19006.34
14.06 , 19005.87
14.062 , 19074.17
14.064 , 19142.59
14.065 , 19005.08
14.067 , 19073.39
14.069 , 18935.47
14.071 , 18866.1
14.073 , 19140.51
14.075 , 18865.15
14.077 , 19070.78
14.079 , 18932.87
14.081 , 18932.28
14.083 , 19206.8
14.084 , 18931.85
14.086 , 18931.26
14.088 , 18999.45
14.09 , 19067.75
14.092 , 18861.05
14.094 , 18860.35
14.096 , 18997.21
14.098 , 18928.0
14.1 , 19064.96
14.102 , 19064.61
14.104 , 18926.69
14.106 , 19063.65
14.108 , 19063.29
14.109 , 19063.23
14.111 , 18925.31
14.113 , 19131.06
14.115 , 19062.03
14.117 , 19061.67
14.119 , 18923.75
14.121 , 19129.5
14.123 , 18991.69
14.125 , 18991.22
14.127 , 19128.3
14.128 , 18990.79
14.13 , 18990.31
14.132 , 19058.62
14.134 , 19058.26
14.136 , 19126.68
14.138 , 18920.09
14.14 , 19057.06
14.142 , 19056.7
14.144 , 18987.56
14.146 , 18918.3
14.147 , 18918.01
14.149 , 18917.42
14.151 , 18848.05
14.153 , 19053.68
14.155 , 18915.76
14.157 , 18846.39
14.159 , 18845.69
14.161 , 19051.32
14.163 , 18913.4
14.165 , 18912.81
14.166 , 18843.73
14.168 , 18843.03
14.17 , 18842.32
14.172 , 18841.62
14.174 , 18909.69
14.176 , 18909.1
14.178 , 18770.96
14.18 , 18770.13
14.182 , 18838.1
14.184 , 18974.95
14.186 , 18974.47
14.188 , 18836.44
14.19 , 18766.95
14.191 , 18903.99
14.193 , 18903.4
14.195 , 19040.36
14.197 , 19040.0
14.199 , 19108.42
14.201 , 19176.95
14.203 , 19108.04
14.205 , 19245.35
14.207 , 19107.77
14.209 , 19107.52
14.211 , 18969.72
14.212 , 19038.31
14.214 , 19037.95
14.216 , 18831.25
14.218 , 18968.11
14.22 , 19036.41
14.222 , 19036.04
14.224 , 18966.9
14.226 , 19035.21
14.228 , 18966.04
14.23 , 19034.37
14.232 , 18965.2
14.233 , 19033.8
14.235 , 19033.44
14.237 , 18964.3
14.239 , 18895.04
14.241 , 18825.67
14.243 , 19100.1
14.245 , 19031.05
14.247 , 19030.69
14.249 , 18892.77
14.251 , 18892.18
14.253 , 18891.59
14.255 , 19028.55
14.257 , 18890.63
14.258 , 18890.34
14.26 , 19096.08
14.262 , 18889.5
14.264 , 19026.46
14.266 , 19026.1
14.268 , 19025.74
14.27 , 18819.04
14.272 , 19024.67
14.274 , 18680.41
14.276 , 19023.37
14.278 , 19023.0
14.28 , 18816.3
14.281 , 18815.89
14.283 , 18952.74
14.285 , 19021.05
14.287 , 18883.13
14.289 , 18744.98
14.291 , 18744.16
14.293 , 18812.11
14.302 , 18809.33
14.304 , 18739.85
14.306 , 18670.25
14.308 , 18669.31
14.31 , 18737.15
14.312 , 18805.11
14.314 , 18666.85
14.316 , 18665.91
14.318 , 18596.2
14.32 , 18595.14
14.322 , 18594.1
14.324 , 18661.82
14.325 , 18798.74
14.327 , 18591.7
14.329 , 18796.98
14.331 , 18658.72
14.333 , 18588.98
14.335 , 18794.29
14.337 , 18793.58
14.339 , 18724.1
14.341 , 18654.47
14.343 , 18791.12
14.345 , 18721.63
14.346 , 18445.97
14.348 , 18719.83
14.35 , 18719.0
14.352 , 18580.6
14.354 , 18854.69
14.356 , 18922.87
14.358 , 18784.84
14.36 , 18646.57
14.362 , 18920.75
14.364 , 18782.72
14.366 , 18713.23
14.368 , 18781.19
14.369 , 18849.55
14.371 , 18780.18
14.373 , 18848.25
14.375 , 18641.32
14.377 , 18709.16
14.379 , 18845.9
14.381 , 18707.75
14.383 , 18844.48
14.385 , 18775.11
14.387 , 18705.63
14.389 , 18636.02
14.39 , 18772.94
14.392 , 18772.23
14.394 , 18633.97
14.396 , 18839.37
14.398 , 18563.66
14.4 , 18425.05
14.402 , 18698.88
14.404 , 18835.62
14.406 , 18835.03
14.408 , 19040.77
14.41 , 18765.4
14.411 , 19040.11
14.413 , 18833.52
14.415 , 18832.92
14.417 , 18969.89
14.419 , 18831.96
14.421 , 18900.15
14.423 , 18762.11
14.425 , 18898.96
14.427 , 18623.37
14.429 , 18897.54
14.431 , 18897.07
14.433 , 18621.47
14.435 , 18551.75
14.436 , 18757.33
14.438 , 18687.85
14.44 , 18824.58
14.442 , 18755.21
14.444 , 18548.16
14.446 , 18684.67
14.448 , 18683.85
14.45 , 18820.58
14.452 , 18682.43
14.454 , 18750.38
14.456 , 18749.67
14.458 , 18680.19
14.46 , 18679.36
14.461 , 18610.06
14.463 , 18540.34
14.465 , 18676.85
14.467 , 18676.02
14.469 , 18537.64
14.471 , 18674.15
14.473 , 18742.1
14.475 , 18603.83
14.477 , 18671.68
14.478 , 18464.81
14.48 , 18669.98
14.482 , 18737.94
14.484 , 18737.23
14.486 , 18736.52
14.488 , 18735.81
14.49 , 18459.98
14.492 , 18665.15
14.494 , 18595.55
14.496 , 18732.17
14.498 , 18662.68
14.5 , 18661.86
14.502 , 18661.03
14.504 , 18660.21
14.506 , 18728.16
14.507 , 18658.97
14.509 , 18589.37
14.511 , 18794.77
14.513 , 18794.17
14.515 , 18862.36
14.517 , 18586.76
14.519 , 18585.82
14.521 , 18584.88
14.523 , 18652.72
14.525 , 18583.12
14.527 , 18650.96
14.529 , 18718.91
14.531 , 18580.64
14.532 , 18442.45
14.534 , 18578.84
14.536 , 18715.46
14.538 , 18577.19
14.54 , 18576.25
14.542 , 18712.87
14.544 , 18574.6
14.546 , 18573.66
14.548 , 18779.06
14.55 , 18572.12
14.552 , 18571.18
14.553 , 18776.88
14.556 , 18500.87
14.557 , 18706.45
14.559 , 18636.96
14.561 , 18636.14
14.563 , 18772.87
14.565 , 18772.27
14.567 , 18771.68
14.569 , 18702.3
14.571 , 18770.37
14.573 , 18769.77
14.575 , 18700.4
14.577 , 18699.69
14.579 , 18630.2
14.58 , 18492.11
14.582 , 18559.84
14.584 , 18558.9
14.586 , 18626.74
14.588 , 18694.69
14.59 , 18625.2
14.592 , 18418.02
14.594 , 18691.99
14.596 , 18897.63
14.598 , 18553.35
14.6 , 18483.61
14.602 , 18620.13
14.604 , 18619.31
14.605 , 18550.0
14.607 , 18549.04
14.609 , 18548.12
14.611 , 18684.74
14.613 , 18752.81
14.615 , 18683.43
14.617 , 18751.5
14.619 , 18475.79
14.621 , 18749.85
14.623 , 18611.69
14.625 , 18610.87
14.627 , 18678.82
14.629 , 18678.11
14.63 , 18746.47
14.632 , 18539.54
14.634 , 18744.94
14.636 , 18606.78
14.646 , 18397.23
14.648 , 18533.62
14.65 , 18532.68
14.652 , 18738.07
14.653 , 18737.77
14.655 , 18943.51
14.657 , 18805.7
14.659 , 18598.88
14.661 , 18598.05
14.663 , 18803.56
14.665 , 18734.3
14.667 , 18596.15
14.669 , 18526.54
14.671 , 18800.72
14.673 , 18662.68
14.675 , 18799.52
14.677 , 18661.48
14.678 , 18661.07
14.68 , 18797.91
14.682 , 18659.87
14.684 , 18796.72
14.686 , 18796.23
14.688 , 18726.97
14.69 , 18588.81
14.692 , 18587.99
14.694 , 18724.72
14.696 , 18724.12
14.698 , 18723.52
14.7 , 18929.26
14.702 , 18791.45
14.704 , 18790.96
14.705 , 18859.56
14.707 , 18584.07
14.709 , 18927.14
14.711 , 18858.11
14.713 , 18857.74
14.715 , 18857.37
14.717 , 19063.34
14.719 , 18925.75
14.721 , 18925.5
14.723 , 18925.24
14.725 , 18924.98
14.727 , 18787.17
14.728 , 19062.1
14.73 , 19062.08
14.732 , 18924.49
14.734 , 18924.21
14.736 , 18855.18
14.738 , 18992.39
14.74 , 18992.25
14.742 , 18923.3
14.744 , 18923.05
14.746 , 18922.79
14.748 , 18991.34
14.75 , 18991.18
14.752 , 18784.7
14.754 , 18990.55
14.755 , 18853.15
14.757 , 18990.34
14.759 , 18783.86
14.761 , 18783.38
14.763 , 18920.45
14.765 , 18851.41
14.767 , 18919.82
14.769 , 18782.01
14.771 , 18919.08
14.773 , 18987.6
14.775 , 18987.46
14.777 , 18987.32
14.779 , 18849.62
14.78 , 19124.67
14.782 , 18987.2
14.784 , 18987.05
14.786 , 19124.47
14.788 , 18987.0
14.79 , 18849.3
14.792 , 18917.71
14.794 , 18986.23
14.796 , 19123.65
14.798 , 18917.4
14.8 , 18917.14
14.802 , 19054.44
14.804 , 18916.86
14.805 , 18848.12
14.807 , 18916.53
14.809 , 18847.49
14.811 , 18915.9
14.813 , 18984.42
14.815 , 19053.06
14.817 , 18915.47
14.819 , 18984.0
14.821 , 18983.85
14.823 , 18777.37
14.825 , 18845.67
14.827 , 18776.52
14.829 , 18913.59
14.831 , 18982.16
14.833 , 18844.41
14.834 , 18844.34
14.836 , 18706.41
14.838 , 19118.53
14.84 , 18774.68
14.842 , 18774.19
14.844 , 18773.7
14.846 , 18635.66
14.848 , 18772.5
14.85 , 18772.06
14.852 , 18702.8
14.854 , 18633.37
14.855 , 18839.34
14.857 , 18976.53
14.859 , 18770.05
14.861 , 18769.56
14.863 , 18975.41
14.865 , 18837.71
14.867 , 18974.89
14.869 , 18699.61
14.871 , 18905.37
14.873 , 18836.31
14.875 , 18835.94
14.877 , 18835.57
14.879 , 18903.98
14.881 , 18766.16
14.883 , 18765.67
14.884 , 18765.49
14.886 , 18833.78
14.888 , 18833.41
14.89 , 18764.26
14.892 , 18832.55
14.894 , 18900.96
14.896 , 18763.14
14.898 , 18625.09
14.9 , 18761.94
14.902 , 18899.01
14.904 , 18829.97
14.906 , 18760.82
14.908 , 18829.11
14.91 , 18828.74
14.911 , 18759.89
14.913 , 18828.18
14.915 , 18690.25
14.917 , 18689.65
14.919 , 18826.6
14.921 , 18482.34
14.923 , 18894.06
14.925 , 18687.47
14.927 , 18549.31
14.929 , 18823.6
14.931 , 18685.67
14.933 , 18616.28
14.935 , 18478.01
14.936 , 18339.81
14.938 , 18338.63
14.941 , 18474.71
14.942 , 18680.41
14.944 , 18542.25
14.946 , 18541.42
14.948 , 18403.03
14.95 , 18401.97
14.952 , 18538.47
14.954 , 18537.63
14.956 , 18399.22
14.958 , 18535.74
14.96 , 18466.11
14.962 , 18533.97
14.964 , 18464.33
14.966 , 18325.83
14.968 , 18462.21
14.969 , 18255.23
14.971 , 18597.84
14.973 , 18459.56
14.975 , 18664.96
14.977 , 18458.02
14.979 , 18457.07
14.988 , 18522.79
14.99 , 18453.18
14.992 , 18383.46
14.994 , 18519.95
14.996 , 18450.34
14.998 , 18655.73
15.0 , 18380.01
15.002 , 18378.95
15.004 , 18515.45
15.006 , 18514.62
15.008 , 18513.79
15.01 , 18719.29
15.012 , 18718.8
15.013 , 18443.5
15.015 , 18511.33
15.017 , 18304.16
15.019 , 18371.77
15.021 , 18645.82
15.023 , 18507.66
15.025 , 18506.83
15.027 , 18230.88
15.029 , 18367.15
15.03 , 18297.61
15.032 , 18433.99
15.034 , 18501.82
15.036 , 18363.43
15.038 , 18293.59
15.04 , 18361.2
15.042 , 18360.13
15.044 , 18427.85
15.046 , 18495.68
15.048 , 18494.85
15.05 , 18425.24
15.051 , 18424.59
15.053 , 18423.65
15.055 , 18560.26
15.057 , 18490.76
15.059 , 18627.49
15.061 , 18489.32
15.063 , 18626.05
15.065 , 18625.44
15.067 , 18624.84
15.069 , 18624.23
15.071 , 18486.07
15.073 , 18485.24
15.074 , 18553.49
15.076 , 18483.99
15.078 , 18551.94
15.08 , 18551.22
15.082 , 18550.5
15.084 , 18687.34
15.086 , 18686.85
15.088 , 18480.02
15.09 , 18616.75
15.092 , 18478.58
15.094 , 18684.09
15.096 , 18614.82
15.097 , 18614.52
15.099 , 18476.35
15.101 , 18681.9
15.103 , 18681.41
15.105 , 18680.88
15.107 , 18474.05
15.109 , 18885.94
15.111 , 18679.45
15.113 , 18678.96
15.115 , 18678.47
15.117 , 18746.76
15.119 , 18608.82
15.12 , 18677.3
15.122 , 18676.81
15.124 , 18676.32
15.126 , 18675.83
15.128 , 18744.12
15.13 , 18812.52
15.132 , 18743.48
15.134 , 18880.66
15.136 , 18742.96
15.138 , 18673.8
15.14 , 18673.31
15.142 , 18672.82
15.144 , 18809.89
15.145 , 18672.37
15.147 , 18740.66
15.149 , 18740.28
15.151 , 18877.46
15.153 , 18533.42
15.155 , 18807.82
15.157 , 18670.0
15.159 , 18669.51
15.161 , 18806.57
15.163 , 18599.97
15.165 , 18736.92
15.166 , 18599.29
15.168 , 18667.47
15.17 , 18598.2
15.172 , 18666.37
15.174 , 18803.44
15.176 , 18665.62
15.178 , 18596.34
15.18 , 18526.96
15.182 , 18663.8
15.184 , 18594.53
15.185 , 18594.22
15.187 , 18593.62
15.189 , 18593.01
15.191 , 18798.74
15.193 , 18867.26
15.195 , 18523.21
15.197 , 18591.27
15.199 , 18453.11
15.201 , 18452.28
15.203 , 18520.22
15.205 , 18450.72
15.207 , 18449.88
15.209 , 18311.47
15.21 , 18585.84
15.212 , 18241.32
15.214 , 18308.92
15.216 , 18376.63
15.218 , 18444.46
15.22 , 18443.63
15.222 , 18374.01
15.224 , 18441.84
15.226 , 18509.79
15.228 , 18440.29
15.229 , 18302.2
15.231 , 18301.13
15.233 , 18575.18
15.235 , 18437.02
15.237 , 18298.62
15.239 , 18572.68
15.241 , 18434.51
15.243 , 18227.34
15.245 , 18294.94
15.247 , 18431.43
15.249 , 18499.38
15.251 , 18429.87
15.252 , 18360.56
15.254 , 18290.83
15.256 , 18427.32
15.258 , 18220.15
15.26 , 18425.31
15.262 , 18355.69
15.264 , 18561.08
15.266 , 18216.58
15.268 , 18421.74
15.27 , 18420.9
15.272 , 18282.5
15.274 , 18075.1
15.275 , 18417.89
15.277 , 18210.72
15.279 , 18347.1
15.281 , 18414.92
15.283 , 18345.31
15.285 , 18413.14
15.287 , 18274.74
15.289 , 18411.23
15.291 , 18410.4
15.293 , 18340.78
15.295 , 18202.27
15.297 , 18407.43
15.299 , 18544.15
15.3 , 18406.29
15.302 , 18474.23
15.304 , 18404.73
15.306 , 18335.11
15.308 , 18402.94
15.31 , 18470.88
15.312 , 18401.38
15.314 , 18469.32
15.316 , 18262.26
15.317 , 18330.28
15.319 , 18398.11
15.329 , 18326.06
15.331 , 18325.1
15.333 , 18392.93
15.335 , 18460.87
15.336 , 18529.26
15.338 , 18459.85
15.34 , 18459.12
15.342 , 18527.2
15.344 , 18389.01
15.346 , 18456.95
15.348 , 18387.45
15.35 , 18592.97
15.352 , 18523.7
15.354 , 18316.73
15.355 , 18453.64
15.357 , 18521.72
15.359 , 18589.87
15.361 , 18520.62
15.363 , 18519.98
15.365 , 18450.6
15.367 , 18587.43
15.369 , 18586.93
15.371 , 18586.44
15.373 , 18654.72
15.375 , 18379.23
15.377 , 18515.95
15.378 , 18378.08
15.38 , 18789.92
15.382 , 18377.09
15.384 , 18651.37
15.386 , 18444.65
15.388 , 18787.83
15.39 , 18375.0
15.392 , 18511.72
15.394 , 18511.11
15.396 , 18648.06
15.398 , 18647.68
15.4 , 18509.74
15.402 , 18577.91
15.404 , 18646.19
15.406 , 18645.81
15.407 , 18645.73
15.409 , 18645.35
15.411 , 18644.97
15.413 , 18507.03
15.415 , 18643.98
15.417 , 18643.6
15.419 , 18505.66
15.421 , 18505.05
15.423 , 18504.44
15.425 , 18641.39
15.427 , 18572.23
15.428 , 18640.81
15.43 , 18571.65
15.432 , 18639.94
15.434 , 18639.56
15.436 , 18639.17
15.438 , 18707.57
15.44 , 18569.75
15.442 , 18775.59
15.444 , 18706.65
15.446 , 18706.39
15.448 , 18637.34
15.449 , 18637.27
15.451 , 18568.1
15.453 , 18636.39
15.455 , 18773.56
15.457 , 18498.29
15.459 , 18772.8
15.461 , 18635.09
15.463 , 18772.27
15.465 , 18634.55
15.467 , 18840.51
15.469 , 18702.91
15.471 , 18702.64
15.473 , 18839.93
15.475 , 18633.56
15.476 , 18633.48
15.478 , 18633.1
15.48 , 18632.72
15.482 , 18838.67
15.484 , 18632.29
15.486 , 18700.69
15.488 , 18631.64
15.49 , 18493.7
15.492 , 18630.65
15.494 , 18423.93
15.496 , 18423.21
15.498 , 18422.48
15.499 , 18490.84
15.501 , 18421.45
15.503 , 18489.5
15.505 , 18420.11
15.507 , 18625.72
15.509 , 18419.0
15.511 , 18555.83
15.513 , 18417.78
15.515 , 18417.05
15.517 , 18553.88
15.519 , 18484.61
15.521 , 18552.77
15.522 , 18415.02
15.524 , 18483.08
15.526 , 18482.46
15.528 , 18619.41
15.53 , 18481.47
15.532 , 18549.63
15.534 , 18480.36
15.536 , 18410.97
15.538 , 18410.24
15.54 , 18340.73
15.541 , 18202.64
15.543 , 18201.57
15.545 , 18269.28
15.547 , 18405.88
15.549 , 18267.6
15.551 , 18404.2
15.553 , 18334.69
15.555 , 18333.85
15.557 , 18195.45
15.559 , 18331.94
15.56 , 18193.85
15.562 , 18192.78
15.564 , 18329.26
15.566 , 18122.08
15.568 , 18189.68
15.57 , 18326.17
15.572 , 18394.1
15.574 , 18255.82
15.576 , 18461.2
15.578 , 18323.03
15.58 , 18184.63
15.582 , 18321.12
15.584 , 18320.27
15.586 , 18456.99
15.588 , 18181.26
15.59 , 18317.75
15.591 , 18179.65
15.593 , 18247.36
15.595 , 18246.4
15.597 , 18383.0
15.599 , 18175.94
15.601 , 18243.63
15.603 , 18380.25
15.605 , 18379.52
15.607 , 18310.02
15.609 , 18446.73
15.61 , 18240.06
15.612 , 18307.91
15.614 , 18375.84
15.616 , 18237.54
15.618 , 18374.16
15.62 , 18304.65
15.622 , 18303.81
15.624 , 18371.74
15.626 , 18164.66
15.628 , 18301.17
15.629 , 18163.07
15.631 , 18162.0
15.633 , 18160.93
15.635 , 18159.86
15.637 , 18158.79
15.639 , 18226.49
15.641 , 18087.98
15.643 , 18430.69
15.645 , 18223.73
15.647 , 18154.0
15.649 , 18428.04
15.651 , 18496.21
15.653 , 18358.15
15.654 , 18495.28
15.656 , 18426.01
15.658 , 18356.61
15.66 , 18355.88
15.662 , 18355.15
15.672 , 18351.96
15.674 , 18213.68
15.676 , 18556.61
15.678 , 18556.23
15.679 , 18212.26
15.681 , 18280.08
15.683 , 18279.23
15.685 , 18278.39
15.687 , 18277.54
15.689 , 18345.48
15.691 , 18275.97
15.693 , 18137.57
15.695 , 18342.83
15.697 , 18273.32
15.699 , 18272.48
15.701 , 18134.08
15.702 , 18133.31
15.704 , 18338.58
15.706 , 18200.29
15.708 , 18199.33
15.71 , 18267.13
15.712 , 18335.06
15.714 , 18403.13
15.716 , 18333.71
15.718 , 18332.99
15.72 , 18332.25
15.722 , 18331.53
15.723 , 18399.9
15.725 , 18192.93
15.727 , 18329.53
15.729 , 18535.16
15.731 , 18534.75
15.733 , 18603.14
15.735 , 18396.53
15.737 , 18464.69
15.739 , 18395.41
15.741 , 18326.02
15.743 , 18256.51
15.744 , 18462.31
15.746 , 18461.8
15.748 , 18598.86
15.75 , 18461.03
15.752 , 18460.53
15.754 , 18460.03
15.756 , 18390.74
15.758 , 18596.46
15.76 , 18458.63
15.762 , 18320.58
15.764 , 18319.84
15.765 , 18319.42
15.767 , 18456.25
15.769 , 18386.97
15.771 , 18386.35
15.773 , 18729.63
15.775 , 18592.03
15.777 , 18454.19
15.779 , 18453.69
15.781 , 18315.63
15.783 , 18452.46
15.785 , 18314.4
15.787 , 18313.67
15.789 , 18312.94
15.791 , 18312.2
15.793 , 18380.25
15.794 , 18379.94
15.796 , 18379.32
15.798 , 18378.71
15.8 , 18171.75
15.802 , 18239.57
15.804 , 18376.28
15.806 , 18375.67
15.808 , 18168.71
15.81 , 18236.53
15.812 , 18373.24
15.814 , 18235.07
15.815 , 18303.31
15.817 , 18302.58
15.819 , 18301.84
15.821 , 18369.89
15.823 , 18231.71
15.825 , 18093.31
15.827 , 18161.01
15.829 , 18297.61
15.831 , 18228.08
15.833 , 18158.47
15.834 , 18157.82
15.836 , 18225.62
15.838 , 18087.21
15.84 , 18292.52
15.842 , 18360.59
15.844 , 18291.17
15.846 , 18290.41
15.848 , 18289.7
15.85 , 18288.97
15.852 , 18288.24
15.854 , 18081.12
15.856 , 18080.09
15.857 , 18148.1
15.859 , 18147.14
15.861 , 18146.18
15.863 , 18076.44
15.865 , 18006.54
15.867 , 18142.95
15.869 , 18073.21
15.871 , 18209.69
15.873 , 18346.4
15.875 , 18345.78
15.877 , 18276.39
15.878 , 18275.96
15.88 , 18275.23
15.882 , 18274.5
15.884 , 18273.76
15.886 , 18135.47
15.888 , 18203.29
15.89 , 18477.56
15.892 , 18133.27
15.894 , 18201.09
15.896 , 18269.02
15.898 , 18268.29
15.9 , 18267.55
15.902 , 18266.82
15.904 , 18266.08
15.906 , 18196.57
15.908 , 18264.5
15.909 , 18332.86
15.911 , 18125.9
15.913 , 18193.72
15.915 , 18330.43
15.917 , 18123.47
15.919 , 18397.62
15.921 , 18328.34
15.923 , 18190.16
15.925 , 18258.09
15.927 , 18463.7
15.928 , 18394.83
15.93 , 18256.77
15.932 , 18256.04
15.934 , 18324.08
15.936 , 18185.9
15.938 , 18253.83
15.94 , 18321.88
15.942 , 18252.48
15.944 , 18320.52
15.946 , 18251.13
15.948 , 18319.17
15.949 , 18456.42
15.951 , 18318.47
15.953 , 18111.51
15.955 , 18110.55
15.957 , 18315.92
15.959 , 18108.96
15.961 , 18107.98
15.963 , 18382.15
15.965 , 18312.87
15.967 , 18312.25
15.969 , 18242.85
15.971 , 18310.89
15.973 , 18035.13
15.975 , 18309.19
15.977 , 18102.21
15.978 , 18239.12
15.98 , 18444.74
15.982 , 18375.57
15.984 , 18237.48
15.986 , 18305.53
15.988 , 18373.71
15.99 , 18235.62
15.992 , 18234.88
15.994 , 18096.59
15.996 , 18301.96
15.998 , 18163.79
16.0 , 18231.71
16.001 , 18024.95
16.003 , 18092.65
16.013 , 18295.54
16.015 , 18157.36
16.016 , 18225.6
16.018 , 18293.64
16.02 , 18361.8
16.022 , 18292.51
16.024 , 18429.45
16.026 , 18497.84
16.028 , 18291.22
16.03 , 18428.15
16.032 , 18290.2
16.034 , 18083.25
16.036 , 18219.84
16.038 , 18219.1
16.039 , 18081.12
16.041 , 18148.93
16.043 , 18148.08
16.045 , 18147.23
16.047 , 18215.16
16.049 , 18145.64
16.051 , 18213.57
16.053 , 18281.61
16.055 , 18212.21
16.056 , 18280.56
16.058 , 18142.38
16.06 , 18072.75
16.062 , 18140.57
16.064 , 18139.72
16.066 , 18207.64
16.068 , 18069.35
16.07 , 18137.16
16.072 , 17998.75
16.074 , 18135.23
16.076 , 18134.38
16.077 , 18065.06
16.079 , 18064.09
16.081 , 17994.35
16.083 , 18130.83
16.085 , 18198.75
16.087 , 17785.34
16.089 , 17990.25
16.091 , 17989.17
16.093 , 17988.09
16.095 , 17987.01
16.097 , 17985.93
16.099 , 17984.85
16.101 , 17983.77
16.102 , 17983.0
16.104 , 17913.14
16.106 , 17980.72
16.108 , 17842.08
16.11 , 17978.33
16.112 , 18114.85
16.114 , 17907.62
16.116 , 18044.03
16.118 , 17767.9
16.119 , 18041.95
16.121 , 17903.42
16.123 , 17971.01
16.125 , 17901.14
16.127 , 18106.29
16.129 , 17899.1
16.131 , 17966.68
16.133 , 17896.82
16.135 , 17964.4
16.137 , 17963.32
16.138 , 17893.77
16.14 , 17961.36
16.142 , 18029.05
16.144 , 17959.3
16.146 , 17958.22
16.148 , 17957.14
16.15 , 17818.5
16.152 , 17954.75
16.154 , 17953.67
16.156 , 17883.8
16.158 , 17882.61
16.16 , 18087.75
16.162 , 18086.9
16.163 , 17948.8
16.165 , 18154.05
16.167 , 18153.31
16.169 , 18083.79
16.171 , 18220.5
16.173 , 18151.1
16.175 , 18150.36
16.177 , 18355.96
16.179 , 17942.89
16.181 , 18148.14
16.182 , 18285.27
16.184 , 18147.2
16.186 , 18146.46
16.188 , 18214.51
16.19 , 18213.88
16.192 , 18144.48
16.194 , 18212.51
16.196 , 18074.33
16.198 , 18073.48
16.199 , 18210.49
16.201 , 18141.09
16.203 , 18209.13
16.205 , 18277.28
16.207 , 18207.99
16.209 , 18207.37
16.211 , 18275.52
16.213 , 18137.45
16.215 , 18136.71
16.216 , 18273.84
16.218 , 18273.33
16.22 , 18204.04
16.222 , 18134.64
16.224 , 18133.9
16.226 , 18201.94
16.228 , 18132.53
16.23 , 18131.79
16.232 , 18268.61
16.234 , 18199.32
16.236 , 18267.47
16.237 , 18129.69
16.239 , 18128.95
16.241 , 18128.21
16.243 , 18127.47
16.245 , 18126.75
16.247 , 18263.57
16.249 , 18194.26
16.251 , 18331.21
16.253 , 18193.23
16.254 , 18330.48
16.256 , 18261.3
16.258 , 18192.01
16.26 , 18260.16
16.262 , 18190.87
16.264 , 18121.47
16.266 , 18189.5
16.268 , 18188.88
16.27 , 18119.47
16.272 , 18118.73
16.274 , 18049.21
16.275 , 18186.23
16.277 , 18185.6
16.279 , 18116.19
16.281 , 18321.79
16.283 , 18183.83
16.285 , 18114.43
16.287 , 18113.69
16.289 , 18181.72
16.291 , 18112.32
16.293 , 18111.58
16.295 , 17973.28
16.297 , 18109.86
16.298 , 18246.99
16.3 , 18177.7
16.302 , 18108.29
16.304 , 18107.55
16.306 , 18038.03
16.308 , 18243.51
16.31 , 18174.22
16.312 , 18173.59
16.314 , 18172.97
16.316 , 18172.34
16.318 , 18034.15
16.319 , 18171.17
16.321 , 18170.54
16.323 , 18101.13
16.325 , 18306.73
16.327 , 18031.21
16.329 , 18305.47
16.331 , 18167.52
16.333 , 18373.22
16.335 , 18166.6
16.336 , 18166.29
16.338 , 18234.44
16.34 , 18371.51
16.342 , 18027.3
16.352 , 18367.85
16.354 , 18298.79
16.356 , 17954.47
16.357 , 18091.37
16.359 , 18159.43
16.361 , 18090.0
16.363 , 17951.7
16.365 , 18225.84
16.367 , 18225.33
16.369 , 18087.26
16.371 , 18361.63
16.373 , 18223.79
16.375 , 18154.49
16.376 , 18154.18
16.378 , 18291.11
16.38 , 18084.37
16.382 , 18083.63
16.384 , 18151.66
16.386 , 18013.47
16.388 , 18356.51
16.39 , 18149.89
16.392 , 18149.26
16.394 , 18148.63
16.396 , 18216.78
16.398 , 18078.71
16.4 , 18146.74
16.401 , 18215.21
16.403 , 18352.25
16.405 , 18076.85
16.407 , 18213.66
16.409 , 18213.14
16.411 , 18075.07
16.413 , 18280.66
16.415 , 18211.48
16.417 , 18279.75
16.419 , 18210.57
16.421 , 18347.61
16.422 , 18210.08
16.424 , 18140.79
16.426 , 18208.94
16.428 , 18139.64
16.43 , 18139.01
16.432 , 18344.72
16.434 , 18000.54
16.436 , 18274.79
16.438 , 18136.83
16.44 , 18273.76
16.441 , 18136.12
16.443 , 18204.27
16.445 , 18272.53
16.447 , 18203.35
16.449 , 18202.83
16.451 , 18133.54
16.453 , 18132.91
16.455 , 18132.28
16.457 , 18200.42
16.458 , 18269.0
16.46 , 18268.6
16.462 , 18130.64
16.464 , 18130.01
16.466 , 18129.38
16.468 , 18335.09
16.47 , 18128.46
16.472 , 18127.83
16.474 , 18127.2
16.476 , 17989.01
16.478 , 18056.93
16.479 , 18125.28
16.481 , 18330.98
16.483 , 18193.14
16.485 , 18192.62
16.487 , 18192.11
16.489 , 18191.59
16.491 , 18122.29
16.493 , 18190.44
16.495 , 18189.92
16.497 , 18051.85
16.499 , 17913.54
16.5 , 18050.44
16.502 , 17980.92
16.504 , 18186.39
16.506 , 17910.76
16.508 , 17978.56
16.51 , 18115.26
16.512 , 17977.07
16.514 , 17907.43
16.516 , 18112.79
16.517 , 17974.92
16.519 , 18249.18
16.521 , 18111.21
16.523 , 18179.36
16.525 , 17766.17
16.527 , 18177.64
16.529 , 18177.12
16.531 , 17970.27
16.533 , 18175.74
16.535 , 18106.45
16.537 , 18037.04
16.538 , 18036.6
16.54 , 18104.63
16.542 , 18104.0
16.544 , 18103.37
16.546 , 18102.74
16.548 , 18033.32
16.55 , 18101.36
16.552 , 18169.5
16.554 , 18168.98
16.556 , 17962.13
16.558 , 17961.27
16.559 , 17891.94
16.561 , 18028.53
16.563 , 18165.34
16.565 , 18233.6
16.567 , 17958.08
16.569 , 18301.11
16.571 , 18163.26
16.573 , 18025.19
16.575 , 18093.22
16.577 , 18092.58
16.579 , 18160.73
16.58 , 18022.97
16.582 , 18091.0
16.584 , 18090.37
16.586 , 18158.51
16.588 , 18157.99
16.59 , 18019.92
16.592 , 18019.17
16.594 , 18156.0
16.596 , 18086.68
16.598 , 18086.05
16.599 , 18154.53
16.601 , 18222.79
16.603 , 18016.03
16.605 , 18221.64
16.607 , 18083.65
16.609 , 18220.6
16.611 , 18151.39
16.613 , 18219.65
16.615 , 18150.47
16.617 , 18149.95
16.619 , 18080.65
16.621 , 18286.35
16.622 , 18286.38
16.624 , 18286.09
16.626 , 18010.68
16.628 , 18078.71
16.63 , 18146.86
16.632 , 18146.34
16.634 , 17939.48
16.636 , 18144.95
16.638 , 18144.43
16.64 , 18212.69
16.642 , 18005.95
16.643 , 18280.63
16.645 , 18142.78
16.647 , 18073.48
16.649 , 18141.63
16.651 , 18003.55
16.653 , 18002.8
16.655 , 18070.83
16.657 , 17932.63
16.659 , 17931.77
16.661 , 18137.24
16.663 , 18136.72
16.664 , 18136.52
16.666 , 18273.56
16.668 , 18135.71
16.67 , 18135.19
16.672 , 18341.0
16.674 , 17928.15
16.676 , 18133.63
16.678 , 18133.1
16.68 , 18201.36
16.682 , 18200.96
16.684 , 18062.99
16.693 , 18197.69
16.695 , 18128.5
16.697 , 18127.98
16.699 , 18127.46
16.701 , 18195.71
16.703 , 18126.53
16.705 , 18194.79
16.706 , 18194.7
16.708 , 18331.85
16.71 , 18262.89
16.712 , 18125.04
16.714 , 18124.52
16.716 , 18192.78
16.718 , 18054.81
16.72 , 18054.17
16.722 , 18191.09
16.724 , 18259.46
16.726 , 18327.95
16.727 , 18121.75
16.729 , 18121.21
16.731 , 17983.13
16.733 , 18257.52
16.735 , 18050.86
16.737 , 18256.59
16.739 , 18118.71
16.741 , 18186.97
16.743 , 18255.36
16.745 , 18117.49
16.747 , 18185.74
16.749 , 18391.7
16.751 , 18185.27
16.752 , 18391.52
16.754 , 18185.12
16.756 , 17978.37
16.758 , 18115.18
16.76 , 18045.87
16.762 , 18045.24
16.764 , 18113.38
16.766 , 18181.63
16.768 , 18250.0
16.77 , 18112.15
16.771 , 18249.51
16.773 , 18111.65
16.775 , 18317.47
16.777 , 18248.51
16.779 , 18316.99
16.781 , 18248.03
16.783 , 18178.96
16.785 , 18109.77
16.787 , 18109.25
16.789 , 18108.72
16.79 , 18108.52
16.792 , 18108.0
16.794 , 18107.47
16.796 , 18175.73
16.798 , 18175.32
16.8 , 18037.35
16.802 , 17967.93
16.804 , 18173.52
16.806 , 18104.33
16.808 , 18035.03
16.81 , 18034.39
16.812 , 18171.31
16.813 , 18102.44
16.815 , 18170.69
16.817 , 18032.72
16.819 , 18032.09
16.821 , 18031.45
16.823 , 17962.03
16.825 , 18167.61
16.827 , 17960.87
16.829 , 18166.45
16.831 , 18166.04
16.832 , 18303.51
16.834 , 18096.99
16.836 , 18234.07
16.838 , 18164.99
16.84 , 18095.76
16.842 , 18026.46
16.844 , 18094.6
16.846 , 18162.85
16.848 , 18093.71
16.85 , 17955.6
16.852 , 18092.43
16.854 , 18023.08
16.855 , 18091.56
16.857 , 18091.03
16.859 , 18090.51
16.861 , 18021.2
16.863 , 18295.7
16.865 , 18226.74
16.867 , 18088.87
16.869 , 18019.56
16.871 , 18087.7
16.873 , 18018.4
16.875 , 18155.31
16.877 , 18017.34
16.878 , 18085.8
16.88 , 18085.28
16.882 , 18153.53
16.884 , 18084.34
16.886 , 18152.59
16.888 , 18289.74
16.89 , 18152.0
16.892 , 18151.59
16.894 , 18151.18
16.896 , 18081.99
16.898 , 18219.02
16.9 , 18149.94
16.902 , 18080.75
16.903 , 18011.77
16.905 , 18217.46
16.907 , 18285.95
16.909 , 18079.43
16.911 , 18147.68
16.913 , 18284.82
16.915 , 18284.64
16.917 , 18215.68
16.919 , 18284.16
16.921 , 18146.42
16.923 , 17870.89
16.925 , 18145.13
16.927 , 18213.5
16.928 , 17938.41
16.93 , 18006.43
16.932 , 18074.57
16.934 , 17867.71
16.936 , 17935.62
16.938 , 17934.86
16.94 , 18071.66
16.942 , 17933.58
16.944 , 18070.38
16.946 , 17932.29
16.947 , 17931.86
16.949 , 18068.66
16.951 , 17930.57
16.953 , 17929.82
16.955 , 17929.06
16.957 , 18134.64
16.959 , 17996.67
16.961 , 17927.25
16.963 , 18064.05
16.965 , 17925.96
16.967 , 17925.21
16.969 , 17993.23
16.971 , 17923.81
16.972 , 18060.93
16.974 , 17854.04
16.976 , 18128.31
16.978 , 18059.12
16.98 , 17852.23
16.982 , 18057.7
16.984 , 17782.05
16.986 , 17987.43
16.988 , 17849.21
16.99 , 17917.11
16.992 , 17847.58
16.994 , 17846.71
16.996 , 17708.28
16.998 , 17707.18
17.0 , 17981.19
17.001 , 17980.87
17.003 , 17705.11
17.005 , 17979.12
17.007 , 17703.37
17.009 , 17771.04
17.011 , 17838.84
17.013 , 17837.96
17.015 , 17630.75
17.017 , 17904.65
17.019 , 17835.12
17.02 , 17697.01
17.022 , 17695.91
17.024 , 17694.81
17.034 , 17897.47
17.036 , 17621.59
17.037 , 17620.7
17.039 , 17757.04
17.041 , 17756.05
17.043 , 17617.51
17.045 , 17822.63
17.047 , 17821.76
17.049 , 17752.11
17.051 , 17819.9
17.053 , 17681.47
17.055 , 17611.59
17.057 , 17610.37
17.059 , 17609.15
17.06 , 17745.82
17.062 , 17813.61
17.064 , 17743.96
17.066 , 17605.41
17.068 , 17672.97
17.07 , 17671.87
17.072 , 17670.77
17.074 , 17394.55
17.076 , 17392.99
17.078 , 17666.54
17.08 , 17665.44
17.082 , 17526.78
17.083 , 17663.33
17.085 , 17662.23
17.087 , 17523.57
17.089 , 17659.79
17.091 , 17658.69
17.093 , 17588.81
17.095 , 17656.37
17.097 , 17517.71
17.099 , 17791.54
17.101 , 17446.72
17.103 , 17582.83
17.104 , 17581.94
17.106 , 17718.32
17.108 , 17717.34
17.11 , 17578.79
17.112 , 17783.91
17.114 , 17576.7
17.116 , 17506.7
17.118 , 17574.15
17.12 , 17779.27
17.122 , 17709.61
17.123 , 17640.17
17.125 , 17639.06
17.127 , 17706.74
17.129 , 17636.97
17.131 , 17704.65
17.133 , 17703.66
17.135 , 17633.89
17.137 , 17770.35
17.139 , 17769.47
17.141 , 17699.81
17.143 , 17630.05
17.144 , 17766.82
17.146 , 17765.95
17.148 , 17627.51
17.15 , 17488.85
17.152 , 17625.08
17.154 , 17623.97
17.156 , 17691.65
17.158 , 17621.88
17.16 , 17689.55
17.162 , 17619.79
17.164 , 17893.79
17.165 , 17618.36
17.167 , 17961.15
17.169 , 17823.05
17.171 , 17891.07
17.173 , 17752.87
17.175 , 17820.77
17.177 , 17888.79
17.179 , 17956.92
17.181 , 17956.39
17.183 , 17818.3
17.185 , 17817.54
17.187 , 17748.0
17.189 , 17953.46
17.191 , 17952.93
17.193 , 17883.61
17.194 , 17814.51
17.196 , 18020.08
17.198 , 17882.11
17.2 , 17950.24
17.202 , 18018.48
17.204 , 18018.07
17.206 , 17880.09
17.208 , 18017.0
17.21 , 18016.58
17.211 , 18016.48
17.213 , 18016.07
17.215 , 18084.43
17.217 , 18084.12
17.219 , 18015.04
17.221 , 17877.06
17.223 , 18220.31
17.225 , 18151.45
17.227 , 18013.7
17.228 , 18082.39
17.23 , 18013.3
17.232 , 18012.88
17.234 , 18012.46
17.236 , 18012.04
17.238 , 18011.63
17.24 , 18011.21
17.242 , 18010.79
17.243 , 18079.47
17.246 , 18078.84
17.248 , 18078.53
17.249 , 18078.55
17.251 , 18078.25
17.253 , 17802.8
17.255 , 17870.82
17.257 , 18076.51
17.259 , 17938.64
17.261 , 18075.67
17.263 , 18075.36
17.265 , 18006.28
17.267 , 17868.3
17.269 , 18073.98
17.271 , 18004.9
17.272 , 18004.8
17.274 , 18004.38
17.276 , 18003.96
17.278 , 18003.54
17.28 , 17865.56
17.282 , 18208.81
17.284 , 18002.39
17.286 , 18001.97
17.288 , 18001.55
17.29 , 18069.91
17.291 , 17863.59
17.293 , 18138.06
17.295 , 17931.53
17.297 , 17862.21
17.299 , 17999.12
17.301 , 17929.92
17.303 , 17860.61
17.305 , 17928.73
17.307 , 18065.76
17.309 , 17859.11
17.311 , 18064.8
17.312 , 18202.38
17.314 , 18064.74
17.316 , 18133.21
17.318 , 17720.35
17.32 , 17925.8
17.322 , 17925.27
17.324 , 17924.73
17.326 , 18130.53
17.328 , 17924.0
17.33 , 17854.68
17.332 , 17922.81
17.333 , 17853.82
17.335 , 17784.39
17.337 , 17989.96
17.339 , 17989.54
17.341 , 17920.34
17.343 , 17782.25
17.345 , 17987.82
17.347 , 18056.2
17.349 , 18055.89
17.351 , 17918.0
17.353 , 17986.27
17.354 , 18123.73
17.356 , 17848.42
17.358 , 17916.52
17.36 , 17640.87
17.362 , 17777.43
17.364 , 17914.22
17.373 , 17980.19
17.376 , 17841.88
17.377 , 17910.33
17.379 , 17703.46
17.381 , 17771.35
17.383 , 17839.37
17.385 , 17769.93
17.387 , 17631.61
17.389 , 17768.17
17.391 , 17836.18
17.393 , 17560.42
17.395 , 17696.86
17.397 , 17695.98
17.399 , 17763.88
17.4 , 17625.88
17.402 , 17762.44
17.404 , 17761.68
17.406 , 17554.57
17.408 , 17622.24
17.41 , 17758.8
17.412 , 17551.7
17.414 , 17550.59
17.416 , 17411.92
17.418 , 17341.8
17.419 , 17684.57
17.421 , 17752.46
17.423 , 17614.14
17.425 , 17613.14
17.427 , 17474.59
17.429 , 17542.14
17.431 , 17472.25
17.433 , 17608.58
17.435 , 17470.03
17.437 , 17606.36
17.439 , 17605.36
17.44 , 17467.13
17.442 , 17603.47
17.444 , 17602.47
17.446 , 17807.81
17.448 , 17463.26
17.45 , 17462.04
17.452 , 17804.71
17.454 , 17391.38
17.456 , 17596.38
17.458 , 17732.94
17.459 , 17526.16
17.461 , 17731.38
17.463 , 17524.28
17.465 , 17729.5
17.467 , 17797.51
17.469 , 17521.74
17.471 , 17726.96
17.473 , 17519.86
17.475 , 17518.75
17.477 , 17517.63
17.479 , 17722.86
17.48 , 17722.42
17.482 , 17584.09
17.484 , 17720.65
17.486 , 17513.54
17.488 , 17649.99
17.49 , 17717.88
17.492 , 17648.34
17.494 , 17647.46
17.496 , 17577.79
17.498 , 17508.01
17.5 , 17575.68
17.502 , 17987.36
17.504 , 17780.71
17.506 , 17573.71
17.507 , 17573.04
17.509 , 17915.94
17.511 , 17640.4
17.513 , 17845.85
17.515 , 17776.53
17.517 , 17775.87
17.519 , 17706.44
17.521 , 17774.45
17.523 , 17567.46
17.525 , 17704.01
17.527 , 17840.8
17.528 , 17703.03
17.53 , 17839.82
17.532 , 17908.06
17.534 , 17907.63
17.536 , 17838.42
17.538 , 17700.32
17.54 , 17768.33
17.542 , 17767.68
17.544 , 17835.8
17.546 , 17904.04
17.547 , 17697.6
17.549 , 17696.83
17.551 , 17902.39
17.553 , 17833.19
17.555 , 17763.87
17.557 , 17763.21
17.559 , 17831.33
17.561 , 17968.35
17.563 , 17761.7
17.565 , 17829.82
17.567 , 18104.39
17.569 , 17760.42
17.571 , 18034.88
17.572 , 17897.44
17.574 , 17828.24
17.576 , 17690.14
17.578 , 17689.37
17.58 , 17826.15
17.582 , 17825.61
17.584 , 18100.21
17.586 , 17962.56
17.588 , 17824.67
17.59 , 17824.13
17.592 , 17754.8
17.593 , 17892.06
17.595 , 17891.63
17.597 , 17959.98
17.599 , 17753.3
17.601 , 17683.87
17.603 , 17614.32
17.605 , 17682.21
17.607 , 17475.07
17.609 , 17473.96
17.611 , 17472.84
17.612 , 17609.64
17.614 , 17471.17
17.616 , 17676.41
17.618 , 17675.64
17.62 , 17674.87
17.622 , 17605.32
17.624 , 17466.87
17.626 , 17603.31
17.628 , 17396.09
17.63 , 17532.42
17.632 , 17600.2
17.634 , 17530.53
17.636 , 17529.53
17.637 , 17666.41
17.639 , 17528.08
17.641 , 17527.08
17.643 , 17663.63
17.645 , 17525.3
17.647 , 17524.3
17.649 , 17523.3
17.651 , 17659.86
17.653 , 17521.52
17.655 , 17658.08
17.657 , 17657.3
17.659 , 17656.53
17.66 , 17724.87
17.662 , 17724.21
17.664 , 17517.21
17.666 , 17653.77
17.668 , 17790.55
17.67 , 17721.23
17.672 , 17720.57
17.674 , 17719.91
17.676 , 17719.25
17.678 , 17581.03
17.68 , 17717.7
17.681 , 17511.04
17.683 , 17647.59
17.685 , 17578.04
17.687 , 17577.15
17.689 , 17645.04
17.691 , 17644.26
17.693 , 17574.71
17.695 , 17780.16
17.697 , 17779.61
17.699 , 17779.06
17.701 , 17916.08
17.703 , 17778.2
17.705 , 17777.66
17.707 , 18052.23
17.716 , 17843.49
17.718 , 17843.06
17.72 , 17842.63
17.722 , 17773.42
17.724 , 17979.21
17.726 , 17703.89
17.727 , 17978.67
17.729 , 17978.47
17.731 , 17771.93
17.733 , 17771.38
17.735 , 17908.39
17.737 , 17908.07
17.739 , 17770.18
17.741 , 17769.63
17.743 , 17769.08
17.745 , 18043.67
17.747 , 17906.0
17.748 , 17837.24
17.75 , 17630.47
17.752 , 17904.81
17.754 , 17835.71
17.756 , 17560.16
17.758 , 17628.05
17.76 , 17558.49
17.762 , 17695.16
17.764 , 17763.28
17.766 , 17693.95
17.768 , 17555.73
17.77 , 17692.4
17.772 , 17760.52
17.774 , 17691.19
17.775 , 17828.42
17.777 , 17827.98
17.779 , 17758.77
17.781 , 17758.22
17.783 , 17826.45
17.785 , 17826.02
17.787 , 17619.25
17.789 , 17893.59
17.791 , 17893.27
17.793 , 17617.83
17.795 , 17754.62
17.797 , 17685.29
17.798 , 17822.51
17.8 , 17684.52
17.802 , 17546.3
17.804 , 17820.53
17.806 , 17820.09
17.808 , 17819.66
17.81 , 18025.56
17.812 , 17887.91
17.814 , 17818.81
17.816 , 17818.38
17.817 , 17887.05
17.819 , 17817.96
17.821 , 17748.74
17.823 , 17748.19
17.825 , 17747.64
17.827 , 17815.87
17.829 , 17953.0
17.831 , 17884.01
17.833 , 17746.13
17.835 , 18020.75
17.837 , 17814.32
17.839 , 17951.44
17.841 , 17813.68
17.843 , 17813.24
17.844 , 17813.14
17.846 , 17950.26
17.848 , 17812.5
17.85 , 17880.84
17.852 , 17880.52
17.854 , 17880.2
17.856 , 17742.29
17.858 , 17741.75
17.86 , 17809.97
17.862 , 17878.32
17.864 , 17946.8
17.866 , 17740.23
17.867 , 17808.79
17.869 , 17808.36
17.871 , 17807.92
17.873 , 17601.15
17.875 , 17806.71
17.877 , 17668.71
17.879 , 17805.61
17.881 , 17805.17
17.883 , 17804.73
17.885 , 17804.3
17.887 , 17735.08
17.889 , 17665.75
17.891 , 17802.65
17.892 , 17664.98
17.894 , 17870.66
17.896 , 17526.44
17.898 , 17731.88
17.9 , 17593.77
17.902 , 17592.99
17.904 , 17867.33
17.906 , 17591.89
17.908 , 17797.45
17.91 , 17865.79
17.912 , 17865.47
17.914 , 17796.37
17.916 , 17589.59
17.917 , 17382.81
17.919 , 17588.02
17.921 , 17587.24
17.923 , 17586.46
17.925 , 17448.12
17.927 , 17584.67
17.929 , 17652.67
17.931 , 17720.78
17.933 , 17582.67
17.935 , 17581.89
17.937 , 17581.11
17.939 , 17580.33
17.94 , 17442.32
17.942 , 17578.87
17.944 , 17509.31
17.946 , 17714.75
17.948 , 17507.86
17.95 , 17506.96
17.952 , 17643.63
17.954 , 17574.18
17.956 , 17504.62
17.958 , 17778.84
17.96 , 17640.85
17.962 , 17708.96
17.964 , 17845.96
17.965 , 17708.41
17.967 , 17501.53
17.969 , 17638.19
17.971 , 17706.3
17.973 , 17774.52
17.975 , 17636.53
17.977 , 17842.2
17.979 , 17704.31
17.981 , 17566.18
17.983 , 17702.98
17.985 , 17702.4
17.987 , 17701.85
17.988 , 17701.63
17.99 , 17494.74
17.992 , 17562.62
17.994 , 17768.18
17.996 , 17698.96
17.998 , 17767.18
18.0 , 17491.63
18.002 , 17628.29
18.004 , 17627.62
18.006 , 17558.17
18.008 , 17488.61
18.009 , 17831.94
18.011 , 17487.72
18.013 , 17418.05
18.015 , 17623.39
18.017 , 17622.72
18.019 , 17622.05
18.021 , 17621.39
18.023 , 17620.72
18.025 , 17620.05
18.027 , 17619.38
18.029 , 17756.27
18.031 , 17687.05
18.032 , 17618.05
18.034 , 17686.16
18.036 , 17616.83
18.038 , 17547.38
18.04 , 17684.15
18.042 , 17614.82
18.044 , 17614.15
18.046 , 17682.26
18.048 , 17544.15
18.057 , 17609.8
18.059 , 17746.69
18.061 , 17608.69
18.063 , 17745.58
18.065 , 17745.13
18.066 , 17676.25
18.068 , 17606.91
18.07 , 17881.36
18.072 , 17743.59
18.074 , 17811.93
18.076 , 17605.27
18.078 , 17948.49
18.08 , 17604.5
18.082 , 17810.16
18.084 , 17672.28
18.086 , 17809.28
18.088 , 17602.62
18.09 , 17808.28
18.092 , 17739.18
18.093 , 17807.85
18.095 , 17669.96
18.097 , 17600.63
18.099 , 17599.96
18.101 , 17736.84
18.103 , 17873.96
18.105 , 17598.63
18.107 , 17735.52
18.109 , 17597.52
18.111 , 17803.18
18.112 , 17596.85
18.114 , 17802.52
18.116 , 17664.63
18.118 , 17595.3
18.12 , 17594.63
18.122 , 17456.4
18.124 , 17524.28
18.126 , 17523.49
18.128 , 17591.48
18.13 , 17659.59
18.132 , 17727.81
18.133 , 17521.37
18.135 , 17451.8
18.137 , 17519.68
18.139 , 17518.89
18.141 , 17518.11
18.143 , 17379.76
18.145 , 17516.3
18.147 , 17790.66
18.149 , 17515.19
18.151 , 17514.4
18.153 , 17651.17
18.155 , 17375.5
18.157 , 17512.04
18.159 , 17511.25
18.16 , 17579.61
18.162 , 17578.93
18.164 , 17715.82
18.166 , 17715.37
18.168 , 17577.37
18.17 , 17507.92
18.172 , 17507.13
18.174 , 17643.9
18.176 , 17505.79
18.178 , 17642.56
18.179 , 17436.0
18.181 , 17572.65
18.183 , 17640.76
18.185 , 17640.2
18.187 , 17433.31
18.189 , 17638.74
18.191 , 17638.18
18.193 , 17568.85
18.195 , 17636.95
18.197 , 17498.83
18.199 , 17498.04
18.2 , 17497.59
18.202 , 17496.81
18.204 , 17427.24
18.206 , 17563.89
18.208 , 17356.88
18.21 , 17493.43
18.212 , 17767.75
18.214 , 17354.75
18.216 , 17491.29
18.218 , 17421.72
18.22 , 17352.04
18.221 , 17626.47
18.223 , 17488.36
18.225 , 17556.35
18.227 , 17418.12
18.229 , 17554.77
18.231 , 17622.87
18.233 , 17691.09
18.235 , 17690.65
18.237 , 17415.06
18.239 , 17482.94
18.24 , 17551.26
18.242 , 17550.59
18.244 , 17618.69
18.246 , 17549.35
18.248 , 17548.68
18.25 , 17479.22
18.252 , 17615.99
18.254 , 17546.65
18.256 , 17683.54
18.258 , 17614.31
18.26 , 17544.97
18.261 , 17544.63
18.263 , 17543.96
18.265 , 17680.84
18.267 , 17680.39
18.269 , 17404.83
18.271 , 17335.15
18.273 , 17334.13
18.275 , 17401.89
18.277 , 17469.76
18.279 , 17400.19
18.281 , 17399.29
18.283 , 17398.38
18.285 , 17397.48
18.287 , 17396.57
18.288 , 17327.23
18.29 , 17601.32
18.292 , 17325.65
18.294 , 17462.18
18.296 , 17323.84
18.298 , 17322.82
18.3 , 17528.13
18.302 , 17389.9
18.304 , 17251.43
18.306 , 17387.86
18.308 , 17249.4
18.309 , 17386.16
18.311 , 17316.47
18.313 , 17246.68
18.315 , 17451.88
18.317 , 17382.3
18.319 , 17381.4
18.321 , 17449.27
18.323 , 17310.92
18.325 , 17516.24
18.326 , 17447.12
18.328 , 17377.55
18.33 , 17239.09
18.332 , 17444.29
18.334 , 17512.28
18.336 , 17511.6
18.338 , 17373.34
18.34 , 17372.43
18.342 , 17509.11
18.344 , 17439.63
18.346 , 17370.06
18.348 , 17506.73
18.35 , 17437.25
18.351 , 17368.02
18.353 , 17367.11
18.355 , 17434.99
18.357 , 17365.41
18.359 , 17502.06
18.361 , 17432.61
18.363 , 17225.48
18.365 , 17499.46
18.367 , 17361.22
18.369 , 17566.65
18.371 , 17497.31
18.372 , 17634.53
18.374 , 17565.3
18.376 , 17564.73
18.378 , 17564.17
18.38 , 17494.83
18.382 , 17769.26
18.384 , 17493.93
18.386 , 17562.03
18.388 , 17630.24
18.397 , 17352.3
18.399 , 17557.72
18.401 , 17625.94
18.403 , 17625.49
18.405 , 17556.26
18.407 , 17555.7
18.409 , 17555.13
18.411 , 17485.79
18.413 , 17553.88
18.415 , 17759.68
18.417 , 17553.12
18.418 , 17484.12
18.42 , 17552.19
18.422 , 17620.43
18.424 , 17551.2
18.426 , 17619.41
18.428 , 17550.18
18.43 , 17343.26
18.432 , 17548.69
18.434 , 17341.8
18.435 , 17341.23
18.437 , 17546.66
18.439 , 17614.88
18.441 , 17614.42
18.443 , 17545.19
18.445 , 17338.29
18.447 , 17337.38
18.449 , 17336.47
18.451 , 17473.12
18.453 , 17610.0
18.455 , 17540.77
18.456 , 17540.54
18.458 , 17402.42
18.46 , 17539.18
18.462 , 17263.5
18.464 , 17468.81
18.466 , 17399.35
18.468 , 17398.55
18.47 , 17466.54
18.472 , 17397.08
18.474 , 17258.72
18.476 , 17395.26
18.478 , 17325.68
18.48 , 17324.77
18.482 , 17323.86
18.483 , 17323.29
18.485 , 17459.94
18.487 , 17321.7
18.489 , 17595.9
18.491 , 17251.55
18.493 , 17388.09
18.495 , 17524.85
18.497 , 17317.94
18.499 , 17385.81
18.501 , 17453.79
18.503 , 17521.89
18.504 , 17315.33
18.506 , 17314.42
18.508 , 17519.84
18.51 , 17312.94
18.512 , 17380.8
18.514 , 17655.12
18.516 , 17586.0
18.518 , 17447.99
18.52 , 17516.09
18.522 , 17309.18
18.523 , 17583.73
18.526 , 17376.6
18.528 , 17513.36
18.529 , 17719.47
18.531 , 17444.13
18.533 , 17787.34
18.535 , 17787.23
18.537 , 17580.78
18.539 , 17580.33
18.541 , 17717.45
18.543 , 17717.23
18.545 , 17441.86
18.547 , 17372.4
18.548 , 17647.08
18.55 , 17577.96
18.552 , 17577.51
18.554 , 17508.27
18.556 , 17576.48
18.558 , 17576.03
18.56 , 17644.35
18.562 , 17575.23
18.564 , 17574.78
18.566 , 17574.32
18.568 , 17642.65
18.569 , 17573.87
18.571 , 17573.41
18.573 , 17435.4
18.575 , 17434.72
18.577 , 17571.59
18.579 , 17571.13
18.581 , 17570.68
18.583 , 17501.44
18.585 , 17638.43
18.587 , 17569.31
18.589 , 17500.08
18.591 , 17568.29
18.593 , 17567.83
18.594 , 17567.72
18.596 , 17429.7
18.598 , 17429.02
18.6 , 17359.55
18.602 , 17496.31
18.604 , 17495.74
18.606 , 17357.61
18.608 , 17494.37
18.61 , 17562.58
18.612 , 17493.34
18.613 , 17424.31
18.615 , 17354.85
18.617 , 17560.38
18.619 , 17422.37
18.621 , 17421.69
18.623 , 17352.22
18.625 , 17557.76
18.627 , 17694.88
18.629 , 17694.63
18.631 , 17488.06
18.632 , 17281.5
18.634 , 17555.7
18.636 , 17624.02
18.638 , 17554.9
18.64 , 17623.22
18.642 , 17554.1
18.644 , 17759.98
18.646 , 17553.53
18.648 , 17484.29
18.65 , 17483.72
18.652 , 17620.71
18.654 , 17414.03
18.656 , 17413.34
18.657 , 17481.78
18.659 , 17618.76
18.661 , 17480.86
18.663 , 17617.84
18.665 , 17273.61
18.667 , 17547.81
18.669 , 17547.35
18.671 , 17409.33
18.673 , 17546.2
18.675 , 17614.52
18.677 , 17545.4
18.678 , 17476.51
18.68 , 17544.71
18.682 , 17337.92
18.684 , 17474.67
18.686 , 17336.54
18.688 , 17473.3
18.69 , 17472.72
18.692 , 17197.04
18.694 , 17608.68
18.696 , 17539.55
18.698 , 17332.76
18.7 , 17469.51
18.702 , 17331.38
18.703 , 17399.7
18.705 , 16986.32
18.707 , 17260.08
18.709 , 17190.38
18.711 , 17533.25
18.713 , 17395.23
18.715 , 17325.76
18.717 , 17187.4
18.719 , 17255.13
18.721 , 17254.21
18.723 , 17184.51
18.725 , 17183.48
18.726 , 17251.57
18.728 , 17181.88
18.73 , 17249.62
18.74 , 17108.39
18.742 , 17176.02
18.744 , 17106.21
18.745 , 17311.74
18.747 , 17104.6
18.749 , 17241.01
18.751 , 16896.2
18.753 , 17101.05
18.755 , 17031.12
18.757 , 16892.3
18.759 , 16959.59
18.761 , 17095.77
18.763 , 16888.29
18.764 , 16887.14
18.766 , 16954.43
18.768 , 17021.83
18.77 , 17020.57
18.772 , 17088.08
18.774 , 16880.6
18.776 , 17085.45
18.778 , 17221.86
18.78 , 16808.26
18.782 , 16944.21
18.784 , 17011.62
18.786 , 17079.13
18.788 , 17077.98
18.79 , 16801.72
18.791 , 16938.02
18.793 , 17005.42
18.795 , 16866.6
18.797 , 16933.88
18.799 , 17070.09
18.801 , 17000.14
18.803 , 17067.68
18.805 , 16860.17
18.807 , 16858.7
18.809 , 17063.54
18.811 , 17062.39
18.812 , 17061.59
18.814 , 17060.44
18.816 , 16921.73
18.818 , 17057.91
18.82 , 16850.43
18.822 , 17192.83
18.824 , 16916.79
18.826 , 17052.97
18.828 , 17120.6
18.83 , 16844.45
18.832 , 16980.51
18.833 , 17048.38
18.835 , 17047.23
18.837 , 17046.08
18.839 , 17113.71
18.841 , 17181.42
18.843 , 17111.75
18.845 , 17110.69
18.847 , 17109.68
18.849 , 17108.62
18.851 , 16970.03
18.853 , 17106.32
18.855 , 17105.28
18.856 , 17173.37
18.858 , 17172.45
18.86 , 17240.31
18.862 , 16895.6
18.864 , 16963.0
18.866 , 17099.3
18.868 , 17098.26
18.87 , 17234.78
18.872 , 17027.64
18.874 , 17370.38
18.876 , 17163.46
18.878 , 17093.76
18.879 , 17230.63
18.881 , 17161.05
18.883 , 17091.34
18.885 , 17159.09
18.887 , 17089.38
18.889 , 17157.13
18.891 , 17156.2
18.893 , 17086.5
18.895 , 17291.8
18.897 , 16947.21
18.899 , 17083.51
18.901 , 17357.58
18.902 , 17288.57
18.904 , 17081.54
18.906 , 17286.86
18.908 , 17148.59
18.91 , 17078.89
18.912 , 17284.21
18.914 , 17283.51
18.916 , 17076.48
18.918 , 17281.78
18.92 , 17212.31
18.922 , 17211.5
18.923 , 17073.48
18.925 , 17072.44
18.927 , 17071.4
18.929 , 17207.92
18.931 , 17275.89
18.933 , 17068.86
18.935 , 17205.38
18.937 , 17204.57
18.939 , 17134.98
18.941 , 17202.84
18.942 , 17271.15
18.944 , 17201.68
18.946 , 17338.43
18.948 , 17200.29
18.95 , 17337.04
18.952 , 17336.46
18.954 , 17129.54
18.956 , 17128.61
18.958 , 17334.03
18.96 , 17264.67
18.962 , 17332.75
18.964 , 17332.17
18.965 , 17331.93
18.967 , 17400.13
18.969 , 17262.11
18.971 , 17261.41
18.973 , 17260.71
18.975 , 17466.35
18.977 , 17259.66
18.979 , 17465.3
18.981 , 17464.95
18.983 , 17395.82
18.985 , 17257.79
18.987 , 17325.88
18.989 , 17325.29
18.99 , 17462.62
18.992 , 17324.71
18.994 , 17324.13
18.996 , 17254.74
18.998 , 17597.96
19.0 , 17391.48
19.002 , 17459.81
19.004 , 17459.43
19.006 , 17459.1
19.008 , 17458.72
19.01 , 17458.37
19.011 , 17458.37
19.013 , 17320.45
19.015 , 17526.21
19.017 , 17525.97
19.019 , 17388.17
19.021 , 17525.26
19.023 , 17318.68
19.025 , 17661.99
19.027 , 17318.09
19.029 , 17386.28
19.031 , 17523.37
19.032 , 17523.48
19.034 , 17454.46
19.036 , 17454.11
19.038 , 17384.97
19.04 , 17659.64
19.042 , 17453.27
19.044 , 17384.13
19.046 , 17521.22
19.048 , 17520.98
19.05 , 17520.74
19.052 , 17658.08
19.054 , 17520.51
19.055 , 17520.62
19.057 , 17520.38
19.059 , 17520.14
19.061 , 17519.9
19.063 , 17450.88
19.065 , 17450.52
19.067 , 17381.39
19.069 , 17449.7
19.071 , 17518.12
19.08 , 17377.87
19.082 , 17514.96
19.084 , 17514.72
19.086 , 17239.36
19.088 , 17307.44
19.09 , 17306.85
19.091 , 17444.18
19.093 , 17306.26
19.095 , 17374.46
19.097 , 17305.21
19.099 , 17304.62
19.101 , 17166.47
19.103 , 17440.78
19.105 , 17440.42
19.107 , 17302.5
19.109 , 17439.47
19.111 , 17301.56
19.112 , 17301.33
19.114 , 17231.96
19.116 , 17300.04
19.118 , 17299.45
19.12 , 17298.87
19.122 , 17298.28
19.124 , 17228.91
19.126 , 17228.21
19.128 , 17227.51
19.129 , 17295.94
19.131 , 17157.8
19.133 , 17225.76
19.135 , 17156.28
19.137 , 17293.02
19.139 , 17292.44
19.141 , 17154.29
19.143 , 17428.59
19.145 , 17153.12
19.147 , 17152.3
19.149 , 17426.6
19.15 , 16876.36
19.152 , 16943.87
19.154 , 16942.71
19.156 , 17079.13
19.158 , 16940.62
19.16 , 17145.82
19.162 , 17213.76
19.164 , 17075.5
19.166 , 17005.79
19.168 , 17073.54
19.17 , 17072.61
19.172 , 17071.68
19.173 , 17002.32
19.175 , 17138.83
19.177 , 17000.46
19.179 , 16999.41
19.181 , 17204.71
19.183 , 16997.66
19.185 , 16996.62
19.187 , 17064.35
19.189 , 16994.64
19.191 , 17268.71
19.192 , 17130.91
19.194 , 16992.54
19.196 , 17129.05
19.198 , 17197.01
19.2 , 17058.75
19.202 , 16920.26
19.204 , 16987.88
19.206 , 17261.95
19.208 , 17055.02
19.21 , 17191.65
19.212 , 16915.83
19.213 , 17052.58
19.215 , 17120.42
19.217 , 16982.02
19.219 , 17049.76
19.221 , 17117.6
19.223 , 17116.79
19.225 , 17047.19
19.227 , 17183.81
19.229 , 17251.91
19.231 , 17182.52
19.233 , 17181.81
19.234 , 17250.24
19.236 , 17112.09
19.238 , 17180.05
19.24 , 17179.35
19.242 , 17178.64
19.244 , 17109.16
19.246 , 17039.56
19.248 , 17176.19
19.25 , 17244.26
19.251 , 17037.69
19.253 , 16967.97
19.255 , 16966.93
19.257 , 17034.66
19.259 , 16964.94
19.261 , 17032.67
19.263 , 17031.74
19.265 , 17099.59
19.267 , 16892.43
19.269 , 17166.38
19.271 , 17028.12
19.272 , 17165.09
19.274 , 16958.05
19.276 , 16957.0
19.278 , 16955.95
19.28 , 16817.35
19.282 , 17091.18
19.284 , 17090.36
19.286 , 16814.43
19.288 , 17019.49
19.29 , 16880.99
19.292 , 17017.39
19.293 , 17085.59
19.295 , 17153.54
19.297 , 17221.62
19.299 , 17014.69
19.301 , 17013.75
19.303 , 17012.82
19.305 , 17011.88
19.307 , 17079.72
19.309 , 17147.68
19.311 , 17078.2
19.313 , 17077.38
19.314 , 17008.13
19.316 , 17075.97
19.318 , 17075.15
19.32 , 17074.33
19.322 , 16798.39
19.324 , 17003.45
19.326 , 17002.51
19.328 , 16864.0
19.33 , 16794.05
19.332 , 16930.35
19.333 , 16792.08
19.335 , 16790.8
19.337 , 16858.29
19.339 , 16925.93
19.341 , 16993.63
19.343 , 16992.7
19.345 , 17129.34
19.347 , 16784.72
19.349 , 16783.44
19.351 , 16782.16
19.353 , 16780.88
19.355 , 16779.6
19.357 , 16847.09
19.359 , 16914.71
19.361 , 16707.32
19.362 , 16843.84
19.364 , 16842.67
19.366 , 16841.5
19.368 , 16771.56
19.37 , 16770.28
19.372 , 16769.0
19.374 , 16974.05
19.376 , 16904.34
19.378 , 16972.06
19.38 , 16902.35
19.382 , 16694.96
19.384 , 16831.12
19.386 , 16898.73
19.387 , 16554.14
19.389 , 16896.41
19.391 , 16895.36
19.393 , 16756.75
19.395 , 16824.24
19.397 , 16823.08
19.399 , 16821.91
19.401 , 16614.4
19.403 , 16750.45
19.405 , 16749.17
19.407 , 16747.89
19.408 , 16884.52
19.41 , 16952.24
19.42 , 16948.49
19.422 , 16672.41
19.424 , 17152.49
19.426 , 17151.89
19.428 , 17082.52
19.429 , 17150.94
19.431 , 16944.01
19.433 , 17011.85
19.435 , 17011.02
19.437 , 16941.42
19.439 , 16940.48
19.441 , 16939.54
19.443 , 16938.6
19.445 , 16937.66
19.447 , 16867.94
19.449 , 17004.45
19.45 , 17141.53
19.452 , 16865.82
19.454 , 16864.77
19.456 , 17001.27
19.458 , 17138.0
19.46 , 17068.62
19.462 , 17205.47
19.464 , 16929.87
19.466 , 16928.93
19.468 , 17065.55
19.47 , 17133.62
19.471 , 17133.38
19.473 , 17132.78
19.475 , 17269.74
19.477 , 17063.03
19.479 , 17199.88
19.481 , 17268.17
19.483 , 17199.03
19.485 , 16923.43
19.487 , 17128.82
19.489 , 17128.22
19.491 , 16921.29
19.493 , 16989.13
19.494 , 17126.21
19.496 , 17125.62
19.498 , 16987.46
19.5 , 17055.41
19.502 , 16917.14
19.504 , 17122.54
19.506 , 17053.16
19.508 , 17052.45
19.51 , 17258.07
19.512 , 17051.36
19.513 , 16982.23
19.515 , 17050.18
19.517 , 17118.24
19.519 , 17117.64
19.521 , 17185.83
19.523 , 16910.22
19.525 , 16978.06
19.527 , 16977.23
19.529 , 17113.96
19.531 , 16700.69
19.533 , 16974.52
19.534 , 16905.27
19.536 , 16973.1
19.538 , 17109.86
19.54 , 16902.9
19.542 , 16970.73
19.544 , 16901.13
19.546 , 16900.18
19.548 , 16761.68
19.55 , 16760.51
19.552 , 16896.92
19.554 , 16689.62
19.555 , 16895.04
19.557 , 16894.1
19.559 , 17168.27
19.561 , 17030.23
19.563 , 16685.62
19.565 , 16821.89
19.567 , 16958.39
19.569 , 16957.56
19.571 , 16750.4
19.573 , 16818.0
19.575 , 16816.94
19.576 , 16747.46
19.578 , 17021.41
19.58 , 16745.58
19.582 , 16950.74
19.584 , 16743.57
19.586 , 16811.18
19.588 , 16878.9
19.59 , 16946.73
19.592 , 17083.46
19.594 , 16876.52
19.596 , 16944.36
19.598 , 17012.3
19.6 , 17011.59
19.601 , 17080.01
19.603 , 17079.41
19.605 , 16872.45
19.607 , 16871.5
19.609 , 17076.92
19.611 , 16869.95
19.613 , 17006.57
19.615 , 17074.65
19.617 , 17142.83
19.619 , 17004.76
19.621 , 17141.63
19.622 , 17003.91
19.624 , 16796.86
19.626 , 17139.72
19.628 , 17001.65
19.63 , 17069.71
19.632 , 17000.33
19.634 , 16930.83
19.636 , 16930.0
19.638 , 17135.51
19.64 , 17066.24
19.641 , 16928.44
19.643 , 17065.16
19.645 , 17133.34
19.647 , 16995.29
19.649 , 16857.02
19.651 , 16993.63
19.653 , 16992.91
19.655 , 16785.86
19.657 , 17197.47
19.659 , 17197.09
19.661 , 16921.6
19.663 , 17058.33
19.664 , 17126.87
19.666 , 17126.38
19.668 , 17125.88
19.67 , 16919.06
19.672 , 17124.56
19.674 , 16917.73
19.676 , 17123.24
19.678 , 17053.97
19.68 , 17122.14
19.682 , 17121.65
19.684 , 17121.17
19.686 , 16914.34
19.687 , 16982.64
19.689 , 16913.15
19.691 , 17049.87
19.693 , 16980.49
19.695 , 16842.21
19.697 , 16910.04
19.699 , 16909.21
19.701 , 16908.37
19.703 , 16976.32
19.705 , 16975.6
19.707 , 17043.66
19.709 , 17111.83
19.71 , 16905.37
19.712 , 16904.53
19.714 , 16766.14
19.716 , 16902.63
19.718 , 16833.02
19.72 , 16900.85
19.722 , 16831.24
19.724 , 16967.84
19.726 , 16760.77
19.728 , 16897.28
19.73 , 16896.45
19.732 , 16758.03
19.733 , 16894.89
19.735 , 16894.05
19.737 , 16893.22
19.739 , 16892.38
19.741 , 16822.77
19.743 , 16890.6
19.745 , 16820.98
19.747 , 16888.81
19.749 , 16819.2
19.751 , 16887.03
19.753 , 16817.41
19.762 , 16882.71
19.764 , 16881.88
19.766 , 16743.49
19.768 , 16879.98
19.77 , 16879.14
19.772 , 16947.09
19.774 , 16946.37
19.776 , 17152.0
19.778 , 16876.48
19.78 , 16944.45
19.782 , 16943.73
19.783 , 16874.56
19.785 , 17011.29
19.787 , 17079.48
19.789 , 17078.99
19.791 , 17078.49
19.793 , 16871.64
19.795 , 16939.61
19.797 , 16870.1
19.799 , 16869.27
19.801 , 16868.43
19.803 , 17005.15
19.805 , 17073.32
19.806 , 16798.07
19.808 , 17003.46
19.81 , 17002.85
19.812 , 17002.24
19.814 , 16932.85
19.816 , 17069.69
19.818 , 16862.86
19.82 , 17068.36
19.822 , 16861.52
19.824 , 16860.69
19.826 , 17066.18
19.827 , 16928.49
19.829 , 16858.99
19.831 , 16858.15
19.833 , 17063.65
19.835 , 17131.94
19.837 , 16994.0
19.839 , 16993.39
19.841 , 16924.0
19.843 , 16854.5
19.845 , 16853.66
19.847 , 16852.82
19.849 , 16920.76
19.851 , 16920.04
19.852 , 16988.45
19.854 , 16987.84
19.856 , 17193.57
19.858 , 17055.74
19.86 , 17124.03
19.862 , 17054.87
19.864 , 17054.37
19.866 , 17122.65
19.868 , 16915.91
19.87 , 17190.33
19.872 , 16983.72
19.874 , 16983.09
19.876 , 17051.28
19.877 , 16982.34
19.879 , 17050.51
19.881 , 16843.68
19.883 , 16911.62
19.885 , 16910.89
19.887 , 16910.17
19.889 , 17047.0
19.891 , 16908.94
19.893 , 16977.0
19.895 , 16838.83
19.897 , 16837.99
19.899 , 17043.48
19.901 , 17042.99
19.902 , 16836.52
19.904 , 16904.45
19.906 , 16834.95
19.908 , 16971.69
19.91 , 16695.94
19.912 , 16832.43
19.914 , 16969.16
19.916 , 16693.41
19.918 , 16898.7
19.92 , 16760.42
19.921 , 16828.61
19.923 , 16827.77
19.925 , 16964.48
19.927 , 16826.31
19.929 , 16894.25
19.931 , 16893.52
19.933 , 16824.02
19.935 , 16891.96
19.937 , 16960.01
19.939 , 16821.83
19.941 , 16820.99
19.943 , 16888.93
19.945 , 16888.2
19.946 , 16819.06
19.948 , 16818.22
19.95 , 16679.82
19.952 , 16747.53
19.954 , 16815.35
19.956 , 16814.51
19.958 , 16951.22
19.96 , 16675.49
19.962 , 16811.98
19.964 , 16742.33
19.966 , 16810.18
19.968 , 16878.11
19.97 , 16602.25
19.971 , 16601.42
19.973 , 16600.24
19.975 , 16805.39
19.977 , 16598.21
19.979 , 16803.36
19.981 , 16389.84
19.983 , 16457.09
19.985 , 16593.23
19.987 , 16660.83
19.989 , 16797.31
19.991 , 16658.91
19.993 , 16589.06
19.994 , 16588.24
19.996 , 16587.05
19.998 , 16792.2
20.0 , 16791.35
20.002 , 16859.29
20.004 , 16996.12
20.006 , 16858.06
20.008 , 16857.33
20.01 , 16787.82
20.012 , 16855.76
20.014 , 16855.03
20.015 , 16579.54
20.017 , 16853.47
20.019 , 16646.41
20.021 , 16989.23
20.023 , 16782.39
20.025 , 16850.32
20.027 , 16918.37
20.029 , 16780.2
20.031 , 16779.35
20.032 , 16778.87
20.034 , 16984.39
20.036 , 16983.89
20.038 , 16845.8
20.04 , 16776.29
20.042 , 16637.89
20.044 , 16911.96
20.046 , 16911.34
20.048 , 16910.72
20.05 , 16978.88
20.051 , 16909.97
20.053 , 16771.79
20.055 , 16908.51
20.057 , 16839.11
20.059 , 16769.6
20.061 , 16768.75
20.063 , 16836.69
20.065 , 16835.96
20.067 , 16766.45
20.069 , 16834.38
20.071 , 16833.65
20.073 , 16832.91
20.075 , 16969.74
20.076 , 16625.71
20.078 , 16693.41
20.08 , 16692.45
20.082 , 16553.93
20.084 , 16827.86
20.086 , 16620.79
20.088 , 16826.05
20.09 , 16756.54
20.092 , 16755.69
20.094 , 16823.62
20.103 , 16682.77
20.105 , 16750.58
20.107 , 16749.74
20.109 , 16611.33
20.111 , 16747.81
20.112 , 16747.33
20.114 , 16746.48
20.116 , 16676.86
20.118 , 16882.23
20.12 , 16812.83
20.122 , 16605.76
20.124 , 16879.8
20.126 , 16810.4
20.128 , 16672.11
20.13 , 16739.93
20.131 , 16533.11
20.133 , 16600.7
20.135 , 16599.62
20.137 , 16598.54
20.139 , 16528.69
20.141 , 16665.05
20.143 , 16732.87
20.145 , 16869.58
20.147 , 16731.4
20.148 , 16730.92
20.15 , 16661.29
20.152 , 16797.88
20.154 , 16659.59
20.156 , 16658.63
20.158 , 16588.88
20.16 , 16794.14
20.162 , 16655.85
20.164 , 16586.11
20.166 , 16653.81
20.167 , 16790.77
20.169 , 16583.7
20.171 , 16651.4
20.173 , 16581.65
20.175 , 16511.79
20.177 , 16716.94
20.179 , 16784.87
20.181 , 16921.71
20.183 , 16714.85
20.185 , 16782.78
20.186 , 16988.77
20.188 , 16713.26
20.19 , 16781.17
20.192 , 16711.67
20.194 , 16848.38
20.196 , 16916.54
20.198 , 16916.03
20.2 , 16709.19
20.202 , 16708.34
20.204 , 16776.26
20.206 , 16913.09
20.207 , 16844.17
20.209 , 16843.54
20.211 , 16842.92
20.213 , 16842.3
20.215 , 16772.9
20.217 , 16772.16
20.219 , 16771.43
20.221 , 16770.69
20.223 , 16563.61
20.225 , 16700.09
20.226 , 16837.16
20.228 , 16767.76
20.23 , 16835.81
20.232 , 16766.4
20.234 , 16696.89
20.236 , 16902.37
20.238 , 16764.28
20.24 , 16694.77
20.242 , 16762.69
20.243 , 16487.21
20.245 , 16623.57
20.247 , 16622.6
20.249 , 16690.42
20.251 , 16689.56
20.253 , 16757.49
20.255 , 16550.41
20.257 , 16480.55
20.259 , 16548.14
20.261 , 16547.05
20.263 , 16545.97
20.264 , 16545.26
20.266 , 16544.18
20.268 , 16749.44
20.27 , 16611.14
20.272 , 16541.39
20.274 , 16677.87
20.276 , 16608.23
20.278 , 16676.04
20.28 , 16468.85
20.281 , 16399.25
20.283 , 16466.71
20.285 , 16396.74
20.287 , 16601.76
20.289 , 16532.02
20.291 , 16530.93
20.293 , 16529.85
20.295 , 16528.77
20.297 , 16527.68
20.299 , 16457.82
20.3 , 16388.22
20.302 , 16455.68
20.304 , 16523.27
20.306 , 16522.18
20.308 , 16521.1
20.31 , 16657.57
20.312 , 16725.5
20.314 , 16587.2
20.316 , 16586.23
20.318 , 16654.04
20.32 , 16584.4
20.321 , 16515.03
20.323 , 16720.28
20.325 , 16513.2
20.327 , 16512.12
20.329 , 16511.03
20.331 , 16509.95
20.333 , 16715.2
20.335 , 16301.79
20.336 , 16507.07
20.338 , 16368.42
20.34 , 16435.89
20.342 , 16365.91
20.344 , 16364.6
20.346 , 16500.84
20.348 , 16362.2
20.35 , 16498.45
20.352 , 16841.26
20.354 , 16428.04
20.355 , 16496.0
20.357 , 16494.91
20.359 , 16425.05
20.361 , 16492.63
20.363 , 16353.98
20.365 , 16559.0
20.367 , 16626.81
20.369 , 16419.62
20.371 , 16555.98
20.372 , 16624.16
20.374 , 16554.52
20.376 , 16622.33
20.378 , 16415.13
20.38 , 16413.93
20.382 , 16412.73
20.384 , 16480.31
20.386 , 16272.89
20.388 , 16477.79
20.39 , 16476.71
20.392 , 16475.62
20.394 , 16543.31
20.396 , 16267.23
20.398 , 16265.79
20.399 , 16333.51
20.401 , 16607.32
20.403 , 16468.9
20.405 , 16399.03
20.407 , 16466.61
20.409 , 16465.53
20.411 , 16395.66
20.413 , 16325.68
20.415 , 16461.92
20.417 , 16460.83
20.418 , 16460.12
20.42 , 16459.03
20.422 , 16457.94
20.424 , 16456.86
20.426 , 16455.77
20.428 , 16317.12
20.43 , 16384.58
20.432 , 16520.96
20.441 , 16448.61
20.443 , 16378.74
20.445 , 16446.31
20.447 , 16376.45
20.449 , 16512.8
20.451 , 16443.05
20.453 , 16441.96
20.455 , 16303.31
20.457 , 16439.55
20.458 , 16301.28
20.46 , 16506.3
20.462 , 16780.44
20.464 , 16436.03
20.466 , 16434.94
20.468 , 16433.85
20.47 , 16432.76
20.472 , 16500.45
20.474 , 16430.7
20.475 , 16429.98
20.477 , 16222.55
20.479 , 16427.46
20.481 , 16495.15
20.483 , 16219.05
20.485 , 16286.4
20.487 , 16422.64
20.489 , 16490.33
20.491 , 16420.58
20.493 , 16419.49
20.494 , 16349.99
20.496 , 16073.67
20.498 , 16622.24
20.5 , 16552.71
20.502 , 16276.74
20.504 , 16275.42
20.506 , 16342.88
20.508 , 16204.11
20.51 , 16409.02
20.512 , 16270.37
20.514 , 16269.05
20.516 , 16336.51
20.517 , 16610.79
20.519 , 16334.93
20.521 , 16333.72
20.523 , 16263.74
20.525 , 16331.2
20.527 , 16329.99
20.529 , 16328.79
20.531 , 16396.36
20.533 , 16464.04
20.535 , 16531.85
20.536 , 16462.58
20.538 , 16530.38
20.54 , 16460.74
20.542 , 16528.54
20.544 , 16527.68
20.546 , 16526.82
20.548 , 16388.39
20.55 , 16456.08
20.552 , 16455.1
20.553 , 16523.3
20.555 , 16522.44
20.557 , 16246.44
20.559 , 16313.92
20.561 , 16312.71
20.563 , 16311.5
20.565 , 16379.08
20.567 , 16309.2
20.569 , 16445.56
20.57 , 16513.73
20.572 , 16306.53
20.574 , 16167.76
20.576 , 16166.33
20.578 , 16096.09
20.58 , 16232.1
20.582 , 16230.77
20.584 , 16091.89
20.586 , 16090.34
20.588 , 16363.93
20.59 , 16225.28
20.592 , 16430.27
20.594 , 16085.4
20.596 , 16290.18
20.597 , 16426.91
20.599 , 16219.59
20.601 , 16218.27
20.603 , 16285.72
20.605 , 16353.29
20.607 , 16214.64
20.609 , 16282.1
20.611 , 16212.11
20.613 , 16279.57
20.614 , 16416.29
20.616 , 16552.87
20.618 , 16277.0
20.62 , 16413.35
20.622 , 16206.03
20.624 , 16548.61
20.626 , 16272.74
20.628 , 16202.75
20.63 , 16407.76
20.632 , 16406.78
20.633 , 16337.4
20.635 , 16061.19
20.637 , 16472.31
20.639 , 16609.0
20.641 , 16333.25
20.643 , 16538.49
20.645 , 16331.4
20.647 , 16330.3
20.649 , 16535.54
20.651 , 16466.01
20.653 , 16533.93
20.655 , 16533.17
20.656 , 16464.02
20.658 , 16463.15
20.66 , 16531.06
20.662 , 16530.31
20.664 , 16460.78
20.666 , 16597.47
20.668 , 16459.27
20.67 , 16458.4
20.672 , 16457.54
20.673 , 16594.6
20.675 , 16593.96
20.677 , 16593.33
20.679 , 16523.91
20.681 , 16660.71
20.683 , 16660.19
20.685 , 16590.88
20.687 , 16659.02
20.689 , 16589.72
20.691 , 16520.3
20.693 , 16381.99
20.694 , 16725.28
20.696 , 16380.97
20.698 , 16311.21
20.7 , 16516.45
20.702 , 16515.7
20.704 , 16377.38
20.706 , 16445.18
20.708 , 16513.09
20.71 , 16512.33
20.712 , 16374.02
20.714 , 16579.38
20.716 , 16647.52
20.717 , 16578.59
20.719 , 16577.95
20.721 , 16302.19
20.723 , 16576.21
20.725 , 16713.13
20.727 , 16575.16
20.729 , 16574.51
20.731 , 16367.54
20.733 , 16504.11
20.735 , 16572.13
20.736 , 16434.29
20.738 , 16571.0
20.74 , 16639.14
20.742 , 16569.83
20.744 , 16362.83
20.746 , 16499.4
20.748 , 16498.65
20.75 , 16635.47
20.752 , 16497.37
20.754 , 16565.39
20.755 , 16427.57
20.757 , 16770.61
20.759 , 16563.95
20.761 , 16356.97
20.763 , 16906.22
20.765 , 16424.7
20.767 , 16355.05
20.769 , 16285.29
20.771 , 16352.96
20.773 , 16283.2
20.782 , 16348.23
20.784 , 16278.46
20.786 , 16552.5
20.788 , 16345.5
20.79 , 16344.51
20.792 , 16343.55
20.794 , 16273.76
20.796 , 16410.24
20.798 , 16340.59
20.8 , 16408.38
20.801 , 16407.88
20.803 , 16475.79
20.805 , 16406.26
20.807 , 16405.38
20.809 , 16266.95
20.811 , 16540.97
20.813 , 16265.21
20.815 , 16608.0
20.817 , 16401.13
20.819 , 16400.26
20.82 , 16399.77
20.822 , 16398.89
20.824 , 16329.24
20.826 , 16328.25
20.828 , 16464.82
20.83 , 16395.28
20.832 , 16463.19
20.834 , 16531.21
20.836 , 16324.23
20.838 , 16460.8
20.839 , 16529.2
20.841 , 16528.55
20.843 , 16390.35
20.845 , 16389.48
20.847 , 16319.82
20.849 , 16387.61
20.851 , 16661.86
20.853 , 16386.32
20.855 , 16316.65
20.857 , 16315.66
20.859 , 16452.23
20.86 , 16314.29
20.862 , 16726.0
20.864 , 16725.69
20.866 , 16656.61
20.868 , 16449.84
20.87 , 16517.88
20.872 , 16586.01
20.874 , 16723.04
20.876 , 16585.15
20.878 , 16584.64
20.88 , 16584.09
20.881 , 16721.49
20.883 , 16514.85
20.885 , 16720.54
20.887 , 16445.13
20.889 , 16581.92
20.891 , 16581.39
20.893 , 16443.3
20.895 , 16580.1
20.897 , 16579.56
20.899 , 16579.03
20.901 , 16440.94
20.903 , 16577.74
20.905 , 16439.64
20.906 , 16714.38
20.908 , 16507.74
20.91 , 16507.09
20.912 , 16506.44
20.914 , 16574.57
20.916 , 16367.71
20.918 , 16641.97
20.92 , 16366.41
20.922 , 16640.67
20.923 , 16296.72
20.925 , 16364.5
20.927 , 16501.18
20.929 , 16569.34
20.931 , 16362.44
20.933 , 16361.57
20.935 , 16498.27
20.937 , 16360.06
20.939 , 16359.19
20.941 , 16358.31
20.943 , 16357.43
20.944 , 16425.71
20.946 , 16356.17
20.948 , 16355.29
20.95 , 16285.64
20.952 , 16284.64
20.954 , 16421.21
20.956 , 16489.22
20.958 , 16557.36
20.96 , 16350.48
20.962 , 16349.6
20.964 , 16348.73
20.966 , 16210.29
20.967 , 16553.46
20.969 , 16484.14
20.971 , 16414.71
20.973 , 16345.17
20.975 , 16481.85
20.977 , 16412.42
20.979 , 16480.44
20.981 , 16411.01
20.983 , 16547.8
20.985 , 16478.48
20.986 , 16478.22
20.988 , 16477.57
20.99 , 16476.92
20.992 , 16476.27
20.994 , 16475.59
20.996 , 16337.38
20.998 , 16474.06
21.0 , 16267.07
21.002 , 16403.64
21.004 , 16540.43
21.006 , 16471.11
21.007 , 16608.4
21.009 , 16539.2
21.011 , 16469.89
21.013 , 16262.9
21.015 , 16537.02
21.017 , 16467.71
21.019 , 16398.27
21.021 , 16397.51
21.023 , 16465.52
21.025 , 16464.87
21.027 , 16464.21
21.028 , 16463.95
21.03 , 16463.29
21.032 , 16531.42
21.034 , 16324.55
21.036 , 16530.0
21.038 , 16460.71
21.04 , 16460.03
21.042 , 16321.82
21.043 , 16527.69
21.045 , 16320.79
21.047 , 16319.91
21.049 , 16387.82
21.051 , 16387.06
21.053 , 16386.29
21.055 , 16385.52
21.057 , 16453.54
21.059 , 16177.76
21.061 , 16107.88
21.062 , 16175.81
21.064 , 16105.92
21.066 , 16104.7
21.068 , 16309.81
21.07 , 16171.37
21.072 , 16170.25
21.074 , 16237.92
21.076 , 16305.71
21.078 , 16304.82
21.079 , 16235.55
21.081 , 16234.55
21.083 , 16164.77
21.085 , 16163.66
21.087 , 16162.55
21.089 , 16298.99
21.091 , 16091.77
21.093 , 16365.66
21.095 , 16227.34
21.097 , 16226.34
21.099 , 16225.34
21.101 , 16155.56
21.103 , 16223.23
21.105 , 16222.23
21.106 , 16221.62
21.108 , 16220.62
21.11 , 16082.06
21.112 , 16149.61
21.121 , 16214.59
21.123 , 15938.47
21.125 , 16143.35
21.127 , 15867.12
21.129 , 15934.33
21.131 , 16001.65
21.133 , 16137.87
21.135 , 16205.53
21.137 , 16204.53
21.138 , 16066.36
21.14 , 15996.35
21.142 , 15995.01
21.144 , 16062.45
21.146 , 16130.0
21.148 , 16060.1
21.15 , 15990.09
21.152 , 15988.75
21.154 , 16056.19
21.156 , 15986.18
21.158 , 16122.39
21.16 , 15846.16
21.162 , 15982.15
21.163 , 15981.19
21.165 , 15979.85
21.167 , 15840.95
21.169 , 15976.93
21.171 , 16044.37
21.173 , 15836.8
21.175 , 16179.14
21.177 , 16109.36
21.179 , 16108.25
21.181 , 15969.55
21.182 , 16106.17
21.184 , 15967.5
21.186 , 15966.13
21.188 , 15964.79
21.19 , 16101.02
21.192 , 15962.33
21.194 , 16167.34
21.196 , 16097.56
21.198 , 15958.89
21.2 , 16026.32
21.201 , 15956.7
21.203 , 15955.35
21.205 , 15954.01
21.207 , 16090.22
21.209 , 16020.32
21.211 , 15950.31
21.213 , 16017.75
21.215 , 15878.94
21.217 , 15877.48
21.219 , 16013.57
21.221 , 16012.34
21.222 , 16080.28
21.224 , 16147.96
21.226 , 16078.16
21.228 , 16008.26
21.23 , 16213.39
21.232 , 15937.36
21.234 , 16004.79
21.236 , 15934.78
21.238 , 16002.21
21.24 , 16138.54
21.241 , 15931.59
21.243 , 16136.58
21.245 , 16135.57
21.247 , 16478.49
21.249 , 16409.28
21.251 , 16477.51
21.253 , 16270.72
21.255 , 16201.17
21.257 , 16475.41
21.259 , 16199.84
21.26 , 16336.9
21.262 , 16336.24
21.264 , 16473.13
21.266 , 16335.14
21.268 , 16472.04
21.27 , 16334.05
21.272 , 16264.61
21.274 , 16401.39
21.276 , 16400.85
21.278 , 16400.3
21.28 , 16399.75
21.282 , 16261.65
21.283 , 16330.04
21.285 , 16398.15
21.287 , 16260.05
21.289 , 16259.27
21.291 , 16396.05
21.293 , 16395.51
21.295 , 16394.96
21.297 , 16394.41
21.299 , 16325.08
21.301 , 16255.64
21.302 , 16461.59
21.304 , 16186.04
21.306 , 16391.49
21.308 , 16459.72
21.31 , 16459.28
21.312 , 16390.07
21.314 , 16527.08
21.316 , 16664.32
21.318 , 16457.89
21.319 , 16457.85
21.321 , 16457.41
21.323 , 16525.76
21.325 , 16387.88
21.327 , 16456.11
21.329 , 16455.67
21.331 , 16524.02
21.333 , 16523.7
21.335 , 16592.16
21.336 , 16523.56
21.338 , 16523.24
21.34 , 16454.14
21.342 , 16522.48
21.344 , 16384.61
21.346 , 16384.05
21.348 , 16383.5
21.35 , 16382.96
21.352 , 16382.41
21.354 , 16381.85
21.356 , 16312.53
21.358 , 16449.42
21.359 , 16380.59
21.361 , 16311.26
21.363 , 16448.16
21.365 , 16378.94
21.367 , 16240.81
21.369 , 16308.83
21.371 , 16376.95
21.373 , 16376.4
21.375 , 16307.04
21.377 , 16443.94
21.378 , 16306.33
21.38 , 16305.67
21.382 , 16029.88
21.384 , 16441.44
21.386 , 16372.22
21.388 , 16440.45
21.39 , 16164.89
21.392 , 16301.56
21.394 , 16163.33
21.396 , 16231.22
21.398 , 16230.44
21.399 , 16298.83
21.401 , 16160.6
21.403 , 16022.15
21.405 , 16158.58
21.407 , 16295.24
21.409 , 16294.58
21.411 , 16293.91
21.413 , 16155.71
21.415 , 16498.71
21.417 , 16085.69
21.419 , 16222.26
21.42 , 16221.87
21.422 , 16152.31
21.424 , 16151.41
21.426 , 16150.51
21.428 , 16080.81
21.43 , 16354.94
21.432 , 16285.61
21.434 , 16147.39
21.436 , 16215.27
21.438 , 16145.71
21.439 , 15938.87
21.441 , 16143.96
21.443 , 16143.07
21.445 , 16142.17
21.447 , 16141.27
21.449 , 16209.15
21.451 , 16139.59
21.46 , 16342.29
21.462 , 16135.4
21.464 , 16134.5
21.466 , 16202.38
21.468 , 16339.16
21.47 , 16201.04
21.472 , 16062.7
21.474 , 16199.25
21.476 , 16129.69
21.478 , 16266.34
21.48 , 16128.12
21.482 , 15989.66
21.484 , 16126.09
21.485 , 16125.59
21.487 , 16124.69
21.489 , 15986.23
21.491 , 16122.66
21.493 , 16259.32
21.495 , 16189.87
21.497 , 16189.09
21.499 , 16188.3
21.501 , 16118.74
21.503 , 16186.62
21.505 , 16254.61
21.506 , 16048.0
21.508 , 16184.54
21.51 , 16183.76
21.512 , 16045.41
21.514 , 16181.96
21.516 , 16318.73
21.518 , 16043.06
21.52 , 16385.96
21.522 , 16247.94
21.524 , 16316.07
21.526 , 16315.51
21.527 , 16384.11
21.529 , 16246.11
21.531 , 16383.01
21.533 , 16313.79
21.535 , 16313.23
21.537 , 16175.12
21.539 , 16311.89
21.541 , 16173.78
21.543 , 16172.99
21.545 , 16103.42
21.547 , 16171.3
21.549 , 16239.29
21.55 , 16101.46
21.552 , 16375.67
21.554 , 16168.89
21.556 , 16305.66
21.558 , 16167.55
21.56 , 16029.2
21.562 , 16165.74
21.564 , 16096.18
21.566 , 16370.39
21.568 , 16232.39
21.57 , 16231.72
21.572 , 16162.27
21.573 , 16230.65
21.575 , 16161.2
21.577 , 16297.97
21.579 , 16228.63
21.581 , 16090.4
21.583 , 16089.5
21.585 , 16019.79
21.587 , 15950.02
21.589 , 16017.64
21.591 , 16085.43
21.593 , 16015.73
21.594 , 16083.9
21.596 , 15945.42
21.598 , 16150.65
21.6 , 15943.5
21.602 , 16079.93
21.604 , 16079.02
21.606 , 16078.12
21.608 , 16214.77
21.61 , 15938.98
21.612 , 16212.97
21.614 , 16212.29
21.616 , 16142.84
21.617 , 16142.44
21.619 , 15866.54
21.621 , 16071.63
21.623 , 16070.72
21.625 , 15863.48
21.627 , 15724.68
21.629 , 16067.1
21.631 , 15859.85
21.633 , 16133.72
21.635 , 15857.82
21.637 , 15787.79
21.638 , 15786.82
21.64 , 15785.46
21.642 , 15852.88
21.644 , 15920.41
21.646 , 15850.5
21.648 , 15986.8
21.65 , 15848.23
21.652 , 15846.98
21.654 , 15914.51
21.656 , 15913.37
21.658 , 15912.24
21.659 , 15705.16
21.661 , 15634.91
21.663 , 15702.09
21.665 , 15906.95
21.667 , 15905.82
21.669 , 15904.69
21.671 , 15903.55
21.673 , 15833.64
21.675 , 16038.72
21.677 , 16037.82
21.679 , 15830.57
21.681 , 15829.33
21.683 , 15896.85
21.684 , 15964.89
21.686 , 15963.87
21.688 , 15894.07
21.69 , 15892.94
21.692 , 15891.8
21.694 , 15753.11
21.696 , 15820.52
21.698 , 15888.05
21.7 , 15955.69
21.702 , 15885.89
21.704 , 15747.2
21.706 , 15745.83
21.707 , 15882.42
21.709 , 15881.29
21.711 , 15880.15
21.713 , 15879.01
21.715 , 15946.66
21.717 , 15876.85
21.719 , 15875.72
21.721 , 15737.0
21.723 , 16010.78
21.725 , 16009.87
21.727 , 15940.18
21.729 , 15870.38
21.731 , 15938.0
21.733 , 16074.55
21.735 , 16073.76
21.736 , 16004.56
21.738 , 15728.54
21.74 , 15864.73
21.742 , 16001.15
21.744 , 16069.02
21.746 , 15930.67
21.748 , 15792.08
21.75 , 15859.61
21.752 , 15927.25
21.754 , 16063.79
21.756 , 15994.21
21.757 , 15856.14
21.759 , 15648.67
21.761 , 15991.08
21.763 , 15921.39
21.765 , 16057.92
21.767 , 15988.35
21.769 , 16125.0
21.771 , 15849.2
21.773 , 16123.18
21.775 , 15778.6
21.777 , 15914.91
21.778 , 15983.06
21.78 , 15982.15
21.782 , 16050.02
21.784 , 16049.22
21.786 , 16186.01
21.788 , 16047.86
21.79 , 16184.64
21.792 , 16184.08
21.794 , 16114.71
21.803 , 16042.48
21.805 , 16110.46
21.807 , 16041.0
21.809 , 16040.2
21.811 , 16039.4
21.813 , 16038.61
21.815 , 16037.81
21.817 , 16037.01
21.818 , 16174.17
21.82 , 16036.05
21.822 , 16104.03
21.824 , 16172.13
21.826 , 16171.55
21.828 , 16033.43
21.83 , 16238.97
21.832 , 16307.29
21.834 , 16238.17
21.836 , 16237.72
21.838 , 16374.82
21.839 , 16237.44
21.841 , 16374.54
21.843 , 16167.97
21.845 , 16236.19
21.847 , 16442.07
21.849 , 16235.62
21.851 , 16303.94
21.853 , 16234.82
21.855 , 16303.14
21.857 , 16371.58
21.859 , 16302.58
21.861 , 16439.79
21.863 , 16095.76
21.864 , 16301.84
21.866 , 16301.5
21.868 , 16301.15
21.87 , 16300.81
21.872 , 16438.03
21.874 , 16437.91
21.876 , 16369.02
21.878 , 16300.02
21.88 , 16368.45
21.881 , 16162.29
21.883 , 16230.47
21.885 , 16367.6
21.887 , 16367.37
21.889 , 16229.56
21.891 , 16297.88
21.893 , 16228.76
21.895 , 16297.08
21.897 , 16227.96
21.899 , 16089.95
21.901 , 16226.82
21.903 , 16226.36
21.905 , 16432.26
21.906 , 16226.19
21.908 , 16363.29
21.91 , 16294.28
21.912 , 16293.96
21.914 , 16431.15
21.916 , 16431.06
21.918 , 16430.94
21.92 , 16224.49
21.922 , 16361.59
21.924 , 16086.25
21.926 , 16085.56
21.927 , 16222.83
21.929 , 16016.03
21.931 , 16015.23
21.933 , 16289.55
21.935 , 16289.2
21.937 , 16220.08
21.939 , 16219.62
21.941 , 16219.16
21.943 , 16149.92
21.945 , 16286.91
21.947 , 16286.56
21.948 , 16286.62
21.95 , 16423.83
21.952 , 16079.82
21.954 , 16079.13
21.956 , 16078.45
21.958 , 16215.31
21.96 , 16008.52
21.962 , 16214.05
21.964 , 16007.25
21.966 , 16212.79
21.967 , 16212.73
21.969 , 16005.93
21.971 , 15936.35
21.973 , 16004.21
21.975 , 16072.18
21.977 , 15865.16
21.979 , 16001.68
21.981 , 15863.32
21.983 , 15999.84
21.985 , 16205.38
21.987 , 15861.02
21.989 , 15997.55
21.991 , 16065.52
21.993 , 16064.83
21.994 , 15995.74
21.996 , 15857.38
21.998 , 16200.24
22.0 , 15993.44
22.002 , 16061.42
22.004 , 15923.17
22.006 , 15991.03
22.008 , 15852.66
22.01 , 16057.97
22.012 , 16263.61
22.013 , 15988.55
22.015 , 15781.41
22.017 , 15642.7
22.019 , 15847.66
22.021 , 15846.63
22.023 , 15776.81
22.025 , 15706.88
22.027 , 15843.18
22.029 , 15773.36
22.031 , 15772.22
22.032 , 15909.03
22.034 , 15632.99
22.036 , 15562.83
22.038 , 15698.9
22.04 , 15766.41
22.042 , 15902.82
22.044 , 15695.56
22.046 , 15694.3
22.048 , 15830.61
22.05 , 15760.78
22.052 , 15759.65
22.054 , 15827.28
22.055 , 15757.87
22.057 , 15619.16
22.059 , 15686.56
22.061 , 15822.85
22.063 , 15821.81
22.065 , 15820.78
22.067 , 15750.96
22.069 , 15887.37
22.071 , 15611.33
22.073 , 15609.95
22.075 , 15952.46
22.077 , 15951.66
22.078 , 15813.7
22.08 , 15743.88
22.082 , 16017.84
22.084 , 15742.03
22.086 , 15740.88
22.088 , 15877.29
22.09 , 15807.58
22.092 , 15806.55
22.094 , 15874.29
22.096 , 15598.25
22.098 , 15734.43
22.1 , 15939.61
22.101 , 15595.31
22.103 , 15731.49
22.105 , 15730.34
22.107 , 15797.96
22.109 , 15796.92
22.111 , 15727.11
22.113 , 15725.95
22.115 , 15793.58
22.117 , 15998.88
22.119 , 15998.18
22.121 , 15928.71
22.123 , 15859.12
22.125 , 15858.2
22.126 , 15720.12
22.128 , 15994.08
22.13 , 15787.05
22.132 , 15854.79
22.134 , 16060.2
22.144 , 16193.96
22.146 , 16193.6
22.147 , 15987.32
22.149 , 15917.84
22.151 , 16054.59
22.153 , 16122.79
22.155 , 15984.76
22.157 , 16052.84
22.159 , 16052.26
22.161 , 16051.68
22.163 , 16051.1
22.165 , 15981.73
22.166 , 16050.22
22.168 , 15980.86
22.17 , 16117.72
22.172 , 15979.69
22.174 , 16116.55
22.176 , 16047.3
22.178 , 15977.94
22.18 , 15977.25
22.182 , 16182.88
22.184 , 16182.53
22.186 , 15975.84
22.188 , 15975.14
22.189 , 16043.63
22.191 , 15905.49
22.193 , 16111.01
22.195 , 16041.76
22.197 , 16109.95
22.199 , 16178.26
22.201 , 15902.79
22.203 , 16039.54
22.205 , 16038.95
22.207 , 16175.93
22.208 , 16038.42
22.21 , 16037.84
22.212 , 16243.59
22.214 , 16037.01
22.216 , 16105.2
22.218 , 16035.95
22.22 , 16241.71
22.222 , 16241.46
22.224 , 16241.22
22.226 , 16172.2
22.227 , 16172.25
22.229 , 16171.89
22.231 , 16102.76
22.233 , 16308.63
22.235 , 16308.5
22.237 , 16170.81
22.239 , 16170.43
22.241 , 16101.32
22.243 , 15963.27
22.245 , 15825.01
22.247 , 16167.99
22.249 , 16167.64
22.25 , 16167.69
22.252 , 16029.75
22.254 , 16166.74
22.256 , 15960.03
22.258 , 16096.88
22.26 , 16096.41
22.262 , 16164.72
22.264 , 15958.02
22.266 , 15957.32
22.268 , 15819.06
22.269 , 16162.43
22.271 , 16162.08
22.273 , 16024.16
22.275 , 16023.57
22.277 , 16091.76
22.279 , 16160.07
22.281 , 16090.93
22.283 , 16090.46
22.285 , 16158.76
22.287 , 15952.07
22.288 , 16158.11
22.29 , 16157.75
22.292 , 15813.49
22.294 , 16087.68
22.296 , 16155.99
22.298 , 16018.07
22.3 , 16017.48
22.302 , 16016.89
22.304 , 16085.08
22.306 , 15947.05
22.308 , 15946.34
22.31 , 16014.42
22.312 , 15945.05
22.313 , 16151.1
22.315 , 15806.84
22.317 , 15943.47
22.319 , 16080.32
22.321 , 15942.29
22.323 , 15941.58
22.325 , 15940.88
22.327 , 15871.4
22.329 , 15870.58
22.331 , 15869.76
22.333 , 15937.72
22.334 , 15868.64
22.336 , 16074.16
22.338 , 15936.13
22.34 , 15797.87
22.342 , 15934.49
22.344 , 15933.79
22.346 , 15933.08
22.348 , 15794.82
22.35 , 15862.66
22.352 , 15861.84
22.354 , 15998.58
22.356 , 15997.99
22.357 , 15860.23
22.359 , 15859.41
22.361 , 15858.59
22.363 , 15926.55
22.365 , 15857.06
22.367 , 15993.82
22.369 , 15855.65
22.371 , 15992.39
22.373 , 15991.8
22.375 , 15853.65
22.377 , 15921.61
22.379 , 15989.68
22.38 , 15783.16
22.382 , 15919.78
22.384 , 15850.3
22.386 , 15918.25
22.388 , 15848.77
22.39 , 16054.29
22.392 , 15778.69
22.394 , 15915.32
22.396 , 15983.39
22.398 , 15845.24
22.4 , 15913.21
22.402 , 15706.15
22.403 , 15774.29
22.405 , 15773.35
22.407 , 15910.0
22.409 , 15702.93
22.411 , 15770.66
22.413 , 15769.72
22.415 , 15837.58
22.417 , 15905.54
22.419 , 15904.83
22.421 , 15835.35
22.423 , 15765.74
22.425 , 15833.59
22.426 , 15901.95
22.428 , 15970.02
22.43 , 15900.65
22.432 , 15762.38
22.434 , 16036.56
22.436 , 16036.08
22.438 , 15760.49
22.44 , 15965.89
22.442 , 15758.96
22.444 , 15689.24
22.446 , 16032.08
22.448 , 15962.82
22.45 , 15893.45
22.452 , 15961.52
22.454 , 15960.92
22.455 , 15891.96
22.457 , 15891.25
22.459 , 15959.32
22.461 , 15958.72
22.463 , 15958.13
22.465 , 16026.31
22.467 , 15888.27
22.469 , 15887.56
22.471 , 15886.85
22.473 , 16092.48
22.475 , 16023.33
22.484 , 15951.18
22.486 , 15813.03
22.488 , 15949.76
22.49 , 15811.61
22.492 , 15810.78
22.494 , 16085.07
22.496 , 16222.26
22.498 , 16153.35
22.5 , 16015.53
22.501 , 15946.68
22.503 , 16083.64
22.505 , 16014.5
22.507 , 16151.57
22.509 , 16151.32
22.511 , 16013.51
22.513 , 15806.69
22.515 , 16012.2
22.517 , 16149.29
22.519 , 16080.26
22.52 , 16080.3
22.522 , 16011.13
22.524 , 16010.67
22.526 , 16078.97
22.528 , 16078.6
22.53 , 16078.23
22.532 , 16146.64
22.534 , 15871.27
22.536 , 16145.67
22.538 , 15939.08
22.54 , 15938.48
22.541 , 16007.08
22.543 , 15937.81
22.545 , 16074.77
22.547 , 16074.4
22.549 , 16142.81
22.551 , 16073.77
22.553 , 15935.85
22.555 , 15935.25
22.557 , 15934.65
22.559 , 16140.38
22.561 , 15865.01
22.562 , 15864.71
22.564 , 15932.78
22.566 , 15932.18
22.568 , 15931.58
22.57 , 15793.42
22.572 , 15792.59
22.574 , 16066.88
22.576 , 15928.95
22.578 , 15859.57
22.58 , 15790.08
22.582 , 15926.8
22.584 , 15788.64
22.586 , 15856.59
22.588 , 15855.88
22.589 , 15649.24
22.591 , 15854.52
22.593 , 15853.8
22.595 , 15715.53
22.597 , 15852.14
22.599 , 15645.07
22.601 , 15850.37
22.603 , 15643.29
22.605 , 15504.68
22.607 , 15640.94
22.609 , 15639.89
22.611 , 15845.19
22.612 , 15776.08
22.614 , 15706.47
22.616 , 15774.31
22.618 , 15704.7
22.62 , 15634.97
22.622 , 15702.69
22.624 , 15839.3
22.626 , 15494.69
22.628 , 15837.3
22.63 , 15699.02
22.632 , 15491.74
22.634 , 15628.01
22.635 , 15696.14
22.637 , 15626.42
22.639 , 15694.13
22.641 , 15624.41
22.643 , 15623.35
22.645 , 15691.07
22.647 , 15621.34
22.649 , 15482.72
22.651 , 15687.77
22.653 , 15618.04
22.655 , 15754.54
22.656 , 15754.12
22.658 , 15822.07
22.66 , 15615.01
22.662 , 15751.51
22.664 , 15750.68
22.666 , 15681.06
22.668 , 15680.12
22.67 , 15816.73
22.672 , 15816.01
22.674 , 15471.39
22.675 , 15539.3
22.677 , 15538.12
22.679 , 15812.06
22.681 , 15673.78
22.683 , 15672.83
22.685 , 15603.11
22.687 , 15670.82
22.689 , 15738.65
22.691 , 15944.16
22.693 , 15599.77
22.695 , 15598.71
22.697 , 15597.64
22.699 , 15596.58
22.701 , 15733.08
22.703 , 15594.68
22.704 , 15869.15
22.706 , 15868.55
22.708 , 16005.5
22.71 , 15867.56
22.712 , 15798.18
22.714 , 15797.46
22.716 , 15796.74
22.718 , 15933.57
22.72 , 16001.86
22.722 , 15795.14
22.724 , 15725.62
22.726 , 15793.56
22.727 , 15793.28
22.729 , 15723.76
22.731 , 15860.51
22.733 , 15859.9
22.735 , 15790.49
22.737 , 15858.57
22.739 , 15789.16
22.741 , 15788.44
22.743 , 15856.49
22.745 , 15649.55
22.747 , 15923.74
22.749 , 15785.66
22.75 , 15854.14
22.753 , 15784.33
22.754 , 15990.37
22.756 , 15989.99
22.758 , 16058.39
22.76 , 15989.36
22.762 , 15920.21
22.764 , 15713.35
22.766 , 15850.07
22.768 , 15711.91
22.77 , 15848.63
22.772 , 15779.24
22.774 , 15778.51
22.776 , 16052.93
22.777 , 15915.53
22.779 , 15915.03
22.781 , 15708.2
22.783 , 15913.7
22.785 , 15844.42
22.787 , 15706.26
22.789 , 15636.64
22.791 , 15842.02
22.793 , 15841.41
22.795 , 15772.02
22.797 , 15771.3
22.799 , 15976.91
22.801 , 15838.97
22.802 , 15838.78
22.804 , 15838.17
22.806 , 15700.0
22.808 , 15836.72
22.81 , 15698.55
22.812 , 15972.83
22.814 , 15766.11
22.816 , 15627.83
22.818 , 15764.43
22.827 , 15967.1
22.829 , 15691.6
22.831 , 15690.76
22.833 , 15758.7
22.835 , 15757.98
22.837 , 15826.03
22.839 , 15756.64
22.841 , 15618.33
22.843 , 15823.74
22.845 , 15616.76
22.847 , 15615.81
22.848 , 15615.27
22.85 , 15889.46
22.852 , 15888.94
22.854 , 15888.46
22.856 , 15612.82
22.858 , 15680.65
22.86 , 15542.25
22.862 , 15678.73
22.864 , 15540.33
22.866 , 15539.26
22.868 , 15675.75
22.87 , 15674.91
22.871 , 15605.71
22.873 , 15811.09
22.875 , 15604.14
22.877 , 15740.74
22.879 , 15740.01
22.881 , 15739.28
22.883 , 15601.0
22.885 , 15531.26
22.887 , 15667.75
22.889 , 15804.46
22.891 , 15666.29
22.893 , 15665.45
22.895 , 15664.6
22.896 , 15870.54
22.898 , 15594.9
22.9 , 15800.3
22.902 , 15799.67
22.904 , 15799.05
22.906 , 15798.44
22.908 , 15729.04
22.91 , 15797.09
22.912 , 15796.5
22.914 , 15658.33
22.916 , 15795.04
22.917 , 15794.85
22.919 , 15656.67
22.921 , 15999.73
22.923 , 15655.56
22.925 , 15929.83
22.927 , 15791.88
22.929 , 15653.71
22.931 , 15859.2
22.933 , 15721.14
22.935 , 15995.53
22.937 , 15926.48
22.939 , 15788.53
22.941 , 15787.92
22.942 , 15718.94
22.945 , 15717.79
22.947 , 15717.06
22.948 , 15854.31
22.95 , 15853.8
22.952 , 15784.52
22.954 , 15852.68
22.956 , 15645.85
22.958 , 15851.34
22.96 , 15850.83
22.962 , 15781.55
22.964 , 15918.49
22.966 , 16055.66
22.968 , 15986.72
22.97 , 15848.89
22.971 , 16055.15
22.973 , 16123.77
22.975 , 15848.61
22.977 , 15985.66
22.979 , 15847.83
22.981 , 15984.88
22.983 , 15984.61
22.985 , 15915.55
22.987 , 15915.16
22.989 , 16052.33
22.991 , 16052.17
22.993 , 15914.45
22.994 , 15776.93
22.996 , 15913.87
22.998 , 15844.7
23.0 , 15844.19
23.002 , 16050.03
23.004 , 15912.28
23.006 , 15843.11
23.008 , 15980.19
23.01 , 16048.69
23.012 , 16048.53
23.014 , 16185.93
23.016 , 15910.85
23.017 , 15842.11
23.019 , 15979.16
23.021 , 15910.11
23.023 , 15909.71
23.025 , 15771.77
23.027 , 15977.51
23.029 , 15908.43
23.031 , 15839.28
23.033 , 15907.53
23.034 , 15701.22
23.036 , 15838.07
23.038 , 15562.45
23.04 , 15767.82
23.042 , 15698.42
23.044 , 15835.24
23.046 , 15834.74
23.048 , 15696.65
23.05 , 15627.16
23.052 , 15626.31
23.053 , 15763.44
23.055 , 15625.26
23.057 , 15830.75
23.059 , 15692.68
23.061 , 15623.17
23.063 , 15759.88
23.065 , 15621.69
23.067 , 15552.06
23.069 , 15757.44
23.071 , 15619.26
23.073 , 15824.74
23.075 , 15617.9
23.077 , 15754.6
23.079 , 15685.2
23.081 , 15546.91
23.082 , 15546.37
23.084 , 15682.96
23.086 , 15682.22
23.088 , 15819.04
23.09 , 15680.97
23.092 , 15611.46
23.094 , 15816.94
23.096 , 15610.1
23.098 , 15609.25
23.1 , 15677.17
23.102 , 15676.43
23.103 , 15538.56
23.105 , 15675.16
23.107 , 15536.86
23.109 , 15604.67
23.111 , 15672.6
23.113 , 15671.86
23.115 , 15602.34
23.117 , 15739.04
23.119 , 15532.08
23.121 , 15599.89
23.122 , 15599.47
23.124 , 15598.61
23.126 , 15597.76
23.128 , 15734.47
23.13 , 15733.84
23.132 , 15526.88
23.134 , 15594.69
23.136 , 15456.28
23.138 , 15592.75
23.14 , 15660.68
23.142 , 15591.16
23.144 , 15521.53
23.146 , 15520.56
23.148 , 15382.03
23.15 , 15449.61
23.151 , 15448.96
23.153 , 15585.43
23.155 , 15584.57
23.157 , 15514.94
23.159 , 15582.75
23.169 , 15578.5
23.17 , 15715.63
23.172 , 15852.56
23.174 , 15783.38
23.176 , 15576.53
23.178 , 15713.23
23.18 , 15918.94
23.182 , 15987.44
23.184 , 15780.93
23.186 , 15917.98
23.188 , 15711.35
23.19 , 15779.51
23.191 , 15779.42
23.193 , 15985.24
23.195 , 15709.96
23.197 , 15778.11
23.199 , 15708.82
23.201 , 15845.75
23.203 , 15639.01
23.205 , 15982.16
23.207 , 15844.43
23.209 , 15637.7
23.211 , 15843.29
23.213 , 15980.45
23.215 , 16117.84
23.217 , 16117.9
23.218 , 15843.27
23.22 , 15980.42
23.222 , 15980.25
23.224 , 15773.74
23.226 , 15910.79
23.228 , 15979.28
23.23 , 15841.55
23.232 , 15841.15
23.234 , 16047.09
23.236 , 15771.91
23.237 , 15978.17
23.239 , 15909.21
23.241 , 15771.37
23.243 , 15702.05
23.245 , 15770.22
23.247 , 15700.91
23.249 , 15700.28
23.251 , 15837.23
23.253 , 15905.58
23.255 , 15767.74
23.256 , 15698.89
23.258 , 15973.38
23.26 , 15629.29
23.262 , 15903.66
23.264 , 15765.81
23.266 , 15765.3
23.268 , 15764.78
23.27 , 15626.7
23.272 , 15557.18
23.274 , 15625.1
23.276 , 15761.91
23.278 , 15555.06
23.28 , 15622.97
23.282 , 15415.89
23.284 , 15414.8
23.285 , 15551.7
23.287 , 15688.4
23.289 , 15550.21
23.291 , 15411.79
23.293 , 15479.48
23.295 , 15478.5
23.297 , 15546.3
23.299 , 15476.67
23.301 , 15475.69
23.303 , 15543.49
23.305 , 15611.41
23.306 , 15335.98
23.308 , 15472.33
23.31 , 15265.02
23.312 , 15470.03
23.314 , 15262.72
23.316 , 15398.96
23.318 , 15260.31
23.32 , 15465.33
23.322 , 15258.01
23.324 , 15394.25
23.325 , 15256.03
23.327 , 15392.27
23.329 , 15322.4
23.331 , 15321.19
23.333 , 15251.21
23.335 , 15318.67
23.337 , 15317.46
23.339 , 15316.25
23.341 , 15315.04
23.343 , 15313.84
23.345 , 15175.07
23.347 , 15311.19
23.348 , 15447.98
23.35 , 15103.1
23.352 , 15239.11
23.354 , 15375.35
23.356 , 15305.48
23.358 , 15441.83
23.36 , 15303.29
23.362 , 15233.28
23.364 , 15300.76
23.366 , 15368.31
23.367 , 15230.09
23.369 , 15228.77
23.371 , 15089.89
23.373 , 15363.45
23.375 , 15362.36
23.377 , 15361.26
23.379 , 15291.39
23.381 , 15290.18
23.383 , 15288.97
23.385 , 15287.76
23.387 , 15217.78
23.389 , 15422.79
23.39 , 15284.68
23.393 , 15283.04
23.395 , 15281.83
23.396 , 15556.17
23.398 , 15280.3
23.4 , 15141.54
23.402 , 15140.1
23.404 , 15413.78
23.406 , 15412.79
23.408 , 15136.7
23.41 , 15479.15
23.412 , 15271.95
23.414 , 15339.52
23.416 , 15063.31
23.417 , 15062.19
23.419 , 15266.97
23.421 , 15403.34
23.423 , 15264.78
23.425 , 15263.57
23.427 , 15468.72
23.429 , 15330.29
23.431 , 15466.75
23.433 , 15397.11
23.435 , 15327.35
23.436 , 15464.24
23.438 , 15257.04
23.44 , 15462.16
23.442 , 15323.74
23.444 , 15253.86
23.446 , 15390.21
23.448 , 15182.89
23.45 , 15456.68
23.452 , 15455.81
23.454 , 15454.94
23.456 , 15454.07
23.458 , 15453.2
23.46 , 15452.33
23.462 , 15245.13
23.463 , 15106.79
23.465 , 15242.91
23.467 , 15241.7
23.469 , 15446.82
23.471 , 15239.61
23.473 , 15375.96
23.475 , 15443.75
23.477 , 15236.55
23.479 , 15372.89
23.481 , 15440.68
23.483 , 15095.92
23.485 , 15232.04
23.486 , 15368.82
23.488 , 15505.39
23.49 , 15298.3
23.492 , 15365.98
23.494 , 15433.77
23.496 , 15364.12
23.498 , 15363.14
23.5 , 15224.59
23.509 , 15495.45
23.511 , 15288.35
23.513 , 15356.03
23.515 , 15286.27
23.517 , 15491.5
23.519 , 15353.19
23.521 , 15558.54
23.523 , 15420.34
23.525 , 15075.57
23.527 , 15624.36
23.529 , 15348.71
23.53 , 15416.94
23.532 , 15278.51
23.534 , 15552.53
23.536 , 15483.13
23.538 , 15344.79
23.54 , 15412.58
23.542 , 15342.93
23.544 , 15204.38
23.546 , 15478.31
23.548 , 15408.75
23.549 , 15408.33
23.551 , 15269.9
23.553 , 15268.8
23.555 , 15198.92
23.557 , 15128.92
23.559 , 15265.15
23.561 , 15332.82
23.563 , 15400.62
23.565 , 15399.74
23.567 , 15123.75
23.569 , 15122.42
23.571 , 15052.31
23.572 , 15395.2
23.574 , 15256.76
23.576 , 15324.44
23.578 , 15323.45
23.58 , 15253.68
23.582 , 15390.14
23.584 , 15458.04
23.586 , 15388.5
23.588 , 15456.41
23.59 , 15524.43
23.592 , 15179.88
23.594 , 15453.78
23.596 , 15246.68
23.598 , 15245.58
23.599 , 15244.89
23.601 , 15381.34
23.603 , 15242.91
23.605 , 15035.47
23.607 , 15171.58
23.609 , 15445.5
23.611 , 15238.38
23.613 , 15374.83
23.615 , 15305.17
23.617 , 15372.96
23.619 , 15303.31
23.62 , 15302.75
23.622 , 15508.1
23.624 , 15507.45
23.626 , 15369.25
23.628 , 15299.59
23.63 , 15367.38
23.632 , 15297.72
23.634 , 15434.29
23.636 , 15364.75
23.638 , 15501.43
23.64 , 15363.22
23.641 , 15362.78
23.643 , 15224.35
23.645 , 15429.58
23.647 , 15360.04
23.649 , 15359.16
23.651 , 15289.5
23.653 , 15426.07
23.655 , 15425.3
23.657 , 15355.76
23.659 , 15217.33
23.661 , 15147.44
23.663 , 15215.0
23.665 , 15420.23
23.666 , 15282.34
23.668 , 15212.57
23.67 , 15211.46
23.672 , 15279.13
23.674 , 15415.7
23.676 , 15208.6
23.678 , 15345.05
23.68 , 15344.17
23.682 , 15205.73
23.684 , 15273.4
23.685 , 15204.07
23.687 , 15202.96
23.689 , 15133.07
23.691 , 14925.51
23.693 , 15336.62
23.695 , 15060.63
23.697 , 15128.07
23.699 , 15126.84
23.701 , 15056.84
23.703 , 15193.06
23.705 , 15123.17
23.707 , 15190.73
23.708 , 14983.72
23.71 , 15188.61
23.712 , 15118.72
23.714 , 15117.49
23.716 , 15185.05
23.718 , 15183.94
23.72 , 15114.05
23.722 , 15112.83
23.724 , 15111.58
23.726 , 15110.35
23.728 , 15177.91
23.73 , 14901.68
23.731 , 15175.67
23.733 , 15105.78
23.735 , 15104.55
23.737 , 14965.77
23.739 , 15308.21
23.741 , 15169.77
23.743 , 15168.66
23.745 , 15511.47
23.747 , 15510.93
23.749 , 15304.03
23.75 , 15166.03
23.752 , 15371.25
23.754 , 15370.49
23.756 , 15369.72
23.758 , 15437.73
23.76 , 15299.52
23.762 , 15367.41
23.764 , 15504.2
23.766 , 15297.32
23.768 , 15365.22
23.77 , 15502.01
23.772 , 15363.91
23.773 , 15294.8
23.775 , 15500.26
23.777 , 15430.94
23.779 , 15430.28
23.781 , 15429.63
23.783 , 15360.19
23.785 , 15359.42
23.787 , 15358.65
23.789 , 15357.88
23.791 , 15494.7
23.793 , 15494.16
23.795 , 15356.05
23.797 , 15630.4
23.799 , 15354.97
23.8 , 15354.64
23.802 , 15422.65
23.804 , 15284.44
23.806 , 15352.33
23.808 , 15282.78
23.81 , 15350.68
23.812 , 15418.68
23.814 , 15418.03
23.816 , 15348.59
23.818 , 15485.38
23.82 , 15209.72
23.822 , 15277.5
23.823 , 15208.28
23.825 , 15138.5
23.827 , 15412.5
23.829 , 15205.5
23.831 , 15342.06
23.833 , 15203.73
23.835 , 15340.29
23.837 , 15201.96
23.839 , 15200.96
23.841 , 15131.18
23.843 , 15336.4
23.852 , 15126.18
23.854 , 15331.4
23.856 , 15330.63
23.858 , 15192.28
23.86 , 15191.27
23.862 , 15396.63
23.864 , 15258.39
23.866 , 15326.31
23.868 , 15119.17
23.869 , 15187.28
23.871 , 15255.05
23.873 , 15254.17
23.875 , 15322.05
23.877 , 15183.72
23.879 , 15113.94
23.881 , 15250.38
23.883 , 15318.27
23.885 , 15317.5
23.887 , 15316.72
23.888 , 15316.39
23.89 , 15246.84
23.892 , 15314.73
23.894 , 15245.17
23.896 , 15450.62
23.898 , 15381.3
23.9 , 15380.64
23.902 , 15311.2
23.904 , 15310.42
23.906 , 15378.42
23.908 , 15377.76
23.91 , 15308.32
23.912 , 15307.55
23.913 , 15444.8
23.915 , 15375.47
23.917 , 15443.59
23.919 , 15305.48
23.921 , 15442.26
23.923 , 15304.16
23.925 , 15372.16
23.927 , 15371.5
23.929 , 15233.28
23.931 , 15301.17
23.933 , 15231.61
23.934 , 15437.5
23.936 , 15368.17
23.938 , 15367.51
23.94 , 15366.85
23.942 , 15503.75
23.944 , 15434.53
23.946 , 15433.98
23.948 , 15364.66
23.95 , 15501.55
23.952 , 15432.34
23.953 , 15501.01
23.955 , 15431.8
23.957 , 15293.69
23.959 , 15361.69
23.961 , 15292.25
23.963 , 15429.03
23.965 , 15359.7
23.967 , 15634.15
23.969 , 15290.05
23.971 , 15495.61
23.973 , 15357.62
23.975 , 15494.51
23.977 , 15356.52
23.979 , 15355.85
23.981 , 15355.19
23.982 , 15354.97
23.984 , 15285.53
23.986 , 15422.31
23.988 , 15352.98
23.99 , 15283.53
23.992 , 15695.43
23.994 , 15282.66
23.996 , 15350.66
23.998 , 15281.21
24.0 , 15211.63
24.002 , 15210.74
24.004 , 15141.06
24.005 , 15346.84
24.007 , 15208.62
24.009 , 15138.94
24.011 , 15206.71
24.013 , 15343.37
24.015 , 15205.15
24.017 , 15341.81
24.019 , 15341.15
24.021 , 15202.92
24.022 , 15340.03
24.024 , 15201.81
24.026 , 15269.69
24.028 , 15268.91
24.03 , 15268.13
24.032 , 15267.34
24.034 , 15060.22
24.036 , 15059.1
24.038 , 15264.31
24.04 , 15194.75
24.042 , 15125.08
24.044 , 15055.29
24.045 , 15123.39
24.047 , 15122.38
24.049 , 15190.17
24.051 , 15051.69
24.053 , 14981.78
24.055 , 15118.12
24.057 , 15117.11
24.059 , 15184.88
24.061 , 15046.4
24.062 , 15114.53
24.064 , 15182.29
24.066 , 14906.28
24.068 , 15111.26
24.07 , 15041.47
24.072 , 14971.56
24.074 , 15107.88
24.076 , 15175.65
24.078 , 15037.19
24.08 , 15242.4
24.082 , 14897.72
24.083 , 15240.71
24.085 , 15033.59
24.087 , 15170.02
24.089 , 15031.56
24.091 , 15167.99
24.093 , 15029.53
24.095 , 15165.96
24.097 , 15165.06
24.099 , 15164.17
24.101 , 14956.93
24.103 , 15162.02
24.104 , 14955.24
24.106 , 15160.33
24.108 , 15159.43
24.11 , 15227.31
24.112 , 15020.19
24.114 , 15156.62
24.116 , 15086.94
24.118 , 15017.14
24.12 , 15222.35
24.121 , 15153.24
24.123 , 15083.56
24.125 , 15082.54
24.127 , 15081.53
24.129 , 14942.95
24.131 , 14941.71
24.133 , 14940.46
24.135 , 15076.78
24.137 , 15075.76
24.139 , 15074.75
24.141 , 15004.95
24.142 , 15141.83
24.144 , 15072.15
24.146 , 15071.14
24.148 , 15001.34
24.15 , 15068.99
24.152 , 14999.19
24.154 , 15066.84
24.156 , 15203.38
24.158 , 14996.26
24.16 , 15132.69
24.162 , 14994.22
24.164 , 15061.9
24.166 , 14923.3
24.168 , 14922.05
24.169 , 15058.84
24.171 , 14989.04
24.173 , 14987.91
24.175 , 15124.34
24.177 , 15054.65
24.179 , 15053.64
24.181 , 14915.06
24.183 , 14913.81
24.192 , 15046.96
24.194 , 15045.94
24.196 , 15113.7
24.198 , 15319.14
24.2 , 15043.46
24.202 , 15180.0
24.204 , 15454.32
24.206 , 15247.66
24.207 , 15247.43
24.209 , 15177.98
24.211 , 15314.75
24.213 , 15245.41
24.215 , 15451.07
24.217 , 15381.95
24.219 , 15243.95
24.221 , 14899.35
24.223 , 15035.66
24.225 , 15103.42
24.227 , 15171.3
24.229 , 15170.5
24.23 , 15170.17
24.232 , 15031.82
24.234 , 15099.58
24.236 , 15098.67
24.238 , 15166.54
24.24 , 15096.97
24.242 , 15096.07
24.244 , 15026.38
24.246 , 15162.92
24.248 , 15093.35
24.25 , 15023.66
24.251 , 15023.09
24.253 , 14884.51
24.255 , 14952.04
24.257 , 15157.24
24.259 , 15225.23
24.261 , 15224.55
24.263 , 15017.54
24.265 , 15085.29
24.267 , 15084.39
24.269 , 15014.7
24.27 , 15151.69
24.272 , 15082.12
24.274 , 15218.77
24.276 , 15080.53
24.278 , 15010.84
24.28 , 15147.38
24.282 , 15146.58
24.284 , 15145.79
24.286 , 15213.78
24.288 , 15213.09
24.29 , 15212.42
24.292 , 15005.4
24.294 , 15073.15
24.295 , 15141.48
24.297 , 15140.68
24.299 , 15277.45
24.301 , 15070.54
24.303 , 15207.19
24.305 , 15137.73
24.307 , 15136.94
24.309 , 15136.14
24.311 , 15135.35
24.312 , 15066.23
24.314 , 15065.32
24.316 , 15201.97
24.318 , 15201.29
24.32 , 15269.38
24.322 , 15062.48
24.324 , 15267.91
24.326 , 15404.9
24.328 , 15198.22
24.33 , 15128.76
24.332 , 15265.52
24.333 , 15265.41
24.335 , 15402.4
24.337 , 15195.73
24.339 , 15263.82
24.341 , 15332.03
24.343 , 15262.8
24.345 , 15193.45
24.347 , 15261.55
24.349 , 15260.98
24.351 , 15122.86
24.353 , 15328.39
24.355 , 15327.94
24.357 , 15258.71
24.358 , 15327.38
24.36 , 15189.36
24.362 , 15257.46
24.364 , 15325.67
24.366 , 15118.88
24.368 , 15186.83
24.37 , 15254.93
24.372 , 15254.36
24.374 , 15322.59
24.376 , 15184.56
24.377 , 15321.91
24.379 , 15115.09
24.381 , 15251.85
24.383 , 15044.95
24.385 , 15181.59
24.387 , 15043.35
24.389 , 15455.11
24.391 , 15248.54
24.393 , 15247.97
24.395 , 15247.4
24.396 , 14903.39
24.398 , 15383.73
24.4 , 15245.8
24.402 , 15107.68
24.404 , 15244.46
24.406 , 15106.3
24.408 , 15105.5
24.41 , 15173.51
24.412 , 15241.6
24.414 , 15447.36
24.416 , 15240.8
24.418 , 15377.79
24.419 , 15377.9
24.421 , 15377.56
24.423 , 15377.21
24.425 , 15308.09
24.427 , 15307.63
24.429 , 15307.18
24.431 , 15444.28
24.433 , 15375.27
24.435 , 15306.15
24.437 , 15168.13
24.438 , 15305.46
24.44 , 15373.78
24.442 , 15373.44
24.444 , 15304.31
24.446 , 15303.85
24.448 , 15509.73
24.45 , 15234.5
24.452 , 15302.71
24.454 , 15439.81
24.456 , 15370.8
24.458 , 15232.89
24.459 , 15026.44
24.461 , 15094.3
24.463 , 15231.06
24.465 , 15092.93
24.467 , 15229.68
24.469 , 15091.55
24.471 , 15021.97
24.473 , 15296.16
24.475 , 15158.15
24.477 , 15226.24
24.479 , 15225.66
24.481 , 15156.31
24.483 , 15224.4
24.485 , 15155.04
24.486 , 15086.03
24.488 , 15154.01
24.49 , 15084.54
24.492 , 15083.74
24.494 , 15289.27
24.496 , 15151.25
24.498 , 15219.34
24.5 , 15218.76
24.502 , 15286.96
24.504 , 15011.39
24.506 , 15285.58
24.508 , 15216.35
24.509 , 15078.67
24.511 , 15215.42
24.513 , 15077.29
24.515 , 15076.48
24.517 , 15144.46
24.519 , 15006.21
24.521 , 15211.65
24.523 , 15004.71
24.532 , 15206.93
24.534 , 14999.99
24.536 , 15067.87
24.538 , 14998.29
24.54 , 14997.36
24.542 , 15134.0
24.544 , 15202.09
24.546 , 14857.61
24.548 , 14994.02
24.55 , 15130.66
24.552 , 15267.52
24.553 , 14992.4
24.555 , 14991.48
24.557 , 14990.56
24.559 , 14989.64
24.561 , 15057.5
24.563 , 14987.91
24.565 , 14918.21
24.567 , 15054.73
24.569 , 15053.92
24.571 , 15121.89
24.573 , 15052.42
24.575 , 15051.61
24.576 , 14982.48
24.578 , 15119.12
24.58 , 15118.42
24.582 , 15186.51
24.584 , 15048.37
24.586 , 15047.56
24.588 , 15046.75
24.59 , 14977.17
24.592 , 15182.58
24.594 , 14975.66
24.596 , 15043.52
24.597 , 15180.73
24.599 , 15111.37
24.601 , 15110.67
24.603 , 15109.98
24.605 , 14902.92
24.607 , 14970.68
24.609 , 14969.76
24.611 , 14831.25
24.613 , 14692.54
24.615 , 14622.38
24.617 , 14964.78
24.619 , 14757.51
24.62 , 14756.71
24.622 , 14824.22
24.624 , 14823.07
24.626 , 14890.69
24.628 , 14889.65
24.63 , 14751.05
24.632 , 14818.56
24.634 , 14748.63
24.636 , 14816.14
24.638 , 14746.21
24.64 , 14951.27
24.642 , 14950.34
24.643 , 14743.54
24.645 , 14742.28
24.647 , 14603.45
24.649 , 14739.51
24.651 , 14875.8
24.653 , 14737.2
24.655 , 15011.04
24.657 , 14735.11
24.659 , 14665.06
24.661 , 14870.01
24.663 , 14800.2
24.665 , 14730.26
24.666 , 14729.45
24.668 , 14728.18
24.67 , 14726.91
24.672 , 14725.64
24.674 , 14861.93
24.676 , 14929.66
24.678 , 14791.18
24.68 , 14790.02
24.682 , 14720.08
24.684 , 14718.81
24.686 , 14855.1
24.688 , 14922.83
24.69 , 14784.35
24.691 , 14714.88
24.693 , 14644.82
24.695 , 14780.99
24.697 , 14711.06
24.699 , 14641.01
24.701 , 15052.29
24.703 , 14776.48
24.705 , 14912.88
24.707 , 14980.73
24.709 , 14773.57
24.711 , 14703.64
24.713 , 14839.92
24.714 , 14839.34
24.716 , 14975.86
24.718 , 15112.6
24.72 , 15043.23
24.722 , 15111.31
24.724 , 15041.94
24.726 , 15110.02
24.728 , 15109.43
24.73 , 15108.85
24.732 , 15177.04
24.734 , 15176.56
24.735 , 15176.55
24.738 , 15106.84
24.739 , 15175.5
24.741 , 15106.24
24.743 , 15036.85
24.745 , 15173.73
24.747 , 15035.68
24.749 , 14966.19
24.751 , 15034.16
24.753 , 15171.01
24.755 , 14964.2
24.757 , 15100.94
24.759 , 15100.35
24.76 , 15100.23
24.762 , 15168.42
24.764 , 15030.38
24.766 , 15029.68
24.768 , 15235.31
24.77 , 15028.62
24.772 , 15027.91
24.774 , 15164.79
24.776 , 15026.73
24.778 , 15163.61
24.78 , 15231.91
24.781 , 15163.24
24.783 , 15093.98
24.785 , 15162.17
24.787 , 15161.7
24.789 , 15161.22
24.791 , 15160.75
24.793 , 15091.49
24.795 , 15090.9
24.797 , 15090.31
24.799 , 15089.72
24.801 , 14882.79
24.803 , 14881.85
24.805 , 15087.26
24.806 , 14949.58
24.808 , 15155.09
24.81 , 15154.62
24.812 , 15222.92
24.814 , 15085.0
24.816 , 15153.18
24.818 , 15083.93
24.82 , 15014.56
24.822 , 14945.07
24.824 , 14806.69
24.826 , 14943.2
24.828 , 14942.38
24.83 , 14941.56
24.832 , 15147.07
24.833 , 15147.06
24.835 , 15077.8
24.837 , 15077.21
24.839 , 14939.06
24.841 , 14938.24
24.843 , 15143.75
24.845 , 14868.16
24.847 , 14936.0
24.849 , 14935.18
24.851 , 14865.58
24.853 , 14933.42
24.854 , 14864.29
24.856 , 14932.13
24.858 , 14931.31
24.86 , 15136.82
24.862 , 14930.0
24.864 , 14929.18
24.866 , 14997.14
24.876 , 14923.87
24.878 , 14991.83
24.879 , 14991.59
24.881 , 14922.1
24.883 , 14990.05
24.885 , 14989.34
24.887 , 14919.85
24.889 , 14919.03
24.891 , 15055.76
24.893 , 15123.95
24.895 , 15123.46
24.897 , 15122.98
24.899 , 15122.5
24.901 , 15122.02
24.903 , 14983.98
24.904 , 14914.96
24.906 , 14914.13
24.908 , 15050.89
24.91 , 15119.07
24.912 , 14981.01
24.914 , 15117.88
24.916 , 15117.39
24.918 , 15116.91
24.92 , 14910.09
24.922 , 14771.69
24.924 , 14908.19
24.926 , 14907.39
24.927 , 15044.59
24.929 , 14837.65
24.931 , 14905.49
24.933 , 14904.66
24.935 , 14903.84
24.937 , 14971.79
24.939 , 14971.08
24.941 , 14901.58
24.943 , 14900.76
24.945 , 14968.71
24.947 , 15036.78
24.949 , 14898.62
24.951 , 14897.79
24.953 , 14759.41
24.955 , 15033.46
24.957 , 15032.86
24.958 , 14963.96
24.96 , 15032.02
24.962 , 14825.09
24.964 , 14961.7
24.966 , 14823.43
24.968 , 14822.49
24.97 , 14821.54
24.972 , 14820.6
24.974 , 14819.66
24.976 , 14887.49
24.978 , 14886.66
24.98 , 14885.84
24.982 , 14953.79
24.983 , 14884.76
24.985 , 14883.93
24.987 , 14883.1
24.989 , 14675.92
24.991 , 14743.52
24.993 , 14742.46
24.995 , 14741.4
24.997 , 14809.12
24.999 , 14601.84
25.001 , 14600.55
25.003 , 14668.04
25.005 , 14804.43
25.006 , 14597.62
25.008 , 14665.11
25.01 , 14732.71
25.012 , 14662.88
25.014 , 14592.92
25.016 , 14591.63
25.018 , 14727.9
25.02 , 14658.06
25.022 , 14588.11
25.024 , 14655.6
25.026 , 14723.21
25.027 , 14791.4
25.029 , 14859.23
25.031 , 14858.4
25.033 , 14720.01
25.035 , 14787.72
25.037 , 14786.78
25.039 , 14648.27
25.041 , 14784.66
25.043 , 14783.73
25.045 , 14851.56
25.046 , 14782.43
25.048 , 14781.48
25.05 , 14711.75
25.052 , 14710.69
25.054 , 14709.63
25.056 , 14639.79
25.058 , 14707.39
25.06 , 14706.33
25.062 , 14774.04
25.064 , 14773.1
25.066 , 14703.37
25.068 , 14771.09
25.07 , 14563.8
25.072 , 14768.84
25.073 , 14974.71
25.075 , 14630.21
25.077 , 14560.25
25.079 , 14558.96
25.081 , 14764.0
25.083 , 14694.28
25.085 , 14830.77
25.087 , 14761.16
25.089 , 14622.65
25.091 , 14759.03
25.093 , 14964.42
25.095 , 14688.7
25.096 , 14825.66
25.098 , 15031.17
25.1 , 14824.33
25.102 , 14754.72
25.104 , 15028.89
25.106 , 15028.39
25.108 , 14959.13
25.11 , 14889.74
25.112 , 14889.02
25.114 , 14819.52
25.115 , 15025.49
25.117 , 14887.44
25.119 , 15024.28
25.121 , 14955.0
25.123 , 14885.62
25.125 , 14884.9
25.127 , 15021.73
25.129 , 15021.24
25.131 , 14883.19
25.133 , 14813.68
25.135 , 15019.21
25.137 , 14949.91
25.139 , 15086.88
25.14 , 14949.4
25.142 , 15086.37
25.144 , 14948.43
25.146 , 14947.82
25.148 , 15015.99
25.15 , 14946.72
25.152 , 15014.89
25.154 , 15014.4
25.156 , 15151.46
25.158 , 14876.08
25.159 , 14807.05
25.161 , 15012.55
25.163 , 15012.05
25.165 , 14942.78
25.167 , 15010.95
25.169 , 15010.45
25.171 , 14941.18
25.173 , 15078.13
25.175 , 15008.96
25.177 , 14870.91
25.179 , 14870.18
25.18 , 14663.6
25.182 , 14800.09
25.184 , 14799.25
25.186 , 14798.41
25.188 , 14728.79
25.19 , 14796.61
25.192 , 14864.55
25.194 , 14932.61
25.196 , 14725.66
25.198 , 14793.48
25.2 , 14792.64
25.202 , 14929.36
25.204 , 14722.41
25.206 , 14721.46
25.207 , 14858.54
25.217 , 14716.43
25.219 , 14921.81
25.221 , 14714.83
25.223 , 14782.66
25.225 , 14781.84
25.226 , 14781.45
25.228 , 14780.61
25.23 , 14710.99
25.232 , 14572.47
25.234 , 14571.29
25.236 , 14707.66
25.238 , 14637.92
25.24 , 14568.07
25.242 , 14566.89
25.244 , 14772.04
25.246 , 14427.3
25.248 , 14701.0
25.25 , 14562.49
25.252 , 14698.86
25.254 , 14560.34
25.255 , 14765.97
25.257 , 14696.35
25.259 , 14626.61
25.261 , 14556.76
25.263 , 14761.91
25.265 , 14692.29
25.267 , 14760.1
25.269 , 14552.92
25.271 , 14689.29
25.273 , 14757.11
25.275 , 14687.49
25.277 , 14824.09
25.279 , 14960.92
25.28 , 14823.34
25.282 , 15028.94
25.284 , 14959.78
25.286 , 14959.28
25.288 , 14890.0
25.29 , 15026.94
25.292 , 15026.55
25.294 , 15026.16
25.296 , 15025.77
25.298 , 15025.38
25.3 , 14956.22
25.301 , 15093.75
25.303 , 14955.92
25.305 , 15161.75
25.307 , 14886.48
25.309 , 14885.86
25.311 , 14954.02
25.313 , 14953.52
25.315 , 15159.35
25.317 , 15159.19
25.319 , 14952.7
25.321 , 15089.75
25.323 , 15158.25
25.325 , 15020.54
25.326 , 14951.85
25.328 , 15226.46
25.33 , 15157.63
25.332 , 14951.14
25.334 , 14950.63
25.336 , 14881.35
25.338 , 14880.73
25.34 , 14948.89
25.342 , 14879.61
25.344 , 14810.21
25.346 , 14878.25
25.347 , 14809.33
25.349 , 14808.6
25.351 , 14739.09
25.353 , 15013.35
25.355 , 15012.96
25.357 , 14943.79
25.359 , 14943.29
25.361 , 14942.78
25.363 , 14873.5
25.365 , 14941.66
25.367 , 14941.15
25.368 , 15078.68
25.37 , 14940.85
25.372 , 15009.12
25.374 , 14871.17
25.376 , 14939.33
25.378 , 14801.24
25.38 , 14800.5
25.382 , 14799.77
25.384 , 14936.59
25.386 , 14660.97
25.388 , 14797.56
25.39 , 14728.05
25.392 , 14933.53
25.394 , 14726.69
25.396 , 14725.84
25.397 , 14794.25
25.399 , 14724.73
25.401 , 14723.88
25.403 , 14791.81
25.405 , 14722.29
25.407 , 14927.78
25.409 , 14927.29
25.411 , 14720.42
25.413 , 14719.57
25.415 , 14925.08
25.417 , 14718.21
25.418 , 14717.86
25.42 , 14717.01
25.422 , 14578.58
25.424 , 14783.86
25.426 , 14714.34
25.428 , 14713.46
25.43 , 14850.19
25.432 , 14574.43
25.434 , 14710.93
25.436 , 14916.41
25.437 , 14916.38
25.439 , 14847.1
25.441 , 14777.69
25.443 , 14914.51
25.445 , 14845.22
25.447 , 14707.04
25.449 , 14843.74
25.451 , 14705.56
25.453 , 14704.71
25.455 , 14910.19
25.457 , 14909.68
25.459 , 14771.61
25.461 , 14908.43
25.462 , 15114.74
25.464 , 14908.23
25.466 , 14907.72
25.468 , 14838.43
25.47 , 14769.03
25.472 , 14837.06
25.474 , 14905.22
25.476 , 14767.15
25.478 , 14766.4
25.48 , 14696.88
25.482 , 14764.81
25.484 , 14695.29
25.486 , 14556.87
25.488 , 14830.9
25.489 , 14899.54
25.491 , 14623.91
25.493 , 14760.5
25.495 , 14690.98
25.497 , 15102.8
25.499 , 14689.95
25.501 , 14620.32
25.503 , 14688.13
25.505 , 14756.05
25.507 , 14755.3
25.509 , 14754.56
25.511 , 14616.26
25.513 , 14821.63
25.514 , 14959.04
25.516 , 14821.08
25.518 , 14682.9
25.52 , 14682.04
25.522 , 14612.4
25.524 , 14680.21
25.526 , 14748.13
25.528 , 14472.27
25.53 , 14677.41
25.532 , 14607.79
25.534 , 14813.16
25.535 , 14675.43
25.537 , 14880.93
25.539 , 14880.42
25.541 , 14742.35
25.543 , 14741.6
25.545 , 14740.86
25.547 , 14740.11
25.549 , 14876.93
25.558 , 14804.22
25.56 , 14666.03
25.562 , 14802.73
25.564 , 14733.32
25.566 , 14595.02
25.568 , 14662.82
25.57 , 14730.74
25.572 , 14523.66
25.574 , 14660.13
25.576 , 14796.82
25.578 , 14796.19
25.58 , 14795.56
25.582 , 14588.59
25.583 , 14794.44
25.585 , 14587.47
25.587 , 14724.05
25.589 , 14585.75
25.591 , 14653.55
25.593 , 14790.25
25.595 , 14720.83
25.597 , 14788.87
25.599 , 14581.87
25.601 , 14649.7
25.603 , 14580.03
25.605 , 14510.28
25.607 , 14509.19
25.608 , 14714.94
25.61 , 14576.62
25.612 , 14300.52
25.614 , 14574.2
25.616 , 14435.67
25.618 , 14572.02
25.62 , 14433.48
25.622 , 14569.84
25.624 , 14568.86
25.626 , 14499.1
25.628 , 14498.01
25.629 , 14566.19
25.631 , 14565.21
25.633 , 14701.79
25.635 , 14632.26
25.637 , 14700.17
25.639 , 14699.42
25.641 , 14492.34
25.643 , 14353.69
25.645 , 14352.36
25.647 , 14213.48
25.649 , 14349.49
25.651 , 14348.17
25.653 , 14346.84
25.655 , 14276.74
25.656 , 14482.13
25.658 , 14274.7
25.66 , 14479.6
25.662 , 14478.51
25.664 , 14408.63
25.666 , 14476.21
25.668 , 14475.11
25.67 , 14542.79
25.672 , 14541.81
25.674 , 14472.05
25.675 , 14471.45
25.677 , 14470.35
25.679 , 14331.7
25.681 , 14467.93
25.683 , 14673.18
25.685 , 14328.53
25.687 , 14533.54
25.689 , 14395.0
25.691 , 14531.35
25.693 , 14530.37
25.695 , 14460.61
25.697 , 14528.29
25.699 , 14733.65
25.701 , 14526.67
25.703 , 14388.13
25.704 , 14662.53
25.706 , 14524.22
25.708 , 14316.9
25.71 , 14453.13
25.712 , 14589.59
25.714 , 14657.5
25.716 , 14450.41
25.718 , 14586.87
25.72 , 14517.22
25.722 , 14447.46
25.724 , 14652.7
25.725 , 14514.88
25.727 , 14445.12
25.729 , 14512.8
25.731 , 14511.81
25.733 , 14442.05
25.735 , 14578.51
25.737 , 14577.64
25.739 , 14645.55
25.741 , 14507.22
25.743 , 14575.03
25.744 , 14437.07
25.746 , 14573.53
25.748 , 14572.67
25.75 , 14503.01
25.752 , 14708.39
25.754 , 14570.17
25.756 , 14569.3
25.758 , 14568.43
25.76 , 14636.33
25.762 , 14704.36
25.764 , 14497.38
25.766 , 14702.75
25.768 , 14495.75
25.77 , 14701.1
25.771 , 14700.95
25.773 , 14562.75
25.775 , 14699.44
25.777 , 14630.04
25.779 , 14698.06
25.781 , 14559.84
25.783 , 14627.77
25.785 , 14558.21
25.787 , 14694.92
25.789 , 14556.71
25.791 , 14624.62
25.793 , 14692.64
25.795 , 14623.22
25.796 , 14691.73
25.798 , 14691.09
25.8 , 14552.89
25.802 , 14620.79
25.804 , 14551.26
25.806 , 14550.38
25.808 , 14618.29
25.81 , 14479.97
25.812 , 14478.98
25.814 , 14546.78
25.816 , 14545.9
25.818 , 14338.69
25.819 , 14475.53
25.821 , 14680.87
25.823 , 14817.79
25.825 , 14473.48
25.827 , 14541.27
25.829 , 14540.39
25.831 , 14539.52
25.833 , 14744.98
25.835 , 14538.11
25.837 , 14537.24
25.839 , 14605.14
25.841 , 14673.16
25.843 , 14397.4
25.845 , 14396.29
25.847 , 14463.96
25.848 , 14463.47
25.85 , 14393.7
25.852 , 14530.16
25.854 , 14460.5
25.856 , 14665.85
25.858 , 14458.86
25.86 , 14664.21
25.862 , 14388.42
25.864 , 14524.88
25.866 , 14524.0
25.868 , 14523.12
25.87 , 14384.69
25.871 , 14521.64
25.873 , 14520.76
25.875 , 14588.68
25.877 , 14381.56
25.879 , 14449.23
25.881 , 14310.68
25.883 , 14584.58
25.885 , 14446.26
25.887 , 14376.49
25.889 , 14306.6
25.891 , 14442.94
25.893 , 14235.61
25.902 , 14437.13
25.904 , 14367.36
25.906 , 14366.25
25.908 , 14433.93
25.91 , 14501.71
25.912 , 14432.05
25.914 , 14362.28
25.916 , 14429.95
25.917 , 14567.04
25.919 , 14428.69
25.921 , 14496.5
25.923 , 14495.62
25.925 , 14357.18
25.927 , 14493.63
25.929 , 14561.53
25.931 , 14216.85
25.933 , 14490.65
25.935 , 14627.33
25.937 , 14351.56
25.939 , 14488.0
25.94 , 14418.84
25.942 , 14555.41
25.944 , 14417.08
25.946 , 14416.09
25.948 , 14552.65
25.95 , 14276.77
25.952 , 14413.1
25.954 , 14205.77
25.956 , 14341.99
25.958 , 14340.88
25.96 , 14408.54
25.962 , 14338.77
25.964 , 14406.44
25.966 , 14267.88
25.968 , 14404.21
25.969 , 14266.16
25.971 , 14677.61
25.973 , 14264.39
25.975 , 14331.95
25.977 , 14537.17
25.979 , 14330.07
25.981 , 14397.73
25.983 , 14396.74
25.985 , 14258.16
25.987 , 14394.51
25.989 , 14324.71
25.991 , 14392.38
25.992 , 14391.88
25.994 , 14459.69
25.996 , 14458.8
25.998 , 14389.14
26.0 , 14525.67
26.002 , 14387.35
26.004 , 14523.91
26.006 , 14385.58
26.008 , 14522.14
26.01 , 14521.37
26.012 , 14383.04
26.014 , 14382.04
26.015 , 14587.88
26.018 , 14517.94
26.019 , 14380.12
26.021 , 14447.89
26.023 , 14515.79
26.025 , 14377.46
26.027 , 14514.02
26.029 , 14375.69
26.031 , 14374.69
26.033 , 14373.69
26.035 , 14372.69
26.037 , 14371.69
26.039 , 14370.69
26.041 , 14438.46
26.042 , 14369.3
26.044 , 14574.66
26.046 , 14367.64
26.048 , 14641.78
26.05 , 14366.1
26.052 , 14502.68
26.054 , 14295.54
26.056 , 14500.79
26.058 , 14431.24
26.06 , 14430.35
26.061 , 14429.96
26.063 , 14635.41
26.065 , 14497.31
26.067 , 14496.54
26.069 , 14633.32
26.071 , 14426.44
26.073 , 14494.33
26.075 , 14424.78
26.077 , 14561.45
26.079 , 14354.45
26.081 , 14491.01
26.083 , 14490.23
26.085 , 14558.24
26.086 , 14420.52
26.088 , 14557.19
26.09 , 14418.97
26.092 , 14555.64
26.094 , 14554.98
26.096 , 14554.32
26.098 , 14484.88
26.1 , 14484.11
26.102 , 14483.33
26.104 , 14482.56
26.106 , 14550.56
26.107 , 14344.06
26.109 , 14411.84
26.111 , 14410.95
26.113 , 14478.84
26.115 , 14478.06
26.117 , 14477.29
26.119 , 14476.51
26.121 , 14406.96
26.123 , 14406.06
26.124 , 14543.23
26.126 , 14542.57
26.128 , 14541.91
26.13 , 14472.47
26.132 , 14265.36
26.134 , 14401.79
26.136 , 14607.24
26.138 , 14400.35
26.14 , 14399.46
26.142 , 14398.57
26.143 , 14329.4
26.146 , 14396.67
26.148 , 14533.34
26.149 , 14395.62
26.151 , 14463.51
26.153 , 14600.29
26.155 , 14324.62
26.157 , 14254.83
26.159 , 14322.49
26.161 , 14527.85
26.163 , 14320.82
26.165 , 14319.81
26.167 , 14387.61
26.169 , 14317.91
26.17 , 14386.21
26.172 , 14522.88
26.174 , 14384.65
26.176 , 14452.54
26.178 , 14451.76
26.18 , 14382.2
26.182 , 14381.31
26.184 , 14380.41
26.186 , 14379.52
26.188 , 14241.07
26.189 , 14309.22
26.191 , 14445.77
26.193 , 14238.66
26.195 , 14375.09
26.197 , 14167.86
26.199 , 14235.4
26.201 , 14096.72
26.203 , 14301.7
26.205 , 14231.91
26.207 , 14093.23
26.209 , 14091.88
26.211 , 14365.64
26.213 , 14295.97
26.215 , 14294.96
26.217 , 14431.5
26.218 , 14431.23
26.22 , 14086.53
26.222 , 14291.53
26.224 , 14290.52
26.226 , 14289.51
26.228 , 14288.5
26.23 , 14356.27
26.232 , 14217.79
26.234 , 14216.66
26.243 , 14212.0
26.245 , 14210.87
26.247 , 14209.74
26.249 , 14071.06
26.251 , 14482.38
26.253 , 14344.15
26.255 , 14205.69
26.256 , 14273.85
26.258 , 14341.62
26.26 , 14065.6
26.262 , 14270.58
26.264 , 14132.01
26.266 , 14268.33
26.268 , 14267.32
26.27 , 14059.97
26.272 , 14264.95
26.274 , 14263.93
26.276 , 14056.58
26.278 , 14124.0
26.28 , 14260.32
26.281 , 14466.15
26.283 , 14259.14
26.285 , 14258.13
26.287 , 14257.11
26.289 , 14324.88
26.291 , 14255.2
26.293 , 14254.18
26.295 , 14253.17
26.297 , 14252.15
26.299 , 14113.58
26.301 , 14181.11
26.302 , 14249.27
26.304 , 14179.48
26.306 , 14247.13
26.308 , 14246.11
26.31 , 14313.88
26.312 , 14175.41
26.314 , 14311.84
26.316 , 14242.16
26.318 , 14309.92
26.319 , 14240.75
26.321 , 14170.96
26.323 , 14101.05
26.325 , 14306.14
26.327 , 14305.24
26.329 , 14166.78
26.331 , 14096.87
26.333 , 14301.96
26.335 , 14094.72
26.337 , 14299.81
26.339 , 14092.57
26.341 , 14091.3
26.343 , 14227.63
26.344 , 14158.34
26.346 , 14157.21
26.348 , 14431.2
26.35 , 14292.96
26.352 , 14223.28
26.354 , 14291.04
26.356 , 14358.92
26.358 , 14220.57
26.36 , 14219.53
26.361 , 14219.02
26.363 , 14286.78
26.365 , 14010.76
26.367 , 13803.06
26.369 , 14076.47
26.371 , 14144.0
26.373 , 14005.31
26.375 , 14210.28
26.377 , 14071.71
26.379 , 14001.68
26.381 , 14000.32
26.382 , 14137.02
26.384 , 14204.66
26.386 , 13997.31
26.388 , 14064.72
26.39 , 13994.7
26.392 , 14199.67
26.394 , 14198.65
26.396 , 14060.07
26.398 , 13990.04
26.4 , 14057.46
26.402 , 13987.43
26.404 , 14192.4
26.406 , 13847.48
26.407 , 14052.74
26.409 , 14189.04
26.411 , 14119.24
26.413 , 14049.33
26.415 , 14048.08
26.417 , 14184.41
26.419 , 14114.58
26.421 , 14251.03
26.423 , 14043.76
26.424 , 14180.6
26.426 , 14110.8
26.428 , 14178.44
26.43 , 14177.42
26.432 , 14176.4
26.434 , 14106.6
26.436 , 14174.24
26.438 , 14242.0
26.44 , 14103.53
26.442 , 14171.17
26.444 , 14101.37
26.445 , 14031.96
26.447 , 14099.49
26.449 , 14029.57
26.451 , 14097.1
26.453 , 14095.96
26.455 , 14026.04
26.457 , 14231.13
26.459 , 14161.44
26.461 , 14160.41
26.463 , 14159.39
26.465 , 13952.03
26.467 , 14088.22
26.469 , 14087.08
26.471 , 14223.5
26.473 , 14222.59
26.474 , 14222.19
26.476 , 14152.5
26.478 , 14151.47
26.48 , 14150.45
26.482 , 14286.98
26.484 , 14217.41
26.486 , 14010.16
26.488 , 14146.46
26.49 , 14214.21
26.492 , 14075.74
26.494 , 14280.94
26.495 , 14280.66
26.497 , 14279.86
26.499 , 14416.62
26.501 , 14072.15
26.503 , 14208.57
26.505 , 14276.44
26.507 , 14206.86
26.509 , 14343.51
26.511 , 14205.26
26.513 , 14410.69
26.515 , 14341.34
26.516 , 14272.39
26.518 , 14340.37
26.52 , 14408.47
26.522 , 14064.0
26.524 , 14337.97
26.526 , 13993.4
26.528 , 14129.7
26.53 , 14197.45
26.532 , 14402.87
26.534 , 14127.18
26.536 , 14194.93
26.538 , 14262.8
26.54 , 14193.22
26.541 , 14192.84
26.543 , 14191.93
26.545 , 14328.57
26.547 , 14052.75
26.549 , 14051.6
26.551 , 14394.38
26.553 , 14118.69
26.555 , 14186.44
26.557 , 14116.75
26.559 , 14253.27
26.561 , 14252.47
26.562 , 14252.18
26.564 , 14045.05
26.566 , 14250.24
26.568 , 14043.1
26.57 , 14110.73
26.572 , 14316.04
26.574 , 14315.35
26.583 , 14448.62
26.585 , 14241.82
26.587 , 14172.24
26.589 , 14377.66
26.591 , 14170.75
26.593 , 14169.83
26.595 , 14306.47
26.597 , 14237.0
26.599 , 14373.76
26.601 , 14166.84
26.603 , 14165.93
26.605 , 14233.79
26.607 , 14164.2
26.609 , 13956.93
26.61 , 14437.66
26.612 , 14024.5
26.614 , 14092.15
26.616 , 14159.9
26.618 , 14090.18
26.62 , 14020.37
26.622 , 14019.22
26.624 , 14155.63
26.626 , 13948.37
26.628 , 13947.11
26.629 , 14083.92
26.631 , 14151.67
26.633 , 14081.97
26.635 , 14149.71
26.637 , 14080.01
26.639 , 13941.42
26.641 , 13940.16
26.643 , 14145.23
26.645 , 14144.31
26.647 , 14143.39
26.649 , 14004.91
26.65 , 14279.4
26.652 , 13934.81
26.654 , 13933.55
26.656 , 14276.18
26.658 , 14069.15
26.66 , 14205.67
26.662 , 13998.52
26.664 , 14134.93
26.666 , 13996.45
26.668 , 13926.52
26.67 , 13994.04
26.672 , 14199.22
26.674 , 13992.08
26.676 , 14059.71
26.677 , 14334.3
26.679 , 13989.83
26.681 , 13988.68
26.683 , 13987.53
26.685 , 14123.93
26.687 , 14123.01
26.689 , 14190.87
26.691 , 14052.5
26.693 , 14120.24
26.695 , 14188.1
26.697 , 14049.73
26.698 , 14186.77
26.7 , 13979.62
26.702 , 14184.81
26.704 , 14115.22
26.706 , 13976.74
26.708 , 14044.36
26.71 , 14112.1
26.712 , 14042.4
26.714 , 14041.36
26.716 , 14040.32
26.718 , 14108.06
26.719 , 13970.1
26.722 , 14243.54
26.723 , 14105.81
26.725 , 14104.88
26.727 , 13897.62
26.729 , 14171.47
26.731 , 13964.32
26.733 , 14031.94
26.735 , 14099.68
26.737 , 14167.54
26.739 , 14029.17
26.741 , 14028.1
26.743 , 14095.87
26.744 , 14026.66
26.746 , 14094.42
26.748 , 14024.69
26.75 , 14092.45
26.752 , 14022.72
26.754 , 14021.68
26.756 , 14158.2
26.758 , 14157.41
26.76 , 13950.24
26.762 , 14086.64
26.764 , 14016.93
26.766 , 14153.45
26.767 , 13878.04
26.769 , 14083.11
26.771 , 14013.4
26.773 , 14012.36
26.775 , 13942.53
26.777 , 14147.71
26.779 , 14146.92
26.781 , 14146.11
26.783 , 14214.08
26.785 , 14144.6
26.787 , 14212.56
26.789 , 14143.08
26.791 , 14073.49
26.792 , 14073.08
26.794 , 14140.93
26.796 , 14140.12
26.798 , 14276.86
26.8 , 14001.16
26.802 , 14137.67
26.804 , 14136.86
26.806 , 13998.48
26.808 , 14135.0
26.81 , 14202.96
26.812 , 13995.92
26.814 , 14132.44
26.815 , 14132.14
26.817 , 14131.33
26.819 , 14199.29
26.821 , 14129.81
26.823 , 14128.99
26.825 , 13990.62
26.827 , 14195.91
26.829 , 13988.87
26.831 , 14125.38
26.833 , 14055.79
26.835 , 14054.86
26.837 , 14122.7
26.838 , 14191.19
26.84 , 14052.93
26.842 , 14051.99
26.844 , 13913.5
26.846 , 14049.9
26.848 , 14048.97
26.85 , 14048.04
26.852 , 14047.1
26.854 , 14183.73
26.856 , 14045.47
26.858 , 14044.54
26.86 , 14043.6
26.862 , 14042.67
26.864 , 14041.74
26.865 , 14041.33
26.867 , 14109.17
26.869 , 13901.99
26.871 , 13969.63
26.873 , 14037.36
26.875 , 14036.43
26.877 , 13966.69
26.879 , 14172.0
26.881 , 13896.16
26.883 , 13963.78
26.885 , 13825.17
26.887 , 13892.67
26.889 , 13891.51
26.891 , 14096.68
26.892 , 13821.27
26.894 , 14095.11
26.896 , 13750.39
26.898 , 14024.11
26.9 , 14091.96
26.902 , 13816.02
26.904 , 13883.52
26.906 , 13951.14
26.908 , 13606.19
26.91 , 13879.69
26.912 , 13878.52
26.914 , 13946.13
26.916 , 14013.86
26.917 , 13875.92
26.927 , 13801.77
26.929 , 13800.49
26.931 , 13799.21
26.933 , 14004.26
26.935 , 13728.21
26.936 , 13864.9
26.938 , 13863.73
26.94 , 13862.56
26.942 , 13792.62
26.944 , 13860.12
26.946 , 13858.95
26.948 , 13789.0
26.95 , 13925.28
26.952 , 13855.45
26.954 , 13923.06
26.956 , 13853.23
26.958 , 13783.28
26.96 , 13713.22
26.962 , 13849.38
26.963 , 13642.41
26.965 , 13984.79
26.967 , 13846.29
26.969 , 13845.12
26.971 , 13775.18
26.973 , 13842.67
26.975 , 13841.5
26.977 , 13840.34
26.979 , 13770.39
26.981 , 13906.66
26.983 , 13768.05
26.985 , 13766.74
26.987 , 13627.9
26.989 , 13832.73
26.99 , 13832.11
26.992 , 13830.91
26.994 , 13898.55
26.996 , 13828.69
26.998 , 13896.32
27.0 , 13895.24
27.002 , 13825.41
27.004 , 13961.8
27.006 , 13960.85
27.008 , 14028.71
27.01 , 13959.08
27.012 , 14026.92
27.013 , 14026.62
27.015 , 14025.79
27.017 , 13887.41
27.019 , 13817.57
27.021 , 13816.4
27.023 , 13952.79
27.025 , 13814.29
27.027 , 13813.12
27.029 , 13949.5
27.031 , 14017.34
27.033 , 13947.73
27.034 , 13809.76
27.036 , 14014.92
27.038 , 14082.87
27.04 , 13875.82
27.042 , 13874.76
27.044 , 13942.51
27.046 , 13804.01
27.048 , 13802.83
27.05 , 13801.64
27.052 , 13938.04
27.054 , 13799.54
27.056 , 13798.37
27.058 , 14072.31
27.059 , 13797.01
27.061 , 13864.61
27.063 , 13863.56
27.065 , 13931.27
27.067 , 13792.77
27.069 , 13791.6
27.071 , 13859.2
27.073 , 13926.92
27.075 , 13925.98
27.077 , 13787.47
27.079 , 13786.3
27.081 , 13922.68
27.082 , 13991.04
27.084 , 13990.21
27.086 , 13920.6
27.088 , 13850.88
27.09 , 13987.37
27.092 , 14055.32
27.094 , 13985.82
27.096 , 13984.99
27.098 , 13984.16
27.1 , 13639.43
27.102 , 13844.36
27.103 , 13775.05
27.105 , 13842.66
27.107 , 13772.81
27.109 , 13909.2
27.111 , 13839.47
27.113 , 13838.41
27.115 , 13837.35
27.117 , 13836.28
27.119 , 13904.0
27.121 , 13903.05
27.123 , 13970.88
27.125 , 13626.15
27.126 , 13762.84
27.128 , 13761.66
27.13 , 13829.26
27.132 , 13965.75
27.134 , 13827.36
27.136 , 13757.52
27.138 , 13962.68
27.14 , 13824.28
27.142 , 13754.44
27.144 , 13959.6
27.146 , 13958.77
27.148 , 13889.15
27.15 , 13888.2
27.151 , 13750.22
27.153 , 13886.6
27.155 , 13885.65
27.157 , 13815.92
27.159 , 13814.86
27.161 , 13951.37
27.163 , 13881.76
27.165 , 13880.81
27.167 , 13742.28
27.169 , 13741.1
27.171 , 13877.5
27.173 , 13876.54
27.175 , 13600.46
27.177 , 13874.18
27.178 , 13942.54
27.18 , 13804.15
27.182 , 13734.3
27.184 , 13733.12
27.186 , 13869.5
27.188 , 13730.99
27.19 , 13867.37
27.192 , 13728.86
27.194 , 13865.23
27.196 , 13864.28
27.198 , 13863.33
27.2 , 13793.59
27.201 , 13999.4
27.203 , 13929.89
27.205 , 13860.28
27.207 , 13928.1
27.209 , 13927.26
27.211 , 13857.64
27.213 , 14063.03
27.215 , 13993.64
27.217 , 13992.91
27.219 , 13923.41
27.221 , 14060.13
27.222 , 13922.49
27.224 , 13990.43
27.226 , 14058.49
27.228 , 13920.32
27.23 , 13988.25
27.232 , 14125.09
27.234 , 13987.03
27.236 , 13917.53
27.238 , 13916.68
27.24 , 13640.71
27.242 , 13845.77
27.244 , 13707.23
27.246 , 13706.04
27.248 , 13704.86
27.249 , 13704.21
27.251 , 13496.69
27.253 , 13770.28
27.255 , 13906.76
27.257 , 13562.03
27.259 , 13560.61
27.268 , 13830.56
27.27 , 13829.61
27.272 , 13759.87
27.274 , 13827.58
27.276 , 13895.4
27.278 , 13688.22
27.28 , 13893.37
27.282 , 13823.75
27.284 , 13616.45
27.286 , 13752.71
27.288 , 13614.08
27.29 , 13681.55
27.292 , 13817.93
27.293 , 13886.28
27.295 , 13747.88
27.297 , 13884.36
27.299 , 13745.96
27.301 , 13607.33
27.303 , 13606.03
27.305 , 13742.28
27.307 , 13741.21
27.309 , 13877.69
27.311 , 13739.29
27.313 , 13738.22
27.315 , 13737.14
27.316 , 13667.83
27.318 , 14079.31
27.32 , 13734.91
27.322 , 13802.62
27.324 , 13939.22
27.326 , 13732.15
27.328 , 13731.07
27.33 , 13592.44
27.332 , 13728.69
27.334 , 13796.4
27.336 , 13726.65
27.337 , 13588.56
27.339 , 13656.03
27.341 , 13654.84
27.343 , 13791.21
27.345 , 13790.25
27.347 , 13651.73
27.349 , 13719.32
27.351 , 13787.02
27.353 , 13854.84
27.355 , 13716.43
27.357 , 13852.91
27.359 , 13714.51
27.36 , 13713.94
27.362 , 13850.45
27.364 , 13712.02
27.366 , 13710.94
27.368 , 13847.45
27.37 , 13709.01
27.372 , 13570.38
27.374 , 13775.41
27.376 , 13705.67
27.378 , 13704.59
27.38 , 13909.85
27.382 , 13565.22
27.384 , 13701.47
27.385 , 13700.93
27.387 , 13837.41
27.389 , 13905.34
27.391 , 13835.82
27.393 , 14041.33
27.395 , 13972.02
27.397 , 13765.06
27.399 , 13901.66
27.401 , 13763.36
27.403 , 14037.54
27.405 , 13761.89
27.407 , 13829.73
27.409 , 13760.07
27.41 , 13690.87
27.412 , 13827.37
27.414 , 13895.3
27.416 , 14032.12
27.418 , 13962.83
27.42 , 13962.21
27.422 , 13892.8
27.424 , 13754.51
27.426 , 13891.1
27.428 , 13959.14
27.43 , 13958.52
27.432 , 13682.78
27.434 , 13956.81
27.435 , 13956.73
27.437 , 13887.33
27.439 , 13817.81
27.441 , 13885.74
27.443 , 13885.0
27.445 , 13884.26
27.447 , 13814.74
27.449 , 13882.67
27.451 , 14019.48
27.453 , 13881.42
27.455 , 13743.12
27.457 , 13879.71
27.458 , 13879.51
27.46 , 13741.21
27.462 , 13877.8
27.464 , 13808.28
27.466 , 13807.43
27.468 , 13944.13
27.47 , 13943.51
27.472 , 13874.1
27.474 , 13735.8
27.476 , 13666.05
27.478 , 14008.86
27.48 , 13802.01
27.481 , 13939.26
27.483 , 13663.52
27.485 , 13731.21
27.487 , 13867.8
27.489 , 13729.5
27.491 , 13453.41
27.493 , 13589.54
27.495 , 13863.46
27.497 , 13656.38
27.499 , 13861.63
27.501 , 13860.89
27.503 , 13653.81
27.505 , 13721.5
27.507 , 13651.75
27.508 , 13719.99
27.51 , 13719.02
27.512 , 13718.05
27.514 , 13648.29
27.516 , 13853.54
27.518 , 13715.24
27.52 , 13645.49
27.522 , 13713.18
27.524 , 13712.21
27.526 , 13848.8
27.528 , 13641.71
27.529 , 13641.17
27.531 , 13571.3
27.533 , 13776.44
27.535 , 13706.8
27.537 , 13705.83
27.539 , 13773.66
27.541 , 13772.8
27.543 , 13771.94
27.545 , 13633.5
27.547 , 13632.43
27.549 , 13700.12
27.551 , 13630.35
27.552 , 13629.83
27.554 , 13697.52
27.556 , 13696.54
27.558 , 13626.79
27.56 , 13694.48
27.562 , 13624.72
27.564 , 13898.75
27.566 , 13623.0
27.568 , 13621.91
27.57 , 13758.38
27.572 , 13688.74
27.574 , 13825.32
27.576 , 13824.58
27.578 , 13823.83
27.58 , 13823.08
27.582 , 13822.34
27.583 , 13959.69
27.585 , 13821.62
27.587 , 13889.65
27.589 , 13682.68
27.591 , 13819.26
27.593 , 13956.07
27.595 , 13680.44
27.597 , 13817.02
27.599 , 13885.04
27.601 , 13815.63
27.61 , 13604.72
27.612 , 13947.53
27.614 , 13947.01
27.616 , 13740.15
27.618 , 13670.51
27.62 , 13807.09
27.622 , 13668.76
27.624 , 13805.36
27.626 , 13529.47
27.628 , 13734.6
27.629 , 13803.08
27.631 , 13871.09
27.633 , 13732.9
27.635 , 13869.61
27.637 , 13593.84
27.639 , 13799.08
27.641 , 13660.77
27.643 , 13659.79
27.645 , 13658.81
27.647 , 13657.83
27.649 , 13725.63
27.651 , 13862.32
27.653 , 13792.91
27.654 , 13723.92
27.656 , 13723.06
27.658 , 13928.53
27.66 , 13652.89
27.662 , 13583.13
27.664 , 13719.59
27.666 , 13718.72
27.668 , 13649.08
27.67 , 13854.43
27.672 , 13716.24
27.674 , 13577.81
27.676 , 13783.05
27.677 , 13645.29
27.679 , 13575.53
27.681 , 13574.43
27.683 , 13642.11
27.685 , 13503.57
27.687 , 13571.14
27.689 , 13638.82
27.691 , 13500.28
27.693 , 13636.63
27.695 , 13566.87
27.697 , 13565.77
27.699 , 13564.67
27.701 , 13701.13
27.703 , 13700.26
27.705 , 13561.84
27.707 , 13423.18
27.708 , 13559.96
27.71 , 13558.86
27.712 , 13557.76
27.714 , 13487.88
27.716 , 13555.45
27.718 , 13760.69
27.72 , 13691.15
27.722 , 13552.72
27.724 , 13551.63
27.726 , 13550.53
27.728 , 13549.4
27.729 , 13617.66
27.731 , 13547.89
27.733 , 13546.77
27.735 , 13545.67
27.737 , 13475.79
27.739 , 13543.35
27.741 , 13542.25
27.743 , 13472.37
27.745 , 13608.72
27.747 , 13470.17
27.749 , 13812.85
27.751 , 13468.32
27.752 , 13742.77
27.754 , 13604.45
27.756 , 13603.46
27.758 , 13533.7
27.76 , 13532.59
27.762 , 13531.49
27.764 , 13599.17
27.766 , 13529.41
27.768 , 13597.08
27.77 , 13527.32
27.772 , 13526.21
27.773 , 13525.66
27.775 , 13524.56
27.777 , 13523.46
27.779 , 13384.8
27.781 , 13727.38
27.783 , 13726.62
27.785 , 13725.86
27.787 , 13518.74
27.789 , 13380.08
27.791 , 13516.33
27.793 , 13515.23
27.795 , 13582.9
27.796 , 13582.46
27.798 , 13512.7
27.8 , 13442.81
27.802 , 13579.15
27.804 , 13440.61
27.806 , 13508.17
27.808 , 13438.28
27.81 , 13368.29
27.812 , 13435.73
27.814 , 13503.29
27.816 , 13502.19
27.818 , 13638.64
27.82 , 13637.76
27.822 , 13361.77
27.823 , 13429.77
27.825 , 13359.77
27.827 , 13289.65
27.829 , 13425.76
27.831 , 13424.54
27.833 , 13354.54
27.835 , 13353.21
27.837 , 13351.87
27.839 , 13350.54
27.841 , 13417.98
27.843 , 13485.54
27.845 , 13484.43
27.847 , 13414.55
27.848 , 13413.88
27.85 , 13481.44
27.852 , 13480.33
27.854 , 13410.44
27.856 , 13271.66
27.858 , 13476.55
27.86 , 13750.56
27.862 , 13543.57
27.864 , 13473.8
27.866 , 13541.47
27.868 , 13678.03
27.869 , 13471.49
27.871 , 13745.49
27.873 , 13676.06
27.875 , 13537.74
27.877 , 13674.3
27.879 , 13742.32
27.881 , 13328.99
27.883 , 13740.33
27.885 , 13670.9
27.887 , 13395.02
27.889 , 13531.35
27.891 , 13530.35
27.893 , 13666.92
27.895 , 13666.15
27.897 , 13527.83
27.899 , 13526.83
27.901 , 13525.84
27.902 , 13319.04
27.904 , 13730.39
27.906 , 13523.4
27.908 , 13659.96
27.91 , 13384.06
27.912 , 13657.97
27.914 , 13657.2
27.916 , 13794.02
27.918 , 13724.7
27.92 , 13724.05
27.922 , 13792.17
27.923 , 13654.61
27.925 , 13860.18
27.927 , 13584.63
27.929 , 13652.53
27.931 , 13720.54
27.933 , 13582.33
27.935 , 13787.78
27.937 , 13649.68
27.939 , 13511.36
27.941 , 13510.36
27.943 , 13715.7
27.945 , 13715.04
27.954 , 13710.49
27.956 , 13572.28
27.958 , 13915.28
27.96 , 13777.41
27.962 , 13501.76
27.964 , 13500.76
27.966 , 13637.32
27.968 , 13430.21
27.97 , 13704.21
27.971 , 13497.77
27.973 , 13427.99
27.975 , 13495.66
27.977 , 13494.66
27.979 , 13424.88
27.981 , 13423.76
27.983 , 13491.43
27.985 , 13490.42
27.987 , 13351.87
27.989 , 13488.19
27.991 , 13487.19
27.993 , 13486.19
27.995 , 13622.75
27.996 , 13347.42
27.998 , 13483.74
28.0 , 13413.96
28.002 , 13412.84
28.004 , 13274.17
28.006 , 13616.72
28.008 , 13272.05
28.01 , 13477.04
28.012 , 13613.6
28.014 , 13337.71
28.016 , 13474.03
28.017 , 13404.79
28.019 , 13266.11
28.021 , 13471.13
28.023 , 13470.1
28.025 , 13469.1
28.027 , 13261.75
28.029 , 13329.19
28.031 , 13327.95
28.033 , 13464.28
28.035 , 13600.86
28.037 , 13462.52
28.039 , 13461.5
28.04 , 13392.29
28.042 , 13253.59
28.044 , 13458.61
28.046 , 13320.04
28.048 , 13250.01
28.05 , 13386.24
28.052 , 13316.34
28.054 , 13246.3
28.056 , 13313.76
28.057 , 13381.86
28.059 , 13449.52
28.061 , 13379.74
28.063 , 13309.84
28.065 , 13308.6
28.067 , 13444.93
28.069 , 13443.92
28.071 , 13236.58
28.073 , 13441.56
28.075 , 13440.56
28.077 , 13233.21
28.079 , 13575.76
28.081 , 13231.09
28.083 , 13436.07
28.084 , 13641.96
28.086 , 13434.96
28.088 , 13227.62
28.09 , 13432.6
28.092 , 13500.37
28.094 , 13430.7
28.096 , 13292.14
28.098 , 13497.24
28.1 , 13290.0
28.102 , 13219.99
28.103 , 13219.2
28.105 , 13355.4
28.107 , 13216.72
28.109 , 13352.93
28.111 , 13420.58
28.113 , 13350.8
28.115 , 13487.23
28.117 , 13211.22
28.119 , 13347.43
28.121 , 13415.08
28.122 , 13345.85
28.124 , 13413.51
28.126 , 13206.16
28.128 , 13136.03
28.13 , 13203.34
28.132 , 13408.32
28.134 , 13269.76
28.136 , 13268.52
28.138 , 13473.61
28.14 , 13197.6
28.142 , 13402.58
28.144 , 13057.68
28.145 , 13400.55
28.147 , 13399.54
28.149 , 13398.53
28.151 , 13259.96
28.153 , 13189.94
28.155 , 13257.37
28.157 , 13462.48
28.159 , 13186.45
28.161 , 13391.45
28.163 , 13184.08
28.165 , 13389.08
28.166 , 13388.64
28.168 , 13456.4
28.17 , 13317.95
28.172 , 13316.82
28.174 , 13315.69
28.176 , 13452.12
28.178 , 13244.89
28.18 , 13312.42
28.182 , 13311.3
28.184 , 13310.17
28.186 , 13240.26
28.187 , 13308.36
28.189 , 13376.01
28.191 , 13237.44
28.193 , 13373.76
28.195 , 13372.74
28.197 , 13440.51
28.199 , 13164.49
28.201 , 13369.47
28.203 , 13368.46
28.205 , 13298.66
28.207 , 13366.31
28.209 , 13227.74
28.211 , 13639.17
28.213 , 13157.16
28.214 , 13156.36
28.216 , 13361.34
28.218 , 13222.77
28.22 , 13290.3
28.222 , 13220.39
28.224 , 13287.93
28.226 , 13286.8
28.228 , 13354.44
28.23 , 13422.21
28.231 , 13353.09
28.233 , 13352.07
28.235 , 13351.06
28.237 , 13281.26
28.239 , 13348.91
28.241 , 13416.67
28.243 , 13278.21
28.245 , 13414.64
28.247 , 13276.18
28.249 , 13343.82
28.251 , 13205.25
28.252 , 13410.9
28.254 , 13410.0
28.256 , 13477.88
28.258 , 13270.75
28.26 , 13407.18
28.262 , 13612.61
28.264 , 13543.27
28.266 , 13405.04
28.268 , 13335.35
28.27 , 13471.89
28.272 , 13539.88
28.274 , 13332.87
28.276 , 13331.85
28.278 , 13468.39
28.28 , 13330.01
28.281 , 13467.14
28.283 , 13397.55
28.285 , 13396.64
28.295 , 13322.42
28.297 , 13390.18
28.298 , 13527.4
28.3 , 13595.5
28.302 , 13251.04
28.304 , 13387.46
28.306 , 13455.34
28.308 , 13316.99
28.31 , 13247.19
28.312 , 13383.61
28.314 , 13382.7
28.316 , 13450.57
28.318 , 13243.44
28.319 , 13242.87
28.321 , 13379.29
28.323 , 13309.61
28.325 , 13377.36
28.327 , 13376.46
28.329 , 13237.99
28.331 , 13374.41
28.333 , 13373.5
28.335 , 13372.59
28.337 , 13371.68
28.339 , 13370.78
28.341 , 13369.87
28.342 , 13300.72
28.344 , 13437.26
28.346 , 13298.9
28.348 , 13091.54
28.35 , 13365.29
28.352 , 13226.83
28.354 , 13294.47
28.356 , 13293.44
28.358 , 13223.64
28.36 , 13222.5
28.362 , 13290.14
28.363 , 13289.68
28.365 , 13082.32
28.367 , 13149.73
28.369 , 13148.48
28.371 , 13216.0
28.373 , 13214.86
28.375 , 13351.28
28.377 , 13212.81
28.379 , 13142.89
28.381 , 13141.63
28.383 , 13277.94
28.384 , 13139.92
28.387 , 13275.66
28.389 , 13343.41
28.39 , 13205.51
28.392 , 13273.15
28.394 , 13409.68
28.396 , 13202.54
28.398 , 13201.4
28.4 , 13131.48
28.402 , 13130.22
28.404 , 13266.53
28.406 , 13265.52
28.408 , 13195.69
28.409 , 13332.7
28.411 , 13262.99
28.413 , 13261.98
28.415 , 13192.15
28.417 , 13259.81
28.419 , 13121.22
28.421 , 13257.52
28.423 , 13187.72
28.425 , 13049.02
28.427 , 13116.42
28.428 , 13115.74
28.43 , 13114.48
28.432 , 13044.44
28.434 , 13318.18
28.436 , 13110.93
28.438 , 13247.23
28.44 , 13314.98
28.442 , 13176.51
28.444 , 13175.36
28.446 , 13243.0
28.448 , 13104.41
28.449 , 13447.62
28.452 , 13308.8
28.454 , 13170.32
28.455 , 13169.75
28.457 , 13237.38
28.459 , 13305.13
28.461 , 13235.44
28.463 , 13234.41
28.465 , 13302.15
28.467 , 12957.34
28.469 , 13299.75
28.471 , 13161.27
28.473 , 13160.13
28.475 , 13090.2
28.476 , 13158.29
28.478 , 13088.37
28.48 , 13224.66
28.482 , 13292.41
28.484 , 13222.71
28.486 , 13152.9
28.488 , 13151.75
28.49 , 13219.38
28.492 , 13218.35
28.494 , 13148.54
28.496 , 13284.95
28.497 , 13284.6
28.499 , 13283.68
28.501 , 13282.76
28.503 , 13281.85
28.505 , 13280.93
28.507 , 13211.23
28.509 , 13278.97
28.511 , 13140.5
28.513 , 13276.9
28.515 , 13207.2
28.517 , 13206.17
28.519 , 13205.13
28.521 , 13204.1
28.522 , 13272.42
28.524 , 13271.5
28.526 , 13064.24
28.528 , 13131.75
28.53 , 13061.82
28.532 , 13266.9
28.534 , 12853.3
28.536 , 12989.25
28.538 , 13056.65
28.54 , 13261.72
28.542 , 13054.46
28.544 , 13053.2
28.545 , 13121.29
28.547 , 13051.36
28.549 , 13118.87
28.551 , 12980.16
28.553 , 13253.92
28.555 , 12909.08
28.557 , 13113.92
28.559 , 13181.57
28.561 , 13111.75
28.563 , 13248.16
28.565 , 12972.12
28.566 , 13040.1
28.568 , 13107.61
28.57 , 13175.23
28.572 , 12967.86
28.574 , 13104.03
28.576 , 12896.54
28.578 , 13032.61
28.58 , 12893.78
28.582 , 13029.84
28.584 , 12891.02
28.586 , 13027.05
28.588 , 12957.01
28.59 , 12955.63
28.591 , 13023.62
28.593 , 13022.33
28.595 , 12883.5
28.597 , 13225.92
28.599 , 13018.64
28.601 , 13223.73
28.603 , 13154.0
28.605 , 13015.4
28.607 , 13151.69
28.609 , 13288.23
28.611 , 12805.94
28.613 , 13079.45
28.614 , 13078.87
28.616 , 13077.71
28.618 , 13076.56
28.62 , 12937.84
28.622 , 13074.02
28.624 , 13004.08
28.626 , 13071.59
28.635 , 13341.5
28.637 , 12996.91
28.639 , 12995.63
28.641 , 12994.36
28.643 , 12855.53
28.645 , 12991.59
28.647 , 13127.88
28.649 , 12851.72
28.651 , 12850.22
28.653 , 12986.27
28.655 , 13122.56
28.657 , 13190.29
28.659 , 12914.25
28.66 , 13188.57
28.662 , 13118.86
28.664 , 13117.81
28.666 , 13185.55
28.668 , 13115.84
28.67 , 12770.89
28.672 , 12906.83
28.674 , 13043.0
28.676 , 13248.19
28.678 , 13178.59
28.68 , 12902.54
28.682 , 12901.16
28.684 , 12693.42
28.686 , 13241.93
28.687 , 12760.23
28.689 , 12758.61
28.691 , 12963.34
28.693 , 12962.05
28.695 , 12823.22
28.697 , 12959.27
28.699 , 12889.22
28.701 , 12887.83
28.703 , 13024.0
28.705 , 12885.28
28.707 , 12952.67
28.709 , 12813.83
28.711 , 12949.89
28.713 , 13154.95
28.715 , 12810.12
28.716 , 12946.75
28.718 , 12807.92
28.72 , 12806.41
28.722 , 13011.25
28.724 , 12872.52
28.726 , 12939.91
28.728 , 12938.63
28.73 , 12799.8
28.732 , 13004.63
28.734 , 12865.91
28.736 , 13139.63
28.738 , 13138.7
28.739 , 12932.01
28.741 , 12930.73
28.743 , 12723.11
28.745 , 12927.83
28.747 , 12788.99
28.749 , 12993.82
28.751 , 12992.66
28.753 , 12922.71
28.755 , 12852.66
28.757 , 12851.26
28.759 , 12849.87
28.761 , 12917.25
28.763 , 13053.53
28.764 , 12915.49
28.766 , 12983.0
28.768 , 12913.06
28.77 , 12980.56
28.772 , 12910.61
28.774 , 12909.33
28.776 , 12908.05
28.778 , 12906.77
28.78 , 13111.83
28.782 , 13042.1
28.784 , 13109.84
28.786 , 13108.9
28.788 , 13039.17
28.79 , 13106.9
28.792 , 12968.4
28.793 , 13036.6
28.795 , 13035.55
28.797 , 13034.49
28.799 , 13102.22
28.801 , 12894.94
28.803 , 13031.23
28.805 , 12961.4
28.807 , 13029.01
28.809 , 13027.96
28.811 , 12958.12
28.813 , 13025.73
28.815 , 13162.24
28.816 , 13093.22
28.818 , 13161.06
28.82 , 13091.45
28.822 , 12952.95
28.824 , 12951.79
28.826 , 13019.39
28.828 , 13155.9
28.83 , 13086.29
28.832 , 13154.13
28.834 , 13153.3
28.836 , 13152.48
28.838 , 13151.65
28.84 , 13150.82
28.841 , 12944.24
28.843 , 13080.63
28.845 , 13217.25
28.847 , 13078.98
28.849 , 13146.81
28.851 , 13145.99
28.853 , 13076.38
28.855 , 13075.44
28.857 , 13074.5
28.859 , 13279.89
28.861 , 13141.72
28.863 , 13209.68
28.865 , 13277.75
28.866 , 13208.96
28.868 , 13139.45
28.87 , 12932.28
28.872 , 13068.67
28.874 , 13067.73
28.876 , 13135.56
28.878 , 13065.95
28.88 , 13065.01
28.882 , 13132.84
28.884 , 12925.68
28.886 , 13130.84
28.887 , 12993.04
28.889 , 12991.98
28.891 , 12922.14
28.893 , 12920.97
28.895 , 12988.58
28.897 , 13125.07
28.899 , 13055.46
28.901 , 13123.3
28.903 , 13122.47
28.905 , 12915.3
28.907 , 13051.68
28.909 , 12844.4
28.911 , 12911.89
28.913 , 12910.71
28.915 , 12840.75
28.917 , 12977.03
28.919 , 12838.4
28.92 , 12906.48
28.922 , 12836.52
28.924 , 12904.01
28.926 , 12834.05
28.928 , 12832.76
28.93 , 12762.69
28.932 , 12830.07
28.934 , 12828.78
28.936 , 12758.73
28.938 , 12894.88
28.94 , 12893.7
28.942 , 12823.75
28.943 , 12891.82
28.945 , 12615.53
28.947 , 12820.23
28.949 , 12681.38
28.951 , 12817.42
28.953 , 12678.57
28.955 , 12745.83
28.957 , 13019.54
28.959 , 12674.69
28.961 , 12879.51
28.963 , 12809.55
28.965 , 12601.92
28.967 , 12806.62
28.969 , 12805.33
28.97 , 12804.63
28.98 , 12661.06
28.982 , 12659.54
28.984 , 12795.57
28.986 , 12863.05
28.988 , 12655.54
28.99 , 12722.79
28.992 , 12790.16
28.993 , 12789.46
28.995 , 12788.16
28.997 , 12580.52
28.999 , 12854.01
29.001 , 12646.49
29.003 , 12782.51
29.005 , 12643.67
29.007 , 12848.48
29.009 , 12778.52
29.011 , 12777.22
29.013 , 12638.36
29.014 , 12706.22
29.016 , 12636.02
29.018 , 12772.05
29.02 , 12701.97
29.022 , 12631.79
29.024 , 12630.26
29.026 , 12697.51
29.028 , 12696.1
29.03 , 12694.69
29.032 , 12762.06
29.034 , 12623.2
29.036 , 12621.67
29.037 , 12758.3
29.039 , 12688.22
29.041 , 12755.61
29.043 , 12685.51
29.045 , 12821.68
29.047 , 12682.94
29.049 , 12750.3
29.051 , 12817.78
29.053 , 12747.82
29.055 , 12608.96
29.057 , 12745.0
29.059 , 12606.14
29.06 , 12605.2
29.062 , 12810.01
29.064 , 12602.49
29.066 , 12876.08
29.068 , 12737.45
29.07 , 12461.02
29.072 , 12596.82
29.074 , 12457.73
29.076 , 12868.65
29.078 , 12661.24
29.08 , 12522.27
29.082 , 12520.62
29.083 , 12725.91
29.085 , 12655.83
29.087 , 12860.75
29.089 , 12790.9
29.091 , 12858.49
29.093 , 12857.42
29.095 , 12787.57
29.097 , 12786.38
29.099 , 12785.19
29.101 , 12577.67
29.103 , 12644.92
29.105 , 12643.5
29.106 , 12711.46
29.108 , 12710.16
29.11 , 12640.07
29.112 , 12707.44
29.114 , 12706.13
29.116 , 12842.39
29.118 , 12566.2
29.12 , 12839.78
29.122 , 12838.71
29.124 , 12837.63
29.125 , 12768.37
29.127 , 12767.18
29.129 , 12834.77
29.131 , 12764.92
29.133 , 12832.51
29.135 , 12762.66
29.137 , 12761.47
29.139 , 12691.5
29.141 , 12827.75
29.143 , 12689.12
29.145 , 12825.37
29.147 , 12755.52
29.148 , 12823.7
29.15 , 12753.84
29.152 , 12821.43
29.154 , 12820.36
29.156 , 12612.94
29.158 , 12817.86
29.16 , 12816.78
29.162 , 12815.72
29.164 , 12952.2
29.166 , 12951.35
29.168 , 12950.5
29.17 , 13087.21
29.172 , 13017.81
29.173 , 12948.89
29.175 , 12810.47
29.177 , 12946.96
29.179 , 12808.56
29.181 , 12807.48
29.183 , 12943.96
29.185 , 12805.55
29.187 , 12804.47
29.189 , 12940.95
29.191 , 13008.88
29.193 , 13076.92
29.195 , 12938.75
29.197 , 12869.12
29.198 , 13006.31
29.2 , 12799.23
29.202 , 13004.49
29.204 , 13003.75
29.206 , 12865.46
29.208 , 12933.27
29.21 , 13001.2
29.212 , 12931.68
29.214 , 12862.05
29.216 , 12861.09
29.217 , 12860.72
29.22 , 12859.16
29.221 , 12996.34
29.223 , 12926.83
29.225 , 12925.97
29.227 , 12993.9
29.229 , 12993.16
29.231 , 12923.64
29.233 , 12922.79
29.235 , 12784.37
29.237 , 12920.84
29.239 , 12988.78
29.241 , 12850.47
29.243 , 12849.51
29.244 , 12849.14
29.246 , 12985.73
29.248 , 12847.43
29.25 , 12984.02
29.252 , 12845.72
29.254 , 12844.75
29.256 , 12981.34
29.258 , 12774.26
29.26 , 12704.4
29.262 , 12771.98
29.264 , 12770.9
29.266 , 12701.04
29.267 , 12631.65
29.269 , 12836.68
29.271 , 12766.93
29.273 , 12628.28
29.275 , 12764.52
29.277 , 12625.88
29.279 , 12693.35
29.281 , 12760.92
29.283 , 12691.06
29.285 , 12758.64
29.287 , 12620.0
29.289 , 12825.02
29.291 , 12686.49
29.293 , 12685.29
29.295 , 12615.31
29.297 , 12613.99
29.298 , 12613.28
29.3 , 12680.76
29.302 , 12610.78
29.304 , 12678.24
29.306 , 12608.26
29.308 , 12813.28
29.31 , 12743.53
29.312 , 12742.44
29.321 , 12943.48
29.323 , 12805.18
29.325 , 12597.87
29.327 , 12802.89
29.329 , 12664.36
29.331 , 12731.94
29.333 , 12593.29
29.335 , 12523.18
29.337 , 12659.32
29.339 , 12864.45
29.341 , 12726.03
29.342 , 12794.33
29.344 , 12518.22
29.346 , 12585.57
29.348 , 12584.25
29.35 , 12651.71
29.352 , 12856.84
29.354 , 12580.87
29.356 , 12854.66
29.358 , 12785.02
29.36 , 12646.49
29.362 , 12645.29
29.364 , 12644.08
29.366 , 12505.32
29.367 , 12710.82
29.369 , 12572.17
29.371 , 12570.85
29.373 , 12775.87
29.375 , 12362.21
29.377 , 12635.67
29.379 , 12634.47
29.381 , 12702.04
29.383 , 12700.95
29.385 , 12562.3
29.387 , 12560.96
29.389 , 12765.99
29.391 , 12558.66
29.392 , 12626.73
29.394 , 12694.31
29.396 , 12693.21
29.398 , 12554.55
29.4 , 12690.79
29.402 , 12689.7
29.404 , 12619.82
29.406 , 12618.62
29.408 , 12617.41
29.41 , 12684.98
29.412 , 12683.89
29.414 , 12751.57
29.416 , 12681.83
29.418 , 12680.72
29.419 , 12680.23
29.421 , 12679.16
29.423 , 12678.06
29.425 , 12676.97
29.427 , 12882.21
29.429 , 12743.9
29.431 , 12605.36
29.433 , 12879.27
29.435 , 12740.96
29.437 , 12808.75
29.439 , 12739.11
29.441 , 12738.13
29.442 , 12737.75
29.444 , 12943.11
29.446 , 12804.91
29.448 , 12872.82
29.45 , 12596.95
29.452 , 12802.08
29.454 , 12663.65
29.456 , 12731.34
29.458 , 12730.35
29.46 , 12866.93
29.462 , 12728.62
29.464 , 12796.41
29.466 , 12795.54
29.468 , 12725.9
29.469 , 12863.08
29.471 , 12931.1
29.473 , 12861.68
29.475 , 12860.93
29.477 , 12928.95
29.479 , 12790.75
29.481 , 12927.44
29.483 , 12858.02
29.485 , 12650.93
29.487 , 12718.61
29.489 , 12580.07
29.491 , 12647.63
29.493 , 12921.65
29.495 , 12783.45
29.496 , 12714.41
29.498 , 12782.2
29.5 , 12643.77
29.502 , 12711.45
29.504 , 12641.68
29.506 , 12709.36
29.508 , 12777.16
29.51 , 12638.73
29.512 , 12637.63
29.514 , 12705.31
29.516 , 12841.88
29.517 , 12429.05
29.519 , 12633.95
29.521 , 12632.84
29.523 , 12769.3
29.525 , 12493.3
29.527 , 12767.1
29.529 , 12766.23
29.531 , 12765.35
29.533 , 12626.92
29.535 , 12763.38
29.537 , 12693.74
29.538 , 12830.92
29.54 , 12692.6
29.542 , 12622.83
29.544 , 12690.51
29.546 , 12620.74
29.548 , 12688.42
29.55 , 12687.43
29.552 , 12686.44
29.554 , 12685.45
29.556 , 12615.68
29.558 , 12958.47
29.56 , 12476.49
29.562 , 12681.49
29.564 , 12474.16
29.566 , 12472.83
29.567 , 12472.11
29.569 , 12402.0
29.571 , 12606.88
29.573 , 12674.56
29.575 , 12467.22
29.577 , 12603.46
29.579 , 12464.78
29.581 , 12601.02
29.583 , 12599.9
29.585 , 12461.24
29.587 , 12735.03
29.589 , 12596.58
29.591 , 12526.7
29.593 , 12594.25
29.595 , 12593.15
29.596 , 12730.21
29.598 , 12591.77
29.6 , 12590.67
29.602 , 12520.78
29.604 , 12450.78
29.606 , 12449.45
29.608 , 12654.45
29.61 , 12447.12
29.612 , 12652.12
29.614 , 12513.57
29.616 , 12443.57
29.618 , 12442.23
29.62 , 12578.45
29.622 , 12577.34
29.623 , 12645.63
29.626 , 12644.02
29.627 , 12574.86
29.629 , 12711.31
29.631 , 12572.87
29.633 , 12571.76
29.635 , 12708.21
29.637 , 12569.77
29.639 , 12568.66
29.641 , 12429.99
29.643 , 12497.43
29.645 , 12702.55
29.647 , 12564.11
29.649 , 12563.0
29.651 , 12768.23
29.652 , 12561.73
29.654 , 12629.4
29.664 , 12692.3
29.666 , 12691.41
29.668 , 12552.97
29.67 , 12551.86
29.672 , 12550.75
29.674 , 12549.64
29.676 , 12686.08
29.677 , 12617.04
29.679 , 12616.04
29.681 , 12683.82
29.683 , 12614.16
29.685 , 12613.16
29.687 , 12612.16
29.689 , 12611.16
29.691 , 12472.61
29.693 , 12540.16
29.695 , 12607.83
29.697 , 12538.05
29.699 , 12536.93
29.7 , 12467.66
29.702 , 12328.87
29.704 , 12533.74
29.706 , 12601.4
29.708 , 12462.85
29.71 , 12530.4
29.712 , 12666.85
29.714 , 12390.84
29.716 , 12389.49
29.718 , 12525.71
29.72 , 12524.61
29.722 , 12454.7
29.723 , 12385.31
29.725 , 12590.3
29.727 , 12382.96
29.729 , 12312.84
29.731 , 12380.16
29.733 , 12378.81
29.735 , 12446.25
29.737 , 12307.46
29.739 , 12374.78
29.741 , 12373.43
29.743 , 12440.87
29.745 , 12439.64
29.747 , 12507.18
29.749 , 12437.29
29.75 , 12436.67
29.752 , 12366.65
29.754 , 12434.1
29.756 , 12639.2
29.758 , 12363.18
29.76 , 12499.41
29.762 , 12498.28
29.764 , 12359.6
29.766 , 12495.81
29.768 , 12563.47
29.77 , 12562.47
29.772 , 12561.47
29.773 , 12492.3
29.775 , 12491.18
29.777 , 12558.84
29.779 , 12489.06
29.781 , 12487.94
29.783 , 12555.61
29.785 , 12554.61
29.787 , 12691.16
29.789 , 12415.26
29.791 , 12757.93
29.793 , 12619.7
29.795 , 12550.03
29.797 , 12686.59
29.799 , 12685.81
29.801 , 12616.26
29.802 , 12547.2
29.804 , 12546.2
29.806 , 12613.97
29.808 , 12613.08
29.81 , 12543.41
29.812 , 12404.84
29.814 , 12609.94
29.816 , 12746.61
29.818 , 12745.94
29.82 , 12538.94
29.822 , 12537.94
29.823 , 12881.44
29.825 , 12743.45
29.827 , 12536.45
29.829 , 12535.44
29.831 , 12740.77
29.833 , 12671.33
29.835 , 12739.33
29.837 , 12807.44
29.839 , 12738.11
29.841 , 12668.67
29.843 , 12599.1
29.845 , 12598.21
29.847 , 12528.53
29.848 , 12665.71
29.85 , 12527.35
29.852 , 12732.69
29.854 , 12525.68
29.856 , 12662.24
29.858 , 12867.8
29.86 , 12592.23
29.862 , 12522.56
29.864 , 12727.88
29.866 , 12520.88
29.868 , 12519.87
29.87 , 12381.3
29.872 , 12380.06
29.874 , 12447.6
29.876 , 12515.25
29.877 , 12514.86
29.879 , 12513.85
29.881 , 12512.84
29.883 , 12374.27
29.885 , 12441.8
29.887 , 12165.56
29.889 , 12507.87
29.891 , 12300.53
29.893 , 12505.51
29.895 , 12366.93
29.897 , 12434.46
29.899 , 12364.57
29.901 , 12294.54
29.903 , 12499.53
29.904 , 12361.57
29.906 , 12291.54
29.908 , 12358.96
29.91 , 12220.17
29.912 , 12356.25
29.914 , 12423.79
29.916 , 12422.66
29.918 , 12283.97
29.92 , 12420.17
29.922 , 12281.49
29.924 , 12348.93
29.926 , 12347.69
29.928 , 12277.67
29.93 , 12345.09
29.931 , 12344.46
29.933 , 12343.22
29.935 , 12273.2
29.937 , 12271.84
29.939 , 12270.48
29.941 , 12475.46
29.943 , 12336.88
29.945 , 12335.64
29.947 , 12334.39
29.949 , 12333.15
29.951 , 12125.57
29.953 , 12261.54
29.954 , 12467.14
29.956 , 12466.12
29.958 , 12327.54
29.96 , 12257.52
29.962 , 12256.16
29.964 , 12117.24
29.966 , 12459.55
29.968 , 12252.19
29.97 , 12388.39
29.972 , 12180.92
29.974 , 12385.78
29.976 , 12247.09
29.978 , 12383.29
29.98 , 12382.15
29.982 , 12312.24
29.983 , 12242.84
29.985 , 12310.25
29.987 , 12309.01
29.989 , 12238.98
29.991 , 12306.4
29.993 , 12305.15
29.995 , 12372.68
29.997 , 12371.55
29.999 , 12439.19
30.008 , 12433.8
30.01 , 12295.22
30.012 , 12225.19
30.014 , 12430.17
30.016 , 12291.59
30.018 , 12359.12
30.02 , 12426.76
30.022 , 12494.52
30.024 , 12287.26
30.026 , 12286.01
30.027 , 12285.39
30.029 , 12284.14
30.031 , 12282.88
30.033 , 12419.19
30.035 , 12280.61
30.037 , 12348.14
30.039 , 12415.78
30.041 , 12345.98
30.043 , 12276.06
30.044 , 12206.68
30.046 , 12411.65
30.048 , 12341.85
30.05 , 12134.35
30.052 , 12408.01
30.054 , 12338.21
30.056 , 12405.85
30.058 , 12542.38
30.06 , 12610.37
30.062 , 12403.35
30.063 , 12127.83
30.065 , 12332.69
30.067 , 12193.99
30.069 , 12192.63
30.071 , 12466.38
30.073 , 12465.46
30.075 , 12464.55
30.077 , 12394.86
30.079 , 12462.62
30.081 , 12461.71
30.083 , 12529.57
30.084 , 12391.85
30.086 , 12390.82
30.088 , 12389.79
30.09 , 12319.98
30.092 , 12387.63
30.094 , 12592.94
30.096 , 12385.92
30.098 , 12384.88
30.1 , 12315.07
30.102 , 12382.71
30.104 , 12450.47
30.105 , 12518.97
30.107 , 12243.04
30.109 , 12310.57
30.111 , 12309.42
30.113 , 12445.84
30.115 , 12307.37
30.117 , 12512.56
30.119 , 12374.21
30.121 , 12510.74
30.123 , 12303.6
30.124 , 12371.87
30.126 , 12302.06
30.128 , 12369.69
30.13 , 12368.67
30.132 , 12298.86
30.134 , 12366.49
30.136 , 12434.24
30.138 , 12433.33
30.14 , 12363.63
30.142 , 12293.82
30.143 , 12293.31
30.145 , 12223.39
30.147 , 12222.13
30.149 , 12289.65
30.151 , 12288.5
30.153 , 12356.14
30.155 , 12286.33
30.157 , 12422.74
30.159 , 12284.27
30.16 , 12352.53
30.162 , 12489.06
30.164 , 12557.04
30.166 , 12143.67
30.168 , 12348.63
30.17 , 12416.39
30.172 , 12277.9
30.174 , 12345.55
30.176 , 12344.52
30.178 , 12343.48
30.18 , 12342.45
30.182 , 12410.2
30.184 , 12409.28
30.185 , 12202.66
30.187 , 12407.73
30.189 , 12269.25
30.191 , 12199.33
30.193 , 12335.62
30.195 , 12265.81
30.197 , 12264.66
30.199 , 12332.29
30.201 , 12331.26
30.202 , 12262.08
30.204 , 12123.36
30.206 , 12259.55
30.208 , 12327.18
30.21 , 12051.02
30.212 , 11980.75
30.214 , 12116.7
30.216 , 12115.32
30.218 , 12320.29
30.219 , 12113.54
30.221 , 11974.6
30.223 , 12248.11
30.225 , 12246.96
30.227 , 12245.81
30.229 , 12175.88
30.231 , 12105.84
30.233 , 12173.24
30.235 , 12103.2
30.236 , 12102.45
30.238 , 12032.29
30.24 , 12168.35
30.242 , 12304.65
30.244 , 12028.49
30.246 , 12027.0
30.248 , 11956.73
30.25 , 12023.89
30.252 , 12159.96
30.254 , 12158.69
30.256 , 12157.42
30.258 , 12087.38
30.259 , 12155.41
30.261 , 12154.14
30.263 , 12084.1
30.265 , 12220.27
30.267 , 11943.99
30.269 , 12011.17
30.271 , 12353.57
30.273 , 12077.52
30.275 , 12282.48
30.277 , 12212.67
30.278 , 12280.93
30.28 , 12211.11
30.282 , 12141.16
30.284 , 12277.46
30.286 , 12207.64
30.288 , 11931.36
30.29 , 12204.88
30.292 , 12134.93
30.294 , 12202.45
30.295 , 12270.71
30.297 , 12063.34
30.299 , 12268.29
30.301 , 12198.47
30.303 , 12059.76
30.305 , 12058.37
30.307 , 12194.54
30.309 , 12124.61
30.311 , 12054.56
30.313 , 12053.17
30.315 , 12120.57
30.317 , 12188.08
30.318 , 12325.11
30.32 , 12117.85
30.322 , 12185.36
30.324 , 12115.42
30.326 , 12320.49
30.328 , 12182.0
30.33 , 12180.84
30.332 , 12248.46
30.334 , 12178.64
30.335 , 12178.12
30.337 , 12245.74
30.347 , 12377.16
30.349 , 12032.44
30.351 , 12168.61
30.352 , 12168.09
30.354 , 12029.37
30.356 , 12234.32
30.358 , 12233.28
30.36 , 12232.23
30.362 , 12162.41
30.364 , 12023.69
30.366 , 12091.08
30.368 , 12021.03
30.369 , 12089.05
30.371 , 12019.0
30.373 , 12292.73
30.375 , 12291.79
30.377 , 11946.97
30.379 , 12083.02
30.381 , 12150.53
30.383 , 12286.92
30.385 , 11942.09
30.387 , 12422.04
30.389 , 12146.22
30.391 , 12213.84
30.392 , 12144.65
30.394 , 12074.71
30.396 , 12073.44
30.398 , 12072.16
30.4 , 12208.44
30.402 , 12001.04
30.404 , 12137.22
30.406 , 11998.49
30.408 , 12203.43
30.409 , 12203.02
30.411 , 12133.2
30.413 , 12132.03
30.415 , 12062.1
30.417 , 12198.38
30.419 , 12059.76
30.421 , 12196.04
30.423 , 12057.46
30.425 , 11987.38
30.426 , 12055.43
30.428 , 12191.71
30.43 , 12190.66
30.432 , 11983.27
30.434 , 12050.65
30.436 , 12049.37
30.438 , 11910.54
30.44 , 11909.03
30.442 , 12113.86
30.444 , 12112.69
30.446 , 12111.53
30.447 , 11835.88
30.449 , 12109.38
30.451 , 11901.87
30.453 , 11831.58
30.455 , 12173.86
30.457 , 12172.8
30.459 , 12102.97
30.461 , 11964.25
30.463 , 11894.07
30.465 , 12030.12
30.467 , 11891.28
30.468 , 12027.97
30.47 , 11751.57
30.472 , 11956.17
30.474 , 11817.21
30.476 , 11953.15
30.478 , 11951.75
30.48 , 11950.35
30.482 , 11880.18
30.484 , 12085.0
30.486 , 11946.28
30.488 , 12013.66
30.489 , 11944.24
30.491 , 11736.5
30.493 , 11941.1
30.495 , 11939.7
30.497 , 11938.3
30.499 , 11799.35
30.501 , 11935.28
30.503 , 11933.88
30.505 , 11932.48
30.507 , 11793.51
30.509 , 11860.67
30.511 , 11790.38
30.512 , 11858.17
30.514 , 11925.44
30.516 , 11924.04
30.518 , 11922.64
30.52 , 11921.24
30.522 , 11988.61
30.524 , 11780.98
30.526 , 11848.14
30.528 , 11777.84
30.53 , 11776.21
30.531 , 11775.22
30.533 , 11842.38
30.535 , 11909.64
30.537 , 11908.24
30.539 , 11906.84
30.541 , 11905.43
30.543 , 11904.03
30.545 , 11833.85
30.547 , 11694.78
30.549 , 11830.59
30.55 , 11967.3
30.552 , 11966.01
30.554 , 11827.17
30.556 , 11894.41
30.558 , 11755.44
30.56 , 11753.81
30.562 , 11752.21
30.564 , 11888.13
30.566 , 11886.73
30.568 , 11885.32
30.57 , 11608.79
30.572 , 11950.84
30.574 , 11880.77
30.575 , 11948.79
30.577 , 11741.15
30.579 , 11808.3
30.581 , 11944.35
30.583 , 11943.05
30.585 , 11941.76
30.587 , 11802.91
30.589 , 11870.17
30.591 , 11937.54
30.593 , 11867.47
30.595 , 11934.85
30.596 , 11934.2
30.598 , 12001.69
30.6 , 12069.29
30.602 , 11861.9
30.604 , 11929.27
30.606 , 11859.2
30.608 , 11789.01
30.61 , 11925.05
30.612 , 11923.76
30.614 , 11784.91
30.616 , 11852.17
30.617 , 11713.85
30.619 , 11780.99
30.621 , 11917.03
30.623 , 11915.73
30.625 , 11776.88
30.627 , 11706.58
30.629 , 11704.95
30.631 , 11978.43
30.633 , 11702.13
30.635 , 11906.83
30.637 , 11699.2
30.639 , 11903.9
30.641 , 11696.27
30.642 , 11764.06
30.644 , 11831.31
30.646 , 11898.68
30.648 , 11828.61
30.65 , 11827.2
30.652 , 11825.79
30.654 , 11824.38
30.656 , 11891.75
30.658 , 11890.46
30.66 , 11820.38
30.662 , 11750.19
30.664 , 11886.23
30.665 , 11679.24
30.667 , 11815.16
30.669 , 11744.97
30.671 , 11881.0
30.673 , 11810.93
30.675 , 11947.09
30.677 , 11808.33
30.686 , 11939.95
30.688 , 11869.99
30.69 , 11937.47
30.692 , 11867.51
30.694 , 11866.21
30.696 , 11864.92
30.698 , 11794.84
30.7 , 11793.42
30.702 , 11792.01
30.704 , 11859.38
30.706 , 11514.17
30.708 , 11649.86
30.709 , 11855.21
30.711 , 11853.92
30.713 , 11715.05
30.715 , 11851.09
30.717 , 11712.22
30.719 , 11848.25
30.721 , 11846.95
30.723 , 11776.87
30.725 , 11775.46
30.727 , 11430.15
30.729 , 11772.05
30.73 , 11564.95
30.732 , 11769.53
30.734 , 11699.34
30.736 , 11697.81
30.738 , 11765.06
30.74 , 11763.64
30.742 , 11624.67
30.744 , 11691.8
30.746 , 11690.27
30.748 , 11619.96
30.75 , 11755.87
30.751 , 11617.55
30.753 , 11684.68
30.755 , 11683.15
30.757 , 11819.18
30.759 , 11749.1
30.761 , 11816.46
30.763 , 11815.15
30.765 , 11745.08
30.767 , 11743.66
30.769 , 11604.67
30.771 , 11878.14
30.773 , 11945.74
30.775 , 11807.11
30.777 , 11805.8
30.779 , 11804.49
30.78 , 11872.62
30.782 , 11733.87
30.784 , 11801.23
30.786 , 11662.37
30.788 , 11798.39
30.79 , 11797.08
30.792 , 11795.78
30.794 , 11656.92
30.796 , 11792.94
30.798 , 11791.64
30.8 , 11652.77
30.802 , 11788.81
30.803 , 11788.15
30.805 , 11786.85
30.807 , 11579.19
30.809 , 11646.34
30.811 , 11851.14
30.813 , 11781.17
30.815 , 11642.3
30.817 , 11709.55
30.819 , 11570.57
30.821 , 11637.7
30.823 , 11773.72
30.825 , 11772.41
30.827 , 11702.32
30.828 , 11839.11
30.83 , 11769.14
30.832 , 11836.61
30.834 , 11835.42
30.836 , 11834.22
30.838 , 11626.68
30.84 , 11762.71
30.842 , 11761.41
30.844 , 11760.1
30.846 , 11827.57
30.848 , 11826.37
30.849 , 11757.05
30.851 , 11755.73
30.853 , 11960.77
30.855 , 11753.46
30.857 , 11958.49
30.859 , 11751.18
30.861 , 11887.44
30.863 , 11817.57
30.865 , 11816.37
30.867 , 11746.4
30.869 , 11813.87
30.87 , 11813.33
30.872 , 11743.35
30.874 , 11604.48
30.876 , 11809.28
30.878 , 11808.08
30.88 , 11806.89
30.882 , 11805.69
30.884 , 11666.93
30.886 , 11803.06
30.888 , 11801.87
30.89 , 11594.33
30.892 , 11730.35
30.894 , 11729.04
30.896 , 11727.72
30.898 , 11932.75
30.899 , 11863.66
30.901 , 12000.13
30.903 , 11930.5
30.905 , 11998.31
30.907 , 11928.67
30.909 , 11858.92
30.911 , 11995.4
30.913 , 11925.76
30.915 , 11856.0
30.917 , 11786.14
30.919 , 11716.16
30.92 , 11784.28
30.922 , 11920.66
30.924 , 11850.88
30.926 , 11987.38
30.928 , 11986.52
30.93 , 11779.33
30.932 , 11915.69
30.934 , 11983.49
30.936 , 11913.86
30.938 , 11912.88
30.94 , 11911.91
30.941 , 11842.82
30.943 , 11910.51
30.945 , 11978.32
30.947 , 11977.46
30.949 , 11907.82
30.951 , 11975.63
30.953 , 11974.77
30.955 , 11973.91
30.957 , 11835.49
30.959 , 11834.4
30.961 , 11970.87
30.963 , 11901.23
30.965 , 12037.82
30.966 , 11968.95
30.968 , 11899.31
30.97 , 12035.9
30.972 , 11897.59
30.974 , 12102.96
30.976 , 12033.54
30.978 , 12032.8
30.98 , 11963.27
30.982 , 11893.63
30.984 , 12167.77
30.986 , 11960.92
30.988 , 11960.06
30.99 , 11959.2
30.992 , 11820.78
30.993 , 11957.9
30.995 , 11957.04
30.997 , 11887.4
30.999 , 11748.87
31.001 , 11885.22
31.003 , 11953.02
31.005 , 11814.6
31.007 , 11813.51
31.009 , 11949.97
31.011 , 11811.55
31.013 , 11810.46
31.015 , 12084.48
31.016 , 11946.95
31.018 , 11739.74
31.02 , 11738.54
31.03 , 11800.82
31.032 , 11730.94
31.033 , 12005.54
31.035 , 11798.45
31.037 , 11797.35
31.039 , 11796.24
31.041 , 11726.39
31.043 , 11725.18
31.045 , 11861.53
31.047 , 11722.99
31.049 , 11653.0
31.051 , 11858.01
31.053 , 11719.48
31.054 , 11650.13
31.056 , 11511.27
31.058 , 11578.49
31.06 , 11714.61
31.062 , 11782.18
31.064 , 11574.75
31.066 , 11573.31
31.068 , 11709.42
31.07 , 11708.22
31.072 , 11569.45
31.074 , 11843.12
31.076 , 11842.14
31.077 , 11566.71
31.079 , 11771.6
31.081 , 11701.72
31.083 , 11838.07
31.085 , 11699.52
31.087 , 11767.1
31.089 , 11766.0
31.091 , 11696.11
31.093 , 11832.47
31.095 , 11762.71
31.097 , 11830.39
31.099 , 11760.61
31.1 , 11897.74
31.102 , 11896.87
31.104 , 11758.44
31.106 , 11757.34
31.108 , 11756.24
31.11 , 11686.36
31.112 , 11753.93
31.114 , 11477.71
31.116 , 11613.71
31.117 , 11750.61
31.119 , 11887.06
31.121 , 11679.85
31.123 , 11747.42
31.125 , 11677.54
31.127 , 11469.99
31.129 , 11468.43
31.131 , 11604.43
31.133 , 11603.1
31.135 , 11601.77
31.136 , 11669.88
31.138 , 11668.67
31.14 , 11461.11
31.142 , 11803.45
31.144 , 11664.91
31.146 , 11457.35
31.148 , 11455.79
31.15 , 11591.79
31.152 , 11659.24
31.154 , 11658.02
31.156 , 11656.8
31.158 , 11586.81
31.159 , 11586.14
31.161 , 11584.81
31.163 , 11652.26
31.165 , 11582.26
31.167 , 11443.37
31.169 , 11373.03
31.171 , 11646.48
31.173 , 11507.69
31.175 , 11437.47
31.177 , 11435.91
31.178 , 11503.8
31.18 , 11433.57
31.182 , 11432.0
31.184 , 11430.45
31.186 , 11428.87
31.188 , 11702.44
31.19 , 11632.55
31.192 , 11631.33
31.194 , 11767.67
31.196 , 11491.57
31.198 , 11696.45
31.199 , 11696.01
31.201 , 11488.57
31.203 , 11555.9
31.205 , 11554.57
31.207 , 11553.23
31.209 , 11827.01
31.211 , 11551.0
31.213 , 11756.01
31.215 , 11686.24
31.217 , 11753.92
31.219 , 11684.14
31.22 , 11752.48
31.222 , 11613.92
31.224 , 11612.7
31.226 , 11680.26
31.228 , 11747.93
31.23 , 11746.94
31.232 , 11539.61
31.234 , 11744.6
31.236 , 11606.05
31.238 , 11673.61
31.239 , 11741.95
31.241 , 11740.95
31.243 , 11671.18
31.245 , 11670.07
31.247 , 11668.96
31.249 , 11805.41
31.251 , 11666.97
31.253 , 11803.42
31.255 , 11802.54
31.257 , 11801.66
31.259 , 11800.77
31.26 , 11663.0
31.262 , 11455.56
31.264 , 11729.22
31.266 , 11728.22
31.268 , 11520.88
31.27 , 11863.46
31.272 , 11793.91
31.274 , 11793.03
31.276 , 11860.92
31.278 , 11653.81
31.28 , 11790.26
31.282 , 11651.81
31.283 , 11582.59
31.285 , 11650.14
31.287 , 11717.81
31.289 , 11648.03
31.291 , 11509.36
31.293 , 11714.36
31.295 , 11919.7
31.297 , 11781.48
31.299 , 11711.82
31.301 , 11779.6
31.303 , 11572.38
31.304 , 11571.82
31.306 , 11639.37
31.308 , 11707.04
31.31 , 11843.6
31.312 , 11705.27
31.314 , 11497.93
31.316 , 11702.92
31.318 , 11564.36
31.32 , 11494.36
31.322 , 11493.01
31.323 , 11423.56
31.325 , 11628.44
31.327 , 11558.55
31.329 , 11626.09
31.331 , 11487.41
31.333 , 11554.85
31.335 , 11622.4
31.337 , 11414.94
31.339 , 11482.26
31.341 , 11618.48
31.343 , 11548.57
31.345 , 11478.57
31.347 , 11546.0
31.348 , 11476.66
31.35 , 11475.31
31.352 , 11611.53
31.354 , 11679.19
31.356 , 11540.63
31.358 , 11539.4
31.36 , 11606.94
31.369 , 11669.89
31.371 , 11531.33
31.373 , 11598.87
31.375 , 11597.75
31.377 , 11596.63
31.379 , 11457.96
31.381 , 11594.17
31.383 , 11661.83
31.385 , 11660.82
31.386 , 11454.15
31.388 , 11521.58
31.39 , 11589.13
31.392 , 11519.23
31.394 , 11449.21
31.396 , 11447.86
31.398 , 11584.07
31.4 , 11651.73
31.402 , 11513.16
31.404 , 11580.7
31.406 , 11579.58
31.408 , 11716.02
31.41 , 11440.0
31.411 , 11439.33
31.413 , 11506.76
31.415 , 11643.09
31.417 , 11642.07
31.419 , 11709.85
31.421 , 11846.54
31.423 , 11708.3
31.425 , 11638.61
31.427 , 11637.63
31.429 , 11499.04
31.43 , 11636.06
31.432 , 11635.05
31.434 , 11840.38
31.436 , 11839.71
31.438 , 11701.49
31.44 , 11631.81
31.442 , 11630.8
31.444 , 11629.79
31.446 , 11766.34
31.447 , 11491.12
31.449 , 11421.1
31.451 , 11763.65
31.453 , 11762.87
31.455 , 11624.53
31.457 , 11554.73
31.459 , 11622.39
31.461 , 11621.38
31.463 , 11757.93
31.465 , 11688.36
31.467 , 11481.13
31.469 , 11617.45
31.471 , 11753.99
31.473 , 11684.43
31.474 , 11684.21
31.476 , 11683.31
31.478 , 11682.42
31.48 , 11750.3
31.482 , 11611.96
31.484 , 11542.17
31.486 , 11541.04
31.488 , 11539.91
31.49 , 11470.0
31.492 , 11468.76
31.493 , 11605.76
31.495 , 11535.96
31.497 , 11328.5
31.499 , 11533.36
31.501 , 11463.46
31.503 , 11462.21
31.505 , 11598.53
31.507 , 11597.51
31.509 , 11527.72
31.511 , 11526.59
31.512 , 11388.58
31.514 , 11318.45
31.516 , 11316.97
31.518 , 11315.5
31.52 , 11107.68
31.522 , 11312.21
31.524 , 11379.52
31.526 , 11446.92
31.528 , 11445.68
31.53 , 11444.43
31.532 , 11305.63
31.534 , 11579.29
31.535 , 11372.6
31.537 , 11440.02
31.539 , 11507.55
31.541 , 11300.08
31.543 , 11436.17
31.545 , 11366.14
31.547 , 11364.8
31.549 , 11432.22
31.551 , 11362.2
31.552 , 11292.71
31.554 , 11222.48
31.556 , 11358.45
31.558 , 11357.09
31.56 , 11218.17
31.562 , 11354.14
31.564 , 11284.0
31.566 , 11351.3
31.568 , 11349.94
31.57 , 11279.79
31.572 , 11347.1
31.573 , 11346.42
31.575 , 11345.05
31.577 , 11343.69
31.579 , 11135.98
31.581 , 11134.27
31.583 , 11132.57
31.585 , 11199.64
31.587 , 11335.6
31.589 , 11265.46
31.591 , 11126.42
31.593 , 11331.05
31.594 , 11330.37
31.596 , 11260.23
31.598 , 11258.75
31.6 , 11257.27
31.602 , 11324.57
31.604 , 11460.76
31.606 , 11528.41
31.608 , 11389.83
31.61 , 11251.02
31.612 , 11387.09
31.613 , 11317.75
31.615 , 11453.94
31.617 , 11040.13
31.619 , 11244.64
31.621 , 11243.16
31.623 , 11310.46
31.625 , 11309.09
31.627 , 11376.5
31.629 , 11237.69
31.63 , 11443.23
31.632 , 11166.98
31.634 , 11371.72
31.636 , 11301.69
31.638 , 11162.76
31.64 , 11229.95
31.642 , 11090.91
31.644 , 10951.63
31.646 , 11224.81
31.648 , 11360.89
31.65 , 11084.52
31.651 , 11358.61
31.654 , 11287.89
31.656 , 11286.52
31.657 , 11148.28
31.659 , 11421.79
31.661 , 11214.32
31.663 , 11075.27
31.665 , 11348.69
31.667 , 11416.2
31.669 , 11208.72
31.671 , 11207.24
31.673 , 11205.75
31.675 , 11341.84
31.677 , 11340.58
31.678 , 11202.45
31.68 , 11269.75
31.682 , 11474.71
31.684 , 11198.57
31.686 , 11403.42
31.688 , 11127.17
31.69 , 11263.12
31.692 , 11124.19
31.694 , 11053.81
31.696 , 11258.43
31.698 , 11257.06
31.699 , 11256.38
31.709 , 11387.07
31.711 , 11248.37
31.713 , 11247.0
31.715 , 11176.84
31.717 , 11381.69
31.719 , 11380.55
31.721 , 11241.83
31.723 , 11171.68
31.724 , 11170.88
31.726 , 11169.39
31.728 , 11167.9
31.73 , 10960.08
31.732 , 11095.8
31.734 , 11025.42
31.736 , 11023.7
31.738 , 10953.2
31.74 , 11088.93
31.742 , 11087.32
31.744 , 11154.5
31.745 , 11084.92
31.747 , 11014.53
31.749 , 11150.37
31.751 , 11080.1
31.753 , 11147.28
31.755 , 11077.01
31.757 , 11075.4
31.759 , 11142.57
31.761 , 11072.3
31.763 , 11001.91
31.764 , 10932.1
31.766 , 10999.04
31.768 , 11066.1
31.77 , 11133.27
31.772 , 11269.35
31.774 , 11268.08
31.776 , 11060.47
31.778 , 10852.53
31.78 , 10919.36
31.782 , 11330.21
31.784 , 10916.37
31.786 , 11120.87
31.788 , 11119.38
31.789 , 10843.46
31.791 , 11116.62
31.793 , 10908.79
31.795 , 11113.29
31.797 , 11180.59
31.799 , 11110.42
31.801 , 11108.92
31.803 , 11176.22
31.805 , 10968.49
31.807 , 11173.12
31.808 , 11103.65
31.81 , 11102.15
31.812 , 11100.66
31.814 , 11030.38
31.816 , 11372.67
31.818 , 11027.73
31.82 , 11370.02
31.822 , 11093.87
31.824 , 11023.59
31.826 , 11159.54
31.827 , 11090.07
31.829 , 11157.35
31.831 , 11087.18
31.833 , 11085.68
31.835 , 11152.98
31.837 , 11082.8
31.839 , 11081.3
31.841 , 10942.25
31.843 , 11078.08
31.845 , 11214.14
31.847 , 11075.31
31.849 , 11073.82
31.85 , 11073.01
31.852 , 10933.96
31.854 , 11001.01
31.856 , 11068.17
31.858 , 11066.67
31.86 , 11065.17
31.862 , 11063.67
31.864 , 10993.4
31.866 , 10991.78
31.868 , 10990.17
31.869 , 10989.25
31.871 , 11056.41
31.873 , 10986.13
31.875 , 11122.08
31.877 , 11258.25
31.879 , 11119.54
31.881 , 11049.37
31.883 , 11116.65
31.885 , 10977.7
31.887 , 11044.87
31.889 , 11180.92
31.891 , 11042.09
31.892 , 11041.29
31.894 , 11039.79
31.896 , 11038.28
31.898 , 11036.78
31.9 , 11172.84
31.902 , 11309.12
31.904 , 11170.52
31.906 , 11169.25
31.908 , 11236.75
31.91 , 11166.81
31.912 , 11234.32
31.914 , 11233.16
31.915 , 11026.34
31.917 , 11093.62
31.919 , 11092.23
31.921 , 11228.41
31.923 , 11296.03
31.925 , 11019.86
31.927 , 11293.49
31.929 , 11292.45
31.931 , 11222.62
31.933 , 11152.66
31.934 , 11083.3
31.936 , 10944.35
31.938 , 11080.29
31.94 , 11078.92
31.942 , 11215.09
31.944 , 11213.93
31.946 , 11006.43
31.948 , 11142.48
31.95 , 11278.76
31.952 , 11140.16
31.953 , 11277.13
31.955 , 11207.3
31.957 , 11068.58
31.959 , 11067.19
31.961 , 10928.24
31.963 , 10926.62
31.965 , 11200.12
31.967 , 11130.17
31.969 , 11060.12
31.971 , 11196.28
31.973 , 11126.34
31.975 , 11125.06
31.977 , 11192.56
31.979 , 11053.84
31.98 , 11053.14
31.982 , 11189.3
31.984 , 11119.36
31.986 , 10980.52
31.988 , 11047.79
31.99 , 11183.96
31.992 , 11182.79
31.994 , 10975.29
31.996 , 11042.56
31.998 , 11041.16
32.0 , 11108.55
32.001 , 11039.18
32.003 , 10969.01
32.005 , 11242.62
32.007 , 11104.01
32.009 , 11033.95
32.011 , 11170.11
32.013 , 11031.38
32.015 , 10892.43
32.017 , 10822.02
32.018 , 11164.88
32.02 , 10957.37
32.022 , 11162.2
32.024 , 11023.47
32.026 , 11022.07
32.028 , 11089.46
32.03 , 10950.6
32.032 , 11086.65
32.034 , 11016.6
32.035 , 11084.67
32.037 , 11014.62
32.039 , 11081.99
32.041 , 11080.7
32.051 , 10867.49
32.053 , 11003.42
32.055 , 11002.04
32.056 , 10863.76
32.058 , 11068.49
32.06 , 11067.21
32.062 , 10997.14
32.064 , 10995.74
32.066 , 10788.0
32.068 , 10855.04
32.07 , 10990.97
32.072 , 11195.91
32.073 , 10851.65
32.075 , 11056.36
32.077 , 10986.29
32.079 , 10916.12
32.081 , 10983.38
32.083 , 10981.98
32.085 , 10980.58
32.087 , 10841.61
32.089 , 10977.54
32.09 , 10976.84
32.092 , 10906.65
32.094 , 10836.36
32.096 , 10765.94
32.098 , 10970.54
32.1 , 11175.48
32.102 , 10968.07
32.104 , 10966.67
32.106 , 11034.06
32.108 , 11170.32
32.11 , 10894.14
32.112 , 10892.62
32.113 , 11029.36
32.115 , 11028.07
32.117 , 10889.22
32.119 , 11094.04
32.121 , 10886.53
32.123 , 11091.35
32.125 , 11090.17
32.127 , 11020.22
32.129 , 10881.37
32.13 , 10949.33
32.132 , 10879.15
32.134 , 10946.41
32.136 , 11013.78
32.138 , 10874.93
32.14 , 10942.19
32.142 , 10940.78
32.144 , 10939.37
32.146 , 10800.41
32.148 , 10936.33
32.149 , 10866.85
32.151 , 10934.11
32.153 , 10932.7
32.155 , 10862.52
32.157 , 10723.44
32.159 , 10996.8
32.161 , 10995.51
32.163 , 10787.88
32.165 , 11130.14
32.167 , 10716.4
32.169 , 10783.43
32.171 , 10919.35
32.173 , 10917.94
32.174 , 10917.24
32.176 , 10984.61
32.178 , 10983.31
32.18 , 10982.02
32.182 , 10911.94
32.184 , 10910.54
32.186 , 10977.91
32.188 , 10976.62
32.19 , 10975.32
32.192 , 11042.81
32.194 , 11041.63
32.195 , 10972.37
32.197 , 11108.63
32.199 , 10970.01
32.201 , 10899.93
32.203 , 10967.3
32.205 , 11034.78
32.207 , 10827.26
32.209 , 10894.52
32.211 , 11168.22
32.213 , 11098.49
32.214 , 10960.57
32.216 , 11096.83
32.218 , 10889.43
32.22 , 10888.01
32.222 , 10886.6
32.224 , 11091.52
32.226 , 11090.45
32.228 , 10883.04
32.23 , 10881.62
32.232 , 10880.21
32.234 , 10947.58
32.235 , 10946.99
32.237 , 11014.47
32.239 , 11013.28
32.241 , 10805.76
32.243 , 10873.01
32.245 , 10940.38
32.247 , 10939.07
32.249 , 10800.22
32.251 , 10729.91
32.253 , 10728.27
32.254 , 10796.11
32.256 , 10863.36
32.258 , 10861.94
32.26 , 10929.31
32.262 , 10859.23
32.264 , 10926.59
32.266 , 10994.07
32.268 , 10992.88
32.27 , 10991.69
32.272 , 10990.51
32.274 , 11058.1
32.275 , 10851.4
32.277 , 10849.98
32.279 , 10848.56
32.281 , 10847.15
32.283 , 10845.72
32.285 , 10775.52
32.287 , 10773.99
32.289 , 10910.03
32.291 , 10702.38
32.293 , 10700.73
32.295 , 10767.86
32.297 , 10697.55
32.298 , 10834.17
32.3 , 10832.75
32.302 , 10693.78
32.304 , 10692.13
32.306 , 10896.83
32.308 , 10826.75
32.31 , 10894.1
32.312 , 10824.02
32.314 , 10753.83
32.316 , 10821.07
32.317 , 10682.79
32.319 , 10818.71
32.321 , 10748.51
32.323 , 10815.75
32.325 , 10608.0
32.327 , 10606.24
32.329 , 10742.03
32.331 , 10740.49
32.333 , 10807.74
32.335 , 10806.32
32.336 , 10874.39
32.338 , 10804.3
32.34 , 10734.1
32.342 , 10595.0
32.344 , 10799.56
32.346 , 10798.14
32.348 , 10727.94
32.35 , 10863.96
32.352 , 10725.1
32.354 , 10723.56
32.356 , 10928.37
32.358 , 10789.61
32.36 , 10925.74
32.362 , 10718.21
32.363 , 10786.17
32.365 , 10922.3
32.367 , 10989.88
32.369 , 10713.69
32.371 , 10643.37
32.373 , 10848.05
32.375 , 10709.19
32.377 , 10776.43
32.379 , 10775.0
32.381 , 10773.58
32.39 , 10767.17
32.392 , 10765.74
32.394 , 10764.3
32.396 , 10694.11
32.398 , 10623.78
32.4 , 10622.12
32.402 , 10895.6
32.403 , 10757.55
32.405 , 10893.69
32.407 , 10823.7
32.409 , 10684.83
32.411 , 10752.07
32.413 , 10819.42
32.415 , 10611.77
32.417 , 10747.67
32.419 , 10746.24
32.421 , 10813.59
32.423 , 10674.72
32.425 , 10535.62
32.427 , 10808.96
32.428 , 10808.39
32.43 , 10807.07
32.432 , 10805.74
32.434 , 10804.45
32.436 , 10803.13
32.438 , 10733.04
32.44 , 10800.39
32.442 , 10661.49
32.444 , 10797.53
32.445 , 11003.26
32.447 , 10589.6
32.449 , 10725.52
32.451 , 10586.51
32.453 , 10791.21
32.455 , 10789.89
32.457 , 10651.02
32.459 , 10649.47
32.461 , 10647.93
32.463 , 10646.38
32.465 , 10713.62
32.467 , 10643.41
32.468 , 10848.91
32.47 , 10778.93
32.472 , 10846.39
32.474 , 10638.85
32.476 , 10637.3
32.478 , 10566.98
32.48 , 10565.32
32.482 , 10563.66
32.484 , 10630.77
32.486 , 10698.01
32.488 , 10627.79
32.49 , 10626.24
32.492 , 10487.14
32.493 , 10486.08
32.495 , 10621.86
32.497 , 10482.75
32.499 , 10687.32
32.501 , 10479.54
32.503 , 10546.55
32.505 , 10613.66
32.507 , 10543.33
32.509 , 10404.11
32.511 , 10539.78
32.512 , 10676.39
32.514 , 10399.84
32.516 , 10535.5
32.518 , 10396.28
32.52 , 10531.93
32.522 , 10530.27
32.524 , 10459.83
32.526 , 10251.71
32.528 , 10524.7
32.53 , 10591.82
32.531 , 10659.76
32.533 , 10451.99
32.535 , 10587.77
32.537 , 10242.32
32.539 , 10446.53
32.541 , 10651.09
32.543 , 10649.65
32.545 , 10373.1
32.547 , 10302.42
32.549 , 10644.33
32.551 , 10436.54
32.553 , 10297.2
32.555 , 10639.1
32.556 , 10432.03
32.558 , 10499.05
32.56 , 10566.16
32.562 , 10495.82
32.564 , 10494.16
32.566 , 10492.49
32.568 , 10284.47
32.57 , 10420.03
32.572 , 10349.46
32.574 , 10485.12
32.576 , 10552.24
32.577 , 10276.28
32.579 , 10480.6
32.581 , 10547.71
32.583 , 10477.38
32.585 , 10475.71
32.587 , 10474.04
32.589 , 10334.81
32.591 , 10608.03
32.593 , 10400.25
32.595 , 10467.24
32.597 , 10396.79
32.598 , 10533.29
32.6 , 10531.73
32.602 , 10530.17
32.604 , 10184.72
32.606 , 10388.93
32.608 , 10524.7
32.61 , 10248.03
32.612 , 10383.57
32.614 , 10450.57
32.616 , 10448.89
32.618 , 10516.0
32.619 , 10240.05
32.621 , 10375.59
32.623 , 10373.8
32.625 , 10578.36
32.627 , 10439.35
32.629 , 10437.68
32.631 , 10436.01
32.633 , 10296.78
32.635 , 10501.21
32.636 , 10431.59
32.638 , 10429.92
32.64 , 10634.59
32.642 , 10426.92
32.644 , 10425.24
32.646 , 10492.35
32.648 , 10422.01
32.65 , 10557.89
32.652 , 10418.89
32.654 , 10554.77
32.656 , 10415.77
32.658 , 10482.87
32.659 , 10550.81
32.661 , 10480.59
32.663 , 10547.8
32.665 , 10615.15
32.667 , 10407.47
32.669 , 10405.79
32.671 , 10472.89
32.673 , 10471.34
32.675 , 10607.33
32.677 , 10468.44
32.679 , 10535.65
32.681 , 10396.66
32.683 , 10601.32
32.685 , 10393.64
32.686 , 10530.25
32.688 , 10528.8
32.69 , 10527.35
32.692 , 10525.9
32.694 , 10593.23
32.696 , 10523.12
32.698 , 10590.45
32.7 , 10589.12
32.702 , 10450.22
32.704 , 10379.88
32.706 , 10378.19
32.707 , 10446.02
32.709 , 10375.67
32.711 , 10373.99
32.713 , 10578.66
32.715 , 10370.97
32.717 , 10369.29
32.719 , 10573.95
32.721 , 10572.61
32.73 , 10634.97
32.732 , 10427.42
32.734 , 10494.63
32.736 , 10493.17
32.738 , 10422.94
32.74 , 10352.59
32.742 , 10626.03
32.744 , 10418.47
32.746 , 10554.46
32.748 , 10484.34
32.75 , 10207.77
32.751 , 10550.48
32.753 , 10549.14
32.755 , 10479.02
32.757 , 10340.01
32.759 , 10475.89
32.761 , 10405.65
32.763 , 10404.08
32.765 , 10402.51
32.767 , 10538.5
32.769 , 10330.82
32.77 , 10329.87
32.772 , 10465.74
32.774 , 10464.29
32.776 , 10531.61
32.778 , 10530.27
32.78 , 10391.36
32.782 , 10321.0
32.784 , 10388.1
32.786 , 10455.32
32.788 , 10522.63
32.79 , 10383.73
32.792 , 10382.16
32.793 , 10312.54
32.795 , 10517.19
32.797 , 10378.29
32.799 , 10583.05
32.801 , 10306.71
32.803 , 10305.02
32.805 , 10372.11
32.807 , 10508.1
32.809 , 10369.21
32.811 , 10367.63
32.813 , 10297.27
32.815 , 10364.36
32.817 , 10294.02
32.818 , 10361.84
32.82 , 10360.27
32.822 , 10358.69
32.824 , 10357.12
32.826 , 10424.32
32.828 , 10491.64
32.83 , 10490.3
32.832 , 10282.61
32.834 , 10418.48
32.836 , 10417.02
32.837 , 10485.07
32.839 , 10277.39
32.841 , 10344.48
32.843 , 10480.46
32.845 , 10341.55
32.847 , 10339.98
32.849 , 10475.96
32.851 , 10474.61
32.853 , 10473.27
32.855 , 10403.13
32.857 , 10401.67
32.858 , 10125.82
32.86 , 10467.79
32.862 , 10260.11
32.864 , 10258.42
32.866 , 10187.94
32.868 , 10254.92
32.87 , 10253.23
32.872 , 10320.31
32.874 , 10249.96
32.876 , 10317.04
32.878 , 10315.47
32.88 , 10313.88
32.882 , 10449.87
32.883 , 10311.69
32.885 , 10241.33
32.887 , 10445.97
32.889 , 10307.07
32.891 , 10167.93
32.893 , 10303.68
32.895 , 10164.54
32.897 , 10437.85
32.899 , 10436.5
32.901 , 10297.59
32.903 , 10296.01
32.905 , 10088.08
32.906 , 10362.02
32.908 , 10085.42
32.91 , 10358.62
32.912 , 10219.59
32.914 , 10424.24
32.916 , 10422.89
32.918 , 10283.97
32.92 , 10213.61
32.922 , 10280.69
32.924 , 10554.23
32.926 , 10209.2
32.927 , 10070.68
32.929 , 10343.87
32.931 , 10204.85
32.933 , 10340.71
32.935 , 10201.68
32.937 , 10199.98
32.939 , 10267.09
32.941 , 10265.5
32.943 , 10126.34
32.945 , 10262.11
32.947 , 10191.75
32.949 , 10258.83
32.951 , 10257.24
32.952 , 10256.39
32.954 , 10254.81
32.956 , 10253.22
32.958 , 10389.2
32.96 , 10181.5
32.962 , 10386.14
32.964 , 10591.12
32.966 , 10177.44
32.968 , 10382.07
32.97 , 10449.49
32.972 , 10448.25
32.973 , 10447.75
32.975 , 10377.73
32.977 , 10376.37
32.979 , 10375.01
32.981 , 10442.43
32.983 , 10372.41
32.985 , 10439.83
32.987 , 10232.25
32.989 , 10230.66
32.991 , 10297.85
32.993 , 10365.16
32.994 , 10295.76
32.996 , 10569.4
32.998 , 10293.27
33.0 , 10566.91
33.002 , 10290.78
33.004 , 10426.86
33.006 , 10494.39
33.008 , 10424.49
33.01 , 10354.46
33.012 , 10421.88
33.014 , 10283.08
33.016 , 10281.6
33.017 , 10280.87
33.019 , 10554.5
33.021 , 10415.93
33.023 , 10208.35
33.025 , 10344.3
33.027 , 10342.95
33.029 , 10410.37
33.031 , 10340.34
33.033 , 10407.76
33.035 , 10268.94
33.036 , 10337.0
33.038 , 10404.42
33.04 , 10403.16
33.042 , 10264.35
33.044 , 10262.87
33.046 , 10261.39
33.048 , 10397.47
33.05 , 10533.8
33.052 , 10464.01
33.054 , 10394.09
33.055 , 10393.58
33.057 , 10392.33
33.059 , 10528.64
33.061 , 10458.84
33.063 , 10320.15
33.073 , 10175.31
33.075 , 10173.69
33.077 , 10172.12
33.078 , 10171.27
33.08 , 10307.23
33.082 , 10374.64
33.084 , 10235.83
33.086 , 10234.35
33.088 , 10164.09
33.09 , 10162.5
33.092 , 10160.9
33.094 , 10159.31
33.095 , 10296.01
33.097 , 10157.08
33.099 , 10293.05
33.101 , 10291.68
33.103 , 10083.96
33.105 , 10151.03
33.107 , 10011.88
33.109 , 10147.61
33.111 , 10077.23
33.112 , 10076.26
33.114 , 10143.33
33.116 , 10141.73
33.118 , 10346.48
33.12 , 10138.88
33.122 , 10068.5
33.124 , 10204.35
33.126 , 10134.09
33.128 , 10132.49
33.13 , 10130.89
33.132 , 10266.85
33.133 , 10128.66
33.135 , 10058.29
33.137 , 10125.35
33.139 , 10123.75
33.141 , 10190.93
33.143 , 10051.89
33.145 , 9912.615
33.147 , 10117.01
33.149 , 9909.072
33.151 , 10044.69
33.152 , 10043.71
33.154 , 10042.0
33.156 , 10109.06
33.158 , 10107.46
33.16 , 9899.524
33.162 , 9966.359
33.164 , 10239.64
33.166 , 9894.377
33.168 , 10167.55
33.17 , 9890.946
33.172 , 10026.56
33.174 , 9956.062
33.175 , 10161.31
33.177 , 10022.27
33.179 , 10020.55
33.181 , 9950.054
33.183 , 10017.0
33.185 , 10015.28
33.187 , 9944.785
33.189 , 9874.176
33.191 , 10147.34
33.193 , 9939.518
33.195 , 9868.907
33.196 , 9867.704
33.198 , 9796.975
33.2 , 9932.474
33.202 , 9999.431
33.204 , 9928.923
33.206 , 9995.877
33.208 , 9994.158
33.21 , 10061.22
33.212 , 9715.694
33.214 , 9782.308
33.216 , 9917.803
33.217 , 9847.936
33.219 , 9845.985
33.221 , 9912.815
33.223 , 10048.55
33.225 , 9978.154
33.227 , 9976.433
33.229 , 10112.27
33.231 , 9766.883
33.233 , 9971.152
33.235 , 10038.21
33.236 , 9968.572
33.238 , 10104.41
33.24 , 10034.13
33.242 , 10032.53
33.244 , 10099.7
33.246 , 10029.43
33.248 , 9890.26
33.25 , 10025.98
33.252 , 9680.48
33.254 , 9953.413
33.256 , 9882.911
33.257 , 10225.72
33.259 , 9949.336
33.261 , 9947.609
33.263 , 9808.329
33.265 , 10012.71
33.267 , 10011.11
33.269 , 10009.49
33.271 , 10145.43
33.273 , 10006.49
33.275 , 10211.23
33.276 , 10210.7
33.278 , 10071.88
33.28 , 10207.95
33.282 , 10137.89
33.284 , 10205.29
33.286 , 10272.81
33.288 , 10271.66
33.29 , 10064.15
33.292 , 10062.67
33.294 , 9992.379
33.296 , 10059.56
33.298 , 10058.05
33.299 , 10057.31
33.301 , 10055.82
33.303 , 10054.31
33.305 , 10259.15
33.307 , 10120.44
33.309 , 9981.498
33.311 , 9979.885
33.313 , 10047.05
33.315 , 10183.11
33.317 , 10181.84
33.319 , 9905.452
33.32 , 10042.03
33.322 , 10178.09
33.324 , 10108.04
33.326 , 10037.88
33.328 , 9967.597
33.33 , 9828.41
33.332 , 9964.124
33.334 , 9962.521
33.336 , 9960.897
33.338 , 9752.941
33.339 , 9958.07
33.341 , 9750.119
33.343 , 9954.497
33.345 , 9815.322
33.347 , 9744.698
33.349 , 9880.298
33.351 , 9878.565
33.353 , 9808.056
33.355 , 9806.211
33.356 , 9805.117
33.358 , 9803.268
33.36 , 9801.424
33.362 , 9730.798
33.364 , 9728.84
33.366 , 9726.875
33.368 , 9724.914
33.37 , 9929.291
33.372 , 9790.113
33.374 , 9650.696
33.376 , 9579.854
33.378 , 9577.663
33.379 , 9576.223
33.382 , 9710.839
33.383 , 9640.837
33.385 , 9638.763
33.387 , 9843.021
33.389 , 9703.729
33.391 , 9632.987
33.393 , 9699.688
33.395 , 9835.282
33.397 , 9695.991
33.399 , 9625.247
33.401 , 9623.166
33.403 , 9552.312
33.412 , 9751.182
33.414 , 9680.55
33.416 , 9816.144
33.418 , 9676.85
33.42 , 9674.885
33.422 , 9672.918
33.424 , 9670.953
33.425 , 9738.52
33.427 , 9736.67
33.429 , 9666.036
33.431 , 9732.85
33.433 , 9868.557
33.435 , 9935.71
33.437 , 9934.202
33.439 , 9932.717
33.441 , 9931.205
33.443 , 9860.895
33.445 , 9928.072
33.447 , 9926.564
33.449 , 9787.494
33.45 , 10061.63
33.452 , 9716.429
33.454 , 9920.934
33.456 , 9919.423
33.458 , 10055.47
33.46 , 9847.852
33.462 , 9915.003
33.464 , 9982.271
33.466 , 9843.317
33.468 , 10048.03
33.47 , 9909.187
33.471 , 10045.99
33.473 , 10044.71
33.475 , 10043.42
33.477 , 10042.14
33.479 , 9972.077
33.481 , 9970.679
33.483 , 10038.06
33.485 , 10105.55
33.487 , 10104.38
33.488 , 10035.19
33.49 , 10033.91
33.492 , 10101.4
33.494 , 10031.45
33.496 , 10030.17
33.498 , 10097.66
33.5 , 9958.932
33.502 , 9957.531
33.504 , 9887.351
33.506 , 9954.616
33.507 , 9885.195
33.509 , 10090.02
33.511 , 10020.06
33.513 , 10087.56
33.515 , 10086.39
33.517 , 9947.658
33.519 , 10083.81
33.521 , 9945.084
33.523 , 9943.683
33.525 , 9873.497
33.527 , 10078.32
33.529 , 10008.37
33.53 , 10007.84
33.532 , 9937.77
33.534 , 10073.93
33.536 , 10003.97
33.538 , 10002.69
33.54 , 10070.17
33.542 , 10000.22
33.544 , 9930.154
33.546 , 10066.31
33.548 , 9996.354
33.549 , 9858.256
33.551 , 9856.738
33.553 , 9855.217
33.555 , 9922.479
33.557 , 9783.517
33.559 , 9919.441
33.561 , 9918.034
33.563 , 10054.21
33.565 , 10121.82
33.567 , 10051.97
33.569 , 10050.8
33.57 , 9844.043
33.572 , 10186.42
33.574 , 10185.47
33.576 , 9909.405
33.578 , 9908.0
33.58 , 9906.592
33.582 , 9973.966
33.584 , 9835.115
33.586 , 9833.596
33.588 , 10244.75
33.59 , 9900.018
33.592 , 9829.829
33.594 , 10103.42
33.595 , 9759.214
33.597 , 9826.367
33.599 , 9893.627
33.601 , 10098.55
33.603 , 9959.919
33.605 , 10027.42
33.607 , 9957.446
33.609 , 9543.476
33.611 , 10091.74
33.613 , 9884.326
33.614 , 9952.458
33.616 , 10019.94
33.618 , 9881.203
33.62 , 9879.794
33.622 , 9878.38
33.624 , 9876.974
33.626 , 9738.005
33.628 , 9805.146
33.63 , 9872.397
33.632 , 10008.54
33.634 , 9732.249
33.636 , 9799.386
33.638 , 9729.082
33.64 , 10002.56
33.641 , 9658.245
33.643 , 9862.825
33.645 , 9930.192
33.647 , 9722.56
33.649 , 9858.477
33.651 , 9857.062
33.653 , 9855.65
33.655 , 9854.239
33.657 , 10059.16
33.659 , 9714.197
33.66 , 9850.879
33.662 , 9987.022
33.664 , 9848.278
33.666 , 9846.866
33.668 , 9845.453
33.67 , 9844.051
33.672 , 9911.416
33.674 , 9772.546
33.676 , 9839.81
33.678 , 9907.171
33.68 , 9837.094
33.682 , 9835.679
33.684 , 9696.707
33.685 , 9833.384
33.687 , 9831.97
33.689 , 9761.775
33.691 , 9760.242
33.693 , 9758.715
33.695 , 9757.186
33.697 , 9824.434
33.699 , 9754.236
33.701 , 9752.707
33.703 , 9613.619
33.705 , 9680.636
33.707 , 9816.549
33.708 , 9678.34
33.71 , 9745.475
33.712 , 9743.94
33.714 , 9742.409
33.716 , 9878.435
33.718 , 9808.354
33.72 , 9806.935
33.722 , 9667.948
33.724 , 9528.743
33.726 , 9595.644
33.728 , 9525.104
33.73 , 9592.007
33.731 , 9728.569
33.733 , 9589.477
33.735 , 9587.715
33.737 , 9448.395
33.739 , 9721.521
33.741 , 9582.426
33.743 , 9718.222
33.752 , 9573.758
33.754 , 9571.991
33.756 , 9776.565
33.758 , 9775.146
33.76 , 9567.388
33.762 , 9771.958
33.764 , 9770.537
33.766 , 9631.545
33.768 , 9767.463
33.77 , 9628.473
33.772 , 9558.042
33.774 , 9556.277
33.776 , 9623.289
33.778 , 9621.639
33.779 , 9689.535
33.781 , 9481.66
33.783 , 9686.116
33.785 , 9684.578
33.787 , 9545.483
33.789 , 9612.504
33.791 , 9473.283
33.793 , 9608.971
33.795 , 9538.529
33.797 , 9605.55
33.799 , 9672.675
33.801 , 9739.915
33.802 , 9532.925
33.804 , 9806.271
33.806 , 9667.401
33.808 , 9665.863
33.81 , 9733.101
33.812 , 9662.897
33.814 , 9661.357
33.816 , 9522.258
33.818 , 9520.478
33.82 , 9518.708
33.822 , 9379.381
33.823 , 9653.266
33.825 , 9720.505
33.827 , 9512.741
33.829 , 9717.31
33.831 , 9509.543
33.833 , 9438.994
33.835 , 9574.669
33.837 , 9435.451
33.839 , 9639.904
33.841 , 9225.688
33.843 , 9292.238
33.845 , 9358.901
33.847 , 9219.343
33.849 , 9423.451
33.85 , 9491.115
33.852 , 9489.342
33.854 , 9487.57
33.856 , 9554.577
33.858 , 9415.358
33.86 , 9482.25
33.862 , 9618.035
33.864 , 9410.156
33.866 , 9614.603
33.868 , 9269.164
33.869 , 9267.819
33.871 , 9403.261
33.873 , 9470.149
33.875 , 9468.376
33.877 , 9397.824
33.879 , 9395.935
33.881 , 9462.824
33.883 , 9461.049
33.885 , 9390.496
33.887 , 9663.72
33.889 , 9318.384
33.891 , 9247.602
33.892 , 9315.034
33.895 , 9312.255
33.896 , 9448.593
33.898 , 9309.248
33.9 , 9238.463
33.902 , 9373.902
33.904 , 9372.011
33.906 , 9370.12
33.908 , 9437.006
33.91 , 9228.893
33.912 , 9226.772
33.914 , 9430.987
33.916 , 9429.211
33.917 , 9496.986
33.919 , 9357.767
33.921 , 9630.987
33.923 , 9560.773
33.925 , 9421.668
33.927 , 9626.249
33.929 , 9418.452
33.931 , 9416.674
33.933 , 9414.918
33.935 , 9550.696
33.937 , 9411.565
33.938 , 9616.921
33.94 , 9477.928
33.942 , 9545.039
33.944 , 9474.711
33.946 , 9473.046
33.948 , 9402.599
33.95 , 9400.819
33.952 , 9467.819
33.954 , 9672.49
33.956 , 9396.048
33.958 , 9600.604
33.96 , 9599.168
33.962 , 9597.727
33.963 , 9528.287
33.965 , 9389.178
33.967 , 9456.176
33.969 , 9592.064
33.971 , 9384.287
33.973 , 9382.507
33.975 , 9518.283
33.977 , 9585.507
33.979 , 9377.731
33.981 , 9513.507
33.983 , 9374.392
33.984 , 9510.945
33.986 , 9371.833
33.988 , 9438.83
33.99 , 9437.158
33.992 , 9435.488
33.994 , 9365.041
33.996 , 9363.258
33.998 , 9361.471
34.0 , 9359.688
34.002 , 9426.683
34.004 , 9425.01
34.005 , 9355.338
34.007 , 9353.555
34.009 , 9282.991
34.011 , 9281.089
34.013 , 9279.19
34.015 , 9277.291
34.017 , 9206.612
34.019 , 9342.152
34.021 , 9340.366
34.023 , 9407.361
34.025 , 9336.907
34.026 , 9335.898
34.028 , 9402.893
34.03 , 9332.43
34.032 , 9399.43
34.034 , 9397.759
34.036 , 9327.308
34.038 , 9325.52
34.04 , 9530.079
34.042 , 9391.064
34.044 , 9458.171
34.045 , 9319.833
34.047 , 9386.823
34.049 , 9316.369
34.051 , 9383.36
34.053 , 9312.904
34.055 , 9379.895
34.057 , 9515.779
34.059 , 9720.672
34.061 , 9513.229
34.063 , 9718.121
34.065 , 9373.123
34.066 , 9647.341
34.068 , 9646.123
34.07 , 9301.011
34.072 , 9574.337
34.074 , 9160.328
34.076 , 9570.982
34.078 , 9363.313
34.08 , 9567.972
34.082 , 9704.195
34.084 , 9427.977
34.086 , 9495.193
34.095 , 9625.84
34.097 , 9555.841
34.099 , 9554.507
34.101 , 9690.727
34.103 , 9689.621
34.105 , 9619.736
34.107 , 9687.295
34.109 , 9754.965
34.11 , 9617.196
34.112 , 9615.976
34.114 , 9752.313
34.116 , 9751.318
34.118 , 9750.324
34.12 , 9749.333
34.122 , 9748.336
34.124 , 9678.564
34.126 , 9883.792
34.127 , 9677.462
34.129 , 9676.352
34.131 , 9400.127
34.133 , 9329.784
34.135 , 9603.218
34.137 , 9464.434
34.139 , 9669.32
34.141 , 9599.431
34.143 , 9460.646
34.145 , 9527.973
34.146 , 9527.417
34.148 , 9663.638
34.15 , 9662.524
34.152 , 9523.856
34.154 , 9384.959
34.156 , 9658.508
34.158 , 9726.173
34.16 , 9793.955
34.162 , 9517.958
34.164 , 9447.837
34.166 , 9583.94
34.168 , 9445.156
34.17 , 9512.48
34.172 , 9442.358
34.173 , 9510.468
34.175 , 9509.127
34.177 , 9439.007
34.179 , 9575.105
34.181 , 9298.764
34.183 , 9503.415
34.185 , 9639.628
34.187 , 9363.399
34.189 , 9499.388
34.191 , 9498.042
34.193 , 9290.361
34.194 , 9427.021
34.196 , 9150.448
34.198 , 9492.425
34.2 , 9284.745
34.202 , 9351.838
34.204 , 9350.266
34.206 , 9279.911
34.208 , 9484.573
34.21 , 9414.451
34.211 , 9138.641
34.213 , 9480.639
34.215 , 9410.516
34.217 , 9202.708
34.219 , 9269.683
34.221 , 9061.646
34.223 , 9265.962
34.225 , 9264.274
34.227 , 9193.803
34.229 , 9260.779
34.23 , 9259.878
34.232 , 9326.968
34.234 , 9394.169
34.236 , 9323.931
34.238 , 9391.135
34.24 , 9320.892
34.242 , 9319.317
34.244 , 9180.183
34.246 , 9384.715
34.248 , 9314.473
34.249 , 9244.905
34.251 , 9174.436
34.253 , 9172.631
34.255 , 9239.601
34.257 , 9169.132
34.259 , 9373.662
34.261 , 9165.86
34.263 , 9232.834
34.265 , 9093.584
34.267 , 9435.568
34.269 , 9090.312
34.27 , 9020.389
34.272 , 9224.701
34.274 , 9154.219
34.276 , 9289.99
34.278 , 9288.412
34.28 , 9218.042
34.282 , 9216.347
34.284 , 9352.211
34.286 , 9419.537
34.288 , 9280.618
34.29 , 9279.034
34.292 , 9208.676
34.294 , 9206.981
34.295 , 9206.077
34.297 , 9273.159
34.299 , 9271.578
34.301 , 9338.778
34.303 , 9268.529
34.305 , 9129.392
34.307 , 9127.581
34.309 , 8988.214
34.311 , 9192.509
34.313 , 9190.813
34.315 , 9051.559
34.316 , 9050.422
34.318 , 9186.055
34.32 , 9253.137
34.322 , 9113.998
34.324 , 9112.184
34.326 , 9247.93
34.328 , 9177.568
34.33 , 9175.868
34.332 , 9174.171
34.334 , 9103.694
34.335 , 9240.231
34.337 , 9169.867
34.339 , 9030.599
34.341 , 9028.672
34.343 , 9233.082
34.345 , 9093.938
34.347 , 9092.124
34.349 , 9159.09
34.351 , 9088.608
34.353 , 9086.795
34.355 , 8878.644
34.357 , 9082.824
34.359 , 9149.785
34.361 , 9148.085
34.362 , 9284.735
34.364 , 9283.266
34.366 , 9281.79
34.368 , 9142.763
34.37 , 8934.723
34.372 , 9139.015
34.374 , 9137.313
34.376 , 9135.611
34.378 , 9271.469
34.38 , 9132.434
34.381 , 9200.306
34.383 , 9129.939
34.385 , 9334.574
34.387 , 9126.876
34.389 , 8987.615
34.391 , 9123.241
34.393 , 9327.875
34.395 , 9326.514
34.397 , 9256.376
34.399 , 9117.343
34.401 , 9253.195
34.403 , 9114.163
34.404 , 9250.813
34.407 , 8973.423
34.408 , 9109.843
34.41 , 9039.35
34.412 , 9037.53
34.414 , 9035.708
34.416 , 9171.469
34.418 , 9032.3
34.42 , 9030.479
34.422 , 9097.447
34.424 , 9095.742
34.425 , 9232.39
34.435 , 9293.32
34.437 , 9016.843
34.439 , 9152.579
34.441 , 9082.205
34.443 , 9080.499
34.444 , 9079.588
34.446 , 9077.881
34.448 , 9007.391
34.45 , 8936.79
34.452 , 9209.968
34.454 , 9070.934
34.456 , 9137.999
34.458 , 9067.628
34.46 , 9065.919
34.462 , 9064.208
34.464 , 9200.058
34.465 , 9061.816
34.467 , 9128.887
34.469 , 8989.732
34.471 , 8987.906
34.473 , 8710.967
34.475 , 8983.803
34.477 , 8844.417
34.479 , 9117.479
34.481 , 9047.104
34.483 , 9045.392
34.485 , 9181.251
34.487 , 8904.641
34.489 , 9109.05
34.49 , 9108.248
34.492 , 8969.095
34.494 , 9036.047
34.496 , 9034.336
34.498 , 9032.622
34.5 , 9099.688
34.502 , 8960.534
34.504 , 9027.483
34.506 , 9025.771
34.508 , 8955.279
34.51 , 9091.01
34.511 , 9021.429
34.513 , 9088.495
34.515 , 9018.118
34.517 , 9085.185
34.519 , 9083.582
34.521 , 9150.762
34.523 , 9218.067
34.525 , 9079.124
34.527 , 9077.524
34.529 , 9144.715
34.53 , 9144.03
34.532 , 9142.542
34.534 , 9003.485
34.536 , 9070.551
34.538 , 9137.74
34.54 , 9205.03
34.542 , 8928.531
34.544 , 8926.702
34.546 , 9131.204
34.548 , 9060.938
34.55 , 9059.338
34.551 , 9058.538
34.553 , 8781.814
34.555 , 8848.535
34.557 , 8915.369
34.559 , 8844.758
34.561 , 9186.705
34.563 , 8978.994
34.565 , 9046.056
34.567 , 9044.449
34.569 , 9042.847
34.571 , 9041.243
34.572 , 9109.22
34.574 , 9038.949
34.576 , 8831.009
34.578 , 9035.397
34.58 , 9171.35
34.582 , 9032.415
34.584 , 9168.368
34.586 , 8754.309
34.588 , 8752.242
34.59 , 8887.737
34.592 , 8954.693
34.593 , 8816.219
34.595 , 8883.034
34.597 , 8812.433
34.599 , 8948.042
34.601 , 8946.318
34.603 , 8807.039
34.605 , 8942.648
34.607 , 8940.927
34.609 , 8870.425
34.611 , 8731.03
34.613 , 8935.304
34.615 , 8727.241
34.616 , 8657.188
34.618 , 8998.917
34.62 , 8722.192
34.622 , 8582.565
34.624 , 8580.271
34.626 , 8715.533
34.628 , 8644.69
34.63 , 8780.063
34.632 , 8640.554
34.634 , 8707.152
34.635 , 8774.669
34.637 , 8841.492
34.639 , 8770.876
34.641 , 8700.145
34.643 , 8491.736
34.645 , 8695.664
34.647 , 8556.037
34.649 , 8622.52
34.651 , 8826.671
34.653 , 8893.609
34.655 , 8616.77
34.657 , 8683.363
34.658 , 8750.878
34.66 , 8886.482
34.662 , 8609.641
34.664 , 8538.675
34.666 , 8673.936
34.668 , 8534.307
34.67 , 8807.125
34.672 , 8736.502
34.674 , 8665.767
34.676 , 8594.918
34.678 , 8799.067
34.68 , 8659.667
34.682 , 8657.597
34.684 , 8724.305
34.686 , 8722.346
34.687 , 8652.418
34.689 , 8512.786
34.691 , 8579.264
34.693 , 8577.076
34.695 , 8643.67
34.697 , 8847.935
34.699 , 8708.646
34.701 , 8569.13
34.703 , 8566.942
34.705 , 8564.753
34.707 , 8631.344
34.709 , 8629.26
34.71 , 8559.215
34.712 , 8625.813
34.714 , 8554.949
34.716 , 8621.542
34.718 , 8688.26
34.72 , 8617.505
34.722 , 8546.651
34.724 , 8475.685
34.726 , 8610.936
34.728 , 8677.651
34.73 , 8606.901
34.732 , 8604.838
34.734 , 8465.202
34.736 , 8806.792
34.737 , 8668.312
34.739 , 8597.57
34.741 , 8595.493
34.743 , 8662.196
34.745 , 8660.232
34.747 , 8727.046
34.749 , 8793.979
34.751 , 8585.907
34.753 , 8721.389
34.755 , 8581.979
34.757 , 8717.462
34.759 , 8715.612
34.761 , 8644.982
34.762 , 8712.608
34.764 , 8710.76
34.766 , 8708.911
34.776 , 8494.222
34.778 , 8423.251
34.78 , 8420.943
34.781 , 8281.888
34.783 , 8416.904
34.785 , 8414.596
34.787 , 8618.625
34.789 , 8341.541
34.791 , 8407.896
34.793 , 8336.808
34.795 , 8540.721
34.797 , 8538.638
34.799 , 8398.999
34.801 , 8534.247
34.803 , 8394.605
34.805 , 8529.863
34.807 , 8459.004
34.808 , 8457.619
34.81 , 8524.199
34.812 , 8590.896
34.814 , 8520.149
34.816 , 8311.727
34.818 , 8378.081
34.82 , 8513.326
34.822 , 8373.686
34.824 , 8715.266
34.826 , 8575.969
34.828 , 8642.778
34.829 , 8366.608
34.831 , 8570.643
34.833 , 8499.883
34.835 , 8635.368
34.837 , 8633.511
34.839 , 8562.864
34.841 , 8560.895
34.843 , 8558.923
34.845 , 8556.95
34.847 , 8692.537
34.849 , 8759.574
34.851 , 8620.387
34.852 , 8550.564
34.855 , 8547.778
34.857 , 8477.029
34.858 , 8544.533
34.86 , 8611.342
34.862 , 8609.484
34.864 , 8538.848
34.866 , 8536.872
34.868 , 8603.677
34.87 , 8395.483
34.872 , 8599.614
34.874 , 8528.979
34.876 , 8389.447
34.878 , 8524.803
34.88 , 8522.825
34.881 , 8659.226
34.883 , 8519.923
34.885 , 8655.507
34.887 , 8516.2
34.889 , 8445.447
34.891 , 8718.475
34.893 , 8510.503
34.895 , 8577.308
34.897 , 8506.668
34.899 , 8711.031
34.901 , 8503.06
34.902 , 8639.458
34.904 , 8568.933
34.906 , 8360.723
34.908 , 8496.071
34.91 , 8494.097
34.912 , 8629.69
34.914 , 8559.159
34.916 , 8557.297
34.918 , 8624.214
34.92 , 8553.687
34.922 , 8551.822
34.924 , 8687.529
34.926 , 8479.546
34.928 , 8546.346
34.929 , 8614.077
34.931 , 8543.549
34.933 , 8610.466
34.935 , 8608.713
34.937 , 8538.184
34.939 , 8536.319
34.941 , 8534.453
34.943 , 8601.367
34.945 , 8599.615
34.947 , 8460.31
34.949 , 8527.104
34.95 , 8663.616
34.952 , 8455.643
34.954 , 8591.222
34.956 , 8383.129
34.958 , 8449.813
34.96 , 8585.392
34.962 , 8583.637
34.964 , 8306.771
34.966 , 8579.676
34.968 , 8784.272
34.97 , 8645.303
34.971 , 8644.483
34.973 , 8436.496
34.975 , 8434.514
34.977 , 8294.971
34.979 , 8636.667
34.981 , 8566.248
34.983 , 8633.272
34.985 , 8700.411
34.987 , 8423.771
34.989 , 8421.787
34.991 , 8488.58
34.993 , 8486.712
34.995 , 8553.622
34.997 , 8483.086
34.998 , 8550.814
35.0 , 8686.618
35.002 , 8547.534
35.004 , 8476.996
35.006 , 8612.685
35.008 , 8679.822
35.01 , 8609.517
35.012 , 8607.872
35.014 , 8262.334
35.015 , 8673.615
35.017 , 8396.972
35.019 , 8601.32
35.021 , 8599.677
35.023 , 8460.478
35.025 , 8458.604
35.027 , 8731.849
35.029 , 8386.538
35.031 , 8384.553
35.033 , 8382.562
35.035 , 8586.914
35.037 , 8516.489
35.038 , 8446.773
35.04 , 8582.455
35.042 , 8649.604
35.044 , 8372.944
35.046 , 8439.733
35.048 , 8575.429
35.05 , 8504.993
35.052 , 8434.454
35.054 , 8432.578
35.056 , 8568.262
35.058 , 8429.059
35.06 , 8289.623
35.062 , 8425.078
35.064 , 8285.644
35.065 , 8421.92
35.067 , 8557.602
35.069 , 8555.954
35.071 , 8416.748
35.073 , 8414.869
35.075 , 8275.435
35.077 , 8410.89
35.079 , 8409.013
35.081 , 8338.354
35.083 , 8405.142
35.085 , 8403.265
35.086 , 8539.77
35.088 , 8400.561
35.09 , 8398.684
35.092 , 8328.016
35.094 , 8326.021
35.096 , 8461.599
35.098 , 8391.044
35.1 , 8320.387
35.102 , 8524.74
35.104 , 8316.742
35.105 , 8384.353
35.107 , 8588.822
35.109 , 8518.503
35.119 , 8441.468
35.121 , 8439.703
35.123 , 8506.714
35.124 , 8368.329
35.126 , 8366.45
35.128 , 8502.127
35.13 , 8569.251
35.132 , 8498.934
35.134 , 8566.062
35.136 , 8358.182
35.138 , 8425.082
35.14 , 8423.313
35.142 , 8559.104
35.144 , 8213.666
35.145 , 8556.277
35.147 , 8485.96
35.149 , 8553.084
35.151 , 8551.543
35.153 , 8550.004
35.155 , 8479.684
35.157 , 8478.026
35.159 , 8545.151
35.161 , 8474.833
35.163 , 8610.735
35.165 , 8471.749
35.166 , 8402.143
35.168 , 8606.709
35.17 , 8398.945
35.172 , 8397.173
35.174 , 8257.844
35.176 , 8462.184
35.178 , 8529.302
35.18 , 8252.644
35.182 , 8525.759
35.184 , 8317.88
35.186 , 8384.772
35.188 , 8520.558
35.19 , 8312.679
35.191 , 8449.176
35.193 , 8516.297
35.195 , 8445.974
35.197 , 8306.758
35.199 , 8373.647
35.201 , 8303.096
35.203 , 8507.546
35.205 , 8505.998
35.207 , 8366.896
35.209 , 8502.68
35.21 , 8433.188
35.212 , 8500.304
35.214 , 8429.979
35.216 , 8428.32
35.218 , 8495.439
35.22 , 8425.113
35.222 , 8354.674
35.224 , 8490.468
35.226 , 8351.351
35.228 , 8418.365
35.229 , 8279.965
35.231 , 8278.076
35.233 , 8413.741
35.235 , 8274.523
35.237 , 8410.19
35.239 , 8408.54
35.241 , 8475.642
35.243 , 8405.315
35.245 , 8472.433
35.247 , 8402.104
35.248 , 8401.271
35.25 , 8468.389
35.252 , 8398.062
35.254 , 8327.616
35.256 , 8394.618
35.258 , 8324.176
35.26 , 8597.514
35.262 , 8389.854
35.264 , 8456.97
35.266 , 8455.421
35.268 , 8247.53
35.269 , 8315.246
35.271 , 8382.249
35.273 , 8380.584
35.275 , 8241.358
35.277 , 8239.464
35.279 , 8100.012
35.281 , 8235.446
35.283 , 8233.55
35.285 , 8438.004
35.287 , 8367.662
35.288 , 8435.619
35.29 , 8227.705
35.292 , 8294.601
35.294 , 8224.03
35.296 , 8222.132
35.298 , 8357.805
35.3 , 8287.358
35.302 , 8354.356
35.304 , 8352.685
35.306 , 8282.24
35.308 , 8349.235
35.31 , 8210.008
35.311 , 8277.723
35.313 , 8275.94
35.315 , 8205.379
35.317 , 8272.258
35.319 , 8132.917
35.321 , 8268.463
35.323 , 8404.234
35.325 , 8402.68
35.327 , 8332.347
35.329 , 8330.677
35.33 , 8054.723
35.332 , 8190.154
35.334 , 8050.697
35.336 , 8117.348
35.338 , 8184.109
35.34 , 8113.431
35.342 , 7973.848
35.344 , 8177.951
35.346 , 8176.05
35.347 , 8174.985
35.349 , 8173.075
35.351 , 8308.739
35.353 , 8238.278
35.355 , 8236.505
35.357 , 8303.496
35.359 , 8370.601
35.361 , 8300.264
35.363 , 8229.8
35.365 , 8296.8
35.367 , 8088.78
35.369 , 8155.542
35.371 , 8153.64
35.373 , 8151.734
35.374 , 8081.89
35.376 , 8148.651
35.378 , 8146.748
35.38 , 8213.622
35.382 , 8280.612
35.384 , 8347.717
35.386 , 8002.259
35.388 , 8137.685
35.39 , 8204.56
35.392 , 8133.991
35.394 , 8132.085
35.396 , 7992.622
35.397 , 8335.222
35.399 , 8127.323
35.401 , 8056.636
35.403 , 8260.954
35.405 , 8259.277
35.407 , 8257.598
35.409 , 8118.363
35.411 , 8116.458
35.413 , 8114.551
35.415 , 8112.642
35.416 , 8111.563
35.418 , 8040.879
35.42 , 8313.996
35.422 , 8312.43
35.424 , 8173.297
35.426 , 7965.157
35.428 , 8100.587
35.43 , 8098.679
35.432 , 8027.994
35.434 , 8094.751
35.436 , 8092.838
35.438 , 8090.93
35.44 , 8157.801
35.441 , 8088.065
35.443 , 8154.935
35.445 , 8084.363
35.447 , 8151.232
35.449 , 7874.318
35.459 , 7865.341
35.46 , 7863.927
35.462 , 7999.23
35.464 , 7790.868
35.466 , 7788.499
35.468 , 7992.468
35.47 , 7990.438
35.472 , 7850.855
35.474 , 7779.822
35.476 , 7639.891
35.478 , 7843.63
35.48 , 7566.259
35.482 , 7838.662
35.484 , 7767.635
35.485 , 7972.444
35.487 , 7970.417
35.489 , 7830.833
35.491 , 7828.573
35.493 , 7963.876
35.495 , 7893.069
35.497 , 8028.481
35.499 , 7889.01
35.501 , 7886.868
35.503 , 7815.946
35.505 , 7882.465
35.507 , 7949.1
35.509 , 7947.071
35.51 , 8014.665
35.512 , 7943.968
35.514 , 7804.369
35.516 , 8008.459
35.518 , 7868.983
35.52 , 7935.618
35.522 , 7933.588
35.524 , 7931.558
35.526 , 7929.523
35.528 , 7858.703
35.53 , 7925.337
35.532 , 8060.872
35.533 , 7922.344
35.535 , 7920.313
35.537 , 8055.851
35.539 , 7985.268
35.541 , 7983.35
35.543 , 7981.433
35.545 , 7979.515
35.547 , 8115.152
35.549 , 7975.904
35.551 , 7973.987
35.553 , 7972.065
35.554 , 7902.213
35.556 , 7968.96
35.558 , 8104.599
35.56 , 7965.347
35.562 , 8169.766
35.564 , 8099.411
35.566 , 7891.379
35.568 , 8026.903
35.57 , 8093.876
35.572 , 8023.408
35.574 , 8021.597
35.576 , 7882.223
35.578 , 8086.536
35.58 , 7947.272
35.581 , 8014.988
35.583 , 8081.959
35.585 , 7942.698
35.587 , 7871.996
35.589 , 7938.738
35.591 , 7936.816
35.593 , 7866.116
35.595 , 8001.646
35.597 , 7655.932
35.599 , 8066.236
35.601 , 7651.854
35.602 , 7856.657
35.604 , 7992.189
35.606 , 7921.601
35.608 , 7850.897
35.61 , 7848.858
35.612 , 7846.822
35.614 , 7638.445
35.616 , 7842.398
35.618 , 7909.139
35.62 , 7838.436
35.622 , 7973.951
35.624 , 7834.583
35.625 , 7764.613
35.627 , 7762.459
35.629 , 7760.301
35.631 , 7689.368
35.633 , 7893.437
35.635 , 7891.512
35.637 , 7889.583
35.639 , 7750.098
35.641 , 7747.944
35.643 , 7883.343
35.645 , 8018.975
35.646 , 7743.01
35.648 , 7809.632
35.65 , 7738.81
35.652 , 7874.212
35.654 , 7803.505
35.656 , 7801.463
35.658 , 7799.418
35.66 , 7797.375
35.662 , 7864.113
35.664 , 7862.181
35.666 , 7860.251
35.668 , 7927.104
35.669 , 7926.139
35.671 , 7786.762
35.673 , 7991.056
35.675 , 7920.577
35.677 , 7849.983
35.679 , 7848.051
35.681 , 7846.121
35.683 , 7912.97
35.685 , 7773.593
35.687 , 7977.885
35.689 , 7838.626
35.691 , 7836.693
35.693 , 7697.204
35.695 , 7901.38
35.697 , 7968.342
35.698 , 7829.93
35.7 , 7965.557
35.702 , 7688.738
35.704 , 7961.694
35.706 , 7891.207
35.708 , 7820.611
35.71 , 7887.458
35.712 , 7816.859
35.714 , 7677.367
35.716 , 7812.764
35.718 , 7673.272
35.719 , 7809.517
35.721 , 7945.142
35.723 , 7874.658
35.725 , 7735.269
35.727 , 7802.008
35.729 , 7800.074
35.731 , 7798.129
35.733 , 7658.633
35.735 , 7794.027
35.736 , 7724.167
35.738 , 7722.118
35.74 , 7720.065
35.742 , 7718.015
35.744 , 7715.976
35.746 , 7851.485
35.748 , 7849.66
35.75 , 7710.281
35.752 , 7914.567
35.754 , 7844.079
35.756 , 7773.476
35.758 , 7771.54
35.76 , 7769.604
35.762 , 7561.325
35.764 , 7971.72
35.766 , 7832.567
35.767 , 7900.377
35.769 , 7829.886
35.771 , 7690.504
35.773 , 7757.231
35.775 , 7824.069
35.777 , 7753.467
35.779 , 7820.307
35.781 , 7818.482
35.783 , 7747.876
35.785 , 7608.369
35.787 , 7743.77
35.789 , 7879.396
35.791 , 7740.116
35.8 , 7938.531
35.802 , 7661.808
35.804 , 7797.307
35.806 , 8001.828
35.808 , 7725.216
35.81 , 7723.272
35.811 , 7722.188
35.813 , 7582.688
35.815 , 7718.075
35.817 , 7853.688
35.819 , 7576.858
35.821 , 7849.804
35.823 , 7848.086
35.825 , 7846.372
35.827 , 7844.658
35.829 , 7705.387
35.831 , 7703.439
35.833 , 7632.718
35.835 , 7836.997
35.837 , 7560.163
35.838 , 7558.847
35.84 , 7694.232
35.842 , 7692.287
35.844 , 7690.339
35.846 , 7688.396
35.848 , 7686.451
35.85 , 7822.063
35.852 , 7751.567
35.854 , 7680.956
35.856 , 7610.22
35.858 , 7814.504
35.859 , 7676.089
35.861 , 7605.353
35.863 , 7672.083
35.865 , 7601.341
35.867 , 7874.408
35.869 , 7666.456
35.871 , 7802.067
35.873 , 7662.787
35.875 , 7660.839
35.877 , 7727.673
35.879 , 7794.615
35.881 , 7655.338
35.882 , 7516.692
35.884 , 7445.736
35.886 , 7649.777
35.888 , 7510.271
35.89 , 7645.652
35.892 , 7643.703
35.894 , 7641.751
35.896 , 7639.802
35.898 , 7775.411
35.9 , 7773.688
35.902 , 7634.409
35.904 , 7632.459
35.906 , 7630.507
35.907 , 7698.194
35.909 , 7627.579
35.911 , 7625.628
35.913 , 7761.249
35.915 , 7484.383
35.917 , 7619.773
35.919 , 7480.252
35.921 , 7615.639
35.923 , 7751.256
35.925 , 7749.534
35.927 , 7610.241
35.929 , 7608.285
35.93 , 7538.416
35.932 , 7605.129
35.934 , 7465.617
35.936 , 7532.211
35.938 , 7598.924
35.94 , 7596.971
35.942 , 7663.792
35.944 , 7593.174
35.946 , 7591.221
35.948 , 7589.264
35.95 , 7518.531
35.952 , 7585.242
35.953 , 7584.149
35.955 , 7650.971
35.957 , 7717.909
35.959 , 7441.068
35.961 , 7645.221
35.963 , 7574.598
35.965 , 7572.642
35.967 , 7364.349
35.969 , 7637.163
35.971 , 7566.542
35.973 , 7564.587
35.974 , 7701.063
35.976 , 7699.333
35.978 , 7560.047
35.98 , 7558.089
35.982 , 7349.785
35.984 , 7553.83
35.986 , 7551.872
35.988 , 7618.694
35.99 , 7548.067
35.992 , 7752.448
35.994 , 7475.718
35.996 , 7404.865
35.998 , 7471.453
35.999 , 7607.802
36.001 , 7743.517
36.003 , 7604.343
36.005 , 7602.497
36.007 , 7600.652
36.009 , 7598.806
36.011 , 7528.179
36.013 , 7801.334
36.015 , 7524.717
36.017 , 7453.979
36.019 , 7520.679
36.02 , 7450.806
36.022 , 7655.067
36.024 , 7515.778
36.026 , 7651.371
36.028 , 7649.639
36.03 , 7097.664
36.032 , 7645.255
36.034 , 7574.744
36.036 , 7504.117
36.038 , 7570.934
36.04 , 7706.652
36.041 , 7568.33
36.043 , 7635.274
36.045 , 7289.623
36.047 , 7700.01
36.049 , 7560.82
36.051 , 7490.192
36.053 , 7557.005
36.055 , 7623.946
36.057 , 7622.211
36.059 , 7414.127
36.06 , 7344.123
36.062 , 7410.72
36.064 , 7408.643
36.066 , 7406.56
36.068 , 7198.132
36.07 , 7264.488
36.072 , 7330.969
36.074 , 7328.772
36.076 , 7189.008
36.078 , 7186.585
36.08 , 7321.716
36.082 , 7250.742
36.083 , 7318.081
36.085 , 7247.107
36.087 , 7382.353
36.089 , 7242.714
36.091 , 7240.402
36.093 , 7238.092
36.095 , 7235.777
36.097 , 7302.246
36.099 , 7231.271
36.1 , 7298.607
36.102 , 7296.408
36.104 , 7294.211
36.106 , 7223.234
36.108 , 7220.932
36.11 , 7218.609
36.112 , 6941.18
36.114 , 7075.968
36.116 , 7210.992
36.118 , 7415.017
36.119 , 7207.581
36.121 , 7411.604
36.123 , 7340.853
36.125 , 7201.211
36.127 , 7130.119
36.129 , 7127.686
36.131 , 7194.036
36.133 , 7191.722
36.142 , 7252.086
36.144 , 7181.104
36.146 , 7316.347
36.148 , 7383.04
36.15 , 7174.727
36.152 , 7172.412
36.154 , 7238.874
36.156 , 7099.115
36.157 , 7235.11
36.159 , 7370.465
36.161 , 7230.937
36.163 , 7366.292
36.165 , 7501.872
36.167 , 7362.569
36.169 , 7498.153
36.171 , 7358.847
36.173 , 7219.314
36.175 , 7217.11
36.177 , 7283.687
36.178 , 7282.468
36.18 , 7349.156
36.182 , 7347.182
36.184 , 7207.648
36.186 , 7274.219
36.188 , 7340.909
36.19 , 7063.805
36.192 , 7198.937
36.194 , 7265.499
36.196 , 7332.199
36.198 , 7261.429
36.2 , 7328.128
36.202 , 7188.581
36.203 , 7118.47
36.205 , 7391.263
36.207 , 7389.399
36.209 , 7387.548
36.211 , 7179.336
36.213 , 7177.126
36.215 , 7174.919
36.217 , 7310.27
36.219 , 7239.507
36.221 , 7306.194
36.222 , 7305.09
36.224 , 7234.332
36.226 , 7438.583
36.228 , 7299.263
36.23 , 7159.726
36.232 , 7295.075
36.234 , 7224.325
36.236 , 7222.229
36.238 , 7288.902
36.239 , 7287.809
36.241 , 7285.825
36.243 , 7283.845
36.245 , 7213.085
36.247 , 7142.208
36.249 , 7208.776
36.251 , 7206.68
36.253 , 7204.585
36.255 , 7340.043
36.257 , 7131.838
36.258 , 7199.284
36.26 , 7334.744
36.263 , 7331.996
36.264 , 7399.782
36.266 , 7329.25
36.268 , 7327.367
36.27 , 7325.497
36.272 , 7323.63
36.274 , 7184.203
36.276 , 7319.67
36.278 , 7455.357
36.28 , 7453.716
36.282 , 7176.946
36.284 , 7312.417
36.285 , 7173.854
36.287 , 7309.324
36.289 , 7307.45
36.291 , 7305.579
36.293 , 7234.931
36.295 , 7095.386
36.297 , 7368.285
36.299 , 7091.412
36.301 , 7157.975
36.303 , 7155.871
36.304 , 7360.987
36.306 , 7152.892
36.308 , 7082.012
36.31 , 7217.351
36.312 , 7215.364
36.314 , 7213.376
36.316 , 7211.387
36.318 , 6934.283
36.32 , 7206.953
36.322 , 7273.743
36.323 , 7272.746
36.325 , 6926.977
36.327 , 7405.983
36.329 , 7335.56
36.331 , 7265.018
36.333 , 7263.142
36.335 , 7192.488
36.337 , 7121.717
36.339 , 7257.171
36.341 , 7186.518
36.343 , 7253.305
36.344 , 7183.529
36.346 , 7250.319
36.348 , 7179.663
36.35 , 7246.451
36.352 , 7313.351
36.354 , 7105.252
36.356 , 7171.926
36.358 , 7032.361
36.36 , 7167.71
36.361 , 7029.029
36.363 , 7026.809
36.365 , 7024.585
36.367 , 7022.364
36.369 , 7088.921
36.371 , 7018.036
36.373 , 7153.368
36.375 , 7013.817
36.377 , 7149.155
36.379 , 7215.937
36.38 , 7146.16
36.382 , 7144.167
36.384 , 7004.615
36.386 , 7208.725
36.388 , 7344.404
36.39 , 7205.195
36.392 , 7134.536
36.394 , 7201.316
36.396 , 7130.658
36.398 , 6991.104
36.4 , 7195.214
36.401 , 7194.216
36.403 , 7054.777
36.405 , 7190.225
36.407 , 7188.341
36.409 , 6911.343
36.411 , 7390.467
36.413 , 7045.023
36.415 , 6905.338
36.417 , 7040.568
36.419 , 7176.015
36.421 , 7036.57
36.422 , 7172.901
36.424 , 7239.809
36.426 , 6894.133
36.428 , 6891.79
36.43 , 6958.225
36.432 , 6955.999
36.434 , 7091.33
36.436 , 7020.548
36.438 , 7155.993
36.44 , 7016.551
36.442 , 6945.656
36.444 , 7149.764
36.445 , 7079.985
36.447 , 7009.207
36.449 , 7007.09
36.451 , 7073.754
36.453 , 7071.755
36.455 , 6932.192
36.457 , 7067.521
36.459 , 7203.077
36.461 , 6994.969
36.463 , 6992.85
36.465 , 7128.303
36.467 , 6988.859
36.469 , 6986.74
36.471 , 6984.623
36.473 , 7051.286
36.482 , 7111.852
36.484 , 7109.96
36.486 , 7039.292
36.488 , 7037.289
36.49 , 6966.503
36.491 , 7240.387
36.493 , 7101.169
36.495 , 6961.722
36.497 , 7097.158
36.499 , 7164.047
36.501 , 7162.271
36.503 , 7091.716
36.505 , 7089.823
36.507 , 7019.154
36.509 , 6948.37
36.511 , 7290.141
36.512 , 7014.365
36.514 , 7149.917
36.516 , 7216.931
36.518 , 7008.916
36.52 , 7213.259
36.522 , 7142.805
36.524 , 7072.249
36.526 , 7070.352
36.528 , 7137.25
36.53 , 6997.914
36.532 , 7133.46
36.533 , 7132.572
36.535 , 7130.792
36.537 , 6991.457
36.539 , 6989.444
36.541 , 7124.983
36.543 , 7191.994
36.545 , 7052.76
36.547 , 7325.989
36.549 , 7118.203
36.551 , 7185.202
36.553 , 7389.881
36.554 , 7251.891
36.556 , 7250.338
36.558 , 7180.007
36.56 , 7247.117
36.562 , 7245.563
36.564 , 7106.441
36.566 , 7310.995
36.568 , 7171.998
36.57 , 6963.993
36.572 , 7030.761
36.574 , 7166.418
36.575 , 7165.642
36.577 , 7301.532
36.579 , 7162.535
36.581 , 6885.735
36.583 , 7296.292
36.585 , 7226.074
36.587 , 7155.737
36.589 , 7154.067
36.591 , 7152.398
36.593 , 7081.938
36.595 , 7148.94
36.597 , 7078.479
36.598 , 7077.599
36.6 , 7144.593
36.602 , 7211.697
36.604 , 7210.141
36.606 , 7346.154
36.608 , 7344.823
36.61 , 7343.497
36.612 , 7342.167
36.614 , 7340.839
36.616 , 7201.938
36.617 , 7338.832
36.619 , 7268.724
36.621 , 7336.058
36.623 , 7334.726
36.625 , 7264.618
36.627 , 7194.395
36.629 , 7192.833
36.631 , 7328.833
36.633 , 7189.943
36.635 , 7119.605
36.636 , 7325.159
36.638 , 6979.934
36.64 , 7321.926
36.642 , 7251.815
36.644 , 7319.146
36.646 , 7317.814
36.648 , 7178.926
36.65 , 7108.582
36.652 , 7175.684
36.654 , 6967.787
36.656 , 7103.441
36.658 , 7101.761
36.66 , 7100.086
36.661 , 7030.525
36.663 , 7097.514
36.665 , 7095.834
36.667 , 7094.158
36.669 , 7161.26
36.671 , 7159.694
36.673 , 7089.352
36.675 , 7156.455
36.677 , 7086.111
36.679 , 7153.21
36.681 , 7014.088
36.683 , 7081.074
36.685 , 6873.055
36.686 , 6940.708
36.688 , 7007.58
36.69 , 7212.125
36.692 , 7073.112
36.694 , 7071.433
36.696 , 6725.848
36.698 , 6792.382
36.7 , 6721.455
36.702 , 6925.551
36.704 , 6854.864
36.705 , 6784.944
36.707 , 6645.248
36.709 , 6642.88
36.711 , 6846.851
36.713 , 6707.264
36.715 , 6980.139
36.717 , 6565.657
36.719 , 6631.949
36.721 , 6698.359
36.723 , 6696.106
36.725 , 6968.98
36.727 , 6760.842
36.729 , 6827.481
36.731 , 6825.455
36.732 , 6755.548
36.734 , 6615.835
36.736 , 6888.593
36.738 , 6749.123
36.74 , 6815.757
36.742 , 6951.288
36.744 , 6949.49
36.746 , 6672.564
36.748 , 6670.303
36.75 , 6943.175
36.751 , 6804.707
36.753 , 6802.678
36.755 , 6731.866
36.757 , 6798.503
36.759 , 6727.695
36.761 , 6656.771
36.763 , 6723.292
36.765 , 6721.147
36.767 , 6787.782
36.769 , 6854.541
36.771 , 6715.067
36.773 , 6919.259
36.775 , 6711.118
36.777 , 6708.962
36.779 , 6706.828
36.78 , 6568.015
36.782 , 6565.637
36.784 , 6563.262
36.786 , 6629.679
36.788 , 6696.197
36.79 , 6487.71
36.792 , 6691.559
36.794 , 6758.19
36.796 , 6893.714
36.798 , 6754.352
36.8 , 6545.982
36.802 , 6749.943
36.804 , 6472.792
36.806 , 6745.417
36.808 , 6605.826
36.809 , 6742.024
36.811 , 6602.43
36.813 , 6737.725
36.823 , 6866.02
36.825 , 6657.876
36.827 , 6724.507
36.828 , 6654.596
36.83 , 6721.222
36.832 , 6581.628
36.834 , 6579.364
36.836 , 6714.657
36.838 , 6712.618
36.84 , 6916.919
36.842 , 6708.889
36.844 , 6638.069
36.846 , 6773.476
36.848 , 6702.776
36.85 , 6700.738
36.852 , 6492.36
36.853 , 6628.442
36.855 , 6626.288
36.857 , 6624.137
36.859 , 6690.76
36.861 , 6619.944
36.863 , 6686.57
36.865 , 6684.528
36.867 , 6544.92
36.869 , 6680.209
36.871 , 6815.728
36.873 , 6676.356
36.874 , 6537.665
36.876 , 6535.396
36.878 , 6670.686
36.88 , 6668.642
36.882 , 6735.38
36.884 , 6871.013
36.886 , 6869.312
36.888 , 6867.614
36.89 , 6865.917
36.892 , 7001.777
36.894 , 6793.968
36.896 , 6860.935
36.898 , 6790.457
36.9 , 6926.199
36.901 , 6856.743
36.904 , 7060.473
36.905 , 6991.257
36.907 , 6852.215
36.909 , 6781.736
36.911 , 6848.713
36.913 , 6847.001
36.915 , 6845.308
36.917 , 6637.261
36.919 , 6772.787
36.921 , 6839.747
36.923 , 6906.824
36.925 , 6974.017
36.926 , 6835.895
36.928 , 6834.191
36.93 , 6694.921
36.932 , 6899.337
36.934 , 6691.402
36.936 , 6758.247
36.938 , 6756.43
36.94 , 6685.835
36.942 , 6890.237
36.944 , 6819.87
36.946 , 6818.166
36.948 , 6610.123
36.949 , 6884.102
36.951 , 6676.175
36.953 , 6949.371
36.955 , 6810.323
36.957 , 6808.619
36.959 , 6738.136
36.961 , 6805.095
36.963 , 6734.61
36.965 , 6939.139
36.967 , 6731.326
36.969 , 6660.714
36.971 , 6933.906
36.973 , 6588.534
36.974 , 6587.383
36.976 , 6722.901
36.978 , 6721.082
36.98 , 6856.818
36.982 , 6786.448
36.984 , 6715.958
36.986 , 6645.359
36.988 , 6574.644
36.99 , 6572.59
36.992 , 6432.982
36.994 , 6705.819
36.996 , 6566.438
36.998 , 6564.385
36.999 , 6700.803
37.001 , 6630.2
37.003 , 6559.484
37.005 , 6763.766
37.007 , 6624.5
37.009 , 6622.562
37.011 , 6689.399
37.013 , 6687.576
37.015 , 6548.194
37.017 , 6752.49
37.019 , 6338.092
37.02 , 6336.605
37.022 , 6678.104
37.024 , 6538.722
37.026 , 6399.107
37.028 , 6671.952
37.03 , 6532.557
37.032 , 6736.848
37.034 , 6597.567
37.036 , 6595.626
37.038 , 6593.686
37.04 , 6591.744
37.042 , 6589.803
37.043 , 6588.774
37.045 , 6655.613
37.047 , 6516.223
37.049 , 6651.726
37.051 , 6649.9
37.053 , 6854.405
37.055 , 6577.804
37.057 , 6713.419
37.059 , 6780.485
37.061 , 6778.884
37.063 , 6777.282
37.065 , 6500.567
37.066 , 6843.327
37.068 , 6841.842
37.07 , 6565.219
37.072 , 6563.274
37.074 , 6630.118
37.076 , 6697.067
37.078 , 6695.352
37.08 , 6831.201
37.082 , 6829.712
37.084 , 6897.007
37.085 , 6552.633
37.087 , 6688.252
37.089 , 6824.094
37.091 , 6478.712
37.093 , 6476.64
37.095 , 6612.145
37.097 , 6610.315
37.099 , 6746.041
37.101 , 6882.003
37.103 , 6674.281
37.105 , 6741.342
37.106 , 6603.097
37.108 , 6670.04
37.11 , 6668.32
37.112 , 6597.824
37.114 , 6733.548
37.116 , 6663.162
37.118 , 6661.442
37.12 , 6590.944
37.122 , 6795.443
37.124 , 6587.616
37.126 , 6654.559
37.127 , 6791.315
37.129 , 6652.263
37.131 , 6719.322
37.133 , 6580.159
37.135 , 6509.544
37.137 , 6507.59
37.139 , 6505.64
37.141 , 6710.028
37.143 , 6639.638
37.145 , 6431.578
37.146 , 6636.768
37.148 , 6635.046
37.15 , 6564.542
37.152 , 6700.264
37.154 , 6698.653
37.156 , 6697.046
37.166 , 6481.743
37.167 , 6549.49
37.169 , 6478.873
37.171 , 6545.693
37.173 , 6612.635
37.175 , 6610.909
37.177 , 6677.963
37.179 , 6676.35
37.181 , 6468.402
37.183 , 6604.008
37.185 , 6602.278
37.187 , 6669.332
37.188 , 6531.081
37.19 , 6529.241
37.192 , 6596.177
37.194 , 6663.229
37.196 , 6661.616
37.198 , 6522.443
37.2 , 6520.603
37.202 , 6518.759
37.204 , 6516.919
37.206 , 6652.63
37.208 , 6582.24
37.209 , 6650.211
37.211 , 6511.029
37.213 , 6646.753
37.215 , 6438.79
37.217 , 6505.61
37.219 , 6503.763
37.221 , 6364.363
37.223 , 6568.639
37.225 , 6635.687
37.227 , 6702.851
37.229 , 6632.567
37.231 , 6630.955
37.232 , 6630.26
37.234 , 6559.862
37.236 , 6626.912
37.238 , 6625.295
37.24 , 6623.674
37.242 , 6553.28
37.244 , 6551.551
37.246 , 6481.039
37.248 , 6616.746
37.25 , 6546.352
37.251 , 6614.319
37.253 , 6475.146
37.255 , 6610.853
37.257 , 6609.236
37.259 , 6538.838
37.261 , 6399.545
37.263 , 6603.92
37.265 , 6602.301
37.267 , 6463.125
37.269 , 6530.052
37.27 , 6598.022
37.272 , 6321.273
37.274 , 6525.546
37.276 , 6592.599
37.278 , 6522.188
37.28 , 6520.455
37.282 , 6518.716
37.284 , 6379.411
37.286 , 6308.68
37.288 , 6581.715
37.29 , 6511.313
37.292 , 6440.797
37.294 , 6507.727
37.296 , 6437.209
37.297 , 6367.504
37.299 , 6571.875
37.301 , 6432.696
37.303 , 6430.843
37.305 , 6428.991
37.307 , 6564.698
37.309 , 6563.073
37.311 , 6630.226
37.313 , 6216.042
37.315 , 6557.742
37.316 , 6350.704
37.318 , 6417.517
37.32 , 6553.224
37.322 , 6414.039
37.324 , 6412.184
37.326 , 6410.33
37.328 , 6339.698
37.33 , 6406.507
37.332 , 6542.209
37.334 , 6471.804
37.335 , 6470.992
37.337 , 6469.248
37.339 , 6467.508
37.341 , 6121.875
37.343 , 6325.898
37.345 , 6323.924
37.347 , 6390.733
37.349 , 6388.878
37.351 , 6455.798
37.353 , 6316.499
37.355 , 6383.308
37.357 , 6450.228
37.359 , 6379.704
37.36 , 6309.983
37.362 , 6376.804
37.364 , 6443.728
37.366 , 6441.979
37.368 , 6233.89
37.37 , 6231.803
37.372 , 6436.05
37.374 , 6227.97
37.376 , 6088.324
37.378 , 6154.788
37.38 , 6290.139
37.381 , 6082.758
37.383 , 6149.22
37.385 , 6422.133
37.387 , 6214.051
37.389 , 6074.403
37.391 , 6278.421
37.393 , 6276.445
37.395 , 5861.797
37.397 , 5996.693
37.399 , 5925.482
37.401 , 5991.709
37.402 , 6058.986
37.404 , 5919.109
37.406 , 5779.003
37.408 , 5913.781
37.41 , 5842.456
37.412 , 5977.338
37.414 , 6112.472
37.416 , 6179.056
37.418 , 6108.173
37.42 , 6037.188
37.422 , 5966.076
37.424 , 6170.0
37.425 , 5962.478
37.427 , 5960.044
37.429 , 6026.396
37.431 , 6024.077
37.433 , 5952.973
37.435 , 6019.314
37.437 , 6016.991
37.439 , 5945.891
37.441 , 6012.23
37.443 , 6147.464
37.444 , 6008.745
37.446 , 6006.424
37.448 , 5866.539
37.45 , 5863.987
37.452 , 5792.656
37.454 , 5996.325
37.456 , 5994.0
37.458 , 5991.675
37.46 , 5920.571
37.462 , 5986.909
37.464 , 5915.807
37.465 , 5845.522
37.467 , 5636.631
37.469 , 5771.288
37.471 , 5837.399
37.473 , 5834.845
37.475 , 5763.513
37.477 , 5829.615
37.479 , 5964.622
37.481 , 6031.085
37.483 , 5753.743
37.485 , 5888.631
37.487 , 5886.189
37.489 , 5883.748
37.491 , 5881.303
37.492 , 5742.251
37.494 , 5877.137
37.496 , 5874.697
37.506 , 6002.324
37.508 , 5931.33
37.51 , 5997.78
37.511 , 6134.056
37.513 , 6269.626
37.515 , 6061.533
37.517 , 6128.212
37.519 , 6126.222
37.521 , 6055.456
37.523 , 6053.354
37.525 , 6120.029
37.527 , 6118.043
37.528 , 6254.561
37.53 , 6115.245
37.532 , 5975.684
37.534 , 6042.249
37.536 , 6040.145
37.538 , 6106.82
37.54 , 6036.051
37.542 , 6102.738
37.544 , 6031.958
37.546 , 6029.851
37.548 , 6096.527
37.55 , 6163.315
37.552 , 6023.882
37.553 , 6160.27
37.555 , 6364.743
37.557 , 6156.863
37.559 , 6154.988
37.561 , 6153.109
37.563 , 6151.23
37.565 , 6286.914
37.567 , 6078.927
37.569 , 6283.271
37.571 , 6075.287
37.573 , 6073.29
37.574 , 6278.575
37.576 , 6070.588
37.578 , 6068.599
37.58 , 6135.38
37.582 , 6271.071
37.584 , 6269.423
37.586 , 6130.206
37.588 , 6265.893
37.59 , 6057.882
37.592 , 6193.458
37.593 , 6055.074
37.595 , 6121.855
37.597 , 6188.757
37.599 , 6255.77
37.601 , 6185.337
37.603 , 6046.015
37.605 , 6044.02
37.607 , 6110.803
37.609 , 6177.698
37.611 , 6313.489
37.613 , 5968.057
37.615 , 6309.838
37.616 , 6240.461
37.618 , 6307.588
37.62 , 5962.156
37.622 , 6235.156
37.624 , 6095.944
37.626 , 6231.623
37.628 , 6092.411
37.63 , 6228.083
37.632 , 6295.208
37.633 , 6157.052
37.635 , 6086.504
37.637 , 6084.618
37.639 , 6289.07
37.641 , 6081.191
37.643 , 6079.305
37.645 , 6146.201
37.647 , 6213.208
37.649 , 6280.333
37.651 , 6210.009
37.653 , 6002.016
37.654 , 6138.518
37.656 , 5999.188
37.658 , 5928.406
37.66 , 5995.071
37.662 , 5855.512
37.664 , 6059.617
37.666 , 5920.174
37.668 , 5986.838
37.67 , 6053.616
37.672 , 6051.723
37.674 , 6049.838
37.676 , 6047.952
37.678 , 5977.28
37.679 , 5976.223
37.681 , 5974.221
37.683 , 5972.218
37.685 , 5970.211
37.687 , 6036.989
37.689 , 5828.764
37.691 , 6032.865
37.693 , 6030.978
37.695 , 5960.309
37.697 , 6027.086
37.699 , 5818.854
37.701 , 5885.402
37.702 , 5953.005
37.704 , 5950.99
37.706 , 6155.341
37.708 , 6084.889
37.71 , 6083.115
37.712 , 6150.114
37.714 , 6010.894
37.716 , 6146.562
37.718 , 6007.342
37.72 , 5936.668
37.721 , 6004.386
37.723 , 5864.935
37.725 , 6137.943
37.727 , 6205.045
37.729 , 5997.159
37.731 , 5995.266
37.733 , 5993.368
37.735 , 6129.035
37.737 , 5989.812
37.739 , 5850.363
37.741 , 6123.352
37.743 , 5846.57
37.745 , 5982.005
37.747 , 6048.889
37.748 , 5979.275
37.75 , 6114.939
37.752 , 6044.494
37.754 , 6042.71
37.756 , 5972.151
37.758 , 6039.036
37.76 , 5899.698
37.762 , 6104.022
37.764 , 6171.145
37.766 , 6100.801
37.768 , 6030.351
37.769 , 6029.518
37.771 , 6165.308
37.773 , 5957.404
37.775 , 6093.063
37.777 , 6022.615
37.779 , 6020.831
37.781 , 5950.272
37.783 , 6085.928
37.785 , 6015.479
37.787 , 6013.697
37.789 , 6011.909
37.79 , 5942.295
37.792 , 5802.841
37.794 , 6144.607
37.796 , 6074.271
37.798 , 6072.6
37.8 , 6139.709
37.802 , 5931.815
37.804 , 6136.25
37.806 , 5997.135
37.808 , 5926.57
37.81 , 5855.888
37.812 , 6128.989
37.814 , 5645.979
37.816 , 5918.733
37.818 , 5710.496
37.819 , 5915.537
37.821 , 5844.859
37.823 , 6049.176
37.825 , 5772.386
37.827 , 5839.034
37.829 , 5837.019
37.831 , 5628.664
37.833 , 5695.083
37.835 , 5830.393
37.837 , 5828.372
37.846 , 5682.131
37.848 , 5679.884
37.85 , 5883.973
37.852 , 5813.276
37.854 , 5811.27
37.856 , 5740.46
37.857 , 5670.499
37.859 , 6080.931
37.861 , 5873.024
37.863 , 5871.118
37.865 , 6006.766
37.867 , 5729.974
37.869 , 5865.397
37.871 , 5725.935
37.873 , 5930.13
37.875 , 5790.781
37.877 , 5788.76
37.879 , 5924.293
37.881 , 5647.384
37.883 , 5645.134
37.885 , 5711.664
37.887 , 5847.09
37.888 , 5639.789
37.89 , 5637.539
37.892 , 5772.855
37.894 , 5770.831
37.896 , 5906.366
37.898 , 5973.351
37.9 , 5834.108
37.902 , 5900.977
37.904 , 5830.406
37.906 , 5828.496
37.908 , 5964.14
37.91 , 5824.901
37.911 , 5755.167
37.913 , 5821.921
37.915 , 5820.007
37.917 , 5749.318
37.919 , 5884.85
37.921 , 5745.494
37.923 , 5812.246
37.925 , 5879.115
37.927 , 5670.967
37.929 , 5943.952
37.931 , 5804.701
37.933 , 5802.787
37.935 , 5800.873
37.936 , 5799.916
37.938 , 5798.002
37.94 , 5796.092
37.942 , 5794.174
37.944 , 5792.26
37.946 , 5790.346
37.948 , 5788.43
37.95 , 5924.073
37.952 , 5784.83
37.954 , 5782.916
37.956 , 5780.998
37.957 , 5917.599
37.959 , 5984.691
37.961 , 5639.226
37.963 , 5774.637
37.965 , 5566.385
37.967 , 5770.461
37.969 , 5837.322
37.971 , 5697.962
37.973 , 5764.711
37.975 , 5694.018
37.977 , 5691.982
37.979 , 5689.949
37.981 , 5825.479
37.983 , 5617.334
37.984 , 5753.707
37.986 , 5614.23
37.988 , 5543.316
37.99 , 5747.388
37.992 , 5607.912
37.994 , 5743.323
37.996 , 5328.72
37.998 , 5394.902
38.0 , 5667.528
38.002 , 5734.274
38.004 , 5594.791
38.006 , 5523.865
38.007 , 5660.119
38.009 , 5726.863
38.011 , 5518.603
38.013 , 5860.248
38.015 , 5652.208
38.017 , 5650.172
38.019 , 5716.913
38.021 , 5714.993
38.023 , 5713.071
38.025 , 5711.147
38.026 , 5572.628
38.028 , 5708.047
38.03 , 5499.777
38.032 , 5703.856
38.034 , 5495.586
38.036 , 5768.448
38.038 , 5766.641
38.04 , 5902.387
38.042 , 5763.249
38.044 , 5898.998
38.046 , 5759.857
38.047 , 5759.011
38.049 , 5825.98
38.051 , 5686.728
38.053 , 5753.581
38.055 , 5889.328
38.057 , 5818.968
38.059 , 5817.273
38.061 , 5746.796
38.063 , 5744.971
38.065 , 5536.827
38.067 , 5878.575
38.069 , 5945.771
38.071 , 5806.734
38.073 , 5667.475
38.074 , 5804.07
38.076 , 5664.815
38.078 , 5800.445
38.08 , 5661.187
38.082 , 5865.598
38.084 , 5726.456
38.086 , 5930.979
38.088 , 5860.729
38.09 , 5859.144
38.091 , 5789.746
38.093 , 5719.266
38.095 , 5786.229
38.097 , 5853.319
38.099 , 5714.166
38.101 , 5918.697
38.103 , 5710.876
38.105 , 5915.41
38.107 , 5707.589
38.109 , 5912.121
38.111 , 5910.639
38.112 , 5978.909
38.114 , 5908.773
38.116 , 5907.297
38.118 , 5905.823
38.12 , 5835.572
38.122 , 5765.205
38.124 , 5969.839
38.126 , 5899.699
38.128 , 5760.669
38.13 , 5758.96
38.132 , 5757.26
38.134 , 5824.336
38.136 , 5891.523
38.138 , 5614.931
38.139 , 5820.303
38.141 , 5887.492
38.143 , 5679.679
38.145 , 5746.639
38.147 , 5813.713
38.149 , 5812.123
38.151 , 5672.971
38.153 , 5739.931
38.155 , 5669.447
38.157 , 5736.403
38.159 , 5872.257
38.16 , 5665.409
38.162 , 5663.589
38.164 , 5524.207
38.166 , 5659.715
38.168 , 5589.117
38.17 , 5655.96
38.172 , 5447.798
38.174 , 5514.413
38.176 , 5718.7
38.178 , 5716.987
38.18 , 5508.943
38.189 , 5431.33
38.191 , 5566.719
38.193 , 5564.78
38.195 , 5562.842
38.197 , 5560.905
38.199 , 5558.961
38.201 , 5419.455
38.203 , 5554.858
38.205 , 5552.915
38.206 , 5414.376
38.208 , 5412.208
38.21 , 5478.83
38.212 , 5545.549
38.214 , 5474.833
38.216 , 5610.335
38.218 , 5470.95
38.22 , 5537.673
38.222 , 5329.397
38.223 , 5328.071
38.225 , 5325.798
38.227 , 5461.069
38.229 , 5459.012
38.231 , 5456.956
38.233 , 5248.56
38.235 , 5521.276
38.237 , 5450.556
38.239 , 5379.719
38.241 , 5377.545
38.242 , 5513.903
38.244 , 5168.056
38.246 , 5096.759
38.248 , 5300.462
38.25 , 5366.954
38.252 , 5364.784
38.254 , 5362.606
38.256 , 5360.434
38.258 , 5427.041
38.26 , 5287.423
38.262 , 5285.132
38.263 , 5283.816
38.265 , 5419.087
38.267 , 5485.807
38.269 , 5277.521
38.271 , 5275.232
38.273 , 5341.722
38.275 , 5270.763
38.277 , 5268.475
38.279 , 5197.405
38.281 , 5332.56
38.283 , 5330.382
38.284 , 5329.18
38.286 , 5258.223
38.288 , 5393.502
38.29 , 5185.1
38.292 , 5182.696
38.294 , 5317.848
38.296 , 5178.109
38.298 , 5106.925
38.3 , 5310.741
38.302 , 5377.344
38.304 , 5306.5
38.305 , 5167.736
38.307 , 5509.226
38.309 , 5232.273
38.311 , 5161.198
38.313 , 5227.57
38.315 , 5156.499
38.317 , 5291.646
38.319 , 5220.688
38.321 , 5218.392
38.323 , 5422.435
38.325 , 5420.483
38.326 , 5281.949
38.328 , 5554.887
38.33 , 5690.717
38.332 , 5551.667
38.334 , 5618.722
38.336 , 5617.116
38.338 , 5477.945
38.34 , 5476.106
38.342 , 5543.046
38.343 , 5611.078
38.345 , 5609.466
38.347 , 5539.077
38.349 , 5468.576
38.351 , 5466.731
38.353 , 5533.672
38.355 , 5531.946
38.357 , 5323.885
38.359 , 5596.929
38.361 , 5457.761
38.363 , 5524.7
38.364 , 5523.95
38.366 , 5522.22
38.368 , 5451.715
38.37 , 5587.434
38.372 , 5310.689
38.374 , 5446.176
38.376 , 5581.906
38.378 , 5580.293
38.38 , 5578.677
38.382 , 5577.065
38.384 , 5437.882
38.386 , 5298.478
38.388 , 5571.522
38.389 , 5639.666
38.391 , 5431.828
38.393 , 5429.981
38.395 , 5703.266
38.397 , 5564.312
38.399 , 5631.487
38.401 , 5629.97
38.403 , 5422.134
38.405 , 5489.08
38.407 , 5487.346
38.409 , 5416.826
38.41 , 5415.961
38.412 , 5414.126
38.414 , 5412.28
38.416 , 5479.212
38.418 , 5339.924
38.42 , 5681.858
38.422 , 5542.91
38.424 , 5197.386
38.426 , 5332.754
38.428 , 5468.359
38.43 , 5329.055
38.431 , 5052.959
38.433 , 5050.542
38.435 , 5185.676
38.437 , 5183.484
38.439 , 5181.294
38.441 , 5179.1
38.443 , 5176.906
38.445 , 5105.938
38.447 , 5103.629
38.449 , 5101.321
38.451 , 5099.015
38.452 , 5235.247
38.454 , 5301.949
38.456 , 5093.646
38.458 , 5160.116
38.46 , 5226.713
38.462 , 5224.63
38.464 , 5222.552
38.466 , 5151.692
38.468 , 5149.502
38.47 , 5147.301
38.471 , 5214.871
38.473 , 5075.231
38.475 , 5072.91
38.477 , 5139.388
38.479 , 5205.974
38.481 , 5341.452
38.483 , 5545.933
38.485 , 5338.087
38.487 , 5267.454
38.489 , 5265.489
38.491 , 5263.517
38.493 , 5330.329
38.494 , 5260.682
38.496 , 5396.271
38.498 , 5256.969
38.5 , 5461.337
38.502 , 5322.154
38.504 , 5251.519
38.506 , 5249.548
38.508 , 5453.928
38.51 , 5245.954
38.512 , 5243.981
38.514 , 5448.361
38.516 , 5377.957
38.518 , 5238.655
38.519 , 5375.225
38.529 , 5296.819
38.531 , 5501.3
38.533 , 5637.342
38.535 , 5292.161
38.537 , 5359.082
38.538 , 5358.326
38.54 , 5356.579
38.542 , 5286.056
38.544 , 5352.977
38.546 , 5282.44
38.548 , 5349.371
38.55 , 5416.406
38.552 , 5277.208
38.554 , 5275.343
38.556 , 5273.483
38.558 , 5271.625
38.559 , 5339.532
38.561 , 5337.783
38.563 , 5267.256
38.565 , 5265.398
38.567 , 5469.873
38.569 , 5399.575
38.571 , 5329.163
38.573 , 5396.204
38.575 , 5325.782
38.577 , 5392.813
38.579 , 5391.191
38.581 , 5458.335
38.583 , 5388.036
38.585 , 5455.184
38.586 , 5317.082
38.588 , 5177.772
38.59 , 5313.354
38.592 , 5449.164
38.594 , 5241.304
38.596 , 5376.996
38.598 , 5237.805
38.6 , 5373.499
38.602 , 5234.302
38.604 , 5438.775
38.605 , 5300.685
38.607 , 5298.937
38.609 , 5297.182
38.611 , 5226.655
38.613 , 5293.568
38.615 , 5291.813
38.617 , 5290.063
38.619 , 5425.871
38.621 , 5424.349
38.623 , 5422.82
38.625 , 5421.299
38.626 , 5420.765
38.628 , 5350.463
38.63 , 5623.938
38.632 , 5622.755
38.634 , 5552.798
38.636 , 5551.499
38.638 , 5412.645
38.64 , 5479.899
38.642 , 5547.271
38.644 , 5477.189
38.646 , 5407.0
38.648 , 5611.813
38.65 , 5404.291
38.652 , 5540.322
38.653 , 5333.682
38.655 , 5675.936
38.657 , 5537.305
38.659 , 5536.007
38.661 , 5465.933
38.663 , 5533.297
38.665 , 5531.996
38.667 , 5599.477
38.669 , 5529.515
38.671 , 5596.992
38.673 , 5595.809
38.674 , 5389.277
38.676 , 5387.75
38.678 , 5386.22
38.68 , 5315.913
38.682 , 5383.048
38.684 , 5450.297
38.686 , 5242.542
38.688 , 5447.122
38.69 , 5514.484
38.692 , 5375.621
38.694 , 5374.092
38.696 , 5441.354
38.698 , 5439.933
38.7 , 5369.728
38.701 , 5437.982
38.703 , 5436.564
38.705 , 5435.146
38.707 , 5502.507
38.709 , 5432.427
38.711 , 5431.011
38.713 , 5223.24
38.715 , 5290.27
38.716 , 5152.047
38.718 , 5356.511
38.72 , 5217.418
38.722 , 5284.445
38.724 , 5282.785
38.726 , 5349.915
38.728 , 5348.381
38.73 , 5140.509
38.732 , 5138.634
38.734 , 5136.752
38.735 , 5135.873
38.737 , 5271.553
38.739 , 5063.567
38.741 , 5199.129
38.743 , 5128.586
38.745 , 5264.267
38.747 , 5125.056
38.749 , 5123.176
38.751 , 5258.855
38.753 , 5119.648
38.755 , 5117.762
38.757 , 5115.885
38.758 , 5115.003
38.761 , 5180.9
38.762 , 5317.691
38.764 , 4903.479
38.766 , 5176.372
38.768 , 5243.394
38.77 , 5172.95
38.772 , 5102.404
38.774 , 5169.313
38.776 , 5305.102
38.778 , 5303.563
38.78 , 5164.467
38.782 , 4887.557
38.783 , 5092.679
38.785 , 5090.793
38.787 , 5088.914
38.789 , 5087.026
38.791 , 5085.143
38.793 , 5152.04
38.795 , 5287.829
38.797 , 5079.948
38.799 , 5009.285
38.801 , 4869.729
38.803 , 5073.835
38.805 , 5071.952
38.806 , 5208.622
38.808 , 5206.968
38.81 , 5274.088
38.812 , 5203.767
38.814 , 5202.112
38.816 , 5131.672
38.818 , 5198.679
38.82 , 5265.803
38.822 , 5264.259
38.824 , 5262.71
38.826 , 5329.949
38.828 , 5328.52
38.829 , 5259.313
38.832 , 5256.763
38.833 , 5325.0
38.835 , 5254.791
38.837 , 5115.685
38.839 , 5182.691
38.841 , 5249.81
38.843 , 5041.93
38.845 , 4971.26
38.847 , 4969.254
38.849 , 5104.81
38.851 , 5103.031
38.852 , 5171.039
38.854 , 5169.38
38.856 , 5236.497
38.858 , 5166.168
38.86 , 4958.168
38.87 , 5223.257
38.871 , 4878.807
38.873 , 5014.24
38.875 , 5218.697
38.877 , 5010.801
38.879 , 4802.568
38.881 , 5213.02
38.883 , 5142.679
38.885 , 5072.237
38.887 , 5001.673
38.889 , 4999.784
38.891 , 4997.891
38.893 , 5064.784
38.895 , 4994.214
38.897 , 5129.875
38.899 , 5059.445
38.9 , 4921.097
38.902 , 4987.877
38.904 , 4917.207
38.906 , 4777.64
38.908 , 4844.178
38.91 , 4979.61
38.912 , 4840.159
38.914 , 5044.367
38.916 , 4767.459
38.918 , 4834.009
38.92 , 4900.652
38.922 , 4898.637
38.923 , 4897.633
38.925 , 4826.844
38.927 , 4755.939
38.929 , 4684.916
38.931 , 4751.339
38.933 , 4817.878
38.935 , 4953.306
38.937 , 4813.851
38.939 , 4949.282
38.941 , 4947.381
38.943 , 4876.705
38.945 , 4874.691
38.947 , 5079.015
38.949 , 5008.561
38.95 , 4870.226
38.952 , 4868.21
38.954 , 4866.199
38.956 , 4864.179
38.958 , 4862.164
38.96 , 4722.594
38.962 , 4926.694
38.964 , 4924.795
38.966 , 4785.322
38.968 , 4783.206
38.97 , 4918.63
38.972 , 5123.067
38.974 , 4846.394
38.976 , 4844.37
38.978 , 4773.578
38.979 , 4841.232
38.981 , 4839.219
38.983 , 4974.753
38.985 , 4835.409
38.987 , 4970.949
38.989 , 4831.604
38.991 , 4898.36
38.993 , 5102.792
38.995 , 4826.118
38.997 , 4892.874
38.999 , 4890.973
39.001 , 4957.847
39.002 , 5025.845
39.004 , 5024.167
39.006 , 4884.933
39.008 , 5020.585
39.01 , 4812.57
39.012 , 4879.339
39.014 , 4877.423
39.016 , 5013.087
39.018 , 4873.845
39.02 , 4940.719
39.022 , 4732.592
39.024 , 4730.456
39.025 , 4866.886
39.027 , 4933.758
39.029 , 5138.302
39.031 , 4930.514
39.033 , 5066.278
39.035 , 4927.154
39.037 , 4787.806
39.039 , 4785.778
39.041 , 4714.976
39.043 , 4987.954
39.045 , 4917.497
39.046 , 4779.15
39.048 , 4845.908
39.05 , 4912.776
39.052 , 4773.412
39.054 , 4771.385
39.056 , 4769.359
39.058 , 4904.908
39.06 , 4971.875
39.062 , 4832.635
39.064 , 4899.516
39.066 , 4828.923
39.067 , 4828.026
39.069 , 4619.778
39.071 , 4823.861
39.073 , 4684.388
39.075 , 4682.237
39.077 , 4817.665
39.079 , 4746.973
39.081 , 4882.501
39.083 , 4949.494
39.085 , 4810.24
39.087 , 4739.544
39.089 , 4806.294
39.09 , 4736.618
39.092 , 4803.368
39.094 , 4595.101
39.096 , 4592.844
39.098 , 4865.715
39.1 , 4863.917
39.102 , 4862.122
39.104 , 4516.417
39.106 , 4789.161
39.108 , 4787.242
39.109 , 4580.006
39.111 , 4784.085
39.113 , 4988.505
39.115 , 4711.812
39.117 , 4847.34
39.119 , 4845.54
39.121 , 4843.736
39.123 , 4841.93
39.125 , 4702.571
39.126 , 4632.774
39.128 , 4699.41
39.13 , 4628.594
39.132 , 4764.006
39.134 , 4899.646
39.136 , 4966.732
39.138 , 4965.159
39.14 , 4894.803
39.142 , 4755.557
39.144 , 4891.192
39.146 , 4958.281
39.148 , 4750.369
39.15 , 4954.781
39.152 , 4746.869
39.153 , 4883.526
39.155 , 4744.276
39.157 , 4811.13
39.159 , 4809.324
39.161 , 4807.518
39.163 , 5012.049
39.165 , 4735.466
39.167 , 4802.324
39.169 , 4869.297
39.171 , 5005.159
39.173 , 4866.139
39.174 , 4865.462
39.176 , 4863.767
39.178 , 4862.071
39.18 , 4791.6
39.182 , 4789.792
39.184 , 4787.984
39.186 , 4786.172
39.188 , 4784.361
39.19 , 4644.995
39.192 , 4780.51
39.194 , 4778.7
39.196 , 4708.115
39.197 , 4776.0
39.199 , 4911.731
39.201 , 4772.594
39.203 , 4770.795
39.213 , 4898.363
39.215 , 4965.571
39.217 , 4757.753
39.218 , 4894.521
39.22 , 4755.374
39.222 , 4753.563
39.224 , 4889.308
39.226 , 4818.943
39.228 , 4748.465
39.23 , 4815.43
39.232 , 4813.734
39.234 , 4605.693
39.236 , 4741.208
39.237 , 4946.753
39.239 , 4807.724
39.241 , 4737.242
39.243 , 4735.426
39.245 , 4733.612
39.247 , 4938.131
39.249 , 4799.102
39.251 , 4866.182
39.253 , 4795.829
39.255 , 4794.11
39.256 , 4793.43
39.258 , 4791.728
39.26 , 4927.596
39.262 , 4788.55
39.264 , 4786.849
39.266 , 4853.938
39.268 , 4852.347
39.27 , 4781.965
39.272 , 4780.275
39.274 , 4984.908
39.276 , 4914.754
39.278 , 4844.512
39.28 , 4842.911
39.282 , 4910.097
39.283 , 4703.309
39.285 , 4976.605
39.287 , 4700.129
39.289 , 4835.863
39.291 , 5109.39
39.293 , 4901.92
39.295 , 4900.443
39.297 , 4898.965
39.299 , 4897.486
39.301 , 4758.452
39.302 , 4895.328
39.304 , 4687.51
39.306 , 4823.248
39.308 , 4890.44
39.31 , 4957.736
39.312 , 4956.372
39.314 , 4955.01
39.316 , 4816.082
39.318 , 4814.483
39.32 , 4744.117
39.321 , 4743.437
39.323 , 4948.059
39.325 , 4809.139
39.327 , 4876.323
39.329 , 4737.284
39.331 , 4735.573
39.333 , 4940.201
39.335 , 4663.711
39.337 , 4730.67
39.339 , 4866.517
39.341 , 4933.815
39.343 , 4932.449
39.344 , 4863.325
39.346 , 4861.843
39.348 , 4860.355
39.35 , 4858.875
39.352 , 4788.609
39.354 , 4855.791
39.356 , 4923.087
39.358 , 4784.158
39.36 , 4713.782
39.362 , 4918.405
39.364 , 4641.921
39.366 , 4915.208
39.367 , 4914.863
39.369 , 4844.716
39.371 , 4912.017
39.373 , 4841.858
39.375 , 4771.595
39.377 , 4769.996
39.379 , 4768.391
39.381 , 4766.792
39.383 , 4765.193
39.385 , 4694.813
39.387 , 5036.995
39.388 , 4899.318
39.39 , 4966.727
39.392 , 4827.911
39.394 , 4895.198
39.396 , 4893.828
39.398 , 4823.673
39.4 , 4890.962
39.402 , 5095.927
39.404 , 5026.118
39.406 , 4956.196
39.408 , 5023.711
39.41 , 4953.787
39.412 , 4883.749
39.414 , 4676.032
39.415 , 4881.685
39.417 , 4880.31
39.419 , 4878.936
39.421 , 4877.556
39.423 , 4876.182
39.425 , 4874.806
39.427 , 4942.209
39.429 , 4803.384
39.431 , 4801.896
39.433 , 5006.752
39.435 , 4661.691
39.436 , 4729.782
39.438 , 4659.396
39.44 , 4726.454
39.442 , 4862.415
39.444 , 4792.256
39.446 , 4653.197
39.448 , 4857.82
39.45 , 4787.664
39.452 , 4648.611
39.454 , 4715.671
39.455 , 4715.094
39.457 , 4919.82
39.459 , 4712.22
39.461 , 4916.948
39.463 , 4640.562
39.465 , 4913.958
39.467 , 4775.131
39.469 , 4842.412
39.471 , 4841.032
39.473 , 4839.648
39.475 , 4838.271
39.477 , 4836.885
39.479 , 4904.296
39.48 , 4766.492
39.482 , 4833.773
39.484 , 4832.39
39.486 , 4831.01
39.488 , 4829.626
39.49 , 4897.033
39.492 , 4826.985
39.494 , 5100.717
39.496 , 4755.9
39.498 , 4823.178
39.5 , 4821.794
39.502 , 4751.631
39.503 , 4751.168
39.505 , 4818.445
39.507 , 5023.399
39.509 , 4678.463
39.511 , 4676.847
39.513 , 4881.57
39.515 , 4880.299
39.517 , 4879.029
39.519 , 5084.091
39.521 , 4808.048
39.523 , 4806.664
39.525 , 4736.492
39.527 , 4872.554
39.529 , 4871.275
39.531 , 4801.223
39.532 , 4869.649
39.534 , 4799.601
39.536 , 4866.991
39.538 , 5072.062
39.54 , 4864.786
39.542 , 4863.513
39.544 , 4793.46
39.553 , 4784.802
39.555 , 4714.633
39.557 , 4781.91
39.559 , 4780.522
39.561 , 4710.35
39.563 , 4708.844
39.565 , 4707.34
39.567 , 4912.169
39.569 , 4911.009
39.571 , 4841.067
39.573 , 4839.789
39.575 , 4700.954
39.576 , 4631.704
39.578 , 4630.083
39.58 , 4628.459
39.582 , 4558.06
39.584 , 4556.323
39.586 , 4485.81
39.588 , 4621.512
39.59 , 4619.892
39.592 , 4480.708
39.594 , 4616.415
39.596 , 4614.794
39.597 , 4682.992
39.599 , 4750.267
39.601 , 4955.209
39.603 , 4541.473
39.605 , 4539.742
39.607 , 4400.44
39.609 , 4536.032
39.611 , 4671.854
39.613 , 4532.788
39.615 , 4462.264
39.616 , 4599.01
39.618 , 4666.167
39.62 , 4595.876
39.622 , 4387.911
39.624 , 4592.28
39.626 , 4590.656
39.628 , 4657.809
39.63 , 4587.516
39.632 , 4585.89
39.634 , 4584.262
39.636 , 4651.413
39.637 , 4513.384
39.639 , 4442.866
39.641 , 4716.125
39.643 , 4714.726
39.645 , 4713.327
39.647 , 4711.928
39.649 , 4779.311
39.651 , 4709.243
39.653 , 4639.065
39.655 , 4568.772
39.657 , 4635.917
39.659 , 4771.971
39.661 , 4701.9
39.663 , 4562.939
39.664 , 4562.344
39.666 , 4698.279
39.668 , 4696.88
39.67 , 4557.914
39.672 , 4693.845
39.674 , 4692.444
39.676 , 4759.833
39.678 , 4552.187
39.68 , 4688.12
39.682 , 4686.727
39.684 , 4754.11
39.686 , 4546.461
39.688 , 4613.622
39.689 , 4544.368
39.691 , 4611.511
39.693 , 4609.993
39.695 , 4608.478
39.697 , 4606.958
39.699 , 4742.997
39.701 , 4672.927
39.703 , 4740.303
39.705 , 4670.229
39.707 , 4531.268
39.709 , 4667.192
39.71 , 4666.832
39.712 , 4665.421
39.714 , 4595.233
39.716 , 4662.493
39.718 , 4592.309
39.72 , 4590.783
39.722 , 4520.482
39.724 , 4656.404
39.726 , 4379.877
39.728 , 4721.912
39.73 , 4651.84
39.732 , 4512.875
39.734 , 4580.014
39.735 , 4510.76
39.737 , 4509.123
39.739 , 4576.266
39.741 , 4574.75
39.743 , 4573.228
39.745 , 4502.912
39.747 , 4570.063
39.749 , 4568.54
39.751 , 4704.574
39.753 , 4359.373
39.755 , 4426.293
39.756 , 4563.147
39.758 , 4492.841
39.76 , 4559.982
39.762 , 4558.457
39.764 , 4556.929
39.766 , 4692.962
39.768 , 4691.662
39.77 , 4621.582
39.772 , 4757.733
39.774 , 4687.772
39.776 , 4755.249
39.778 , 4822.846
39.78 , 4684.214
39.781 , 4752.749
39.783 , 4682.778
39.786 , 4680.427
39.787 , 4886.522
39.789 , 4816.784
39.791 , 4815.715
39.793 , 4677.087
39.795 , 4675.787
39.797 , 4812.042
39.799 , 4742.194
39.801 , 4672.229
39.803 , 4602.14
39.805 , 4875.847
39.807 , 4737.332
39.809 , 4736.14
39.81 , 4942.343
39.812 , 4597.598
39.814 , 4733.743
39.816 , 4870.113
39.818 , 4731.592
39.82 , 4799.181
39.822 , 4729.331
39.824 , 4796.92
39.826 , 4727.065
39.828 , 4725.877
39.83 , 4862.244
39.831 , 4931.114
39.833 , 4930.27
39.835 , 4791.865
39.837 , 4722.007
39.839 , 4720.819
39.841 , 4719.625
39.843 , 4718.433
39.845 , 4786.022
39.847 , 4853.731
39.849 , 4852.771
39.851 , 4714.236
39.853 , 4919.389
39.855 , 4712.202
39.857 , 4711.012
39.859 , 4847.376
39.86 , 4778.687
39.862 , 4915.167
39.864 , 4707.981
39.866 , 4706.784
39.868 , 4774.373
39.87 , 4704.515
39.872 , 4703.317
39.874 , 4839.683
39.876 , 4701.162
39.878 , 4768.747
39.88 , 4767.664
39.881 , 4767.635
39.883 , 4697.775
39.885 , 4696.587
39.895 , 4893.277
39.897 , 4754.863
39.899 , 4891.34
39.901 , 4890.483
39.903 , 4752.071
39.904 , 5027.174
39.906 , 4682.646
39.908 , 4750.219
39.91 , 4817.93
39.912 , 4954.52
39.914 , 4884.997
39.916 , 5021.7
39.918 , 4883.517
39.92 , 4951.441
39.922 , 4950.697
39.924 , 4949.958
39.926 , 4880.438
39.928 , 4879.578
39.93 , 4878.722
39.931 , 4810.145
39.933 , 4946.732
39.935 , 4877.209
39.937 , 4945.13
39.939 , 5081.948