0.001 , 0.0
0.002 , 0.03999329
0.004 , 0.009994507
0.005 , 0.03999329
0.007 , 0.05000305
0.008000001 , 0.02000427
0.01 , 0.02999878
0.011 , 0.02999878
0.013 , 0.03999329
0.014 , 0.03999329
0.016 , 0.08000183
0.017 , 0.05000305
0.018 , 0.08000183
0.02 , 0.02000427
0.021 , 0.05999756
0.023 , 0.02999878
0.024 , 0.06999207
0.026 , 0.08000183
0.027 , 0.08000183
0.029 , 0.08999634
0.03 , 0.05000305
0.032 , 0.06001282
0.033 , 0.1000061
0.034 , 0.1000061
0.035 , 0.06001282
0.037 , 0.07000732
0.038 , 0.07000732
0.04 , 0.08000183
0.041 , 0.05000305
0.042 , 0.06001282
0.044 , 0.04000854
0.045 , 0.0
0.047 , 0.05000305
0.048 , 0.009994507
0.049 , 0.01998901
0.051 , 0.01998901
0.052 , 0.0
0.054 , 0.0
0.055 , 0.02999878
0.056 , 0.009994507
0.058 , -0.02999878
0.05900001 , 0.01998901
0.061 , -0.02000427
0.062 , -0.009994507
0.06400001 , -0.009994507
0.065 , -0.009994507
0.067 , 0.0
0.06800001 , -0.02999878
0.07 , -0.04000854
0.071 , -0.02000427
0.072 , -0.009994507
0.074 , -0.009994507
0.075 , -0.009994507
0.077 , -0.02000427
0.078 , -0.02000427
0.08 , -0.04998779
0.081 , -0.04998779
0.083 , -0.03999329
0.084 , -0.1100006
0.085 , -0.03999329
0.087 , -0.05999756
0.088 , -0.05999756
0.09 , -0.08999634
0.09099999 , -0.01998901
0.093 , -0.08000183
0.094 , -0.03999329
0.096 , -0.07000732
0.09700001 , -0.07000732
0.09799999 , -0.07000732
0.1 , -0.05999756
0.101 , -0.08999634
0.102 , -0.08999634
0.104 , -0.08000183
0.105 , -0.08000183
0.107 , -0.07000732
0.108 , -0.07000732
0.109 , -0.08000183
0.11 , -0.05999756
0.112 , -0.08000183
0.113 , -0.07000732
0.114 , -0.07000732
0.116 , -0.05999756
0.117 , -0.05999756
0.118 , -0.09999084
0.12 , -0.08999634
0.121 , -0.1600037
0.122 , -0.1600037
0.123 , -0.1100006
0.124 , -0.1500092
0.125 , -0.1500092
0.126 , -0.1399994
0.128 , -0.1399994
0.129 , -0.1600037
0.13 , -0.1300049
0.131 , -0.1300049
0.132 , -0.1300049
0.133 , -0.1500092
0.134 , -0.1500092
0.135 , -0.1200104
0.136 , -0.1399994
0.138 , -0.1799927
0.139 , -0.1300049
0.14 , -0.1300049
0.141 , -0.1900024
0.142 , -0.1900024
0.143 , -0.1600037
0.144 , -0.1600037
0.145 , -0.1800079
0.147 , -0.1699982
0.148 , -0.1699982
0.149 , -0.1900024
0.15 , -0.1600037
0.151 , -0.1600037
0.152 , -0.1600037
0.153 , -0.1800079
0.154 , -0.1500092
0.155 , -0.1800079
0.157 , -0.1699982
0.158 , -0.1699982
0.159 , -0.1600037
0.16 , -0.2299957
0.161 , -0.1999969
0.162 , -0.1999969
0.163 , -0.1899872
0.165 , -0.1899872
0.166 , -0.25
0.167 , -0.1799927
0.168 , -0.2099915
0.169 , -0.1699982
0.17 , -0.1699982
0.171 , -0.1999969
0.173 , -0.1199951
0.174 , -0.1599884
0.175 , -0.1199951
0.176 , -0.1499939
0.177 , -0.1499939
0.178 , -0.2200012
0.179 , -0.1799927
0.181 , -0.1699982
0.182 , -0.2100067
0.183 , -0.1999969
0.184 , -0.1599884
0.185 , -0.1999969
0.186 , -0.1900024
0.187 , -0.1499939
0.188 , -0.2200012
0.189 , -0.1900024
0.191 , -0.2100067
0.192 , -0.1399994
0.193 , -0.1999969
0.194 , -0.1699982
0.195 , -0.1999969
0.196 , -0.1900024
0.198 , -0.2100067
0.199 , -0.2100067
0.2 , -0.1999969
0.201 , -0.269989
0.202 , -0.1999969
0.203 , -0.1900024
0.204 , -0.2299957
0.206 , -0.2200012
0.207 , -0.25
0.208 , -0.25
0.209 , -0.2200012
0.21 , -0.2399902
0.211 , -0.2099915
0.212 , -0.2099915
0.213 , -0.2299957
0.215 , -0.2299957
0.216 , -0.2200012
0.217 , -0.2600098
0.218 , -0.2200012
0.219 , -0.2600098
0.22 , -0.2799988
0.221 , -0.2799988
0.222 , -0.25
0.223 , -0.2700043
0.224 , -0.1999969
0.226 , -0.1900024
0.227 , -0.1900024
0.228 , -0.1900024
0.229 , -0.230011
0.23 , -0.1799927
0.231 , -0.1499939
0.232 , -0.1799927
0.234 , -0.2100067
0.235 , -0.1699982
0.236 , -0.1600037
0.237 , -0.230011
0.238 , -0.1600037
0.239 , -0.2000122
0.24 , -0.2200012
0.241 , -0.1900024
0.243 , -0.25
0.243 , -0.2100067
0.245 , -0.2100067
0.246 , -0.2399902
0.247 , -0.1999969
0.248 , -0.2399902
0.249 , -0.2399902
0.25 , -0.1900024
0.251 , -0.2299957
0.252 , -0.2299957
0.254 , -0.2200012
0.255 , -0.2200012
0.256 , -0.2299957
0.257 , -0.2299957
0.258 , -0.2599945
0.259 , -0.2299957
0.26 , -0.2200012
0.262 , -0.2200012
0.263 , -0.2400055
0.264 , -0.2400055
0.265 , -0.2100067
0.266 , -0.2100067
0.267 , -0.2299957
0.268 , -0.269989
0.269 , -0.2299957
0.27 , -0.2599945
0.272 , -0.2200012
0.273 , -0.1800079
0.274 , -0.2100067
0.275 , -0.2100067
0.276 , -0.280014
0.277 , -0.3099976
0.278 , -0.3099976
0.279 , -0.3099976
0.28 , -0.3200073
0.282 , -0.3000031
0.283 , -0.3399963
0.284 , -0.3399963
0.285 , -0.3099976
0.286 , -0.3099976
0.287 , -0.3300018
0.288 , -0.3000031
0.29 , -0.3200073
0.291 , -0.2900085
0.292 , -0.3200073
0.293 , -0.2799988
0.294 , -0.2799988
0.295 , -0.3099976
0.296 , -0.3099976
0.297 , -0.3399963
0.299 , -0.3399963
0.3 , -0.3600006
0.301 , -0.3300018
0.302 , -0.3300018
0.303 , -0.3199921
0.304 , -0.3499908
0.305 , -0.3499908
0.306 , -0.3499908
0.308 , -0.3800049
0.309 , -0.3399963
0.31 , -0.3300018
0.311 , -0.3300018
0.312 , -0.3300018
0.313 , -0.3199921
0.314 , -0.3600006
0.316 , -0.3199921
0.317 , -0.3500061
0.318 , -0.3699951
0.319 , -0.3500061
0.32 , -0.3600006
0.321 , -0.3600006
0.322 , -0.3600006
0.323 , -0.3300018
0.324 , -0.3800049
0.325 , -0.3499908
0.326 , -0.3499908
0.328 , -0.3700104
0.329 , -0.3700104
0.33 , -0.3600006
0.331 , -0.3999939
0.332 , -0.3600006
0.333 , -0.4199982
0.334 , -0.3899994
0.336 , -0.3899994
0.337 , -0.3400116
0.338 , -0.4100037
0.339 , -0.4100037
0.34 , -0.3999939
0.341 , -0.3699951
0.342 , -0.4399872
0.343 , -0.3699951
0.345 , -0.3899994
0.346 , -0.3899994
0.347 , -0.4199982
0.348 , -0.4199982
0.349 , -0.4199982
0.35 , -0.4099884
0.351 , -0.4099884
0.352 , -0.4099884
0.354 , -0.4199982
0.355 , -0.3999939
0.356 , -0.4199982
0.357 , -0.4100037
0.358 , -0.4100037
0.359 , -0.4100037
0.36 , -0.3999939
0.362 , -0.3999939
0.363 , -0.3999939
0.364 , -0.4400024
0.365 , -0.4400024
0.366 , -0.4600067
0.367 , -0.4299927
0.368 , -0.4299927
0.37 , -0.4199982
0.371 , -0.4400024
0.372 , -0.4199982
0.373 , -0.4400024
0.374 , -0.4100037
0.375 , -0.4100037
0.376 , -0.4300079
0.377 , -0.4199982
0.378 , -0.4199982
0.38 , -0.4400024
0.381 , -0.3899994
0.382 , -0.4400024
0.383 , -0.4100037
0.384 , -0.4000092
0.385 , -0.4300079
0.386 , -0.4700012
0.387 , -0.4599915
0.389 , -0.4199982
0.39 , -0.4100037
0.391 , -0.4100037
0.392 , -0.4100037
0.393 , -0.4499969
0.394 , -0.4600067
0.395 , -0.4400024
0.396 , -0.4400024
0.398 , -0.4299927
0.399 , -0.4299927
0.4 , -0.4400024
0.401 , -0.4400024
0.402 , -0.4400024
0.403 , -0.4400024
0.404 , -0.4300079
0.405 , -0.4300079
0.407 , -0.4700012
0.408 , -0.4199982
0.409 , -0.4700012
0.41 , -0.4600067
0.411 , -0.4600067
0.412 , -0.4600067
0.413 , -0.4600067
0.414 , -0.4499969
0.415 , -0.469986
0.417 , -0.4400024
0.418 , -0.4599915
0.419 , -0.4599915
0.42 , -0.4499969
0.421 , -0.4300079
0.422 , -0.480011
0.423 , -0.5200043
0.424 , -0.4700012
0.426 , -0.4700012
0.427 , -0.4299927
0.428 , -0.4600067
0.429 , -0.5
0.43 , -0.4600067
0.431 , -0.4199982
0.432 , -0.4199982
0.433 , -0.4000092
0.434 , -0.4099884
0.436 , -0.4799957
0.437 , -0.4300079
0.438 , -0.4300079
0.439 , -0.3999939
0.44 , -0.4700012
0.441 , -0.4200134
0.442 , -0.4600067
0.443 , -0.4900055
0.444 , -0.4499969
0.446 , -0.4499969
0.447 , -0.4400024
0.448 , -0.4400024
0.449 , -0.5100098
0.45 , -0.4400024
0.451 , -0.4299927
0.452 , -0.4599915
0.453 , -0.5
0.454 , -0.4499969
0.456 , -0.4499969
0.457 , -0.4100037
0.458 , -0.4400024
0.459 , -0.4400024
0.46 , -0.480011
0.461 , -0.4700012
0.462 , -0.4899902
0.464 , -0.5099945
0.465 , -0.5099945
0.466 , -0.4799957
0.467 , -0.4700012
0.468 , -0.4700012
0.469 , -0.5
0.47 , -0.5
0.471 , -0.4400024
0.473 , -0.4899902
0.474 , -0.4499969
0.475 , -0.5200043
0.476 , -0.4799957
0.477 , -0.4400024
0.478 , -0.4700012
0.479 , -0.4700012
0.48 , -0.4700012
0.482 , -0.5
0.483 , -0.5
0.484 , -0.4900055
0.485 , -0.5200043
0.486 , -0.5200043
0.487 , -0.480011
0.488 , -0.480011
0.489 , -0.480011
0.491 , -0.4700012
0.492 , -0.4700012
0.493 , -0.5
0.494 , -0.4600067
0.495 , -0.4900055
0.496 , -0.4900055
0.497 , -0.4799957
0.498 , -0.4799957
0.499 , -0.519989
0.501 , -0.5099945
0.502 , -0.5299988
0.503 , -0.5299988
0.504 , -0.5
0.505 , -0.5200043
0.506 , -0.5
0.507 , -0.5099945
0.508 , -0.5099945
0.51 , -0.4899902
0.511 , -0.5
0.512 , -0.5
0.513 , -0.4799957
0.514 , -0.5400085
0.515 , -0.5400085
0.516 , -0.4900055
0.517 , -0.4700012
0.519 , -0.4799957
0.52 , -0.4799957
0.521 , -0.5400085
0.522 , -0.5200043
0.523 , -0.5400085
0.524 , -0.5600128
0.525 , -0.5100098
0.526 , -0.530014
0.527 , -0.5600128
0.529 , -0.5200043
0.53 , -0.5200043
0.531 , -0.5100098
0.532 , -0.5100098
0.533 , -0.5100098
0.534 , -0.5699921
0.535 , -0.5299988
0.536 , -0.5699921
0.538 , -0.5800018
0.539 , -0.5599976
0.54 , -0.5800018
0.541 , -0.6200104
0.542 , -0.5500031
0.543 , -0.5500031
0.5440001 , -0.5599976
0.545 , -0.5599976
0.547 , -0.5399933
0.548 , -0.5500031
0.549 , -0.5500031
0.55 , -0.5500031
0.551 , -0.5400085
0.552 , -0.5400085
0.553 , -0.5400085
0.554 , -0.5800018
0.556 , -0.5299988
0.565 , -0.5699921
0.566 , -0.5699921
0.567 , -0.5699921
0.568 , -0.5599976
0.57 , -0.5599976
0.571 , -0.5500031
0.572 , -0.5500031
0.573 , -0.5500031
0.574 , -0.5699921
0.575 , -0.5699921
0.576 , -0.5699921
0.577 , -0.5399933
0.579 , -0.6000061
0.58 , -0.6000061
0.5809999 , -0.5899963
0.582 , -0.5499878
0.583 , -0.6100006
0.584 , -0.5800018
0.585 , -0.5800018
0.587 , -0.6000061
0.588 , -0.5700073
0.589 , -0.5700073
0.59 , -0.5700073
0.591 , -0.5599976
0.592 , -0.5599976
0.593 , -0.5800018
0.595 , -0.5700073
0.596 , -0.5500031
0.597 , -0.5700073
0.598 , -0.5600128
0.599 , -0.5600128
0.6 , -0.6100006
0.601 , -0.5999908
0.602 , -0.5999908
0.603 , -0.6199951
0.604 , -0.5999908
0.606 , -0.5899963
0.607 , -0.6100006
0.608 , -0.5800018
0.609 , -0.5800018
0.61 , -0.6000061
0.611 , -0.5899963
0.612 , -0.5899963
0.614 , -0.5200043
0.615 , -0.5800018
0.616 , -0.6300049
0.617 , -0.5800018
0.618 , -0.5699921
0.619 , -0.6199951
0.62 , -0.6399994
0.622 , -0.6300049
0.623 , -0.6100006
0.624 , -0.6300049
0.625 , -0.6200104
0.626 , -0.6000061
0.627 , -0.6200104
0.628 , -0.5899963
0.629 , -0.5899963
0.631 , -0.6000061
0.632 , -0.6000061
0.633 , -0.5800018
0.634 , -0.6000061
0.635 , -0.5900116
0.636 , -0.6100006
0.637 , -0.5900116
0.638 , -0.5999908
0.639 , -0.5800018
0.641 , -0.5700073
0.642 , -0.5899963
0.643 , -0.5899963
0.644 , -0.5899963
0.645 , -0.5600128
0.646 , -0.6800079
0.647 , -0.6800079
0.648 , -0.5699921
0.65 , -0.5699921
0.651 , -0.6600037
0.652 , -0.6600037
0.653 , -0.6600037
0.654 , -0.6600037
0.655 , -0.6500092
0.656 , -0.6500092
0.657 , -0.6700134
0.659 , -0.6399994
0.66 , -0.6600037
0.661 , -0.6500092
0.662 , -0.6500092
0.663 , -0.6300049
0.664 , -0.6900024
0.665 , -0.6199951
0.666 , -0.6799927
0.668 , -0.6699982
0.6690001 , -0.6699982
0.67 , -0.6300049
0.671 , -0.6600037
0.672 , -0.6200104
0.673 , -0.6600037
0.674 , -0.6200104
0.676 , -0.6499939
0.677 , -0.6499939
0.678 , -0.6699982
0.679 , -0.6399994
0.68 , -0.6399994
0.681 , -0.6699982
0.683 , -0.6300049
0.684 , -0.6800079
0.685 , -0.6499939
0.686 , -0.6499939
0.687 , -0.6499939
0.688 , -0.6100006
0.689 , -0.6399994
0.691 , -0.6399994
0.692 , -0.6500092
0.693 , -0.6300049
0.694 , -0.6500092
0.695 , -0.6199951
0.696 , -0.6199951
0.697 , -0.6399994
0.699 , -0.6800079
0.7 , -0.6300049
0.701 , -0.6800079
0.702 , -0.6699982
0.703 , -0.6699982
0.704 , -0.6699982
0.705 , -0.6600037
0.707 , -0.6799927
0.708 , -0.6500092
0.709 , -0.6500092
0.71 , -0.6500092
0.711 , -0.6000061
0.712 , -0.6399994
0.713 , -0.6399994
0.714 , -0.6399994
0.716 , -0.6300049
0.717 , -0.6499939
0.718 , -0.6399994
0.719 , -0.6900024
0.72 , -0.6900024
0.721 , -0.6399994
0.722 , -0.6799927
0.723 , -0.6299896
0.725 , -0.6699982
0.726 , -0.6699982
0.727 , -0.6900024
0.728 , -0.6600037
0.729 , -0.6800079
0.73 , -0.6600037
0.731 , -0.6800079
0.733 , -0.5999908
0.734 , -0.6499939
0.735 , -0.6600037
0.736 , -0.6600037
0.737 , -0.6600037
0.738 , -0.6700134
0.739 , -0.6500092
0.741 , -0.6500092
0.742 , -0.6600037
0.743 , -0.6600037
0.744 , -0.6399994
0.745 , -0.6500092
0.746 , -0.6999969
0.747 , -0.6999969
0.748 , -0.6199951
0.75 , -0.6899872
0.751 , -0.6899872
0.752 , -0.6100006
0.753 , -0.6300049
0.754 , -0.6300049
0.755 , -0.6200104
0.756 , -0.6699982
0.758 , -0.6599884
0.759 , -0.6100006
0.76 , -0.6599884
0.761 , -0.6599884
0.762 , -0.6499939
0.763 , -0.6699982
0.765 , -0.6600037
0.766 , -0.6600037
0.767 , -0.6600037
0.768 , -0.6600037
0.769 , -0.6499939
0.77 , -0.6299896
0.771 , -0.6499939
0.773 , -0.6199951
0.774 , -0.6900024
0.775 , -0.6300049
0.776 , -0.6800079
0.777 , -0.6300049
0.778 , -0.7000122
0.779 , -0.6699982
0.78 , -0.6699982
0.782 , -0.6800079
0.783 , -0.6800079
0.784 , -0.7200012
0.785 , -0.6699982
0.786 , -0.7099915
0.787 , -0.7099915
0.789 , -0.6600037
0.79 , -0.6999969
0.791 , -0.6999969
0.792 , -0.5800018
0.793 , -0.6500092
0.7940001 , -0.6900024
0.795 , -0.6799927
0.797 , -0.6799927
0.798 , -0.6799927
0.799 , -0.6699982
0.8 , -0.6699982
0.801 , -0.6699982
0.802 , -0.6900024
0.803 , -0.6900024
0.805 , -0.6799927
0.8059999 , -0.6999969
0.807 , -0.6999969
0.808 , -0.6999969
0.809 , -0.6399994
0.81 , -0.6699982
0.812 , -0.6600037
0.813 , -0.6800079
0.814 , -0.6600037
0.815 , -0.6699982
0.816 , -0.6699982
0.817 , -0.6699982
0.818 , -0.6699982
0.82 , -0.6600037
0.821 , -0.7100067
0.822 , -0.6500092
0.823 , -0.7000122
0.824 , -0.7000122
0.825 , -0.6900024
0.826 , -0.6900024
0.827 , -0.6399994
0.828 , -0.6900024
0.83 , -0.6800079
0.8309999 , -0.6800079
0.832 , -0.6699982
0.833 , -0.6699982
0.834 , -0.6699982
0.8349999 , -0.6600037
0.8360001 , -0.6799927
0.837 , -0.6600037
0.8389999 , -0.6500092
0.84 , -0.6699982
0.841 , -0.6699982
0.842 , -0.6599884
0.843 , -0.6999969
0.844 , -0.6999969
0.846 , -0.6499939
0.847 , -0.6900024
0.848 , -0.6900024
0.849 , -0.6800079
0.85 , -0.6800079
0.851 , -0.6800079
0.852 , -0.6299896
0.854 , -0.6299896
0.855 , -0.6699982
0.856 , -0.6900024
0.857 , -0.6600037
0.858 , -0.6900024
0.859 , -0.6800079
0.86 , -0.6800079
0.861 , -0.6500092
0.863 , -0.6699982
0.864 , -0.6900024
0.865 , -0.6699982
0.866 , -0.6800079
0.867 , -0.6800079
0.8679999 , -0.6800079
0.8690001 , -0.6699982
0.871 , -0.6499939
0.8719999 , -0.6600037
0.873 , -0.6600037
0.874 , -0.6600037
0.875 , -0.6399994
0.876 , -0.6300049
0.877 , -0.6500092
0.8780001 , -0.6999969
0.88 , -0.6399994
0.8809999 , -0.6399994
0.8820001 , -0.6799927
0.883 , -0.6799927
0.884 , -0.6999969
0.885 , -0.6799927
0.887 , -0.6699982
0.888 , -0.6900024
0.889 , -0.6599884
0.89 , -0.6599884
0.891 , -0.6599884
0.892 , -0.6699982
0.894 , -0.6499939
0.895 , -0.6499939
0.896 , -0.6600037
0.897 , -0.6600037
0.898 , -0.7000122
0.899 , -0.6499939
0.901 , -0.6900024
0.902 , -0.6399994
0.903 , -0.6800079
0.904 , -0.6800079
0.9049999 , -0.7100067
0.906 , -0.6700134
0.907 , -0.6700134
0.908 , -0.6700134
0.91 , -0.6900024
0.9110001 , -0.6600037
0.912 , -0.6100006
0.913 , -0.6500092
0.9139999 , -0.6800079
0.9150001 , -0.6800079
0.916 , -0.6699982
0.917 , -0.6699982
0.9190001 , -0.6300049
0.92 , -0.6300049
0.921 , -0.6600037
0.922 , -0.6699982
0.923 , -0.6500092
0.924 , -0.6699982
0.925 , -0.6699982
0.926 , -0.6599884
0.928 , -0.6599884
0.929 , -0.6499939
0.93 , -0.6499939
0.9309999 , -0.6300049
0.932 , -0.6399994
0.933 , -0.6900024
0.935 , -0.6399994
0.936 , -0.6299896
0.937 , -0.6799927
0.938 , -0.6799927
0.939 , -0.6699982
0.94 , -0.6699982
0.942 , -0.6900024
0.943 , -0.6600037
0.9440001 , -0.6600037
0.945 , -0.6800079
0.946 , -0.6699982
0.947 , -0.6499939
0.948 , -0.6699982
0.949 , -0.6399994
0.951 , -0.6399994
0.952 , -0.6399994
0.953 , -0.6499939
0.954 , -0.6299896
0.955 , -0.6499939
0.9559999 , -0.6399994
0.958 , -0.6399994
0.959 , -0.6300049
0.9599999 , -0.6699982
0.9610001 , -0.6699982
0.962 , -0.6999969
0.963 , -0.6599884
0.965 , -0.6599884
0.966 , -0.6799927
0.967 , -0.6499939
0.968 , -0.6499939
0.969 , -0.6699982
0.9700001 , -0.6000061
0.972 , -0.6699982
0.973 , -0.6299896
0.974 , -0.6299896
0.975 , -0.6299896
0.976 , -0.5800018
0.977 , -0.6199951
0.978 , -0.6499939
0.98 , -0.6399994
0.981 , -0.6399994
0.982 , -0.6399994
0.983 , -0.6699982
0.984 , -0.6299896
0.985 , -0.6299896
0.987 , -0.6600037
0.988 , -0.6600037
0.989 , -0.6100006
0.99 , -0.6100006
0.991 , -0.6100006
0.992 , -0.6500092
0.9929999 , -0.6699982
0.9940001 , -0.6399994
0.996 , -0.5899963
0.9969999 , -0.6300049
0.998 , -0.6300049
0.999 , -0.6199951
1.0 , -0.6499939
1.001 , -0.6499939
1.002 , -0.6499939
1.004 , -0.6600037
1.005 , -0.6600037
1.006 , -0.6300049
1.007 , -0.6500092
1.008 , -0.6500092
1.009 , -0.6799927
1.01 , -0.6399994
1.012 , -0.6399994
1.013 , -0.6100006
1.014 , -0.6300049
1.015 , -0.6100006
1.016 , -0.6600037
1.017 , -0.6200104
1.018 , -0.6200104
1.019 , -0.6100006
1.02 , -0.6100006
1.022 , -0.6100006
1.023 , -0.6399994
1.024 , -0.6000061
1.025 , -0.6399994
1.026 , -0.6300049
1.027 , -0.6300049
1.028 , -0.6300049
1.03 , -0.6199951
1.031 , -0.5800018
1.032 , -0.6199951
1.033 , -0.6100006
1.034 , -0.6399994
1.035 , -0.6100006
1.036 , -0.5999908
1.037 , -0.6699982
1.039 , -0.6299896
1.04 , -0.6199951
1.041 , -0.6600037
1.042 , -0.6199951
1.043 , -0.5800018
1.044 , -0.6500092
1.045 , -0.6100006
1.047 , -0.6399994
1.048 , -0.6399994
1.049 , -0.6399994
1.05 , -0.6300049
1.051 , -0.6300049
1.052 , -0.6300049
1.053 , -0.5800018
1.055 , -0.5800018
1.056 , -0.5699921
1.057 , -0.6100006
1.058 , -0.6399994
1.059 , -0.6399994
1.06 , -0.6300049
1.061 , -0.6499939
1.063 , -0.6200104
1.064 , -0.6200104
1.065 , -0.6399994
1.066 , -0.6299896
1.067 , -0.6100006
1.068 , -0.6100006
1.069 , -0.6100006
1.07 , -0.6000061
1.072 , -0.5700073
1.073 , -0.6100006
1.074 , -0.6100006
1.075 , -0.5900116
1.076 , -0.5999908
1.077 , -0.5800018
1.078 , -0.6499939
1.079 , -0.5999908
1.081 , -0.5899963
1.082 , -0.6600037
1.083 , -0.6299896
1.084 , -0.5799866
1.085 , -0.6299896
1.086 , -0.6199951
1.088 , -0.6199951
1.089 , -0.6199951
1.09 , -0.5599976
1.091 , -0.6100006
1.092 , -0.6100006
1.093 , -0.5499878
1.094 , -0.5999908
1.096 , -0.5899963
1.097 , -0.5899963
1.098 , -0.6499939
1.099 , -0.6499939
1.1 , -0.6000061
1.101 , -0.5800018
1.102 , -0.6000061
1.104 , -0.5899963
1.105 , -0.5899963
1.106 , -0.5599976
1.107 , -0.5599976
1.108 , -0.5599976
1.109 , -0.5099945
1.111 , -0.5700073
1.112 , -0.5500031
1.113 , -0.5399933
1.114 , -0.5599976
1.115 , -0.5599976
1.116 , -0.5399933
1.117 , -0.5500031
1.118 , -0.5500031
1.12 , -0.5799866
1.121 , -0.5399933
1.122 , -0.5399933
1.123 , -0.5699921
1.124 , -0.5699921
1.125 , -0.5699921
1.126 , -0.5299988
1.128 , -0.5599976
1.129 , -0.5599976
1.13 , -0.5499878
1.131 , -0.5799866
1.132 , -0.5499878
1.133 , -0.5399933
1.135 , -0.5399933
1.136 , -0.5699921
1.137 , -0.5599976
1.138 , -0.5299988
1.139 , -0.5599976
1.14 , -0.5899963
1.142 , -0.5499878
1.143 , -0.6100006
1.144 , -0.5800018
1.145 , -0.5399933
1.146 , -0.5800018
1.147 , -0.6000061
1.148 , -0.6000061
1.149 , -0.5700073
1.15 , -0.519989
1.152 , -0.5599976
1.153 , -0.5800018
1.154 , -0.6000061
1.155 , -0.6000061
1.156 , -0.5800018
1.157 , -0.5700073
1.158 , -0.5900116
1.16 , -0.5800018
1.161 , -0.5800018
1.162 , -0.5800018
1.163 , -0.6100006
1.164 , -0.6100006
1.165 , -0.5700073
1.166 , -0.6100006
1.167 , -0.6299896
1.169 , -0.5999908
1.17 , -0.5899963
1.171 , -0.5899963
1.172 , -0.5899963
1.173 , -0.5400085
1.174 , -0.5400085
1.175 , -0.5400085
1.177 , -0.5999908
1.178 , -0.5999908
1.179 , -0.5999908
1.18 , -0.5599976
1.181 , -0.5899963
1.182 , -0.6300049
1.184 , -0.5800018
1.185 , -0.6200104
1.186 , -0.6200104
1.187 , -0.5699921
1.188 , -0.6100006
1.189 , -0.6100006
1.19 , -0.6000061
1.191 , -0.5599976
1.193 , -0.5599976
1.194 , -0.5900116
1.195 , -0.5500031
1.196 , -0.5500031
1.197 , -0.5399933
1.198 , -0.5800018
1.199 , -0.5800018
1.201 , -0.6000061
1.202 , -0.6000061
1.203 , -0.6000061
1.204 , -0.6099854
1.205 , -0.6499939
1.206 , -0.5899963
1.207 , -0.5999908
1.208 , -0.5999908
1.21 , -0.5899963
1.211 , -0.5899963
1.212 , -0.6300049
1.213 , -0.5899963
1.214 , -0.5799866
1.215 , -0.6199951
1.216 , -0.6199951
1.218 , -0.5699921
1.219 , -0.5699921
1.22 , -0.6000061
1.221 , -0.6000061
1.222 , -0.6300049
1.231 , -0.6000061
1.232 , -0.6000061
1.234 , -0.5899963
1.235 , -0.5599976
1.236 , -0.6299896
1.237 , -0.6199951
1.238 , -0.6199951
1.239 , -0.6199951
1.241 , -0.5700073
1.242 , -0.6100006
1.243 , -0.6100006
1.244 , -0.5999908
1.245 , -0.6300049
1.246 , -0.5999908
1.247 , -0.5899963
1.248 , -0.6200104
1.25 , -0.5799866
1.251 , -0.5399933
1.252 , -0.5799866
1.253 , -0.5399933
1.254 , -0.5299988
1.255 , -0.5699921
1.257 , -0.5599976
1.258 , -0.5900116
1.259 , -0.5900116
1.26 , -0.5800018
1.261 , -0.5800018
1.262 , -0.5999908
1.263 , -0.5999908
1.265 , -0.5700073
1.266 , -0.5700073
1.267 , -0.5800018
1.268 , -0.5800018
1.269 , -0.5600128
1.27 , -0.5699921
1.271 , -0.5500031
1.272 , -0.5699921
1.274 , -0.5599976
1.275 , -0.5599976
1.276 , -0.5400085
1.277 , -0.530014
1.278 , -0.5500031
1.279 , -0.5900116
1.28 , -0.5500031
1.282 , -0.5800018
1.283 , -0.5399933
1.284 , -0.5700073
1.285 , -0.5700073
1.286 , -0.5700073
1.287 , -0.5599976
1.289 , -0.519989
1.29 , -0.5599976
1.291 , -0.5500031
1.292 , -0.5500031
1.293 , -0.5500031
1.294 , -0.5700073
1.295 , -0.5
1.296 , -0.5
1.297 , -0.5299988
1.299 , -0.5599976
1.3 , -0.5299988
1.301 , -0.5500031
1.302 , -0.5500031
1.303 , -0.5200043
1.304 , -0.5800018
1.305 , -0.5400085
1.306 , -0.5400085
1.308 , -0.5299988
1.309 , -0.5299988
1.31 , -0.5699921
1.311 , -0.5599976
1.312 , -0.5599976
1.313 , -0.5200043
1.315 , -0.5100098
1.316 , -0.5800018
1.317 , -0.5
1.318 , -0.5399933
1.319 , -0.5699921
1.32 , -0.5699921
1.321 , -0.5299988
1.323 , -0.5599976
1.324 , -0.5500031
1.325 , -0.5500031
1.326 , -0.5200043
1.327 , -0.5399933
1.328 , -0.5800018
1.329 , -0.5399933
1.331 , -0.5299988
1.332 , -0.5299988
1.333 , -0.5
1.334 , -0.5599976
1.335 , -0.519989
1.336 , -0.519989
1.337 , -0.5099945
1.339 , -0.5500031
1.34 , -0.5099945
1.341 , -0.5400085
1.342 , -0.5400085
1.343 , -0.5599976
1.344 , -0.5499878
1.345 , -0.4899902
1.346 , -0.5499878
1.348 , -0.5200043
1.349 , -0.5399933
1.35 , -0.5200043
1.351 , -0.5100098
1.352 , -0.5100098
1.353 , -0.5100098
1.354 , -0.4599915
1.356 , -0.5
1.357 , -0.4900055
1.358 , -0.5099945
1.359 , -0.4499969
1.36 , -0.4499969
1.361 , -0.4400024
1.362 , -0.4400024
1.364 , -0.4700012
1.365 , -0.4700012
1.366 , -0.4700012
1.367 , -0.4700012
1.368 , -0.4199982
1.369 , -0.4600067
1.37 , -0.4600067
1.371 , -0.4099884
1.373 , -0.4499969
1.374 , -0.4400024
1.375 , -0.4400024
1.376 , -0.3999939
1.377 , -0.4400024
1.378 , -0.4300079
1.379 , -0.4300079
1.381 , -0.4700012
1.382 , -0.4399872
1.383 , -0.4399872
1.384 , -0.4100037
1.385 , -0.4600067
1.386 , -0.4299927
1.387 , -0.4299927
1.389 , -0.4199982
1.39 , -0.4500122
1.391 , -0.4099884
1.392 , -0.4400024
1.393 , -0.4099884
1.394 , -0.4300079
1.395 , -0.4300079
1.396 , -0.4300079
1.398 , -0.3899994
1.399 , -0.4200134
1.4 , -0.4600067
1.401 , -0.4100037
1.402 , -0.4499969
1.403 , -0.3799896
1.404 , -0.4400024
1.406 , -0.4400024
1.407 , -0.4700012
1.408 , -0.3900146
1.409 , -0.4300079
1.41 , -0.3900146
1.411 , -0.3800049
1.412 , -0.3800049
1.413 , -0.4199982
1.415 , -0.3700104
1.416 , -0.4100037
1.417 , -0.4100037
1.418 , -0.3999939
1.419 , -0.4299927
1.42 , -0.3999939
1.421 , -0.4199982
1.423 , -0.4199982
1.424 , -0.4499969
1.425 , -0.4499969
1.426 , -0.4100037
1.427 , -0.4100037
1.428 , -0.4399872
1.429 , -0.4399872
1.431 , -0.3899994
1.432 , -0.3899994
1.433 , -0.3899994
1.434 , -0.3800049
1.435 , -0.3800049
1.436 , -0.4199982
1.438 , -0.3699951
1.439 , -0.4099884
1.44 , -0.4299927
1.441 , -0.3600006
1.442 , -0.4199982
1.443 , -0.4199982
1.444 , -0.3899994
1.446 , -0.3899994
1.447 , -0.4100037
1.448 , -0.3999939
1.449 , -0.3799896
1.45 , -0.3799896
1.451 , -0.3899994
1.453 , -0.3899994
1.454 , -0.3699951
1.455 , -0.3799896
1.456 , -0.3599854
1.457 , -0.3799896
1.458 , -0.3699951
1.46 , -0.3699951
1.461 , -0.3600006
1.462 , -0.4600067
1.463 , -0.4600067
1.464 , -0.4600067
1.465 , -0.4899902
1.466 , -0.4499969
1.468 , -0.4400024
1.469 , -0.4799957
1.47 , -0.4799957
1.471 , -0.4300079
1.472 , -0.4300079
1.473 , -0.4000092
1.474 , -0.4700012
1.476 , -0.4199982
1.477 , -0.4199982
1.478 , -0.4499969
1.479 , -0.4499969
1.48 , -0.5200043
1.481 , -0.4700012
1.482 , -0.4400024
1.484 , -0.4700012
1.485 , -0.4299927
1.486 , -0.4299927
1.487 , -0.4299927
1.488 , -0.4499969
1.489 , -0.4499969
1.491 , -0.4400024
1.492 , -0.4400024
1.493 , -0.4100037
1.494 , -0.4100037
1.495 , -0.4299927
1.496 , -0.3999939
1.497 , -0.4299927
1.499 , -0.4199982
1.5 , -0.4600067
1.501 , -0.469986
1.502 , -0.4499969
1.503 , -0.4099884
1.504 , -0.4499969
1.506 , -0.4400024
1.507 , -0.3999939
1.508 , -0.4300079
1.509 , -0.3899994
1.51 , -0.3899994
1.511 , -0.3799896
1.512 , -0.4199982
1.514 , -0.4399872
1.515 , -0.4100037
1.516 , -0.4100037
1.517 , -0.4100037
1.518 , -0.4199982
1.519 , -0.4199982
1.52 , -0.4199982
1.522 , -0.4099884
1.523 , -0.4799957
1.524 , -0.4099884
1.525 , -0.4700012
1.526 , -0.4700012
1.527 , -0.3999939
1.528 , -0.4600067
1.53 , -0.3899994
1.531 , -0.3799896
1.532 , -0.3799896
1.533 , -0.3799896
1.534 , -0.4499969
1.535 , -0.4700012
1.537 , -0.3699951
1.538 , -0.4299927
1.539 , -0.4299927
1.54 , -0.4299927
1.541 , -0.4599915
1.542 , -0.4900055
1.543 , -0.4499969
1.545 , -0.4400024
1.546 , -0.4400024
1.547 , -0.4400024
1.548 , -0.3999939
1.549 , -0.4700012
1.55 , -0.4700012
1.551 , -0.3999939
1.553 , -0.3899994
1.554 , -0.3199921
1.555 , -0.3800049
1.556 , -0.4500122
1.557 , -0.4500122
1.558 , -0.3999939
1.56 , -0.4400024
1.561 , -0.4400024
1.562 , -0.3899994
1.563 , -0.4300079
1.564 , -0.3600006
1.565 , -0.3500061
1.566 , -0.2799988
1.568 , -0.4100037
1.569 , -0.3399963
1.57 , -0.3399963
1.571 , -0.3699951
1.572 , -0.3300018
1.573 , -0.2599945
1.574 , -0.3300018
1.576 , -0.3500061
1.577 , -0.3200073
1.578 , -0.3099976
1.579 , -0.3099976
1.58 , -0.3099976
1.581 , -0.3800049
1.583 , -0.3899994
1.584 , -0.3300018
1.585 , -0.3799896
1.586 , -0.3600006
1.587 , -0.3600006
1.588 , -0.3500061
1.589 , -0.3500061
1.591 , -0.3699951
1.592 , -0.3600006
1.593 , -0.3400116
1.594 , -0.3400116
1.595 , -0.3300018
1.596 , -0.3300018
1.597 , -0.3499908
1.598 , -0.3200073
1.6 , -0.3399963
1.601 , -0.3399963
1.602 , -0.3600006
1.603 , -0.3300018
1.604 , -0.3300018
1.605 , -0.3199921
1.606 , -0.3199921
1.607 , -0.3499908
1.609 , -0.3099976
1.61 , -0.3099976
1.611 , -0.3099976
1.612 , -0.3000031
1.613 , -0.3300018
1.614 , -0.3000031
1.615 , -0.2899933
1.617 , -0.2899933
1.618 , -0.3199921
1.619 , -0.2799988
1.62 , -0.3099976
1.621 , -0.3099976
1.622 , -0.3399963
1.624 , -0.2999878
1.625 , -0.3300018
1.626 , -0.2899933
1.627 , -0.3300018
1.628 , -0.3300018
1.629 , -0.3200073
1.63 , -0.2799988
1.632 , -0.269989
1.633 , -0.3099976
1.634 , -0.269989
1.635 , -0.2599945
1.636 , -0.2599945
1.637 , -0.3000031
1.639 , -0.2900085
1.64 , -0.3200073
1.641 , -0.2900085
1.642 , -0.2799988
1.643 , -0.3099976
1.644 , -0.3099976
1.645 , -0.3000031
1.647 , -0.2700043
1.648 , -0.3000031
1.649 , -0.2900085
1.65 , -0.2900085
1.651 , -0.2900085
1.652 , -0.2799988
1.653 , -0.3199921
1.654 , -0.2799988
1.656 , -0.3099976
1.657 , -0.3099976
1.658 , -0.3099976
1.659 , -0.3000031
1.66 , -0.2600098
1.661 , -0.3200073
1.663 , -0.2899933
1.664 , -0.2899933
1.665 , -0.2799988
1.666 , -0.3000031
1.667 , -0.3000031
1.668 , -0.3000031
1.669 , -0.269989
1.671 , -0.269989
1.672 , -0.2599945
1.673 , -0.2799988
1.674 , -0.2799988
1.675 , -0.2700043
1.676 , -0.2700043
1.677 , -0.2700043
1.679 , -0.2899933
1.68 , -0.2599945
1.681 , -0.3300018
1.682 , -0.25
1.683 , -0.25
1.684 , -0.25
1.685 , -0.3100128
1.687 , -0.2400055
1.688 , -0.2400055
1.689 , -0.2299957
1.69 , -0.2599945
1.691 , -0.2299957
1.692 , -0.2200012
1.693 , -0.25
1.694 , -0.2200012
1.696 , -0.2400055
1.697 , -0.280014
1.698 , -0.2400055
1.699 , -0.2700043
1.7 , -0.2299957
1.701 , -0.2700043
1.702 , -0.2600098
1.704 , -0.2200012
1.705 , -0.2200012
1.706 , -0.2099915
1.707 , -0.2799988
1.708 , -0.25
1.709 , -0.2700043
1.71 , -0.2400055
1.711 , -0.2400055
1.713 , -0.230011
1.714 , -0.1900024
1.715 , -0.230011
1.716 , -0.2200012
1.717 , -0.25
1.718 , -0.25
1.719 , -0.2400055
1.72 , -0.2400055
1.721 , -0.2400055
1.723 , -0.230011
1.724 , -0.2700043
1.725 , -0.2700043
1.726 , -0.2200012
1.727 , -0.2200012
1.728 , -0.2599945
1.729 , -0.2100067
1.73 , -0.25
1.731 , -0.2100067
1.733 , -0.2000122
1.734 , -0.2400055
1.735 , -0.2400055
1.736 , -0.2299957
1.737 , -0.2299957
1.738 , -0.25
1.739 , -0.2200012
1.74 , -0.2400055
1.742 , -0.2100067
1.743 , -0.2100067
1.744 , -0.280014
1.745 , -0.230011
1.746 , -0.2700043
1.747 , -0.2200012
1.748 , -0.1999969
1.749 , -0.1900024
1.751 , -0.2100067
1.752 , -0.25
1.753 , -0.1999969
1.754 , -0.1799927
1.755 , -0.1999969
1.756 , -0.2400055
1.757 , -0.2400055
1.758 , -0.2400055
1.76 , -0.1800079
1.761 , -0.1800079
1.762 , -0.2200012
1.763 , -0.2200012
1.764 , -0.2200012
1.765 , -0.2200012
1.766 , -0.2100067
1.767 , -0.2100067
1.769 , -0.2200012
1.77 , -0.2200012
1.771 , -0.25
1.772 , -0.2399902
1.773 , -0.2399902
1.774 , -0.2099915
1.775 , -0.2099915
1.776 , -0.1999969
1.778 , -0.2299957
1.779 , -0.2200012
1.78 , -0.2600098
1.781 , -0.2200012
1.782 , -0.25
1.783 , -0.2099915
1.784 , -0.25
1.785 , -0.2099915
1.787 , -0.2400055
1.788 , -0.2400055
1.789 , -0.2299957
1.79 , -0.1899872
1.791 , -0.2299957
1.792 , -0.2299957
1.794 , -0.2200012
1.795 , -0.1799927
1.796 , -0.230011
1.797 , -0.230011
1.798 , -0.2100067
1.799 , -0.1999969
1.8 , -0.1999969
1.802 , -0.2200012
1.803 , -0.2599945
1.804 , -0.2599945
1.805 , -0.2100067
1.806 , -0.2000122
1.807 , -0.2000122
1.808 , -0.2000122
1.81 , -0.1900024
1.811 , -0.1900024
1.812 , -0.1699982
1.813 , -0.1600037
1.814 , -0.1600037
1.815 , -0.1800079
1.816 , -0.1700134
1.817 , -0.1500092
1.819 , -0.2099915
1.82 , -0.2099915
1.821 , -0.2099915
1.822 , -0.2099915
1.823 , -0.2200012
1.824 , -0.1999969
1.825 , -0.1999969
1.827 , -0.1900024
1.828 , -0.1900024
1.829 , -0.1799927
1.83 , -0.1799927
1.831 , -0.1999969
1.832 , -0.1999969
1.833 , -0.1699982
1.835 , -0.1200104
1.836 , -0.1599884
1.837 , -0.1599884
1.838 , -0.1599884
1.839 , -0.1499939
1.84 , -0.1699982
1.841 , -0.1999969
1.843 , -0.1600037
1.844 , -0.1900024
1.845 , -0.1900024
1.846 , -0.1799927
1.847 , -0.1799927
1.848 , -0.1799927
1.849 , -0.1699982
1.851 , -0.1399994
1.852 , -0.1699982
1.853 , -0.1300049
1.854 , -0.1600037
1.855 , -0.1300049
1.856 , -0.1499939
1.858 , -0.1900024
1.859 , -0.1800079
1.86 , -0.1800079
1.861 , -0.1800079
1.862 , -0.1800079
1.863 , -0.1700134
1.864 , -0.1900024
1.866 , -0.1600037
1.867 , -0.1600037
1.868 , -0.1600037
1.869 , -0.1699982
1.87 , -0.1500092
1.871 , -0.1500092
1.872 , -0.1500092
1.873 , -0.1399994
1.875 , -0.1399994
1.876 , -0.1499939
1.877 , -0.1300049
1.878 , -0.1300049
1.879 , -0.1300049
1.88 , -0.1200104
1.881 , -0.1399994
1.883 , -0.1299896
1.884 , -0.1299896
1.885 , -0.1299896
1.886 , -0.1199951
1.887 , -0.1699982
1.888 , -0.1199951
1.89 , -0.1100006
1.899 , -0.1600037
1.9 , -0.1300049
1.901 , -0.1300049
1.902 , -0.1300049
1.903 , -0.1399994
1.904 , -0.1199951
1.906 , -0.1100006
1.907 , -0.1300049
1.908 , -0.1100006
1.909 , -0.1300049
1.91 , -0.1200104
1.911 , -0.1200104
1.912 , -0.1000061
1.913 , -0.1100006
1.914 , -0.1100006
1.915 , -0.1100006
1.917 , -0.08000183
1.918 , -0.1000061
1.919 , -0.1000061
1.92 , -0.08999634
1.921 , -0.08999634
1.923 , -0.08000183
1.924 , -0.08000183
1.926 , -0.07000732
1.927 , -0.07000732
1.928 , -0.1399994
1.929 , -0.1399994
1.931 , -0.05999756
1.932 , -0.08999634
1.933 , -0.08000183
1.935 , -0.08000183
1.936 , -0.07000732
1.937 , -0.1100006
1.938 , -0.1100006
1.94 , -0.09999084
1.941 , -0.09999084
1.942 , -0.09999084
1.944 , -0.08999634
1.945 , -0.08999634
1.946 , -0.1100006
1.947 , -0.08000183
1.949 , -0.08000183
1.95 , -0.09999084
1.951 , -0.06999207
1.953 , -0.05999756
1.954 , -0.05999756
1.956 , -0.07998657
1.957 , -0.07998657
1.958 , -0.1199951
1.96 , -0.06999207
1.961 , -0.1100006
1.962 , -0.06999207
1.963 , -0.05999756
1.965 , -0.1000061
1.966 , -0.1200104
1.967 , -0.04998779
1.968 , -0.08999634
1.97 , -0.1000061
1.971 , -0.03999329
1.972 , -0.03999329
1.974 , -0.07000732
1.975 , -0.02999878
1.976 , -0.07000732
1.978 , -0.08000183
1.979 , -0.05999756
1.98 , -0.07000732
1.982 , -0.07000732
1.983 , -0.06001282
1.984 , -0.06001282
1.986 , -0.06001282
1.987 , -0.05000305
1.988 , -0.05000305
1.99 , -0.02000427
1.991 , -0.04000854
1.992 , -0.04000854
1.994 , -0.03001404
1.995 , -0.03001404
1.996 , -0.03001404
1.998 , -0.02000427
1.999 , -0.02000427
2.0 , -0.05999756
2.002 , -0.01000977
2.003 , -0.04998779
2.004 , -0.04998779
2.006 , -0.06999207
2.007 , -0.03999329
2.008 , -0.03999329
2.01 , -0.02999878
2.011 , -0.02999878
2.013 , -0.03999329
2.014 , -0.01998901
2.015 , -0.01998901
2.017 , -0.009994507
2.018 , -0.02999878
2.019 , -0.02999878
2.021 , -0.02000427
2.022 , -0.02000427
2.023 , -0.03999329
2.025 , -0.03999329
2.026 , -0.03999329
2.027 , -0.02999878
2.029 , 0.0
2.03 , 0.009994507
2.031 , 0.009994507
2.033 , 0.02000427
2.034 , -0.009994507
2.036 , 0.02000427
2.037 , 0.0
2.038 , -0.04000854
2.039 , 0.0
2.04 , 0.01000977
2.042 , 0.01000977
2.043 , -0.03999329
2.044 , -0.02000427
2.046 , -0.03999329
2.047 , -0.02999878
2.048 , 0.02999878
2.05 , 0.0
2.051 , -0.01998901
2.052 , -0.01998901
2.054 , 0.009994507
2.055 , -0.009994507
2.056 , -0.009994507
2.058 , 0.0
2.059 , 0.0
2.06 , -0.03999329
2.061 , -0.03999329
2.063 , -0.03999329
2.064 , -0.05000305
2.065 , -0.02999878
2.067 , -0.02000427
2.068 , -0.02000427
2.069 , -0.02000427
2.071 , -0.02999878
2.072 , -0.009994507
2.073 , -0.009994507
2.075 , 0.0
2.076 , 0.05000305
2.077 , -0.01000977
2.079 , 0.009994507
2.08 , 0.0
2.081 , -0.02999878
2.083 , -0.02999878
2.084 , -0.02000427
2.085 , -0.02000427
2.087 , -0.009994507
2.088 , 0.02000427
2.089 , -0.009994507
2.091 , 0.0
2.092 , 0.02999878
2.093 , 0.02999878
2.095 , 0.03999329
2.096 , 0.03999329
2.097 , 0.05000305
2.099 , 0.02000427
2.1 , 0.02999878
2.101 , -0.009994507
2.103 , 0.02999878
2.104 , 0.03999329
2.106 , 0.06999207
2.107 , 0.05000305
2.108 , 0.01000977
2.109 , 0.01000977
2.111 , 0.05999756
2.112 , 0.05999756
2.114 , 0.06999207
2.115 , 0.02999878
2.116 , 0.02999878
2.118 , 0.08000183
2.119 , 0.02000427
2.12 , 0.05000305
2.121 , 0.05000305
2.123 , 0.05000305
2.124 , 0.04000854
2.125 , -0.009994507
2.127 , 0.05000305
2.128 , 0.0
2.129 , 0.05000305
2.13 , 0.05000305
2.132 , 0.05999756
2.133 , 0.05999756
2.134 , 0.02000427
2.136 , 0.0900116
2.137 , 0.1000061
2.138 , 0.08000183
2.139 , 0.009994507
2.141 , 0.03999329
2.142 , 0.03999329
2.144 , 0.05000305
2.145 , 0.1000061
2.146 , 0.02999878
2.147 , 0.05999756
2.149 , 0.03999329
2.15 , 0.05999756
2.151 , 0.06999207
2.153 , 0.04998779
2.154 , 0.08000183
2.155 , 0.08000183
2.157 , 0.06999207
2.158 , 0.08999634
2.159 , 0.08999634
2.161 , 0.09999084
2.162 , 0.07998657
2.164 , 0.04000854
2.165 , 0.04000854
2.166 , 0.04000854
2.167 , 0.05000305
2.169 , 0.09999084
2.17 , 0.09999084
2.171 , 0.06001282
2.173 , 0.1100006
2.174 , 0.07000732
2.175 , 0.07000732
2.176 , 0.07000732
2.178 , 0.08000183
2.179 , 0.08000183
2.18 , 0.05999756
2.182 , 0.07000732
2.183 , 0.05000305
2.184 , 0.05999756
2.186 , 0.08000183
2.187 , 0.1100006
2.188 , 0.08999634
2.19 , 0.1100006
2.191 , 0.1000061
2.192 , 0.1000061
2.193 , 0.1000061
2.194 , 0.1100006
2.195 , 0.1100006
2.196 , 0.1100006
2.197 , 0.09999084
2.198 , 0.1199951
2.2 , 0.04998779
2.201 , 0.1100006
2.202 , 0.1100006
2.203 , 0.1100006
2.204 , 0.1199951
2.205 , 0.06999207
2.207 , 0.1300049
2.208 , 0.08000183
2.209 , 0.1300049
2.21 , 0.1300049
2.211 , 0.1399994
2.213 , 0.1399994
2.214 , 0.1499939
2.215 , 0.1499939
2.216 , 0.1499939
2.217 , 0.1499939
2.218 , 0.1600037
2.22 , 0.1100006
2.221 , 0.1199951
2.222 , 0.1199951
2.223 , 0.1000061
2.224 , 0.1100006
2.225 , 0.1100006
2.226 , 0.1299896
2.227 , 0.1100006
2.228 , 0.1200104
2.23 , 0.1200104
2.231 , 0.1300049
2.232 , 0.1300049
2.233 , 0.1499939
2.234 , 0.1599884
2.235 , 0.1399994
2.236 , 0.1399994
2.237 , 0.1399994
2.239 , 0.1000061
2.24 , 0.1500092
2.241 , 0.1600037
2.242 , 0.1100006
2.243 , 0.08999634
2.244 , 0.1699982
2.245 , 0.1199951
2.247 , 0.09999084
2.248 , 0.1300049
2.249 , 0.1300049
2.25 , 0.1300049
2.251 , 0.1399994
2.253 , 0.1900024
2.254 , 0.1500092
2.255 , 0.1500092
2.256 , 0.1500092
2.257 , 0.1500092
2.258 , 0.1600037
2.259 , 0.1600037
2.26 , 0.1199951
2.261 , 0.1299896
2.263 , 0.1299896
2.264 , 0.1600037
2.265 , 0.1399994
2.266 , 0.1600037
2.267 , 0.1600037
2.268 , 0.1699982
2.269 , 0.1699982
2.271 , 0.1599884
2.272 , 0.1599884
2.273 , 0.1599884
2.274 , 0.1699982
2.275 , 0.1699982
2.276 , 0.1699982
2.277 , 0.1699982
2.279 , 0.1799927
2.28 , 0.1799927
2.281 , 0.1399994
2.282 , 0.1199951
2.283 , 0.1899872
2.284 , 0.1500092
2.286 , 0.1500092
2.287 , 0.1500092
2.288 , 0.1399994
2.289 , 0.1600037
2.29 , 0.1600037
2.291 , 0.1700134
2.292 , 0.1500092
2.293 , 0.1500092
2.295 , 0.1800079
2.296 , 0.1800079
2.297 , 0.1800079
2.298 , 0.1900024
2.299 , 0.1900024
2.3 , 0.1699982
2.301 , 0.1800079
2.302 , 0.1800079
2.303 , 0.1800079
2.305 , 0.1900024
2.306 , 0.1399994
2.307 , 0.1900024
2.308 , 0.1499939
2.309 , 0.1999969
2.31 , 0.1999969
2.312 , 0.2100067
2.313 , 0.1600037
2.314 , 0.1600037
2.315 , 0.2200012
2.316 , 0.1699982
2.317 , 0.2200012
2.318 , 0.1799927
2.319 , 0.1799927
2.321 , 0.1699982
2.322 , 0.1699982
2.323 , 0.1900024
2.324 , 0.1699982
2.325 , 0.1799927
2.326 , 0.1799927
2.327 , 0.1799927
2.329 , 0.1899872
2.33 , 0.1899872
2.331 , 0.1800079
2.332 , 0.1999969
2.333 , 0.2200012
2.334 , 0.2200012
2.335 , 0.2099915
2.336 , 0.2099915
2.338 , 0.2200012
2.339 , 0.2200012
2.34 , 0.2000122
2.341 , 0.2299957
2.342 , 0.2100067
2.343 , 0.2100067
2.344 , 0.2100067
2.345 , 0.2399902
2.346 , 0.1699982
2.348 , 0.1800079
2.349 , 0.230011
2.35 , 0.25
2.351 , 0.1900024
2.352 , 0.2400055
2.353 , 0.2400055
2.354 , 0.2400055
2.355 , 0.25
2.356 , 0.25
2.358 , 0.2600098
2.359 , 0.2100067
2.36 , 0.2100067
2.361 , 0.2200012
2.362 , 0.1999969
2.363 , 0.2700043
2.364 , 0.2200012
2.365 , 0.2299957
2.367 , 0.2099915
2.368 , 0.2400055
2.369 , 0.2200012
2.37 , 0.2200012
2.371 , 0.25
2.372 , 0.2299957
2.373 , 0.2299957
2.375 , 0.2400055
2.376 , 0.2600098
2.377 , 0.2600098
2.378 , 0.25
2.379 , 0.1999969
2.38 , 0.25
2.381 , 0.2599945
2.382 , 0.2099915
2.384 , 0.2099915
2.385 , 0.2700043
2.386 , 0.2200012
2.387 , 0.2700043
2.388 , 0.2299957
2.389 , 0.2799988
2.39 , 0.2100067
2.391 , 0.2299957
2.392 , 0.2399902
2.394 , 0.2899933
2.395 , 0.25
2.396 , 0.3000031
2.397 , 0.25
2.398 , 0.2599945
2.399 , 0.2599945
2.4 , 0.2599945
2.401 , 0.2400055
2.403 , 0.25
2.404 , 0.1999969
2.405 , 0.2600098
2.406 , 0.2100067
2.407 , 0.2100067
2.408 , 0.2700043
2.409 , 0.2200012
2.41 , 0.2200012
2.411 , 0.2200012
2.412 , 0.2999878
2.414 , 0.2799988
2.415 , 0.2900085
2.416 , 0.2400055
2.417 , 0.2200012
2.418 , 0.2299957
2.419 , 0.3000031
2.42 , 0.2299957
2.422 , 0.2600098
2.423 , 0.2600098
2.424 , 0.2600098
2.425 , 0.2700043
2.426 , 0.2700043
2.427 , 0.25
2.428 , 0.2599945
2.429 , 0.2599945
2.431 , 0.2799988
2.432 , 0.2900085
2.433 , 0.2900085
2.434 , 0.2700043
2.435 , 0.2799988
2.436 , 0.3000031
2.437 , 0.2799988
2.439 , 0.269989
2.44 , 0.269989
2.441 , 0.2899933
2.442 , 0.2799988
2.443 , 0.2799988
2.444 , 0.2799988
2.446 , 0.2899933
2.447 , 0.2899933
2.448 , 0.2999878
2.449 , 0.3199921
2.45 , 0.25
2.451 , 0.2999878
2.452 , 0.3099976
2.454 , 0.3099976
2.455 , 0.3199921
2.456 , 0.3199921
2.457 , 0.2700043
2.458 , 0.280014
2.459 , 0.280014
2.46 , 0.3300018
2.461 , 0.2600098
2.463 , 0.2900085
2.464 , 0.2900085
2.465 , 0.2799988
2.466 , 0.2799988
2.467 , 0.2799988
2.468 , 0.3000031
2.469 , 0.2900085
2.471 , 0.2900085
2.472 , 0.3000031
2.473 , 0.3000031
2.474 , 0.3000031
2.475 , 0.3099976
2.476 , 0.3099976
2.477 , 0.2599945
2.479 , 0.3400116
2.48 , 0.3200073
2.481 , 0.2700043
2.482 , 0.2799988
2.483 , 0.2799988
2.484 , 0.2799988
2.485 , 0.2899933
2.487 , 0.2899933
2.488 , 0.2899933
2.489 , 0.2600098
2.49 , 0.2799988
2.491 , 0.2799988
2.492 , 0.2899933
2.493 , 0.3600006
2.495 , 0.3699951
2.496 , 0.3899994
2.497 , 0.3699951
2.498 , 0.2999878
2.499 , 0.3300018
2.5 , 0.2900085
2.502 , 0.3199921
2.503 , 0.3199921
2.504 , 0.3199921
2.505 , 0.3300018
2.506 , 0.3300018
2.507 , 0.3100128
2.508 , 0.3300018
2.509 , 0.3399963
2.51 , 0.3399963
2.512 , 0.3499908
2.513 , 0.3499908
2.514 , 0.3499908
2.515 , 0.3600006
2.516 , 0.3600006
2.517 , 0.3600006
2.518 , 0.3600006
2.519 , 0.3500061
2.521 , 0.3500061
2.522 , 0.3600006
2.523 , 0.3600006
2.524 , 0.3600006
2.525 , 0.3000031
2.526 , 0.3700104
2.527 , 0.3700104
2.528 , 0.3700104
2.529 , 0.3800049
2.53 , 0.3300018
2.532 , 0.3399963
2.533 , 0.3399963
2.534 , 0.3899994
2.535 , 0.4000092
2.536 , 0.4000092
2.537 , 0.3500061
2.538 , 0.3500061
2.539 , 0.3399963
2.541 , 0.3399963
2.542 , 0.3500061
2.543 , 0.3500061
2.544 , 0.3700104
2.545 , 0.3600006
2.546 , 0.3600006
2.547 , 0.3600006
2.548 , 0.3600006
2.549 , 0.3899994
2.551 , 0.3199921
2.552 , 0.3800049
2.553 , 0.3800049
2.554 , 0.3800049
2.555 , 0.3800049
2.556 , 0.3899994
2.557 , 0.3899994
2.559 , 0.3999939
2.56 , 0.3499908
2.561 , 0.3999939
2.562 , 0.3600006
2.563 , 0.3400116
2.564 , 0.3200073
2.566 , 0.3300018
2.567 , 0.3699951
2.568 , 0.3500061
2.569 , 0.3600006
2.57 , 0.3799896
2.571 , 0.3600006
2.572 , 0.3700104
2.573 , 0.3899994
2.575 , 0.3899994
2.576 , 0.3999939
2.577 , 0.3800049
2.578 , 0.3800049
2.579 , 0.3699951
2.58 , 0.3899994
2.582 , 0.4000092
2.583 , 0.3800049
2.584 , 0.3800049
2.585 , 0.3800049
2.586 , 0.3899994
2.587 , 0.3899994
2.589 , 0.3500061
2.59 , 0.4000092
2.591 , 0.4000092
2.6 , 0.3800049
2.601 , 0.3800049
2.602 , 0.3699951
2.604 , 0.3899994
2.605 , 0.3699951
2.606 , 0.3799896
2.607 , 0.3799896
2.608 , 0.3999939
2.609 , 0.3899994
2.61 , 0.3899994
2.612 , 0.4199982
2.613 , 0.4199982
2.614 , 0.3999939
2.615 , 0.3999939
2.616 , 0.3600006
2.617 , 0.4099884
2.619 , 0.4400024
2.62 , 0.4199982
2.621 , 0.3700104
2.622 , 0.3800049
2.623 , 0.3800049
2.624 , 0.3800049
2.625 , 0.3800049
2.626 , 0.3900146
2.628 , 0.3700104
2.629 , 0.4000092
2.63 , 0.4000092
2.631 , 0.4000092
2.632 , 0.4599915
2.633 , 0.4599915
2.634 , 0.4100037
2.635 , 0.4100037
2.637 , 0.4000092
2.638 , 0.4200134
2.639 , 0.4100037
2.64 , 0.4100037
2.641 , 0.4100037
2.642 , 0.4100037
2.643 , 0.4199982
2.644 , 0.4199982
2.646 , 0.4300079
2.647 , 0.4300079
2.648 , 0.4300079
2.649 , 0.4400024
2.65 , 0.4400024
2.651 , 0.4600067
2.652 , 0.4400024
2.653 , 0.4499969
2.654 , 0.4499969
2.656 , 0.4600067
2.657 , 0.4600067
2.658 , 0.4100037
2.659 , 0.4700012
2.66 , 0.4199982
2.661 , 0.4199982
2.662 , 0.4199982
2.664 , 0.4299927
2.665 , 0.4799957
2.666 , 0.4400024
2.667 , 0.4400024
2.668 , 0.4400024
2.669 , 0.4299927
2.671 , 0.5
2.672 , 0.4499969
2.673 , 0.4600067
2.674 , 0.4600067
2.675 , 0.5100098
2.676 , 0.4700012
2.677 , 0.4700012
2.678 , 0.4499969
2.68 , 0.4799957
2.681 , 0.4599915
2.682 , 0.4599915
2.683 , 0.4700012
2.684 , 0.4700012
2.685 , 0.4500122
2.686 , 0.4600067
2.687 , 0.4799957
2.689 , 0.4700012
2.69 , 0.4899902
2.691 , 0.4700012
2.692 , 0.4700012
2.693 , 0.5
2.694 , 0.5
2.695 , 0.480011
2.696 , 0.4900055
2.698 , 0.4400024
2.699 , 0.4499969
2.7 , 0.4299927
2.701 , 0.4299927
2.702 , 0.4299927
2.703 , 0.4400024
2.705 , 0.4400024
2.706 , 0.4499969
2.707 , 0.4499969
2.708 , 0.4499969
2.709 , 0.4600067
2.71 , 0.4600067
2.711 , 0.4600067
2.712 , 0.4100037
2.713 , 0.4700012
2.715 , 0.4900055
2.716 , 0.4299927
2.717 , 0.4799957
2.718 , 0.4799957
2.719 , 0.4400024
2.72 , 0.4400024
2.721 , 0.4400024
2.723 , 0.4499969
2.724 , 0.4300079
2.725 , 0.4300079
2.726 , 0.4400024
2.727 , 0.4400024
2.728 , 0.4400024
2.729 , 0.4400024
2.73 , 0.4500122
2.732 , 0.4700012
2.733 , 0.4799957
2.734 , 0.4799957
2.735 , 0.4600067
2.736 , 0.4700012
2.737 , 0.4700012
2.738 , 0.4700012
2.739 , 0.4499969
2.741 , 0.4600067
2.742 , 0.480011
2.743 , 0.4199982
2.744 , 0.4700012
2.745 , 0.4700012
2.746 , 0.4299927
2.747 , 0.4299927
2.749 , 0.4299927
2.75 , 0.4400024
2.751 , 0.4900055
2.752 , 0.4900055
2.753 , 0.5
2.754 , 0.4499969
2.755 , 0.4499969
2.756 , 0.5100098
2.758 , 0.4600067
2.759 , 0.4600067
2.76 , 0.4700012
2.761 , 0.4499969
2.762 , 0.4700012
2.763 , 0.4599915
2.764 , 0.4099884
2.766 , 0.4700012
2.767 , 0.4700012
2.768 , 0.4700012
2.769 , 0.4700012
2.77 , 0.4799957
2.771 , 0.4799957
2.772 , 0.4799957
2.774 , 0.4899902
2.775 , 0.5099945
2.776 , 0.5
2.777 , 0.5
2.778 , 0.5200043
2.779 , 0.5
2.78 , 0.4599915
2.781 , 0.4599915
2.783 , 0.469986
2.784 , 0.469986
2.785 , 0.469986
2.786 , 0.4799957
2.787 , 0.4799957
2.788 , 0.4100037
2.79 , 0.4700012
2.791 , 0.4899902
2.792 , 0.4899902
2.793 , 0.5
2.794 , 0.5
2.795 , 0.5
2.796 , 0.5099945
2.798 , 0.5099945
2.799 , 0.4900055
2.8 , 0.5
2.801 , 0.4499969
2.802 , 0.5
2.803 , 0.4400024
2.804 , 0.4600067
2.805 , 0.4600067
2.806 , 0.4700012
2.808 , 0.4700012
2.809 , 0.4700012
2.81 , 0.5299988
2.811 , 0.4799957
2.812 , 0.4799957
2.813 , 0.4700012
2.814 , 0.4700012
2.816 , 0.4900055
2.817 , 0.5
2.818 , 0.5
2.819 , 0.4799957
2.82 , 0.4700012
2.821 , 0.4700012
2.822 , 0.4700012
2.823 , 0.5
2.824 , 0.480011
2.826 , 0.480011
2.827 , 0.4900055
2.828 , 0.4900055
2.829 , 0.4900055
2.83 , 0.5
2.831 , 0.5
2.832 , 0.519989
2.834 , 0.5100098
2.835 , 0.5100098
2.836 , 0.4600067
2.837 , 0.5200043
2.838 , 0.5200043
2.839 , 0.5200043
2.84 , 0.4600067
2.841 , 0.530014
2.842 , 0.530014
2.844 , 0.4900055
2.845 , 0.4900055
2.846 , 0.4700012
2.847 , 0.4799957
2.848 , 0.4799957
2.849 , 0.4799957
2.851 , 0.5100098
2.852 , 0.4900055
2.853 , 0.4499969
2.854 , 0.5
2.855 , 0.4499969
2.856 , 0.4499969
2.857 , 0.5099945
2.858 , 0.4399872
2.86 , 0.5200043
2.861 , 0.4700012
2.862 , 0.4700012
2.863 , 0.4799957
2.864 , 0.4799957
2.865 , 0.4799957
2.867 , 0.4499969
2.868 , 0.469986
2.869 , 0.469986
2.87 , 0.5
2.871 , 0.5
2.872 , 0.5
2.873 , 0.4700012
2.875 , 0.4899902
2.876 , 0.4899902
2.877 , 0.480011
2.878 , 0.5
2.879 , 0.5
2.88 , 0.4900055
2.881 , 0.4900055
2.882 , 0.4400024
2.884 , 0.5
2.885 , 0.4499969
2.886 , 0.5
2.887 , 0.5100098
2.888 , 0.5100098
2.889 , 0.5100098
2.89 , 0.5200043
2.892 , 0.5200043
2.893 , 0.4799957
2.894 , 0.5299988
2.895 , 0.4099884
2.896 , 0.5299988
2.897 , 0.4900055
2.898 , 0.5400085
2.9 , 0.5
2.901 , 0.4799957
2.902 , 0.5
2.903 , 0.4299927
2.904 , 0.4899902
2.905 , 0.5099945
2.906 , 0.4399872
2.907 , 0.4499969
2.909 , 0.4499969
2.91 , 0.4599915
2.911 , 0.4599915
2.912 , 0.4599915
2.913 , 0.5099945
2.914 , 0.519989
2.915 , 0.469986
2.917 , 0.4799957
2.918 , 0.4799957
2.919 , 0.4799957
2.92 , 0.4700012
2.921 , 0.4899902
2.922 , 0.4700012
2.923 , 0.4499969
2.925 , 0.480011
2.926 , 0.4600067
2.927 , 0.4900055
2.928 , 0.4900055
2.929 , 0.4900055
2.93 , 0.5
2.931 , 0.5
2.932 , 0.5
2.934 , 0.4900055
2.935 , 0.5100098
2.936 , 0.4900055
2.937 , 0.5
2.938 , 0.5
2.939 , 0.5
2.94 , 0.4599915
2.941 , 0.5099945
2.943 , 0.4599915
2.944 , 0.4700012
2.945 , 0.4499969
2.946 , 0.4700012
2.947 , 0.4599915
2.948 , 0.4799957
2.949 , 0.4599915
2.951 , 0.469986
2.952 , 0.5399933
2.953 , 0.4899902
2.954 , 0.4300079
2.955 , 0.5500031
2.956 , 0.5500031
2.957 , 0.5599976
2.959 , 0.5099945
2.96 , 0.5200043
2.961 , 0.5
2.962 , 0.5
2.963 , 0.5
2.964 , 0.5099945
2.965 , 0.5299988
2.967 , 0.5399933
2.968 , 0.519989
2.969 , 0.519989
2.97 , 0.5299988
2.971 , 0.5299988
2.972 , 0.480011
2.974 , 0.4900055
2.975 , 0.5399933
2.976 , 0.5399933
2.977 , 0.5499878
2.978 , 0.5499878
2.979 , 0.5
2.98 , 0.5499878
2.982 , 0.5100098
2.983 , 0.5100098
2.984 , 0.5200043
2.985 , 0.5
2.986 , 0.5
2.987 , 0.5099945
2.988 , 0.5099945
2.99 , 0.5099945
2.991 , 0.5400085
2.992 , 0.5200043
2.993 , 0.5400085
2.994 , 0.5299988
2.995 , 0.5500031
2.997 , 0.4899902
2.998 , 0.5399933
2.999 , 0.5599976
3.0 , 0.4899902
3.001 , 0.5
3.002 , 0.5
3.003 , 0.5
3.004 , 0.5099945
3.006 , 0.5099945
3.007 , 0.5700073
3.008 , 0.5200043
3.009 , 0.5700073
3.01 , 0.5700073
3.011 , 0.5800018
3.012 , 0.5800018
3.013 , 0.5299988
3.015 , 0.5899963
3.016 , 0.5399933
3.017 , 0.5500031
3.018 , 0.5500031
3.019 , 0.5299988
3.02 , 0.5500031
3.021 , 0.5399933
3.023 , 0.5599976
3.024 , 0.5499878
3.025 , 0.5299988
3.026 , 0.5499878
3.027 , 0.5599976
3.028 , 0.5599976
3.03 , 0.5400085
3.031 , 0.5699921
3.032 , 0.5500031
3.033 , 0.5500031
3.034 , 0.5599976
3.035 , 0.5799866
3.036 , 0.5799866
3.038 , 0.5700073
3.039 , 0.5899963
3.04 , 0.5700073
3.041 , 0.5800018
3.042 , 0.5800018
3.043 , 0.5299988
3.044 , 0.5400085
3.045 , 0.5900116
3.047 , 0.5500031
3.048 , 0.5500031
3.049 , 0.5500031
3.05 , 0.5299988
3.051 , 0.5399933
3.052 , 0.5599976
3.053 , 0.5599976
3.055 , 0.5500031
3.056 , 0.5700073
3.057 , 0.5599976
3.058 , 0.5599976
3.059 , 0.5599976
3.06 , 0.5599976
3.061 , 0.5699921
3.063 , 0.519989
3.064 , 0.5800018
3.065 , 0.5800018
3.066 , 0.5800018
3.067 , 0.5800018
3.068 , 0.5399933
3.069 , 0.5899963
3.07 , 0.5399933
3.072 , 0.6199951
3.073 , 0.5999908
3.074 , 0.5400085
3.075 , 0.5599976
3.076 , 0.5599976
3.077 , 0.5599976
3.079 , 0.5699921
3.08 , 0.5500031
3.081 , 0.5599976
3.082 , 0.5599976
3.083 , 0.5599976
3.084 , 0.5700073
3.086 , 0.5500031
3.087 , 0.5500031
3.088 , 0.5599976
3.089 , 0.5599976
3.09 , 0.5099945
3.091 , 0.5900116
3.093 , 0.5900116
3.094 , 0.5800018
3.095 , 0.5800018
3.096 , 0.5800018
3.097 , 0.5800018
3.098 , 0.5899963
3.099 , 0.5899963
3.1 , 0.5399933
3.102 , 0.5299988
3.103 , 0.6000061
3.104 , 0.5599976
3.105 , 0.5599976
3.106 , 0.5399933
3.107 , 0.5599976
3.109 , 0.5499878
3.11 , 0.5699921
3.111 , 0.5100098
3.112 , 0.4900055
3.113 , 0.5100098
3.114 , 0.5200043
3.115 , 0.5
3.116 , 0.5
3.118 , 0.5099945
3.119 , 0.5099945
3.12 , 0.5099945
3.121 , 0.5400085
3.122 , 0.5200043
3.123 , 0.5
3.124 , 0.5099945
3.125 , 0.5099945
3.127 , 0.5099945
3.128 , 0.5200043
3.129 , 0.5200043
3.13 , 0.4500122
3.131 , 0.5299988
3.132 , 0.5299988
3.133 , 0.4600067
3.134 , 0.5599976
3.136 , 0.5399933
3.137 , 0.5399933
3.138 , 0.480011
3.139 , 0.480011
3.14 , 0.480011
3.141 , 0.4700012
3.142 , 0.4900055
3.143 , 0.4900055
3.145 , 0.5
3.146 , 0.4799957
3.147 , 0.4299927
3.148 , 0.5100098
3.149 , 0.4900055
3.15 , 0.4900055
3.151 , 0.4499969
3.153 , 0.5
3.154 , 0.5
3.155 , 0.5099945
3.156 , 0.5099945
3.157 , 0.5299988
3.158 , 0.5200043
3.159 , 0.5200043
3.16 , 0.4700012
3.161 , 0.5299988
3.163 , 0.4799957
3.164 , 0.4599915
3.165 , 0.4899902
3.166 , 0.4899902
3.167 , 0.469986
3.168 , 0.4799957
3.17 , 0.4799957
3.171 , 0.5099945
3.172 , 0.5099945
3.173 , 0.4899902
3.174 , 0.4899902
3.175 , 0.4500122
3.176 , 0.5
3.177 , 0.5200043
3.179 , 0.5099945
3.18 , 0.5099945
3.181 , 0.519989
3.182 , 0.519989
3.183 , 0.519989
3.184 , 0.4499969
3.185 , 0.480011
3.187 , 0.4600067
3.188 , 0.4900055
3.189 , 0.4900055
3.19 , 0.4900055
3.191 , 0.4799957
3.192 , 0.5
3.193 , 0.4799957
3.194 , 0.5
3.196 , 0.5100098
3.197 , 0.5100098
3.198 , 0.5
3.199 , 0.5
3.2 , 0.5
3.201 , 0.4899902
3.202 , 0.4899902
3.203 , 0.4899902
3.204 , 0.4399872
3.206 , 0.4499969
3.207 , 0.5
3.208 , 0.4599915
3.209 , 0.5099945
3.21 , 0.4599915
3.211 , 0.5200043
3.212 , 0.5200043
3.214 , 0.5600128
3.215 , 0.5700073
3.216 , 0.5500031
3.217 , 0.5700073
3.218 , 0.5599976
3.219 , 0.5399933
3.22 , 0.5599976
3.221 , 0.5700073
3.223 , 0.5500031
3.224 , 0.5500031
3.225 , 0.5599976
3.226 , 0.5599976
3.227 , 0.5800018
3.228 , 0.519989
3.229 , 0.5699921
3.23 , 0.5699921
3.232 , 0.5800018
3.233 , 0.5800018
3.234 , 0.5800018
3.235 , 0.5899963
3.236 , 0.5899963
3.237 , 0.5399933
3.238 , 0.5999908
3.24 , 0.5499878
3.241 , 0.5499878
3.242 , 0.4900055
3.243 , 0.5400085
3.244 , 0.5400085
3.245 , 0.5500031
3.246 , 0.5500031
3.248 , 0.5099945
3.249 , 0.5599976
3.25 , 0.5599976
3.251 , 0.5599976
3.252 , 0.5700073
3.253 , 0.5700073
3.254 , 0.5700073
3.255 , 0.5299988
3.265 , 0.5599976
3.266 , 0.4700012
3.267 , 0.4700012
3.268 , 0.480011
3.269 , 0.480011
3.27 , 0.5299988
3.272 , 0.4900055
3.273 , 0.5399933
3.274 , 0.4900055
3.275 , 0.5
3.276 , 0.5
3.277 , 0.4799957
3.278 , 0.5599976
3.279 , 0.4900055
3.281 , 0.5100098
3.282 , 0.5
3.283 , 0.5
3.284 , 0.5
3.285 , 0.5099945
3.286 , 0.5099945
3.287 , 0.5099945
3.288 , 0.4700012
3.29 , 0.5200043
3.291 , 0.5200043
3.292 , 0.5299988
3.293 , 0.5299988
3.294 , 0.4799957
3.295 , 0.4900055
3.296 , 0.5400085
3.297 , 0.5400085
3.299 , 0.5
3.3 , 0.4799957
3.301 , 0.4799957
3.302 , 0.4899902
3.303 , 0.4899902
3.304 , 0.4899902
3.305 , 0.5200043
3.306 , 0.5
3.308 , 0.5099945
3.309 , 0.5099945
3.31 , 0.5099945
3.311 , 0.5099945
3.312 , 0.519989
3.313 , 0.519989
3.314 , 0.4700012
3.315 , 0.480011
3.317 , 0.5299988
3.318 , 0.4900055
3.319 , 0.4700012
3.32 , 0.4700012
3.321 , 0.4700012
3.322 , 0.4599915
3.323 , 0.4599915
3.324 , 0.4599915
3.326 , 0.4700012
3.327 , 0.4199982
3.328 , 0.4900055
3.329 , 0.4799957
3.33 , 0.4799957
3.331 , 0.4799957
3.333 , 0.4899902
3.334 , 0.4199982
3.335 , 0.5
3.336 , 0.5
3.337 , 0.4499969
3.338 , 0.4499969
3.339 , 0.5099945
3.34 , 0.4599915
3.342 , 0.4500122
3.343 , 0.4700012
3.344 , 0.4700012
3.345 , 0.4100037
3.346 , 0.4799957
3.347 , 0.4600067
3.348 , 0.4600067
3.349 , 0.4700012
3.351 , 0.4700012
3.352 , 0.480011
3.353 , 0.5
3.354 , 0.480011
3.355 , 0.4900055
3.356 , 0.4900055
3.357 , 0.4900055
3.358 , 0.4900055
3.359 , 0.5
3.361 , 0.4499969
3.362 , 0.4600067
3.363 , 0.4600067
3.364 , 0.4600067
3.365 , 0.4499969
3.366 , 0.4499969
3.367 , 0.4499969
3.368 , 0.4499969
3.37 , 0.4799957
3.371 , 0.4599915
3.372 , 0.4900055
3.373 , 0.4700012
3.374 , 0.4499969
3.375 , 0.4799957
3.377 , 0.4799957
3.378 , 0.4599915
3.379 , 0.4900055
3.38 , 0.4900055
3.381 , 0.4900055
3.382 , 0.4799957
3.383 , 0.4300079
3.384 , 0.4300079
3.386 , 0.4899902
3.387 , 0.4899902
3.388 , 0.4400024
3.389 , 0.4500122
3.39 , 0.4300079
3.391 , 0.4500122
3.392 , 0.4400024
3.393 , 0.4600067
3.395 , 0.4499969
3.396 , 0.519989
3.397 , 0.4499969
3.398 , 0.4700012
3.399 , 0.480011
3.4 , 0.480011
3.401 , 0.4600067
3.403 , 0.4700012
3.404 , 0.4199982
3.405 , 0.4199982
3.406 , 0.4299927
3.407 , 0.4299927
3.408 , 0.4299927
3.409 , 0.4400024
3.411 , 0.4400024
3.412 , 0.4499969
3.413 , 0.5
3.414 , 0.5
3.415 , 0.4499969
3.416 , 0.4399872
3.417 , 0.5099945
3.418 , 0.4599915
3.42 , 0.4700012
3.421 , 0.4700012
3.422 , 0.4799957
3.423 , 0.4799957
3.424 , 0.4799957
3.425 , 0.4799957
3.426 , 0.4900055
3.427 , 0.4900055
3.428 , 0.4500122
3.43 , 0.4799957
3.431 , 0.4799957
3.432 , 0.5099945
3.433 , 0.4899902
3.434 , 0.5099945
3.435 , 0.4899902
3.436 , 0.5
3.438 , 0.5
3.439 , 0.5099945
3.44 , 0.4900055
3.441 , 0.5099945
3.442 , 0.5
3.443 , 0.5
3.444 , 0.5
3.445 , 0.4499969
3.446 , 0.4600067
3.448 , 0.5100098
3.449 , 0.5200043
3.45 , 0.5200043
3.451 , 0.4700012
3.452 , 0.5299988
3.453 , 0.4799957
3.454 , 0.5299988
3.456 , 0.5400085
3.457 , 0.4900055
3.458 , 0.4900055
3.459 , 0.4799957
3.46 , 0.4799957
3.461 , 0.4799957
3.462 , 0.5100098
3.464 , 0.4900055
3.465 , 0.5100098
3.466 , 0.4499969
3.467 , 0.5
3.468 , 0.5
3.469 , 0.5099945
3.47 , 0.4599915
3.471 , 0.4599915
3.473 , 0.4700012
3.474 , 0.5200043
3.475 , 0.4700012
3.476 , 0.4799957
3.477 , 0.4799957
3.478 , 0.4799957
3.479 , 0.4899902
3.481 , 0.4700012
3.482 , 0.480011
3.483 , 0.480011
3.484 , 0.480011
3.485 , 0.4300079
3.486 , 0.4400024
3.487 , 0.4900055
3.489 , 0.4499969
3.49 , 0.519989
3.491 , 0.5
3.492 , 0.4499969
3.493 , 0.4600067
3.494 , 0.4600067
3.495 , 0.5100098
3.496 , 0.4700012
3.498 , 0.4700012
3.499 , 0.4599915
3.5 , 0.4799957
3.501 , 0.4799957
3.502 , 0.4599915
3.503 , 0.4700012
3.504 , 0.4700012
3.505 , 0.4499969
3.507 , 0.4599915
3.508 , 0.4599915
3.509 , 0.4900055
3.51 , 0.4200134
3.511 , 0.4700012
3.512 , 0.4700012
3.513 , 0.4799957
3.515 , 0.5
3.516 , 0.4899902
3.517 , 0.4899902
3.518 , 0.4899902
3.519 , 0.4500122
3.52 , 0.5
3.521 , 0.5
3.522 , 0.4500122
3.523 , 0.4400024
3.524 , 0.4400024
3.526 , 0.3999939
3.527 , 0.4499969
3.528 , 0.3999939
3.529 , 0.4100037
3.53 , 0.4600067
3.531 , 0.4100037
3.532 , 0.4100037
3.534 , 0.4199982
3.535 , 0.3999939
3.536 , 0.4799957
3.537 , 0.4799957
3.538 , 0.4299927
3.539 , 0.4900055
3.54 , 0.4400024
3.542 , 0.4000092
3.543 , 0.4299927
3.544 , 0.4299927
3.545 , 0.4299927
3.546 , 0.4400024
3.547 , 0.4200134
3.548 , 0.4200134
3.55 , 0.4700012
3.551 , 0.4499969
3.552 , 0.4300079
3.553 , 0.4400024
3.554 , 0.4400024
3.555 , 0.4599915
3.556 , 0.4700012
3.557 , 0.4500122
3.559 , 0.4600067
3.56 , 0.4100037
3.561 , 0.4100037
3.562 , 0.4100037
3.563 , 0.4700012
3.564 , 0.4199982
3.565 , 0.4199982
3.566 , 0.4100037
3.568 , 0.4300079
3.569 , 0.4199982
3.57 , 0.4199982
3.571 , 0.4400024
3.572 , 0.4199982
3.573 , 0.4299927
3.574 , 0.3799896
3.576 , 0.4400024
3.577 , 0.4600067
3.578 , 0.4400024
3.579 , 0.3700104
3.58 , 0.4499969
3.581 , 0.3800049
3.582 , 0.4499969
3.584 , 0.4099884
3.585 , 0.3899994
3.586 , 0.4000092
3.587 , 0.4000092
3.588 , 0.3500061
3.589 , 0.4000092
3.59 , 0.4100037
3.592 , 0.4100037
3.593 , 0.4200134
3.594 , 0.4200134
3.595 , 0.4200134
3.596 , 0.3800049
3.597 , 0.3600006
3.598 , 0.4300079
3.599 , 0.3800049
3.601 , 0.3899994
3.602 , 0.3899994
3.603 , 0.3800049
3.604 , 0.3800049
3.605 , 0.4000092
3.606 , 0.3899994
3.607 , 0.3899994
3.609 , 0.4100037
3.61 , 0.3799896
3.611 , 0.3999939
3.612 , 0.3999939
3.613 , 0.4100037
3.614 , 0.4100037
3.616 , 0.3999939
3.617 , 0.4199982
3.618 , 0.3999939
3.619 , 0.3999939
3.62 , 0.4099884
3.621 , 0.4099884
3.622 , 0.3600006
3.624 , 0.3700104
3.625 , 0.3700104
3.626 , 0.3600006
3.627 , 0.4499969
3.628 , 0.3800049
3.629 , 0.4299927
3.63 , 0.4400024
3.631 , 0.3900146
3.633 , 0.4499969
3.634 , 0.4499969
3.635 , 0.4499969
3.636 , 0.4100037
3.637 , 0.4799957
3.638 , 0.4799957
3.639 , 0.4100037
3.641 , 0.4000092
3.642 , 0.4000092
3.643 , 0.4300079
3.644 , 0.4100037
3.645 , 0.4300079
3.646 , 0.4199982
3.647 , 0.4199982
3.649 , 0.4199982
3.65 , 0.4300079
3.651 , 0.4300079
3.652 , 0.4500122
3.653 , 0.4600067
3.654 , 0.4400024
3.655 , 0.4400024
3.656 , 0.3999939
3.658 , 0.4700012
3.659 , 0.3999939
3.66 , 0.4600067
3.661 , 0.4100037
3.662 , 0.3899994
3.663 , 0.3999939
3.665 , 0.3999939
3.666 , 0.3800049
3.667 , 0.4099884
3.668 , 0.3899994
3.669 , 0.4099884
3.67 , 0.4000092
3.671 , 0.4000092
3.673 , 0.4299927
3.674 , 0.4299927
3.675 , 0.4299927
3.676 , 0.4299927
3.677 , 0.4200134
3.678 , 0.4200134
3.679 , 0.4200134
3.68 , 0.4499969
3.682 , 0.3800049
3.683 , 0.3899994
3.684 , 0.3899994
3.685 , 0.3899994
3.686 , 0.4400024
3.687 , 0.3800049
3.688 , 0.4000092
3.69 , 0.4100037
3.691 , 0.4100037
3.692 , 0.3899994
3.693 , 0.4199982
3.694 , 0.4199982
3.695 , 0.4700012
3.696 , 0.3999939
3.698 , 0.4300079
3.699 , 0.3600006
3.7 , 0.4400024
3.701 , 0.4199982
3.702 , 0.3699951
3.703 , 0.4299927
3.704 , 0.3600006
3.706 , 0.3799896
3.707 , 0.3899994
3.708 , 0.4400024
3.709 , 0.3899994
3.71 , 0.3999939
3.711 , 0.3800049
3.712 , 0.3999939
3.714 , 0.4100037
3.715 , 0.4100037
3.716 , 0.4100037
3.717 , 0.4199982
3.718 , 0.4000092
3.719 , 0.4000092
3.72 , 0.4100037
3.721 , 0.3899994
3.723 , 0.4200134
3.724 , 0.4000092
3.725 , 0.4200134
3.726 , 0.3500061
3.727 , 0.4100037
3.728 , 0.4100037
3.729 , 0.3399963
3.731 , 0.3699951
3.732 , 0.3499908
3.733 , 0.3800049
3.734 , 0.3600006
3.735 , 0.3600006
3.736 , 0.3600006
3.737 , 0.3899994
3.738 , 0.3699951
3.74 , 0.3799896
3.741 , 0.3799896
3.742 , 0.3299866
3.743 , 0.3899994
3.744 , 0.3399963
3.745 , 0.3399963
3.747 , 0.3499908
3.748 , 0.3499908
3.749 , 0.3499908
3.75 , 0.3399963
3.751 , 0.3599854
3.752 , 0.3599854
3.754 , 0.3699951
3.755 , 0.4199982
3.756 , 0.3500061
3.757 , 0.3799896
3.758 , 0.3600006
3.759 , 0.3799896
3.76 , 0.3300018
3.762 , 0.3700104
3.763 , 0.3300018
3.764 , 0.3800049
3.765 , 0.3800049
3.766 , 0.3800049
3.767 , 0.3499908
3.768 , 0.3499908
3.769 , 0.3199921
3.771 , 0.3600006
3.772 , 0.3300018
3.773 , 0.3600006
3.774 , 0.3699951
3.775 , 0.3699951
3.776 , 0.4100037
3.777 , 0.3499908
3.779 , 0.3499908
3.78 , 0.3600006
3.781 , 0.3899994
3.782 , 0.3600006
3.783 , 0.3899994
3.784 , 0.3699951
3.786 , 0.3699951
3.787 , 0.3799896
3.788 , 0.3799896
3.789 , 0.3600006
3.79 , 0.3700104
3.791 , 0.3700104
3.792 , 0.3899994
3.793 , 0.3700104
3.795 , 0.3999939
3.796 , 0.3999939
3.797 , 0.3900146
3.798 , 0.4100037
3.799 , 0.3900146
3.8 , 0.4000092
3.801 , 0.3500061
3.803 , 0.3500061
3.804 , 0.4100037
3.805 , 0.4100037
3.806 , 0.3399963
3.807 , 0.3700104
3.808 , 0.4200134
3.809 , 0.3500061
3.81 , 0.3800049
3.812 , 0.3800049
3.813 , 0.3600006
3.814 , 0.3699951
3.815 , 0.3899994
3.816 , 0.3699951
3.817 , 0.3800049
3.818 , 0.3400116
3.82 , 0.3500061
3.821 , 0.3500061
3.822 , 0.3500061
3.823 , 0.3500061
3.824 , 0.3600006
3.825 , 0.3600006
3.826 , 0.3099976
3.827 , 0.4100037
3.828 , 0.3399963
3.829 , 0.3399963
3.831 , 0.3499908
3.832 , 0.3499908
3.833 , 0.4199982
3.834 , 0.3899994
3.835 , 0.3899994
3.836 , 0.4299927
3.838 , 0.4400024
3.839 , 0.3699951
3.84 , 0.4000092
3.841 , 0.4100037
3.842 , 0.3799896
3.843 , 0.3799896
3.845 , 0.3899994
3.846 , 0.4200134
3.847 , 0.3999939
3.848 , 0.3800049
3.849 , 0.3800049
3.85 , 0.3999939
3.852 , 0.3899994
3.853 , 0.4099884
3.854 , 0.4000092
3.855 , 0.4000092
3.856 , 0.4000092
3.857 , 0.4100037
3.858 , 0.4100037
3.859 , 0.4100037
3.861 , 0.3699951
3.862 , 0.3699951
3.863 , 0.3699951
3.864 , 0.3800049
3.865 , 0.3800049
3.866 , 0.3600006
3.867 , 0.3899994
3.869 , 0.3699951
3.87 , 0.3699951
3.871 , 0.3799896
3.872 , 0.3999939
3.873 , 0.3999939
3.875 , 0.3899994
3.876 , 0.4100037
3.877 , 0.3999939
3.878 , 0.4199982
3.879 , 0.3999939
3.88 , 0.3999939
3.882 , 0.3400116
3.883 , 0.3600006
3.884 , 0.3500061
3.885 , 0.2799988
3.886 , 0.2799988
3.887 , 0.3399963
3.888 , 0.3399963
3.889 , 0.2899933
3.891 , 0.3000031
3.892 , 0.2799988
3.893 , 0.3500061
3.894 , 0.3099976
3.895 , 0.3099976
3.896 , 0.3099976
3.898 , 0.2999878
3.899 , 0.2999878
3.9 , 0.2999878
3.901 , 0.3099976
3.902 , 0.3099976
3.904 , 0.3399963
3.905 , 0.3199921
3.906 , 0.2700043
3.907 , 0.3299866
3.908 , 0.3299866
3.909 , 0.3299866
3.911 , 0.2900085
3.912 , 0.2900085
3.913 , 0.3399963
3.914 , 0.3000031
3.915 , 0.3000031
3.916 , 0.3000031
3.917 , 0.3000031
3.918 , 0.3099976
3.919 , 0.3099976
3.921 , 0.3200073
3.93 , 0.280014
3.931 , 0.3300018
3.932 , 0.2900085
3.933 , 0.2900085
3.934 , 0.3000031
3.935 , 0.3000031
3.937 , 0.3399963
3.938 , 0.3100128
3.939 , 0.2799988
3.94 , 0.2799988
3.941 , 0.2899933
3.942 , 0.2899933
3.944 , 0.2999878
3.945 , 0.2999878
3.946 , 0.2799988
3.947 , 0.2999878
3.948 , 0.2900085
3.949 , 0.3099976
3.951 , 0.3000031
3.952 , 0.3199921
3.953 , 0.3199921
3.954 , 0.3099976
3.955 , 0.3299866
3.956 , 0.3099976
3.958 , 0.3200073
3.959 , 0.2700043
3.96 , 0.3399963
3.961 , 0.3499908
3.962 , 0.3300018
3.963 , 0.2799988
3.964 , 0.2900085
3.965 , 0.2700043
3.967 , 0.2700043
3.968 , 0.3000031
3.969 , 0.2799988
3.97 , 0.2799988
3.971 , 0.2899933
3.972 , 0.2899933
3.974 , 0.3000031
3.975 , 0.3000031
3.976 , 0.3000031
3.977 , 0.3000031
3.978 , 0.3099976
3.979 , 0.3099976
3.98 , 0.3099976
3.982 , 0.2799988
3.983 , 0.25
3.984 , 0.2900085
3.985 , 0.2600098
3.986 , 0.2900085
3.987 , 0.3300018
3.988 , 0.2700043
3.99 , 0.2700043
3.991 , 0.2799988
3.992 , 0.2799988
3.993 , 0.2799988
3.994 , 0.2900085
3.995 , 0.2900085
3.997 , 0.2700043
3.998 , 0.3000031
3.999 , 0.2799988
4.0 , 0.2799988
4.001 , 0.2399902
4.002 , 0.2899933
4.004 , 0.2399902
4.005 , 0.3000031
4.006 , 0.25
4.007 , 0.25
4.008 , 0.3099976
4.009 , 0.2599945
4.01 , 0.2599945
4.011 , 0.2700043
4.012 , 0.2700043
4.014 , 0.2700043
4.015 , 0.2799988
4.016 , 0.2799988
4.017 , 0.2799988
4.018 , 0.269989
4.019 , 0.269989
4.02 , 0.269989
4.022 , 0.2799988
4.023 , 0.2400055
4.024 , 0.2799988
4.025 , 0.25
4.026 , 0.2200012
4.027 , 0.2200012
4.028 , 0.2599945
4.029 , 0.2599945
4.031 , 0.2400055
4.032 , 0.2400055
4.033 , 0.2400055
4.034 , 0.2700043
4.035 , 0.25
4.036 , 0.25
4.037 , 0.25
4.038 , 0.1899872
4.039 , 0.219986
4.041 , 0.2299957
4.042 , 0.2299957
4.043 , 0.1800079
4.044 , 0.1999969
4.045 , 0.2099915
4.046 , 0.2099915
4.047 , 0.1900024
4.049 , 0.2200012
4.05 , 0.2000122
4.051 , 0.2299957
4.052 , 0.2100067
4.053 , 0.2100067
4.054 , 0.2100067
4.055 , 0.2200012
4.056 , 0.2200012
4.057 , 0.2200012
4.058 , 0.230011
4.059 , 0.230011
4.061 , 0.2400055
4.062 , 0.1999969
4.063 , 0.1999969
4.064 , 0.2400055
4.065 , 0.2099915
4.066 , 0.2099915
4.067 , 0.1799927
4.069 , 0.2200012
4.07 , 0.2600098
4.071 , 0.2299957
4.072 , 0.2299957
4.073 , 0.2299957
4.074 , 0.1999969
4.075 , 0.2099915
4.077 , 0.2099915
4.078 , 0.25
4.079 , 0.2200012
4.08 , 0.2200012
4.081 , 0.1900024
4.082 , 0.1900024
4.083 , 0.1600037
4.084 , 0.1600037
4.086 , 0.1699982
4.087 , 0.1699982
4.088 , 0.25
4.089 , 0.2100067
4.09 , 0.25
4.091 , 0.25
4.092 , 0.2599945
4.093 , 0.2599945
4.094 , 0.2200012
4.096 , 0.230011
4.097 , 0.2000122
4.098 , 0.2400055
4.099 , 0.2400055
4.1 , 0.2400055
4.101 , 0.2400055
4.102 , 0.2200012
4.103 , 0.1999969
4.105 , 0.230011
4.106 , 0.230011
4.107 , 0.2100067
4.108 , 0.2200012
4.109 , 0.1799927
4.11 , 0.2200012
4.111 , 0.2200012
4.112 , 0.25
4.113 , 0.25
4.114 , 0.2299957
4.116 , 0.1999969
4.117 , 0.2600098
4.118 , 0.2099915
4.119 , 0.2099915
4.12 , 0.2099915
4.121 , 0.25
4.122 , 0.219986
4.124 , 0.219986
4.125 , 0.1600037
4.126 , 0.1999969
4.127 , 0.1600037
4.128 , 0.2099915
4.129 , 0.2399902
4.13 , 0.2399902
4.132 , 0.1800079
4.133 , 0.2200012
4.134 , 0.1800079
4.135 , 0.2299957
4.136 , 0.2299957
4.137 , 0.1900024
4.138 , 0.2399902
4.139 , 0.1999969
4.141 , 0.1999969
4.142 , 0.1800079
4.143 , 0.1800079
4.144 , 0.2100067
4.145 , 0.1900024
4.146 , 0.2200012
4.147 , 0.1900024
4.148 , 0.2299957
4.15 , 0.1999969
4.151 , 0.1999969
4.152 , 0.2100067
4.153 , 0.2100067
4.154 , 0.2100067
4.155 , 0.1999969
4.156 , 0.1999969
4.158 , 0.2099915
4.159 , 0.2099915
4.16 , 0.2099915
4.161 , 0.1599884
4.162 , 0.2200012
4.163 , 0.1699982
4.164 , 0.1500092
4.166 , 0.1799927
4.167 , 0.1799927
4.168 , 0.2399902
4.169 , 0.1899872
4.17 , 0.1899872
4.171 , 0.1899872
4.172 , 0.1800079
4.174 , 0.1999969
4.175 , 0.1900024
4.176 , 0.1900024
4.177 , 0.1900024
4.178 , 0.1900024
4.179 , 0.2000122
4.18 , 0.1600037
4.181 , 0.1600037
4.183 , 0.2100067
4.184 , 0.2100067
4.185 , 0.1799927
4.186 , 0.2200012
4.187 , 0.1799927
4.188 , 0.1799927
4.189 , 0.1200104
4.19 , 0.1600037
4.192 , 0.1699982
4.193 , 0.1999969
4.194 , 0.1300049
4.195 , 0.1399994
4.196 , 0.1100006
4.197 , 0.1399994
4.198 , 0.1100006
4.2 , 0.1200104
4.201 , 0.1200104
4.202 , 0.1300049
4.203 , 0.1300049
4.204 , 0.1100006
4.205 , 0.1199951
4.206 , 0.1399994
4.207 , 0.1199951
4.209 , 0.1500092
4.21 , 0.1300049
4.211 , 0.1300049
4.212 , 0.1399994
4.213 , 0.1399994
4.214 , 0.09999084
4.215 , 0.1100006
4.217 , 0.1500092
4.218 , 0.1100006
4.219 , 0.1199951
4.22 , 0.1199951
4.221 , 0.1199951
4.222 , 0.09999084
4.223 , 0.09999084
4.225 , 0.1399994
4.226 , 0.1399994
4.227 , 0.1100006
4.228 , 0.1100006
4.229 , 0.1199951
4.23 , 0.1499939
4.232 , 0.1299896
4.233 , 0.1299896
4.234 , 0.08999634
4.235 , 0.1699982
4.236 , 0.1000061
4.237 , 0.1000061
4.239 , 0.1100006
4.24 , 0.08000183
4.241 , 0.08000183
4.242 , 0.08999634
4.244 , 0.08999634
4.245 , 0.08000183
4.246 , 0.1000061
4.248 , 0.08000183
4.249 , 0.08999634
4.25 , 0.08999634
4.252 , 0.09999084
4.253 , 0.09999084
4.254 , 0.09999084
4.256 , 0.07000732
4.257 , 0.1100006
4.258 , 0.1300049
4.259 , 0.08000183
4.261 , 0.08000183
4.262 , 0.0900116
4.263 , 0.0900116
4.264 , 0.06001282
4.266 , 0.0
4.267 , 0.07000732
4.268 , 0.0
4.269 , 0.009994507
4.271 , 0.009994507
4.272 , 0.0900116
4.274 , 0.0900116
4.275 , 0.0900116
4.276 , 0.02999878
4.277 , 0.02999878
4.279 , 0.1100006
4.28 , 0.03999329
4.281 , 0.01998901
4.283 , 0.02999878
4.284 , 0.02999878
4.286 , 0.03999329
4.287 , 0.03999329
4.288 , 0.03999329
4.29 , 0.04998779
4.291 , 0.009994507
4.292 , 0.05999756
4.294 , 0.02000427
4.295 , 0.05999756
4.296 , 0.06999207
4.298 , 0.02999878
4.299 , 0.04000854
4.301 , 0.04000854
4.302 , 0.02000427
4.303 , -0.02000427
4.304 , 0.02000427
4.306 , 0.02999878
4.307 , 0.02999878
4.308 , -0.01000977
4.31 , 0.04000854
4.311 , 0.0
4.312 , 0.05000305
4.314 , 0.05000305
4.315 , 0.05000305
4.316 , 0.05999756
4.317 , 0.01998901
4.319 , 0.02999878
4.32 , 0.0
4.321 , 0.02999878
4.323 , 0.009994507
4.324 , 0.009994507
4.326 , 0.01998901
4.327 , -0.02000427
4.328 , 0.01998901
4.329 , -0.009994507
4.331 , 0.02999878
4.332 , 0.0
4.334 , 0.03999329
4.335 , 0.0
4.336 , 0.009994507
4.337 , 0.04998779
4.339 , 0.02000427
4.34 , 0.02000427
4.341 , 0.05999756
4.343 , 0.02999878
4.344 , -0.02000427
4.345 , 0.009994507
4.347 , -0.009994507
4.348 , 0.08000183
4.35 , 0.05000305
4.351 , 0.08999634
4.352 , 0.08999634
4.354 , 0.09999084
4.355 , 0.05999756
4.356 , 0.1100006
4.358 , 0.07000732
4.359 , 0.08000183
4.36 , 0.08000183
4.361 , 0.08000183
4.363 , 0.03999329
4.364 , 0.06999207
4.366 , 0.1000061
4.367 , 0.1000061
4.368 , 0.05000305
4.369 , 0.05999756
4.37 , 0.05999756
4.372 , 0.05999756
4.373 , 0.09999084
4.374 , 0.02999878
4.376 , 0.1100006
4.377 , 0.08000183
4.378 , 0.1100006
4.379 , 0.05000305
4.381 , 0.08999634
4.382 , 0.08999634
4.383 , 0.03001404
4.385 , 0.06001282
4.386 , 0.04000854
4.387 , 0.07000732
4.389 , 0.08000183
4.39 , 0.05000305
4.391 , 0.08000183
4.393 , 0.0900116
4.394 , 0.0900116
4.395 , 0.02000427
4.397 , 0.07000732
4.398 , 0.07000732
4.4 , 0.08000183
4.401 , 0.03999329
4.402 , 0.08000183
4.403 , 0.05000305
4.405 , 0.05000305
4.406 , 0.03999329
4.407 , 0.05999756
4.409 , 0.04998779
4.41 , 0.06999207
4.412 , 0.04998779
4.413 , 0.08000183
4.414 , 0.05999756
4.415 , 0.08000183
4.417 , 0.08999634
4.418 , 0.06999207
4.419 , 0.07998657
4.421 , 0.04998779
4.422 , 0.07998657
4.424 , 0.05999756
4.425 , 0.02000427
4.426 , 0.02999878
4.428 , 0.02999878
4.429 , 0.02999878
4.43 , 0.08000183
4.432 , 0.08000183
4.433 , 0.05000305
4.434 , 0.05000305
4.436 , 0.02999878
4.437 , 0.09999084
4.438 , 0.09999084
4.44 , 0.04000854
4.441 , 0.04000854
4.442 , 0.07000732
4.444 , 0.009994507
4.445 , 0.05000305
4.446 , 0.01998901
4.448 , 0.01998901
4.449 , 0.01998901
4.45 , 0.07000732
4.452 , 0.02999878
4.453 , 0.009994507
4.455 , 0.009994507
4.456 , 0.01998901
4.457 , 0.04998779
4.459 , 0.01998901
4.46 , -0.009994507
4.462 , -0.009994507
4.463 , 0.0
4.464 , 0.0
4.465 , 0.0
4.466 , -0.009994507
4.468 , -0.03999329
4.469 , -0.009994507
4.471 , -0.02999878
4.472 , 0.02000427
4.473 , -0.02000427
4.475 , 0.02999878
4.476 , 0.04000854
4.477 , 0.04000854
4.479 , 0.02000427
4.48 , 0.0
4.481 , 0.02999878
4.482 , 0.0
4.484 , 0.03999329
4.485 , 0.009994507
4.486 , 0.02000427
4.488 , -0.04998779
4.489 , -0.01998901
4.49 , 0.05999756
4.492 , 0.02999878
4.493 , 0.06999207
4.495 , 0.03999329
4.496 , -0.01998901
4.497 , -0.05999756
4.499 , -0.01998901
4.5 , -0.05000305
4.501 , -0.009994507
4.503 , 0.0
4.504 , 0.0
4.505 , -0.06001282
4.506 , -0.05000305
4.508 , 0.04000854
4.509 , -0.05000305
4.51 , -0.02000427
4.511 , -0.04000854
4.513 , -0.02999878
4.514 , -0.02999878
4.516 , -0.009994507
4.517 , -0.02000427
4.518 , 0.0
4.519 , -0.02000427
4.521 , -0.01000977
4.522 , -0.04000854
4.523 , -0.02999878
4.525 , -0.02999878
4.526 , -0.06999207
4.527 , -0.02000427
4.529 , -0.05999756
4.53 , -0.05000305
4.532 , 0.01998901
4.533 , -0.03999329
4.534 , 0.0
4.535 , 0.0
4.536 , -0.03999329
4.538 , -0.05999756
4.539 , -0.02999878
4.541 , -0.02000427
4.542 , -0.05000305
4.543 , -0.03999329
4.545 , -0.03999329
4.546 , -0.03999329
4.547 , -0.02999878
4.549 , -0.02999878
4.55 , -0.05999756
4.551 , -0.01998901
4.553 , -0.05000305
4.554 , -0.009994507
4.556 , -0.05000305
4.557 , 0.0
4.558 , -0.04000854
4.559 , 0.0
4.56 , -0.02999878
4.562 , -0.04998779
4.563 , -0.02000427
4.565 , -0.03999329
4.566 , -0.06999207
4.567 , -0.05999756
4.569 , -0.02999878
4.57 , -0.04998779
4.571 , -0.04998779
4.573 , -0.009994507
4.574 , -0.009994507
4.576 , -0.009994507
4.577 , -0.02999878
4.579 , 0.0
4.58 , -0.05999756
4.581 , -0.01998901
4.582 , -0.01998901
4.584 , -0.05000305
4.585 , -0.05000305
4.586 , -0.05000305
4.588 , -0.04000854
4.589 , -0.07000732
4.59 , -0.02999878
4.592 , -0.02999878
4.593 , -0.02000427
4.595 , -0.02000427
4.596 , -0.02000427
4.597 , -0.009994507
4.599 , -0.03999329
4.6 , 0.0
4.601 , -0.02999878
4.603 , -0.02999878
4.604 , -0.02000427
4.605 , -0.02000427
4.606 , -0.02000427
4.608 , -0.009994507
4.609 , -0.009994507
4.611 , -0.03999329
4.612 , 0.0
4.613 , 0.02999878
4.615 , -0.02999878
4.616 , 0.009994507
4.617 , 0.02000427
4.619 , -0.01998901
4.62 , -0.009994507
4.622 , -0.009994507
4.623 , -0.009994507
4.624 , -0.02000427
4.626 , -0.02000427
4.627 , 0.01000977
4.628 , -0.05999756
4.63 , -0.07000732
4.631 , 0.0
4.632 , 0.0
4.633 , 0.0
4.634 , -0.03999329
4.636 , 0.01000977
4.637 , 0.02000427
4.638 , -0.02999878
4.64 , -0.04000854
4.641 , -0.02000427
4.642 , -0.02000427
4.644 , -0.009994507
4.653 , -0.04000854
4.655 , -0.06999207
4.656 , 0.0
4.657 , 0.009994507
4.659 , -0.02000427
4.66 , -0.01000977
4.661 , -0.01000977
4.663 , -0.01000977
4.664 , -0.03999329
4.665 , -0.03999329
4.667 , -0.02999878
4.668 , -0.02999878
4.669 , -0.05000305
4.671 , -0.02000427
4.672 , -0.02000427
4.673 , -0.02000427
4.675 , -0.009994507
4.676 , -0.009994507
4.678 , -0.02000427
4.679 , 0.0
4.68 , -0.009994507
4.682 , -0.009994507
4.683 , -0.05999756
4.684 , 0.0
4.685 , -0.05000305
4.687 , -0.04000854
4.688 , -0.04000854
4.689 , -0.05999756
4.691 , -0.02999878
4.692 , 0.02000427
4.694 , -0.02000427
4.695 , -0.03999329
4.696 , -0.02000427
4.698 , -0.02999878
4.699 , -0.02999878
4.7 , -0.02999878
4.702 , -0.05000305
4.703 , -0.08999634
4.704 , -0.04000854
4.706 , -0.08000183
4.707 , -0.03001404
4.709 , -0.03001404
4.71 , 0.0
4.711 , 0.01000977
4.712 , -0.02000427
4.714 , -0.01000977
4.715 , -0.01000977
4.716 , -0.01000977
4.717 , -0.05999756
4.719 , -0.03999329
4.72 , -0.03999329
4.722 , -0.02999878
4.723 , -0.02999878
4.724 , -0.04000854
4.726 , -0.08999634
4.727 , -0.02999878
4.728 , -0.02999878
4.73 , -0.02999878
4.731 , -0.02000427
4.732 , -0.02000427
4.734 , -0.05999756
4.735 , -0.05999756
4.736 , -0.05999756
4.738 , 0.0
4.739 , -0.06999207
4.74 , -0.04998779
4.742 , -0.03999329
4.743 , -0.05999756
4.744 , -0.05000305
4.746 , -0.02999878
4.747 , -0.03999329
4.749 , -0.03999329
4.75 , -0.08999634
4.751 , -0.08000183
4.753 , -0.08000183
4.754 , -0.02000427
4.755 , -0.02000427
4.757 , -0.009994507
4.758 , -0.05999756
4.759 , -0.009994507
4.761 , -0.07000732
4.762 , -0.1000061
4.763 , -0.1000061
4.764 , -0.1299896
4.766 , -0.08999634
4.767 , -0.1399994
4.768 , -0.05000305
4.769 , -0.08000183
4.771 , -0.07000732
4.772 , -0.07000732
4.773 , -0.07000732
4.775 , -0.09999084
4.776 , -0.09999084
4.777 , -0.09999084
4.779 , -0.08999634
4.78 , -0.08999634
4.782 , -0.08000183
4.783 , -0.08000183
4.784 , -0.08999634
4.786 , -0.1399994
4.787 , -0.08999634
4.788 , -0.08000183
4.79 , -0.05999756
4.791 , -0.1200104
4.792 , -0.07000732
4.794 , -0.05999756
4.795 , -0.05999756
4.796 , -0.05999756
4.798 , -0.1000061
4.799 , -0.1000061
4.8 , -0.05000305
4.801 , -0.08999634
4.803 , -0.08999634
4.804 , -0.1300049
4.805 , -0.09999084
4.807 , -0.09999084
4.808 , -0.08999634
4.809 , -0.1200104
4.81 , -0.1200104
4.811 , -0.1100006
4.813 , -0.07998657
4.814 , -0.1000061
4.815 , -0.06999207
4.816 , -0.1399994
4.818 , -0.0900116
4.819 , -0.05999756
4.82 , -0.0900116
4.822 , -0.1199951
4.823 , -0.1199951
4.824 , -0.1100006
4.825 , -0.1300049
4.826 , -0.1300049
4.827 , -0.1300049
4.828 , -0.1000061
4.83 , -0.1000061
4.831 , -0.1100006
4.832 , -0.05000305
4.833 , -0.1100006
4.834 , -0.1000061
4.835 , -0.1000061
4.836 , -0.1500092
4.838 , -0.07000732
4.839 , -0.0900116
4.84 , -0.1400146
4.841 , -0.1300049
4.842 , -0.1300049
4.844 , -0.07000732
4.845 , -0.1200104
4.846 , -0.1200104
4.847 , -0.1200104
4.848 , -0.1100006
4.849 , -0.1100006
4.851 , -0.1199951
4.852 , -0.1199951
4.853 , -0.05000305
4.854 , -0.1199951
4.855 , -0.1100006
4.856 , -0.0900116
4.858 , -0.09999084
4.859 , -0.09999084
4.86 , -0.1299896
4.862 , -0.08999634
4.863 , -0.07000732
4.864 , -0.07000732
4.866 , -0.08000183
4.867 , -0.08000183
4.868 , -0.06999207
4.87 , -0.05000305
4.871 , -0.08999634
4.872 , -0.04000854
4.874 , -0.08999634
4.875 , -0.08000183
4.876 , -0.03001404
4.878 , -0.03999329
4.879 , -0.03999329
4.881 , -0.02999878
4.882 , -0.05999756
4.883 , -0.05999756
4.885 , -0.08999634
4.886 , -0.08999634
4.887 , -0.04998779
4.889 , -0.03999329
4.89 , -0.08000183
4.892 , -0.02999878
4.893 , -0.02999878
4.894 , -0.07000732
4.896 , -0.01998901
4.897 , -0.01998901
4.899 , -0.05000305
4.9 , -0.05000305
4.901 , -0.04000854
4.902 , -0.05999756
4.904 , -0.05999756
4.905 , -0.04998779
4.907 , -0.09999084
4.908 , -0.08999634
4.909 , -0.08999634
4.911 , -0.08000183
4.912 , -0.1000061
4.913 , -0.08000183
4.914 , -0.1000061
4.916 , -0.06999207
4.917 , -0.06999207
4.918 , -0.08000183
4.92 , -0.1300049
4.921 , -0.1200104
4.922 , -0.1200104
4.923 , -0.1200104
4.924 , -0.1200104
4.925 , -0.1100006
4.926 , -0.1100006
4.927 , -0.1100006
4.928 , -0.1000061
4.93 , -0.1000061
4.931 , -0.08999634
4.932 , -0.1100006
4.933 , -0.08999634
4.934 , -0.08999634
4.936 , -0.1000061
4.937 , -0.08000183
4.938 , -0.0900116
4.94 , -0.0900116
4.941 , -0.0900116
4.942 , -0.09999084
4.944 , -0.09999084
4.945 , -0.07000732
4.946 , -0.08999634
4.948 , -0.06001282
4.949 , -0.08000183
4.95 , -0.08000183
4.952 , -0.1199951
4.953 , -0.06999207
4.954 , -0.05000305
4.956 , -0.05999756
4.957 , -0.05999756
4.958 , -0.1000061
4.96 , -0.1000061
4.961 , -0.1000061
4.962 , -0.1100006
4.963 , -0.08999634
4.964 , -0.03999329
4.966 , -0.1000061
4.967 , -0.1900024
4.968 , -0.1799927
4.969 , -0.1599884
4.97 , -0.1399994
4.972 , -0.1499939
4.973 , -0.1499939
4.974 , -0.1699982
4.975 , -0.1399994
4.976 , -0.1600037
4.977 , -0.1600037
4.979 , -0.1299896
4.98 , -0.1499939
4.981 , -0.1499939
4.982 , -0.1199951
4.983 , -0.1900024
4.984 , -0.1399994
4.986 , -0.1800079
4.987 , -0.1800079
4.988 , -0.1199951
4.989 , -0.1699982
4.99 , -0.1199951
4.991 , -0.1699982
4.993 , -0.1100006
4.994 , -0.1800079
4.995 , -0.1500092
4.996 , -0.1000061
4.997 , -0.1500092
4.998 , -0.1399994
4.999 , -0.1399994
5.001 , -0.1399994
5.002 , -0.1500092
5.003 , -0.1500092
5.004 , -0.1500092
5.005 , -0.1400146
5.006 , -0.1400146
5.007 , -0.2100067
5.008 , -0.1999969
5.01 , -0.1999969
5.011 , -0.1300049
5.012 , -0.1900024
5.013 , -0.1900024
5.014 , -0.2100067
5.015 , -0.1999969
5.016 , -0.1100006
5.017 , -0.1999969
5.019 , -0.1699982
5.02 , -0.08000183
5.021 , -0.1000061
5.022 , -0.1600037
5.023 , -0.1600037
5.024 , -0.1600037
5.026 , -0.1499939
5.027 , -0.1499939
5.028 , -0.1699982
5.029 , -0.1399994
5.03 , -0.1600037
5.031 , -0.1600037
5.032 , -0.1300049
5.034 , -0.1500092
5.035 , -0.1399994
5.036 , -0.1199951
5.037 , -0.1399994
5.038 , -0.1399994
5.039 , -0.1300049
5.04 , -0.1300049
5.042 , -0.1500092
5.043 , -0.1200104
5.044 , -0.1500092
5.045 , -0.1399994
5.046 , -0.1399994
5.047 , -0.1799927
5.048 , -0.1399994
5.05 , -0.1300049
5.051 , -0.1699982
5.052 , -0.1599884
5.053 , -0.1599884
5.054 , -0.1199951
5.055 , -0.1499939
5.056 , -0.1100006
5.058 , -0.1100006
5.059 , -0.1399994
5.06 , -0.1399994
5.061 , -0.1699982
5.062 , -0.1599884
5.063 , -0.1599884
5.065 , -0.1499939
5.066 , -0.1499939
5.067 , -0.1499939
5.068 , -0.1900024
5.069 , -0.1100006
5.07 , -0.1100006
5.071 , -0.1399994
5.072 , -0.09999084
5.074 , -0.09999084
5.075 , -0.1199951
5.076 , -0.08999634
5.078 , -0.1199951
5.079 , -0.1100006
5.08 , -0.1100006
5.081 , -0.1100006
5.082 , -0.1399994
5.084 , -0.09999084
5.085 , -0.08999634
5.086 , -0.1600037
5.087 , -0.1300049
5.089 , -0.1200104
5.09 , -0.1200104
5.091 , -0.1200104
5.092 , -0.1100006
5.093 , -0.1399994
5.094 , -0.1100006
5.095 , -0.1000061
5.096 , -0.1000061
5.097 , -0.1300049
5.098 , -0.1300049
5.1 , -0.1199951
5.101 , -0.1599884
5.102 , -0.1100006
5.103 , -0.1499939
5.104 , -0.1499939
5.105 , -0.1399994
5.106 , -0.1399994
5.108 , -0.1399994
5.109 , -0.08999634
5.11 , -0.1299896
5.111 , -0.1299896
5.112 , -0.1199951
5.114 , -0.1199951
5.115 , -0.1199951
5.116 , -0.1300049
5.117 , -0.1300049
5.118 , -0.1100006
5.119 , -0.1199951
5.12 , -0.1199951
5.121 , -0.1199951
5.123 , -0.1100006
5.124 , -0.1399994
5.125 , -0.1399994
5.126 , -0.1000061
5.127 , -0.1300049
5.128 , -0.1000061
5.129 , -0.08999634
5.131 , -0.08999634
5.132 , -0.1100006
5.133 , -0.08000183
5.134 , -0.1100006
5.136 , -0.09999084
5.137 , -0.09999084
5.138 , -0.1399994
5.139 , -0.1600037
5.141 , -0.1300049
5.142 , -0.08000183
5.143 , -0.1200104
5.144 , -0.1500092
5.145 , -0.1500092
5.146 , -0.1399994
5.148 , -0.1399994
5.149 , -0.1699982
5.15 , -0.1699982
5.151 , -0.1300049
5.152 , -0.1200104
5.153 , -0.1200104
5.154 , -0.1600037
5.156 , -0.1100006
5.157 , -0.1499939
5.158 , -0.1499939
5.159 , -0.1399994
5.16 , -0.1000061
5.161 , -0.1600037
5.162 , -0.1300049
5.163 , -0.1500092
5.165 , -0.1300049
5.166 , -0.1399994
5.167 , -0.1399994
5.168 , -0.1399994
5.169 , -0.1800079
5.17 , -0.1300049
5.171 , -0.1300049
5.173 , -0.1700134
5.174 , -0.1200104
5.175 , -0.1700134
5.176 , -0.1600037
5.177 , -0.1600037
5.178 , -0.1100006
5.179 , -0.1500092
5.18 , -0.1500092
5.182 , -0.08999634
5.183 , -0.1899872
5.184 , -0.1399994
5.185 , -0.1899872
5.186 , -0.1799927
5.188 , -0.1799927
5.189 , -0.1900024
5.19 , -0.1699982
5.191 , -0.1699982
5.192 , -0.1699982
5.193 , -0.1599884
5.195 , -0.1799927
5.196 , -0.1699982
5.197 , -0.1499939
5.198 , -0.1699982
5.199 , -0.1399994
5.2 , -0.1600037
5.202 , -0.2000122
5.203 , -0.1499939
5.204 , -0.1900024
5.205 , -0.1900024
5.206 , -0.1399994
5.207 , -0.2100067
5.208 , -0.1800079
5.21 , -0.1700134
5.211 , -0.1300049
5.212 , -0.1700134
5.213 , -0.1900024
5.214 , -0.1600037
5.215 , -0.1199951
5.216 , -0.1100006
5.217 , -0.1500092
5.218 , -0.1500092
5.22 , -0.1399994
5.221 , -0.2099915
5.222 , -0.1699982
5.223 , -0.1600037
5.224 , -0.2299957
5.225 , -0.1999969
5.226 , -0.1900024
5.228 , -0.2200012
5.229 , -0.2099915
5.23 , -0.2099915
5.231 , -0.2099915
5.232 , -0.2099915
5.233 , -0.1999969
5.234 , -0.1999969
5.236 , -0.1900024
5.237 , -0.1200104
5.238 , -0.1900024
5.239 , -0.1999969
5.24 , -0.1999969
5.241 , -0.1999969
5.243 , -0.1699982
5.244 , -0.1900024
5.245 , -0.2299957
5.246 , -0.2200012
5.247 , -0.2200012
5.248 , -0.1800079
5.249 , -0.1699982
5.25 , -0.1699982
5.252 , -0.1699982
5.253 , -0.1600037
5.254 , -0.1600037
5.255 , -0.1600037
5.256 , -0.1500092
5.257 , -0.1500092
5.258 , -0.1500092
5.26 , -0.1799927
5.261 , -0.1799927
5.262 , -0.1799927
5.263 , -0.1999969
5.264 , -0.1999969
5.265 , -0.1999969
5.267 , -0.1899872
5.268 , -0.1899872
5.269 , -0.1799927
5.27 , -0.1799927
5.271 , -0.1799927
5.272 , -0.1799927
5.274 , -0.1699982
5.275 , -0.1699982
5.276 , -0.1999969
5.277 , -0.2299957
5.278 , -0.1999969
5.279 , -0.2299957
5.281 , -0.2200012
5.282 , -0.2200012
5.283 , -0.2100067
5.284 , -0.230011
5.285 , -0.230011
5.286 , -0.1999969
5.287 , -0.2200012
5.288 , -0.2599945
5.29 , -0.2100067
5.291 , -0.2100067
5.292 , -0.2100067
5.293 , -0.2000122
5.294 , -0.2400055
5.295 , -0.2000122
5.296 , -0.1900024
5.298 , -0.2299957
5.299 , -0.1900024
5.3 , -0.2200012
5.301 , -0.2200012
5.302 , -0.25
5.303 , -0.2099915
5.304 , -0.2399902
5.305 , -0.2099915
5.307 , -0.2299957
5.308 , -0.1999969
5.309 , -0.2299957
5.31 , -0.2600098
5.311 , -0.2200012
5.312 , -0.2200012
5.313 , -0.2099915
5.314 , -0.2099915
5.316 , -0.1999969
5.317 , -0.1999969
5.318 , -0.1999969
5.319 , -0.2400055
5.32 , -0.1900024
5.321 , -0.230011
5.323 , -0.2200012
5.324 , -0.2200012
5.325 , -0.2200012
5.326 , -0.2100067
5.327 , -0.1699982
5.328 , -0.2100067
5.329 , -0.2100067
5.33 , -0.2000122
5.332 , -0.2000122
5.333 , -0.1199951
5.334 , -0.1199951
5.335 , -0.1499939
5.336 , -0.1399994
5.337 , -0.1399994
5.338 , -0.2100067
5.339 , -0.1800079
5.341 , -0.1700134
5.342 , -0.1700134
5.343 , -0.1900024
5.344 , -0.1900024
5.345 , -0.1600037
5.346 , -0.1800079
5.347 , -0.1800079
5.348 , -0.1800079
5.35 , -0.1699982
5.351 , -0.1699982
5.352 , -0.1699982
5.361 , -0.1599884
5.362 , -0.1599884
5.363 , -0.1499939
5.365 , -0.1499939
5.366 , -0.1900024
5.367 , -0.1800079
5.368 , -0.1800079
5.369 , -0.1800079
5.37 , -0.1299896
5.372 , -0.1299896
5.373 , -0.1600037
5.374 , -0.1199951
5.375 , -0.1199951
5.376 , -0.1199951
5.377 , -0.1800079
5.378 , -0.1500092
5.379 , -0.1500092
5.381 , -0.1399994
5.382 , -0.1399994
5.383 , -0.1300049
5.384 , -0.1300049
5.385 , -0.1300049
5.386 , -0.1300049
5.387 , -0.1199951
5.389 , -0.1199951
5.39 , -0.1100006
5.391 , -0.1100006
5.392 , -0.1100006
5.393 , -0.1000061
5.394 , -0.1000061
5.395 , -0.1300049
5.396 , -0.1000061
5.398 , -0.1199951
5.399 , -0.1199951
5.4 , -0.1499939
5.401 , -0.1499939
5.402 , -0.1100006
5.403 , -0.1399994
5.404 , -0.1000061
5.405 , -0.1699982
5.407 , -0.1599884
5.408 , -0.1599884
5.409 , -0.1299896
5.41 , -0.1199951
5.411 , -0.1499939
5.412 , -0.1199951
5.414 , -0.1100006
5.415 , -0.1100006
5.416 , -0.1100006
5.417 , -0.09999084
5.418 , -0.09999084
5.42 , -0.1199951
5.421 , -0.1199951
5.422 , -0.1199951
5.423 , -0.1100006
5.424 , -0.1500092
5.425 , -0.1500092
5.426 , -0.1500092
5.427 , -0.1399994
5.429 , -0.1399994
5.43 , -0.08999634
5.431 , -0.1300049
5.432 , -0.1600037
5.433 , -0.1499939
5.435 , -0.1699982
5.436 , -0.1499939
5.437 , -0.1399994
5.438 , -0.1399994
5.439 , -0.1399994
5.44 , -0.1300049
5.442 , -0.1300049
5.443 , -0.1399994
5.444 , -0.1199951
5.445 , -0.1799927
5.446 , -0.1399994
5.447 , -0.1999969
5.449 , -0.1699982
5.45 , -0.1600037
5.451 , -0.1600037
5.452 , -0.1000061
5.453 , -0.1900024
5.454 , -0.1100006
5.455 , -0.1100006
5.456 , -0.1499939
5.458 , -0.1399994
5.459 , -0.1000061
5.46 , -0.07000732
5.461 , -0.1600037
5.462 , -0.1600037
5.463 , -0.1300049
5.464 , -0.1199951
5.466 , -0.1499939
5.467 , -0.1399994
5.468 , -0.1399994
5.469 , -0.2100067
5.47 , -0.1999969
5.472 , -0.1299896
5.473 , -0.09999084
5.474 , -0.1199951
5.475 , -0.1199951
5.476 , -0.1199951
5.478 , -0.1500092
5.479 , -0.1100006
5.48 , -0.1399994
5.481 , -0.1699982
5.482 , -0.1899872
5.483 , -0.1899872
5.484 , -0.1799927
5.486 , -0.1799927
5.487 , -0.2799988
5.488 , -0.2100067
5.489 , -0.2100067
5.49 , -0.1599884
5.491 , -0.1599884
5.493 , -0.1599884
5.494 , -0.1499939
5.495 , -0.1900024
5.496 , -0.1900024
5.497 , -0.1399994
5.498 , -0.1399994
5.5 , -0.2399902
5.501 , -0.1299896
5.502 , -0.1699982
5.503 , -0.269989
5.504 , -0.2299957
5.505 , -0.2299957
5.507 , -0.25
5.508 , -0.25
5.509 , -0.25
5.51 , -0.2099915
5.511 , -0.2099915
5.512 , -0.2099915
5.513 , -0.2399902
5.514 , -0.2299957
5.516 , -0.1999969
5.517 , -0.1899872
5.518 , -0.1899872
5.519 , -0.219986
5.52 , -0.2099915
5.521 , -0.2099915
5.523 , -0.2299957
5.524 , -0.2200012
5.525 , -0.2200012
5.526 , -0.2200012
5.527 , -0.2099915
5.528 , -0.2099915
5.529 , -0.25
5.531 , -0.1999969
5.532 , -0.2400055
5.533 , -0.2400055
5.534 , -0.1900024
5.535 , -0.1900024
5.536 , -0.230011
5.537 , -0.2200012
5.539 , -0.1799927
5.54 , -0.2200012
5.541 , -0.2100067
5.542 , -0.1699982
5.543 , -0.2100067
5.544 , -0.230011
5.545 , -0.230011
5.547 , -0.1900024
5.548 , -0.2200012
5.549 , -0.2200012
5.55 , -0.2200012
5.551 , -0.1800079
5.552 , -0.2100067
5.553 , -0.2100067
5.554 , -0.1699982
5.556 , -0.1999969
5.557 , -0.2299957
5.558 , -0.1600037
5.559 , -0.1900024
5.56 , -0.1900024
5.561 , -0.1800079
5.562 , -0.1800079
5.564 , -0.2099915
5.565 , -0.2099915
5.566 , -0.2099915
5.567 , -0.2299957
5.568 , -0.1999969
5.569 , -0.2299957
5.571 , -0.2600098
5.572 , -0.1900024
5.573 , -0.1900024
5.574 , -0.1799927
5.575 , -0.1399994
5.576 , -0.2099915
5.577 , -0.1699982
5.579 , -0.1999969
5.58 , -0.1999969
5.581 , -0.1900024
5.582 , -0.1900024
5.583 , -0.1900024
5.584 , -0.2200012
5.585 , -0.1799927
5.587 , -0.1699982
5.588 , -0.1699982
5.589 , -0.1699982
5.59 , -0.1699982
5.591 , -0.1600037
5.592 , -0.1600037
5.594 , -0.1499939
5.595 , -0.1499939
5.596 , -0.1499939
5.597 , -0.1399994
5.598 , -0.1399994
5.599 , -0.1800079
5.601 , -0.1699982
5.602 , -0.1699982
5.603 , -0.1699982
5.604 , -0.1799927
5.605 , -0.1799927
5.606 , -0.1600037
5.608 , -0.1500092
5.609 , -0.1699982
5.61 , -0.1699982
5.611 , -0.1899872
5.612 , -0.1599884
5.613 , -0.1599884
5.614 , -0.1499939
5.616 , -0.1499939
5.617 , -0.1399994
5.618 , -0.1399994
5.619 , -0.1699982
5.62 , -0.1399994
5.621 , -0.1299896
5.623 , -0.1299896
5.624 , -0.1499939
5.625 , -0.1499939
5.626 , -0.1900024
5.627 , -0.1499939
5.628 , -0.1399994
5.63 , -0.1800079
5.631 , -0.1299896
5.632 , -0.1299896
5.633 , -0.1699982
5.634 , -0.1199951
5.635 , -0.1600037
5.636 , -0.1600037
5.638 , -0.1499939
5.639 , -0.1499939
5.64 , -0.1499939
5.641 , -0.1699982
5.642 , -0.1399994
5.643 , -0.1699982
5.645 , -0.1600037
5.646 , -0.1600037
5.647 , -0.1600037
5.648 , -0.1199951
5.649 , -0.1499939
5.65 , -0.1499939
5.652 , -0.1399994
5.653 , -0.1399994
5.654 , -0.1300049
5.655 , -0.1300049
5.656 , -0.1699982
5.657 , -0.1699982
5.659 , -0.1599884
5.66 , -0.1199951
5.661 , -0.1499939
5.662 , -0.1499939
5.663 , -0.1499939
5.664 , -0.1399994
5.666 , -0.1399994
5.667 , -0.1399994
5.668 , -0.1499939
5.669 , -0.1499939
5.67 , -0.1499939
5.671 , -0.1199951
5.672 , -0.1399994
5.674 , -0.1100006
5.675 , -0.1300049
5.676 , -0.1100006
5.677 , -0.1300049
5.678 , -0.1499939
5.679 , -0.1199951
5.681 , -0.1100006
5.682 , -0.1399994
5.683 , -0.1399994
5.684 , -0.1299896
5.685 , -0.1299896
5.686 , -0.1299896
5.687 , -0.1699982
5.689 , -0.1900024
5.69 , -0.1900024
5.691 , -0.1800079
5.692 , -0.1500092
5.693 , -0.1500092
5.694 , -0.1399994
5.696 , -0.1399994
5.697 , -0.2099915
5.698 , -0.1600037
5.699 , -0.1600037
5.7 , -0.1999969
5.701 , -0.1500092
5.703 , -0.1500092
5.704 , -0.1900024
5.705 , -0.1799927
5.706 , -0.1799927
5.707 , -0.1999969
5.708 , -0.1300049
5.709 , -0.1699982
5.711 , -0.1600037
5.712 , -0.1600037
5.713 , -0.1200104
5.714 , -0.1800079
5.715 , -0.1499939
5.716 , -0.1499939
5.717 , -0.1499939
5.719 , -0.1399994
5.72 , -0.1600037
5.721 , -0.1499939
5.722 , -0.1499939
5.723 , -0.1499939
5.724 , -0.1999969
5.726 , -0.1399994
5.727 , -0.1900024
5.728 , -0.1300049
5.729 , -0.1300049
5.73 , -0.1300049
5.731 , -0.1199951
5.732 , -0.1199951
5.733 , -0.1199951
5.735 , -0.1100006
5.736 , -0.1600037
5.737 , -0.1600037
5.738 , -0.1500092
5.739 , -0.1500092
5.74 , -0.1500092
5.741 , -0.1599884
5.743 , -0.1599884
5.744 , -0.1399994
5.745 , -0.1499939
5.746 , -0.1800079
5.747 , -0.1499939
5.748 , -0.1399994
5.75 , -0.1700134
5.751 , -0.1600037
5.752 , -0.1600037
5.753 , -0.1299896
5.754 , -0.1600037
5.755 , -0.1199951
5.756 , -0.1500092
5.757 , -0.1199951
5.759 , -0.1400146
5.76 , -0.1400146
5.761 , -0.1699982
5.762 , -0.1699982
5.763 , -0.1699982
5.764 , -0.1300049
5.766 , -0.1200104
5.767 , -0.1600037
5.768 , -0.1499939
5.769 , -0.1499939
5.77 , -0.1799927
5.771 , -0.1000061
5.772 , -0.1399994
5.774 , -0.1399994
5.775 , -0.1600037
5.776 , -0.1300049
5.777 , -0.1600037
5.778 , -0.08000183
5.78 , -0.1499939
5.781 , -0.1100006
5.782 , -0.1399994
5.783 , -0.1399994
5.784 , -0.1399994
5.785 , -0.1300049
5.787 , -0.1300049
5.788 , -0.1599884
5.789 , -0.1199951
5.79 , -0.1599884
5.791 , -0.1199951
5.792 , -0.1100006
5.793 , -0.08000183
5.795 , -0.07000732
5.796 , -0.1000061
5.797 , -0.07000732
5.799 , -0.08999634
5.8 , -0.1299896
5.801 , -0.1299896
5.802 , -0.1199951
5.803 , -0.08000183
5.805 , -0.1099854
5.806 , -0.06999207
5.807 , -0.1299896
5.808 , -0.1199951
5.81 , -0.1199951
5.811 , -0.09999084
5.812 , -0.08999634
5.813 , -0.08999634
5.815 , -0.07998657
5.816 , -0.09999084
5.818 , -0.06999207
5.819 , -0.06999207
5.82 , -0.08999634
5.822 , -0.08000183
5.823 , -0.1100006
5.824 , -0.1100006
5.825 , -0.09999084
5.827 , -0.09999084
5.828 , -0.08999634
5.829 , -0.08999634
5.831 , -0.08999634
5.832 , -0.08000183
5.834 , -0.08000183
5.835 , -0.06999207
5.836 , -0.06999207
5.838 , -0.1000061
5.839 , -0.02999878
5.84 , -0.1000061
5.841 , -0.05999756
5.842 , -0.0900116
5.844 , -0.0900116
5.845 , -0.1100006
5.846 , -0.1100006
5.847 , -0.1100006
5.849 , -0.1000061
5.85 , -0.1000061
5.851 , -0.1000061
5.852 , -0.1299896
5.853 , -0.05999756
5.854 , -0.08999634
5.856 , -0.08000183
5.857 , -0.05000305
5.858 , -0.04000854
5.86 , -0.04000854
5.861 , -0.07000732
5.862 , -0.05999756
5.864 , -0.09999084
5.865 , -0.08999634
5.867 , -0.08999634
5.868 , -0.04000854
5.869 , -0.08000183
5.871 , -0.08000183
5.872 , -0.02999878
5.873 , -0.06999207
5.875 , -0.05999756
5.876 , -0.05999756
5.878 , -0.08000183
5.879 , -0.05000305
5.88 , -0.05000305
5.882 , -0.03999329
5.883 , -0.08999634
5.884 , -0.1299896
5.886 , -0.08000183
5.887 , -0.1199951
5.888 , -0.05000305
5.889 , -0.1099854
5.89 , -0.06999207
5.892 , -0.09999084
5.893 , -0.05999756
5.895 , -0.08999634
5.896 , -0.05000305
5.897 , -0.08999634
5.899 , -0.1100006
5.9 , -0.1100006
5.901 , -0.1100006
5.902 , -0.1000061
5.903 , -0.1000061
5.904 , -0.1000061
5.905 , -0.05999756
5.907 , -0.1300049
5.908 , -0.1300049
5.909 , -0.08000183
5.91 , -0.04998779
5.912 , -0.1100006
5.913 , -0.07000732
5.914 , -0.07000732
5.916 , -0.06001282
5.917 , -0.06001282
5.918 , -0.06001282
5.92 , -0.05000305
5.921 , -0.08999634
5.922 , -0.08000183
5.924 , -0.04000854
5.925 , -0.07000732
5.926 , -0.0900116
5.928 , -0.0900116
5.929 , -0.1300049
5.93 , -0.08000183
5.931 , -0.1300049
5.933 , -0.07000732
5.934 , -0.05000305
5.935 , -0.1100006
5.936 , -0.03999329
5.938 , -0.1100006
5.939 , -0.05000305
5.94 , -0.05000305
5.941 , -0.05000305
5.943 , -0.0900116
5.944 , -0.0900116
5.946 , -0.09999084
5.947 , -0.08000183
5.948 , -0.09999084
5.95 , -0.07000732
5.951 , -0.07000732
5.952 , -0.06001282
5.954 , -0.08000183
5.955 , -0.05000305
5.956 , -0.06999207
5.958 , -0.09999084
5.959 , -0.05999756
5.96 , -0.05999756
5.962 , -0.03001404
5.963 , -0.08000183
5.964 , -0.08000183
5.966 , -0.06999207
5.967 , -0.06999207
5.968 , -0.06999207
5.97 , -0.05999756
5.971 , -0.05999756
5.973 , -0.08999634
5.974 , -0.08999634
5.975 , -0.04998779
5.977 , -0.08000183
5.978 , -0.08000183
5.979 , -0.07000732
5.981 , -0.07000732
5.982 , -0.05999756
5.983 , -0.05999756
5.985 , -0.1299896
5.986 , -0.06999207
5.987 , -0.06999207
5.989 , -0.05999756
5.99 , -0.05999756
5.992 , -0.04998779
5.993 , -0.02999878
5.994 , -0.04998779
5.996 , -0.08999634
5.997 , -0.08999634
5.999 , -0.08000183
6.0 , -0.1000061
6.001 , -0.1000061
6.002 , -0.08999634
6.003 , -0.08999634
6.005 , -0.08999634
6.006 , -0.08000183
6.007 , -0.1100006
6.009 , -0.1000061
6.01 , -0.07000732
6.011 , -0.1000061
6.012 , -0.08999634
6.013 , -0.08999634
6.015 , -0.08999634
6.016 , -0.08000183
6.017 , -0.05000305
6.019 , -0.06999207
6.02 , -0.03999329
6.021 , -0.06999207
6.023 , -0.05999756
6.024 , -0.1000061
6.025 , -0.1000061
6.026 , -0.05000305
6.028 , -0.0900116
6.029 , -0.09999084
6.03 , -0.08000183
6.032 , -0.07000732
6.033 , -0.07000732
6.034 , -0.08999634
6.036 , -0.02000427
6.037 , -0.08000183
6.038 , -0.08000183
6.04 , -0.05000305
6.041 , -0.05000305
6.042 , -0.05999756
6.044 , -0.05999756
6.045 , -0.05999756
6.047 , -0.05000305
6.048 , -0.1000061
6.049 , -0.08999634
6.05 , -0.08999634
6.052 , -0.08999634
6.053 , -0.02999878
6.054 , -0.02999878
6.056 , -0.01998901
6.057 , -0.06999207
6.067 , -0.05999756
6.068 , -0.05999756
6.069 , -0.02999878
6.071 , -0.1000061
6.072 , -0.05000305
6.073 , -0.04000854
6.075 , -0.0900116
6.076 , -0.08000183
6.077 , -0.08000183
6.079 , -0.02000427
6.08 , -0.08999634
6.081 , -0.08999634
6.083 , -0.06001282
6.084 , -0.08000183
6.085 , -0.08000183
6.087 , -0.06999207
6.088 , -0.08999634
6.089 , -0.08000183
6.091 , -0.08000183
6.092 , -0.05999756
6.093 , -0.05000305
6.095 , -0.03001404
6.096 , -0.03999329
6.097 , -0.03999329
6.099 , -0.02999878
6.1 , -0.01000977
6.102 , -0.02999878
6.103 , -0.01998901
6.104 , -0.03999329
6.106 , -0.009994507
6.107 , -0.02999878
6.108 , -0.009994507
6.11 , 0.0
6.111 , -0.02000427
6.112 , -0.02000427
6.114 , -0.009994507
6.115 , -0.009994507
6.117 , 0.0
6.118 , 0.0
6.119 , 0.02999878
6.12 , -0.04000854
6.121 , 0.009994507
6.123 , 0.02000427
6.124 , 0.02000427
6.125 , -0.02999878
6.127 , -0.02000427
6.128 , -0.04000854
6.129 , -0.04000854
6.131 , -0.03001404
6.132 , -0.01000977
6.133 , 0.0
6.135 , 0.0
6.136 , 0.009994507
6.137 , 0.009994507
6.138 , -0.01000977
6.14 , -0.04998779
6.141 , 0.0
6.142 , 0.0
6.143 , -0.03999329
6.145 , 0.009994507
6.146 , -0.02999878
6.148 , -0.02999878
6.149 , -0.02999878
6.15 , -0.01998901
6.152 , 0.02999878
6.153 , 0.03999329
6.154 , 0.05999756
6.156 , 0.04998779
6.157 , 0.04998779
6.158 , 0.0
6.16 , 0.08000183
6.161 , 0.01000977
6.162 , 0.01000977
6.164 , 0.02000427
6.165 , 0.0
6.166 , 0.02999878
6.167 , 0.02999878
6.169 , 0.009994507
6.17 , 0.04000854
6.172 , 0.04000854
6.173 , 0.05000305
6.174 , 0.02999878
6.176 , 0.05999756
6.177 , 0.03999329
6.178 , 0.03999329
6.18 , 0.05000305
6.181 , 0.02000427
6.182 , -0.02000427
6.184 , 0.02999878
6.185 , 0.02999878
6.186 , 0.04000854
6.188 , 0.04000854
6.189 , 0.0
6.19 , 0.009994507
6.191 , 0.05000305
6.193 , 0.01998901
6.194 , 0.05999756
6.196 , 0.02999878
6.197 , 0.02999878
6.198 , 0.02999878
6.2 , 0.03999329
6.201 , 0.03999329
6.202 , 0.03999329
6.204 , 0.08999634
6.205 , 0.04998779
6.207 , 0.05999756
6.208 , 0.05999756
6.209 , 0.04000854
6.211 , 0.1100006
6.212 , 0.05000305
6.213 , 0.07998657
6.214 , 0.07998657
6.216 , 0.05999756
6.217 , 0.07000732
6.218 , 0.08999634
6.22 , 0.08000183
6.221 , 0.02999878
6.222 , 0.02999878
6.224 , 0.0900116
6.225 , 0.0900116
6.226 , 0.0900116
6.228 , 0.05000305
6.229 , 0.1000061
6.23 , 0.05999756
6.231 , 0.05999756
6.233 , 0.07000732
6.234 , 0.07000732
6.235 , 0.07000732
6.237 , 0.05999756
6.238 , 0.05999756
6.24 , 0.08999634
6.241 , 0.06999207
6.242 , 0.06999207
6.244 , 0.05000305
6.245 , 0.08000183
6.246 , 0.05000305
6.248 , 0.08999634
6.249 , 0.05999756
6.25 , 0.06999207
6.252 , 0.06999207
6.253 , 0.08000183
6.254 , 0.1100006
6.256 , 0.08000183
6.257 , 0.08999634
6.258 , 0.02999878
6.26 , -0.01000977
6.261 , -0.01000977
6.262 , -0.01000977
6.263 , 0.05000305
6.265 , 0.05000305
6.266 , 0.05000305
6.267 , 0.009994507
6.269 , 0.05999756
6.27 , 0.02000427
6.271 , 0.02000427
6.273 , 0.02999878
6.274 , 0.08000183
6.276 , 0.02999878
6.277 , 0.08999634
6.278 , 0.03999329
6.28 , 0.05000305
6.281 , 0.02999878
6.282 , 0.05000305
6.284 , -0.009994507
6.285 , 0.03999329
6.287 , 0.0
6.288 , 0.06999207
6.289 , 0.04998779
6.29 , 0.08000183
6.292 , 0.01000977
6.293 , 0.06999207
6.294 , 0.06999207
6.296 , 0.02000427
6.297 , 0.02999878
6.298 , 0.02999878
6.3 , 0.04000854
6.301 , 0.02000427
6.302 , 0.04000854
6.304 , 0.02999878
6.305 , 0.009994507
6.306 , 0.009994507
6.308 , 0.02000427
6.309 , 0.02000427
6.31 , -0.02000427
6.312 , 0.05000305
6.313 , 0.02999878
6.314 , 0.03999329
6.316 , -0.01000977
6.317 , 0.0
6.318 , 0.05000305
6.32 , 0.009994507
6.321 , -0.009994507
6.322 , -0.05999756
6.324 , 0.0
6.325 , 0.0
6.326 , 0.0
6.327 , 0.01000977
6.328 , 0.01000977
6.33 , 0.02000427
6.331 , 0.03999329
6.332 , 0.03999329
6.334 , 0.04998779
6.335 , 0.02999878
6.336 , -0.02000427
6.338 , 0.04000854
6.339 , 0.04000854
6.34 , 0.05000305
6.342 , -0.02000427
6.343 , 0.0
6.344 , 0.009994507
6.346 , 0.009994507
6.347 , 0.0
6.348 , 0.0
6.349 , 0.0
6.35 , 0.009994507
6.352 , 0.009994507
6.353 , 0.02999878
6.355 , 0.04000854
6.356 , 0.02000427
6.357 , 0.02999878
6.359 , 0.05000305
6.36 , 0.03999329
6.361 , 0.03999329
6.363 , 0.03999329
6.364 , 0.02999878
6.365 , 0.05000305
6.367 , 0.03999329
6.368 , 0.03999329
6.37 , 0.06999207
6.371 , 0.06999207
6.372 , 0.04998779
6.374 , 0.08000183
6.375 , 0.08000183
6.376 , 0.08000183
6.378 , 0.06999207
6.379 , 0.06999207
6.38 , 0.07998657
6.382 , 0.07998657
6.383 , 0.07998657
6.384 , 0.08999634
6.386 , 0.02000427
6.387 , 0.09999084
6.388 , 0.05000305
6.39 , 0.02999878
6.391 , 0.06001282
6.393 , 0.1100006
6.394 , 0.07000732
6.395 , 0.07000732
6.396 , 0.05000305
6.398 , 0.1299896
6.399 , 0.08000183
6.4 , 0.08000183
6.401 , 0.0900116
6.403 , 0.07000732
6.404 , 0.08000183
6.405 , 0.08000183
6.407 , 0.03999329
6.408 , 0.03999329
6.409 , 0.08999634
6.411 , 0.1200104
6.412 , 0.1000061
6.413 , 0.1000061
6.414 , 0.1300049
6.415 , 0.1100006
6.416 , 0.05999756
6.418 , 0.1399994
6.419 , 0.1199951
6.42 , 0.1199951
6.421 , 0.08000183
6.422 , 0.1300049
6.424 , 0.08999634
6.425 , 0.06999207
6.426 , 0.06999207
6.428 , 0.09999084
6.429 , 0.07998657
6.43 , 0.09999084
6.432 , 0.1100006
6.433 , 0.1100006
6.434 , 0.1199951
6.435 , 0.09999084
6.436 , 0.1199951
6.438 , 0.1100006
6.439 , 0.1300049
6.44 , 0.1300049
6.441 , 0.1000061
6.442 , 0.1199951
6.443 , 0.1199951
6.444 , 0.1299896
6.446 , 0.1100006
6.447 , 0.1399994
6.448 , 0.1200104
6.449 , 0.1200104
6.45 , 0.1200104
6.451 , 0.1499939
6.452 , 0.08000183
6.454 , 0.1599884
6.455 , 0.1399994
6.456 , 0.1399994
6.457 , 0.1000061
6.458 , 0.1000061
6.459 , 0.08000183
6.461 , 0.1600037
6.462 , 0.08999634
6.463 , 0.03999329
6.465 , 0.09999084
6.466 , 0.04998779
6.467 , 0.05999756
6.469 , 0.05999756
6.47 , 0.1100006
6.471 , 0.05000305
6.472 , 0.06999207
6.474 , 0.08000183
6.475 , 0.1300049
6.476 , 0.08000183
6.478 , 0.08999634
6.479 , 0.08999634
6.48 , 0.08999634
6.482 , 0.08000183
6.483 , 0.08000183
6.484 , 0.1100006
6.485 , 0.0900116
6.487 , 0.04000854
6.488 , 0.1000061
6.489 , 0.1000061
6.49 , 0.1000061
6.492 , 0.05999756
6.493 , 0.1100006
6.494 , 0.1200104
6.495 , 0.1200104
6.496 , 0.07000732
6.498 , 0.1300049
6.499 , 0.08000183
6.5 , 0.05999756
6.501 , 0.08999634
6.503 , 0.06999207
6.504 , 0.1000061
6.505 , 0.08000183
6.507 , 0.1000061
6.508 , 0.1100006
6.509 , 0.08999634
6.51 , 0.1100006
6.511 , 0.09999084
6.513 , 0.07998657
6.514 , 0.04000854
6.515 , 0.04000854
6.517 , 0.08999634
6.518 , 0.09999084
6.519 , 0.05000305
6.521 , 0.04000854
6.522 , 0.04000854
6.523 , 0.06001282
6.525 , 0.05000305
6.526 , 0.05000305
6.527 , 0.05000305
6.529 , 0.05999756
6.53 , 0.009994507
6.531 , 0.07000732
6.533 , 0.07000732
6.534 , 0.02999878
6.535 , 0.08000183
6.537 , 0.1000061
6.538 , 0.08999634
6.539 , 0.03999329
6.54 , 0.08999634
6.542 , 0.02999878
6.543 , 0.05000305
6.545 , 0.03999329
6.546 , 0.03999329
6.547 , 0.03999329
6.549 , 0.04998779
6.55 , 0.04998779
6.551 , 0.08000183
6.553 , 0.05999756
6.554 , 0.05999756
6.555 , 0.08999634
6.557 , 0.06999207
6.558 , 0.08000183
6.559 , 0.08000183
6.561 , 0.07000732
6.562 , 0.08999634
6.564 , 0.07000732
6.565 , 0.09999084
6.566 , 0.08000183
6.567 , 0.08000183
6.569 , 0.0900116
6.57 , 0.0900116
6.572 , 0.1000061
6.573 , 0.1000061
6.574 , 0.05000305
6.575 , 0.05999756
6.576 , 0.1100006
6.578 , 0.07000732
6.579 , 0.1200104
6.58 , 0.07000732
6.581 , 0.08000183
6.583 , 0.08000183
6.584 , 0.08000183
6.585 , 0.08999634
6.587 , 0.06999207
6.588 , 0.02999878
6.59 , 0.08000183
6.591 , 0.03999329
6.592 , 0.1100006
6.593 , 0.08999634
6.595 , 0.1199951
6.596 , 0.09999084
6.597 , 0.09999084
6.598 , 0.1100006
6.6 , 0.1100006
6.601 , 0.1199951
6.602 , 0.1199951
6.603 , 0.06999207
6.604 , 0.06999207
6.606 , 0.08000183
6.607 , 0.08000183
6.608 , 0.08999634
6.61 , 0.07000732
6.611 , 0.08000183
6.612 , 0.08000183
6.614 , 0.09999084
6.615 , 0.1100006
6.616 , 0.1600037
6.617 , 0.1800079
6.618 , 0.1699982
6.619 , 0.1699982
6.621 , 0.1100006
6.622 , 0.1100006
6.623 , 0.1100006
6.624 , 0.1999969
6.625 , 0.3000031
6.626 , 0.3700104
6.627 , 0.5100098
6.629 , 0.6799927
6.63 , 0.8199921
6.631 , 0.9399872
6.632 , 0.9399872
6.633 , 0.9899902
6.634 , 1.009995
6.635 , 1.040009
6.637 , 0.9499969
6.638 , 0.8899994
6.639 , 0.8000031
6.64 , 0.6199951
6.641 , 0.3899994
6.642 , 0.1000061
6.643 , -0.03999329
6.645 , -0.2299957
6.646 , -0.2799988
6.647 , -0.3000031
6.648 , -0.2700043
6.65 , -0.2200012
6.651 , -0.1800079
6.652 , -0.02999878
6.653 , 0.06001282
6.654 , 0.2200012
6.656 , 0.3500061
6.657 , 0.5099945
6.658 , 0.5399933
6.659 , 0.6100006
6.66 , 0.5599976
6.661 , 0.5399933
6.663 , 0.5500031
6.664 , 0.480011
6.665 , 0.4199982
6.666 , 0.3800049
6.667 , 0.3300018
6.668 , 0.3399963
6.669 , 0.269989
6.67 , 0.25
6.672 , 0.1900024
6.673 , 0.2100067
6.674 , 0.2600098
6.675 , 0.2700043
6.676 , 0.2700043
6.677 , 0.2899933
6.678 , 0.3499908
6.68 , 0.3499908
6.681 , 0.3699951
6.682 , 0.3800049
6.683 , 0.3600006
6.684 , 0.3600006
6.685 , 0.3899994
6.686 , 0.3699951
6.688 , 0.3300018
6.689 , 0.3300018
6.69 , 0.3100128
6.691 , 0.3100128
6.692 , 0.3200073
6.693 , 0.3200073
6.694 , 0.3200073
6.696 , 0.3300018
6.697 , 0.2799988
6.698 , 0.3400116
6.699 , 0.3400116
6.7 , 0.2900085
6.701 , 0.2700043
6.702 , 0.3000031
6.703 , 0.3000031
6.705 , 0.3099976
6.706 , 0.3099976
6.707 , 0.3099976
6.708 , 0.3200073
6.709 , 0.3000031
6.71 , 0.3200073
6.711 , 0.3000031
6.712 , 0.3099976
6.714 , 0.3099976
6.715 , 0.3199921
6.716 , 0.3199921
6.717 , 0.2999878
6.718 , 0.3099976
6.719 , 0.3099976
6.721 , 0.3099976
6.722 , 0.3199921
6.723 , 0.2700043
6.724 , 0.2700043
6.725 , 0.3300018
6.726 , 0.3300018
6.727 , 0.280014
6.728 , 0.280014
6.73 , 0.2900085
6.731 , 0.2900085
6.732 , 0.3000031
6.733 , 0.3000031
6.734 , 0.3000031
6.735 , 0.3100128
6.736 , 0.3100128
6.737 , 0.3100128
6.738 , 0.3100128
6.74 , 0.3200073
6.741 , 0.3200073
6.742 , 0.3099976
6.743 , 0.3099976
6.744 , 0.2599945
6.745 , 0.3200073
6.746 , 0.2700043
6.748 , 0.2700043
6.749 , 0.2799988
6.75 , 0.2799988
6.751 , 0.3300018
6.752 , 0.2899933
6.753 , 0.269989
6.755 , 0.3000031
6.756 , 0.3500061
6.757 , 0.2799988
6.758 , 0.2799988
6.759 , 0.3099976
6.76 , 0.2899933
6.761 , 0.2899933
6.763 , 0.2999878
6.764 , 0.2999878
6.765 , 0.2900085
6.766 , 0.3099976
6.767 , 0.2900085
6.768 , 0.2900085
6.77 , 0.3199921
6.771 , 0.25
6.772 , 0.2600098
6.773 , 0.2600098
6.774 , 0.3100128
6.775 , 0.2700043
6.776 , 0.2700043
6.778 , 0.2700043
6.779 , 0.2599945
6.78 , 0.2599945
6.781 , 0.3300018
6.782 , 0.2900085
6.783 , 0.2700043
6.784 , 0.2700043
6.786 , 0.2299957
6.787 , 0.2799988
6.788 , 0.2299957
6.789 , 0.2399902
6.79 , 0.2399902
6.791 , 0.2899933
6.793 , 0.25
6.794 , 0.25
6.795 , 0.2599945
6.804 , 0.2600098
6.805 , 0.25
6.806 , 0.2700043
6.807 , 0.25
6.808 , 0.2700043
6.809 , 0.2600098
6.811 , 0.280014
6.812 , 0.2700043
6.813 , 0.2700043
6.814 , 0.2900085
6.815 , 0.2700043
6.816 , 0.2799988
6.817 , 0.2799988
6.819 , 0.3100128
6.82 , 0.2400055
6.821 , 0.2400055
6.822 , 0.25
6.823 , 0.3000031
6.824 , 0.3000031
6.825 , 0.2299957
6.826 , 0.2599945
6.828 , 0.3099976
6.829 , 0.25
6.83 , 0.25
6.831 , 0.2700043
6.832 , 0.2799988
6.833 , 0.2599945
6.834 , 0.2799988
6.836 , 0.269989
6.837 , 0.269989
6.838 , 0.269989
6.839 , 0.2799988
6.84 , 0.2799988
6.841 , 0.230011
6.843 , 0.2899933
6.844 , 0.3099976
6.845 , 0.3099976
6.846 , 0.3199921
6.847 , 0.2999878
6.848 , 0.2999878
6.85 , 0.2600098
6.851 , 0.2600098
6.852 , 0.1999969
6.853 , 0.1999969
6.854 , 0.1999969
6.855 , 0.1600037
6.856 , 0.1700134
6.858 , 0.1900024
6.859 , 0.1999969
6.86 , 0.2200012
6.861 , 0.1999969
6.862 , 0.1900024
6.863 , 0.2099915
6.864 , 0.2099915
6.866 , 0.2200012
6.867 , 0.2400055
6.868 , 0.2900085
6.869 , 0.25
6.87 , 0.3000031
6.871 , 0.25
6.872 , 0.2599945
6.873 , 0.2200012
6.874 , 0.2599945
6.876 , 0.25
6.877 , 0.230011
6.878 , 0.25
6.879 , 0.2400055
6.88 , 0.2400055
6.881 , 0.2400055
6.882 , 0.1999969
6.884 , 0.1799927
6.885 , 0.1799927
6.886 , 0.1900024
6.887 , 0.2100067
6.888 , 0.2100067
6.889 , 0.2200012
6.89 , 0.2700043
6.892 , 0.230011
6.893 , 0.2100067
6.894 , 0.2100067
6.895 , 0.230011
6.896 , 0.2200012
6.897 , 0.2200012
6.898 , 0.2200012
6.899 , 0.2299957
6.901 , 0.25
6.902 , 0.2299957
6.903 , 0.1900024
6.904 , 0.1700134
6.905 , 0.1700134
6.906 , 0.1800079
6.907 , 0.1999969
6.909 , 0.1900024
6.91 , 0.2099915
6.911 , 0.2099915
6.912 , 0.1699982
6.913 , 0.1800079
6.914 , 0.1800079
6.915 , 0.1800079
6.917 , 0.2100067
6.918 , 0.2299957
6.919 , 0.2200012
6.92 , 0.2200012
6.921 , 0.1999969
6.922 , 0.1999969
6.923 , 0.1399994
6.925 , 0.1399994
6.926 , 0.2400055
6.927 , 0.2200012
6.928 , 0.2200012
6.929 , 0.2299957
6.93 , 0.25
6.931 , 0.2299957
6.932 , 0.1599884
6.934 , 0.1699982
6.935 , 0.1699982
6.936 , 0.1799927
6.937 , 0.25
6.938 , 0.1799927
6.939 , 0.2600098
6.941 , 0.1900024
6.942 , 0.1399994
6.943 , 0.1300049
6.944 , 0.1499939
6.945 , 0.1499939
6.946 , 0.2099915
6.948 , 0.2099915
6.949 , 0.2200012
6.95 , 0.1500092
6.951 , 0.2200012
6.952 , 0.2900085
6.953 , 0.2299957
6.954 , 0.1799927
6.956 , 0.1899872
6.957 , 0.1699982
6.958 , 0.09999084
6.959 , 0.1600037
6.96 , 0.1600037
6.962 , 0.1600037
6.963 , 0.1199951
6.964 , 0.1199951
6.965 , 0.1199951
6.966 , 0.1999969
6.967 , 0.1799927
6.968 , 0.1999969
6.97 , 0.1399994
6.971 , 0.1399994
6.972 , 0.1399994
6.973 , 0.1999969
6.974 , 0.1499939
6.975 , 0.1499939
6.977 , 0.1600037
6.978 , 0.1600037
6.979 , 0.2100067
6.98 , 0.1699982
6.981 , 0.1699982
6.982 , 0.1500092
6.984 , 0.1600037
6.985 , 0.1600037
6.986 , 0.1000061
6.987 , 0.1200104
6.988 , 0.1700134
6.989 , 0.1200104
6.99 , 0.1800079
6.991 , 0.1800079
6.993 , 0.1399994
6.994 , 0.1399994
6.995 , 0.1399994
6.996 , 0.2000122
6.997 , 0.1500092
6.998 , 0.1500092
6.999 , 0.08000183
7.001 , 0.08999634
7.002 , 0.06999207
7.004 , 0.09999084
7.005 , 0.07998657
7.006 , 0.08999634
7.008 , 0.1100006
7.009 , 0.1100006
7.01 , 0.1199951
7.011 , 0.1199951
7.012 , 0.09999084
7.013 , 0.1299896
7.015 , 0.1299896
7.016 , 0.1000061
7.017 , 0.1199951
7.018 , 0.1199951
7.019 , 0.1000061
7.02 , 0.1299896
7.021 , 0.1100006
7.022 , 0.1299896
7.023 , 0.1200104
7.025 , 0.1200104
7.026 , 0.08000183
7.027 , 0.1300049
7.028 , 0.08000183
7.029 , 0.1300049
7.031 , 0.1399994
7.032 , 0.06999207
7.033 , 0.1000061
7.034 , 0.1500092
7.035 , 0.1500092
7.036 , 0.1600037
7.038 , 0.1600037
7.039 , 0.1100006
7.04 , 0.09999084
7.041 , 0.04998779
7.043 , 0.05999756
7.044 , 0.04000854
7.045 , 0.05999756
7.047 , 0.06999207
7.048 , 0.06999207
7.049 , 0.1199951
7.051 , 0.1299896
7.052 , 0.1299896
7.053 , 0.08999634
7.054 , 0.08999634
7.055 , 0.08999634
7.057 , 0.08000183
7.058 , 0.08000183
7.059 , 0.09999084
7.061 , 0.1100006
7.062 , 0.1100006
7.063 , 0.1000061
7.064 , 0.08000183
7.065 , 0.1000061
7.067 , 0.1100006
7.068 , 0.1100006
7.069 , 0.03999329
7.07 , 0.05000305
7.071 , 0.05000305
7.073 , 0.05999756
7.074 , 0.05999756
7.076 , 0.1100006
7.077 , 0.1199951
7.078 , 0.1399994
7.079 , 0.1199951
7.08 , 0.1300049
7.081 , 0.1300049
7.082 , 0.08000183
7.084 , 0.06999207
7.085 , 0.06999207
7.086 , 0.02000427
7.088 , 0.02999878
7.089 , 0.07998657
7.09 , 0.04000854
7.092 , 0.04000854
7.093 , 0.09999084
7.094 , 0.09999084
7.096 , 0.09999084
7.097 , 0.03999329
7.099 , 0.03999329
7.1 , 0.05000305
7.101 , 0.05000305
7.103 , 0.02000427
7.104 , 0.02000427
7.105 , 0.05999756
7.106 , 0.05999756
7.108 , 0.07000732
7.109 , 0.07000732
7.111 , 0.08000183
7.112 , 0.04000854
7.113 , 0.01998901
7.115 , 0.01998901
7.116 , 0.01998901
7.117 , 0.06001282
7.118 , 0.06001282
7.12 , 0.03999329
7.121 , 0.07000732
7.122 , 0.07000732
7.124 , 0.08000183
7.125 , 0.02999878
7.126 , 0.02999878
7.128 , 0.04000854
7.129 , -0.02999878
7.131 , 0.05000305
7.132 , 0.05000305
7.133 , 0.05999756
7.135 , 0.07998657
7.136 , 0.07998657
7.137 , 0.08999634
7.139 , 0.08999634
7.14 , 0.08000183
7.141 , 0.08000183
7.143 , 0.04000854
7.144 , 0.04000854
7.145 , 0.04000854
7.147 , 0.05000305
7.148 , 0.05000305
7.149 , 0.02999878
7.151 , 0.05999756
7.152 , 0.05999756
7.153 , 0.0
7.154 , 0.05000305
7.156 , -0.01998901
7.157 , -0.02999878
7.158 , 0.05999756
7.16 , 0.02999878
7.161 , 0.0
7.162 , 0.0
7.163 , 0.02999878
7.165 , 0.08000183
7.166 , 0.01000977
7.167 , 0.05000305
7.169 , 0.02000427
7.17 , 0.02999878
7.171 , 0.02999878
7.173 , 0.05999756
7.174 , 0.07000732
7.176 , 0.04000854
7.177 , 0.08000183
7.178 , 0.05000305
7.18 , 0.03999329
7.181 , 0.03999329
7.182 , 0.03999329
7.184 , -0.03999329
7.185 , -0.02000427
7.186 , -0.02000427
7.188 , -0.02999878
7.189 , -0.01000977
7.19 , -0.01998901
7.192 , 0.07000732
7.193 , 0.07000732
7.194 , 0.08000183
7.196 , 0.08000183
7.197 , 0.01998901
7.198 , 0.01998901
7.2 , 0.01000977
7.201 , 0.01000977
7.202 , 0.01000977
7.204 , 0.02000427
7.205 , -0.02999878
7.206 , -0.02999878
7.208 , 0.02999878
7.209 , -0.02000427
7.21 , -0.009994507
7.212 , -0.02999878
7.213 , -0.02999878
7.215 , -0.02000427
7.216 , 0.0
7.217 , 0.009994507
7.218 , 0.009994507
7.22 , 0.0
7.221 , 0.0
7.222 , 0.02000427
7.223 , 0.02000427
7.225 , -0.01000977
7.226 , -0.01000977
7.227 , 0.0
7.228 , 0.0
7.229 , 0.0
7.23 , 0.009994507
7.232 , -0.03999329
7.233 , 0.009994507
7.235 , 0.01998901
7.236 , 0.01998901
7.237 , 0.02999878
7.239 , 0.02999878
7.24 , -0.01998901
7.242 , -0.009994507
7.243 , -0.009994507
7.244 , -0.02000427
7.246 , -0.02000427
7.247 , -0.009994507
7.249 , -0.009994507
7.25 , 0.01000977
7.251 , 0.0
7.252 , 0.02000427
7.254 , 0.02999878
7.255 , 0.02999878
7.256 , 0.009994507
7.258 , 0.02000427
7.259 , -0.02999878
7.261 , 0.02999878
7.262 , -0.02000427
7.263 , -0.02000427
7.265 , -0.03001404
7.266 , -0.03001404
7.267 , -0.06999207
7.269 , -0.06999207
7.27 , -0.08999634
7.271 , -0.05999756
7.273 , -0.01000977
7.274 , -0.04998779
7.275 , 0.0
7.277 , 0.009994507
7.278 , 0.02999878
7.279 , 0.02999878
7.281 , -0.02999878
7.282 , -0.02999878
7.284 , -0.01998901
7.285 , -0.01998901
7.286 , -0.1100006
7.288 , -0.02999878
7.289 , -0.1000061
7.29 , -0.02999878
7.291 , -0.04000854
7.293 , -0.02000427
7.294 , -0.08000183
7.295 , -0.08000183
7.297 , -0.02000427
7.298 , -0.08999634
7.299 , -0.07000732
7.301 , -0.06001282
7.302 , -0.06001282
7.303 , -0.06001282
7.305 , -0.05000305
7.306 , 0.0
7.307 , -0.05999756
7.309 , -0.05999756
7.31 , -0.1300049
7.311 , -0.09999084
7.312 , -0.1199951
7.314 , -0.1100006
7.315 , -0.03999329
7.316 , -0.08999634
7.317 , -0.08000183
7.319 , -0.1000061
7.32 , -0.08000183
7.321 , -0.01998901
7.322 , -0.01998901
7.324 , -0.009994507
7.325 , -0.009994507
7.327 , -0.009994507
7.328 , -0.07000732
7.329 , -0.05000305
7.331 , -0.05999756
7.332 , -0.05999756
7.334 , -0.02999878
7.335 , -0.07000732
7.336 , -0.07000732
7.338 , -0.1100006
7.339 , -0.1100006
7.34 , -0.1100006
7.341 , -0.09999084
7.342 , -0.09999084
7.344 , -0.1100006
7.345 , -0.08999634
7.346 , -0.1100006
7.347 , -0.1100006
7.348 , -0.08000183
7.35 , -0.1000061
7.351 , -0.08999634
7.352 , -0.08999634
7.353 , -0.08999634
7.355 , -0.08000183
7.356 , -0.08000183
7.357 , -0.08000183
7.359 , -0.06999207
7.36 , -0.06999207
7.361 , -0.1300049
7.363 , -0.05999756
7.364 , -0.05000305
7.365 , -0.05000305
7.367 , -0.05000305
7.368 , -0.01998901
7.369 , -0.08999634
7.371 , -0.02999878
7.372 , -0.02999878
7.373 , -0.009994507
7.375 , 0.06999207
7.376 , 0.2099915
7.377 , 0.2999878
7.379 , 0.4700012
7.38 , 0.6500092
7.381 , 0.7299957
7.382 , 0.8199921
7.383 , 0.8500061
7.384 , 0.8600006
7.385 , 0.8600006
7.387 , 0.8600006
7.388 , 0.8399963
7.389 , 0.7700043
7.39 , 0.6600037
7.391 , 0.5800018
7.392 , 0.4899902
7.393 , 0.3699951
7.394 , 0.2000122
7.396 , 0.04000854
7.397 , -0.09999084
7.398 , -0.1799927
7.4 , -0.2299957
7.401 , -0.2400055
7.402 , -0.1699982
7.403 , -0.1699982
7.404 , -0.1399994
7.405 , -0.06999207
7.407 , 0.07000732
7.408 , 0.1699982
7.409 , 0.2400055
7.41 , 0.3300018
7.412 , 0.3600006
7.413 , 0.3600006
7.414 , 0.4099884
7.415 , 0.4199982
7.416 , 0.3500061
7.417 , 0.3300018
7.418 , 0.2899933
7.419 , 0.2200012
7.421 , 0.2099915
7.422 , 0.1899872
7.423 , 0.1199951
7.424 , 0.1199951
7.425 , 0.08000183
7.426 , 0.08000183
7.428 , 0.08999634
7.429 , 0.08999634
7.431 , 0.1699982
7.432 , 0.1699982
7.433 , 0.1699982
7.434 , 0.1699982
7.435 , 0.2299957
7.436 , 0.1800079
7.438 , 0.1900024
7.439 , 0.2399902
7.44 , 0.1900024
7.441 , 0.2000122
7.442 , 0.1800079
7.443 , 0.1300049
7.444 , 0.2000122
7.445 , 0.1399994
7.447 , 0.1900024
7.448 , 0.1999969
7.449 , 0.1499939
7.45 , 0.1299896
7.451 , 0.1600037
7.452 , 0.1600037
7.453 , 0.2100067
7.455 , 0.2200012
7.456 , 0.1499939
7.457 , 0.1699982
7.458 , 0.1799927
7.459 , 0.1799927
7.46 , 0.2299957
7.462 , 0.1900024
7.463 , 0.1699982
7.464 , 0.1699982
7.465 , 0.1799927
7.466 , 0.1799927
7.467 , 0.1300049
7.468 , 0.1399994
7.47 , 0.1399994
7.471 , 0.1500092
7.472 , 0.1500092
7.473 , 0.1500092
7.474 , 0.1999969
7.475 , 0.2099915
7.477 , 0.1399994
7.478 , 0.1500092
7.479 , 0.1700134
7.48 , 0.1700134
7.481 , 0.1800079
7.482 , 0.1800079
7.483 , 0.1800079
7.484 , 0.1600037
7.485 , 0.1699982
7.487 , 0.1699982
7.488 , 0.1600037
7.489 , 0.1600037
7.49 , 0.1600037
7.491 , 0.1600037
7.492 , 0.1900024
7.494 , 0.1900024
7.495 , 0.1799927
7.496 , 0.1999969
7.497 , 0.1799927
7.498 , 0.1399994
7.499 , 0.1900024
7.5 , 0.1900024
7.502 , 0.1499939
7.503 , 0.1499939
7.504 , 0.1499939
7.505 , 0.1399994
7.506 , 0.1399994
7.507 , 0.1399994
7.509 , 0.1500092
7.51 , 0.1500092
7.511 , 0.1699982
7.52 , 0.1300049
7.521 , 0.1300049
7.522 , 0.1900024
7.523 , 0.1900024
7.525 , 0.1500092
7.526 , 0.1300049
7.527 , 0.1500092
7.528 , 0.1600037
7.529 , 0.1600037
7.53 , 0.1399994
7.531 , 0.1399994
7.533 , 0.1299896
7.534 , 0.1699982
7.535 , 0.1800079
7.536 , 0.1600037
7.537 , 0.1600037
7.538 , 0.1900024
7.539 , 0.1699982
7.541 , 0.1699982
7.542 , 0.1599884
7.543 , 0.1599884
7.544 , 0.1599884
7.545 , 0.1699982
7.546 , 0.1699982
7.547 , 0.1200104
7.549 , 0.1300049
7.55 , 0.1799927
7.551 , 0.1300049
7.552 , 0.2099915
7.553 , 0.1899872
7.554 , 0.1899872
7.555 , 0.1500092
7.557 , 0.1500092
7.558 , 0.1600037
7.559 , 0.1600037
7.56 , 0.1600037
7.561 , 0.1399994
7.562 , 0.1700134
7.563 , 0.1500092
7.564 , 0.1700134
7.566 , 0.1100006
7.567 , 0.1600037
7.568 , 0.1699982
7.569 , 0.1199951
7.57 , 0.1199951
7.571 , 0.1199951
7.573 , 0.1800079
7.574 , 0.1300049
7.575 , 0.1399994
7.576 , 0.1399994
7.577 , 0.1399994
7.578 , 0.1900024
7.579 , 0.1499939
7.581 , 0.1299896
7.582 , 0.1399994
7.583 , 0.1600037
7.584 , 0.1200104
7.585 , 0.05999756
7.587 , 0.05999756
7.588 , 0.009994507
7.589 , 0.08999634
7.591 , 0.01998901
7.592 , 0.1500092
7.593 , 0.1900024
7.594 , 0.2400055
7.596 , 0.2700043
7.597 , 0.2700043
7.598 , 0.25
7.599 , 0.2599945
7.6 , 0.2599945
7.601 , 0.2099915
7.603 , 0.1300049
7.604 , 0.1100006
7.605 , 0.06999207
7.606 , 0.06999207
7.607 , 0.05000305
7.609 , 0.01000977
7.61 , 0.01000977
7.611 , 0.01000977
7.613 , 0.02000427
7.614 , 0.08999634
7.615 , 0.09999084
7.617 , 0.1499939
7.618 , 0.1499939
7.619 , 0.1600037
7.62 , 0.1100006
7.621 , 0.1600037
7.622 , 0.1199951
7.624 , 0.1699982
7.625 , 0.1299896
7.626 , 0.1299896
7.627 , 0.1100006
7.628 , 0.03999329
7.63 , 0.07000732
7.631 , 0.07000732
7.632 , 0.05999756
7.633 , 0.08000183
7.635 , 0.08999634
7.636 , 0.04998779
7.638 , 0.08999634
7.639 , 0.08000183
7.64 , 0.1500092
7.641 , 0.1000061
7.643 , 0.1100006
7.644 , 0.1100006
7.645 , 0.08000183
7.646 , 0.1000061
7.647 , 0.08000183
7.649 , 0.1100006
7.65 , 0.1100006
7.651 , 0.1100006
7.652 , 0.1199951
7.653 , 0.05000305
7.654 , 0.009994507
7.656 , 0.06001282
7.657 , 0.02000427
7.658 , 0.06001282
7.66 , 0.07000732
7.661 , -0.02000427
7.662 , 0.03999329
7.664 , -0.01000977
7.665 , 0.08000183
7.666 , 0.0900116
7.668 , 0.05000305
7.669 , 0.05999756
7.67 , 0.009994507
7.672 , 0.01998901
7.673 , 0.06999207
7.675 , 0.06999207
7.676 , 0.08000183
7.677 , 0.01000977
7.678 , 0.02999878
7.68 , 0.0
7.681 , 0.0
7.682 , 0.009994507
7.684 , 0.02999878
7.685 , 0.009994507
7.686 , -0.02999878
7.688 , 0.02000427
7.689 , -0.04000854
7.69 , 0.05000305
7.692 , 0.04000854
7.693 , -0.009994507
7.695 , -0.009994507
7.696 , -0.02000427
7.697 , -0.02000427
7.699 , -0.01000977
7.7 , -0.01000977
7.701 , -0.05999756
7.703 , 0.02000427
7.704 , 0.02000427
7.705 , 0.02000427
7.707 , -0.03999329
7.708 , -0.03999329
7.709 , -0.02999878
7.711 , -0.02999878
7.712 , -0.01998901
7.714 , -0.03999329
7.715 , -0.01998901
7.716 , -0.009994507
7.718 , 0.03999329
7.719 , 0.0
7.72 , -0.02000427
7.722 , 0.01000977
7.723 , -0.02999878
7.724 , -0.009994507
7.726 , 0.0
7.727 , 0.0
7.728 , 0.0
7.729 , 0.01000977
7.73 , 0.01000977
7.732 , 0.0
7.733 , -0.06999207
7.734 , -0.06999207
7.735 , -0.06999207
7.737 , 0.009994507
7.738 , -0.04000854
7.74 , 0.02000427
7.741 , -0.02999878
7.742 , -0.02000427
7.744 , -0.02000427
7.745 , -0.03999329
7.746 , -0.02999878
7.748 , -0.02999878
7.749 , -0.01998901
7.75 , -0.06999207
7.752 , -0.06999207
7.753 , -0.05999756
7.755 , -0.05999756
7.756 , -0.1200104
7.757 , -0.07000732
7.758 , -0.1200104
7.76 , -0.05999756
7.761 , -0.1100006
7.762 , -0.1100006
7.763 , -0.1000061
7.764 , -0.05000305
7.766 , -0.0900116
7.767 , -0.1100006
7.768 , -0.1100006
7.769 , -0.08000183
7.77 , -0.09999084
7.772 , -0.08000183
7.773 , -0.07000732
7.775 , -0.07000732
7.776 , -0.07998657
7.777 , -0.07998657
7.779 , -0.06999207
7.78 , -0.08999634
7.781 , -0.08999634
7.783 , -0.1300049
7.784 , -0.1300049
7.785 , -0.08000183
7.787 , -0.06999207
7.788 , -0.06999207
7.789 , -0.05999756
7.791 , -0.05999756
7.792 , -0.1100006
7.793 , -0.1000061
7.794 , -0.1000061
7.795 , -0.1000061
7.796 , -0.08999634
7.798 , -0.08999634
7.799 , -0.08000183
7.801 , -0.02999878
7.802 , -0.08000183
7.803 , -0.0900116
7.805 , -0.1399994
7.806 , -0.1299896
7.807 , -0.1299896
7.808 , -0.1299896
7.809 , -0.1199951
7.81 , -0.1199951
7.812 , -0.1199951
7.813 , -0.1099854
7.814 , -0.1299896
7.815 , -0.05999756
7.816 , -0.05000305
7.818 , -0.09999084
7.819 , -0.04000854
7.82 , -0.08999634
7.822 , -0.08999634
7.823 , -0.07998657
7.825 , -0.09999084
7.826 , -0.08999634
7.827 , -0.1100006
7.828 , -0.08999634
7.83 , -0.1500092
7.831 , -0.1500092
7.832 , -0.1500092
7.833 , -0.08999634
7.835 , -0.08999634
7.836 , -0.08000183
7.837 , -0.08000183
7.839 , -0.1300049
7.84 , -0.1200104
7.841 , -0.07000732
7.842 , -0.1399994
7.843 , -0.1100006
7.845 , -0.05999756
7.846 , -0.1199951
7.847 , -0.1000061
7.848 , -0.1199951
7.849 , -0.1000061
7.85 , -0.1100006
7.852 , -0.1600037
7.853 , -0.08000183
7.854 , -0.09999084
7.855 , -0.09999084
7.857 , -0.08999634
7.858 , -0.07000732
7.86 , -0.07998657
7.861 , -0.07998657
7.862 , -0.07998657
7.864 , -0.06999207
7.865 , -0.06999207
7.866 , -0.1100006
7.868 , -0.1100006
7.869 , -0.1100006
7.87 , -0.09999084
7.871 , -0.09999084
7.873 , -0.08999634
7.874 , -0.03999329
7.875 , -0.08999634
7.877 , -0.1000061
7.878 , -0.1000061
7.879 , -0.1000061
7.88 , -0.1399994
7.881 , -0.08999634
7.882 , -0.08999634
7.884 , -0.1300049
7.885 , -0.1300049
7.886 , -0.07000732
7.887 , -0.1399994
7.889 , -0.1200104
7.89 , -0.1100006
7.891 , -0.1100006
7.892 , -0.1299896
7.893 , -0.1199951
7.894 , -0.1000061
7.896 , -0.08999634
7.897 , -0.1099854
7.898 , -0.08999634
7.9 , -0.08000183
7.901 , -0.09999084
7.902 , -0.09999084
7.904 , -0.08999634
7.905 , -0.07000732
7.906 , -0.07998657
7.908 , -0.07998657
7.909 , -0.07998657
7.91 , -0.08999634
7.912 , -0.05000305
7.913 , -0.05999756
7.914 , -0.08000183
7.916 , -0.05999756
7.917 , -0.04998779
7.919 , -0.06999207
7.92 , -0.05999756
7.921 , -0.1100006
7.922 , -0.03999329
7.924 , -0.05000305
7.925 , -0.1200104
7.926 , -0.1000061
7.927 , -0.1600037
7.928 , -0.1100006
7.93 , -0.1500092
7.931 , -0.1000061
7.932 , -0.1500092
7.933 , -0.0900116
7.934 , -0.07000732
7.936 , -0.0900116
7.937 , -0.08000183
7.938 , -0.1300049
7.939 , -0.08000183
7.941 , -0.07000732
7.942 , -0.07000732
7.943 , -0.05999756
7.945 , -0.1100006
7.946 , -0.1100006
7.947 , -0.1000061
7.948 , -0.1000061
7.949 , -0.1199951
7.95 , -0.1100006
7.952 , -0.1100006
7.953 , -0.09999084
7.954 , -0.09999084
7.955 , -0.1199951
7.957 , -0.1100006
7.958 , -0.07000732
7.959 , -0.08999634
7.96 , -0.08000183
7.962 , -0.1500092
7.963 , -0.08999634
7.964 , -0.1399994
7.966 , -0.1399994
7.967 , -0.1499939
7.968 , -0.08000183
7.969 , -0.1499939
7.97 , -0.07000732
7.972 , -0.07000732
7.973 , -0.1299896
7.974 , -0.05999756
7.976 , -0.1299896
7.977 , -0.1699982
7.978 , -0.1699982
7.979 , -0.1199951
7.98 , -0.1099854
7.982 , -0.1099854
7.983 , -0.09999084
7.984 , -0.1499939
7.985 , -0.1699982
7.986 , -0.09999084
7.988 , -0.1600037
7.989 , -0.1600037
7.99 , -0.1499939
7.991 , -0.1499939
7.993 , -0.1399994
7.994 , -0.1399994
7.995 , -0.1399994
7.996 , -0.1399994
7.997 , -0.1500092
7.999 , -0.1300049
8.0 , -0.1399994
8.001 , -0.1199951
8.002 , -0.1399994
8.003 , -0.1900024
8.004 , -0.1300049
8.005 , -0.1800079
8.006 , -0.1300049
8.008 , -0.2400055
8.009 , -0.1900024
8.01 , -0.1799927
8.011 , -0.1799927
8.012 , -0.1799927
8.013 , -0.1799927
8.014 , -0.1500092
8.016 , -0.1699982
8.017 , -0.1600037
8.018 , -0.1600037
8.019 , -0.2100067
8.02 , -0.1999969
8.021 , -0.1999969
8.023 , -0.2200012
8.024 , -0.2600098
8.025 , -0.2100067
8.026 , -0.1900024
8.027 , -0.25
8.028 , -0.25
8.029 , -0.25
8.03 , -0.2400055
8.031 , -0.1900024
8.033 , -0.1900024
8.034 , -0.1800079
8.035 , -0.1800079
8.036 , -0.1800079
8.037 , -0.1499939
8.038 , -0.1499939
8.039 , -0.1699982
8.041 , -0.2100067
8.042 , -0.1600037
8.043 , -0.2299957
8.044 , -0.2200012
8.045 , -0.2000122
8.046 , -0.2200012
8.047 , -0.1900024
8.048 , -0.2099915
8.05 , -0.2200012
8.051 , -0.1999969
8.052 , -0.2200012
8.053 , -0.2200012
8.054 , -0.1900024
8.055 , -0.2100067
8.056 , -0.1900024
8.057 , -0.1999969
8.059 , -0.25
8.06 , -0.2600098
8.061 , -0.2600098
8.062 , -0.2400055
8.063 , -0.2600098
8.064 , -0.2299957
8.065 , -0.2999878
8.066 , -0.25
8.068 , -0.2200012
8.069 , -0.2200012
8.07 , -0.1600037
8.071 , -0.1600037
8.072 , -0.1600037
8.073 , -0.1600037
8.074 , -0.1499939
8.076 , -0.1299896
8.077 , -0.1399994
8.078 , -0.1900024
8.079 , -0.1900024
8.08 , -0.1800079
8.081 , -0.2000122
8.082 , -0.2000122
8.083 , -0.2000122
8.085 , -0.2799988
8.086 , -0.2399902
8.087 , -0.2299957
8.088 , -0.2299957
8.089 , -0.2700043
8.09 , -0.1800079
8.091 , -0.2200012
8.093 , -0.1700134
8.094 , -0.2099915
8.095 , -0.2099915
8.096 , -0.2099915
8.097 , -0.1999969
8.098 , -0.2400055
8.1 , -0.1999969
8.101 , -0.1900024
8.102 , -0.230011
8.103 , -0.1900024
8.104 , -0.2200012
8.105 , -0.2200012
8.106 , -0.2200012
8.107 , -0.2100067
8.108 , -0.2600098
8.11 , -0.2600098
8.111 , -0.25
8.112 , -0.1999969
8.113 , -0.25
8.114 , -0.1900024
8.115 , -0.1000061
8.116 , -0.1499939
8.117 , -0.0900116
8.119 , -0.1399994
8.12 , -0.1800079
8.121 , -0.1699982
8.122 , -0.2200012
8.123 , -0.1699982
8.125 , -0.07000732
8.126 , 0.0
8.127 , 0.04998779
8.128 , 0.2399902
8.129 , 0.3499908
8.131 , 0.5
8.132 , 0.6600037
8.133 , 0.730011
8.134 , 0.8099976
8.135 , 0.8099976
8.136 , 0.8099976
8.138 , 0.769989
8.139 , 0.6999969
8.14 , 0.6299896
8.141 , 0.5500031
8.142 , 0.4799957
8.143 , 0.4400024
8.145 , 0.3999939
8.146 , 0.4499969
8.147 , 0.4600067
8.148 , 0.4100037
8.149 , 0.25
8.15 , 0.1600037
8.151 , 0.08000183
8.153 , 0.02999878
8.154 , -0.02999878
8.155 , 0.01998901
8.157 , -0.01998901
8.158 , -0.1100006
8.159 , -0.01998901
8.161 , -0.1000061
8.162 , -0.05000305
8.163 , 0.1300049
8.164 , 0.1599884
8.165 , 0.2099915
8.166 , 0.2299957
8.168 , 0.3099976
8.169 , 0.3099976
8.17 , 0.3099976
8.171 , 0.3699951
8.172 , 0.3199921
8.173 , 0.3199921
8.175 , 0.3099976
8.176 , 0.3099976
8.177 , 0.2599945
8.178 , 0.1999969
8.179 , 0.1999969
8.18 , 0.1800079
8.181 , 0.1699982
8.183 , 0.1699982
8.184 , 0.1299896
8.185 , 0.1799927
8.186 , 0.1799927
8.187 , 0.1299896
8.188 , 0.1399994
8.19 , 0.2100067
8.191 , 0.2200012
8.192 , 0.2200012
8.193 , 0.1999969
8.194 , 0.230011
8.195 , 0.230011
8.196 , 0.2100067
8.197 , 0.2100067
8.199 , 0.2400055
8.2 , 0.2200012
8.201 , 0.1799927
8.202 , 0.1799927
8.203 , 0.1799927
8.204 , 0.1699982
8.205 , 0.1900024
8.207 , 0.1699982
8.208 , 0.1799927
8.209 , 0.1799927
8.21 , 0.1999969
8.211 , 0.2099915
8.212 , 0.1899872
8.214 , 0.2200012
8.215 , 0.1999969
8.216 , 0.2200012
8.217 , 0.2200012
8.218 , 0.2099915
8.219 , 0.1600037
8.22 , 0.1600037
8.221 , 0.1699982
8.223 , 0.1299896
8.232 , 0.1100006
8.233 , 0.1600037
8.234 , 0.1699982
8.235 , 0.1699982
8.236 , 0.1699982
8.237 , 0.2100067
8.239 , 0.1799927
8.24 , 0.1299896
8.241 , 0.1399994
8.242 , 0.1399994
8.243 , 0.1399994
8.244 , 0.1499939
8.246 , 0.1499939
8.247 , 0.1300049
8.248 , 0.1399994
8.249 , 0.1399994
8.25 , 0.1599884
8.251 , 0.1699982
8.252 , 0.1500092
8.254 , 0.1600037
8.255 , 0.1600037
8.256 , 0.1600037
8.257 , 0.1600037
8.258 , 0.1699982
8.259 , 0.1699982
8.26 , 0.1199951
8.262 , 0.1300049
8.263 , 0.1800079
8.264 , 0.1800079
8.265 , 0.1199951
8.266 , 0.09999084
8.268 , 0.1299896
8.269 , 0.1299896
8.27 , 0.1099854
8.271 , 0.1399994
8.272 , 0.1399994
8.273 , 0.1199951
8.275 , 0.1299896
8.276 , 0.1499939
8.277 , 0.1299896
8.278 , 0.1399994
8.279 , 0.1399994
8.28 , 0.0900116
8.282 , 0.1499939
8.283 , 0.1000061
8.284 , 0.08000183
8.285 , 0.08999634
8.287 , 0.08999634
8.288 , 0.1200104
8.289 , 0.1200104
8.29 , 0.1200104
8.292 , 0.1100006
8.293 , 0.1100006
8.294 , 0.1100006
8.295 , 0.1199951
8.296 , 0.1199951
8.297 , 0.1199951
8.298 , 0.1500092
8.299 , 0.08000183
8.301 , 0.1399994
8.302 , 0.08999634
8.303 , 0.08999634
8.305 , 0.09999084
8.306 , 0.09999084
8.307 , 0.09999084
8.309 , 0.08999634
8.31 , 0.1100006
8.311 , 0.1199951
8.312 , 0.09999084
8.314 , 0.09999084
8.315 , 0.1300049
8.316 , 0.1300049
8.317 , 0.1100006
8.318 , 0.1199951
8.32 , 0.1399994
8.321 , 0.08000183
8.322 , 0.1299896
8.323 , 0.1299896
8.324 , 0.08000183
8.326 , 0.0900116
8.327 , 0.07000732
8.328 , 0.08000183
8.33 , 0.08000183
8.331 , 0.1100006
8.332 , 0.08999634
8.333 , 0.06999207
8.335 , 0.02999878
8.336 , 0.02999878
8.337 , 0.01000977
8.339 , 0.03999329
8.34 , 0.03999329
8.342 , 0.09999084
8.343 , 0.09999084
8.344 , 0.1399994
8.345 , 0.1999969
8.347 , 0.1999969
8.348 , 0.2099915
8.349 , 0.2099915
8.35 , 0.1399994
8.351 , 0.1199951
8.352 , 0.1299896
8.354 , 0.07998657
8.355 , 0.07000732
8.356 , 0.02000427
8.358 , 0.009994507
8.359 , -0.05999756
8.36 , -0.05999756
8.362 , 0.02000427
8.363 , 0.02000427
8.364 , 0.0
8.366 , 0.02999878
8.367 , 0.02999878
8.368 , 0.05999756
8.37 , 0.1100006
8.371 , 0.05999756
8.372 , 0.07000732
8.373 , 0.07000732
8.375 , 0.08000183
8.376 , 0.05999756
8.377 , 0.08000183
8.379 , 0.04998779
8.38 , 0.0
8.381 , -0.02000427
8.383 , 0.01000977
8.384 , 0.01000977
8.385 , 0.02000427
8.387 , 0.0
8.388 , 0.02999878
8.389 , 0.009994507
8.39 , 0.07998657
8.392 , 0.04000854
8.393 , -0.02999878
8.395 , -0.04000854
8.396 , -0.02000427
8.397 , 0.02999878
8.399 , -0.009994507
8.4 , -0.009994507
8.402 , 0.0
8.403 , -0.05999756
8.404 , -0.02000427
8.405 , 0.009994507
8.407 , -0.01000977
8.408 , 0.0
8.409 , 0.0
8.41 , -0.03999329
8.412 , 0.009994507
8.413 , 0.009994507
8.415 , 0.01998901
8.416 , -0.02000427
8.417 , -0.02000427
8.419 , -0.009994507
8.42 , -0.009994507
8.422 , -0.02999878
8.423 , -0.02999878
8.424 , -0.02999878
8.426 , -0.02000427
8.427 , -0.02000427
8.428 , -0.04000854
8.43 , -0.02999878
8.431 , -0.02999878
8.432 , -0.02000427
8.434 , 0.0
8.435 , -0.01000977
8.436 , -0.01000977
8.437 , -0.01000977
8.439 , -0.05000305
8.44 , 0.0
8.441 , 0.0
8.442 , 0.009994507
8.444 , -0.04000854
8.445 , -0.04998779
8.446 , -0.02999878
8.448 , -0.02999878
8.449 , 0.02999878
8.451 , -0.08000183
8.452 , -0.02999878
8.453 , -0.07000732
8.455 , -0.08999634
8.456 , -0.01998901
8.457 , -0.01998901
8.459 , -0.009994507
8.46 , -0.08000183
8.461 , -0.05000305
8.463 , -0.07000732
8.464 , -0.04000854
8.465 , -0.05999756
8.467 , -0.02999878
8.468 , -0.05999756
8.47 , -0.05000305
8.471 , -0.07000732
8.472 , -0.1100006
8.473 , -0.06001282
8.475 , -0.05000305
8.476 , -0.02999878
8.477 , -0.05000305
8.479 , -0.04000854
8.48 , -0.04000854
8.481 , -0.1100006
8.483 , -0.07998657
8.484 , -0.07998657
8.485 , -0.06999207
8.487 , -0.02000427
8.488 , -0.02000427
8.489 , -0.05999756
8.491 , -0.08000183
8.492 , -0.06999207
8.493 , -0.06999207
8.495 , -0.05999756
8.496 , -0.03999329
8.497 , -0.05999756
8.499 , -0.02999878
8.5 , -0.0900116
8.501 , -0.0900116
8.503 , -0.1100006
8.504 , -0.03999329
8.505 , -0.1000061
8.506 , -0.1000061
8.508 , -0.1000061
8.509 , -0.06001282
8.51 , -0.0900116
8.511 , -0.0900116
8.513 , -0.08000183
8.514 , -0.09999084
8.515 , -0.08000183
8.517 , -0.04000854
8.518 , -0.08999634
8.519 , -0.06001282
8.521 , -0.06001282
8.522 , -0.1199951
8.523 , -0.06999207
8.525 , -0.06999207
8.526 , -0.05999756
8.527 , -0.05999756
8.529 , -0.09999084
8.53 , -0.09999084
8.531 , -0.09999084
8.533 , -0.1100006
8.534 , -0.1100006
8.535 , -0.1499939
8.536 , -0.08000183
8.538 , -0.08000183
8.539 , -0.06999207
8.54 , -0.06999207
8.542 , -0.08000183
8.543 , -0.08000183
8.544 , -0.05999756
8.546 , -0.07000732
8.547 , -0.07000732
8.548 , -0.05000305
8.55 , -0.05999756
8.551 , -0.05999756
8.553 , -0.08999634
8.554 , -0.1199951
8.555 , -0.1199951
8.556 , -0.1100006
8.557 , -0.1100006
8.558 , -0.08000183
8.56 , -0.06999207
8.561 , -0.1399994
8.562 , -0.1300049
8.563 , -0.1300049
8.565 , -0.1600037
8.566 , -0.1199951
8.567 , -0.07998657
8.568 , -0.1199951
8.569 , -0.06999207
8.571 , -0.06999207
8.572 , -0.1000061
8.573 , -0.05999756
8.575 , -0.1500092
8.576 , -0.1399994
8.577 , -0.1199951
8.578 , -0.1199951
8.579 , -0.1799927
8.581 , -0.1300049
8.582 , -0.1200104
8.583 , -0.1699982
8.584 , -0.1699982
8.585 , -0.1900024
8.586 , -0.1599884
8.587 , -0.1599884
8.589 , -0.1699982
8.59 , -0.1499939
8.591 , -0.1499939
8.592 , -0.1399994
8.593 , -0.1399994
8.594 , -0.1399994
8.596 , -0.1499939
8.597 , -0.1499939
8.598 , -0.1299896
8.599 , -0.1399994
8.6 , -0.1399994
8.602 , -0.1800079
8.603 , -0.1300049
8.604 , -0.1300049
8.605 , -0.1700134
8.606 , -0.1600037
8.607 , -0.1199951
8.608 , -0.1600037
8.61 , -0.1100006
8.611 , -0.1500092
8.612 , -0.1800079
8.613 , -0.1699982
8.614 , -0.1699982
8.615 , -0.1699982
8.616 , -0.1600037
8.618 , -0.1600037
8.619 , -0.1699982
8.62 , -0.1699982
8.621 , -0.1699982
8.622 , -0.1699982
8.623 , -0.2099915
8.624 , -0.2099915
8.626 , -0.1499939
8.627 , -0.1499939
8.628 , -0.1499939
8.629 , -0.1399994
8.63 , -0.1399994
8.631 , -0.1900024
8.633 , -0.1299896
8.634 , -0.1799927
8.635 , -0.1799927
8.636 , -0.1699982
8.637 , -0.1199951
8.639 , -0.1800079
8.64 , -0.1800079
8.641 , -0.2200012
8.642 , -0.1800079
8.643 , -0.2099915
8.644 , -0.2099915
8.645 , -0.2099915
8.646 , -0.2299957
8.648 , -0.1999969
8.649 , -0.1499939
8.65 , -0.1899872
8.651 , -0.1499939
8.652 , -0.1899872
8.654 , -0.2099915
8.655 , -0.2099915
8.656 , -0.1699982
8.657 , -0.1999969
8.658 , -0.1999969
8.659 , -0.2299957
8.661 , -0.1899872
8.662 , -0.1899872
8.663 , -0.25
8.664 , -0.2200012
8.665 , -0.2200012
8.666 , -0.2400055
8.667 , -0.2400055
8.669 , -0.1599884
8.67 , -0.1999969
8.671 , -0.1599884
8.672 , -0.25
8.673 , -0.1499939
8.674 , -0.2200012
8.676 , -0.230011
8.677 , -0.2100067
8.678 , -0.1800079
8.679 , -0.1699982
8.68 , -0.1699982
8.681 , -0.1699982
8.683 , -0.1900024
8.684 , -0.1900024
8.685 , -0.1900024
8.686 , -0.1800079
8.687 , -0.1800079
8.688 , -0.1800079
8.689 , -0.1800079
8.691 , -0.1699982
8.692 , -0.1900024
8.693 , -0.1600037
8.694 , -0.2200012
8.695 , -0.2200012
8.696 , -0.2099915
8.697 , -0.2399902
8.699 , -0.1499939
8.7 , -0.1999969
8.701 , -0.2299957
8.702 , -0.2299957
8.703 , -0.2200012
8.704 , -0.2200012
8.706 , -0.2099915
8.707 , -0.1799927
8.708 , -0.2099915
8.709 , -0.2099915
8.71 , -0.1699982
8.711 , -0.1999969
8.712 , -0.1999969
8.714 , -0.1900024
8.715 , -0.230011
8.716 , -0.2200012
8.717 , -0.2200012
8.718 , -0.25
8.719 , -0.25
8.72 , -0.2400055
8.721 , -0.2100067
8.723 , -0.230011
8.724 , -0.230011
8.725 , -0.25
8.726 , -0.2399902
8.727 , -0.2200012
8.728 , -0.2399902
8.729 , -0.1900024
8.731 , -0.1399994
8.732 , -0.1800079
8.733 , -0.1999969
8.734 , -0.1699982
8.735 , -0.1999969
8.736 , -0.1900024
8.738 , -0.2099915
8.739 , -0.1900024
8.74 , -0.1800079
8.741 , -0.1800079
8.742 , -0.1999969
8.743 , -0.2299957
8.744 , -0.1899872
8.746 , -0.2200012
8.747 , -0.2200012
8.748 , -0.1799927
8.749 , -0.25
8.75 , -0.2100067
8.751 , -0.2100067
8.752 , -0.2100067
8.754 , -0.2299957
8.755 , -0.1999969
8.756 , -0.1900024
8.757 , -0.2200012
8.758 , -0.2599945
8.759 , -0.2200012
8.761 , -0.1800079
8.762 , -0.2100067
8.763 , -0.1999969
8.764 , -0.1999969
8.765 , -0.2399902
8.766 , -0.1900024
8.768 , -0.2299957
8.769 , -0.2299957
8.77 , -0.2200012
8.771 , -0.1800079
8.772 , -0.1800079
8.773 , -0.2099915
8.774 , -0.2099915
8.776 , -0.2399902
8.777 , -0.2299957
8.778 , -0.2299957
8.779 , -0.2299957
8.78 , -0.219986
8.782 , -0.2399902
8.783 , -0.2700043
8.784 , -0.2099915
8.785 , -0.2700043
8.786 , -0.3000031
8.787 , -0.2200012
8.789 , -0.2200012
8.79 , -0.25
8.791 , -0.1899872
8.792 , -0.2099915
8.793 , -0.2400055
8.794 , -0.2400055
8.795 , -0.2400055
8.797 , -0.2600098
8.798 , -0.2600098
8.799 , -0.2600098
8.8 , -0.2200012
8.801 , -0.2899933
8.802 , -0.2200012
8.803 , -0.2799988
8.805 , -0.2799988
8.806 , -0.3099976
8.807 , -0.3400116
8.808 , -0.3899994
8.809 , -0.3899994
8.81 , -0.3499908
8.812 , -0.3300018
8.813 , -0.3200073
8.814 , -0.3200073
8.815 , -0.2799988
8.816 , -0.2799988
8.817 , -0.269989
8.818 , -0.269989
8.82 , -0.1900024
8.821 , -0.2599945
8.822 , -0.2299957
8.823 , -0.2200012
8.824 , -0.2200012
8.825 , -0.2200012
8.826 , -0.2900085
8.828 , -0.2399902
8.829 , -0.2399902
8.83 , -0.2700043
8.831 , -0.2700043
8.832 , -0.2700043
8.833 , -0.2600098
8.834 , -0.2600098
8.835 , -0.2600098
8.837 , -0.269989
8.838 , -0.25
8.839 , -0.269989
8.84 , -0.2400055
8.841 , -0.2599945
8.842 , -0.2599945
8.843 , -0.25
8.845 , -0.25
8.846 , -0.25
8.847 , -0.2200012
8.848 , -0.2399902
8.849 , -0.2399902
8.85 , -0.2599945
8.851 , -0.2599945
8.853 , -0.2599945
8.854 , -0.25
8.855 , -0.2200012
8.856 , -0.25
8.857 , -0.2399902
8.858 , -0.2399902
8.859 , -0.2399902
8.861 , -0.2299957
8.862 , -0.2299957
8.863 , -0.2299957
8.864 , -0.1899872
8.865 , -0.1899872
8.866 , -0.1899872
8.868 , -0.1799927
8.869 , -0.2099915
8.87 , -0.2400055
8.871 , -0.1999969
8.872 , -0.1999969
8.874 , -0.1899872
8.875 , -0.1899872
8.876 , -0.06999207
8.877 , 0.05000305
8.879 , 0.2100067
8.88 , 0.3799896
8.881 , 0.4700012
8.882 , 0.6599884
8.883 , 0.6999969
8.884 , 0.730011
8.886 , 0.7799988
8.887 , 0.7899933
8.888 , 0.7200012
8.889 , 0.6799927
8.89 , 0.5699921
8.891 , 0.5299988
8.893 , 0.4599915
8.894 , 0.4400024
8.895 , 0.4400024
8.896 , 0.4400024
8.897 , 0.6100006
8.898 , 0.6799927
8.9 , 0.7600098
8.901 , 0.7600098
8.902 , 0.6900024
8.903 , 0.6000061
8.904 , 0.5
8.905 , 0.3399963
8.906 , 0.1800079
8.908 , 0.09999084
8.909 , 0.02999878
8.91 , -0.07998657
8.912 , -0.1199951
8.913 , -0.1899872
8.914 , -0.1100006
8.915 , -0.06999207
8.917 , -0.02999878
8.918 , 0.09999084
8.919 , 0.1900024
8.92 , 0.2700043
8.922 , 0.3400116
8.923 , 0.3600006
8.924 , 0.3699951
8.925 , 0.4400024
8.926 , 0.3999939
8.927 , 0.3799896
8.928 , 0.3799896
8.93 , 0.3700104
8.931 , 0.3000031
8.932 , 0.2600098
8.941 , 0.1699982
8.942 , 0.1999969
8.943 , 0.2400055
8.945 , 0.2099915
8.946 , 0.2099915
8.947 , 0.280014
8.948 , 0.2600098
8.949 , 0.2200012
8.95 , 0.2200012
8.951 , 0.2299957
8.953 , 0.2299957
8.954 , 0.2399902
8.955 , 0.2399902
8.956 , 0.2799988
8.957 , 0.25
8.958 , 0.25
8.959 , 0.2200012
8.961 , 0.2299957
8.962 , 0.1900024
8.963 , 0.2299957
8.964 , 0.1999969
8.965 , 0.1999969
8.966 , 0.1999969
8.968 , 0.2100067
8.969 , 0.2100067
8.97 , 0.2100067
8.971 , 0.2200012
8.972 , 0.2200012
8.973 , 0.1900024
8.974 , 0.269989
8.976 , 0.1999969
8.977 , 0.2400055
8.978 , 0.2400055
8.979 , 0.2400055
8.98 , 0.2400055
8.981 , 0.25
8.983 , 0.1799927
8.984 , 0.1900024
8.985 , 0.1900024
8.986 , 0.1900024
8.987 , 0.1999969
8.988 , 0.2400055
8.99 , 0.2400055
8.991 , 0.2099915
8.992 , 0.2099915
8.993 , 0.1900024
8.994 , 0.2200012
8.995 , 0.2200012
8.996 , 0.2000122
8.997 , 0.2299957
8.999 , 0.2299957
9.0 , 0.2100067
9.001 , 0.2200012
9.002 , 0.1900024
9.003 , 0.2200012
9.004 , 0.230011
9.005 , 0.2000122
9.006 , 0.230011
9.007 , 0.1699982
9.009 , 0.2400055
9.01 , 0.2100067
9.011 , 0.25
9.012 , 0.2200012
9.013 , 0.2200012
9.014 , 0.1900024
9.015 , 0.230011
9.016 , 0.1900024
9.018 , 0.2400055
9.019 , 0.1999969
9.02 , 0.2400055
9.021 , 0.25
9.022 , 0.2099915
9.023 , 0.2099915
9.024 , 0.2200012
9.025 , 0.1500092
9.027 , 0.1900024
9.028 , 0.1600037
9.029 , 0.2299957
9.03 , 0.1999969
9.031 , 0.2100067
9.032 , 0.2400055
9.033 , 0.1700134
9.034 , 0.2200012
9.036 , 0.2200012
9.037 , 0.2200012
9.038 , 0.2299957
9.039 , 0.1599884
9.04 , 0.1599884
9.041 , 0.1699982
9.042 , 0.1699982
9.044 , 0.1799927
9.045 , 0.1600037
9.046 , 0.1600037
9.047 , 0.1600037
9.048 , 0.1699982
9.049 , 0.1299896
9.051 , 0.1800079
9.052 , 0.1800079
9.053 , 0.1399994
9.054 , 0.2099915
9.055 , 0.1900024
9.056 , 0.1499939
9.057 , 0.1499939
9.058 , 0.1599884
9.06 , 0.1599884
9.061 , 0.2100067
9.062 , 0.1399994
9.063 , 0.1399994
9.064 , 0.1499939
9.065 , 0.1799927
9.067 , 0.1499939
9.068 , 0.1900024
9.069 , 0.1900024
9.07 , 0.1900024
9.071 , 0.1699982
9.072 , 0.1699982
9.074 , 0.1799927
9.075 , 0.2099915
9.076 , 0.1799927
9.077 , 0.1799927
9.078 , 0.1500092
9.079 , 0.1500092
9.08 , 0.1900024
9.082 , 0.1600037
9.083 , 0.1300049
9.084 , 0.1199951
9.085 , 0.08000183
9.086 , 0.009994507
9.088 , 0.02000427
9.089 , 0.02000427
9.09 , 0.05999756
9.092 , 0.1000061
9.093 , 0.1399994
9.094 , 0.1999969
9.095 , 0.2399902
9.096 , 0.2399902
9.097 , 0.269989
9.099 , 0.2100067
9.1 , 0.1800079
9.101 , 0.1900024
9.102 , 0.1300049
9.103 , 0.1699982
9.104 , 0.1099854
9.105 , 0.03999329
9.107 , -0.02000427
9.108 , -0.03999329
9.109 , -0.03999329
9.111 , 0.0
9.112 , 0.0
9.113 , 0.0
9.114 , 0.0
9.115 , 0.01000977
9.116 , 0.07000732
9.118 , 0.08000183
9.119 , 0.08000183
9.12 , 0.08000183
9.122 , 0.1599884
9.123 , 0.1199951
9.124 , 0.08999634
9.125 , 0.06001282
9.127 , 0.04000854
9.128 , 0.02000427
9.129 , 0.05000305
9.131 , 0.05999756
9.132 , -0.01000977
9.133 , -0.01000977
9.135 , 0.0
9.136 , 0.04000854
9.137 , 0.04000854
9.138 , 0.009994507
9.14 , 0.009994507
9.141 , 0.08999634
9.143 , 0.1100006
9.144 , 0.1100006
9.145 , 0.07000732
9.146 , 0.07000732
9.147 , 0.07000732
9.149 , 0.1100006
9.15 , 0.08000183
9.151 , 0.05000305
9.152 , 0.05000305
9.154 , 0.05000305
9.155 , 0.05999756
9.156 , 0.05999756
9.158 , 0.03999329
9.159 , 0.0
9.16 , 0.0
9.161 , 0.05000305
9.162 , 0.05000305
9.164 , 0.01000977
9.165 , 0.02000427
9.166 , 0.02000427
9.168 , 0.06999207
9.169 , 0.06999207
9.171 , 0.04000854
9.172 , 0.04000854
9.173 , 0.04000854
9.175 , 0.05000305
9.176 , 0.05000305
9.177 , 0.02999878
9.179 , -0.02999878
9.18 , 0.009994507
9.181 , 0.02000427
9.183 , 0.02000427
9.184 , -0.01998901
9.185 , -0.04000854
9.187 , 0.02999878
9.188 , 0.03999329
9.19 , 0.0
9.191 , -0.02000427
9.192 , -0.02000427
9.193 , 0.1000061
9.194 , 0.1000061
9.196 , 0.05999756
9.197 , 0.08999634
9.198 , 0.1000061
9.199 , 0.1000061
9.2 , 0.07000732
9.202 , 0.1100006
9.203 , 0.1100006
9.204 , 0.08000183
9.205 , 0.08999634
9.207 , 0.01998901
9.208 , 0.1000061
9.209 , 0.1000061
9.21 , 0.1300049
9.211 , 0.1000061
9.213 , 0.07000732
9.214 , 0.03999329
9.215 , 0.08000183
9.217 , 0.04998779
9.218 , 0.02000427
9.219 , 0.0900116
9.221 , 0.0900116
9.222 , 0.02999878
9.223 , 0.06999207
9.225 , 0.03999329
9.226 , 0.03999329
9.227 , 0.03999329
9.229 , 0.08999634
9.23 , 0.08999634
9.231 , 0.02999878
9.233 , 0.03999329
9.234 , 0.03999329
9.236 , 0.05000305
9.237 , 0.07000732
9.238 , 0.08000183
9.239 , 0.05999756
9.241 , 0.009994507
9.242 , -0.02999878
9.244 , 0.0
9.245 , 0.01000977
9.246 , 0.01000977
9.247 , -0.01998901
9.249 , -0.009994507
9.25 , -0.009994507
9.252 , 0.0
9.253 , 0.0
9.254 , 0.0
9.255 , 0.04000854
9.256 , 0.04000854
9.258 , 0.05000305
9.259 , -0.02000427
9.26 , -0.03999329
9.261 , -0.02000427
9.263 , -0.01000977
9.264 , -0.01000977
9.266 , 0.04000854
9.267 , 0.0
9.268 , -0.08000183
9.269 , -0.009994507
9.271 , -0.009994507
9.272 , 0.0
9.273 , 0.0
9.275 , 0.02999878
9.276 , 0.02999878
9.277 , -0.05999756
9.279 , -0.05000305
9.28 , -0.05000305
9.281 , -0.05000305
9.283 , 0.05000305
9.284 , 0.05000305
9.285 , -0.05999756
9.287 , -0.05999756
9.288 , -0.05999756
9.289 , -0.07000732
9.291 , -0.02000427
9.292 , -0.009994507
9.294 , -0.03999329
9.295 , -0.05000305
9.296 , -0.1000061
9.297 , -0.1000061
9.299 , -0.04000854
9.3 , -0.0900116
9.301 , -0.0900116
9.303 , -0.08000183
9.304 , -0.09999084
9.305 , -0.08999634
9.307 , -0.07000732
9.308 , -0.08999634
9.309 , -0.06001282
9.311 , -0.08000183
9.312 , -0.1100006
9.313 , -0.1100006
9.314 , -0.06999207
9.316 , -0.1000061
9.317 , -0.1000061
9.318 , -0.1000061
9.319 , -0.08999634
9.32 , -0.08999634
9.322 , -0.08000183
9.323 , -0.1100006
9.324 , -0.1100006
9.325 , -0.1000061
9.326 , -0.1000061
9.327 , -0.1000061
9.328 , -0.07000732
9.33 , -0.05999756
9.331 , -0.08999634
9.332 , -0.1000061
9.334 , -0.1499939
9.335 , -0.0900116
9.336 , -0.0900116
9.337 , -0.07000732
9.339 , -0.1299896
9.34 , -0.1299896
9.341 , -0.1299896
9.342 , -0.1199951
9.344 , -0.1399994
9.345 , -0.1100006
9.346 , -0.1300049
9.347 , -0.1300049
9.348 , -0.1100006
9.349 , -0.05000305
9.351 , -0.09999084
9.352 , -0.08999634
9.353 , -0.04000854
9.355 , -0.08000183
9.356 , -0.08000183
9.357 , -0.08000183
9.359 , -0.1300049
9.36 , -0.1300049
9.361 , -0.1300049
9.362 , -0.1500092
9.363 , -0.1200104
9.364 , -0.1500092
9.365 , -0.1200104
9.367 , -0.1100006
9.368 , -0.2099915
9.369 , -0.1699982
9.37 , -0.1300049
9.371 , -0.1699982
9.372 , -0.1900024
9.373 , -0.1200104
9.375 , -0.1600037
9.376 , -0.1100006
9.377 , -0.1799927
9.378 , -0.1100006
9.379 , -0.1699982
9.38 , -0.1399994
9.381 , -0.1399994
9.383 , -0.1300049
9.384 , -0.1600037
9.385 , -0.1600037
9.386 , -0.2099915
9.387 , -0.2099915
9.388 , -0.1699982
9.389 , -0.1600037
9.391 , -0.1399994
9.392 , -0.1900024
9.393 , -0.1500092
9.394 , -0.1500092
9.395 , -0.1900024
9.396 , -0.1799927
9.398 , -0.1799927
9.399 , -0.1300049
9.4 , -0.1300049
9.401 , -0.1300049
9.402 , -0.1599884
9.403 , -0.1599884
9.405 , -0.1899872
9.406 , -0.1499939
9.407 , -0.1799927
9.408 , -0.1799927
9.409 , -0.1399994
9.41 , -0.1399994
9.412 , -0.1299896
9.413 , -0.1999969
9.414 , -0.1299896
9.415 , -0.1599884
9.416 , -0.1499939
9.417 , -0.1900024
9.419 , -0.1100006
9.42 , -0.1399994
9.421 , -0.1399994
9.422 , -0.1699982
9.423 , -0.1999969
9.424 , -0.1699982
9.426 , -0.1900024
9.427 , -0.1199951
9.428 , -0.1900024
9.429 , -0.1500092
9.43 , -0.1800079
9.431 , -0.2000122
9.432 , -0.1900024
9.433 , -0.1399994
9.435 , -0.1900024
9.436 , -0.1600037
9.437 , -0.1600037
9.438 , -0.1600037
9.439 , -0.1700134
9.44 , -0.2100067
9.441 , -0.1700134
9.443 , -0.1999969
9.444 , -0.1999969
9.445 , -0.1600037
9.446 , -0.2200012
9.447 , -0.1900024
9.448 , -0.1900024
9.45 , -0.2099915
9.451 , -0.2099915
9.452 , -0.25
9.453 , -0.2400055
9.454 , -0.1699982
9.455 , -0.1999969
9.456 , -0.230011
9.458 , -0.230011
9.459 , -0.2200012
9.46 , -0.2200012
9.461 , -0.25
9.462 , -0.25
9.463 , -0.2400055
9.464 , -0.2400055
9.465 , -0.2400055
9.467 , -0.2000122
9.468 , -0.2900085
9.469 , -0.2799988
9.47 , -0.2200012
9.471 , -0.2399902
9.472 , -0.2399902
9.473 , -0.2100067
9.475 , -0.2100067
9.476 , -0.2000122
9.477 , -0.2200012
9.478 , -0.2200012
9.479 , -0.25
9.48 , -0.25
9.481 , -0.2099915
9.482 , -0.2099915
9.484 , -0.2400055
9.485 , -0.2700043
9.486 , -0.2999878
9.487 , -0.2599945
9.488 , -0.2599945
9.489 , -0.25
9.49 , -0.2200012
9.492 , -0.2200012
9.493 , -0.2400055
9.494 , -0.2400055
9.495 , -0.2799988
9.496 , -0.2999878
9.497 , -0.2299957
9.499 , -0.2200012
9.5 , -0.2599945
9.501 , -0.2200012
9.502 , -0.2599945
9.503 , -0.2799988
9.504 , -0.3200073
9.505 , -0.3200073
9.507 , -0.3099976
9.508 , -0.3099976
9.509 , -0.3000031
9.51 , -0.3000031
9.511 , -0.2599945
9.512 , -0.3000031
9.513 , -0.3400116
9.514 , -0.3100128
9.516 , -0.3000031
9.517 , -0.3000031
9.518 , -0.3000031
9.519 , -0.2700043
9.52 , -0.2900085
9.521 , -0.2900085
9.522 , -0.2900085
9.523 , -0.280014
9.525 , -0.280014
9.526 , -0.3000031
9.527 , -0.2700043
9.528 , -0.2700043
9.529 , -0.2600098
9.53 , -0.2600098
9.531 , -0.3300018
9.533 , -0.2799988
9.534 , -0.3199921
9.535 , -0.3199921
9.536 , -0.3099976
9.537 , -0.2700043
9.538 , -0.2700043
9.539 , -0.3399963
9.541 , -0.3000031
9.542 , -0.2600098
9.543 , -0.3600006
9.544 , -0.25
9.545 , -0.2899933
9.546 , -0.2799988
9.547 , -0.3099976
9.549 , -0.3099976
9.55 , -0.3400116
9.551 , -0.3000031
9.552 , -0.3400116
9.553 , -0.2899933
9.554 , -0.2599945
9.556 , -0.25
9.557 , -0.25
9.558 , -0.2799988
9.559 , -0.3699951
9.56 , -0.3600006
9.561 , -0.3600006
9.562 , -0.3600006
9.564 , -0.3499908
9.565 , -0.3000031
9.566 , -0.3200073
9.567 , -0.3200073
9.568 , -0.2900085
9.569 , -0.2900085
9.57 , -0.2799988
9.572 , -0.2399902
9.573 , -0.1600037
9.574 , -0.1999969
9.575 , -0.2299957
9.576 , -0.1900024
9.577 , -0.2200012
9.579 , -0.2600098
9.58 , -0.2099915
9.581 , -0.2799988
9.582 , -0.25
9.583 , -0.2700043
9.584 , -0.2899933
9.586 , -0.2799988
9.587 , -0.2799988
9.588 , -0.2600098
9.589 , -0.2600098
9.59 , -0.3099976
9.591 , -0.269989
9.593 , -0.2599945
9.594 , -0.2400055
9.595 , -0.2599945
9.596 , -0.25
9.597 , -0.25
9.598 , -0.2000122
9.599 , -0.25
9.601 , -0.2200012
9.602 , -0.2399902
9.603 , -0.3000031
9.604 , -0.2700043
9.605 , -0.2700043
9.606 , -0.2600098
9.607 , -0.2600098
9.608 , -0.2600098
9.61 , -0.25
9.611 , -0.25
9.612 , -0.25
9.613 , -0.1999969
9.614 , -0.1999969
9.615 , -0.1999969
9.616 , -0.1899872
9.618 , -0.1699982
9.619 , -0.1899872
9.62 , -0.2200012
9.621 , -0.2200012
9.622 , -0.2200012
9.623 , -0.2100067
9.624 , -0.1699982
9.626 , -0.08000183
9.627 , -0.03999329
9.628 , 0.0900116
9.63 , 0.2899933
9.631 , 0.4499969
9.64 , 0.5899963
9.641 , 0.5200043
9.642 , 0.4499969
9.643 , 0.4399872
9.645 , 0.3999939
9.646 , 0.4399872
9.647 , 0.5400085
9.648 , 0.6300049
9.649 , 0.7299957
9.65 , 0.9400024
9.652 , 1.029999
9.653 , 1.200012
9.654 , 1.320007
9.655 , 1.360001
9.656 , 1.25
9.657 , 1.150009
9.658 , 0.8899994
9.66 , 0.5399933
9.661 , 0.2899933
9.662 , 0.1299896
9.663 , 0.0
9.664 , -0.2299957
9.665 , -0.25
9.667 , -0.3800049
9.668 , -0.3399963
9.669 , -0.2400055
9.67 , -0.1699982
9.671 , -0.02999878
9.673 , 0.1399994
9.674 , 0.2600098
9.675 , 0.3899994
9.676 , 0.4600067
9.677 , 0.5399933
9.678 , 0.5599976
9.68 , 0.5999908
9.681 , 0.5699921
9.682 , 0.5099945
9.683 , 0.4900055
9.684 , 0.4199982
9.685 , 0.3600006
9.686 , 0.3300018
9.688 , 0.3000031
9.689 , 0.2299957
9.69 , 0.219986
9.691 , 0.219986
9.692 , 0.219986
9.693 , 0.2299957
9.695 , 0.25
9.696 , 0.2299957
9.697 , 0.2599945
9.698 , 0.3000031
9.699 , 0.3000031
9.7 , 0.3100128
9.701 , 0.3400116
9.703 , 0.3400116
9.704 , 0.3200073
9.705 , 0.3200073
9.706 , 0.3200073
9.707 , 0.3300018
9.708 , 0.269989
9.709 , 0.2399902
9.71 , 0.25
9.712 , 0.25
9.713 , 0.2100067
9.714 , 0.2599945
9.715 , 0.2599945
9.716 , 0.2200012
9.717 , 0.2299957
9.718 , 0.2299957
9.719 , 0.2299957
9.721 , 0.2799988
9.722 , 0.2400055
9.723 , 0.2400055
9.724 , 0.2899933
9.725 , 0.2899933
9.726 , 0.25
9.728 , 0.2599945
9.729 , 0.2599945
9.73 , 0.2700043
9.731 , 0.2400055
9.732 , 0.2400055
9.733 , 0.2400055
9.735 , 0.2799988
9.736 , 0.25
9.737 , 0.2200012
9.738 , 0.2600098
9.739 , 0.2200012
9.74 , 0.3000031
9.741 , 0.2299957
9.742 , 0.2700043
9.744 , 0.2399902
9.745 , 0.2399902
9.746 , 0.2399902
9.747 , 0.2900085
9.748 , 0.25
9.749 , 0.2200012
9.751 , 0.2599945
9.752 , 0.2599945
9.753 , 0.2299957
9.754 , 0.2399902
9.755 , 0.2399902
9.756 , 0.2399902
9.757 , 0.25
9.759 , 0.230011
9.76 , 0.2400055
9.761 , 0.2400055
9.762 , 0.1999969
9.763 , 0.2400055
9.764 , 0.25
9.765 , 0.2099915
9.767 , 0.1900024
9.768 , 0.2200012
9.769 , 0.1900024
9.77 , 0.2299957
9.771 , 0.2700043
9.772 , 0.1999969
9.773 , 0.1999969
9.775 , 0.2399902
9.776 , 0.2099915
9.777 , 0.2200012
9.778 , 0.2200012
9.779 , 0.2200012
9.78 , 0.2299957
9.781 , 0.2299957
9.783 , 0.1900024
9.784 , 0.2000122
9.785 , 0.2000122
9.786 , 0.1700134
9.787 , 0.1800079
9.788 , 0.2100067
9.789 , 0.2100067
9.791 , 0.1900024
9.792 , 0.1900024
9.793 , 0.2200012
9.794 , 0.230011
9.795 , 0.230011
9.796 , 0.230011
9.797 , 0.2100067
9.798 , 0.2100067
9.8 , 0.1699982
9.801 , 0.1799927
9.802 , 0.2200012
9.803 , 0.1799927
9.804 , 0.1900024
9.805 , 0.1699982
9.806 , 0.1699982
9.808 , 0.1999969
9.809 , 0.1799927
9.81 , 0.1799927
9.811 , 0.2099915
9.812 , 0.2099915
9.813 , 0.2099915
9.815 , 0.2200012
9.816 , 0.2200012
9.817 , 0.2700043
9.818 , 0.2299957
9.819 , 0.2099915
9.82 , 0.2099915
9.821 , 0.2200012
9.822 , 0.2200012
9.824 , 0.25
9.825 , 0.2299957
9.826 , 0.2299957
9.827 , 0.2399902
9.828 , 0.2399902
9.829 , 0.2399902
9.83 , 0.2099915
9.832 , 0.25
9.833 , 0.25
9.834 , 0.2599945
9.835 , 0.1900024
9.836 , 0.2599945
9.837 , 0.269989
9.838 , 0.1999969
9.84 , 0.1999969
9.841 , 0.25
9.842 , 0.25
9.843 , 0.2100067
9.844 , 0.2599945
9.845 , 0.2599945
9.846 , 0.2599945
9.847 , 0.269989
9.849 , 0.2299957
9.85 , 0.1999969
9.851 , 0.1200104
9.852 , 0.1500092
9.853 , 0.1699982
9.854 , 0.1300049
9.855 , 0.1300049
9.857 , 0.09999084
9.858 , 0.1399994
9.859 , 0.09999084
9.861 , 0.1100006
9.862 , 0.1500092
9.863 , 0.1800079
9.864 , 0.1900024
9.865 , 0.2099915
9.866 , 0.1900024
9.867 , 0.2000122
9.868 , 0.2000122
9.87 , 0.2000122
9.871 , 0.1800079
9.872 , 0.1800079
9.873 , 0.1800079
9.874 , 0.2200012
9.875 , 0.2200012
9.876 , 0.1499939
9.878 , 0.1600037
9.879 , 0.1600037
9.88 , 0.1600037
9.881 , 0.1699982
9.882 , 0.1399994
9.883 , 0.1399994
9.884 , 0.1799927
9.886 , 0.1799927
9.887 , 0.1799927
9.888 , 0.1600037
9.889 , 0.1600037
9.89 , 0.1900024
9.891 , 0.1699982
9.893 , 0.1300049
9.894 , 0.1199951
9.895 , 0.1399994
9.896 , 0.1399994
9.897 , 0.08999634
9.899 , 0.1000061
9.9 , 0.1000061
9.901 , 0.1100006
9.902 , 0.1100006
9.903 , 0.1399994
9.904 , 0.1200104
9.905 , 0.1200104
9.907 , 0.1200104
9.908 , 0.1300049
9.909 , 0.08999634
9.91 , 0.1600037
9.911 , 0.09999084
9.913 , 0.09999084
9.914 , 0.1500092
9.915 , 0.1100006
9.916 , 0.1500092
9.917 , 0.1100006
9.919 , 0.1199951
9.92 , 0.1199951
9.921 , 0.1299896
9.922 , 0.09999084
9.923 , 0.05999756
9.925 , 0.1100006
9.926 , 0.05000305
9.927 , 0.1100006
9.928 , 0.08000183
9.929 , 0.1199951
9.931 , 0.08999634
9.932 , 0.08999634
9.933 , 0.06999207
9.935 , 0.08000183
9.936 , 0.1000061
9.937 , 0.08000183
9.939 , 0.08999634
9.94 , 0.03999329
9.941 , 0.09999084
9.943 , 0.04998779
9.944 , 0.04000854
9.945 , 0.04000854
9.947 , 0.01000977
9.948 , 0.06999207
9.95 , 0.05000305
9.951 , 0.06001282
9.952 , 0.08000183
9.954 , 0.1399994
9.955 , 0.08999634
9.956 , 0.07000732
9.957 , 0.08999634
9.959 , 0.05000305
9.96 , 0.08000183
9.962 , 0.0900116
9.963 , 0.1100006
9.964 , 0.06001282
9.965 , 0.02999878
9.967 , 0.02999878
9.968 , 0.08000183
9.969 , 0.03999329
9.971 , 0.02999878
9.972 , 0.02999878
9.974 , 0.02999878
9.975 , 0.05999756
9.976 , 0.1000061
9.978 , 0.06999207
9.979 , 0.06999207
9.98 , 0.06999207
9.982 , 0.08000183
9.983 , 0.08000183
9.984 , 0.05999756
9.986 , 0.02000427
9.987 , -0.02999878
9.988 , 0.01000977
9.99 , 0.01000977
9.991 , 0.02000427
9.993 , 0.02000427
9.994 , -0.009994507
9.995 , 0.02999878
9.997 , 0.05000305
9.998 , 0.06001282
9.999 , 0.06001282
10.001 , 0.05000305
10.002 , 0.05000305
10.003 , 0.02000427
10.005 , 0.02999878
10.006 , 0.05999756
10.007 , 0.02999878
10.009 , 0.0
10.01 , 0.0
10.011 , -0.02000427
10.012 , 0.009994507
10.013 , 0.05000305
10.015 , 0.05999756
10.016 , 0.01998901
10.018 , 0.0
10.019 , 0.02999878
10.02 , 0.02999878
10.021 , 0.03999329
10.023 , 0.009994507
10.024 , 0.009994507
10.025 , -0.02000427
10.027 , 0.01998901
10.028 , -0.02999878
10.03 , -0.009994507
10.031 , -0.02000427
10.032 , -0.02000427
10.034 , 0.0
10.035 , -0.03999329
10.036 , 0.01000977
10.037 , -0.009994507
10.039 , -0.02999878
10.04 , 0.0
10.041 , 0.009994507
10.043 , 0.02999878
10.044 , -0.02000427
10.046 , -0.04998779
10.047 , -0.04998779
10.048 , -0.03999329
10.05 , -0.03999329
10.051 , -0.03999329
10.052 , -0.02999878
10.054 , -0.06001282
10.055 , -0.05000305
10.056 , -0.01998901
10.058 , -0.009994507
10.059 , -0.04000854
10.06 , -0.04000854
10.062 , -0.07000732
10.063 , -0.07000732
10.064 , -0.03001404
10.066 , -0.05999756
10.067 , -0.05999756
10.068 , -0.07000732
10.07 , -0.07000732
10.071 , -0.05000305
10.072 , -0.03999329
10.074 , -0.03999329
10.075 , -0.02999878
10.077 , -0.05000305
10.078 , -0.02000427
10.079 , -0.04000854
10.08 , -0.08999634
10.082 , -0.02999878
10.083 , -0.09999084
10.085 , -0.1199951
10.086 , -0.06999207
10.087 , -0.1199951
10.088 , -0.05999756
10.09 , -0.1100006
10.091 , -0.1100006
10.092 , -0.09999084
10.093 , -0.1399994
10.094 , -0.1399994
10.096 , -0.08999634
10.097 , -0.08999634
10.098 , -0.08000183
10.1 , -0.1200104
10.101 , -0.1200104
10.102 , -0.06999207
10.103 , -0.06999207
10.105 , -0.1000061
10.106 , -0.1699982
10.107 , -0.1199951
10.108 , -0.1600037
10.109 , -0.1100006
10.11 , -0.1100006
10.111 , -0.1600037
10.112 , -0.09999084
10.114 , -0.1499939
10.115 , -0.1399994
10.116 , -0.1399994
10.117 , -0.1600037
10.118 , -0.07998657
10.12 , -0.1299896
10.121 , -0.1299896
10.122 , -0.1399994
10.123 , -0.1399994
10.124 , -0.1399994
10.126 , -0.1600037
10.127 , -0.1600037
10.128 , -0.1499939
10.129 , -0.1499939
10.13 , -0.1499939
10.131 , -0.1499939
10.132 , -0.1399994
10.134 , -0.1799927
10.135 , -0.1300049
10.136 , -0.1699982
10.137 , -0.1300049
10.138 , -0.1300049
10.139 , -0.1599884
10.141 , -0.1599884
10.142 , -0.1499939
10.143 , -0.1699982
10.144 , -0.2200012
10.145 , -0.1600037
10.146 , -0.1600037
10.147 , -0.1600037
10.148 , -0.1399994
10.15 , -0.1499939
10.151 , -0.1999969
10.152 , -0.1399994
10.153 , -0.1900024
10.154 , -0.1399994
10.155 , -0.1299896
10.157 , -0.1299896
10.158 , -0.1999969
10.159 , -0.1699982
10.16 , -0.1900024
10.161 , -0.1699982
10.162 , -0.1800079
10.164 , -0.1600037
10.165 , -0.1699982
10.166 , -0.2200012
10.167 , -0.2200012
10.168 , -0.2200012
10.169 , -0.2100067
10.17 , -0.2100067
10.171 , -0.2100067
10.173 , -0.2000122
10.174 , -0.2000122
10.175 , -0.2099915
10.176 , -0.2099915
10.177 , -0.1900024
10.178 , -0.1900024
10.179 , -0.1800079
10.18 , -0.1999969
10.182 , -0.1900024
10.183 , -0.2400055
10.184 , -0.1900024
10.185 , -0.1799927
10.186 , -0.2299957
10.187 , -0.269989
10.188 , -0.269989
10.19 , -0.2599945
10.191 , -0.2200012
10.192 , -0.25
10.193 , -0.25
10.194 , -0.2100067
10.195 , -0.2399902
10.196 , -0.2700043
10.198 , -0.2399902
10.199 , -0.2299957
10.2 , -0.2299957
10.201 , -0.2600098
10.202 , -0.219986
10.203 , -0.25
10.204 , -0.25
10.205 , -0.2400055
10.207 , -0.2400055
10.208 , -0.2400055
10.209 , -0.2700043
10.21 , -0.230011
10.211 , -0.2700043
10.212 , -0.2799988
10.213 , -0.2599945
10.214 , -0.2599945
10.216 , -0.2100067
10.217 , -0.25
10.218 , -0.25
10.219 , -0.2400055
10.22 , -0.2400055
10.221 , -0.2600098
10.222 , -0.2299957
10.223 , -0.2299957
10.225 , -0.2299957
10.226 , -0.2200012
10.227 , -0.2400055
10.228 , -0.2700043
10.229 , -0.2100067
10.23 , -0.230011
10.231 , -0.230011
10.232 , -0.25
10.233 , -0.25
10.235 , -0.25
10.236 , -0.2400055
10.237 , -0.2100067
10.238 , -0.2400055
10.239 , -0.269989
10.24 , -0.2299957
10.241 , -0.269989
10.243 , -0.2599945
10.244 , -0.2599945
10.245 , -0.2599945
10.246 , -0.2799988
10.247 , -0.2100067
10.248 , -0.25
10.249 , -0.269989
10.25 , -0.269989
10.252 , -0.2299957
10.253 , -0.2599945
10.254 , -0.2599945
10.255 , -0.2599945
10.256 , -0.2900085
10.257 , -0.2900085
10.258 , -0.25
10.26 , -0.2799988
10.261 , -0.2399902
10.262 , -0.2700043
10.263 , -0.2700043
10.264 , -0.2700043
10.265 , -0.3000031
10.266 , -0.2900085
10.267 , -0.2900085
10.269 , -0.25
10.27 , -0.2799988
10.271 , -0.3000031
10.272 , -0.2700043
10.273 , -0.2900085
10.274 , -0.2900085
10.275 , -0.2900085
10.277 , -0.280014
10.278 , -0.2600098
10.279 , -0.3399963
10.28 , -0.3099976
10.281 , -0.2700043
10.282 , -0.2600098
10.283 , -0.3000031
10.285 , -0.3300018
10.286 , -0.3199921
10.287 , -0.3600006
10.288 , -0.3199921
10.289 , -0.3500061
10.29 , -0.3099976
10.291 , -0.3500061
10.293 , -0.3400116
10.294 , -0.3400116
10.295 , -0.3700104
10.296 , -0.3600006
10.297 , -0.3300018
10.298 , -0.3600006
10.299 , -0.3200073
10.3 , -0.3500061
10.301 , -0.3500061
10.303 , -0.3100128
10.304 , -0.3400116
10.305 , -0.3100128
10.306 , -0.3300018
10.307 , -0.3699951
10.308 , -0.3899994
10.309 , -0.4100037
10.31 , -0.4499969
10.312 , -0.4499969
10.313 , -0.3700104
10.314 , -0.3700104
10.315 , -0.3700104
10.316 , -0.3399963
10.317 , -0.3399963
10.318 , -0.3399963
10.32 , -0.2900085
10.321 , -0.2200012
10.322 , -0.2900085
10.323 , -0.25
10.324 , -0.2799988
10.325 , -0.2799988
10.334 , -0.3799896
10.336 , -0.3699951
10.337 , -0.3999939
10.338 , -0.3699951
10.339 , -0.3899994
10.34 , -0.2900085
10.341 , -0.3200073
10.343 , -0.3499908
10.344 , -0.3499908
10.345 , -0.3099976
10.346 , -0.3399963
10.347 , -0.3000031
10.348 , -0.3399963
10.35 , -0.2900085
10.351 , -0.2900085
10.352 , -0.2900085
10.353 , -0.3199921
10.354 , -0.3199921
10.355 , -0.3499908
10.356 , -0.3399963
10.358 , -0.3399963
10.359 , -0.3000031
10.36 , -0.3300018
10.361 , -0.3000031
10.362 , -0.3300018
10.363 , -0.3199921
10.364 , -0.3800049
10.365 , -0.2899933
10.367 , -0.2400055
10.368 , -0.2400055
10.369 , -0.2999878
10.37 , -0.269989
10.371 , -0.2999878
10.372 , -0.2999878
10.374 , -0.3300018
10.375 , -0.2200012
10.376 , -0.1200104
10.377 , -0.1200104
10.378 , -0.05000305
10.379 , 0.1500092
10.38 , 0.3100128
10.382 , 0.4700012
10.383 , 0.6100006
10.384 , 0.6600037
10.385 , 0.6600037
10.386 , 0.7200012
10.387 , 0.7200012
10.388 , 0.6199951
10.389 , 0.6499939
10.391 , 0.5200043
10.392 , 0.5
10.393 , 0.4599915
10.394 , 0.4400024
10.395 , 0.4400024
10.396 , 0.4499969
10.397 , 0.519989
10.398 , 0.6499939
10.4 , 0.7799988
10.401 , 0.8700104
10.402 , 0.9799957
10.403 , 1.149994
10.404 , 1.220001
10.405 , 1.270004
10.406 , 1.390015
10.408 , 1.390015
10.409 , 1.390015
10.41 , 1.360001
10.411 , 1.270004
10.412 , 1.040009
10.413 , 0.8899994
10.414 , 0.6399994
10.415 , 0.3399963
10.417 , 0.1399994
10.418 , -0.05999756
10.419 , -0.1599884
10.42 , -0.2400055
10.421 , -0.2799988
10.423 , -0.230011
10.424 , -0.1800079
10.425 , -0.02000427
10.426 , 0.1000061
10.427 , 0.2600098
10.428 , 0.3800049
10.43 , 0.3899994
10.431 , 0.5699921
10.432 , 0.6399994
10.433 , 0.6499939
10.434 , 0.6999969
10.435 , 0.6999969
10.437 , 0.6600037
10.438 , 0.5899963
10.439 , 0.5200043
10.44 , 0.4900055
10.441 , 0.3999939
10.442 , 0.3699951
10.443 , 0.3399963
10.445 , 0.3099976
10.446 , 0.2799988
10.447 , 0.3500061
10.448 , 0.25
10.449 , 0.3200073
10.45 , 0.3600006
10.451 , 0.3999939
10.453 , 0.3700104
10.454 , 0.4100037
10.455 , 0.4100037
10.456 , 0.4499969
10.457 , 0.4499969
10.458 , 0.4199982
10.459 , 0.4199982
10.461 , 0.4299927
10.462 , 0.4299927
10.463 , 0.4000092
10.464 , 0.3700104
10.465 , 0.3700104
10.466 , 0.3399963
10.467 , 0.3399963
10.469 , 0.3399963
10.47 , 0.3499908
10.471 , 0.3499908
10.472 , 0.3199921
10.473 , 0.3600006
10.474 , 0.4000092
10.475 , 0.4000092
10.477 , 0.4100037
10.478 , 0.3699951
10.479 , 0.3699951
10.48 , 0.4199982
10.481 , 0.3799896
10.482 , 0.3499908
10.483 , 0.3600006
10.485 , 0.3600006
10.486 , 0.3399963
10.487 , 0.3699951
10.488 , 0.3499908
10.489 , 0.3499908
10.49 , 0.3800049
10.491 , 0.3800049
10.493 , 0.3699951
10.494 , 0.3699951
10.495 , 0.3699951
10.496 , 0.3699951
10.497 , 0.3799896
10.498 , 0.3799896
10.499 , 0.3399963
10.501 , 0.3500061
10.502 , 0.3500061
10.503 , 0.3600006
10.504 , 0.3600006
10.505 , 0.3600006
10.506 , 0.3600006
10.507 , 0.3699951
10.508 , 0.3399963
10.509 , 0.3399963
10.511 , 0.3099976
10.512 , 0.3500061
10.513 , 0.3899994
10.514 , 0.3199921
10.515 , 0.3600006
10.516 , 0.3600006
10.517 , 0.3699951
10.519 , 0.3699951
10.52 , 0.3800049
10.521 , 0.3399963
10.522 , 0.3099976
10.523 , 0.3199921
10.524 , 0.3199921
10.525 , 0.3499908
10.526 , 0.3199921
10.528 , 0.3299866
10.529 , 0.3299866
10.53 , 0.3399963
10.531 , 0.3399963
10.532 , 0.3000031
10.533 , 0.3499908
10.535 , 0.2899933
10.536 , 0.3099976
10.537 , 0.3200073
10.538 , 0.3000031
10.539 , 0.3200073
10.54 , 0.3099976
10.541 , 0.2799988
10.543 , 0.3199921
10.544 , 0.3199921
10.545 , 0.3199921
10.546 , 0.2899933
10.547 , 0.3000031
10.548 , 0.3300018
10.549 , 0.3000031
10.551 , 0.3099976
10.552 , 0.3099976
10.553 , 0.2700043
10.554 , 0.3199997
10.555 , 0.2800064
10.556 , 0.2800064
10.557 , 0.3299942
10.559 , 0.2900009
10.56 , 0.3000031
10.561 , 0.3000031
10.562 , 0.3000031
10.563 , 0.2299957
10.564 , 0.3100052
10.565 , 0.2399979
10.566 , 0.2399979
10.568 , 0.25
10.569 , 0.25
10.57 , 0.3000031
10.571 , 0.3000031
10.572 , 0.2599945
10.573 , 0.2599945
10.574 , 0.2499924
10.575 , 0.2499924
10.577 , 0.2599945
10.578 , 0.2599945
10.579 , 0.2799988
10.58 , 0.269989
10.581 , 0.269989
10.582 , 0.269989
10.583 , 0.2399902
10.585 , 0.1399918
10.586 , 0.06999969
10.587 , 0.08000183
10.588 , 0.1499939
10.59 , 0.2000046
10.591 , 0.2000046
10.592 , 0.2000046
10.593 , 0.2699966
10.594 , 0.3299942
10.595 , 0.3099899
10.596 , 0.4000015
10.597 , 0.4100037
10.599 , 0.3399963
10.6 , 0.3299942
10.601 , 0.3299942
10.602 , 0.2600021
10.603 , 0.2300034
10.604 , 0.1999969
10.605 , 0.1800079
10.607 , 0.1399994
10.608 , 0.08999634
10.609 , 0.04999542
10.61 , 0.05999756
10.612 , 0.05999756
10.613 , 0.09999847
10.615 , 0.1399994
10.616 , 0.1600037
10.617 , 0.1499939
10.618 , 0.1699982
10.619 , 0.2200012
10.62 , 0.2300034
10.621 , 0.1800003
10.622 , 0.2300034
10.623 , 0.1800003
10.625 , 0.1900024
10.626 , 0.1699982
10.627 , 0.1800003
10.628 , 0.1800003
10.629 , 0.1500015
10.63 , 0.1199951
10.631 , 0.1199951
10.632 , 0.09999847
10.634 , 0.1299973
10.635 , 0.1299973
10.636 , 0.05999756
10.638 , 0.1200027
10.639 , 0.1399994
10.64 , 0.1200027
10.641 , 0.1499939
10.642 , 0.1299973
10.643 , 0.1299973
10.644 , 0.08999634
10.646 , 0.08999634
10.647 , 0.08000183
10.648 , 0.08000183
10.65 , 0.08000183
10.651 , 0.1100006
10.652 , 0.09000397
10.654 , 0.06999969
10.655 , 0.06999969
10.656 , 0.06999969
10.658 , 0.08000183
10.659 , 0.04000092
10.66 , 0.08000183
10.662 , 0.09000397
10.663 , 0.05000305
10.664 , 0.03999329
10.666 , 0.05999756
10.667 , 0.06999969
10.668 , 0.04999542
10.67 , 0.06999969
10.671 , 0.01000214
10.672 , 0.01000214
10.674 , 0.06999969
10.675 , 0.06999969
10.676 , 0.06999969
10.678 , 0.0799942
10.679 , 0.0799942
10.681 , 0.04000092
10.682 , 0.04000092
10.683 , 0.04000092
10.685 , 0.0
10.686 , -0.04000092
10.687 , 0.01000214
10.688 , -0.02999878
10.69 , 0.01000214
10.691 , -0.05000305
10.692 , -0.02000427
10.694 , -0.01000214
10.695 , -0.04000092
10.696 , -0.04000092
10.698 , 0.0
10.699 , -0.02999878
10.7 , -0.06999969
10.702 , -0.02000427
10.703 , -0.02000427
10.704 , -0.01000214
10.705 , -0.01000214
10.707 , -0.04000092
10.708 , -0.04000092
10.709 , 0.0
10.711 , 0.01000214
10.712 , -0.02999878
10.713 , -0.02999878
10.715 , -0.02000427
10.716 , -0.04000092
10.717 , -0.01000214
10.719 , -0.01000214
10.72 , -0.02999878
10.721 , -0.01999664
10.723 , -0.01999664
10.724 , -0.01000214
10.725 , -0.01000214
10.727 , -0.06000519
10.728 , -0.06999969
10.729 , -0.05000305
10.731 , -0.05999756
10.732 , -0.08999634
10.733 , -0.05999756
10.735 , -0.04999542
10.736 , -0.04999542
10.737 , -0.0799942
10.739 , -0.06999969
10.74 , -0.04000092
10.742 , -0.01000214
10.743 , -0.02999878
10.744 , -0.04999542
10.746 , -0.04999542
10.747 , -0.04999542
10.748 , -0.04000092
10.75 , -0.04000092
10.751 , -0.06999969
10.752 , -0.06999969
10.754 , -0.01999664
10.755 , -0.05999756
10.756 , -0.05999756
10.758 , -0.1199951
10.759 , -0.1199951
10.76 , -0.1199951
10.761 , -0.1100006
10.762 , -0.1100006
10.763 , -0.1100006
10.765 , -0.09999847
10.766 , -0.1200027
10.767 , -0.1200027
10.768 , -0.1100006
10.769 , -0.1100006
10.77 , -0.1100006
10.772 , -0.09999847
10.773 , -0.0799942
10.774 , -0.09000397
10.776 , -0.06999969
10.777 , -0.1200027
10.778 , -0.1100006
10.779 , -0.1100006
10.78 , -0.1100006
10.781 , -0.09999847
10.783 , -0.1399994
10.784 , -0.1300049
10.785 , -0.2000046
10.786 , -0.2000046
10.787 , -0.2000046
10.789 , -0.1200027
10.79 , -0.1900024
10.791 , -0.1999969
10.792 , -0.1800003
10.793 , -0.1800003
10.794 , -0.1199951
10.795 , -0.1699982
10.797 , -0.1699982
10.798 , -0.1800003
10.799 , -0.1800003
10.8 , -0.1800003
10.801 , -0.1699982
10.802 , -0.1999969
10.803 , -0.1699982
10.805 , -0.1899948
10.806 , -0.2299957
10.807 , -0.1899948
10.808 , -0.1500015
10.809 , -0.1800003
10.81 , -0.1800003
10.811 , -0.2099991
10.813 , -0.1399994
10.814 , -0.1699982
10.815 , -0.1999969
10.816 , -0.1999969
10.817 , -0.2200012
10.818 , -0.2099991
10.82 , -0.1899948
10.821 , -0.1800003
10.822 , -0.1800003
10.823 , -0.1800003
10.824 , -0.1800003
10.825 , -0.1699982
10.826 , -0.1699982
10.828 , -0.1800003
10.829 , -0.1800003
10.83 , -0.2299957
10.831 , -0.2200012
10.832 , -0.2400055
10.833 , -0.2200012
10.834 , -0.2400055
10.835 , -0.2300034
10.837 , -0.2300034
10.838 , -0.2699966
10.839 , -0.2200012
10.84 , -0.2200012
10.841 , -0.2599945
10.842 , -0.2599945
10.843 , -0.2599945
10.845 , -0.2700043
10.846 , -0.25
10.847 , -0.2700043
10.848 , -0.2399979
10.849 , -0.2399979
10.85 , -0.2600021
10.851 , -0.25
10.853 , -0.2299957
10.854 , -0.25
10.855 , -0.2199936
10.856 , -0.2399979
10.857 , -0.2399979
10.858 , -0.2300034
10.859 , -0.2300034
10.861 , -0.2399979
10.862 , -0.2399979
10.863 , -0.2900009
10.864 , -0.2900009
10.865 , -0.2299957
10.866 , -0.2299957
10.867 , -0.2799988
10.869 , -0.2700043
10.87 , -0.2700043
10.871 , -0.2799988
10.872 , -0.2099991
10.873 , -0.2600021
10.874 , -0.2600021
10.876 , -0.2699966
10.877 , -0.2699966
10.878 , -0.2399979
10.879 , -0.2399979
10.88 , -0.2599945
10.881 , -0.3000031
10.883 , -0.25
10.884 , -0.3000031
10.885 , -0.3099976
10.886 , -0.2900009
10.887 , -0.3099976
10.888 , -0.3199997
10.889 , -0.2999954
10.891 , -0.3100052
10.892 , -0.2900009
10.893 , -0.2900009
10.894 , -0.3100052
10.895 , -0.2799988
10.896 , -0.2799988
10.898 , -0.2699966
10.899 , -0.2699966
10.9 , -0.2699966
10.901 , -0.2900009
10.902 , -0.2799988
10.903 , -0.2799988
10.905 , -0.340004
10.906 , -0.3199997
10.907 , -0.3199997
10.908 , -0.3300018
10.909 , -0.3099976
10.91 , -0.3099976
10.912 , -0.3199997
10.913 , -0.3199997
10.914 , -0.3199997
10.915 , -0.3600006
10.916 , -0.3100052
10.917 , -0.3100052
10.919 , -0.3000031
10.92 , -0.3499985
10.921 , -0.3000031
10.922 , -0.3399963
10.923 , -0.3600006
10.924 , -0.3399963
10.925 , -0.3299942
10.927 , -0.3299942
10.928 , -0.3199997
10.929 , -0.3199997
10.93 , -0.3199997
10.931 , -0.3199997
10.932 , -0.3300018
10.934 , -0.3099976
10.935 , -0.3199997
10.936 , -0.3199997
10.937 , -0.3199997
10.938 , -0.359993
10.939 , -0.359993
10.941 , -0.359993
10.942 , -0.3499985
10.943 , -0.3700027
10.944 , -0.3499985
10.945 , -0.3399963
10.946 , -0.3399963
10.947 , -0.3600006
10.949 , -0.3299942
10.95 , -0.3299942
10.951 , -0.3299942
10.952 , -0.3199997
10.953 , -0.3199997
10.954 , -0.3199997
10.956 , -0.3300018
10.957 , -0.3099976
10.958 , -0.3199997
10.959 , -0.3399963
10.96 , -0.2999954
10.961 , -0.3199997
10.963 , -0.3299942
10.964 , -0.3099976
10.965 , -0.3700027
10.966 , -0.3700027
10.967 , -0.3700027
10.968 , -0.3099976
10.969 , -0.3600006
10.971 , -0.3099976
10.972 , -0.3499985
10.973 , -0.3499985
10.974 , -0.3499985
10.975 , -0.2900009
10.976 , -0.340004
10.978 , -0.3300018
10.979 , -0.3499985
10.98 , -0.3300018
10.981 , -0.3300018
10.982 , -0.3199997
10.983 , -0.2699966
10.985 , -0.3099976
10.986 , -0.3299942
10.987 , -0.3299942
10.988 , -0.3299942
10.989 , -0.3700027
10.99 , -0.3700027
10.992 , -0.3600006
10.993 , -0.3799973
10.994 , -0.3600006
10.995 , -0.3699951
10.996 , -0.3499985
10.997 , -0.3699951
10.999 , -0.3800049
11.0 , -0.3600006
11.001 , -0.3600006
11.002 , -0.3700027
11.003 , -0.3499985
11.004 , -0.3700027
11.005 , -0.3600006
11.006 , -0.3600006
11.007 , -0.3600006
11.009 , -0.3999939
11.01 , -0.3499985
11.011 , -0.3499985
11.012 , -0.3899994
11.013 , -0.3899994
11.014 , -0.340004
11.024 , -0.3799973
11.025 , -0.3700027
11.026 , -0.4199982
11.027 , -0.4199982
11.028 , -0.4199982
11.029 , -0.409996
11.031 , -0.409996
11.032 , -0.3499985
11.033 , -0.3999939
11.034 , -0.3999939
11.035 , -0.340004
11.036 , -0.3899994
11.038 , -0.340004
11.039 , -0.4000015
11.04 , -0.3799973
11.041 , -0.4199982
11.042 , -0.3899994
11.043 , -0.409996
11.044 , -0.409996
11.046 , -0.4499969
11.047 , -0.4499969
11.048 , -0.4499969
11.049 , -0.5100021
11.05 , -0.5299988
11.051 , -0.5100021
11.052 , -0.5
11.054 , -0.4499969
11.055 , -0.4899979
11.056 , -0.4899979
11.057 , -0.5599976
11.058 , -0.5799942
11.059 , -0.5699997
11.061 , -0.590004
11.062 , -0.5800018
11.063 , -0.5599976
11.064 , -0.5400009
11.065 , -0.5400009
11.066 , -0.4799957
11.067 , -0.5299988
11.069 , -0.5199966
11.07 , -0.4699936
11.071 , -0.4499969
11.072 , -0.4400024
11.073 , -0.3899994
11.074 , -0.3899994
11.076 , -0.3799973
11.077 , -0.4300003
11.078 , -0.4300003
11.079 , -0.4399948
11.08 , -0.4899979
11.081 , -0.4899979
11.083 , -0.5
11.084 , -0.5
11.085 , -0.5
11.086 , -0.5100021
11.087 , -0.4899979
11.088 , -0.5600052
11.089 , -0.4799957
11.09 , -0.5
11.091 , -0.5
11.093 , -0.4699936
11.094 , -0.4499969
11.095 , -0.4499969
11.096 , -0.4400024
11.097 , -0.4400024
11.098 , -0.4800034
11.099 , -0.4499969
11.101 , -0.4499969
11.102 , -0.4199982
11.103 , -0.4199982
11.104 , -0.4599991
11.105 , -0.4199982
11.106 , -0.4499969
11.108 , -0.4299927
11.109 , -0.4400024
11.11 , -0.4400024
11.111 , -0.4400024
11.112 , -0.4800034
11.113 , -0.4800034
11.114 , -0.409996
11.115 , -0.4300003
11.116 , -0.3999939
11.118 , -0.3999939
11.119 , -0.3700027
11.12 , -0.3899994
11.121 , -0.4100037
11.122 , -0.4000015
11.123 , -0.4500046
11.124 , -0.3799973
11.126 , -0.2999954
11.127 , -0.2799988
11.128 , -0.159996
11.129 , -0.03999329
11.13 , 0.1700058
11.131 , 0.2800064
11.133 , 0.4300003
11.134 , 0.5
11.135 , 0.5
11.136 , 0.5299988
11.137 , 0.5800018
11.138 , 0.5800018
11.139 , 0.5200043
11.14 , 0.4300003
11.141 , 0.4300003
11.143 , 0.3199997
11.144 , 0.3199997
11.145 , 0.2999954
11.146 , 0.3300018
11.147 , 0.4000015
11.148 , 0.4700012
11.149 , 0.5500031
11.15 , 0.6399994
11.152 , 0.840004
11.153 , 0.9500046
11.154 , 1.010002
11.155 , 1.200005
11.156 , 1.279999
11.157 , 1.279999
11.158 , 1.299995
11.16 , 1.349998
11.161 , 1.309998
11.162 , 1.309998
11.163 , 1.300003
11.164 , 1.300003
11.165 , 1.25
11.166 , 1.169998
11.167 , 0.9199982
11.169 , 0.6999969
11.17 , 0.4000015
11.171 , 0.2900009
11.172 , 0.08000183
11.173 , -0.06999969
11.175 , -0.1399994
11.176 , -0.2199936
11.177 , -0.1999969
11.178 , -0.1499939
11.179 , -0.1200027
11.181 , 0.04000092
11.182 , 0.1999969
11.183 , 0.3300018
11.184 , 0.4199982
11.185 , 0.5100021
11.186 , 0.590004
11.188 , 0.590004
11.189 , 0.6200027
11.19 , 0.6200027
11.191 , 0.6000061
11.192 , 0.6000061
11.193 , 0.5400009
11.194 , 0.4700012
11.195 , 0.4700012
11.197 , 0.4100037
11.198 , 0.3899994
11.199 , 0.3800049
11.2 , 0.3300018
11.201 , 0.3300018
11.202 , 0.2600021
11.203 , 0.3199997
11.204 , 0.3199997
11.206 , 0.2799988
11.207 , 0.3499985
11.208 , 0.3499985
11.209 , 0.4100037
11.21 , 0.4100037
11.211 , 0.4100037
11.212 , 0.4300003
11.213 , 0.4200058
11.215 , 0.4200058
11.216 , 0.3799973
11.217 , 0.4499969
11.218 , 0.3799973
11.219 , 0.3899994
11.22 , 0.3700027
11.221 , 0.3199997
11.223 , 0.3800049
11.224 , 0.3800049
11.225 , 0.3100052
11.226 , 0.3399963
11.227 , 0.3399963
11.228 , 0.3399963
11.229 , 0.3499985
11.231 , 0.3499985
11.232 , 0.3499985
11.233 , 0.4100037
11.234 , 0.4300003
11.235 , 0.4100037
11.236 , 0.4200058
11.237 , 0.4200058
11.238 , 0.3700027
11.239 , 0.3500061
11.241 , 0.3600006
11.242 , 0.3600006
11.243 , 0.3700027
11.244 , 0.3499985
11.245 , 0.3700027
11.246 , 0.3800049
11.247 , 0.3800049
11.248 , 0.3600006
11.25 , 0.3699951
11.251 , 0.3699951
11.252 , 0.3699951
11.253 , 0.3300018
11.254 , 0.3799973
11.255 , 0.3099976
11.256 , 0.3899994
11.258 , 0.340004
11.259 , 0.340004
11.26 , 0.3500061
11.261 , 0.3300018
11.262 , 0.3500061
11.263 , 0.3399963
11.264 , 0.3399963
11.265 , 0.3399963
11.267 , 0.3499985
11.268 , 0.3700027
11.269 , 0.3000031
11.27 , 0.3600006
11.271 , 0.3600006
11.272 , 0.3600006
11.273 , 0.3200073
11.274 , 0.3200073
11.275 , 0.3200073
11.277 , 0.4000015
11.278 , 0.3799973
11.279 , 0.3300018
11.28 , 0.3899994
11.281 , 0.3199997
11.282 , 0.340004
11.283 , 0.3300018
11.285 , 0.3500061
11.286 , 0.3600006
11.287 , 0.3399963
11.288 , 0.3399963
11.289 , 0.3399963
11.29 , 0.3499985
11.292 , 0.3499985
11.293 , 0.3600006
11.294 , 0.3600006
11.295 , 0.2900009
11.296 , 0.3000031
11.297 , 0.3700027
11.298 , 0.3700027
11.299 , 0.3000031
11.301 , 0.3099976
11.302 , 0.2900009
11.303 , 0.3199997
11.304 , 0.3000031
11.305 , 0.3000031
11.306 , 0.3300018
11.307 , 0.3300018
11.308 , 0.3100052
11.309 , 0.3300018
11.311 , 0.3399963
11.312 , 0.3899994
11.313 , 0.3499985
11.314 , 0.3300018
11.315 , 0.3300018
11.316 , 0.3600006
11.317 , 0.3600006
11.318 , 0.340004
11.32 , 0.3000031
11.321 , 0.3700027
11.322 , 0.3500061
11.323 , 0.3099976
11.324 , 0.3600006
11.325 , 0.3099976
11.326 , 0.2900009
11.328 , 0.3000031
11.329 , 0.3199997
11.33 , 0.3300018
11.331 , 0.3300018
11.332 , 0.3300018
11.333 , 0.3399963
11.334 , 0.3199997
11.335 , 0.2699966
11.336 , 0.2299957
11.338 , 0.2399979
11.339 , 0.1899948
11.34 , 0.25
11.341 , 0.25
11.342 , 0.25
11.343 , 0.3000031
11.344 , 0.3500061
11.345 , 0.4400024
11.347 , 0.3799973
11.348 , 0.4300003
11.349 , 0.3799973
11.35 , 0.3700027
11.351 , 0.3199997
11.352 , 0.3000031
11.353 , 0.3100052
11.355 , 0.2900009
11.356 , 0.2399979
11.357 , 0.1800003
11.358 , 0.1800003
11.359 , 0.1800003
11.36 , 0.1500015
11.361 , 0.1699982
11.362 , 0.1699982
11.364 , 0.1800003
11.365 , 0.1800003
11.366 , 0.1999969
11.367 , 0.2600021
11.368 , 0.2600021
11.369 , 0.2799988
11.37 , 0.2899933
11.371 , 0.2899933
11.373 , 0.2299957
11.374 , 0.2299957
11.375 , 0.2799988
11.376 , 0.2299957
11.377 , 0.2200012
11.378 , 0.2399979
11.379 , 0.2000046
11.381 , 0.2100067
11.382 , 0.1600037
11.383 , 0.2200012
11.384 , 0.1500015
11.385 , 0.1500015
11.386 , 0.1500015
11.387 , 0.1600037
11.388 , 0.1100006
11.389 , 0.1600037
11.391 , 0.1900024
11.392 , 0.1700058
11.393 , 0.1299973
11.394 , 0.1999969
11.395 , 0.1999969
11.396 , 0.1800003
11.397 , 0.1399994
11.399 , 0.2099991
11.4 , 0.2000046
11.401 , 0.2000046
11.402 , 0.2000046
11.403 , 0.2100067
11.404 , 0.1600037
11.405 , 0.1399994
11.406 , 0.1399994
11.408 , 0.1299973
11.409 , 0.1299973
11.41 , 0.08999634
11.411 , 0.04000092
11.413 , 0.08999634
11.414 , 0.09999847
11.415 , 0.09999847
11.417 , 0.109993
11.418 , 0.109993
11.419 , 0.109993
11.42 , 0.1199951
11.421 , 0.06999969
11.423 , 0.06999969
11.424 , 0.04000092
11.425 , 0.04000092
11.427 , 0.05000305
11.428 , 0.09000397
11.429 , 0.05000305
11.43 , 0.05999756
11.432 , 0.05999756
11.433 , 0.09999847
11.435 , 0.06999969
11.436 , 0.05000305
11.437 , 0.08000183
11.439 , 0.06000519
11.44 , 0.07000732
11.441 , 0.02000427
11.443 , 0.0
11.444 , 0.009994507
11.445 , 0.009994507
11.447 , -0.01000214
11.448 , -0.01000214
11.449 , -0.01000214
11.45 , 0.0
11.452 , 0.0
11.453 , 0.0
11.454 , 0.009994507
11.455 , 0.03999329
11.457 , 0.01999664
11.458 , 0.01999664
11.459 , 0.04999542
11.461 , -0.01000214
11.462 , -0.01000214
11.463 , -0.01000214
11.465 , 0.0
11.466 , 0.0
11.467 , 0.009994507
11.468 , 0.009994507
11.47 , 0.0
11.471 , 0.0
11.472 , 0.0
11.473 , 0.0
11.474 , -0.04000092
11.475 , 0.01000214
11.477 , 0.01999664
11.478 , 0.01999664
11.479 , -0.05000305
11.481 , -0.02000427
11.482 , -0.04000092
11.483 , -0.06999969
11.485 , -0.05999756
11.486 , -0.02999878
11.487 , -0.04999542
11.489 , -0.08999634
11.49 , -0.08999634
11.491 , -0.04000092
11.493 , -0.08000183
11.494 , -0.02999878
11.495 , -0.02999878
11.497 , -0.05999756
11.498 , -0.05999756
11.5 , -0.01999664
11.501 , -0.07000732
11.502 , -0.05000305
11.504 , -0.04000092
11.505 , -0.06000519
11.506 , -0.06000519
11.508 , -0.1200027
11.509 , -0.09999847
11.51 , -0.1200027
11.511 , -0.1100006
11.512 , -0.08999634
11.514 , -0.08000183
11.515 , -0.08000183
11.516 , -0.03000641
11.518 , -0.02000427
11.519 , -0.06999969
11.52 , -0.09000397
11.522 , -0.1299973
11.523 , -0.1299973
11.524 , -0.1199951
11.525 , -0.1399994
11.526 , -0.1399994
11.527 , -0.1500015
11.528 , -0.1500015
11.53 , -0.1500015
11.531 , -0.1900024
11.532 , -0.1200027
11.533 , -0.1399994
11.534 , -0.1299973
11.535 , -0.1299973
11.537 , -0.1200027
11.538 , -0.1000061
11.539 , -0.1200027
11.54 , -0.1700058
11.541 , -0.1100006
11.542 , -0.1800003
11.543 , -0.1800003
11.544 , -0.1699982
11.546 , -0.1699982
11.547 , -0.159996
11.548 , -0.2099991
11.549 , -0.159996
11.55 , -0.159996
11.551 , -0.2000046
11.552 , -0.2000046
11.554 , -0.2099991
11.555 , -0.1900024
11.556 , -0.1900024
11.557 , -0.1800003
11.558 , -0.1800003
11.559 , -0.1800003
11.56 , -0.1800003
11.561 , -0.1200027
11.563 , -0.1700058
11.564 , -0.1800003
11.565 , -0.1800003
11.566 , -0.1800003
11.567 , -0.1699982
11.568 , -0.1699982
11.569 , -0.1699982
11.571 , -0.1800003
11.572 , -0.1800003
11.573 , -0.159996
11.574 , -0.1700058
11.575 , -0.1700058
11.576 , -0.2200012
11.577 , -0.2400055
11.578 , -0.2300034
11.58 , -0.2099991
11.581 , -0.1999969
11.582 , -0.2200012
11.583 , -0.2200012
11.584 , -0.1900024
11.585 , -0.1900024
11.586 , -0.2600021
11.588 , -0.25
11.589 , -0.2000046
11.59 , -0.25
11.591 , -0.2399979
11.592 , -0.2399979
11.593 , -0.2399979
11.594 , -0.2299957
11.596 , -0.2299957
11.597 , -0.25
11.598 , -0.2400055
11.599 , -0.2400055
11.6 , -0.2600021
11.601 , -0.25
11.602 , -0.2300034
11.603 , -0.25
11.605 , -0.2200012
11.606 , -0.2399979
11.607 , -0.2200012
11.608 , -0.2099991
11.609 , -0.2299957
11.61 , -0.2799988
11.612 , -0.2700043
11.613 , -0.2200012
11.614 , -0.2600021
11.615 , -0.2099991
11.616 , -0.2099991
11.617 , -0.2099991
11.618 , -0.1999969
11.619 , -0.25
11.621 , -0.2600021
11.622 , -0.2400055
11.623 , -0.2600021
11.624 , -0.25
11.625 , -0.25
11.626 , -0.3000031
11.627 , -0.25
11.628 , -0.2399979
11.629 , -0.2399979
11.631 , -0.2299957
11.632 , -0.2799988
11.633 , -0.2799988
11.634 , -0.2200012
11.635 , -0.2200012
11.636 , -0.2200012
11.637 , -0.2200012
11.639 , -0.2600021
11.64 , -0.2600021
11.641 , -0.25
11.642 , -0.25
11.643 , -0.2699966
11.644 , -0.2400055
11.645 , -0.2600021
11.646 , -0.3100052
11.648 , -0.25
11.649 , -0.25
11.65 , -0.3000031
11.651 , -0.2399979
11.652 , -0.2399979
11.653 , -0.2399979
11.654 , -0.2799988
11.656 , -0.2799988
11.657 , -0.2799988
11.658 , -0.2700043
11.659 , -0.2700043
11.66 , -0.2900009
11.661 , -0.2600021
11.662 , -0.3000031
11.664 , -0.3000031
11.665 , -0.2699966
11.666 , -0.3399963
11.667 , -0.2900009
11.668 , -0.3300018
11.669 , -0.3300018
11.671 , -0.3199997
11.672 , -0.3199997
11.673 , -0.3199997
11.674 , -0.3199997
11.675 , -0.2600021
11.676 , -0.2600021
11.678 , -0.2999954
11.679 , -0.25
11.68 , -0.3199997
11.681 , -0.2900009
11.682 , -0.3100052
11.683 , -0.3100052
11.684 , -0.3600006
11.685 , -0.3499985
11.687 , -0.3000031
11.688 , -0.3600006
11.689 , -0.3600006
11.69 , -0.3399963
11.691 , -0.3499985
11.692 , -0.3499985
11.693 , -0.3499985
11.703 , -0.3399963
11.704 , -0.3199997
11.705 , -0.3800049
11.706 , -0.3300018
11.707 , -0.3300018
11.708 , -0.3700027
11.71 , -0.3199997
11.711 , -0.4300003
11.712 , -0.3799973
11.713 , -0.3600006
11.714 , -0.3799973
11.715 , -0.2999954
11.716 , -0.3499985
11.718 , -0.3600006
11.719 , -0.3600006
11.72 , -0.3600006
11.721 , -0.3499985
11.722 , -0.3499985
11.723 , -0.4000015
11.724 , -0.4000015
11.725 , -0.3399963
11.727 , -0.3899994
11.728 , -0.4000015
11.729 , -0.3800049
11.73 , -0.3800049
11.731 , -0.3899994
11.732 , -0.3700027
11.734 , -0.4400024
11.735 , -0.4300003
11.736 , -0.3799973
11.737 , -0.3799973
11.738 , -0.3499985
11.739 , -0.3699951
11.74 , -0.3699951
11.742 , -0.3600006
11.743 , -0.4100037
11.744 , -0.4100037
11.745 , -0.4000015
11.746 , -0.4199982
11.747 , -0.4199982
11.749 , -0.4300003
11.75 , -0.409996
11.751 , -0.4300003
11.752 , -0.4200058
11.753 , -0.4000015
11.754 , -0.4000015
11.755 , -0.3899994
11.756 , -0.4599991
11.758 , -0.3799973
11.759 , -0.4700012
11.76 , -0.4000015
11.761 , -0.4000015
11.762 , -0.3899994
11.763 , -0.4399948
11.764 , -0.4599991
11.766 , -0.4300003
11.767 , -0.4500046
11.768 , -0.4400024
11.769 , -0.4199982
11.77 , -0.4400024
11.771 , -0.4400024
11.772 , -0.4300003
11.773 , -0.4799957
11.775 , -0.4199982
11.776 , -0.4199982
11.777 , -0.4699936
11.778 , -0.4800034
11.779 , -0.4800034
11.78 , -0.4599991
11.782 , -0.4000015
11.783 , -0.4499969
11.784 , -0.4700012
11.785 , -0.4599991
11.786 , -0.4399948
11.787 , -0.4399948
11.789 , -0.4300003
11.79 , -0.4500046
11.791 , -0.4500046
11.792 , -0.4400024
11.793 , -0.4599991
11.794 , -0.4599991
11.796 , -0.5199966
11.797 , -0.4300003
11.798 , -0.4399948
11.799 , -0.4399948
11.8 , -0.4399948
11.801 , -0.5099945
11.803 , -0.5
11.804 , -0.5
11.805 , -0.5599976
11.806 , -0.5400009
11.807 , -0.5599976
11.808 , -0.6199951
11.809 , -0.5699997
11.811 , -0.6199951
11.812 , -0.5600052
11.813 , -0.5400009
11.814 , -0.5200043
11.815 , -0.4599991
11.816 , -0.5100021
11.817 , -0.4599991
11.819 , -0.3799973
11.82 , -0.3799973
11.821 , -0.3600006
11.822 , -0.4199982
11.823 , -0.3699951
11.824 , -0.4199982
11.826 , -0.4100037
11.827 , -0.4300003
11.828 , -0.4700012
11.829 , -0.4700012
11.83 , -0.4700012
11.831 , -0.4899979
11.832 , -0.4799957
11.833 , -0.5
11.835 , -0.4900055
11.836 , -0.4900055
11.837 , -0.4700012
11.838 , -0.4900055
11.839 , -0.4599991
11.84 , -0.4599991
11.841 , -0.4400024
11.843 , -0.4499969
11.844 , -0.4700012
11.845 , -0.4599991
11.846 , -0.4399948
11.847 , -0.4399948
11.848 , -0.4599991
11.85 , -0.4100037
11.851 , -0.4500046
11.852 , -0.4400024
11.853 , -0.4400024
11.854 , -0.4400024
11.855 , -0.4300003
11.856 , -0.4300003
11.857 , -0.4300003
11.859 , -0.4199982
11.86 , -0.4199982
11.861 , -0.4199982
11.862 , -0.4599991
11.863 , -0.4599991
11.864 , -0.4100037
11.865 , -0.3799973
11.867 , -0.3600006
11.868 , -0.3799973
11.869 , -0.3699951
11.87 , -0.3699951
11.871 , -0.3899994
11.872 , -0.3800049
11.874 , -0.3800049
11.875 , -0.3700027
11.876 , -0.3300018
11.877 , -0.2099991
11.878 , -0.1200027
11.879 , 0.05000305
11.881 , 0.1900024
11.882 , 0.3100052
11.883 , 0.4000015
11.884 , 0.5200043
11.885 , 0.4799957
11.886 , 0.5499954
11.888 , 0.5299988
11.889 , 0.4899979
11.89 , 0.4700012
11.891 , 0.4000015
11.892 , 0.4100037
11.893 , 0.340004
11.895 , 0.3499985
11.896 , 0.3499985
11.897 , 0.3499985
11.898 , 0.4399948
11.899 , 0.5199966
11.9 , 0.6399994
11.902 , 0.7600021
11.903 , 0.8499985
11.904 , 0.9700012
11.905 , 1.07
11.906 , 1.139999
11.907 , 1.200005
11.908 , 1.230003
11.91 , 1.259995
11.911 , 1.259995
11.912 , 1.269997
11.913 , 1.25
11.914 , 1.269997
11.915 , 1.230003
11.916 , 1.190002
11.917 , 1.190002
11.919 , 1.239998
11.92 , 1.199997
11.921 , 1.269997
11.922 , 1.279999
11.923 , 1.299995
11.924 , 1.279999
11.925 , 1.119995
11.927 , 0.8799973
11.928 , 0.6500015
11.929 , 0.5
11.93 , 0.340004
11.931 , 0.2200012
11.932 , 0.1199951
11.933 , 0.0
11.934 , -0.02000427
11.936 , -0.01000214
11.937 , 0.08000183
11.938 , 0.1500015
11.939 , 0.3000031
11.941 , 0.4599991
11.942 , 0.5600052
11.943 , 0.6300049
11.944 , 0.7000046
11.945 , 0.7700043
11.946 , 0.7799988
11.947 , 0.7999954
11.949 , 0.8099976
11.95 , 0.7399979
11.951 , 0.6699982
11.952 , 0.6800003
11.953 , 0.6800003
11.954 , 0.590004
11.956 , 0.5299988
11.957 , 0.5099945
11.958 , 0.4399948
11.959 , 0.4499969
11.96 , 0.4499969
11.961 , 0.4499969
11.962 , 0.4599991
11.964 , 0.4599991
11.965 , 0.4800034
11.966 , 0.4700012
11.967 , 0.4900055
11.968 , 0.5400009
11.969 , 0.5699997
11.971 , 0.5499954
11.972 , 0.5800018
11.973 , 0.5599976
11.974 , 0.5599976
11.975 , 0.5599976
11.976 , 0.5200043
11.978 , 0.5200043
11.979 , 0.5099945
11.98 , 0.5099945
11.981 , 0.5099945
11.982 , 0.5
11.983 , 0.5
11.984 , 0.5
11.985 , 0.4499969
11.987 , 0.5100021
11.988 , 0.5100021
11.989 , 0.5200043
11.99 , 0.5200043
11.991 , 0.5200043
11.992 , 0.4799957
11.993 , 0.5299988
11.995 , 0.5299988
11.996 , 0.5400009
11.997 , 0.5400009
11.998 , 0.4899979
11.999 , 0.5
12.0 , 0.5
12.001 , 0.4800034
12.002 , 0.4800034
12.004 , 0.4899979
12.005 , 0.4899979
12.006 , 0.5
12.007 , 0.4499969
12.008 , 0.5
12.009 , 0.4599991
12.01 , 0.4599991
12.012 , 0.4599991
12.013 , 0.4700012
12.014 , 0.4700012
12.015 , 0.4700012
12.016 , 0.4799957
12.017 , 0.4599991
12.018 , 0.4799957
12.02 , 0.4700012
12.021 , 0.4899979
12.022 , 0.4199982
12.023 , 0.4800034
12.024 , 0.4100037
12.025 , 0.4300003
12.026 , 0.4200058
12.027 , 0.4400024
12.028 , 0.4200058
12.03 , 0.409996
12.031 , 0.4300003
12.032 , 0.409996
12.033 , 0.4199982
12.034 , 0.4400024
12.035 , 0.4199982
12.036 , 0.3800049
12.038 , 0.3800049
12.039 , 0.3899994
12.04 , 0.4399948
12.041 , 0.3699951
12.042 , 0.3899994
12.043 , 0.3799973
12.044 , 0.3799973
12.046 , 0.3899994
12.047 , 0.4100037
12.048 , 0.3899994
12.049 , 0.4200058
12.05 , 0.4000015
12.051 , 0.3500061
12.052 , 0.4000015
12.054 , 0.3600006
12.055 , 0.3600006
12.056 , 0.3700027
12.057 , 0.3499985
12.058 , 0.3499985
12.059 , 0.3800049
12.06 , 0.3600006
12.061 , 0.4300003
12.063 , 0.3699951
12.064 , 0.3499985
12.065 , 0.3699951
12.066 , 0.4000015
12.067 , 0.3600006
12.068 , 0.4000015
12.069 , 0.3700027
12.071 , 0.3199997
12.072 , 0.3700027
12.073 , 0.4000015
12.074 , 0.3800049
12.075 , 0.3300018
12.076 , 0.3399963
12.077 , 0.3899994
12.079 , 0.3499985
12.08 , 0.3499985
12.081 , 0.3499985
12.082 , 0.3300018
12.083 , 0.340004
12.084 , 0.3600006
12.085 , 0.340004
12.086 , 0.3499985
12.088 , 0.3499985
12.089 , 0.3499985
12.09 , 0.3600006
12.091 , 0.3600006
12.092 , 0.3099976
12.093 , 0.3700027
12.094 , 0.3899994
12.096 , 0.4000015
12.097 , 0.4000015
12.098 , 0.3800049
12.099 , 0.3100052
12.1 , 0.2999954
12.101 , 0.25
12.102 , 0.25
12.103 , 0.2399979
12.105 , 0.2600021
12.106 , 0.1800003
12.107 , 0.1800003
12.108 , 0.1800003
12.109 , 0.2000046
12.11 , 0.1900024
12.111 , 0.1900024
12.112 , 0.2100067
12.113 , 0.2699966
12.115 , 0.2699966
12.116 , 0.2799988
12.117 , 0.2799988
12.118 , 0.2799988
12.119 , 0.2799988
12.12 , 0.2400055
12.122 , 0.2900009
12.123 , 0.25
12.124 , 0.25
12.125 , 0.2299957
12.126 , 0.1699982
12.127 , 0.1900024
12.128 , 0.2399979
12.129 , 0.1900024
12.131 , 0.1800003
12.132 , 0.1800003
12.133 , 0.1900024
12.134 , 0.1200027
12.135 , 0.1700058
12.136 , 0.1800003
12.137 , 0.1800003
12.138 , 0.1299973
12.139 , 0.1800003
12.141 , 0.1399994
12.142 , 0.1399994
12.143 , 0.1500015
12.144 , 0.2000046
12.145 , 0.2000046
12.146 , 0.2099991
12.147 , 0.2099991
12.149 , 0.159996
12.15 , 0.1699982
12.151 , 0.1699982
12.152 , 0.1500015
12.153 , 0.1100006
12.154 , 0.1600037
12.155 , 0.1800003
12.156 , 0.1200027
12.158 , 0.1200027
12.159 , 0.1000061
12.16 , 0.1100006
12.161 , 0.1100006
12.162 , 0.1299973
12.163 , 0.1200027
12.164 , 0.1200027
12.165 , 0.09999847
12.167 , 0.06000519
12.168 , 0.1300049
12.169 , 0.1100006
12.17 , 0.1199951
12.171 , 0.1399994
12.173 , 0.1299973
12.174 , 0.1299973
12.175 , 0.1500015
12.176 , 0.1299973
12.177 , 0.09000397
12.178 , 0.1399994
12.18 , 0.08000183
12.181 , 0.03000641
12.182 , 0.08000183
12.184 , 0.08999634
12.185 , 0.08999634
12.186 , 0.04000092
12.188 , 0.05000305
12.189 , 0.02999878
12.19 , 0.04000092
12.192 , 0.04000092
12.193 , 0.03000641
12.194 , 0.05000305
12.195 , 0.03000641
12.197 , 0.04000092
12.198 , 0.04000092
12.2 , 0.0
12.201 , 0.06999969
12.202 , 0.05000305
12.203 , 0.06000519
12.205 , 0.06000519
12.206 , 0.06000519
12.207 , 0.06999969
12.209 , 0.01999664
12.21 , 0.01000214
12.211 , 0.02999878
12.213 , 0.04000092
12.214 , 0.04000092
12.215 , 0.02000427
12.217 , 0.05000305
12.218 , -0.01999664
12.219 , -0.01999664
12.221 , -0.01000214
12.222 , -0.02999878
12.223 , -0.01999664
12.225 , -0.06999969
12.226 , 0.0
12.227 , -0.009994507
12.229 , -0.0799942
12.23 , -0.05000305
12.231 , 0.0
12.232 , -0.06999969
12.234 , -0.05999756
12.235 , -0.04000092
12.236 , -0.05999756
12.238 , -0.06999969
12.239 , -0.04999542
12.24 , -0.01999664
12.242 , -0.03999329
12.243 , -0.05000305
12.245 , -0.05000305
12.246 , -0.05000305
12.247 , -0.04000092
12.248 , -0.09000397
12.25 , -0.1500015
12.251 , -0.08000183
12.252 , -0.09999847
12.254 , -0.09000397
12.255 , -0.07000732
12.256 , -0.140007
12.257 , -0.1300049
12.259 , -0.08000183
12.26 , -0.1200027
12.261 , -0.1399994
12.262 , -0.1200027
12.263 , -0.06999969
12.265 , -0.1299973
12.266 , -0.1499939
12.267 , -0.1200027
12.268 , -0.1900024
12.269 , -0.1399994
12.27 , -0.1299973
12.272 , -0.1100006
12.273 , -0.1299973
12.274 , -0.1199951
12.275 , -0.1199951
12.276 , -0.1199951
12.277 , -0.109993
12.278 , -0.08999634
12.28 , -0.1500015
12.281 , -0.1500015
12.282 , -0.1500015
12.283 , -0.1699982
12.284 , -0.159996
12.286 , -0.159996
12.287 , -0.1499939
12.288 , -0.1499939
12.289 , -0.1999969
12.29 , -0.1399994
12.291 , -0.1900024
12.293 , -0.1900024
12.294 , -0.1800003
12.295 , -0.2000046
12.296 , -0.1299973
12.297 , -0.1699982
12.298 , -0.1699982
12.299 , -0.1900024
12.301 , -0.1800003
12.302 , -0.2199936
12.303 , -0.25
12.304 , -0.2099991
12.305 , -0.2099991
12.306 , -0.2099991
12.307 , -0.1999969
12.309 , -0.2300034
12.31 , -0.2200012
12.311 , -0.1899948
12.312 , -0.2200012
12.313 , -0.2200012
12.314 , -0.2100067
12.315 , -0.1800003
12.316 , -0.2100067
12.318 , -0.2000046
12.319 , -0.2000046
12.32 , -0.2600021
12.321 , -0.2099991
12.322 , -0.2099991
12.323 , -0.2600021
12.324 , -0.1999969
12.325 , -0.1999969
12.327 , -0.2400055
12.328 , -0.2400055
12.329 , -0.2400055
12.33 , -0.3000031
12.331 , -0.25
12.332 , -0.3000031
12.333 , -0.2300034
12.334 , -0.2900009
12.336 , -0.2900009
12.337 , -0.2300034
12.338 , -0.3000031
12.339 , -0.2800064
12.34 , -0.3000031
12.341 , -0.2900009
12.342 , -0.2900009
12.343 , -0.2900009
12.344 , -0.3000031
12.345 , -0.3499985
12.347 , -0.2900009
12.348 , -0.2900009
12.349 , -0.2900009
12.35 , -0.3399963
12.351 , -0.2800064
12.352 , -0.2800064
12.353 , -0.2800064
12.355 , -0.3199997
12.356 , -0.2700043
12.357 , -0.3099976
12.358 , -0.2600021
12.359 , -0.3099976
12.36 , -0.3099976
12.361 , -0.3199997
12.363 , -0.3199997
12.364 , -0.3100052
12.365 , -0.3600006
12.366 , -0.3100052
12.367 , -0.3000031
12.368 , -0.3499985
12.369 , -0.3499985
12.371 , -0.3399963
12.372 , -0.3600006
12.373 , -0.3600006
12.382 , -0.3499985
12.383 , -0.4000015
12.384 , -0.3399963
12.385 , -0.3899994
12.387 , -0.3300018
12.388 , -0.3800049
12.389 , -0.3300018
12.39 , -0.3300018
12.391 , -0.3199997
12.392 , -0.3700027
12.393 , -0.3700027
12.395 , -0.3099976
12.396 , -0.3600006
12.397 , -0.3700027
12.398 , -0.3500061
12.399 , -0.3700027
12.4 , -0.3500061
12.401 , -0.4100037
12.402 , -0.4100037
12.404 , -0.4000015
12.405 , -0.4199982
12.406 , -0.4000015
12.407 , -0.3899994
12.408 , -0.409996
12.409 , -0.409996
12.41 , -0.409996
12.412 , -0.4000015
12.413 , -0.4400024
12.414 , -0.4300003
12.415 , -0.4599991
12.416 , -0.3899994
12.417 , -0.4199982
12.418 , -0.4199982
12.42 , -0.3799973
12.421 , -0.4100037
12.422 , -0.4100037
12.423 , -0.4400024
12.424 , -0.4500046
12.425 , -0.4300003
12.426 , -0.4000015
12.427 , -0.4300003
12.428 , -0.4199982
12.43 , -0.4199982
12.431 , -0.409996
12.432 , -0.3799973
12.433 , -0.4300003
12.434 , -0.4200058
12.435 , -0.4200058
12.436 , -0.4200058
12.438 , -0.4599991
12.439 , -0.4599991
12.44 , -0.3899994
12.441 , -0.4000015
12.442 , -0.4499969
12.443 , -0.4499969
12.445 , -0.4399948
12.446 , -0.4599991
12.447 , -0.5
12.448 , -0.4500046
12.449 , -0.4500046
12.45 , -0.4900055
12.451 , -0.4800034
12.453 , -0.4800034
12.454 , -0.409996
12.455 , -0.4700012
12.456 , -0.4700012
12.457 , -0.4700012
12.458 , -0.4900055
12.459 , -0.4900055
12.461 , -0.4500046
12.462 , -0.4500046
12.463 , -0.4800034
12.464 , -0.4899979
12.465 , -0.4400024
12.466 , -0.4400024
12.467 , -0.4899979
12.469 , -0.4300003
12.47 , -0.4799957
12.471 , -0.4200058
12.472 , -0.4700012
12.473 , -0.4500046
12.474 , -0.4400024
12.475 , -0.4400024
12.477 , -0.4599991
12.478 , -0.4499969
12.479 , -0.5
12.48 , -0.5199966
12.481 , -0.4900055
12.482 , -0.5100021
12.483 , -0.5100021
12.485 , -0.5
12.486 , -0.5
12.487 , -0.5
12.488 , -0.4899979
12.489 , -0.4700012
12.49 , -0.4899979
12.491 , -0.5199966
12.493 , -0.5499954
12.494 , -0.5400009
12.495 , -0.5400009
12.496 , -0.5600052
12.497 , -0.5400009
12.498 , -0.5500031
12.499 , -0.5500031
12.5 , -0.5500031
12.502 , -0.5400009
12.503 , -0.5199966
12.504 , -0.5100021
12.505 , -0.5300064
12.506 , -0.5100021
12.507 , -0.5300064
12.508 , -0.5200043
12.51 , -0.5200043
12.511 , -0.5599976
12.512 , -0.5599976
12.513 , -0.5599976
12.514 , -0.5599976
12.515 , -0.5499954
12.516 , -0.5699997
12.518 , -0.5600052
12.519 , -0.6000061
12.52 , -0.5600052
12.521 , -0.590004
12.522 , -0.5500031
12.523 , -0.590004
12.524 , -0.590004
12.526 , -0.5800018
12.527 , -0.5800018
12.528 , -0.5699997
12.529 , -0.6399994
12.53 , -0.5999985
12.531 , -0.5600052
12.532 , -0.590004
12.534 , -0.590004
12.535 , -0.6200027
12.536 , -0.5800018
12.537 , -0.5800018
12.538 , -0.6100006
12.539 , -0.6100006
12.54 , -0.5699997
12.542 , -0.6000061
12.543 , -0.5600052
12.544 , -0.6000061
12.545 , -0.590004
12.546 , -0.6200027
12.547 , -0.6200027
12.548 , -0.6299973
12.55 , -0.6299973
12.551 , -0.5999985
12.552 , -0.659996
12.553 , -0.6199951
12.554 , -0.659996
12.555 , -0.6500015
12.556 , -0.6100006
12.558 , -0.7099991
12.559 , -0.7399979
12.56 , -0.7600021
12.561 , -0.7299957
12.562 , -0.7299957
12.563 , -0.6999969
12.565 , -0.6500015
12.566 , -0.6500015
12.567 , -0.6500015
12.568 , -0.5699997
12.569 , -0.5699997
12.57 , -0.5500031
12.572 , -0.5599976
12.573 , -0.5100021
12.574 , -0.5400009
12.575 , -0.5299988
12.576 , -0.5
12.577 , -0.5499954
12.578 , -0.5400009
12.58 , -0.5800018
12.581 , -0.5999985
12.582 , -0.5999985
12.583 , -0.6399994
12.584 , -0.6399994
12.585 , -0.659996
12.587 , -0.6299973
12.588 , -0.6200027
12.589 , -0.6200027
12.59 , -0.6500015
12.591 , -0.6100006
12.592 , -0.5699997
12.593 , -0.6100006
12.595 , -0.5599976
12.596 , -0.5599976
12.597 , -0.5299988
12.598 , -0.5199966
12.599 , -0.5899963
12.6 , -0.5499954
12.602 , -0.5400009
12.603 , -0.5800018
12.604 , -0.5800018
12.605 , -0.5699997
12.606 , -0.5999985
12.607 , -0.5699997
12.609 , -0.5899963
12.61 , -0.5899963
12.611 , -0.5599976
12.612 , -0.5499954
12.613 , -0.5499954
12.614 , -0.5499954
12.615 , -0.5
12.617 , -0.5
12.618 , -0.4899979
12.619 , -0.5299988
12.62 , -0.4599991
12.621 , -0.5299988
12.622 , -0.5199966
12.624 , -0.5199966
12.625 , -0.5100021
12.626 , -0.4700012
12.627 , -0.3800049
12.628 , -0.2700043
12.629 , -0.1600037
12.63 , -0.06999969
12.632 , 0.2200012
12.633 , 0.2799988
12.634 , 0.4000015
12.635 , 0.4100037
12.636 , 0.4100037
12.637 , 0.4300003
12.638 , 0.4199982
12.64 , 0.3699951
12.641 , 0.2999954
12.642 , 0.2900009
12.643 , 0.25
12.644 , 0.2200012
12.645 , 0.2300034
12.646 , 0.2600021
12.647 , 0.2600021
12.649 , 0.3799973
12.65 , 0.4499969
12.651 , 0.5599976
12.652 , 0.6399994
12.653 , 0.7799988
12.654 , 0.8699951
12.656 , 0.9500046
12.657 , 1.059998
12.658 , 1.07
12.659 , 1.139999
12.66 , 1.210007
12.661 , 1.139999
12.662 , 1.199997
12.664 , 1.199997
12.665 , 1.089996
12.666 , 1.139999
12.667 , 1.139999
12.668 , 1.099998
12.669 , 1.099998
12.671 , 1.169998
12.672 , 1.179993
12.673 , 1.179993
12.674 , 1.25
12.675 , 1.239998
12.676 , 1.279999
12.677 , 1.330002
12.679 , 1.360001
12.68 , 1.410004
12.681 , 1.290001
12.682 , 1.209999
12.683 , 0.9800034
12.684 , 0.8000031
12.685 , 0.5599976
12.686 , 0.3499985
12.688 , 0.1699982
12.689 , 0.04000092
12.69 , 0.01999664
12.691 , -0.05000305
12.693 , -0.01999664
12.694 , 0.08000183
12.696 , 0.2200012
12.697 , 0.3100052
12.698 , 0.4500046
12.699 , 0.5999985
12.7 , 0.6899948
12.701 , 0.7599945
12.702 , 0.7900009
12.704 , 0.7900009
12.705 , 0.8199997
12.706 , 0.8199997
12.707 , 0.7799988
12.708 , 0.7099991
12.709 , 0.6499939
12.711 , 0.5799942
12.712 , 0.5699997
12.713 , 0.5
12.714 , 0.5
12.715 , 0.4700012
12.716 , 0.4700012
12.717 , 0.4700012
12.719 , 0.4500046
12.72 , 0.4500046
12.721 , 0.5200043
12.722 , 0.5299988
12.723 , 0.4899979
12.724 , 0.5499954
12.725 , 0.5599976
12.727 , 0.5400009
12.728 , 0.5599976
12.729 , 0.5500031
12.73 , 0.5500031
12.731 , 0.5100021
12.732 , 0.5799942
12.733 , 0.5199966
12.735 , 0.5
12.736 , 0.5299988
12.737 , 0.5299988
12.738 , 0.5299988
12.739 , 0.4899979
12.74 , 0.4899979
12.742 , 0.5200043
12.743 , 0.5
12.744 , 0.5200043
12.745 , 0.5299988
12.746 , 0.5099945
12.747 , 0.5299988
12.748 , 0.5299988
12.75 , 0.5400009
12.751 , 0.5199966
12.752 , 0.5299988
12.753 , 0.4599991
12.754 , 0.5299988
12.755 , 0.4699936
12.756 , 0.4899979
12.758 , 0.5399933
12.759 , 0.4799957
12.76 , 0.4799957
12.761 , 0.4399948
12.762 , 0.4899979
12.763 , 0.4499969
12.765 , 0.4599991
12.766 , 0.4599991
12.767 , 0.4300003
12.768 , 0.4300003
12.769 , 0.4699936
12.77 , 0.4699936
12.772 , 0.4799957
12.773 , 0.4499969
12.774 , 0.4799957
12.775 , 0.4499969
12.776 , 0.4599991
12.777 , 0.4400024
12.779 , 0.4700012
12.78 , 0.4700012
12.781 , 0.4700012
12.782 , 0.409996
12.783 , 0.4599991
12.784 , 0.4599991
12.785 , 0.409996
12.786 , 0.4199982
12.788 , 0.4199982
12.789 , 0.4300003
12.79 , 0.4300003
12.791 , 0.4300003
12.792 , 0.4199982
12.793 , 0.4199982
12.795 , 0.4199982
12.796 , 0.5
12.797 , 0.4499969
12.798 , 0.4499969
12.799 , 0.4400024
12.8 , 0.4599991
12.801 , 0.4000015
12.803 , 0.4100037
12.804 , 0.4100037
12.805 , 0.4100037
12.806 , 0.4199982
12.807 , 0.3899994
12.808 , 0.3899994
12.809 , 0.4300003
12.811 , 0.4000015
12.812 , 0.4100037
12.813 , 0.4100037
12.814 , 0.4100037
12.815 , 0.4100037
12.816 , 0.4199982
12.817 , 0.4199982
12.819 , 0.409996
12.82 , 0.4300003
12.821 , 0.409996
12.822 , 0.4199982
12.823 , 0.4199982
12.824 , 0.3700027
12.825 , 0.4199982
12.826 , 0.3800049
12.828 , 0.4500046
12.829 , 0.3899994
12.83 , 0.3699951
12.831 , 0.3899994
12.832 , 0.4000015
12.833 , 0.3799973
12.834 , 0.3399963
12.836 , 0.3199997
12.837 , 0.25
12.838 , 0.25
12.839 , 0.2399979
12.84 , 0.2899933
12.841 , 0.3299942
12.843 , 0.3699951
12.844 , 0.3699951
12.845 , 0.409996
12.846 , 0.4400024
12.847 , 0.4400024
12.848 , 0.4400024
12.849 , 0.4300003
12.85 , 0.4300003
12.852 , 0.3600006
12.853 , 0.3699951
12.854 , 0.2999954
12.855 , 0.2799988
12.856 , 0.25
12.857 , 0.2200012
12.858 , 0.1800003
12.86 , 0.1900024
12.861 , 0.1600037
12.862 , 0.1600037
12.863 , 0.2000046
12.864 , 0.2000046
12.865 , 0.2000046
12.866 , 0.2099991
12.867 , 0.2099991
12.869 , 0.2600021
12.87 , 0.2200012
12.871 , 0.2900009
12.872 , 0.2600021
12.873 , 0.3000031
12.874 , 0.2700043
12.875 , 0.2700043
12.877 , 0.2399979
12.878 , 0.2399979
12.879 , 0.2200012
12.88 , 0.2200012
12.881 , 0.2200012
12.882 , 0.2200012
12.883 , 0.2099991
12.885 , 0.1600037
12.886 , 0.2200012
12.887 , 0.1700058
12.888 , 0.2200012
12.889 , 0.1800003
12.89 , 0.1800003
12.891 , 0.159996
12.892 , 0.159996
12.894 , 0.1900024
12.895 , 0.1900024
12.896 , 0.1800003
12.897 , 0.1800003
12.898 , 0.1399994
12.899 , 0.1899948
12.9 , 0.1899948
12.902 , 0.1499939
12.903 , 0.159996
12.904 , 0.159996
12.905 , 0.159996
12.906 , 0.2099991
12.907 , 0.1699982
12.909 , 0.1500015
12.91 , 0.1100006
12.911 , 0.1500015
12.912 , 0.1100006
12.913 , 0.1199951
12.914 , 0.08999634
12.915 , 0.08999634
12.917 , 0.08000183
12.918 , 0.08000183
12.92 , 0.09000397
12.921 , 0.05000305
12.922 , 0.09000397
12.924 , 0.05999756
12.925 , -0.04000092
12.926 , 0.04000092
12.928 , 0.06999969
12.929 , 0.1200027
12.93 , 0.05000305
12.931 , 0.05000305
12.933 , 0.06000519
12.934 , 0.02000427
12.935 , 0.06000519
12.937 , -0.02000427
12.938 , 0.0
12.939 , -0.02000427
12.94 , -0.01000214
12.942 , -0.05000305
12.943 , -0.04000092
12.944 , -0.06999969
12.946 , -0.05999756
12.947 , -0.05999756
12.949 , -0.02999878
12.95 , -0.09000397
12.951 , -0.05000305
12.953 , 0.02999878
12.954 , -0.01000214
12.955 , 0.02999878
12.957 , 0.0
12.958 , -0.02999878
12.959 , -0.02999878
12.961 , 0.009994507
12.962 , -0.09000397
12.963 , -0.08000183
12.965 , -0.09999847
12.966 , -0.06999969
12.967 , -0.08999634
12.969 , -0.08999634
12.97 , -0.1199951
12.971 , -0.1199951
12.973 , -0.1100006
12.974 , -0.1100006
12.975 , -0.1100006
12.976 , -0.09999847
12.977 , -0.1299973
12.978 , -0.09999847
12.98 , -0.08999634
12.981 , -0.1199951
12.982 , -0.1199951
12.984 , -0.1100006
12.985 , -0.1500015
12.986 , -0.09999847
12.987 , -0.09999847
12.989 , -0.09999847
12.99 , -0.1299973
12.991 , -0.08999634
12.992 , -0.1299973
12.994 , -0.1499939
12.995 , -0.1499939
12.996 , -0.1399994
12.997 , -0.1800003
12.998 , -0.1800003
13.0 , -0.1699982
13.001 , -0.2200012
13.002 , -0.2200012
13.003 , -0.159996
13.004 , -0.2099991
13.005 , -0.2099991
13.006 , -0.1500015
13.007 , -0.2200012
13.008 , -0.2200012
13.01 , -0.1900024
13.011 , -0.1900024
13.012 , -0.2099991
13.013 , -0.1800003
13.014 , -0.1800003
13.015 , -0.1999969
13.016 , -0.2399979
13.017 , -0.1899948
13.019 , -0.2399979
13.02 , -0.1800003
13.021 , -0.2300034
13.022 , -0.1800003
13.023 , -0.2200012
13.024 , -0.2399979
13.025 , -0.2399979
13.026 , -0.2200012
13.028 , -0.2299957
13.029 , -0.2299957
13.03 , -0.1999969
13.031 , -0.1999969
13.032 , -0.2199936
13.033 , -0.25
13.034 , -0.2799988
13.036 , -0.2799988
13.037 , -0.2699966
13.038 , -0.2699966
13.039 , -0.2699966
13.04 , -0.2799988
13.042 , -0.2799988
13.043 , -0.25
13.044 , -0.2700043
13.045 , -0.3199997
13.046 , -0.2700043
13.047 , -0.2600021
13.048 , -0.3099976
13.05 , -0.2999954
13.051 , -0.2999954
13.052 , -0.25
13.053 , -0.2899933
13.062 , -0.2699966
13.063 , -0.2799988
13.064 , -0.2599945
13.066 , -0.3299942
13.067 , -0.3199997
13.068 , -0.2700043
13.069 , -0.2700043
13.07 , -0.3300018
13.071 , -0.3099976
13.072 , -0.3099976
13.074 , -0.2999954
13.075 , -0.3199997
13.076 , -0.25
13.077 , -0.2899933
13.078 , -0.3099976
13.079 , -0.3099976
13.081 , -0.2799988
13.082 , -0.2799988
13.083 , -0.2900009
13.084 , -0.3300018
13.085 , -0.3300018
13.086 , -0.3600006
13.087 , -0.3199997
13.089 , -0.3199997
13.09 , -0.3100052
13.091 , -0.3100052
13.092 , -0.3100052
13.093 , -0.3000031
13.094 , -0.3300018
13.095 , -0.3300018
13.096 , -0.3300018
13.098 , -0.3199997
13.099 , -0.3199997
13.1 , -0.3299942
13.101 , -0.3799973
13.102 , -0.3299942
13.103 , -0.3700027
13.105 , -0.3700027
13.106 , -0.3700027
13.107 , -0.3600006
13.108 , -0.3799973
13.109 , -0.3799973
13.11 , -0.3499985
13.111 , -0.3499985
13.113 , -0.3499985
13.114 , -0.3399963
13.115 , -0.2899933
13.116 , -0.3399963
13.117 , -0.3300018
13.118 , -0.3300018
13.119 , -0.3300018
13.12 , -0.3399963
13.122 , -0.3399963
13.123 , -0.3399963
13.124 , -0.3099976
13.125 , -0.3299942
13.126 , -0.3999939
13.127 , -0.3899994
13.129 , -0.3899994
13.13 , -0.3799973
13.131 , -0.3799973
13.132 , -0.3799973
13.133 , -0.4500046
13.134 , -0.3899994
13.136 , -0.3899994
13.137 , -0.4300003
13.138 , -0.4300003
13.139 , -0.4499969
13.14 , -0.3700027
13.141 , -0.3700027
13.142 , -0.4200058
13.144 , -0.4100037
13.145 , -0.4100037
13.146 , -0.4700012
13.147 , -0.4599991
13.148 , -0.4199982
13.149 , -0.4199982
13.15 , -0.4500046
13.151 , -0.4500046
13.153 , -0.4500046
13.154 , -0.4400024
13.155 , -0.4400024
13.156 , -0.4400024
13.157 , -0.4599991
13.158 , -0.4300003
13.159 , -0.4599991
13.161 , -0.4499969
13.162 , -0.4499969
13.163 , -0.4699936
13.164 , -0.4599991
13.165 , -0.4599991
13.166 , -0.4599991
13.168 , -0.5
13.169 , -0.5
13.17 , -0.4399948
13.171 , -0.4899979
13.172 , -0.5099945
13.173 , -0.4899979
13.175 , -0.5
13.176 , -0.5
13.177 , -0.4700012
13.178 , -0.4700012
13.179 , -0.4899979
13.18 , -0.4799957
13.181 , -0.4799957
13.182 , -0.5199966
13.184 , -0.4699936
13.185 , -0.5400009
13.186 , -0.4699936
13.187 , -0.4599991
13.188 , -0.5
13.189 , -0.5
13.19 , -0.4899979
13.192 , -0.4899979
13.193 , -0.4899979
13.194 , -0.5100021
13.195 , -0.4799957
13.196 , -0.4799957
13.197 , -0.5
13.198 , -0.5399933
13.2 , -0.5399933
13.201 , -0.5299988
13.202 , -0.5299988
13.203 , -0.5600052
13.204 , -0.5500031
13.205 , -0.5500031
13.207 , -0.5400009
13.208 , -0.5599976
13.209 , -0.5400009
13.21 , -0.5400009
13.211 , -0.5500031
13.212 , -0.5500031
13.213 , -0.5500031
13.214 , -0.5800018
13.215 , -0.5400009
13.217 , -0.5299988
13.218 , -0.5100021
13.219 , -0.5299988
13.22 , -0.5299988
13.221 , -0.5199966
13.222 , -0.5599976
13.224 , -0.5500031
13.225 , -0.5500031
13.226 , -0.5100021
13.227 , -0.5
13.228 , -0.5400009
13.229 , -0.5699997
13.23 , -0.5699997
13.231 , -0.5299988
13.233 , -0.5599976
13.234 , -0.5500031
13.235 , -0.5500031
13.236 , -0.590004
13.237 , -0.5800018
13.238 , -0.6100006
13.239 , -0.6100006
13.24 , -0.6100006
13.242 , -0.5999985
13.243 , -0.5699997
13.244 , -0.6100006
13.245 , -0.5899963
13.246 , -0.6100006
13.247 , -0.5800018
13.249 , -0.6000061
13.25 , -0.6000061
13.251 , -0.5699997
13.252 , -0.590004
13.253 , -0.590004
13.254 , -0.5599976
13.255 , -0.5800018
13.256 , -0.5800018
13.258 , -0.5500031
13.259 , -0.5500031
13.26 , -0.5700073
13.261 , -0.5999985
13.262 , -0.5999985
13.263 , -0.5999985
13.264 , -0.5899963
13.266 , -0.6200027
13.267 , -0.5799942
13.268 , -0.5799942
13.269 , -0.6100006
13.27 , -0.6100006
13.271 , -0.6000061
13.272 , -0.6399994
13.274 , -0.6299973
13.275 , -0.590004
13.276 , -0.6299973
13.277 , -0.6800003
13.278 , -0.6199951
13.279 , -0.5800018
13.281 , -0.609993
13.282 , -0.659996
13.283 , -0.659996
13.284 , -0.6500015
13.285 , -0.6699982
13.286 , -0.6500015
13.287 , -0.6699982
13.289 , -0.659996
13.29 , -0.659996
13.291 , -0.6499939
13.292 , -0.6299973
13.293 , -0.6499939
13.295 , -0.6399994
13.296 , -0.6200027
13.297 , -0.6200027
13.298 , -0.6800003
13.299 , -0.6800003
13.3 , -0.6299973
13.301 , -0.6699982
13.303 , -0.6900024
13.304 , -0.6800003
13.305 , -0.6800003
13.306 , -0.659996
13.307 , -0.7299957
13.308 , -0.7900009
13.309 , -0.8100052
13.31 , -0.7900009
13.312 , -0.7300034
13.313 , -0.7099991
13.314 , -0.6999969
13.315 , -0.6500015
13.316 , -0.7200012
13.317 , -0.6999969
13.318 , -0.640007
13.32 , -0.640007
13.321 , -0.5599976
13.322 , -0.6100006
13.323 , -0.6100006
13.324 , -0.5999985
13.325 , -0.5999985
13.326 , -0.6200027
13.328 , -0.659996
13.329 , -0.659996
13.33 , -0.6800003
13.331 , -0.6700058
13.332 , -0.7200012
13.333 , -0.6700058
13.334 , -0.7099991
13.336 , -0.7099991
13.337 , -0.7099991
13.338 , -0.6999969
13.339 , -0.6999969
13.34 , -0.7200012
13.341 , -0.640007
13.342 , -0.640007
13.344 , -0.6300049
13.345 , -0.6300049
13.346 , -0.6300049
13.347 , -0.6800003
13.348 , -0.6900024
13.349 , -0.6200027
13.35 , -0.6699982
13.352 , -0.659996
13.353 , -0.659996
13.354 , -0.6700058
13.355 , -0.6700058
13.356 , -0.6700058
13.357 , -0.6500015
13.358 , -0.6600037
13.36 , -0.6600037
13.361 , -0.6299973
13.362 , -0.6500015
13.363 , -0.6299973
13.364 , -0.6299973
13.365 , -0.6399994
13.367 , -0.5699997
13.368 , -0.6100006
13.369 , -0.6100006
13.37 , -0.6100006
13.371 , -0.5999985
13.372 , -0.5999985
13.373 , -0.6200027
13.375 , -0.5899963
13.376 , -0.5400009
13.377 , -0.5199966
13.378 , -0.3899994
13.379 , -0.2800064
13.38 , -0.1900024
13.381 , 0.01000214
13.383 , 0.1900024
13.384 , 0.2799988
13.385 , 0.3099976
13.386 , 0.3800049
13.387 , 0.3600006
13.388 , 0.390007
13.39 , 0.3700027
13.391 , 0.3099976
13.392 , 0.2200012
13.393 , 0.1699982
13.394 , 0.1500015
13.395 , 0.1200027
13.396 , 0.1200027
13.397 , 0.1600037
13.399 , 0.1900024
13.4 , 0.3300018
13.401 , 0.409996
13.402 , 0.5699997
13.403 , 0.6199951
13.404 , 0.7299957
13.405 , 0.8600006
13.407 , 0.9199982
13.408 , 1.0
13.409 , 1.090004
13.41 , 1.120003
13.411 , 1.130005
13.412 , 1.130005
13.413 , 1.170006
13.414 , 1.130005
13.415 , 1.18
13.417 , 1.139999
13.418 , 1.120003
13.419 , 1.080002
13.42 , 1.190002
13.421 , 1.230003
13.422 , 1.270004
13.423 , 1.230003
13.424 , 1.270004
13.425 , 1.299995
13.426 , 1.329994
13.428 , 1.409996
13.429 , 1.379997
13.43 , 1.409996
13.431 , 1.459999
13.432 , 1.510002
13.433 , 1.510002
13.434 , 1.550003
13.435 , 1.520004
13.437 , 1.360001
13.438 , 1.25
13.439 , 0.9300003
13.44 , 0.6800003
13.441 , 0.4599991
13.442 , 0.3000031
13.443 , 0.1900024
13.444 , 0.06999969
13.446 , 0.04000092
13.447 , 0.04000092
13.448 , 0.1200027
13.45 , 0.1800003
13.451 , 0.340004
13.452 , 0.4000015
13.453 , 0.5800018
13.454 , 0.7200012
13.455 , 0.8199997
13.456 , 0.8899994
13.457 , 0.9100037
13.459 , 0.9200058
13.46 , 0.9200058
13.461 , 0.9000015
13.462 , 0.8600006
13.463 , 0.8399963
13.464 , 0.7699966
13.465 , 0.7099991
13.467 , 0.6900024
13.468 , 0.5599976
13.469 , 0.5599976
13.47 , 0.5
13.471 , 0.5
13.472 , 0.4800034
13.473 , 0.5100021
13.474 , 0.5500031
13.476 , 0.5199966
13.477 , 0.6299973
13.478 , 0.5899963
13.479 , 0.6600037
13.48 , 0.6600037
13.481 , 0.6399994
13.483 , 0.6700058
13.484 , 0.6500015
13.485 , 0.659996
13.486 , 0.659996
13.487 , 0.5899963
13.488 , 0.5599976
13.49 , 0.5599976
13.491 , 0.5999985
13.492 , 0.5699997
13.493 , 0.5200043
13.494 , 0.5400009
13.495 , 0.5500031
13.497 , 0.5500031
13.498 , 0.5599976
13.499 , 0.5599976
13.5 , 0.5599976
13.501 , 0.5599976
13.502 , 0.5500031
13.503 , 0.5699997
13.505 , 0.5600052
13.506 , 0.5600052
13.507 , 0.5100021
13.508 , 0.5699997
13.509 , 0.5699997
13.51 , 0.5699997
13.512 , 0.5299988
13.513 , 0.5100021
13.514 , 0.5299988
13.515 , 0.5400009
13.516 , 0.590004
13.517 , 0.5400009
13.518 , 0.5500031
13.519 , 0.5500031
13.521 , 0.5500031
13.522 , 0.5400009
13.523 , 0.5
13.524 , 0.5400009
13.525 , 0.5100021
13.526 , 0.4799957
13.527 , 0.5100021
13.528 , 0.4899979
13.53 , 0.5200043
13.531 , 0.4500046
13.532 , 0.5
13.533 , 0.4600067
13.534 , 0.4600067
13.535 , 0.5099945
13.536 , 0.4700012
13.537 , 0.5099945
13.539 , 0.4499969
13.54 , 0.5199966
13.541 , 0.4800034
13.542 , 0.4599991
13.543 , 0.4900055
13.544 , 0.4400024
13.546 , 0.4699936
13.547 , 0.4699936
13.548 , 0.4499969
13.549 , 0.4799957
13.55 , 0.4799957
13.551 , 0.4599991
13.553 , 0.4899979
13.554 , 0.4700012
13.555 , 0.5
13.556 , 0.5
13.557 , 0.5
13.558 , 0.4800034
13.559 , 0.4899979
13.56 , 0.4499969
13.562 , 0.4599991
13.563 , 0.4599991
13.564 , 0.5
13.565 , 0.4700012
13.566 , 0.4700012
13.567 , 0.4700012
13.568 , 0.4700012
13.57 , 0.4499969
13.571 , 0.4799957
13.572 , 0.4599991
13.573 , 0.4599991
13.574 , 0.3899994
13.575 , 0.4700012
13.577 , 0.4300003
13.578 , 0.4000015
13.579 , 0.4100037
13.58 , 0.4100037
13.581 , 0.4100037
13.582 , 0.4199982
13.583 , 0.4499969
13.585 , 0.4300003
13.586 , 0.409996
13.587 , 0.4300003
13.588 , 0.409996
13.589 , 0.3800049
13.59 , 0.4199982
13.591 , 0.4199982
13.592 , 0.4299927
13.594 , 0.4299927
13.595 , 0.4899979
13.596 , 0.4399948
13.597 , 0.4399948
13.598 , 0.4000015
13.599 , 0.3799973
13.601 , 0.3799973
13.602 , 0.2800064
13.603 , 0.2800064
13.604 , 0.2800064
13.605 , 0.2199936
13.606 , 0.2199936
13.607 , 0.2199936
13.609 , 0.1800003
13.61 , 0.1800003
13.611 , 0.2299957
13.612 , 0.2399979
13.613 , 0.2399979
13.614 , 0.2399979
13.615 , 0.2700043
13.617 , 0.3200073
13.618 , 0.2700043
13.619 , 0.3300018
13.62 , 0.2799988
13.621 , 0.2799988
13.622 , 0.2699966
13.623 , 0.2900009
13.624 , 0.2200012
13.626 , 0.2799988
13.627 , 0.2799988
13.628 , 0.1600037
13.629 , 0.1699982
13.63 , 0.1699982
13.631 , 0.1699982
13.633 , 0.1800003
13.634 , 0.159996
13.635 , 0.159996
13.636 , 0.1900024
13.637 , 0.1900024
13.638 , 0.1900024
13.639 , 0.2000046
13.641 , 0.25
13.642 , 0.1899948
13.643 , 0.1899948
13.644 , 0.1699982
13.645 , 0.1699982
13.646 , 0.1800003
13.647 , 0.1800003
13.649 , 0.1399994
13.65 , 0.1399994
13.651 , 0.1399994
13.652 , 0.1299973
13.653 , 0.1299973
13.654 , 0.0799942
13.656 , 0.159996
13.657 , 0.1399994
13.658 , 0.08999634
13.659 , 0.1500015
13.66 , 0.1500015
13.662 , 0.1600037
13.663 , 0.1100006
13.664 , 0.1100006
13.665 , 0.1600037
13.666 , 0.09999847
13.667 , 0.09999847
13.669 , 0.08999634
13.67 , 0.08999634
13.672 , 0.05000305
13.673 , 0.09999847
13.674 , 0.02999878
13.676 , 0.03999329
13.677 , 0.03999329
13.678 , 0.05999756
13.68 , 0.04999542
13.681 , 0.04999542
13.682 , 0.1299973
13.684 , 0.08000183
13.685 , 0.01000214
13.686 , 0.02000427
13.688 , 0.0
13.689 , 0.009994507
13.69 , -0.03000641
13.691 , -0.03000641
13.693 , -0.02000427
13.694 , -0.02000427
13.696 , -0.01000214
13.697 , -0.04000092
13.698 , -0.04000092
13.7 , -0.02999878
13.701 , -0.04999542
13.702 , -0.02000427
13.704 , -0.04000092
13.705 , 0.009994507
13.706 , -0.01000214
13.708 , 0.01999664
13.709 , 0.02999878
13.71 , 0.0
13.712 , -0.01999664
13.713 , 0.009994507
13.714 , -0.01000214
13.716 , 0.0
13.717 , -0.06999969
13.718 , -0.06999969
13.719 , -0.05999756
13.721 , -0.05999756
13.722 , -0.09999847
13.724 , -0.08999634
13.725 , -0.08999634
13.726 , -0.08000183
13.728 , -0.04000092
13.729 , -0.06999969
13.73 , -0.06999969
13.732 , -0.06999969
13.741 , -0.06999969
13.743 , -0.05999756
13.744 , -0.1299973
13.745 , -0.08000183
13.747 , -0.1199951
13.748 , -0.1199951
13.749 , -0.1100006
13.75 , -0.1300049
13.751 , -0.1300049
13.752 , -0.1300049
13.753 , -0.1200027
13.754 , -0.1200027
13.756 , -0.1100006
13.757 , -0.1500015
13.758 , -0.1500015
13.759 , -0.08000183
13.76 , -0.1000061
13.761 , -0.140007
13.762 , -0.1700058
13.764 , -0.1600037
13.765 , -0.1300049
13.766 , -0.1500015
13.767 , -0.1200027
13.768 , -0.1500015
13.769 , -0.1100006
13.77 , -0.159996
13.772 , -0.1100006
13.773 , -0.1300049
13.774 , -0.1300049
13.775 , -0.1500015
13.776 , -0.1900024
13.777 , -0.1900024
13.778 , -0.1900024
13.779 , -0.1999969
13.781 , -0.1999969
13.782 , -0.1800003
13.783 , -0.1699982
13.784 , -0.1699982
13.785 , -0.1899948
13.786 , -0.1800003
13.787 , -0.1800003
13.789 , -0.1800003
13.79 , -0.2200012
13.791 , -0.2200012
13.792 , -0.1699982
13.793 , -0.2099991
13.794 , -0.2099991
13.796 , -0.2200012
13.797 , -0.2000046
13.798 , -0.2000046
13.799 , -0.2000046
13.8 , -0.2099991
13.801 , -0.2099991
13.802 , -0.25
13.804 , -0.1999969
13.805 , -0.2399979
13.806 , -0.2299957
13.807 , -0.2299957
13.808 , -0.2299957
13.809 , -0.2299957
13.811 , -0.25
13.812 , -0.2700043
13.813 , -0.2600021
13.814 , -0.2399979
13.815 , -0.2600021
13.816 , -0.25
13.817 , -0.2299957
13.818 , -0.25
13.82 , -0.2400055
13.821 , -0.2400055
13.822 , -0.2900009
13.823 , -0.2799988
13.824 , -0.2799988
13.825 , -0.2799988
13.827 , -0.2699966
13.828 , -0.2699966
13.829 , -0.2699966
13.83 , -0.2599945
13.831 , -0.2599945
13.832 , -0.2599945
13.834 , -0.2700043
13.835 , -0.2700043
13.836 , -0.2399979
13.837 , -0.3000031
13.838 , -0.3000031
13.839 , -0.3000031
13.84 , -0.2900009
13.841 , -0.3399963
13.843 , -0.3100052
13.844 , -0.3100052
13.845 , -0.3100052
13.846 , -0.3000031
13.847 , -0.3199997
13.848 , -0.3199997
13.849 , -0.3199997
13.851 , -0.3600006
13.852 , -0.3099976
13.853 , -0.2999954
13.854 , -0.3499985
13.855 , -0.3499985
13.857 , -0.2900009
13.858 , -0.340004
13.859 , -0.2900009
13.86 , -0.3300018
13.861 , -0.3300018
13.862 , -0.3300018
13.863 , -0.3199997
13.865 , -0.3199997
13.866 , -0.3699951
13.867 , -0.3099976
13.868 , -0.3699951
13.869 , -0.3699951
13.87 , -0.3199997
13.872 , -0.3600006
13.873 , -0.3499985
13.874 , -0.3499985
13.875 , -0.3799973
13.876 , -0.3799973
13.877 , -0.3899994
13.879 , -0.3899994
13.88 , -0.3800049
13.881 , -0.4300003
13.882 , -0.3800049
13.883 , -0.3700027
13.885 , -0.3700027
13.886 , -0.3700027
13.887 , -0.3600006
13.888 , -0.409996
13.889 , -0.4700012
13.89 , -0.3999939
13.891 , -0.3999939
13.893 , -0.3899994
13.894 , -0.3899994
13.895 , -0.4100037
13.896 , -0.4100037
13.897 , -0.4000015
13.898 , -0.4000015
13.899 , -0.4000015
13.901 , -0.4300003
13.902 , -0.4599991
13.903 , -0.4500046
13.904 , -0.4200058
13.905 , -0.4500046
13.906 , -0.4500046
13.907 , -0.4400024
13.909 , -0.4400024
13.91 , -0.4700012
13.911 , -0.4700012
13.912 , -0.4700012
13.913 , -0.4199982
13.914 , -0.4599991
13.915 , -0.4899979
13.917 , -0.4500046
13.918 , -0.4500046
13.919 , -0.4500046
13.92 , -0.4400024
13.921 , -0.4400024
13.922 , -0.4400024
13.923 , -0.4599991
13.925 , -0.4599991
13.926 , -0.4599991
13.927 , -0.4500046
13.928 , -0.4500046
13.929 , -0.4500046
13.93 , -0.5
13.931 , -0.4599991
13.933 , -0.4899979
13.934 , -0.4899979
13.935 , -0.4899979
13.936 , -0.4899979
13.937 , -0.5099945
13.938 , -0.5099945
13.94 , -0.5
13.941 , -0.4700012
13.942 , -0.5400009
13.943 , -0.4899979
13.944 , -0.5299988
13.945 , -0.4899979
13.947 , -0.5199966
13.948 , -0.5199966
13.949 , -0.5199966
13.95 , -0.4699936
13.951 , -0.5099945
13.953 , -0.5
13.954 , -0.5
13.955 , -0.5
13.956 , -0.5
13.957 , -0.4899979
13.958 , -0.4899979
13.959 , -0.5199966
13.961 , -0.5099945
13.962 , -0.5299988
13.963 , -0.5299988
13.964 , -0.5600052
13.965 , -0.5600052
13.966 , -0.5600052
13.968 , -0.5500031
13.969 , -0.5500031
13.97 , -0.5400009
13.971 , -0.5699997
13.972 , -0.5400009
13.973 , -0.5699997
13.974 , -0.5299988
13.976 , -0.5599976
13.977 , -0.5500031
13.978 , -0.590004
13.979 , -0.590004
13.98 , -0.5800018
13.981 , -0.5400009
13.983 , -0.5400009
13.984 , -0.5699997
13.985 , -0.5699997
13.986 , -0.5699997
13.987 , -0.5600052
13.988 , -0.5200043
13.99 , -0.5500031
13.991 , -0.5800018
13.992 , -0.5800018
13.993 , -0.6200027
13.994 , -0.6100006
13.995 , -0.6100006
13.996 , -0.6100006
13.998 , -0.6299973
13.999 , -0.6299973
14.0 , -0.590004
14.001 , -0.590004
14.002 , -0.590004
14.003 , -0.590004
14.004 , -0.6299973
14.006 , -0.6100006
14.007 , -0.5699997
14.008 , -0.5699997
14.009 , -0.5999985
14.01 , -0.6100006
14.011 , -0.590004
14.012 , -0.590004
14.014 , -0.5800018
14.015 , -0.5999985
14.016 , -0.5999985
14.017 , -0.5899963
14.018 , -0.5899963
14.019 , -0.5899963
14.021 , -0.5599976
14.022 , -0.6199951
14.023 , -0.6199951
14.024 , -0.6399994
14.025 , -0.6100006
14.026 , -0.6100006
14.027 , -0.6699982
14.029 , -0.6299973
14.03 , -0.6199951
14.031 , -0.659996
14.032 , -0.6199951
14.033 , -0.6199951
14.034 , -0.6499939
14.036 , -0.6499939
14.037 , -0.6399994
14.038 , -0.6399994
14.039 , -0.6699982
14.04 , -0.6299973
14.041 , -0.659996
14.043 , -0.659996
14.044 , -0.6499939
14.045 , -0.6199951
14.046 , -0.6199951
14.047 , -0.6399994
14.048 , -0.6399994
14.05 , -0.6399994
14.051 , -0.6299973
14.052 , -0.6299973
14.053 , -0.6900024
14.054 , -0.6800003
14.055 , -0.6800003
14.056 , -0.6800003
14.058 , -0.6699982
14.059 , -0.7399979
14.06 , -0.7699966
14.061 , -0.7600021
14.062 , -0.7600021
14.063 , -0.7300034
14.064 , -0.6800003
14.066 , -0.6100006
14.067 , -0.6399994
14.068 , -0.5799942
14.069 , -0.5799942
14.07 , -0.5499954
14.071 , -0.5
14.072 , -0.5400009
14.074 , -0.4599991
14.075 , -0.4899979
14.076 , -0.4899979
14.077 , -0.5199966
14.078 , -0.5699997
14.079 , -0.5499954
14.081 , -0.5999985
14.082 , -0.5999985
14.083 , -0.6299973
14.084 , -0.590004
14.085 , -0.6600037
14.086 , -0.6200027
14.088 , -0.6100006
14.089 , -0.6100006
14.09 , -0.6100006
14.091 , -0.5699997
14.092 , -0.5999985
14.093 , -0.5699997
14.094 , -0.5600052
14.096 , -0.5600052
14.097 , -0.5500031
14.098 , -0.5500031
14.099 , -0.5500031
14.1 , -0.5500031
14.101 , -0.5400009
14.102 , -0.5400009
14.103 , -0.5400009
14.105 , -0.5299988
14.106 , -0.5599976
14.107 , -0.590004
14.108 , -0.590004
14.109 , -0.5500031
14.11 , -0.5500031
14.111 , -0.5400009
14.113 , -0.5400009
14.114 , -0.5299988
14.115 , -0.5299988
14.116 , -0.5
14.117 , -0.4899979
14.118 , -0.5199966
14.119 , -0.5199966
14.121 , -0.5100021
14.122 , -0.5100021
14.123 , -0.5100021
14.124 , -0.5400009
14.125 , -0.5400009
14.126 , -0.4300003
14.127 , -0.4199982
14.128 , -0.3699951
14.129 , -0.2399979
14.131 , -0.1300049
14.132 , 0.02999878
14.133 , 0.2299957
14.134 , 0.3099976
14.135 , 0.3799973
14.137 , 0.4000015
14.138 , 0.4400024
14.139 , 0.4400024
14.14 , 0.3899994
14.141 , 0.3500061
14.142 , 0.2900009
14.143 , 0.2600021
14.144 , 0.1999969
14.146 , 0.1800003
14.147 , 0.1800003
14.148 , 0.2099991
14.149 , 0.2399979
14.15 , 0.3499985
14.151 , 0.4500046
14.152 , 0.5400009
14.153 , 0.6399994
14.155 , 0.7799988
14.156 , 0.8699951
14.157 , 0.9199982
14.158 , 1.049995
14.159 , 1.110001
14.16 , 1.159996
14.161 , 1.190002
14.163 , 1.169998
14.164 , 1.18
14.165 , 1.130005
14.166 , 1.130005
14.167 , 1.130005
14.168 , 1.139999
14.169 , 1.189995
14.17 , 1.189995
14.172 , 1.150002
14.173 , 1.220001
14.174 , 1.260002
14.175 , 1.230003
14.176 , 1.260002
14.177 , 1.32
14.178 , 1.379997
14.179 , 1.379997
14.181 , 1.409996
14.182 , 1.439995
14.183 , 1.479996
14.184 , 1.489998
14.185 , 1.510002
14.186 , 1.510002
14.187 , 1.559998
14.189 , 1.590004
14.19 , 1.57
14.191 , 1.579994
14.192 , 1.529999
14.193 , 1.369995
14.194 , 1.199997
14.195 , 0.9300003
14.197 , 0.7399979
14.198 , 0.5200043
14.199 , 0.3600006
14.2 , 0.2700043
14.201 , 0.2100067
14.202 , 0.1900024
14.203 , 0.1500015
14.204 , 0.1999969
14.206 , 0.2200012
14.207 , 0.3199997
14.208 , 0.4199982
14.209 , 0.6500015
14.21 , 0.7099991
14.211 , 0.8199997
14.212 , 0.8800049
14.214 , 0.9300003
14.215 , 0.9599991
14.216 , 0.9599991
14.217 , 0.9599991
14.218 , 0.9499969
14.219 , 0.9000015
14.22 , 0.8399963
14.222 , 0.8000031
14.223 , 0.75
14.224 , 0.6600037
14.225 , 0.6500015
14.226 , 0.6000061
14.227 , 0.6000061
14.228 , 0.5899963
14.229 , 0.6100006
14.231 , 0.6699982
14.232 , 0.6200027
14.233 , 0.6699982
14.234 , 0.6900024
14.235 , 0.6800003
14.236 , 0.6800003
14.237 , 0.7300034
14.238 , 0.7399979
14.24 , 0.6899948
14.241 , 0.6999969
14.242 , 0.6999969
14.243 , 0.6999969
14.244 , 0.6299973
14.245 , 0.5699997
14.247 , 0.5699997
14.248 , 0.5800018
14.249 , 0.5400009
14.25 , 0.5800018
14.251 , 0.5499954
14.252 , 0.5899963
14.253 , 0.5899963
14.255 , 0.5599976
14.256 , 0.5599976
14.257 , 0.5599976
14.258 , 0.6100006
14.259 , 0.5699997
14.26 , 0.6100006
14.262 , 0.5799942
14.263 , 0.5799942
14.264 , 0.5499954
14.265 , 0.5599976
14.266 , 0.5899963
14.267 , 0.5599976
14.269 , 0.5699997
14.27 , 0.5999985
14.271 , 0.5600052
14.272 , 0.5800018
14.273 , 0.5800018
14.274 , 0.5600052
14.275 , 0.5899963
14.277 , 0.5299988
14.278 , 0.5800018
14.279 , 0.5800018
14.28 , 0.5800018
14.281 , 0.590004
14.282 , 0.590004
14.283 , 0.5500031
14.285 , 0.5600052
14.286 , 0.6000061
14.287 , 0.5300064
14.288 , 0.5400009
14.289 , 0.5699997
14.29 , 0.5400009
14.291 , 0.5500031
14.293 , 0.5500031
14.294 , 0.5800018
14.295 , 0.5600052
14.296 , 0.5600052
14.297 , 0.5600052
14.298 , 0.5699997
14.299 , 0.5299988
14.301 , 0.5
14.302 , 0.5100021
14.303 , 0.5400009
14.304 , 0.5400009
14.305 , 0.5500031
14.306 , 0.5200043
14.307 , 0.5200043
14.308 , 0.5300064
14.309 , 0.5300064
14.31 , 0.5100021
14.312 , 0.5699997
14.313 , 0.5199966
14.314 , 0.5400009
14.315 , 0.5299988
14.316 , 0.5299988
14.317 , 0.5299988
14.319 , 0.5
14.32 , 0.5
14.321 , 0.5400009
14.322 , 0.5099945
14.323 , 0.5099945
14.324 , 0.4799957
14.325 , 0.4899979
14.327 , 0.5199966
14.328 , 0.5
14.329 , 0.5299988
14.33 , 0.4599991
14.331 , 0.5299988
14.332 , 0.5100021
14.333 , 0.5100021
14.334 , 0.5100021
14.336 , 0.4499969
14.337 , 0.3600006
14.338 , 0.3700027
14.339 , 0.3300018
14.34 , 0.3300018
14.341 , 0.3700027
14.342 , 0.4000015
14.343 , 0.4700012
14.345 , 0.4799957
14.346 , 0.5799942
14.347 , 0.5499954
14.348 , 0.5599976
14.349 , 0.5199966
14.35 , 0.4899979
14.352 , 0.5
14.353 , 0.5
14.354 , 0.4300003
14.355 , 0.4200058
14.356 , 0.3800049
14.357 , 0.3100052
14.358 , 0.3199997
14.359 , 0.2900009
14.361 , 0.2900009
14.362 , 0.3000031
14.363 , 0.3000031
14.364 , 0.3000031
14.365 , 0.340004
14.366 , 0.340004
14.367 , 0.340004
14.368 , 0.3200073
14.369 , 0.3200073
14.371 , 0.3200073
14.372 , 0.3600006
14.373 , 0.4000015
14.374 , 0.3600006
14.375 , 0.4100037
14.376 , 0.4100037
14.377 , 0.3700027
14.378 , 0.3500061
14.379 , 0.3300018
14.381 , 0.2900009
14.382 , 0.3399963
14.383 , 0.2999954
14.384 , 0.2999954
14.385 , 0.2799988
14.386 , 0.2799988
14.388 , 0.2399979
14.389 , 0.25
14.39 , 0.2900009
14.391 , 0.25
14.392 , 0.2600021
14.393 , 0.2600021
14.394 , 0.2600021
14.395 , 0.3099976
14.397 , 0.2699966
14.398 , 0.2399979
14.399 , 0.2799988
14.4 , 0.25
14.401 , 0.25
14.402 , 0.2600021
14.412 , 0.2000046
14.413 , 0.2000046
14.414 , 0.2000046
14.415 , 0.1700058
14.416 , 0.2400055
14.417 , 0.2400055
14.418 , 0.1700058
14.419 , 0.1499939
14.421 , 0.1499939
14.422 , 0.1900024
14.423 , 0.1200027
14.424 , 0.159996
14.425 , 0.08000183
14.426 , 0.1100006
14.428 , 0.08000183
14.429 , 0.08999634
14.43 , 0.04999542
14.432 , 0.05999756
14.433 , 0.09999847
14.434 , 0.05999756
14.436 , 0.1100006
14.437 , 0.1100006
14.438 , 0.1100006
14.439 , 0.08000183
14.44 , 0.1200027
14.441 , 0.08000183
14.443 , 0.05999756
14.444 , 0.01999664
14.445 , 0.02999878
14.447 , 0.02999878
14.448 , -0.02000427
14.45 , -0.01000214
14.451 , 0.04000092
14.452 , 0.03000641
14.454 , 0.05000305
14.455 , 0.05999756
14.456 , 0.1299973
14.458 , 0.1299973
14.459 , 0.1100006
14.46 , 0.1399994
14.461 , 0.1100006
14.462 , 0.1200027
14.463 , 0.1200027
14.464 , 0.1200027
14.465 , 0.1299973
14.466 , 0.06999969
14.468 , 0.03999329
14.469 , 0.04999542
14.471 , 0.01000214
14.472 , -0.01000214
14.473 , -0.01000214
14.475 , 0.02000427
14.476 , 0.0
14.477 , 0.0
14.478 , -0.03999329
14.48 , 0.009994507
14.481 , -0.02999878
14.482 , 0.01999664
14.484 , 0.01999664
14.485 , 0.01999664
14.486 , 0.02999878
14.488 , 0.02999878
14.489 , 0.03999329
14.491 , 0.0
14.492 , 0.01000214
14.493 , -0.01000214
14.494 , -0.05999756
14.496 , 0.0
14.497 , 0.0
14.498 , -0.06999969
14.499 , -0.05999756
14.501 , -0.05999756
14.502 , -0.05000305
14.503 , -0.1200027
14.504 , -0.05000305
14.506 , -0.04000092
14.507 , -0.04000092
14.508 , -0.1399994
14.51 , -0.09999847
14.511 , -0.02999878
14.512 , -0.02000427
14.514 , -0.02000427
14.515 , -0.09000397
14.516 , -0.1100006
14.517 , -0.1100006
14.519 , -0.09999847
14.52 , -0.09999847
14.521 , -0.09999847
14.523 , -0.1499939
14.524 , -0.1299973
14.525 , -0.1800003
14.526 , -0.1700058
14.527 , -0.1399994
14.528 , -0.1700058
14.53 , -0.1600037
14.531 , -0.1600037
14.532 , -0.1500015
14.533 , -0.1899948
14.534 , -0.1500015
14.535 , -0.1500015
14.536 , -0.1799927
14.537 , -0.1799927
14.539 , -0.1300049
14.54 , -0.1699982
14.541 , -0.1699982
14.542 , -0.1200027
14.543 , -0.159996
14.544 , -0.1900024
14.546 , -0.1800003
14.547 , -0.1800003
14.548 , -0.1800003
14.549 , -0.1700058
14.55 , -0.2300034
14.551 , -0.1700058
14.552 , -0.2000046
14.554 , -0.2900009
14.555 , -0.3199997
14.556 , -0.2399979
14.557 , -0.2799988
14.558 , -0.2799988
14.559 , -0.2999954
14.561 , -0.2699966
14.562 , -0.2699966
14.563 , -0.2600021
14.564 , -0.2900009
14.565 , -0.3300018
14.566 , -0.2799988
14.568 , -0.3199997
14.569 , -0.2699966
14.57 , -0.2699966
14.571 , -0.2699966
14.572 , -0.2699966
14.573 , -0.3000031
14.575 , -0.3000031
14.576 , -0.2900009
14.577 , -0.3099976
14.578 , -0.2900009
14.579 , -0.2999954
14.58 , -0.3499985
14.582 , -0.3499985
14.583 , -0.3600006
14.584 , -0.3600006
14.585 , -0.4300003
14.586 , -0.3800049
14.587 , -0.3500061
14.588 , -0.4200058
14.59 , -0.3700027
14.591 , -0.340004
14.592 , -0.3700027
14.593 , -0.3300018
14.594 , -0.4000015
14.595 , -0.3300018
14.596 , -0.390007
14.597 , -0.3500061
14.599 , -0.340004
14.6 , -0.3800049
14.601 , -0.3100052
14.602 , -0.3800049
14.603 , -0.3700027
14.604 , -0.3700027
14.605 , -0.3899994
14.606 , -0.4300003
14.608 , -0.3799973
14.609 , -0.4200058
14.61 , -0.4200058
14.611 , -0.4200058
14.612 , -0.4400024
14.613 , -0.4300003
14.614 , -0.4100037
14.616 , -0.4199982
14.617 , -0.4499969
14.618 , -0.4499969
14.619 , -0.409996
14.62 , -0.409996
14.621 , -0.4399948
14.623 , -0.4300003
14.624 , -0.4300003
14.625 , -0.4300003
14.626 , -0.3899994
14.627 , -0.4199982
14.628 , -0.4199982
14.629 , -0.409996
14.631 , -0.409996
14.632 , -0.4499969
14.633 , -0.4400024
14.634 , -0.4400024
14.635 , -0.4400024
14.636 , -0.4500046
14.637 , -0.5
14.639 , -0.4899979
14.64 , -0.4899979
14.641 , -0.4899979
14.642 , -0.4899979
14.643 , -0.4799957
14.644 , -0.5
14.646 , -0.4900055
14.647 , -0.4900055
14.648 , -0.4900055
14.649 , -0.4900055
14.65 , -0.5100021
14.651 , -0.4800034
14.652 , -0.4800034
14.654 , -0.4700012
14.655 , -0.5
14.656 , -0.4600067
14.657 , -0.390007
14.658 , -0.390007
14.659 , -0.4400024
14.66 , -0.4300003
14.661 , -0.4300003
14.663 , -0.4400024
14.664 , -0.4199982
14.665 , -0.4400024
14.666 , -0.4300003
14.667 , -0.4599991
14.668 , -0.4300003
14.669 , -0.4599991
14.67 , -0.5100021
14.672 , -0.4500046
14.673 , -0.5
14.674 , -0.4400024
14.675 , -0.4800034
14.676 , -0.4700012
14.677 , -0.4300003
14.678 , -0.4899979
14.679 , -0.4899979
14.681 , -0.4600067
14.682 , -0.4600067
14.683 , -0.4500046
14.684 , -0.4500046
14.685 , -0.4500046
14.686 , -0.4599991
14.688 , -0.5100021
14.689 , -0.5100021
14.69 , -0.4499969
14.691 , -0.5
14.692 , -0.5
14.693 , -0.4900055
14.694 , -0.4900055
14.696 , -0.5
14.697 , -0.5
14.698 , -0.5500031
14.699 , -0.5500031
14.7 , -0.4899979
14.701 , -0.4899979
14.702 , -0.5899963
14.704 , -0.5299988
14.705 , -0.5299988
14.706 , -0.5400009
14.707 , -0.5400009
14.708 , -0.5400009
14.709 , -0.5400009
14.71 , -0.5299988
14.712 , -0.5100021
14.713 , -0.5
14.714 , -0.5199966
14.715 , -0.5499954
14.716 , -0.5400009
14.717 , -0.5100021
14.718 , -0.5400009
14.72 , -0.5299988
14.721 , -0.5299988
14.722 , -0.5699997
14.723 , -0.5599976
14.724 , -0.5599976
14.725 , -0.5599976
14.727 , -0.5699997
14.728 , -0.5699997
14.729 , -0.5699997
14.73 , -0.5600052
14.731 , -0.5600052
14.732 , -0.6100006
14.734 , -0.5999985
14.735 , -0.5500031
14.736 , -0.5500031
14.737 , -0.5899963
14.738 , -0.5199966
14.739 , -0.5400009
14.74 , -0.5300064
14.742 , -0.5800018
14.743 , -0.5200043
14.744 , -0.5699997
14.745 , -0.5699997
14.746 , -0.5699997
14.747 , -0.6100006
14.749 , -0.5800018
14.75 , -0.5999985
14.751 , -0.5999985
14.752 , -0.659996
14.753 , -0.6300049
14.754 , -0.6300049
14.756 , -0.6500015
14.757 , -0.6200027
14.758 , -0.6200027
14.759 , -0.6399994
14.76 , -0.6999969
14.761 , -0.6999969
14.763 , -0.6900024
14.764 , -0.6900024
14.765 , -0.6900024
14.766 , -0.6700058
14.767 , -0.6600037
14.768 , -0.6600037
14.769 , -0.6800003
14.771 , -0.6500015
14.772 , -0.7200012
14.773 , -0.659996
14.774 , -0.659996
14.775 , -0.7099991
14.776 , -0.7099991
14.778 , -0.7000046
14.779 , -0.7200012
14.78 , -0.7099991
14.781 , -0.7300034
14.782 , -0.7099991
14.783 , -0.6999969
14.784 , -0.6999969
14.786 , -0.7200012
14.787 , -0.7099991
14.788 , -0.7599945
14.789 , -0.7599945
14.79 , -0.75
14.791 , -0.75
14.793 , -0.7399979
14.794 , -0.7399979
14.795 , -0.6900024
14.796 , -0.6699982
14.797 , -0.7299957
14.798 , -0.6800003
14.8 , -0.7200012
14.801 , -0.7200012
14.802 , -0.7400055
14.803 , -0.7799988
14.804 , -0.7300034
14.805 , -0.8000031
14.806 , -0.8000031
14.808 , -0.8099976
14.809 , -0.8600006
14.81 , -0.8499985
14.811 , -0.9199982
14.812 , -0.8699951
14.813 , -0.7999954
14.815 , -0.7900009
14.816 , -0.7900009
14.817 , -0.7399979
14.818 , -0.6699982
14.819 , -0.6900024
14.82 , -0.659996
14.822 , -0.6100006
14.823 , -0.6100006
14.824 , -0.6000061
14.825 , -0.6500015
14.826 , -0.6500015
14.827 , -0.6399994
14.828 , -0.6600037
14.83 , -0.6500015
14.831 , -0.6999969
14.832 , -0.7399979
14.833 , -0.7399979
14.834 , -0.7799988
14.835 , -0.7299957
14.837 , -0.7200012
14.838 , -0.7900009
14.839 , -0.7200012
14.84 , -0.7600021
14.841 , -0.7099991
14.842 , -0.7099991
14.843 , -0.7099991
14.845 , -0.659996
14.846 , -0.659996
14.847 , -0.6700058
14.848 , -0.6900024
14.849 , -0.6900024
14.85 , -0.6800003
14.851 , -0.6399994
14.853 , -0.6600037
14.854 , -0.6699982
14.855 , -0.7200012
14.856 , -0.6699982
14.857 , -0.659996
14.859 , -0.659996
14.86 , -0.6500015
14.861 , -0.6500015
14.862 , -0.7000046
14.863 , -0.7000046
14.864 , -0.6200027
14.865 , -0.6200027
14.866 , -0.5999985
14.868 , -0.6100006
14.869 , -0.5400009
14.87 , -0.5999985
14.871 , -0.5799942
14.872 , -0.6199951
14.873 , -0.6199951
14.875 , -0.6100006
14.876 , -0.5699997
14.877 , -0.5100021
14.878 , -0.4199982
14.879 , -0.4000015
14.88 , -0.2699966
14.881 , -0.08999634
14.883 , 0.06999969
14.884 , 0.2199936
14.885 , 0.2899933
14.887 , 0.3199997
14.888 , 0.3199997
14.889 , 0.3600006
14.89 , 0.3700027
14.891 , 0.2399979
14.892 , 0.1699982
14.894 , 0.1100006
14.895 , 0.04000092
14.896 , 0.09000397
14.897 , 0.09999847
14.899 , 0.1199951
14.9 , 0.1699982
14.901 , 0.2699966
14.902 , 0.3600006
14.903 , 0.5
14.904 , 0.6700058
14.906 , 0.7300034
14.907 , 0.8099976
14.908 , 0.8999939
14.909 , 0.9699936
14.91 , 1.019997
14.911 , 1.07
14.913 , 1.07
14.914 , 1.110001
14.915 , 1.110001
14.916 , 1.110001
14.917 , 1.090004
14.918 , 1.120003
14.919 , 1.120003
14.92 , 1.090004
14.921 , 1.129997
14.923 , 1.129997
14.924 , 1.209999
14.925 , 1.230003
14.926 , 1.230003
14.927 , 1.240005
14.928 , 1.310005
14.929 , 1.310005
14.93 , 1.349998
14.932 , 1.359993
14.933 , 1.429993
14.934 , 1.470001
14.935 , 1.439995
14.936 , 1.529999
14.937 , 1.540001
14.938 , 1.540001
14.939 , 1.57
14.941 , 1.580002
14.942 , 1.580002
14.943 , 1.620003
14.944 , 1.629997
14.945 , 1.659996
14.946 , 1.659996
14.947 , 1.669998
14.949 , 1.690002
14.95 , 1.639999
14.951 , 1.520004
14.952 , 1.310005
14.953 , 1.029999
14.954 , 0.8200073
14.955 , 0.6100006
14.957 , 0.4399948
14.958 , 0.3699951
14.959 , 0.2299957
14.96 , 0.1800003
14.961 , 0.1900024
14.962 , 0.2200012
14.963 , 0.2900009
14.964 , 0.4300003
14.966 , 0.5299988
14.967 , 0.7199936
14.968 , 0.8600006
14.969 , 0.9199982
14.97 , 0.9899979
14.971 , 1.049995
14.973 , 1.089996
14.974 , 1.099998
14.975 , 1.059998
14.976 , 1.040001
14.977 , 0.9800034
14.978 , 0.9100037
14.98 , 0.890007
14.981 , 0.7999954
14.982 , 0.7399979
14.983 , 0.7399979
14.984 , 0.6800003
14.985 , 0.6800003
14.987 , 0.6800003
14.988 , 0.7099991
14.989 , 0.7099991
14.99 , 0.6900024
14.991 , 0.7699966
14.992 , 0.7699966
14.994 , 0.7799988
14.995 , 0.7999954
14.996 , 0.7999954
14.997 , 0.7799988
14.998 , 0.7900009
14.999 , 0.7900009
15.001 , 0.75
15.002 , 0.75
15.003 , 0.7300034
15.004 , 0.7399979
15.005 , 0.7099991
15.006 , 0.7399979
15.007 , 0.7099991
15.009 , 0.7200012
15.01 , 0.7200012
15.011 , 0.7300034
15.012 , 0.7600021
15.013 , 0.7300034
15.014 , 0.7699966
15.015 , 0.7399979
15.016 , 0.7399979
15.018 , 0.75
15.019 , 0.7099991
15.02 , 0.75
15.021 , 0.7200012
15.022 , 0.7200012
15.023 , 0.7600021
15.024 , 0.7300034
15.025 , 0.7300034
15.027 , 0.7099991
15.028 , 0.7199936
15.029 , 0.7199936
15.03 , 0.6699982
15.031 , 0.659996
15.032 , 0.6800003
15.033 , 0.659996
15.035 , 0.6699982
15.036 , 0.6900024
15.037 , 0.6699982
15.038 , 0.7000046
15.039 , 0.6500015
15.04 , 0.6800003
15.041 , 0.7099991
15.043 , 0.6899948
15.044 , 0.6299973
15.045 , 0.6299973
15.046 , 0.6699982
15.047 , 0.6699982
15.048 , 0.6800003
15.05 , 0.6800003
15.051 , 0.6499939
15.052 , 0.6899948
15.053 , 0.6499939
15.054 , 0.659996
15.055 , 0.659996
15.056 , 0.6999969
15.058 , 0.6500015
15.059 , 0.6699982
15.06 , 0.6500015
15.061 , 0.6100006
15.062 , 0.6800003
15.063 , 0.6100006
15.064 , 0.6100006
15.065 , 0.6199951
15.067 , 0.6199951
15.068 , 0.6299973
15.069 , 0.6299973
15.07 , 0.6100006
15.071 , 0.6399994
15.072 , 0.6200027
15.073 , 0.6200027
15.075 , 0.6499939
15.076 , 0.6299973
15.077 , 0.6299973
15.078 , 0.6399994
15.079 , 0.6399994
15.08 , 0.5899963
15.082 , 0.5999985
15.083 , 0.5800018
15.084 , 0.5800018
15.085 , 0.5600052
15.094 , 0.5800018
15.095 , 0.6200027
15.096 , 0.6399994
15.098 , 0.5999985
15.099 , 0.5999985
15.1 , 0.5599976
15.101 , 0.5499954
15.102 , 0.4799957
15.104 , 0.4799957
15.105 , 0.4899979
15.106 , 0.4599991
15.107 , 0.4000015
15.108 , 0.4100037
15.109 , 0.340004
15.11 , 0.340004
15.112 , 0.2999954
15.113 , 0.3499985
15.114 , 0.3499985
15.115 , 0.3600006
15.116 , 0.3799973
15.117 , 0.3799973
15.119 , 0.4400024
15.12 , 0.4400024
15.121 , 0.4500046
15.122 , 0.4500046
15.123 , 0.4700012
15.124 , 0.4700012
15.125 , 0.409996
15.126 , 0.3899994
15.127 , 0.3899994
15.129 , 0.4000015
15.13 , 0.3499985
15.131 , 0.340004
15.132 , 0.2700043
15.133 , 0.3199997
15.134 , 0.3199997
15.136 , 0.3299942
15.137 , 0.2799988
15.138 , 0.2200012
15.139 , 0.2900009
15.14 , 0.2900009
15.141 , 0.3000031
15.142 , 0.3000031
15.143 , 0.3000031
15.145 , 0.2400055
15.146 , 0.2400055
15.147 , 0.2400055
15.148 , 0.2299957
15.149 , 0.25
15.15 , 0.2099991
15.151 , 0.2299957
15.152 , 0.2200012
15.153 , 0.2200012
15.155 , 0.1800003
15.156 , 0.2300034
15.157 , 0.1800003
15.158 , 0.2399979
15.159 , 0.1899948
15.16 , 0.1899948
15.162 , 0.1999969
15.163 , 0.1999969
15.164 , 0.1999969
15.165 , 0.1900024
15.166 , 0.1399994
15.167 , 0.09999847
15.169 , 0.1100006
15.17 , 0.06000519
15.171 , 0.06000519
15.172 , 0.06999969
15.174 , 0.04999542
15.175 , 0.05999756
15.177 , 0.08000183
15.178 , 0.1399994
15.179 , 0.09000397
15.18 , 0.09000397
15.182 , 0.09999847
15.183 , 0.02999878
15.184 , 0.0799942
15.186 , 0.04000092
15.187 , 0.01999664
15.188 , 0.02999878
15.19 , -0.01999664
15.191 , -0.01999664
15.193 , -0.02999878
15.194 , 0.04000092
15.195 , 0.04999542
15.197 , 0.0
15.198 , -0.01000214
15.199 , -0.01000214
15.2 , -0.01000214
15.202 , 0.0
15.203 , 0.0
15.204 , -0.01999664
15.205 , -0.009994507
15.207 , -0.009994507
15.208 , 0.0
15.209 , 0.0
15.21 , 0.0
15.211 , 0.01999664
15.213 , 0.02999878
15.214 , 0.02999878
15.215 , 0.04000092
15.217 , 0.04000092
15.218 , 0.02999878
15.219 , -0.02000427
15.221 , -0.02000427
15.222 , -0.01000214
15.223 , -0.08000183
15.225 , -0.06999969
15.226 , -0.1100006
15.227 , -0.1100006
15.228 , -0.0799942
15.23 , -0.09999847
15.231 , -0.1499939
15.232 , -0.09000397
15.234 , -0.09000397
15.235 , -0.08000183
15.236 , -0.08000183
15.238 , -0.1299973
15.239 , -0.06999969
15.24 , -0.04999542
15.242 , -0.1100006
15.243 , -0.1100006
15.244 , -0.06000519
15.245 , -0.1200027
15.246 , -0.09999847
15.248 , -0.1200027
15.249 , -0.159996
15.25 , -0.1100006
15.251 , -0.159996
15.252 , -0.1699982
15.253 , -0.1699982
15.254 , -0.1699982
15.256 , -0.1800003
15.257 , -0.1600037
15.258 , -0.1800003
15.259 , -0.1500015
15.26 , -0.2200012
15.261 , -0.1699982
15.262 , -0.1399994
15.264 , -0.159996
15.265 , -0.1500015
15.266 , -0.1500015
15.267 , -0.1500015
15.268 , -0.2000046
15.269 , -0.1900024
15.27 , -0.1900024
15.271 , -0.1900024
15.273 , -0.1800003
15.274 , -0.1800003
15.275 , -0.1899948
15.276 , -0.1899948
15.277 , -0.1899948
15.278 , -0.2399979
15.279 , -0.2300034
15.281 , -0.3000031
15.282 , -0.2399979
15.283 , -0.2399979
15.284 , -0.2900009
15.285 , -0.2799988
15.286 , -0.2799988
15.288 , -0.2799988
15.289 , -0.2199936
15.29 , -0.2199936
15.291 , -0.2699966
15.292 , -0.1900024
15.293 , -0.2600021
15.295 , -0.1999969
15.296 , -0.25
15.297 , -0.1999969
15.298 , -0.2699966
15.299 , -0.2399979
15.3 , -0.2599945
15.302 , -0.2300034
15.303 , -0.3199997
15.304 , -0.3199997
15.305 , -0.3099976
15.306 , -0.3300018
15.307 , -0.3300018
15.308 , -0.3300018
15.309 , -0.3699951
15.311 , -0.3699951
15.312 , -0.359993
15.313 , -0.3099976
15.314 , -0.3799973
15.315 , -0.3499985
15.316 , -0.3000031
15.318 , -0.3499985
15.319 , -0.2900009
15.32 , -0.3399963
15.321 , -0.2900009
15.322 , -0.3299942
15.323 , -0.3299942
15.324 , -0.3299942
15.326 , -0.3199997
15.327 , -0.3199997
15.328 , -0.340004
15.329 , -0.3099976
15.33 , -0.3300018
15.331 , -0.3300018
15.332 , -0.3399963
15.334 , -0.3399963
15.335 , -0.3899994
15.336 , -0.3799973
15.337 , -0.3099976
15.338 , -0.3299942
15.339 , -0.3899994
15.341 , -0.3700027
15.342 , -0.3099976
15.343 , -0.3600006
15.344 , -0.3600006
15.345 , -0.3600006
15.346 , -0.2999954
15.347 , -0.3699951
15.349 , -0.340004
15.35 , -0.340004
15.351 , -0.3600006
15.352 , -0.4000015
15.353 , -0.4000015
15.354 , -0.4000015
15.355 , -0.4199982
15.356 , -0.409996
15.358 , -0.4599991
15.359 , -0.3999939
15.36 , -0.3999939
15.361 , -0.4499969
15.362 , -0.4400024
15.364 , -0.4400024
15.365 , -0.4400024
15.366 , -0.4499969
15.367 , -0.4300003
15.368 , -0.4300003
15.369 , -0.4199982
15.37 , -0.4199982
15.372 , -0.409996
15.373 , -0.409996
15.374 , -0.4499969
15.375 , -0.4299927
15.376 , -0.4199982
15.377 , -0.4400024
15.379 , -0.4300003
15.38 , -0.4800034
15.381 , -0.4800034
15.382 , -0.4700012
15.383 , -0.4899979
15.384 , -0.4899979
15.385 , -0.4899979
15.387 , -0.4800034
15.388 , -0.4800034
15.389 , -0.4700012
15.39 , -0.5200043
15.391 , -0.4700012
15.392 , -0.4599991
15.393 , -0.4599991
15.395 , -0.4599991
15.396 , -0.4300003
15.397 , -0.4499969
15.398 , -0.4499969
15.399 , -0.4400024
15.4 , -0.4900055
15.402 , -0.4800034
15.403 , -0.5
15.404 , -0.5
15.405 , -0.5199966
15.406 , -0.5099945
15.407 , -0.5799942
15.408 , -0.5799942
15.41 , -0.5699997
15.411 , -0.5699997
15.412 , -0.5699997
15.413 , -0.5599976
15.414 , -0.5599976
15.415 , -0.5800018
15.417 , -0.5499954
15.418 , -0.5499954
15.419 , -0.4699936
15.42 , -0.5399933
15.421 , -0.4699936
15.422 , -0.4699936
15.424 , -0.5299988
15.425 , -0.5500031
15.426 , -0.5400009
15.427 , -0.5400009
15.428 , -0.5400009
15.429 , -0.5299988
15.43 , -0.5999985
15.432 , -0.5999985
15.433 , -0.590004
15.434 , -0.590004
15.435 , -0.6200027
15.436 , -0.5800018
15.437 , -0.6100006
15.438 , -0.6100006
15.44 , -0.5999985
15.441 , -0.6399994
15.442 , -0.5699997
15.443 , -0.5899963
15.444 , -0.5899963
15.445 , -0.5599976
15.447 , -0.5800018
15.448 , -0.5800018
15.449 , -0.5400009
15.45 , -0.5699997
15.451 , -0.5699997
15.453 , -0.5999985
15.454 , -0.5999985
15.455 , -0.6199951
15.456 , -0.609993
15.457 , -0.609993
15.458 , -0.659996
15.46 , -0.6500015
15.461 , -0.6699982
15.462 , -0.6699982
15.463 , -0.659996
15.464 , -0.7099991
15.465 , -0.6399994
15.467 , -0.6499939
15.468 , -0.6499939
15.469 , -0.6399994
15.47 , -0.6399994
15.471 , -0.6399994
15.472 , -0.6200027
15.474 , -0.6100006
15.475 , -0.6299973
15.476 , -0.6199951
15.477 , -0.6699982
15.478 , -0.6699982
15.479 , -0.659996
15.481 , -0.6800003
15.482 , -0.6999969
15.483 , -0.6700058
15.484 , -0.6900024
15.485 , -0.6900024
15.486 , -0.6800003
15.487 , -0.7300034
15.489 , -0.6699982
15.49 , -0.7200012
15.491 , -0.6699982
15.492 , -0.6699982
15.493 , -0.7100067
15.494 , -0.7100067
15.496 , -0.6500015
15.497 , -0.6500015
15.498 , -0.7000046
15.499 , -0.7000046
15.5 , -0.6900024
15.501 , -0.7099991
15.502 , -0.7099991
15.503 , -0.6999969
15.505 , -0.6999969
15.506 , -0.7600021
15.507 , -0.7400055
15.508 , -0.7600021
15.509 , -0.7600021
15.51 , -0.7699966
15.511 , -0.7699966
15.513 , -0.7599945
15.514 , -0.7599945
15.515 , -0.7599945
15.516 , -0.8000031
15.517 , -0.8000031
15.518 , -0.75
15.52 , -0.7399979
15.521 , -0.7200012
15.522 , -0.7399979
15.523 , -0.7299957
15.524 , -0.8000031
15.525 , -0.7799988
15.526 , -0.7699966
15.528 , -0.7199936
15.529 , -0.7699966
15.53 , -0.7600021
15.531 , -0.7600021
15.532 , -0.8300018
15.533 , -0.840004
15.535 , -0.840004
15.536 , -0.8300018
15.537 , -0.8300018
15.538 , -0.8499985
15.539 , -0.8300018
15.54 , -0.7999954
15.542 , -0.8399963
15.543 , -0.8300018
15.544 , -0.8100052
15.545 , -0.8300018
15.546 , -0.8000031
15.547 , -0.7799988
15.549 , -0.8000031
15.55 , -0.7699966
15.551 , -0.8600006
15.552 , -0.8099976
15.553 , -0.8000031
15.554 , -0.8000031
15.555 , -0.8500061
15.556 , -0.8600006
15.558 , -0.8600006
15.559 , -0.9100037
15.56 , -0.9700012
15.561 , -0.9700012
15.562 , -0.9199982
15.563 , -0.8899994
15.565 , -0.8399963
15.566 , -0.8100052
15.567 , -0.8100052
15.568 , -0.7400055
15.569 , -0.7200012
15.57 , -0.6600037
15.571 , -0.7099991
15.573 , -0.6500015
15.574 , -0.6500015
15.575 , -0.6500015
15.576 , -0.6500015
15.577 , -0.7300034
15.578 , -0.7100067
15.579 , -0.7300034
15.581 , -0.7700043
15.582 , -0.7900009
15.583 , -0.7799988
15.584 , -0.7600021
15.585 , -0.7600021
15.586 , -0.7799988
15.587 , -0.75
15.589 , -0.75
15.59 , -0.7400055
15.591 , -0.7400055
15.592 , -0.7400055
15.593 , -0.7300034
15.594 , -0.6600037
15.595 , -0.6800003
15.597 , -0.6699982
15.598 , -0.6699982
15.599 , -0.7200012
15.6 , -0.7100067
15.601 , -0.7100067
15.602 , -0.7100067
15.603 , -0.7000046
15.605 , -0.7000046
15.606 , -0.7200012
15.607 , -0.6900024
15.608 , -0.6900024
15.609 , -0.6900024
15.61 , -0.6999969
15.611 , -0.6999969
15.613 , -0.6700058
15.614 , -0.6700058
15.615 , -0.6900024
15.616 , -0.6700058
15.617 , -0.6100006
15.618 , -0.6100006
15.619 , -0.590004
15.621 , -0.5999985
15.622 , -0.6500015
15.623 , -0.6399994
15.624 , -0.6399994
15.625 , -0.659996
15.626 , -0.5899963
15.628 , -0.4900055
15.629 , -0.4700012
15.63 , -0.3899994
15.631 , -0.25
15.632 , -0.08999634
15.633 , 0.1000061
15.635 , 0.2099991
15.636 , 0.3300018
15.637 , 0.3399963
15.638 , 0.3399963
15.639 , 0.3600006
15.64 , 0.3499985
15.642 , 0.2799988
15.643 , 0.2200012
15.644 , 0.1300049
15.645 , 0.05999756
15.646 , 0.04000092
15.648 , 0.05000305
15.649 , 0.1200027
15.65 , 0.1500015
15.651 , 0.2200012
15.652 , 0.3099976
15.653 , 0.4800034
15.655 , 0.5500031
15.656 , 0.6399994
15.657 , 0.7200012
15.658 , 0.7900009
15.659 , 0.9500046
15.66 , 0.9799957
15.662 , 1.029999
15.663 , 1.07
15.664 , 1.129997
15.665 , 1.059998
15.666 , 1.080002
15.667 , 1.090004
15.668 , 1.139999
15.67 , 1.100006
15.671 , 1.100006
15.672 , 1.080002
15.673 , 1.100006
15.674 , 1.159996
15.675 , 1.159996
15.676 , 1.18
15.677 , 1.190002
15.678 , 1.260002
15.68 , 1.290001
15.681 , 1.270004
15.682 , 1.340004
15.683 , 1.410004
15.684 , 1.439995
15.685 , 1.459999
15.686 , 1.459999
15.687 , 1.449997
15.689 , 1.519997
15.69 , 1.480003
15.691 , 1.480003
15.692 , 1.550003
15.693 , 1.550003
15.694 , 1.560005
15.695 , 1.610001
15.696 , 1.610001
15.698 , 1.689995
15.699 , 1.639999
15.7 , 1.720001
15.701 , 1.699997
15.702 , 1.720001
15.703 , 1.739998
15.704 , 1.75
15.705 , 1.660004
15.707 , 1.370003
15.708 , 1.170006
15.709 , 0.8200073
15.71 , 0.7399979
15.711 , 0.5099945
15.712 , 0.4000015
15.713 , 0.3099976
15.715 , 0.2200012
15.716 , 0.25
15.717 , 0.2600021
15.718 , 0.3500061
15.719 , 0.4599991
15.72 , 0.5399933
15.721 , 0.6800003
15.722 , 0.8199997
15.724 , 0.9400024
15.725 , 1.029999
15.726 , 1.099998
15.727 , 1.160004
15.728 , 1.160004
15.729 , 1.160004
15.73 , 1.100006
15.732 , 1.050003
15.733 , 1.030006
15.734 , 0.9499969
15.735 , 0.8600006
15.736 , 0.8600006
15.737 , 0.8000031
15.738 , 0.75
15.739 , 0.6800003
15.74 , 0.7400055
15.742 , 0.6900024
15.743 , 0.6900024
15.744 , 0.75
15.745 , 0.7699966
15.746 , 0.7699966
15.747 , 0.7799988
15.749 , 0.8300018
15.75 , 0.7799988
15.751 , 0.840004
15.752 , 0.7900009
15.753 , 0.840004
15.754 , 0.7800064
15.755 , 0.8000031
15.756 , 0.7800064
15.758 , 0.7399979
15.759 , 0.7399979
15.76 , 0.7900009
15.761 , 0.75
15.762 , 0.7300034
15.763 , 0.7300034
15.764 , 0.7400055
15.766 , 0.7200012
15.775 , 0.75
15.776 , 0.75
15.777 , 0.7600021
15.778 , 0.7600021
15.779 , 0.7600021
15.78 , 0.7099991
15.782 , 0.7199936
15.783 , 0.6999969
15.784 , 0.7299957
15.785 , 0.7099991
15.786 , 0.7099991
15.788 , 0.7399979
15.789 , 0.7200012
15.79 , 0.7399979
15.791 , 0.7300034
15.792 , 0.6800003
15.793 , 0.7300034
15.794 , 0.6899948
15.796 , 0.6899948
15.797 , 0.6999969
15.798 , 0.6999969
15.799 , 0.6999969
15.8 , 0.6800003
15.802 , 0.6900024
15.803 , 0.7099991
15.804 , 0.6999969
15.805 , 0.6999969
15.806 , 0.6999969
15.807 , 0.6900024
15.808 , 0.6900024
15.81 , 0.6200027
15.811 , 0.7000046
15.812 , 0.6300049
15.813 , 0.7000046
15.814 , 0.7100067
15.815 , 0.7100067
15.816 , 0.6200027
15.817 , 0.6500015
15.819 , 0.6500015
15.82 , 0.6500015
15.821 , 0.6399994
15.822 , 0.6600037
15.823 , 0.5899963
15.824 , 0.5999985
15.826 , 0.6500015
15.827 , 0.609993
15.828 , 0.659996
15.829 , 0.659996
15.83 , 0.609993
15.831 , 0.6199951
15.832 , 0.6199951
15.834 , 0.6299973
15.835 , 0.6299973
15.836 , 0.6299973
15.837 , 0.6100006
15.838 , 0.6200027
15.839 , 0.6200027
15.84 , 0.590004
15.842 , 0.6299973
15.843 , 0.6299973
15.844 , 0.6399994
15.845 , 0.6399994
15.846 , 0.6399994
15.847 , 0.5699997
15.849 , 0.5600052
15.85 , 0.5100021
15.851 , 0.5
15.852 , 0.4499969
15.853 , 0.4299927
15.854 , 0.4599991
15.855 , 0.3699951
15.857 , 0.3499985
15.858 , 0.4300003
15.859 , 0.3799973
15.86 , 0.3799973
15.861 , 0.3899994
15.862 , 0.4400024
15.864 , 0.4499969
15.865 , 0.4699936
15.866 , 0.4699936
15.867 , 0.4499969
15.868 , 0.4599991
15.869 , 0.409996
15.871 , 0.4700012
15.872 , 0.4199982
15.873 , 0.4000015
15.874 , 0.4100037
15.875 , 0.340004
15.876 , 0.340004
15.877 , 0.3600006
15.878 , 0.3699951
15.88 , 0.3499985
15.881 , 0.3600006
15.882 , 0.3600006
15.883 , 0.3600006
15.884 , 0.3000031
15.885 , 0.3000031
15.886 , 0.3000031
15.888 , 0.2899933
15.889 , 0.3099976
15.89 , 0.2899933
15.891 , 0.25
15.892 , 0.25
15.893 , 0.2299957
15.895 , 0.2399979
15.896 , 0.2200012
15.897 , 0.2600021
15.898 , 0.2300034
15.899 , 0.2300034
15.9 , 0.2300034
15.901 , 0.2399979
15.902 , 0.1899948
15.904 , 0.1999969
15.905 , 0.25
15.906 , 0.1800003
15.907 , 0.1800003
15.908 , 0.1399994
15.909 , 0.1200027
15.91 , 0.1200027
15.912 , 0.1299973
15.913 , 0.1299973
15.914 , 0.1399994
15.915 , 0.1399994
15.916 , 0.08999634
15.918 , 0.1500015
15.919 , 0.05999756
15.92 , 0.08000183
15.921 , 0.06999969
15.923 , 0.06999969
15.924 , 0.02000427
15.925 , 0.02999878
15.927 , 0.02999878
15.928 , 0.04000092
15.93 , 0.08999634
15.931 , 0.09999847
15.932 , 0.09999847
15.934 , 0.05000305
15.935 , 0.05999756
15.936 , -0.01000214
15.938 , 0.04999542
15.939 , 0.0
15.94 , -0.02000427
15.941 , -0.02999878
15.943 , -0.02999878
15.944 , -0.08000183
15.946 , -0.01999664
15.947 , -0.06999969
15.948 , -0.01000214
15.95 , -0.08000183
15.951 , -0.05000305
15.952 , 0.0
15.953 , 0.0
15.955 , 0.01000214
15.956 , 0.01000214
15.957 , 0.01000214
15.959 , -0.02999878
15.96 , -0.02999878
15.961 , 0.02999878
15.963 , 0.02999878
15.964 , -0.04000092
15.965 , -0.01000214
15.967 , -0.02999878
15.968 , 0.0
15.969 , -0.01999664
15.971 , -0.01000214
15.972 , -0.06000519
15.973 , -0.06000519
15.975 , -0.06999969
15.976 , -0.06999969
15.977 , -0.1200027
15.979 , -0.05999756
15.98 , -0.1100006
15.981 , -0.1199951
15.982 , -0.09999847
15.984 , -0.1199951
15.985 , -0.1100006
15.986 , -0.1300049
15.987 , -0.1100006
15.988 , -0.09999847
15.99 , -0.09999847
15.991 , -0.06999969
15.992 , -0.08999634
15.994 , -0.06999969
15.995 , -0.08000183
15.996 , -0.1500015
15.998 , -0.1600037
15.999 , -0.1600037
16.0 , -0.1600037
16.001 , -0.2099991
16.002 , -0.1999969
16.003 , -0.1999969
16.004 , -0.2200012
16.005 , -0.2299957
16.007 , -0.2099991
16.008 , -0.2000046
16.009 , -0.2000046
16.01 , -0.2200012
16.011 , -0.2200012
16.012 , -0.2099991
16.013 , -0.1900024
16.014 , -0.1900024
16.016 , -0.1800003
16.017 , -0.1999969
16.018 , -0.1900024
16.019 , -0.1900024
16.02 , -0.2400055
16.021 , -0.1900024
16.022 , -0.25
16.023 , -0.25
16.024 , -0.25
16.026 , -0.2399979
16.027 , -0.2399979
16.028 , -0.3199997
16.029 , -0.2999954
16.03 , -0.2999954
16.031 , -0.3199997
16.033 , -0.2900009
16.034 , -0.2900009
16.035 , -0.2799988
16.036 , -0.3000031
16.037 , -0.2799988
16.038 , -0.2699966
16.039 , -0.2900009
16.041 , -0.2699966
16.042 , -0.2799988
16.043 , -0.2799988
16.044 , -0.2799988
16.045 , -0.3199997
16.046 , -0.3199997
16.048 , -0.3300018
16.049 , -0.3300018
16.05 , -0.3799973
16.051 , -0.4000015
16.052 , -0.3899994
16.053 , -0.3899994
16.054 , -0.3899994
16.056 , -0.4300003
16.057 , -0.4300003
16.058 , -0.4199982
16.059 , -0.3499985
16.06 , -0.4199982
16.061 , -0.3700027
16.063 , -0.3600006
16.064 , -0.409996
16.065 , -0.3299942
16.066 , -0.3999939
16.067 , -0.3999939
16.068 , -0.340004
16.069 , -0.4300003
16.071 , -0.3899994
16.072 , -0.4199982
16.073 , -0.4000015
16.074 , -0.4199982
16.075 , -0.4599991
16.076 , -0.4599991
16.078 , -0.4700012
16.079 , -0.4500046
16.08 , -0.4500046
16.081 , -0.4500046
16.082 , -0.4599991
16.083 , -0.4599991
16.084 , -0.3899994
16.086 , -0.4300003
16.087 , -0.4300003
16.088 , -0.4499969
16.089 , -0.4399948
16.09 , -0.4399948
16.091 , -0.4199982
16.092 , -0.4300003
16.094 , -0.4800034
16.095 , -0.4199982
16.096 , -0.4899979
16.097 , -0.4899979
16.098 , -0.5100021
16.099 , -0.5
16.101 , -0.4599991
16.102 , -0.4700012
16.103 , -0.4500046
16.104 , -0.4700012
16.105 , -0.4800034
16.106 , -0.4599991
16.107 , -0.4599991
16.108 , -0.4400024
16.11 , -0.4499969
16.111 , -0.4499969
16.112 , -0.4399948
16.113 , -0.4399948
16.114 , -0.4399948
16.115 , -0.4300003
16.116 , -0.4500046
16.117 , -0.4500046
16.119 , -0.4400024
16.12 , -0.5100021
16.121 , -0.5100021
16.122 , -0.4799957
16.123 , -0.5699997
16.124 , -0.5699997
16.125 , -0.5599976
16.127 , -0.4899979
16.128 , -0.5399933
16.129 , -0.5299988
16.13 , -0.5299988
16.131 , -0.5299988
16.132 , -0.5199966
16.134 , -0.5199966
16.135 , -0.5099945
16.136 , -0.5099945
16.137 , -0.5099945
16.138 , -0.5299988
16.139 , -0.4500046
16.14 , -0.5
16.142 , -0.5100021
16.143 , -0.5599976
16.144 , -0.5800018
16.145 , -0.5499954
16.146 , -0.5699997
16.147 , -0.5699997
16.148 , -0.5699997
16.15 , -0.5799942
16.151 , -0.5599976
16.152 , -0.5299988
16.153 , -0.5500031
16.154 , -0.5500031
16.155 , -0.5400009
16.157 , -0.5199966
16.158 , -0.5400009
16.159 , -0.5099945
16.16 , -0.5499954
16.161 , -0.5299988
16.162 , -0.5200043
16.163 , -0.5400009
16.164 , -0.590004
16.166 , -0.5299988
16.167 , -0.5800018
16.168 , -0.5800018
16.169 , -0.5899963
16.17 , -0.5899963
16.171 , -0.6399994
16.173 , -0.6299973
16.174 , -0.5799942
16.175 , -0.5799942
16.176 , -0.6200027
16.177 , -0.5699997
16.178 , -0.5699997
16.18 , -0.5599976
16.181 , -0.6100006
16.182 , -0.5299988
16.183 , -0.5499954
16.184 , -0.5999985
16.185 , -0.5999985
16.187 , -0.590004
16.188 , -0.6100006
16.189 , -0.5999985
16.19 , -0.6200027
16.191 , -0.6200027
16.192 , -0.6100006
16.193 , -0.659996
16.195 , -0.6100006
16.196 , -0.5999985
16.197 , -0.6499939
16.198 , -0.6499939
16.199 , -0.6600037
16.201 , -0.6600037
16.202 , -0.6299973
16.203 , -0.6500015
16.204 , -0.6500015
16.205 , -0.6500015
16.206 , -0.6399994
16.207 , -0.6899948
16.208 , -0.6399994
16.21 , -0.6299973
16.211 , -0.6999969
16.212 , -0.6900024
16.213 , -0.7099991
16.214 , -0.6900024
16.215 , -0.7099991
16.216 , -0.6999969
16.218 , -0.6999969
16.219 , -0.7599945
16.22 , -0.7599945
16.221 , -0.7399979
16.222 , -0.75
16.223 , -0.8000031
16.224 , -0.75
16.226 , -0.7900009
16.227 , -0.7399979
16.228 , -0.6699982
16.229 , -0.7299957
16.23 , -0.7299957
16.231 , -0.7299957
16.233 , -0.7199936
16.234 , -0.7699966
16.235 , -0.7199936
16.236 , -0.7600021
16.237 , -0.7799988
16.238 , -0.7600021
16.24 , -0.7699966
16.241 , -0.8099976
16.242 , -0.7999954
16.243 , -0.7599945
16.244 , -0.8299942
16.245 , -0.7999954
16.246 , -0.7900009
16.248 , -0.7900009
16.249 , -0.7399979
16.25 , -0.7799988
16.251 , -0.7399979
16.252 , -0.7699966
16.253 , -0.7699966
16.255 , -0.7999954
16.256 , -0.7899933
16.257 , -0.7599945
16.258 , -0.7899933
16.259 , -0.8000031
16.26 , -0.8000031
16.262 , -0.8500061
16.263 , -0.840004
16.264 , -0.840004
16.265 , -0.840004
16.266 , -0.8300018
16.267 , -0.8899994
16.268 , -0.8300018
16.27 , -0.840004
16.271 , -0.840004
16.272 , -0.840004
16.273 , -0.8100052
16.274 , -0.8100052
16.275 , -0.8100052
16.276 , -0.8000031
16.277 , -0.8199997
16.279 , -0.8099976
16.28 , -0.8499985
16.281 , -0.8099976
16.282 , -0.8499985
16.283 , -0.8000031
16.284 , -0.8700027
16.286 , -0.8600006
16.287 , -0.8799973
16.288 , -0.8799973
16.289 , -0.8499985
16.29 , -0.8499985
16.291 , -0.8699951
16.293 , -0.859993
16.294 , -0.909996
16.295 , -0.859993
16.296 , -0.8499985
16.297 , -0.8499985
16.298 , -0.8499985
16.3 , -0.8899994
16.301 , -0.8399963
16.302 , -0.8399963
16.303 , -0.8999939
16.304 , -0.8799973
16.305 , -0.8299942
16.307 , -0.8000031
16.308 , -0.8700027
16.309 , -0.8799973
16.31 , -0.9300003
16.311 , -0.9500046
16.312 , -0.9500046
16.313 , -0.8699951
16.314 , -0.8499985
16.316 , -0.7899933
16.317 , -0.7899933
16.318 , -0.7699966
16.319 , -0.7300034
16.32 , -0.7300034
16.322 , -0.6900024
16.323 , -0.6600037
16.324 , -0.6600037
16.325 , -0.6800003
16.326 , -0.6699982
16.327 , -0.6500015
16.328 , -0.7099991
16.329 , -0.7300034
16.331 , -0.7300034
16.332 , -0.7300034
16.333 , -0.7900009
16.334 , -0.7900009
16.335 , -0.8099976
16.336 , -0.7999954
16.337 , -0.7799988
16.339 , -0.7899933
16.34 , -0.7699966
16.341 , -0.7699966
16.342 , -0.7699966
16.343 , -0.7099991
16.344 , -0.7099991
16.346 , -0.6999969
16.347 , -0.75
16.348 , -0.6800003
16.349 , -0.6800003
16.35 , -0.6899948
16.351 , -0.6899948
16.352 , -0.7399979
16.354 , -0.7300034
16.355 , -0.7300034
16.356 , -0.6699982
16.357 , -0.7200012
16.358 , -0.7399979
16.359 , -0.7399979
16.361 , -0.7299957
16.362 , -0.7299957
16.363 , -0.7199936
16.364 , -0.7199936
16.365 , -0.7199936
16.366 , -0.6900024
16.368 , -0.6900024
16.369 , -0.6399994
16.37 , -0.6800003
16.371 , -0.6800003
16.372 , -0.6800003
16.373 , -0.6899948
16.374 , -0.6899948
16.376 , -0.659996
16.377 , -0.659996
16.378 , -0.5599976
16.379 , -0.5
16.38 , -0.4199982
16.381 , -0.3300018
16.382 , -0.1900024
16.384 , 0.0
16.385 , 0.1600037
16.386 , 0.2200012
16.387 , 0.2200012
16.388 , 0.2400055
16.389 , 0.2900009
16.39 , 0.25
16.391 , 0.159996
16.393 , 0.1500015
16.394 , 0.08000183
16.395 , 0.08000183
16.396 , 0.0
16.397 , 0.02000427
16.399 , 0.0
16.4 , 0.05000305
16.401 , 0.1200027
16.402 , 0.1900024
16.403 , 0.2699966
16.405 , 0.3600006
16.406 , 0.5100021
16.407 , 0.5800018
16.408 , 0.6699982
16.409 , 0.7600021
16.41 , 0.8199997
16.411 , 0.9100037
16.412 , 0.9300003
16.414 , 0.9899979
16.415 , 0.9899979
16.416 , 1.0
16.417 , 1.019997
16.418 , 1.019997
16.419 , 1.019997
16.42 , 1.029999
16.422 , 1.010002
16.423 , 1.040001
16.424 , 1.040001
16.425 , 1.060005
16.426 , 1.060005
16.427 , 1.07
16.428 , 1.139999
16.429 , 1.209999
16.43 , 1.199997
16.432 , 1.239998
16.433 , 1.25
16.434 , 1.32
16.435 , 1.370003
16.436 , 1.370003
16.437 , 1.399994
16.438 , 1.449997
16.439 , 1.469994
16.441 , 1.479996
16.442 , 1.479996
16.443 , 1.510002
16.444 , 1.559998
16.445 , 1.510002
16.446 , 1.559998
16.447 , 1.590004
16.457 , 1.760002
16.458 , 1.830002
16.459 , 1.830002
16.46 , 1.790001
16.461 , 1.790001
16.462 , 1.68
16.463 , 1.479996
16.464 , 1.18
16.466 , 0.909996
16.467 , 0.7099991
16.468 , 0.5500031
16.469 , 0.4599991
16.47 , 0.3800049
16.471 , 0.3300018
16.473 , 0.3199997
16.474 , 0.3899994
16.475 , 0.4300003
16.476 , 0.5699997
16.477 , 0.7200012
16.478 , 0.8300018
16.479 , 0.9499969
16.481 , 1.07
16.482 , 1.139999
16.483 , 1.220001
16.484 , 1.220001
16.485 , 1.240005
16.486 , 1.200005
16.487 , 1.159996
16.488 , 1.07
16.489 , 1.049995
16.491 , 0.9899979
16.492 , 0.9400024
16.493 , 0.8800049
16.494 , 0.8600006
16.495 , 0.840004
16.496 , 0.840004
16.497 , 0.8499985
16.499 , 0.7999954
16.5 , 0.8600006
16.501 , 0.8799973
16.502 , 0.8799973
16.503 , 0.8899994
16.504 , 0.9100037
16.506 , 0.8899994
16.507 , 0.9000015
16.508 , 0.9000015
16.509 , 0.9200058
16.51 , 0.909996
16.511 , 0.8899994
16.512 , 0.909996
16.513 , 0.8399963
16.515 , 0.8499985
16.516 , 0.9000015
16.517 , 0.840004
16.518 , 0.8600006
16.519 , 0.7900009
16.52 , 0.8699951
16.521 , 0.8499985
16.523 , 0.7999954
16.524 , 0.8600006
16.525 , 0.8600006
16.526 , 0.8600006
16.527 , 0.8199997
16.528 , 0.8700027
16.529 , 0.8899994
16.531 , 0.8300018
16.532 , 0.8300018
16.533 , 0.8800049
16.534 , 0.8899994
16.535 , 0.8399963
16.536 , 0.8399963
16.537 , 0.8499985
16.539 , 0.8300018
16.54 , 0.840004
16.541 , 0.840004
16.542 , 0.8199997
16.543 , 0.8199997
16.544 , 0.8300018
16.545 , 0.7800064
16.547 , 0.7900009
16.548 , 0.8399963
16.549 , 0.7900009
16.55 , 0.8499985
16.551 , 0.8000031
16.552 , 0.8000031
16.553 , 0.8000031
16.554 , 0.8100052
16.556 , 0.8100052
16.557 , 0.8199997
16.558 , 0.7999954
16.559 , 0.7999954
16.56 , 0.7600021
16.561 , 0.8099976
16.563 , 0.7600021
16.564 , 0.8199997
16.565 , 0.8199997
16.566 , 0.7700043
16.567 , 0.7600021
16.568 , 0.7800064
16.57 , 0.7699966
16.571 , 0.7699966
16.572 , 0.7699966
16.573 , 0.7200012
16.574 , 0.7799988
16.575 , 0.7300034
16.576 , 0.7099991
16.578 , 0.7400055
16.579 , 0.7900009
16.58 , 0.75
16.581 , 0.7299957
16.582 , 0.7299957
16.583 , 0.75
16.584 , 0.7399979
16.586 , 0.7200012
16.587 , 0.6600037
16.588 , 0.6100006
16.589 , 0.590004
16.59 , 0.6000061
16.591 , 0.6200027
16.592 , 0.6200027
16.594 , 0.6800003
16.595 , 0.6999969
16.596 , 0.7699966
16.597 , 0.8000031
16.598 , 0.7600021
16.599 , 0.7600021
16.601 , 0.7200012
16.602 , 0.6500015
16.603 , 0.6500015
16.604 , 0.6199951
16.605 , 0.5699997
16.606 , 0.5499954
16.607 , 0.4899979
16.608 , 0.4899979
16.61 , 0.4000015
16.611 , 0.4300003
16.612 , 0.4100037
16.613 , 0.4300003
16.614 , 0.4400024
16.615 , 0.4900055
16.616 , 0.5100021
16.617 , 0.5199966
16.618 , 0.5199966
16.62 , 0.5199966
16.621 , 0.5299988
16.622 , 0.5500031
16.623 , 0.5299988
16.624 , 0.5400009
16.625 , 0.4700012
16.626 , 0.4700012
16.628 , 0.4800034
16.629 , 0.4600067
16.63 , 0.4100037
16.631 , 0.4000015
16.632 , 0.4000015
16.633 , 0.3600006
16.634 , 0.3700027
16.635 , 0.3700027
16.636 , 0.3700027
16.638 , 0.3500061
16.639 , 0.3500061
16.64 , 0.3800049
16.641 , 0.3899994
16.642 , 0.3600006
16.643 , 0.3600006
16.644 , 0.3700027
16.645 , 0.3499985
16.647 , 0.3600006
16.648 , 0.2900009
16.649 , 0.3099976
16.65 , 0.3099976
16.651 , 0.3199997
16.652 , 0.3000031
16.653 , 0.2600021
16.655 , 0.2399979
16.656 , 0.2399979
16.657 , 0.2300034
16.658 , 0.2300034
16.659 , 0.1800003
16.66 , 0.1600037
16.661 , 0.2400055
16.662 , 0.1700058
16.664 , 0.1800003
16.665 , 0.1299973
16.666 , 0.1800003
16.667 , 0.1900024
16.668 , 0.1399994
16.669 , 0.1900024
16.67 , 0.1399994
16.671 , 0.2000046
16.673 , 0.2000046
16.674 , 0.1399994
16.675 , 0.1600037
16.676 , 0.1399994
16.677 , 0.1299973
16.678 , 0.0799942
16.68 , 0.1299973
16.681 , 0.08999634
16.682 , 0.08999634
16.684 , 0.1500015
16.685 , 0.02999878
16.686 , 0.09999847
16.688 , 0.08999634
16.689 , 0.03999329
16.69 , 0.01999664
16.692 , 0.02999878
16.693 , 0.04999542
16.694 , 0.05999756
16.696 , 0.04000092
16.697 , 0.04000092
16.698 , 0.05000305
16.7 , -0.01999664
16.701 , -0.01000214
16.702 , -0.01000214
16.704 , 0.0
16.705 , -0.02000427
16.706 , 0.06999969
16.708 , 0.08000183
16.709 , 0.01000214
16.71 , 0.01000214
16.711 , 0.0
16.713 , 0.02000427
16.714 , 0.02999878
16.715 , 0.02999878
16.717 , 0.009994507
16.718 , 0.04000092
16.719 , 0.04000092
16.721 , 0.05000305
16.722 , 0.02999878
16.723 , 0.02999878
16.725 , 0.03999329
16.726 , -0.03000641
16.727 , -0.03000641
16.729 , -0.02000427
16.73 , -0.04000092
16.731 , -0.08000183
16.733 , -0.02999878
16.734 , -0.06999969
16.736 , -0.08999634
16.737 , -0.01999664
16.738 , -0.01000214
16.74 , -0.01000214
16.741 , -0.05000305
16.742 , -0.05000305
16.744 , -0.04000092
16.745 , -0.05999756
16.746 , -0.0799942
16.748 , -0.140007
16.749 , -0.06999969
16.75 , -0.1200027
16.751 , -0.05999756
16.753 , -0.1100006
16.754 , -0.1200027
16.755 , -0.1200027
16.756 , -0.1699982
16.757 , -0.1699982
16.758 , -0.1100006
16.76 , -0.08999634
16.761 , -0.1000061
16.762 , -0.08000183
16.763 , -0.08000183
16.765 , -0.06999969
16.766 , -0.09000397
16.767 , -0.1600037
16.769 , -0.1999969
16.77 , -0.1999969
16.771 , -0.140007
16.772 , -0.2100067
16.773 , -0.1900024
16.774 , -0.2100067
16.775 , -0.1800003
16.777 , -0.2000046
16.778 , -0.2099991
16.779 , -0.2099991
16.78 , -0.2099991
16.781 , -0.1999969
16.782 , -0.1800003
16.784 , -0.1800003
16.785 , -0.1900024
16.786 , -0.1700058
16.787 , -0.1900024
16.788 , -0.1800003
16.789 , -0.1600037
16.79 , -0.1800003
16.791 , -0.2399979
16.793 , -0.2200012
16.794 , -0.2200012
16.795 , -0.2799988
16.796 , -0.2799988
16.797 , -0.2799988
16.798 , -0.2900009
16.8 , -0.2700043
16.801 , -0.2799988
16.802 , -0.2799988
16.803 , -0.2799988
16.804 , -0.2799988
16.805 , -0.2699966
16.807 , -0.25
16.808 , -0.2600021
16.809 , -0.2600021
16.81 , -0.2600021
16.811 , -0.25
16.812 , -0.2700043
16.813 , -0.2700043
16.814 , -0.2700043
16.815 , -0.3099976
16.817 , -0.3300018
16.818 , -0.3199997
16.819 , -0.3199997
16.82 , -0.3199997
16.821 , -0.3800049
16.822 , -0.3800049
16.824 , -0.4000015
16.825 , -0.3700027
16.826 , -0.3700027
16.827 , -0.3499985
16.828 , -0.3399963
16.829 , -0.3600006
16.83 , -0.3600006
16.832 , -0.3500061
16.833 , -0.3500061
16.834 , -0.3500061
16.835 , -0.340004
16.836 , -0.3600006
16.837 , -0.3600006
16.838 , -0.4000015
16.839 , -0.3499985
16.841 , -0.409996
16.842 , -0.409996
16.843 , -0.409996
16.844 , -0.4599991
16.845 , -0.4500046
16.846 , -0.4700012
16.848 , -0.4400024
16.849 , -0.4400024
16.85 , -0.4400024
16.851 , -0.3700027
16.852 , -0.4300003
16.853 , -0.3799973
16.854 , -0.4300003
16.855 , -0.3700027
16.857 , -0.4400024
16.858 , -0.4300003
16.859 , -0.4100037
16.86 , -0.4800034
16.861 , -0.4800034
16.862 , -0.4700012
16.863 , -0.5100021
16.865 , -0.4799957
16.866 , -0.4799957
16.867 , -0.4799957
16.868 , -0.4700012
16.869 , -0.4900055
16.87 , -0.4700012
16.871 , -0.4700012
16.873 , -0.4599991
16.874 , -0.4800034
16.875 , -0.4300003
16.876 , -0.4499969
16.877 , -0.4499969
16.878 , -0.4399948
16.879 , -0.4599991
16.881 , -0.4599991
16.882 , -0.4500046
16.883 , -0.5
16.884 , -0.5
16.885 , -0.5100021
16.886 , -0.4899979
16.887 , -0.5599976
16.889 , -0.5499954
16.89 , -0.5
16.891 , -0.5499954
16.892 , -0.4900055
16.893 , -0.4900055
16.895 , -0.4800034
16.896 , -0.4800034
16.897 , -0.4599991
16.898 , -0.4700012
16.899 , -0.5199966
16.9 , -0.4700012
16.901 , -0.5199966
16.903 , -0.5099945
16.904 , -0.5299988
16.905 , -0.5400009
16.906 , -0.5200043
16.907 , -0.5400009
16.908 , -0.5299988
16.909 , -0.5999985
16.911 , -0.5299988
16.912 , -0.5899963
16.913 , -0.5899963
16.914 , -0.5899963
16.915 , -0.5800018
16.916 , -0.5100021
16.918 , -0.5
16.919 , -0.5
16.92 , -0.5
16.921 , -0.5
16.922 , -0.4899979
16.923 , -0.6100006
16.924 , -0.6100006
16.925 , -0.6199951
16.927 , -0.6199951
16.928 , -0.6100006
16.929 , -0.6300049
16.93 , -0.6300049
16.931 , -0.6300049
16.932 , -0.6200027
16.933 , -0.6200027
16.935 , -0.659996
16.936 , -0.6100006
16.937 , -0.5899963
16.938 , -0.6100006
16.939 , -0.6500015
16.94 , -0.6500015
16.941 , -0.6000061
16.943 , -0.6399994
16.944 , -0.6399994
16.945 , -0.6299973
16.946 , -0.6500015
16.947 , -0.6500015
16.948 , -0.6999969
16.95 , -0.6399994
16.951 , -0.7099991
16.952 , -0.6800003
16.953 , -0.6800003
16.954 , -0.7400055
16.955 , -0.7300034
16.957 , -0.7300034
16.958 , -0.7300034
16.959 , -0.6800003
16.96 , -0.6800003
16.961 , -0.659996
16.962 , -0.7399979
16.963 , -0.6699982
16.965 , -0.6600037
16.966 , -0.7000046
16.967 , -0.7300034
16.968 , -0.75
16.969 , -0.6900024
16.97 , -0.7200012
16.972 , -0.7299957
16.973 , -0.7299957
16.974 , -0.7799988
16.975 , -0.7700043
16.976 , -0.7700043
16.977 , -0.7700043
16.979 , -0.7600021
16.98 , -0.8199997
16.981 , -0.7600021
16.982 , -0.7699966
16.983 , -0.75
16.984 , -0.75
16.985 , -0.6899948
16.987 , -0.7399979
16.988 , -0.7599945
16.989 , -0.7300034
16.99 , -0.7900009
16.991 , -0.75
16.993 , -0.8099976
16.994 , -0.8099976
16.995 , -0.7699966
16.996 , -0.7999954
16.997 , -0.7999954
16.998 , -0.7999954
17.0 , -0.7900009
17.001 , -0.7900009
17.002 , -0.8499985
17.003 , -0.7799988
17.004 , -0.8000031
17.005 , -0.7699966
17.006 , -0.7900009
17.008 , -0.7900009
17.009 , -0.8299942
17.01 , -0.7799988
17.011 , -0.7799988
17.012 , -0.7700043
17.013 , -0.7700043
17.014 , -0.8199997
17.016 , -0.8099976
17.017 , -0.8099976
17.018 , -0.8300018
17.019 , -0.8199997
17.02 , -0.8199997
17.021 , -0.8699951
17.023 , -0.8800049
17.024 , -0.8800049
17.025 , -0.8600006
17.026 , -0.8499985
17.027 , -0.8499985
17.028 , -0.8700027
17.029 , -0.8399963
17.031 , -0.8399963
17.032 , -0.8499985
17.033 , -0.8299942
17.034 , -0.8499985
17.035 , -0.8499985
17.036 , -0.840004
17.038 , -0.840004
17.039 , -0.8700027
17.04 , -0.8700027
17.041 , -0.8700027
17.042 , -0.909996
17.043 , -0.909996
17.044 , -0.909996
17.046 , -0.8999939
17.047 , -0.8799973
17.048 , -0.8999939
17.049 , -0.840004
17.05 , -0.8899994
17.051 , -0.8700027
17.053 , -0.8300018
17.054 , -0.9300003
17.055 , -0.8600006
17.056 , -0.8699951
17.057 , -0.8699951
17.058 , -0.9399948
17.059 , -0.9700012
17.061 , -0.9700012
17.062 , -0.9599991
17.063 , -0.9599991
17.064 , -0.9000015
17.065 , -0.8499985
17.066 , -0.8899994
17.068 , -0.8199997
17.069 , -0.7799988
17.07 , -0.7399979
17.071 , -0.6699982
17.072 , -0.7099991
17.073 , -0.7099991
17.075 , -0.7099991
17.076 , -0.7200012
17.077 , -0.7200012
17.078 , -0.7600021
17.079 , -0.7799988
17.08 , -0.8499985
17.081 , -0.8499985
17.083 , -0.8600006
17.084 , -0.9000015
17.085 , -0.840004
17.086 , -0.8899994
17.087 , -0.8499985
17.088 , -0.8899994
17.09 , -0.8399963
17.091 , -0.8399963
17.092 , -0.8299942
17.093 , -0.8099976
17.094 , -0.8099976
17.096 , -0.8000031
17.097 , -0.75
17.098 , -0.8000031
17.099 , -0.7900009
17.1 , -0.7900009
17.101 , -0.7399979
17.102 , -0.7799988
17.104 , -0.7799988
17.105 , -0.7999954
17.106 , -0.8300018
17.107 , -0.7900009
17.108 , -0.7900009
17.109 , -0.7799988
17.11 , -0.8199997
17.112 , -0.8199997
17.113 , -0.7699966
17.114 , -0.7699966
17.115 , -0.75
17.116 , -0.7399979
17.117 , -0.6899948
17.119 , -0.7300034
17.12 , -0.7300034
17.121 , -0.7300034
17.122 , -0.75
17.123 , -0.7200012
17.124 , -0.7399979
17.125 , -0.7200012
17.126 , -0.7299957
17.128 , -0.659996
17.129 , -0.5999985
17.138 , 0.2399979
17.139 , 0.2700043
17.14 , 0.25
17.141 , 0.2000046
17.143 , 0.1699982
17.144 , 0.04999542
17.145 , 0.02999878
17.146 , 0.01999664
17.148 , -0.02999878
17.149 , 0.02999878
17.151 , 0.06999969
17.152 , 0.1399994
17.153 , 0.2400055
17.154 , 0.3100052
17.155 , 0.4000015
17.156 , 0.4799957
17.158 , 0.5999985
17.159 , 0.6999969
17.16 , 0.7699966
17.161 , 0.8799973
17.162 , 0.8799973
17.164 , 0.9599991
17.165 , 0.9599991
17.166 , 0.9699936
17.167 , 0.9699936
17.168 , 0.9899979
17.169 , 1.0
17.17 , 1.0
17.172 , 1.0
17.173 , 1.010002
17.174 , 1.010002
17.175 , 1.080002
17.176 , 1.090004
17.177 , 1.090004
17.178 , 1.139999
17.179 , 1.169998
17.18 , 1.220001
17.181 , 1.220001
17.183 , 1.32
17.184 , 1.32
17.185 , 1.339996
17.186 , 1.400002
17.187 , 1.419998
17.188 , 1.419998
17.189 , 1.429993
17.19 , 1.449997
17.192 , 1.519997
17.193 , 1.549995
17.194 , 1.549995
17.195 , 1.549995
17.196 , 1.610001
17.197 , 1.629997
17.198 , 1.68
17.2 , 1.690002
17.201 , 1.709999
17.202 , 1.730003
17.203 , 1.719994
17.204 , 1.790001
17.205 , 1.790001
17.206 , 1.75
17.207 , 1.82
17.208 , 1.82
17.21 , 1.880005
17.211 , 1.880005
17.212 , 1.830002
17.213 , 1.890007
17.214 , 1.890007
17.215 , 1.910004
17.216 , 1.949997
17.217 , 1.919998
17.219 , 1.919998
17.22 , 1.860001
17.221 , 1.699997
17.222 , 1.43
17.223 , 1.139999
17.224 , 0.8899994
17.225 , 0.6800003
17.226 , 0.6199951
17.228 , 0.4599991
17.229 , 0.4399948
17.23 , 0.4499969
17.231 , 0.4499969
17.232 , 0.5199966
17.233 , 0.5500031
17.235 , 0.6900024
17.236 , 0.8800049
17.237 , 1.020004
17.238 , 1.160004
17.239 , 1.200005
17.24 , 1.259995
17.241 , 1.329994
17.242 , 1.349998
17.243 , 1.339996
17.245 , 1.339996
17.246 , 1.230003
17.247 , 1.190002
17.248 , 1.120003
17.249 , 1.07
17.25 , 0.9899979
17.251 , 0.9699936
17.253 , 1.0
17.254 , 0.909996
17.255 , 0.9300003
17.256 , 0.9199982
17.257 , 0.9199982
17.258 , 0.9199982
17.259 , 0.9199982
17.261 , 1.0
17.262 , 0.9500046
17.263 , 1.029999
17.264 , 1.029999
17.265 , 1.009995
17.266 , 1.019997
17.267 , 0.9700012
17.268 , 0.9700012
17.27 , 1.029999
17.271 , 0.9599991
17.272 , 0.9400024
17.273 , 0.9699936
17.274 , 0.9499969
17.275 , 0.9499969
17.276 , 0.9599991
17.278 , 0.9599991
17.279 , 0.909996
17.28 , 0.9000015
17.281 , 0.9199982
17.282 , 0.9700012
17.283 , 0.9100037
17.285 , 0.9300003
17.286 , 0.9100037
17.287 , 0.9399948
17.288 , 0.8699951
17.289 , 0.9199982
17.29 , 0.8799973
17.291 , 0.8799973
17.293 , 0.8899994
17.294 , 0.8899994
17.295 , 0.8700027
17.296 , 0.8899994
17.297 , 0.8800049
17.298 , 0.8800049
17.3 , 0.8399963
17.301 , 0.8399963
17.302 , 0.8399963
17.303 , 0.8300018
17.304 , 0.8300018
17.305 , 0.8499985
17.306 , 0.8099976
17.308 , 0.8600006
17.309 , 0.840004
17.31 , 0.8299942
17.311 , 0.8299942
17.312 , 0.8499985
17.313 , 0.8399963
17.315 , 0.8399963
17.316 , 0.7900009
17.317 , 0.8000031
17.318 , 0.8499985
17.319 , 0.8000031
17.32 , 0.8100052
17.321 , 0.8600006
17.322 , 0.8100052
17.323 , 0.7999954
17.325 , 0.8199997
17.326 , 0.8199997
17.327 , 0.8099976
17.328 , 0.8099976
17.329 , 0.8099976
17.33 , 0.8199997
17.332 , 0.7700043
17.333 , 0.8299942
17.334 , 0.7799988
17.335 , 0.7599945
17.336 , 0.7399979
17.337 , 0.6999969
17.339 , 0.6800003
17.34 , 0.6399994
17.341 , 0.6200027
17.342 , 0.6399994
17.343 , 0.6500015
17.344 , 0.7000046
17.346 , 0.7200012
17.347 , 0.7999954
17.348 , 0.7999954
17.349 , 0.7299957
17.35 , 0.7399979
17.351 , 0.7200012
17.352 , 0.6699982
17.354 , 0.6600037
17.355 , 0.6399994
17.356 , 0.590004
17.357 , 0.5299988
17.358 , 0.5099945
17.359 , 0.4699936
17.36 , 0.4300003
17.362 , 0.4499969
17.363 , 0.4499969
17.364 , 0.4599991
17.365 , 0.4400024
17.366 , 0.4400024
17.367 , 0.4500046
17.368 , 0.4700012
17.369 , 0.4700012
17.371 , 0.4799957
17.372 , 0.4799957
17.373 , 0.5099945
17.374 , 0.4899979
17.375 , 0.4700012
17.376 , 0.4700012
17.378 , 0.4800034
17.379 , 0.4300003
17.38 , 0.3800049
17.381 , 0.3800049
17.382 , 0.3800049
17.383 , 0.3500061
17.384 , 0.3399963
17.386 , 0.3600006
17.387 , 0.3700027
17.388 , 0.3499985
17.389 , 0.3700027
17.39 , 0.3600006
17.391 , 0.3600006
17.392 , 0.3100052
17.393 , 0.2900009
17.395 , 0.2999954
17.396 , 0.2999954
17.397 , 0.2600021
17.398 , 0.2600021
17.399 , 0.2399979
17.4 , 0.25
17.402 , 0.2099991
17.403 , 0.2099991
17.404 , 0.1900024
17.405 , 0.1900024
17.406 , 0.1900024
17.407 , 0.1800003
17.408 , 0.1800003
17.409 , 0.1800003
17.41 , 0.2099991
17.412 , 0.1900024
17.413 , 0.1900024
17.414 , 0.2000046
17.415 , 0.25
17.416 , 0.2200012
17.417 , 0.2099991
17.418 , 0.2099991
17.419 , 0.1399994
17.42 , 0.1699982
17.422 , 0.1100006
17.423 , 0.1500015
17.424 , 0.1200027
17.425 , 0.09000397
17.426 , 0.06999969
17.428 , 0.08000183
17.429 , 0.1000061
17.43 , 0.08999634
17.431 , 0.04000092
17.433 , 0.08999634
17.434 , 0.09999847
17.435 , 0.09999847
17.437 , 0.06000519
17.438 , 0.06000519
17.439 , 0.04000092
17.441 , 0.009994507
17.442 , 0.06999969
17.444 , 0.08000183
17.445 , -0.01000214
17.446 , 0.01999664
17.448 , 0.0
17.449 , 0.0
17.45 , -0.01999664
17.451 , -0.009994507
17.453 , -0.009994507
17.454 , 0.0
17.455 , 0.01999664
17.457 , 0.05999756
17.458 , 0.05999756
17.459 , 0.09999847
17.461 , 0.06999969
17.462 , 0.04000092
17.463 , 0.04000092
17.465 , 0.05000305
17.466 , 0.03000641
17.467 , 0.04000092
17.469 , -0.01000214
17.47 , -0.02999878
17.471 , -0.05999756
17.473 , -0.05999756
17.474 , -0.0799942
17.476 , -0.0799942
17.477 , -0.04000092
17.478 , -0.06999969
17.48 , 0.0
17.481 , -0.02999878
17.482 , -0.02999878
17.483 , -0.05999756
17.485 , -0.08999634
17.486 , -0.04999542
17.488 , -0.1299973
17.489 , -0.0799942
17.49 , -0.1299973
17.491 , -0.1600037
17.493 , -0.1200027
17.494 , -0.1500015
17.495 , -0.1800003
17.496 , -0.1100006
17.497 , -0.09999847
17.498 , -0.1399994
17.5 , -0.09999847
17.501 , -0.1300049
17.502 , -0.1300049
17.503 , -0.1300049
17.504 , -0.1200027
17.505 , -0.1200027
17.507 , -0.1399994
17.508 , -0.1800003
17.509 , -0.1800003
17.51 , -0.2099991
17.511 , -0.1999969
17.512 , -0.1999969
17.513 , -0.2199936
17.515 , -0.2099991
17.516 , -0.2099991
17.517 , -0.1999969
17.518 , -0.1800003
17.519 , -0.1800003
17.52 , -0.1800003
17.521 , -0.1899948
17.523 , -0.1899948
17.524 , -0.1800003
17.525 , -0.2200012
17.526 , -0.25
17.527 , -0.2099991
17.528 , -0.2399979
17.529 , -0.2399979
17.531 , -0.2699966
17.532 , -0.2699966
17.533 , -0.3000031
17.534 , -0.2900009
17.535 , -0.2900009
17.536 , -0.2599945
17.537 , -0.2599945
17.539 , -0.25
17.54 , -0.25
17.541 , -0.2700043
17.542 , -0.2700043
17.543 , -0.2700043
17.544 , -0.2299957
17.545 , -0.2299957
17.547 , -0.2299957
17.548 , -0.2899933
17.549 , -0.2899933
17.55 , -0.2899933
17.551 , -0.2799988
17.552 , -0.3000031
17.554 , -0.2900009
17.555 , -0.2900009
17.556 , -0.2900009
17.557 , -0.2699966
17.558 , -0.2599945
17.559 , -0.2799988
17.56 , -0.2799988
17.562 , -0.3000031
17.563 , -0.2700043
17.564 , -0.2900009
17.565 , -0.3300018
17.566 , -0.3300018
17.567 , -0.2900009
17.568 , -0.3499985
17.57 , -0.3499985
17.571 , -0.409996
17.572 , -0.3399963
17.573 , -0.409996
17.574 , -0.4000015
17.575 , -0.4000015
17.577 , -0.4000015
17.578 , -0.3199997
17.579 , -0.3199997
17.58 , -0.3199997
17.581 , -0.4000015
17.582 , -0.3799973
17.584 , -0.390007
17.585 , -0.390007
17.586 , -0.390007
17.587 , -0.390007
17.588 , -0.4500046
17.589 , -0.3800049
17.59 , -0.4500046
17.591 , -0.4400024
17.593 , -0.4400024
17.594 , -0.4499969
17.595 , -0.4499969
17.596 , -0.5
17.597 , -0.4300003
17.598 , -0.4400024
17.599 , -0.4200058
17.601 , -0.4100037
17.602 , -0.4300003
17.603 , -0.4300003
17.604 , -0.4700012
17.605 , -0.4700012
17.606 , -0.4700012
17.607 , -0.4700012
17.608 , -0.4800034
17.61 , -0.4800034
17.611 , -0.4899979
17.612 , -0.4700012
17.613 , -0.5400009
17.614 , -0.5299988
17.615 , -0.4799957
17.616 , -0.4799957
17.618 , -0.4699936
17.619 , -0.5199966
17.62 , -0.4699936
17.621 , -0.5100021
17.622 , -0.4400024
17.623 , -0.5100021
17.624 , -0.4599991
17.626 , -0.5200043
17.627 , -0.5
17.628 , -0.5100021
17.629 , -0.5100021
17.63 , -0.5599976
17.631 , -0.5499954
17.632 , -0.5699997
17.634 , -0.5499954
17.635 , -0.5600052
17.636 , -0.5600052
17.637 , -0.5600052
17.638 , -0.5500031
17.639 , -0.5899963
17.641 , -0.5400009
17.642 , -0.5400009
17.643 , -0.5400009
17.644 , -0.5400009
17.645 , -0.6000061
17.646 , -0.5699997
17.647 , -0.6000061
17.648 , -0.6100006
17.65 , -0.6600037
17.651 , -0.6500015
17.652 , -0.6500015
17.653 , -0.6699982
17.654 , -0.6699982
17.655 , -0.6999969
17.656 , -0.6999969
17.658 , -0.6500015
17.659 , -0.6500015
17.66 , -0.6500015
17.661 , -0.6200027
17.662 , -0.6399994
17.663 , -0.6399994
17.664 , -0.6800003
17.666 , -0.6699982
17.667 , -0.6699982
17.668 , -0.6600037
17.669 , -0.6900024
17.67 , -0.6900024
17.671 , -0.6800003
17.673 , -0.7000046
17.674 , -0.7000046
17.675 , -0.7399979
17.676 , -0.7399979
17.677 , -0.6900024
17.678 , -0.6800003
17.679 , -0.6800003
17.681 , -0.6700058
17.682 , -0.6700058
17.683 , -0.6700058
17.684 , -0.7200012
17.685 , -0.7099991
17.686 , -0.7099991
17.688 , -0.6999969
17.689 , -0.7200012
17.69 , -0.7900009
17.691 , -0.75
17.692 , -0.75
17.693 , -0.75
17.694 , -0.7800064
17.695 , -0.7900009
17.697 , -0.7399979
17.698 , -0.7600021
17.699 , -0.7600021
17.7 , -0.7299957
17.701 , -0.7199936
17.702 , -0.7699966
17.704 , -0.75
17.705 , -0.7600021
17.706 , -0.7400055
17.707 , -0.7600021
17.708 , -0.75
17.709 , -0.8000031
17.71 , -0.8000031
17.711 , -0.8000031
17.713 , -0.8099976
17.714 , -0.8099976
17.715 , -0.7999954
17.716 , -0.7799988
17.717 , -0.8399963
17.718 , -0.7700043
17.72 , -0.8300018
17.721 , -0.7900009
17.722 , -0.7799988
17.723 , -0.7600021
17.724 , -0.8199997
17.725 , -0.8099976
17.726 , -0.8099976
17.728 , -0.8300018
17.729 , -0.8300018
17.73 , -0.8700027
17.731 , -0.8700027
17.732 , -0.8899994
17.733 , -0.8600006
17.734 , -0.8899994
17.736 , -0.8799973
17.737 , -0.8799973
17.738 , -0.8699951
17.739 , -0.8699951
17.74 , -0.8899994
17.742 , -0.8600006
17.743 , -0.8600006
17.744 , -0.8600006
17.745 , -0.8700027
17.746 , -0.8499985
17.747 , -0.8700027
17.748 , -0.8600006
17.75 , -0.8600006
17.751 , -0.909996
17.752 , -0.9200058
17.753 , -0.9200058
17.754 , -0.9200058
17.755 , -0.9100037
17.756 , -0.9100037
17.758 , -0.9400024
17.759 , -0.9400024
17.76 , -0.9400024
17.761 , -0.8799973
17.762 , -0.8899994
17.763 , -0.9300003
17.764 , -0.8899994
17.766 , -0.8800049
17.767 , -0.9500046
17.768 , -0.9400024
17.769 , -0.9599991
17.77 , -0.9400024
17.771 , -0.9400024
17.773 , -0.9300003
17.774 , -0.9499969
17.775 , -0.9400024
17.776 , -0.9400024
17.777 , -0.9400024
17.778 , -0.9300003
17.779 , -0.9300003
17.781 , -0.9300003
17.782 , -0.9199982
17.783 , -0.9199982
17.784 , -0.9700012
17.785 , -0.9599991
17.786 , -0.9599991
17.788 , -0.9599991
17.789 , -0.9500046
17.79 , -0.9700012
17.791 , -0.9500046
17.792 , -1.0
17.793 , -0.9599991
17.794 , -0.9599991
17.796 , -0.9499969
17.797 , -1.019997
17.798 , -0.9899979
17.799 , -0.9799957
17.8 , -1.009995
17.802 , -0.9700012
17.803 , -1.0
17.804 , -1.0
17.805 , -1.029999
17.806 , -0.9899979
17.807 , -0.9899979
17.808 , -1.029999
17.818 , -0.9300003
17.819 , -0.8799973
17.82 , -0.8600006
17.821 , -0.8099976
17.822 , -0.7799988
17.823 , -0.7799988
17.825 , -0.7900009
17.826 , -0.7900009
17.827 , -0.7900009
17.828 , -0.840004
17.829 , -0.8300018
17.83 , -0.8899994
17.832 , -0.8399963
17.833 , -0.9499969
17.834 , -0.909996
17.835 , -0.9000015
17.836 , -0.9400024
17.837 , -0.9400024
17.839 , -0.9300003
17.84 , -0.9300003
17.841 , -0.8899994
17.842 , -0.8799973
17.843 , -0.8799973
17.844 , -0.8799973
17.846 , -0.8399963
17.847 , -0.8399963
17.848 , -0.8399963
17.849 , -0.8600006
17.85 , -0.8300018
17.851 , -0.8600006
17.852 , -0.7799988
17.854 , -0.8499985
17.855 , -0.8799973
17.856 , -0.8399963
17.857 , -0.8799973
17.858 , -0.8399963
17.86 , -0.8300018
17.861 , -0.8700027
17.862 , -0.7900009
17.863 , -0.8199997
17.864 , -0.8199997
17.865 , -0.8499985
17.866 , -0.8099976
17.868 , -0.7799988
17.869 , -0.7699966
17.87 , -0.7699966
17.871 , -0.7999954
17.872 , -0.7900009
17.874 , -0.7900009
17.875 , -0.7900009
17.876 , -0.7799988
17.877 , -0.7799988
17.878 , -0.6399994
17.879 , -0.6100006
17.881 , -0.5199966
17.882 , -0.409996
17.883 , -0.3399963
17.884 , -0.1199951
17.885 , 0.04000092
17.887 , 0.1199951
17.888 , 0.1199951
17.889 , 0.1299973
17.89 , 0.1299973
17.891 , 0.1100006
17.892 , 0.06999969
17.894 , 0.01000214
17.895 , -0.08999634
17.896 , -0.1000061
17.898 , -0.1700058
17.899 , -0.09000397
17.9 , -0.02000427
17.901 , 0.0
17.903 , 0.08000183
17.904 , 0.2000046
17.905 , 0.2600021
17.906 , 0.340004
17.907 , 0.4800034
17.908 , 0.5699997
17.91 , 0.6699982
17.911 , 0.7699966
17.912 , 0.8399963
17.913 , 0.8700027
17.914 , 0.8700027
17.915 , 0.9100037
17.917 , 0.9200058
17.918 , 0.9500046
17.919 , 0.9300003
17.92 , 0.9300003
17.921 , 0.8899994
17.922 , 0.9400024
17.923 , 0.9400024
17.924 , 0.9400024
17.926 , 0.9800034
17.927 , 0.9800034
17.928 , 1.040001
17.929 , 1.050003
17.93 , 1.050003
17.931 , 1.150002
17.932 , 1.199997
17.933 , 1.159996
17.935 , 1.220001
17.936 , 1.300003
17.937 , 1.300003
17.938 , 1.370003
17.939 , 1.340004
17.94 , 1.380005
17.941 , 1.340004
17.942 , 1.409996
17.944 , 1.409996
17.945 , 1.459999
17.946 , 1.489998
17.947 , 1.519997
17.948 , 1.489998
17.949 , 1.529999
17.95 , 1.57
17.952 , 1.580002
17.953 , 1.600006
17.954 , 1.650002
17.955 , 1.670006
17.956 , 1.68
17.957 , 1.709999
17.959 , 1.760002
17.96 , 1.720001
17.961 , 1.720001
17.962 , 1.779999
17.963 , 1.770004
17.964 , 1.790001
17.965 , 1.840004
17.966 , 1.850006
17.968 , 1.850006
17.969 , 1.860001
17.97 , 1.879997
17.971 , 1.860001
17.972 , 1.860001
17.973 , 1.919998
17.974 , 1.870003
17.976 , 1.740005
17.977 , 1.650002
17.978 , 1.420006
17.979 , 1.139999
17.98 , 0.909996
17.981 , 0.7199936
17.982 , 0.6100006
17.984 , 0.5699997
17.985 , 0.4799957
17.986 , 0.4500046
17.987 , 0.4500046
17.988 , 0.5100021
17.989 , 0.590004
17.99 , 0.6800003
17.992 , 0.8199997
17.993 , 1.019997
17.994 , 1.110001
17.995 , 1.18
17.996 , 1.230003
17.997 , 1.25
17.998 , 1.25
17.999 , 1.290001
18.0 , 1.290001
18.002 , 1.240005
18.003 , 1.18
18.004 , 1.139999
18.005 , 1.109993
18.006 , 1.059998
18.007 , 0.9899979
18.008 , 0.9599991
18.009 , 0.9000015
18.011 , 0.9000015
18.012 , 0.9000015
18.013 , 0.8899994
18.014 , 0.9100037
18.015 , 0.9100037
18.016 , 0.9199982
18.017 , 0.9899979
18.019 , 1.029999
18.02 , 1.029999
18.021 , 1.029999
18.022 , 1.029999
18.023 , 1.010002
18.024 , 1.010002
18.025 , 0.9400024
18.026 , 1.019997
18.028 , 0.9499969
18.029 , 0.9399948
18.03 , 0.9199982
18.031 , 0.9199982
18.032 , 0.9199982
18.033 , 0.9300003
18.034 , 0.8799973
18.036 , 0.9400024
18.037 , 0.8899994
18.038 , 0.9400024
18.039 , 0.8999939
18.04 , 0.8999939
18.041 , 0.8999939
18.043 , 0.9599991
18.044 , 0.8899994
18.045 , 0.909996
18.046 , 0.8499985
18.047 , 0.9000015
18.048 , 0.9000015
18.049 , 0.9000015
18.051 , 0.8600006
18.052 , 0.8600006
18.053 , 0.8699951
18.054 , 0.8499985
18.055 , 0.8499985
18.056 , 0.8600006
18.057 , 0.840004
18.059 , 0.840004
18.06 , 0.8500061
18.061 , 0.8500061
18.062 , 0.8500061
18.063 , 0.8099976
18.064 , 0.8099976
18.065 , 0.7899933
18.066 , 0.8199997
18.068 , 0.7999954
18.069 , 0.7999954
18.07 , 0.8099976
18.071 , 0.8099976
18.072 , 0.7600021
18.073 , 0.840004
18.075 , 0.8199997
18.076 , 0.7799988
18.077 , 0.7799988
18.078 , 0.7799988
18.079 , 0.8299942
18.081 , 0.7699966
18.082 , 0.7900009
18.083 , 0.7799988
18.084 , 0.7799988
18.085 , 0.7400055
18.086 , 0.7199936
18.088 , 0.5899963
18.089 , 0.5599976
18.09 , 0.5499954
18.091 , 0.5699997
18.092 , 0.6399994
18.093 , 0.7200012
18.094 , 0.7399979
18.096 , 0.7800064
18.097 , 0.7800064
18.098 , 0.8199997
18.099 , 0.7800064
18.1 , 0.7900009
18.101 , 0.7399979
18.102 , 0.6699982
18.104 , 0.6100006
18.105 , 0.5899963
18.106 , 0.5299988
18.107 , 0.4599991
18.108 , 0.4400024
18.109 , 0.3899994
18.111 , 0.3399963
18.112 , 0.3999939
18.113 , 0.3899994
18.114 , 0.409996
18.115 , 0.409996
18.116 , 0.4700012
18.117 , 0.4899979
18.119 , 0.4899979
18.12 , 0.4800034
18.121 , 0.4800034
18.122 , 0.5
18.123 , 0.4399948
18.124 , 0.4399948
18.125 , 0.3799973
18.127 , 0.4300003
18.128 , 0.4300003
18.129 , 0.3899994
18.13 , 0.3700027
18.131 , 0.3700027
18.132 , 0.3700027
18.133 , 0.340004
18.134 , 0.340004
18.136 , 0.3100052
18.137 , 0.2999954
18.138 , 0.2999954
18.139 , 0.2999954
18.14 , 0.2600021
18.141 , 0.2600021
18.142 , 0.2600021
18.144 , 0.2099991
18.145 , 0.1800003
18.146 , 0.25
18.147 , 0.1899948
18.148 , 0.1899948
18.149 , 0.1699982
18.15 , 0.1800003
18.152 , 0.1800003
18.153 , 0.2099991
18.154 , 0.2099991
18.155 , 0.1900024
18.156 , 0.2399979
18.157 , 0.2200012
18.158 , 0.2000046
18.159 , 0.1500015
18.16 , 0.159996
18.162 , 0.2099991
18.163 , 0.2200012
18.164 , 0.1699982
18.165 , 0.1500015
18.166 , 0.1699982
18.167 , 0.1600037
18.168 , 0.1600037
18.17 , 0.1699982
18.171 , 0.1699982
18.172 , 0.1299973
18.173 , 0.1100006
18.174 , 0.1399994
18.175 , 0.1100006
18.176 , 0.06999969
18.178 , 0.08000183
18.179 , 0.08000183
18.18 , 0.06000519
18.182 , 0.09000397
18.183 , 0.09999847
18.184 , 0.06999969
18.186 , 0.04999542
18.187 , 0.05999756
18.188 , 0.05999756
18.19 , 0.0
18.191 , 0.02999878
18.192 , 0.02999878
18.194 , 0.03999329
18.195 , 0.009994507
18.196 , -0.03000641
18.198 , -0.02000427
18.199 , -0.05000305
18.201 , -0.01000214
18.202 , -0.04000092
18.203 , -0.02999878
18.205 , -0.02999878
18.206 , -0.02999878
18.207 , -0.02000427
18.209 , 0.04999542
18.21 , 0.05999756
18.211 , 0.01999664
18.213 , 0.06999969
18.214 , 0.0
18.215 , -0.01999664
18.217 , 0.04000092
18.218 , 0.01000214
18.219 , -0.009994507
18.221 , -0.06999969
18.222 , -0.1399994
18.223 , -0.1399994
18.224 , -0.09999847
18.226 , -0.1299973
18.227 , -0.1199951
18.228 , -0.08999634
18.229 , -0.08999634
18.231 , -0.08000183
18.232 , -0.1100006
18.233 , -0.08000183
18.234 , -0.09999847
18.236 , -0.06999969
18.237 , -0.1100006
18.238 , -0.1100006
18.239 , -0.1100006
18.241 , -0.1399994
18.242 , -0.1699982
18.243 , -0.1399994
18.244 , -0.2000046
18.245 , -0.1300049
18.246 , -0.1600037
18.247 , -0.1500015
18.249 , -0.1200027
18.25 , -0.1399994
18.251 , -0.1399994
18.252 , -0.1399994
18.253 , -0.1800003
18.254 , -0.1700058
18.255 , -0.2000046
18.256 , -0.2000046
18.258 , -0.1900024
18.259 , -0.2300034
18.26 , -0.2200012
18.261 , -0.2399979
18.262 , -0.2399979
18.263 , -0.2399979
18.264 , -0.2299957
18.266 , -0.2099991
18.267 , -0.2200012
18.268 , -0.2000046
18.269 , -0.2200012
18.27 , -0.1900024
18.271 , -0.2399979
18.273 , -0.2399979
18.274 , -0.2299957
18.275 , -0.2699966
18.276 , -0.2699966
18.277 , -0.2900009
18.278 , -0.2600021
18.279 , -0.2600021
18.281 , -0.2799988
18.282 , -0.3499985
18.283 , -0.2799988
18.284 , -0.3399963
18.285 , -0.2699966
18.286 , -0.3399963
18.288 , -0.3299942
18.289 , -0.2599945
18.29 , -0.3199997
18.291 , -0.3199997
18.292 , -0.340004
18.293 , -0.340004
18.295 , -0.3300018
18.296 , -0.3700027
18.297 , -0.3899994
18.298 , -0.3600006
18.299 , -0.3899994
18.3 , -0.3899994
18.302 , -0.3799973
18.303 , -0.3499985
18.304 , -0.340004
18.305 , -0.3700027
18.306 , -0.3700027
18.307 , -0.3600006
18.308 , -0.4000015
18.309 , -0.4300003
18.311 , -0.3499985
18.312 , -0.3899994
18.313 , -0.3899994
18.314 , -0.4100037
18.315 , -0.4100037
18.316 , -0.4100037
18.317 , -0.4199982
18.319 , -0.4199982
18.32 , -0.4199982
18.321 , -0.409996
18.322 , -0.4499969
18.323 , -0.409996
18.324 , -0.3999939
18.326 , -0.4399948
18.327 , -0.4300003
18.328 , -0.4300003
18.329 , -0.4300003
18.33 , -0.5
18.331 , -0.4199982
18.332 , -0.4499969
18.334 , -0.4399948
18.335 , -0.4799957
18.336 , -0.4799957
18.337 , -0.5
18.338 , -0.5400009
18.339 , -0.5
18.341 , -0.4599991
18.342 , -0.4599991
18.343 , -0.4899979
18.344 , -0.4499969
18.345 , -0.4799957
18.346 , -0.4799957
18.348 , -0.4699936
18.349 , -0.5299988
18.35 , -0.5099945
18.351 , -0.5200043
18.352 , -0.5200043
18.353 , -0.5500031
18.355 , -0.5100021
18.356 , -0.5400009
18.357 , -0.5699997
18.358 , -0.5699997
18.359 , -0.5299988
18.36 , -0.5299988
18.362 , -0.5200043
18.363 , -0.5600052
18.364 , -0.5500031
18.365 , -0.5500031
18.366 , -0.5500031
18.367 , -0.5400009
18.368 , -0.5699997
18.369 , -0.6100006
18.371 , -0.5599976
18.372 , -0.5599976
18.373 , -0.5999985
18.374 , -0.590004
18.375 , -0.6399994
18.376 , -0.6399994
18.378 , -0.5999985
18.379 , -0.5999985
18.38 , -0.6299973
18.381 , -0.5699997
18.382 , -0.6199951
18.384 , -0.5799942
18.385 , -0.609993
18.386 , -0.609993
18.387 , -0.609993
18.388 , -0.5999985
18.389 , -0.6699982
18.391 , -0.6299973
18.392 , -0.659996
18.393 , -0.6299973
18.394 , -0.6899948
18.395 , -0.6899948
18.397 , -0.6899948
18.398 , -0.6100006
18.399 , -0.6399994
18.4 , -0.6399994
18.401 , -0.6900024
18.402 , -0.6299973
18.403 , -0.6900024
18.405 , -0.659996
18.406 , -0.6800003
18.407 , -0.6800003
18.408 , -0.6699982
18.409 , -0.6699982
18.41 , -0.7199936
18.411 , -0.7300034
18.413 , -0.7099991
18.414 , -0.7200012
18.415 , -0.7200012
18.416 , -0.7200012
18.417 , -0.7200012
18.418 , -0.7099991
18.419 , -0.7399979
18.421 , -0.7000046
18.422 , -0.7300034
18.423 , -0.7000046
18.424 , -0.7200012
18.425 , -0.7200012
18.426 , -0.7200012
18.427 , -0.7799988
18.428 , -0.7099991
18.43 , -0.7699966
18.431 , -0.7599945
18.432 , -0.8099976
18.433 , -0.7599945
18.434 , -0.8000031
18.435 , -0.75
18.437 , -0.8000031
18.438 , -0.7399979
18.439 , -0.7399979
18.44 , -0.7900009
18.441 , -0.7799988
18.442 , -0.7299957
18.444 , -0.8200073
18.445 , -0.7700043
18.446 , -0.7900009
18.447 , -0.8200073
18.448 , -0.8499985
18.449 , -0.8100052
18.45 , -0.8499985
18.452 , -0.8399963
18.453 , -0.8399963
18.454 , -0.8299942
18.455 , -0.8299942
18.456 , -0.7900009
18.457 , -0.7900009
18.459 , -0.8199997
18.46 , -0.8199997
18.461 , -0.8099976
18.462 , -0.840004
18.463 , -0.840004
18.464 , -0.8300018
18.466 , -0.8300018
18.467 , -0.8300018
18.468 , -0.859993
18.469 , -0.8799973
18.47 , -0.8799973
18.472 , -0.8499985
18.473 , -0.8100052
18.474 , -0.8499985
18.475 , -0.8000031
18.476 , -0.8000031
18.477 , -0.8000031
18.478 , -0.8499985
18.48 , -0.8499985
18.481 , -0.840004
18.482 , -0.840004
18.483 , -0.840004
18.484 , -0.8700027
18.485 , -0.9000015
18.486 , -0.8600006
18.488 , -0.9199982
18.489 , -0.8499985
18.49 , -0.8499985
18.499 , -0.8899994
18.5 , -0.8899994
18.502 , -0.8799973
18.503 , -0.8799973
18.504 , -0.9199982
18.505 , -0.9300003
18.506 , -0.9100037
18.507 , -0.9300003
18.508 , -0.9899979
18.51 , -0.9199982
18.511 , -0.909996
18.512 , -0.9599991
18.513 , -0.909996
18.514 , -0.909996
18.516 , -0.8999939
18.517 , -0.8999939
18.518 , -0.9400024
18.519 , -0.9400024
18.52 , -0.9400024
18.521 , -0.9499969
18.522 , -0.9499969
18.524 , -0.9499969
18.525 , -0.9700012
18.526 , -0.9700012
18.527 , -1.009995
18.528 , -1.0
18.529 , -0.9600067
18.53 , -1.0
18.532 , -0.9899979
18.533 , -0.9500046
18.534 , -0.9899979
18.535 , -0.9400024
18.536 , -0.9400024
18.537 , -0.9799957
18.539 , -0.9699936
18.54 , -0.9699936
18.541 , -0.9800034
18.542 , -0.9800034
18.543 , -1.030006
18.544 , -1.030006
18.545 , -1.020004
18.547 , -1.020004
18.548 , -1.029999
18.549 , -1.029999
18.55 , -1.029999
18.551 , -1.0
18.552 , -1.0
18.553 , -1.019997
18.554 , -1.019997
18.556 , -1.010002
18.557 , -1.010002
18.558 , -1.0
18.559 , -1.029999
18.56 , -1.089996
18.561 , -1.07
18.562 , -1.079994
18.563 , -1.059998
18.565 , -1.010002
18.566 , -0.9800034
18.567 , -0.9100037
18.568 , -0.9000015
18.569 , -0.840004
18.57 , -0.840004
18.571 , -0.840004
18.573 , -0.8300018
18.574 , -0.8300018
18.575 , -0.8799973
18.576 , -0.8799973
18.577 , -0.8799973
18.578 , -0.9200058
18.58 , -0.9200058
18.581 , -0.9400024
18.582 , -1.0
18.583 , -1.0
18.584 , -1.019997
18.585 , -1.009995
18.587 , -1.009995
18.588 , -1.0
18.589 , -0.9800034
18.59 , -0.9800034
18.591 , -0.9800034
18.592 , -0.9700012
18.593 , -0.9300003
18.594 , -0.9300003
18.596 , -0.9199982
18.597 , -0.9599991
18.598 , -0.909996
18.599 , -0.909996
18.6 , -0.909996
18.601 , -0.909996
18.603 , -0.9000015
18.604 , -0.8700027
18.605 , -0.9300003
18.606 , -0.8899994
18.607 , -0.9499969
18.608 , -0.9199982
18.609 , -0.9199982
18.611 , -0.9199982
18.612 , -0.9100037
18.613 , -0.9100037
18.614 , -0.9100037
18.615 , -0.9000015
18.616 , -0.9000015
18.618 , -0.8899994
18.619 , -0.8199997
18.62 , -0.8499985
18.621 , -0.8199997
18.622 , -0.8099976
18.623 , -0.8399963
18.625 , -0.8700027
18.626 , -0.8700027
18.627 , -0.8700027
18.628 , -0.7900009
18.629 , -0.7200012
18.63 , -0.6999969
18.631 , -0.5599976
18.633 , -0.4599991
18.634 , -0.2999954
18.635 , -0.08999634
18.636 , 0.03000641
18.638 , 0.1100006
18.639 , 0.04000092
18.64 , 0.04000092
18.641 , 0.01999664
18.643 , -0.01999664
18.644 , -0.06999969
18.646 , -0.1699982
18.647 , -0.1699982
18.648 , -0.1899948
18.649 , -0.1600037
18.65 , -0.09000397
18.652 , -0.04000092
18.653 , 0.01000214
18.654 , 0.1500015
18.656 , 0.25
18.657 , 0.3600006
18.658 , 0.4100037
18.659 , 0.5300064
18.66 , 0.6200027
18.661 , 0.6500015
18.662 , 0.6999969
18.663 , 0.7900009
18.665 , 0.8000031
18.666 , 0.8000031
18.667 , 0.8700027
18.668 , 0.8000031
18.669 , 0.8100052
18.67 , 0.8100052
18.671 , 0.8800049
18.672 , 0.8899994
18.674 , 0.8899994
18.675 , 0.9000015
18.676 , 0.9300003
18.677 , 1.0
18.678 , 1.019997
18.679 , 1.07
18.68 , 1.07
18.682 , 1.150002
18.683 , 1.18
18.684 , 1.18
18.685 , 1.229996
18.686 , 1.25
18.687 , 1.279999
18.688 , 1.279999
18.69 , 1.330002
18.691 , 1.330002
18.692 , 1.370003
18.693 , 1.370003
18.694 , 1.410004
18.695 , 1.419998
18.696 , 1.439995
18.697 , 1.469994
18.699 , 1.519997
18.7 , 1.549995
18.701 , 1.549995
18.702 , 1.620003
18.703 , 1.599998
18.704 , 1.620003
18.705 , 1.630005
18.707 , 1.660004
18.708 , 1.660004
18.709 , 1.709999
18.71 , 1.709999
18.711 , 1.739998
18.712 , 1.75
18.713 , 1.790001
18.715 , 1.82
18.716 , 1.82
18.717 , 1.870003
18.718 , 1.870003
18.719 , 1.900002
18.72 , 1.900002
18.721 , 1.880005
18.722 , 1.909996
18.724 , 1.889999
18.725 , 1.889999
18.726 , 1.900002
18.727 , 1.919998
18.728 , 1.919998
18.729 , 1.959999
18.73 , 1.93
18.731 , 1.860001
18.733 , 1.709999
18.734 , 1.459999
18.735 , 1.169998
18.736 , 0.9199982
18.737 , 0.7200012
18.738 , 0.6299973
18.74 , 0.5699997
18.741 , 0.5
18.742 , 0.5100021
18.743 , 0.5100021
18.744 , 0.5800018
18.745 , 0.7100067
18.746 , 0.8199997
18.747 , 0.909996
18.749 , 1.120003
18.75 , 1.239998
18.751 , 1.309998
18.752 , 1.32
18.753 , 1.389999
18.754 , 1.389999
18.755 , 1.360001
18.757 , 1.369995
18.758 , 1.259995
18.759 , 1.25
18.76 , 1.18
18.761 , 1.080002
18.762 , 1.029999
18.763 , 0.9599991
18.765 , 0.9599991
18.766 , 0.9700012
18.767 , 0.9400024
18.768 , 0.9700012
18.769 , 0.9799957
18.77 , 0.9499969
18.772 , 0.9899979
18.773 , 1.029999
18.774 , 1.029999
18.775 , 1.059998
18.776 , 1.07
18.777 , 1.07
18.779 , 1.049995
18.78 , 1.049995
18.781 , 1.049995
18.782 , 1.019997
18.783 , 0.9899979
18.784 , 0.9899979
18.786 , 1.0
18.787 , 0.9800034
18.788 , 0.9400024
18.789 , 0.9900055
18.79 , 0.9900055
18.791 , 0.9900055
18.792 , 0.9599991
18.794 , 0.9599991
18.795 , 0.9599991
18.796 , 1.010002
18.797 , 0.9700012
18.798 , 0.9700012
18.799 , 0.9800034
18.8 , 0.9800034
18.802 , 0.9900055
18.803 , 0.9600067
18.804 , 0.9600067
18.805 , 0.9600067
18.806 , 0.9000015
18.807 , 0.9300003
18.808 , 0.9000015
18.81 , 0.9100037
18.811 , 0.9100037
18.812 , 0.9400024
18.813 , 0.9200058
18.814 , 0.9200058
18.815 , 0.8800049
18.816 , 0.8899994
18.818 , 0.9300003
18.819 , 0.9000015
18.82 , 0.9400024
18.821 , 0.9000015
18.822 , 0.9000015
18.823 , 0.9100037
18.824 , 0.8899994
18.826 , 0.8700027
18.827 , 0.9200058
18.828 , 0.8700027
18.829 , 0.8799973
18.83 , 0.909996
18.831 , 0.8799973
18.833 , 0.9199982
18.834 , 0.8499985
18.835 , 0.8899994
18.836 , 0.8300018
18.837 , 0.7900009
18.838 , 0.7400055
18.84 , 0.75
18.841 , 0.75
18.842 , 0.75
18.843 , 0.7200012
18.844 , 0.7600021
18.845 , 0.7900009
18.846 , 0.8600006
18.847 , 0.8600006
18.848 , 0.8600006
18.85 , 0.7800064
18.851 , 0.7400055
18.852 , 0.7100067
18.853 , 0.6800003
18.854 , 0.659996
18.855 , 0.659996
18.856 , 0.5699997
18.858 , 0.5699997
18.859 , 0.5400009
18.86 , 0.4700012
18.861 , 0.4500046
18.862 , 0.4700012
18.863 , 0.4599991
18.865 , 0.4599991
18.866 , 0.4700012
18.867 , 0.4899979
18.868 , 0.4899979
18.869 , 0.5500031
18.87 , 0.5500031
18.872 , 0.5
18.873 , 0.5100021
18.874 , 0.4900055
18.875 , 0.4900055
18.876 , 0.4699936
18.877 , 0.4699936
18.878 , 0.4699936
18.879 , 0.409996
18.881 , 0.4400024
18.882 , 0.409996
18.883 , 0.4199982
18.884 , 0.3600006
18.885 , 0.3600006
18.886 , 0.340004
18.888 , 0.340004
18.889 , 0.3099976
18.89 , 0.3499985
18.891 , 0.2799988
18.892 , 0.2799988
18.893 , 0.3199997
18.895 , 0.2900009
18.896 , 0.3300018
18.897 , 0.3000031
18.898 , 0.3000031
18.899 , 0.3000031
18.9 , 0.2699966
18.901 , 0.2699966
18.903 , 0.2799988
18.904 , 0.2600021
18.905 , 0.2600021
18.906 , 0.2700043
18.907 , 0.2700043
18.908 , 0.2200012
18.909 , 0.2200012
18.91 , 0.2100067
18.912 , 0.1800003
18.913 , 0.2200012
18.914 , 0.1899948
18.915 , 0.2200012
18.916 , 0.1600037
18.917 , 0.1600037
18.918 , 0.1600037
18.919 , 0.1600037
18.921 , 0.1700058
18.922 , 0.1500015
18.923 , 0.159996
18.924 , 0.159996
18.925 , 0.109993
18.926 , 0.09999847
18.928 , 0.09999847
18.929 , 0.09999847
18.93 , 0.08000183
18.932 , 0.1100006
18.933 , 0.1200027
18.934 , 0.09000397
18.935 , 0.05000305
18.937 , 0.05999756
18.938 , 0.05999756
18.939 , 0.04000092
18.941 , 0.05000305
18.942 , 0.0
18.943 , -0.009994507
18.945 , 0.01000214
18.946 , 0.0
18.947 , 0.01999664
18.948 , 0.0
18.949 , -0.05000305
18.951 , -0.04000092
18.952 , -0.06000519
18.953 , -0.02999878
18.955 , -0.02999878
18.956 , -0.01999664
18.958 , 0.03000641
18.959 , 0.05000305
18.96 , 0.04000092
18.962 , 0.04000092
18.963 , 0.05000305
18.964 , 0.0
18.966 , 0.01000214
18.967 , 0.01000214
18.968 , -0.02999878
18.97 , -0.06999969
18.971 , -0.06999969
18.972 , -0.08999634
18.974 , -0.1300049
18.975 , -0.08000183
18.976 , -0.06999969
18.978 , -0.06999969
18.979 , -0.06999969
18.98 , -0.05999756
18.982 , -0.04000092
18.983 , -0.1000061
18.984 , -0.05000305
18.986 , -0.1000061
18.987 , -0.1100006
18.988 , -0.1100006
18.989 , -0.1299973
18.99 , -0.1199951
18.991 , -0.1199951
18.993 , -0.1800003
18.994 , -0.1800003
18.995 , -0.159996
18.996 , -0.159996
18.997 , -0.1500015
18.998 , -0.1700058
18.999 , -0.1500015
19.001 , -0.1399994
19.002 , -0.2099991
19.003 , -0.1500015
19.004 , -0.2200012
19.005 , -0.1999969
19.006 , -0.1999969
19.007 , -0.2100067
19.008 , -0.2100067
19.01 , -0.2000046
19.011 , -0.2300034
19.012 , -0.2700043
19.013 , -0.2200012
19.014 , -0.2200012
19.015 , -0.2600021
19.016 , -0.1900024
19.017 , -0.25
19.018 , -0.25
19.02 , -0.2400055
19.021 , -0.2400055
19.022 , -0.2400055
19.023 , -0.25
19.024 , -0.25
19.025 , -0.3000031
19.026 , -0.3000031
19.027 , -0.3099976
19.029 , -0.3099976
19.03 , -0.3000031
19.031 , -0.3000031
19.032 , -0.3000031
19.033 , -0.2700043
19.034 , -0.2700043
19.035 , -0.2900009
19.036 , -0.2900009
19.037 , -0.2799988
19.039 , -0.3300018
19.04 , -0.3199997
19.041 , -0.3399963
19.042 , -0.3199997
19.043 , -0.3500061
19.044 , -0.3300018
19.045 , -0.4000015
19.046 , -0.3500061
19.048 , -0.3899994
19.049 , -0.340004
19.05 , -0.3300018
19.051 , -0.3300018
19.052 , -0.3300018
19.053 , -0.3199997
19.055 , -0.3699951
19.056 , -0.3699951
19.057 , -0.3800049
19.058 , -0.3800049
19.059 , -0.3800049
19.06 , -0.3700027
19.061 , -0.3700027
19.062 , -0.4199982
19.064 , -0.3600006
19.065 , -0.4300003
19.066 , -0.4300003
19.067 , -0.4000015
19.068 , -0.4200058
19.069 , -0.4200058
19.07 , -0.4100037
19.072 , -0.3899994
19.073 , -0.4100037
19.074 , -0.4000015
19.075 , -0.4199982
19.076 , -0.4700012
19.077 , -0.409996
19.078 , -0.4599991
19.08 , -0.4500046
19.081 , -0.4500046
19.082 , -0.4700012
19.083 , -0.4700012
19.084 , -0.4599991
19.085 , -0.4400024
19.086 , -0.5100021
19.088 , -0.4499969
19.089 , -0.4499969
19.09 , -0.4200058
19.091 , -0.4200058
19.092 , -0.4400024
19.093 , -0.4900055
19.094 , -0.4800034
19.096 , -0.5
19.097 , -0.5100021
19.098 , -0.4899979
19.099 , -0.4700012
19.1 , -0.4799957
19.101 , -0.5499954
19.102 , -0.4799957
19.104 , -0.4900055
19.105 , -0.5400009
19.106 , -0.5400009
19.107 , -0.5299988
19.108 , -0.5299988
19.109 , -0.5299988
19.11 , -0.5199966
19.112 , -0.5199966
19.113 , -0.5400009
19.114 , -0.5300064
19.115 , -0.5300064
19.116 , -0.5300064
19.117 , -0.5699997
19.118 , -0.5699997
19.12 , -0.5800018
19.121 , -0.5599976
19.122 , -0.5800018
19.123 , -0.5599976
19.124 , -0.5699997
19.125 , -0.6199951
19.126 , -0.5699997
19.128 , -0.5600052
19.129 , -0.5600052
19.13 , -0.5999985
19.131 , -0.5999985
19.132 , -0.6200027
19.133 , -0.6399994
19.135 , -0.6299973
19.136 , -0.6299973
19.137 , -0.6199951
19.138 , -0.6199951
19.139 , -0.6699982
19.14 , -0.590004
19.142 , -0.6600037
19.143 , -0.6100006
19.144 , -0.5999985
19.145 , -0.5999985
19.146 , -0.6500015
19.147 , -0.6399994
19.149 , -0.6399994
19.15 , -0.659996
19.151 , -0.6500015
19.152 , -0.6300049
19.153 , -0.7000046
19.154 , -0.7099991
19.156 , -0.6900024
19.157 , -0.6800003
19.158 , -0.6999969
19.159 , -0.6999969
19.16 , -0.6800003
19.161 , -0.6699982
19.163 , -0.6899948
19.164 , -0.6800003
19.165 , -0.7000046
19.166 , -0.7000046
19.167 , -0.6900024
19.168 , -0.6900024
19.169 , -0.7399979
19.179 , -0.7099991
19.18 , -0.7300034
19.181 , -0.7699966
19.182 , -0.7699966
19.183 , -0.7699966
19.184 , -0.7799988
19.186 , -0.7599945
19.187 , -0.7700043
19.188 , -0.8199997
19.189 , -0.8199997
19.19 , -0.7700043
19.191 , -0.8300018
19.193 , -0.7600021
19.194 , -0.75
19.195 , -0.75
19.196 , -0.7999954
19.197 , -0.7900009
19.198 , -0.7900009
19.199 , -0.8100052
19.201 , -0.8000031
19.202 , -0.7799988
19.203 , -0.8199997
19.204 , -0.8600006
19.205 , -0.8099976
19.206 , -0.8600006
19.207 , -0.8499985
19.209 , -0.8699951
19.21 , -0.8699951
19.211 , -0.840004
19.212 , -0.840004
19.213 , -0.840004
19.214 , -0.8300018
19.216 , -0.8300018
19.217 , -0.8199997
19.218 , -0.8399963
19.219 , -0.8399963
19.22 , -0.8899994
19.221 , -0.8299942
19.223 , -0.8799973
19.224 , -0.8700027
19.225 , -0.8700027
19.226 , -0.8899994
19.227 , -0.8799973
19.228 , -0.9000015
19.23 , -0.9000015
19.231 , -0.8699951
19.232 , -0.8699951
19.233 , -0.8699951
19.234 , -0.8600006
19.235 , -0.8800049
19.236 , -0.8800049
19.238 , -0.8700027
19.239 , -0.9400024
19.24 , -0.9400024
19.241 , -0.9300003
19.242 , -0.909996
19.243 , -0.9300003
19.244 , -0.9699936
19.245 , -0.9199982
19.247 , -0.9699936
19.248 , -0.9599991
19.249 , -0.9100037
19.25 , -0.9599991
19.251 , -0.9499969
19.252 , -0.9499969
19.254 , -0.9399948
19.255 , -0.9399948
19.256 , -0.8899994
19.257 , -0.9599991
19.258 , -0.9500046
19.26 , -0.9500046
19.261 , -0.9599991
19.262 , -0.9599991
19.263 , -0.9599991
19.264 , -0.9499969
19.265 , -1.0
19.267 , -0.9499969
19.268 , -0.9899979
19.269 , -0.9399948
19.27 , -0.9899979
19.271 , -0.9800034
19.272 , -1.0
19.274 , -0.9899979
19.275 , -0.9899979
19.276 , -1.040001
19.277 , -0.9899979
19.278 , -1.049995
19.279 , -1.049995
19.281 , -1.040001
19.282 , -1.040001
19.283 , -1.040001
19.284 , -1.029999
19.285 , -1.029999
19.286 , -1.010002
19.287 , -1.029999
19.289 , -1.019997
19.29 , -1.019997
19.291 , -1.059998
19.292 , -1.059998
19.293 , -1.079994
19.294 , -1.050003
19.295 , -1.07
19.297 , -1.07
19.298 , -1.129997
19.299 , -1.129997
19.3 , -1.129997
19.301 , -1.119995
19.302 , -1.139999
19.303 , -1.119995
19.305 , -1.129997
19.306 , -1.129997
19.307 , -1.109993
19.308 , -1.120003
19.309 , -1.120003
19.31 , -1.190002
19.311 , -1.199997
19.312 , -1.199997
19.314 , -1.169998
19.315 , -1.099998
19.316 , -1.079994
19.317 , -0.9899979
19.318 , -0.9800034
19.319 , -0.9300003
19.321 , -0.9000015
19.322 , -0.8499985
19.323 , -0.8499985
19.324 , -0.8300018
19.325 , -0.8399963
19.326 , -0.8399963
19.327 , -0.8899994
19.329 , -0.9499969
19.33 , -0.9499969
19.331 , -0.9400024
19.332 , -1.029999
19.333 , -1.029999
19.334 , -1.029999
19.336 , -0.9499969
19.337 , -1.040001
19.338 , -1.029999
19.339 , -0.9399948
19.34 , -1.029999
19.341 , -1.0
19.342 , -1.0
19.344 , -0.9300003
19.345 , -0.9199982
19.346 , -0.9899979
19.347 , -0.9199982
19.348 , -0.909996
19.349 , -0.909996
19.351 , -0.9699936
19.352 , -0.8999939
19.353 , -0.9699936
19.354 , -0.8999939
19.355 , -0.8899994
19.357 , -0.8899994
19.358 , -0.9499969
19.359 , -0.9499969
19.36 , -0.9499969
19.361 , -0.9399948
19.362 , -0.9399948
19.364 , -0.9399948
19.365 , -0.9300003
19.366 , -0.9500046
19.367 , -0.8600006
19.368 , -0.8499985
19.369 , -0.8499985
19.371 , -0.8199997
19.372 , -0.8399963
19.373 , -0.909996
19.374 , -0.909996
19.375 , -0.8299942
19.376 , -0.8999939
19.378 , -0.8199997
19.379 , -0.8000031
19.38 , -0.6600037
19.381 , -0.5800018
19.382 , -0.4899979
19.383 , -0.2799988
19.385 , -0.08999634
19.386 , 0.0
19.387 , 0.05000305
19.388 , 0.08000183
19.39 , 0.08000183
19.391 , 0.08999634
19.392 , 0.01999664
19.394 , -0.02000427
19.395 , -0.05999756
19.397 , -0.08000183
19.398 , -0.1199951
19.399 , -0.1199951
19.4 , -0.06999969
19.402 , -0.04000092
19.403 , 0.02999878
19.404 , 0.1199951
19.405 , 0.1999969
19.407 , 0.3399963
19.408 , 0.4400024
19.409 , 0.5299988
19.41 , 0.6699982
19.411 , 0.6900024
19.412 , 0.75
19.413 , 0.7900009
19.415 , 0.8699951
19.416 , 0.8499985
19.417 , 0.8499985
19.418 , 0.8600006
19.419 , 0.8600006
19.42 , 0.8799973
19.421 , 0.8799973
19.423 , 0.8700027
19.424 , 0.8199997
19.425 , 0.8799973
19.426 , 0.8999939
19.427 , 0.9499969
19.428 , 1.019997
19.43 , 1.019997
19.431 , 1.049995
19.432 , 1.080002
19.433 , 1.129997
19.434 , 1.150002
19.435 , 1.160004
19.436 , 1.230003
19.437 , 1.25
19.439 , 1.259995
19.44 , 1.309998
19.441 , 1.309998
19.442 , 1.32
19.443 , 1.389999
19.444 , 1.389999
19.445 , 1.349998
19.447 , 1.440002
19.448 , 1.429993
19.449 , 1.449997
19.45 , 1.429993
19.451 , 1.5
19.452 , 1.510002
19.453 , 1.510002
19.454 , 1.580002
19.456 , 1.610001
19.457 , 1.650002
19.458 , 1.620003
19.459 , 1.600006
19.46 , 1.660004
19.461 , 1.709999
19.462 , 1.719994
19.463 , 1.769997
19.465 , 1.729996
19.466 , 1.800003
19.467 , 1.839996
19.468 , 1.810005
19.469 , 1.849998
19.47 , 1.849998
19.471 , 1.849998
19.473 , 1.890007
19.474 , 1.890007
19.475 , 1.900002
19.476 , 1.900002
19.477 , 1.919998
19.478 , 1.910004
19.479 , 1.910004
19.48 , 1.980003
19.482 , 1.990005
19.483 , 1.990005
19.484 , 2.010002
19.485 , 2.0
19.486 , 2.0
19.487 , 2.0
19.488 , 1.959999
19.489 , 1.909996
19.491 , 1.690002
19.492 , 1.540001
19.493 , 1.169998
19.494 , 0.9899979
19.495 , 0.7900009
19.496 , 0.7000046
19.497 , 0.6100006
19.499 , 0.5699997
19.5 , 0.5
19.501 , 0.5699997
19.502 , 0.6999969
19.503 , 0.8099976
19.504 , 0.9499969
19.505 , 1.120003
19.507 , 1.25
19.508 , 1.300003
19.509 , 1.43
19.51 , 1.449997
19.511 , 1.449997
19.512 , 1.529999
19.513 , 1.459999
19.514 , 1.440002
19.516 , 1.379997
19.517 , 1.309998
19.518 , 1.279999
19.519 , 1.160004
19.52 , 1.160004
19.521 , 1.090004
19.522 , 1.099998
19.524 , 1.079994
19.525 , 1.040001
19.526 , 1.089996
19.527 , 1.089996
19.528 , 1.089996
19.529 , 1.120003
19.53 , 1.120003
19.532 , 1.129997
19.533 , 1.129997
19.534 , 1.149994
19.535 , 1.119995
19.536 , 1.139999
19.537 , 1.139999
19.538 , 1.139999
19.539 , 1.150002
19.541 , 1.080002
19.542 , 1.090004
19.543 , 1.090004
19.544 , 1.07
19.545 , 1.029999
19.546 , 1.079994
19.547 , 1.079994
19.548 , 1.029999
19.55 , 1.089996
19.551 , 1.040001
19.552 , 1.050003
19.553 , 1.120003
19.554 , 1.099998
19.555 , 1.110001
19.556 , 1.110001
19.557 , 1.110001
19.558 , 1.110001
19.56 , 1.07
19.561 , 1.07
19.562 , 1.059998
19.563 , 1.059998
19.564 , 1.040001
19.565 , 1.050003
19.566 , 1.0
19.567 , 1.050003
19.569 , 1.059998
19.57 , 1.059998
19.571 , 1.059998
19.572 , 1.07
19.573 , 1.019997
19.574 , 1.019997
19.575 , 1.019997
19.577 , 1.029999
19.578 , 1.010002
19.579 , 1.020004
19.58 , 1.020004
19.581 , 1.020004
19.582 , 0.9799957
19.583 , 1.029999
19.585 , 0.9799957
19.586 , 0.9899979
19.587 , 0.9700012
19.588 , 0.9499969
19.589 , 0.9800034
19.59 , 0.9800034
19.591 , 0.9599991
19.593 , 0.9899979
19.594 , 0.9699936
19.595 , 0.9199982
19.596 , 0.9799957
19.597 , 0.9799957
19.599 , 0.9199982
19.6 , 0.8499985
19.601 , 0.8000031
19.602 , 0.7700043
19.603 , 0.7700043
19.604 , 0.6500015
19.605 , 0.5600052
19.607 , 0.5
19.608 , 0.5
19.609 , 0.5100021
19.61 , 0.5100021
19.611 , 0.5100021
19.612 , 0.5
19.613 , 0.5200043
19.614 , 0.5200043
19.615 , 0.5
19.616 , 0.5299988
19.618 , 0.4599991
19.619 , 0.5400009
19.62 , 0.5400009
19.621 , 0.5400009
19.622 , 0.5299988
19.623 , 0.5299988
19.625 , 0.5299988
19.626 , 0.4700012
19.627 , 0.4500046
19.628 , 0.4500046
19.629 , 0.3899994
19.63 , 0.409996
19.631 , 0.409996
19.633 , 0.4000015
19.634 , 0.4000015
19.635 , 0.3499985
19.636 , 0.340004
19.637 , 0.340004
19.638 , 0.3199997
19.639 , 0.2800064
19.641 , 0.2800064
19.642 , 0.3399963
19.643 , 0.2900009
19.644 , 0.2900009
19.645 , 0.3399963
19.646 , 0.3000031
19.647 , 0.3499985
19.649 , 0.3100052
19.65 , 0.2900009
19.651 , 0.3100052
19.652 , 0.25
19.653 , 0.2999954
19.654 , 0.25
19.655 , 0.25
19.656 , 0.2600021
19.658 , 0.2600021
19.659 , 0.2300034
19.66 , 0.25
19.661 , 0.1800003
19.662 , 0.1800003
19.663 , 0.1700058
19.664 , 0.1900024
19.665 , 0.1700058
19.667 , 0.1800003
19.668 , 0.1800003
19.669 , 0.1900024
19.67 , 0.1900024
19.671 , 0.1399994
19.672 , 0.1399994
19.673 , 0.08000183
19.675 , 0.08000183
19.676 , 0.08999634
19.677 , 0.1399994
19.679 , 0.09999847
19.68 , 0.09999847
19.681 , 0.08000183
19.683 , 0.02000427
19.684 , -0.04999542
19.685 , 0.0
19.687 , 0.01000214
19.688 , -0.05999756
19.689 , -0.02999878
19.691 , 0.01999664
19.692 , -0.02999878
19.693 , -0.01999664
19.695 , -0.04000092
19.696 , -0.02999878
19.698 , -0.04999542
19.699 , -0.09000397
19.7 , -0.09000397
19.702 , -0.04000092
19.703 , -0.08000183
19.704 , -0.02999878
19.706 , -0.06999969
19.707 , -0.01999664
19.708 , 0.02000427
19.71 , 0.08000183
19.711 , 0.03000641
19.712 , 0.01000214
19.714 , 0.04000092
19.715 , 0.04000092
19.716 , 0.01000214
19.718 , 0.01000214
19.719 , 0.02000427
19.72 , -0.02999878
19.722 , -0.04999542
19.723 , -0.08999634
19.725 , -0.08999634
19.726 , -0.1200027
19.727 , -0.09999847
19.728 , -0.1200027
19.73 , -0.159996
19.731 , -0.08999634
19.732 , -0.159996
19.733 , -0.09999847
19.735 , -0.1499939
19.736 , -0.09000397
19.737 , -0.09000397
19.739 , -0.08000183
19.74 , -0.1299973
19.741 , -0.1299973
19.742 , -0.1299973
19.743 , -0.1399994
19.745 , -0.1399994
19.746 , -0.1999969
19.747 , -0.2199936
19.748 , -0.1999969
19.749 , -0.1999969
19.75 , -0.2099991
19.752 , -0.2099991
19.753 , -0.1999969
19.754 , -0.1100006
19.755 , -0.1999969
19.756 , -0.1699982
19.757 , -0.2399979
19.759 , -0.2399979
19.76 , -0.1800003
19.761 , -0.25
19.762 , -0.2300034
19.763 , -0.2399979
19.764 , -0.2399979
19.765 , -0.3099976
19.767 , -0.25
19.768 , -0.25
19.769 , -0.25
19.77 , -0.2399979
19.771 , -0.2399979
19.772 , -0.2399979
19.774 , -0.2799988
19.775 , -0.2300034
19.776 , -0.2900009
19.777 , -0.2699966
19.778 , -0.2900009
19.779 , -0.340004
19.781 , -0.2799988
19.782 , -0.3499985
19.783 , -0.340004
19.784 , -0.340004
19.785 , -0.340004
19.786 , -0.3300018
19.787 , -0.3100052
19.789 , -0.3100052
19.79 , -0.3199997
19.791 , -0.3199997
19.792 , -0.3399963
19.793 , -0.3299942
19.794 , -0.3299942
19.796 , -0.3199997
19.797 , -0.3899994
19.798 , -0.3700027
19.799 , -0.3899994
19.8 , -0.3799973
19.802 , -0.3799973
19.803 , -0.3499985
19.804 , -0.3699951
19.805 , -0.4199982
19.806 , -0.359993
19.807 , -0.409996
19.809 , -0.359993
19.81 , -0.4000015
19.811 , -0.4199982
19.812 , -0.4199982
19.813 , -0.4599991
19.814 , -0.4599991
19.816 , -0.4700012
19.817 , -0.4700012
19.818 , -0.4499969
19.819 , -0.4499969
19.82 , -0.3899994
19.821 , -0.4400024
19.823 , -0.4300003
19.824 , -0.4700012
19.825 , -0.4500046
19.826 , -0.4400024
19.827 , -0.4400024
19.828 , -0.5100021
19.829 , -0.5299988
19.83 , -0.5199966
19.832 , -0.5199966
19.833 , -0.4900055
19.834 , -0.5100021
19.835 , -0.5100021
19.836 , -0.5100021
19.837 , -0.5
19.838 , -0.5
19.84 , -0.5400009
19.841 , -0.5400009
19.842 , -0.5400009
19.843 , -0.5699997
19.844 , -0.5500031
19.845 , -0.5500031
19.846 , -0.5500031
19.848 , -0.5400009
19.849 , -0.5599976
19.85 , -0.5999985
19.851 , -0.5499954
19.852 , -0.5499954
19.862 , -0.6399994
19.863 , -0.6299973
19.864 , -0.6299973
19.865 , -0.6299973
19.866 , -0.6500015
19.867 , -0.640007
19.869 , -0.640007
19.87 , -0.6300049
19.871 , -0.6500015
19.872 , -0.6500015
19.873 , -0.5999985
19.874 , -0.6399994
19.876 , -0.6200027
19.877 , -0.6299973
19.878 , -0.6800003
19.879 , -0.6800003
19.88 , -0.6700058
19.881 , -0.6700058
19.882 , -0.6900024
19.884 , -0.6800003
19.885 , -0.6800003
19.886 , -0.6800003
19.887 , -0.6699982
19.888 , -0.6699982
19.889 , -0.7200012
19.891 , -0.659996
19.892 , -0.7099991
19.893 , -0.7000046
19.894 , -0.7200012
19.895 , -0.7200012
19.896 , -0.7700043
19.897 , -0.7799988
19.899 , -0.7600021
19.9 , -0.75
19.901 , -0.75
19.902 , -0.7699966
19.903 , -0.7600021
19.904 , -0.7400055
19.906 , -0.7400055
19.907 , -0.75
19.908 , -0.75
19.909 , -0.75
19.91 , -0.7399979
19.911 , -0.7600021
19.912 , -0.8099976
19.914 , -0.7999954
19.915 , -0.7999954
19.916 , -0.7999954
19.917 , -0.7900009
19.918 , -0.7400055
19.919 , -0.7900009
19.921 , -0.7799988
19.922 , -0.7799988
19.923 , -0.8000031
19.924 , -0.8399963
19.925 , -0.8399963
19.926 , -0.8399963
19.928 , -0.7800064
19.929 , -0.8300018
19.93 , -0.8600006
19.931 , -0.840004
19.932 , -0.8600006
19.933 , -0.840004
19.934 , -0.8499985
19.936 , -0.8499985
19.937 , -0.8399963
19.938 , -0.8399963
19.939 , -0.8199997
19.94 , -0.8800049
19.941 , -0.8800049
19.943 , -0.8800049
19.944 , -0.8700027
19.945 , -0.8700027
19.946 , -0.8899994
19.947 , -0.8799973
19.948 , -0.8799973
19.95 , -0.9200058
19.951 , -0.9200058
19.952 , -0.9200058
19.953 , -0.9200058
19.954 , -0.9100037
19.955 , -0.9100037
19.956 , -0.9100037
19.958 , -0.9000015
19.959 , -0.9199982
19.96 , -0.8899994
19.961 , -0.909996
19.962 , -0.9799957
19.964 , -0.9500046
19.965 , -0.9700012
19.966 , -0.9700012
19.967 , -0.9599991
19.968 , -0.9599991
19.969 , -0.9599991
19.971 , -0.9499969
19.972 , -0.9300003
19.973 , -0.9499969
19.974 , -0.9399948
19.975 , -0.9399948
19.976 , -0.9599991
19.978 , -0.9300003
19.979 , -0.9500046
19.98 , -0.9899979
19.981 , -0.9899979
19.982 , -0.9899979
19.983 , -1.010002
19.985 , -1.0
19.986 , -0.9799957
19.987 , -0.9700012
19.988 , -0.9900055
19.989 , -0.9900055
19.99 , -0.9800034
19.991 , -1.050003
19.993 , -0.9800034
19.994 , -1.040001
19.995 , -1.019997
19.996 , -1.040001
19.997 , -1.099998
19.998 , -1.049995
20.0 , -1.040001
20.001 , -1.040001
20.002 , -1.040001
20.003 , -1.020004
20.004 , -1.080002
20.005 , -1.080002
20.006 , -1.029999
20.007 , -1.07
20.008 , -1.07
20.01 , -1.07
20.011 , -1.080002
20.012 , -1.080002
20.013 , -1.080002
20.014 , -1.07
20.015 , -1.120003
20.016 , -1.07
20.017 , -1.059998
20.019 , -1.059998
20.02 , -1.110001
20.021 , -1.099998
20.022 , -1.049995
20.023 , -1.099998
20.024 , -1.110001
20.025 , -1.110001
20.026 , -1.130005
20.027 , -1.099998
20.029 , -1.169998
20.03 , -1.190002
20.031 , -1.18
20.032 , -1.159996
20.033 , -1.18
20.034 , -1.170006
20.035 , -1.100006
20.036 , -1.150002
20.037 , -1.139999
20.038 , -1.090004
20.04 , -1.160004
20.041 , -1.129997
20.042 , -1.150002
20.043 , -1.150002
20.044 , -1.189995
20.045 , -1.189995
20.046 , -1.209999
20.047 , -1.18
20.048 , -1.18
20.049 , -1.18
20.051 , -1.239998
20.052 , -1.190002
20.053 , -1.190002
20.054 , -1.229996
20.055 , -1.229996
20.056 , -1.18
20.057 , -1.169998
20.058 , -1.239998
20.06 , -1.239998
20.061 , -1.25
20.062 , -1.25
20.063 , -1.230003
20.064 , -1.220001
20.065 , -1.150002
20.066 , -1.129997
20.067 , -1.119995
20.068 , -1.049995
20.07 , -1.07
20.071 , -0.9900055
20.072 , -0.9900055
20.073 , -0.9700012
20.074 , -0.9599991
20.075 , -0.9599991
20.076 , -0.9800034
20.078 , -1.019997
20.079 , -1.019997
20.08 , -1.089996
20.081 , -1.079994
20.082 , -1.099998
20.083 , -1.099998
20.084 , -1.139999
20.086 , -1.18
20.087 , -1.139999
20.088 , -1.129997
20.089 , -1.129997
20.09 , -1.129997
20.091 , -1.07
20.092 , -1.119995
20.094 , -1.060005
20.095 , -1.040001
20.096 , -1.060005
20.097 , -1.060005
20.098 , -1.050003
20.099 , -1.029999
20.1 , -1.029999
20.101 , -1.019997
20.102 , -1.040001
20.104 , -1.009995
20.105 , -1.029999
20.106 , -1.029999
20.107 , -1.029999
20.108 , -1.020004
20.109 , -1.07
20.11 , -1.020004
20.111 , -1.059998
20.112 , -1.059998
20.114 , -1.049995
20.115 , -1.049995
20.116 , -1.0
20.117 , -1.0
20.118 , -0.9700012
20.119 , -0.9900055
20.12 , -0.9000015
20.121 , -0.8899994
20.122 , -0.9100037
20.124 , -0.9499969
20.125 , -0.9499969
20.126 , -0.9499969
20.127 , -0.9499969
20.128 , -0.8699951
20.129 , -0.7999954
20.131 , -0.7200012
20.132 , -0.6100006
20.133 , -0.4700012
20.134 , -0.3899994
20.135 , -0.2099991
20.136 , -0.05000305
20.137 , -0.05000305
20.139 , -0.04000092
20.14 , 0.01000214
20.141 , -0.02999878
20.143 , -0.04999542
20.144 , -0.06000519
20.146 , -0.1300049
20.147 , -0.1800003
20.148 , -0.1900024
20.149 , -0.1900024
20.15 , -0.1699982
20.151 , -0.159996
20.152 , -0.08999634
20.154 , -0.01000214
20.155 , 0.1299973
20.156 , 0.2199936
20.157 , 0.2899933
20.158 , 0.409996
20.16 , 0.4799957
20.161 , 0.5800018
20.162 , 0.6300049
20.163 , 0.7000046
20.164 , 0.8000031
20.165 , 0.7300034
20.166 , 0.8000031
20.167 , 0.7300034
20.168 , 0.8099976
20.17 , 0.8099976
20.171 , 0.8199997
20.172 , 0.8199997
20.173 , 0.8399963
20.174 , 0.8199997
20.175 , 0.8499985
20.177 , 0.9000015
20.178 , 0.909996
20.179 , 0.9799957
20.18 , 0.9799957
20.181 , 1.029999
20.182 , 1.029999
20.183 , 1.080002
20.185 , 1.18
20.186 , 1.18
20.187 , 1.25
20.188 , 1.260002
20.189 , 1.300003
20.19 , 1.280006
20.191 , 1.290001
20.192 , 1.309998
20.193 , 1.360001
20.194 , 1.360001
20.195 , 1.370003
20.197 , 1.370003
20.198 , 1.400002
20.199 , 1.450005
20.2 , 1.470001
20.201 , 1.479996
20.202 , 1.479996
20.203 , 1.5
20.204 , 1.57
20.205 , 1.580002
20.206 , 1.580002
20.208 , 1.660004
20.209 , 1.660004
20.21 , 1.68
20.211 , 1.740005
20.212 , 1.760002
20.213 , 1.740005
20.214 , 1.810005
20.215 , 1.82
20.216 , 1.839996
20.218 , 1.900002
20.219 , 1.919998
20.22 , 1.919998
20.221 , 1.93
20.222 , 1.950005
20.223 , 1.910004
20.224 , 1.93
20.225 , 1.940002
20.226 , 1.940002
20.228 , 2.019997
20.229 , 1.970001
20.23 , 2.019997
20.231 , 1.980003
20.232 , 2.029999
20.233 , 2.029999
20.234 , 1.980003
20.235 , 2.040001
20.236 , 2.040001
20.237 , 2.060005
20.239 , 2.07
20.24 , 2.07
20.241 , 2.080002
20.242 , 2.129997
20.243 , 2.150002
20.244 , 2.129997
20.245 , 2.07
20.246 , 1.910004
20.248 , 1.600006
20.249 , 1.460007
20.25 , 1.190002
20.251 , 0.9899979
20.252 , 0.8099976
20.253 , 0.6899948
20.254 , 0.6500015
20.255 , 0.5899963
20.257 , 0.6100006
20.258 , 0.6700058
20.259 , 0.7600021
20.26 , 0.8700027
20.261 , 0.9900055
20.262 , 1.159996
20.263 , 1.269997
20.264 , 1.409996
20.266 , 1.419998
20.267 , 1.510002
20.268 , 1.5
20.269 , 1.520004
20.27 , 1.5
20.271 , 1.450005
20.272 , 1.370003
20.273 , 1.350006
20.274 , 1.280006
20.275 , 1.220001
20.277 , 1.199997
20.278 , 1.139999
20.279 , 1.07
20.28 , 1.07
20.281 , 1.07
20.282 , 1.080002
20.283 , 1.080002
20.284 , 1.080002
20.286 , 1.159996
20.287 , 1.159996
20.288 , 1.169998
20.289 , 1.189995
20.29 , 1.169998
20.291 , 1.169998
20.292 , 1.199997
20.294 , 1.18
20.295 , 1.209999
20.296 , 1.120003
20.297 , 1.170006
20.298 , 1.129997
20.299 , 1.129997
20.3 , 1.110001
20.301 , 1.110001
20.302 , 1.07
20.303 , 1.050003
20.305 , 1.060005
20.306 , 1.080002
20.307 , 1.060005
20.308 , 1.070007
20.309 , 1.070007
20.31 , 1.090004
20.311 , 1.090004
20.312 , 1.099998
20.313 , 1.080002
20.314 , 1.080002
20.316 , 1.090004
20.317 , 1.040001
20.318 , 1.050003
20.319 , 1.120003
20.32 , 1.050003
20.321 , 1.050003
20.322 , 1.039993
20.323 , 1.039993
20.324 , 1.019997
20.325 , 1.029999
20.327 , 0.9599991
20.328 , 1.040001
20.329 , 0.9899979
20.33 , 1.040001
20.331 , 0.9899979
20.332 , 1.0
20.333 , 0.9800034
20.335 , 1.009995
20.336 , 0.9899979
20.337 , 0.9399948
20.338 , 0.9100037
20.339 , 0.8399963
20.34 , 0.7900009
20.341 , 0.8600006
20.343 , 0.8499985
20.344 , 0.8499985
20.345 , 0.9300003
20.346 , 0.9499969
20.347 , 0.9699936
20.348 , 0.9499969
20.349 , 0.9400024
20.351 , 0.8899994
20.352 , 0.8300018
20.353 , 0.8300018
20.354 , 0.8099976
20.355 , 0.7300034
20.356 , 0.6600037
20.357 , 0.6100006
20.358 , 0.5699997
20.36 , 0.5099945
20.361 , 0.5099945
20.362 , 0.4700012
20.363 , 0.4700012
20.364 , 0.5199966
20.365 , 0.5299988
20.366 , 0.5299988
20.368 , 0.5299988
20.369 , 0.5399933
20.37 , 0.609993
20.371 , 0.609993
20.372 , 0.5699997
20.373 , 0.5699997
20.375 , 0.5800018
20.376 , 0.5800018
20.377 , 0.5599976
20.378 , 0.4899979
20.379 , 0.4800034
20.38 , 0.4300003
20.381 , 0.3600006
20.382 , 0.3499985
20.384 , 0.3499985
20.385 , 0.2900009
20.386 , 0.3099976
20.387 , 0.2900009
20.388 , 0.3099976
20.389 , 0.3199997
20.39 , 0.3199997
20.392 , 0.3800049
20.393 , 0.3100052
20.394 , 0.3100052
20.395 , 0.3399963
20.396 , 0.3399963
20.397 , 0.3199997
20.398 , 0.3399963
20.4 , 0.3300018
20.401 , 0.3099976
20.402 , 0.2700043
20.403 , 0.2700043
20.404 , 0.25
20.405 , 0.2599945
20.406 , 0.2099991
20.407 , 0.2099991
20.409 , 0.2200012
20.41 , 0.2200012
20.411 , 0.1999969
20.412 , 0.1900024
20.413 , 0.2099991
20.414 , 0.1900024
20.415 , 0.2000046
20.416 , 0.1500015
20.417 , 0.1300049
20.419 , 0.2099991
20.42 , 0.1399994
20.421 , 0.1399994
20.422 , 0.09999847
20.423 , 0.09999847
20.425 , 0.09999847
20.426 , 0.09000397
20.427 , 0.09000397
20.429 , 0.09999847
20.43 , 0.02999878
20.431 , 0.09999847
20.433 , 0.08999634
20.434 , 0.04000092
20.435 , 0.04000092
20.437 , 0.02999878
20.438 , 0.02999878
20.439 , -0.009994507
20.441 , -0.009994507
20.442 , 0.04999542
20.444 , 0.0
20.445 , 0.0
20.446 , -0.01000214
20.447 , -0.01000214
20.448 , -0.05999756
20.45 , -0.06999969
20.451 , -0.04999542
20.453 , -0.06000519
20.454 , 0.009994507
20.455 , 0.009994507
20.457 , 0.01999664
20.458 , 0.04000092
20.459 , 0.05000305
20.461 , 0.02999878
20.462 , 0.04000092
20.463 , -0.009994507
20.465 , 0.04000092
20.466 , -0.04000092
20.468 , -0.02000427
20.469 , -0.02999878
20.47 , -0.02999878
20.472 , -0.01999664
20.473 , -0.06999969
20.474 , -0.08999634
20.476 , -0.0799942
20.477 , -0.0799942
20.478 , -0.0799942
20.48 , -0.1200027
20.481 , -0.1200027
20.482 , -0.1100006
20.483 , -0.1299973
20.484 , -0.1299973
20.485 , -0.1100006
20.487 , -0.09999847
20.488 , -0.1199951
20.489 , -0.1100006
20.49 , -0.1100006
20.491 , -0.1300049
20.492 , -0.1699982
20.494 , -0.1699982
20.495 , -0.1200027
20.496 , -0.1800003
20.497 , -0.1800003
20.498 , -0.2299957
20.499 , -0.1499939
20.5 , -0.1699982
20.502 , -0.1600037
20.503 , -0.1600037
20.504 , -0.1600037
20.505 , -0.2099991
20.506 , -0.1999969
20.507 , -0.1999969
20.508 , -0.2200012
20.509 , -0.2099991
20.511 , -0.2099991
20.512 , -0.2299957
20.513 , -0.2200012
20.514 , -0.2200012
20.515 , -0.2900009
20.516 , -0.2099991
20.517 , -0.2099991
20.519 , -0.1999969
20.52 , -0.1999969
20.521 , -0.25
20.522 , -0.1999969
20.523 , -0.2599945
20.524 , -0.2599945
20.525 , -0.3099976
20.535 , -0.2799988
20.536 , -0.2200012
20.537 , -0.2700043
20.538 , -0.2700043
20.539 , -0.2799988
20.54 , -0.3199997
20.542 , -0.2799988
20.543 , -0.3099976
20.544 , -0.3099976
20.545 , -0.3399963
20.546 , -0.3299942
20.547 , -0.3499985
20.548 , -0.3499985
20.55 , -0.340004
20.551 , -0.3199997
20.552 , -0.3199997
20.553 , -0.3099976
20.554 , -0.3300018
20.555 , -0.3799973
20.556 , -0.3199997
20.558 , -0.3899994
20.559 , -0.3799973
20.56 , -0.3799973
20.561 , -0.4199982
20.562 , -0.4199982
20.563 , -0.4100037
20.565 , -0.4400024
20.566 , -0.4000015
20.567 , -0.4300003
20.568 , -0.4000015
20.569 , -0.4199982
20.57 , -0.4399948
20.571 , -0.4399948
20.572 , -0.4899979
20.574 , -0.4300003
20.575 , -0.4800034
20.576 , -0.4700012
20.577 , -0.4700012
20.578 , -0.4899979
20.579 , -0.4799957
20.58 , -0.4799957
20.582 , -0.409996
20.583 , -0.4699936
20.584 , -0.3999939
20.585 , -0.4499969
20.586 , -0.4400024
20.587 , -0.4400024
20.589 , -0.4499969
20.59 , -0.4899979
20.591 , -0.4899979
20.592 , -0.5199966
20.593 , -0.5099945
20.594 , -0.5099945
20.596 , -0.5
20.597 , -0.4700012
20.598 , -0.4700012
20.599 , -0.5
20.6 , -0.4899979
20.601 , -0.5299988
20.602 , -0.5299988
20.603 , -0.5499954
20.605 , -0.5199966
20.606 , -0.5399933
20.607 , -0.5399933
20.608 , -0.5599976
20.609 , -0.6100006
20.61 , -0.5500031
20.611 , -0.5299988
20.613 , -0.5400009
20.614 , -0.5400009
20.615 , -0.5400009
20.616 , -0.5299988
20.617 , -0.5800018
20.618 , -0.5299988
20.619 , -0.5999985
20.621 , -0.5700073
20.622 , -0.590004
20.623 , -0.5800018
20.624 , -0.6200027
20.625 , -0.6500015
20.626 , -0.6100006
20.627 , -0.6100006
20.628 , -0.6100006
20.629 , -0.6399994
20.631 , -0.6299973
20.632 , -0.6299973
20.633 , -0.6200027
20.634 , -0.6200027
20.635 , -0.6200027
20.636 , -0.6800003
20.637 , -0.6999969
20.639 , -0.6999969
20.64 , -0.6899948
20.641 , -0.7299957
20.642 , -0.7299957
20.643 , -0.7199936
20.644 , -0.6799927
20.646 , -0.7099991
20.647 , -0.7400055
20.648 , -0.6699982
20.649 , -0.7400055
20.65 , -0.7300034
20.651 , -0.7300034
20.652 , -0.7300034
20.654 , -0.7200012
20.655 , -0.7200012
20.656 , -0.7800064
20.657 , -0.8000031
20.658 , -0.7800064
20.659 , -0.7800064
20.66 , -0.7700043
20.661 , -0.7700043
20.663 , -0.7600021
20.664 , -0.7799988
20.665 , -0.7799988
20.666 , -0.7699966
20.667 , -0.7699966
20.668 , -0.8099976
20.67 , -0.7600021
20.671 , -0.8000031
20.672 , -0.8000031
20.673 , -0.8899994
20.674 , -0.8600006
20.675 , -0.8600006
20.676 , -0.8499985
20.678 , -0.8499985
20.679 , -0.8799973
20.68 , -0.8700027
20.681 , -0.8700027
20.682 , -0.8700027
20.683 , -0.8600006
20.684 , -0.8600006
20.686 , -0.9199982
20.687 , -0.8700027
20.688 , -0.909996
20.689 , -0.9599991
20.69 , -0.9499969
20.691 , -0.8999939
20.693 , -0.8899994
20.694 , -0.8500061
20.695 , -0.8899994
20.696 , -0.9400024
20.697 , -0.8799973
20.698 , -0.9800034
20.7 , -0.9700012
20.701 , -0.9700012
20.702 , -0.9199982
20.703 , -0.9600067
20.704 , -0.9600067
20.705 , -0.9800034
20.706 , -0.9800034
20.708 , -0.9700012
20.709 , -0.9700012
20.71 , -0.9599991
20.711 , -0.9599991
20.712 , -1.029999
20.713 , -0.9699936
20.714 , -1.019997
20.716 , -1.040001
20.717 , -1.010002
20.718 , -1.030006
20.719 , -1.080002
20.72 , -1.020004
20.721 , -1.07
20.722 , -1.07
20.723 , -1.059998
20.725 , -1.059998
20.726 , -1.059998
20.727 , -1.0
20.728 , -1.07
20.729 , -1.07
20.73 , -1.040001
20.731 , -1.060005
20.732 , -1.080002
20.734 , -1.050003
20.735 , -1.07
20.736 , -1.07
20.737 , -1.110001
20.738 , -1.110001
20.739 , -1.019997
20.74 , -1.010002
20.741 , -1.010002
20.742 , -1.050003
20.744 , -1.040001
20.745 , -1.090004
20.746 , -1.020004
20.747 , -1.029999
20.748 , -1.080002
20.749 , -1.080002
20.75 , -1.07
20.751 , -1.07
20.753 , -1.080002
20.754 , -1.080002
20.755 , -1.060005
20.756 , -1.060005
20.757 , -1.07
20.758 , -1.050003
20.759 , -1.07
20.76 , -1.059998
20.762 , -1.110001
20.763 , -1.050003
20.764 , -1.050003
20.765 , -1.100006
20.766 , -1.120003
20.767 , -1.160004
20.768 , -1.110001
20.769 , -1.160004
20.77 , -1.150002
20.771 , -1.099998
20.773 , -1.099998
20.774 , -1.089996
20.775 , -1.139999
20.776 , -1.159996
20.777 , -1.080002
20.778 , -1.150002
20.779 , -1.150002
20.781 , -1.139999
20.782 , -1.139999
20.783 , -1.160004
20.784 , -1.199997
20.785 , -1.150002
20.786 , -1.129997
20.787 , -1.120003
20.789 , -1.190002
20.79 , -1.130005
20.791 , -1.18
20.792 , -1.18
20.793 , -1.18
20.794 , -1.169998
20.795 , -1.169998
20.796 , -1.190002
20.798 , -1.18
20.799 , -1.229996
20.8 , -1.220001
20.801 , -1.220001
20.802 , -1.240005
20.803 , -1.170006
20.804 , -1.160004
20.805 , -1.209999
20.806 , -1.230003
20.807 , -1.239998
20.809 , -1.220001
20.81 , -1.279999
20.811 , -1.279999
20.812 , -1.279999
20.813 , -1.279999
20.814 , -1.220001
20.815 , -1.18
20.817 , -1.120003
20.818 , -1.099998
20.819 , -1.099998
20.82 , -1.019997
20.821 , -0.9499969
20.822 , -0.9499969
20.823 , -0.9499969
20.825 , -0.9200058
20.826 , -0.9900055
20.827 , -0.9800034
20.828 , -0.9800034
20.829 , -1.0
20.83 , -1.010002
20.831 , -1.059998
20.833 , -1.080002
20.834 , -1.07
20.835 , -1.119995
20.836 , -1.07
20.837 , -1.110001
20.838 , -1.110001
20.839 , -1.130005
20.84 , -1.099998
20.842 , -1.099998
20.843 , -1.099998
20.844 , -1.089996
20.845 , -1.089996
20.846 , -1.040001
20.847 , -1.030006
20.848 , -1.080002
20.849 , -1.030006
20.851 , -1.020004
20.852 , -1.020004
20.853 , -1.020004
20.854 , -1.010002
20.855 , -1.010002
20.856 , -1.010002
20.857 , -1.049995
20.858 , -1.07
20.859 , -1.049995
20.861 , -0.9900055
20.862 , -1.040001
20.863 , -1.040001
20.864 , -1.029999
20.865 , -0.9800034
20.866 , -1.029999
20.867 , -0.9700012
20.869 , -0.9700012
20.87 , -0.9499969
20.871 , -0.9400024
20.872 , -0.9600067
20.873 , -0.9600067
20.874 , -1.0
20.875 , -0.9500046
20.877 , -0.9899979
20.878 , -0.9400024
20.879 , -0.8700027
20.88 , -0.8300018
20.881 , -0.75
20.882 , -0.6299973
20.883 , -0.5199966
20.885 , -0.2600021
20.886 , -0.1000061
20.887 , -0.04000092
20.888 , -0.02000427
20.89 , -0.02000427
20.891 , -0.01000214
20.892 , 0.02000427
20.893 , -0.08000183
20.895 , -0.1299973
20.896 , -0.08999634
20.897 , -0.1200027
20.898 , -0.1200027
20.9 , -0.1900024
20.901 , -0.1100006
20.902 , -0.05000305
20.903 , 0.01999664
20.905 , 0.1000061
20.906 , 0.1900024
20.907 , 0.3399963
20.908 , 0.3399963
20.909 , 0.4599991
20.91 , 0.5699997
20.911 , 0.6299973
20.913 , 0.6699982
20.914 , 0.75
20.915 , 0.75
20.916 , 0.8000031
20.917 , 0.8100052
20.918 , 0.7800064
20.919 , 0.7800064
20.92 , 0.7800064
20.921 , 0.7900009
20.923 , 0.8600006
20.924 , 0.8300018
20.925 , 0.8000031
20.926 , 0.8700027
20.927 , 0.8800049
20.928 , 0.9000015
20.929 , 0.9700012
20.93 , 0.9700012
20.932 , 1.029999
20.933 , 1.049995
20.934 , 1.080002
20.935 , 1.150002
20.936 , 1.150002
20.937 , 1.220001
20.938 , 1.209999
20.939 , 1.230003
20.941 , 1.240005
20.942 , 1.260002
20.943 , 1.260002
20.944 , 1.269997
20.945 , 1.339996
20.946 , 1.339996
20.947 , 1.389999
20.948 , 1.400002
20.95 , 1.440002
20.951 , 1.450005
20.952 , 1.5
20.953 , 1.5
20.954 , 1.509995
20.955 , 1.579994
20.956 , 1.579994
20.957 , 1.579994
20.959 , 1.610001
20.96 , 1.659996
20.961 , 1.669998
20.962 , 1.669998
20.963 , 1.690002
20.964 , 1.720001
20.965 , 1.770004
20.966 , 1.770004
20.968 , 1.799995
20.969 , 1.799995
20.97 , 1.869995
20.971 , 1.879997
20.972 , 1.879997
20.973 , 1.879997
20.974 , 1.910004
20.976 , 1.959999
20.977 , 1.959999
20.978 , 1.990005
20.979 , 1.970001
20.98 , 2.040001
20.981 , 2.0
20.982 , 2.049995
20.983 , 2.0
20.984 , 2.059998
20.986 , 2.010002
20.987 , 2.010002
20.988 , 2.020004
20.989 , 2.07
20.99 , 2.020004
20.991 , 2.099998
20.992 , 2.099998
20.994 , 2.129997
20.995 , 2.129997
20.996 , 2.129997
20.997 , 2.18
20.998 , 2.139999
20.999 , 2.190002
21.0 , 2.120003
21.001 , 1.970001
21.002 , 1.790001
21.004 , 1.5
21.005 , 1.199997
21.006 , 1.040001
21.007 , 0.909996
21.008 , 0.8199997
21.009 , 0.7300034
21.01 , 0.7300034
21.011 , 0.7000046
21.013 , 0.7400055
21.014 , 0.8399963
21.015 , 0.9399948
21.016 , 1.07
21.017 , 1.279999
21.018 , 1.379997
21.019 , 1.470001
21.021 , 1.550003
21.022 , 1.57
21.023 , 1.57
21.024 , 1.550003
21.025 , 1.580002
21.026 , 1.510002
21.027 , 1.470001
21.028 , 1.43
21.029 , 1.409996
21.031 , 1.330002
21.032 , 1.260002
21.033 , 1.209999
21.034 , 1.150002
21.035 , 1.220001
21.036 , 1.160004
21.037 , 1.160004
21.038 , 1.209999
21.039 , 1.209999
21.04 , 1.209999
21.042 , 1.239998
21.043 , 1.239998
21.044 , 1.290001
21.045 , 1.300003
21.046 , 1.25
21.047 , 1.230003
21.048 , 1.310005
21.049 , 1.310005
21.05 , 1.260002
21.051 , 1.269997
21.052 , 1.269997
21.054 , 1.269997
21.055 , 1.220001
21.056 , 1.190002
21.057 , 1.220001
21.058 , 1.230003
21.059 , 1.130005
21.06 , 1.130005
21.061 , 1.210007
21.062 , 1.140007
21.063 , 1.210007
21.064 , 1.210007
21.066 , 1.199997
21.067 , 1.150002
21.068 , 1.160004
21.069 , 1.209999
21.07 , 1.209999
21.071 , 1.170006
21.072 , 1.150002
21.073 , 1.150002
21.075 , 1.159996
21.076 , 1.18
21.077 , 1.119995
21.078 , 1.129997
21.079 , 1.129997
21.08 , 1.099998
21.081 , 1.110001
21.082 , 1.110001
21.083 , 1.139999
21.085 , 1.100006
21.086 , 1.100006
21.087 , 1.100006
21.088 , 1.059998
21.089 , 1.110001
21.09 , 1.059998
21.091 , 1.120003
21.092 , 1.120003
21.093 , 1.07
21.095 , 1.080002
21.096 , 1.130005
21.097 , 1.080002
21.098 , 1.139999
21.099 , 1.07
21.1 , 0.9300003
21.101 , 0.9199982
21.102 , 0.8699951
21.104 , 0.8099976
21.105 , 0.7700043
21.106 , 0.7000046
21.107 , 0.7000046
21.108 , 0.6700058
21.109 , 0.6399994
21.11 , 0.6399994
21.111 , 0.6200027
21.113 , 0.6499939
21.114 , 0.6499939
21.115 , 0.659996
21.116 , 0.659996
21.117 , 0.6900024
21.118 , 0.6699982
21.119 , 0.6699982
21.121 , 0.6500015
21.122 , 0.6799927
21.123 , 0.659996
21.124 , 0.659996
21.125 , 0.6899948
21.126 , 0.6199951
21.127 , 0.5599976
21.129 , 0.5699997
21.13 , 0.5
21.131 , 0.5
21.132 , 0.4599991
21.133 , 0.3700027
21.134 , 0.4200058
21.135 , 0.3799973
21.137 , 0.3799973
21.138 , 0.3399963
21.139 , 0.3899994
21.14 , 0.4400024
21.141 , 0.4400024
21.142 , 0.4500046
21.143 , 0.4000015
21.144 , 0.4000015
21.146 , 0.4100037
21.147 , 0.4100037
21.148 , 0.4199982
21.149 , 0.3699951
21.15 , 0.3499985
21.151 , 0.3499985
21.152 , 0.2900009
21.154 , 0.3600006
21.155 , 0.3000031
21.156 , 0.2300034
21.157 , 0.2300034
21.158 , 0.2199936
21.159 , 0.2199936
21.16 , 0.2199936
21.161 , 0.2199936
21.163 , 0.2099991
21.164 , 0.2099991
21.165 , 0.1699982
21.166 , 0.1699982
21.167 , 0.1699982
21.168 , 0.1800003
21.169 , 0.1800003
21.171 , 0.2300034
21.172 , 0.1699982
21.173 , 0.1899948
21.174 , 0.1699982
21.175 , 0.1800003
21.176 , 0.1299973
21.177 , 0.1299973
21.178 , 0.1200027
21.18 , 0.1200027
21.181 , 0.05000305
21.182 , 0.05999756
21.183 , 0.1299973
21.185 , 0.06999969
21.186 , 0.04999542
21.187 , 0.04999542
21.189 , 0.05999756
21.19 , -0.01000214
21.199 , 0.01999664
21.201 , -0.05000305
21.202 , -0.04000092
21.203 , -0.01999664
21.205 , -0.01000214
21.206 , -0.01000214
21.207 , -0.01000214
21.208 , 0.05999756
21.21 , 0.04999542
21.211 , 0.04999542
21.212 , 0.05999756
21.214 , 0.05999756
21.215 , 0.06999969
21.217 , 0.0
21.218 , -0.01999664
21.219 , 0.009994507
21.22 , -0.01000214
21.222 , 0.01999664
21.223 , -0.1200027
21.224 , -0.1200027
21.225 , -0.1100006
21.226 , -0.05999756
21.228 , -0.1100006
21.229 , -0.1199951
21.23 , -0.1199951
21.231 , -0.1199951
21.232 , -0.1100006
21.233 , -0.1100006
21.234 , -0.1100006
21.236 , -0.02999878
21.237 , -0.09999847
21.238 , -0.08000183
21.24 , -0.08999634
21.241 , -0.1299973
21.242 , -0.08000183
21.243 , -0.1500015
21.245 , -0.1399994
21.246 , -0.1600037
21.247 , -0.1600037
21.248 , -0.2099991
21.249 , -0.1500015
21.25 , -0.1500015
21.251 , -0.1299973
21.252 , -0.1399994
21.254 , -0.1899948
21.255 , -0.1300049
21.256 , -0.1300049
21.257 , -0.1800003
21.258 , -0.1800003
21.259 , -0.1699982
21.26 , -0.1699982
21.262 , -0.2200012
21.263 , -0.1800003
21.264 , -0.1800003
21.265 , -0.1700058
21.266 , -0.2100067
21.267 , -0.2100067
21.268 , -0.2100067
21.269 , -0.2000046
21.271 , -0.2000046
21.272 , -0.2200012
21.273 , -0.1900024
21.274 , -0.2200012
21.275 , -0.2099991
21.276 , -0.2099991
21.277 , -0.2799988
21.278 , -0.2299957
21.28 , -0.2200012
21.281 , -0.2200012
21.282 , -0.2600021
21.283 , -0.2600021
21.284 , -0.2099991
21.285 , -0.2799988
21.286 , -0.3099976
21.288 , -0.3099976
21.289 , -0.3300018
21.29 , -0.3300018
21.291 , -0.3300018
21.292 , -0.3199997
21.293 , -0.3199997
21.294 , -0.3199997
21.295 , -0.340004
21.297 , -0.3300018
21.298 , -0.3099976
21.299 , -0.2999954
21.3 , -0.3199997
21.301 , -0.3699951
21.302 , -0.3600006
21.303 , -0.3600006
21.305 , -0.4200058
21.306 , -0.3700027
21.307 , -0.3700027
21.308 , -0.4100037
21.309 , -0.3600006
21.31 , -0.3600006
21.311 , -0.3600006
21.312 , -0.3499985
21.314 , -0.3899994
21.315 , -0.3899994
21.316 , -0.3800049
21.317 , -0.3800049
21.318 , -0.4100037
21.319 , -0.4000015
21.32 , -0.4400024
21.321 , -0.4700012
21.323 , -0.4799957
21.324 , -0.4599991
21.325 , -0.4599991
21.326 , -0.4500046
21.327 , -0.4500046
21.328 , -0.4700012
21.33 , -0.4400024
21.331 , -0.4599991
21.332 , -0.5
21.333 , -0.4300003
21.334 , -0.5
21.335 , -0.5
21.336 , -0.4899979
21.337 , -0.5099945
21.338 , -0.4899979
21.34 , -0.5400009
21.341 , -0.4800034
21.342 , -0.5299988
21.343 , -0.4700012
21.344 , -0.4899979
21.345 , -0.4899979
21.347 , -0.5499954
21.348 , -0.5199966
21.349 , -0.5100021
21.35 , -0.5400009
21.351 , -0.5600052
21.352 , -0.5500031
21.353 , -0.5500031
21.354 , -0.5500031
21.356 , -0.5199966
21.357 , -0.5400009
21.358 , -0.5899963
21.359 , -0.5999985
21.36 , -0.5799942
21.361 , -0.6399994
21.362 , -0.5999985
21.364 , -0.6300049
21.365 , -0.6600037
21.366 , -0.6500015
21.367 , -0.6500015
21.368 , -0.6500015
21.369 , -0.6399994
21.37 , -0.6399994
21.372 , -0.6100006
21.373 , -0.6300049
21.374 , -0.6300049
21.375 , -0.6300049
21.376 , -0.6399994
21.377 , -0.6200027
21.378 , -0.7099991
21.38 , -0.6299973
21.381 , -0.6999969
21.382 , -0.6999969
21.383 , -0.6699982
21.384 , -0.7299957
21.385 , -0.6899948
21.387 , -0.7200012
21.388 , -0.6800003
21.389 , -0.7099991
21.39 , -0.7099991
21.391 , -0.7099991
21.392 , -0.7099991
21.393 , -0.7299957
21.395 , -0.7699966
21.396 , -0.7199936
21.397 , -0.7599945
21.398 , -0.7599945
21.399 , -0.7799988
21.401 , -0.75
21.402 , -0.7099991
21.403 , -0.7399979
21.404 , -0.7399979
21.405 , -0.7699966
21.406 , -0.7299957
21.407 , -0.7599945
21.409 , -0.7700043
21.41 , -0.7700043
21.411 , -0.7700043
21.412 , -0.8100052
21.413 , -0.8000031
21.414 , -0.8000031
21.415 , -0.8300018
21.416 , -0.7900009
21.418 , -0.7900009
21.419 , -0.8099976
21.42 , -0.7799988
21.421 , -0.8099976
21.422 , -0.8499985
21.423 , -0.8000031
21.424 , -0.8000031
21.426 , -0.8600006
21.427 , -0.8600006
21.428 , -0.8600006
21.429 , -0.8699951
21.43 , -0.8499985
21.431 , -0.8699951
21.432 , -0.8499985
21.434 , -0.840004
21.435 , -0.9000015
21.436 , -0.8300018
21.437 , -0.8899994
21.438 , -0.8899994
21.439 , -0.909996
21.44 , -0.9499969
21.442 , -0.8799973
21.443 , -0.9399948
21.444 , -0.9399948
21.445 , -0.9699936
21.446 , -0.9599991
21.448 , -0.9300003
21.449 , -0.9300003
21.45 , -0.9199982
21.451 , -0.9499969
21.452 , -0.9499969
21.453 , -0.9399948
21.455 , -0.9399948
21.456 , -0.9300003
21.457 , -0.9700012
21.458 , -0.9700012
21.459 , -0.9700012
21.46 , -0.9800034
21.461 , -0.9800034
21.462 , -0.9599991
21.464 , -0.9700012
21.465 , -0.9700012
21.466 , -0.9599991
21.467 , -0.9899979
21.468 , -0.9899979
21.469 , -1.029999
21.471 , -0.9800034
21.472 , -1.020004
21.473 , -1.010002
21.474 , -1.010002
21.475 , -1.010002
21.476 , -1.0
21.477 , -1.029999
21.478 , -1.029999
21.479 , -1.029999
21.481 , -1.019997
21.482 , -1.019997
21.483 , -1.050003
21.484 , -1.050003
21.485 , -1.050003
21.486 , -1.040001
21.487 , -1.040001
21.488 , -1.040001
21.489 , -1.07
21.491 , -1.029999
21.492 , -1.079994
21.493 , -1.050003
21.494 , -1.050003
21.495 , -1.050003
21.496 , -1.059998
21.497 , -1.099998
21.498 , -1.129997
21.5 , -1.089996
21.501 , -1.089996
21.502 , -1.089996
21.503 , -1.149994
21.504 , -1.149994
21.505 , -1.109993
21.506 , -1.139999
21.508 , -1.139999
21.509 , -1.139999
21.51 , -1.129997
21.511 , -1.129997
21.512 , -1.160004
21.513 , -1.150002
21.514 , -1.150002
21.515 , -1.150002
21.516 , -1.18
21.518 , -1.110001
21.519 , -1.140007
21.52 , -1.169998
21.521 , -1.169998
21.522 , -1.220001
21.523 , -1.209999
21.524 , -1.159996
21.525 , -1.159996
21.527 , -1.199997
21.528 , -1.219994
21.529 , -1.199997
21.53 , -1.190002
21.531 , -1.209999
21.532 , -1.209999
21.533 , -1.25
21.534 , -1.25
21.536 , -1.269997
21.537 , -1.259995
21.538 , -1.239998
21.539 , -1.259995
21.54 , -1.230003
21.541 , -1.230003
21.542 , -1.290001
21.543 , -1.239998
21.545 , -1.239998
21.546 , -1.239998
21.547 , -1.229996
21.548 , -1.269997
21.549 , -1.269997
21.55 , -1.290001
21.551 , -1.259995
21.553 , -1.25
21.554 , -1.209999
21.555 , -1.280006
21.556 , -1.25
21.557 , -1.239998
21.558 , -1.290001
21.559 , -1.290001
21.56 , -1.330002
21.562 , -1.330002
21.563 , -1.339996
21.564 , -1.32
21.565 , -1.25
21.566 , -1.219994
21.567 , -1.169998
21.568 , -1.099998
21.57 , -1.07
21.571 , -1.019997
21.572 , -0.9800034
21.573 , -0.9700012
21.574 , -0.9399948
21.575 , -0.9700012
21.576 , -1.009995
21.577 , -1.050003
21.579 , -1.050003
21.58 , -1.110001
21.581 , -1.129997
21.582 , -1.129997
21.583 , -1.119995
21.584 , -1.159996
21.585 , -1.119995
21.586 , -1.190002
21.588 , -1.18
21.589 , -1.18
21.59 , -1.099998
21.591 , -1.139999
21.592 , -1.139999
21.593 , -1.089996
21.594 , -1.07
21.596 , -1.089996
21.597 , -1.059998
21.598 , -1.079994
21.599 , -1.059998
21.6 , -1.050003
21.601 , -1.07
21.602 , -1.050003
21.604 , -1.059998
21.605 , -1.059998
21.606 , -1.099998
21.607 , -1.089996
21.608 , -1.089996
21.609 , -1.049995
21.61 , -1.079994
21.611 , -1.079994
21.613 , -1.029999
21.614 , -1.07
21.615 , -1.029999
21.616 , -1.029999
21.617 , -1.019997
21.618 , -1.0
21.619 , -1.0
21.62 , -0.9399948
21.622 , -0.9399948
21.623 , -1.009995
21.624 , -1.0
21.625 , -0.9800034
21.626 , -0.9800034
21.627 , -0.9700012
21.628 , -0.9700012
21.629 , -0.9000015
21.631 , -0.8000031
21.632 , -0.6999969
21.633 , -0.6399994
21.634 , -0.4399948
21.635 , -0.2099991
21.636 , -0.09999847
21.638 , -0.04000092
21.639 , -0.06999969
21.64 , -0.02999878
21.642 , -0.02999878
21.643 , -0.05999756
21.645 , -0.1399994
21.646 , -0.1399994
21.647 , -0.1999969
21.648 , -0.1699982
21.649 , -0.1999969
21.65 , -0.1600037
21.652 , -0.1600037
21.653 , -0.05000305
21.654 , 0.01000214
21.655 , 0.1200027
21.656 , 0.2099991
21.658 , 0.3100052
21.659 , 0.4100037
21.66 , 0.4799957
21.661 , 0.5799942
21.662 , 0.6199951
21.663 , 0.6499939
21.664 , 0.659996
21.666 , 0.7200012
21.667 , 0.6699982
21.668 , 0.7300034
21.669 , 0.7300034
21.67 , 0.7400055
21.671 , 0.7400055
21.672 , 0.7200012
21.673 , 0.7400055
21.674 , 0.7299957
21.676 , 0.7999954
21.677 , 0.8300018
21.678 , 0.9000015
21.679 , 0.9199982
21.68 , 0.9300003
21.681 , 0.9800034
21.682 , 1.0
21.684 , 1.079994
21.685 , 1.039993
21.686 , 1.099998
21.687 , 1.089996
21.688 , 1.18
21.689 , 1.18
21.69 , 1.220001
21.691 , 1.220001
21.693 , 1.260002
21.694 , 1.270004
21.695 , 1.290001
21.696 , 1.290001
21.697 , 1.349998
21.698 , 1.349998
21.699 , 1.369995
21.7 , 1.43
21.702 , 1.43
21.703 , 1.449997
21.704 , 1.480003
21.705 , 1.480003
21.706 , 1.550003
21.707 , 1.539993
21.708 , 1.609993
21.709 , 1.609993
21.711 , 1.639999
21.712 , 1.639999
21.713 , 1.639999
21.714 , 1.720001
21.715 , 1.720001
21.716 , 1.720001
21.717 , 1.75
21.718 , 1.800003
21.719 , 1.800003
21.721 , 1.829994
21.722 , 1.829994
21.723 , 1.829994
21.724 , 1.839996
21.725 , 1.889999
21.726 , 1.909996
21.727 , 1.919998
21.728 , 1.940002
21.73 , 1.940002
21.731 , 1.950005
21.732 , 1.950005
21.733 , 1.950005
21.734 , 2.029999
21.735 , 2.009995
21.736 , 2.009995
21.737 , 2.019997
21.739 , 2.019997
21.74 , 2.019997
21.741 , 2.050003
21.742 , 2.050003
21.743 , 2.029999
21.744 , 2.129997
21.745 , 2.059998
21.746 , 2.129997
21.748 , 2.159996
21.749 , 2.159996
21.75 , 2.159996
21.751 , 2.169998
21.752 , 2.169998
21.753 , 2.220001
21.754 , 2.230003
21.755 , 2.18
21.757 , 2.150002
21.758 , 2.009995
21.759 , 1.779999
21.76 , 1.599998
21.761 , 1.330002
21.762 , 1.080002
21.763 , 0.9499969
21.764 , 0.840004
21.766 , 0.7700043
21.767 , 0.7799988
21.768 , 0.7399979
21.769 , 0.7799988
21.77 , 0.8999939
21.772 , 1.019997
21.773 , 1.18
21.774 , 1.309998
21.775 , 1.470001
21.776 , 1.510002
21.777 , 1.610001
21.778 , 1.660004
21.779 , 1.660004
21.781 , 1.669998
21.782 , 1.619995
21.783 , 1.599998
21.784 , 1.5
21.785 , 1.449997
21.786 , 1.379997
21.787 , 1.300003
21.788 , 1.300003
21.79 , 1.25
21.791 , 1.239998
21.792 , 1.169998
21.793 , 1.199997
21.794 , 1.18
21.795 , 1.25
21.796 , 1.25
21.797 , 1.269997
21.798 , 1.279999
21.8 , 1.279999
21.801 , 1.340004
21.802 , 1.290001
21.803 , 1.340004
21.804 , 1.349998
21.805 , 1.279999
21.806 , 1.279999
21.807 , 1.239998
21.809 , 1.25
21.81 , 1.220001
21.811 , 1.209999
21.812 , 1.209999
21.813 , 1.160004
21.814 , 1.220001
21.815 , 1.170006
21.816 , 1.220001
21.817 , 1.150002
21.819 , 1.18
21.82 , 1.18
21.821 , 1.239998
21.822 , 1.190002
21.823 , 1.169998
21.824 , 1.18
21.825 , 1.18
21.826 , 1.18
21.827 , 1.139999
21.829 , 1.119995
21.83 , 1.119995
21.831 , 1.159996
21.832 , 1.129997
21.833 , 1.159996
21.834 , 1.169998
21.835 , 1.139999
21.837 , 1.099998
21.838 , 1.060005
21.839 , 1.010002
21.84 , 0.9900055
21.841 , 0.9599991
21.842 , 1.0
21.843 , 0.9599991
21.844 , 1.010002
21.846 , 1.080002
21.847 , 1.099998
21.848 , 1.139999
21.849 , 1.110001
21.85 , 1.040001
21.851 , 1.029999
21.852 , 0.9899979
21.853 , 0.9599991
21.855 , 0.9000015
21.856 , 0.8399963
21.857 , 0.7200012
21.858 , 0.6900024
21.859 , 0.6200027
21.868 , 0.6500015
21.869 , 0.6900024
21.871 , 0.7000046
21.872 , 0.6600037
21.873 , 0.6600037
21.874 , 0.7000046
21.875 , 0.6699982
21.876 , 0.5799942
21.877 , 0.5499954
21.879 , 0.5199966
21.88 , 0.4899979
21.881 , 0.4400024
21.882 , 0.4100037
21.883 , 0.4800034
21.884 , 0.4100037
21.885 , 0.4200058
21.887 , 0.4500046
21.888 , 0.4300003
21.889 , 0.4300003
21.89 , 0.5
21.891 , 0.4400024
21.892 , 0.4700012
21.893 , 0.5100021
21.894 , 0.5100021
21.896 , 0.4500046
21.897 , 0.4500046
21.898 , 0.4200058
21.899 , 0.390007
21.9 , 0.3500061
21.901 , 0.3600006
21.902 , 0.3600006
21.903 , 0.4000015
21.905 , 0.3499985
21.906 , 0.3499985
21.907 , 0.3199997
21.908 , 0.2900009
21.909 , 0.3300018
21.91 , 0.2900009
21.911 , 0.2699966
21.913 , 0.2999954
21.914 , 0.2699966
21.915 , 0.3099976
21.916 , 0.2799988
21.917 , 0.2399979
21.918 , 0.25
21.92 , 0.2200012
21.921 , 0.2600021
21.922 , 0.2300034
21.923 , 0.2100067
21.924 , 0.2100067
21.925 , 0.2200012
21.926 , 0.1800003
21.927 , 0.1800003
21.928 , 0.1900024
21.929 , 0.1600037
21.931 , 0.1300049
21.932 , 0.1300049
21.933 , 0.1300049
21.934 , 0.1700058
21.935 , 0.1399994
21.936 , 0.1399994
21.937 , 0.109993
21.939 , 0.08000183
21.94 , 0.08000183
21.941 , 0.09000397
21.943 , 0.09000397
21.944 , 0.02000427
21.945 , 0.05000305
21.946 , 0.03000641
21.948 , 0.05999756
21.949 , 0.04000092
21.951 , 0.0
21.952 , -0.01999664
21.953 , -0.01999664
21.954 , 0.0
21.955 , 0.01000214
21.957 , 0.06000519
21.958 , 0.08999634
21.959 , 0.06999969
21.961 , 0.08999634
21.962 , 0.09999847
21.964 , 0.09999847
21.965 , 0.09000397
21.966 , 0.04000092
21.968 , 0.03000641
21.969 , 0.03000641
21.97 , 0.05000305
21.972 , 0.0
21.973 , -0.03000641
21.974 , 0.0
21.975 , -0.04000092
21.976 , -0.04000092
21.978 , -0.02999878
21.979 , -0.02999878
21.981 , -0.02999878
21.982 , -0.08999634
21.983 , -0.01999664
21.985 , -0.06000519
21.986 , -0.01000214
21.987 , -0.06000519
21.989 , -0.05000305
21.99 , -0.06999969
21.991 , -0.1100006
21.992 , -0.09999847
21.994 , -0.1299973
21.995 , -0.09000397
21.996 , -0.1200027
21.997 , -0.1399994
21.999 , -0.08000183
22.0 , -0.1100006
22.001 , -0.1299973
22.002 , -0.1199951
22.003 , -0.1199951
22.004 , -0.1199951
22.006 , -0.109993
22.007 , -0.159996
22.008 , -0.1500015
22.009 , -0.1700058
22.01 , -0.2099991
22.011 , -0.1700058
22.012 , -0.1999969
22.014 , -0.1600037
22.015 , -0.1500015
22.016 , -0.1899948
22.017 , -0.2200012
22.018 , -0.1800003
22.019 , -0.2100067
22.02 , -0.25
22.021 , -0.2100067
22.022 , -0.2399979
22.024 , -0.2900009
22.025 , -0.2799988
22.026 , -0.2600021
22.027 , -0.2799988
22.028 , -0.25
22.029 , -0.2699966
22.03 , -0.2699966
22.032 , -0.2600021
22.033 , -0.3000031
22.034 , -0.2600021
22.035 , -0.2900009
22.036 , -0.3199997
22.037 , -0.2900009
22.038 , -0.3099976
22.039 , -0.3099976
22.041 , -0.3099976
22.042 , -0.3000031
22.043 , -0.3000031
22.044 , -0.340004
22.045 , -0.3300018
22.046 , -0.3300018
22.047 , -0.3600006
22.048 , -0.3600006
22.049 , -0.3499985
22.051 , -0.3700027
22.052 , -0.409996
22.053 , -0.409996
22.054 , -0.409996
22.055 , -0.4200058
22.056 , -0.4000015
22.057 , -0.4000015
22.058 , -0.4000015
22.06 , -0.3899994
22.061 , -0.340004
22.062 , -0.4000015
22.063 , -0.4000015
22.064 , -0.4000015
22.065 , -0.4299927
22.066 , -0.4299927
22.067 , -0.4599991
22.069 , -0.4500046
22.07 , -0.4500046
22.071 , -0.4199982
22.072 , -0.4400024
22.073 , -0.409996
22.074 , -0.4599991
22.076 , -0.4499969
22.077 , -0.4499969
22.078 , -0.5199966
22.079 , -0.5100021
22.08 , -0.5100021
22.081 , -0.5500031
22.082 , -0.5400009
22.084 , -0.5699997
22.085 , -0.5299988
22.086 , -0.5599976
22.087 , -0.5299988
22.088 , -0.5299988
22.09 , -0.5199966
22.091 , -0.5199966
22.092 , -0.5400009
22.093 , -0.5400009
22.094 , -0.5800018
22.095 , -0.5699997
22.096 , -0.5699997
22.098 , -0.5699997
22.099 , -0.5899963
22.1 , -0.5899963
22.101 , -0.5599976
22.102 , -0.5800018
22.103 , -0.6000061
22.104 , -0.6000061
22.105 , -0.590004
22.107 , -0.6300049
22.108 , -0.6300049
22.109 , -0.6200027
22.11 , -0.6200027
22.111 , -0.6500015
22.112 , -0.6399994
22.113 , -0.6399994
22.115 , -0.6300049
22.116 , -0.6300049
22.117 , -0.6300049
22.118 , -0.6300049
22.119 , -0.6600037
22.12 , -0.6600037
22.121 , -0.6900024
22.122 , -0.6800003
22.124 , -0.6800003
22.125 , -0.6700058
22.126 , -0.6900024
22.127 , -0.6900024
22.128 , -0.6700058
22.129 , -0.6800003
22.13 , -0.6800003
22.131 , -0.6600037
22.132 , -0.6699982
22.134 , -0.6699982
22.135 , -0.7099991
22.136 , -0.6999969
22.137 , -0.6999969
22.138 , -0.6999969
22.139 , -0.7200012
22.141 , -0.7600021
22.142 , -0.75
22.143 , -0.75
22.144 , -0.7799988
22.145 , -0.7799988
22.146 , -0.7699966
22.147 , -0.7699966
22.149 , -0.7599945
22.15 , -0.7599945
22.151 , -0.7799988
22.152 , -0.7700043
22.153 , -0.7700043
22.154 , -0.8100052
22.156 , -0.8300018
22.157 , -0.8000031
22.158 , -0.8000031
22.159 , -0.7900009
22.16 , -0.8199997
22.161 , -0.7900009
22.162 , -0.8100052
22.163 , -0.8100052
22.164 , -0.8500061
22.166 , -0.8000031
22.167 , -0.8000031
22.168 , -0.8000031
22.169 , -0.8300018
22.17 , -0.8600006
22.171 , -0.9000015
22.172 , -0.8899994
22.173 , -0.8499985
22.175 , -0.8499985
22.176 , -0.8800049
22.177 , -0.8800049
22.178 , -0.8800049
22.179 , -0.8700027
22.18 , -0.8700027
22.181 , -0.8700027
22.183 , -0.8799973
22.184 , -0.8799973
22.185 , -0.9499969
22.186 , -0.9400024
22.187 , -0.9400024
22.188 , -0.9000015
22.189 , -0.9300003
22.191 , -0.8899994
22.192 , -0.9199982
22.193 , -0.9199982
22.194 , -0.9499969
22.195 , -0.9499969
22.197 , -0.9399948
22.198 , -0.9799957
22.199 , -0.9700012
22.2 , -0.9700012
22.201 , -0.9900055
22.202 , -0.9800034
22.203 , -0.9599991
22.205 , -0.9800034
22.206 , -1.0
22.207 , -1.0
22.208 , -1.0
22.209 , -0.9600067
22.21 , -0.9900055
22.211 , -0.9900055
22.212 , -1.020004
22.213 , -0.9800034
22.215 , -1.020004
22.216 , -1.010002
22.217 , -1.010002
22.218 , -1.040001
22.219 , -1.029999
22.22 , -1.029999
22.221 , -1.0
22.222 , -1.0
22.223 , -1.020004
22.224 , -1.060005
22.226 , -1.050003
22.227 , -1.080002
22.228 , -1.050003
22.229 , -1.07
22.23 , -1.07
22.231 , -1.07
22.232 , -1.040001
22.233 , -1.119995
22.235 , -1.059998
22.236 , -1.090004
22.237 , -1.090004
22.238 , -1.090004
22.239 , -1.080002
22.24 , -1.080002
22.241 , -1.099998
22.242 , -1.099998
22.243 , -1.089996
22.245 , -1.119995
22.246 , -1.060005
22.247 , -1.110001
22.248 , -1.110001
22.249 , -1.07
22.25 , -1.139999
22.251 , -1.139999
22.252 , -1.139999
22.253 , -1.159996
22.255 , -1.159996
22.256 , -1.189995
22.257 , -1.149994
22.258 , -1.149994
22.259 , -1.18
22.26 , -1.18
22.261 , -1.18
22.263 , -1.190002
22.264 , -1.169998
22.265 , -1.190002
22.266 , -1.18
22.267 , -1.209999
22.268 , -1.18
22.269 , -1.170006
22.27 , -1.200005
22.271 , -1.200005
22.273 , -1.190002
22.274 , -1.230003
22.275 , -1.190002
22.276 , -1.220001
22.277 , -1.18
22.278 , -1.18
22.279 , -1.239998
22.28 , -1.209999
22.282 , -1.209999
22.283 , -1.230003
22.284 , -1.230003
22.285 , -1.270004
22.286 , -1.260002
22.287 , -1.279999
22.288 , -1.260002
22.289 , -1.269997
22.29 , -1.25
22.292 , -1.25
22.293 , -1.240005
22.294 , -1.240005
22.295 , -1.260002
22.296 , -1.25
22.297 , -1.25
22.298 , -1.25
22.299 , -1.279999
22.3 , -1.309998
22.302 , -1.309998
22.303 , -1.299995
22.304 , -1.299995
22.305 , -1.299995
22.306 , -1.290001
22.307 , -1.25
22.308 , -1.32
22.309 , -1.360001
22.311 , -1.349998
22.312 , -1.349998
22.313 , -1.360001
22.314 , -1.339996
22.315 , -1.229996
22.316 , -1.189995
22.317 , -1.169998
22.319 , -1.099998
22.32 , -1.090004
22.321 , -1.050003
22.322 , -1.050003
22.323 , -1.010002
22.324 , -1.010002
22.325 , -1.010002
22.326 , -1.0
22.327 , -1.029999
22.328 , -1.07
22.33 , -1.060005
22.331 , -1.130005
22.332 , -1.18
22.333 , -1.139999
22.334 , -1.139999
22.335 , -1.169998
22.336 , -1.199997
22.337 , -1.159996
22.339 , -1.159996
22.34 , -1.149994
22.341 , -1.119995
22.342 , -1.149994
22.343 , -1.110001
22.344 , -1.090004
22.345 , -1.110001
22.346 , -1.080002
22.348 , -1.080002
22.349 , -1.080002
22.35 , -1.07
22.351 , -1.07
22.352 , -1.089996
22.353 , -1.080002
22.354 , -1.060005
22.355 , -1.080002
22.357 , -1.07
22.358 , -1.050003
22.359 , -1.099998
22.36 , -1.059998
22.361 , -1.040001
22.362 , -1.059998
22.363 , -1.049995
22.364 , -1.049995
22.366 , -1.040001
22.367 , -1.040001
22.368 , -1.040001
22.369 , -1.020004
22.37 , -1.010002
22.371 , -0.9700012
22.372 , -1.010002
22.373 , -1.0
22.374 , -0.9599991
22.375 , -1.019997
22.377 , -1.010002
22.378 , -1.010002
22.379 , -0.9500046
22.38 , -0.8700027
22.381 , -0.7799988
22.382 , -0.7099991
22.383 , -0.5800018
22.385 , -0.4400024
22.386 , -0.2600021
22.387 , -0.1399994
22.388 , -0.06999969
22.389 , -0.06999969
22.391 , -0.06000519
22.392 , -0.1000061
22.393 , -0.09000397
22.394 , -0.1600037
22.396 , -0.1900024
22.397 , -0.2200012
22.398 , -0.2399979
22.399 , -0.2399979
22.4 , -0.2599945
22.401 , -0.2099991
22.403 , -0.09000397
22.404 , -0.06000519
22.405 , 0.09999847
22.407 , 0.1999969
22.408 , 0.3099976
22.409 , 0.4000015
22.41 , 0.4800034
22.411 , 0.5699997
22.412 , 0.6399994
22.413 , 0.7199936
22.415 , 0.6699982
22.416 , 0.7199936
22.417 , 0.7299957
22.418 , 0.7299957
22.419 , 0.75
22.42 , 0.7399979
22.421 , 0.7399979
22.423 , 0.75
22.424 , 0.75
22.425 , 0.7700043
22.426 , 0.7700043
22.427 , 0.8099976
22.428 , 0.8499985
22.429 , 0.8799973
22.43 , 0.9300003
22.432 , 0.9499969
22.433 , 0.9900055
22.434 , 1.060005
22.435 , 1.099998
22.436 , 1.120003
22.437 , 1.18
22.438 , 1.18
22.439 , 1.199997
22.441 , 1.209999
22.442 , 1.239998
22.443 , 1.25
22.444 , 1.25
22.445 , 1.290001
22.446 , 1.290001
22.447 , 1.32
22.448 , 1.370003
22.45 , 1.399994
22.451 , 1.43
22.452 , 1.43
22.453 , 1.480003
22.454 , 1.5
22.455 , 1.5
22.456 , 1.57
22.457 , 1.560005
22.458 , 1.560005
22.459 , 1.580002
22.461 , 1.639999
22.462 , 1.639999
22.463 , 1.689995
22.464 , 1.720001
22.465 , 1.720001
22.466 , 1.720001
22.467 , 1.800003
22.468 , 1.800003
22.47 , 1.780006
22.471 , 1.850006
22.472 , 1.870003
22.473 , 1.850006
22.474 , 1.879997
22.475 , 1.879997
22.476 , 1.909996
22.477 , 1.959999
22.479 , 1.959999
22.48 , 1.970001
22.481 , 2.040001
22.482 , 2.040001
22.483 , 2.0
22.484 , 2.050003
22.485 , 2.050003
22.486 , 2.050003
22.487 , 2.059998
22.488 , 2.059998
22.49 , 2.07
22.491 , 2.07
22.492 , 2.07
22.493 , 2.099998
22.494 , 2.110001
22.495 , 2.130005
22.496 , 2.130005
22.498 , 2.18
22.499 , 2.119995
22.5 , 2.099998
22.501 , 1.940002
22.502 , 1.799995
22.503 , 1.479996
22.504 , 1.200005
22.505 , 0.9400024
22.507 , 0.890007
22.508 , 0.7700043
22.509 , 0.6600037
22.51 , 0.6699982
22.511 , 0.6699982
22.512 , 0.7399979
22.513 , 0.8699951
22.515 , 0.9499969
22.516 , 1.110001
22.517 , 1.240005
22.518 , 1.420006
22.519 , 1.470001
22.52 , 1.519997
22.521 , 1.589996
22.522 , 1.609993
22.524 , 1.599998
22.525 , 1.549995
22.526 , 1.529999
22.527 , 1.470001
22.528 , 1.400002
22.529 , 1.379997
22.539 , 1.209999
22.54 , 1.190002
22.541 , 1.220001
22.542 , 1.220001
22.543 , 1.260002
22.544 , 1.269997
22.545 , 1.269997
22.546 , 1.269997
22.547 , 1.239998
22.549 , 1.239998
22.55 , 1.220001
22.551 , 1.220001
22.552 , 1.18
22.553 , 1.18
22.554 , 1.190002
22.555 , 1.160004
22.556 , 1.160004
22.557 , 1.169998
22.558 , 1.169998
22.56 , 1.169998
22.561 , 1.18
22.562 , 1.159996
22.563 , 1.159996
22.564 , 1.169998
22.565 , 1.190002
22.566 , 1.169998
22.568 , 1.200005
22.569 , 1.18
22.57 , 1.130005
22.571 , 1.139999
22.572 , 1.139999
22.573 , 1.119995
22.574 , 1.129997
22.576 , 1.129997
22.577 , 1.160004
22.578 , 1.139999
22.579 , 1.139999
22.58 , 1.139999
22.581 , 1.149994
22.582 , 1.079994
22.583 , 1.079994
22.585 , 1.089996
22.586 , 1.089996
22.587 , 1.080002
22.588 , 0.9700012
22.589 , 0.9700012
22.59 , 0.9000015
22.591 , 0.8800049
22.593 , 0.8800049
22.594 , 0.9199982
22.595 , 0.9599991
22.596 , 1.029999
22.597 , 1.110001
22.598 , 1.129997
22.599 , 1.110001
22.601 , 1.010002
22.602 , 0.9400024
22.603 , 0.9800034
22.604 , 0.9499969
22.605 , 0.8299942
22.606 , 0.7599945
22.607 , 0.7099991
22.608 , 0.6800003
22.61 , 0.6100006
22.611 , 0.5599976
22.612 , 0.5599976
22.613 , 0.5599976
22.614 , 0.5699997
22.615 , 0.6100006
22.616 , 0.6100006
22.617 , 0.6199951
22.619 , 0.6699982
22.62 , 0.6699982
22.621 , 0.6800003
22.622 , 0.6800003
22.623 , 0.6800003
22.624 , 0.6600037
22.625 , 0.6399994
22.627 , 0.6499939
22.628 , 0.609993
22.629 , 0.5399933
22.63 , 0.5099945
22.631 , 0.4599991
22.632 , 0.4799957
22.633 , 0.4300003
22.635 , 0.4400024
22.636 , 0.4700012
22.637 , 0.4800034
22.638 , 0.4500046
22.639 , 0.4500046
22.64 , 0.4100037
22.641 , 0.4599991
22.642 , 0.4599991
22.644 , 0.4700012
22.645 , 0.4700012
22.646 , 0.4700012
22.647 , 0.4700012
22.648 , 0.4800034
22.649 , 0.4400024
22.65 , 0.4100037
22.651 , 0.3800049
22.653 , 0.3600006
22.654 , 0.3699951
22.655 , 0.3399963
22.656 , 0.3399963
22.657 , 0.3399963
22.658 , 0.3099976
22.66 , 0.3499985
22.661 , 0.3199997
22.662 , 0.2900009
22.663 , 0.2900009
22.664 , 0.3299942
22.665 , 0.2999954
22.666 , 0.2999954
22.668 , 0.2699966
22.669 , 0.2699966
22.67 , 0.2699966
22.671 , 0.2799988
22.672 , 0.25
22.673 , 0.2099991
22.674 , 0.2600021
22.676 , 0.2200012
22.677 , 0.2000046
22.678 , 0.2099991
22.679 , 0.2099991
22.68 , 0.2299957
22.681 , 0.1900024
22.682 , 0.1900024
22.683 , 0.1900024
22.685 , 0.1600037
22.686 , 0.1600037
22.687 , 0.1300049
22.688 , 0.1399994
22.689 , 0.1699982
22.69 , 0.09999847
22.692 , 0.1100006
22.693 , 0.1100006
22.694 , 0.1200027
22.695 , 0.09999847
22.696 , 0.06999969
22.698 , 0.01000214
22.699 , 0.01000214
22.701 , 0.04999542
22.702 , 0.04999542
22.703 , 0.01999664
22.705 , 0.02999878
22.706 , -0.01000214
22.707 , 0.05999756
22.709 , 0.06999969
22.71 , 0.1100006
22.711 , 0.0799942
22.712 , 0.1199951
22.714 , 0.1299973
22.715 , 0.1299973
22.716 , 0.1299973
22.717 , 0.1299973
22.718 , 0.06999969
22.72 , 0.02999878
22.721 , 0.04000092
22.722 , 0.02000427
22.724 , 0.02999878
22.725 , 0.0
22.726 , -0.06999969
22.727 , -0.04000092
22.729 , -0.02999878
22.73 , -0.02999878
22.732 , -0.01999664
22.733 , -0.01999664
22.734 , -0.01999664
22.736 , -0.009994507
22.737 , 0.03000641
22.738 , -0.02999878
22.74 , -0.02999878
22.741 , -0.05999756
22.743 , -0.08000183
22.744 , -0.01999664
22.745 , -0.04999542
22.747 , -0.06999969
22.748 , -0.04000092
22.749 , -0.04000092
22.751 , -0.05000305
22.752 , -0.09999847
22.753 , -0.1200027
22.755 , -0.1399994
22.756 , -0.1100006
22.757 , -0.1800003
22.758 , -0.1299973
22.759 , -0.1699982
22.76 , -0.1699982
22.761 , -0.1200027
22.763 , -0.1600037
22.764 , -0.1600037
22.765 , -0.1699982
22.766 , -0.1699982
22.767 , -0.2200012
22.768 , -0.2099991
22.769 , -0.2099991
22.771 , -0.2000046
22.772 , -0.2200012
22.773 , -0.2000046
22.774 , -0.2200012
22.775 , -0.2099991
22.776 , -0.1900024
22.777 , -0.2099991
22.779 , -0.1999969
22.78 , -0.1999969
22.781 , -0.2199936
22.782 , -0.2199936
22.783 , -0.2199936
22.784 , -0.2199936
22.786 , -0.25
22.787 , -0.25
22.788 , -0.2600021
22.789 , -0.3099976
22.79 , -0.2600021
22.791 , -0.25
22.792 , -0.25
22.793 , -0.2999954
22.795 , -0.3100052
22.796 , -0.2900009
22.797 , -0.2900009
22.798 , -0.2799988
22.799 , -0.3000031
22.8 , -0.2300034
22.801 , -0.2200012
22.802 , -0.2699966
22.804 , -0.2900009
22.805 , -0.2599945
22.806 , -0.2799988
22.807 , -0.2799988
22.808 , -0.2700043
22.809 , -0.3000031
22.81 , -0.3000031
22.812 , -0.2600021
22.813 , -0.2900009
22.814 , -0.2900009
22.815 , -0.2799988
22.816 , -0.2799988
22.817 , -0.2799988
22.819 , -0.3099976
22.82 , -0.3099976
22.821 , -0.3399963
22.822 , -0.3300018
22.823 , -0.3300018
22.824 , -0.3300018
22.825 , -0.3600006
22.826 , -0.3600006
22.828 , -0.3099976
22.829 , -0.3499985
22.83 , -0.3699951
22.831 , -0.3699951
22.832 , -0.3600006
22.833 , -0.3600006
22.834 , -0.4100037
22.836 , -0.3499985
22.837 , -0.4000015
22.838 , -0.3399963
22.839 , -0.3899994
22.84 , -0.3899994
22.841 , -0.3899994
22.843 , -0.3999939
22.844 , -0.3999939
22.845 , -0.4200058
22.846 , -0.4200058
22.847 , -0.4200058
22.848 , -0.4499969
22.85 , -0.4100037
22.851 , -0.5199966
22.852 , -0.4399948
22.853 , -0.4399948
22.854 , -0.4599991
22.855 , -0.4300003
22.856 , -0.4300003
22.857 , -0.4500046
22.859 , -0.4400024
22.86 , -0.4400024
22.861 , -0.4400024
22.862 , -0.4799957
22.863 , -0.5
22.864 , -0.5
22.865 , -0.4899979
22.866 , -0.4899979
22.868 , -0.5500031
22.869 , -0.4599991
22.87 , -0.4800034
22.871 , -0.4800034
22.872 , -0.5
22.873 , -0.5
22.874 , -0.5
22.876 , -0.5299988
22.877 , -0.4899979
22.878 , -0.4800034
22.879 , -0.5200043
22.88 , -0.5400009
22.881 , -0.590004
22.882 , -0.5299988
22.884 , -0.5299988
22.885 , -0.5
22.886 , -0.5199966
22.887 , -0.5199966
22.888 , -0.5599976
22.889 , -0.5799942
22.891 , -0.5099945
22.892 , -0.5699997
22.893 , -0.5699997
22.894 , -0.5699997
22.895 , -0.6100006
22.896 , -0.6299973
22.898 , -0.6299973
22.899 , -0.5999985
22.9 , -0.6199951
22.901 , -0.5499954
22.902 , -0.609993
22.904 , -0.6299973
22.905 , -0.6200027
22.906 , -0.6699982
22.907 , -0.6699982
22.908 , -0.6699982
22.909 , -0.659996
22.911 , -0.6800003
22.912 , -0.7200012
22.913 , -0.7399979
22.914 , -0.7200012
22.915 , -0.6399994
22.916 , -0.7100067
22.917 , -0.6600037
22.918 , -0.7100067
22.92 , -0.7200012
22.921 , -0.7399979
22.922 , -0.7099991
22.923 , -0.7299957
22.924 , -0.7099991
22.925 , -0.7199936
22.927 , -0.7699966
22.928 , -0.7899933
22.929 , -0.7600021
22.93 , -0.7600021
22.931 , -0.7600021
22.932 , -0.75
22.933 , -0.75
22.934 , -0.7699966
22.936 , -0.7399979
22.937 , -0.8099976
22.938 , -0.7599945
22.939 , -0.8000031
22.94 , -0.8000031
22.941 , -0.8000031
22.942 , -0.8099976
22.944 , -0.8099976
22.945 , -0.7999954
22.946 , -0.7999954
22.947 , -0.7999954
22.948 , -0.7999954
22.95 , -0.7899933
22.951 , -0.8099976
22.952 , -0.7799988
22.953 , -0.8000031
22.954 , -0.8000031
22.955 , -0.840004
22.956 , -0.840004
22.958 , -0.840004
22.959 , -0.8300018
22.96 , -0.8300018
22.961 , -0.8499985
22.962 , -0.840004
22.963 , -0.840004
22.965 , -0.8300018
22.966 , -0.8800049
22.967 , -0.9000015
22.968 , -0.9000015
22.969 , -0.8700027
22.97 , -0.8700027
22.971 , -0.8899994
22.973 , -0.9300003
22.974 , -0.9300003
22.975 , -0.8700027
22.976 , -0.9200058
22.977 , -0.9200058
22.978 , -0.8700027
22.979 , -0.9100037
22.981 , -0.9100037
22.982 , -0.9000015
22.983 , -0.9000015
22.984 , -0.9199982
22.985 , -0.9199982
22.986 , -0.9299927
22.987 , -0.9299927
22.989 , -0.9199982
22.99 , -0.9199982
22.991 , -0.9700012
22.992 , -0.909996
22.993 , -0.909996
22.994 , -0.909996
22.996 , -0.9499969
22.997 , -0.9700012
22.998 , -0.9499969
22.999 , -0.9600067
23.0 , -0.9600067
23.001 , -0.9600067
23.003 , -0.9500046
23.004 , -0.9500046
23.005 , -1.0
23.006 , -1.010002
23.007 , -0.9199982
23.008 , -0.9400024
23.009 , -0.9799957
23.01 , -0.9799957
23.012 , -0.9700012
23.013 , -0.9700012
23.014 , -0.9700012
23.015 , -0.9900055
23.016 , -0.9800034
23.017 , -0.9800034
23.018 , -0.9800034
23.019 , -0.9899979
23.021 , -0.9700012
23.022 , -0.9800034
23.023 , -0.9800034
23.024 , -1.030006
23.025 , -1.030006
23.026 , -1.020004
23.027 , -1.020004
23.028 , -1.040001
23.029 , -1.010002
23.031 , -1.029999
23.032 , -1.019997
23.033 , -1.07
23.034 , -1.089996
23.035 , -1.07
23.036 , -1.060005
23.037 , -1.080002
23.038 , -1.060005
23.04 , -1.07
23.041 , -1.050003
23.042 , -1.040001
23.043 , -1.059998
23.044 , -1.040001
23.045 , -1.110001
23.046 , -1.100006
23.047 , -1.120003
23.048 , -1.120003
23.05 , -1.090004
23.051 , -1.110001
23.052 , -1.080002
23.053 , -1.080002
23.054 , -1.080002
23.055 , -1.099998
23.056 , -1.089996
23.057 , -1.089996
23.058 , -1.089996
23.06 , -1.150002
23.061 , -1.150002
23.062 , -1.139999
23.063 , -1.139999
23.064 , -1.139999
23.065 , -1.07
23.066 , -1.040001
23.067 , -0.9899979
23.069 , -0.9599991
23.07 , -0.909996
23.071 , -0.8899994
23.072 , -0.8199997
23.073 , -0.8100052
23.075 , -0.8100052
23.076 , -0.8199997
23.077 , -0.8199997
23.078 , -0.8199997
23.079 , -0.8799973
23.08 , -0.8799973
23.081 , -0.9300003
23.083 , -0.9400024
23.084 , -0.9400024
23.085 , -1.010002
23.086 , -1.0
23.087 , -1.0
23.088 , -0.9800034
23.089 , -0.9700012
23.09 , -0.9700012
23.091 , -0.9700012
23.093 , -0.909996
23.094 , -0.909996
23.095 , -0.909996
23.096 , -0.9000015
23.097 , -0.8800049
23.098 , -0.9000015
23.099 , -0.8700027
23.101 , -0.8199997
23.102 , -0.8700027
23.103 , -0.8799973
23.104 , -0.8600006
23.105 , -0.8600006
23.106 , -0.9200058
23.107 , -0.8700027
23.108 , -0.8700027
23.11 , -0.9300003
23.111 , -0.9300003
23.112 , -0.9300003
23.113 , -0.9000015
23.114 , -0.9000015
23.115 , -0.9199982
23.116 , -0.8899994
23.117 , -0.8899994
23.119 , -0.8800049
23.12 , -0.8300018
23.121 , -0.8300018
23.122 , -0.8800049
23.123 , -0.8199997
23.124 , -0.8700027
23.125 , -0.8899994
23.127 , -0.8600006
23.128 , -0.8600006
23.129 , -0.7800064
23.13 , -0.7300034
23.131 , -0.7100067
23.132 , -0.5700073
23.133 , -0.4899979
23.134 , -0.3300018
23.136 , -0.1399994
23.137 , -0.05000305
23.138 , 0.09000397
23.139 , 0.08000183
23.141 , 0.1000061
23.142 , 0.08000183
23.143 , 0.04000092
23.144 , -0.03000641
23.146 , -0.04000092
23.147 , -0.1100006
23.148 , -0.05999756
23.15 , -0.04999542
23.151 , -0.04999542
23.152 , -0.01000214
23.154 , 0.07000732
23.155 , 0.2300034
23.156 , 0.2399979
23.157 , 0.3799973
23.158 , 0.5099945
23.16 , 0.5699997
23.161 , 0.6399994
23.162 , 0.7099991
23.163 , 0.7600021
23.164 , 0.7900009
23.165 , 0.8100052
23.166 , 0.8199997
23.167 , 0.8199997
23.169 , 0.7999954
23.17 , 0.8099976
23.171 , 0.8099976
23.172 , 0.8799973
23.173 , 0.8899994
23.174 , 0.8899994
23.176 , 0.9000015
23.177 , 0.9200058
23.178 , 0.9600067
23.179 , 0.9600067
23.18 , 1.019997
23.181 , 1.019997
23.182 , 1.089996
23.184 , 1.139999
23.185 , 1.169998
23.186 , 1.200005
23.187 , 1.25
23.188 , 1.25
23.189 , 1.270004
23.19 , 1.32
23.191 , 1.32
23.192 , 1.32
23.194 , 1.360001
23.195 , 1.400002
23.196 , 1.440002
23.197 , 1.440002
23.198 , 1.440002
23.199 , 1.459999
23.2 , 1.470001
23.201 , 1.510002
23.202 , 1.540001
23.204 , 1.589996
23.205 , 1.589996
23.206 , 1.650002
23.215 , 1.809998
23.216 , 1.82
23.217 , 1.839996
23.218 , 1.839996
23.22 , 1.849998
23.221 , 1.849998
23.222 , 1.919998
23.223 , 1.900002
23.224 , 1.93
23.225 , 1.93
23.226 , 1.939995
23.227 , 1.979996
23.229 , 1.939995
23.23 , 2.019997
23.231 , 1.989998
23.232 , 1.989998
23.233 , 2.029999
23.234 , 2.0
23.235 , 2.07
23.237 , 2.080002
23.238 , 2.080002
23.239 , 2.080002
23.24 , 2.089996
23.241 , 2.049995
23.242 , 1.979996
23.243 , 1.800003
23.244 , 1.510002
23.245 , 1.349998
23.247 , 1.130005
23.248 , 0.9400024
23.249 , 0.8300018
23.25 , 0.7899933
23.251 , 0.75
23.252 , 0.6800003
23.253 , 0.7399979
23.254 , 0.7600021
23.256 , 0.9000015
23.257 , 0.9700012
23.258 , 1.090004
23.259 , 1.230003
23.26 , 1.330002
23.261 , 1.370003
23.262 , 1.490005
23.263 , 1.540001
23.264 , 1.5
23.265 , 1.5
23.267 , 1.510002
23.268 , 1.489998
23.269 , 1.389999
23.27 , 1.340004
23.271 , 1.270004
23.272 , 1.270004
23.273 , 1.189995
23.274 , 1.189995
23.276 , 1.119995
23.277 , 1.129997
23.278 , 1.129997
23.279 , 1.150002
23.28 , 1.139999
23.281 , 1.160004
23.282 , 1.209999
23.283 , 1.220001
23.285 , 1.220001
23.286 , 1.220001
23.287 , 1.229996
23.288 , 1.25
23.289 , 1.229996
23.29 , 1.190002
23.291 , 1.190002
23.292 , 1.169998
23.293 , 1.18
23.295 , 1.18
23.296 , 1.18
23.297 , 1.159996
23.298 , 1.159996
23.299 , 1.159996
23.3 , 1.169998
23.301 , 1.169998
23.302 , 1.129997
23.304 , 1.18
23.305 , 1.07
23.306 , 1.139999
23.307 , 1.150002
23.308 , 1.120003
23.309 , 1.150002
23.31 , 1.159996
23.311 , 1.159996
23.312 , 1.129997
23.314 , 1.099998
23.315 , 1.139999
23.316 , 1.080002
23.317 , 1.090004
23.318 , 1.090004
23.319 , 1.040001
23.32 , 1.050003
23.321 , 1.050003
23.322 , 1.050003
23.324 , 1.059998
23.325 , 1.059998
23.326 , 1.009995
23.327 , 1.050003
23.328 , 1.050003
23.329 , 1.050003
23.33 , 1.029999
23.331 , 1.029999
23.332 , 1.029999
23.334 , 1.0
23.335 , 1.039993
23.336 , 1.039993
23.337 , 0.9899979
23.338 , 0.8899994
23.339 , 0.8899994
23.341 , 0.7900009
23.342 , 0.7900009
23.343 , 0.9000015
23.344 , 0.9400024
23.345 , 0.9400024
23.346 , 0.9600067
23.347 , 0.9700012
23.348 , 1.019997
23.35 , 1.029999
23.351 , 0.9800034
23.352 , 0.9599991
23.353 , 0.9300003
23.354 , 0.9000015
23.355 , 0.8800049
23.356 , 0.7600021
23.358 , 0.6800003
23.359 , 0.609993
23.36 , 0.5999985
23.361 , 0.5299988
23.362 , 0.5299988
23.363 , 0.5100021
23.364 , 0.5200043
23.366 , 0.5400009
23.367 , 0.5500031
23.368 , 0.5500031
23.369 , 0.6000061
23.37 , 0.6499939
23.371 , 0.6999969
23.372 , 0.6499939
23.373 , 0.6499939
23.375 , 0.7099991
23.376 , 0.6399994
23.377 , 0.6300049
23.378 , 0.6300049
23.379 , 0.5600052
23.38 , 0.5199966
23.382 , 0.5
23.383 , 0.4799957
23.384 , 0.4199982
23.385 , 0.3699951
23.386 , 0.4399948
23.387 , 0.3799973
23.388 , 0.4300003
23.39 , 0.3899994
23.391 , 0.3899994
23.392 , 0.3899994
23.393 , 0.4400024
23.394 , 0.3999939
23.395 , 0.3999939
23.397 , 0.4599991
23.398 , 0.4599991
23.399 , 0.4599991
23.4 , 0.4700012
23.401 , 0.4000015
23.402 , 0.3499985
23.403 , 0.3499985
23.405 , 0.340004
23.406 , 0.340004
23.407 , 0.2799988
23.408 , 0.3300018
23.409 , 0.3300018
23.41 , 0.3300018
23.411 , 0.340004
23.413 , 0.2900009
23.414 , 0.3000031
23.415 , 0.3000031
23.416 , 0.3000031
23.417 , 0.2399979
23.418 , 0.2899933
23.419 , 0.2899933
23.42 , 0.3099976
23.421 , 0.2999954
23.423 , 0.2999954
23.424 , 0.3300018
23.425 , 0.2600021
23.426 , 0.2399979
23.427 , 0.25
23.428 , 0.25
23.429 , 0.2300034
23.43 , 0.2300034
23.432 , 0.2599945
23.433 , 0.2399979
23.434 , 0.1999969
23.435 , 0.1999969
23.436 , 0.1800003
23.437 , 0.2099991
23.438 , 0.1900024
23.44 , 0.1399994
23.441 , 0.1499939
23.442 , 0.1999969
23.443 , 0.1999969
23.444 , 0.159996
23.445 , 0.1399994
23.447 , 0.1500015
23.448 , 0.1500015
23.449 , 0.09999847
23.45 , 0.08000183
23.451 , 0.09000397
23.453 , 0.09000397
23.454 , 0.09999847
23.455 , 0.1199951
23.457 , 0.1800003
23.458 , 0.1800003
23.459 , 0.1999969
23.46 , 0.1999969
23.461 , 0.1900024
23.462 , 0.1900024
23.464 , 0.2199936
23.465 , 0.1499939
23.466 , 0.1499939
23.467 , 0.1399994
23.468 , 0.1199951
23.469 , 0.06999969
23.471 , 0.1299973
23.472 , 0.08000183
23.473 , 0.08000183
23.475 , 0.09000397
23.476 , 0.06999969
23.477 , 0.0799942
23.479 , 0.02999878
23.48 , 0.02999878
23.481 , 0.04000092
23.483 , 0.01999664
23.484 , 0.02999878
23.485 , 0.02999878
23.487 , 0.02000427
23.488 , 0.04000092
23.489 , 0.02000427
23.491 , 0.04999542
23.492 , 0.04999542
23.493 , 0.04999542
23.495 , -0.01000214
23.496 , 0.05999756
23.497 , -0.02999878
23.499 , -0.01999664
23.5 , -0.08999634
23.501 , -0.01000214
23.503 , -0.1000061
23.504 , -0.1399994
23.505 , -0.06999969
23.507 , 0.0
23.508 , -0.05999756
23.509 , -0.05999756
23.51 , -0.05999756
23.512 , -0.1199951
23.513 , -0.06999969
23.514 , -0.1300049
23.515 , -0.1300049
23.517 , -0.1800003
23.518 , -0.1200027
23.519 , -0.1699982
23.52 , -0.1200027
23.521 , -0.1100006
23.522 , -0.159996
23.523 , -0.159996
23.524 , -0.1000061
23.525 , -0.2200012
23.527 , -0.1500015
23.528 , -0.1600037
23.529 , -0.2099991
23.53 , -0.2099991
23.531 , -0.1999969
23.532 , -0.1500015
23.533 , -0.1999969
23.535 , -0.2099991
23.536 , -0.2099991
23.537 , -0.2099991
23.538 , -0.2000046
23.539 , -0.2200012
23.54 , -0.2200012
23.541 , -0.1900024
23.543 , -0.2099991
23.544 , -0.1999969
23.545 , -0.1999969
23.546 , -0.25
23.547 , -0.1999969
23.548 , -0.2400055
23.549 , -0.3100052
23.551 , -0.3000031
23.552 , -0.25
23.553 , -0.3199997
23.554 , -0.2900009
23.555 , -0.2900009
23.556 , -0.2200012
23.557 , -0.3099976
23.558 , -0.2999954
23.56 , -0.2799988
23.561 , -0.2700043
23.562 , -0.2900009
23.563 , -0.3100052
23.564 , -0.2799988
23.565 , -0.3000031
23.566 , -0.3000031
23.568 , -0.2900009
23.569 , -0.3399963
23.57 , -0.3399963
23.571 , -0.2799988
23.572 , -0.3299942
23.573 , -0.3299942
23.575 , -0.3199997
23.576 , -0.3199997
23.577 , -0.340004
23.578 , -0.3300018
23.579 , -0.3300018
23.58 , -0.3799973
23.581 , -0.3199997
23.583 , -0.3899994
23.584 , -0.3899994
23.585 , -0.3800049
23.586 , -0.3800049
23.587 , -0.3600006
23.589 , -0.3700027
23.59 , -0.3700027
23.591 , -0.3600006
23.592 , -0.3799973
23.593 , -0.3799973
23.594 , -0.3799973
23.595 , -0.3699951
23.597 , -0.4199982
23.598 , -0.4100037
23.599 , -0.4300003
23.6 , -0.4100037
23.601 , -0.4199982
23.602 , -0.4199982
23.603 , -0.4700012
23.605 , -0.409996
23.606 , -0.409996
23.607 , -0.409996
23.608 , -0.4500046
23.609 , -0.4500046
23.61 , -0.5200043
23.611 , -0.4400024
23.612 , -0.4599991
23.614 , -0.4599991
23.615 , -0.4499969
23.616 , -0.5199966
23.617 , -0.5199966
23.618 , -0.5099945
23.619 , -0.5099945
23.621 , -0.5
23.622 , -0.5
23.623 , -0.4800034
23.624 , -0.5200043
23.625 , -0.5100021
23.626 , -0.5100021
23.627 , -0.5599976
23.628 , -0.5
23.63 , -0.5499954
23.631 , -0.5400009
23.632 , -0.6100006
23.633 , -0.5400009
23.634 , -0.6100006
23.635 , -0.5999985
23.636 , -0.5500031
23.638 , -0.5899963
23.639 , -0.6100006
23.64 , -0.5400009
23.641 , -0.5299988
23.642 , -0.5799942
23.643 , -0.5999985
23.644 , -0.5999985
23.646 , -0.590004
23.647 , -0.6100006
23.648 , -0.5999985
23.649 , -0.6500015
23.65 , -0.6500015
23.651 , -0.5899963
23.653 , -0.659996
23.654 , -0.6399994
23.655 , -0.6299973
23.656 , -0.6299973
23.657 , -0.6499939
23.658 , -0.6200027
23.66 , -0.6200027
23.661 , -0.6399994
23.662 , -0.6299973
23.663 , -0.6299973
23.664 , -0.6800003
23.665 , -0.6699982
23.666 , -0.6899948
23.668 , -0.7200012
23.669 , -0.7200012
23.67 , -0.7200012
23.671 , -0.6800003
23.672 , -0.7099991
23.673 , -0.7099991
23.674 , -0.7399979
23.676 , -0.6999969
23.677 , -0.659996
23.678 , -0.7199936
23.679 , -0.7199936
23.68 , -0.7199936
23.681 , -0.6899948
23.683 , -0.7799988
23.684 , -0.7799988
23.685 , -0.7699966
23.686 , -0.7699966
23.687 , -0.7699966
23.688 , -0.7599945
23.69 , -0.7099991
23.691 , -0.7599945
23.692 , -0.75
23.693 , -0.75
23.694 , -0.7700043
23.695 , -0.7600021
23.696 , -0.7399979
23.698 , -0.75
23.699 , -0.7999954
23.7 , -0.7999954
23.701 , -0.7999954
23.702 , -0.7899933
23.704 , -0.8099976
23.705 , -0.8000031
23.706 , -0.7799988
23.707 , -0.8000031
23.708 , -0.8600006
23.709 , -0.7900009
23.71 , -0.7699966
23.712 , -0.7999954
23.713 , -0.7999954
23.714 , -0.7999954
23.715 , -0.840004
23.716 , -0.840004
23.717 , -0.840004
23.719 , -0.8300018
23.72 , -0.8700027
23.721 , -0.8300018
23.722 , -0.8600006
23.723 , -0.8600006
23.724 , -0.8600006
23.725 , -0.8499985
23.726 , -0.8499985
23.728 , -0.8899994
23.729 , -0.8000031
23.73 , -0.840004
23.731 , -0.8000031
23.732 , -0.8799973
23.733 , -0.8799973
23.734 , -0.8799973
23.736 , -0.8699951
23.737 , -0.8699951
23.738 , -0.8099976
23.739 , -0.8799973
23.74 , -0.8799973
23.741 , -0.8999939
23.743 , -0.8700027
23.744 , -0.8700027
23.745 , -0.8799973
23.746 , -0.8799973
23.747 , -0.8799973
23.748 , -0.8799973
23.75 , -0.9399948
23.751 , -0.9199982
23.752 , -0.9100037
23.753 , -0.9300003
23.754 , -0.9300003
23.755 , -0.9000015
23.756 , -0.9199982
23.758 , -0.9199982
23.759 , -0.909996
23.76 , -0.909996
23.761 , -0.9599991
23.762 , -0.9499969
23.764 , -0.9699936
23.765 , -0.9599991
23.766 , -0.9599991
23.767 , -0.9599991
23.768 , -0.9599991
23.769 , -0.9499969
23.771 , -0.9499969
23.772 , -0.9399948
23.773 , -0.9399948
23.774 , -0.9399948
23.775 , -0.9800034
23.777 , -0.9800034
23.778 , -0.9800034
23.779 , -1.010002
23.78 , -0.9899979
23.781 , -1.010002
23.782 , -1.0
23.783 , -1.0
23.784 , -1.049995
23.786 , -0.9899979
23.787 , -1.039993
23.788 , -0.9899979
23.789 , -1.029999
23.79 , -1.050003
23.791 , -1.029999
23.792 , -0.9700012
23.794 , -1.040001
23.795 , -1.009995
23.796 , -1.009995
23.797 , -1.029999
23.798 , -1.029999
23.799 , -1.070007
23.801 , -1.090004
23.802 , -1.060005
23.803 , -1.080002
23.804 , -1.060005
23.805 , -1.050003
23.806 , -1.050003
23.807 , -1.050003
23.808 , -1.07
23.809 , -1.059998
23.81 , -1.079994
23.812 , -1.120003
23.813 , -1.120003
23.814 , -1.120003
23.815 , -1.110001
23.816 , -1.040001
23.817 , -0.9700012
23.818 , -0.9700012
23.819 , -0.8899994
23.821 , -0.8699951
23.822 , -0.8399963
23.823 , -0.8399963
23.824 , -0.7899933
23.825 , -0.7799988
23.827 , -0.8300018
23.828 , -0.7799988
23.829 , -0.8399963
23.83 , -0.8600006
23.831 , -0.909996
23.832 , -0.8999939
23.833 , -0.8999939
23.835 , -0.8999939
23.836 , -0.8899994
23.837 , -0.8899994
23.838 , -0.9100037
23.839 , -0.9000015
23.841 , -0.9000015
23.842 , -0.8699951
23.843 , -0.9400024
23.844 , -0.8199997
23.845 , -0.8699951
23.846 , -0.859993
23.848 , -0.8799973
23.849 , -0.8000031
23.85 , -0.8000031
23.851 , -0.8000031
23.852 , -0.7900009
23.853 , -0.7900009
23.854 , -0.8399963
23.856 , -0.8299942
23.857 , -0.7799988
23.858 , -0.7799988
23.859 , -0.8199997
23.86 , -0.7700043
23.861 , -0.840004
23.862 , -0.8099976
23.864 , -0.8300018
23.865 , -0.8099976
23.866 , -0.8700027
23.867 , -0.8199997
23.868 , -0.7999954
23.869 , -0.7399979
23.871 , -0.7399979
23.872 , -0.7099991
23.873 , -0.7300034
23.874 , -0.7300034
23.875 , -0.7799988
23.876 , -0.7699966
23.878 , -0.7900009
23.879 , -0.7599945
23.88 , -0.6699982
23.881 , -0.5999985
23.89 , 0.2099991
23.892 , 0.1500015
23.893 , 0.1700058
23.894 , 0.1300049
23.895 , 0.08000183
23.896 , 0.06999969
23.898 , 0.06999969
23.899 , 0.02999878
23.9 , 0.02999878
23.902 , 0.09000397
23.903 , 0.1600037
23.904 , 0.25
23.905 , 0.2700043
23.906 , 0.3700027
23.908 , 0.5100021
23.909 , 0.5899963
23.91 , 0.659996
23.911 , 0.75
23.912 , 0.8300018
23.913 , 0.8499985
23.914 , 0.9000015
23.916 , 0.9500046
23.917 , 0.9300003
23.918 , 0.9300003
23.919 , 0.9599991
23.92 , 0.9399948
23.921 , 0.9399948
23.922 , 0.9399948
23.924 , 0.9499969
23.925 , 0.9700012
23.926 , 0.9599991
23.927 , 1.029999
23.928 , 1.029999
23.929 , 1.060005
23.93 , 1.110001
23.931 , 1.18
23.933 , 1.139999
23.934 , 1.189995
23.935 , 1.209999
23.936 , 1.220001
23.937 , 1.360001
23.938 , 1.379997
23.939 , 1.370003
23.94 , 1.389999
23.942 , 1.389999
23.943 , 1.399994
23.944 , 1.469994
23.945 , 1.469994
23.946 , 1.479996
23.947 , 1.5
23.948 , 1.549995
23.95 , 1.559998
23.951 , 1.580002
23.952 , 1.650002
23.953 , 1.660004
23.954 , 1.610001
23.955 , 1.660004
23.956 , 1.739998
23.958 , 1.689995
23.959 , 1.75
23.96 , 1.82
23.961 , 1.769997
23.962 , 1.82
23.963 , 1.779999
23.964 , 1.849998
23.966 , 1.839996
23.967 , 1.879997
23.968 , 1.839996
23.969 , 1.889999
23.97 , 1.889999
23.972 , 1.889999
23.973 , 1.879997
23.974 , 1.900002
23.975 , 1.900002
23.976 , 1.959999
23.977 , 1.980003
23.978 , 2.030006
23.98 , 1.989998
23.981 , 2.040001
23.982 , 2.040001
23.983 , 2.0
23.984 , 1.769997
23.985 , 1.589996
23.986 , 1.230003
23.987 , 1.0
23.989 , 0.8500061
23.99 , 0.7400055
23.991 , 0.6700058
23.992 , 0.5800018
23.993 , 0.5199966
23.994 , 0.5400009
23.995 , 0.5899963
23.997 , 0.6900024
23.998 , 0.8499985
23.999 , 0.9500046
24.0 , 1.090004
24.001 , 1.18
24.002 , 1.270004
24.003 , 1.329994
24.004 , 1.349998
24.006 , 1.409996
24.007 , 1.360001
24.008 , 1.360001
24.009 , 1.339996
24.01 , 1.279999
24.011 , 1.209999
24.012 , 1.190002
24.013 , 1.080002
24.014 , 1.060005
24.016 , 1.07
24.017 , 1.049995
24.018 , 1.0
24.019 , 1.0
24.02 , 1.010002
24.021 , 1.010002
24.022 , 1.059998
24.023 , 1.07
24.024 , 1.090004
24.025 , 1.07
24.027 , 1.119995
24.028 , 1.099998
24.029 , 1.099998
24.03 , 1.089996
24.031 , 1.089996
24.032 , 1.089996
24.033 , 1.099998
24.035 , 1.099998
24.036 , 1.060005
24.037 , 1.040001
24.038 , 0.9900055
24.039 , 0.9900055
24.04 , 0.9799957
24.041 , 0.9799957
24.042 , 0.9799957
24.044 , 1.010002
24.045 , 0.9899979
24.046 , 0.9800034
24.047 , 1.0
24.048 , 1.0
24.049 , 1.0
24.05 , 0.9899979
24.051 , 0.9899979
24.053 , 0.9499969
24.054 , 1.0
24.055 , 0.9499969
24.056 , 0.9599991
24.057 , 1.010002
24.058 , 0.9599991
24.059 , 0.9400024
24.06 , 0.9500046
24.062 , 0.9000015
24.063 , 0.9599991
24.064 , 0.9599991
24.065 , 0.909996
24.066 , 0.9700012
24.067 , 0.9199982
24.069 , 0.9199982
24.07 , 0.9300003
24.071 , 0.9800034
24.072 , 0.9100037
24.073 , 0.9200058
24.074 , 0.9400024
24.075 , 0.9400024
24.077 , 0.9300003
24.078 , 0.9499969
24.079 , 0.9300003
24.08 , 0.9400024
24.081 , 0.8899994
24.082 , 0.8899994
24.083 , 0.8800049
24.085 , 0.9000015
24.086 , 0.8800049
24.087 , 0.909996
24.088 , 0.909996
24.089 , 0.8899994
24.09 , 0.8799973
24.091 , 0.8799973
24.093 , 0.8899994
24.094 , 0.8899994
24.095 , 0.8899994
24.096 , 0.8899994
24.097 , 0.9000015
24.098 , 0.9000015
24.1 , 0.8600006
24.101 , 0.7900009
24.102 , 0.7699966
24.103 , 0.7600021
24.104 , 0.6900024
24.105 , 0.6399994
24.106 , 0.5800018
24.107 , 0.5600052
24.109 , 0.5400009
24.11 , 0.5699997
24.111 , 0.5499954
24.112 , 0.5499954
24.113 , 0.5599976
24.114 , 0.5800018
24.115 , 0.5800018
24.116 , 0.5599976
24.118 , 0.5699997
24.119 , 0.5699997
24.12 , 0.6000061
24.121 , 0.5800018
24.122 , 0.5300064
24.123 , 0.5899963
24.124 , 0.5899963
24.126 , 0.5400009
24.127 , 0.4800034
24.128 , 0.4800034
24.129 , 0.4599991
24.13 , 0.4700012
24.131 , 0.4500046
24.132 , 0.4000015
24.133 , 0.409996
24.135 , 0.3699951
24.136 , 0.409996
24.137 , 0.3799973
24.138 , 0.3300018
24.139 , 0.3300018
24.14 , 0.340004
24.141 , 0.340004
24.142 , 0.3199997
24.144 , 0.3300018
24.145 , 0.3300018
24.146 , 0.3100052
24.147 , 0.3199997
24.148 , 0.3600006
24.149 , 0.3600006
24.15 , 0.3700027
24.152 , 0.3700027
24.153 , 0.3600006
24.154 , 0.3600006
24.155 , 0.340004
24.156 , 0.340004
24.157 , 0.3000031
24.158 , 0.3000031
24.159 , 0.2800064
24.16 , 0.2900009
24.162 , 0.2900009
24.163 , 0.25
24.164 , 0.25
24.165 , 0.2300034
24.166 , 0.25
24.167 , 0.2400055
24.168 , 0.2400055
24.169 , 0.1900024
24.17 , 0.1999969
24.172 , 0.1999969
24.173 , 0.1800003
24.174 , 0.2099991
24.175 , 0.1900024
24.176 , 0.2099991
24.177 , 0.2000046
24.178 , 0.1800003
24.179 , 0.1800003
24.18 , 0.1900024
24.182 , 0.140007
24.183 , 0.140007
24.184 , 0.0799942
24.185 , 0.1500015
24.186 , 0.1299973
24.187 , 0.1399994
24.189 , 0.08999634
24.19 , 0.09999847
24.191 , 0.09999847
24.193 , 0.09999847
24.194 , 0.08999634
24.195 , 0.01999664
24.197 , 0.08000183
24.198 , 0.08000183
24.199 , 0.08000183
24.201 , 0.09000397
24.202 , 0.04000092
24.203 , 0.04000092
24.205 , 0.03000641
24.206 , 0.05000305
24.207 , 0.1100006
24.208 , 0.05999756
24.21 , 0.06999969
24.211 , 0.1200027
24.212 , 0.1200027
24.213 , 0.1200027
24.215 , 0.1300049
24.216 , 0.1500015
24.217 , 0.159996
24.218 , 0.1399994
24.219 , 0.08999634
24.22 , 0.08000183
24.222 , 0.08000183
24.223 , 0.01000214
24.224 , 0.0
24.226 , -0.05000305
24.227 , -0.04000092
24.228 , -0.05999756
24.23 , -0.05000305
24.231 , -0.03000641
24.232 , -0.03000641
24.233 , 0.01999664
24.235 , -0.02000427
24.236 , -0.02000427
24.237 , -0.02999878
24.239 , -0.01000214
24.24 , -0.01999664
24.241 , -0.06999969
24.243 , -0.01999664
24.244 , -0.1300049
24.245 , -0.1300049
24.246 , -0.1500015
24.248 , -0.1399994
24.249 , -0.159996
24.25 , -0.1299973
24.251 , -0.1299973
24.252 , -0.1299973
24.253 , -0.1299973
24.254 , -0.1000061
24.256 , -0.1000061
24.257 , -0.1100006
24.258 , -0.1100006
24.259 , -0.1800003
24.26 , -0.1299973
24.261 , -0.1199951
24.262 , -0.1699982
24.263 , -0.1900024
24.265 , -0.159996
24.266 , -0.1800003
24.267 , -0.1700058
24.268 , -0.1500015
24.269 , -0.1700058
24.27 , -0.1500015
24.271 , -0.1600037
24.272 , -0.1600037
24.274 , -0.1500015
24.275 , -0.1999969
24.276 , -0.1500015
24.277 , -0.2100067
24.278 , -0.2100067
24.279 , -0.2100067
24.28 , -0.2300034
24.282 , -0.2200012
24.283 , -0.2700043
24.284 , -0.2099991
24.285 , -0.2600021
24.286 , -0.2099991
24.287 , -0.1999969
24.288 , -0.1999969
24.29 , -0.25
24.291 , -0.2400055
24.292 , -0.2600021
24.293 , -0.2600021
24.294 , -0.2300034
24.295 , -0.1800003
24.296 , -0.3000031
24.297 , -0.2399979
24.298 , -0.2900009
24.3 , -0.3099976
24.301 , -0.3000031
24.302 , -0.3000031
24.303 , -0.2800064
24.304 , -0.2900009
24.305 , -0.2900009
24.306 , -0.2900009
24.307 , -0.2799988
24.309 , -0.3300018
24.31 , -0.2799988
24.311 , -0.3199997
24.312 , -0.3199997
24.313 , -0.3199997
24.314 , -0.3500061
24.316 , -0.3500061
24.317 , -0.340004
24.318 , -0.340004
24.319 , -0.340004
24.32 , -0.340004
24.321 , -0.3300018
24.322 , -0.3099976
24.323 , -0.3799973
24.325 , -0.2999954
24.326 , -0.3199997
24.327 , -0.3600006
24.328 , -0.3600006
24.329 , -0.3600006
24.33 , -0.3800049
24.331 , -0.3499985
24.333 , -0.4199982
24.334 , -0.409996
24.335 , -0.409996
24.336 , -0.4300003
24.337 , -0.4000015
24.338 , -0.3500061
24.339 , -0.4000015
24.34 , -0.4000015
24.342 , -0.4100037
24.343 , -0.4100037
24.344 , -0.4000015
24.345 , -0.4000015
24.346 , -0.4199982
24.347 , -0.4000015
24.348 , -0.3899994
24.349 , -0.3899994
24.351 , -0.3800049
24.352 , -0.4000015
24.353 , -0.4700012
24.354 , -0.4599991
24.355 , -0.3700027
24.356 , -0.4400024
24.357 , -0.3899994
24.359 , -0.4300003
24.36 , -0.3799973
24.361 , -0.4200058
24.362 , -0.4200058
24.363 , -0.4200058
24.364 , -0.4100037
24.365 , -0.4300003
24.366 , -0.4300003
24.368 , -0.4700012
24.369 , -0.4899979
24.37 , -0.4700012
24.371 , -0.4599991
24.372 , -0.4799957
24.373 , -0.4799957
24.375 , -0.4700012
24.376 , -0.4700012
24.377 , -0.4700012
24.378 , -0.4599991
24.379 , -0.4599991
24.38 , -0.4599991
24.382 , -0.4700012
24.383 , -0.4700012
24.384 , -0.4400024
24.385 , -0.5100021
24.386 , -0.6000061
24.387 , -0.5300064
24.388 , -0.590004
24.389 , -0.5699997
24.391 , -0.5800018
24.392 , -0.5599976
24.393 , -0.5599976
24.394 , -0.5
24.395 , -0.5
24.396 , -0.5499954
24.397 , -0.5499954
24.399 , -0.5400009
24.4 , -0.5400009
24.401 , -0.5299988
24.402 , -0.590004
24.403 , -0.590004
24.404 , -0.6100006
24.406 , -0.6100006
24.407 , -0.6100006
24.408 , -0.5699997
24.409 , -0.5699997
24.41 , -0.5699997
24.411 , -0.590004
24.412 , -0.590004
24.414 , -0.5800018
24.415 , -0.5800018
24.416 , -0.6500015
24.417 , -0.5999985
24.418 , -0.5899963
24.419 , -0.5899963
24.42 , -0.5899963
24.422 , -0.6300049
24.423 , -0.6300049
24.424 , -0.6900024
24.425 , -0.6399994
24.426 , -0.6399994
24.427 , -0.6399994
24.428 , -0.6299973
24.43 , -0.6299973
24.431 , -0.6199951
24.432 , -0.6699982
24.433 , -0.6699982
24.434 , -0.6899948
24.435 , -0.6600037
24.437 , -0.6600037
24.438 , -0.6699982
24.439 , -0.6699982
24.44 , -0.6699982
24.441 , -0.6800003
24.442 , -0.6800003
24.444 , -0.6800003
24.445 , -0.7200012
24.446 , -0.7200012
24.447 , -0.6700058
24.448 , -0.7300034
24.449 , -0.7099991
24.45 , -0.6600037
24.451 , -0.6999969
24.453 , -0.6999969
24.454 , -0.7200012
24.455 , -0.7099991
24.456 , -0.6899948
24.457 , -0.7599945
24.458 , -0.7000046
24.459 , -0.75
24.461 , -0.7399979
24.462 , -0.7399979
24.463 , -0.7399979
24.464 , -0.7399979
24.465 , -0.75
24.466 , -0.7299957
24.468 , -0.7400055
24.469 , -0.7200012
24.47 , -0.7400055
24.471 , -0.7300034
24.472 , -0.7300034
24.473 , -0.7300034
24.474 , -0.7700043
24.476 , -0.7600021
24.477 , -0.7900009
24.478 , -0.7799988
24.479 , -0.7799988
24.48 , -0.75
24.481 , -0.7700043
24.482 , -0.7900009
24.484 , -0.840004
24.485 , -0.7600021
24.486 , -0.7799988
24.487 , -0.7799988
24.488 , -0.8199997
24.489 , -0.8199997
24.491 , -0.7599945
24.492 , -0.8099976
24.493 , -0.8299942
24.494 , -0.8699951
24.495 , -0.8199997
24.496 , -0.8199997
24.498 , -0.8499985
24.499 , -0.8099976
24.5 , -0.8099976
24.501 , -0.7999954
24.502 , -0.8399963
24.503 , -0.7999954
24.505 , -0.8300018
24.506 , -0.8300018
24.507 , -0.8300018
24.508 , -0.9199982
24.509 , -0.8199997
24.51 , -0.8499985
24.511 , -0.909996
24.513 , -0.909996
24.514 , -0.909996
24.515 , -0.9199982
24.516 , -0.8999939
24.517 , -0.8999939
24.518 , -0.9100037
24.52 , -0.8899994
24.521 , -0.9100037
24.522 , -0.9000015
24.523 , -0.9000015
24.524 , -0.9000015
24.525 , -0.8699951
24.526 , -0.9300003
24.527 , -0.9300003
24.529 , -0.9500046
24.53 , -0.9500046
24.531 , -0.9500046
24.532 , -0.9400024
24.533 , -0.9599991
24.534 , -0.9400024
24.535 , -0.9499969
24.537 , -0.9300003
24.538 , -0.9399948
24.539 , -0.9199982
24.54 , -0.9399948
24.541 , -0.9399948
24.542 , -0.9300003
24.543 , -0.9300003
24.545 , -0.9199982
24.546 , -0.9700012
24.547 , -0.9700012
24.548 , -0.9599991
24.549 , -0.9799957
24.55 , -1.019997
24.552 , -0.9700012
24.553 , -1.010002
24.554 , -0.9700012
24.555 , -0.9599991
24.564 , -1.009995
24.565 , -1.0
24.566 , -0.9700012
24.568 , -0.9199982
24.569 , -0.9000015
24.57 , -0.8499985
24.571 , -0.8300018
24.572 , -0.7900009
24.573 , -0.75
24.575 , -0.7399979
24.576 , -0.7399979
24.577 , -0.7399979
24.578 , -0.7300034
24.579 , -0.8000031
24.58 , -0.8000031
24.581 , -0.8700027
24.583 , -0.8099976
24.584 , -0.8799973
24.585 , -0.909996
24.586 , -0.8699951
24.587 , -0.909996
24.588 , -0.8600006
24.59 , -0.9000015
24.591 , -0.9000015
24.592 , -0.8899994
24.593 , -0.8499985
24.594 , -0.8499985
24.596 , -0.8199997
24.597 , -0.8399963
24.598 , -0.7699966
24.599 , -0.8099976
24.6 , -0.8299942
24.601 , -0.7599945
24.603 , -0.8199997
24.604 , -0.8199997
24.605 , -0.8099976
24.606 , -0.8099976
24.607 , -0.7900009
24.608 , -0.8099976
24.609 , -0.7999954
24.611 , -0.8399963
24.612 , -0.7900009
24.613 , -0.7900009
24.614 , -0.7900009
24.615 , -0.7799988
24.616 , -0.7600021
24.617 , -0.7799988
24.619 , -0.75
24.62 , -0.75
24.621 , -0.6999969
24.622 , -0.7399979
24.623 , -0.7399979
24.624 , -0.6899948
24.626 , -0.75
24.627 , -0.75
24.628 , -0.75
24.629 , -0.7399979
24.63 , -0.6500015
24.631 , -0.5800018
24.632 , -0.4499969
24.634 , -0.3899994
24.635 , -0.2200012
24.636 , -0.1000061
24.637 , 0.0799942
24.638 , 0.1499939
24.64 , 0.1800003
24.641 , 0.1800003
24.642 , 0.1699982
24.643 , 0.1699982
24.644 , 0.1299973
24.645 , 0.1100006
24.646 , 0.09000397
24.648 , 0.04000092
24.649 , 0.02999878
24.65 , 0.02999878
24.652 , 0.05999756
24.653 , 0.1299973
24.654 , 0.2200012
24.655 , 0.2799988
24.657 , 0.3899994
24.658 , 0.5100021
24.659 , 0.6100006
24.66 , 0.6300049
24.661 , 0.7200012
24.662 , 0.7999954
24.663 , 0.8699951
24.665 , 0.9300003
24.666 , 0.9499969
24.667 , 0.9700012
24.668 , 0.9700012
24.669 , 0.9400024
24.67 , 0.9400024
24.671 , 0.9599991
24.673 , 0.9699936
24.674 , 0.9699936
24.675 , 1.0
24.676 , 1.0
24.677 , 1.049995
24.678 , 1.07
24.679 , 1.130005
24.68 , 1.080002
24.682 , 1.140007
24.683 , 1.160004
24.684 , 1.230003
24.685 , 1.25
24.686 , 1.259995
24.687 , 1.309998
24.688 , 1.309998
24.689 , 1.389999
24.691 , 1.389999
24.692 , 1.400002
24.693 , 1.400002
24.694 , 1.420006
24.695 , 1.440002
24.696 , 1.5
24.697 , 1.5
24.698 , 1.519997
24.7 , 1.529999
24.701 , 1.599998
24.702 , 1.610001
24.703 , 1.610001
24.704 , 1.610001
24.705 , 1.68
24.706 , 1.639999
24.707 , 1.690002
24.708 , 1.690002
24.71 , 1.720001
24.711 , 1.720001
24.712 , 1.730003
24.713 , 1.779999
24.714 , 1.800003
24.715 , 1.730003
24.716 , 1.790001
24.717 , 1.810005
24.718 , 1.810005
24.72 , 1.82
24.721 , 1.82
24.722 , 1.849998
24.723 , 1.849998
24.724 , 1.849998
24.725 , 1.849998
24.726 , 1.699997
24.728 , 1.449997
24.729 , 1.230003
24.73 , 0.9100037
24.731 , 0.8199997
24.732 , 0.6899948
24.733 , 0.5799942
24.734 , 0.4599991
24.736 , 0.4700012
24.737 , 0.4499969
24.738 , 0.5199966
24.739 , 0.5999985
24.74 , 0.6900024
24.741 , 0.8499985
24.743 , 1.020004
24.744 , 1.110001
24.745 , 1.18
24.746 , 1.209999
24.747 , 1.259995
24.748 , 1.279999
24.749 , 1.290001
24.75 , 1.269997
24.752 , 1.209999
24.753 , 1.190002
24.754 , 1.139999
24.755 , 1.07
24.756 , 1.009995
24.757 , 0.9899979
24.758 , 0.9699936
24.76 , 0.909996
24.761 , 0.909996
24.762 , 0.9199982
24.763 , 0.9199982
24.764 , 0.9400024
24.765 , 0.9899979
24.767 , 1.0
24.768 , 1.0
24.769 , 0.9599991
24.77 , 0.9599991
24.771 , 1.029999
24.772 , 1.029999
24.774 , 1.019997
24.775 , 1.019997
24.776 , 0.9800034
24.777 , 0.9599991
24.778 , 0.9599991
24.779 , 0.9699936
24.781 , 0.9199982
24.782 , 0.9199982
24.783 , 0.9300003
24.784 , 0.909996
24.785 , 0.909996
24.786 , 0.9199982
24.788 , 0.9199982
24.789 , 0.9300003
24.79 , 0.9500046
24.791 , 0.9500046
24.792 , 0.9500046
24.793 , 0.9399948
24.794 , 0.9399948
24.796 , 0.9499969
24.797 , 0.9499969
24.798 , 0.9300003
24.799 , 0.9400024
24.8 , 0.9400024
24.801 , 0.8899994
24.802 , 0.8899994
24.804 , 0.8799973
24.805 , 0.8799973
24.806 , 0.8899994
24.807 , 0.8899994
24.808 , 0.909996
24.809 , 0.8499985
24.811 , 0.8499985
24.812 , 0.9000015
24.813 , 0.8600006
24.814 , 0.8600006
24.815 , 0.8600006
24.816 , 0.8699951
24.817 , 0.8699951
24.819 , 0.9300003
24.82 , 0.8600006
24.821 , 0.8799973
24.822 , 0.8600006
24.823 , 0.8700027
24.824 , 0.8499985
24.825 , 0.8000031
24.827 , 0.8600006
24.828 , 0.8600006
24.829 , 0.8699951
24.83 , 0.8699951
24.831 , 0.7999954
24.832 , 0.7999954
24.834 , 0.8099976
24.835 , 0.8099976
24.836 , 0.8199997
24.837 , 0.8199997
24.838 , 0.75
24.839 , 0.7199936
24.841 , 0.6899948
24.842 , 0.6899948
24.843 , 0.6999969
24.844 , 0.6800003
24.845 , 0.6800003
24.846 , 0.7099991
24.848 , 0.7799988
24.849 , 0.8100052
24.85 , 0.8100052
24.851 , 0.75
24.852 , 0.75
24.853 , 0.7099991
24.854 , 0.659996
24.856 , 0.6500015
24.857 , 0.6500015
24.858 , 0.5800018
24.859 , 0.5599976
24.86 , 0.5200043
24.861 , 0.5
24.862 , 0.4500046
24.863 , 0.4399948
24.864 , 0.4399948
24.866 , 0.4499969
24.867 , 0.5199966
24.868 , 0.4499969
24.869 , 0.4499969
24.87 , 0.4599991
24.872 , 0.4800034
24.873 , 0.5400009
24.874 , 0.5400009
24.875 , 0.5400009
24.876 , 0.4799957
24.877 , 0.4799957
24.878 , 0.4399948
24.88 , 0.4499969
24.881 , 0.4199982
24.882 , 0.4199982
24.883 , 0.4100037
24.884 , 0.3600006
24.885 , 0.340004
24.886 , 0.3699951
24.888 , 0.3499985
24.889 , 0.3499985
24.89 , 0.2900009
24.891 , 0.2200012
24.892 , 0.2200012
24.893 , 0.2300034
24.894 , 0.2099991
24.896 , 0.2400055
24.897 , 0.1800003
24.898 , 0.2200012
24.899 , 0.2400055
24.9 , 0.25
24.901 , 0.2299957
24.902 , 0.25
24.903 , 0.2600021
24.905 , 0.1999969
24.906 , 0.25
24.907 , 0.25
24.908 , 0.25
24.909 , 0.2099991
24.91 , 0.1900024
24.911 , 0.1700058
24.912 , 0.1900024
24.914 , 0.1800003
24.915 , 0.1800003
24.916 , 0.2099991
24.917 , 0.1900024
24.918 , 0.1399994
24.919 , 0.1399994
24.92 , 0.1500015
24.921 , 0.1500015
24.923 , 0.1399994
24.924 , 0.09999847
24.925 , 0.06999969
24.926 , 0.08000183
24.928 , 0.1100006
24.929 , 0.1100006
24.93 , 0.09000397
24.931 , 0.09000397
24.933 , 0.06000519
24.934 , 0.06000519
24.935 , 0.06000519
24.937 , 0.06999969
24.938 , 0.01999664
24.939 , -0.02000427
24.941 , 0.02999878
24.942 , -0.01000214
24.943 , 0.0
24.945 , 0.0
24.946 , 0.0
24.947 , 0.009994507
24.948 , -0.02000427
24.95 , -0.05000305
24.951 , -0.05000305
24.952 , -0.01000214
24.953 , -0.04000092
24.955 , -0.04000092
24.956 , 0.0
24.957 , 0.01000214
24.959 , 0.04000092
24.96 , -0.02000427
24.961 , 0.04999542
24.963 , 0.02999878
24.964 , 0.02999878
24.965 , 0.05999756
24.967 , 0.04000092
24.968 , 0.04000092
24.969 , -0.02999878
24.971 , -0.02000427
24.972 , -0.02000427
24.973 , -0.01000214
24.975 , -0.01000214
24.976 , -0.01000214
24.977 , -0.01999664
24.979 , -0.01999664
24.98 , -0.009994507
24.982 , -0.05999756
24.983 , -0.06999969
24.984 , -0.06999969
24.986 , -0.1100006
24.987 , -0.05999756
24.988 , -0.09999847
24.99 , -0.04999542
24.991 , -0.04999542
24.993 , -0.03999329
24.994 , -0.0799942
24.995 , -0.0799942
24.997 , -0.02999878
24.998 , -0.06999969
24.999 , -0.09999847
25.001 , -0.08999634
25.002 , -0.1100006
25.003 , -0.0799942
25.005 , -0.1499939
25.006 , -0.1699982
25.007 , -0.1600037
25.008 , -0.1600037
25.009 , -0.1600037
25.01 , -0.1500015
25.011 , -0.1299973
25.012 , -0.1500015
25.014 , -0.1399994
25.015 , -0.1399994
25.016 , -0.1399994
25.017 , -0.1699982
25.018 , -0.1699982
25.019 , -0.1299973
25.021 , -0.1600037
25.022 , -0.1900024
25.023 , -0.1900024
25.024 , -0.1800003
25.025 , -0.1800003
25.026 , -0.2200012
25.027 , -0.2099991
25.028 , -0.2399979
25.03 , -0.2000046
25.031 , -0.2000046
25.032 , -0.2300034
25.033 , -0.2000046
25.034 , -0.1900024
25.035 , -0.1900024
25.036 , -0.1900024
25.037 , -0.2099991
25.039 , -0.2099991
25.04 , -0.2199936
25.041 , -0.2199936
25.042 , -0.2199936
25.043 , -0.2899933
25.044 , -0.2799988
25.045 , -0.2799988
25.047 , -0.2699966
25.048 , -0.2399979
25.049 , -0.2399979
25.05 , -0.2299957
25.051 , -0.2599945
25.052 , -0.2299957
25.054 , -0.2900009
25.055 , -0.2900009
25.056 , -0.2900009
25.057 , -0.2399979
25.058 , -0.2399979
25.059 , -0.2799988
25.06 , -0.3000031
25.062 , -0.3199997
25.063 , -0.3000031
25.064 , -0.2900009
25.065 , -0.3099976
25.066 , -0.3099976
25.067 , -0.340004
25.068 , -0.3000031
25.07 , -0.3300018
25.071 , -0.2900009
25.072 , -0.2700043
25.073 , -0.3300018
25.074 , -0.2799988
25.075 , -0.3199997
25.076 , -0.3199997
25.078 , -0.3399963
25.079 , -0.3399963
25.08 , -0.3000031
25.081 , -0.3300018
25.082 , -0.3700027
25.083 , -0.3700027
25.085 , -0.3899994
25.086 , -0.3899994
25.087 , -0.3799973
25.088 , -0.3499985
25.089 , -0.3499985
25.09 , -0.340004
25.092 , -0.3700027
25.093 , -0.340004
25.094 , -0.3600006
25.095 , -0.4000015
25.096 , -0.3600006
25.097 , -0.3899994
25.098 , -0.409996
25.099 , -0.3899994
25.101 , -0.3799973
25.102 , -0.3999939
25.103 , -0.3999939
25.104 , -0.4900055
25.105 , -0.4200058
25.106 , -0.4599991
25.108 , -0.4100037
25.109 , -0.4100037
25.11 , -0.3799973
25.111 , -0.4000015
25.112 , -0.4000015
25.113 , -0.4000015
25.114 , -0.4300003
25.115 , -0.4300003
25.116 , -0.4600067
25.118 , -0.4500046
25.119 , -0.3800049
25.12 , -0.4199982
25.121 , -0.4799957
25.122 , -0.4799957
25.123 , -0.5
25.124 , -0.5599976
25.125 , -0.4899979
25.127 , -0.4800034
25.128 , -0.4800034
25.129 , -0.4800034
25.13 , -0.4800034
25.131 , -0.4700012
25.132 , -0.5
25.133 , -0.4700012
25.134 , -0.4899979
25.136 , -0.4899979
25.137 , -0.4800034
25.138 , -0.5200043
25.139 , -0.4800034
25.14 , -0.5500031
25.141 , -0.5400009
25.143 , -0.5800018
25.144 , -0.5699997
25.145 , -0.5699997
25.146 , -0.5299988
25.147 , -0.5599976
25.148 , -0.4899979
25.15 , -0.5199966
25.151 , -0.5500031
25.152 , -0.5500031
25.153 , -0.5100021
25.154 , -0.5400009
25.155 , -0.5400009
25.156 , -0.5699997
25.158 , -0.5599976
25.159 , -0.5800018
25.16 , -0.5800018
25.161 , -0.609993
25.162 , -0.609993
25.163 , -0.609993
25.164 , -0.5999985
25.166 , -0.5999985
25.167 , -0.5899963
25.168 , -0.5899963
25.169 , -0.6200027
25.17 , -0.5899963
25.171 , -0.5400009
25.173 , -0.5400009
25.174 , -0.5699997
25.175 , -0.5300064
25.176 , -0.5699997
25.177 , -0.5599976
25.178 , -0.590004
25.18 , -0.6299973
25.181 , -0.6199951
25.182 , -0.6199951
25.183 , -0.6199951
25.184 , -0.6399994
25.185 , -0.5699997
25.186 , -0.5699997
25.188 , -0.5600052
25.189 , -0.5999985
25.19 , -0.5600052
25.191 , -0.5899963
25.192 , -0.5500031
25.193 , -0.5899963
25.195 , -0.5799942
25.196 , -0.6500015
25.197 , -0.6500015
25.198 , -0.640007
25.199 , -0.640007
25.2 , -0.6600037
25.202 , -0.6500015
25.203 , -0.6800003
25.204 , -0.6699982
25.205 , -0.6399994
25.206 , -0.6399994
25.207 , -0.6399994
25.208 , -0.6299973
25.21 , -0.659996
25.211 , -0.6500015
25.212 , -0.6200027
25.213 , -0.6500015
25.214 , -0.6399994
25.215 , -0.6399994
25.216 , -0.6399994
25.218 , -0.6699982
25.219 , -0.6699982
25.22 , -0.7399979
25.221 , -0.6600037
25.222 , -0.6900024
25.223 , -0.6900024
25.225 , -0.6800003
25.226 , -0.6800003
25.227 , -0.7200012
25.228 , -0.6699982
25.229 , -0.6699982
25.23 , -0.7099991
25.232 , -0.6999969
25.233 , -0.6999969
25.234 , -0.7099991
25.235 , -0.7099991
25.236 , -0.7400055
25.237 , -0.7400055
25.247 , -0.7099991
25.248 , -0.7000046
25.249 , -0.7400055
25.25 , -0.7400055
25.251 , -0.7600021
25.252 , -0.7300034
25.253 , -0.7300034
25.254 , -0.75
25.256 , -0.75
25.257 , -0.75
25.258 , -0.7800064
25.259 , -0.7800064
25.26 , -0.7800064
25.261 , -0.7700043
25.262 , -0.7900009
25.264 , -0.7799988
25.265 , -0.7600021
25.266 , -0.7799988
25.267 , -0.8099976
25.268 , -0.7999954
25.269 , -0.7999954
25.271 , -0.7600021
25.272 , -0.7600021
25.273 , -0.7600021
25.274 , -0.7799988
25.275 , -0.8499985
25.276 , -0.8499985
25.278 , -0.8799973
25.279 , -0.8399963
25.28 , -0.9000015
25.281 , -0.8700027
25.282 , -0.8300018
25.283 , -0.8700027
25.284 , -0.8000031
25.286 , -0.8600006
25.287 , -0.8199997
25.288 , -0.8700027
25.289 , -0.8499985
25.29 , -0.8499985
25.291 , -0.8600006
25.292 , -0.8399963
25.294 , -0.8600006
25.295 , -0.8500061
25.296 , -0.9000015
25.297 , -0.9000015
25.298 , -0.840004
25.299 , -0.9400024
25.3 , -0.9100037
25.302 , -0.8799973
25.303 , -0.8799973
25.304 , -0.8799973
25.305 , -0.890007
25.306 , -0.9200058
25.307 , -0.890007
25.308 , -0.9100037
25.31 , -0.9100037
25.311 , -0.9400024
25.312 , -1.010002
25.313 , -1.010002
25.314 , -0.9599991
25.315 , -0.9300003
25.316 , -0.8899994
25.317 , -0.8399963
25.319 , -0.7800064
25.32 , -0.7600021
25.321 , -0.7700043
25.322 , -0.7099991
25.323 , -0.7099991
25.324 , -0.6800003
25.326 , -0.6699982
25.327 , -0.6699982
25.328 , -0.6899948
25.329 , -0.7299957
25.33 , -0.75
25.331 , -0.7200012
25.332 , -0.7900009
25.334 , -0.7900009
25.335 , -0.8300018
25.336 , -0.8700027
25.337 , -0.8300018
25.338 , -0.8199997
25.339 , -0.7699966
25.34 , -0.7900009
25.342 , -0.7800064
25.343 , -0.7600021
25.344 , -0.7800064
25.345 , -0.75
25.346 , -0.75
25.347 , -0.7000046
25.348 , -0.7399979
25.349 , -0.6900024
25.351 , -0.6800003
25.352 , -0.7299957
25.353 , -0.7299957
25.354 , -0.7299957
25.355 , -0.7200012
25.356 , -0.7200012
25.357 , -0.7200012
25.359 , -0.7300034
25.36 , -0.7300034
25.361 , -0.6999969
25.362 , -0.75
25.363 , -0.75
25.364 , -0.75
25.365 , -0.7400055
25.366 , -0.7400055
25.368 , -0.6800003
25.369 , -0.6800003
25.37 , -0.6300049
25.371 , -0.6100006
25.372 , -0.6200027
25.373 , -0.6200027
25.374 , -0.6200027
25.375 , -0.6100006
25.377 , -0.6100006
25.378 , -0.7400055
25.379 , -0.7000046
25.38 , -0.6000061
25.381 , -0.5800018
25.382 , -0.5
25.383 , -0.3700027
25.384 , -0.3000031
25.386 , -0.1299973
25.387 , 0.06000519
25.388 , 0.1299973
25.389 , 0.159996
25.39 , 0.1999969
25.392 , 0.2099991
25.393 , 0.2099991
25.394 , 0.1399994
25.395 , 0.1500015
25.396 , 0.09000397
25.398 , 0.06999969
25.399 , 0.03000641
25.4 , 0.03000641
25.402 , 0.1100006
25.403 , 0.0799942
25.404 , 0.1499939
25.405 , 0.25
25.406 , 0.3700027
25.407 , 0.409996
25.409 , 0.5400009
25.41 , 0.6100006
25.411 , 0.7200012
25.412 , 0.7800064
25.413 , 0.8200073
25.414 , 0.8500061
25.415 , 0.9199982
25.416 , 0.9199982
25.418 , 0.9599991
25.419 , 0.9599991
25.42 , 0.9599991
25.421 , 0.9599991
25.422 , 0.9400024
25.423 , 0.9700012
25.424 , 0.9700012
25.425 , 0.9799957
25.427 , 1.019997
25.428 , 1.059998
25.429 , 1.029999
25.43 , 1.120003
25.431 , 1.120003
25.432 , 1.130005
25.433 , 1.18
25.434 , 1.200005
25.435 , 1.280006
25.437 , 1.280006
25.438 , 1.309998
25.439 , 1.360001
25.44 , 1.379997
25.441 , 1.379997
25.442 , 1.389999
25.443 , 1.419998
25.445 , 1.43
25.446 , 1.470001
25.447 , 1.470001
25.448 , 1.5
25.449 , 1.479996
25.45 , 1.509995
25.451 , 1.549995
25.452 , 1.559998
25.454 , 1.580002
25.455 , 1.620003
25.456 , 1.620003
25.457 , 1.620003
25.458 , 1.690002
25.459 , 1.670006
25.46 , 1.670006
25.461 , 1.670006
25.463 , 1.709999
25.464 , 1.709999
25.465 , 1.760002
25.466 , 1.720001
25.467 , 1.720001
25.468 , 1.599998
25.469 , 1.450005
25.47 , 1.220001
25.472 , 1.07
25.473 , 0.7999954
25.474 , 0.6399994
25.475 , 0.4899979
25.476 , 0.3899994
25.477 , 0.3699951
25.479 , 0.340004
25.48 , 0.4000015
25.481 , 0.5400009
25.482 , 0.6000061
25.483 , 0.7400055
25.484 , 0.8300018
25.485 , 0.9699936
25.486 , 1.040001
25.488 , 1.110001
25.489 , 1.209999
25.49 , 1.209999
25.491 , 1.209999
25.492 , 1.18
25.493 , 1.18
25.494 , 1.150002
25.495 , 1.100006
25.497 , 1.030006
25.498 , 1.0
25.499 , 0.9899979
25.5 , 0.9199982
25.501 , 0.8799973
25.502 , 0.8899994
25.503 , 0.8899994
25.505 , 0.9000015
25.506 , 0.9000015
25.507 , 0.8700027
25.508 , 0.9000015
25.509 , 0.909996
25.51 , 0.909996
25.511 , 0.9499969
25.513 , 0.9599991
25.514 , 0.9599991
25.515 , 0.9700012
25.516 , 0.9700012
25.517 , 0.9300003
25.518 , 0.9700012
25.519 , 0.9100037
25.52 , 0.9100037
25.522 , 0.9499969
25.523 , 0.8600006
25.524 , 0.8799973
25.525 , 0.8899994
25.526 , 0.8899994
25.527 , 0.8899994
25.529 , 0.8800049
25.53 , 0.8499985
25.531 , 0.8800049
25.532 , 0.8899994
25.533 , 0.8899994
25.534 , 0.909996
25.535 , 0.859993
25.537 , 0.8699951
25.538 , 0.8300018
25.539 , 0.9100037
25.54 , 0.840004
25.541 , 0.840004
25.542 , 0.8500061
25.543 , 0.8199997
25.545 , 0.8500061
25.546 , 0.8299942
25.547 , 0.8299942
25.548 , 0.8299942
25.549 , 0.8000031
25.55 , 0.8000031
25.551 , 0.8000031
25.553 , 0.7900009
25.554 , 0.7900009
25.555 , 0.7900009
25.556 , 0.7999954
25.557 , 0.7999954
25.558 , 0.7999954
25.559 , 0.8099976
25.561 , 0.7799988
25.562 , 0.7900009
25.563 , 0.8199997
25.564 , 0.7900009
25.565 , 0.75
25.566 , 0.7600021
25.568 , 0.7600021
25.569 , 0.8099976
25.57 , 0.7399979
25.571 , 0.8099976
25.572 , 0.8199997
25.573 , 0.7799988
25.575 , 0.7799988
25.576 , 0.7600021
25.577 , 0.7900009
25.578 , 0.7900009
25.579 , 0.7700043
25.58 , 0.7300034
25.581 , 0.7700043
25.583 , 0.7399979
25.584 , 0.7399979
25.585 , 0.7399979
25.586 , 0.7200012
25.587 , 0.6999969
25.589 , 0.6399994
25.59 , 0.5699997
25.591 , 0.5299988
25.592 , 0.5399933
25.593 , 0.5799942
25.594 , 0.6100006
25.596 , 0.6200027
25.597 , 0.659996
25.598 , 0.6900024
25.599 , 0.7399979
25.6 , 0.7399979
25.601 , 0.7000046
25.602 , 0.640007
25.604 , 0.640007
25.605 , 0.6100006
25.606 , 0.5799942
25.607 , 0.5799942
25.608 , 0.5299988
25.609 , 0.4700012
25.61 , 0.4700012
25.611 , 0.3799973
25.613 , 0.4400024
25.614 , 0.3899994
25.615 , 0.4200058
25.616 , 0.4300003
25.617 , 0.4300003
25.618 , 0.4300003
25.619 , 0.5
25.62 , 0.5
25.621 , 0.5
25.622 , 0.5299988
25.624 , 0.5400009
25.625 , 0.5100021
25.626 , 0.4800034
25.627 , 0.4300003
25.628 , 0.4600067
25.629 , 0.3999939
25.63 , 0.3999939
25.632 , 0.3999939
25.633 , 0.3799973
25.634 , 0.3799973
25.635 , 0.3799973
25.636 , 0.4199982
25.637 , 0.3899994
25.639 , 0.359993
25.64 , 0.3399963
25.641 , 0.3399963
25.642 , 0.3399963
25.643 , 0.3199997
25.644 , 0.2799988
25.646 , 0.2600021
25.647 , 0.2600021
25.648 , 0.2200012
25.649 , 0.2099991
25.65 , 0.2099991
25.651 , 0.2099991
25.652 , 0.2300034
25.654 , 0.2399979
25.655 , 0.1699982
25.656 , 0.1800003
25.657 , 0.2299957
25.658 , 0.2299957
25.659 , 0.2399979
25.66 , 0.2399979
25.662 , 0.1900024
25.663 , 0.2000046
25.664 , 0.1800003
25.665 , 0.2000046
25.666 , 0.2099991
25.667 , 0.1899948
25.668 , 0.1899948
25.67 , 0.1699982
25.671 , 0.1699982
25.672 , 0.1299973
25.673 , 0.1399994
25.674 , 0.1200027
25.675 , 0.1200027
25.677 , 0.0799942
25.678 , 0.0799942
25.679 , 0.08999634
25.681 , 0.08999634
25.682 , 0.1399994
25.683 , 0.09999847
25.685 , 0.08000183
25.686 , 0.09000397
25.687 , 0.06000519
25.689 , 0.02999878
25.69 , 0.02999878
25.691 , 0.0
25.692 , 0.0
25.694 , 0.01000214
25.695 , 0.01000214
25.696 , 0.05000305
25.698 , 0.05000305
25.699 , 0.05999756
25.7 , 0.02999878
25.702 , -0.01000214
25.703 , 0.0
25.704 , -0.02000427
25.705 , 0.0
25.706 , -0.01000214
25.708 , -0.01000214
25.709 , 0.01000214
25.71 , 0.02000427
25.712 , 0.02000427
25.713 , 0.02999878
25.715 , 0.06999969
25.716 , 0.08000183
25.717 , 0.04000092
25.719 , 0.01999664
25.72 , 0.05000305
25.721 , -0.01999664
25.723 , -0.03000641
25.724 , -0.06000519
25.725 , -0.03000641
25.727 , -0.05000305
25.728 , -0.05000305
25.729 , -0.1100006
25.73 , -0.08000183
25.732 , -0.08000183
25.733 , -0.02999878
25.734 , -0.06999969
25.736 , 0.009994507
25.737 , 0.009994507
25.739 , -0.02000427
25.74 , -0.01000214
25.741 , -0.01000214
25.743 , -0.04000092
25.744 , -0.04000092
25.745 , -0.1100006
25.747 , -0.09999847
25.748 , -0.09999847
25.749 , -0.1199951
25.751 , -0.1100006
25.752 , -0.1100006
25.753 , -0.1299973
25.754 , -0.09999847
25.755 , -0.08000183
25.757 , -0.06999969
25.758 , -0.06999969
25.759 , -0.06999969
25.761 , -0.08000183
25.762 , -0.08000183
25.764 , -0.1399994
25.765 , -0.09999847
25.766 , -0.1299973
25.767 , -0.1500015
25.768 , -0.1500015
25.77 , -0.1899948
25.771 , -0.2099991
25.772 , -0.1899948
25.773 , -0.2000046
25.774 , -0.1800003
25.775 , -0.1800003
25.777 , -0.1699982
25.778 , -0.1200027
25.779 , -0.1699982
25.78 , -0.159996
25.781 , -0.159996
25.782 , -0.159996
25.783 , -0.1500015
25.785 , -0.1700058
25.786 , -0.1900024
25.787 , -0.1900024
25.788 , -0.1900024
25.789 , -0.2300034
25.79 , -0.2200012
25.791 , -0.2399979
25.793 , -0.2099991
25.794 , -0.2799988
25.795 , -0.2099991
25.796 , -0.2299957
25.797 , -0.2200012
25.798 , -0.2000046
25.799 , -0.2000046
25.801 , -0.1500015
25.802 , -0.2099991
25.803 , -0.1999969
25.804 , -0.1999969
25.805 , -0.1999969
25.806 , -0.25
25.808 , -0.2400055
25.809 , -0.2600021
25.81 , -0.25
25.811 , -0.3000031
25.812 , -0.3199997
25.813 , -0.2900009
25.814 , -0.2900009
25.815 , -0.3099976
25.817 , -0.2799988
25.818 , -0.2799988
25.819 , -0.2799988
25.82 , -0.2700043
25.821 , -0.2700043
25.822 , -0.2700043
25.823 , -0.2799988
25.825 , -0.2099991
25.826 , -0.2799988
25.827 , -0.2900009
25.828 , -0.2900009
25.829 , -0.3399963
25.83 , -0.3299942
25.832 , -0.3299942
25.833 , -0.340004
25.834 , -0.3199997
25.835 , -0.3899994
25.836 , -0.3899994
25.837 , -0.3300018
25.839 , -0.3300018
25.84 , -0.3199997
25.841 , -0.2999954
25.842 , -0.2999954
25.843 , -0.3100052
25.844 , -0.3600006
25.845 , -0.3100052
25.847 , -0.3499985
25.848 , -0.3499985
25.849 , -0.3700027
25.85 , -0.3799973
25.851 , -0.3799973
25.852 , -0.3799973
25.854 , -0.4199982
25.855 , -0.4199982
25.856 , -0.4399948
25.857 , -0.4100037
25.858 , -0.4300003
25.859 , -0.4100037
25.86 , -0.3499985
25.862 , -0.4000015
25.863 , -0.3899994
25.864 , -0.409996
25.865 , -0.3399963
25.866 , -0.409996
25.867 , -0.3800049
25.869 , -0.4000015
25.87 , -0.3899994
25.871 , -0.4599991
25.872 , -0.4400024
25.873 , -0.4400024
25.874 , -0.5
25.875 , -0.4499969
25.877 , -0.4399948
25.878 , -0.4199982
25.879 , -0.4899979
25.88 , -0.4800034
25.881 , -0.4800034
25.882 , -0.4300003
25.884 , -0.4199982
25.885 , -0.4199982
25.886 , -0.4199982
25.887 , -0.4799957
25.888 , -0.4599991
25.89 , -0.4500046
25.891 , -0.4700012
25.892 , -0.4500046
25.893 , -0.4900055
25.894 , -0.4800034
25.895 , -0.5299988
25.896 , -0.4800034
25.898 , -0.5199966
25.899 , -0.4700012
25.9 , -0.5799942
25.901 , -0.5799942
25.902 , -0.5099945
25.903 , -0.5799942
25.905 , -0.4500046
25.906 , -0.4500046
25.907 , -0.4899979
25.908 , -0.4899979
25.909 , -0.4899979
25.91 , -0.5499954
25.912 , -0.5499954
25.913 , -0.5499954
25.914 , -0.5799942
25.915 , -0.5399933
25.916 , -0.609993
25.917 , -0.5999985
25.919 , -0.6399994
25.92 , -0.5599976
25.929 , -0.6100006
25.93 , -0.5999985
25.931 , -0.5999985
25.932 , -0.6299973
25.934 , -0.5899963
25.935 , -0.6199951
25.936 , -0.6199951
25.937 , -0.609993
25.938 , -0.6499939
25.939 , -0.6499939
25.941 , -0.6399994
25.942 , -0.6900024
25.943 , -0.6900024
25.944 , -0.6500015
25.945 , -0.6500015
25.946 , -0.6500015
25.947 , -0.6199951
25.949 , -0.6399994
25.95 , -0.6300049
25.951 , -0.6600037
25.952 , -0.6600037
25.953 , -0.6300049
25.954 , -0.6500015
25.956 , -0.6500015
25.957 , -0.6399994
25.958 , -0.6800003
25.959 , -0.6800003
25.96 , -0.6800003
25.961 , -0.6699982
25.962 , -0.6999969
25.964 , -0.6900024
25.965 , -0.6900024
25.966 , -0.6900024
25.967 , -0.7200012
25.968 , -0.6800003
25.969 , -0.7200012
25.97 , -0.6800003
25.972 , -0.6699982
25.973 , -0.7099991
25.974 , -0.6600037
25.975 , -0.7000046
25.976 , -0.7000046
25.977 , -0.6900024
25.979 , -0.7099991
25.98 , -0.7099991
25.981 , -0.6800003
25.982 , -0.75
25.983 , -0.75
25.984 , -0.7399979
25.985 , -0.7399979
25.987 , -0.6800003
25.988 , -0.75
25.989 , -0.75
25.99 , -0.7300034
25.991 , -0.7399979
25.992 , -0.7200012
25.994 , -0.7299957
25.995 , -0.7299957
25.996 , -0.7299957
25.997 , -0.7199936
25.998 , -0.7199936
25.999 , -0.7199936
26.001 , -0.7400055
26.002 , -0.7799988
26.003 , -0.7400055
26.004 , -0.7900009
26.005 , -0.7699966
26.006 , -0.7900009
26.007 , -0.7599945
26.009 , -0.7599945
26.01 , -0.7799988
26.011 , -0.75
26.012 , -0.75
26.013 , -0.75
26.014 , -0.7399979
26.015 , -0.7399979
26.017 , -0.75
26.018 , -0.7999954
26.019 , -0.75
26.02 , -0.7999954
26.021 , -0.8099976
26.022 , -0.7899933
26.023 , -0.8099976
26.025 , -0.8300018
26.026 , -0.8300018
26.027 , -0.8199997
26.028 , -0.7900009
26.029 , -0.8199997
26.03 , -0.8199997
26.032 , -0.8099976
26.033 , -0.7799988
26.034 , -0.8000031
26.035 , -0.7700043
26.036 , -0.8000031
26.037 , -0.7900009
26.038 , -0.7900009
26.039 , -0.7900009
26.041 , -0.8199997
26.042 , -0.8199997
26.043 , -0.7799988
26.044 , -0.8799973
26.045 , -0.8299942
26.046 , -0.8999939
26.048 , -0.8700027
26.049 , -0.8899994
26.05 , -0.8899994
26.051 , -0.8799973
26.052 , -0.8799973
26.053 , -0.8600006
26.055 , -0.8699951
26.056 , -0.8499985
26.057 , -0.8699951
26.058 , -0.8600006
26.059 , -0.8600006
26.06 , -0.840004
26.062 , -0.8800049
26.063 , -0.8800049
26.064 , -0.9400024
26.065 , -0.9799957
26.066 , -0.8700027
26.067 , -0.8700027
26.068 , -0.8299942
26.07 , -0.7599945
26.071 , -0.75
26.072 , -0.6900024
26.073 , -0.6900024
26.074 , -0.6800003
26.075 , -0.6299973
26.076 , -0.6299973
26.078 , -0.6199951
26.079 , -0.6199951
26.08 , -0.6699982
26.081 , -0.6299973
26.082 , -0.6999969
26.083 , -0.7699966
26.085 , -0.7600021
26.086 , -0.8100052
26.087 , -0.7799988
26.088 , -0.8000031
26.089 , -0.7699966
26.09 , -0.8000031
26.091 , -0.7900009
26.093 , -0.7599945
26.094 , -0.7800064
26.095 , -0.7300034
26.096 , -0.7300034
26.097 , -0.75
26.098 , -0.7399979
26.099 , -0.6699982
26.101 , -0.659996
26.102 , -0.659996
26.103 , -0.659996
26.104 , -0.6499939
26.105 , -0.6999969
26.106 , -0.7199936
26.108 , -0.7099991
26.109 , -0.7099991
26.11 , -0.7099991
26.111 , -0.6800003
26.112 , -0.7300034
26.113 , -0.6999969
26.115 , -0.6899948
26.116 , -0.6899948
26.117 , -0.6699982
26.118 , -0.6800003
26.119 , -0.6600037
26.12 , -0.6100006
26.121 , -0.5800018
26.122 , -0.5999985
26.124 , -0.6399994
26.125 , -0.6399994
26.126 , -0.5899963
26.127 , -0.6399994
26.128 , -0.6499939
26.129 , -0.6299973
26.131 , -0.5500031
26.132 , -0.4599991
26.133 , -0.3899994
26.134 , -0.3199997
26.135 , -0.1500015
26.136 , -0.05999756
26.138 , 0.25
26.139 , 0.2900009
26.14 , 0.2900009
26.141 , 0.2999954
26.142 , 0.2799988
26.143 , 0.2799988
26.145 , 0.2900009
26.146 , 0.2200012
26.147 , 0.1100006
26.148 , 0.1200027
26.149 , 0.09000397
26.15 , 0.09000397
26.152 , 0.1700058
26.153 , 0.1700058
26.154 , 0.3100052
26.155 , 0.3399963
26.156 , 0.409996
26.157 , 0.4799957
26.159 , 0.5800018
26.16 , 0.6999969
26.161 , 0.8000031
26.162 , 0.8700027
26.163 , 0.9300003
26.164 , 0.9800034
26.165 , 1.040001
26.166 , 1.040001
26.168 , 1.07
26.169 , 1.07
26.17 , 1.07
26.171 , 1.080002
26.172 , 1.120003
26.173 , 1.080002
26.174 , 1.120003
26.175 , 1.090004
26.177 , 1.130005
26.178 , 1.169998
26.179 , 1.169998
26.18 , 1.239998
26.181 , 1.25
26.182 , 1.25
26.183 , 1.25
26.184 , 1.309998
26.185 , 1.349998
26.187 , 1.370003
26.188 , 1.43
26.189 , 1.43
26.19 , 1.43
26.191 , 1.459999
26.192 , 1.459999
26.193 , 1.5
26.194 , 1.5
26.196 , 1.540001
26.197 , 1.540001
26.198 , 1.590004
26.199 , 1.550003
26.2 , 1.550003
26.201 , 1.599998
26.202 , 1.559998
26.203 , 1.599998
26.205 , 1.610001
26.206 , 1.610001
26.207 , 1.610001
26.208 , 1.650002
26.209 , 1.550003
26.21 , 1.489998
26.211 , 1.290001
26.212 , 1.130005
26.214 , 0.9000015
26.215 , 0.7299957
26.216 , 0.5699997
26.217 , 0.3600006
26.218 , 0.3000031
26.219 , 0.2600021
26.22 , 0.2600021
26.221 , 0.2600021
26.222 , 0.3100052
26.224 , 0.3800049
26.225 , 0.5299988
26.226 , 0.6699982
26.227 , 0.7599945
26.228 , 0.909996
26.229 , 0.9300003
26.23 , 1.0
26.232 , 1.010002
26.233 , 1.080002
26.234 , 1.080002
26.235 , 1.090004
26.236 , 1.020004
26.237 , 0.9700012
26.238 , 0.9599991
26.239 , 0.8699951
26.24 , 0.8699951
26.242 , 0.8099976
26.243 , 0.7900009
26.244 , 0.7399979
26.245 , 0.7300034
26.246 , 0.7300034
26.247 , 0.7300034
26.248 , 0.7400055
26.25 , 0.7600021
26.251 , 0.7600021
26.252 , 0.7699966
26.253 , 0.8199997
26.254 , 0.8199997
26.255 , 0.8300018
26.256 , 0.8300018
26.258 , 0.840004
26.259 , 0.840004
26.26 , 0.7900009
26.261 , 0.840004
26.262 , 0.7999954
26.263 , 0.7799988
26.264 , 0.7799988
26.266 , 0.7399979
26.267 , 0.7200012
26.268 , 0.7300034
26.269 , 0.75
26.27 , 0.7300034
26.271 , 0.7300034
26.272 , 0.7400055
26.273 , 0.7600021
26.275 , 0.75
26.276 , 0.75
26.277 , 0.7699966
26.278 , 0.7799988
26.279 , 0.7600021
26.28 , 0.7099991
26.281 , 0.7600021
26.283 , 0.7000046
26.284 , 0.7200012
26.285 , 0.7299957
26.286 , 0.7299957
26.287 , 0.7099991
26.288 , 0.6999969
26.29 , 0.7399979
26.291 , 0.7200012
26.292 , 0.7099991
26.293 , 0.7099991
26.294 , 0.7300034
26.295 , 0.7200012
26.296 , 0.7400055
26.297 , 0.7200012
26.299 , 0.7299957
26.3 , 0.7299957
26.301 , 0.6800003
26.302 , 0.7399979
26.303 , 0.6200027
26.304 , 0.6900024
26.305 , 0.75
26.307 , 0.75
26.308 , 0.7000046
26.309 , 0.7099991
26.31 , 0.7099991
26.311 , 0.7099991
26.312 , 0.6500015
26.313 , 0.6500015
26.314 , 0.6500015
26.316 , 0.7300034
26.317 , 0.7300034
26.318 , 0.6200027
26.319 , 0.6700058
26.32 , 0.6700058
26.321 , 0.6300049
26.322 , 0.6800003
26.323 , 0.6399994
26.325 , 0.6500015
26.326 , 0.6500015
26.327 , 0.6500015
26.328 , 0.6200027
26.329 , 0.6300049
26.33 , 0.6300049
26.331 , 0.590004
26.332 , 0.6000061
26.334 , 0.640007
26.335 , 0.6500015
26.336 , 0.6100006
26.337 , 0.5800018
26.338 , 0.6100006
26.339 , 0.5500031
26.34 , 0.5
26.341 , 0.4300003
26.342 , 0.4700012
26.344 , 0.5100021
26.345 , 0.5199966
26.346 , 0.5699997
26.347 , 0.5699997
26.348 , 0.5699997
26.349 , 0.5800018
26.35 , 0.6200027
26.352 , 0.6300049
26.353 , 0.590004
26.354 , 0.590004
26.355 , 0.5800018
26.356 , 0.5500031
26.357 , 0.5100021
26.358 , 0.4400024
26.359 , 0.4499969
26.361 , 0.3799973
26.362 , 0.3700027
26.363 , 0.3700027
26.364 , 0.3700027
26.365 , 0.3499985
26.366 , 0.3800049
26.367 , 0.3800049
26.369 , 0.3899994
26.37 , 0.3899994
26.371 , 0.409996
26.372 , 0.4700012
26.373 , 0.4700012
26.374 , 0.4700012
26.375 , 0.4300003
26.376 , 0.4300003
26.378 , 0.4100037
26.379 , 0.4400024
26.38 , 0.3899994
26.381 , 0.3899994
26.382 , 0.3600006
26.383 , 0.3999939
26.385 , 0.3399963
26.386 , 0.3499985
26.387 , 0.3499985
26.388 , 0.3499985
26.389 , 0.3100052
26.39 , 0.3100052
26.391 , 0.3100052
26.393 , 0.2999954
26.394 , 0.2999954
26.395 , 0.2999954
26.396 , 0.3099976
26.397 , 0.3099976
26.398 , 0.3099976
26.4 , 0.25
26.401 , 0.25
26.402 , 0.3000031
26.403 , 0.3300018
26.404 , 0.2600021
26.405 , 0.1900024
26.406 , 0.1999969
26.407 , 0.1800003
26.408 , 0.1499939
26.41 , 0.1200027
26.411 , 0.1200027
26.412 , 0.09999847
26.413 , 0.09999847
26.415 , 0.09999847
26.416 , 0.1100006
26.417 , 0.1100006
26.418 , 0.1800003
26.419 , 0.1899948
26.42 , 0.1899948
26.422 , 0.2300034
26.423 , 0.1999969
26.424 , 0.1999969
26.425 , 0.1600037
26.426 , 0.1399994
26.427 , 0.1399994
26.428 , 0.08000183
26.43 , 0.03999329
26.431 , 0.03999329
26.432 , 0.04999542
26.434 , 0.04999542
26.435 , 0.04999542
26.436 , 0.1100006
26.438 , 0.05999756
26.439 , 0.05000305
26.44 , 0.05000305
26.442 , 0.05999756
26.443 , 0.05999756
26.444 , 0.02999878
26.446 , 0.04000092
26.447 , 0.04000092
26.448 , 0.0
26.449 , -0.009994507
26.451 , -0.009994507
26.452 , 0.0
26.454 , 0.0
26.455 , 0.01999664
26.456 , 0.02999878
26.457 , 0.02999878
26.459 , 0.04000092
26.46 , 0.04000092
26.461 , 0.02000427
26.463 , 0.09000397
26.464 , 0.03000641
26.465 , 0.05000305
26.467 , -0.01000214
26.468 , 0.04000092
26.469 , 0.0
26.47 , -0.01999664
26.472 , -0.01999664
26.473 , 0.01000214
26.474 , -0.009994507
26.476 , 0.0
26.477 , 0.0
26.478 , -0.03000641
26.479 , 0.01000214
26.481 , 0.01000214
26.482 , -0.02000427
26.483 , -0.01000214
26.485 , -0.05000305
26.486 , -0.05999756
26.487 , -0.1100006
26.489 , -0.05000305
26.49 , -0.1000061
26.491 , -0.1000061
26.492 , -0.1000061
26.493 , -0.1100006
26.494 , -0.1100006
26.495 , -0.04000092
26.497 , -0.02999878
26.498 , -0.02999878
26.5 , -0.06999969
26.501 , -0.01999664
26.502 , -0.01999664
26.504 , -0.06000519
26.505 , -0.1300049
26.506 , -0.06999969
26.508 , -0.1200027
26.509 , -0.1299973
26.51 , -0.1299973
26.511 , -0.1499939
26.512 , -0.1100006
26.513 , -0.1200027
26.514 , -0.1200027
26.516 , -0.1100006
26.517 , -0.09000397
26.518 , -0.1100006
26.519 , -0.08000183
26.52 , -0.08000183
26.522 , -0.08000183
26.523 , -0.06999969
26.525 , -0.109993
26.526 , -0.08000183
26.527 , -0.09999847
26.528 , -0.1500015
26.53 , -0.06999969
26.531 , -0.1399994
26.532 , -0.1399994
26.533 , -0.1299973
26.534 , -0.1999969
26.536 , -0.140007
26.537 , -0.1900024
26.538 , -0.1900024
26.539 , -0.1800003
26.54 , -0.2000046
26.541 , -0.1300049
26.542 , -0.1300049
26.543 , -0.1200027
26.545 , -0.1699982
26.546 , -0.159996
26.547 , -0.1100006
26.548 , -0.1800003
26.549 , -0.1500015
26.55 , -0.1700058
26.551 , -0.1700058
26.552 , -0.1700058
26.554 , -0.1800003
26.555 , -0.2300034
26.556 , -0.1500015
26.557 , -0.1500015
26.558 , -0.2200012
26.559 , -0.2200012
26.56 , -0.2100067
26.561 , -0.2100067
26.563 , -0.2200012
26.564 , -0.2200012
26.565 , -0.2000046
26.566 , -0.2099991
26.567 , -0.1399994
26.568 , -0.2099991
26.569 , -0.2099991
26.571 , -0.25
26.572 , -0.1800003
26.573 , -0.2400055
26.574 , -0.2400055
26.575 , -0.2400055
26.576 , -0.25
26.577 , -0.25
26.579 , -0.2700043
26.58 , -0.2600021
26.581 , -0.2600021
26.582 , -0.3099976
26.583 , -0.2999954
26.584 , -0.2999954
26.585 , -0.2999954
26.587 , -0.2900009
26.588 , -0.3100052
26.589 , -0.3100052
26.59 , -0.2799988
26.591 , -0.2799988
26.592 , -0.2799988
26.594 , -0.2699966
26.595 , -0.2699966
26.596 , -0.2600021
26.597 , -0.2800064
26.598 , -0.3300018
26.599 , -0.2800064
26.609 , -0.3699951
26.61 , -0.3800049
26.611 , -0.3800049
26.612 , -0.3600006
26.613 , -0.3499985
26.614 , -0.3700027
26.615 , -0.3499985
26.617 , -0.3399963
26.618 , -0.2900009
26.619 , -0.3399963
26.62 , -0.3300018
26.621 , -0.3300018
26.622 , -0.3300018
26.623 , -0.340004
26.625 , -0.3600006
26.626 , -0.3499985
26.627 , -0.4000015
26.628 , -0.4199982
26.629 , -0.4000015
26.63 , -0.409996
26.631 , -0.409996
26.632 , -0.409996
26.634 , -0.4000015
26.635 , -0.4000015
26.636 , -0.3700027
26.637 , -0.3199997
26.638 , -0.3899994
26.639 , -0.3199997
26.641 , -0.3099976
26.642 , -0.3600006
26.643 , -0.3500061
26.644 , -0.3700027
26.645 , -0.4200058
26.646 , -0.3700027
26.647 , -0.4300003
26.649 , -0.4300003
26.65 , -0.4199982
26.651 , -0.4199982
26.652 , -0.4400024
26.653 , -0.4799957
26.654 , -0.409996
26.655 , -0.4300003
26.657 , -0.4200058
26.658 , -0.4200058
26.659 , -0.4200058
26.66 , -0.4100037
26.661 , -0.3899994
26.662 , -0.3899994
26.663 , -0.4000015
26.665 , -0.4000015
26.666 , -0.4499969
26.667 , -0.4399948
26.668 , -0.4399948
26.669 , -0.5099945
26.67 , -0.4500046
26.672 , -0.4500046
26.673 , -0.4400024
26.674 , -0.4899979
26.675 , -0.4899979
26.676 , -0.5100021
26.677 , -0.4799957
26.678 , -0.5
26.68 , -0.4900055
26.681 , -0.5100021
26.682 , -0.4900055
26.683 , -0.4800034
26.684 , -0.4800034
26.685 , -0.4599991
26.686 , -0.4800034
26.688 , -0.4499969
26.689 , -0.4700012
26.69 , -0.4799957
26.691 , -0.4799957
26.692 , -0.5299988
26.694 , -0.4700012
26.695 , -0.4700012
26.696 , -0.5200043
26.697 , -0.5299988
26.698 , -0.5299988
26.699 , -0.5299988
26.701 , -0.5699997
26.702 , -0.5199966
26.703 , -0.5600052
26.704 , -0.5600052
26.705 , -0.5600052
26.706 , -0.5100021
26.708 , -0.5
26.709 , -0.5
26.71 , -0.4899979
26.711 , -0.4899979
26.712 , -0.5400009
26.713 , -0.5299988
26.714 , -0.4799957
26.716 , -0.5299988
26.717 , -0.5200043
26.718 , -0.590004
26.719 , -0.6100006
26.72 , -0.5800018
26.721 , -0.5999985
26.722 , -0.5999985
26.724 , -0.5899963
26.725 , -0.5899963
26.726 , -0.6100006
26.727 , -0.6000061
26.728 , -0.6000061
26.729 , -0.6000061
26.73 , -0.6600037
26.732 , -0.590004
26.733 , -0.5699997
26.734 , -0.5599976
26.735 , -0.5800018
26.736 , -0.6299973
26.737 , -0.5699997
26.739 , -0.6199951
26.74 , -0.6100006
26.741 , -0.6100006
26.742 , -0.6300049
26.743 , -0.6300049
26.744 , -0.6699982
26.745 , -0.6699982
26.747 , -0.659996
26.748 , -0.659996
26.749 , -0.659996
26.75 , -0.6699982
26.751 , -0.5999985
26.753 , -0.6699982
26.754 , -0.6399994
26.755 , -0.6399994
26.756 , -0.6399994
26.757 , -0.6299973
26.759 , -0.6299973
26.76 , -0.6399994
26.761 , -0.6399994
26.762 , -0.6199951
26.763 , -0.6399994
26.764 , -0.7000046
26.766 , -0.6500015
26.767 , -0.6900024
26.768 , -0.6399994
26.769 , -0.7099991
26.77 , -0.6999969
26.771 , -0.75
26.772 , -0.6800003
26.774 , -0.6899948
26.775 , -0.6699982
26.776 , -0.6899948
26.777 , -0.6600037
26.778 , -0.6600037
26.779 , -0.6600037
26.781 , -0.6500015
26.782 , -0.6699982
26.783 , -0.6699982
26.784 , -0.659996
26.785 , -0.7099991
26.786 , -0.7099991
26.788 , -0.7200012
26.789 , -0.7700043
26.79 , -0.7799988
26.791 , -0.7600021
26.792 , -0.7099991
26.793 , -0.7099991
26.795 , -0.75
26.796 , -0.75
26.797 , -0.7599945
26.798 , -0.7399979
26.799 , -0.7399979
26.8 , -0.7300034
26.802 , -0.6800003
26.803 , -0.7300034
26.804 , -0.7200012
26.805 , -0.7200012
26.806 , -0.7399979
26.807 , -0.7299957
26.808 , -0.75
26.81 , -0.75
26.811 , -0.7400055
26.812 , -0.8100052
26.813 , -0.7900009
26.814 , -0.8499985
26.815 , -0.7799988
26.817 , -0.7200012
26.818 , -0.7200012
26.819 , -0.7200012
26.82 , -0.6800003
26.821 , -0.6699982
26.822 , -0.5999985
26.823 , -0.5299988
26.825 , -0.5400009
26.826 , -0.590004
26.827 , -0.4599991
26.828 , -0.5299988
26.829 , -0.5800018
26.83 , -0.5999985
26.832 , -0.5899963
26.833 , -0.6399994
26.834 , -0.6499939
26.835 , -0.6699982
26.836 , -0.6699982
26.837 , -0.6399994
26.839 , -0.6399994
26.84 , -0.6600037
26.841 , -0.6299973
26.842 , -0.6500015
26.843 , -0.6500015
26.844 , -0.5999985
26.846 , -0.6199951
26.847 , -0.6100006
26.848 , -0.6100006
26.849 , -0.6100006
26.85 , -0.6100006
26.851 , -0.6200027
26.852 , -0.5800018
26.853 , -0.5800018
26.855 , -0.5899963
26.856 , -0.5899963
26.857 , -0.5999985
26.858 , -0.5799942
26.859 , -0.5999985
26.86 , -0.5799942
26.862 , -0.5699997
26.863 , -0.590004
26.864 , -0.5599976
26.865 , -0.5800018
26.866 , -0.5599976
26.867 , -0.5699997
26.869 , -0.5299988
26.87 , -0.5499954
26.871 , -0.5400009
26.872 , -0.5400009
26.873 , -0.5400009
26.874 , -0.5299988
26.875 , -0.5299988
26.877 , -0.5199966
26.878 , -0.5400009
26.879 , -0.5400009
26.88 , -0.5
26.881 , -0.4399948
26.882 , -0.3499985
26.884 , -0.25
26.885 , -0.2000046
26.886 , -0.09000397
26.887 , 0.1299973
26.888 , 0.2900009
26.889 , 0.3600006
26.891 , 0.3700027
26.892 , 0.3899994
26.893 , 0.3700027
26.894 , 0.3299942
26.895 , 0.3799973
26.896 , 0.2399979
26.898 , 0.2299957
26.899 , 0.2299957
26.9 , 0.159996
26.901 , 0.2399979
26.902 , 0.1900024
26.903 , 0.2600021
26.904 , 0.3199997
26.906 , 0.3600006
26.907 , 0.4300003
26.908 , 0.5099945
26.909 , 0.5999985
26.91 , 0.6499939
26.911 , 0.7699966
26.913 , 0.8399963
26.914 , 0.9400024
26.915 , 0.9899979
26.916 , 1.060005
26.917 , 1.080002
26.918 , 1.110001
26.919 , 1.110001
26.92 , 1.110001
26.922 , 1.119995
26.923 , 1.169998
26.924 , 1.18
26.925 , 1.18
26.926 , 1.129997
26.927 , 1.129997
26.928 , 1.139999
26.929 , 1.139999
26.931 , 1.199997
26.932 , 1.219994
26.933 , 1.289993
26.934 , 1.299995
26.935 , 1.339996
26.936 , 1.339996
26.938 , 1.450005
26.939 , 1.470001
26.94 , 1.470001
26.941 , 1.460007
26.942 , 1.520004
26.943 , 1.480003
26.944 , 1.489998
26.945 , 1.489998
26.947 , 1.489998
26.948 , 1.540001
26.949 , 1.540001
26.95 , 1.5
26.951 , 1.440002
26.952 , 1.279999
26.953 , 1.099998
26.954 , 0.8099976
26.956 , 0.5799942
26.957 , 0.4699936
26.958 , 0.3600006
26.959 , 0.3399963
26.96 , 0.1999969
26.961 , 0.2099991
26.963 , 0.2099991
26.964 , 0.2700043
26.965 , 0.3600006
26.966 , 0.5
26.967 , 0.590004
26.968 , 0.6899948
26.969 , 0.7599945
26.971 , 0.8399963
26.972 , 0.909996
26.973 , 0.9499969
26.974 , 0.9400024
26.975 , 0.9599991
26.976 , 0.9199982
26.978 , 0.859993
26.979 , 0.8099976
26.98 , 0.7899933
26.981 , 0.7299957
26.982 , 0.7299957
26.983 , 0.7099991
26.985 , 0.6699982
26.986 , 0.6699982
26.987 , 0.5999985
26.988 , 0.6100006
26.989 , 0.6100006
26.99 , 0.6600037
26.992 , 0.6699982
26.993 , 0.6899948
26.994 , 0.6899948
26.995 , 0.6999969
26.996 , 0.6999969
26.998 , 0.7600021
26.999 , 0.7099991
27.0 , 0.6900024
27.001 , 0.7000046
27.002 , 0.7200012
27.003 , 0.6500015
27.004 , 0.7000046
27.005 , 0.659996
27.007 , 0.6399994
27.008 , 0.6699982
27.009 , 0.6500015
27.01 , 0.6500015
27.011 , 0.6399994
27.012 , 0.6399994
27.013 , 0.6600037
27.015 , 0.6699982
27.016 , 0.6499939
27.017 , 0.6899948
27.018 , 0.6800003
27.019 , 0.6800003
27.02 , 0.6999969
27.021 , 0.6900024
27.023 , 0.6699982
27.024 , 0.6900024
27.025 , 0.6800003
27.026 , 0.6300049
27.027 , 0.6300049
27.028 , 0.6199951
27.029 , 0.6199951
27.031 , 0.6999969
27.032 , 0.6299973
27.033 , 0.6500015
27.034 , 0.6299973
27.035 , 0.590004
27.036 , 0.6399994
27.037 , 0.6399994
27.039 , 0.6499939
27.04 , 0.5999985
27.041 , 0.6100006
27.042 , 0.659996
27.043 , 0.659996
27.044 , 0.6100006
27.045 , 0.5999985
27.046 , 0.5999985
27.048 , 0.590004
27.049 , 0.590004
27.05 , 0.590004
27.051 , 0.5999985
27.052 , 0.6199951
27.053 , 0.5999985
27.055 , 0.5599976
27.056 , 0.6299973
27.057 , 0.6100006
27.058 , 0.6200027
27.059 , 0.6399994
27.06 , 0.6200027
27.061 , 0.6299973
27.063 , 0.6299973
27.064 , 0.5799942
27.065 , 0.6399994
27.066 , 0.5699997
27.067 , 0.5699997
27.069 , 0.5999985
27.07 , 0.5800018
27.071 , 0.5800018
27.072 , 0.5400009
27.073 , 0.590004
27.074 , 0.590004
27.075 , 0.5499954
27.076 , 0.5999985
27.078 , 0.6100006
27.079 , 0.5599976
27.08 , 0.5599976
27.081 , 0.5599976
27.082 , 0.5699997
27.084 , 0.5699997
27.085 , 0.5800018
27.086 , 0.5600052
27.087 , 0.5600052
27.088 , 0.5199966
27.089 , 0.5199966
27.091 , 0.5199966
27.092 , 0.5299988
27.093 , 0.5100021
27.094 , 0.5299988
27.095 , 0.5200043
27.096 , 0.5200043
27.097 , 0.5400009
27.099 , 0.5499954
27.1 , 0.5499954
27.101 , 0.5499954
27.102 , 0.5199966
27.103 , 0.5199966
27.104 , 0.4499969
27.105 , 0.4599991
27.107 , 0.3899994
27.108 , 0.4000015
27.109 , 0.3300018
27.11 , 0.3800049
27.111 , 0.3300018
27.112 , 0.3899994
27.113 , 0.3199997
27.115 , 0.3499985
27.116 , 0.3499985
27.117 , 0.3499985
27.118 , 0.4100037
27.119 , 0.4300003
27.12 , 0.4300003
27.121 , 0.4300003
27.122 , 0.4199982
27.124 , 0.4399948
27.125 , 0.3799973
27.126 , 0.4300003
27.127 , 0.3799973
27.128 , 0.3199997
27.129 , 0.3700027
27.13 , 0.25
27.132 , 0.2600021
27.133 , 0.2400055
27.134 , 0.2400055
27.135 , 0.25
27.136 , 0.3199997
27.137 , 0.2699966
27.138 , 0.3300018
27.139 , 0.2799988
27.141 , 0.2799988
27.142 , 0.2700043
27.143 , 0.2900009
27.144 , 0.25
27.145 , 0.2599945
27.146 , 0.2599945
27.147 , 0.2599945
27.149 , 0.2200012
27.15 , 0.2200012
27.151 , 0.2200012
27.152 , 0.2099991
27.153 , 0.2799988
27.154 , 0.2300034
27.155 , 0.2900009
27.157 , 0.2900009
27.158 , 0.2400055
27.159 , 0.25
27.16 , 0.25
27.161 , 0.2299957
27.162 , 0.2399979
27.163 , 0.1900024
27.164 , 0.1900024
27.166 , 0.2000046
27.167 , 0.1600037
27.168 , 0.1600037
27.169 , 0.1000061
27.17 , 0.1200027
27.171 , 0.1200027
27.172 , 0.1299973
27.173 , 0.05999756
27.175 , 0.06999969
27.176 , 0.1200027
27.177 , 0.1200027
27.178 , 0.05000305
27.18 , 0.04000092
27.181 , 0.08000183
27.182 , 0.06999969
27.184 , 0.06999969
27.185 , 0.05999756
27.186 , 0.05999756
27.188 , 0.01000214
27.189 , 0.06999969
27.19 , 0.02000427
27.192 , 0.03000641
27.193 , 0.08000183
27.194 , 0.1000061
27.196 , 0.04000092
27.197 , 0.04000092
27.198 , 0.04000092
27.199 , 0.05000305
27.201 , 0.02999878
27.202 , -0.009994507
27.204 , -0.009994507
27.205 , -0.02000427
27.206 , -0.06999969
27.208 , -0.02000427
27.209 , -0.01000214
27.21 , 0.01000214
27.212 , 0.06999969
27.213 , 0.06999969
27.215 , 0.08000183
27.216 , 0.03000641
27.217 , 0.1000061
27.218 , 0.08000183
27.22 , 0.04000092
27.221 , 0.04000092
27.222 , -0.01999664
27.224 , -0.01999664
27.225 , -0.009994507
27.226 , -0.02999878
27.228 , -0.04999542
27.229 , -0.09000397
27.23 , -0.04000092
27.232 , -0.02999878
27.233 , -0.02999878
27.235 , -0.02999878
27.236 , -0.01999664
27.237 , 0.0
27.238 , 0.0
27.239 , 0.01000214
27.241 , 0.03000641
27.242 , 0.01999664
27.243 , 0.0
27.244 , 0.0
27.246 , 0.01000214
27.247 , -0.04000092
27.248 , -0.04000092
27.25 , -0.09999847
27.251 , -0.09999847
27.252 , -0.08999634
27.254 , -0.08999634
27.255 , -0.109993
27.256 , -0.08000183
27.258 , -0.08000183
27.259 , -0.06999969
27.26 , -0.06999969
27.262 , -0.05999756
27.263 , -0.05999756
27.264 , -0.05999756
27.266 , -0.06999969
27.267 , -0.05000305
27.268 , -0.06999969
27.27 , -0.05999756
27.271 , -0.05999756
27.273 , -0.06999969
27.274 , -0.1399994
27.275 , -0.1399994
27.276 , -0.1299973
27.278 , -0.109993
27.279 , -0.09999847
27.28 , -0.1200027
27.281 , -0.1200027
27.282 , -0.1100006
27.283 , -0.1600037
27.285 , -0.1600037
27.286 , -0.1699982
27.295 , -0.1500015
27.296 , -0.1399994
27.297 , -0.1200027
27.298 , -0.1399994
27.3 , -0.1299973
27.301 , -0.1499939
27.302 , -0.2600021
27.303 , -0.2099991
27.304 , -0.2099991
27.305 , -0.2600021
27.306 , -0.25
27.308 , -0.25
27.309 , -0.2599945
27.31 , -0.2599945
27.311 , -0.2399979
27.312 , -0.2900009
27.313 , -0.25
27.314 , -0.2300034
27.315 , -0.2300034
27.317 , -0.1699982
27.318 , -0.2200012
27.319 , -0.2099991
27.32 , -0.2099991
27.321 , -0.2099991
27.322 , -0.2299957
27.323 , -0.2199936
27.325 , -0.2599945
27.326 , -0.25
27.327 , -0.2800064
27.328 , -0.2800064
27.329 , -0.2399979
27.33 , -0.2900009
27.331 , -0.2900009
27.332 , -0.2900009
27.334 , -0.2799988
27.335 , -0.2799988
27.336 , -0.25
27.337 , -0.2699966
27.338 , -0.3199997
27.34 , -0.2400055
27.341 , -0.2400055
27.342 , -0.2400055
27.343 , -0.25
27.344 , -0.2300034
27.345 , -0.25
27.346 , -0.2900009
27.347 , -0.2900009
27.349 , -0.3000031
27.35 , -0.3000031
27.351 , -0.3000031
27.352 , -0.3000031
27.353 , -0.2700043
27.354 , -0.340004
27.355 , -0.3600006
27.356 , -0.3300018
27.357 , -0.3499985
27.359 , -0.3399963
27.36 , -0.3199997
27.361 , -0.3399963
27.362 , -0.359993
27.363 , -0.3300018
27.364 , -0.3300018
27.365 , -0.3300018
27.367 , -0.3199997
27.368 , -0.3199997
27.369 , -0.2900009
27.37 , -0.2900009
27.371 , -0.3099976
27.372 , -0.3099976
27.374 , -0.3700027
27.375 , -0.3199997
27.376 , -0.2900009
27.377 , -0.3099976
27.378 , -0.3600006
27.379 , -0.3499985
27.38 , -0.3899994
27.382 , -0.4400024
27.383 , -0.4300003
27.384 , -0.3799973
27.385 , -0.4300003
27.386 , -0.4200058
27.387 , -0.4400024
27.388 , -0.4200058
27.39 , -0.4100037
27.391 , -0.4100037
27.392 , -0.4100037
27.393 , -0.4000015
27.394 , -0.4000015
27.395 , -0.3499985
27.396 , -0.390007
27.398 , -0.390007
27.399 , -0.3800049
27.4 , -0.3800049
27.401 , -0.3800049
27.402 , -0.4500046
27.403 , -0.4400024
27.404 , -0.4400024
27.405 , -0.3899994
27.407 , -0.4300003
27.408 , -0.4499969
27.409 , -0.4699936
27.41 , -0.4400024
27.411 , -0.4400024
27.412 , -0.4400024
27.413 , -0.4499969
27.415 , -0.4100037
27.416 , -0.4399948
27.417 , -0.4399948
27.418 , -0.4899979
27.419 , -0.4399948
27.42 , -0.409996
27.421 , -0.409996
27.423 , -0.4199982
27.424 , -0.4000015
27.425 , -0.4199982
27.426 , -0.409996
27.427 , -0.4599991
27.428 , -0.4599991
27.43 , -0.4700012
27.431 , -0.4700012
27.432 , -0.4700012
27.433 , -0.4600067
27.434 , -0.5100021
27.435 , -0.5100021
27.436 , -0.4500046
27.437 , -0.4500046
27.439 , -0.5
27.44 , -0.4899979
27.441 , -0.4899979
27.442 , -0.4899979
27.443 , -0.4799957
27.444 , -0.409996
27.446 , -0.4900055
27.447 , -0.4200058
27.448 , -0.4700012
27.449 , -0.4700012
27.45 , -0.4599991
27.451 , -0.4800034
27.452 , -0.4800034
27.454 , -0.4700012
27.455 , -0.4899979
27.456 , -0.4600067
27.457 , -0.4800034
27.458 , -0.4800034
27.459 , -0.5300064
27.46 , -0.4700012
27.462 , -0.5200043
27.463 , -0.5100021
27.464 , -0.5100021
27.465 , -0.5299988
27.466 , -0.5199966
27.467 , -0.5199966
27.468 , -0.5699997
27.47 , -0.5100021
27.471 , -0.5600052
27.472 , -0.5100021
27.473 , -0.4800034
27.474 , -0.5500031
27.475 , -0.5
27.476 , -0.4899979
27.478 , -0.4899979
27.479 , -0.4899979
27.48 , -0.5300064
27.481 , -0.5300064
27.482 , -0.5500031
27.483 , -0.5400009
27.484 , -0.5400009
27.486 , -0.5500031
27.487 , -0.5299988
27.488 , -0.6200027
27.489 , -0.5999985
27.49 , -0.5400009
27.491 , -0.5400009
27.493 , -0.5800018
27.494 , -0.5800018
27.495 , -0.5800018
27.496 , -0.5300064
27.497 , -0.5200043
27.498 , -0.5699997
27.499 , -0.5200043
27.501 , -0.5100021
27.502 , -0.5100021
27.503 , -0.5
27.504 , -0.5499954
27.505 , -0.5699997
27.506 , -0.5699997
27.507 , -0.5600052
27.509 , -0.5600052
27.51 , -0.6200027
27.511 , -0.6699982
27.512 , -0.6200027
27.513 , -0.5899963
27.514 , -0.659996
27.515 , -0.5899963
27.517 , -0.6000061
27.518 , -0.5800018
27.519 , -0.6500015
27.52 , -0.5699997
27.521 , -0.590004
27.522 , -0.5699997
27.524 , -0.5800018
27.525 , -0.5100021
27.526 , -0.6299973
27.527 , -0.6199951
27.528 , -0.5699997
27.529 , -0.6199951
27.53 , -0.6300049
27.532 , -0.6100006
27.533 , -0.6200027
27.534 , -0.6399994
27.535 , -0.6399994
27.536 , -0.6200027
27.537 , -0.6299973
27.539 , -0.6299973
27.54 , -0.6000061
27.541 , -0.6200027
27.542 , -0.6700058
27.543 , -0.7300034
27.544 , -0.6800003
27.545 , -0.6800003
27.546 , -0.6800003
27.548 , -0.6699982
27.549 , -0.7200012
27.55 , -0.6399994
27.551 , -0.659996
27.552 , -0.659996
27.553 , -0.7000046
27.554 , -0.7000046
27.556 , -0.6500015
27.557 , -0.6399994
27.558 , -0.6900024
27.559 , -0.6900024
27.56 , -0.6299973
27.561 , -0.6999969
27.563 , -0.7100067
27.564 , -0.7600021
27.565 , -0.7600021
27.566 , -0.7600021
27.567 , -0.7000046
27.568 , -0.6800003
27.569 , -0.6800003
27.571 , -0.6500015
27.572 , -0.5999985
27.573 , -0.5199966
27.574 , -0.5199966
27.575 , -0.5
27.576 , -0.5199966
27.577 , -0.4700012
27.579 , -0.4900055
27.58 , -0.5
27.581 , -0.5
27.582 , -0.5699997
27.583 , -0.5699997
27.584 , -0.6100006
27.586 , -0.6100006
27.587 , -0.5999985
27.588 , -0.6399994
27.589 , -0.6199951
27.59 , -0.6300049
27.591 , -0.6100006
27.592 , -0.6300049
27.594 , -0.6200027
27.595 , -0.5999985
27.596 , -0.5800018
27.597 , -0.5699997
27.598 , -0.5699997
27.6 , -0.5600052
27.601 , -0.5600052
27.602 , -0.5600052
27.603 , -0.5600052
27.604 , -0.5699997
27.605 , -0.5500031
27.606 , -0.5699997
27.607 , -0.5599976
27.609 , -0.5599976
27.61 , -0.5499954
27.611 , -0.5699997
27.612 , -0.5699997
27.613 , -0.5699997
27.615 , -0.5400009
27.616 , -0.5600052
27.617 , -0.5299988
27.618 , -0.5299988
27.619 , -0.5299988
27.62 , -0.5
27.621 , -0.5199966
27.623 , -0.4499969
27.624 , -0.4900055
27.625 , -0.4900055
27.626 , -0.5100021
27.627 , -0.4800034
27.628 , -0.5200043
27.629 , -0.5
27.631 , -0.4199982
27.632 , -0.3499985
27.633 , -0.3300018
27.634 , -0.25
27.635 , -0.159996
27.636 , 0.0
27.637 , 0.1499939
27.639 , 0.3799973
27.64 , 0.3899994
27.641 , 0.3899994
27.642 , 0.3899994
27.643 , 0.4300003
27.644 , 0.4000015
27.645 , 0.3499985
27.647 , 0.2899933
27.648 , 0.2699966
27.649 , 0.1999969
27.65 , 0.1899948
27.651 , 0.2099991
27.653 , 0.2600021
27.654 , 0.3099976
27.655 , 0.3600006
27.656 , 0.3799973
27.657 , 0.5300064
27.658 , 0.5699997
27.659 , 0.6399994
27.661 , 0.7199936
27.662 , 0.8099976
27.663 , 0.9499969
27.664 , 0.9799957
27.665 , 1.099998
27.666 , 1.120003
27.668 , 1.200005
27.669 , 1.220001
27.67 , 1.220001
27.671 , 1.230003
27.672 , 1.230003
27.673 , 1.230003
27.674 , 1.239998
27.675 , 1.290001
27.676 , 1.290001
27.678 , 1.25
27.679 , 1.300003
27.68 , 1.32
27.681 , 1.310005
27.682 , 1.350006
27.683 , 1.350006
27.684 , 1.360001
27.685 , 1.409996
27.687 , 1.419998
27.688 , 1.440002
27.689 , 1.419998
27.69 , 1.370003
27.691 , 1.270004
27.692 , 1.040001
27.693 , 0.7200012
27.694 , 0.4800034
27.696 , 0.390007
27.697 , 0.2799988
27.698 , 0.1699982
27.699 , 0.0799942
27.7 , 0.02999878
27.702 , 0.08999634
27.703 , 0.1100006
27.704 , 0.2600021
27.705 , 0.3700027
27.706 , 0.4400024
27.708 , 0.5399933
27.709 , 0.6800003
27.71 , 0.7199936
27.711 , 0.7799988
27.712 , 0.7999954
27.713 , 0.7999954
27.715 , 0.7900009
27.716 , 0.7900009
27.717 , 0.7300034
27.718 , 0.7300034
27.719 , 0.6600037
27.72 , 0.6200027
27.721 , 0.5099945
27.723 , 0.4899979
27.724 , 0.5
27.725 , 0.5
27.726 , 0.4800034
27.727 , 0.4900055
27.728 , 0.4900055
27.729 , 0.4900055
27.73 , 0.5299988
27.732 , 0.5399933
27.733 , 0.5899963
27.734 , 0.5499954
27.735 , 0.5499954
27.736 , 0.5999985
27.738 , 0.6100006
27.739 , 0.5599976
27.74 , 0.5599976
27.741 , 0.6200027
27.742 , 0.5500031
27.743 , 0.5300064
27.744 , 0.5400009
27.745 , 0.5400009
27.747 , 0.5400009
27.748 , 0.5500031
27.749 , 0.5
27.75 , 0.5699997
27.751 , 0.4899979
27.752 , 0.5600052
27.753 , 0.5600052
27.755 , 0.5200043
27.756 , 0.5700073
27.757 , 0.5700073
27.758 , 0.5800018
27.759 , 0.5800018
27.76 , 0.5299988
27.761 , 0.5199966
27.763 , 0.5400009
27.764 , 0.5500031
27.765 , 0.5299988
27.766 , 0.5500031
27.767 , 0.4800034
27.768 , 0.4899979
27.769 , 0.4899979
27.771 , 0.5
27.772 , 0.5
27.773 , 0.5499954
27.774 , 0.5100021
27.775 , 0.5100021
27.776 , 0.5100021
27.777 , 0.5599976
27.779 , 0.5
27.78 , 0.5
27.781 , 0.5299988
27.782 , 0.5099945
27.783 , 0.5099945
27.784 , 0.5199966
27.785 , 0.5199966
27.787 , 0.5
27.788 , 0.5100021
27.789 , 0.5100021
27.79 , 0.5100021
27.791 , 0.5199966
27.792 , 0.5199966
27.793 , 0.5199966
27.795 , 0.4799957
27.796 , 0.4799957
27.797 , 0.4799957
27.798 , 0.5400009
27.799 , 0.5400009
27.8 , 0.4700012
27.802 , 0.5
27.803 , 0.5
27.804 , 0.5099945
27.805 , 0.5099945
27.806 , 0.4899979
27.807 , 0.4899979
27.809 , 0.5
27.81 , 0.5
27.811 , 0.5100021
27.812 , 0.5100021
27.813 , 0.4599991
27.814 , 0.4699936
27.815 , 0.5199966
27.816 , 0.4699936
27.818 , 0.4799957
27.819 , 0.5299988
27.82 , 0.4799957
27.821 , 0.4899979
27.822 , 0.4700012
27.823 , 0.5400009
27.825 , 0.4800034
27.826 , 0.4800034
27.827 , 0.4800034
27.828 , 0.4699936
27.829 , 0.4699936
27.83 , 0.4699936
27.831 , 0.4799957
27.833 , 0.4799957
27.834 , 0.4799957
27.835 , 0.4899979
27.836 , 0.4400024
27.837 , 0.4899979
27.839 , 0.4500046
27.84 , 0.4500046
27.841 , 0.4399948
27.842 , 0.3699951
27.843 , 0.3899994
27.844 , 0.3899994
27.845 , 0.4000015
27.847 , 0.3799973
27.848 , 0.4100037
27.849 , 0.4800034
27.85 , 0.4800034
27.851 , 0.4899979
27.852 , 0.4699936
27.854 , 0.4199982
27.855 , 0.4799957
27.856 , 0.409996
27.857 , 0.3600006
27.858 , 0.3700027
27.859 , 0.3499985
27.861 , 0.340004
27.862 , 0.2700043
27.863 , 0.2200012
27.864 , 0.2700043
27.865 , 0.2799988
27.866 , 0.2799988
27.867 , 0.2799988
27.869 , 0.3099976
27.87 , 0.2399979
27.871 , 0.3199997
27.872 , 0.3000031
27.873 , 0.3000031
27.874 , 0.3199997
27.875 , 0.3299942
27.877 , 0.3299942
27.878 , 0.3199997
27.879 , 0.3199997
27.88 , 0.3199997
27.881 , 0.2799988
27.882 , 0.2799988
27.884 , 0.2600021
27.885 , 0.2700043
27.886 , 0.2000046
27.887 , 0.2700043
27.888 , 0.2599945
27.889 , 0.2799988
27.891 , 0.2699966
27.892 , 0.2699966
27.893 , 0.2900009
27.894 , 0.2699966
27.895 , 0.2799988
27.896 , 0.2300034
27.898 , 0.2199936
27.899 , 0.2399979
27.9 , 0.2899933
27.901 , 0.1800003
27.902 , 0.2299957
27.903 , 0.1800003
27.904 , 0.1800003
27.906 , 0.2600021
27.907 , 0.1900024
27.908 , 0.1800003
27.909 , 0.2000046
27.91 , 0.1800003
27.911 , 0.2599945
27.912 , 0.1899948
27.913 , 0.2099991
27.915 , 0.2200012
27.916 , 0.2200012
27.917 , 0.2200012
27.918 , 0.2099991
27.919 , 0.2099991
27.92 , 0.2099991
27.921 , 0.2099991
27.923 , 0.1700058
27.924 , 0.1500015
27.925 , 0.1800003
27.926 , 0.1800003
27.927 , 0.159996
27.928 , 0.1699982
27.929 , 0.1500015
27.931 , 0.1699982
27.932 , 0.1600037
27.933 , 0.1800003
27.934 , 0.1600037
27.935 , 0.1199951
27.936 , 0.1699982
27.937 , 0.1199951
27.938 , 0.1299973
27.94 , 0.1100006
27.941 , 0.1100006
27.942 , 0.06999969
27.943 , 0.1200027
27.944 , 0.06999969
27.946 , 0.06000519
27.947 , 0.08000183
27.948 , 0.04999542
27.95 , 0.06999969
27.951 , 0.04999542
27.952 , 0.08000183
27.954 , 0.05999756
27.955 , 0.09000397
27.957 , 0.06999969
27.958 , 0.009994507
27.959 , 0.02999878
27.969 , -0.009994507
27.97 , 0.04000092
27.972 , 0.0
27.973 , 0.0
27.974 , 0.0
27.975 , 0.01000214
27.976 , -0.01000214
27.978 , 0.02000427
27.979 , 0.0
27.98 , 0.0
27.981 , 0.0
27.982 , -0.01000214
27.983 , 0.02999878
27.985 , 0.01999664
27.986 , 0.01999664
27.988 , -0.04000092
27.989 , 0.02999878
27.99 , -0.05999756
27.992 , -0.02999878
27.993 , -0.04999542
27.994 , -0.09999847
27.996 , -0.02000427
27.997 , -0.04000092
27.999 , -0.08000183
28.0 , -0.02999878
28.001 , -0.08000183
28.003 , -0.06999969
28.004 , -0.01999664
28.005 , -0.009994507
28.007 , -0.0799942
28.008 , -0.1199951
28.009 , -0.05000305
28.011 , -0.06999969
28.012 , -0.05999756
28.013 , -0.05999756
28.015 , -0.04999542
28.016 , -0.04999542
28.017 , -0.04999542
28.019 , -0.04000092
28.02 , -0.08000183
28.021 , -0.02000427
28.023 , -0.06999969
28.024 , -0.06999969
28.025 , -0.08999634
28.027 , -0.05999756
28.028 , -0.1100006
28.029 , -0.09999847
28.031 , -0.0799942
28.032 , -0.09000397
28.033 , -0.1399994
28.035 , -0.1299973
28.036 , -0.1299973
28.037 , -0.08000183
28.038 , -0.1500015
28.039 , -0.06999969
28.041 , -0.1399994
28.042 , -0.1300049
28.043 , -0.1300049
28.044 , -0.1700058
28.045 , -0.09999847
28.047 , -0.1600037
28.048 , -0.1200027
28.049 , -0.1100006
28.05 , -0.1800003
28.051 , -0.1500015
28.052 , -0.1699982
28.053 , -0.1399994
28.055 , -0.1600037
28.056 , -0.1300049
28.057 , -0.1600037
28.058 , -0.1300049
28.059 , -0.1699982
28.06 , -0.1200027
28.061 , -0.1200027
28.062 , -0.1399994
28.064 , -0.159996
28.065 , -0.1300049
28.066 , -0.1500015
28.067 , -0.2000046
28.068 , -0.1500015
28.069 , -0.1900024
28.07 , -0.1900024
28.072 , -0.1800003
28.073 , -0.1800003
28.074 , -0.1299973
28.075 , -0.1699982
28.076 , -0.1699982
28.077 , -0.1199951
28.078 , -0.1199951
28.08 , -0.09000397
28.081 , -0.1600037
28.082 , -0.1500015
28.083 , -0.09999847
28.085 , -0.1699982
28.086 , -0.159996
28.087 , -0.159996
28.088 , -0.159996
28.089 , -0.1999969
28.09 , -0.2199936
28.092 , -0.2099991
28.093 , -0.2300034
28.094 , -0.1900024
28.095 , -0.2300034
28.096 , -0.1999969
28.097 , -0.1999969
28.098 , -0.1999969
28.1 , -0.2099991
28.101 , -0.1899948
28.102 , -0.1800003
28.103 , -0.1600037
28.104 , -0.2000046
28.105 , -0.1800003
28.106 , -0.1699982
28.107 , -0.1900024
28.109 , -0.1800003
28.11 , -0.1800003
28.111 , -0.2299957
28.112 , -0.2199936
28.113 , -0.2199936
28.114 , -0.2199936
28.115 , -0.1699982
28.117 , -0.2300034
28.118 , -0.2099991
28.119 , -0.2200012
28.12 , -0.1999969
28.121 , -0.2200012
28.122 , -0.2099991
28.123 , -0.2099991
28.125 , -0.2799988
28.126 , -0.2700043
28.127 , -0.25
28.128 , -0.2700043
28.129 , -0.2600021
28.13 , -0.2600021
28.131 , -0.3000031
28.132 , -0.25
28.134 , -0.25
28.135 , -0.2900009
28.136 , -0.2799988
28.137 , -0.2399979
28.138 , -0.2399979
28.139 , -0.2300034
28.14 , -0.2300034
28.142 , -0.2200012
28.143 , -0.2200012
28.144 , -0.2200012
28.145 , -0.2600021
28.146 , -0.25
28.147 , -0.2799988
28.148 , -0.2999954
28.15 , -0.340004
28.151 , -0.2900009
28.152 , -0.2600021
28.153 , -0.2600021
28.154 , -0.2799988
28.155 , -0.2799988
28.156 , -0.3199997
28.158 , -0.2699966
28.159 , -0.3099976
28.16 , -0.3099976
28.161 , -0.2399979
28.162 , -0.3199997
28.163 , -0.3000031
28.164 , -0.3000031
28.166 , -0.3099976
28.167 , -0.3499985
28.168 , -0.3099976
28.169 , -0.2999954
28.17 , -0.2999954
28.171 , -0.2999954
28.173 , -0.2699966
28.174 , -0.2699966
28.175 , -0.2899933
28.176 , -0.2799988
28.177 , -0.2799988
28.179 , -0.2699966
28.18 , -0.2699966
28.181 , -0.3399963
28.182 , -0.3099976
28.183 , -0.3299942
28.184 , -0.3299942
28.185 , -0.3499985
28.187 , -0.3199997
28.188 , -0.340004
28.189 , -0.3300018
28.19 , -0.3300018
28.191 , -0.3300018
28.192 , -0.3799973
28.194 , -0.3699951
28.195 , -0.3699951
28.196 , -0.3099976
28.197 , -0.3099976
28.198 , -0.359993
28.199 , -0.3000031
28.201 , -0.3499985
28.202 , -0.3499985
28.203 , -0.3399963
28.204 , -0.3399963
28.205 , -0.3399963
28.206 , -0.3299942
28.208 , -0.3299942
28.209 , -0.3800049
28.21 , -0.340004
28.211 , -0.340004
28.212 , -0.3800049
28.213 , -0.3700027
28.214 , -0.3700027
28.215 , -0.3300018
28.217 , -0.3600006
28.218 , -0.3600006
28.219 , -0.3499985
28.22 , -0.3499985
28.221 , -0.3499985
28.222 , -0.3799973
28.224 , -0.3700027
28.225 , -0.3700027
28.226 , -0.4000015
28.227 , -0.3600006
28.228 , -0.4000015
28.229 , -0.3899994
28.23 , -0.3899994
28.231 , -0.3899994
28.233 , -0.3800049
28.234 , -0.3800049
28.235 , -0.3800049
28.236 , -0.3700027
28.237 , -0.3300018
28.238 , -0.3700027
28.239 , -0.3600006
28.241 , -0.3600006
28.242 , -0.3600006
28.243 , -0.3499985
28.244 , -0.3799973
28.245 , -0.3799973
28.246 , -0.3899994
28.247 , -0.3899994
28.249 , -0.3799973
28.25 , -0.4199982
28.251 , -0.4199982
28.252 , -0.4199982
28.253 , -0.409996
28.254 , -0.409996
28.256 , -0.4299927
28.257 , -0.4299927
28.258 , -0.3999939
28.259 , -0.3999939
28.26 , -0.3899994
28.261 , -0.4199982
28.263 , -0.3799973
28.264 , -0.409996
28.265 , -0.3799973
28.266 , -0.3699951
28.267 , -0.3999939
28.268 , -0.3999939
28.27 , -0.3899994
28.271 , -0.4300003
28.272 , -0.3899994
28.273 , -0.4500046
28.274 , -0.4500046
28.275 , -0.4199982
28.277 , -0.4400024
28.278 , -0.4599991
28.279 , -0.4400024
28.28 , -0.4300003
28.281 , -0.4499969
28.282 , -0.4499969
28.284 , -0.4400024
28.285 , -0.4400024
28.286 , -0.4300003
28.287 , -0.4700012
28.288 , -0.5
28.289 , -0.5
28.29 , -0.4899979
28.291 , -0.4599991
28.293 , -0.4500046
28.294 , -0.4500046
28.295 , -0.4800034
28.296 , -0.4400024
28.297 , -0.4400024
28.298 , -0.4700012
28.299 , -0.4400024
28.301 , -0.4300003
28.302 , -0.3899994
28.303 , -0.4499969
28.304 , -0.4499969
28.305 , -0.4499969
28.306 , -0.5100021
28.307 , -0.4800034
28.309 , -0.5100021
28.31 , -0.5
28.311 , -0.5
28.312 , -0.5199966
28.313 , -0.5099945
28.314 , -0.5599976
28.315 , -0.5599976
28.317 , -0.4800034
28.318 , -0.4800034
28.319 , -0.4500046
28.32 , -0.4000015
28.321 , -0.4000015
28.322 , -0.3700027
28.323 , -0.3600006
28.324 , -0.3199997
28.326 , -0.3099976
28.327 , -0.3799973
28.328 , -0.3499985
28.329 , -0.3799973
28.33 , -0.3700027
28.331 , -0.3700027
28.333 , -0.4000015
28.334 , -0.4000015
28.335 , -0.4300003
28.336 , -0.3899994
28.337 , -0.4399948
28.338 , -0.4199982
28.339 , -0.4399948
28.341 , -0.4299927
28.342 , -0.3799973
28.343 , -0.4000015
28.344 , -0.4000015
28.345 , -0.4199982
28.346 , -0.4000015
28.347 , -0.3899994
28.349 , -0.3600006
28.35 , -0.3499985
28.351 , -0.3799973
28.352 , -0.3799973
28.353 , -0.340004
28.354 , -0.3700027
28.355 , -0.340004
28.357 , -0.3799973
28.358 , -0.3600006
28.359 , -0.3600006
28.36 , -0.3499985
28.361 , -0.3499985
28.362 , -0.3699951
28.364 , -0.3399963
28.365 , -0.359993
28.366 , -0.359993
28.367 , -0.4000015
28.368 , -0.4000015
28.369 , -0.3499985
28.37 , -0.3399963
28.372 , -0.3399963
28.373 , -0.3099976
28.374 , -0.3299942
28.375 , -0.3299942
28.376 , -0.3299942
28.377 , -0.3199997
28.379 , -0.3000031
28.38 , -0.3600006
28.381 , -0.2900009
28.382 , -0.1900024
28.383 , -0.1399994
28.384 , -0.08999634
28.386 , 0.02000427
28.387 , 0.2100067
28.388 , 0.3700027
28.389 , 0.4700012
28.39 , 0.5400009
28.392 , 0.5199966
28.393 , 0.5500031
28.394 , 0.5500031
28.395 , 0.5299988
28.396 , 0.4899979
28.397 , 0.4500046
28.399 , 0.4000015
28.4 , 0.3199997
28.401 , 0.2999954
28.402 , 0.3199997
28.403 , 0.3300018
28.404 , 0.4000015
28.406 , 0.4199982
28.407 , 0.5
28.408 , 0.5699997
28.409 , 0.6399994
28.41 , 0.7200012
28.411 , 0.7600021
28.412 , 0.8100052
28.413 , 0.8899994
28.415 , 0.9799957
28.416 , 1.049995
28.417 , 1.169998
28.418 , 1.150002
28.419 , 1.220001
28.42 , 1.25
28.421 , 1.300003
28.422 , 1.300003
28.423 , 1.310005
28.425 , 1.310005
28.426 , 1.330002
28.427 , 1.32
28.428 , 1.32
28.429 , 1.32
28.43 , 1.260002
28.431 , 1.260002
28.432 , 1.150002
28.433 , 0.9599991
28.435 , 0.7400055
28.436 , 0.5600052
28.437 , 0.4300003
28.438 , 0.2699966
28.439 , 0.1800003
28.44 , 0.1200027
28.441 , -0.01000214
28.443 , 0.02999878
28.444 , 0.04000092
28.445 , 0.1300049
28.446 , 0.2000046
28.448 , 0.3000031
28.449 , 0.390007
28.45 , 0.4700012
28.451 , 0.5400009
28.452 , 0.6100006
28.453 , 0.6299973
28.454 , 0.6699982
28.456 , 0.7099991
28.457 , 0.6800003
28.458 , 0.6800003
28.459 , 0.6300049
28.46 , 0.5899963
28.461 , 0.5699997
28.462 , 0.5299988
28.464 , 0.4899979
28.465 , 0.4400024
28.466 , 0.4199982
28.467 , 0.4300003
28.468 , 0.4300003
28.469 , 0.3899994
28.47 , 0.4400024
28.472 , 0.4400024
28.473 , 0.4400024
28.474 , 0.4700012
28.475 , 0.5199966
28.476 , 0.5400009
28.477 , 0.5500031
28.478 , 0.5299988
28.48 , 0.5400009
28.481 , 0.4900055
28.482 , 0.4900055
28.483 , 0.5400009
28.484 , 0.4799957
28.485 , 0.4799957
28.486 , 0.4799957
28.488 , 0.4899979
28.489 , 0.4499969
28.49 , 0.4599991
28.491 , 0.4599991
28.492 , 0.4599991
28.494 , 0.4700012
28.495 , 0.4700012
28.496 , 0.5100021
28.497 , 0.4799957
28.498 , 0.4799957
28.499 , 0.4799957
28.5 , 0.4899979
28.502 , 0.4899979
28.503 , 0.4599991
28.504 , 0.5
28.505 , 0.5400009
28.506 , 0.4300003
28.507 , 0.4400024
28.508 , 0.4400024
28.509 , 0.4800034
28.511 , 0.4899979
28.512 , 0.4199982
28.513 , 0.4000015
28.514 , 0.4300003
28.515 , 0.4599991
28.516 , 0.4300003
28.517 , 0.4700012
28.518 , 0.4700012
28.52 , 0.4400024
28.521 , 0.4499969
28.522 , 0.4499969
28.523 , 0.4499969
28.524 , 0.4400024
28.525 , 0.4599991
28.526 , 0.4000015
28.528 , 0.4500046
28.529 , 0.4100037
28.53 , 0.4100037
28.531 , 0.4200058
28.532 , 0.390007
28.533 , 0.4200058
28.534 , 0.4300003
28.535 , 0.4700012
28.537 , 0.4400024
28.538 , 0.4800034
28.539 , 0.4100037
28.54 , 0.4400024
28.541 , 0.4500046
28.542 , 0.4500046
28.543 , 0.4500046
28.544 , 0.4300003
28.545 , 0.4300003
28.547 , 0.4000015
28.548 , 0.4400024
28.549 , 0.4400024
28.55 , 0.4000015
28.551 , 0.4100037
28.552 , 0.4100037
28.553 , 0.4100037
28.554 , 0.3899994
28.556 , 0.4200058
28.557 , 0.3799973
28.558 , 0.4300003
28.559 , 0.3999939
28.56 , 0.4300003
28.561 , 0.4400024
28.562 , 0.3899994
28.564 , 0.4500046
28.565 , 0.4500046
28.566 , 0.4000015
28.567 , 0.409996
28.568 , 0.409996
28.569 , 0.3699951
28.57 , 0.409996
28.572 , 0.3799973
28.573 , 0.3799973
28.574 , 0.4300003
28.575 , 0.4499969
28.576 , 0.4499969
28.577 , 0.4599991
28.579 , 0.4599991
28.58 , 0.4400024
28.581 , 0.4699936
28.582 , 0.4699936
28.583 , 0.409996
28.584 , 0.4199982
28.586 , 0.4199982
28.587 , 0.4300003
28.588 , 0.4300003
28.589 , 0.4000015
28.59 , 0.3600006
28.591 , 0.3200073
28.592 , 0.2700043
28.594 , 0.3499985
28.595 , 0.3499985
28.596 , 0.3499985
28.597 , 0.3499985
28.598 , 0.4300003
28.599 , 0.5
28.601 , 0.5100021
28.602 , 0.5100021
28.603 , 0.4700012
28.604 , 0.4499969
28.605 , 0.4499969
28.606 , 0.4499969
28.607 , 0.3799973
28.609 , 0.3700027
28.61 , 0.2999954
28.611 , 0.2700043
28.612 , 0.2399979
28.613 , 0.2399979
28.614 , 0.25
28.615 , 0.25
28.617 , 0.2100067
28.618 , 0.2599945
28.619 , 0.2599945
28.62 , 0.2599945
28.621 , 0.3000031
28.622 , 0.3399963
28.623 , 0.3000031
28.624 , 0.3100052
28.625 , 0.3499985
28.627 , 0.2799988
28.628 , 0.2899933
28.629 , 0.2899933
28.63 , 0.2899933
28.631 , 0.2600021
28.632 , 0.2600021
28.634 , 0.2700043
28.635 , 0.2399979
28.636 , 0.2399979
28.637 , 0.2399979
28.638 , 0.25
28.639 , 0.2800064
28.648 , 0.1900024
28.65 , 0.2200012
28.651 , 0.1999969
28.652 , 0.1999969
28.653 , 0.1999969
28.654 , 0.2099991
28.655 , 0.2099991
28.657 , 0.2399979
28.658 , 0.2200012
28.659 , 0.1800003
28.66 , 0.1800003
28.661 , 0.1900024
28.662 , 0.1900024
28.663 , 0.2300034
28.664 , 0.1999969
28.666 , 0.2399979
28.667 , 0.1999969
28.668 , 0.2099991
28.669 , 0.1800003
28.67 , 0.1800003
28.671 , 0.1699982
28.673 , 0.1699982
28.674 , 0.2000046
28.675 , 0.1800003
28.676 , 0.1800003
28.677 , 0.140007
28.678 , 0.1500015
28.679 , 0.1500015
28.681 , 0.1600037
28.682 , 0.1999969
28.683 , 0.1299973
28.684 , 0.1299973
28.685 , 0.1399994
28.686 , 0.1399994
28.687 , 0.1399994
28.689 , 0.1499939
28.69 , 0.1499939
28.691 , 0.08999634
28.692 , 0.08999634
28.694 , 0.06999969
28.695 , 0.08000183
28.696 , 0.08000183
28.698 , 0.09000397
28.699 , 0.09000397
28.701 , 0.05999756
28.702 , 0.05999756
28.703 , 0.02999878
28.705 , 0.04000092
28.706 , 0.04000092
28.707 , 0.04000092
28.709 , 0.05000305
28.71 , 0.05000305
28.711 , 0.08999634
28.713 , 0.05999756
28.714 , 0.08999634
28.715 , 0.09999847
28.717 , 0.02999878
28.718 , 0.04000092
28.72 , 0.08000183
28.721 , 0.09000397
28.722 , 0.09000397
28.724 , 0.05000305
28.725 , 0.05999756
28.726 , 0.02999878
28.728 , 0.0
28.729 , 0.04000092
28.73 , 0.04000092
28.731 , -0.009994507
28.733 , 0.01000214
28.734 , -0.009994507
28.736 , 0.0
28.737 , 0.0
28.738 , 0.02999878
28.739 , 0.01000214
28.74 , 0.01000214
28.742 , -0.01000214
28.743 , -0.01000214
28.744 , -0.01000214
28.746 , -0.04000092
28.747 , 0.0
28.748 , -0.03000641
28.749 , -0.06000519
28.751 , -0.02000427
28.752 , -0.02000427
28.753 , -0.05000305
28.755 , -0.01000214
28.756 , -0.01000214
28.757 , -0.04000092
28.759 , 0.0
28.76 , 0.0
28.761 , -0.02000427
28.762 , -0.06000519
28.764 , -0.06000519
28.765 , -0.01000214
28.766 , -0.06999969
28.768 , -0.05999756
28.769 , -0.05999756
28.77 , -0.1299973
28.772 , -0.08000183
28.773 , -0.1200027
28.774 , -0.08000183
28.775 , -0.1100006
28.777 , -0.1100006
28.778 , -0.05999756
28.779 , -0.09999847
28.781 , -0.09999847
28.782 , -0.08999634
28.783 , -0.1199951
28.784 , -0.159996
28.786 , -0.1500015
28.787 , -0.1500015
28.788 , -0.1399994
28.789 , -0.1399994
28.79 , -0.1699982
28.791 , -0.1399994
28.793 , -0.159996
28.794 , -0.1299973
28.795 , -0.1200027
28.796 , -0.1200027
28.797 , -0.1500015
28.798 , -0.1100006
28.799 , -0.1399994
28.801 , -0.1100006
28.802 , -0.1699982
28.803 , -0.1699982
28.804 , -0.1900024
28.805 , -0.159996
28.806 , -0.2099991
28.808 , -0.1700058
28.809 , -0.1700058
28.81 , -0.1700058
28.811 , -0.2000046
28.812 , -0.1900024
28.813 , -0.1900024
28.814 , -0.1900024
28.815 , -0.1800003
28.817 , -0.1500015
28.818 , -0.1700058
28.819 , -0.2100067
28.82 , -0.1700058
28.821 , -0.1700058
28.822 , -0.2000046
28.823 , -0.2000046
28.825 , -0.1900024
28.826 , -0.1900024
28.827 , -0.2200012
28.828 , -0.1800003
28.829 , -0.1800003
28.83 , -0.2099991
28.831 , -0.2099991
28.833 , -0.2000046
28.834 , -0.2000046
28.835 , -0.2300034
28.836 , -0.1900024
28.837 , -0.1900024
28.838 , -0.1500015
28.839 , -0.2200012
28.841 , -0.1800003
28.842 , -0.2099991
28.843 , -0.2099991
28.844 , -0.2599945
28.845 , -0.2200012
28.846 , -0.2000046
28.847 , -0.2000046
28.849 , -0.2399979
28.85 , -0.2099991
28.851 , -0.2399979
28.852 , -0.1999969
28.853 , -0.2299957
28.854 , -0.2699966
28.856 , -0.2200012
28.857 , -0.2200012
28.858 , -0.2600021
28.859 , -0.25
28.86 , -0.2099991
28.861 , -0.25
28.862 , -0.2399979
28.864 , -0.2399979
28.865 , -0.2299957
28.866 , -0.1899948
28.867 , -0.1899948
28.868 , -0.2299957
28.869 , -0.2700043
28.871 , -0.2700043
28.872 , -0.3000031
28.873 , -0.3000031
28.874 , -0.3000031
28.875 , -0.2900009
28.876 , -0.25
28.877 , -0.2900009
28.878 , -0.25
28.88 , -0.2800064
28.881 , -0.3100052
28.882 , -0.3000031
28.883 , -0.2700043
28.884 , -0.2700043
28.885 , -0.2900009
28.886 , -0.2600021
28.888 , -0.2900009
28.889 , -0.2799988
28.89 , -0.2799988
28.891 , -0.2799988
28.892 , -0.2700043
28.894 , -0.2900009
28.895 , -0.2799988
28.896 , -0.2799988
28.897 , -0.2300034
28.898 , -0.2600021
28.899 , -0.25
28.9 , -0.2200012
28.902 , -0.2400055
28.903 , -0.2400055
28.904 , -0.2600021
28.905 , -0.25
28.906 , -0.25
28.907 , -0.3000031
28.908 , -0.25
28.909 , -0.2900009
28.911 , -0.3099976
28.912 , -0.2799988
28.913 , -0.2799988
28.914 , -0.2999954
28.915 , -0.2900009
28.916 , -0.2700043
28.917 , -0.2900009
28.919 , -0.2799988
28.92 , -0.3199997
28.921 , -0.3199997
28.922 , -0.2699966
28.923 , -0.3099976
28.924 , -0.3099976
28.926 , -0.2999954
28.927 , -0.2999954
28.928 , -0.3299942
28.929 , -0.2900009
28.93 , -0.3199997
28.931 , -0.3199997
28.933 , -0.3099976
28.934 , -0.3099976
28.935 , -0.3399963
28.936 , -0.2999954
28.937 , -0.2699966
28.938 , -0.2999954
28.94 , -0.2900009
28.941 , -0.2900009
28.942 , -0.2799988
28.943 , -0.3199997
28.944 , -0.2799988
28.946 , -0.3099976
28.947 , -0.3099976
28.948 , -0.3399963
28.949 , -0.2999954
28.95 , -0.3299942
28.951 , -0.3299942
28.953 , -0.340004
28.954 , -0.3199997
28.955 , -0.3199997
28.956 , -0.3300018
28.957 , -0.3300018
28.958 , -0.3300018
28.959 , -0.3199997
28.961 , -0.3199997
28.962 , -0.3500061
28.963 , -0.3100052
28.964 , -0.3500061
28.965 , -0.3500061
28.966 , -0.3700027
28.967 , -0.340004
28.969 , -0.3600006
28.97 , -0.3300018
28.971 , -0.3300018
28.972 , -0.3499985
28.973 , -0.3499985
28.975 , -0.3199997
28.976 , -0.340004
28.977 , -0.3100052
28.978 , -0.340004
28.979 , -0.3300018
28.98 , -0.3300018
28.981 , -0.3300018
28.983 , -0.3199997
28.984 , -0.3600006
28.985 , -0.3600006
28.986 , -0.3800049
28.987 , -0.3100052
28.988 , -0.3800049
28.989 , -0.3700027
28.991 , -0.3700027
28.992 , -0.3799973
28.993 , -0.3799973
28.994 , -0.3799973
28.995 , -0.4199982
28.996 , -0.3699951
28.998 , -0.3699951
28.999 , -0.3600006
29.0 , -0.3600006
29.001 , -0.340004
29.002 , -0.3499985
29.003 , -0.4199982
29.004 , -0.3899994
29.006 , -0.3399963
29.007 , -0.409996
29.008 , -0.4499969
29.009 , -0.4399948
29.01 , -0.3699951
29.011 , -0.3999939
29.013 , -0.3899994
29.014 , -0.3600006
29.015 , -0.3899994
29.016 , -0.4199982
29.017 , -0.3499985
29.018 , -0.4199982
29.02 , -0.3699951
29.021 , -0.409996
29.022 , -0.409996
29.023 , -0.4000015
29.024 , -0.4000015
29.025 , -0.4700012
29.026 , -0.4199982
29.028 , -0.4199982
29.029 , -0.4499969
29.03 , -0.4499969
29.031 , -0.4499969
29.032 , -0.4499969
29.033 , -0.3699951
29.035 , -0.4399948
29.036 , -0.3899994
29.037 , -0.4300003
29.038 , -0.3899994
29.039 , -0.4199982
29.04 , -0.4199982
29.042 , -0.3799973
29.043 , -0.3699951
29.044 , -0.4399948
29.045 , -0.409996
29.046 , -0.4000015
29.047 , -0.4300003
29.048 , -0.4300003
29.049 , -0.4199982
29.051 , -0.4199982
29.052 , -0.4400024
29.053 , -0.409996
29.054 , -0.409996
29.055 , -0.409996
29.056 , -0.4199982
29.057 , -0.4199982
29.059 , -0.4500046
29.06 , -0.4100037
29.061 , -0.4500046
29.062 , -0.4500046
29.063 , -0.4700012
29.064 , -0.4700012
29.065 , -0.5100021
29.066 , -0.5
29.068 , -0.4599991
29.069 , -0.4200058
29.07 , -0.4200058
29.071 , -0.4200058
29.072 , -0.3600006
29.073 , -0.3499985
29.074 , -0.3499985
29.076 , -0.3099976
29.077 , -0.3399963
29.078 , -0.2699966
29.079 , -0.2999954
29.08 , -0.2599945
29.082 , -0.2999954
29.083 , -0.340004
29.084 , -0.340004
29.085 , -0.3800049
29.086 , -0.3700027
29.087 , -0.4000015
29.088 , -0.3700027
29.09 , -0.3199997
29.091 , -0.3600006
29.092 , -0.3600006
29.093 , -0.3799973
29.094 , -0.3799973
29.095 , -0.3499985
29.097 , -0.340004
29.098 , -0.3000031
29.099 , -0.3300018
29.1 , -0.2900009
29.101 , -0.2900009
29.102 , -0.2900009
29.103 , -0.2799988
29.105 , -0.3199997
29.106 , -0.3800049
29.107 , -0.2700043
29.108 , -0.3100052
29.109 , -0.340004
29.11 , -0.3300018
29.111 , -0.3300018
29.112 , -0.3000031
29.114 , -0.2900009
29.115 , -0.3199997
29.116 , -0.2799988
29.117 , -0.3099976
29.118 , -0.2799988
29.119 , -0.2799988
29.121 , -0.2700043
29.122 , -0.2300034
29.123 , -0.2200012
29.124 , -0.2200012
29.125 , -0.1999969
29.126 , -0.2099991
29.127 , -0.25
29.128 , -0.2799988
29.13 , -0.2700043
29.131 , -0.2000046
29.132 , -0.1500015
29.133 , -0.1399994
29.134 , -0.06999969
29.136 , 0.05000305
29.137 , 0.2600021
29.138 , 0.3899994
29.139 , 0.5299988
29.14 , 0.6800003
29.142 , 0.6800003
29.143 , 0.6699982
29.144 , 0.6699982
29.145 , 0.6399994
29.146 , 0.6100006
29.147 , 0.4899979
29.149 , 0.4199982
29.15 , 0.4100037
29.151 , 0.340004
29.152 , 0.340004
29.153 , 0.4199982
29.154 , 0.4199982
29.155 , 0.4399948
29.157 , 0.5499954
29.158 , 0.6399994
29.159 , 0.6800003
29.16 , 0.7200012
29.161 , 0.7399979
29.162 , 0.8499985
29.163 , 0.9100037
29.165 , 0.9500046
29.166 , 1.059998
29.167 , 1.099998
29.168 , 1.189995
29.169 , 1.219994
29.17 , 1.300003
29.171 , 1.300003
29.173 , 1.330002
29.174 , 1.370003
29.175 , 1.370003
29.176 , 1.380005
29.177 , 1.410004
29.178 , 1.380005
29.179 , 1.340004
29.18 , 1.299995
29.181 , 1.0
29.183 , 0.7900009
29.184 , 0.5100021
29.185 , 0.3700027
29.186 , 0.25
29.187 , 0.1300049
29.188 , 0.06000519
29.189 , -0.06999969
29.191 , -0.09000397
29.192 , -0.02000427
29.193 , 0.08000183
29.195 , 0.2399979
29.196 , 0.3399963
29.197 , 0.4400024
29.198 , 0.5500031
29.199 , 0.5699997
29.201 , 0.6500015
29.202 , 0.6300049
29.203 , 0.6899948
29.204 , 0.6399994
29.205 , 0.659996
29.206 , 0.5899963
29.208 , 0.5800018
29.209 , 0.5100021
29.21 , 0.4800034
29.211 , 0.4500046
29.212 , 0.3899994
29.213 , 0.3999939
29.214 , 0.3999939
29.216 , 0.3999939
29.217 , 0.409996
29.218 , 0.409996
29.219 , 0.4499969
29.22 , 0.4599991
29.221 , 0.4800034
29.223 , 0.4700012
29.224 , 0.4900055
29.225 , 0.4900055
29.226 , 0.4700012
29.227 , 0.4799957
29.228 , 0.4799957
29.229 , 0.4799957
29.231 , 0.4199982
29.232 , 0.4199982
29.233 , 0.4599991
29.234 , 0.3899994
29.235 , 0.4300003
29.236 , 0.4599991
29.238 , 0.4399948
29.239 , 0.3999939
29.24 , 0.4499969
29.241 , 0.4499969
29.242 , 0.4499969
29.243 , 0.4199982
29.245 , 0.4599991
29.246 , 0.4599991
29.247 , 0.4700012
29.248 , 0.4000015
29.249 , 0.4300003
29.25 , 0.409996
29.251 , 0.409996
29.252 , 0.3899994
29.254 , 0.4199982
29.255 , 0.4199982
29.256 , 0.4199982
29.257 , 0.4100037
29.258 , 0.4100037
29.259 , 0.4100037
29.26 , 0.4200058
29.262 , 0.4200058
29.263 , 0.3899994
29.264 , 0.4300003
29.265 , 0.3899994
29.266 , 0.3600006
29.267 , 0.4000015
29.268 , 0.4000015
29.27 , 0.340004
29.271 , 0.3800049
29.272 , 0.3800049
29.273 , 0.3499985
29.274 , 0.4199982
29.275 , 0.3899994
29.277 , 0.4000015
29.278 , 0.4000015
29.279 , 0.3600006
29.28 , 0.3700027
29.281 , 0.3700027
29.282 , 0.3700027
29.283 , 0.3700027
29.284 , 0.3800049
29.285 , 0.3500061
29.287 , 0.3600006
29.288 , 0.3600006
29.289 , 0.3199997
29.29 , 0.3700027
29.291 , 0.3700027
29.292 , 0.3300018
29.293 , 0.3300018
29.295 , 0.340004
29.296 , 0.3800049
29.297 , 0.3899994
29.298 , 0.3499985
29.299 , 0.3499985
29.3 , 0.3600006
29.301 , 0.3600006
29.303 , 0.3600006
29.304 , 0.3700027
29.305 , 0.3700027
29.306 , 0.3700027
29.307 , 0.3300018
29.308 , 0.3300018
29.309 , 0.3500061
29.31 , 0.3399963
29.311 , 0.3399963
29.313 , 0.3600006
29.314 , 0.3499985
29.315 , 0.3499985
29.316 , 0.3499985
29.317 , 0.3199997
29.318 , 0.3199997
29.32 , 0.3699951
29.321 , 0.3699951
29.322 , 0.3699951
29.323 , 0.3699951
29.324 , 0.3799973
29.333 , 0.3300018
29.335 , 0.2999954
29.336 , 0.2999954
29.337 , 0.3099976
29.338 , 0.3099976
29.339 , 0.3499985
29.34 , 0.3199997
29.342 , 0.3199997
29.343 , 0.2900009
29.344 , 0.3300018
29.345 , 0.3000031
29.346 , 0.3300018
29.347 , 0.3099976
29.348 , 0.3099976
29.35 , 0.3499985
29.351 , 0.3899994
29.352 , 0.3499985
29.353 , 0.3000031
29.354 , 0.2700043
29.355 , 0.2700043
29.356 , 0.2400055
29.357 , 0.25
29.359 , 0.2099991
29.36 , 0.2200012
29.361 , 0.1900024
29.362 , 0.1900024
29.363 , 0.1699982
29.364 , 0.1800003
29.365 , 0.1800003
29.366 , 0.2000046
29.368 , 0.2100067
29.369 , 0.2100067
29.37 , 0.1900024
29.371 , 0.25
29.372 , 0.1999969
29.373 , 0.1999969
29.374 , 0.2099991
29.376 , 0.2300034
29.377 , 0.2700043
29.378 , 0.2700043
29.379 , 0.2400055
29.38 , 0.2400055
29.381 , 0.1899948
29.382 , 0.2299957
29.384 , 0.2399979
29.385 , 0.1999969
29.386 , 0.1999969
29.387 , 0.1399994
29.388 , 0.1399994
29.39 , 0.1100006
29.391 , 0.1200027
29.392 , 0.1200027
29.393 , 0.1200027
29.394 , 0.1299973
29.395 , 0.1299973
29.396 , 0.159996
29.397 , 0.1399994
29.399 , 0.1399994
29.4 , 0.09999847
29.401 , 0.1500015
29.402 , 0.1500015
29.404 , 0.159996
29.405 , 0.1199951
29.406 , 0.1199951
29.407 , 0.1299973
29.408 , 0.1100006
29.409 , 0.1100006
29.41 , 0.1100006
29.411 , 0.09000397
29.413 , 0.05000305
29.414 , 0.06000519
29.415 , 0.06000519
29.417 , 0.06999969
29.418 , 0.06999969
29.419 , 0.06999969
29.421 , 0.08000183
29.422 , 0.08000183
29.424 , 0.06000519
29.425 , 0.09000397
29.426 , 0.06000519
29.428 , 0.07000732
29.429 , 0.03000641
29.43 , 0.07000732
29.432 , 0.04000092
29.433 , 0.08000183
29.434 , 0.02999878
29.436 , 0.09000397
29.437 , 0.06000519
29.438 , 0.06000519
29.44 , 0.04000092
29.441 , 0.06999969
29.442 , 0.04999542
29.444 , 0.08000183
29.445 , 0.05999756
29.446 , 0.05999756
29.448 , 0.04000092
29.449 , 0.04000092
29.45 , 0.04000092
29.452 , 0.01000214
29.453 , 0.05000305
29.454 , 0.05999756
29.456 , 0.05999756
29.457 , 0.05999756
29.458 , 0.09999847
29.46 , 0.06999969
29.461 , 0.04000092
29.463 , 0.04000092
29.464 , 0.04999542
29.465 , 0.04999542
29.467 , 0.01999664
29.468 , 0.05999756
29.469 , -0.01000214
29.471 , 0.0
29.472 , 0.0
29.473 , 0.0
29.474 , 0.01000214
29.475 , 0.01000214
29.477 , -0.009994507
29.478 , 0.01999664
29.479 , 0.0
29.48 , 0.0
29.482 , -0.01999664
29.483 , 0.01000214
29.484 , -0.04999542
29.486 , 0.04000092
29.487 , -0.009994507
29.488 , 0.0
29.49 , -0.04000092
29.491 , -0.06000519
29.492 , -0.02999878
29.494 , -0.05000305
29.495 , -0.01999664
29.496 , -0.05000305
29.498 , -0.009994507
29.499 , -0.04000092
29.5 , -0.04000092
29.502 , 0.0
29.503 , -0.03000641
29.504 , 0.01000214
29.505 , -0.02000427
29.507 , -0.05999756
29.508 , -0.04999542
29.51 , -0.01000214
29.511 , -0.06999969
29.512 , -0.06999969
29.514 , -0.02999878
29.515 , -0.06000519
29.516 , -0.06000519
29.518 , -0.01999664
29.519 , -0.05000305
29.52 , -0.01999664
29.522 , -0.04000092
29.523 , -0.04000092
29.524 , -0.09000397
29.526 , -0.09000397
29.527 , -0.09000397
29.528 , -0.08000183
29.53 , -0.08000183
29.531 , -0.06999969
29.532 , -0.06999969
29.534 , -0.1399994
29.535 , -0.1299973
29.536 , -0.05999756
29.538 , -0.08000183
29.539 , -0.1200027
29.54 , -0.1200027
29.541 , -0.06999969
29.543 , -0.1100006
29.544 , -0.1399994
29.545 , -0.09999847
29.546 , -0.09999847
29.548 , -0.1200027
29.549 , -0.1600037
29.55 , -0.1200027
29.551 , -0.1100006
29.552 , -0.1100006
29.553 , -0.1100006
29.554 , -0.1500015
29.555 , -0.09999847
29.557 , -0.09999847
29.558 , -0.1299973
29.559 , -0.1299973
29.561 , -0.1200027
29.562 , -0.1399994
29.563 , -0.1399994
29.564 , -0.1700058
29.565 , -0.1299973
29.566 , -0.1600037
29.567 , -0.1299973
29.569 , -0.1199951
29.57 , -0.1199951
29.571 , -0.140007
29.572 , -0.140007
29.573 , -0.1100006
29.574 , -0.140007
29.576 , -0.1699982
29.577 , -0.1300049
29.578 , -0.08999634
29.579 , -0.1200027
29.58 , -0.1200027
29.582 , -0.1499939
29.583 , -0.1499939
29.584 , -0.1499939
29.585 , -0.1700058
29.586 , -0.1700058
29.587 , -0.1700058
29.589 , -0.2200012
29.59 , -0.1600037
29.591 , -0.1899948
29.592 , -0.1500015
29.593 , -0.1500015
29.594 , -0.2099991
29.595 , -0.1999969
29.597 , -0.1999969
29.598 , -0.1699982
29.599 , -0.1699982
29.6 , -0.1699982
29.601 , -0.1800003
29.602 , -0.1800003
29.604 , -0.1800003
29.605 , -0.1699982
29.606 , -0.1699982
29.607 , -0.1699982
29.608 , -0.1600037
29.609 , -0.2100067
29.61 , -0.2100067
29.612 , -0.2000046
29.613 , -0.2000046
29.614 , -0.2200012
29.615 , -0.2099991
29.616 , -0.2099991
29.617 , -0.1900024
29.618 , -0.1800003
29.619 , -0.1999969
29.621 , -0.1999969
29.622 , -0.1900024
29.623 , -0.2200012
29.624 , -0.2200012
29.625 , -0.2099991
29.626 , -0.25
29.627 , -0.25
29.629 , -0.2399979
29.63 , -0.2399979
29.631 , -0.2399979
29.632 , -0.2300034
29.633 , -0.25
29.634 , -0.2300034
29.635 , -0.2399979
29.637 , -0.2399979
29.638 , -0.2299957
29.639 , -0.2299957
29.64 , -0.1699982
29.641 , -0.2299957
29.643 , -0.2199936
29.644 , -0.2199936
29.645 , -0.2099991
29.646 , -0.1900024
29.647 , -0.2600021
29.648 , -0.1999969
29.65 , -0.25
29.651 , -0.25
29.652 , -0.2399979
29.653 , -0.2599945
29.654 , -0.2599945
29.655 , -0.25
29.656 , -0.25
29.658 , -0.2399979
29.659 , -0.2399979
29.66 , -0.2700043
29.661 , -0.2399979
29.662 , -0.2299957
29.663 , -0.2299957
29.665 , -0.2900009
29.666 , -0.2900009
29.667 , -0.2900009
29.668 , -0.2400055
29.669 , -0.2800064
29.67 , -0.3000031
29.671 , -0.2800064
29.673 , -0.2700043
29.674 , -0.2300034
29.675 , -0.2799988
29.676 , -0.2799988
29.677 , -0.2600021
29.678 , -0.25
29.679 , -0.2699966
29.681 , -0.25
29.682 , -0.2000046
29.683 , -0.2400055
29.684 , -0.2400055
29.685 , -0.3000031
29.686 , -0.25
29.687 , -0.3000031
29.688 , -0.2900009
29.69 , -0.2900009
29.691 , -0.3099976
29.692 , -0.3000031
29.693 , -0.2800064
29.694 , -0.2800064
29.695 , -0.2700043
29.697 , -0.2900009
29.698 , -0.2799988
29.699 , -0.3099976
29.7 , -0.2799988
29.701 , -0.2799988
29.702 , -0.2999954
29.704 , -0.3399963
29.705 , -0.3300018
29.706 , -0.2600021
29.707 , -0.3300018
29.708 , -0.3300018
29.709 , -0.2799988
29.71 , -0.2799988
29.712 , -0.3099976
29.713 , -0.3299942
29.714 , -0.3299942
29.715 , -0.3000031
29.716 , -0.3000031
29.717 , -0.3199997
29.719 , -0.2900009
29.72 , -0.2900009
29.721 , -0.25
29.722 , -0.3499985
29.723 , -0.2799988
29.724 , -0.2999954
29.726 , -0.2899933
29.727 , -0.2899933
29.728 , -0.3399963
29.729 , -0.3300018
29.73 , -0.3500061
29.731 , -0.4200058
29.732 , -0.340004
29.734 , -0.3899994
29.735 , -0.3799973
29.736 , -0.3799973
29.737 , -0.3799973
29.738 , -0.3799973
29.739 , -0.3200073
29.741 , -0.3200073
29.742 , -0.3100052
29.743 , -0.3600006
29.744 , -0.3100052
29.745 , -0.3700027
29.746 , -0.3700027
29.747 , -0.3700027
29.748 , -0.3700027
29.75 , -0.3600006
29.751 , -0.3600006
29.752 , -0.3500061
29.753 , -0.3800049
29.754 , -0.3800049
29.755 , -0.3700027
29.756 , -0.3700027
29.758 , -0.340004
29.759 , -0.3300018
29.76 , -0.3600006
29.761 , -0.3300018
29.762 , -0.3499985
29.763 , -0.3899994
29.764 , -0.3899994
29.766 , -0.3800049
29.767 , -0.3800049
29.768 , -0.340004
29.769 , -0.3700027
29.77 , -0.3700027
29.771 , -0.3899994
29.773 , -0.3799973
29.774 , -0.3799973
29.775 , -0.3700027
29.776 , -0.4200058
29.777 , -0.3700027
29.778 , -0.3500061
29.78 , -0.3600006
29.781 , -0.3600006
29.782 , -0.3499985
29.783 , -0.3499985
29.784 , -0.3499985
29.785 , -0.3899994
29.786 , -0.3899994
29.788 , -0.409996
29.789 , -0.4000015
29.79 , -0.4000015
29.791 , -0.4000015
29.792 , -0.3899994
29.793 , -0.3700027
29.795 , -0.3899994
29.796 , -0.4499969
29.797 , -0.3799973
29.798 , -0.3799973
29.799 , -0.3700027
29.8 , -0.4400024
29.802 , -0.4300003
29.803 , -0.4300003
29.804 , -0.4300003
29.805 , -0.4300003
29.806 , -0.4400024
29.807 , -0.4199982
29.808 , -0.4400024
29.81 , -0.4799957
29.811 , -0.4300003
29.812 , -0.4200058
29.813 , -0.4900055
29.814 , -0.4900055
29.815 , -0.4900055
29.816 , -0.4599991
29.818 , -0.4599991
29.819 , -0.4000015
29.82 , -0.4000015
29.821 , -0.3799973
29.822 , -0.3000031
29.823 , -0.3000031
29.824 , -0.3000031
29.826 , -0.2700043
29.827 , -0.2900009
29.828 , -0.2700043
29.829 , -0.2799988
29.83 , -0.2600021
29.831 , -0.3499985
29.833 , -0.3600006
29.834 , -0.3600006
29.835 , -0.3399963
29.836 , -0.3500061
29.837 , -0.3500061
29.838 , -0.3500061
29.84 , -0.340004
29.841 , -0.340004
29.842 , -0.3799973
29.843 , -0.3300018
29.844 , -0.3300018
29.845 , -0.3300018
29.846 , -0.3199997
29.848 , -0.3699951
29.849 , -0.3100052
29.85 , -0.3100052
29.851 , -0.3600006
29.852 , -0.3000031
29.853 , -0.3000031
29.854 , -0.3000031
29.855 , -0.3000031
29.857 , -0.3399963
29.858 , -0.3399963
29.859 , -0.3300018
29.86 , -0.3300018
29.861 , -0.3300018
29.862 , -0.3199997
29.864 , -0.3199997
29.865 , -0.340004
29.866 , -0.3300018
29.867 , -0.3300018
29.868 , -0.3300018
29.869 , -0.2999954
29.871 , -0.25
29.872 , -0.2400055
29.873 , -0.2900009
29.874 , -0.2400055
29.875 , -0.2400055
29.876 , -0.2799988
29.877 , -0.2799988
29.879 , -0.2699966
29.88 , -0.2699966
29.881 , -0.1999969
29.882 , -0.1299973
29.883 , -0.05000305
29.885 , 0.009994507
29.886 , 0.06999969
29.888 , 0.2799988
29.889 , 0.4199982
29.89 , 0.5400009
29.891 , 0.6100006
29.892 , 0.6100006
29.893 , 0.6399994
29.895 , 0.6200027
29.896 , 0.5999985
29.897 , 0.5999985
29.898 , 0.4899979
29.899 , 0.4800034
29.9 , 0.409996
29.902 , 0.3899994
29.903 , 0.3499985
29.904 , 0.4000015
29.905 , 0.4199982
29.906 , 0.4699936
29.907 , 0.5699997
29.909 , 0.6399994
29.91 , 0.6699982
29.911 , 0.6899948
29.912 , 0.7399979
29.913 , 0.7700043
29.914 , 0.8799973
29.916 , 0.9400024
29.917 , 0.9800034
29.918 , 1.050003
29.919 , 1.149994
29.92 , 1.18
29.921 , 1.219994
29.922 , 1.290001
29.924 , 1.330002
29.925 , 1.330002
29.926 , 1.340004
29.927 , 1.310005
29.928 , 1.270004
29.929 , 1.18
29.93 , 1.020004
29.931 , 0.8600006
29.932 , 0.590004
29.934 , 0.4399948
29.935 , 0.2099991
29.936 , 0.1100006
29.937 , -0.02999878
29.938 , -0.09999847
29.94 , -0.08999634
29.941 , -0.1100006
29.942 , -0.01999664
29.944 , 0.1299973
29.945 , 0.2399979
29.946 , 0.3899994
29.947 , 0.4799957
29.948 , 0.5499954
29.95 , 0.5599976
29.951 , 0.6500015
29.952 , 0.6500015
29.953 , 0.640007
29.954 , 0.6600037
29.955 , 0.5699997
29.956 , 0.5599976
29.958 , 0.5099945
29.959 , 0.4899979
29.96 , 0.4300003
29.961 , 0.4100037
29.962 , 0.4100037
29.963 , 0.3700027
29.965 , 0.3499985
29.966 , 0.359993
29.967 , 0.3799973
29.968 , 0.359993
29.969 , 0.359993
29.97 , 0.3899994
29.972 , 0.4400024
29.973 , 0.4500046
29.974 , 0.4500046
29.975 , 0.4700012
29.976 , 0.4100037
29.977 , 0.4600067
29.978 , 0.4100037
29.98 , 0.4199982
29.981 , 0.3999939
29.982 , 0.4700012
29.983 , 0.409996
29.984 , 0.3600006
29.985 , 0.409996
29.987 , 0.3700027
29.988 , 0.3499985
29.989 , 0.3700027
29.99 , 0.3799973
29.991 , 0.3799973
29.992 , 0.359993
29.994 , 0.3699951
29.995 , 0.3699951
29.996 , 0.4000015
29.997 , 0.3799973
29.998 , 0.3799973
30.0 , 0.4100037
30.001 , 0.3899994
30.002 , 0.3899994
30.003 , 0.3999939
30.004 , 0.3699951
30.005 , 0.3999939
30.006 , 0.409996
30.007 , 0.3799973
30.009 , 0.3799973
30.01 , 0.3499985
30.011 , 0.3499985
30.012 , 0.3499985
30.013 , 0.3600006
30.014 , 0.3600006
30.015 , 0.3600006
30.017 , 0.3499985
30.018 , 0.3699951
30.027 , 0.3299942
30.028 , 0.3099976
30.029 , 0.3299942
30.03 , 0.3199997
30.032 , 0.3199997
30.033 , 0.2600021
30.034 , 0.3300018
30.035 , 0.3300018
30.036 , 0.2700043
30.037 , 0.340004
30.038 , 0.2700043
30.039 , 0.340004
30.04 , 0.3499985
30.042 , 0.2599945
30.043 , 0.2900009
30.044 , 0.2699966
30.045 , 0.3600006
30.046 , 0.2699966
30.047 , 0.3000031
30.048 , 0.2799988
30.05 , 0.3099976
30.051 , 0.2399979
30.052 , 0.2399979
30.053 , 0.2999954
30.054 , 0.2999954
30.055 , 0.25
30.056 , 0.25
30.057 , 0.2600021
30.059 , 0.2600021
30.06 , 0.3199997
30.061 , 0.2700043
30.062 , 0.3199997
30.063 , 0.2799988
30.064 , 0.2799988
30.065 , 0.2599945
30.067 , 0.2900009
30.068 , 0.2900009
30.069 , 0.2699966
30.07 , 0.25
30.071 , 0.25
30.072 , 0.2799988
30.073 , 0.2599945
30.074 , 0.2599945
30.076 , 0.2599945
30.077 , 0.2699966
30.078 , 0.2999954
30.079 , 0.2299957
30.08 , 0.2799988
30.081 , 0.2399979
30.083 , 0.2900009
30.084 , 0.25
30.085 , 0.25
30.086 , 0.2900009
30.087 , 0.2399979
30.088 , 0.2399979
30.089 , 0.2399979
30.091 , 0.1299973
30.092 , 0.1299973
30.093 , 0.1200027
30.094 , 0.1200027
30.095 , 0.1200027
30.096 , 0.1399994
30.097 , 0.2000046
30.098 , 0.2200012
30.1 , 0.2799988
30.101 , 0.3399963
30.102 , 0.3399963
30.103 , 0.3099976
30.104 , 0.2900009
30.105 , 0.2900009
30.106 , 0.2900009
30.107 , 0.25
30.108 , 0.2300034
30.11 , 0.1699982
30.111 , 0.1499939
30.112 , 0.09999847
30.113 , 0.08999634
30.114 , 0.08999634
30.116 , 0.159996
30.117 , 0.05000305
30.118 , 0.1200027
30.119 , 0.1200027
30.12 , 0.1300049
30.121 , 0.1300049
30.123 , 0.1899948
30.124 , 0.1399994
30.125 , 0.1399994
30.126 , 0.1399994
30.127 , 0.1999969
30.128 , 0.1299973
30.129 , 0.1500015
30.131 , 0.1399994
30.132 , 0.1399994
30.133 , 0.09000397
30.134 , 0.09999847
30.136 , 0.0799942
30.137 , 0.1100006
30.138 , 0.1100006
30.139 , 0.1100006
30.14 , 0.1200027
30.141 , 0.1200027
30.142 , 0.1699982
30.144 , 0.1100006
30.145 , 0.1300049
30.146 , 0.1100006
30.147 , 0.1199951
30.148 , 0.1199951
30.149 , 0.1199951
30.15 , 0.1100006
30.151 , 0.05999756
30.153 , 0.1100006
30.154 , 0.06999969
30.155 , 0.06999969
30.157 , 0.0799942
30.158 , 0.0799942
30.159 , 0.0799942
30.161 , 0.06999969
30.162 , 0.06999969
30.163 , 0.08999634
30.165 , 0.08000183
30.166 , 0.02999878
30.167 , 0.09000397
30.169 , 0.04000092
30.17 , 0.1199951
30.171 , 0.09999847
30.172 , 0.04999542
30.174 , 0.04000092
30.175 , 0.05999756
30.177 , 0.05000305
30.178 , 0.05000305
30.179 , 0.05000305
30.18 , 0.01000214
30.182 , 0.06000519
30.183 , 0.06000519
30.184 , 0.06999969
30.186 , 0.0
30.187 , 0.01000214
30.188 , 0.01000214
30.189 , 0.01000214
30.191 , 0.02000427
30.192 , 0.04000092
30.193 , 0.02000427
30.195 , 0.02999878
30.196 , 0.02999878
30.197 , 0.04000092
30.199 , 0.01999664
30.2 , 0.05000305
30.201 , 0.02999878
30.203 , -0.04000092
30.204 , -0.009994507
30.205 , -0.02999878
30.207 , -0.02000427
30.208 , -0.02000427
30.209 , -0.02000427
30.211 , -0.05999756
30.212 , -0.01000214
30.213 , -0.05999756
30.215 , -0.04999542
30.216 , -0.04999542
30.217 , -0.04000092
30.219 , 0.02999878
30.22 , -0.04000092
30.222 , 0.01999664
30.223 , 0.01999664
30.224 , 0.02999878
30.226 , -0.01999664
30.227 , -0.009994507
30.228 , -0.009994507
30.23 , -0.02999878
30.231 , -0.02000427
30.232 , 0.0
30.234 , 0.01000214
30.235 , -0.01000214
30.236 , -0.01000214
30.237 , 0.02000427
30.239 , 0.02000427
30.24 , 0.0
30.241 , 0.009994507
30.243 , -0.06000519
30.244 , 0.0
30.245 , -0.05000305
30.246 , 0.0
30.247 , -0.04000092
30.249 , -0.04000092
30.25 , -0.05999756
30.251 , -0.04999542
30.253 , -0.04999542
30.254 , -0.04000092
30.255 , -0.09000397
30.257 , -0.02999878
30.258 , -0.02999878
30.259 , -0.08000183
30.261 , -0.01999664
30.262 , 0.0
30.263 , -0.06999969
30.265 , -0.05999756
30.266 , -0.05999756
30.267 , -0.05000305
30.269 , -0.06999969
30.27 , -0.05000305
30.271 , -0.08000183
30.273 , -0.05999756
30.274 , -0.06999969
30.275 , -0.1199951
30.277 , -0.06000519
30.278 , -0.02000427
30.279 , -0.06000519
30.281 , -0.09999847
30.282 , -0.02999878
30.283 , -0.1200027
30.284 , -0.08999634
30.286 , -0.08999634
30.287 , -0.09999847
30.288 , -0.09999847
30.29 , -0.1499939
30.291 , -0.09000397
30.292 , -0.09000397
30.294 , -0.1299973
30.295 , -0.1299973
30.296 , -0.1299973
30.297 , -0.1199951
30.298 , -0.1199951
30.299 , -0.1199951
30.301 , -0.1100006
30.302 , -0.1100006
30.303 , -0.1300049
30.304 , -0.1200027
30.305 , -0.1200027
30.306 , -0.1200027
30.307 , -0.1699982
30.308 , -0.159996
30.309 , -0.159996
30.311 , -0.1499939
30.312 , -0.09999847
30.313 , -0.1699982
30.314 , -0.1399994
30.315 , -0.1399994
30.317 , -0.1399994
30.318 , -0.08000183
30.319 , -0.1500015
30.32 , -0.1299973
30.321 , -0.159996
30.323 , -0.1399994
30.324 , -0.2000046
30.325 , -0.1300049
30.326 , -0.1500015
30.327 , -0.2000046
30.328 , -0.1900024
30.329 , -0.2099991
30.33 , -0.1900024
30.332 , -0.1800003
30.333 , -0.1800003
30.334 , -0.1699982
30.335 , -0.1699982
30.336 , -0.1199951
30.337 , -0.1699982
30.338 , -0.1800003
30.339 , -0.1800003
30.341 , -0.1500015
30.342 , -0.1699982
30.343 , -0.2200012
30.344 , -0.159996
30.345 , -0.159996
30.346 , -0.2099991
30.347 , -0.2099991
30.349 , -0.1999969
30.35 , -0.1999969
30.351 , -0.1399994
30.352 , -0.1900024
30.353 , -0.2099991
30.354 , -0.1999969
30.355 , -0.1999969
30.357 , -0.1999969
30.358 , -0.1699982
30.359 , -0.1899948
30.36 , -0.1899948
30.361 , -0.1800003
30.362 , -0.2000046
30.364 , -0.1699982
30.365 , -0.1900024
30.366 , -0.1900024
30.367 , -0.1900024
30.368 , -0.1800003
30.369 , -0.1800003
30.37 , -0.25
30.371 , -0.2199936
30.372 , -0.2199936
30.374 , -0.2099991
30.375 , -0.2300034
30.376 , -0.2300034
30.377 , -0.2099991
30.378 , -0.2200012
30.379 , -0.1999969
30.38 , -0.2200012
30.382 , -0.2599945
30.383 , -0.2099991
30.384 , -0.2099991
30.385 , -0.25
30.386 , -0.2000046
30.387 , -0.25
30.388 , -0.2399979
30.39 , -0.1900024
30.391 , -0.2299957
30.392 , -0.1800003
30.393 , -0.25
30.394 , -0.25
30.395 , -0.2899933
30.396 , -0.2399979
30.397 , -0.2399979
30.399 , -0.2799988
30.4 , -0.2300034
30.401 , -0.2699966
30.402 , -0.2699966
30.403 , -0.2900009
30.404 , -0.2200012
30.405 , -0.2799988
30.407 , -0.2799988
30.408 , -0.2700043
30.409 , -0.2700043
30.41 , -0.2700043
30.411 , -0.2799988
30.412 , -0.2600021
30.413 , -0.2799988
30.415 , -0.25
30.416 , -0.25
30.417 , -0.3199997
30.418 , -0.2599945
30.419 , -0.2399979
30.42 , -0.2599945
30.421 , -0.25
30.423 , -0.2300034
30.424 , -0.25
30.425 , -0.2900009
30.426 , -0.2900009
30.427 , -0.2900009
30.428 , -0.2299957
30.429 , -0.2099991
30.43 , -0.2099991
30.432 , -0.2699966
30.433 , -0.1999969
30.434 , -0.2199936
30.435 , -0.2799988
30.436 , -0.2600021
30.437 , -0.2099991
30.438 , -0.25
30.44 , -0.2699966
30.441 , -0.2399979
30.442 , -0.3099976
30.443 , -0.2599945
30.444 , -0.3099976
30.445 , -0.3000031
30.446 , -0.3000031
30.448 , -0.3099976
30.449 , -0.3099976
30.45 , -0.3099976
30.451 , -0.2799988
30.452 , -0.2999954
30.453 , -0.3199997
30.455 , -0.3099976
30.456 , -0.2899933
30.457 , -0.2899933
30.458 , -0.2799988
30.459 , -0.3000031
30.46 , -0.2799988
30.462 , -0.2699966
30.463 , -0.2900009
30.464 , -0.3600006
30.465 , -0.2799988
30.466 , -0.2799988
30.467 , -0.3499985
30.469 , -0.2700043
30.47 , -0.340004
30.471 , -0.340004
30.472 , -0.2600021
30.473 , -0.3300018
30.474 , -0.3499985
30.475 , -0.3199997
30.477 , -0.3199997
30.478 , -0.3099976
30.479 , -0.3299942
30.48 , -0.3099976
30.481 , -0.3099976
30.482 , -0.3199997
30.484 , -0.3199997
30.485 , -0.3600006
30.486 , -0.3600006
30.487 , -0.2900009
30.488 , -0.3699951
30.489 , -0.3499985
30.49 , -0.3699951
30.492 , -0.340004
30.493 , -0.340004
30.494 , -0.3600006
30.495 , -0.3499985
30.496 , -0.3499985
30.497 , -0.3499985
30.498 , -0.3399963
30.5 , -0.3399963
30.501 , -0.3399963
30.502 , -0.3600006
30.503 , -0.3299942
30.504 , -0.3600006
30.505 , -0.3500061
30.506 , -0.3500061
30.508 , -0.340004
30.509 , -0.3099976
30.51 , -0.340004
30.511 , -0.340004
30.512 , -0.3300018
30.513 , -0.3699951
30.514 , -0.3899994
30.516 , -0.359993
30.517 , -0.359993
30.518 , -0.3499985
30.519 , -0.3100052
30.52 , -0.3499985
30.521 , -0.3499985
30.522 , -0.409996
30.524 , -0.3399963
30.525 , -0.3499985
30.526 , -0.3999939
30.527 , -0.3999939
30.528 , -0.3899994
30.53 , -0.340004
30.531 , -0.3899994
30.532 , -0.4000015
30.533 , -0.4000015
30.534 , -0.4500046
30.535 , -0.4400024
30.536 , -0.4400024
30.537 , -0.4400024
30.538 , -0.3799973
30.54 , -0.3799973
30.541 , -0.4300003
30.542 , -0.3700027
30.543 , -0.3499985
30.544 , -0.4200058
30.545 , -0.4100037
30.546 , -0.4100037
30.548 , -0.4000015
30.549 , -0.4199982
30.55 , -0.4399948
30.551 , -0.4199982
30.552 , -0.4100037
30.553 , -0.4100037
30.554 , -0.4100037
30.555 , -0.4199982
30.557 , -0.4199982
30.558 , -0.4199982
30.559 , -0.3899994
30.56 , -0.409996
30.561 , -0.3899994
30.562 , -0.4499969
30.564 , -0.4699936
30.565 , -0.5100021
30.566 , -0.5100021
30.567 , -0.4400024
30.568 , -0.4400024
30.569 , -0.4499969
30.57 , -0.3799973
30.572 , -0.3699951
30.573 , -0.3499985
30.574 , -0.3499985
30.575 , -0.3200073
30.576 , -0.3200073
30.577 , -0.340004
30.578 , -0.3200073
30.58 , -0.3300018
30.581 , -0.3499985
30.582 , -0.3199997
30.583 , -0.3199997
30.584 , -0.3199997
30.585 , -0.3299942
30.587 , -0.3799973
30.588 , -0.3999939
30.589 , -0.3899994
30.59 , -0.3700027
30.591 , -0.3700027
30.592 , -0.3600006
30.594 , -0.3600006
30.595 , -0.3699951
30.596 , -0.3499985
30.597 , -0.2999954
30.598 , -0.3499985
30.599 , -0.3399963
30.6 , -0.3399963
30.602 , -0.3499985
30.603 , -0.3300018
30.604 , -0.2799988
30.605 , -0.3199997
30.606 , -0.3199997
30.607 , -0.3199997
30.608 , -0.3399963
30.61 , -0.3799973
30.611 , -0.3299942
30.612 , -0.3199997
30.613 , -0.3199997
30.614 , -0.3199997
30.615 , -0.3099976
30.617 , -0.3600006
30.618 , -0.3099976
30.619 , -0.3499985
30.62 , -0.2999954
30.621 , -0.2799988
30.622 , -0.2699966
30.624 , -0.2199936
30.625 , -0.2600021
30.626 , -0.2600021
30.627 , -0.2799988
30.628 , -0.2799988
30.629 , -0.2699966
30.63 , -0.3199997
30.632 , -0.1899948
30.633 , -0.1699982
30.634 , -0.09999847
30.635 , 0.0
30.636 , 0.06999969
30.638 , 0.2299957
30.639 , 0.4000015
30.64 , 0.5800018
30.641 , 0.6500015
30.642 , 0.6800003
30.643 , 0.6399994
30.645 , 0.6399994
30.646 , 0.6000061
30.647 , 0.5800018
30.648 , 0.5300064
30.649 , 0.4300003
30.65 , 0.3099976
30.651 , 0.3099976
30.652 , 0.3199997
30.654 , 0.3000031
30.655 , 0.3199997
30.656 , 0.4000015
30.657 , 0.4700012
30.658 , 0.5400009
30.659 , 0.6199951
30.66 , 0.6899948
30.661 , 0.7099991
30.663 , 0.7200012
30.664 , 0.7900009
30.665 , 0.8799973
30.666 , 0.9100037
30.667 , 0.9800034
30.668 , 1.050003
30.669 , 1.110001
30.671 , 1.150002
30.672 , 1.209999
30.673 , 1.229996
30.674 , 1.279999
30.675 , 1.279999
30.676 , 1.290001
30.677 , 1.290001
30.679 , 1.160004
30.68 , 1.0
30.681 , 0.9100037
30.682 , 0.640007
30.683 , 0.4600067
30.684 , 0.2100067
30.685 , 0.1800003
30.686 , 0.05999756
30.688 , -0.08000183
30.689 , -0.08999634
30.69 , -0.08999634
30.692 , 0.01000214
30.693 , 0.1000061
30.694 , 0.2099991
30.695 , 0.3300018
30.696 , 0.4499969
30.698 , 0.5199966
30.699 , 0.5800018
30.7 , 0.6200027
30.701 , 0.6699982
30.702 , 0.7000046
30.703 , 0.6300049
30.704 , 0.6300049
30.706 , 0.5500031
30.707 , 0.4800034
30.716 , 0.3300018
30.717 , 0.3800049
30.718 , 0.3800049
30.719 , 0.3399963
30.72 , 0.409996
30.722 , 0.4000015
30.723 , 0.4199982
30.724 , 0.4000015
30.725 , 0.4000015
30.726 , 0.4100037
30.727 , 0.4100037
30.728 , 0.3600006
30.729 , 0.3700027
30.73 , 0.3700027
30.732 , 0.3500061
30.733 , 0.3600006
30.734 , 0.3600006
30.735 , 0.3600006
30.736 , 0.3700027
30.737 , 0.3899994
30.738 , 0.3700027
30.739 , 0.3800049
30.741 , 0.3800049
30.742 , 0.4000015
30.743 , 0.359993
30.744 , 0.3899994
30.745 , 0.3899994
30.746 , 0.3699951
30.747 , 0.3699951
30.749 , 0.3799973
30.75 , 0.340004
30.751 , 0.340004
30.752 , 0.3799973
30.753 , 0.3500061
30.754 , 0.3500061
30.755 , 0.3500061
30.756 , 0.3600006
30.758 , 0.3600006
30.759 , 0.3499985
30.76 , 0.3499985
30.761 , 0.3700027
30.762 , 0.3000031
30.763 , 0.3600006
30.764 , 0.3100052
30.765 , 0.3600006
30.767 , 0.3200073
30.768 , 0.3200073
30.769 , 0.3300018
30.77 , 0.3300018
30.771 , 0.3099976
30.772 , 0.3300018
30.773 , 0.3199997
30.775 , 0.3199997
30.776 , 0.3500061
30.777 , 0.3300018
30.778 , 0.3300018
30.779 , 0.3399963
30.78 , 0.3600006
30.781 , 0.3399963
30.782 , 0.3399963
30.784 , 0.3499985
30.785 , 0.2999954
30.786 , 0.3600006
30.787 , 0.3099976
30.788 , 0.3600006
30.789 , 0.3199997
30.79 , 0.3199997
30.792 , 0.3199997
30.793 , 0.3299942
30.794 , 0.3099976
30.795 , 0.3099976
30.796 , 0.3000031
30.797 , 0.3199997
30.799 , 0.3100052
30.8 , 0.3300018
30.801 , 0.3300018
30.802 , 0.3300018
30.803 , 0.3399963
30.804 , 0.3199997
30.805 , 0.3399963
30.806 , 0.3499985
30.808 , 0.3300018
30.809 , 0.3300018
30.81 , 0.340004
30.811 , 0.2900009
30.812 , 0.2900009
30.813 , 0.2800064
30.814 , 0.2800064
30.815 , 0.3000031
30.816 , 0.2900009
30.818 , 0.2900009
30.819 , 0.2900009
30.82 , 0.3000031
30.821 , 0.3000031
30.822 , 0.3000031
30.823 , 0.3100052
30.824 , 0.3100052
30.825 , 0.3100052
30.827 , 0.3199997
30.828 , 0.3199997
30.829 , 0.25
30.83 , 0.2799988
30.831 , 0.2799988
30.832 , 0.2600021
30.833 , 0.2900009
30.835 , 0.2900009
30.836 , 0.3000031
30.837 , 0.2800064
30.838 , 0.2600021
30.839 , 0.3000031
30.84 , 0.2199936
30.841 , 0.1999969
30.842 , 0.1499939
30.844 , 0.1399994
30.845 , 0.159996
30.846 , 0.1699982
30.847 , 0.2200012
30.848 , 0.2900009
30.849 , 0.2399979
30.851 , 0.340004
30.852 , 0.340004
30.853 , 0.3499985
30.854 , 0.3499985
30.855 , 0.3300018
30.856 , 0.3199997
30.857 , 0.3199997
30.859 , 0.2699966
30.86 , 0.2600021
30.861 , 0.1900024
30.862 , 0.1900024
30.863 , 0.1299973
30.864 , 0.1299973
30.865 , 0.1100006
30.866 , 0.1200027
30.868 , 0.1200027
30.869 , 0.1399994
30.87 , 0.1300049
30.871 , 0.1300049
30.872 , 0.1500015
30.873 , 0.1600037
30.874 , 0.2100067
30.875 , 0.2300034
30.876 , 0.2200012
30.878 , 0.2200012
30.879 , 0.2200012
30.88 , 0.2300034
30.881 , 0.1800003
30.882 , 0.1800003
30.883 , 0.1900024
30.884 , 0.1900024
30.885 , 0.1900024
30.887 , 0.1800003
30.888 , 0.1299973
30.889 , 0.109993
30.89 , 0.1399994
30.891 , 0.1199951
30.892 , 0.06999969
30.894 , 0.08000183
30.895 , 0.08000183
30.896 , 0.08000183
30.898 , 0.09000397
30.899 , 0.09000397
30.9 , 0.1499939
30.902 , 0.09999847
30.903 , 0.159996
30.904 , 0.1100006
30.905 , 0.1100006
30.906 , 0.08999634
30.908 , 0.09999847
30.909 , 0.09999847
30.91 , 0.08999634
30.912 , 0.08999634
30.913 , 0.09999847
30.914 , 0.1199951
30.916 , 0.09999847
30.917 , 0.1299973
30.918 , 0.1100006
30.919 , 0.05999756
30.921 , 0.06999969
30.922 , 0.1200027
30.923 , 0.05999756
30.924 , 0.05999756
30.926 , 0.05999756
30.927 , 0.01999664
30.928 , 0.0
30.93 , 0.02999878
30.931 , 0.01000214
30.932 , 0.01000214
30.934 , 0.04000092
30.935 , 0.04000092
30.936 , 0.09000397
30.938 , 0.02999878
30.939 , 0.02999878
30.94 , 0.05999756
30.942 , 0.1100006
30.943 , 0.1200027
30.944 , 0.06999969
30.945 , 0.06999969
30.947 , 0.05999756
30.948 , 0.05999756
30.949 , 0.03999329
30.951 , 0.06999969
30.952 , 0.04999542
30.954 , 0.08000183
30.955 , 0.01000214
30.956 , 0.05999756
30.958 , 0.02000427
30.959 , 0.02000427
30.96 , 0.02999878
30.962 , 0.0799942
30.963 , 0.08999634
30.964 , 0.04000092
30.966 , 0.08999634
30.967 , 0.05000305
30.968 , 0.02999878
30.97 , -0.01000214
30.971 , 0.03999329
30.973 , 0.0
30.974 , 0.0
30.975 , 0.04999542
30.976 , 0.06999969
30.977 , 0.05999756
30.979 , 0.01000214
30.98 , 0.02000427
30.982 , 0.02000427
30.983 , 0.06999969
30.984 , 0.0799942
30.986 , 0.009994507
30.987 , 0.01999664
30.988 , -0.02999878
30.99 , -0.01999664
30.991 , -0.04000092
30.993 , 0.02999878
30.994 , -0.01000214
30.995 , -0.01000214
30.997 , 0.0
30.998 , 0.0
30.999 , 0.0
31.0 , 0.01000214
31.001 , -0.01000214
31.002 , -0.01000214
31.004 , 0.0
31.005 , 0.0
31.006 , 0.0
31.007 , -0.01000214
31.008 , -0.06000519
31.01 , 0.01999664
31.011 , -0.05000305
31.012 , -0.05000305
31.014 , -0.04000092
31.015 , -0.04000092
31.016 , 0.01000214
31.017 , -0.02999878
31.019 , -0.02999878
31.02 , -0.02000427
31.022 , -0.04000092
31.023 , -0.02000427
31.024 , -0.01000214
31.025 , -0.02999878
31.027 , -0.06999969
31.028 , -0.06999969
31.029 , -0.06999969
31.031 , -0.08000183
31.032 , -0.08000183
31.033 , -0.08000183
31.035 , -0.06999969
31.036 , -0.09000397
31.037 , -0.05999756
31.039 , -0.05999756
31.04 , -0.04999542
31.042 , -0.04999542
31.043 , -0.06999969
31.044 , -0.06000519
31.046 , -0.1100006
31.047 , -0.05000305
31.048 , -0.1200027
31.049 , -0.09999847
31.05 , -0.159996
31.052 , -0.159996
31.053 , -0.159996
31.054 , -0.1000061
31.055 , -0.1500015
31.056 , -0.1500015
31.057 , -0.1399994
31.058 , -0.09000397
31.06 , -0.1299973
31.061 , -0.1299973
31.062 , -0.08000183
31.063 , -0.1500015
31.065 , -0.1199951
31.066 , -0.1399994
31.067 , -0.1500015
31.068 , -0.1300049
31.069 , -0.1500015
31.07 , -0.2000046
31.071 , -0.1399994
31.072 , -0.1200027
31.074 , -0.1800003
31.075 , -0.1800003
31.076 , -0.1299973
31.077 , -0.1200027
31.078 , -0.1200027
31.079 , -0.1200027
31.08 , -0.1700058
31.081 , -0.1600037
31.083 , -0.1600037
31.084 , -0.1500015
31.085 , -0.1500015
31.086 , -0.1699982
31.087 , -0.159996
31.088 , -0.159996
31.089 , -0.2099991
31.091 , -0.2000046
31.092 , -0.2000046
31.093 , -0.2000046
31.094 , -0.1900024
31.095 , -0.1900024
31.096 , -0.1900024
31.097 , -0.1299973
31.098 , -0.1800003
31.1 , -0.1999969
31.101 , -0.1899948
31.102 , -0.1199951
31.103 , -0.1899948
31.104 , -0.1600037
31.105 , -0.1800003
31.106 , -0.1800003
31.107 , -0.1699982
31.109 , -0.2200012
31.11 , -0.1699982
31.111 , -0.2299957
31.112 , -0.2299957
31.113 , -0.2099991
31.114 , -0.2200012
31.115 , -0.2200012
31.116 , -0.2200012
31.117 , -0.1900024
31.119 , -0.2099991
31.12 , -0.2300034
31.121 , -0.1999969
31.122 , -0.1800003
31.123 , -0.1999969
31.124 , -0.1899948
31.125 , -0.2099991
31.126 , -0.2099991
31.128 , -0.25
31.129 , -0.2000046
31.13 , -0.25
31.131 , -0.2399979
31.132 , -0.1900024
31.133 , -0.2399979
31.134 , -0.1800003
31.136 , -0.2299957
31.137 , -0.1700058
31.138 , -0.1700058
31.139 , -0.1700058
31.14 , -0.2200012
31.141 , -0.2099991
31.142 , -0.2799988
31.144 , -0.2699966
31.145 , -0.2699966
31.146 , -0.2699966
31.147 , -0.2799988
31.148 , -0.2999954
31.149 , -0.2999954
31.151 , -0.340004
31.152 , -0.2900009
31.153 , -0.340004
31.154 , -0.2799988
31.155 , -0.3499985
31.156 , -0.3300018
31.157 , -0.3300018
31.159 , -0.3199997
31.16 , -0.3399963
31.161 , -0.3300018
31.162 , -0.3300018
31.163 , -0.3300018
31.164 , -0.3199997
31.165 , -0.3199997
31.167 , -0.3199997
31.168 , -0.3600006
31.169 , -0.3600006
31.17 , -0.3799973
31.171 , -0.3699951
31.172 , -0.3499985
31.173 , -0.3499985
31.175 , -0.340004
31.176 , -0.2900009
31.177 , -0.2900009
31.178 , -0.3300018
31.179 , -0.3300018
31.18 , -0.3300018
31.181 , -0.3199997
31.182 , -0.3600006
31.184 , -0.3099976
31.185 , -0.3099976
31.186 , -0.3499985
31.187 , -0.3299942
31.188 , -0.340004
31.189 , -0.3899994
31.191 , -0.3799973
31.192 , -0.3799973
31.193 , -0.3799973
31.194 , -0.3899994
31.195 , -0.3699951
31.196 , -0.3699951
31.198 , -0.3100052
31.199 , -0.3600006
31.2 , -0.3600006
31.201 , -0.3700027
31.202 , -0.3700027
31.203 , -0.3700027
31.204 , -0.3399963
31.205 , -0.409996
31.207 , -0.3600006
31.208 , -0.3999939
31.209 , -0.3999939
31.21 , -0.3499985
31.211 , -0.3899994
31.212 , -0.3899994
31.214 , -0.3799973
31.215 , -0.3799973
31.216 , -0.3300018
31.217 , -0.3300018
31.218 , -0.3699951
31.219 , -0.3699951
31.22 , -0.3699951
31.222 , -0.3800049
31.223 , -0.3600006
31.224 , -0.3700027
31.225 , -0.3499985
31.226 , -0.4199982
31.227 , -0.4199982
31.228 , -0.3600006
31.23 , -0.409996
31.231 , -0.3999939
31.232 , -0.3999939
31.233 , -0.4199982
31.234 , -0.4199982
31.235 , -0.4100037
31.237 , -0.3899994
31.238 , -0.4000015
31.239 , -0.3799973
31.24 , -0.4199982
31.241 , -0.409996
31.242 , -0.3899994
31.243 , -0.3899994
31.245 , -0.4000015
31.246 , -0.3800049
31.247 , -0.3800049
31.248 , -0.3899994
31.249 , -0.4400024
31.25 , -0.3899994
31.251 , -0.3799973
31.253 , -0.4300003
31.254 , -0.3799973
31.255 , -0.3299942
31.256 , -0.3499985
31.257 , -0.3699951
31.258 , -0.3600006
31.259 , -0.340004
31.261 , -0.3499985
31.262 , -0.3499985
31.263 , -0.3499985
31.264 , -0.3499985
31.265 , -0.3399963
31.266 , -0.3899994
31.268 , -0.3799973
31.269 , -0.3999939
31.27 , -0.3999939
31.271 , -0.3899994
31.272 , -0.3899994
31.273 , -0.3899994
31.275 , -0.3799973
31.276 , -0.4300003
31.277 , -0.3799973
31.278 , -0.3699951
31.279 , -0.3699951
31.28 , -0.3499985
31.282 , -0.3600006
31.283 , -0.3600006
31.284 , -0.3600006
31.285 , -0.4000015
31.286 , -0.4000015
31.287 , -0.4000015
31.288 , -0.3899994
31.289 , -0.409996
31.291 , -0.3999939
31.292 , -0.3999939
31.293 , -0.3999939
31.294 , -0.3999939
31.295 , -0.3899994
31.296 , -0.3899994
31.298 , -0.3600006
31.299 , -0.3799973
31.3 , -0.3799973
31.301 , -0.3699951
31.302 , -0.3699951
31.303 , -0.3699951
31.305 , -0.3600006
31.306 , -0.3800049
31.307 , -0.4300003
31.308 , -0.3700027
31.309 , -0.4199982
31.31 , -0.4199982
31.311 , -0.409996
31.312 , -0.4300003
31.314 , -0.4300003
31.315 , -0.4699936
31.316 , -0.4699936
31.317 , -0.4199982
31.318 , -0.4100037
31.319 , -0.4100037
31.32 , -0.3899994
31.321 , -0.3899994
31.323 , -0.3300018
31.324 , -0.3300018
31.325 , -0.3199997
31.326 , -0.2999954
31.327 , -0.2999954
31.328 , -0.3100052
31.33 , -0.2900009
31.331 , -0.3100052
31.332 , -0.3000031
31.333 , -0.3499985
31.334 , -0.3000031
31.335 , -0.3600006
31.336 , -0.3600006
31.337 , -0.3600006
31.339 , -0.3299942
31.34 , -0.3499985
31.341 , -0.3499985
31.342 , -0.3199997
31.343 , -0.340004
31.344 , -0.3199997
31.345 , -0.3300018
31.347 , -0.3300018
31.348 , -0.3199997
31.349 , -0.3199997
31.35 , -0.3699951
31.351 , -0.3199997
31.352 , -0.3099976
31.353 , -0.3099976
31.355 , -0.3000031
31.356 , -0.3000031
31.357 , -0.3499985
31.358 , -0.3600006
31.359 , -0.3399963
31.36 , -0.3399963
31.361 , -0.3600006
31.362 , -0.3299942
31.364 , -0.3299942
31.365 , -0.340004
31.366 , -0.3199997
31.367 , -0.3800049
31.368 , -0.3300018
31.369 , -0.3700027
31.371 , -0.3300018
31.372 , -0.2999954
31.373 , -0.2999954
31.374 , -0.25
31.375 , -0.3099976
31.376 , -0.2899933
31.377 , -0.2899933
31.379 , -0.340004
31.38 , -0.2799988
31.381 , -0.2300034
31.382 , -0.2200012
31.383 , -0.1299973
31.384 , -0.1100006
31.385 , -0.02999878
31.387 , 0.06000519
31.388 , 0.1899948
31.389 , 0.2999954
31.391 , 0.4599991
31.392 , 0.6100006
31.393 , 0.6299973
31.394 , 0.5899963
31.403 , 0.3199997
31.404 , 0.3199997
31.406 , 0.3300018
31.407 , 0.3499985
31.408 , 0.4199982
31.409 , 0.590004
31.41 , 0.590004
31.411 , 0.6600037
31.412 , 0.6899948
31.414 , 0.7399979
31.415 , 0.75
31.416 , 0.8899994
31.417 , 0.9300003
31.418 , 1.0
31.419 , 1.080002
31.42 , 1.099998
31.421 , 1.150002
31.423 , 1.25
31.424 , 1.25
31.425 , 1.259995
31.426 , 1.119995
31.427 , 1.029999
31.428 , 0.8699951
31.429 , 0.5599976
31.43 , 0.4000015
31.432 , 0.2000046
31.433 , 0.1100006
31.434 , 0.0
31.435 , -0.05999756
31.436 , -0.1699982
31.437 , -0.1699982
31.438 , -0.1299973
31.44 , -0.05000305
31.441 , 0.05999756
31.442 , 0.2099991
31.444 , 0.2799988
31.445 , 0.3800049
31.446 , 0.4700012
31.447 , 0.4700012
31.448 , 0.5400009
31.449 , 0.5499954
31.45 , 0.5499954
31.452 , 0.5400009
31.453 , 0.4700012
31.454 , 0.4499969
31.455 , 0.4599991
31.456 , 0.4100037
31.457 , 0.3199997
31.458 , 0.2700043
31.46 , 0.3300018
31.461 , 0.2800064
31.462 , 0.2900009
31.463 , 0.3600006
31.464 , 0.3399963
31.465 , 0.3000031
31.466 , 0.3700027
31.467 , 0.3499985
31.469 , 0.3600006
31.47 , 0.3800049
31.471 , 0.3800049
31.472 , 0.3899994
31.473 , 0.3899994
31.474 , 0.3699951
31.475 , 0.3799973
31.477 , 0.3799973
31.478 , 0.3799973
31.479 , 0.340004
31.48 , 0.3899994
31.481 , 0.3899994
31.482 , 0.3300018
31.484 , 0.3300018
31.485 , 0.3399963
31.486 , 0.3399963
31.487 , 0.3600006
31.488 , 0.3199997
31.489 , 0.3499985
31.49 , 0.3499985
31.492 , 0.340004
31.493 , 0.340004
31.494 , 0.340004
31.495 , 0.340004
31.496 , 0.3499985
31.497 , 0.2999954
31.498 , 0.3699951
31.5 , 0.3799973
31.501 , 0.3600006
31.502 , 0.3199997
31.503 , 0.3199997
31.504 , 0.3700027
31.505 , 0.3700027
31.506 , 0.3300018
31.508 , 0.3300018
31.509 , 0.3199997
31.51 , 0.3399963
31.511 , 0.3199997
31.512 , 0.3300018
31.513 , 0.3300018
31.514 , 0.3300018
31.515 , 0.2799988
31.517 , 0.340004
31.518 , 0.340004
31.519 , 0.3500061
31.52 , 0.3000031
31.521 , 0.3000031
31.522 , 0.3600006
31.523 , 0.3099976
31.524 , 0.3099976
31.526 , 0.3199997
31.527 , 0.3000031
31.528 , 0.3000031
31.529 , 0.3100052
31.53 , 0.3300018
31.531 , 0.2900009
31.532 , 0.3199997
31.533 , 0.2999954
31.535 , 0.3199997
31.536 , 0.3300018
31.537 , 0.3300018
31.538 , 0.3300018
31.539 , 0.3199997
31.54 , 0.340004
31.541 , 0.340004
31.543 , 0.3500061
31.544 , 0.3300018
31.545 , 0.3300018
31.546 , 0.3399963
31.547 , 0.2900009
31.548 , 0.3399963
31.549 , 0.3499985
31.55 , 0.3499985
31.552 , 0.3100052
31.553 , 0.2900009
31.554 , 0.3100052
31.555 , 0.2900009
31.556 , 0.3699951
31.557 , 0.3199997
31.558 , 0.3199997
31.559 , 0.3099976
31.561 , 0.3300018
31.562 , 0.340004
31.563 , 0.2700043
31.564 , 0.3199997
31.565 , 0.3199997
31.566 , 0.3300018
31.567 , 0.2800064
31.569 , 0.2699966
31.57 , 0.2900009
31.571 , 0.2900009
31.572 , 0.2799988
31.573 , 0.2799988
31.574 , 0.3000031
31.576 , 0.25
31.577 , 0.2900009
31.578 , 0.2900009
31.579 , 0.2999954
31.58 , 0.2999954
31.581 , 0.2999954
31.582 , 0.2599945
31.583 , 0.3300018
31.585 , 0.3099976
31.586 , 0.2799988
31.587 , 0.3199997
31.588 , 0.2799988
31.589 , 0.2900009
31.59 , 0.2600021
31.591 , 0.1900024
31.593 , 0.1999969
31.594 , 0.1800003
31.595 , 0.1800003
31.596 , 0.2099991
31.597 , 0.2600021
31.598 , 0.2099991
31.599 , 0.2900009
31.601 , 0.3600006
31.602 , 0.3600006
31.603 , 0.3700027
31.604 , 0.3300018
31.605 , 0.3300018
31.606 , 0.2900009
31.607 , 0.3099976
31.608 , 0.2399979
31.61 , 0.25
31.611 , 0.1900024
31.612 , 0.1600037
31.613 , 0.1500015
31.614 , 0.1500015
31.615 , 0.1500015
31.616 , 0.159996
31.617 , 0.159996
31.618 , 0.159996
31.62 , 0.1699982
31.621 , 0.1900024
31.622 , 0.1900024
31.623 , 0.1800003
31.624 , 0.2000046
31.625 , 0.1800003
31.626 , 0.2100067
31.627 , 0.2100067
31.628 , 0.1900024
31.629 , 0.1999969
31.631 , 0.1999969
31.632 , 0.1500015
31.633 , 0.1600037
31.634 , 0.08999634
31.635 , 0.1600037
31.637 , 0.09999847
31.638 , 0.09999847
31.639 , 0.159996
31.641 , 0.159996
31.642 , 0.159996
31.643 , 0.1199951
31.644 , 0.1699982
31.645 , 0.1699982
31.646 , 0.2000046
31.647 , 0.1299973
31.649 , 0.1200027
31.65 , 0.1000061
31.651 , 0.1000061
31.652 , 0.1200027
31.653 , 0.1100006
31.654 , 0.1100006
31.655 , 0.05999756
31.657 , 0.06999969
31.658 , 0.06999969
31.659 , 0.08000183
31.661 , 0.08000183
31.662 , 0.08000183
31.663 , 0.06999969
31.665 , 0.08999634
31.666 , 0.09999847
31.667 , 0.08000183
31.669 , 0.08000183
31.67 , 0.09000397
31.671 , 0.09000397
31.673 , 0.05000305
31.674 , 0.1200027
31.675 , 0.1000061
31.676 , 0.1100006
31.677 , 0.1100006
31.678 , 0.1100006
31.679 , 0.05999756
31.681 , 0.06999969
31.682 , 0.06999969
31.684 , 0.06000519
31.685 , 0.08000183
31.686 , 0.07000732
31.688 , 0.03000641
31.689 , 0.07000732
31.69 , 0.04000092
31.691 , 0.04000092
31.693 , 0.05000305
31.694 , 0.05000305
31.695 , 0.01999664
31.697 , 0.02999878
31.698 , 0.06000519
31.7 , 0.03999329
31.701 , 0.03999329
31.702 , 0.03999329
31.704 , 0.08000183
31.705 , 0.08000183
31.706 , 0.09000397
31.707 , 0.05999756
31.709 , 0.05999756
31.71 , 0.0
31.711 , 0.0
31.712 , 0.05000305
31.714 , 0.009994507
31.715 , 0.05999756
31.716 , 0.06999969
31.718 , 0.01999664
31.719 , 0.01999664
31.721 , 0.02999878
31.722 , 0.08000183
31.723 , 0.01999664
31.725 , 0.03999329
31.726 , 0.02999878
31.727 , 0.04999542
31.729 , -0.01000214
31.73 , 0.04000092
31.731 , -0.02999878
31.733 , -0.01999664
31.734 , -0.01999664
31.735 , -0.01999664
31.737 , -0.01000214
31.738 , 0.01999664
31.739 , 0.01999664
31.741 , 0.0
31.742 , 0.0
31.743 , 0.04000092
31.744 , -0.009994507
31.746 , 0.04000092
31.747 , 0.01999664
31.748 , 0.01999664
31.75 , 0.01000214
31.751 , 0.01000214
31.752 , -0.04000092
31.754 , 0.04000092
31.755 , -0.02999878
31.756 , 0.02000427
31.758 , -0.01999664
31.759 , -0.01999664
31.76 , -0.01000214
31.762 , -0.03000641
31.763 , 0.0
31.764 , -0.02000427
31.765 , 0.0
31.767 , -0.01000214
31.768 , -0.01000214
31.769 , -0.04999542
31.771 , -0.03999329
31.772 , -0.03999329
31.773 , -0.02999878
31.775 , -0.02999878
31.776 , -0.02999878
31.778 , -0.05000305
31.779 , -0.01999664
31.78 , -0.04000092
31.782 , -0.04000092
31.783 , 0.0
31.784 , -0.03000641
31.785 , -0.03000641
31.787 , -0.05999756
31.788 , -0.09000397
31.789 , -0.05999756
31.791 , -0.04999542
31.792 , -0.04999542
31.794 , -0.03999329
31.795 , -0.06999969
31.796 , -0.03999329
31.798 , -0.06000519
31.799 , -0.06000519
31.8 , -0.06999969
31.802 , -0.05000305
31.803 , -0.04000092
31.804 , -0.05999756
31.806 , -0.05999756
31.807 , -0.05000305
31.808 , -0.1200027
31.81 , -0.08000183
31.811 , -0.08000183
31.812 , -0.1100006
31.813 , -0.06999969
31.815 , -0.09999847
31.816 , -0.06999969
31.817 , -0.08999634
31.819 , -0.05999756
31.82 , -0.08000183
31.822 , -0.1200027
31.823 , -0.06999969
31.824 , -0.06999969
31.825 , -0.1100006
31.827 , -0.1299973
31.828 , -0.09999847
31.829 , -0.09999847
31.83 , -0.09000397
31.832 , -0.1200027
31.833 , -0.1200027
31.834 , -0.08000183
31.835 , -0.1100006
31.837 , -0.09999847
31.838 , -0.1200027
31.839 , -0.09999847
31.84 , -0.08999634
31.842 , -0.1100006
31.843 , -0.1100006
31.844 , -0.1000061
31.845 , -0.1399994
31.846 , -0.1399994
31.848 , -0.1299973
31.849 , -0.1999969
31.85 , -0.1500015
31.851 , -0.1500015
31.852 , -0.1500015
31.853 , -0.2200012
31.854 , -0.1799927
31.856 , -0.1399994
31.857 , -0.1699982
31.858 , -0.1300049
31.859 , -0.1699982
31.86 , -0.1200027
31.861 , -0.159996
31.862 , -0.1200027
31.864 , -0.1499939
31.865 , -0.1499939
31.866 , -0.1800003
31.867 , -0.1399994
31.868 , -0.1700058
31.869 , -0.1900024
31.87 , -0.1600037
31.872 , -0.1600037
31.873 , -0.1600037
31.874 , -0.1500015
31.875 , -0.1500015
31.876 , -0.1500015
31.877 , -0.159996
31.878 , -0.1399994
31.88 , -0.1300049
31.881 , -0.2000046
31.882 , -0.1300049
31.883 , -0.1300049
31.884 , -0.1399994
31.885 , -0.1900024
31.887 , -0.1800003
31.888 , -0.2399979
31.889 , -0.1999969
31.89 , -0.2300034
31.891 , -0.2300034
31.892 , -0.2300034
31.893 , -0.2300034
31.895 , -0.2200012
31.896 , -0.2200012
31.897 , -0.2099991
31.898 , -0.1699982
31.899 , -0.1699982
31.9 , -0.1999969
31.901 , -0.2299957
31.903 , -0.1999969
31.904 , -0.2200012
31.905 , -0.2200012
31.906 , -0.2200012
31.907 , -0.2099991
31.908 , -0.25
31.909 , -0.2099991
31.911 , -0.2399979
31.912 , -0.2399979
31.913 , -0.2699966
31.914 , -0.2600021
31.915 , -0.2300034
31.916 , -0.2600021
31.917 , -0.2200012
31.919 , -0.1800003
31.92 , -0.1800003
31.921 , -0.2099991
31.922 , -0.2099991
31.923 , -0.2099991
31.924 , -0.2299957
31.925 , -0.2299957
31.927 , -0.2200012
31.928 , -0.2200012
31.929 , -0.2200012
31.93 , -0.2800026
31.931 , -0.2700005
31.932 , -0.2700005
31.933 , -0.2700005
31.934 , -0.2599983
31.936 , -0.2599983
31.937 , -0.2499962
31.938 , -0.3199959
31.939 , -0.2099953
31.94 , -0.2499962
31.941 , -0.2400017
31.942 , -0.2400017
31.944 , -0.2299995
31.945 , -0.2299995
31.946 , -0.2299995
31.947 , -0.2499962
31.948 , -0.2899971
31.949 , -0.2499962
31.951 , -0.2400017
31.952 , -0.3100014
31.953 , -0.2400017
31.954 , -0.2700005
31.955 , -0.2700005
31.956 , -0.2700005
31.957 , -0.2199974
31.959 , -0.2599983
31.96 , -0.2599983
31.961 , -0.2099953
31.962 , -0.2099953
31.963 , -0.2499962
31.964 , -0.2400017
31.966 , -0.2700005
31.967 , -0.2599983
31.968 , -0.2599983
31.969 , -0.2599983
31.97 , -0.3199997
31.971 , -0.2700005
31.973 , -0.2700005
31.974 , -0.2999992
31.975 , -0.2599983
31.976 , -0.2599983
31.977 , -0.2900009
31.978 , -0.25
31.98 , -0.25
31.981 , -0.2399979
31.982 , -0.3499985
31.983 , -0.3099976
31.984 , -0.2299995
31.985 , -0.2700005
31.986 , -0.2700005
31.988 , -0.2899971
31.989 , -0.2599983
31.99 , -0.2899971
31.991 , -0.2799988
31.992 , -0.2799988
31.993 , -0.2799988
31.995 , -0.3399963
31.996 , -0.3099976
31.997 , -0.2999992
31.998 , -0.2599983
31.999 , -0.2999992
32.001 , -0.25
32.002 , -0.2900009
32.003 , -0.2900009
32.004 , -0.2399979
32.005 , -0.2799988
32.006 , -0.2799988
32.007 , -0.3099976
32.009 , -0.3199997
32.01 , -0.3199997
32.011 , -0.3099976
32.012 , -0.3099976
32.013 , -0.3099976
32.014 , -0.3400002
32.015 , -0.3400002
32.017 , -0.2799988
32.018 , -0.329998
32.019 , -0.2899971
32.02 , -0.2899971
32.021 , -0.3199997
32.022 , -0.2799988
32.023 , -0.3199997
32.025 , -0.3100014
32.026 , -0.2700005
32.027 , -0.2700005
32.028 , -0.329998
32.029 , -0.2999992
32.03 , -0.329998
32.031 , -0.3199997
32.033 , -0.2900009
32.034 , -0.3099976
32.035 , -0.2799988
32.036 , -0.3099976
32.037 , -0.3099976
32.038 , -0.3400002
32.039 , -0.2999992
32.041 , -0.329998
32.042 , -0.329998
32.043 , -0.2899971
32.044 , -0.3199997
32.045 , -0.2799988
32.046 , -0.3199997
32.048 , -0.2699966
32.049 , -0.3099976
32.05 , -0.3400002
32.051 , -0.3300018
32.052 , -0.3699989
32.053 , -0.3300018
32.054 , -0.3200035
32.056 , -0.2900009
32.057 , -0.3200035
32.058 , -0.3499985
32.059 , -0.3100014
32.06 , -0.3100014
32.061 , -0.3600006
32.062 , -0.3400002
32.063 , -0.3400002
32.065 , -0.329998
32.066 , -0.3799973
32.067 , -0.4199982
32.068 , -0.3699989
32.069 , -0.3400002
32.07 , -0.3400002
32.071 , -0.3099976
32.072 , -0.3099976
32.074 , -0.2600021
32.075 , -0.2999992
32.076 , -0.2600021
32.077 , -0.2600021
32.078 , -0.2199974
32.079 , -0.2199974
32.081 , -0.2099991
32.082 , -0.2099991
32.083 , -0.2400017
32.084 , -0.2700005
32.085 , -0.2700005
32.086 , -0.2900009
32.087 , -0.2900009
32.096 , -0.2599983
32.098 , -0.25
32.099 , -0.25
32.1 , -0.2799988
32.101 , -0.2199974
32.102 , -0.2199974
32.103 , -0.2399979
32.104 , -0.2199974
32.106 , -0.2299995
32.107 , -0.2299995
32.108 , -0.25
32.109 , -0.2200012
32.11 , -0.25
32.111 , -0.2799988
32.112 , -0.2399979
32.113 , -0.2799988
32.115 , -0.2700005
32.116 , -0.2700005
32.117 , -0.2299995
32.118 , -0.2199974
32.119 , -0.2199974
32.12 , -0.2199974
32.121 , -0.1800003
32.123 , -0.1800003
32.124 , -0.1599998
32.125 , -0.1699982
32.126 , -0.1999969
32.127 , -0.1699982
32.128 , -0.1899986
32.129 , -0.1899986
32.131 , -0.1799965
32.132 , -0.1499977
32.133 , -0.1299973
32.134 , -0.05999756
32.136 , 0.02000046
32.137 , 0.1100006
32.138 , 0.2299995
32.139 , 0.3499985
32.14 , 0.4799995
32.141 , 0.6800041
32.143 , 0.7199974
32.144 , 0.6800041
32.145 , 0.659996
32.146 , 0.659996
32.147 , 0.5899963
32.148 , 0.5800018
32.149 , 0.4700012
32.151 , 0.4300003
32.152 , 0.3600006
32.153 , 0.3600006
32.154 , 0.3899994
32.155 , 0.3700027
32.156 , 0.4400024
32.157 , 0.4400024
32.158 , 0.5400009
32.159 , 0.6100006
32.161 , 0.6900024
32.162 , 0.7099991
32.163 , 0.7400055
32.164 , 0.7799988
32.165 , 0.8599968
32.166 , 0.8599968
32.167 , 0.9099998
32.169 , 1.029999
32.17 , 1.049995
32.171 , 1.119995
32.172 , 1.199997
32.173 , 1.199997
32.174 , 1.160004
32.176 , 1.100002
32.177 , 0.9799995
32.178 , 0.829998
32.179 , 0.670002
32.18 , 0.4400024
32.181 , 0.2800026
32.182 , 0.2000008
32.183 , 0.1300011
32.185 , -0.01999664
32.186 , -0.05999756
32.187 , -0.09000015
32.189 , 0.02000046
32.19 , 0.04000092
32.191 , 0.1800003
32.192 , 0.25
32.193 , 0.3499985
32.195 , 0.4500008
32.196 , 0.5200005
32.197 , 0.5200005
32.198 , 0.6199989
32.199 , 0.5900002
32.2 , 0.5900002
32.201 , 0.5699997
32.202 , 0.5400009
32.204 , 0.5100021
32.205 , 0.4799995
32.206 , 0.3899994
32.207 , 0.3899994
32.208 , 0.3700027
32.209 , 0.3300018
32.21 , 0.3700027
32.211 , 0.3300018
32.213 , 0.2900009
32.214 , 0.3100014
32.215 , 0.3200035
32.216 , 0.3200035
32.217 , 0.3500023
32.218 , 0.3600006
32.219 , 0.4000015
32.22 , 0.4000015
32.221 , 0.4300003
32.222 , 0.4099998
32.223 , 0.3699989
32.225 , 0.3800011
32.226 , 0.3800011
32.227 , 0.3800011
32.228 , 0.3899994
32.229 , 0.3600006
32.23 , 0.3600006
32.231 , 0.3400002
32.232 , 0.3500023
32.234 , 0.3100014
32.235 , 0.3600006
32.236 , 0.3800011
32.237 , 0.3199997
32.238 , 0.3700027
32.239 , 0.3300018
32.24 , 0.3700027
32.241 , 0.3700027
32.242 , 0.3400002
32.243 , 0.4000015
32.245 , 0.3900032
32.246 , 0.3900032
32.247 , 0.3500023
32.248 , 0.3300018
32.249 , 0.3600006
32.25 , 0.3600006
32.251 , 0.2900009
32.252 , 0.3400002
32.253 , 0.2999992
32.255 , 0.3500023
32.256 , 0.3500023
32.257 , 0.3100014
32.258 , 0.3500023
32.259 , 0.3199997
32.26 , 0.3600006
32.261 , 0.3199997
32.263 , 0.3300018
32.264 , 0.3300018
32.265 , 0.3400002
32.266 , 0.3400002
32.267 , 0.3099976
32.268 , 0.3099976
32.269 , 0.3199997
32.271 , 0.2800026
32.272 , 0.329998
32.273 , 0.329998
32.274 , 0.329998
32.275 , 0.3399963
32.276 , 0.2999992
32.277 , 0.2999992
32.279 , 0.3100014
32.28 , 0.3499985
32.281 , 0.3100014
32.282 , 0.3599968
32.283 , 0.2999992
32.284 , 0.2999992
32.285 , 0.3100014
32.287 , 0.3100014
32.288 , 0.3100014
32.289 , 0.3199997
32.29 , 0.3199997
32.291 , 0.2900009
32.292 , 0.3000031
32.293 , 0.3000031
32.295 , 0.3100014
32.296 , 0.2700005
32.297 , 0.3100014
32.298 , 0.3100014
32.299 , 0.3200035
32.3 , 0.3500023
32.301 , 0.3200035
32.302 , 0.2900009
32.304 , 0.2900009
32.305 , 0.3400002
32.306 , 0.2999992
32.307 , 0.2999992
32.308 , 0.2999992
32.309 , 0.2799988
32.31 , 0.2799988
32.312 , 0.2899971
32.313 , 0.3199997
32.314 , 0.2899971
32.315 , 0.2999992
32.316 , 0.3300018
32.317 , 0.2999992
32.319 , 0.3099976
32.32 , 0.3099976
32.321 , 0.3099976
32.322 , 0.2800026
32.323 , 0.2800026
32.324 , 0.2800026
32.325 , 0.2900009
32.326 , 0.2900009
32.328 , 0.2700005
32.329 , 0.2800026
32.33 , 0.3000031
32.331 , 0.25
32.332 , 0.2599983
32.333 , 0.2599983
32.334 , 0.2900009
32.335 , 0.2999992
32.336 , 0.2999992
32.338 , 0.2699966
32.339 , 0.2799988
32.34 , 0.2400017
32.341 , 0.170002
32.342 , 0.1599998
32.343 , 0.09000015
32.345 , 0.09000015
32.346 , 0.170002
32.347 , 0.2299995
32.348 , 0.170002
32.349 , 0.2399979
32.351 , 0.2700005
32.352 , 0.3500023
32.353 , 0.3199997
32.354 , 0.3199997
32.355 , 0.2800026
32.356 , 0.329998
32.357 , 0.2599983
32.359 , 0.2699966
32.36 , 0.2099991
32.361 , 0.1599998
32.362 , 0.1500015
32.363 , 0.08000183
32.364 , 0.08000183
32.366 , 0.09000015
32.367 , 0.09000015
32.368 , 0.09000015
32.37 , 0.06999969
32.371 , 0.1000023
32.372 , 0.1499977
32.373 , 0.1100006
32.374 , 0.1100006
32.375 , 0.1100006
32.377 , 0.1599998
32.378 , 0.1900024
32.379 , 0.1699982
32.38 , 0.1699982
32.381 , 0.1300011
32.382 , 0.1800003
32.383 , 0.1100006
32.385 , 0.1100006
32.386 , 0.1199989
32.387 , 0.08000183
32.388 , 0.08000183
32.389 , 0.1299973
32.391 , 0.1299973
32.392 , 0.1000023
32.393 , 0.1000023
32.394 , 0.08000183
32.395 , 0.1000023
32.396 , 0.09000015
32.398 , 0.1100006
32.399 , 0.1000023
32.4 , 0.1000023
32.401 , 0.1000023
32.402 , 0.07999802
32.403 , 0.07999802
32.405 , 0.1100006
32.406 , 0.09000015
32.407 , 0.05000305
32.409 , 0.02999878
32.41 , 0.09999847
32.411 , 0.02999878
32.413 , 0.07000351
32.414 , 0.07000351
32.415 , 0.04000092
32.417 , 0.08000183
32.418 , 0.04999924
32.419 , 0.05999756
32.421 , 0.1299973
32.422 , 0.1000023
32.423 , 0.06999969
32.424 , 0.06999969
32.426 , 0.07999802
32.427 , -0.01000214
32.428 , -0.01000214
32.43 , 0.0
32.431 , 0.0
32.432 , -0.02000046
32.433 , 0.009998322
32.435 , -0.01000214
32.436 , 0.0
32.437 , 0.0
32.438 , 0.0
32.439 , 0.02999878
32.441 , 0.02999878
32.442 , 0.02999878
32.443 , 0.01999664
32.445 , 0.01999664
32.446 , -0.02000046
32.447 , -0.02000046
32.449 , 0.0399971
32.45 , -0.01000214
32.451 , -0.01000214
32.453 , 0.0
32.454 , -0.02000046
32.455 , 0.0
32.456 , -0.01000214
32.457 , -0.01000214
32.459 , 0.0
32.46 , 0.06999969
32.461 , -0.0399971
32.463 , 0.009998322
32.464 , 0.009998322
32.465 , 0.009998322
32.467 , -0.01999664
32.468 , -0.04999924
32.47 , -0.009998322
32.471 , -0.009998322
32.473 , -0.07000351
32.474 , 0.0
32.475 , -0.03000259
32.476 , -0.02000046
32.478 , -0.02000046
32.479 , -0.05000305
32.48 , -0.05000305
32.482 , -0.01000214
32.483 , -0.04000092
32.484 , -0.09000015
32.486 , -0.03000259
32.487 , 0.009998322
32.488 , -0.08000183
32.49 , -0.02000046
32.491 , -0.06999969
32.492 , -0.06999969
32.494 , -0.01000214
32.495 , -0.06000137
32.496 , -0.04999924
32.498 , -0.04999924
32.499 , -0.07999802
32.501 , -0.07999802
32.502 , -0.07999802
32.503 , -0.06999969
32.505 , -0.06999969
32.506 , -0.1300011
32.507 , -0.09000015
32.508 , -0.1300011
32.51 , -0.08000183
32.511 , -0.1200027
32.512 , -0.1200027
32.513 , -0.06999969
32.514 , -0.06999969
32.516 , -0.1000023
32.517 , -0.1000023
32.518 , -0.1000023
32.519 , -0.1000023
32.52 , -0.09000015
32.522 , -0.09000015
32.523 , -0.08000183
32.524 , -0.1100006
32.525 , -0.1100006
32.526 , -0.1000023
32.528 , -0.1000023
32.529 , -0.1000023
32.53 , -0.1100006
32.531 , -0.09000015
32.532 , -0.09000015
32.533 , -0.1000023
32.535 , -0.08000183
32.536 , -0.09000015
32.537 , -0.09000015
32.539 , -0.1300011
32.54 , -0.08000183
32.541 , -0.08000183
32.542 , -0.1200027
32.544 , -0.1100006
32.545 , -0.1100006
32.546 , -0.06000137
32.547 , -0.1000023
32.548 , -0.170002
32.549 , -0.170002
32.55 , -0.1599998
32.552 , -0.1199989
32.553 , -0.1100006
32.554 , -0.1500015
32.555 , -0.1500015
32.556 , -0.1400032
32.557 , -0.1400032
32.558 , -0.1400032
32.559 , -0.170002
32.561 , -0.1300011
32.562 , -0.1300011
32.563 , -0.08000183
32.564 , -0.1200027
32.565 , -0.1200027
32.566 , -0.1599998
32.568 , -0.1399994
32.569 , -0.1399994
32.57 , -0.1500015
32.571 , -0.1900024
32.572 , -0.1900024
32.573 , -0.1800003
32.574 , -0.1399994
32.576 , -0.1300011
32.577 , -0.170002
32.578 , -0.1300011
32.579 , -0.1300011
32.58 , -0.1199989
32.581 , -0.1199989
32.582 , -0.1199989
32.583 , -0.1500015
32.585 , -0.1500015
32.586 , -0.1400032
32.587 , -0.2100029
32.588 , -0.2100029
32.589 , -0.170002
32.59 , -0.2000008
32.591 , -0.2000008
32.592 , -0.2299995
32.594 , -0.2200012
32.595 , -0.2600021
32.596 , -0.2099991
32.597 , -0.2099991
32.598 , -0.25
32.599 , -0.2099991
32.601 , -0.2000008
32.602 , -0.2000008
32.603 , -0.2299995
32.604 , -0.2299995
32.605 , -0.2299995
32.606 , -0.2299995
32.607 , -0.1800003
32.608 , -0.25
32.61 , -0.2400017
32.611 , -0.2400017
32.612 , -0.2400017
32.613 , -0.25
32.614 , -0.2299995
32.615 , -0.2000008
32.616 , -0.2299995
32.617 , -0.1900024
32.619 , -0.2200012
32.62 , -0.2099991
32.621 , -0.2099991
32.622 , -0.1800003
32.623 , -0.170002
32.624 , -0.2200012
32.625 , -0.2200012
32.626 , -0.2200012
32.627 , -0.2099991
32.629 , -0.2099991
32.63 , -0.2400017
32.631 , -0.2400017
32.632 , -0.2000008
32.633 , -0.2599983
32.634 , -0.2599983
32.635 , -0.2999992
32.637 , -0.2900009
32.638 , -0.2900009
32.639 , -0.2900009
32.64 , -0.2800026
32.641 , -0.2800026
32.642 , -0.2400017
32.643 , -0.2299995
32.645 , -0.2299995
32.646 , -0.2000008
32.647 , -0.2600021
32.648 , -0.2600021
32.649 , -0.2900009
32.65 , -0.2799988
32.651 , -0.25
32.653 , -0.2700005
32.654 , -0.2700005
32.655 , -0.2700005
32.656 , -0.2700005
32.657 , -0.2799988
32.658 , -0.2799988
32.659 , -0.2799988
32.661 , -0.2700005
32.662 , -0.25
32.663 , -0.2599983
32.664 , -0.2399979
32.665 , -0.2399979
32.666 , -0.2399979
32.668 , -0.25
32.669 , -0.25
32.67 , -0.2800026
32.671 , -0.2800026
32.672 , -0.2800026
32.673 , -0.2999992
32.674 , -0.2999992
32.676 , -0.2999992
32.677 , -0.2600021
32.678 , -0.2900009
32.679 , -0.2600021
32.68 , -0.2799988
32.681 , -0.2799988
32.683 , -0.25
32.684 , -0.3100014
32.685 , -0.3100014
32.686 , -0.2700005
32.687 , -0.2999992
32.688 , -0.2599983
32.689 , -0.2999992
32.691 , -0.3199997
32.692 , -0.2900009
32.693 , -0.3199997
32.694 , -0.3100014
32.695 , -0.3100014
32.696 , -0.3100014
32.697 , -0.2700005
32.699 , -0.2999992
32.7 , -0.3300018
32.701 , -0.3300018
32.702 , -0.2900009
32.703 , -0.2900009
32.704 , -0.2799988
32.705 , -0.2799988
32.707 , -0.3100014
32.708 , -0.2700005
32.709 , -0.2400017
32.71 , -0.2599983
32.711 , -0.2999992
32.712 , -0.3199997
32.713 , -0.3199997
32.715 , -0.3100014
32.716 , -0.3100014
32.717 , -0.2999992
32.718 , -0.2799988
32.719 , -0.2999992
32.72 , -0.2900009
32.721 , -0.3199997
32.723 , -0.2900009
32.724 , -0.3100014
32.725 , -0.3100014
32.726 , -0.3500023
32.727 , -0.3400002
32.728 , -0.2999992
32.729 , -0.2999992
32.73 , -0.3300018
32.732 , -0.3300018
32.733 , -0.3300018
32.734 , -0.3199997
32.735 , -0.3199997
32.736 , -0.3499985
32.737 , -0.3400002
32.738 , -0.3100014
32.74 , -0.2999992
32.741 , -0.2999992
32.742 , -0.2999992
32.743 , -0.2999992
32.744 , -0.3199997
32.745 , -0.3199997
32.747 , -0.3099976
32.748 , -0.3099976
32.749 , -0.3499985
32.75 , -0.2999992
32.751 , -0.3400002
32.752 , -0.2999992
32.753 , -0.3400002
32.755 , -0.3800011
32.756 , -0.3300018
32.757 , -0.2799988
32.758 , -0.3199997
32.759 , -0.3199997
32.761 , -0.3600006
32.762 , -0.3100014
32.763 , -0.3300018
32.764 , -0.3199997
32.765 , -0.3499985
32.766 , -0.3499985
32.767 , -0.3400002
32.769 , -0.3400002
32.77 , -0.3800011
32.771 , -0.329998
32.772 , -0.3699989
32.781 , -0.2999992
32.782 , -0.3400002
32.783 , -0.3400002
32.785 , -0.3600006
32.786 , -0.3300018
32.787 , -0.3899994
32.788 , -0.3499985
32.789 , -0.3899994
32.79 , -0.3499985
32.792 , -0.3400002
32.793 , -0.3400002
32.794 , -0.3699989
32.795 , -0.329998
32.796 , -0.329998
32.797 , -0.3600006
32.799 , -0.3600006
32.8 , -0.3600006
32.801 , -0.3099976
32.802 , -0.3499985
32.803 , -0.3699989
32.804 , -0.3600006
32.805 , -0.3400002
32.807 , -0.3500023
32.808 , -0.3500023
32.809 , -0.3500023
32.81 , -0.3500023
32.811 , -0.3699989
32.812 , -0.3400002
32.813 , -0.3699989
32.814 , -0.4300003
32.816 , -0.4000015
32.817 , -0.3899994
32.818 , -0.3899994
32.819 , -0.3899994
32.82 , -0.3499985
32.821 , -0.25
32.823 , -0.3100014
32.824 , -0.2799988
32.825 , -0.2799988
32.826 , -0.2799988
32.827 , -0.2900009
32.828 , -0.2700005
32.829 , -0.2900009
32.831 , -0.2799988
32.832 , -0.2799988
32.833 , -0.3099976
32.834 , -0.2700005
32.835 , -0.2999992
32.836 , -0.3400002
32.837 , -0.2900009
32.839 , -0.2900009
32.84 , -0.3600006
32.841 , -0.3199997
32.842 , -0.3199997
32.843 , -0.2799988
32.844 , -0.3100014
32.845 , -0.2700005
32.847 , -0.2999992
32.848 , -0.2999992
32.849 , -0.2999992
32.85 , -0.2599983
32.851 , -0.2900009
32.852 , -0.2900009
32.854 , -0.2799988
32.855 , -0.2399979
32.856 , -0.2399979
32.857 , -0.2799988
32.858 , -0.2999992
32.86 , -0.2299995
32.861 , -0.2600021
32.862 , -0.2600021
32.863 , -0.2600021
32.864 , -0.2099991
32.865 , -0.2799988
32.866 , -0.2099991
32.868 , -0.2700005
32.869 , -0.2700005
32.87 , -0.2400017
32.871 , -0.2299995
32.872 , -0.2299995
32.873 , -0.2299995
32.874 , -0.1800003
32.876 , -0.1800003
32.877 , -0.2200012
32.878 , -0.2099991
32.879 , -0.2099991
32.88 , -0.2399979
32.881 , -0.2000008
32.883 , -0.1599998
32.884 , -0.09999847
32.885 , -0.02999878
32.887 , 0.04000092
32.888 , 0.1399994
32.889 , 0.2299995
32.89 , 0.3699989
32.891 , 0.5099983
32.893 , 0.5999985
32.894 , 0.6399994
32.895 , 0.6100006
32.896 , 0.6100006
32.897 , 0.5499992
32.898 , 0.5599976
32.9 , 0.4899979
32.901 , 0.4099998
32.902 , 0.3400002
32.903 , 0.3400002
32.904 , 0.3199997
32.905 , 0.3499985
32.906 , 0.3499985
32.908 , 0.4700012
32.909 , 0.4900017
32.91 , 0.5600014
32.911 , 0.6399994
32.912 , 0.6399994
32.913 , 0.6599998
32.915 , 0.7000008
32.916 , 0.7700005
32.917 , 0.8100014
32.918 , 0.8899994
32.919 , 0.9799995
32.92 , 1.049999
32.922 , 1.109997
32.923 , 1.109997
32.924 , 1.07
32.925 , 0.9300003
32.926 , 0.7700005
32.927 , 0.5699997
32.928 , 0.3899994
32.93 , 0.2599983
32.931 , 0.1100006
32.932 , 0.02000046
32.933 , -0.07999802
32.934 , -0.1100006
32.936 , -0.1300011
32.937 , -0.06999969
32.938 , 0.01000214
32.939 , 0.1000023
32.941 , 0.2099991
32.942 , 0.2700005
32.943 , 0.3899994
32.944 , 0.4300003
32.945 , 0.5099983
32.946 , 0.5099983
32.947 , 0.5099983
32.949 , 0.5200005
32.95 , 0.5200005
32.951 , 0.4599991
32.952 , 0.4199982
32.953 , 0.3999977
32.954 , 0.3699989
32.955 , 0.3100014
32.957 , 0.2700005
32.958 , 0.2799988
32.959 , 0.2799988
32.96 , 0.2599983
32.961 , 0.2900009
32.962 , 0.3300018
32.963 , 0.2700005
32.965 , 0.2999992
32.966 , 0.2999992
32.967 , 0.2799988
32.968 , 0.3100014
32.969 , 0.3500023
32.97 , 0.3500023
32.971 , 0.3600006
32.973 , 0.3199997
32.974 , 0.3199997
32.975 , 0.329998
32.976 , 0.3099976
32.977 , 0.3099976
32.978 , 0.3199997
32.98 , 0.2900009
32.981 , 0.329998
32.982 , 0.2999992
32.983 , 0.329998
32.984 , 0.2999992
32.985 , 0.3100014
32.986 , 0.3100014
32.988 , 0.3199997
32.989 , 0.3199997
32.99 , 0.3499985
32.991 , 0.2900009
32.992 , 0.2900009
32.993 , 0.2900009
32.994 , 0.2900009
32.996 , 0.2999992
32.997 , 0.2999992
32.998 , 0.2400017
32.999 , 0.2800026
33.0 , 0.3100014
33.001 , 0.2900009
33.002 , 0.2900009
33.003 , 0.2900009
33.005 , 0.2999992
33.006 , 0.329998
33.007 , 0.2599983
33.008 , 0.2700005
33.009 , 0.2700005
33.01 , 0.2700005
33.011 , 0.2799988
33.013 , 0.2799988
33.014 , 0.2799988
33.015 , 0.2900009
33.016 , 0.2700005
33.017 , 0.2700005
33.018 , 0.2799988
33.019 , 0.2999992
33.021 , 0.3100014
33.022 , 0.2900009
33.023 , 0.2900009
33.024 , 0.2600021
33.025 , 0.2700005
33.026 , 0.2700005
33.027 , 0.2999992
33.028 , 0.2799988
33.029 , 0.2799988
33.031 , 0.2399979
33.032 , 0.2900009
33.033 , 0.25
33.034 , 0.2900009
33.035 , 0.2599983
33.036 , 0.2599983
33.037 , 0.2599983
33.039 , 0.3100014
33.04 , 0.2700005
33.041 , 0.3100014
33.042 , 0.3199997
33.043 , 0.3199997
33.044 , 0.2799988
33.045 , 0.2900009
33.047 , 0.2600021
33.048 , 0.2700005
33.049 , 0.2700005
33.05 , 0.2299995
33.051 , 0.2299995
33.052 , 0.2400017
33.053 , 0.2400017
33.054 , 0.2400017
33.055 , 0.2299995
33.057 , 0.2299995
33.058 , 0.2599983
33.059 , 0.2999992
33.06 , 0.2399979
33.061 , 0.2599983
33.062 , 0.2700005
33.064 , 0.2700005
33.065 , 0.2799988
33.066 , 0.2599983
33.067 , 0.2599983
33.068 , 0.2200012
33.069 , 0.2000008
33.07 , 0.2000008
33.071 , 0.2700005
33.073 , 0.2099991
33.074 , 0.2099991
33.075 , 0.2200012
33.076 , 0.2200012
33.077 , 0.1900024
33.078 , 0.2299995
33.079 , 0.2299995
33.08 , 0.2299995
33.082 , 0.2400017
33.083 , 0.2400017
33.084 , 0.2400017
33.085 , 0.2200012
33.086 , 0.25
33.087 , 0.25
33.088 , 0.2299995
33.089 , 0.2299995
33.091 , 0.1899986
33.092 , 0.170002
33.093 , 0.1300011
33.094 , 0.1100006
33.095 , 0.1199989
33.096 , 0.1199989
33.097 , 0.1399994
33.099 , 0.1500015
33.1 , 0.2200012
33.101 , 0.2900009
33.102 , 0.2999992
33.103 , 0.3199997
33.104 , 0.2999992
33.105 , 0.2800026
33.106 , 0.2800026
33.108 , 0.2400017
33.109 , 0.25
33.11 , 0.2200012
33.111 , 0.1599998
33.112 , 0.1699982
33.113 , 0.1399994
33.114 , 0.09999847
33.116 , 0.08000183
33.117 , 0.08000183
33.118 , 0.1100006
33.119 , 0.1199989
33.12 , 0.09000015
33.122 , 0.170002
33.123 , 0.170002
33.124 , 0.2000008
33.125 , 0.2099991
33.126 , 0.2099991
33.127 , 0.2099991
33.129 , 0.1900024
33.13 , 0.2200012
33.131 , 0.1500015
33.132 , 0.1599998
33.133 , 0.1599998
33.134 , 0.1300011
33.135 , 0.1000023
33.136 , 0.08000183
33.138 , 0.1400032
33.139 , 0.09000015
33.14 , 0.09000015
33.141 , 0.09000015
33.143 , 0.1199989
33.144 , 0.09999847
33.145 , 0.1100006
33.146 , 0.1300011
33.147 , 0.1100006
33.149 , 0.1199989
33.15 , 0.09000015
33.151 , 0.04999924
33.152 , 0.1300011
33.153 , 0.1000023
33.155 , 0.1100006
33.156 , 0.1599998
33.157 , 0.1100006
33.158 , 0.1399994
33.159 , 0.1200027
33.16 , 0.1200027
33.161 , 0.1200027
33.162 , 0.09000015
33.164 , 0.09000015
33.165 , 0.1000023
33.166 , 0.07000351
33.167 , 0.07000351
33.169 , 0.08000183
33.17 , 0.08000183
33.171 , 0.04000092
33.173 , 0.04999924
33.174 , 0.04999924
33.175 , 0.06000137
33.177 , 0.06000137
33.178 , 0.06000137
33.179 , 0.06999969
33.181 , 0.06999969
33.182 , 0.06000137
33.184 , 0.06000137
33.185 , 0.06999969
33.186 , 0.06999969
33.188 , 0.06999969
33.189 , 0.03000259
33.19 , 0.03000259
33.192 , 0.09000015
33.193 , 0.04000092
33.194 , 0.02000046
33.196 , 0.02999878
33.197 , 0.02999878
33.198 , 0.04999924
33.2 , 0.04000092
33.201 , 0.01000214
33.202 , 0.04999924
33.204 , 0.04999924
33.205 , 0.04999924
33.206 , 0.03000259
33.208 , -0.009998322
33.209 , -0.02000046
33.21 , 0.04000092
33.212 , 0.05000305
33.213 , 0.01000214
33.214 , 0.05000305
33.216 , 0.0
33.217 , 0.0
33.218 , 0.02000046
33.219 , 0.01000214
33.22 , 0.03000259
33.222 , 0.04000092
33.223 , 0.02000046
33.224 , 0.04000092
33.226 , 0.04999924
33.227 , 0.02999878
33.228 , -0.02000046
33.23 , -0.009998322
33.231 , -0.02999878
33.232 , -0.02000046
33.234 , -0.05000305
33.235 , -0.02000046
33.236 , -0.009998322
33.238 , 0.01000214
33.239 , 0.0
33.24 , 0.0
33.241 , 0.0
33.242 , -0.02000046
33.244 , 0.01000214
33.245 , -0.02000046
33.246 , -0.01000214
33.248 , -0.01000214
33.249 , -0.0399971
33.25 , 0.0
33.251 , 0.0
33.252 , -0.02999878
33.254 , -0.02999878
33.255 , -0.02999878
33.256 , -0.04000092
33.258 , 0.01999664
33.259 , -0.009998322
33.261 , -0.02999878
33.262 , -0.02000046
33.263 , -0.02000046
33.265 , -0.06999969
33.266 , -0.05999756
33.267 , -0.05999756
33.269 , 0.0
33.27 , 0.0
33.271 , -0.06999969
33.272 , -0.0399971
33.274 , -0.05999756
33.275 , -0.05999756
33.276 , -0.04999924
33.278 , -0.02999878
33.279 , -0.09000015
33.281 , -0.04000092
33.282 , -0.04000092
33.283 , -0.02999878
33.285 , -0.07999802
33.286 , -0.02000046
33.287 , -0.09000015
33.289 , -0.05999756
33.29 , -0.05999756
33.291 , -0.09999847
33.293 , -0.04999924
33.294 , -0.06999969
33.296 , -0.07999802
33.297 , -0.0399971
33.298 , -0.07999802
33.3 , -0.04999924
33.301 , -0.04999924
33.302 , -0.04999924
33.304 , -0.05999756
33.305 , -0.05999756
33.306 , -0.04999924
33.308 , -0.1199989
33.309 , -0.09000015
33.31 , -0.1599998
33.312 , -0.1100006
33.313 , -0.1499977
33.314 , -0.09999847
33.315 , -0.09999847
33.317 , -0.09000015
33.318 , -0.09000015
33.319 , -0.009998322
33.321 , -0.07999802
33.322 , -0.07999802
33.323 , -0.1199989
33.325 , -0.1199989
33.326 , -0.1099968
33.327 , -0.1099968
33.328 , -0.1099968
33.329 , -0.1199989
33.33 , -0.1199989
33.331 , -0.1500015
33.333 , -0.1399994
33.334 , -0.1399994
33.335 , -0.1399994
33.336 , -0.1300011
33.337 , -0.1300011
33.338 , -0.1300011
33.339 , -0.1599998
33.34 , -0.09000015
33.342 , -0.09000015
33.343 , -0.1100006
33.344 , -0.1100006
33.345 , -0.1100006
33.346 , -0.1399994
33.347 , -0.1000023
33.349 , -0.1499977
33.35 , -0.1299973
33.351 , -0.1299973
33.352 , -0.1499977
33.353 , -0.1199989
33.354 , -0.1399994
33.355 , -0.1900024
33.357 , -0.1299973
33.358 , -0.1299973
33.359 , -0.1199989
33.36 , -0.1199989
33.361 , -0.1199989
33.362 , -0.1199989
33.364 , -0.1600037
33.365 , -0.1600037
33.366 , -0.09999847
33.367 , -0.1699982
33.368 , -0.1500015
33.369 , -0.2000008
33.371 , -0.1599998
33.372 , -0.1900024
33.373 , -0.1800003
33.374 , -0.1800003
33.375 , -0.1800003
33.376 , -0.2099991
33.377 , -0.170002
33.379 , -0.2099991
33.38 , -0.1999969
33.381 , -0.1599998
33.382 , -0.1599998
33.383 , -0.2099991
33.384 , -0.1899986
33.386 , -0.1799965
33.387 , -0.1799965
33.388 , -0.1399994
33.389 , -0.1999969
33.39 , -0.2400017
33.391 , -0.1899986
33.393 , -0.2300034
33.394 , -0.1800003
33.395 , -0.2300034
33.396 , -0.2200012
33.397 , -0.2200012
33.398 , -0.1699982
33.399 , -0.1699982
33.401 , -0.2100029
33.402 , -0.2100029
33.403 , -0.2000008
33.404 , -0.2000008
33.405 , -0.2000008
33.406 , -0.1900024
33.407 , -0.1900024
33.408 , -0.1900024
33.41 , -0.1999969
33.411 , -0.25
33.412 , -0.25
33.413 , -0.1899986
33.414 , -0.1899986
33.415 , -0.2600021
33.416 , -0.2299995
33.417 , -0.2699966
33.419 , -0.2299995
33.42 , -0.2200012
33.421 , -0.2400017
33.422 , -0.2200012
33.423 , -0.2300034
33.424 , -0.2100029
33.425 , -0.2300034
33.426 , -0.2200012
33.428 , -0.2200012
33.429 , -0.2399979
33.43 , -0.2100029
33.431 , -0.2299995
33.432 , -0.2299995
33.433 , -0.2199974
33.434 , -0.2199974
33.436 , -0.2099991
33.437 , -0.2099991
33.438 , -0.2099991
33.439 , -0.2099991
33.44 , -0.25
33.441 , -0.25
33.442 , -0.25
33.444 , -0.2400017
33.445 , -0.2599983
33.446 , -0.2300034
33.447 , -0.2300034
33.448 , -0.3000031
33.449 , -0.25
33.45 , -0.2200012
33.451 , -0.2200012
33.452 , -0.2200012
33.454 , -0.2299995
33.455 , -0.2299995
33.456 , -0.2299995
33.457 , -0.2199974
33.458 , -0.2700005
33.459 , -0.2700005
33.461 , -0.2600021
33.462 , -0.2800026
33.463 , -0.25
33.464 , -0.2700005
33.465 , -0.2700005
33.474 , -0.3100014
33.475 , -0.2400017
33.476 , -0.2599983
33.478 , -0.2300034
33.479 , -0.25
33.48 , -0.2399979
33.481 , -0.2200012
33.482 , -0.2900009
33.483 , -0.2100029
33.484 , -0.2299995
33.486 , -0.2299995
33.487 , -0.2199974
33.488 , -0.2700005
33.489 , -0.2900009
33.49 , -0.2800026
33.491 , -0.3300018
33.492 , -0.2800026
33.494 , -0.2700005
33.495 , -0.3199997
33.496 , -0.2700005
33.497 , -0.2600021
33.498 , -0.2400017
33.499 , -0.2600021
33.5 , -0.25
33.501 , -0.25
33.503 , -0.2400017
33.504 , -0.2900009
33.505 , -0.2900009
33.506 , -0.2900009
33.507 , -0.2800026
33.508 , -0.2800026
33.509 , -0.3500023
33.51 , -0.3400002
33.512 , -0.2700005
33.513 , -0.3300018
33.514 , -0.3300018
33.515 , -0.2800026
33.516 , -0.2800026
33.517 , -0.2700005
33.518 , -0.2700005
33.52 , -0.3100014
33.521 , -0.2600021
33.522 , -0.2600021
33.523 , -0.2299995
33.524 , -0.2999992
33.525 , -0.25
33.526 , -0.3199997
33.527 , -0.2900009
33.529 , -0.3100014
33.53 , -0.3000031
33.531 , -0.3000031
33.532 , -0.2800026
33.533 , -0.3000031
33.534 , -0.3100014
33.535 , -0.3100014
33.536 , -0.3100014
33.537 , -0.2800026
33.539 , -0.2800026
33.54 , -0.25
33.541 , -0.2700005
33.542 , -0.2700005
33.543 , -0.2900009
33.544 , -0.2600021
33.545 , -0.2800026
33.546 , -0.2800026
33.548 , -0.3199997
33.549 , -0.3199997
33.55 , -0.2600021
33.551 , -0.3100014
33.552 , -0.3300018
33.553 , -0.3100014
33.554 , -0.2999992
33.556 , -0.3199997
33.557 , -0.3100014
33.558 , -0.3100014
33.559 , -0.3100014
33.56 , -0.3000031
33.561 , -0.3000031
33.562 , -0.2800026
33.563 , -0.3500023
33.565 , -0.3600006
33.566 , -0.3400002
33.567 , -0.3500023
33.568 , -0.3300018
33.569 , -0.3300018
33.57 , -0.3199997
33.571 , -0.2700005
33.573 , -0.3199997
33.574 , -0.2600021
33.575 , -0.2600021
33.576 , -0.2600021
33.577 , -0.2299995
33.578 , -0.2299995
33.579 , -0.1800003
33.581 , -0.170002
33.582 , -0.2200012
33.583 , -0.2400017
33.584 , -0.2299995
33.585 , -0.2299995
33.586 , -0.2799988
33.587 , -0.2700005
33.589 , -0.2700005
33.59 , -0.3000031
33.591 , -0.2800026
33.592 , -0.3000031
33.593 , -0.2800026
33.594 , -0.2700005
33.595 , -0.25
33.596 , -0.25
33.597 , -0.2800026
33.599 , -0.2400017
33.6 , -0.2299995
33.601 , -0.25
33.602 , -0.2299995
33.603 , -0.2299995
33.604 , -0.2200012
33.605 , -0.2200012
33.607 , -0.2099991
33.608 , -0.2299995
33.609 , -0.25
33.61 , -0.2900009
33.611 , -0.2900009
33.612 , -0.2400017
33.613 , -0.2900009
33.614 , -0.2300034
33.616 , -0.2300034
33.617 , -0.2200012
33.618 , -0.2700005
33.619 , -0.2700005
33.62 , -0.2700005
33.621 , -0.1900024
33.622 , -0.170002
33.623 , -0.1200027
33.624 , -0.1599998
33.626 , -0.1599998
33.627 , -0.170002
33.628 , -0.170002
33.629 , -0.1900024
33.63 , -0.1900024
33.631 , -0.2299995
33.632 , -0.1399994
33.634 , -0.08000183
33.635 , -0.01000214
33.636 , 0.02999878
33.638 , 0.1800003
33.639 , 0.2700005
33.64 , 0.4099998
33.641 , 0.5600014
33.642 , 0.6500015
33.643 , 0.7200012
33.644 , 0.6599998
33.646 , 0.6599998
33.647 , 0.6399994
33.648 , 0.6000023
33.649 , 0.5800018
33.65 , 0.4599991
33.651 , 0.4300003
33.652 , 0.3799973
33.654 , 0.3899994
33.655 , 0.3700027
33.656 , 0.3700027
33.657 , 0.4500008
33.658 , 0.4699974
33.659 , 0.5400009
33.66 , 0.6100006
33.662 , 0.6400032
33.663 , 0.6800003
33.664 , 0.7399979
33.665 , 0.7399979
33.666 , 0.7900009
33.667 , 0.8900032
33.668 , 0.8900032
33.67 , 0.9800034
33.671 , 0.9700012
33.672 , 0.9000015
33.673 , 0.8699989
33.674 , 0.75
33.675 , 0.5900002
33.676 , 0.4499969
33.678 , 0.3500023
33.679 , 0.2099991
33.68 , 0.1599998
33.681 , 0.009998322
33.682 , 0.009998322
33.684 , -0.06999969
33.685 , 0.0
33.686 , 0.06999969
33.688 , 0.09999847
33.689 , 0.2399979
33.69 , 0.2599983
33.692 , 0.3400002
33.693 , 0.4099998
33.694 , 0.4399986
33.695 , 0.4900017
33.696 , 0.4900017
33.697 , 0.4499969
33.699 , 0.5
33.7 , 0.4499969
33.701 , 0.4399986
33.702 , 0.420002
33.703 , 0.3699989
33.704 , 0.3599968
33.705 , 0.3099976
33.707 , 0.3099976
33.708 , 0.2999992
33.709 , 0.25
33.71 , 0.25
33.711 , 0.2599983
33.712 , 0.2599983
33.713 , 0.2599983
33.715 , 0.3199997
33.716 , 0.3199997
33.717 , 0.3400002
33.718 , 0.329998
33.719 , 0.329998
33.72 , 0.3499985
33.722 , 0.4099998
33.723 , 0.3400002
33.724 , 0.3499985
33.725 , 0.2999992
33.726 , 0.2999992
33.727 , 0.2999992
33.729 , 0.3099976
33.73 , 0.3099976
33.731 , 0.2999992
33.732 , 0.3199997
33.733 , 0.2999992
33.734 , 0.2899971
33.735 , 0.3099976
33.737 , 0.3099976
33.738 , 0.3199997
33.739 , 0.2999992
33.74 , 0.3199997
33.741 , 0.3499985
33.742 , 0.3099976
33.744 , 0.3199997
33.745 , 0.3199997
33.746 , 0.3199997
33.747 , 0.3199997
33.748 , 0.329998
33.75 , 0.2799988
33.751 , 0.2700005
33.752 , 0.2700005
33.753 , 0.2700005
33.754 , 0.2999992
33.755 , 0.2999992
33.756 , 0.2799988
33.758 , 0.2899971
33.759 , 0.2899971
33.76 , 0.2899971
33.761 , 0.3199997
33.762 , 0.3199997
33.764 , 0.2599983
33.765 , 0.3099976
33.766 , 0.3099976
33.767 , 0.2599983
33.768 , 0.2700005
33.769 , 0.2700005
33.77 , 0.2700005
33.772 , 0.2399979
33.773 , 0.2399979
33.774 , 0.2700005
33.775 , 0.25
33.776 , 0.25
33.777 , 0.25
33.778 , 0.2799988
33.779 , 0.2799988
33.781 , 0.2899971
33.782 , 0.2699966
33.783 , 0.2699966
33.784 , 0.3199997
33.785 , 0.2299995
33.787 , 0.2299995
33.788 , 0.2399979
33.789 , 0.2899971
33.79 , 0.2399979
33.791 , 0.2299995
33.792 , 0.25
33.793 , 0.2299995
33.795 , 0.2399979
33.796 , 0.2599983
33.797 , 0.2399979
33.798 , 0.25
33.799 , 0.25
33.8 , 0.25
33.802 , 0.2599983
33.803 , 0.2599983
33.804 , 0.2099991
33.805 , 0.2200012
33.806 , 0.2700005
33.807 , 0.2200012
33.808 , 0.2299995
33.81 , 0.2299995
33.811 , 0.1999969
33.812 , 0.2199974
33.813 , 0.2199974
33.814 , 0.2199974
33.815 , 0.2299995
33.817 , 0.25
33.818 , 0.2399979
33.819 , 0.2199974
33.82 , 0.2399979
33.821 , 0.25
33.822 , 0.25
33.823 , 0.2299995
33.824 , 0.1800003
33.826 , 0.2399979
33.827 , 0.2399979
33.828 , 0.2000008
33.829 , 0.25
33.83 , 0.2000008
33.831 , 0.2099991
33.832 , 0.2099991
33.833 , 0.1899986
33.835 , 0.2200012
33.836 , 0.2200012
33.837 , 0.2000008
33.838 , 0.2099991
33.839 , 0.2099991
33.84 , 0.1399994
33.841 , 0.07999802
33.843 , 0.05999756
33.844 , 0.05999756
33.846 , 0.06999969
33.847 , 0.09000015
33.848 , 0.09999847
33.85 , 0.1699982
33.851 , 0.25
33.852 , 0.2700005
33.853 , 0.3199997
33.854 , 0.2700005
33.855 , 0.2599983
33.856 , 0.2799988
33.858 , 0.2000008
33.859 , 0.1500015
33.86 , 0.2000008
33.861 , 0.1599998
33.862 , 0.1399994
33.863 , 0.06999969
33.865 , 0.05999756
33.866 , -0.01000214
33.867 , 0.009998322
33.869 , 0.02000046
33.87 , 0.02000046
33.872 , 0.02999878
33.873 , 0.07999802
33.874 , 0.07999802
33.876 , 0.09000015
33.877 , 0.1100006
33.878 , 0.1199989
33.879 , 0.1199989
33.88 , 0.1199989
33.881 , 0.1199989
33.883 , 0.1300011
33.884 , 0.1100006
33.885 , 0.1199989
33.886 , 0.06999969
33.887 , 0.04999924
33.889 , 0.04000092
33.89 , 0.04000092
33.891 , 0.06000137
33.893 , 0.06999969
33.894 , 0.09000015
33.895 , 0.07999802
33.897 , 0.009998322
33.898 , 0.09000015
33.9 , 0.09000015
33.901 , 0.02000046
33.902 , 0.07999802
33.904 , 0.07999802
33.905 , 0.04000092
33.906 , 0.02000046
33.908 , 0.04999924
33.909 , 0.02999878
33.91 , 0.02999878
33.912 , 0.04000092
33.913 , 0.04000092
33.914 , 0.04000092
33.916 , 0.04999924
33.917 , 0.04999924
33.919 , 0.01000214
33.92 , 0.01000214
33.921 , 0.01000214
33.922 , 0.02000046
33.924 , 0.02000046
33.925 , 0.02999878
33.927 , 0.02999878
33.928 , 0.02000046
33.929 , 0.04000092
33.931 , 0.0
33.932 , -0.04000092
33.933 , 0.009998322
33.934 , 0.009998322
33.936 , 0.04000092
33.937 , 0.02000046
33.939 , -0.02000046
33.94 , 0.02999878
33.941 , -0.02000046
33.943 , -0.009998322
33.944 , 0.04000092
33.945 , 0.04999924
33.947 , 0.0
33.948 , 0.05999756
33.949 , 0.05999756
33.951 , -0.01000214
33.952 , 0.02000046
33.953 , 0.0
33.954 , -0.04999924
33.956 , 0.009998322
33.957 , 0.02999878
33.958 , 0.02999878
33.96 , 0.02000046
33.961 , 0.04000092
33.962 , 0.02999878
33.964 , 0.04999924
33.965 , 0.06000137
33.967 , -0.009998322
33.968 , -0.009998322
33.969 , 0.0
33.971 , 0.0
33.972 , 0.01000214
33.973 , -0.009998322
33.974 , 0.01000214
33.976 , 0.02000046
33.977 , 0.0
33.978 , 0.02000046
33.979 , 0.02999878
33.981 , 0.02999878
33.982 , 0.04000092
33.984 , 0.04000092
33.985 , 0.02999878
33.986 , -0.02000046
33.988 , 0.02999878
33.989 , -0.009998322
33.99 , -0.02999878
33.992 , -0.02000046
33.993 , 0.0
33.994 , -0.02000046
33.996 , -0.009998322
33.997 , -0.02999878
33.998 , -0.009998322
34.0 , 0.0
34.001 , 0.0
34.002 , 0.01000214
34.003 , 0.01000214
34.005 , 0.0
34.006 , 0.0
34.007 , 0.0
34.008 , 0.0
34.009 , 0.009998322
34.01 , 0.009998322
34.012 , -0.02999878
34.013 , -0.02999878
34.015 , -0.04000092
34.016 , -0.04000092
34.017 , -0.09000015
34.019 , -0.07999802
34.02 , -0.009998322
34.021 , -0.02999878
34.023 , -0.09000015
34.024 , 0.0
34.025 , -0.05999756
34.026 , -0.07999802
34.028 , -0.05999756
34.029 , -0.04999924
34.031 , -0.09000015
34.032 , -0.06000137
34.033 , -0.06000137
34.034 , -0.06000137
34.036 , -0.04999924
34.037 , -0.04999924
34.039 , -0.06000137
34.04 , -0.04000092
34.041 , -0.06000137
34.042 , -0.02999878
34.044 , -0.04999924
34.045 , -0.04999924
34.047 , -0.09000015
34.048 , -0.04000092
34.049 , -0.07999802
34.051 , -0.07999802
34.052 , -0.06999969
34.053 , -0.09000015
34.055 , -0.06999969
34.056 , -0.05999756
34.057 , -0.05999756
34.059 , -0.06999969
34.06 , -0.06999969
34.062 , -0.06000137
34.063 , -0.06000137
34.064 , -0.1100006
34.065 , -0.1100006
34.066 , -0.09999847
34.068 , -0.09999847
34.069 , -0.09000015
34.07 , -0.1100006
34.072 , -0.07999802
34.073 , -0.1499977
34.074 , -0.1499977
34.075 , -0.1499977
34.076 , -0.1399994
34.078 , -0.09000015
34.079 , -0.07999802
34.08 , -0.1299973
34.082 , -0.1199989
34.083 , -0.06999969
34.084 , -0.06999969
34.085 , -0.1199989
34.087 , -0.05999756
34.088 , -0.1299973
34.089 , -0.09999847
34.091 , -0.1399994
34.092 , -0.1100006
34.093 , -0.1100006
34.094 , -0.1300011
34.095 , -0.1100006
34.096 , -0.1199989
34.097 , -0.1199989
34.098 , -0.1199989
34.1 , -0.1100006
34.101 , -0.1100006
34.102 , -0.07999802
34.103 , -0.07999802
34.105 , -0.09999847
34.106 , -0.06999969
34.107 , -0.09000015
34.109 , -0.1299973
34.11 , -0.1499977
34.111 , -0.07999802
34.112 , -0.1199989
34.113 , -0.1399994
34.115 , -0.1399994
34.116 , -0.1300011
34.117 , -0.1800003
34.118 , -0.1300011
34.119 , -0.1199989
34.12 , -0.1699982
34.121 , -0.1699982
34.123 , -0.1599998
34.124 , -0.1599998
34.125 , -0.1599998
34.126 , -0.1499977
34.127 , -0.09999847
34.129 , -0.1399994
34.13 , -0.1599998
34.131 , -0.1399994
34.132 , -0.1800003
34.133 , -0.2199974
34.134 , -0.1699982
34.135 , -0.1699982
34.137 , -0.1399994
34.138 , -0.1399994
34.139 , -0.1499977
34.14 , -0.1499977
34.141 , -0.2199974
34.143 , -0.1399994
34.144 , -0.2099991
34.145 , -0.2099991
34.146 , -0.2000008
34.147 , -0.25
34.148 , -0.2000008
34.149 , -0.2399979
34.151 , -0.1899986
34.152 , -0.2399979
34.153 , -0.2299995
34.154 , -0.1800003
34.155 , -0.1800003
34.156 , -0.2199974
34.157 , -0.2199974
34.159 , -0.2299995
34.16 , -0.1599998
34.161 , -0.2099991
34.162 , -0.2099991
34.163 , -0.2199974
34.164 , -0.2199974
34.166 , -0.2099991
34.167 , -0.2099991
34.168 , -0.2299995
34.177 , -0.2000008
34.178 , -0.25
34.179 , -0.2399979
34.181 , -0.1899986
34.182 , -0.2399979
34.183 , -0.2299995
34.184 , -0.2299995
34.185 , -0.25
34.186 , -0.2199974
34.188 , -0.2399979
34.189 , -0.2299995
34.19 , -0.2299995
34.191 , -0.2299995
34.192 , -0.2799988
34.193 , -0.2899971
34.195 , -0.2199974
34.196 , -0.2599983
34.197 , -0.2599983
34.198 , -0.2099991
34.199 , -0.25
34.2 , -0.25
34.202 , -0.2000008
34.203 , -0.2399979
34.204 , -0.2399979
34.205 , -0.2599983
34.206 , -0.25
34.207 , -0.25
34.208 , -0.25
34.209 , -0.2399979
34.211 , -0.2799988
34.212 , -0.2799988
34.213 , -0.2700005
34.214 , -0.2700005
34.215 , -0.2999992
34.216 , -0.2599983
34.217 , -0.2899971
34.219 , -0.2899971
34.22 , -0.25
34.221 , -0.2799988
34.222 , -0.25
34.223 , -0.2699966
34.224 , -0.2399979
34.225 , -0.2699966
34.227 , -0.2299995
34.228 , -0.2599983
34.229 , -0.2599983
34.23 , -0.2200012
34.231 , -0.25
34.232 , -0.2700005
34.233 , -0.2599983
34.235 , -0.3100014
34.236 , -0.25
34.237 , -0.3000031
34.238 , -0.25
34.239 , -0.3000031
34.24 , -0.3099976
34.241 , -0.2399979
34.242 , -0.2399979
34.244 , -0.2800026
34.245 , -0.2800026
34.246 , -0.2199974
34.247 , -0.2700005
34.248 , -0.2700005
34.249 , -0.2899971
34.25 , -0.2600021
34.251 , -0.2799988
34.253 , -0.2699966
34.254 , -0.25
34.255 , -0.2699966
34.256 , -0.2999992
34.257 , -0.2999992
34.258 , -0.2999992
34.26 , -0.2900009
34.261 , -0.25
34.262 , -0.2900009
34.263 , -0.3099976
34.264 , -0.2799988
34.265 , -0.2799988
34.267 , -0.2700005
34.268 , -0.2700005
34.269 , -0.2700005
34.27 , -0.2899971
34.271 , -0.2899971
34.272 , -0.2899971
34.273 , -0.2999992
34.275 , -0.2999992
34.276 , -0.2899971
34.277 , -0.2699966
34.278 , -0.2399979
34.279 , -0.2699966
34.28 , -0.2799988
34.282 , -0.2799988
34.283 , -0.2700005
34.284 , -0.25
34.285 , -0.2700005
34.286 , -0.329998
34.287 , -0.3100014
34.288 , -0.3100014
34.29 , -0.3000031
34.291 , -0.3199997
34.292 , -0.3000031
34.293 , -0.3600006
34.294 , -0.2900009
34.295 , -0.3099976
34.296 , -0.2999992
34.298 , -0.3500023
34.299 , -0.2999992
34.3 , -0.2899971
34.301 , -0.3400002
34.302 , -0.3600006
34.303 , -0.3500023
34.304 , -0.3300018
34.306 , -0.3300018
34.307 , -0.3400002
34.308 , -0.3199997
34.309 , -0.3400002
34.31 , -0.3300018
34.311 , -0.3499985
34.312 , -0.3300018
34.314 , -0.3200035
34.315 , -0.3900032
34.316 , -0.3400002
34.317 , -0.3800011
34.318 , -0.3800011
34.319 , -0.329998
34.32 , -0.3199997
34.321 , -0.3000031
34.323 , -0.2900009
34.324 , -0.2700005
34.325 , -0.2900009
34.326 , -0.2900009
34.327 , -0.2800026
34.328 , -0.1900024
34.329 , -0.2800026
34.33 , -0.25
34.331 , -0.25
34.333 , -0.2600021
34.334 , -0.2600021
34.335 , -0.2799988
34.336 , -0.2600021
34.337 , -0.25
34.338 , -0.2699966
34.339 , -0.2699966
34.34 , -0.2599983
34.342 , -0.2599983
34.343 , -0.3000031
34.344 , -0.3000031
34.345 , -0.3000031
34.346 , -0.2300034
34.347 , -0.2399979
34.348 , -0.2200012
34.35 , -0.2299995
34.351 , -0.2299995
34.352 , -0.2800026
34.353 , -0.2199974
34.354 , -0.2000008
34.355 , -0.2000008
34.356 , -0.2199974
34.358 , -0.2600021
34.359 , -0.2099991
34.36 , -0.1999969
34.361 , -0.1999969
34.362 , -0.1999969
34.363 , -0.170002
34.364 , -0.2400017
34.365 , -0.2400017
34.367 , -0.1800003
34.368 , -0.25
34.369 , -0.2300034
34.37 , -0.1699982
34.371 , -0.2200012
34.372 , -0.1699982
34.373 , -0.1599998
34.375 , -0.1599998
34.376 , -0.1599998
34.377 , -0.1499977
34.378 , -0.1300011
34.379 , -0.1499977
34.38 , -0.1399994
34.381 , -0.1399994
34.383 , -0.1000023
34.384 , -0.0399971
34.385 , 0.03000259
34.386 , 0.08000183
34.388 , 0.2000008
34.389 , 0.25
34.39 , 0.3900032
34.391 , 0.5500031
34.392 , 0.6400032
34.393 , 0.7100029
34.395 , 0.7000008
34.396 , 0.6500015
34.397 , 0.6599998
34.398 , 0.6199989
34.399 , 0.5499992
34.4 , 0.5100021
34.401 , 0.4700012
34.403 , 0.4000015
34.404 , 0.4099998
34.405 , 0.4099998
34.406 , 0.4099998
34.407 , 0.4400024
34.408 , 0.5100021
34.409 , 0.5300026
34.41 , 0.5900002
34.412 , 0.6100006
34.413 , 0.7000008
34.414 , 0.7600021
34.415 , 0.7100029
34.416 , 0.7600021
34.417 , 0.7900009
34.418 , 0.8600006
34.419 , 0.9500008
34.42 , 0.8700027
34.422 , 0.8500023
34.423 , 0.7300034
34.424 , 0.5600014
34.425 , 0.4000015
34.426 , 0.3100014
34.427 , 0.25
34.428 , 0.1099968
34.43 , 0.04999924
34.431 , -0.04000092
34.432 , -0.04000092
34.434 , -0.03000259
34.435 , 0.02000046
34.436 , 0.1100006
34.437 , 0.1900024
34.438 , 0.2800026
34.44 , 0.3600006
34.441 , 0.3800011
34.442 , 0.4500008
34.443 , 0.4500008
34.444 , 0.4800034
34.445 , 0.4800034
34.446 , 0.4600029
34.447 , 0.4700012
34.449 , 0.4000015
34.45 , 0.3899994
34.451 , 0.3199997
34.452 , 0.3199997
34.453 , 0.2799988
34.454 , 0.2600021
34.456 , 0.2400017
34.457 , 0.25
34.458 , 0.2700005
34.459 , 0.2700005
34.46 , 0.2600021
34.461 , 0.2600021
34.462 , 0.2600021
34.463 , 0.2800026
34.464 , 0.3199997
34.466 , 0.2900009
34.467 , 0.3000031
34.468 , 0.2800026
34.469 , 0.2800026
34.47 , 0.3000031
34.471 , 0.2900009
34.472 , 0.2900009
34.473 , 0.2399979
34.475 , 0.3000031
34.476 , 0.25
34.477 , 0.3100014
34.478 , 0.2599983
34.479 , 0.1899986
34.48 , 0.2599983
34.481 , 0.2699966
34.483 , 0.25
34.484 , 0.2600021
34.485 , 0.2600021
34.486 , 0.2099991
34.487 , 0.2899971
34.488 , 0.2700005
34.489 , 0.2199974
34.491 , 0.2099991
34.492 , 0.2299995
34.493 , 0.2299995
34.494 , 0.2199974
34.495 , 0.2399979
34.496 , 0.2399979
34.498 , 0.2299995
34.499 , 0.2299995
34.5 , 0.25
34.501 , 0.2599983
34.502 , 0.2599983
34.503 , 0.2399979
34.504 , 0.25
34.505 , 0.25
34.506 , 0.25
34.508 , 0.1899986
34.509 , 0.2400017
34.51 , 0.2599983
34.511 , 0.25
34.512 , 0.25
34.513 , 0.25
34.514 , 0.2600021
34.515 , 0.1900024
34.516 , 0.2099991
34.518 , 0.2199974
34.519 , 0.2199974
34.52 , 0.2199974
34.521 , 0.2100029
34.522 , 0.2299995
34.523 , 0.2299995
34.525 , 0.2399979
34.526 , 0.2399979
34.527 , 0.25
34.528 , 0.2300034
34.529 , 0.2300034
34.53 , 0.1800003
34.531 , 0.1899986
34.532 , 0.2400017
34.534 , 0.25
34.535 , 0.1999969
34.536 , 0.25
34.537 , 0.2099991
34.538 , 0.1899986
34.539 , 0.2099991
34.54 , 0.2099991
34.542 , 0.2199974
34.543 , 0.2199974
34.544 , 0.2299995
34.545 , 0.2099991
34.546 , 0.2099991
34.547 , 0.2199974
34.549 , 0.2399979
34.55 , 0.1800003
34.551 , 0.2299995
34.552 , 0.1900024
34.553 , 0.2299995
34.554 , 0.2000008
34.555 , 0.2000008
34.557 , 0.2000008
34.558 , 0.2100029
34.559 , 0.1800003
34.56 , 0.1800003
34.561 , 0.2599983
34.562 , 0.2200012
34.563 , 0.1899986
34.565 , 0.1999969
34.566 , 0.2299995
34.567 , 0.2299995
34.568 , 0.2099991
34.569 , 0.2099991
34.57 , 0.1899986
34.571 , 0.1999969
34.573 , 0.1299973
34.574 , 0.2099991
34.575 , 0.2099991
34.576 , 0.1399994
34.577 , 0.2099991
34.578 , 0.1499977
34.58 , 0.2199974
34.581 , 0.1599998
34.582 , 0.1599998
34.583 , 0.1599998
34.584 , 0.1699982
34.585 , 0.1699982
34.587 , 0.1699982
34.588 , 0.1800003
34.589 , 0.1600037
34.59 , 0.1800003
34.591 , 0.170002
34.592 , 0.1199989
34.593 , 0.1199989
34.595 , 0.1999969
34.596 , 0.1800003
34.597 , 0.1800003
34.598 , 0.1900024
34.599 , 0.1900024
34.6 , 0.1900024
34.601 , 0.2000008
34.602 , 0.2199974
34.604 , 0.2299995
34.605 , 0.2100029
34.606 , 0.1399994
34.607 , 0.1399994
34.608 , 0.1300011
34.609 , 0.1300011
34.61 , 0.07999802
34.612 , 0.09000015
34.613 , 0.02000046
34.614 , 0.02999878
34.616 , 0.02999878
34.617 , 0.07999802
34.619 , 0.08999634
34.62 , 0.1099968
34.621 , 0.09999847
34.622 , 0.04999924
34.624 , 0.1099968
34.625 , 0.1800003
34.626 , 0.1299973
34.627 , 0.1099968
34.628 , 0.06999969
34.63 , 0.06999969
34.631 , 0.07999802
34.632 , 0.07999802
34.634 , 0.09000015
34.635 , 0.06999969
34.637 , 0.06999969
34.638 , 0.07999802
34.639 , 0.009998322
34.641 , 0.09000015
34.642 , 0.09000015
34.643 , 0.09000015
34.645 , 0.04999924
34.646 , 0.04999924
34.647 , 0.02999878
34.649 , 0.05999756
34.65 , 0.05999756
34.652 , 0.02999878
34.653 , 0.04999924
34.654 , 0.02999878
34.656 , 0.0399971
34.657 , 0.0399971
34.658 , 0.06999969
34.66 , 0.04999924
34.661 , 0.009998322
34.663 , 0.05999756
34.664 , 0.009998322
34.665 , 0.06999969
34.667 , 0.02000046
34.668 , 0.02999878
34.67 , 0.02999878
34.671 , 0.04000092
34.672 , 0.04000092
34.674 , 0.02000046
34.675 , 0.02999878
34.676 , 0.04999924
34.678 , -0.01000214
34.679 , -0.01000214
34.68 , 0.0399971
34.682 , -0.02000046
34.683 , 0.0
34.684 , -0.02000046
34.686 , 0.009998322
34.687 , -0.03000259
34.688 , 0.02000046
34.69 , 0.02000046
34.691 , 0.009998322
34.692 , 0.009998322
34.694 , -0.01000214
34.695 , 0.0
34.696 , 0.0
34.697 , 0.02000046
34.699 , 0.009998322
34.7 , 0.009998322
34.702 , 0.01999664
34.703 , -0.03000259
34.704 , 0.01999664
34.706 , -0.02000046
34.707 , -0.02000046
34.708 , -0.01000214
34.71 , -0.01000214
34.711 , -0.06999969
34.712 , -0.02000046
34.714 , 0.0
34.715 , 0.009998322
34.716 , 0.009998322
34.718 , 0.0
34.719 , 0.02000046
34.72 , 0.0
34.721 , 0.009998322
34.722 , 0.02999878
34.724 , 0.02999878
34.725 , -0.06999969
34.727 , -0.02999878
34.728 , -0.02000046
34.729 , -0.04000092
34.731 , -0.04000092
34.732 , -0.05000305
34.733 , -0.1000023
34.734 , -0.1000023
34.735 , -0.02000046
34.737 , -0.02000046
34.738 , -0.08000183
34.739 , -0.01000214
34.741 , -0.03000259
34.742 , 0.0
34.743 , -0.02000046
34.744 , -0.06999969
34.746 , -0.06000137
34.747 , -0.08000183
34.749 , -0.04999924
34.75 , -0.04999924
34.751 , -0.04999924
34.753 , -0.06000137
34.754 , -0.04000092
34.755 , -0.04999924
34.757 , -0.04999924
34.758 , -0.09000015
34.759 , -0.09000015
34.761 , -0.09000015
34.762 , -0.03000259
34.763 , -0.08000183
34.765 , -0.09000015
34.766 , -0.06999969
34.767 , -0.09000015
34.769 , -0.08000183
34.77 , -0.08000183
34.771 , -0.08000183
34.773 , -0.06999969
34.774 , -0.06999969
34.775 , -0.1100006
34.777 , -0.06000137
34.778 , -0.04999924
34.779 , -0.09999847
34.781 , -0.04999924
34.782 , -0.1100006
34.783 , -0.04000092
34.785 , -0.1000023
34.786 , -0.03000259
34.787 , -0.08000183
34.788 , -0.09000015
34.79 , -0.09000015
34.791 , -0.1100006
34.792 , -0.08000183
34.793 , -0.1000023
34.795 , -0.09000015
34.796 , -0.06999969
34.797 , -0.09000015
34.799 , -0.06000137
34.8 , -0.08000183
34.801 , -0.06000137
34.803 , -0.04999924
34.804 , -0.06999969
34.806 , -0.06000137
34.807 , -0.06000137
34.808 , -0.1300011
34.809 , -0.04999924
34.811 , -0.09999847
34.812 , -0.1100006
34.813 , -0.1100006
34.814 , -0.09000015
34.816 , -0.1000023
34.817 , -0.1000023
34.818 , -0.1000023
34.819 , -0.09000015
34.82 , -0.09000015
34.822 , -0.08000183
34.823 , -0.1300011
34.824 , -0.08000183
34.825 , -0.06999969
34.827 , -0.06999969
34.828 , -0.1399994
34.829 , -0.1100006
34.83 , -0.06000137
34.832 , -0.1199989
34.833 , -0.09999847
34.834 , -0.1199989
34.836 , -0.1300011
34.837 , -0.1300011
34.838 , -0.1100006
34.839 , -0.09999847
34.84 , -0.1199989
34.841 , -0.09999847
34.843 , -0.09000015
34.844 , -0.09000015
34.845 , -0.1000023
34.847 , -0.08000183
34.848 , -0.1500015
34.849 , -0.1399994
34.85 , -0.09000015
34.852 , -0.1300011
34.853 , -0.1300011
34.854 , -0.1300011
34.855 , -0.1899986
34.856 , -0.1399994
34.857 , -0.1199989
34.858 , -0.1199989
34.86 , -0.1300011
34.861 , -0.1300011
34.862 , -0.1699982
34.863 , -0.1199989
34.864 , -0.1699982
34.865 , -0.1800003
34.866 , -0.1800003
34.868 , -0.2200012
34.877 , -0.1900024
34.878 , -0.1900024
34.879 , -0.1399994
34.88 , -0.1399994
34.881 , -0.1800003
34.882 , -0.170002
34.884 , -0.2000008
34.885 , -0.1599998
34.886 , -0.1599998
34.887 , -0.1899986
34.888 , -0.2099991
34.89 , -0.1800003
34.891 , -0.2000008
34.892 , -0.1699982
34.893 , -0.2399979
34.894 , -0.1899986
34.895 , -0.1899986
34.897 , -0.1800003
34.898 , -0.1599998
34.899 , -0.170002
34.9 , -0.1500015
34.901 , -0.170002
34.902 , -0.2099991
34.903 , -0.1599998
34.905 , -0.2099991
34.906 , -0.2200012
34.907 , -0.2200012
34.908 , -0.1500015
34.909 , -0.2099991
34.91 , -0.25
34.911 , -0.2099991
34.913 , -0.2000008
34.914 , -0.2000008
34.915 , -0.2400017
34.916 , -0.2299995
34.917 , -0.1899986
34.918 , -0.1899986
34.92 , -0.25
34.921 , -0.2200012
34.922 , -0.1699982
34.923 , -0.2099991
34.924 , -0.2099991
34.925 , -0.2099991
34.927 , -0.2299995
34.928 , -0.2000008
34.929 , -0.2200012
34.93 , -0.2400017
34.931 , -0.2200012
34.932 , -0.2099991
34.933 , -0.2099991
34.935 , -0.2299995
34.936 , -0.2000008
34.937 , -0.2700005
34.938 , -0.2200012
34.939 , -0.2099991
34.94 , -0.2099991
34.941 , -0.2099991
34.943 , -0.25
34.944 , -0.2000008
34.945 , -0.25
34.946 , -0.2399979
34.947 , -0.1899986
34.948 , -0.2399979
34.95 , -0.2299995
34.951 , -0.25
34.952 , -0.2400017
34.953 , -0.2200012
34.954 , -0.2400017
34.955 , -0.3100014
34.956 , -0.2299995
34.957 , -0.2700005
34.959 , -0.2600021
34.96 , -0.2600021
34.961 , -0.2200012
34.962 , -0.2099991
34.963 , -0.2099991
34.964 , -0.25
34.965 , -0.25
34.967 , -0.2400017
34.968 , -0.2400017
34.969 , -0.2299995
34.97 , -0.2599983
34.971 , -0.329998
34.972 , -0.3199997
34.973 , -0.25
34.975 , -0.25
34.976 , -0.2399979
34.977 , -0.3099976
34.978 , -0.2399979
34.979 , -0.3199997
34.98 , -0.2999992
34.982 , -0.2999992
34.983 , -0.2200012
34.984 , -0.2200012
34.985 , -0.2900009
34.986 , -0.2999992
34.987 , -0.2999992
34.989 , -0.2900009
34.99 , -0.2900009
34.991 , -0.2900009
34.992 , -0.2900009
34.993 , -0.2599983
34.994 , -0.2799988
34.995 , -0.2799988
34.997 , -0.2700005
34.998 , -0.3199997
34.999 , -0.3099976
35.0 , -0.3099976
35.001 , -0.2599983
35.002 , -0.2599983
35.004 , -0.2999992
35.005 , -0.2999992
35.006 , -0.2899971
35.007 , -0.2899971
35.008 , -0.2899971
35.009 , -0.3400002
35.01 , -0.2999992
35.012 , -0.3400002
35.013 , -0.2900009
35.014 , -0.3300018
35.015 , -0.2900009
35.016 , -0.3199997
35.017 , -0.3499985
35.018 , -0.3199997
35.02 , -0.3100014
35.021 , -0.25
35.022 , -0.3100014
35.023 , -0.2599983
35.024 , -0.329998
35.025 , -0.329998
35.026 , -0.2900009
35.027 , -0.3199997
35.029 , -0.329998
35.03 , -0.329998
35.031 , -0.329998
35.032 , -0.329998
35.033 , -0.3199997
35.034 , -0.3699989
35.035 , -0.3199997
35.037 , -0.3100014
35.038 , -0.3100014
35.039 , -0.2999992
35.04 , -0.2999992
35.041 , -0.2999992
35.042 , -0.2799988
35.044 , -0.2700005
35.045 , -0.2900009
35.046 , -0.2799988
35.047 , -0.2799988
35.048 , -0.329998
35.049 , -0.3400002
35.05 , -0.3199997
35.052 , -0.3400002
35.053 , -0.329998
35.054 , -0.3699989
35.055 , -0.3699989
35.056 , -0.3600006
35.057 , -0.3600006
35.058 , -0.3600006
35.06 , -0.3499985
35.061 , -0.3099976
35.062 , -0.3099976
35.063 , -0.3400002
35.064 , -0.3400002
35.065 , -0.3400002
35.066 , -0.3300018
35.067 , -0.3600006
35.068 , -0.3300018
35.07 , -0.3199997
35.071 , -0.3199997
35.072 , -0.2799988
35.073 , -0.2700005
35.074 , -0.25
35.075 , -0.2700005
35.076 , -0.2399979
35.078 , -0.1899986
35.079 , -0.1899986
35.08 , -0.1800003
35.081 , -0.25
35.082 , -0.2299995
35.083 , -0.2199974
35.084 , -0.2199974
35.086 , -0.2099991
35.087 , -0.2700005
35.088 , -0.2700005
35.089 , -0.2700005
35.09 , -0.2899971
35.091 , -0.2599983
35.092 , -0.2899971
35.094 , -0.2099991
35.095 , -0.2799988
35.096 , -0.2400017
35.097 , -0.2400017
35.098 , -0.2400017
35.099 , -0.2000008
35.101 , -0.2299995
35.102 , -0.2299995
35.103 , -0.2200012
35.104 , -0.2200012
35.105 , -0.1800003
35.106 , -0.2399979
35.107 , -0.2399979
35.108 , -0.2099991
35.11 , -0.25
35.111 , -0.2299995
35.112 , -0.2299995
35.113 , -0.2399979
35.114 , -0.2399979
35.115 , -0.2399979
35.116 , -0.1800003
35.117 , -0.2299995
35.119 , -0.2099991
35.12 , -0.2000008
35.121 , -0.2000008
35.122 , -0.170002
35.123 , -0.1599998
35.124 , -0.1599998
35.125 , -0.1899986
35.127 , -0.1500015
35.128 , -0.1500015
35.129 , -0.1800003
35.13 , -0.1699982
35.131 , -0.1899986
35.132 , -0.1399994
35.133 , -0.09000015
35.135 , -0.02000046
35.136 , 0.04000092
35.137 , 0.1000023
35.139 , 0.2700005
35.14 , 0.3899994
35.141 , 0.5
35.142 , 0.5999985
35.143 , 0.7200012
35.144 , 0.7400017
35.145 , 0.670002
35.146 , 0.6800003
35.148 , 0.6599998
35.149 , 0.6199989
35.15 , 0.579998
35.151 , 0.4699974
35.152 , 0.4399986
35.153 , 0.4500008
35.155 , 0.3800011
35.156 , 0.3800011
35.157 , 0.4399986
35.158 , 0.4599991
35.159 , 0.5299988
35.16 , 0.6300011
35.161 , 0.6599998
35.163 , 0.7299995
35.164 , 0.7299995
35.165 , 0.7799988
35.166 , 0.7799988
35.167 , 0.7900009
35.168 , 0.7400017
35.169 , 0.6800003
35.171 , 0.6399994
35.172 , 0.5
35.173 , 0.420002
35.174 , 0.2800026
35.175 , 0.2100029
35.176 , 0.1200027
35.177 , 0.06000137
35.179 , 0.04000092
35.18 , 0.04999924
35.181 , 0.009998322
35.183 , 0.08000183
35.184 , 0.1300011
35.185 , 0.1500015
35.186 , 0.2200012
35.187 , 0.25
35.189 , 0.3199997
35.19 , 0.3300018
35.191 , 0.4000015
35.192 , 0.4000015
35.193 , 0.4099998
35.194 , 0.4099998
35.195 , 0.4099998
35.197 , 0.3500023
35.198 , 0.3500023
35.199 , 0.3500023
35.2 , 0.3400002
35.201 , 0.2700005
35.202 , 0.2700005
35.203 , 0.2799988
35.204 , 0.2099991
35.206 , 0.2399979
35.207 , 0.25
35.208 , 0.2200012
35.209 , 0.2200012
35.21 , 0.2299995
35.211 , 0.2299995
35.212 , 0.2299995
35.213 , 0.2400017
35.215 , 0.2700005
35.216 , 0.2700005
35.217 , 0.2799988
35.218 , 0.25
35.219 , 0.2799988
35.22 , 0.2600021
35.221 , 0.2900009
35.222 , 0.2600021
35.223 , 0.2700005
35.225 , 0.25
35.226 , 0.2700005
35.227 , 0.2600021
35.228 , 0.2600021
35.229 , 0.2600021
35.23 , 0.2700005
35.231 , 0.2200012
35.232 , 0.2200012
35.233 , 0.2799988
35.235 , 0.2299995
35.236 , 0.2299995
35.237 , 0.2900009
35.238 , 0.2400017
35.239 , 0.2400017
35.24 , 0.2299995
35.241 , 0.2299995
35.242 , 0.25
35.244 , 0.2400017
35.245 , 0.2600021
35.246 , 0.2000008
35.247 , 0.25
35.248 , 0.25
35.249 , 0.25
35.25 , 0.2600021
35.251 , 0.2600021
35.252 , 0.2200012
35.254 , 0.2299995
35.255 , 0.2700005
35.256 , 0.2299995
35.257 , 0.2400017
35.258 , 0.2400017
35.259 , 0.2800026
35.26 , 0.25
35.261 , 0.25
35.263 , 0.25
35.264 , 0.2599983
35.265 , 0.2599983
35.266 , 0.2299995
35.267 , 0.2400017
35.268 , 0.2400017
35.269 , 0.2400017
35.27 , 0.2299995
35.272 , 0.2299995
35.273 , 0.2299995
35.274 , 0.1900024
35.275 , 0.2400017
35.276 , 0.1900024
35.277 , 0.1800003
35.278 , 0.25
35.279 , 0.2000008
35.281 , 0.2600021
35.282 , 0.2100029
35.283 , 0.2600021
35.284 , 0.2000008
35.285 , 0.2200012
35.286 , 0.2000008
35.287 , 0.2099991
35.289 , 0.2099991
35.29 , 0.2200012
35.291 , 0.1800003
35.292 , 0.1500015
35.293 , 0.1800003
35.294 , 0.1899986
35.295 , 0.1899986
35.296 , 0.1899986
35.298 , 0.2000008
35.299 , 0.2000008
35.3 , 0.1800003
35.301 , 0.2099991
35.302 , 0.1800003
35.303 , 0.2099991
35.304 , 0.170002
35.305 , 0.2200012
35.307 , 0.2000008
35.308 , 0.1800003
35.309 , 0.1800003
35.31 , 0.1900024
35.311 , 0.1900024
35.312 , 0.2100029
35.313 , 0.1900024
35.314 , 0.2000008
35.315 , 0.2000008
35.317 , 0.2099991
35.318 , 0.2099991
35.319 , 0.1599998
35.32 , 0.1599998
35.321 , 0.2200012
35.322 , 0.170002
35.323 , 0.170002
35.324 , 0.1800003
35.326 , 0.1800003
35.327 , 0.1900024
35.328 , 0.1900024
35.329 , 0.170002
35.33 , 0.170002
35.331 , 0.1800003
35.332 , 0.1399994
35.333 , 0.1399994
35.335 , 0.1200027
35.336 , 0.1900024
35.337 , 0.2000008
35.338 , 0.2000008
35.339 , 0.1599998
35.34 , 0.1300011
35.341 , 0.1000023
35.342 , 0.07000351
35.344 , 0.06000137
35.345 , 0.02000046
35.346 , 0.08000183
35.348 , 0.1199989
35.349 , 0.1599998
35.35 , 0.1599998
35.351 , 0.170002
35.352 , 0.2400017
35.353 , 0.2600021
35.354 , 0.25
35.355 , 0.2099991
35.357 , 0.2200012
35.358 , 0.2200012
35.359 , 0.1900024
35.36 , 0.1900024
35.361 , 0.1599998
35.362 , 0.1599998
35.363 , 0.1100006
35.365 , 0.05000305
35.366 , 0.05000305
35.367 , 0.06000137
35.368 , 0.02000046
35.37 , -0.009998322
35.371 , 0.06999969
35.373 , 0.02999878
35.374 , 0.04000092
35.375 , 0.1100006
35.376 , 0.08000183
35.378 , 0.1199989
35.379 , 0.1199989
35.38 , 0.1599998
35.381 , 0.1300011
35.382 , 0.170002
35.383 , 0.1300011
35.385 , 0.1399994
35.386 , 0.1399994
35.387 , 0.1200027
35.388 , 0.1200027
35.389 , 0.08000183
35.39 , 0.08000183
35.392 , 0.06000137
35.393 , 0.06000137
35.394 , 0.07000351
35.396 , 0.07000351
35.397 , 0.08000183
35.399 , 0.1100006
35.4 , 0.1100006
35.401 , 0.1199989
35.402 , 0.1199989
35.403 , 0.1199989
35.404 , 0.1000023
35.405 , 0.08000183
35.407 , 0.08000183
35.408 , 0.09000015
35.409 , 0.09000015
35.41 , 0.04999924
35.412 , 0.06000137
35.413 , 0.06000137
35.414 , 0.06999969
35.416 , 0.06999969
35.417 , 0.06999969
35.419 , 0.05000305
35.42 , 0.05000305
35.421 , 0.06000137
35.423 , 0.09000015
35.424 , 0.1000023
35.425 , 0.07000351
35.426 , 0.07000351
35.428 , 0.04000092
35.429 , 0.04000092
35.43 , 0.009998322
35.432 , 0.04999924
35.433 , 0.04999924
35.434 , 0.06000137
35.436 , 0.06000137
35.437 , 0.02999878
35.438 , 0.0399971
35.44 , 0.0399971
35.441 , 0.04999924
35.443 , 0.04999924
35.444 , 0.05999756
35.445 , 0.05999756
35.447 , -0.01000214
35.448 , 0.03000259
35.449 , -0.01999664
35.451 , -0.009998322
35.452 , -0.009998322
35.453 , 0.009998322
35.455 , -0.04000092
35.456 , 0.0
35.457 , 0.01999664
35.459 , 0.02999878
35.46 , 0.02999878
35.462 , 0.02000046
35.463 , 0.06999969
35.464 , 0.03000259
35.465 , 0.08000183
35.467 , 0.03000259
35.468 , 0.0
35.469 , -0.03000259
35.471 , 0.01000214
35.472 , -0.02000046
35.473 , -0.05999756
35.475 , -0.01000214
35.476 , -0.01000214
35.477 , 0.02000046
35.478 , 0.0
35.48 , 0.03000259
35.481 , 0.04000092
35.482 , 0.009998322
35.484 , 0.01999664
35.485 , 0.01999664
35.486 , -0.02000046
35.488 , -0.009998322
35.489 , -0.009998322
35.491 , 0.0399971
35.492 , -0.03000259
35.493 , -0.03000259
35.495 , 0.01000214
35.496 , 0.01000214
35.497 , -0.04000092
35.499 , 0.02000046
35.5 , 0.02000046
35.501 , -0.02000046
35.503 , 0.0
35.504 , 0.0
35.505 , 0.009998322
35.506 , 0.009998322
35.508 , 0.0
35.509 , -0.0399971
35.51 , -0.0399971
35.511 , -0.02999878
35.513 , -0.02999878
35.514 , -0.02999878
35.516 , -0.02000046
35.517 , -0.02000046
35.518 , -0.04000092
35.52 , -0.009998322
35.521 , -0.03000259
35.522 , -0.03000259
35.524 , -0.03000259
35.525 , -0.02000046
35.526 , 0.01000214
35.528 , -0.01000214
35.529 , -0.01000214
35.53 , -0.04999924
35.532 , 0.0
35.533 , -0.0399971
35.534 , -0.06999969
35.536 , -0.08000183
35.537 , -0.02999878
35.538 , -0.05000305
35.54 , -0.07000351
35.541 , -0.06000137
35.542 , -0.04000092
35.544 , -0.04000092
35.545 , -0.03000259
35.546 , -0.03000259
35.548 , -0.04000092
35.549 , -0.04000092
35.55 , -0.04000092
35.552 , -0.03000259
35.553 , -0.03000259
35.554 , -0.03000259
35.555 , -0.05999756
35.557 , -0.05999756
35.558 , -0.01000214
35.56 , -0.08000183
35.561 , 0.0
35.57 , -0.09000015
35.571 , -0.07999802
35.573 , -0.07999802
35.574 , -0.07999802
35.575 , -0.06999969
35.577 , -0.06999969
35.578 , -0.09000015
35.58 , -0.02000046
35.581 , -0.05999756
35.582 , -0.04999924
35.584 , -0.01000214
35.585 , 0.0
35.586 , 0.0
35.587 , -0.0399971
35.589 , -0.06000137
35.59 , -0.06000137
35.591 , -0.06000137
35.593 , -0.08999634
35.594 , -0.04999924
35.595 , -0.07999802
35.597 , -0.07999802
35.598 , -0.03000259
35.599 , -0.03000259
35.601 , -0.03000259
35.602 , -0.02000046
35.603 , -0.02000046
35.605 , -0.04999924
35.606 , -0.06999969
35.607 , -0.04999924
35.609 , -0.05999756
35.61 , -0.09000015
35.611 , -0.05999756
35.613 , -0.08000183
35.614 , -0.04999924
35.616 , -0.06999969
35.617 , -0.06999969
35.618 , -0.06000137
35.62 , -0.06000137
35.621 , -0.06000137
35.622 , -0.05000305
35.624 , -0.05000305
35.625 , -0.07999802
35.626 , -0.07999802
35.628 , -0.06999969
35.629 , -0.06999969
35.63 , -0.1000023
35.632 , -0.05999756
35.633 , -0.09000015
35.634 , -0.05999756
35.636 , -0.08000183
35.637 , -0.04999924
35.638 , -0.0399971
35.64 , -0.06999969
35.641 , -0.1100006
35.642 , -0.1000023
35.643 , -0.1000023
35.644 , -0.06000137
35.646 , -0.09000015
35.647 , -0.09000015
35.648 , -0.09999847
35.65 , -0.09999847
35.651 , -0.09999847
35.653 , -0.09000015
35.654 , -0.1200027
35.655 , -0.07999802
35.656 , -0.07999802
35.658 , -0.1000023
35.659 , -0.1000023
35.66 , -0.06999969
35.662 , -0.09000015
35.663 , -0.1299973
35.664 , -0.09000015
35.665 , -0.08000183
35.667 , -0.08000183
35.668 , -0.1199989
35.669 , -0.1099968
35.671 , -0.1399994
35.672 , -0.09999847
35.673 , -0.1300011
35.674 , -0.1300011
35.675 , -0.1599998
35.677 , -0.1199989
35.678 , -0.1599998
35.679 , -0.1500015
35.68 , -0.1100006
35.681 , -0.1500015
35.682 , -0.1000023
35.683 , -0.1400032
35.685 , -0.09000015
35.686 , -0.09000015
35.687 , -0.05999756
35.688 , -0.09000015
35.69 , -0.1200027
35.691 , -0.1399994
35.692 , -0.1299973
35.693 , -0.1299973
35.694 , -0.1599998
35.696 , -0.1500015
35.697 , -0.1500015
35.698 , -0.1500015
35.699 , -0.1399994
35.7 , -0.1399994
35.701 , -0.1099968
35.702 , -0.1300011
35.704 , -0.1300011
35.705 , -0.1600037
35.706 , -0.1200027
35.707 , -0.1200027
35.708 , -0.1200027
35.709 , -0.1500015
35.71 , -0.1500015
35.711 , -0.1500015
35.713 , -0.170002
35.714 , -0.170002
35.715 , -0.1300011
35.716 , -0.1300011
35.717 , -0.1599998
35.718 , -0.1599998
35.719 , -0.1200027
35.721 , -0.1500015
35.722 , -0.1399994
35.723 , -0.1800003
35.724 , -0.2099991
35.725 , -0.1300011
35.726 , -0.170002
35.727 , -0.1300011
35.728 , -0.170002
35.73 , -0.2299995
35.731 , -0.1899986
35.732 , -0.2200012
35.733 , -0.2200012
35.734 , -0.1800003
35.735 , -0.170002
35.736 , -0.170002
35.737 , -0.170002
35.739 , -0.1599998
35.74 , -0.1599998
35.741 , -0.2000008
35.742 , -0.1900024
35.743 , -0.1900024
35.744 , -0.1900024
35.746 , -0.1800003
35.747 , -0.2000008
35.748 , -0.2000008
35.749 , -0.1900024
35.75 , -0.2200012
35.751 , -0.1900024
35.752 , -0.2099991
35.753 , -0.1800003
35.755 , -0.1800003
35.756 , -0.2400017
35.757 , -0.2400017
35.758 , -0.2400017
35.759 , -0.1899986
35.76 , -0.1899986
35.761 , -0.1599998
35.763 , -0.1800003
35.764 , -0.1800003
35.765 , -0.2200012
35.766 , -0.2100029
35.767 , -0.2400017
35.768 , -0.2100029
35.769 , -0.2000008
35.771 , -0.2700005
35.772 , -0.2200012
35.773 , -0.2200012
35.774 , -0.2200012
35.775 , -0.2200012
35.776 , -0.2099991
35.777 , -0.25
35.778 , -0.2099991
35.78 , -0.2400017
35.781 , -0.2000008
35.782 , -0.1899986
35.783 , -0.2299995
35.784 , -0.1899986
35.785 , -0.2299995
35.787 , -0.1800003
35.788 , -0.2200012
35.789 , -0.2100029
35.79 , -0.2600021
35.791 , -0.2600021
35.792 , -0.25
35.793 , -0.25
35.794 , -0.2900009
35.796 , -0.2800026
35.797 , -0.2400017
35.798 , -0.2400017
35.799 , -0.2700005
35.8 , -0.2700005
35.801 , -0.2999992
35.802 , -0.2900009
35.804 , -0.2900009
35.805 , -0.2900009
35.806 , -0.2799988
35.807 , -0.2799988
35.808 , -0.25
35.809 , -0.3100014
35.811 , -0.3100014
35.812 , -0.2999992
35.813 , -0.2999992
35.814 , -0.2999992
35.815 , -0.3199997
35.816 , -0.3600006
35.817 , -0.3100014
35.818 , -0.3100014
35.82 , -0.3000031
35.821 , -0.2800026
35.822 , -0.2299995
35.823 , -0.2299995
35.824 , -0.2700005
35.825 , -0.2700005
35.826 , -0.2200012
35.828 , -0.1900024
35.829 , -0.2099991
35.83 , -0.2099991
35.831 , -0.2099991
35.832 , -0.25
35.833 , -0.2000008
35.834 , -0.2400017
35.836 , -0.25
35.837 , -0.25
35.838 , -0.2299995
35.839 , -0.2400017
35.84 , -0.2400017
35.841 , -0.2400017
35.842 , -0.2400017
35.843 , -0.2299995
35.845 , -0.2299995
35.846 , -0.2200012
35.847 , -0.2200012
35.848 , -0.2700005
35.849 , -0.2100029
35.85 , -0.2100029
35.851 , -0.2100029
35.852 , -0.2100029
35.854 , -0.2000008
35.855 , -0.2000008
35.856 , -0.2400017
35.857 , -0.2400017
35.858 , -0.1900024
35.859 , -0.2299995
35.86 , -0.2299995
35.862 , -0.1800003
35.863 , -0.2200012
35.864 , -0.2200012
35.865 , -0.2400017
35.866 , -0.2099991
35.867 , -0.2099991
35.868 , -0.2299995
35.87 , -0.2200012
35.871 , -0.2200012
35.872 , -0.2200012
35.873 , -0.1900024
35.874 , -0.1400032
35.875 , -0.1400032
35.876 , -0.1800003
35.877 , -0.1800003
35.878 , -0.1300011
35.88 , -0.170002
35.881 , -0.170002
35.882 , -0.170002
35.883 , -0.1100006
35.884 , -0.04999924
35.886 , 0.02999878
35.887 , 0.05999756
35.888 , 0.1899986
35.89 , 0.3199997
35.891 , 0.4300003
35.892 , 0.5500031
35.893 , 0.6499977
35.894 , 0.6899986
35.895 , 0.6899986
35.897 , 0.6400032
35.898 , 0.6400032
35.899 , 0.6500015
35.9 , 0.5499992
35.901 , 0.5099983
35.902 , 0.4599991
35.903 , 0.4299965
35.905 , 0.3999977
35.906 , 0.4099998
35.907 , 0.4099998
35.908 , 0.4399986
35.909 , 0.5200005
35.91 , 0.579998
35.912 , 0.579998
35.913 , 0.6599998
35.914 , 0.6599998
35.915 , 0.75
35.916 , 0.7199974
35.917 , 0.6300011
35.918 , 0.5999985
35.92 , 0.4799995
35.921 , 0.3400002
35.922 , 0.2200012
35.923 , 0.1699982
35.924 , 0.06999969
35.926 , 0.04000092
35.927 , -0.04999924
35.928 , -0.04999924
35.93 , -0.04000092
35.931 , -0.02000046
35.932 , 0.09000015
35.934 , 0.1699982
35.935 , 0.1999969
35.936 , 0.2700005
35.937 , 0.2700005
35.938 , 0.2999992
35.939 , 0.3899994
35.941 , 0.3999977
35.942 , 0.3999977
35.943 , 0.3600006
35.944 , 0.3600006
35.945 , 0.3199997
35.946 , 0.2599983
35.948 , 0.2399979
35.949 , 0.2099991
35.95 , 0.2200012
35.951 , 0.1500015
35.952 , 0.1800003
35.953 , 0.1599998
35.954 , 0.1899986
35.956 , 0.1999969
35.957 , 0.1999969
35.958 , 0.1999969
35.959 , 0.2399979
35.96 , 0.25
35.961 , 0.25
35.963 , 0.2599983
35.964 , 0.2199974
35.965 , 0.2199974
35.966 , 0.2999992
35.967 , 0.2299995
35.968 , 0.2000008
35.97 , 0.2399979
35.971 , 0.2399979
35.972 , 0.1699982
35.973 , 0.2200012
35.974 , 0.1800003
35.975 , 0.1800003
35.976 , 0.1899986
35.978 , 0.1899986
35.979 , 0.1899986
35.98 , 0.2400017
35.981 , 0.2000008
35.982 , 0.2400017
35.983 , 0.25
35.984 , 0.2799988
35.986 , 0.2599983
35.987 , 0.2199974
35.988 , 0.2199974
35.989 , 0.2199974
35.99 , 0.2299995
35.991 , 0.2099991
35.993 , 0.1699982
35.994 , 0.1699982
35.995 , 0.1699982
35.996 , 0.1599998
35.997 , 0.2299995
35.998 , 0.2299995
36.0 , 0.1899986
36.001 , 0.1899986
36.002 , 0.1899986
36.003 , 0.2000008
36.004 , 0.25
36.005 , 0.25
36.006 , 0.2000008
36.007 , 0.2099991
36.009 , 0.2099991
36.01 , 0.2200012
36.011 , 0.170002
36.012 , 0.2000008
36.013 , 0.1800003
36.014 , 0.2099991
36.015 , 0.2099991
36.016 , 0.1800003
36.018 , 0.1899986
36.019 , 0.2199974
36.02 , 0.2000008
36.021 , 0.2299995
36.022 , 0.2299995
36.023 , 0.2399979
36.024 , 0.2099991
36.026 , 0.2099991
36.027 , 0.2200012
36.028 , 0.2200012
36.029 , 0.2200012
36.03 , 0.1899986
36.031 , 0.1899986
36.032 , 0.1699982
36.034 , 0.1800003
36.035 , 0.2000008
36.036 , 0.1300011
36.037 , 0.1899986
36.038 , 0.1899986
36.039 , 0.1899986
36.04 , 0.2199974
36.042 , 0.1999969
36.043 , 0.2099991
36.044 , 0.1599998
36.045 , 0.2099991
36.046 , 0.2099991
36.047 , 0.2199974
36.049 , 0.1699982
36.05 , 0.1800003
36.051 , 0.1800003
36.052 , 0.1800003
36.053 , 0.1899986
36.054 , 0.1699982
36.055 , 0.1699982
36.056 , 0.1399994
36.058 , 0.1500015
36.059 , 0.1800003
36.06 , 0.1899986
36.061 , 0.1899986
36.062 , 0.1899986
36.063 , 0.2000008
36.064 , 0.2000008
36.065 , 0.2000008
36.067 , 0.1399994
36.068 , 0.2099991
36.069 , 0.1800003
36.07 , 0.1499977
36.071 , 0.1899986
36.072 , 0.1499977
36.074 , 0.1599998
36.075 , 0.1599998
36.076 , 0.1599998
36.077 , 0.1699982
36.078 , 0.1699982
36.079 , 0.1699982
36.081 , 0.1800003
36.082 , 0.1800003
36.083 , 0.1699982
36.084 , 0.2299995
36.085 , 0.1699982
36.086 , 0.1199989
36.087 , 0.1300011
36.089 , 0.1800003
36.09 , 0.1899986
36.091 , 0.1399994
36.092 , 0.1399994
36.093 , 0.1899986
36.094 , 0.1300011
36.096 , 0.1500015
36.097 , 0.1399994
36.098 , 0.1599998
36.099 , 0.1599998
36.1 , 0.2199974
36.101 , 0.2399979
36.103 , 0.2399979
36.104 , 0.2900009
36.105 , 0.25
36.106 , 0.2299995
36.107 , 0.1899986
36.108 , 0.1699982
36.109 , 0.1699982
36.111 , 0.09000015
36.112 , 0.1500015
36.113 , 0.1100006
36.114 , 0.09999847
36.115 , 0.04999924
36.117 , 0.06000137
36.118 , 0.1100006
36.119 , 0.1300011
36.12 , 0.1199989
36.122 , 0.1199989
36.123 , 0.1399994
36.124 , 0.1899986
36.125 , 0.1499977
36.126 , 0.1299973
36.127 , 0.1399994
36.128 , 0.1599998
36.13 , 0.1499977
36.131 , 0.1699982
36.132 , 0.09999847
36.133 , 0.1499977
36.134 , 0.09000015
36.136 , 0.1100006
36.137 , 0.09999847
36.138 , 0.1199989
36.139 , 0.09999847
36.141 , 0.1100006
36.142 , 0.1100006
36.143 , 0.1300011
36.144 , 0.1399994
36.145 , 0.1199989
36.146 , 0.1199989
36.148 , 0.08000183
36.149 , 0.08000183
36.15 , 0.09000015
36.151 , 0.1399994
36.153 , 0.06999969
36.154 , 0.04999924
36.155 , 0.04999924
36.157 , 0.09000015
36.158 , 0.09000015
36.159 , 0.09000015
36.161 , 0.09999847
36.162 , 0.06999969
36.163 , 0.02999878
36.165 , 0.1100006
36.166 , 0.1100006
36.167 , 0.09000015
36.168 , 0.04999924
36.17 , 0.04000092
36.171 , -0.009998322
36.173 , -0.009998322
36.174 , 0.04999924
36.175 , 0.04999924
36.177 , 0.06000137
36.178 , 0.08000183
36.179 , 0.06000137
36.181 , 0.02000046
36.182 , 0.02000046
36.183 , 0.06999969
36.185 , 0.009998322
36.186 , 0.02999878
36.188 , 0.04000092
36.189 , 0.02000046
36.19 , -0.009998322
36.192 , 0.0
36.193 , 0.02999878
36.194 , 0.01000214
36.196 , -0.02999878
36.197 , -0.02000046
36.198 , 0.02000046
36.2 , 0.02000046
36.201 , -0.009998322
36.202 , 0.06000137
36.204 , 0.04000092
36.205 , 0.04000092
36.206 , 0.04000092
36.208 , 0.07999802
36.209 , 0.04999924
36.21 , 0.04999924
36.212 , 0.06000137
36.213 , 0.02000046
36.214 , 0.02999878
36.216 , 0.02999878
36.217 , 0.08000183
36.218 , 0.04000092
36.22 , 0.04000092
36.221 , 0.04999924
36.222 , 0.04999924
36.224 , 0.06000137
36.225 , 0.04000092
36.226 , -0.009998322
36.228 , 0.0
36.229 , 0.04999924
36.23 , -0.02000046
36.231 , -0.009998322
36.233 , -0.009998322
36.234 , 0.0
36.235 , 0.0
36.236 , -0.04999924
36.238 , 0.009998322
36.239 , 0.009998322
36.241 , 0.04000092
36.242 , 0.04000092
36.243 , 0.09000015
36.245 , 0.02999878
36.246 , -0.02000046
36.247 , -0.009998322
36.249 , 0.04000092
36.25 , 0.04000092
36.251 , -0.02000046
36.253 , -0.02000046
36.254 , -0.009998322
36.256 , 0.01000214
36.257 , -0.009998322
36.258 , 0.0
36.259 , 0.0
36.26 , 0.0
36.262 , 0.03000259
36.263 , 0.01000214
36.264 , 0.02000046
36.274 , 0.02999878
36.275 , 0.02999878
36.276 , 0.02999878
36.278 , 0.04000092
36.279 , -0.02999878
36.28 , -0.009998322
36.282 , -0.02000046
36.283 , -0.02000046
36.285 , 0.01000214
36.286 , -0.05999756
36.287 , 0.01000214
36.289 , -0.04999924
36.29 , -0.04999924
36.291 , -0.04000092
36.293 , -0.04000092
36.294 , -0.02999878
36.295 , -0.02999878
36.297 , -0.02999878
36.298 , -0.06000137
36.299 , -0.04000092
36.301 , -0.02999878
36.302 , -0.02999878
36.304 , -0.02000046
36.305 , -0.04000092
36.306 , -0.09000015
36.308 , -0.07999802
36.309 , -0.07999802
36.31 , -0.1499977
36.311 , -0.06999969
36.313 , -0.06999969
36.314 , -0.1299973
36.315 , -0.05999756
36.317 , -0.1299973
36.318 , -0.1199989
36.319 , -0.1199989
36.32 , -0.1399994
36.321 , -0.1100006
36.323 , -0.1100006
36.324 , -0.09999847
36.325 , -0.02999878
36.326 , -0.1199989
36.328 , -0.09000015
36.329 , -0.09000015
36.33 , -0.1100006
36.331 , -0.1199989
36.332 , -0.09999847
36.334 , -0.09000015
36.335 , -0.1100006
36.336 , -0.09000015
36.338 , -0.09999847
36.339 , -0.09999847
36.34 , -0.09999847
36.342 , -0.09000015
36.343 , -0.09000015
36.344 , -0.1399994
36.345 , -0.07999802
36.347 , -0.07999802
36.348 , -0.06999969
36.35 , -0.1199989
36.351 , -0.1100006
36.352 , -0.1300011
36.353 , -0.1300011
36.354 , -0.1300011
36.355 , -0.1199989
36.356 , -0.1199989
36.357 , -0.1199989
36.359 , -0.1100006
36.36 , -0.1100006
36.361 , -0.09999847
36.362 , -0.09999847
36.364 , -0.07999802
36.365 , -0.1399994
36.366 , -0.1599998
36.367 , -0.1399994
36.369 , -0.1299973
36.37 , -0.1299973
36.371 , -0.1399994
36.372 , -0.1399994
36.373 , -0.1399994
36.374 , -0.1399994
36.376 , -0.1300011
36.377 , -0.1300011
36.378 , -0.09999847
36.379 , -0.1199989
36.38 , -0.1199989
36.382 , -0.1100006
36.383 , -0.1100006
36.384 , -0.1100006
36.385 , -0.1499977
36.386 , -0.1499977
36.387 , -0.1499977
36.388 , -0.1399994
36.39 , -0.09000015
36.391 , -0.1499977
36.392 , -0.1499977
36.393 , -0.2199974
36.394 , -0.1699982
36.396 , -0.1399994
36.397 , -0.1399994
36.398 , -0.1499977
36.399 , -0.1499977
36.4 , -0.1299973
36.402 , -0.1399994
36.403 , -0.1399994
36.404 , -0.1199989
36.405 , -0.1100006
36.406 , -0.1300011
36.407 , -0.1800003
36.408 , -0.1199989
36.409 , -0.1199989
36.411 , -0.09000015
36.412 , -0.1800003
36.413 , -0.1800003
36.414 , -0.1599998
36.415 , -0.1499977
36.417 , -0.1499977
36.418 , -0.1399994
36.419 , -0.1599998
36.42 , -0.1599998
36.421 , -0.1999969
36.422 , -0.07999802
36.424 , -0.1299973
36.425 , -0.1399994
36.426 , -0.1899986
36.427 , -0.1899986
36.429 , -0.1799965
36.43 , -0.1799965
36.431 , -0.1299973
36.432 , -0.1699982
36.433 , -0.1699982
36.434 , -0.1699982
36.436 , -0.1599998
36.437 , -0.1599998
36.438 , -0.1499977
36.439 , -0.1699982
36.44 , -0.1699982
36.441 , -0.1699982
36.443 , -0.1599998
36.444 , -0.1599998
36.445 , -0.1699982
36.446 , -0.1699982
36.447 , -0.1699982
36.449 , -0.2099991
36.45 , -0.2099991
36.451 , -0.2099991
36.452 , -0.1999969
36.453 , -0.2199974
36.454 , -0.2199974
36.455 , -0.2099991
36.457 , -0.2099991
36.458 , -0.2000008
36.459 , -0.1800003
36.46 , -0.1800003
36.461 , -0.2000008
36.462 , -0.1899986
36.463 , -0.1899986
36.465 , -0.1800003
36.466 , -0.1800003
36.467 , -0.1800003
36.468 , -0.1699982
36.469 , -0.2199974
36.47 , -0.2199974
36.472 , -0.2099991
36.473 , -0.2299995
36.474 , -0.2299995
36.475 , -0.2399979
36.476 , -0.2199974
36.477 , -0.2199974
36.479 , -0.2099991
36.48 , -0.2099991
36.481 , -0.2299995
36.482 , -0.2199974
36.483 , -0.1799965
36.484 , -0.1999969
36.486 , -0.2099991
36.487 , -0.2099991
36.488 , -0.2000008
36.489 , -0.1800003
36.49 , -0.1800003
36.491 , -0.2000008
36.492 , -0.2399979
36.494 , -0.3100014
36.495 , -0.2299995
36.496 , -0.25
36.497 , -0.2299995
36.498 , -0.1699982
36.499 , -0.2199974
36.501 , -0.2399979
36.502 , -0.2299995
36.503 , -0.2299995
36.504 , -0.2299995
36.505 , -0.2199974
36.506 , -0.2199974
36.507 , -0.2700005
36.509 , -0.2799988
36.51 , -0.2099991
36.511 , -0.1899986
36.512 , -0.25
36.513 , -0.25
36.514 , -0.1999969
36.516 , -0.1899986
36.517 , -0.1899986
36.518 , -0.2400017
36.519 , -0.2300034
36.52 , -0.2300034
36.521 , -0.1800003
36.522 , -0.1699982
36.524 , -0.1699982
36.525 , -0.1599998
36.526 , -0.2100029
36.527 , -0.2100029
36.528 , -0.2299995
36.529 , -0.2700005
36.53 , -0.2000008
36.532 , -0.2099991
36.533 , -0.2600021
36.534 , -0.2099991
36.535 , -0.1999969
36.536 , -0.25
36.537 , -0.25
36.538 , -0.1999969
36.54 , -0.1899986
36.541 , -0.1899986
36.542 , -0.1800003
36.543 , -0.1600037
36.544 , -0.2300034
36.545 , -0.1699982
36.546 , -0.1699982
36.548 , -0.2200012
36.549 , -0.2299995
36.55 , -0.2299995
36.551 , -0.25
36.552 , -0.2399979
36.553 , -0.2399979
36.555 , -0.2299995
36.556 , -0.2299995
36.557 , -0.2800026
36.558 , -0.2299995
36.559 , -0.1999969
36.561 , -0.2700005
36.562 , -0.2600021
36.563 , -0.1899986
36.564 , -0.2600021
36.565 , -0.1999969
36.566 , -0.1999969
36.568 , -0.3199997
36.569 , -0.2400017
36.57 , -0.2599983
36.571 , -0.2400017
36.572 , -0.25
36.573 , -0.2300034
36.574 , -0.2300034
36.575 , -0.2399979
36.577 , -0.2200012
36.578 , -0.1699982
36.579 , -0.1599998
36.58 , -0.1599998
36.581 , -0.1399994
36.582 , -0.1299973
36.584 , -0.2000008
36.585 , -0.1399994
36.586 , -0.1900024
36.587 , -0.1900024
36.588 , -0.1900024
36.589 , -0.1999969
36.591 , -0.1999969
36.592 , -0.1899986
36.593 , -0.2400017
36.594 , -0.2400017
36.595 , -0.1799965
36.596 , -0.1799965
36.598 , -0.1599998
36.599 , -0.1699982
36.6 , -0.1500015
36.601 , -0.1699982
36.602 , -0.2100029
36.603 , -0.1599998
36.605 , -0.1400032
36.606 , -0.1499977
36.607 , -0.1499977
36.608 , -0.1499977
36.609 , -0.1900024
36.61 , -0.1399994
36.611 , -0.1399994
36.613 , -0.2000008
36.614 , -0.2000008
36.615 , -0.2000008
36.616 , -0.2099991
36.617 , -0.2099991
36.618 , -0.2099991
36.619 , -0.1999969
36.621 , -0.1800003
36.622 , -0.170002
36.623 , -0.1500015
36.624 , -0.1500015
36.625 , -0.1500015
36.626 , -0.1400032
36.627 , -0.09000015
36.629 , -0.1500015
36.63 , -0.1500015
36.631 , -0.1500015
36.632 , -0.1599998
36.633 , -0.1200027
36.634 , -0.05000305
36.636 , -0.04000092
36.637 , 0.04999924
36.638 , 0.170002
36.639 , 0.2700005
36.641 , 0.3600006
36.642 , 0.5100021
36.643 , 0.6900024
36.644 , 0.7400017
36.645 , 0.6900024
36.646 , 0.7000008
36.647 , 0.6800003
36.648 , 0.6800003
36.65 , 0.6000023
36.651 , 0.5500031
36.652 , 0.4700012
36.653 , 0.3800011
36.654 , 0.3800011
36.655 , 0.3300018
36.656 , 0.3899994
36.657 , 0.3899994
36.659 , 0.4900017
36.66 , 0.5100021
36.661 , 0.6300011
36.662 , 0.6599998
36.663 , 0.6800003
36.664 , 0.6800003
36.665 , 0.6599998
36.667 , 0.6000023
36.668 , 0.5300026
36.669 , 0.4300003
36.67 , 0.2700005
36.671 , 0.2000008
36.672 , 0.1200027
36.673 , 0.05000305
36.675 , 0.0
36.676 , -0.02999878
36.677 , -0.09999847
36.679 , -0.01999664
36.68 , 0.02000046
36.681 , 0.07000351
36.683 , 0.1500015
36.684 , 0.1899986
36.685 , 0.2400017
36.686 , 0.3199997
36.687 , 0.3400002
36.688 , 0.3899994
36.69 , 0.3300018
36.691 , 0.3500023
36.692 , 0.3300018
36.693 , 0.3400002
36.694 , 0.2899971
36.695 , 0.2899971
36.696 , 0.2800026
36.698 , 0.1900024
36.699 , 0.2399979
36.7 , 0.2000008
36.701 , 0.2000008
36.702 , 0.2000008
36.703 , 0.2100029
36.704 , 0.2300034
36.705 , 0.2100029
36.707 , 0.1699982
36.708 , 0.2200012
36.709 , 0.2299995
36.71 , 0.1799965
36.711 , 0.2299995
36.712 , 0.1799965
36.713 , 0.2400017
36.715 , 0.2400017
36.716 , 0.1999969
36.717 , 0.1999969
36.718 , 0.1999969
36.719 , 0.2600021
36.72 , 0.2600021
36.721 , 0.2600021
36.723 , 0.2199974
36.724 , 0.2199974
36.725 , 0.2700005
36.726 , 0.2299995
36.727 , 0.2299995
36.728 , 0.2299995
36.729 , 0.2399979
36.731 , 0.2200012
36.732 , 0.2399979
36.733 , 0.25
36.734 , 0.2300034
36.735 , 0.2300034
36.736 , 0.2400017
36.737 , 0.2599983
36.739 , 0.25
36.74 , 0.1999969
36.741 , 0.25
36.742 , 0.25
36.743 , 0.2099991
36.744 , 0.2600021
36.745 , 0.2099991
36.746 , 0.2199974
36.748 , 0.1999969
36.749 , 0.2299995
36.75 , 0.2299995
36.751 , 0.2099991
36.752 , 0.2099991
36.753 , 0.2399979
36.755 , 0.2199974
36.756 , 0.25
36.757 , 0.2100029
36.758 , 0.2299995
36.759 , 0.2599983
36.76 , 0.2599983
36.762 , 0.2399979
36.763 , 0.25
36.764 , 0.25
36.765 , 0.25
36.766 , 0.2599983
36.767 , 0.2400017
36.768 , 0.1899986
36.77 , 0.25
36.771 , 0.1999969
36.772 , 0.1999969
36.773 , 0.2600021
36.774 , 0.2099991
36.775 , 0.2600021
36.776 , 0.2000008
36.778 , 0.2000008
36.779 , 0.2000008
36.78 , 0.2100029
36.781 , 0.2299995
36.782 , 0.2100029
36.783 , 0.2200012
36.784 , 0.2399979
36.786 , 0.25
36.787 , 0.2300034
36.788 , 0.2300034
36.789 , 0.1800003
36.79 , 0.1899986
36.791 , 0.1699982
36.792 , 0.1899986
36.794 , 0.1799965
36.795 , 0.1299973
36.796 , 0.1899986
36.797 , 0.2099991
36.798 , 0.1399994
36.8 , 0.1499977
36.801 , 0.1999969
36.802 , 0.1999969
36.803 , 0.2099991
36.804 , 0.2099991
36.805 , 0.2099991
36.807 , 0.1499977
36.808 , 0.1499977
36.809 , 0.1699982
36.81 , 0.1800003
36.811 , 0.1800003
36.812 , 0.1599998
36.813 , 0.1899986
36.815 , 0.1699982
36.816 , 0.1800003
36.817 , 0.2000008
36.818 , 0.1800003
36.819 , 0.1800003
36.82 , 0.1699982
36.821 , 0.1699982
36.823 , 0.1799965
36.824 , 0.1799965
36.825 , 0.1299973
36.826 , 0.1899986
36.827 , 0.1899986
36.828 , 0.1399994
36.83 , 0.1499977
36.831 , 0.1499977
36.832 , 0.1299973
36.833 , 0.1599998
36.834 , 0.1599998
36.835 , 0.1399994
36.837 , 0.1499977
36.838 , 0.1499977
36.839 , 0.1699982
36.84 , 0.1599998
36.841 , 0.1599998
36.842 , 0.09000015
36.844 , 0.09999847
36.845 , 0.07999802
36.846 , 0.09000015
36.848 , 0.09000015
36.849 , 0.09000015
36.85 , 0.1199989
36.852 , 0.1399994
36.853 , 0.1999969
36.854 , 0.1999969
36.855 , 0.2199974
36.856 , 0.1999969
36.857 , 0.1599998
36.859 , 0.1599998
36.86 , 0.1499977
36.861 , 0.1299973
36.862 , 0.05999756
36.864 , 0.09000015
36.865 , 0.02000046
36.866 , 0.02000046
36.867 , 0.009998322
36.869 , 0.02999878
36.87 , 0.02000046
36.872 , 0.04000092
36.873 , 0.09999847
36.874 , 0.09999847
36.876 , 0.09999847
36.877 , 0.1099968
36.878 , 0.1099968
36.879 , 0.05999756
36.881 , 0.1199989
36.882 , 0.1199989
36.883 , 0.07999802
36.885 , 0.07999802
36.886 , 0.05999756
36.887 , 0.04999924
36.889 , 0.04999924
36.89 , 0.05999756
36.892 , 0.009998322
36.893 , 0.06999969
36.894 , 0.02000046
36.896 , 0.0
36.897 , 0.009998322
36.898 , 0.02999878
36.9 , 0.02000046
36.901 , 0.02000046
36.902 , 0.04000092
36.904 , 0.04999924
36.905 , 0.04999924
36.906 , 0.02999878
36.908 , -0.01000214
36.909 , -0.01000214
36.91 , -0.02000046
36.912 , 0.0
36.913 , 0.05999756
36.914 , 0.009998322
36.916 , 0.009998322
36.917 , 0.02000046
36.919 , -0.06999969
36.92 , 0.009998322
36.921 , 0.009998322
36.923 , 0.02000046
36.924 , 0.02000046
36.926 , 0.02000046
36.927 , -0.06000137
36.928 , -0.04000092
36.93 , -0.04999924
36.931 , -0.04999924
36.932 , -0.04999924
36.934 , -0.04000092
36.935 , -0.04000092
36.936 , -0.04000092
36.938 , -0.05000305
36.939 , -0.03000259
36.94 , -0.02000046
36.942 , -0.04000092
36.943 , -0.02000046
36.944 , -0.01000214
36.946 , -0.08000183
36.947 , -0.02000046
36.948 , -0.02000046
36.95 , -0.06000137
36.951 , -0.01000214
36.952 , -0.01000214
36.953 , -0.08000183
36.955 , -0.04999924
36.956 , -0.06999969
36.958 , -0.06000137
36.959 , -0.1100006
36.96 , -0.03000259
36.961 , -0.03000259
36.963 , -0.1000023
36.964 , -0.09000015
36.965 , -0.04000092
36.967 , -0.03000259
36.976 , -0.08000183
36.977 , -0.06999969
36.979 , -0.06999969
36.98 , -0.08000183
36.981 , -0.06000137
36.983 , -0.06000137
36.984 , -0.04999924
36.985 , -0.04999924
36.987 , -0.06000137
36.988 , -0.04000092
36.989 , -0.02000046
36.991 , -0.1000023
36.992 , -0.1000023
36.993 , -0.05000305
36.994 , -0.09000015
36.996 , -0.04000092
36.997 , -0.08000183
36.998 , -0.08000183
37.0 , -0.06999969
37.001 , -0.06999969
37.003 , -0.06999969
37.004 , -0.01000214
37.005 , -0.06000137
37.007 , -0.04999924
37.008 , -0.04999924
37.009 , -0.04999924
37.011 , -0.04000092
37.012 , -0.04000092
37.013 , -0.06000137
37.015 , -0.09999847
37.016 , -0.04999924
37.017 , -0.09000015
37.019 , -0.09000015
37.02 , -0.08000183
37.021 , -0.08000183
37.023 , -0.1000023
37.024 , -0.06999969
37.025 , -0.06999969
37.026 , -0.06999969
37.028 , -0.06000137
37.029 , -0.08000183
37.031 , -0.06999969
37.032 , -0.06999969
37.033 , -0.09000015
37.035 , -0.08000183
37.036 , -0.08000183
37.037 , -0.06999969
37.039 , -0.04999924
37.04 , -0.06999969
37.041 , -0.06000137
37.043 , -0.06000137
37.044 , -0.05000305
37.045 , -0.05000305
37.047 , -0.04000092
37.048 , -0.09000015
37.049 , -0.09000015
37.051 , -0.1000023
37.052 , -0.08000183
37.053 , -0.03000259
37.054 , -0.1399994
37.056 , -0.09000015
37.057 , -0.08000183
37.058 , -0.08000183
37.06 , -0.1300011
37.061 , -0.06999969
37.062 , -0.06999969
37.063 , -0.06999969
37.065 , -0.06000137
37.066 , -0.06000137
37.067 , -0.1199989
37.069 , -0.09999847
37.07 , -0.1199989
37.071 , -0.1599998
37.072 , -0.1599998
37.074 , -0.08000183
37.075 , -0.1500015
37.076 , -0.1000023
37.077 , -0.1399994
37.078 , -0.09000015
37.08 , -0.09000015
37.081 , -0.08000183
37.082 , -0.08000183
37.084 , -0.1199989
37.085 , -0.06999969
37.086 , -0.06999969
37.088 , -0.1100006
37.089 , -0.1100006
37.09 , -0.1300011
37.091 , -0.1199989
37.092 , -0.09999847
37.093 , -0.1399994
37.095 , -0.04000092
37.096 , -0.1300011
37.097 , -0.1199989
37.098 , -0.09999847
37.1 , -0.07999802
37.101 , -0.1100006
37.102 , -0.06999969
37.103 , -0.09000015
37.105 , -0.1000023
37.106 , -0.1000023
37.107 , -0.08000183
37.108 , -0.09000015
37.11 , -0.09000015
37.111 , -0.1500015
37.112 , -0.1300011
37.113 , -0.1500015
37.114 , -0.1399994
37.115 , -0.1199989
37.117 , -0.1199989
37.118 , -0.1300011
37.119 , -0.1100006
37.12 , -0.1100006
37.121 , -0.09999847
37.122 , -0.1199989
37.124 , -0.09000015
37.125 , -0.1100006
37.126 , -0.1100006
37.127 , -0.1100006
37.128 , -0.1500015
37.129 , -0.1500015
37.131 , -0.09000015
37.132 , -0.1399994
37.133 , -0.1599998
37.134 , -0.170002
37.135 , -0.1300011
37.136 , -0.1500015
37.138 , -0.1399994
37.139 , -0.1599998
37.14 , -0.1199989
37.141 , -0.1100006
37.142 , -0.1100006
37.143 , -0.1300011
37.144 , -0.09999847
37.146 , -0.1199989
37.147 , -0.1399994
37.148 , -0.1300011
37.149 , -0.1100006
37.15 , -0.1100006
37.151 , -0.09999847
37.153 , -0.1899986
37.154 , -0.1599998
37.155 , -0.1800003
37.156 , -0.1599998
37.157 , -0.1100006
37.159 , -0.1500015
37.16 , -0.1500015
37.161 , -0.1599998
37.162 , -0.2099991
37.163 , -0.1399994
37.164 , -0.1500015
37.165 , -0.1500015
37.167 , -0.2000008
37.168 , -0.1899986
37.169 , -0.1899986
37.17 , -0.1899986
37.171 , -0.1800003
37.172 , -0.1800003
37.173 , -0.1300011
37.174 , -0.1699982
37.176 , -0.1699982
37.177 , -0.1199989
37.178 , -0.1100006
37.179 , -0.1599998
37.18 , -0.1599998
37.181 , -0.1499977
37.183 , -0.1499977
37.184 , -0.1599998
37.185 , -0.09000015
37.186 , -0.1399994
37.188 , -0.1500015
37.189 , -0.2000008
37.19 , -0.2000008
37.191 , -0.1899986
37.192 , -0.1899986
37.193 , -0.1899986
37.194 , -0.1899986
37.196 , -0.1800003
37.197 , -0.1800003
37.198 , -0.1899986
37.199 , -0.1699982
37.2 , -0.1699982
37.201 , -0.1599998
37.202 , -0.1599998
37.204 , -0.1800003
37.205 , -0.1699982
37.206 , -0.1699982
37.207 , -0.1699982
37.208 , -0.1599998
37.209 , -0.1800003
37.211 , -0.170002
37.212 , -0.170002
37.213 , -0.170002
37.214 , -0.2400017
37.215 , -0.2099991
37.216 , -0.1599998
37.217 , -0.2099991
37.218 , -0.1500015
37.22 , -0.1500015
37.221 , -0.1899986
37.222 , -0.1899986
37.223 , -0.2099991
37.224 , -0.1899986
37.225 , -0.1800003
37.226 , -0.1800003
37.228 , -0.1899986
37.229 , -0.2399979
37.23 , -0.1899986
37.231 , -0.2299995
37.232 , -0.1800003
37.233 , -0.1800003
37.234 , -0.1800003
37.236 , -0.2199974
37.237 , -0.1699982
37.238 , -0.2099991
37.239 , -0.2099991
37.24 , -0.2099991
37.241 , -0.2000008
37.242 , -0.2200012
37.243 , -0.2000008
37.245 , -0.1899986
37.246 , -0.1899986
37.247 , -0.2099991
37.248 , -0.2000008
37.249 , -0.2200012
37.25 , -0.2000008
37.251 , -0.1899986
37.253 , -0.2099991
37.254 , -0.2599983
37.255 , -0.2000008
37.256 , -0.2000008
37.257 , -0.1800003
37.258 , -0.1899986
37.259 , -0.2399979
37.261 , -0.1800003
37.262 , -0.1800003
37.263 , -0.1800003
37.264 , -0.1800003
37.265 , -0.2199974
37.266 , -0.1699982
37.267 , -0.2399979
37.269 , -0.2299995
37.27 , -0.2299995
37.271 , -0.2200012
37.272 , -0.2200012
37.273 , -0.2700005
37.274 , -0.2200012
37.276 , -0.2099991
37.277 , -0.2599983
37.278 , -0.2000008
37.279 , -0.2000008
37.28 , -0.2000008
37.281 , -0.2700005
37.282 , -0.1899986
37.284 , -0.1899986
37.285 , -0.1800003
37.286 , -0.2299995
37.287 , -0.1800003
37.288 , -0.2199974
37.289 , -0.2399979
37.291 , -0.2199974
37.292 , -0.2099991
37.293 , -0.2099991
37.294 , -0.2299995
37.295 , -0.2200012
37.296 , -0.2200012
37.297 , -0.2200012
37.299 , -0.2099991
37.3 , -0.2299995
37.301 , -0.2299995
37.302 , -0.2000008
37.303 , -0.2200012
37.304 , -0.2200012
37.305 , -0.1899986
37.307 , -0.2099991
37.308 , -0.2000008
37.309 , -0.25
37.31 , -0.25
37.311 , -0.25
37.312 , -0.2399979
37.313 , -0.2399979
37.315 , -0.25
37.316 , -0.2299995
37.317 , -0.25
37.318 , -0.3099976
37.319 , -0.2399979
37.32 , -0.2399979
37.321 , -0.2399979
37.323 , -0.2099991
37.324 , -0.2099991
37.325 , -0.2000008
37.326 , -0.1500015
37.327 , -0.1500015
37.328 , -0.1899986
37.329 , -0.1899986
37.331 , -0.1899986
37.332 , -0.1800003
37.333 , -0.2000008
37.334 , -0.2000008
37.335 , -0.1899986
37.336 , -0.1699982
37.337 , -0.1899986
37.339 , -0.2299995
37.34 , -0.1800003
37.341 , -0.1800003
37.342 , -0.2199974
37.343 , -0.1699982
37.344 , -0.1699982
37.346 , -0.1599998
37.347 , -0.2099991
37.348 , -0.2199974
37.349 , -0.1999969
37.35 , -0.1499977
37.351 , -0.2199974
37.353 , -0.1899986
37.354 , -0.2099991
37.355 , -0.1800003
37.356 , -0.1800003
37.357 , -0.1800003
37.358 , -0.1899986
37.359 , -0.1899986
37.361 , -0.1899986
37.362 , -0.1599998
37.363 , -0.1599998
37.364 , -0.1800003
37.365 , -0.1499977
37.366 , -0.1499977
37.368 , -0.1699982
37.369 , -0.1599998
37.37 , -0.1599998
37.371 , -0.1599998
37.372 , -0.1499977
37.374 , -0.07999802
37.375 , -0.06999969
37.376 , -0.1199989
37.377 , -0.1199989
37.379 , -0.1300011
37.38 , -0.1300011
37.381 , -0.1100006
37.382 , -0.09999847
37.383 , -0.04999924
37.385 , 0.02999878
37.386 , 0.06999969
37.387 , 0.1399994
37.389 , 0.2000008
37.39 , 0.2400017
37.391 , 0.3800011
37.392 , 0.5499992
37.393 , 0.6899986
37.394 , 0.7099991
37.396 , 0.7000008
37.397 , 0.7000008
37.398 , 0.6500015
37.399 , 0.6399994
37.4 , 0.6199989
37.401 , 0.5499992
37.403 , 0.4400024
37.404 , 0.420002
37.405 , 0.4300003
37.406 , 0.4300003
37.407 , 0.4099998
37.408 , 0.4300003
37.409 , 0.5099983
37.41 , 0.5299988
37.412 , 0.5900002
37.413 , 0.6800003
37.414 , 0.6800003
37.415 , 0.6699982
37.416 , 0.5299988
37.417 , 0.4599991
37.418 , 0.3899994
37.42 , 0.2900009
37.421 , 0.170002
37.422 , 0.1399994
37.423 , 0.06999969
37.424 , 0.02000046
37.426 , 0.01000214
37.427 , -0.0399971
37.428 , 0.01000214
37.43 , 0.04000092
37.431 , 0.1100006
37.432 , 0.170002
37.433 , 0.2100029
37.434 , 0.2800026
37.436 , 0.3400002
37.437 , 0.3400002
37.438 , 0.3800011
37.439 , 0.3499985
37.44 , 0.3899994
37.441 , 0.3499985
37.442 , 0.3600006
37.444 , 0.2900009
37.445 , 0.2999992
37.446 , 0.25
37.447 , 0.25
37.448 , 0.2099991
37.449 , 0.2400017
37.45 , 0.2200012
37.451 , 0.170002
37.453 , 0.1800003
37.454 , 0.1800003
37.455 , 0.1800003
37.456 , 0.1900024
37.457 , 0.2400017
37.458 , 0.1900024
37.459 , 0.2000008
37.46 , 0.2700005
37.462 , 0.2599983
37.463 , 0.2799988
37.464 , 0.2799988
37.465 , 0.2599983
37.466 , 0.2900009
37.467 , 0.2200012
37.468 , 0.2700005
37.469 , 0.2299995
37.471 , 0.2099991
37.472 , 0.2200012
37.473 , 0.2200012
37.474 , 0.170002
37.475 , 0.2200012
37.476 , 0.2299995
37.477 , 0.1800003
37.479 , 0.2400017
37.48 , 0.2400017
37.481 , 0.2400017
37.482 , 0.25
37.483 , 0.25
37.484 , 0.2700005
37.485 , 0.25
37.486 , 0.2100029
37.488 , 0.2100029
37.489 , 0.1500015
37.49 , 0.2200012
37.491 , 0.1500015
37.492 , 0.2099991
37.493 , 0.1599998
37.494 , 0.2099991
37.496 , 0.2200012
37.497 , 0.2200012
37.498 , 0.2200012
37.499 , 0.2299995
37.5 , 0.2299995
37.501 , 0.1800003
37.502 , 0.2400017
37.503 , 0.170002
37.505 , 0.170002
37.506 , 0.25
37.507 , 0.2000008
37.508 , 0.2000008
37.509 , 0.2100029
37.51 , 0.2100029
37.511 , 0.1900024
37.512 , 0.2000008
37.513 , 0.2000008
37.515 , 0.2000008
37.516 , 0.1900024
37.517 , 0.1900024
37.518 , 0.2100029
37.519 , 0.2200012
37.52 , 0.2000008
37.521 , 0.2000008
37.522 , 0.2299995
37.524 , 0.2099991
37.525 , 0.2099991
37.526 , 0.2200012
37.527 , 0.2200012
37.528 , 0.170002
37.529 , 0.1800003
37.53 , 0.1800003
37.532 , 0.1900024
37.533 , 0.170002
37.534 , 0.1900024
37.535 , 0.1900024
37.536 , 0.1800003
37.537 , 0.1800003
37.538 , 0.2000008
37.539 , 0.1900024
37.54 , 0.2100029
37.542 , 0.1900024
37.543 , 0.2200012
37.544 , 0.2000008
37.545 , 0.2200012
37.546 , 0.2099991
37.547 , 0.1599998
37.548 , 0.1599998
37.55 , 0.1500015
37.551 , 0.2200012
37.552 , 0.170002
37.553 , 0.1599998
37.554 , 0.1800003
37.555 , 0.1800003
37.556 , 0.170002
37.557 , 0.1900024
37.559 , 0.2000008
37.56 , 0.1800003
37.561 , 0.1800003
37.562 , 0.2000008
37.563 , 0.2100029
37.564 , 0.1900024
37.565 , 0.170002
37.566 , 0.2000008
37.568 , 0.2000008
37.569 , 0.1900024
37.57 , 0.2100029
37.571 , 0.1900024
37.572 , 0.1900024
37.573 , 0.2000008
37.574 , 0.1500015
37.575 , 0.1500015
37.577 , 0.1599998
37.578 , 0.2099991
37.579 , 0.170002
37.58 , 0.170002
37.581 , 0.170002
37.582 , 0.170002
37.583 , 0.1800003
37.585 , 0.1599998
37.586 , 0.170002
37.587 , 0.170002
37.588 , 0.170002
37.589 , 0.1300011
37.59 , 0.1800003
37.591 , 0.1100006
37.592 , 0.05999756
37.594 , 0.05000305
37.595 , 0.03000259
37.596 , 0.04000092
37.598 , 0.06000137
37.599 , 0.07000351
37.6 , 0.1400032
37.602 , 0.1600037
37.603 , 0.2400017
37.604 , 0.2200012
37.605 , 0.2400017
37.606 , 0.25
37.607 , 0.2299995
37.608 , 0.1599998
37.61 , 0.1900024
37.611 , 0.1199989
37.612 , 0.1000023
37.613 , 0.09000015
37.614 , 0.0399971
37.616 , 0.04999924
37.617 , -0.02000046
37.618 , 0.03000259
37.62 , -0.01000214
37.621 , 0.04000092
37.622 , 0.05999756
37.624 , 0.05000305
37.625 , 0.06999969
37.626 , 0.1300011
37.627 , 0.07999802
37.629 , 0.07999802
37.63 , 0.08999634
37.631 , 0.06999969
37.633 , 0.08000183
37.634 , 0.02999878
37.636 , 0.09000015
37.637 , 0.0399971
37.638 , 0.09000015
37.64 , 0.01000214
37.641 , 0.04999924
37.642 , 0.04999924
37.644 , 0.05999756
37.645 , 0.1100006
37.646 , 0.06999969
37.648 , 0.06999969
37.649 , 0.03000259
37.65 , 0.07999802
37.652 , 0.07999802
37.653 , 0.09000015
37.654 , 0.09000015
37.656 , 0.06000137
37.657 , 0.06000137
37.658 , 0.009998322
37.66 , 0.0
37.661 , 0.01999664
37.662 , 0.01999664
37.672 , 0.03000259
37.673 , -0.01000214
37.674 , -0.03000259
37.676 , -0.02000046
37.677 , 0.0
37.678 , -0.02000046
37.679 , 0.0
37.681 , -0.01000214
37.682 , 0.009998322
37.683 , 0.02000046
37.685 , 0.02000046
37.686 , 0.009998322
37.687 , 0.009998322
37.689 , 0.009998322
37.69 , 0.0
37.692 , 0.01999664
37.693 , 0.01000214
37.694 , 0.01000214
37.696 , 0.02000046
37.697 , 0.02000046
37.698 , 0.02000046
37.7 , 0.03000259
37.701 , 0.03000259
37.702 , -0.02000046
37.703 , 0.04000092
37.705 , -0.02999878
37.706 , -0.01000214
37.707 , 0.0
37.709 , -0.01999664
37.71 , -0.06000137
37.711 , -0.009998322
37.713 , 0.0
37.714 , 0.0
37.715 , 0.0
37.716 , -0.07000351
37.717 , -0.04000092
37.719 , -0.04000092
37.72 , 0.02000046
37.721 , 0.02000046
37.723 , -0.02000046
37.724 , -0.02000046
37.725 , -0.04000092
37.727 , -0.01000214
37.728 , -0.03000259
37.729 , -0.01000214
37.731 , 0.0
37.732 , -0.05999756
37.733 , -0.04999924
37.734 , -0.04999924
37.736 , -0.01000214
37.737 , 0.0
37.738 , -0.0399971
37.74 , -0.02999878
37.741 , -0.02999878
37.742 , -0.02999878
37.744 , -0.02000046
37.745 , 0.01999664
37.746 , -0.02000046
37.748 , -0.009998322
37.749 , -0.06000137
37.751 , -0.03000259
37.752 , -0.1000023
37.753 , -0.04000092
37.754 , -0.1100006
37.756 , -0.1100006
37.757 , -0.1000023
37.758 , -0.08000183
37.759 , -0.1000023
37.76 , -0.09000015
37.762 , -0.06999969
37.763 , -0.06000137
37.764 , -0.06000137
37.766 , -0.06000137
37.767 , -0.04999924
37.768 , -0.06999969
37.77 , -0.06000137
37.771 , -0.06000137
37.772 , -0.06000137
37.774 , -0.09000015
37.775 , -0.09000015
37.777 , -0.07999802
37.778 , -0.07999802
37.779 , -0.04000092
37.781 , -0.06999969
37.782 , -0.1000023
37.783 , -0.09000015
37.785 , -0.09000015
37.786 , -0.09000015
37.787 , -0.08000183
37.789 , -0.1000023
37.79 , -0.09000015
37.791 , -0.09000015
37.792 , -0.09000015
37.794 , -0.08000183
37.795 , -0.08000183
37.796 , -0.08000183
37.798 , -0.07000351
37.799 , -0.07000351
37.8 , -0.06000137
37.802 , -0.04000092
37.803 , -0.06000137
37.804 , -0.03000259
37.806 , -0.05000305
37.807 , -0.04000092
37.809 , -0.04000092
37.81 , -0.08000183
37.811 , -0.08000183
37.812 , -0.1000023
37.814 , -0.09000015
37.815 , -0.09000015
37.816 , -0.09000015
37.818 , -0.08000183
37.819 , -0.1199989
37.82 , -0.1099968
37.821 , -0.1099968
37.822 , -0.06999969
37.824 , -0.06000137
37.825 , -0.09999847
37.827 , -0.09000015
37.828 , -0.05000305
37.829 , -0.09000015
37.831 , -0.04000092
37.832 , -0.1100006
37.833 , -0.1100006
37.834 , -0.1200027
37.835 , -0.1000023
37.836 , -0.1200027
37.838 , -0.09000015
37.839 , -0.05999756
37.84 , -0.1000023
37.841 , -0.1000023
37.842 , -0.08000183
37.844 , -0.06999969
37.845 , -0.09000015
37.846 , -0.09000015
37.848 , -0.1300011
37.849 , -0.08000183
37.85 , -0.1199989
37.852 , -0.1199989
37.853 , -0.1199989
37.854 , -0.1100006
37.855 , -0.1300011
37.856 , -0.1300011
37.857 , -0.1200027
37.858 , -0.1200027
37.859 , -0.1200027
37.86 , -0.1100006
37.862 , -0.1100006
37.863 , -0.09000015
37.864 , -0.08000183
37.865 , -0.08000183
37.867 , -0.06999969
37.868 , -0.09000015
37.869 , -0.1399994
37.871 , -0.1500015
37.872 , -0.1500015
37.873 , -0.08000183
37.874 , -0.1199989
37.875 , -0.1199989
37.877 , -0.170002
37.878 , -0.1300011
37.879 , -0.1300011
37.88 , -0.1300011
37.881 , -0.1600037
37.882 , -0.1600037
37.883 , -0.1600037
37.885 , -0.1100006
37.886 , -0.1500015
37.887 , -0.1000023
37.888 , -0.1400032
37.889 , -0.1400032
37.89 , -0.1400032
37.891 , -0.1599998
37.893 , -0.1599998
37.894 , -0.1500015
37.895 , -0.1200027
37.896 , -0.1500015
37.897 , -0.1399994
37.898 , -0.1399994
37.9 , -0.1399994
37.901 , -0.1500015
37.902 , -0.1000023
37.903 , -0.1300011
37.904 , -0.1399994
37.905 , -0.1399994
37.906 , -0.1899986
37.908 , -0.1300011
37.909 , -0.1300011
37.91 , -0.1300011
37.911 , -0.170002
37.912 , -0.1200027
37.913 , -0.1900024
37.914 , -0.1599998
37.916 , -0.1599998
37.917 , -0.1500015
37.918 , -0.1000023
37.919 , -0.1000023
37.92 , -0.1000023
37.921 , -0.09000015
37.923 , -0.1399994
37.924 , -0.1300011
37.925 , -0.08000183
37.926 , -0.1300011
37.927 , -0.1399994
37.929 , -0.1800003
37.93 , -0.1399994
37.931 , -0.170002
37.932 , -0.170002
37.933 , -0.2000008
37.934 , -0.1899986
37.936 , -0.1599998
37.937 , -0.1800003
37.938 , -0.1500015
37.939 , -0.1800003
37.94 , -0.1100006
37.941 , -0.1400032
37.942 , -0.170002
37.943 , -0.1400032
37.945 , -0.1300011
37.946 , -0.1300011
37.947 , -0.1500015
37.948 , -0.1500015
37.949 , -0.170002
37.95 , -0.170002
37.951 , -0.1399994
37.952 , -0.2099991
37.954 , -0.1500015
37.955 , -0.2000008
37.956 , -0.1500015
37.957 , -0.1399994
37.958 , -0.1899986
37.959 , -0.1399994
37.961 , -0.1800003
37.962 , -0.1300011
37.963 , -0.1300011
37.964 , -0.170002
37.965 , -0.170002
37.966 , -0.170002
37.967 , -0.1200027
37.969 , -0.1599998
37.97 , -0.1599998
37.971 , -0.1500015
37.972 , -0.2100029
37.973 , -0.170002
37.974 , -0.2000008
37.975 , -0.1599998
37.977 , -0.1599998
37.978 , -0.1500015
37.979 , -0.1900024
37.98 , -0.1300011
37.981 , -0.1399994
37.982 , -0.1199989
37.984 , -0.1300011
37.985 , -0.170002
37.986 , -0.2000008
37.987 , -0.2000008
37.988 , -0.2299995
37.989 , -0.1599998
37.991 , -0.1800003
37.992 , -0.2200012
37.993 , -0.1800003
37.994 , -0.2400017
37.995 , -0.2100029
37.996 , -0.2100029
37.997 , -0.170002
37.999 , -0.2000008
38.0 , -0.2000008
38.001 , -0.1900024
38.002 , -0.1900024
38.003 , -0.2200012
38.004 , -0.1800003
38.005 , -0.1399994
38.006 , -0.1800003
38.007 , -0.1800003
38.009 , -0.2200012
38.01 , -0.2000008
38.011 , -0.1899986
38.012 , -0.2099991
38.013 , -0.1899986
38.014 , -0.2400017
38.015 , -0.2000008
38.017 , -0.2000008
38.018 , -0.1699982
38.019 , -0.1899986
38.02 , -0.1899986
38.021 , -0.2200012
38.022 , -0.2200012
38.023 , -0.1800003
38.025 , -0.170002
38.026 , -0.170002
38.027 , -0.170002
38.028 , -0.2000008
38.029 , -0.2000008
38.03 , -0.2000008
38.031 , -0.1900024
38.032 , -0.1900024
38.034 , -0.1800003
38.035 , -0.1800003
38.036 , -0.2099991
38.037 , -0.2099991
38.038 , -0.2000008
38.039 , -0.170002
38.04 , -0.2000008
38.042 , -0.1899986
38.043 , -0.1899986
38.044 , -0.2299995
38.045 , -0.2200012
38.046 , -0.2200012
38.047 , -0.1800003
38.048 , -0.2100029
38.05 , -0.2100029
38.051 , -0.2299995
38.052 , -0.25
38.053 , -0.2299995
38.054 , -0.2000008
38.055 , -0.2400017
38.056 , -0.2200012
38.057 , -0.2200012
38.059 , -0.2299995
38.06 , -0.2299995
38.061 , -0.170002
38.062 , -0.2000008
38.063 , -0.170002
38.064 , -0.2200012
38.065 , -0.2099991
38.067 , -0.2799988
38.068 , -0.2000008
38.069 , -0.2400017
38.07 , -0.2400017
38.071 , -0.1899986
38.072 , -0.2299995
38.074 , -0.1899986
38.075 , -0.2200012
38.076 , -0.2200012
38.077 , -0.1599998
38.078 , -0.170002
38.079 , -0.170002
38.08 , -0.1200027
38.081 , -0.1399994
38.083 , -0.1599998
38.084 , -0.1599998
38.085 , -0.1500015
38.086 , -0.1500015
38.087 , -0.1500015
38.088 , -0.1399994
38.089 , -0.1800003
38.091 , -0.170002
38.092 , -0.2000008
38.093 , -0.170002
38.094 , -0.2000008
38.095 , -0.1899986
38.096 , -0.1899986
38.098 , -0.1500015
38.099 , -0.1800003
38.1 , -0.1800003
38.101 , -0.1699982
38.102 , -0.1399994
38.103 , -0.1699982
38.104 , -0.1699982
38.106 , -0.1300011
38.107 , -0.1599998
38.108 , -0.1200027
38.109 , -0.1200027
38.11 , -0.1900024
38.111 , -0.1399994
38.112 , -0.1399994
38.113 , -0.1800003
38.115 , -0.2000008
38.116 , -0.170002
38.117 , -0.2000008
38.118 , -0.1899986
38.119 , -0.1599998
38.12 , -0.1599998
38.121 , -0.1500015
38.123 , -0.1100006
38.124 , -0.1500015
38.125 , -0.09999847
38.126 , -0.09999847
38.127 , -0.09999847
38.129 , -0.09000015
38.13 , -0.1300011
38.131 , -0.1599998
38.132 , -0.1200027
38.134 , -0.08000183
38.135 , 0.0
38.136 , 0.04999924
38.137 , 0.1199989
38.138 , 0.1899986
38.14 , 0.2599983
38.141 , 0.3499985
38.142 , 0.5
38.143 , 0.6599998
38.144 , 0.75
38.145 , 0.7599983
38.146 , 0.7399979
38.148 , 0.7000008
38.149 , 0.6399994
38.15 , 0.6399994
38.151 , 0.5400009
38.152 , 0.5299988
38.153 , 0.4399986
38.155 , 0.4000015
38.156 , 0.3800011
38.157 , 0.4500008
38.158 , 0.4099998
38.159 , 0.4599991
38.16 , 0.5699997
38.162 , 0.579998
38.163 , 0.5199966
38.164 , 0.4899979
38.165 , 0.4099998
38.166 , 0.2700005
38.167 , 0.2099991
38.168 , 0.05999756
38.17 , 0.02999878
38.171 , -0.06000137
38.173 , -0.09000015
38.174 , -0.09000015
38.175 , -0.08000183
38.177 , -0.02000046
38.178 , 0.06000137
38.179 , 0.1500015
38.18 , 0.1800003
38.181 , 0.25
38.183 , 0.2999992
38.184 , 0.2999992
38.185 , 0.3600006
38.186 , 0.3300018
38.187 , 0.3300018
38.188 , 0.3400002
38.189 , 0.3199997
38.191 , 0.2799988
38.192 , 0.2199974
38.193 , 0.2199974
38.194 , 0.1699982
38.195 , 0.1800003
38.196 , 0.1399994
38.198 , 0.2099991
38.199 , 0.1499977
38.2 , 0.1899986
38.201 , 0.1499977
38.202 , 0.2000008
38.203 , 0.2000008
38.204 , 0.2000008
38.205 , 0.2299995
38.207 , 0.2299995
38.208 , 0.2400017
38.209 , 0.2400017
38.21 , 0.2400017
38.211 , 0.2400017
38.212 , 0.2299995
38.213 , 0.1899986
38.214 , 0.1899986
38.216 , 0.1699982
38.217 , 0.1999969
38.218 , 0.1999969
38.219 , 0.1800003
38.22 , 0.1399994
38.221 , 0.2099991
38.223 , 0.2199974
38.224 , 0.1899986
38.225 , 0.2299995
38.226 , 0.2000008
38.227 , 0.2000008
38.228 , 0.2000008
38.229 , 0.1699982
38.231 , 0.2099991
38.232 , 0.1800003
38.233 , 0.1800003
38.234 , 0.1800003
38.235 , 0.1899986
38.236 , 0.1899986
38.237 , 0.1599998
38.239 , 0.2000008
38.24 , 0.170002
38.241 , 0.2400017
38.242 , 0.25
38.243 , 0.1800003
38.244 , 0.2099991
38.245 , 0.2199974
38.246 , 0.1899986
38.248 , 0.1899986
38.249 , 0.2000008
38.25 , 0.1800003
38.251 , 0.1800003
38.252 , 0.1899986
38.253 , 0.1899986
38.254 , 0.1499977
38.256 , 0.2200012
38.257 , 0.2000008
38.258 , 0.2000008
38.259 , 0.2099991
38.26 , 0.1699982
38.261 , 0.1699982
38.262 , 0.1800003
38.264 , 0.1800003
38.265 , 0.1899986
38.266 , 0.2299995
38.267 , 0.1899986
38.268 , 0.1899986
38.269 , 0.170002
38.271 , 0.170002
38.272 , 0.1800003
38.273 , 0.1800003
38.274 , 0.1100006
38.275 , 0.1499977
38.276 , 0.1899986
38.277 , 0.1499977
38.279 , 0.1599998
38.28 , 0.1599998
38.281 , 0.2000008
38.282 , 0.2099991
38.283 , 0.1699982
38.284 , 0.1699982
38.286 , 0.1800003
38.287 , 0.1800003
38.288 , 0.1800003
38.289 , 0.1899986
38.29 , 0.1599998
38.291 , 0.1899986
38.292 , 0.2000008
38.294 , 0.170002
38.295 , 0.1399994
38.296 , 0.1399994
38.297 , 0.1399994
38.298 , 0.1399994
38.299 , 0.1499977
38.301 , 0.1499977
38.302 , 0.1599998
38.303 , 0.1599998
38.304 , 0.1599998
38.305 , 0.1599998
38.306 , 0.1699982
38.308 , 0.1699982
38.309 , 0.1800003
38.31 , 0.1300011
38.311 , 0.1500015
38.312 , 0.1899986
38.313 , 0.1599998
38.314 , 0.1399994
38.316 , 0.1500015
38.317 , 0.1500015
38.318 , 0.1100006
38.319 , 0.1599998
38.32 , 0.1800003
38.321 , 0.1800003
38.322 , 0.170002
38.323 , 0.170002
38.325 , 0.170002
38.326 , 0.1100006
38.327 , 0.1399994
38.328 , 0.1399994
38.329 , 0.1899986
38.33 , 0.1199989
38.331 , 0.1199989
38.333 , 0.1300011
38.334 , 0.1300011
38.335 , 0.1300011
38.336 , 0.09999847
38.337 , 0.1399994
38.338 , 0.1399994
38.34 , 0.1100006
38.341 , 0.1500015
38.342 , 0.09000015
38.343 , 0.09000015
38.345 , 0.02999878
38.346 , 0.04000092
38.347 , 0.04000092
38.349 , 0.09000015
38.35 , 0.1100006
38.351 , 0.1100006
38.352 , 0.1500015
38.353 , 0.1900024
38.354 , 0.1900024
38.355 , 0.2200012
38.356 , 0.2000008
38.358 , 0.1599998
38.359 , 0.1699982
38.368 , 0.0
38.369 , 0.04000092
38.37 , 0.01000214
38.372 , 0.04999924
38.373 , 0.0
38.374 , 0.04999924
38.376 , 0.06000137
38.377 , 0.1000023
38.378 , 0.1000023
38.379 , 0.1399994
38.38 , 0.1100006
38.381 , 0.06999969
38.383 , 0.1199989
38.384 , 0.07999802
38.385 , 0.04999924
38.387 , 0.06000137
38.388 , 0.06000137
38.389 , 0.06999969
38.391 , 0.04999924
38.392 , 0.009998322
38.394 , 0.02000046
38.395 , 0.06000137
38.396 , 0.02999878
38.398 , 0.0
38.399 , 0.08000183
38.4 , 0.04000092
38.401 , 0.04000092
38.403 , 0.02000046
38.404 , 0.04999924
38.405 , 0.04999924
38.407 , 0.06000137
38.408 , 0.03000259
38.409 , 0.04000092
38.411 , 0.0
38.412 , 0.04000092
38.413 , -0.02000046
38.415 , 0.009998322
38.416 , 0.02000046
38.417 , -0.009998322
38.419 , 0.02999878
38.42 , 0.02999878
38.422 , 0.06999969
38.423 , 0.04000092
38.424 , 0.04000092
38.426 , 0.02000046
38.427 , -0.04000092
38.428 , 0.02000046
38.43 , 0.03000259
38.431 , 0.03000259
38.432 , -0.02999878
38.434 , -0.02000046
38.435 , -0.02000046
38.436 , -0.0399971
38.438 , -0.0399971
38.439 , 0.0
38.44 , 0.02000046
38.441 , 0.0
38.442 , -0.02999878
38.444 , 0.02999878
38.445 , 0.009998322
38.447 , -0.009998322
38.448 , -0.009998322
38.45 , 0.0
38.451 , 0.02999878
38.452 , -0.04000092
38.453 , -0.02999878
38.455 , -0.02999878
38.456 , -0.04999924
38.457 , -0.04999924
38.459 , -0.0399971
38.46 , 0.03000259
38.462 , 0.03000259
38.463 , 0.0
38.464 , 0.04000092
38.465 , 0.04000092
38.467 , -0.02000046
38.468 , 0.04999924
38.469 , 0.009998322
38.471 , 0.09000015
38.472 , 0.02000046
38.473 , -0.04000092
38.475 , 0.0
38.476 , -0.02999878
38.477 , -0.02999878
38.479 , 0.01000214
38.48 , 0.02000046
38.481 , 0.02000046
38.483 , 0.03000259
38.484 , 0.03000259
38.485 , -0.009998322
38.487 , 0.04000092
38.488 , 0.0
38.489 , 0.04000092
38.491 , 0.01000214
38.492 , 0.01000214
38.493 , 0.02000046
38.494 , 0.0
38.496 , 0.02999878
38.497 , 0.009998322
38.498 , -0.02000046
38.5 , -0.009998322
38.501 , 0.02000046
38.503 , 0.02999878
38.504 , 0.02999878
38.505 , 0.0
38.506 , 0.01000214
38.508 , -0.02999878
38.509 , -0.02999878
38.511 , 0.02000046
38.512 , 0.02000046
38.513 , -0.009998322
38.515 , -0.0399971
38.516 , 0.0
38.517 , 0.0
38.518 , 0.04000092
38.52 , 0.01000214
38.521 , 0.01000214
38.522 , -0.01999664
38.524 , 0.02000046
38.525 , -0.009998322
38.526 , 0.02999878
38.528 , 0.02999878
38.529 , 0.0
38.53 , 0.01000214
38.532 , 0.01000214
38.533 , 0.02000046
38.534 , -0.02000046
38.535 , 0.02000046
38.537 , -0.009998322
38.538 , -0.02999878
38.54 , 0.0
38.541 , -0.02000046
38.542 , -0.02000046
38.543 , 0.01000214
38.545 , 0.01000214
38.546 , -0.04999924
38.547 , 0.0
38.549 , 0.0
38.55 , 0.009998322
38.551 , 0.009998322
38.553 , -0.02999878
38.554 , -0.02999878
38.555 , -0.02999878
38.557 , 0.02999878
38.558 , -0.02000046
38.559 , -0.04000092
38.561 , -0.009998322
38.562 , -0.02999878
38.564 , -0.02000046
38.565 , -0.02000046
38.566 , -0.02000046
38.568 , -0.009998322
38.569 , -0.009998322
38.571 , -0.02999878
38.572 , -0.06999969
38.573 , -0.1299973
38.574 , -0.09000015
38.576 , -0.1299973
38.577 , -0.08000183
38.578 , -0.1199989
38.58 , -0.1300011
38.581 , -0.1100006
38.582 , -0.1100006
38.583 , -0.06000137
38.584 , -0.09999847
38.586 , -0.1199989
38.587 , -0.1100006
38.588 , -0.1100006
38.589 , -0.1100006
38.59 , -0.09999847
38.591 , -0.07999802
38.593 , -0.09000015
38.594 , -0.1199989
38.595 , -0.1199989
38.597 , -0.07999802
38.598 , -0.1099968
38.599 , -0.1099968
38.6 , -0.09999847
38.602 , -0.1399994
38.603 , -0.1299973
38.604 , -0.08999634
38.605 , -0.1299973
38.607 , -0.1199989
38.608 , -0.07999802
38.609 , -0.1500015
38.61 , -0.1100006
38.611 , -0.1400032
38.612 , -0.1100006
38.614 , -0.1300011
38.615 , -0.1300011
38.616 , -0.1300011
38.617 , -0.09000015
38.618 , -0.1599998
38.619 , -0.1200027
38.62 , -0.07999802
38.622 , -0.1100006
38.623 , -0.1399994
38.624 , -0.06999969
38.625 , -0.1000023
38.627 , -0.1299973
38.628 , -0.1299973
38.629 , -0.09000015
38.63 , -0.1399994
38.631 , -0.1199989
38.633 , -0.1300011
38.634 , -0.1600037
38.635 , -0.1300011
38.636 , -0.1300011
38.637 , -0.1199989
38.638 , -0.1199989
38.639 , -0.1199989
38.641 , -0.09000015
38.642 , -0.1100006
38.643 , -0.1100006
38.644 , -0.09999847
38.646 , -0.09999847
38.647 , -0.09000015
38.648 , -0.1200027
38.649 , -0.1200027
38.651 , -0.1100006
38.652 , -0.1100006
38.653 , -0.1499977
38.654 , -0.1000023
38.655 , -0.1399994
38.656 , -0.1399994
38.658 , -0.1299973
38.659 , -0.1599998
38.66 , -0.1199989
38.661 , -0.1199989
38.662 , -0.1199989
38.663 , -0.1199989
38.665 , -0.1400032
38.666 , -0.1100006
38.667 , -0.09999847
38.668 , -0.1699982
38.669 , -0.1300011
38.671 , -0.1200027
38.672 , -0.1599998
38.673 , -0.1599998
38.674 , -0.1699982
38.675 , -0.1499977
38.676 , -0.1100006
38.678 , -0.06999969
38.679 , -0.06999969
38.68 , -0.09000015
38.682 , -0.1299973
38.683 , -0.09000015
38.684 , -0.08000183
38.685 , -0.08000183
38.687 , -0.0399971
38.688 , -0.1099968
38.689 , -0.1099968
38.691 , -0.09999847
38.692 , -0.09999847
38.693 , -0.1199989
38.694 , -0.09000015
38.696 , -0.1100006
38.697 , -0.09999847
38.698 , -0.09999847
38.7 , -0.09000015
38.701 , -0.09000015
38.702 , -0.06999969
38.704 , -0.07999802
38.705 , -0.1299973
38.706 , -0.1299973
38.707 , -0.1199989
38.709 , -0.1199989
38.71 , -0.1299973
38.711 , -0.1099968
38.712 , -0.1299973
38.713 , -0.1599998
38.714 , -0.1199989
38.716 , -0.1199989
38.717 , -0.1400032
38.718 , -0.1100006
38.719 , -0.09000015
38.72 , -0.09999847
38.722 , -0.09999847
38.723 , -0.09999847
38.724 , -0.06999969
38.726 , -0.09000015
38.727 , -0.07999802
38.729 , -0.1499977
38.73 , -0.1499977
38.731 , -0.1399994
38.732 , -0.1399994
38.733 , -0.1399994
38.735 , -0.1299973
38.736 , -0.1299973
38.737 , -0.1899986
38.738 , -0.1399994
38.739 , -0.08000183
38.741 , -0.06999969
38.742 , -0.1099968
38.743 , -0.1299973
38.744 , -0.1199989
38.745 , -0.1199989
38.747 , -0.1100006
38.748 , -0.1100006
38.749 , -0.1100006
38.75 , -0.1599998
38.751 , -0.1499977
38.752 , -0.1499977
38.754 , -0.1599998
38.755 , -0.1399994
38.756 , -0.1599998
38.757 , -0.1299973
38.758 , -0.1499977
38.759 , -0.1499977
38.761 , -0.1399994
38.762 , -0.1399994
38.763 , -0.1399994
38.764 , -0.1099968
38.765 , -0.1099968
38.766 , -0.05999756
38.768 , -0.09999847
38.769 , -0.1500015
38.77 , -0.1500015
38.772 , -0.1399994
38.773 , -0.1399994
38.774 , -0.1699982
38.775 , -0.1300011
38.776 , -0.1300011
38.777 , -0.1599998
38.779 , -0.1800003
38.78 , -0.1200027
38.781 , -0.1100006
38.782 , -0.1100006
38.783 , -0.1100006
38.784 , -0.1399994
38.785 , -0.1399994
38.787 , -0.1299973
38.788 , -0.1299973
38.789 , -0.09000015
38.79 , -0.1299973
38.791 , -0.1199989
38.793 , -0.1900024
38.794 , -0.1800003
38.795 , -0.1800003
38.796 , -0.1800003
38.797 , -0.1199989
38.798 , -0.1899986
38.8 , -0.1899986
38.801 , -0.1800003
38.802 , -0.1100006
38.803 , -0.1600037
38.804 , -0.09999847
38.806 , -0.1500015
38.807 , -0.1400032
38.808 , -0.1599998
38.809 , -0.1599998
38.81 , -0.1400032
38.811 , -0.1499977
38.813 , -0.1499977
38.814 , -0.1399994
38.815 , -0.1399994
38.816 , -0.2099991
38.817 , -0.170002
38.818 , -0.1999969
38.819 , -0.1999969
38.821 , -0.1500015
38.822 , -0.1199989
38.823 , -0.1500015
38.824 , -0.1099968
38.825 , -0.1099968
38.826 , -0.0399971
38.828 , -0.09999847
38.829 , -0.09999847
38.831 , -0.07000351
38.832 , -0.09000015
38.833 , -0.09000015
38.834 , -0.1100006
38.836 , -0.1100006
38.837 , -0.1100006
38.838 , -0.1399994
38.839 , -0.1000023
38.84 , -0.1000023
38.841 , -0.1299973
38.842 , -0.1499977
38.844 , -0.1199989
38.845 , -0.08000183
38.846 , -0.1399994
38.847 , -0.08000183
38.849 , -0.1099968
38.85 , -0.1099968
38.851 , -0.09999847
38.852 , -0.09999847
38.854 , -0.1099968
38.855 , -0.1099968
38.856 , -0.08999634
38.857 , -0.1799965
38.859 , -0.07999802
38.86 , -0.09999847
38.862 , -0.09000015
38.863 , -0.09000015
38.864 , -0.07999802
38.866 , -0.1499977
38.867 , -0.07999802
38.868 , -0.06999969
38.87 , -0.06999969
38.871 , -0.1299973
38.872 , -0.1299973
38.873 , -0.05999756
38.875 , -0.04999924
38.876 , -0.04999924
38.877 , -0.04999924
38.879 , -0.1099968
38.88 , -0.0399971
38.881 , -0.09999847
38.883 , -0.02999878
38.884 , 0.06999969
38.886 , 0.08999634
38.887 , 0.1399994
38.888 , 0.2099991
38.889 , 0.3100014
38.89 , 0.4000015
38.892 , 0.5
38.893 , 0.6099968
38.894 , 0.7400017
38.895 , 0.7800026
38.896 , 0.8100014
38.897 , 0.7400017
38.898 , 0.75
38.9 , 0.7199974
38.901 , 0.6900024
38.902 , 0.6399994
38.903 , 0.5699997
38.904 , 0.5100021
38.905 , 0.4700012
38.906 , 0.5200005
38.908 , 0.5300026
38.909 , 0.5500031
38.91 , 0.4800034
38.911 , 0.4700012
38.912 , 0.3300018
38.913 , 0.2200012
38.914 , 0.1199989
38.916 , 0.06999969
38.917 , -0.05000305
38.918 , -0.04000092
38.92 , -0.06000137
38.921 , -0.1200027
38.922 , -0.08000183
38.923 , -0.03000259
38.925 , 0.1000023
38.926 , 0.1200027
38.927 , 0.2099991
38.928 , 0.2700005
38.929 , 0.2900009
38.93 , 0.2900009
38.932 , 0.3000031
38.933 , 0.3700027
38.934 , 0.2800026
38.935 , 0.3100014
38.936 , 0.3499985
38.937 , 0.3100014
38.938 , 0.25
38.939 , 0.25
38.941 , 0.2599983
38.942 , 0.2400017
38.943 , 0.2400017
38.944 , 0.2099991
38.945 , 0.1800003
38.946 , 0.1599998
38.947 , 0.1800003
38.949 , 0.2299995
38.95 , 0.2299995
38.951 , 0.2000008
38.952 , 0.2000008
38.953 , 0.2000008
38.954 , 0.2000008
38.955 , 0.2100029
38.956 , 0.2100029
38.958 , 0.2599983
38.959 , 0.2000008
38.96 , 0.2200012
38.961 , 0.2300034
38.962 , 0.2300034
38.963 , 0.1400032
38.964 , 0.2300034
38.965 , 0.1500015
38.967 , 0.2200012
38.968 , 0.1599998
38.969 , 0.2299995
38.97 , 0.2299995
38.971 , 0.2400017
38.972 , 0.170002
38.973 , 0.1199989
38.975 , 0.1299973
38.976 , 0.1299973
38.977 , 0.1800003
38.978 , 0.1900024
38.979 , 0.1399994
38.98 , 0.1900024
38.981 , 0.1900024
38.983 , 0.1499977
38.984 , 0.1499977
38.985 , 0.1599998
38.986 , 0.1399994
38.987 , 0.1100006
38.988 , 0.1699982
38.99 , 0.1699982
38.991 , 0.1199989
38.992 , 0.1300011
38.993 , 0.09000015
38.994 , 0.1300011
38.995 , 0.09999847
38.997 , 0.1399994
38.998 , 0.1499977
38.999 , 0.1499977
39.0 , 0.09000015
39.002 , 0.1000023
39.003 , 0.1599998
39.004 , 0.1000023
39.005 , 0.1100006
39.006 , 0.1100006
39.007 , 0.1299973
39.008 , 0.1200027
39.009 , 0.1200027
39.011 , 0.1200027
39.012 , 0.07999802
39.013 , 0.1300011
39.014 , 0.07999802
39.016 , 0.09000015
39.017 , 0.09000015
39.018 , 0.1500015
39.019 , 0.07999802
39.021 , 0.07999802
39.022 , 0.1100006
39.023 , 0.1100006
39.024 , 0.1100006
39.025 , 0.09999847
39.027 , 0.09999847
39.028 , 0.1099968
39.029 , 0.1099968
39.03 , 0.07999802
39.032 , 0.09000015
39.033 , 0.09000015
39.034 , 0.09000015
39.036 , 0.09999847
39.037 , 0.09999847
39.038 , 0.1100006
39.04 , 0.1100006
39.041 , 0.1399994
39.042 , 0.1199989
39.043 , 0.1199989
39.044 , 0.07999802
39.046 , 0.1300011
39.047 , 0.1300011
39.048 , 0.09999847
39.049 , 0.09999847
39.051 , 0.09999847
39.052 , 0.1099968
39.053 , 0.08999634
39.055 , 0.1199989
39.056 , 0.09999847
39.057 , 0.09999847
39.058 , 0.1099968
39.06 , 0.1099968
39.061 , 0.1299973
39.062 , 0.06999969
39.063 , 0.1399994
39.064 , 0.06999969
39.066 , 0.07999802
39.067 , 0.07999802
39.069 , 0.1399994
39.07 , 0.06999969
39.071 , 0.09000015
39.073 , 0.07999802
39.074 , 0.07999802
39.075 , 0.1100006
39.076 , 0.09000015
39.078 , 0.09000015
39.079 , 0.04999924
39.08 , 0.09999847
39.082 , 0.1099968
39.083 , 0.1299973
39.084 , 0.1299973
39.093 , 0.09000015
39.095 , 0.09999847
39.096 , 0.07999802
39.097 , 0.05999756
39.099 , 0.09000015
39.1 , 0.09000015
39.101 , 0.1100006
39.102 , 0.1199989
39.104 , 0.1199989
39.105 , 0.1300011
39.106 , 0.1300011
39.107 , 0.1300011
39.108 , 0.1100006
39.109 , 0.09999847
39.11 , 0.04999924
39.112 , 0.05999756
39.113 , -0.01000214
39.114 , -0.01000214
39.116 , 0.0
39.117 , 0.0
39.118 , -0.02000046
39.119 , 0.009998322
39.121 , -0.01000214
39.122 , 0.02000046
39.123 , 0.06999969
39.125 , 0.09999847
39.126 , 0.07999802
39.127 , 0.07999802
39.129 , 0.04000092
39.13 , 0.04000092
39.131 , 0.04000092
39.133 , 0.02999878
39.134 , 0.02999878
39.136 , 0.05999756
39.137 , 0.0399971
39.138 , 0.01999664
39.14 , 0.04999924
39.141 , 0.02999878
39.142 , 0.05999756
39.144 , 0.05999756
39.145 , 0.0
39.146 , 0.0
39.147 , 0.0
39.148 , 0.04999924
39.15 , 0.05999756
39.151 , 0.009998322
39.153 , 0.02000046
39.154 , 0.02000046
39.155 , 0.02000046
39.157 , 0.009998322
39.158 , -0.04000092
39.159 , 0.02000046
39.161 , 0.02000046
39.162 , -0.02000046
39.163 , -0.02000046
39.165 , -0.02000046
39.166 , -0.01000214
39.167 , -0.01000214
39.169 , 0.0
39.17 , -0.02000046
39.171 , 0.0
39.172 , 0.009998322
39.174 , -0.01000214
39.175 , -0.01000214
39.176 , 0.0
39.177 , 0.0
39.178 , -0.02000046
39.18 , 0.009998322
39.181 , 0.009998322
39.183 , 0.02000046
39.184 , 0.02000046
39.185 , 0.0
39.186 , -0.04000092
39.188 , 0.02999878
39.189 , 0.02000046
39.19 , -0.02999878
39.192 , -0.04000092
39.193 , -0.02000046
39.195 , -0.02000046
39.196 , 0.0399971
39.197 , -0.03000259
39.199 , 0.0
39.2 , -0.02000046
39.201 , 0.0
39.202 , 0.05999756
39.203 , -0.01000214
39.205 , 0.009998322
39.206 , 0.0
39.207 , -0.04999924
39.209 , 0.009998322
39.21 , -0.04000092
39.211 , -0.04000092
39.213 , -0.02999878
39.214 , -0.02999878
39.215 , 0.02000046
39.217 , -0.04000092
39.218 , -0.04000092
39.219 , -0.01000214
39.221 , -0.03000259
39.222 , 0.0
39.223 , 0.0
39.224 , 0.0
39.225 , 0.0
39.226 , -0.06000137
39.228 , -0.01000214
39.229 , 0.0
39.23 , -0.04999924
39.231 , 0.0
39.233 , 0.009998322
39.234 , -0.06000137
39.235 , -0.06000137
39.237 , -0.04999924
39.238 , -0.04999924
39.239 , -0.04000092
39.241 , -0.04000092
39.242 , -0.02000046
39.243 , -0.04999924
39.245 , -0.02999878
39.246 , -0.02000046
39.247 , -0.04000092
39.249 , -0.01000214
39.25 , -0.03000259
39.251 , -0.08000183
39.253 , -0.09000015
39.254 , -0.06999969
39.255 , -0.02000046
39.257 , -0.06000137
39.258 , -0.06000137
39.259 , -0.04999924
39.261 , 0.0
39.262 , -0.04999924
39.263 , -0.04000092
39.265 , 0.009998322
39.266 , 0.04000092
39.267 , -0.02999878
39.269 , -0.02000046
39.27 , -0.09000015
39.271 , -0.04000092
39.273 , -0.07999802
39.274 , -0.07999802
39.275 , -0.07999802
39.277 , -0.06999969
39.278 , -0.1100006
39.279 , -0.08000183
39.281 , -0.01000214
39.282 , -0.01000214
39.283 , -0.04999924
39.285 , 0.0
39.286 , -0.04000092
39.287 , -0.04000092
39.289 , -0.02999878
39.29 , -0.06999969
39.291 , -0.04999924
39.293 , -0.06000137
39.294 , -0.1300011
39.295 , -0.1100006
39.296 , -0.09999847
39.298 , -0.09999847
39.299 , -0.04000092
39.3 , -0.04000092
39.302 , -0.04000092
39.303 , -0.1000023
39.304 , -0.08000183
39.305 , -0.08000183
39.307 , -0.06999969
39.308 , -0.02000046
39.31 , -0.08000183
39.311 , -0.08000183
39.312 , -0.1300011
39.313 , -0.06999969
39.315 , -0.04999924
39.316 , -0.1100006
39.317 , -0.06000137
39.318 , -0.1100006
39.32 , -0.04999924
39.321 , -0.04999924
39.322 , -0.09999847
39.324 , -0.04000092
39.325 , -0.02000046
39.326 , -0.02999878
39.328 , -0.09999847
39.329 , -0.07999802
39.331 , -0.06999969
39.332 , -0.09000015
39.333 , -0.06000137
39.334 , -0.08000183
39.336 , -0.1199989
39.337 , -0.1399994
39.338 , -0.1399994
39.339 , -0.1199989
39.34 , -0.1100006
39.342 , -0.1100006
39.343 , -0.09999847
39.344 , -0.09999847
39.345 , -0.1199989
39.347 , -0.09000015
39.348 , -0.09000015
39.349 , -0.09000015
39.351 , -0.07999802
39.352 , -0.07999802
39.353 , -0.09000015
39.355 , -0.1100006
39.356 , -0.07999802
39.357 , -0.09999847
39.359 , -0.07999802
39.36 , -0.06999969
39.361 , -0.09000015
39.363 , -0.1300011
39.364 , -0.06000137
39.365 , -0.06000137
39.366 , -0.04999924
39.368 , -0.06999969
39.369 , -0.06999969
39.371 , -0.06000137
39.372 , -0.1100006
39.373 , -0.09999847
39.374 , -0.04999924
39.376 , -0.09000015
39.377 , -0.04000092
39.378 , -0.1100006
39.38 , -0.09999847
39.381 , -0.09999847
39.382 , -0.07999802
39.384 , -0.06999969
39.385 , -0.02000046
39.386 , -0.08000183
39.388 , -0.1300011
39.389 , -0.1300011
39.39 , -0.1199989
39.391 , -0.06999969
39.393 , -0.04000092
39.394 , -0.1100006
39.395 , -0.1300011
39.396 , -0.1199989
39.397 , -0.09999847
39.399 , -0.09999847
39.4 , -0.09000015
39.401 , -0.09000015
39.403 , -0.07999802
39.404 , -0.09999847
39.406 , -0.09999847
39.407 , -0.09000015
39.408 , -0.1100006
39.409 , -0.1100006
39.41 , -0.07999802
39.412 , -0.09999847
39.413 , -0.09000015
39.415 , -0.1399994
39.416 , -0.09000015
39.417 , -0.08000183
39.418 , -0.1300011
39.42 , -0.06999969
39.421 , -0.1199989
39.422 , -0.1199989
39.423 , -0.1100006
39.424 , -0.1100006
39.425 , -0.06000137
39.427 , -0.04999924
39.428 , -0.09999847
39.43 , -0.1100006
39.431 , -0.1599998
39.432 , -0.1599998
39.433 , -0.1499977
39.434 , -0.09999847
39.436 , -0.09999847
39.437 , -0.09000015
39.438 , -0.09000015
39.44 , -0.1299973
39.441 , -0.07999802
39.442 , -0.07999802
39.444 , -0.04999924
39.445 , -0.06999969
39.446 , -0.1199989
39.448 , -0.1100006
39.449 , -0.1100006
39.45 , -0.1199989
39.451 , -0.09999847
39.452 , -0.1199989
39.453 , -0.09000015
39.455 , -0.1300011
39.456 , -0.1300011
39.457 , -0.09999847
39.458 , -0.09999847
39.46 , -0.1100006
39.461 , -0.09000015
39.462 , -0.06999969
39.464 , -0.07999802
39.465 , -0.09999847
39.466 , -0.07999802
39.468 , -0.06999969
39.469 , -0.09000015
39.47 , -0.08000183
39.472 , -0.1300011
39.473 , -0.1199989
39.474 , -0.06999969
39.476 , -0.1399994
39.477 , -0.1100006
39.478 , -0.06000137
39.479 , -0.1300011
39.48 , -0.1199989
39.481 , -0.1199989
39.483 , -0.09000015
39.484 , -0.09000015
39.485 , -0.1100006
39.486 , -0.09000015
39.488 , -0.07999802
39.489 , -0.1499977
39.49 , -0.09000015
39.492 , -0.1599998
39.493 , -0.1399994
39.494 , -0.05999756
39.495 , -0.1299973
39.496 , -0.1299973
39.498 , -0.1399994
39.499 , -0.1899986
39.5 , -0.1300011
39.501 , -0.1300011
39.502 , -0.1100006
39.503 , -0.1300011
39.504 , -0.1199989
39.506 , -0.1699982
39.507 , -0.1100006
39.508 , -0.09000015
39.509 , -0.1599998
39.51 , -0.09999847
39.512 , -0.1499977
39.513 , -0.1499977
39.514 , -0.1800003
39.515 , -0.1599998
39.517 , -0.1499977
39.518 , -0.1299973
39.519 , -0.1299973
39.52 , -0.1199989
39.521 , -0.1199989
39.522 , -0.1399994
39.524 , -0.1299973
39.525 , -0.1299973
39.526 , -0.1299973
39.527 , -0.09999847
39.528 , -0.1199989
39.53 , -0.1100006
39.531 , -0.1300011
39.532 , -0.1300011
39.533 , -0.1800003
39.534 , -0.1199989
39.535 , -0.1199989
39.536 , -0.09999847
39.538 , -0.1100006
39.539 , -0.1100006
39.54 , -0.09999847
39.541 , -0.1499977
39.543 , -0.09999847
39.544 , -0.1399994
39.545 , -0.1399994
39.546 , -0.1399994
39.547 , -0.1299973
39.549 , -0.1999969
39.55 , -0.1399994
39.551 , -0.1399994
39.552 , -0.1399994
39.553 , -0.1399994
39.555 , -0.1300011
39.556 , -0.1300011
39.557 , -0.1199989
39.558 , -0.1199989
39.559 , -0.1699982
39.56 , -0.1100006
39.562 , -0.1100006
39.563 , -0.1100006
39.564 , -0.09999847
39.565 , -0.1499977
39.566 , -0.1699982
39.568 , -0.1599998
39.569 , -0.1800003
39.57 , -0.1499977
39.571 , -0.1299973
39.572 , -0.1299973
39.573 , -0.1299973
39.575 , -0.1399994
39.576 , -0.1199989
39.577 , -0.1099968
39.578 , -0.1099968
39.579 , -0.05999756
39.581 , -0.09999847
39.582 , -0.1199989
39.583 , -0.09999847
39.585 , -0.1100006
39.586 , -0.09000015
39.587 , -0.07999802
39.589 , -0.1199989
39.59 , -0.1199989
39.591 , -0.09000015
39.592 , -0.1100006
39.593 , -0.1599998
39.595 , -0.09999847
39.596 , -0.1499977
39.597 , -0.09000015
39.598 , -0.09000015
39.6 , -0.09000015
39.601 , -0.07999802
39.602 , -0.07999802
39.604 , -0.02999878
39.605 , -0.04999924
39.606 , -0.06999969
39.608 , -0.0399971
39.609 , -0.05999756
39.611 , -0.04999924
39.612 , -0.09999847
39.613 , -0.04999924
39.615 , -0.04000092
39.616 , -0.09000015
39.617 , -0.07999802
39.619 , -0.02999878
39.62 , -0.02999878
39.622 , -0.02000046
39.623 , -0.02000046
39.624 , -0.009998322
39.626 , 0.01000214
39.627 , 0.02000046
39.628 , 0.02000046
39.63 , 0.0
39.631 , -0.0399971
39.632 , -0.0399971
39.633 , -0.0399971
39.635 , 0.04000092
39.636 , 0.1100006
39.637 , 0.1899986
39.638 , 0.2299995
39.64 , 0.2999992
39.641 , 0.3800011
39.642 , 0.5200005
39.643 , 0.6100006
39.644 , 0.7799988
39.645 , 0.7999992
39.647 , 0.8100014
39.648 , 0.7700005
39.649 , 0.7200012
39.65 , 0.7000008
39.651 , 0.6599998
39.652 , 0.6199989
39.653 , 0.5499992
39.655 , 0.5100021
39.656 , 0.4700012
39.657 , 0.4799995
39.658 , 0.4799995
39.659 , 0.4799995
39.66 , 0.4099998
39.662 , 0.420002
39.663 , 0.2600021
39.664 , 0.1100006
39.665 , 0.1100006
39.666 , -0.02999878
39.667 , -0.04999924
39.669 , -0.04000092
39.67 , -0.09000015
39.672 , -0.02999878
39.673 , -0.02999878
39.674 , 0.0
39.675 , 0.09000015
39.677 , 0.1800003
39.678 , 0.2600021
39.679 , 0.2600021
39.68 , 0.3100014
39.681 , 0.3199997
39.683 , 0.3400002
39.684 , 0.3500023
39.685 , 0.3500023
39.686 , 0.3300018
39.687 , 0.2800026
39.688 , 0.2900009
39.689 , 0.2700005
39.69 , 0.2000008
39.692 , 0.1900024
39.693 , 0.1900024
39.694 , 0.2000008
39.695 , 0.1500015
39.696 , 0.1300011
39.697 , 0.1300011
39.698 , 0.09000015
39.7 , 0.1599998
39.701 , 0.2200012
39.702 , 0.2200012
39.703 , 0.2200012
39.704 , 0.2299995
39.705 , 0.25
39.706 , 0.1800003
39.707 , 0.1800003
39.709 , 0.1900024
39.71 , 0.170002
39.711 , 0.1300011
39.712 , 0.2000008
39.713 , 0.1100006
39.714 , 0.1400032
39.715 , 0.1400032
39.716 , 0.1400032
39.718 , 0.1500015
39.719 , 0.1500015
39.72 , 0.1300011
39.721 , 0.1599998
39.722 , 0.1399994
39.723 , 0.1399994
39.724 , 0.1500015
39.725 , 0.1500015
39.727 , 0.1500015
39.728 , 0.1599998
39.729 , 0.1599998
39.73 , 0.1599998
39.731 , 0.1500015
39.732 , 0.1500015
39.733 , 0.1000023
39.735 , 0.1100006
39.736 , 0.1599998
39.737 , 0.1100006
39.738 , 0.170002
39.739 , 0.170002
39.74 , 0.170002
39.741 , 0.1300011
39.742 , 0.1300011
39.744 , 0.1400032
39.745 , 0.1900024
39.746 , 0.1400032
39.747 , 0.1400032
39.748 , 0.2000008
39.749 , 0.1500015
39.75 , 0.1300011
39.751 , 0.1399994
39.753 , 0.1399994
39.754 , 0.09000015
39.755 , 0.1000023
39.756 , 0.1000023
39.757 , 0.1000023
39.758 , 0.09000015
39.76 , 0.1599998
39.761 , 0.1200027
39.762 , 0.1200027
39.763 , 0.170002
39.764 , 0.1200027
39.765 , 0.1300011
39.767 , 0.1100006
39.768 , 0.1400032
39.769 , 0.1200027
39.77 , 0.06999969
39.771 , 0.1500015
39.772 , 0.07999802
39.774 , 0.07999802
39.775 , 0.09000015
39.777 , 0.1400032
39.778 , 0.1500015
39.779 , 0.1500015
39.78 , 0.09999847
39.781 , 0.1099968
39.783 , 0.1099968
39.784 , 0.1099968
39.785 , 0.170002
39.786 , 0.1199989
39.787 , 0.1199989
39.788 , 0.09000015
39.79 , 0.1299973
39.791 , 0.1000023
39.792 , 0.1399994
39.793 , 0.1000023
39.794 , 0.08000183
39.796 , 0.09000015
39.797 , 0.04000092
39.798 , 0.1000023
39.799 , 0.1000023
39.801 , 0.1100006
39.802 , 0.1100006
39.803 , 0.1100006
39.804 , 0.1100006
39.805 , 0.1199989
39.806 , 0.1199989
39.807 , 0.1199989
39.808 , 0.1300011
39.81 , 0.08000183
39.811 , 0.06999969
39.812 , 0.06999969
39.814 , 0.09000015
39.823 , 0.1000023
39.824 , 0.05000305
39.825 , 0.1100006
39.826 , 0.1100006
39.828 , 0.1200027
39.829 , 0.07000351
39.83 , 0.07000351
39.831 , 0.07000351
39.833 , 0.08000183
39.834 , 0.08000183
39.835 , 0.06999969
39.837 , 0.06999969
39.838 , 0.08000183
39.839 , 0.08000183
39.841 , 0.08000183
39.842 , 0.06999969
39.844 , 0.02000046
39.845 , 0.08000183
39.846 , 0.03000259
39.847 , 0.01000214
39.849 , -0.03000259
39.85 , 0.02000046
39.852 , 0.1000023
39.853 , 0.1000023
39.854 , 0.1400032
39.855 , 0.1300011
39.856 , 0.1300011
39.857 , 0.1500015
39.858 , 0.1400032
39.859 , 0.1200027
39.86 , 0.1200027
39.862 , 0.08000183
39.863 , 0.08000183
39.864 , 0.06000137
39.866 , 0.0
39.867 , -0.05000305
39.868 , -0.04000092
39.869 , 0.01000214
39.871 , -0.04000092
39.872 , -0.04999924
39.873 , -0.03000259
39.875 , 0.03000259
39.876 , 0.04999924
39.877 , 0.04999924
39.879 , 0.04000092
39.88 , 0.04000092
39.882 , 0.06999969
39.883 , 0.06999969
39.884 , 0.0
39.885 , 0.06000137
39.887 , 0.06000137
39.888 , 0.01999664
39.889 , 0.01999664
39.891 , 0.01999664
39.892 , 0.01000214
39.894 , 0.02999878
39.895 , 0.02000046
39.896 , 0.0
39.897 , 0.02000046
39.899 , 0.01000214
39.9 , 0.03000259
39.901 , 0.01000214
39.903 , 0.02000046
39.904 , 0.02000046
39.905 , 0.03000259
39.907 , 0.03000259
39.908 , 0.04000092
39.909 , 0.04000092
39.911 , -0.01000214
39.912 , 0.0
39.913 , 0.0
39.914 , -0.01999664
39.916 , -0.009998322
39.917 , -0.009998322
39.918 , -0.009998322
39.92 , 0.0
39.921 , 0.0
39.922 , 0.01000214
39.923 , 0.02999878
39.925 , 0.02000046
39.926 , -0.03000259
39.928 , 0.02000046
39.929 , 0.03000259
39.93 , 0.03000259
39.932 , 0.04000092
39.933 , -0.01000214
39.934 , -0.04999924
39.936 , -0.02000046
39.937 , 0.0
39.938 , -0.02000046
39.939 , 0.009998322
39.941 , 0.009998322
39.942 , 0.0
39.943 , 0.0
39.944 , 0.02000046
39.946 , -0.06000137
39.947 , -0.009998322
39.949 , -0.05000305
39.95 , -0.05000305
39.951 , 0.0
39.952 , -0.04000092
39.954 , -0.05999756
39.955 , -0.03000259
39.956 , -0.04999924
39.958 , -0.04999924
39.959 , -0.0399971
39.96 , -0.02000046
39.962 , -0.01000214
39.963 , -0.01000214
39.964 , -0.01000214
39.966 , -0.01999664
39.967 , 0.0
39.968 , 0.0
39.969 , -0.06000137
39.971 , 0.009998322
39.972 , 0.0
39.973 , 0.0
39.974 , -0.07000351
39.976 , -0.06000137
39.977 , -0.06000137
39.978 , -0.06000137
39.98 , -0.03000259
39.981 , -0.05000305
39.982 , -0.02000046
39.984 , -0.04000092
39.985 , -0.04999924