0.002 , 0.2299995
0.004 , 0.2299995
0.006 , 0.2299995
0.008000001 , 0.2299995
0.009999999 , 0.2299995
0.013 , 0.2299995
0.015 , 0.2099991
0.017 , 0.2199993
0.019 , 0.2099991
0.029 , 0.2099991
0.031 , 0.2099991
0.033 , 0.2099991
0.035 , 0.2099991
0.037 , 0.2099991
0.039 , 0.2099991
0.041 , 0.2099991
0.044 , 0.1999989
0.046 , 0.1999989
0.048 , 0.1999989
0.05 , 0.2099991
0.052 , 0.2099991
0.054 , 0.2099991
0.056 , 0.2099991
0.058 , 0.2099991
0.061 , 0.2099991
0.063 , 0.1999989
0.065 , 0.2099991
0.067 , 0.2099991
0.069 , 0.2099991
0.071 , 0.2099991
0.073 , 0.2099991
0.075 , 0.2099991
0.078 , 0.2099991
0.08 , 0.2099991
0.08200001 , 0.2199993
0.084 , 0.2299995
0.086 , 0.2399979
0.088 , 0.2399979
0.09 , 0.2399979
0.093 , 0.2599983
0.095 , 0.2599983
0.09700001 , 0.2799988
0.099 , 0.289999
0.101 , 0.3099995
0.103 , 0.3199997
0.105 , 0.3399982
0.108 , 0.3499985
0.11 , 0.3599987
0.112 , 0.3699989
0.114 , 0.3899994
0.116 , 0.3999996
0.118 , 0.4199982
0.12 , 0.4299984
0.122 , 0.4499989
0.125 , 0.4599991
0.127 , 0.4799995
0.129 , 0.4899979
0.131 , 0.5099983
0.133 , 0.5099983
0.135 , 0.5299988
0.138 , 0.539999
0.14 , 0.5499992
0.142 , 0.5599995
0.144 , 0.579998
0.146 , 0.5999985
0.148 , 0.6099987
0.15 , 0.6299992
0.153 , 0.6399994
0.155 , 0.6399994
0.157 , 0.6699982
0.159 , 0.6699982
0.161 , 0.6899986
0.163 , 0.7099991
0.165 , 0.7199993
0.167 , 0.7399979
0.17 , 0.7499981
0.172 , 0.7599983
0.174 , 0.7599983
0.176 , 0.7799988
0.178 , 0.789999
0.18 , 0.7999992
0.182 , 0.8099995
0.185 , 0.8199997
0.187 , 0.8399982
0.189 , 0.8399982
0.191 , 0.8599987
0.193 , 0.8599987
0.195 , 0.8699989
0.198 , 0.8799992
0.2 , 0.8799992
0.202 , 0.8899994
0.204 , 0.8999996
0.206 , 0.9099979
0.208 , 0.9099979
0.211 , 0.9199982
0.213 , 0.9299984
0.215 , 0.9399986
0.217 , 0.9399986
0.219 , 0.9499989
0.221 , 0.9499989
0.223 , 0.9599991
0.225 , 0.9699993
0.227 , 0.9699993
0.23 , 0.9699993
0.232 , 0.9799995
0.234 , 0.9899979
0.236 , 0.9899979
0.238 , 0.9999981
0.24 , 0.9999981
0.243 , 1.009998
0.245 , 1.019999
0.247 , 1.009998
0.249 , 1.019999
0.251 , 1.029999
0.253 , 1.019999
0.255 , 1.029999
0.257 , 1.049999
0.26 , 1.039999
0.262 , 1.049999
0.264 , 1.049999
0.266 , 1.059999
0.268 , 1.049999
0.271 , 1.059999
0.273 , 1.059999
0.275 , 1.07
0.277 , 1.059999
0.279 , 1.07
0.281 , 1.07
0.283 , 1.079998
0.285 , 1.07
0.288 , 1.079998
0.29 , 1.079998
0.292 , 1.079998
0.294 , 1.079998
0.296 , 1.089998
0.298 , 1.089998
0.3 , 1.099998
0.302 , 1.089998
0.305 , 1.089998
0.307 , 1.099998
0.309 , 1.099998
0.311 , 1.099998
0.313 , 1.099998
0.315 , 1.099998
0.317 , 1.109999
0.319 , 1.109999
0.321 , 1.109999
0.324 , 1.109999
0.326 , 1.109999
0.328 , 1.109999
0.33 , 1.109999
0.332 , 1.109999
0.334 , 1.109999
0.336 , 1.109999
0.339 , 1.119999
0.341 , 1.109999
0.343 , 1.109999
0.345 , 1.119999
0.347 , 1.119999
0.349 , 1.119999
0.351 , 1.119999
0.353 , 1.119999
0.356 , 1.119999
0.358 , 1.119999
0.36 , 1.119999
0.362 , 1.129999
0.364 , 1.119999
0.366 , 1.119999
0.368 , 1.119999
0.371 , 1.119999
0.373 , 1.119999
0.375 , 1.129999
0.377 , 1.119999
0.379 , 1.119999
0.381 , 1.119999
0.383 , 1.129999
0.386 , 1.129999
0.388 , 1.129999
0.39 , 1.129999
0.392 , 1.129999
0.394 , 1.129999
0.404 , 1.129999
0.406 , 1.129999
0.408 , 1.129999
0.41 , 1.129999
0.412 , 1.129999
0.415 , 1.129999
0.417 , 1.129999
0.419 , 1.129999
0.421 , 1.129999
0.423 , 1.129999
0.425 , 1.129999
0.427 , 1.129999
0.429 , 1.129999
0.431 , 1.129999
0.434 , 1.139999
0.436 , 1.129999
0.438 , 1.129999
0.44 , 1.129999
0.442 , 1.129999
0.444 , 1.129999
0.446 , 1.129999
0.448 , 1.119999
0.45 , 1.129999
0.453 , 1.119999
0.455 , 1.129999
0.457 , 1.119999
0.459 , 1.119999
0.461 , 1.119999
0.463 , 1.119999
0.465 , 1.129999
0.467 , 1.129999
0.469 , 1.129999
0.472 , 1.129999
0.474 , 1.119999
0.476 , 1.119999
0.478 , 1.119999
0.48 , 1.119999
0.482 , 1.129999
0.484 , 1.119999
0.486 , 1.119999
0.488 , 1.119999
0.491 , 1.119999
0.493 , 1.119999
0.495 , 1.119999
0.497 , 1.119999
0.499 , 1.129999
0.501 , 1.119999
0.504 , 1.129999
0.506 , 1.119999
0.508 , 1.119999
0.51 , 1.129999
0.512 , 1.129999
0.514 , 1.119999
0.517 , 1.119999
0.519 , 1.129999
0.521 , 1.129999
0.523 , 1.129999
0.525 , 1.129999
0.527 , 1.119999
0.529 , 1.129999
0.531 , 1.119999
0.533 , 1.119999
0.536 , 1.119999
0.538 , 1.119999
0.54 , 1.129999
0.542 , 1.129999
0.5440001 , 1.129999
0.546 , 1.129999
0.548 , 1.129999
0.55 , 1.139999
0.552 , 1.129999
0.555 , 1.139999
0.557 , 1.129999
0.559 , 1.129999
0.561 , 1.129999
0.563 , 1.129999
0.565 , 1.139999
0.567 , 1.139999
0.57 , 1.129999
0.572 , 1.129999
0.574 , 1.129999
0.576 , 1.129999
0.578 , 1.139999
0.58 , 1.129999
0.583 , 1.139999
0.585 , 1.139999
0.587 , 1.129999
0.589 , 1.129999
0.591 , 1.129999
0.593 , 1.139999
0.596 , 1.129999
0.598 , 1.129999
0.6 , 1.129999
0.602 , 1.129999
0.604 , 1.139999
0.606 , 1.129999
0.608 , 1.129999
0.61 , 1.139999
0.612 , 1.129999
0.615 , 1.129999
0.617 , 1.139999
0.619 , 1.139999
0.621 , 1.129999
0.623 , 1.139999
0.625 , 1.139999
0.627 , 1.139999
0.629 , 1.139999
0.632 , 1.129999
0.634 , 1.129999
0.636 , 1.129999
0.638 , 1.129999
0.64 , 1.129999
0.642 , 1.129999
0.644 , 1.129999
0.647 , 1.129999
0.649 , 1.129999
0.651 , 1.129999
0.653 , 1.129999
0.655 , 1.139999
0.657 , 1.129999
0.659 , 1.129999
0.661 , 1.129999
0.664 , 1.129999
0.666 , 1.119999
0.668 , 1.129999
0.67 , 1.119999
0.672 , 1.119999
0.674 , 1.119999
0.676 , 1.119999
0.678 , 1.129999
0.681 , 1.119999
0.683 , 1.119999
0.685 , 1.119999
0.687 , 1.119999
0.689 , 1.119999
0.691 , 1.109999
0.694 , 1.109999
0.696 , 1.109999
0.698 , 1.109999
0.7 , 1.109999
0.702 , 1.109999
0.704 , 1.109999
0.7059999 , 1.109999
0.709 , 1.109999
0.711 , 1.109999
0.713 , 1.109999
0.715 , 1.109999
0.717 , 1.099998
0.719 , 1.099998
0.721 , 1.109999
0.723 , 1.099998
0.725 , 1.099998
0.728 , 1.099998
0.73 , 1.099998
0.732 , 1.099998
0.734 , 1.099998
0.736 , 1.089998
0.738 , 1.099998
0.74 , 1.089998
0.742 , 1.089998
0.745 , 1.089998
0.747 , 1.089998
0.749 , 1.089998
0.751 , 1.089998
0.753 , 1.089998
0.755 , 1.089998
0.757 , 1.089998
0.76 , 1.079998
0.762 , 1.079998
0.764 , 1.079998
0.766 , 1.089998
0.768 , 1.079998
0.778 , 1.079998
0.78 , 1.079998
0.782 , 1.07
0.784 , 1.07
0.787 , 1.059999
0.789 , 1.079998
0.791 , 1.059999
0.793 , 1.07
0.795 , 1.059999
0.797 , 1.059999
0.8 , 1.059999
0.802 , 1.059999
0.804 , 1.059999
0.8059999 , 1.059999
0.808 , 1.059999
0.81 , 1.059999
0.812 , 1.049999
0.815 , 1.049999
0.817 , 1.059999
0.8190001 , 1.049999
0.821 , 1.059999
0.823 , 1.049999
0.825 , 1.049999
0.827 , 1.049999
0.829 , 1.039999
0.832 , 1.049999
0.834 , 1.049999
0.8360001 , 1.029999
0.838 , 1.029999
0.84 , 1.039999
0.842 , 1.029999
0.844 , 1.049999
0.847 , 1.049999
0.849 , 1.029999
0.851 , 1.029999
0.853 , 1.039999
0.855 , 1.029999
0.857 , 1.029999
0.859 , 1.029999
0.862 , 1.029999
0.864 , 1.019999
0.866 , 1.029999
0.8679999 , 1.019999
0.87 , 1.029999
0.8719999 , 1.019999
0.874 , 1.019999
0.877 , 1.019999
0.879 , 1.009998
0.8809999 , 1.019999
0.883 , 1.019999
0.885 , 1.009998
0.887 , 1.019999
0.89 , 1.009998
0.892 , 1.019999
0.894 , 0.9999981
0.896 , 1.019999
0.898 , 1.009998
0.9 , 1.009998
0.903 , 1.009998
0.9049999 , 0.9999981
0.907 , 0.9999981
0.909 , 0.9999981
0.9110001 , 0.9999981
0.913 , 0.9999981
0.916 , 0.9999981
0.918 , 0.9899979
0.92 , 0.9999981
0.922 , 1.009998
0.924 , 0.9799995
0.926 , 0.9899979
0.928 , 0.9799995
0.9309999 , 0.9699993
0.933 , 0.9799995
0.935 , 0.9699993
0.937 , 0.9899979
0.939 , 0.9799995
0.941 , 0.9699993
0.9440001 , 0.9699993
0.946 , 0.9699993
0.948 , 0.9599991
0.95 , 0.9599991
0.952 , 0.9499989
0.954 , 0.9499989
0.9559999 , 0.9499989
0.959 , 0.9399986
0.9610001 , 0.9499989
0.963 , 0.9499989
0.965 , 0.9599991
0.967 , 0.9499989
0.969 , 0.9499989
0.972 , 0.9499989
0.974 , 0.9299984
0.976 , 0.9499989
0.978 , 0.9299984
0.98 , 0.9399986
0.982 , 0.9399986
0.984 , 0.9299984
0.987 , 0.9299984
0.989 , 0.9299984
0.991 , 0.9299984
0.9929999 , 0.9199982
0.995 , 0.9199982
0.998 , 0.9199982
1.0 , 0.9199982
1.002 , 0.9199982
1.004 , 0.9099979
1.006 , 0.9199982
1.008 , 0.9099979
1.01 , 0.9099979
1.012 , 0.9099979
1.015 , 0.9099979
1.017 , 0.9099979
1.019 , 0.9099979
1.021 , 0.8999996
1.023 , 0.8999996
1.025 , 0.9099979
1.028 , 0.8999996
1.03 , 0.8899994
1.032 , 0.8899994
1.034 , 0.8799992
1.036 , 0.8799992
1.038 , 0.8799992
1.04 , 0.8799992
1.043 , 0.8899994
1.045 , 0.8799992
1.047 , 0.8799992
1.049 , 0.8699989
1.051 , 0.8799992
1.053 , 0.8699989
1.056 , 0.8699989
1.058 , 0.8699989
1.06 , 0.8699989
1.062 , 0.8699989
1.064 , 0.8599987
1.066 , 0.8599987
1.068 , 0.8599987
1.071 , 0.8599987
1.073 , 0.8599987
1.075 , 0.8599987
1.077 , 0.8599987
1.079 , 0.8599987
1.081 , 0.8499985
1.084 , 0.8599987
1.086 , 0.8499985
1.088 , 0.8399982
1.09 , 0.8499985
1.092 , 0.829998
1.094 , 0.8499985
1.097 , 0.829998
1.099 , 0.8399982
1.101 , 0.8399982
1.103 , 0.8399982
1.105 , 0.829998
1.107 , 0.829998
1.109 , 0.8199997
1.112 , 0.829998
1.114 , 0.8099995
1.116 , 0.829998
1.118 , 0.8199997
1.12 , 0.8199997
1.122 , 0.8099995
1.124 , 0.8099995
1.126 , 0.8199997
1.129 , 0.7999992
1.131 , 0.7999992
1.133 , 0.8099995
1.135 , 0.789999
1.137 , 0.7999992
1.139 , 0.789999
1.141 , 0.7999992
1.143 , 0.789999
1.146 , 0.789999
1.155 , 0.789999
1.158 , 0.7699986
1.16 , 0.7699986
1.162 , 0.7799988
1.164 , 0.7599983
1.166 , 0.7699986
1.168 , 0.7599983
1.17 , 0.7799988
1.173 , 0.7599983
1.175 , 0.7599983
1.177 , 0.7599983
1.179 , 0.7499981
1.181 , 0.7599983
1.183 , 0.7499981
1.185 , 0.7499981
1.188 , 0.7599983
1.19 , 0.7499981
1.192 , 0.7499981
1.194 , 0.7599983
1.196 , 0.7399979
1.198 , 0.7499981
1.2 , 0.7499981
1.203 , 0.7499981
1.205 , 0.7399979
1.207 , 0.7399979
1.209 , 0.7499981
1.211 , 0.7299995
1.213 , 0.7399979
1.215 , 0.7399979
1.217 , 0.7199993
1.22 , 0.7299995
1.222 , 0.7399979
1.224 , 0.7199993
1.226 , 0.7299995
1.228 , 0.7199993
1.23 , 0.7199993
1.232 , 0.7199993
1.235 , 0.7199993
1.237 , 0.7099991
1.239 , 0.7199993
1.241 , 0.7099991
1.243 , 0.7099991
1.245 , 0.7099991
1.247 , 0.7099991
1.249 , 0.7199993
1.252 , 0.7099991
1.254 , 0.6999989
1.256 , 0.7099991
1.258 , 0.6899986
1.26 , 0.7099991
1.262 , 0.6899986
1.264 , 0.6899986
1.267 , 0.6999989
1.269 , 0.6799984
1.271 , 0.6999989
1.273 , 0.6799984
1.275 , 0.6899986
1.277 , 0.6799984
1.279 , 0.6799984
1.282 , 0.6899986
1.284 , 0.6699982
1.286 , 0.6799984
1.288 , 0.6699982
1.29 , 0.6699982
1.293 , 0.6699982
1.295 , 0.6699982
1.297 , 0.6699982
1.299 , 0.6699982
1.301 , 0.6699982
1.303 , 0.6599979
1.305 , 0.6599979
1.308 , 0.6499996
1.31 , 0.6699982
1.312 , 0.6499996
1.314 , 0.6399994
1.316 , 0.6499996
1.318 , 0.6399994
1.32 , 0.6499996
1.323 , 0.6299992
1.325 , 0.6399994
1.327 , 0.6299992
1.329 , 0.6299992
1.331 , 0.6399994
1.333 , 0.6399994
1.335 , 0.6299992
1.338 , 0.6299992
1.34 , 0.6199989
1.342 , 0.6199989
1.344 , 0.6099987
1.346 , 0.6299992
1.348 , 0.6099987
1.351 , 0.6199989
1.353 , 0.6099987
1.355 , 0.5999985
1.357 , 0.6099987
1.359 , 0.5899982
1.361 , 0.6099987
1.363 , 0.5999985
1.365 , 0.5999985
1.368 , 0.5899982
1.37 , 0.5899982
1.372 , 0.5899982
1.374 , 0.579998
1.376 , 0.5899982
1.378 , 0.579998
1.38 , 0.579998
1.382 , 0.579998
1.385 , 0.5699997
1.387 , 0.579998
1.389 , 0.5699997
1.391 , 0.5699997
1.393 , 0.5599995
1.395 , 0.5699997
1.398 , 0.5599995
1.4 , 0.5599995
1.402 , 0.5499992
1.404 , 0.5499992
1.406 , 0.5499992
1.408 , 0.539999
1.41 , 0.539999
1.413 , 0.539999
1.415 , 0.539999
1.417 , 0.5299988
1.419 , 0.539999
1.421 , 0.5299988
1.423 , 0.5199986
1.425 , 0.5299988
1.427 , 0.5199986
1.43 , 0.5199986
1.432 , 0.5099983
1.434 , 0.5099983
1.436 , 0.5099983
1.438 , 0.5099983
1.44 , 0.5099983
1.442 , 0.4999981
1.444 , 0.5099983
1.447 , 0.4999981
1.449 , 0.5099983
1.451 , 0.4999981
1.453 , 0.4999981
1.455 , 0.4999981
1.457 , 0.4899979
1.459 , 0.4999981
1.461 , 0.4899979
1.464 , 0.4899979
1.466 , 0.4899979
1.468 , 0.4899979
1.47 , 0.4799995
1.472 , 0.4799995
1.474 , 0.4699993
1.477 , 0.4699993
1.479 , 0.4799995
1.481 , 0.4699993
1.483 , 0.4699993
1.485 , 0.4599991
1.487 , 0.4599991
1.49 , 0.4599991
1.492 , 0.4599991
1.494 , 0.4399986
1.496 , 0.4499989
1.498 , 0.4399986
1.5 , 0.4399986
1.502 , 0.4399986
1.504 , 0.4399986
1.507 , 0.4399986
1.509 , 0.4499989
1.511 , 0.4299984
1.513 , 0.4199982
1.515 , 0.4299984
1.517 , 0.4199982
1.52 , 0.4199982
1.522 , 0.4199982
1.531 , 0.4099979
1.533 , 0.4099979
1.536 , 0.3999996
1.538 , 0.3999996
1.54 , 0.3999996
1.542 , 0.3999996
1.544 , 0.3999996
1.546 , 0.3999996
1.548 , 0.3999996
1.551 , 0.3899994
1.553 , 0.3899994
1.555 , 0.3899994
1.557 , 0.3899994
1.559 , 0.3799992
1.561 , 0.3799992
1.563 , 0.3799992
1.566 , 0.3699989
1.568 , 0.3699989
1.57 , 0.3799992
1.572 , 0.3699989
1.574 , 0.3699989
1.576 , 0.3599987
1.579 , 0.3499985
1.581 , 0.3599987
1.583 , 0.3599987
1.585 , 0.3599987
1.587 , 0.3499985
1.589 , 0.3599987
1.592 , 0.3399982
1.594 , 0.3499985
1.596 , 0.3499985
1.598 , 0.3499985
1.6 , 0.3399982
1.602 , 0.3399982
1.605 , 0.3499985
1.607 , 0.3399982
1.609 , 0.3399982
1.611 , 0.329998
1.613 , 0.329998
1.615 , 0.329998
1.617 , 0.3199997
1.619 , 0.3199997
1.622 , 0.3199997
1.624 , 0.3199997
1.626 , 0.3099995
1.628 , 0.329998
1.63 , 0.3099995
1.632 , 0.3099995
1.634 , 0.2999992
1.637 , 0.2999992
1.639 , 0.3099995
1.641 , 0.2999992
1.643 , 0.2999992
1.645 , 0.2999992
1.647 , 0.2999992
1.649 , 0.289999
1.651 , 0.2999992
1.654 , 0.2799988
1.656 , 0.2799988
1.658 , 0.2799988
1.66 , 0.2699986
1.662 , 0.2799988
1.664 , 0.2699986
1.666 , 0.2799988
1.669 , 0.2799988
1.671 , 0.2599983
1.673 , 0.2699986
1.675 , 0.2599983
1.677 , 0.2599983
1.68 , 0.2399979
1.682 , 0.2599983
1.684 , 0.2499981
1.686 , 0.2499981
1.688 , 0.2399979
1.69 , 0.2499981
1.692 , 0.2399979
1.694 , 0.2399979
1.697 , 0.2399979
1.699 , 0.2299995
1.701 , 0.2399979
1.703 , 0.2299995
1.705 , 0.2399979
1.707 , 0.2299995
1.709 , 0.2299995
1.711 , 0.2399979
1.714 , 0.2099991
1.716 , 0.2299995
1.718 , 0.2199993
1.72 , 0.2299995
1.722 , 0.2099991
1.724 , 0.2299995
1.726 , 0.2099991
1.728 , 0.2099991
1.731 , 0.2099991
1.733 , 0.2099991
1.735 , 0.2099991
1.737 , 0.2099991
1.739 , 0.2099991
1.741 , 0.2099991
1.744 , 0.2099991
1.746 , 0.2099991
1.748 , 0.2099991
1.75 , 0.1999989
1.752 , 0.1999989
1.754 , 0.2099991
1.756 , 0.1899986
1.758 , 0.1999989
1.761 , 0.1999989
1.763 , 0.1699982
1.765 , 0.1999989
1.767 , 0.1799984
1.769 , 0.1899986
1.771 , 0.1999989
1.773 , 0.1799984
1.776 , 0.1999989
1.778 , 0.1699982
1.78 , 0.1799984
1.782 , 0.1699982
1.784 , 0.1699982
1.786 , 0.1799984
1.788 , 0.1699982
1.79 , 0.1799984
1.793 , 0.1899986
1.795 , 0.1799984
1.797 , 0.1799984
1.799 , 0.1699982
1.801 , 0.1699982
1.804 , 0.1599979
1.806 , 0.1699982
1.808 , 0.1599979
1.81 , 0.1699982
1.812 , 0.1699982
1.814 , 0.1599979
1.816 , 0.1799984
1.818 , 0.1499996
1.821 , 0.1699982
1.823 , 0.1599979
1.825 , 0.1499996
1.827 , 0.1599979
1.829 , 0.1499996
1.831 , 0.1699982
1.833 , 0.1299992
1.836 , 0.1599979
1.838 , 0.1599979
1.84 , 0.1299992
1.842 , 0.1599979
1.844 , 0.1299992
1.846 , 0.1599979
1.848 , 0.1299992
1.851 , 0.1499996
1.853 , 0.1399994
1.855 , 0.1399994
1.857 , 0.1299992
1.859 , 0.1299992
1.861 , 0.1299992
1.864 , 0.1199989
1.866 , 0.1299992
1.868 , 0.1499996
1.87 , 0.1199989
1.872 , 0.1199989
1.874 , 0.1199989
1.876 , 0.1199989
1.878 , 0.1099987
1.881 , 0.1099987
1.883 , 0.1099987
1.885 , 0.1299992
1.887 , 0.1099987
1.889 , 0.1199989
1.891 , 0.09999847
1.894 , 0.1199989
1.896 , 0.1099987
1.898 , 0.1099987
1.907 , 0.1099987
1.91 , 0.09999847
1.912 , 0.1099987
1.914 , 0.08999825
1.916 , 0.1099987
1.918 , 0.08999825
1.92 , 0.08999825
1.923 , 0.09999847
1.925 , 0.08999825
1.927 , 0.1099987
1.929 , 0.08999825
1.931 , 0.09999847
1.933 , 0.08999825
1.936 , 0.09999847
1.938 , 0.06999969
1.94 , 0.09999847
1.942 , 0.08999825
1.944 , 0.08999825
1.946 , 0.09999847
1.949 , 0.07999802
1.951 , 0.09999847
1.953 , 0.07999802
1.955 , 0.07999802
1.957 , 0.07999802
1.959 , 0.06999969
1.961 , 0.07999802
1.964 , 0.06999969
1.966 , 0.08999825
1.968 , 0.06999969
1.97 , 0.08999825
1.972 , 0.07999802
1.974 , 0.07999802
1.976 , 0.06999969
1.979 , 0.07999802
1.981 , 0.05999947
1.983 , 0.06999969
1.985 , 0.06999969
1.988 , 0.06999969
1.99 , 0.06999969
1.992 , 0.04999924
1.994 , 0.07999802
1.996 , 0.05999947
1.998 , 0.06999969
2.001 , 0.06999969
2.003 , 0.04999924
2.005 , 0.06999969
2.007 , 0.04999924
2.009 , 0.05999947
2.011 , 0.05999947
2.013 , 0.04999924
2.015 , 0.06999969
2.018 , 0.04999924
2.02 , 0.05999947
2.022 , 0.04999924
2.024 , 0.05999947
2.026 , 0.05999947
2.028 , 0.04999924
2.03 , 0.03999901
2.033 , 0.04999924
2.035 , 0.04999924
2.037 , 0.03999901
2.039 , 0.04999924
2.041 , 0.04999924
2.043 , 0.04999924
2.046 , 0.03999901
2.048 , 0.03999901
2.05 , 0.03999901
2.052 , 0.03999901
2.054 , 0.02999878
2.056 , 0.03999901
2.059 , 0.03999901
2.061 , 0.03999901
2.063 , 0.03999901
2.065 , 0.02999878
2.067 , 0.02999878
2.069 , 0.02999878
2.071 , 0.01999855
2.073 , 0.02999878
2.076 , 0.01999855
2.078 , 0.02999878
2.08 , 0.02999878
2.082 , 0.01999855
2.084 , 0.01999855
2.086 , 0.009998322
2.088 , -1.907348e-06
2.091 , 0.01999855
2.093 , -1.907348e-06
2.095 , 0.01999855
2.097 , 0.01999855
2.099 , 0.01999855
2.101 , 0.01999855
2.103 , -1.907348e-06
2.106 , 0.01999855
2.108 , -1.907348e-06
2.11 , 0.009998322
2.112 , -1.907348e-06
2.114 , 0.009998322
2.116 , -1.907348e-06
2.119 , 0.009998322
2.121 , -1.907348e-06
2.123 , -1.907348e-06
2.125 , -1.907348e-06
2.127 , -1.907348e-06
2.129 , -1.907348e-06
2.131 , -0.01000214
2.134 , -0.01000214
2.136 , -0.02000046
2.138 , -1.907348e-06
2.14 , -0.02000046
2.142 , -1.907348e-06
2.144 , -0.02000046
2.146 , -0.01000214
2.148 , -0.01000214
2.15 , -0.03000069
2.152 , -1.907348e-06
2.155 , -0.03000069
2.157 , -0.02000046
2.159 , -0.02000046
2.161 , -0.01000214
2.163 , -0.02000046
2.165 , -0.02000046
2.167 , -0.02000046
2.169 , -0.02000046
2.171 , -0.03000069
2.173 , -0.03000069
2.175 , -0.02000046
2.178 , -0.03000069
2.18 , -0.02000046
2.182 , -0.02000046
2.184 , -0.02000046
2.186 , -0.02000046
2.188 , -0.02000046
2.19 , -0.02000046
2.192 , -0.03000069
2.195 , -0.01000214
2.197 , -0.03000069
2.199 , -0.02000046
2.201 , -0.02000046
2.203 , -0.02000046
2.205 , -0.02000046
2.207 , -0.02000046
2.209 , -0.02000046
2.211 , -0.01000214
2.213 , -0.02000046
2.216 , -0.01000214
2.218 , -0.02000046
2.22 , -0.02000046
2.222 , -0.02000046
2.224 , -0.02000046
2.226 , -0.01000214
2.228 , -0.02000046
2.23 , -1.907348e-06
2.232 , -0.02000046
2.234 , -1.907348e-06
2.237 , -0.02000046
2.239 , -0.02000046
2.241 , -0.01000214
2.243 , -0.01000214
2.245 , -0.01000214
2.247 , -0.01000214
2.249 , -0.01000214
2.251 , -1.907348e-06
2.254 , -1.907348e-06
2.256 , -1.907348e-06
2.258 , -0.01000214
2.26 , -1.907348e-06
2.262 , -0.01000214
2.264 , -1.907348e-06
2.267 , -1.907348e-06
2.269 , -1.907348e-06
2.271 , -1.907348e-06
2.273 , -0.02000046
2.283 , -1.907348e-06
2.285 , -1.907348e-06
2.287 , -1.907348e-06
2.289 , -1.907348e-06
2.291 , -0.01000214
2.293 , -0.01000214
2.296 , -1.907348e-06
2.298 , -1.907348e-06
2.3 , -1.907348e-06
2.302 , -1.907348e-06
2.304 , -1.907348e-06
2.306 , -1.907348e-06
2.309 , -1.907348e-06
2.311 , -1.907348e-06
2.313 , -1.907348e-06
2.315 , -0.01000214
2.317 , -1.907348e-06
2.319 , -1.907348e-06
2.321 , -1.907348e-06
2.323 , -1.907348e-06
2.326 , -0.01000214
2.328 , 0.009998322
2.33 , -1.907348e-06
2.332 , -1.907348e-06
2.334 , -1.907348e-06
2.336 , -1.907348e-06
2.338 , -1.907348e-06
2.34 , -1.907348e-06
2.343 , -1.907348e-06
2.345 , -1.907348e-06
2.347 , -1.907348e-06
2.349 , -1.907348e-06
2.351 , -0.01000214
2.353 , -0.01000214
2.355 , -1.907348e-06
2.358 , -0.02000046
2.36 , -1.907348e-06
2.362 , -0.01000214
2.364 , -0.01000214
2.366 , -1.907348e-06
2.368 , -0.02000046
2.37 , -0.01000214
2.373 , -0.01000214
2.375 , -0.01000214
2.377 , -0.02000046
2.379 , -1.907348e-06
2.381 , -0.01000214
2.383 , -1.907348e-06
2.385 , -0.01000214
2.387 , -0.01000214
2.389 , -0.01000214
2.392 , -0.02000046
2.394 , -1.907348e-06
2.396 , -0.03000069
2.398 , -1.907348e-06
2.4 , -0.02000046
2.402 , -0.01000214
2.404 , -0.02000046
2.406 , -1.907348e-06
2.409 , -0.02000046
2.411 , -0.02000046
2.413 , -0.02000046
2.415 , -0.02000046
2.417 , -0.02000046
2.419 , -0.02000046
2.421 , -0.01000214
2.423 , -0.02000046
2.425 , -0.01000214
2.427 , -0.02000046
2.429 , -0.01000214
2.432 , -0.02000046
2.434 , -0.02000046
2.436 , -0.01000214
2.438 , -0.02000046
2.44 , -0.01000214
2.442 , -0.02000046
2.444 , -0.01000214
2.446 , -0.01000214
2.448 , -0.01000214
2.45 , -1.907348e-06
2.453 , -0.02000046
2.455 , -1.907348e-06
2.457 , -0.02000046
2.459 , -0.01000214
2.461 , -0.02000046
2.463 , -0.02000046
2.465 , -1.907348e-06
2.467 , -0.02000046
2.469 , -1.907348e-06
2.472 , -0.02000046
2.474 , -1.907348e-06
2.476 , -0.02000046
2.478 , -1.907348e-06
2.48 , -0.02000046
2.482 , -0.01000214
2.484 , -0.01000214
2.486 , -0.02000046
2.488 , -1.907348e-06
2.491 , -1.907348e-06
2.493 , -1.907348e-06
2.495 , -0.01000214
2.497 , -1.907348e-06
2.499 , -1.907348e-06
2.502 , -0.02000046
2.504 , -1.907348e-06
2.506 , -1.907348e-06
2.508 , -1.907348e-06
2.51 , -0.01000214
2.512 , -1.907348e-06
2.514 , -1.907348e-06
2.517 , -0.01000214
2.519 , -1.907348e-06
2.521 , -0.01000214
2.523 , -1.907348e-06
2.525 , -0.01000214
2.527 , -1.907348e-06
2.529 , -1.907348e-06
2.531 , -0.01000214
2.533 , -0.01000214
2.536 , -1.907348e-06
2.538 , -1.907348e-06
2.54 , -0.01000214
2.542 , -1.907348e-06
2.544 , -0.01000214
2.546 , 0.009998322
2.548 , -0.01000214
2.55 , -1.907348e-06
2.552 , -1.907348e-06
2.555 , -0.01000214
2.557 , -1.907348e-06
2.559 , -1.907348e-06
2.561 , -1.907348e-06
2.563 , -1.907348e-06
2.566 , -1.907348e-06
2.568 , -1.907348e-06
2.57 , -1.907348e-06
2.572 , -1.907348e-06
2.574 , -0.01000214
2.576 , -1.907348e-06
2.578 , -1.907348e-06
2.581 , 0.009998322
2.583 , -1.907348e-06
2.585 , -1.907348e-06
2.587 , -1.907348e-06
2.589 , -1.907348e-06
2.591 , -1.907348e-06
2.594 , -0.01000214
2.596 , -1.907348e-06
2.598 , -1.907348e-06
2.6 , -1.907348e-06
2.602 , -1.907348e-06
2.604 , 0.009998322
2.606 , -0.01000214
2.608 , -1.907348e-06
2.611 , -1.907348e-06
2.613 , -1.907348e-06
2.615 , -1.907348e-06
2.617 , -1.907348e-06
2.619 , -1.907348e-06
2.621 , -1.907348e-06
2.623 , -1.907348e-06
2.625 , -1.907348e-06
2.628 , -1.907348e-06
2.63 , -1.907348e-06
2.632 , -1.907348e-06
2.634 , -1.907348e-06
2.636 , -0.01000214
2.639 , -1.907348e-06
2.641 , -1.907348e-06
2.643 , -1.907348e-06
2.645 , -1.907348e-06
2.647 , -1.907348e-06
2.657 , -1.907348e-06
2.659 , -1.907348e-06
2.661 , -1.907348e-06
2.663 , -1.907348e-06
2.665 , -1.907348e-06
2.668 , -1.907348e-06
2.67 , -1.907348e-06
2.672 , -1.907348e-06
2.674 , -1.907348e-06
2.676 , 0.009998322
2.678 , -1.907348e-06
2.68 , 0.01999855
2.683 , -1.907348e-06
2.685 , -1.907348e-06
2.687 , -1.907348e-06
2.689 , -1.907348e-06
2.691 , -1.907348e-06
2.694 , -1.907348e-06
2.696 , 0.009998322
2.698 , 0.009998322
2.7 , -1.907348e-06
2.702 , 0.009998322
2.704 , -1.907348e-06
2.707 , 0.01999855
2.709 , -1.907348e-06
2.711 , 0.01999855
2.713 , -0.01000214
2.715 , 0.01999855
2.717 , -1.907348e-06
2.719 , -1.907348e-06
2.721 , -1.907348e-06
2.724 , 0.009998322
2.726 , 0.009998322
2.728 , 0.009998322
2.73 , -1.907348e-06
2.732 , 0.009998322
2.734 , -1.907348e-06
2.736 , -1.907348e-06
2.738 , -1.907348e-06
2.741 , -1.907348e-06
2.743 , -1.907348e-06
2.745 , -1.907348e-06
2.747 , -1.907348e-06
2.749 , -1.907348e-06
2.751 , -1.907348e-06
2.754 , 0.009998322
2.756 , -1.907348e-06
2.758 , -1.907348e-06
2.76 , -1.907348e-06
2.762 , -1.907348e-06
2.765 , -1.907348e-06
2.767 , -1.907348e-06
2.769 , -1.907348e-06
2.771 , -1.907348e-06
2.773 , 0.009998322
2.775 , -1.907348e-06
2.777 , -1.907348e-06
2.78 , -1.907348e-06
2.782 , -1.907348e-06
2.784 , 0.009998322
2.786 , -1.907348e-06
2.788 , -1.907348e-06
2.79 , 0.009998322
2.793 , -1.907348e-06
2.795 , -1.907348e-06
2.797 , -1.907348e-06
2.799 , -1.907348e-06
2.801 , -1.907348e-06
2.803 , -1.907348e-06
2.805 , -1.907348e-06
2.808 , -1.907348e-06
2.81 , 0.01999855
2.812 , -1.907348e-06
2.814 , 0.009998322
2.816 , -1.907348e-06
2.818 , -1.907348e-06
2.821 , -1.907348e-06
2.823 , -1.907348e-06
2.825 , 0.009998322
2.827 , 0.009998322
2.829 , 0.009998322
2.831 , -1.907348e-06
2.834 , -1.907348e-06
2.836 , 0.01999855
2.838 , -1.907348e-06
2.84 , 0.009998322
2.842 , -1.907348e-06
2.844 , 0.009998322
2.846 , -1.907348e-06
2.848 , 0.009998322
2.851 , -1.907348e-06
2.853 , 0.009998322
2.855 , 0.009998322
2.857 , -1.907348e-06
2.859 , 0.009998322
2.861 , -1.907348e-06
2.863 , 0.009998322
2.865 , -1.907348e-06
2.868 , 0.009998322
2.87 , 0.009998322
2.872 , -1.907348e-06
2.874 , 0.01999855
2.876 , -1.907348e-06
2.878 , 0.01999855
2.881 , 0.009998322
2.883 , 0.009998322
2.885 , 0.01999855
2.887 , -1.907348e-06
2.889 , 0.009998322
2.891 , 0.01999855
2.894 , 0.009998322
2.896 , 0.009998322
2.898 , 0.009998322
2.9 , 0.01999855
2.902 , -1.907348e-06
2.904 , 0.01999855
2.906 , 0.009998322
2.909 , 0.01999855
2.911 , 0.01999855
2.913 , 0.01999855
2.915 , 0.01999855
2.917 , 0.01999855
2.919 , 0.01999855
2.922 , 0.01999855
2.924 , 0.01999855
2.926 , 0.02999878
2.928 , 0.01999855
2.93 , 0.02999878
2.932 , 0.01999855
2.934 , 0.02999878
2.937 , 0.02999878
2.939 , 0.02999878
2.941 , 0.02999878
2.943 , 0.02999878
2.945 , 0.02999878
2.947 , 0.02999878
2.95 , 0.02999878
2.952 , 0.03999901
2.954 , 0.03999901
2.956 , 0.03999901
2.958 , 0.03999901
2.961 , 0.03999901
2.963 , 0.04999924
2.965 , 0.03999901
2.967 , 0.03999901
2.969 , 0.04999924
2.971 , 0.03999901
2.973 , 0.04999924
2.976 , 0.07999802
2.978 , 0.09999847
2.98 , 0.09999847
2.982 , 0.07999802
2.984 , 0.07999802
2.986 , 0.1499996
2.988 , 0.329998
2.99 , 0.5099983
2.993 , 0.8899994
2.995 , 1.019999
2.997 , 1.029999
2.999 , 1.009998
3.001 , 0.8599987
3.003 , 0.3899994
3.005 , -0.01000214
3.007 , -0.2700005
3.01 , -0.3200016
3.012 , -0.2500019
3.014 , -0.1100006
3.016 , 0.1599979
3.018 , 0.3699989
3.02 , 0.5199986
3.022 , 0.579998
3.025 , 0.5299988
3.034 , 0.1699982
3.036 , 0.1799984
3.039 , 0.2099991
3.041 , 0.2499981
3.043 , 0.2999992
3.045 , 0.3199997
3.047 , 0.3399982
3.049 , 0.3199997
3.051 , 0.2999992
3.053 , 0.2799988
3.056 , 0.2599983
3.058 , 0.2599983
3.06 , 0.2699986
3.062 , 0.2799988
3.064 , 0.2999992
3.066 , 0.2999992
3.068 , 0.3099995
3.071 , 0.3099995
3.073 , 0.2999992
3.075 , 0.289999
3.077 , 0.289999
3.079 , 0.289999
3.081 , 0.289999
3.084 , 0.289999
3.086 , 0.2999992
3.088 , 0.2999992
3.09 , 0.2999992
3.092 , 0.2999992
3.094 , 0.2999992
3.096 , 0.2999992
3.099 , 0.2999992
3.101 , 0.2999992
3.103 , 0.2999992
3.105 , 0.2999992
3.107 , 0.2999992
3.109 , 0.2999992
3.111 , 0.2999992
3.113 , 0.2999992
3.115 , 0.3099995
3.118 , 0.3099995
3.12 , 0.2999992
3.122 , 0.2999992
3.124 , 0.2999992
3.126 , 0.2999992
3.128 , 0.2999992
3.13 , 0.2999992
3.132 , 0.2999992
3.135 , 0.2999992
3.137 , 0.2999992
3.139 , 0.3199997
3.141 , 0.3099995
3.143 , 0.2999992
3.146 , 0.3199997
3.148 , 0.2999992
3.15 , 0.3099995
3.152 , 0.3099995
3.154 , 0.3099995
3.156 , 0.3099995
3.158 , 0.2999992
3.16 , 0.3099995
3.163 , 0.2999992
3.165 , 0.3099995
3.167 , 0.3099995
3.169 , 0.3099995
3.171 , 0.3099995
3.173 , 0.3099995
3.175 , 0.3099995
3.177 , 0.3099995
3.18 , 0.3099995
3.182 , 0.2999992
3.184 , 0.2999992
3.186 , 0.3099995
3.188 , 0.2999992
3.19 , 0.3099995
3.192 , 0.3099995
3.194 , 0.2999992
3.197 , 0.3099995
3.199 , 0.2999992
3.201 , 0.3099995
3.203 , 0.2999992
3.205 , 0.3099995
3.208 , 0.2999992
3.21 , 0.3099995
3.212 , 0.3099995
3.214 , 0.3099995
3.216 , 0.3099995
3.218 , 0.3099995
3.22 , 0.3099995
3.222 , 0.3099995
3.225 , 0.3099995
3.227 , 0.2999992
3.229 , 0.3099995
3.231 , 0.3099995
3.233 , 0.3199997
3.235 , 0.3699989
3.237 , 0.3699989
3.24 , 0.3499985
3.242 , 0.3399982
3.244 , 0.3199997
3.246 , 0.2699986
3.248 , 0.2299995
3.25 , 0.2199993
3.252 , 0.2399979
3.254 , 0.2799988
3.256 , 0.2999992
3.259 , 0.2999992
3.261 , 0.3099995
3.263 , 0.3199997
3.265 , 0.3199997
3.267 , 0.3099995
3.27 , 0.2699986
3.272 , 0.2399979
3.274 , 0.2699986
3.276 , 0.2699986
3.278 , 0.2799988
3.28 , 0.2799988
3.282 , 0.2399979
3.284 , 0.2699986
3.287 , 0.2999992
3.289 , 0.2999992
3.291 , 0.2999992
3.293 , 0.2399979
3.295 , 0.2599983
3.297 , 0.2699986
3.3 , 0.2799988
3.302 , 0.289999
3.304 , 0.2499981
3.306 , 0.2499981
3.308 , 0.2499981
3.31 , 0.2799988
3.312 , 0.2799988
3.315 , 0.2599983
3.317 , 0.2399979
3.319 , 0.2399979
3.321 , 0.2799988
3.323 , 0.2699986
3.325 , 0.2799988
3.327 , 0.2599983
3.329 , 0.2599983
3.332 , 0.2699986
3.334 , 0.2699986
3.336 , 0.2599983
3.338 , 0.2299995
3.34 , 0.1999989
3.342 , 0.2199993
3.345 , 0.2299995
3.347 , 0.2599983
3.349 , 0.2399979
3.351 , 0.2399979
3.353 , 0.2399979
3.355 , 0.2699986
3.357 , 0.2599983
3.36 , 0.2599983
3.362 , 0.2599983
3.364 , 0.2599983
3.366 , 0.2299995
3.368 , 0.1899986
3.37 , 0.2099991
3.372 , 0.2299995
3.375 , 0.2299995
3.377 , 0.2599983
3.379 , 0.2699986
3.381 , 0.2799988
3.383 , 0.2199993
3.385 , 0.1999989
3.387 , 0.1999989
3.39 , 0.2099991
3.392 , 0.2099991
3.394 , 0.2399979
3.396 , 0.2699986
3.398 , 0.2299995
3.401 , 0.1999989
3.41 , 0.2399979
3.412 , 0.2599983
3.414 , 0.2399979
3.416 , 0.1899986
3.419 , 0.1799984
3.421 , 0.2099991
3.423 , 0.2099991
3.425 , 0.2099991
3.427 , 0.2399979
3.429 , 0.2399979
3.431 , 0.2199993
3.434 , 0.1799984
3.436 , 0.1999989
3.438 , 0.1999989
3.44 , 0.2099991
3.442 , 0.2199993
3.444 , 0.2399979
3.446 , 0.2499981
3.448 , 0.2299995
3.451 , 0.2099991
3.453 , 0.2099991
3.455 , 0.2099991
3.457 , 0.2099991
3.459 , 0.2099991
3.461 , 0.2399979
3.464 , 0.2099991
3.466 , 0.1799984
3.468 , 0.1599979
3.47 , 0.1799984
3.472 , 0.2099991
3.474 , 0.2099991
3.476 , 0.2399979
3.479 , 0.2499981
3.481 , 0.2299995
3.483 , 0.1899986
3.485 , 0.1899986
3.487 , 0.2099991
3.489 , 0.1999989
3.491 , 0.2099991
3.494 , 0.2199993
3.496 , 0.2399979
3.498 , 0.1699982
3.5 , 0.1799984
3.502 , 0.1799984
3.504 , 0.1999989
3.506 , 0.2099991
3.509 , 0.2199993
3.511 , 0.2499981
3.513 , 0.2199993
3.515 , 0.1799984
3.517 , 0.1799984
3.519 , 0.1799984
3.521 , 0.1899986
3.523 , 0.1999989
3.526 , 0.2199993
3.528 , 0.2299995
3.53 , 0.1999989
3.532 , 0.1599979
3.534 , 0.1799984
3.537 , 0.1799984
3.539 , 0.1799984
3.541 , 0.2099991
3.543 , 0.2199993
3.545 , 0.2099991
3.547 , 0.1699982
3.549 , 0.1599979
3.551 , 0.1799984
3.554 , 0.1699982
3.556 , 0.1899986
3.558 , 0.2099991
3.56 , 0.2299995
3.562 , 0.1999989
3.564 , 0.1699982
3.566 , 0.1599979
3.569 , 0.1899986
3.571 , 0.1799984
3.573 , 0.1899986
3.575 , 0.2099991
3.577 , 0.2099991
3.579 , 0.2099991
3.582 , 0.1799984
3.584 , 0.1899986
3.586 , 0.1999989
3.588 , 0.1899986
3.59 , 0.2099991
3.592 , 0.1999989
3.595 , 0.1999989
3.597 , 0.1599979
3.599 , 0.1499996
3.601 , 0.1599979
3.603 , 0.1699982
3.605 , 0.1899986
3.607 , 0.2099991
3.61 , 0.2399979
3.612 , 0.1999989
3.614 , 0.1899986
3.616 , 0.1899986
3.618 , 0.1699982
3.62 , 0.1799984
3.622 , 0.1899986
3.625 , 0.2099991
3.627 , 0.2099991
3.629 , 0.1699982
3.631 , 0.1599979
3.633 , 0.1699982
3.635 , 0.1699982
3.637 , 0.1799984
3.639 , 0.1999989
3.642 , 0.2099991
3.644 , 0.2099991
3.646 , 0.1599979
3.648 , 0.1699982
3.65 , 0.1799984
3.652 , 0.1699982
3.655 , 0.1899986
3.657 , 0.1999989
3.659 , 0.1999989
3.661 , 0.1699982
3.663 , 0.1599979
3.665 , 0.1699982
3.668 , 0.1699982
3.67 , 0.1699982
3.672 , 0.1799984
3.674 , 0.1999989
3.676 , 0.1999989
3.678 , 0.1599979
3.68 , 0.1599979
3.683 , 0.1599979
3.685 , 0.1599979
3.687 , 0.1599979
3.689 , 0.1799984
3.691 , 0.1799984
3.693 , 0.1699982
3.695 , 0.1499996
3.698 , 0.1499996
3.7 , 0.1599979
3.702 , 0.1599979
3.704 , 0.1599979
3.706 , 0.1699982
3.708 , 0.1899986
3.71 , 0.1599979
3.712 , 0.1599979
3.715 , 0.1599979
3.717 , 0.1599979
3.719 , 0.1599979
3.721 , 0.1599979
3.723 , 0.1599979
3.725 , 0.1599979
3.728 , 0.1299992
3.73 , 0.1299992
3.732 , 0.1399994
3.734 , 0.1499996
3.736 , 0.1599979
3.738 , 0.1699982
3.74 , 0.1599979
3.742 , 0.1699982
3.745 , 0.1599979
3.747 , 0.1499996
3.749 , 0.1499996
3.751 , 0.1499996
3.753 , 0.1499996
3.755 , 0.1599979
3.757 , 0.1599979
3.76 , 0.1399994
3.762 , 0.1299992
3.764 , 0.1299992
3.766 , 0.1499996
3.768 , 0.1399994
3.77 , 0.1599979
3.773 , 0.1599979
3.775 , 0.1499996
3.777 , 0.08999825
3.787 , 0.1599979
3.789 , 0.1799984
3.791 , 0.1899986
3.793 , 0.1799984
3.795 , 0.1699982
3.798 , 0.1599979
3.8 , 0.1499996
3.802 , 0.1399994
3.804 , 0.1299992
3.806 , 0.1399994
3.808 , 0.1499996
3.81 , 0.1599979
3.813 , 0.1599979
3.815 , 0.1699982
3.817 , 0.1699982
3.819 , 0.1599979
3.821 , 0.1699982
3.823 , 0.1599979
3.825 , 0.1599979
3.827 , 0.1699982
3.83 , 0.1599979
3.832 , 0.1599979
3.834 , 0.1599979
3.836 , 0.1599979
3.838 , 0.1599979
3.84 , 0.1599979
3.843 , 0.1599979
3.845 , 0.1599979
3.847 , 0.1599979
3.849 , 0.1599979
3.851 , 0.1599979
3.853 , 0.1599979
3.856 , 0.1699982
3.858 , 0.1599979
3.86 , 0.1799984
3.862 , 0.1599979
3.864 , 0.1599979
3.867 , 0.1799984
3.869 , 0.1699982
3.871 , 0.1699982
3.873 , 0.1699982
3.875 , 0.1799984
3.877 , 0.1699982
3.879 , 0.1699982
3.882 , 0.1699982
3.884 , 0.1599979
3.886 , 0.1599979
3.888 , 0.1599979
3.89 , 0.1699982
3.892 , 0.1599979
3.894 , 0.1699982
3.896 , 0.1599979
3.899 , 0.1699982
3.901 , 0.1699982
3.903 , 0.1599979
3.905 , 0.1699982
3.907 , 0.1699982
3.91 , 0.1699982
3.912 , 0.1699982
3.914 , 0.1699982
3.916 , 0.1699982
3.918 , 0.1699982
3.92 , 0.1699982
3.922 , 0.1599979
3.925 , 0.1799984
3.927 , 0.1699982
3.929 , 0.1699982
3.931 , 0.1699982
3.933 , 0.1599979
3.935 , 0.1699982
3.937 , 0.1699982
3.939 , 0.1799984
3.942 , 0.1699982
3.944 , 0.1699982
3.946 , 0.1799984
3.948 , 0.1699982
3.95 , 0.1899986
3.952 , 0.1699982
3.955 , 0.1799984
3.957 , 0.1799984
3.959 , 0.1799984
3.961 , 0.1899986
3.963 , 0.1799984
3.965 , 0.1899986
3.967 , 0.1799984
3.97 , 0.1899986
3.972 , 0.1899986
3.974 , 0.1899986
3.976 , 0.1899986
3.978 , 0.1899986
3.98 , 0.1999989
3.983 , 0.1899986
3.985 , 0.2099991
3.987 , 0.2099991
3.989 , 0.2099991
3.991 , 0.2099991
3.993 , 0.1999989
3.996 , 0.2099991
3.998 , 0.2099991
4.0 , 0.2099991
4.002 , 0.2099991
4.004 , 0.2199993
4.006 , 0.2099991
4.008 , 0.2199993
4.01 , 0.2199993
4.012 , 0.2299995
4.015 , 0.2199993
4.017 , 0.2299995
4.019 , 0.2299995
4.021 , 0.2299995
4.023 , 0.2299995
4.025 , 0.2299995
4.027 , 0.2299995
4.029 , 0.2299995
4.032 , 0.2299995
4.034 , 0.2299995
4.036 , 0.2299995
4.038 , 0.2299995
4.04 , 0.2299995
4.042 , 0.2299995
4.045 , 0.2399979
4.047 , 0.2299995
4.049 , 0.2299995
4.051 , 0.2399979
4.053 , 0.2399979
4.055 , 0.2399979
4.057 , 0.2399979
4.06 , 0.2399979
4.062 , 0.2399979
4.064 , 0.2399979
4.066 , 0.2399979
4.068 , 0.2399979
4.07 , 0.2499981
4.072 , 0.2399979
4.075 , 0.2499981
4.077 , 0.2499981
4.079 , 0.2599983
4.081 , 0.2499981
4.083 , 0.2499981
4.085 , 0.2499981
4.087 , 0.2499981
4.089 , 0.2599983
4.092 , 0.2499981
4.094 , 0.2599983
4.096 , 0.2599983
4.098 , 0.2599983
4.1 , 0.2699986
4.103 , 0.2599983
4.105 , 0.2699986
4.107 , 0.2599983
4.109 , 0.2799988
4.111 , 0.2599983
4.113 , 0.2599983
4.115 , 0.2699986
4.117 , 0.2599983
4.119 , 0.2699986
4.122 , 0.2599983
4.124 , 0.2699986
4.126 , 0.2599983
4.128 , 0.2699986
4.13 , 0.2699986
4.132 , 0.2799988
4.134 , 0.2699986
4.137 , 0.2699986
4.139 , 0.2699986
4.141 , 0.2799988
4.143 , 0.2599983
4.145 , 0.2799988
4.147 , 0.2699986
4.149 , 0.2699986
4.152 , 0.2699986
4.154 , 0.2799988
4.163 , 0.2699986
4.166 , 0.2799988
4.168 , 0.2699986
4.17 , 0.2799988
4.172 , 0.2699986
4.174 , 0.2799988
4.177 , 0.2699986
4.179 , 0.289999
4.181 , 0.2699986
4.183 , 0.2699986
4.185 , 0.2799988
4.187 , 0.2699986
4.189 , 0.2699986
4.192 , 0.2799988
4.194 , 0.2699986
4.196 , 0.2799988
4.198 , 0.2799988
4.2 , 0.2699986
4.202 , 0.2699986
4.205 , 0.2799988
4.207 , 0.2699986
4.209 , 0.2799988
4.211 , 0.2799988
4.213 , 0.2699986
4.215 , 0.2799988
4.217 , 0.2699986
4.22 , 0.2799988
4.222 , 0.2699986
4.224 , 0.2799988
4.226 , 0.2799988
4.228 , 0.2699986
4.23 , 0.2799988
4.233 , 0.289999
4.235 , 0.2799988
4.237 , 0.2699986
4.239 , 0.289999
4.241 , 0.2799988
4.243 , 0.2799988
4.245 , 0.2699986
4.248 , 0.2799988
4.25 , 0.2799988
4.252 , 0.2799988
4.254 , 0.2799988
4.256 , 0.289999
4.258 , 0.2799988
4.26 , 0.289999
4.263 , 0.2799988
4.265 , 0.2799988
4.267 , 0.289999
4.269 , 0.2799988
4.271 , 0.2999992
4.273 , 0.289999
4.275 , 0.289999
4.277 , 0.289999
4.28 , 0.289999
4.282 , 0.289999
4.284 , 0.2799988
4.286 , 0.2799988
4.288 , 0.289999
4.29 , 0.289999
4.292 , 0.289999
4.295 , 0.289999
4.297 , 0.2799988
4.299 , 0.2999992
4.301 , 0.2799988
4.303 , 0.2999992
4.305 , 0.289999
4.308 , 0.2999992
4.31 , 0.2999992
4.312 , 0.289999
4.314 , 0.2999992
4.316 , 0.289999
4.318 , 0.2999992
4.32 , 0.2999992
4.322 , 0.2999992
4.325 , 0.2999992
4.327 , 0.2999992
4.329 , 0.2999992
4.331 , 0.2999992
4.333 , 0.2999992
4.335 , 0.2999992
4.337 , 0.3099995
4.34 , 0.2999992
4.342 , 0.3099995
4.344 , 0.3099995
4.346 , 0.3099995
4.348 , 0.3099995
4.35 , 0.3099995
4.352 , 0.3099995
4.354 , 0.2999992
4.357 , 0.2999992
4.359 , 0.3099995
4.361 , 0.3099995
4.363 , 0.3199997
4.365 , 0.2999992
4.367 , 0.3099995
4.37 , 0.3099995
4.372 , 0.3099995
4.374 , 0.3099995
4.376 , 0.3099995
4.378 , 0.3099995
4.38 , 0.3199997
4.382 , 0.3199997
4.385 , 0.3099995
4.387 , 0.3199997
4.389 , 0.3099995
4.391 , 0.3099995
4.393 , 0.3099995
4.395 , 0.3199997
4.397 , 0.3099995
4.4 , 0.3199997
4.402 , 0.3099995
4.404 , 0.3099995
4.406 , 0.3199997
4.408 , 0.3099995
4.41 , 0.3199997
4.412 , 0.3099995
4.414 , 0.3199997
4.417 , 0.2999992
4.419 , 0.3199997
4.421 , 0.3099995
4.423 , 0.3199997
4.425 , 0.3199997
4.427 , 0.3199997
4.43 , 0.3099995
4.432 , 0.3099995
4.434 , 0.3099995
4.436 , 0.3099995
4.438 , 0.3099995
4.44 , 0.3099995
4.442 , 0.3099995
4.444 , 0.3099995
4.446 , 0.3099995
4.449 , 0.3099995
4.451 , 0.2999992
4.453 , 0.3099995
4.455 , 0.3099995
4.457 , 0.3099995
4.459 , 0.3199997
4.461 , 0.2999992
4.464 , 0.3099995
4.466 , 0.2999992
4.468 , 0.3199997
4.47 , 0.3099995
4.472 , 0.3199997
4.474 , 0.3199997
4.476 , 0.3499985
4.479 , 0.3599987
4.481 , 0.3499985
4.483 , 0.3399982
4.485 , 0.3499985
4.487 , 0.4399986
4.49 , 0.6399994
4.492 , 0.9299984
4.494 , 1.209999
4.496 , 1.259998
4.498 , 1.279999
4.5 , 1.23
4.502 , 1.049999
4.504 , 0.8899994
4.507 , 0.7799988
4.509 , 0.7799988
4.511 , 0.6599979
4.513 , 0.4599991
4.515 , 0.3599987
4.517 , 0.3599987
4.519 , 0.3799992
4.522 , 0.4199982
4.524 , 0.5299988
4.526 , 0.6399994
4.528 , 0.7399979
4.53 , 0.7699986
4.54 , 0.6299992
4.542 , 0.5899982
4.544 , 0.5899982
4.546 , 0.5899982
4.549 , 0.5999985
4.551 , 0.6299992
4.553 , 0.6099987
4.555 , 0.6499996
4.557 , 0.6199989
4.559 , 0.6399994
4.561 , 0.6199989
4.564 , 0.6199989
4.566 , 0.6199989
4.568 , 0.5999985
4.57 , 0.6199989
4.572 , 0.6099987
4.574 , 0.6299992
4.577 , 0.6199989
4.579 , 0.6199989
4.581 , 0.6099987
4.583 , 0.5999985
4.585 , 0.6099987
4.587 , 0.5999985
4.589 , 0.5999985
4.592 , 0.5999985
4.594 , 0.6099987
4.596 , 0.5999985
4.598 , 0.5999985
4.6 , 0.5899982
4.602 , 0.5999985
4.604 , 0.5899982
4.606 , 0.5899982
4.609 , 0.5899982
4.611 , 0.5999985
4.613 , 0.5899982
4.615 , 0.5899982
4.617 , 0.579998
4.619 , 0.5899982
4.622 , 0.5899982
4.624 , 0.579998
4.626 , 0.579998
4.628 , 0.579998
4.63 , 0.5899982
4.632 , 0.5699997
4.634 , 0.5899982
4.636 , 0.5699997
4.639 , 0.579998
4.641 , 0.5699997
4.643 , 0.5699997
4.645 , 0.5699997
4.647 , 0.5699997
4.65 , 0.5599995
4.652 , 0.5699997
4.654 , 0.5699997
4.656 , 0.5699997
4.658 , 0.5599995
4.66 , 0.5699997
4.662 , 0.5599995
4.665 , 0.5599995
4.667 , 0.5499992
4.669 , 0.5599995
4.671 , 0.5499992
4.673 , 0.5599995
4.675 , 0.5499992
4.678 , 0.5499992
4.68 , 0.5499992
4.682 , 0.539999
4.684 , 0.539999
4.686 , 0.539999
4.688 , 0.539999
4.691 , 0.539999
4.693 , 0.539999
4.695 , 0.539999
4.697 , 0.539999
4.699 , 0.5299988
4.701 , 0.539999
4.703 , 0.5299988
4.705 , 0.539999
4.708 , 0.5299988
4.71 , 0.5299988
4.712 , 0.5299988
4.714 , 0.5199986
4.716 , 0.5199986
4.718 , 0.5199986
4.72 , 0.539999
4.723 , 0.5099983
4.725 , 0.5199986
4.727 , 0.4499989
4.729 , 0.4199982
4.731 , 0.4399986
4.733 , 0.4499989
4.735 , 0.5599995
4.737 , 0.6399994
4.74 , 0.6299992
4.742 , 0.6099987
4.744 , 0.5899982
4.746 , 0.4999981
4.748 , 0.4199982
4.75 , 0.3899994
4.753 , 0.3999996
4.755 , 0.4399986
4.757 , 0.4699993
4.759 , 0.4699993
4.761 , 0.4999981
4.763 , 0.5299988
4.765 , 0.5299988
4.768 , 0.5199986
4.77 , 0.4799995
4.772 , 0.4599991
4.774 , 0.4499989
4.776 , 0.4599991
4.778 , 0.4699993
4.781 , 0.4599991
4.783 , 0.4299984
4.785 , 0.4599991
4.787 , 0.4799995
4.789 , 0.4899979
4.791 , 0.4699993
4.793 , 0.4299984
4.795 , 0.4299984
4.798 , 0.4699993
4.8 , 0.4499989
4.802 , 0.4699993
4.804 , 0.4599991
4.806 , 0.4499989
4.808 , 0.4599991
4.811 , 0.4599991
4.813 , 0.4699993
4.815 , 0.4199982
4.817 , 0.3899994
4.819 , 0.3899994
4.821 , 0.3999996
4.823 , 0.4199982
4.826 , 0.4299984
4.828 , 0.4199982
4.83 , 0.4199982
4.832 , 0.4499989
4.834 , 0.4399986
4.836 , 0.4499989
4.838 , 0.3999996
4.841 , 0.3899994
4.843 , 0.3999996
4.845 , 0.3999996
4.847 , 0.4099979
4.849 , 0.4099979
4.851 , 0.3799992
4.853 , 0.3999996
4.856 , 0.3999996
4.858 , 0.4199982
4.86 , 0.3999996
4.862 , 0.3699989
4.864 , 0.3799992
4.866 , 0.3899994
4.869 , 0.3999996
4.871 , 0.3999996
4.873 , 0.3699989
4.875 , 0.3499985
4.877 , 0.3899994
4.88 , 0.3799992
4.882 , 0.3899994
4.884 , 0.3699989
4.886 , 0.3499985
4.888 , 0.3599987
4.89 , 0.3699989
4.893 , 0.3699989
4.895 , 0.3899994
4.897 , 0.3599987
4.899 , 0.3699989
4.901 , 0.3699989
4.903 , 0.3599987
4.905 , 0.3699989
4.908 , 0.3099995
4.917 , 0.3599987
4.92 , 0.3699989
4.922 , 0.3899994
4.924 , 0.3599987
4.926 , 0.329998
4.928 , 0.3199997
4.93 , 0.3199997
4.932 , 0.3199997
4.935 , 0.329998
4.937 , 0.3499985
4.939 , 0.3499985
4.941 , 0.2999992
4.943 , 0.2799988
4.946 , 0.3099995
4.948 , 0.3099995
4.95 , 0.3199997
4.952 , 0.3399982
4.954 , 0.3499985
4.956 , 0.3099995
4.958 , 0.2699986
4.961 , 0.2799988
4.963 , 0.2999992
4.965 , 0.289999
4.967 , 0.2999992
4.969 , 0.3099995
4.971 , 0.329998
4.973 , 0.2699986
4.976 , 0.2599983
4.978 , 0.2699986
4.98 , 0.2599983
4.982 , 0.2699986
4.984 , 0.2999992
4.986 , 0.2999992
4.988 , 0.2999992
4.991 , 0.2399979
4.993 , 0.2399979
4.995 , 0.2399979
4.997 , 0.2599983
4.999 , 0.2599983
5.001 , 0.2799988
5.004 , 0.2999992
5.006 , 0.2399979
5.008 , 0.2299995
5.01 , 0.2299995
5.012 , 0.2299995
5.014 , 0.2399979
5.016 , 0.2399979
5.018 , 0.2699986
5.021 , 0.2699986
5.023 , 0.2499981
5.025 , 0.2399979
5.027 , 0.2399979
5.029 , 0.2299995
5.031 , 0.2299995
5.033 , 0.2399979
5.036 , 0.2399979
5.038 , 0.2299995
5.04 , 0.1799984
5.042 , 0.1699982
5.044 , 0.1999989
5.046 , 0.1999989
5.048 , 0.2099991
5.051 , 0.2299995
5.053 , 0.2499981
5.055 , 0.2199993
5.057 , 0.1999989
5.059 , 0.1899986
5.061 , 0.1899986
5.064 , 0.1999989
5.066 , 0.1899986
5.068 , 0.2099991
5.07 , 0.1999989
5.072 , 0.1599979
5.074 , 0.1599979
5.076 , 0.1699982
5.078 , 0.1799984
5.081 , 0.1899986
5.083 , 0.2099991
5.085 , 0.2199993
5.087 , 0.2099991
5.089 , 0.1699982
5.091 , 0.1599979
5.093 , 0.1699982
5.095 , 0.1599979
5.098 , 0.1799984
5.1 , 0.1899986
5.102 , 0.1999989
5.104 , 0.1599979
5.106 , 0.1599979
5.108 , 0.1499996
5.111 , 0.1599979
5.113 , 0.1599979
5.115 , 0.1599979
5.117 , 0.1899986
5.119 , 0.1899986
5.121 , 0.1499996
5.123 , 0.1399994
5.126 , 0.1399994
5.128 , 0.1499996
5.13 , 0.1399994
5.132 , 0.1699982
5.134 , 0.1699982
5.136 , 0.1699982
5.138 , 0.1099987
5.14 , 0.1299992
5.143 , 0.1299992
5.145 , 0.1299992
5.147 , 0.1499996
5.149 , 0.1499996
5.151 , 0.1599979
5.153 , 0.1499996
5.155 , 0.1399994
5.158 , 0.1299992
5.16 , 0.1299992
5.162 , 0.1299992
5.164 , 0.1399994
5.166 , 0.1299992
5.168 , 0.1499996
5.17 , 0.08999825
5.172 , 0.07999802
5.175 , 0.09999847
5.177 , 0.09999847
5.179 , 0.1099987
5.181 , 0.1199989
5.183 , 0.1599979
5.185 , 0.1399994
5.187 , 0.1199989
5.19 , 0.09999847
5.192 , 0.1099987
5.194 , 0.09999847
5.196 , 0.09999847
5.198 , 0.1199989
5.201 , 0.1299992
5.203 , 0.08999825
5.205 , 0.06999969
5.207 , 0.08999825
5.209 , 0.07999802
5.211 , 0.08999825
5.213 , 0.1099987
5.216 , 0.1099987
5.218 , 0.1099987
5.22 , 0.07999802
5.222 , 0.06999969
5.224 , 0.06999969
5.226 , 0.07999802
5.228 , 0.07999802
5.23 , 0.09999847
5.233 , 0.1099987
5.235 , 0.08999825
5.237 , 0.04999924
5.239 , 0.07999802
5.241 , 0.05999947
5.243 , 0.07999802
5.246 , 0.07999802
5.248 , 0.1099987
5.25 , 0.09999847
5.252 , 0.05999947
5.254 , 0.04999924
5.256 , 0.05999947
5.259 , 0.05999947
5.261 , 0.05999947
5.263 , 0.07999802
5.265 , 0.08999825
5.267 , 0.07999802
5.269 , 0.01999855
5.271 , 0.05999947
5.274 , 0.03999901
5.276 , 0.04999924
5.278 , 0.04999924
5.28 , 0.06999969
5.282 , 0.07999802
5.284 , 0.05999947
5.294 , 0.03999901
5.296 , 0.05999947
5.298 , 0.05999947
5.301 , 0.03999901
5.303 , -1.907348e-06
5.305 , 0.01999855
5.307 , 0.009998322
5.309 , 0.03999901
5.311 , 0.02999878
5.313 , 0.05999947
5.316 , 0.06999969
5.318 , 0.03999901
5.32 , 0.02999878
5.322 , 0.01999855
5.324 , 0.01999855
5.326 , 0.01999855
5.329 , 0.01999855
5.331 , 0.03999901
5.333 , 0.01999855
5.335 , -1.907348e-06
5.337 , -1.907348e-06
5.339 , -1.907348e-06
5.341 , 0.01999855
5.343 , 0.01999855
5.346 , 0.02999878
5.348 , 0.02999878
5.35 , 0.01999855
5.352 , -0.01000214
5.354 , -1.907348e-06
5.356 , 0.009998322
5.359 , -0.01000214
5.361 , 0.02999878
5.363 , 0.009998322
5.365 , 0.02999878
5.367 , -0.02000046
5.369 , -1.907348e-06
5.371 , -0.02000046
5.373 , -1.907348e-06
5.376 , -0.01000214
5.378 , -1.907348e-06
5.38 , -1.907348e-06
5.382 , -1.907348e-06
5.384 , -0.03000069
5.386 , -0.01000214
5.389 , -0.03000069
5.391 , -0.01000214
5.393 , -1.907348e-06
5.395 , -1.907348e-06
5.397 , -1.907348e-06
5.399 , -0.03000069
5.401 , -0.03000069
5.404 , -0.03000069
5.406 , -0.03000069
5.408 , -0.02000046
5.41 , -0.02000046
5.412 , -1.907348e-06
5.414 , -1.907348e-06
5.416 , -0.01000214
5.418 , -0.02000046
5.421 , -0.02000046
5.423 , -0.02000046
5.425 , -0.02000046
5.427 , -0.02000046
5.429 , -0.01000214
5.431 , -0.02000046
5.433 , -0.04000092
5.435 , -0.04000092
5.437 , -0.03000069
5.439 , -0.03000069
5.442 , -0.02000046
5.444 , -0.02000046
5.446 , -1.907348e-06
5.448 , -0.01000214
5.45 , -0.02000046
5.452 , -0.03000069
5.455 , -0.02000046
5.457 , -0.03000069
5.459 , -0.02000046
5.461 , -0.01000214
5.463 , -1.907348e-06
5.465 , -0.04000092
5.467 , -0.04000092
5.469 , -0.03000069
5.472 , -0.03000069
5.474 , -0.03000069
5.476 , -1.907348e-06
5.478 , 0.009998322
5.48 , -0.01000214
5.482 , -0.0700016
5.484 , -0.09000206
5.486 , -0.04000092
5.488 , -0.04000092
5.491 , -0.02000046
5.493 , -0.01000214
5.495 , 0.02999878
5.497 , 0.03999901
5.499 , 0.01999855
5.501 , 0.01999855
5.503 , -0.01000214
5.505 , -0.02000046
5.508 , -0.02000046
5.51 , -0.02000046
5.512 , -0.01000214
5.514 , -0.02000046
5.516 , -0.01000214
5.518 , -1.907348e-06
5.52 , -1.907348e-06
5.522 , 0.009998322
5.525 , -1.907348e-06
5.527 , -1.907348e-06
5.529 , -0.01000214
5.531 , -1.907348e-06
5.533 , -1.907348e-06
5.535 , -1.907348e-06
5.537 , -1.907348e-06
5.54 , -1.907348e-06
5.542 , -1.907348e-06
5.544 , -1.907348e-06
5.546 , 0.009998322
5.548 , -1.907348e-06
5.55 , 0.009998322
5.553 , -1.907348e-06
5.555 , -1.907348e-06
5.557 , 0.009998322
5.559 , 0.009998322
5.561 , 0.009998322
5.563 , 0.009998322
5.566 , 0.01999855
5.568 , 0.01999855
5.57 , 0.01999855
5.572 , -1.907348e-06
5.574 , 0.009998322
5.576 , 0.009998322
5.579 , 0.01999855
5.581 , 0.009998322
5.583 , 0.009998322
5.585 , 0.01999855
5.587 , 0.009998322
5.589 , 0.01999855
5.592 , 0.01999855
5.594 , 0.01999855
5.596 , 0.009998322
5.598 , 0.01999855
5.6 , 0.01999855
5.602 , 0.01999855
5.604 , 0.01999855
5.606 , 0.01999855
5.609 , 0.01999855
5.611 , 0.01999855
5.613 , 0.01999855
5.615 , 0.01999855
5.617 , 0.01999855
5.619 , 0.01999855
5.621 , 0.01999855
5.623 , 0.01999855
5.626 , 0.02999878
5.628 , 0.02999878
5.63 , 0.01999855
5.632 , 0.02999878
5.634 , 0.02999878
5.636 , 0.01999855
5.639 , 0.02999878
5.641 , 0.02999878
5.643 , 0.02999878
5.645 , 0.02999878
5.647 , 0.02999878
5.65 , 0.03999901
5.652 , 0.02999878
5.654 , 0.03999901
5.656 , 0.02999878
5.658 , 0.04999924
5.66 , 0.03999901
5.67 , 0.03999901
5.672 , 0.03999901
5.674 , 0.03999901
5.677 , 0.04999924
5.679 , 0.04999924
5.681 , 0.04999924
5.683 , 0.05999947
5.685 , 0.04999924
5.687 , 0.04999924
5.689 , 0.05999947
5.692 , 0.05999947
5.694 , 0.05999947
5.696 , 0.05999947
5.698 , 0.05999947
5.7 , 0.05999947
5.703 , 0.05999947
5.705 , 0.06999969
5.707 , 0.05999947
5.709 , 0.06999969
5.711 , 0.06999969
5.714 , 0.05999947
5.716 , 0.06999969
5.718 , 0.06999969
5.72 , 0.06999969
5.722 , 0.06999969
5.724 , 0.07999802
5.727 , 0.07999802
5.729 , 0.06999969
5.731 , 0.07999802
5.733 , 0.07999802
5.735 , 0.06999969
5.737 , 0.07999802
5.739 , 0.06999969
5.742 , 0.07999802
5.744 , 0.07999802
5.746 , 0.08999825
5.748 , 0.06999969
5.75 , 0.07999802
5.752 , 0.07999802
5.754 , 0.07999802
5.757 , 0.08999825
5.759 , 0.07999802
5.761 , 0.09999847
5.763 , 0.08999825
5.765 , 0.07999802
5.768 , 0.08999825
5.77 , 0.08999825
5.772 , 0.08999825
5.774 , 0.08999825
5.776 , 0.07999802
5.778 , 0.08999825
5.781 , 0.08999825
5.783 , 0.07999802
5.785 , 0.08999825
5.787 , 0.07999802
5.789 , 0.08999825
5.791 , 0.08999825
5.794 , 0.09999847
5.796 , 0.08999825
5.798 , 0.09999847
5.8 , 0.08999825
5.802 , 0.09999847
5.804 , 0.08999825
5.807 , 0.08999825
5.809 , 0.08999825
5.811 , 0.07999802
5.813 , 0.09999847
5.815 , 0.07999802
5.817 , 0.09999847
5.819 , 0.08999825
5.822 , 0.08999825
5.824 , 0.08999825
5.826 , 0.07999802
5.828 , 0.08999825
5.83 , 0.07999802
5.832 , 0.08999825
5.835 , 0.08999825
5.837 , 0.07999802
5.839 , 0.09999847
5.841 , 0.07999802
5.843 , 0.08999825
5.845 , 0.07999802
5.848 , 0.08999825
5.85 , 0.08999825
5.852 , 0.08999825
5.854 , 0.08999825
5.856 , 0.08999825
5.858 , 0.09999847
5.861 , 0.08999825
5.863 , 0.08999825
5.865 , 0.08999825
5.867 , 0.07999802
5.869 , 0.08999825
5.871 , 0.08999825
5.874 , 0.07999802
5.876 , 0.08999825
5.878 , 0.07999802
5.88 , 0.09999847
5.882 , 0.08999825
5.884 , 0.08999825
5.887 , 0.08999825
5.889 , 0.07999802
5.891 , 0.09999847
5.893 , 0.07999802
5.895 , 0.08999825
5.898 , 0.08999825
5.9 , 0.07999802
5.902 , 0.09999847
5.904 , 0.08999825
5.906 , 0.08999825
5.908 , 0.08999825
5.911 , 0.07999802
5.913 , 0.07999802
5.915 , 0.08999825
5.917 , 0.09999847
5.919 , 0.07999802
5.921 , 0.08999825
5.924 , 0.09999847
5.926 , 0.08999825
5.928 , 0.08999825
5.93 , 0.07999802
5.932 , 0.07999802
5.934 , 0.08999825
5.936 , 0.07999802
5.939 , 0.08999825
5.941 , 0.07999802
5.943 , 0.09999847
5.945 , 0.08999825
5.947 , 0.08999825
5.949 , 0.08999825
5.952 , 0.08999825
5.954 , 0.08999825
5.956 , 0.08999825
5.958 , 0.08999825
5.961 , 0.08999825
5.963 , 0.08999825
5.965 , 0.08999825
5.967 , 0.08999825
5.969 , 0.08999825
5.971 , 0.08999825
5.973 , 0.08999825
5.976 , 0.1099987
5.978 , 0.1299992
5.98 , 0.1299992
5.982 , 0.1199989
5.984 , 0.1099987
5.986 , 0.1299992
5.988 , 0.2599983
5.991 , 0.4199982
5.993 , 0.6899986
5.995 , 1.019999
5.997 , 1.059999
5.999 , 1.079998
6.001 , 0.9899979
6.003 , 0.8199997
6.006 , 0.6499996
6.008 , 0.5999985
6.01 , 0.7199993
6.012 , 0.8399982
6.014 , 0.9299984
6.016 , 0.9099979
6.018 , 0.7299995
6.02 , 0.4799995
6.023 , 0.2999992
6.025 , 0.1999989
6.027 , 0.1599979
6.029 , 0.2599983
6.032 , 0.3999996
6.034 , 0.5699997
6.036 , 0.6899986
6.038 , 0.7499981
6.04 , 0.7599983
6.05 , 0.4999981
6.052 , 0.4799995
6.054 , 0.4999981
6.056 , 0.5099983
6.058 , 0.5499992
6.06 , 0.579998
6.063 , 0.5899982
6.065 , 0.5899982
6.067 , 0.579998
6.069 , 0.5699997
6.071 , 0.5499992
6.073 , 0.5499992
6.075 , 0.5499992
6.077 , 0.5499992
6.08 , 0.5499992
6.082 , 0.5699997
6.084 , 0.5699997
6.086 , 0.579998
6.088 , 0.5699997
6.091 , 0.5699997
6.093 , 0.5599995
6.095 , 0.5599995
6.097 , 0.5599995
6.099 , 0.5499992
6.101 , 0.5599995
6.104 , 0.5599995
6.106 , 0.5699997
6.108 , 0.5599995
6.11 , 0.5599995
6.112 , 0.5699997
6.114 , 0.5599995
6.116 , 0.5699997
6.119 , 0.5499992
6.121 , 0.5699997
6.123 , 0.5499992
6.125 , 0.579998
6.127 , 0.5599995
6.129 , 0.5699997
6.131 , 0.5699997
6.134 , 0.5599995
6.136 , 0.5599995
6.138 , 0.5599995
6.14 , 0.5699997
6.142 , 0.5599995
6.144 , 0.5499992
6.146 , 0.5599995
6.149 , 0.5599995
6.151 , 0.5599995
6.153 , 0.5599995
6.155 , 0.5599995
6.157 , 0.5599995
6.159 , 0.539999
6.162 , 0.5499992
6.164 , 0.5499992
6.166 , 0.539999
6.168 , 0.5499992
6.17 , 0.539999
6.172 , 0.539999
6.174 , 0.5499992
6.176 , 0.539999
6.179 , 0.539999
6.181 , 0.539999
6.183 , 0.539999
6.185 , 0.539999
6.187 , 0.539999
6.189 , 0.5299988
6.192 , 0.539999
6.194 , 0.539999
6.196 , 0.5299988
6.198 , 0.539999
6.2 , 0.5299988
6.202 , 0.539999
6.204 , 0.5199986
6.207 , 0.5199986
6.209 , 0.5199986
6.211 , 0.5299988
6.213 , 0.5199986
6.215 , 0.539999
6.217 , 0.5099983
6.219 , 0.539999
6.222 , 0.5099983
6.224 , 0.5199986
6.226 , 0.4899979
6.228 , 0.3999996
6.23 , 0.4099979
6.232 , 0.4099979
6.234 , 0.4999981
6.236 , 0.5999985
6.239 , 0.6299992
6.241 , 0.6199989
6.243 , 0.5999985
6.245 , 0.5699997
6.247 , 0.4599991
6.249 , 0.3899994
6.251 , 0.3799992
6.254 , 0.3999996
6.256 , 0.4299984
6.258 , 0.4599991
6.26 , 0.4599991
6.262 , 0.4999981
6.264 , 0.5199986
6.266 , 0.5099983
6.269 , 0.4899979
6.271 , 0.4399986
6.273 , 0.4299984
6.275 , 0.4499989
6.277 , 0.4499989
6.279 , 0.4599991
6.282 , 0.4499989
6.284 , 0.4599991
6.286 , 0.4699993
6.288 , 0.4699993
6.29 , 0.4599991
6.292 , 0.4399986
6.295 , 0.3899994
6.297 , 0.3899994
6.299 , 0.3999996
6.301 , 0.4199982
6.303 , 0.4299984
6.305 , 0.4199982
6.307 , 0.4299984
6.31 , 0.4499989
6.312 , 0.4399986
6.314 , 0.4399986
6.316 , 0.3999996
6.318 , 0.3799992
6.32 , 0.3999996
6.322 , 0.3999996
6.325 , 0.4199982
6.327 , 0.3999996
6.329 , 0.3799992
6.331 , 0.3899994
6.333 , 0.4099979
6.335 , 0.4099979
6.337 , 0.3999996
6.34 , 0.3699989
6.342 , 0.3699989
6.344 , 0.3799992
6.346 , 0.3899994
6.348 , 0.3999996
6.35 , 0.3699989
6.353 , 0.3499985
6.355 , 0.3699989
6.357 , 0.3799992
6.359 , 0.3899994
6.361 , 0.3799992
6.363 , 0.3399982
6.365 , 0.3599987
6.367 , 0.3699989
6.37 , 0.3699989
6.372 , 0.3899994
6.374 , 0.3599987
6.376 , 0.3699989
6.378 , 0.3699989
6.381 , 0.3799992
6.383 , 0.3699989
6.385 , 0.3399982
6.387 , 0.3099995
6.389 , 0.3099995
6.391 , 0.3399982
6.393 , 0.3399982
6.395 , 0.3599987
6.398 , 0.329998
6.4 , 0.3499985
6.402 , 0.3599987
6.404 , 0.3599987
6.406 , 0.3499985
6.409 , 0.3099995
6.411 , 0.3099995
6.413 , 0.329998
6.415 , 0.329998
6.417 , 0.3399982
6.427 , 0.3399982
6.429 , 0.3399982
6.431 , 0.289999
6.433 , 0.289999
6.435 , 0.3099995
6.438 , 0.3099995
6.44 , 0.3199997
6.442 , 0.289999
6.444 , 0.2799988
6.446 , 0.2999992
6.448 , 0.3199997
6.45 , 0.2999992
6.453 , 0.3099995
6.455 , 0.2699986
6.457 , 0.2799988
6.459 , 0.2999992
6.461 , 0.2999992
6.463 , 0.3199997
6.465 , 0.2999992
6.468 , 0.329998
6.47 , 0.2999992
6.472 , 0.289999
6.474 , 0.289999
6.476 , 0.2799988
6.479 , 0.289999
6.481 , 0.289999
6.483 , 0.2999992
6.485 , 0.2999992
6.487 , 0.2499981
6.489 , 0.2299995
6.491 , 0.2399979
6.494 , 0.2499981
6.496 , 0.2699986
6.498 , 0.2999992
6.5 , 0.2999992
6.502 , 0.3099995
6.504 , 0.2599983
6.506 , 0.2599983
6.508 , 0.2599983
6.511 , 0.2599983
6.513 , 0.2399979
6.515 , 0.2699986
6.517 , 0.2699986
6.519 , 0.2299995
6.521 , 0.2099991
6.523 , 0.2299995
6.526 , 0.2299995
6.528 , 0.2399979
6.53 , 0.2399979
6.532 , 0.2599983
6.534 , 0.2699986
6.536 , 0.2199993
6.539 , 0.2099991
6.541 , 0.2199993
6.543 , 0.2299995
6.545 , 0.2199993
6.547 , 0.2299995
6.549 , 0.2499981
6.551 , 0.2199993
6.554 , 0.1999989
6.556 , 0.2099991
6.558 , 0.1999989
6.56 , 0.1999989
6.562 , 0.2099991
6.564 , 0.2199993
6.566 , 0.2299995
6.569 , 0.1899986
6.571 , 0.1799984
6.573 , 0.1799984
6.575 , 0.1799984
6.577 , 0.1899986
6.579 , 0.1899986
6.582 , 0.2299995
6.584 , 0.2099991
6.586 , 0.1599979
6.588 , 0.1599979
6.59 , 0.1599979
6.592 , 0.1699982
6.594 , 0.1699982
6.597 , 0.1899986
6.599 , 0.2099991
6.601 , 0.1799984
6.603 , 0.1699982
6.605 , 0.1599979
6.608 , 0.1799984
6.61 , 0.1599979
6.612 , 0.1699982
6.614 , 0.1699982
6.616 , 0.1699982
6.618 , 0.1299992
6.62 , 0.1299992
6.623 , 0.1199989
6.625 , 0.1499996
6.627 , 0.1499996
6.629 , 0.1599979
6.631 , 0.1799984
6.633 , 0.1699982
6.635 , 0.1499996
6.637 , 0.1399994
6.64 , 0.1499996
6.642 , 0.1299992
6.644 , 0.1499996
6.646 , 0.1499996
6.648 , 0.1599979
6.65 , 0.1299992
6.652 , 0.09999847
6.655 , 0.1099987
6.657 , 0.1299992
6.659 , 0.1199989
6.661 , 0.1499996
6.663 , 0.1599979
6.665 , 0.1499996
6.668 , 0.1099987
6.67 , 0.1099987
6.672 , 0.1099987
6.674 , 0.1099987
6.676 , 0.1099987
6.678 , 0.1299992
6.68 , 0.1399994
6.683 , 0.1199989
6.685 , 0.09999847
6.687 , 0.09999847
6.689 , 0.09999847
6.691 , 0.09999847
6.693 , 0.1099987
6.696 , 0.1199989
6.698 , 0.1199989
6.7 , 0.09999847
6.702 , 0.07999802
6.704 , 0.08999825
6.706 , 0.08999825
6.709 , 0.08999825
6.711 , 0.1099987
6.713 , 0.1099987
6.715 , 0.1099987
6.717 , 0.07999802
6.719 , 0.06999969
6.721 , 0.06999969
6.723 , 0.08999825
6.726 , 0.07999802
6.728 , 0.09999847
6.73 , 0.1099987
6.732 , 0.1099987
6.734 , 0.06999969
6.737 , 0.08999825
6.739 , 0.07999802
6.741 , 0.06999969
6.743 , 0.08999825
6.745 , 0.07999802
6.747 , 0.1099987
6.749 , 0.04999924
6.752 , 0.03999901
6.754 , 0.03999901
6.756 , 0.04999924
6.758 , 0.06999969
6.76 , 0.07999802
6.762 , 0.09999847
6.764 , 0.09999847
6.767 , 0.06999969
6.769 , 0.07999802
6.771 , 0.05999947
6.773 , 0.06999969
6.775 , 0.06999969
6.777 , 0.08999825
6.78 , 0.07999802
6.782 , 0.05999947
6.784 , 0.04999924
6.786 , 0.05999947
6.788 , 0.04999924
6.791 , 0.06999969
6.793 , 0.07999802
6.795 , 0.09999847
6.805 , 0.05999947
6.807 , 0.05999947
6.809 , 0.07999802
6.811 , 0.08999825
6.813 , 0.07999802
6.815 , 0.05999947
6.818 , 0.04999924
6.82 , 0.05999947
6.822 , 0.05999947
6.824 , 0.06999969
6.826 , 0.08999825
6.828 , 0.07999802
6.831 , 0.07999802
6.833 , 0.03999901
6.835 , 0.05999947
6.837 , 0.05999947
6.839 , 0.05999947
6.841 , 0.07999802
6.843 , 0.08999825
6.846 , 0.08999825
6.848 , 0.06999969
6.85 , 0.05999947
6.852 , 0.06999969
6.854 , 0.05999947
6.857 , 0.06999969
6.859 , 0.07999802
6.861 , 0.09999847
6.863 , 0.08999825
6.865 , 0.07999802
6.867 , 0.07999802
6.87 , 0.07999802
6.872 , 0.06999969
6.874 , 0.06999969
6.876 , 0.07999802
6.878 , 0.06999969
6.88 , 0.04999924
6.882 , 0.04999924
6.885 , 0.03999901
6.887 , 0.06999969
6.889 , 0.06999969
6.891 , 0.09999847
6.893 , 0.08999825
6.895 , 0.09999847
6.898 , 0.06999969
6.9 , 0.05999947
6.902 , 0.06999969
6.904 , 0.06999969
6.906 , 0.07999802
6.909 , 0.07999802
6.911 , 0.07999802
6.913 , 0.06999969
6.915 , 0.04999924
6.917 , 0.06999969
6.919 , 0.04999924
6.922 , 0.07999802
6.924 , 0.08999825
6.926 , 0.09999847
6.928 , 0.07999802
6.93 , 0.04999924
6.933 , 0.05999947
6.935 , 0.05999947
6.937 , 0.07999802
6.939 , 0.06999969
6.941 , 0.09999847
6.943 , 0.07999802
6.945 , 0.06999969
6.948 , 0.05999947
6.95 , 0.05999947
6.952 , 0.05999947
6.954 , 0.06999969
6.956 , 0.07999802
6.959 , 0.09999847
6.961 , 0.06999969
6.963 , 0.04999924
6.965 , 0.04999924
6.967 , 0.04999924
6.969 , 0.05999947
6.972 , 0.06999969
6.974 , 0.07999802
6.976 , 0.08999825
6.978 , 0.05999947
6.98 , 0.04999924
6.983 , 0.03999901
6.985 , 0.04999924
6.987 , 0.05999947
6.989 , 0.05999947
6.991 , 0.07999802
6.993 , 0.06999969
6.996 , 0.06999969
6.998 , 0.04999924
7.0 , 0.05999947
7.002 , 0.04999924
7.004 , 0.04999924
7.006 , 0.06999969
7.008 , 0.04999924
7.011 , 0.04999924
7.013 , 0.01999855
7.015 , 0.009998322
7.017 , 0.02999878
7.019 , 0.01999855
7.021 , 0.04999924
7.023 , 0.04999924
7.026 , 0.07999802
7.028 , 0.03999901
7.03 , 0.04999924
7.032 , 0.02999878
7.034 , 0.02999878
7.036 , 0.02999878
7.039 , 0.01999855
7.041 , 0.04999924
7.043 , 0.01999855
7.045 , 0.009998322
7.047 , 0.02999878
7.049 , 0.009998322
7.052 , 0.03999901
7.054 , 0.01999855
7.056 , 0.03999901
7.058 , 0.03999901
7.06 , 0.01999855
7.062 , 0.009998322
7.064 , -1.907348e-06
7.067 , -1.907348e-06
7.069 , 0.01999855
7.071 , 0.01999855
7.073 , 0.02999878
7.075 , 0.01999855
7.077 , 0.009998322
7.079 , -1.907348e-06
7.082 , -1.907348e-06
7.084 , 0.009998322
7.086 , -1.907348e-06
7.088 , 0.01999855
7.09 , 0.02999878
7.092 , 0.01999855
7.094 , -0.01000214
7.097 , -1.907348e-06
7.099 , -0.01000214
7.101 , -1.907348e-06
7.103 , -1.907348e-06
7.105 , 0.01999855
7.107 , 0.01999855
7.11 , -0.01000214
7.112 , -0.01000214
7.114 , -0.02000046
7.116 , -0.01000214
7.118 , -0.02000046
7.12 , -1.907348e-06
7.122 , 0.009998322
7.124 , 0.009998322
7.126 , -1.907348e-06
7.129 , -0.02000046
7.131 , -1.907348e-06
7.133 , -1.907348e-06
7.135 , -0.01000214
7.137 , 0.009998322
7.139 , -1.907348e-06
7.141 , -0.01000214
7.143 , -0.04000092
7.146 , -0.03000069
7.148 , -0.04000092
7.15 , -0.02000046
7.152 , -0.03000069
7.154 , -1.907348e-06
7.156 , 0.009998322
7.158 , -1.907348e-06
7.16 , -0.02000046
7.163 , -0.03000069
7.165 , -0.02000046
7.167 , -0.03000069
7.169 , -0.02000046
7.171 , -0.02000046
7.173 , -0.01000214
7.183 , -0.03000069
7.185 , -0.03000069
7.187 , -1.907348e-06
7.19 , -0.02000046
7.192 , -0.0700016
7.194 , -0.1100006
7.196 , -0.09000206
7.198 , -0.08000183
7.2 , -0.06000137
7.202 , -0.04000092
7.204 , 0.009998322
7.207 , -1.907348e-06
7.209 , -1.907348e-06
7.211 , -0.02000046
7.213 , -0.02000046
7.215 , -0.05000114
7.217 , -0.05000114
7.219 , -0.06000137
7.221 , -0.06000137
7.224 , -0.05000114
7.226 , -0.04000092
7.228 , -0.03000069
7.23 , -0.03000069
7.232 , -0.02000046
7.234 , -0.03000069
7.236 , -0.03000069
7.238 , -0.04000092
7.241 , -0.04000092
7.243 , -0.04000092
7.245 , -0.04000092
7.247 , -0.03000069
7.249 , -0.04000092
7.251 , -0.03000069
7.253 , -0.04000092
7.255 , -0.04000092
7.257 , -0.02000046
7.259 , -0.04000092
7.262 , -0.03000069
7.264 , -0.03000069
7.266 , -0.04000092
7.268 , -0.03000069
7.27 , -0.03000069
7.272 , -0.03000069
7.274 , -0.03000069
7.276 , -0.03000069
7.279 , -0.03000069
7.281 , -0.02000046
7.283 , -0.03000069
7.285 , -0.03000069
7.287 , -0.02000046
7.289 , -0.02000046
7.291 , -0.02000046
7.293 , -0.03000069
7.295 , -0.02000046
7.298 , -0.02000046
7.3 , -0.03000069
7.302 , -0.02000046
7.304 , -0.02000046
7.306 , -0.02000046
7.308 , -0.03000069
7.31 , -0.02000046
7.312 , -0.02000046
7.315 , -0.02000046
7.317 , -0.03000069
7.319 , -0.02000046
7.321 , -0.02000046
7.323 , -0.02000046
7.325 , -0.02000046
7.327 , -0.01000214
7.329 , -0.02000046
7.331 , -0.02000046
7.334 , -0.01000214
7.336 , -0.02000046
7.338 , -1.907348e-06
7.34 , -0.01000214
7.342 , -0.01000214
7.344 , -0.01000214
7.346 , -1.907348e-06
7.348 , -1.907348e-06
7.35 , -1.907348e-06
7.353 , -1.907348e-06
7.355 , -0.01000214
7.357 , -1.907348e-06
7.359 , -1.907348e-06
7.361 , -1.907348e-06
7.363 , -1.907348e-06
7.365 , -1.907348e-06
7.368 , 0.009998322
7.37 , -0.01000214
7.372 , -1.907348e-06
7.374 , -0.01000214
7.376 , -1.907348e-06
7.378 , -1.907348e-06
7.381 , -1.907348e-06
7.383 , -1.907348e-06
7.385 , -1.907348e-06
7.387 , 0.009998322
7.389 , -1.907348e-06
7.391 , -1.907348e-06
7.394 , 0.009998322
7.396 , 0.009998322
7.398 , 0.009998322
7.4 , -1.907348e-06
7.402 , 0.01999855
7.404 , 0.009998322
7.406 , 0.01999855
7.409 , 0.01999855
7.411 , 0.01999855
7.413 , 0.01999855
7.415 , 0.01999855
7.417 , 0.01999855
7.419 , 0.01999855
7.421 , 0.01999855
7.424 , 0.01999855
7.426 , 0.01999855
7.428 , 0.02999878
7.43 , 0.01999855
7.432 , 0.02999878
7.435 , 0.02999878
7.437 , 0.02999878
7.439 , 0.02999878
7.441 , 0.02999878
7.443 , 0.02999878
7.445 , 0.03999901
7.448 , 0.03999901
7.45 , 0.02999878
7.452 , 0.02999878
7.454 , 0.03999901
7.456 , 0.02999878
7.458 , 0.02999878
7.461 , 0.03999901
7.463 , 0.03999901
7.465 , 0.03999901
7.467 , 0.03999901
7.469 , 0.04999924
7.471 , 0.03999901
7.473 , 0.03999901
7.476 , 0.05999947
7.478 , 0.07999802
7.48 , 0.09999847
7.482 , 0.07999802
7.484 , 0.06999969
7.486 , 0.07999802
7.489 , 0.1899986
7.491 , 0.3599987
7.493 , 0.539999
7.495 , 0.9199982
7.497 , 1.029999
7.499 , 1.039999
7.502 , 0.9599991
7.504 , 0.8499985
7.506 , 0.6899986
7.508 , 0.6099987
7.51 , 0.6699982
7.512 , 0.7799988
7.514 , 0.8799992
7.516 , 0.9599991
7.519 , 1.019999
7.521 , 1.07
7.523 , 1.189999
7.525 , 1.379999
7.527 , 1.579998
7.529 , 1.65
7.531 , 1.469999
7.533 , 1.139999
7.536 , 0.8499985
7.538 , 0.539999
7.54 , 0.3599987
7.542 , 0.2999992
7.544 , 0.3999996
7.546 , 0.579998
7.549 , 0.7599983
7.558 , 0.9199982
7.561 , 0.829998
7.563 , 0.7799988
7.565 , 0.7399979
7.567 , 0.7199993
7.569 , 0.7499981
7.571 , 0.7699986
7.574 , 0.8099995
7.576 , 0.8099995
7.578 , 0.829998
7.58 , 0.8099995
7.582 , 0.7999992
7.584 , 0.7799988
7.586 , 0.7799988
7.589 , 0.7599983
7.591 , 0.7599983
7.593 , 0.7699986
7.595 , 0.7699986
7.597 , 0.789999
7.599 , 0.7799988
7.602 , 0.7799988
7.604 , 0.7799988
7.606 , 0.7599983
7.608 , 0.7699986
7.61 , 0.7599983
7.612 , 0.7599983
7.614 , 0.7599983
7.617 , 0.7599983
7.619 , 0.7599983
7.621 , 0.7499981
7.623 , 0.7599983
7.625 , 0.7599983
7.627 , 0.7399979
7.63 , 0.7399979
7.632 , 0.7399979
7.634 , 0.7399979
7.636 , 0.7299995
7.638 , 0.7299995
7.64 , 0.7399979
7.643 , 0.7299995
7.645 , 0.7199993
7.647 , 0.7299995
7.649 , 0.7299995
7.651 , 0.7299995
7.653 , 0.7199993
7.655 , 0.7199993
7.658 , 0.7099991
7.66 , 0.7199993
7.662 , 0.7099991
7.664 , 0.7099991
7.666 , 0.7199993
7.668 , 0.6999989
7.67 , 0.7099991
7.673 , 0.7099991
7.675 , 0.6999989
7.677 , 0.6999989
7.679 , 0.6899986
7.681 , 0.6899986
7.683 , 0.6899986
7.685 , 0.6899986
7.688 , 0.6899986
7.69 , 0.6899986
7.692 , 0.6899986
7.694 , 0.6799984
7.696 , 0.6799984
7.699 , 0.6799984
7.701 , 0.6699982
7.703 , 0.6799984
7.705 , 0.6699982
7.707 , 0.6699982
7.709 , 0.6699982
7.711 , 0.6699982
7.714 , 0.6699982
7.716 , 0.6699982
7.718 , 0.6699982
7.72 , 0.6699982
7.722 , 0.6599979
7.724 , 0.6699982
7.727 , 0.6199989
7.729 , 0.5699997
7.731 , 0.5599995
7.733 , 0.5699997
7.735 , 0.6399994
7.737 , 0.7599983
7.739 , 0.7699986
7.742 , 0.7699986
7.744 , 0.7499981
7.746 , 0.6499996
7.748 , 0.579998
7.75 , 0.5499992
7.752 , 0.539999
7.755 , 0.539999
7.757 , 0.5499992
7.759 , 0.5899982
7.761 , 0.6499996
7.763 , 0.6599979
7.765 , 0.6299992
7.768 , 0.6099987
7.77 , 0.6199989
7.772 , 0.6199989
7.774 , 0.5599995
7.776 , 0.539999
7.778 , 0.5599995
7.781 , 0.5899982
7.783 , 0.579998
7.785 , 0.5499992
7.787 , 0.5699997
7.789 , 0.5899982
7.791 , 0.5899982
7.794 , 0.5699997
7.796 , 0.5699997
7.798 , 0.579998
7.8 , 0.5699997
7.802 , 0.5599995
7.804 , 0.5099983
7.806 , 0.5099983
7.809 , 0.5299988
7.811 , 0.539999
7.813 , 0.5199986
7.815 , 0.5199986
7.817 , 0.5499992
7.819 , 0.5599995
7.822 , 0.539999
7.824 , 0.4999981
7.826 , 0.5099983
7.828 , 0.5299988
7.83 , 0.5199986
7.832 , 0.4799995
7.834 , 0.4799995
7.837 , 0.5299988
7.839 , 0.5299988
7.841 , 0.4999981
7.843 , 0.4799995
7.845 , 0.4999981
7.847 , 0.5199986
7.849 , 0.4999981
7.852 , 0.4599991
7.854 , 0.4699993
7.856 , 0.4999981
7.858 , 0.4899979
7.86 , 0.4599991
7.862 , 0.4599991
7.865 , 0.4899979
7.867 , 0.4899979
7.869 , 0.4899979
7.871 , 0.4699993
7.873 , 0.4899979
7.875 , 0.4999981
7.878 , 0.4799995
7.88 , 0.4199982
7.882 , 0.3999996
7.884 , 0.4299984
7.886 , 0.4399986
7.888 , 0.4399986
7.891 , 0.4299984
7.893 , 0.4499989
7.895 , 0.4899979
7.897 , 0.4799995
7.899 , 0.4099979
7.901 , 0.4099979
7.903 , 0.4299984
7.906 , 0.4299984
7.908 , 0.3999996
7.91 , 0.3899994
7.912 , 0.4099979
7.914 , 0.4299984
7.916 , 0.4199982
7.919 , 0.3999996
7.921 , 0.3999996
7.923 , 0.4199982
7.925 , 0.4099979
7.927 , 0.3799992
7.937 , 0.3799992
7.939 , 0.3599987
7.941 , 0.3899994
7.944 , 0.3999996
7.946 , 0.3899994
7.948 , 0.3799992
7.95 , 0.3899994
7.952 , 0.3899994
7.954 , 0.3799992
7.956 , 0.3399982
7.959 , 0.329998
7.961 , 0.3499985
7.963 , 0.3499985
7.965 , 0.329998
7.967 , 0.3399982
7.969 , 0.3499985
7.972 , 0.3799992
7.974 , 0.3599987
7.976 , 0.3199997
7.978 , 0.329998
7.98 , 0.3399982
7.982 , 0.329998
7.985 , 0.2999992
7.987 , 0.3099995
7.989 , 0.3199997
7.991 , 0.329998
7.993 , 0.3199997
7.995 , 0.2999992
7.997 , 0.3099995
8.0 , 0.3199997
8.002 , 0.329998
8.004 , 0.3199997
8.006 , 0.3199997
8.008 , 0.2799988
8.011 , 0.2799988
8.013 , 0.2799988
8.015 , 0.2799988
8.017 , 0.289999
8.019 , 0.2999992
8.021 , 0.2999992
8.023 , 0.2699986
8.025 , 0.2699986
8.028 , 0.2699986
8.03 , 0.2799988
8.032 , 0.2799988
8.034 , 0.2699986
8.036 , 0.2799988
8.038 , 0.2699986
8.04 , 0.2799988
8.043 , 0.2699986
8.045 , 0.2799988
8.047 , 0.2599983
8.049 , 0.2399979
8.051 , 0.2099991
8.053 , 0.2199993
8.056 , 0.2099991
8.058 , 0.2399979
8.06 , 0.2399979
8.062 , 0.2499981
8.064 , 0.2399979
8.066 , 0.2399979
8.068 , 0.2299995
8.071 , 0.2299995
8.073 , 0.2299995
8.075 , 0.2099991
8.077 , 0.1699982
8.079 , 0.1799984
8.081 , 0.1899986
8.084 , 0.1899986
8.086 , 0.2099991
8.088 , 0.2099991
8.09 , 0.1899986
8.092 , 0.1899986
8.094 , 0.1899986
8.096 , 0.1799984
8.099 , 0.1899986
8.101 , 0.1899986
8.103 , 0.1799984
8.105 , 0.1699982
8.107 , 0.1599979
8.109 , 0.1799984
8.111 , 0.1799984
8.114 , 0.1899986
8.116 , 0.1799984
8.118 , 0.1599979
8.12 , 0.1599979
8.122 , 0.1599979
8.124 , 0.1599979
8.126 , 0.1799984
8.128 , 0.1599979
8.131 , 0.1599979
8.133 , 0.1499996
8.135 , 0.1599979
8.137 , 0.1599979
8.139 , 0.1599979
8.141 , 0.1599979
8.144 , 0.1599979
8.146 , 0.1699982
8.148 , 0.1499996
8.15 , 0.1599979
8.152 , 0.1499996
8.154 , 0.1599979
8.156 , 0.1399994
8.159 , 0.1199989
8.161 , 0.1199989
8.163 , 0.1199989
8.165 , 0.1299992
8.167 , 0.1399994
8.169 , 0.1599979
8.171 , 0.1399994
8.174 , 0.1499996
8.176 , 0.1499996
8.178 , 0.1499996
8.18 , 0.1399994
8.182 , 0.1399994
8.184 , 0.1299992
8.186 , 0.1099987
8.188 , 0.09999847
8.191 , 0.1099987
8.193 , 0.1199989
8.195 , 0.1299992
8.197 , 0.1299992
8.199 , 0.1099987
8.202 , 0.1099987
8.204 , 0.1099987
8.206 , 0.09999847
8.208 , 0.1099987
8.21 , 0.1099987
8.212 , 0.1099987
8.214 , 0.08999825
8.216 , 0.09999847
8.219 , 0.09999847
8.221 , 0.09999847
8.223 , 0.1099987
8.225 , 0.09999847
8.227 , 0.07999802
8.23 , 0.07999802
8.232 , 0.08999825
8.234 , 0.07999802
8.236 , 0.08999825
8.238 , 0.07999802
8.24 , 0.07999802
8.242 , 0.06999969
8.245 , 0.06999969
8.247 , 0.06999969
8.249 , 0.07999802
8.251 , 0.07999802
8.253 , 0.07999802
8.255 , 0.07999802
8.257 , 0.06999969
8.26 , 0.08999825
8.262 , 0.06999969
8.264 , 0.07999802
8.266 , 0.05999947
8.269 , 0.02999878
8.271 , 0.01999855
8.273 , 0.03999901
8.275 , 0.03999901
8.277 , 0.04999924
8.279 , 0.04999924
8.281 , 0.04999924
8.284 , 0.03999901
8.286 , 0.04999924
8.288 , 0.03999901
8.29 , 0.04999924
8.292 , 0.03999901
8.294 , 0.01999855
8.297 , 0.01999855
8.299 , -1.907348e-06
8.301 , 0.01999855
8.303 , 0.01999855
8.305 , 0.03999901
8.315 , 0.009998322
8.317 , 0.01999855
8.319 , 0.01999855
8.321 , -1.907348e-06
8.323 , -1.907348e-06
8.326 , -0.02000046
8.328 , 0.01999855
8.33 , -1.907348e-06
8.332 , 0.01999855
8.334 , 0.009998322
8.336 , -0.01000214
8.339 , -0.02000046
8.341 , -0.01000214
8.343 , -0.02000046
8.345 , -1.907348e-06
8.347 , -1.907348e-06
8.349 , -0.02000046
8.351 , -0.03000069
8.353 , -0.02000046
8.355 , -0.02000046
8.358 , -0.01000214
8.36 , -0.02000046
8.362 , -1.907348e-06
8.364 , -0.01000214
8.366 , -0.02000046
8.368 , -1.907348e-06
8.37 , -0.02000046
8.372 , -1.907348e-06
8.375 , -0.03000069
8.377 , -0.03000069
8.379 , -0.06000137
8.381 , -0.04000092
8.383 , -0.06000137
8.385 , -0.04000092
8.387 , -0.03000069
8.389 , -0.02000046
8.392 , -0.05000114
8.394 , -0.03000069
8.396 , -0.04000092
8.398 , -0.04000092
8.4 , -0.04000092
8.402 , -0.05000114
8.404 , -0.0700016
8.407 , -0.08000183
8.409 , -0.06000137
8.411 , -0.0700016
8.413 , -0.06000137
8.415 , -0.05000114
8.417 , -0.0700016
8.419 , -0.0700016
8.421 , -0.08000183
8.424 , -0.0700016
8.426 , -0.0700016
8.428 , -0.08000183
8.43 , -0.0700016
8.432 , -0.09000206
8.434 , -0.09000206
8.436 , -0.08000183
8.438 , -0.09000206
8.44 , -0.08000183
8.443 , -0.08000183
8.445 , -0.09000206
8.447 , -0.1000004
8.449 , -0.1000004
8.451 , -0.1100006
8.453 , -0.09000206
8.455 , -0.1000004
8.457 , -0.1100006
8.46 , -0.1100006
8.462 , -0.1200008
8.464 , -0.1100006
8.466 , -0.1300011
8.468 , -0.1100006
8.47 , -0.1100006
8.472 , -0.1000004
8.474 , -0.1200008
8.476 , -0.1000004
8.478 , -0.1100006
8.481 , -0.1000004
8.483 , -0.1200008
8.485 , -0.1200008
8.487 , -0.1600018
8.489 , -0.170002
8.491 , -0.1400013
8.493 , -0.1400013
8.495 , -0.1300011
8.497 , -0.1200008
8.5 , -0.1300011
8.502 , -0.1300011
8.504 , -0.1400013
8.506 , -0.1300011
8.508 , -0.1300011
8.51 , -0.1200008
8.512 , -0.1500015
8.514 , -0.1600018
8.516 , -0.170002
8.518 , -0.1500015
8.521 , -0.1500015
8.523 , -0.1400013
8.525 , -0.1200008
8.527 , -0.1500015
8.529 , -0.1500015
8.531 , -0.1600018
8.533 , -0.1600018
8.535 , -0.1400013
8.538 , -0.1500015
8.54 , -0.1500015
8.542 , -0.170002
8.544 , -0.1600018
8.546 , -0.1500015
8.548 , -0.1500015
8.55 , -0.1400013
8.552 , -0.1500015
8.554 , -0.1600018
8.557 , -0.1800003
8.559 , -0.1600018
8.561 , -0.170002
8.563 , -0.1600018
8.565 , -0.1600018
8.567 , -0.170002
8.569 , -0.1800003
8.571 , -0.170002
8.573 , -0.170002
8.575 , -0.1600018
8.578 , -0.1500015
8.58 , -0.1600018
8.582 , -0.1500015
8.584 , -0.170002
8.586 , -0.1500015
8.588 , -0.1600018
8.59 , -0.1600018
8.593 , -0.1600018
8.595 , -0.1800003
8.597 , -0.1800003
8.599 , -0.210001
8.601 , -0.1800003
8.603 , -0.170002
8.605 , -0.170002
8.607 , -0.170002
8.609 , -0.170002
8.611 , -0.170002
8.614 , -0.1600018
8.616 , -0.1500015
8.618 , -0.170002
8.62 , -0.1500015
8.622 , -0.1800003
8.624 , -0.1900005
8.626 , -0.1900005
8.628 , -0.1900005
8.63 , -0.170002
8.632 , -0.170002
8.635 , -0.170002
8.637 , -0.1900005
8.639 , -0.1800003
8.641 , -0.170002
8.643 , -0.1800003
8.645 , -0.170002
8.647 , -0.1800003
8.649 , -0.1800003
8.652 , -0.2000008
8.654 , -0.1800003
8.656 , -0.1800003
8.658 , -0.1800003
8.66 , -0.170002
8.662 , -0.1800003
8.664 , -0.1800003
8.666 , -0.210001
8.668 , -0.170002
8.671 , -0.2000008
8.673 , -0.170002
8.675 , -0.1800003
8.677 , -0.1900005
8.686 , -0.1800003
8.689 , -0.1800003
8.691 , -0.1800003
8.693 , -0.1900005
8.695 , -0.1800003
8.697 , -0.1800003
8.699 , -0.1900005
8.701 , -0.1800003
8.703 , -0.210001
8.705 , -0.2200012
8.708 , -0.2300014
8.71 , -0.2200012
8.712 , -0.210001
8.714 , -0.2000008
8.716 , -0.1900005
8.718 , -0.1900005
8.72 , -0.2000008
8.722 , -0.1900005
8.724 , -0.1900005
8.727 , -0.1900005
8.729 , -0.1900005
8.731 , -0.2200012
8.733 , -0.2200012
8.735 , -0.2200012
8.737 , -0.2200012
8.739 , -0.2200012
8.741 , -0.210001
8.743 , -0.2000008
8.745 , -0.210001
8.747 , -0.210001
8.75 , -0.210001
8.752 , -0.210001
8.754 , -0.210001
8.756 , -0.210001
8.758 , -0.2200012
8.76 , -0.2200012
8.762 , -0.2300014
8.764 , -0.210001
8.766 , -0.2200012
8.769 , -0.210001
8.771 , -0.2200012
8.773 , -0.2300014
8.775 , -0.2400017
8.777 , -0.2200012
8.779 , -0.2200012
8.781 , -0.210001
8.783 , -0.210001
8.786 , -0.2200012
8.788 , -0.2300014
8.79 , -0.2300014
8.792 , -0.2300014
8.794 , -0.2200012
8.796 , -0.2200012
8.798 , -0.210001
8.8 , -0.2200012
8.802 , -0.2200012
8.804 , -0.2200012
8.807 , -0.2200012
8.809 , -0.210001
8.811 , -0.210001
8.813 , -0.2300014
8.815 , -0.2600021
8.817 , -0.2500019
8.819 , -0.2500019
8.821 , -0.2200012
8.823 , -0.2200012
8.825 , -0.2200012
8.828 , -0.2200012
8.83 , -0.2200012
8.832 , -0.2200012
8.834 , -0.2200012
8.836 , -0.2200012
8.838 , -0.2200012
8.84 , -0.2400017
8.842 , -0.2500019
8.844 , -0.2500019
8.847 , -0.2500019
8.849 , -0.2300014
8.851 , -0.2200012
8.853 , -0.2300014
8.855 , -0.2800007
8.857 , -0.2900009
8.859 , -0.2700005
8.861 , -0.2600021
8.863 , -0.2500019
8.865 , -0.2200012
8.868 , -0.1900005
8.87 , -0.1800003
8.872 , -0.1900005
8.874 , -0.2000008
8.876 , -0.210001
8.878 , -0.2200012
8.88 , -0.2300014
8.882 , -0.2400017
8.884 , -0.2200012
8.887 , -0.2200012
8.889 , -0.2200012
8.891 , -0.210001
8.893 , -0.210001
8.895 , -0.210001
8.897 , -0.2000008
8.899 , -0.210001
8.901 , -0.2000008
8.904 , -0.2000008
8.906 , -0.2000008
8.908 , -0.210001
8.91 , -0.1900005
8.912 , -0.1900005
8.914 , -0.2000008
8.916 , -0.2000008
8.918 , -0.1800003
8.921 , -0.1900005
8.923 , -0.1800003
8.925 , -0.1900005
8.927 , -0.1800003
8.929 , -0.1900005
8.931 , -0.1800003
8.933 , -0.1800003
8.935 , -0.170002
8.937 , -0.170002
8.939 , -0.1800003
8.942 , -0.170002
8.944 , -0.170002
8.946 , -0.170002
8.948 , -0.170002
8.95 , -0.170002
8.952 , -0.1600018
8.954 , -0.1600018
8.956 , -0.1500015
8.958 , -0.1600018
8.961 , -0.1500015
8.963 , -0.1400013
8.965 , -0.1500015
8.967 , -0.1400013
8.969 , -0.1400013
8.971 , -0.1300011
8.973 , -0.1400013
8.975 , -0.1300011
8.978 , -0.1000004
8.98 , -0.08000183
8.982 , -0.08000183
8.984 , -0.09000206
8.986 , -0.09000206
8.988 , -0.04000092
8.99 , 0.1099987
8.992 , 0.2999992
8.995 , 0.5899982
8.997 , 0.8399982
8.999 , 0.8699989
9.001 , 0.8399982
9.003 , 0.7499981
9.005 , 0.6199989
9.008 , 0.539999
9.01 , 0.539999
9.012 , 0.5999985
9.014 , 0.7099991
9.016 , 0.7799988
9.018 , 0.8499985
9.02 , 0.8999996
9.022 , 1.029999
9.025 , 1.219999
9.027 , 1.449999
9.029 , 1.629999
9.031 , 1.759998
9.033 , 1.849998
9.035 , 1.869999
9.037 , 1.829998
9.04 , 1.73
9.042 , 1.499998
9.044 , 1.059999
9.046 , 0.7499981
9.048 , 0.4999981
9.058 , 0.8699989
9.06 , 0.9999981
9.062 , 1.109999
9.064 , 1.119999
9.066 , 1.109999
9.068 , 1.019999
9.071 , 0.9699993
9.073 , 0.8699989
9.075 , 0.8399982
9.077 , 0.8399982
9.079 , 0.8599987
9.081 , 0.8799992
9.083 , 0.9099979
9.086 , 0.9199982
9.088 , 0.9199982
9.09 , 0.9199982
9.092 , 0.9099979
9.094 , 0.8799992
9.097 , 0.8799992
9.099 , 0.8699989
9.101 , 0.8699989
9.103 , 0.8699989
9.105 , 0.8799992
9.107 , 0.8899994
9.11 , 0.8799992
9.112 , 0.8899994
9.114 , 0.8899994
9.116 , 0.8699989
9.118 , 0.8799992
9.12 , 0.8599987
9.122 , 0.8699989
9.125 , 0.8599987
9.127 , 0.8599987
9.129 , 0.8699989
9.131 , 0.8599987
9.133 , 0.8699989
9.135 , 0.8699989
9.137 , 0.8599987
9.14 , 0.8599987
9.142 , 0.8499985
9.144 , 0.8599987
9.146 , 0.8499985
9.148 , 0.8499985
9.15 , 0.8499985
9.152 , 0.8499985
9.155 , 0.8499985
9.157 , 0.8599987
9.159 , 0.8499985
9.161 , 0.8499985
9.163 , 0.8499985
9.166 , 0.8499985
9.168 , 0.8499985
9.17 , 0.8399982
9.172 , 0.8399982
9.174 , 0.8399982
9.176 , 0.8499985
9.178 , 0.8399982
9.181 , 0.8399982
9.183 , 0.8399982
9.185 , 0.8399982
9.187 , 0.8399982
9.189 , 0.829998
9.191 , 0.829998
9.193 , 0.829998
9.196 , 0.829998
9.198 , 0.829998
9.2 , 0.829998
9.202 , 0.829998
9.204 , 0.829998
9.206 , 0.829998
9.208 , 0.829998
9.211 , 0.829998
9.213 , 0.8199997
9.215 , 0.8199997
9.217 , 0.8099995
9.219 , 0.8199997
9.221 , 0.8099995
9.224 , 0.8099995
9.226 , 0.8099995
9.228 , 0.7599983
9.23 , 0.7199993
9.232 , 0.7299995
9.234 , 0.7399979
9.236 , 0.8499985
9.239 , 0.8899994
9.241 , 0.9199982
9.243 , 0.8799992
9.245 , 0.829998
9.247 , 0.7699986
9.249 , 0.7499981
9.252 , 0.6799984
9.254 , 0.6599979
9.256 , 0.6999989
9.258 , 0.7299995
9.26 , 0.7399979
9.262 , 0.7599983
9.264 , 0.7999992
9.267 , 0.7699986
9.269 , 0.7299995
9.271 , 0.7299995
9.273 , 0.7399979
9.275 , 0.6799984
9.277 , 0.6899986
9.279 , 0.7199993
9.282 , 0.7199993
9.284 , 0.7099991
9.286 , 0.7399979
9.288 , 0.7299995
9.29 , 0.6799984
9.293 , 0.6599979
9.295 , 0.6799984
9.297 , 0.6599979
9.299 , 0.6499996
9.301 , 0.6699982
9.303 , 0.6899986
9.305 , 0.6599979
9.308 , 0.6699982
9.31 , 0.6899986
9.312 , 0.6499996
9.314 , 0.6299992
9.316 , 0.6599979
9.318 , 0.6599979
9.32 , 0.6199989
9.323 , 0.6299992
9.325 , 0.6599979
9.327 , 0.6299992
9.329 , 0.5999985
9.331 , 0.6299992
9.333 , 0.6399994
9.336 , 0.5899982
9.338 , 0.5999985
9.34 , 0.6299992
9.342 , 0.6199989
9.344 , 0.6099987
9.346 , 0.6199989
9.348 , 0.6299992
9.351 , 0.579998
9.353 , 0.5499992
9.355 , 0.579998
9.357 , 0.5599995
9.359 , 0.5499992
9.361 , 0.5699997
9.364 , 0.5999985
9.366 , 0.5599995
9.368 , 0.5599995
9.37 , 0.5899982
9.372 , 0.5499992
9.374 , 0.5299988
9.377 , 0.5599995
9.379 , 0.5599995
9.381 , 0.5199986
9.383 , 0.5299988
9.385 , 0.5499992
9.387 , 0.539999
9.389 , 0.5099983
9.392 , 0.5299988
9.394 , 0.5299988
9.396 , 0.4999981
9.398 , 0.5099983
9.4 , 0.539999
9.402 , 0.5199986
9.405 , 0.5199986
9.407 , 0.5299988
9.409 , 0.5199986
9.411 , 0.4899979
9.413 , 0.4699993
9.415 , 0.4799995
9.418 , 0.4599991
9.42 , 0.4599991
9.422 , 0.4799995
9.424 , 0.4999981
9.426 , 0.4699993
9.436 , 0.4499989
9.438 , 0.4599991
9.44 , 0.4299984
9.442 , 0.4299984
9.445 , 0.4499989
9.447 , 0.4499989
9.449 , 0.4099979
9.451 , 0.4199982
9.453 , 0.4299984
9.455 , 0.3999996
9.457 , 0.3999996
9.46 , 0.3999996
9.462 , 0.4099979
9.464 , 0.3999996
9.466 , 0.3999996
9.468 , 0.4099979
9.47 , 0.3799992
9.473 , 0.3599987
9.475 , 0.3599987
9.477 , 0.3599987
9.479 , 0.3399982
9.481 , 0.3499985
9.483 , 0.3599987
9.486 , 0.3499985
9.488 , 0.3399982
9.49 , 0.3499985
9.492 , 0.3399982
9.494 , 0.329998
9.496 , 0.3199997
9.498 , 0.3399982
9.501 , 0.3399982
9.503 , 0.3399982
9.505 , 0.3099995
9.507 , 0.3199997
9.509 , 0.329998
9.511 , 0.3199997
9.513 , 0.3099995
9.516 , 0.2799988
9.518 , 0.2999992
9.52 , 0.2999992
9.522 , 0.2999992
9.524 , 0.2999992
9.526 , 0.2699986
9.528 , 0.2799988
9.531 , 0.2799988
9.533 , 0.289999
9.535 , 0.2799988
9.537 , 0.2699986
9.539 , 0.2699986
9.541 , 0.2799988
9.544 , 0.2799988
9.546 , 0.2699986
9.548 , 0.2299995
9.55 , 0.2099991
9.552 , 0.2299995
9.554 , 0.2299995
9.557 , 0.2299995
9.559 , 0.2299995
9.561 , 0.2299995
9.563 , 0.2399979
9.565 , 0.2399979
9.567 , 0.2399979
9.569 , 0.1999989
9.572 , 0.1999989
9.574 , 0.1999989
9.576 , 0.1999989
9.578 , 0.1999989
9.58 , 0.1799984
9.582 , 0.1899986
9.585 , 0.1999989
9.587 , 0.1899986
9.589 , 0.1899986
9.591 , 0.1599979
9.593 , 0.1699982
9.595 , 0.1699982
9.597 , 0.1699982
9.6 , 0.1699982
9.602 , 0.1499996
9.604 , 0.1499996
9.606 , 0.1499996
9.608 , 0.1599979
9.61 , 0.1599979
9.613 , 0.1399994
9.615 , 0.1199989
9.617 , 0.1499996
9.619 , 0.1399994
9.621 , 0.1299992
9.623 , 0.1299992
9.625 , 0.1299992
9.627 , 0.1499996
9.63 , 0.1399994
9.632 , 0.1299992
9.634 , 0.09999847
9.636 , 0.07999802
9.638 , 0.08999825
9.64 , 0.08999825
9.643 , 0.08999825
9.645 , 0.08999825
9.647 , 0.08999825
9.649 , 0.1099987
9.651 , 0.1099987
9.653 , 0.1099987
9.655 , 0.06999969
9.658 , 0.06999969
9.66 , 0.07999802
9.662 , 0.07999802
9.664 , 0.07999802
9.666 , 0.04999924
9.669 , 0.06999969
9.671 , 0.07999802
9.673 , 0.07999802
9.675 , 0.07999802
9.677 , 0.04999924
9.679 , 0.05999947
9.682 , 0.05999947
9.684 , 0.06999969
9.686 , 0.04999924
9.688 , 0.02999878
9.69 , 0.03999901
9.693 , 0.04999924
9.695 , 0.04999924
9.697 , 0.03999901
9.699 , 0.02999878
9.701 , 0.01999855
9.703 , 0.03999901
9.705 , 0.04999924
9.708 , 0.02999878
9.71 , 0.03999901
9.712 , 0.03999901
9.714 , 0.04999924
9.716 , 0.04999924
9.718 , 0.02999878
9.721 , 0.009998322
9.723 , -0.01000214
9.725 , -1.907348e-06
9.727 , 0.01999855
9.729 , -1.907348e-06
9.731 , 0.009998322
9.733 , 0.01999855
9.736 , 0.02999878
9.738 , 0.01999855
9.74 , 0.009998322
9.742 , -1.907348e-06
9.744 , -0.03000069
9.747 , -1.907348e-06
9.749 , -0.02000046
9.751 , -1.907348e-06
9.753 , -0.03000069
9.755 , -0.03000069
9.757 , -1.907348e-06
9.759 , -0.01000214
9.761 , 0.009998322
9.764 , -0.06000137
9.766 , -0.01000214
9.768 , -0.03000069
9.77 , -0.02000046
9.772 , -0.03000069
9.774 , -0.05000114
9.776 , -0.04000092
9.778 , -0.04000092
9.781 , -0.03000069
9.783 , -0.04000092
9.785 , -0.05000114
9.787 , -0.06000137
9.789 , -0.04000092
9.791 , -0.04000092
9.793 , -0.04000092
9.796 , -0.04000092
9.798 , -0.04000092
9.8 , -0.02000046
9.802 , -0.04000092
9.804 , -0.04000092
9.814 , -0.0700016
9.816 , -0.06000137
9.818 , -0.0700016
9.82 , -0.06000137
9.822 , -0.05000114
9.825 , -0.05000114
9.827 , -0.0700016
9.829 , -0.08000183
9.831 , -0.08000183
9.833 , -0.08000183
9.835 , -0.08000183
9.837 , -0.08000183
9.839 , -0.09000206
9.842 , -0.09000206
9.844 , -0.08000183
9.846 , -0.08000183
9.848 , -0.08000183
9.85 , -0.1000004
9.852 , -0.09000206
9.854 , -0.09000206
9.856 , -0.08000183
9.858 , -0.1000004
9.861 , -0.1200008
9.863 , -0.1100006
9.865 , -0.09000206
9.867 , -0.1000004
9.869 , -0.09000206
9.871 , -0.1100006
9.873 , -0.1200008
9.876 , -0.1000004
9.878 , -0.1100006
9.88 , -0.1000004
9.882 , -0.1000004
9.884 , -0.1100006
9.886 , -0.09000206
9.888 , -0.1000004
9.89 , -0.1000004
9.892 , -0.1400013
9.894 , -0.1400013
9.896 , -0.1400013
9.899 , -0.1400013
9.901 , -0.1300011
9.903 , -0.1300011
9.905 , -0.1300011
9.907 , -0.1000004
9.909 , -0.1000004
9.911 , -0.1000004
9.913 , -0.1500015
9.915 , -0.1400013
9.918 , -0.1500015
9.92 , -0.1400013
9.922 , -0.1400013
9.924 , -0.1600018
9.926 , -0.1600018
9.928 , -0.1400013
9.93 , -0.1400013
9.932 , -0.1300011
9.934 , -0.1500015
9.937 , -0.1600018
9.939 , -0.1600018
9.941 , -0.1400013
9.943 , -0.1600018
9.945 , -0.1600018
9.947 , -0.1800003
9.949 , -0.1600018
9.951 , -0.170002
9.954 , -0.1500015
9.956 , -0.170002
9.958 , -0.1800003
9.96 , -0.170002
9.962 , -0.1600018
9.964 , -0.1500015
9.966 , -0.1600018
9.968 , -0.1500015
9.97 , -0.1600018
9.972 , -0.1400013
9.975 , -0.1600018
9.977 , -0.1600018
9.979 , -0.1900005
9.981 , -0.1900005
9.983 , -0.2000008
9.985 , -0.1800003
9.987 , -0.1900005
9.989 , -0.1900005
9.991 , -0.1800003
9.994 , -0.170002
9.996 , -0.1600018
9.998 , -0.170002
10.0 , -0.1900005
10.002 , -0.2000008
10.004 , -0.1900005
10.006 , -0.1900005
10.008 , -0.1900005
10.01 , -0.2000008
10.012 , -0.210001
10.014 , -0.1900005
10.017 , -0.1900005
10.019 , -0.1800003
10.021 , -0.1900005
10.023 , -0.2000008
10.025 , -0.210001
10.027 , -0.1900005
10.029 , -0.2000008
10.031 , -0.2000008
10.033 , -0.2200012
10.035 , -0.210001
10.037 , -0.2000008
10.039 , -0.1900005
10.042 , -0.210001
10.044 , -0.2200012
10.046 , -0.2200012
10.048 , -0.210001
10.05 , -0.2000008
10.052 , -0.210001
10.054 , -0.2000008
10.056 , -0.210001
10.059 , -0.1800003
10.061 , -0.1900005
10.063 , -0.1900005
10.065 , -0.2300014
10.067 , -0.2300014
10.069 , -0.2200012
10.071 , -0.2200012
10.073 , -0.2200012
10.075 , -0.2200012
10.077 , -0.2200012
10.08 , -0.2000008
10.082 , -0.2000008
10.084 , -0.1900005
10.086 , -0.210001
10.088 , -0.2400017
10.09 , -0.2200012
10.092 , -0.2300014
10.094 , -0.2200012
10.096 , -0.2300014
10.098 , -0.2400017
10.101 , -0.2200012
10.103 , -0.2200012
10.105 , -0.210001
10.107 , -0.2300014
10.109 , -0.2300014
10.111 , -0.2500019
10.113 , -0.2300014
10.115 , -0.2300014
10.117 , -0.2400017
10.119 , -0.2500019
10.122 , -0.2400017
10.124 , -0.2300014
10.126 , -0.2300014
10.128 , -0.2300014
10.13 , -0.2500019
10.132 , -0.2500019
10.134 , -0.2400017
10.136 , -0.2300014
10.138 , -0.2400017
10.14 , -0.2400017
10.143 , -0.2300014
10.145 , -0.2200012
10.147 , -0.2200012
10.149 , -0.2200012
10.151 , -0.2500019
10.153 , -0.2600021
10.155 , -0.2600021
10.157 , -0.2600021
10.159 , -0.2600021
10.161 , -0.2500019
10.163 , -0.2500019
10.165 , -0.2400017
10.167 , -0.2200012
10.17 , -0.2200012
10.172 , -0.2400017
10.174 , -0.2600021
10.184 , -0.2600021
10.186 , -0.2500019
10.188 , -0.2500019
10.19 , -0.2400017
10.192 , -0.2400017
10.194 , -0.2600021
10.196 , -0.2500019
10.198 , -0.2500019
10.2 , -0.2400017
10.203 , -0.2500019
10.205 , -0.2600021
10.207 , -0.2600021
10.209 , -0.2500019
10.211 , -0.2400017
10.213 , -0.2500019
10.215 , -0.2600021
10.217 , -0.2700005
10.219 , -0.2500019
10.221 , -0.2500019
10.223 , -0.2500019
10.225 , -0.2500019
10.228 , -0.2500019
10.23 , -0.2300014
10.232 , -0.2300014
10.234 , -0.2300014
10.236 , -0.2500019
10.238 , -0.2700005
10.24 , -0.2800007
10.242 , -0.2700005
10.244 , -0.2600021
10.246 , -0.2600021
10.249 , -0.2600021
10.251 , -0.2500019
10.253 , -0.2300014
10.255 , -0.2300014
10.257 , -0.2400017
10.259 , -0.2600021
10.261 , -0.2700005
10.263 , -0.2500019
10.265 , -0.2500019
10.268 , -0.2500019
10.27 , -0.2700005
10.272 , -0.2500019
10.274 , -0.2500019
10.276 , -0.2400017
10.278 , -0.2400017
10.28 , -0.2500019
10.282 , -0.2600021
10.284 , -0.2500019
10.286 , -0.2500019
10.288 , -0.2500019
10.291 , -0.2600021
10.293 , -0.2700005
10.295 , -0.2500019
10.297 , -0.2500019
10.299 , -0.2400017
10.301 , -0.2500019
10.303 , -0.2600021
10.305 , -0.2500019
10.307 , -0.2500019
10.309 , -0.2500019
10.311 , -0.2500019
10.314 , -0.2500019
10.316 , -0.2300014
10.318 , -0.2300014
10.32 , -0.2200012
10.322 , -0.2400017
10.324 , -0.2600021
10.326 , -0.2800007
10.328 , -0.2600021
10.33 , -0.2500019
10.332 , -0.2600021
10.335 , -0.2500019
10.337 , -0.2500019
10.339 , -0.2300014
10.341 , -0.2200012
10.343 , -0.2200012
10.345 , -0.2600021
10.347 , -0.2500019
10.349 , -0.2500019
10.351 , -0.2500019
10.353 , -0.2400017
10.355 , -0.2900009
10.358 , -0.3200016
10.36 , -0.2800007
10.362 , -0.2600021
10.364 , -0.2500019
10.366 , -0.2200012
10.368 , -0.2000008
10.37 , -0.1800003
10.372 , -0.1800003
10.374 , -0.2000008
10.377 , -0.210001
10.379 , -0.2200012
10.381 , -0.2200012
10.383 , -0.2300014
10.385 , -0.2300014
10.387 , -0.2200012
10.389 , -0.210001
10.391 , -0.2000008
10.393 , -0.1900005
10.396 , -0.1900005
10.398 , -0.1900005
10.4 , -0.1900005
10.402 , -0.2000008
10.404 , -0.1900005
10.406 , -0.1900005
10.408 , -0.1900005
10.41 , -0.1900005
10.412 , -0.1900005
10.414 , -0.1900005
10.417 , -0.1800003
10.419 , -0.1800003
10.421 , -0.170002
10.423 , -0.1800003
10.425 , -0.1800003
10.427 , -0.1800003
10.429 , -0.170002
10.431 , -0.170002
10.433 , -0.170002
10.435 , -0.1600018
10.438 , -0.170002
10.44 , -0.1600018
10.442 , -0.170002
10.444 , -0.1600018
10.446 , -0.1600018
10.448 , -0.1600018
10.45 , -0.1600018
10.452 , -0.1500015
10.455 , -0.1500015
10.457 , -0.1600018
10.459 , -0.1400013
10.461 , -0.1400013
10.463 , -0.1400013
10.465 , -0.1400013
10.467 , -0.1400013
10.469 , -0.1400013
10.471 , -0.1300011
10.473 , -0.1300011
10.476 , -0.1200008
10.478 , -0.1000004
10.48 , -0.08000183
10.482 , -0.08000183
10.484 , -0.09000206
10.486 , -0.1000004
10.488 , -0.05000114
10.49 , 0.06999969
10.493 , 0.2299995
10.495 , 0.539999
10.497 , 0.789999
10.499 , 0.8499985
10.501 , 0.8399982
10.503 , 0.7699986
10.506 , 0.6199989
10.508 , 0.5299988
10.51 , 0.5299988
10.512 , 0.579998
10.514 , 0.6799984
10.516 , 0.7599983
10.518 , 0.8199997
10.521 , 0.8699989
10.523 , 0.9599991
10.525 , 1.159998
10.527 , 1.339998
10.529 , 1.539999
10.531 , 1.699999
10.533 , 1.789999
10.535 , 1.829998
10.538 , 1.809999
10.54 , 1.789999
10.542 , 1.759998
10.544 , 1.779999
10.554 , 2.079998
10.556 , 1.869999
10.558 , 1.539999
10.56 , 1.119999
10.562 , 0.8599987
10.564 , 0.6699982
10.566 , 0.6499996
10.569 , 0.7599983
10.571 , 0.9899979
10.573 , 1.189999
10.575 , 1.349998
10.577 , 1.429998
10.58 , 1.429998
10.582 , 1.379999
10.584 , 1.279999
10.586 , 1.199999
10.588 , 1.129999
10.59 , 1.109999
10.592 , 1.109999
10.594 , 1.129999
10.597 , 1.159998
10.599 , 1.209999
10.601 , 1.209999
10.603 , 1.219999
10.605 , 1.199999
10.607 , 1.179998
10.609 , 1.159998
10.611 , 1.159998
10.613 , 1.15
10.616 , 1.159998
10.618 , 1.159998
10.62 , 1.159998
10.622 , 1.159998
10.624 , 1.169998
10.626 , 1.159998
10.628 , 1.169998
10.63 , 1.15
10.632 , 1.15
10.635 , 1.15
10.637 , 1.139999
10.639 , 1.139999
10.641 , 1.139999
10.643 , 1.139999
10.645 , 1.139999
10.647 , 1.139999
10.649 , 1.139999
10.651 , 1.139999
10.653 , 1.129999
10.656 , 1.129999
10.658 , 1.119999
10.66 , 1.119999
10.662 , 1.119999
10.664 , 1.109999
10.666 , 1.119999
10.668 , 1.109999
10.67 , 1.109999
10.673 , 1.109999
10.675 , 1.099998
10.677 , 1.109999
10.679 , 1.099998
10.681 , 1.109999
10.683 , 1.099998
10.685 , 1.099998
10.687 , 1.099998
10.689 , 1.099998
10.692 , 1.089998
10.694 , 1.089998
10.696 , 1.079998
10.698 , 1.079998
10.7 , 1.079998
10.702 , 1.079998
10.704 , 1.079998
10.707 , 1.079998
10.709 , 1.079998
10.711 , 1.079998
10.713 , 1.07
10.715 , 1.07
10.717 , 1.07
10.719 , 1.07
10.721 , 1.059999
10.723 , 1.07
10.726 , 1.049999
10.728 , 0.9799995
10.73 , 0.9299984
10.732 , 0.9399986
10.734 , 0.9799995
10.736 , 1.059999
10.738 , 1.15
10.741 , 1.159998
10.743 , 1.119999
10.745 , 1.07
10.747 , 1.029999
10.749 , 0.9299984
10.751 , 0.8999996
10.753 , 0.8999996
10.755 , 0.9099979
10.758 , 0.9299984
10.76 , 0.9899979
10.762 , 1.009998
10.764 , 1.029999
10.766 , 1.019999
10.768 , 0.9699993
10.771 , 0.9499989
10.773 , 0.9299984
10.775 , 0.9199982
10.777 , 0.9199982
10.779 , 0.9099979
10.781 , 0.9199982
10.783 , 0.9399986
10.786 , 0.9099979
10.788 , 0.9299984
10.79 , 0.9299984
10.792 , 0.8999996
10.794 , 0.9099979
10.796 , 0.8899994
10.799 , 0.8699989
10.801 , 0.8899994
10.803 , 0.8599987
10.805 , 0.8599987
10.807 , 0.8899994
10.809 , 0.8799992
10.812 , 0.8999996
10.814 , 0.8799992
10.816 , 0.8399982
10.818 , 0.8399982
10.82 , 0.829998
10.822 , 0.8099995
10.825 , 0.8199997
10.827 , 0.8099995
10.829 , 0.8099995
10.831 , 0.829998
10.833 , 0.7999992
10.835 , 0.8099995
10.837 , 0.8199997
10.84 , 0.7799988
10.842 , 0.789999
10.844 , 0.789999
10.846 , 0.7599983
10.848 , 0.7699986
10.85 , 0.7599983
10.852 , 0.7499981
10.855 , 0.7599983
10.857 , 0.7599983
10.859 , 0.7699986
10.861 , 0.7699986
10.863 , 0.7199993
10.865 , 0.7099991
10.867 , 0.7199993
10.87 , 0.6999989
10.872 , 0.7099991
10.874 , 0.6999989
10.876 , 0.6999989
10.878 , 0.7099991
10.881 , 0.6999989
10.883 , 0.6999989
10.885 , 0.6899986
10.887 , 0.6699982
10.889 , 0.6799984
10.891 , 0.6699982
10.894 , 0.6499996
10.896 , 0.6599979
10.898 , 0.6599979
10.9 , 0.6499996
10.902 , 0.6499996
10.904 , 0.6499996
10.907 , 0.6499996
10.909 , 0.6599979
10.911 , 0.6199989
10.913 , 0.6099987
10.915 , 0.6099987
10.917 , 0.5899982
10.92 , 0.5899982
10.929 , 0.5699997
10.931 , 0.579998
10.933 , 0.579998
10.936 , 0.5599995
10.938 , 0.5599995
10.94 , 0.5499992
10.942 , 0.539999
10.944 , 0.539999
10.946 , 0.5099983
10.948 , 0.5199986
10.951 , 0.5299988
10.953 , 0.5199986
10.955 , 0.5299988
10.957 , 0.5099983
10.959 , 0.4999981
10.962 , 0.4799995
10.964 , 0.4699993
10.966 , 0.4699993
10.968 , 0.4599991
10.97 , 0.4399986
10.972 , 0.4499989
10.975 , 0.4499989
10.977 , 0.4199982
10.979 , 0.4399986
10.981 , 0.4299984
10.983 , 0.3999996
10.985 , 0.4099979
10.987 , 0.3999996
10.99 , 0.3899994
10.992 , 0.3899994
10.994 , 0.3699989
10.996 , 0.3699989
10.998 , 0.3799992
11.0 , 0.3899994
11.002 , 0.3899994
11.005 , 0.3899994
11.007 , 0.3999996
11.009 , 0.4099979
11.011 , 0.3699989
11.013 , 0.3499985
11.015 , 0.3399982
11.017 , 0.3399982
11.02 , 0.329998
11.022 , 0.329998
11.024 , 0.3399982
11.026 , 0.3599987
11.028 , 0.329998
11.03 , 0.329998
11.032 , 0.329998
11.034 , 0.3399982
11.037 , 0.3099995
11.039 , 0.2999992
11.041 , 0.2999992
11.043 , 0.3099995
11.045 , 0.2999992
11.047 , 0.289999
11.049 , 0.2999992
11.052 , 0.2999992
11.054 , 0.2799988
11.056 , 0.2699986
11.058 , 0.2699986
11.06 , 0.2799988
11.062 , 0.2399979
11.064 , 0.2399979
11.067 , 0.2599983
11.069 , 0.2599983
11.071 , 0.2599983
11.073 , 0.2599983
11.075 , 0.2599983
11.077 , 0.2799988
11.079 , 0.2299995
11.082 , 0.2199993
11.084 , 0.2099991
11.086 , 0.2099991
11.088 , 0.1999989
11.09 , 0.1999989
11.092 , 0.2299995
11.094 , 0.2299995
11.097 , 0.2099991
11.099 , 0.2099991
11.101 , 0.2099991
11.103 , 0.2099991
11.105 , 0.1699982
11.107 , 0.1699982
11.109 , 0.1799984
11.112 , 0.1799984
11.114 , 0.1599979
11.116 , 0.1599979
11.118 , 0.1699982
11.12 , 0.1699982
11.122 , 0.1399994
11.124 , 0.1499996
11.126 , 0.1499996
11.129 , 0.1499996
11.131 , 0.1199989
11.133 , 0.1199989
11.135 , 0.1299992
11.137 , 0.1299992
11.139 , 0.1299992
11.141 , 0.1299992
11.143 , 0.1399994
11.146 , 0.1399994
11.148 , 0.09999847
11.15 , 0.08999825
11.152 , 0.08999825
11.154 , 0.08999825
11.157 , 0.06999969
11.159 , 0.06999969
11.161 , 0.08999825
11.163 , 0.09999847
11.165 , 0.06999969
11.167 , 0.06999969
11.169 , 0.07999802
11.172 , 0.06999969
11.174 , 0.03999901
11.176 , 0.03999901
11.178 , 0.04999924
11.18 , 0.04999924
11.182 , 0.01999855
11.185 , 0.02999878
11.187 , 0.03999901
11.189 , 0.03999901
11.191 , -1.907348e-06
11.193 , 0.01999855
11.195 , 0.01999855
11.197 , 0.01999855
11.2 , -0.01000214
11.202 , -1.907348e-06
11.204 , 0.01999855
11.206 , 0.009998322
11.208 , -1.907348e-06
11.21 , 0.009998322
11.212 , 0.01999855
11.215 , 0.009998322
11.217 , -0.03000069
11.219 , -0.04000092
11.221 , -0.03000069
11.223 , -0.04000092
11.225 , -0.06000137
11.227 , -0.04000092
11.229 , -0.02000046
11.231 , -0.02000046
11.233 , -0.06000137
11.236 , -0.04000092
11.238 , -0.04000092
11.24 , -0.04000092
11.242 , -0.08000183
11.244 , -0.0700016
11.246 , -0.0700016
11.248 , -0.06000137
11.25 , -0.08000183
11.252 , -0.08000183
11.254 , -0.0700016
11.257 , -0.08000183
11.259 , -0.1000004
11.261 , -0.1000004
11.263 , -0.09000206
11.265 , -0.09000206
11.267 , -0.1100006
11.269 , -0.1100006
11.271 , -0.1100006
11.274 , -0.09000206
11.276 , -0.1100006
11.278 , -0.1000004
11.28 , -0.09000206
11.282 , -0.08000183
11.284 , -0.1200008
11.286 , -0.1400013
11.288 , -0.1400013
11.29 , -0.1300011
11.293 , -0.1400013
11.295 , -0.1500015
11.304 , -0.1500015
11.306 , -0.1300011
11.308 , -0.1400013
11.311 , -0.1800003
11.313 , -0.1600018
11.315 , -0.1500015
11.317 , -0.1600018
11.319 , -0.1800003
11.321 , -0.170002
11.323 , -0.1500015
11.325 , -0.170002
11.327 , -0.1900005
11.329 , -0.170002
11.332 , -0.170002
11.334 , -0.170002
11.336 , -0.210001
11.338 , -0.1900005
11.34 , -0.1800003
11.342 , -0.170002
11.344 , -0.1900005
11.346 , -0.1600018
11.349 , -0.1800003
11.351 , -0.170002
11.353 , -0.210001
11.355 , -0.2000008
11.357 , -0.210001
11.359 , -0.210001
11.361 , -0.2200012
11.363 , -0.2200012
11.365 , -0.210001
11.367 , -0.1800003
11.37 , -0.2200012
11.372 , -0.210001
11.374 , -0.210001
11.376 , -0.2000008
11.378 , -0.2300014
11.38 , -0.2400017
11.382 , -0.2200012
11.384 , -0.2200012
11.386 , -0.2200012
11.388 , -0.2400017
11.39 , -0.2300014
11.393 , -0.2200012
11.395 , -0.2500019
11.397 , -0.2500019
11.399 , -0.2500019
11.401 , -0.2300014
11.403 , -0.2500019
11.405 , -0.2600021
11.407 , -0.2500019
11.41 , -0.2300014
11.412 , -0.2500019
11.414 , -0.2300014
11.416 , -0.2300014
11.418 , -0.2200012
11.42 , -0.2500019
11.422 , -0.2600021
11.424 , -0.2700005
11.426 , -0.2700005
11.428 , -0.2700005
11.43 , -0.2900009
11.433 , -0.2600021
11.435 , -0.2500019
11.437 , -0.2500019
11.439 , -0.2800007
11.441 , -0.2700005
11.443 , -0.2500019
11.445 , -0.2700005
11.447 , -0.3000011
11.449 , -0.2800007
11.451 , -0.2700005
11.453 , -0.2700005
11.456 , -0.3000011
11.458 , -0.2800007
11.46 , -0.2700005
11.462 , -0.2700005
11.464 , -0.3000011
11.466 , -0.2900009
11.468 , -0.2800007
11.47 , -0.2800007
11.473 , -0.3200016
11.475 , -0.2900009
11.477 , -0.2900009
11.479 , -0.2800007
11.481 , -0.2900009
11.483 , -0.2700005
11.485 , -0.2600021
11.487 , -0.2700005
11.489 , -0.3000011
11.491 , -0.3100014
11.493 , -0.3100014
11.496 , -0.3100014
11.498 , -0.3300018
11.5 , -0.3000011
11.502 , -0.3000011
11.504 , -0.2800007
11.506 , -0.3200016
11.508 , -0.3000011
11.51 , -0.3000011
11.512 , -0.3000011
11.514 , -0.3200016
11.516 , -0.3300018
11.518 , -0.3300018
11.521 , -0.3000011
11.523 , -0.3300018
11.525 , -0.3300018
11.527 , -0.3100014
11.529 , -0.3100014
11.531 , -0.3200016
11.533 , -0.3400021
11.535 , -0.3300018
11.537 , -0.3300018
11.54 , -0.3400021
11.542 , -0.3400021
11.544 , -0.3400021
11.546 , -0.3200016
11.548 , -0.3300018
11.55 , -0.3200016
11.552 , -0.3200016
11.554 , -0.3000011
11.556 , -0.3400021
11.559 , -0.3500004
11.561 , -0.3600006
11.563 , -0.3400021
11.565 , -0.3600006
11.567 , -0.3600006
11.569 , -0.3600006
11.571 , -0.3400021
11.573 , -0.3500004
11.575 , -0.3700008
11.577 , -0.3500004
11.58 , -0.3500004
11.582 , -0.3500004
11.584 , -0.3800011
11.586 , -0.3700008
11.588 , -0.3600006
11.59 , -0.3600006
11.592 , -0.3900013
11.595 , -0.3700008
11.597 , -0.3600006
11.599 , -0.3700008
11.601 , -0.3900013
11.603 , -0.3800011
11.605 , -0.3500004
11.607 , -0.3800011
11.609 , -0.4000015
11.611 , -0.3900013
11.613 , -0.3700008
11.616 , -0.3800011
11.618 , -0.3800011
11.62 , -0.3700008
11.622 , -0.3500004
11.624 , -0.3600006
11.626 , -0.4100018
11.628 , -0.3900013
11.63 , -0.4000015
11.632 , -0.4000015
11.634 , -0.4100018
11.637 , -0.4100018
11.639 , -0.3800011
11.641 , -0.3800011
11.643 , -0.4100018
11.645 , -0.4000015
11.647 , -0.3900013
11.649 , -0.4000015
11.651 , -0.4100018
11.653 , -0.4100018
11.656 , -0.4000015
11.658 , -0.4000015
11.66 , -0.420002
11.662 , -0.4100018
11.664 , -0.3900013
11.674 , -0.4000015
11.676 , -0.420002
11.678 , -0.420002
11.68 , -0.4100018
11.682 , -0.4000015
11.684 , -0.4100018
11.687 , -0.4100018
11.689 , -0.4000015
11.691 , -0.3900013
11.693 , -0.4100018
11.695 , -0.4300003
11.697 , -0.4400005
11.699 , -0.420002
11.701 , -0.4300003
11.703 , -0.4500008
11.705 , -0.4300003
11.708 , -0.4100018
11.71 , -0.420002
11.712 , -0.4300003
11.714 , -0.4400005
11.716 , -0.4100018
11.718 , -0.420002
11.72 , -0.4500008
11.722 , -0.4400005
11.724 , -0.420002
11.727 , -0.4400005
11.729 , -0.4500008
11.731 , -0.4400005
11.733 , -0.420002
11.735 , -0.4400005
11.737 , -0.460001
11.739 , -0.4500008
11.741 , -0.4300003
11.743 , -0.4300003
11.746 , -0.460001
11.748 , -0.4500008
11.75 , -0.4300003
11.752 , -0.4400005
11.754 , -0.4400005
11.756 , -0.420002
11.758 , -0.420002
11.76 , -0.4100018
11.762 , -0.460001
11.764 , -0.4400005
11.767 , -0.4500008
11.769 , -0.4500008
11.771 , -0.4700012
11.773 , -0.4400005
11.775 , -0.4300003
11.777 , -0.420002
11.779 , -0.4500008
11.781 , -0.4300003
11.783 , -0.4300003
11.786 , -0.4300003
11.788 , -0.4500008
11.79 , -0.4500008
11.792 , -0.4300003
11.794 , -0.4300003
11.796 , -0.4500008
11.798 , -0.4400005
11.8 , -0.420002
11.803 , -0.4300003
11.805 , -0.460001
11.807 , -0.4500008
11.809 , -0.4400005
11.811 , -0.4400005
11.813 , -0.460001
11.815 , -0.4500008
11.817 , -0.4400005
11.819 , -0.4400005
11.821 , -0.4300003
11.823 , -0.420002
11.826 , -0.420002
11.828 , -0.420002
11.83 , -0.4300003
11.832 , -0.4400005
11.834 , -0.4500008
11.836 , -0.4500008
11.838 , -0.460001
11.84 , -0.460001
11.842 , -0.4300003
11.845 , -0.4300003
11.847 , -0.4300003
11.849 , -0.4400005
11.851 , -0.4400005
11.853 , -0.4300003
11.855 , -0.460001
11.857 , -0.5200005
11.859 , -0.5000019
11.862 , -0.4500008
11.864 , -0.4400005
11.866 , -0.4100018
11.868 , -0.3900013
11.87 , -0.3600006
11.872 , -0.3600006
11.874 , -0.3700008
11.876 , -0.3900013
11.878 , -0.3900013
11.88 , -0.4100018
11.882 , -0.4100018
11.885 , -0.4100018
11.887 , -0.4100018
11.889 , -0.4000015
11.891 , -0.3900013
11.893 , -0.3700008
11.895 , -0.3700008
11.897 , -0.3700008
11.899 , -0.3700008
11.902 , -0.3700008
11.904 , -0.3700008
11.906 , -0.3600006
11.908 , -0.3600006
11.91 , -0.3600006
11.912 , -0.3600006
11.914 , -0.3500004
11.916 , -0.3500004
11.919 , -0.3500004
11.921 , -0.3500004
11.923 , -0.3400021
11.925 , -0.3400021
11.927 , -0.3400021
11.929 , -0.3400021
11.931 , -0.3300018
11.933 , -0.3300018
11.935 , -0.3300018
11.937 , -0.3200016
11.94 , -0.3200016
11.942 , -0.3100014
11.944 , -0.3200016
11.946 , -0.3100014
11.948 , -0.3100014
11.95 , -0.3100014
11.952 , -0.3100014
11.954 , -0.3000011
11.956 , -0.3000011
11.958 , -0.3000011
11.961 , -0.2900009
11.963 , -0.3000011
11.965 , -0.2900009
11.967 , -0.2900009
11.969 , -0.2800007
11.971 , -0.2900009
11.973 , -0.2800007
11.975 , -0.2700005
11.978 , -0.2500019
11.98 , -0.2200012
11.982 , -0.210001
11.984 , -0.2300014
11.986 , -0.2500019
11.988 , -0.2200012
11.99 , -0.1100006
11.992 , 0.03999901
11.994 , 0.2199993
11.997 , 0.5899982
11.999 , 0.7099991
12.001 , 0.7199993
12.003 , 0.6699982
12.005 , 0.5499992
12.007 , 0.4199982
12.009 , 0.329998
12.012 , 0.3699989
12.014 , 0.4899979
12.016 , 0.5999985
12.018 , 0.6799984
12.02 , 0.7399979
12.022 , 0.789999
12.024 , 0.9199982
12.027 , 1.059999
12.029 , 1.239998
12.031 , 1.429998
12.033 , 1.57
12.035 , 1.679998
12.045 , 1.679998
12.047 , 1.719999
12.049 , 1.799999
12.051 , 1.889999
12.053 , 1.98
12.055 , 2.039999
12.057 , 2.099998
12.06 , 2.159998
12.062 , 2.199999
12.064 , 2.189999
12.066 , 2.019999
12.068 , 1.579998
12.07 , 1.249998
12.072 , 0.9699993
12.074 , 0.789999
12.077 , 0.7499981
12.079 , 0.8599987
12.081 , 1.059999
12.083 , 1.269999
12.085 , 1.439999
12.087 , 1.529999
12.089 , 1.559999
12.091 , 1.489998
12.094 , 1.429998
12.096 , 1.309999
12.098 , 1.259998
12.1 , 1.219999
12.102 , 1.209999
12.104 , 1.249998
12.106 , 1.269999
12.108 , 1.299999
12.111 , 1.309999
12.113 , 1.32
12.115 , 1.309999
12.117 , 1.289999
12.119 , 1.279999
12.121 , 1.269999
12.123 , 1.259998
12.125 , 1.259998
12.127 , 1.259998
12.13 , 1.269999
12.132 , 1.269999
12.134 , 1.269999
12.136 , 1.269999
12.138 , 1.259998
12.14 , 1.259998
12.142 , 1.249998
12.144 , 1.239998
12.146 , 1.239998
12.149 , 1.239998
12.151 , 1.249998
12.153 , 1.249998
12.155 , 1.249998
12.157 , 1.249998
12.159 , 1.249998
12.161 , 1.239998
12.163 , 1.239998
12.165 , 1.239998
12.168 , 1.23
12.17 , 1.23
12.172 , 1.23
12.174 , 1.219999
12.176 , 1.219999
12.178 , 1.219999
12.181 , 1.219999
12.183 , 1.209999
12.185 , 1.209999
12.187 , 1.209999
12.189 , 1.209999
12.191 , 1.199999
12.193 , 1.209999
12.195 , 1.199999
12.197 , 1.199999
12.2 , 1.189999
12.202 , 1.189999
12.204 , 1.179998
12.206 , 1.179998
12.208 , 1.179998
12.21 , 1.169998
12.212 , 1.169998
12.214 , 1.169998
12.216 , 1.169998
12.219 , 1.159998
12.221 , 1.159998
12.223 , 1.159998
12.225 , 1.159998
12.227 , 1.119999
12.229 , 1.029999
12.231 , 0.9999981
12.233 , 1.07
12.236 , 1.109999
12.238 , 1.209999
12.24 , 1.249998
12.242 , 1.23
12.244 , 1.179998
12.246 , 1.139999
12.248 , 1.07
12.25 , 1.029999
12.252 , 0.9799995
12.255 , 0.9699993
12.257 , 0.9899979
12.259 , 1.009998
12.261 , 1.049999
12.263 , 1.049999
12.265 , 1.049999
12.267 , 1.07
12.269 , 1.029999
12.272 , 1.029999
12.274 , 0.9999981
12.276 , 0.9899979
12.278 , 0.9899979
12.28 , 0.9599991
12.282 , 0.9899979
12.285 , 0.9599991
12.287 , 0.9699993
12.289 , 0.9799995
12.291 , 0.9799995
12.293 , 0.9899979
12.295 , 0.9399986
12.298 , 0.9299984
12.3 , 0.9299984
12.302 , 0.9199982
12.304 , 0.9199982
12.306 , 0.8999996
12.308 , 0.9199982
12.31 , 0.9099979
12.312 , 0.9099979
12.315 , 0.9099979
12.317 , 0.8899994
12.319 , 0.8999996
12.321 , 0.8699989
12.323 , 0.8799992
12.325 , 0.8599987
12.328 , 0.8599987
12.33 , 0.8699989
12.332 , 0.8699989
12.334 , 0.8699989
12.336 , 0.8499985
12.338 , 0.8399982
12.34 , 0.8399982
12.343 , 0.8099995
12.345 , 0.8199997
12.347 , 0.7999992
12.349 , 0.8099995
12.351 , 0.8099995
12.353 , 0.8099995
12.355 , 0.8099995
12.358 , 0.7999992
12.36 , 0.8199997
12.362 , 0.789999
12.364 , 0.789999
12.366 , 0.7799988
12.368 , 0.7699986
12.371 , 0.7699986
12.373 , 0.7699986
12.375 , 0.7799988
12.377 , 0.7699986
12.379 , 0.7499981
12.381 , 0.7499981
12.384 , 0.7299995
12.386 , 0.7299995
12.388 , 0.6999989
12.39 , 0.7199993
12.392 , 0.6999989
12.394 , 0.6999989
12.396 , 0.6999989
12.399 , 0.6899986
12.401 , 0.7099991
12.403 , 0.6899986
12.405 , 0.6799984
12.407 , 0.6699982
12.41 , 0.6599979
12.419 , 0.6499996
12.421 , 0.6499996
12.424 , 0.6399994
12.426 , 0.6199989
12.428 , 0.6099987
12.43 , 0.5699997
12.432 , 0.5899982
12.434 , 0.579998
12.437 , 0.5899982
12.439 , 0.5699997
12.441 , 0.5699997
12.443 , 0.5699997
12.445 , 0.5599995
12.447 , 0.5599995
12.449 , 0.5499992
12.452 , 0.539999
12.454 , 0.5499992
12.456 , 0.539999
12.458 , 0.5599995
12.46 , 0.5499992
12.462 , 0.539999
12.464 , 0.5199986
12.467 , 0.5099983
12.469 , 0.5099983
12.471 , 0.4899979
12.473 , 0.4899979
12.475 , 0.4799995
12.477 , 0.4699993
12.479 , 0.4799995
12.481 , 0.4599991
12.484 , 0.4799995
12.486 , 0.4599991
12.488 , 0.4599991
12.49 , 0.4499989
12.492 , 0.4299984
12.495 , 0.4499989
12.497 , 0.4699993
12.499 , 0.4699993
12.501 , 0.4799995
12.503 , 0.4899979
12.505 , 0.4799995
12.508 , 0.4399986
12.51 , 0.4299984
12.512 , 0.4299984
12.514 , 0.3999996
12.516 , 0.3899994
12.518 , 0.4199982
12.52 , 0.4099979
12.522 , 0.3999996
12.525 , 0.3999996
12.527 , 0.4099979
12.529 , 0.3899994
12.531 , 0.3899994
12.533 , 0.3999996
12.535 , 0.3799992
12.537 , 0.3699989
12.54 , 0.3699989
12.542 , 0.3799992
12.544 , 0.3499985
12.546 , 0.3499985
12.548 , 0.3599987
12.551 , 0.3499985
12.553 , 0.3399982
12.555 , 0.3499985
12.557 , 0.3499985
12.559 , 0.3499985
12.561 , 0.3499985
12.563 , 0.3499985
12.566 , 0.329998
12.568 , 0.3099995
12.57 , 0.3099995
12.572 , 0.2999992
12.574 , 0.2799988
12.576 , 0.289999
12.578 , 0.2999992
12.581 , 0.2799988
12.583 , 0.289999
12.585 , 0.2999992
12.587 , 0.2799988
12.589 , 0.2499981
12.591 , 0.2699986
12.594 , 0.2699986
12.596 , 0.2399979
12.598 , 0.2399979
12.6 , 0.2599983
12.602 , 0.2399979
12.604 , 0.2299995
12.606 , 0.2299995
12.609 , 0.2399979
12.611 , 0.2099991
12.613 , 0.2099991
12.615 , 0.2299995
12.617 , 0.2299995
12.619 , 0.2299995
12.621 , 0.2299995
12.624 , 0.2299995
12.626 , 0.1999989
12.628 , 0.1799984
12.63 , 0.1799984
12.632 , 0.1699982
12.634 , 0.1599979
12.636 , 0.1699982
12.639 , 0.1699982
12.641 , 0.1599979
12.643 , 0.1599979
12.645 , 0.1699982
12.647 , 0.1399994
12.649 , 0.1399994
12.652 , 0.1499996
12.654 , 0.1399994
12.656 , 0.1199989
12.658 , 0.1099987
12.66 , 0.1199989
12.662 , 0.1099987
12.664 , 0.1099987
12.666 , 0.1199989
12.668 , 0.1099987
12.671 , 0.09999847
12.673 , 0.08999825
12.675 , 0.1099987
12.677 , 0.09999847
12.679 , 0.1099987
12.682 , 0.1199989
12.684 , 0.08999825
12.686 , 0.07999802
12.688 , 0.05999947
12.69 , 0.05999947
12.692 , 0.04999924
12.695 , 0.04999924
12.697 , 0.06999969
12.699 , 0.05999947
12.701 , 0.04999924
12.703 , 0.05999947
12.705 , 0.04999924
12.707 , 0.02999878
12.71 , 0.02999878
12.712 , 0.03999901
12.714 , 0.009998322
12.716 , 0.01999855
12.718 , 0.02999878
12.72 , 0.009998322
12.723 , -1.907348e-06
12.725 , 0.01999855
12.727 , -1.907348e-06
12.729 , -0.01000214
12.731 , -0.01000214
12.733 , -1.907348e-06
12.735 , -1.907348e-06
12.738 , -1.907348e-06
12.74 , 0.009998322
12.742 , -1.907348e-06
12.744 , -0.02000046
12.746 , -0.04000092
12.748 , -0.02000046
12.751 , -0.05000114
12.753 , -0.05000114
12.755 , -0.05000114
12.757 , -0.04000092
12.759 , -0.06000137
12.761 , -0.05000114
12.763 , -0.04000092
12.765 , -0.06000137
12.767 , -0.0700016
12.769 , -0.0700016
12.771 , -0.0700016
12.774 , -0.08000183
12.776 , -0.08000183
12.778 , -0.0700016
12.78 , -0.09000206
12.782 , -0.09000206
12.784 , -0.08000183
12.787 , -0.09000206
12.796 , -0.1000004
12.798 , -0.08000183
12.8 , -0.09000206
12.802 , -0.1000004
12.805 , -0.1300011
12.807 , -0.1300011
12.809 , -0.1500015
12.811 , -0.1500015
12.813 , -0.1500015
12.815 , -0.1300011
12.817 , -0.1400013
12.819 , -0.1500015
12.821 , -0.1300011
12.823 , -0.1400013
12.826 , -0.1600018
12.828 , -0.1600018
12.83 , -0.1500015
12.832 , -0.170002
12.834 , -0.1800003
12.836 , -0.170002
12.838 , -0.170002
12.84 , -0.1800003
12.842 , -0.1900005
12.844 , -0.170002
12.847 , -0.1900005
12.849 , -0.2000008
12.851 , -0.1800003
12.853 , -0.1800003
12.855 , -0.1800003
12.857 , -0.1800003
12.859 , -0.170002
12.861 , -0.1800003
12.863 , -0.210001
12.866 , -0.210001
12.868 , -0.2200012
12.87 , -0.2200012
12.872 , -0.2300014
12.874 , -0.210001
12.876 , -0.2200012
12.878 , -0.2200012
12.88 , -0.2200012
12.882 , -0.2200012
12.884 , -0.2300014
12.887 , -0.2300014
12.889 , -0.2300014
12.891 , -0.2300014
12.893 , -0.2500019
12.895 , -0.2300014
12.897 , -0.2400017
12.899 , -0.2600021
12.901 , -0.2500019
12.903 , -0.2300014
12.906 , -0.2700005
12.908 , -0.2500019
12.91 , -0.2800007
12.912 , -0.2500019
12.914 , -0.2700005
12.916 , -0.2500019
12.918 , -0.2300014
12.92 , -0.2600021
12.922 , -0.2800007
12.924 , -0.2800007
12.927 , -0.3000011
12.929 , -0.2900009
12.931 , -0.3200016
12.933 , -0.2800007
12.935 , -0.3000011
12.937 , -0.3000011
12.939 , -0.2900009
12.942 , -0.2800007
12.944 , -0.3000011
12.946 , -0.3100014
12.948 , -0.2900009
12.95 , -0.3200016
12.952 , -0.3300018
12.954 , -0.3200016
12.956 , -0.3200016
12.958 , -0.3300018
12.96 , -0.3300018
12.962 , -0.3200016
12.964 , -0.3200016
12.967 , -0.3500004
12.969 , -0.3500004
12.971 , -0.3200016
12.973 , -0.3300018
12.975 , -0.3200016
12.977 , -0.3100014
12.979 , -0.3300018
12.981 , -0.3500004
12.983 , -0.3500004
12.986 , -0.3500004
12.988 , -0.3600006
12.99 , -0.3600006
12.992 , -0.3500004
12.994 , -0.3500004
12.996 , -0.3600006
12.998 , -0.3600006
13.0 , -0.3500004
13.003 , -0.3600006
13.005 , -0.3600006
13.007 , -0.3500004
13.009 , -0.3700008
13.011 , -0.3700008
13.013 , -0.3800011
13.015 , -0.3600006
13.017 , -0.3800011
13.019 , -0.3800011
13.021 , -0.3600006
13.024 , -0.3800011
13.026 , -0.3800011
13.028 , -0.3800011
13.03 , -0.3600006
13.032 , -0.3700008
13.034 , -0.3700008
13.036 , -0.3500004
13.038 , -0.3600006
13.04 , -0.3900013
13.042 , -0.4000015
13.044 , -0.3800011
13.047 , -0.4000015
13.049 , -0.4000015
13.051 , -0.3800011
13.053 , -0.3900013
13.055 , -0.4000015
13.057 , -0.3900013
13.059 , -0.3800011
13.061 , -0.4000015
13.063 , -0.4100018
13.066 , -0.3800011
13.068 , -0.4100018
13.07 , -0.4100018
13.072 , -0.4100018
13.074 , -0.3900013
13.076 , -0.4100018
13.078 , -0.4100018
13.08 , -0.4000015
13.083 , -0.4100018
13.085 , -0.420002
13.087 , -0.420002
13.089 , -0.4100018
13.091 , -0.4000015
13.093 , -0.4000015
13.095 , -0.3900013
13.097 , -0.4000015
13.099 , -0.420002
13.101 , -0.4300003
13.104 , -0.420002
13.106 , -0.4300003
13.108 , -0.4300003
13.11 , -0.420002
13.112 , -0.420002
13.114 , -0.4300003
13.116 , -0.4300003
13.118 , -0.4100018
13.12 , -0.4300003
13.122 , -0.4400005
13.124 , -0.4300003
13.127 , -0.420002
13.129 , -0.4500008
13.131 , -0.4500008
13.133 , -0.4300003
13.135 , -0.4300003
13.137 , -0.4500008
13.139 , -0.4300003
13.141 , -0.4300003
13.143 , -0.4500008
13.146 , -0.4500008
13.148 , -0.4300003
13.15 , -0.4300003
13.152 , -0.4300003
13.154 , -0.4100018
13.156 , -0.420002
13.166 , -0.460001
13.168 , -0.4500008
13.17 , -0.4400005
13.172 , -0.4400005
13.174 , -0.4500008
13.176 , -0.4400005
13.178 , -0.4300003
13.18 , -0.4500008
13.183 , -0.460001
13.185 , -0.4300003
13.187 , -0.460001
13.189 , -0.4500008
13.191 , -0.4500008
13.193 , -0.4400005
13.195 , -0.460001
13.198 , -0.4500008
13.2 , -0.4300003
13.202 , -0.460001
13.204 , -0.4500008
13.206 , -0.4500008
13.208 , -0.4400005
13.21 , -0.4400005
13.212 , -0.4300003
13.214 , -0.420002
13.216 , -0.4300003
13.218 , -0.460001
13.221 , -0.460001
13.223 , -0.4500008
13.225 , -0.4700012
13.227 , -0.460001
13.229 , -0.4500008
13.231 , -0.460001
13.233 , -0.460001
13.235 , -0.4400005
13.237 , -0.4500008
13.24 , -0.460001
13.242 , -0.460001
13.244 , -0.4500008
13.246 , -0.4700012
13.248 , -0.4700012
13.25 , -0.460001
13.252 , -0.4500008
13.254 , -0.4800014
13.256 , -0.4800014
13.259 , -0.4500008
13.261 , -0.4700012
13.263 , -0.4700012
13.265 , -0.4700012
13.267 , -0.460001
13.269 , -0.460001
13.271 , -0.4500008
13.273 , -0.4500008
13.276 , -0.460001
13.278 , -0.4800014
13.28 , -0.4800014
13.282 , -0.4900017
13.284 , -0.4800014
13.286 , -0.4800014
13.288 , -0.4700012
13.29 , -0.4700012
13.292 , -0.4800014
13.295 , -0.4700012
13.297 , -0.4700012
13.299 , -0.4900017
13.301 , -0.4900017
13.303 , -0.4700012
13.305 , -0.4800014
13.307 , -0.4900017
13.309 , -0.4900017
13.311 , -0.4800014
13.314 , -0.5000019
13.316 , -0.5000019
13.318 , -0.4700012
13.32 , -0.4900017
13.322 , -0.5000019
13.324 , -0.4900017
13.326 , -0.4800014
13.328 , -0.4800014
13.33 , -0.4700012
13.333 , -0.4500008
13.335 , -0.4700012
13.337 , -0.4800014
13.339 , -0.4900017
13.341 , -0.4900017
13.343 , -0.5000019
13.345 , -0.5000019
13.347 , -0.4800014
13.349 , -0.4800014
13.351 , -0.5000019
13.354 , -0.4800014
13.356 , -0.4700012
13.358 , -0.5200005
13.36 , -0.5500011
13.362 , -0.5200005
13.364 , -0.4900017
13.366 , -0.4700012
13.368 , -0.4400005
13.37 , -0.420002
13.373 , -0.3900013
13.375 , -0.4100018
13.377 , -0.4100018
13.379 , -0.420002
13.381 , -0.4400005
13.383 , -0.4400005
13.385 , -0.460001
13.387 , -0.4400005
13.39 , -0.4400005
13.392 , -0.420002
13.394 , -0.4100018
13.396 , -0.4000015
13.398 , -0.4000015
13.4 , -0.4100018
13.402 , -0.3900013
13.404 , -0.4100018
13.406 , -0.3900013
13.408 , -0.4100018
13.411 , -0.3900013
13.413 , -0.3900013
13.415 , -0.3900013
13.417 , -0.3800011
13.419 , -0.3900013
13.421 , -0.3700008
13.423 , -0.3600006
13.425 , -0.3700008
13.427 , -0.3600006
13.429 , -0.3600006
13.432 , -0.3600006
13.434 , -0.3500004
13.436 , -0.3500004
13.438 , -0.3500004
13.44 , -0.3500004
13.442 , -0.3300018
13.444 , -0.3400021
13.446 , -0.3400021
13.448 , -0.3400021
13.451 , -0.3300018
13.453 , -0.3300018
13.455 , -0.3300018
13.457 , -0.3200016
13.459 , -0.3100014
13.461 , -0.3200016
13.463 , -0.3100014
13.465 , -0.3000011
13.467 , -0.3000011
13.469 , -0.2900009
13.471 , -0.2900009
13.474 , -0.2900009
13.476 , -0.2900009
13.478 , -0.2700005
13.48 , -0.2300014
13.482 , -0.2200012
13.484 , -0.2400017
13.486 , -0.2600021
13.488 , -0.2300014
13.49 , -0.1200008
13.493 , 0.01999855
13.495 , 0.2099991
13.497 , 0.5199986
13.499 , 0.7099991
13.501 , 0.6999989
13.503 , 0.6699982
13.505 , 0.5699997
13.508 , 0.4099979
13.51 , 0.289999
13.512 , 0.2699986
13.514 , 0.3699989
13.516 , 0.5599995
13.519 , 0.6899986
13.521 , 0.7599983
13.523 , 0.829998
13.525 , 0.9099979
13.527 , 1.049999
13.537 , 1.679998
13.539 , 1.689999
13.541 , 1.699999
13.543 , 1.689999
13.545 , 1.689999
13.548 , 1.739998
13.55 , 1.809999
13.552 , 1.889999
13.554 , 1.959999
13.556 , 2.059999
13.558 , 2.109999
13.56 , 2.189999
13.562 , 2.23
13.564 , 2.289999
13.567 , 2.299999
13.569 , 2.339998
13.571 , 2.369999
13.573 , 2.409998
13.575 , 2.469999
13.577 , 2.509998
13.579 , 2.339998
13.582 , 1.809999
13.584 , 1.419998
13.586 , 1.15
13.588 , 0.9999981
13.59 , 0.9899979
13.592 , 1.119999
13.594 , 1.379999
13.596 , 1.599998
13.599 , 1.769999
13.601 , 1.839998
13.603 , 1.839998
13.605 , 1.759998
13.607 , 1.65
13.609 , 1.559999
13.611 , 1.499998
13.614 , 1.459999
13.616 , 1.459999
13.618 , 1.489998
13.62 , 1.529999
13.622 , 1.559999
13.624 , 1.57
13.626 , 1.57
13.628 , 1.549999
13.63 , 1.539999
13.633 , 1.509998
13.635 , 1.499998
13.637 , 1.499998
13.639 , 1.499998
13.641 , 1.499998
13.643 , 1.499998
13.645 , 1.509998
13.647 , 1.509998
13.65 , 1.509998
13.652 , 1.489998
13.654 , 1.48
13.656 , 1.469999
13.658 , 1.469999
13.66 , 1.459999
13.662 , 1.459999
13.664 , 1.449999
13.667 , 1.459999
13.669 , 1.449999
13.671 , 1.449999
13.673 , 1.449999
13.675 , 1.439999
13.677 , 1.429998
13.679 , 1.439999
13.681 , 1.429998
13.684 , 1.419998
13.686 , 1.429998
13.688 , 1.429998
13.69 , 1.419998
13.692 , 1.419998
13.694 , 1.409998
13.696 , 1.409998
13.699 , 1.409998
13.701 , 1.409998
13.703 , 1.4
13.705 , 1.4
13.707 , 1.389999
13.709 , 1.389999
13.711 , 1.379999
13.714 , 1.379999
13.716 , 1.379999
13.718 , 1.379999
13.72 , 1.369999
13.722 , 1.369999
13.724 , 1.369999
13.726 , 1.359999
13.728 , 1.359999
13.731 , 1.349998
13.733 , 1.349998
13.735 , 1.349998
13.737 , 1.369999
13.739 , 1.389999
13.741 , 1.379999
13.743 , 1.309999
13.745 , 1.279999
13.748 , 1.259998
13.75 , 1.239998
13.752 , 1.209999
13.754 , 1.219999
13.756 , 1.23
13.758 , 1.249998
13.76 , 1.249998
13.762 , 1.269999
13.764 , 1.249998
13.767 , 1.249998
13.769 , 1.219999
13.771 , 1.219999
13.773 , 1.209999
13.775 , 1.219999
13.777 , 1.189999
13.779 , 1.179998
13.782 , 1.159998
13.784 , 1.179998
13.786 , 1.159998
13.788 , 1.15
13.79 , 1.15
13.792 , 1.139999
13.794 , 1.139999
13.796 , 1.129999
13.799 , 1.129999
13.801 , 1.119999
13.803 , 1.129999
13.805 , 1.099998
13.807 , 1.119999
13.809 , 1.109999
13.811 , 1.119999
13.813 , 1.089998
13.816 , 1.079998
13.818 , 1.059999
13.82 , 1.07
13.822 , 1.029999
13.824 , 1.049999
13.826 , 1.029999
13.828 , 1.049999
13.83 , 1.019999
13.833 , 1.039999
13.835 , 1.009998
13.837 , 1.029999
13.839 , 0.9999981
13.841 , 1.009998
13.843 , 0.9899979
13.846 , 0.9999981
13.848 , 0.9699993
13.85 , 0.9699993
13.852 , 0.9499989
13.854 , 0.9499989
13.856 , 0.9199982
13.858 , 0.9299984
13.861 , 0.9199982
13.863 , 0.9199982
13.865 , 0.9099979
13.867 , 0.9099979
13.869 , 0.8999996
13.871 , 0.8799992
13.873 , 0.8699989
13.876 , 0.8599987
13.878 , 0.8699989
13.88 , 0.8599987
13.882 , 0.8699989
13.884 , 0.8399982
13.886 , 0.829998
13.889 , 0.829998
13.891 , 0.8199997
13.893 , 0.789999
13.895 , 0.789999
13.897 , 0.789999
13.9 , 0.789999
13.902 , 0.7599983
13.911 , 0.7299995
13.914 , 0.7199993
13.916 , 0.7499981
13.918 , 0.7299995
13.92 , 0.7199993
13.922 , 0.6899986
13.924 , 0.6999989
13.926 , 0.6799984
13.929 , 0.6699982
13.931 , 0.6599979
13.933 , 0.6599979
13.935 , 0.6499996
13.937 , 0.6399994
13.939 , 0.6299992
13.942 , 0.6299992
13.944 , 0.6199989
13.946 , 0.5999985
13.948 , 0.6099987
13.95 , 0.6199989
13.952 , 0.6099987
13.954 , 0.5899982
13.957 , 0.5699997
13.959 , 0.5699997
13.961 , 0.5599995
13.963 , 0.539999
13.965 , 0.539999
13.968 , 0.5299988
13.97 , 0.5299988
13.972 , 0.5099983
13.974 , 0.5199986
13.976 , 0.4999981
13.978 , 0.5099983
13.98 , 0.4799995
13.983 , 0.4899979
13.985 , 0.4799995
13.987 , 0.4999981
13.989 , 0.4599991
13.991 , 0.4599991
13.993 , 0.4499989
13.996 , 0.4699993
13.998 , 0.4499989
14.0 , 0.4499989
14.002 , 0.4499989
14.004 , 0.4699993
14.006 , 0.4299984
14.008 , 0.4499989
14.011 , 0.4299984
14.013 , 0.4199982
14.015 , 0.3999996
14.017 , 0.3999996
14.019 , 0.3799992
14.021 , 0.3999996
14.023 , 0.3799992
14.026 , 0.3799992
14.028 , 0.3799992
14.03 , 0.3799992
14.032 , 0.3899994
14.034 , 0.3999996
14.036 , 0.3699989
14.038 , 0.3599987
14.041 , 0.3499985
14.043 , 0.3199997
14.045 , 0.3199997
14.047 , 0.3199997
14.049 , 0.2999992
14.051 , 0.3099995
14.053 , 0.3199997
14.056 , 0.289999
14.058 , 0.2999992
14.06 , 0.2999992
14.062 , 0.2799988
14.064 , 0.2799988
14.066 , 0.2799988
14.068 , 0.2499981
14.071 , 0.2499981
14.073 , 0.2499981
14.075 , 0.2299995
14.077 , 0.2399979
14.079 , 0.2399979
14.081 , 0.2399979
14.083 , 0.2499981
14.086 , 0.2399979
14.088 , 0.2299995
14.09 , 0.1999989
14.092 , 0.1999989
14.094 , 0.1799984
14.096 , 0.1799984
14.099 , 0.1799984
14.101 , 0.1699982
14.103 , 0.1799984
14.105 , 0.1699982
14.107 , 0.1599979
14.109 , 0.1699982
14.112 , 0.1499996
14.114 , 0.1499996
14.116 , 0.1499996
14.118 , 0.1199989
14.12 , 0.1299992
14.122 , 0.1299992
14.124 , 0.1099987
14.126 , 0.1099987
14.128 , 0.1099987
14.131 , 0.1099987
14.133 , 0.1199989
14.135 , 0.1199989
14.137 , 0.09999847
14.139 , 0.08999825
14.141 , 0.07999802
14.143 , 0.04999924
14.146 , 0.04999924
14.148 , 0.05999947
14.15 , 0.02999878
14.152 , 0.03999901
14.154 , 0.04999924
14.157 , 0.02999878
14.159 , 0.02999878
14.161 , 0.02999878
14.163 , 0.01999855
14.165 , 0.01999855
14.167 , 0.009998322
14.17 , -1.907348e-06
14.172 , -1.907348e-06
14.174 , -0.02000046
14.176 , -0.02000046
14.178 , -0.01000214
14.18 , -0.01000214
14.182 , -1.907348e-06
14.184 , -1.907348e-06
14.186 , -0.01000214
14.189 , -0.03000069
14.191 , -0.04000092
14.193 , -0.0700016
14.195 , -0.06000137
14.197 , -0.06000137
14.199 , -0.0700016
14.201 , -0.06000137
14.203 , -0.0700016
14.205 , -0.0700016
14.208 , -0.0700016
14.21 , -0.08000183
14.212 , -0.08000183
14.214 , -0.08000183
14.216 , -0.09000206
14.218 , -0.1000004
14.22 , -0.1000004
14.222 , -0.1000004
14.224 , -0.1200008
14.227 , -0.1200008
14.229 , -0.1100006
14.231 , -0.1100006
14.233 , -0.1000004
14.235 , -0.09000206
14.237 , -0.1200008
14.239 , -0.1200008
14.241 , -0.1400013
14.243 , -0.1400013
14.245 , -0.1600018
14.247 , -0.1500015
14.25 , -0.170002
14.252 , -0.1600018
14.254 , -0.1500015
14.256 , -0.170002
14.258 , -0.1600018
14.26 , -0.1600018
14.262 , -0.1800003
14.264 , -0.170002
14.266 , -0.1800003
14.269 , -0.2000008
14.271 , -0.2000008
14.273 , -0.1900005
14.275 , -0.2200012
14.277 , -0.2200012
14.287 , -0.2000008
14.289 , -0.2200012
14.291 , -0.2200012
14.293 , -0.2300014
14.295 , -0.2300014
14.297 , -0.2300014
14.299 , -0.2500019
14.302 , -0.2200012
14.304 , -0.2400017
14.306 , -0.2400017
14.308 , -0.2500019
14.31 , -0.2500019
14.312 , -0.2600021
14.314 , -0.2500019
14.316 , -0.2500019
14.318 , -0.2800007
14.32 , -0.2500019
14.323 , -0.2800007
14.325 , -0.2700005
14.327 , -0.2800007
14.329 , -0.2600021
14.331 , -0.2700005
14.333 , -0.2500019
14.335 , -0.2500019
14.337 , -0.2700005
14.339 , -0.2800007
14.342 , -0.3000011
14.344 , -0.3100014
14.346 , -0.3200016
14.348 , -0.3100014
14.35 , -0.3400021
14.352 , -0.3300018
14.354 , -0.3200016
14.356 , -0.3200016
14.358 , -0.3300018
14.361 , -0.3100014
14.363 , -0.3400021
14.365 , -0.3300018
14.367 , -0.3200016
14.369 , -0.3500004
14.371 , -0.3400021
14.373 , -0.3400021
14.375 , -0.3600006
14.377 , -0.3500004
14.379 , -0.3500004
14.382 , -0.3400021
14.384 , -0.3300018
14.386 , -0.3300018
14.388 , -0.3500004
14.39 , -0.3500004
14.392 , -0.3600006
14.394 , -0.3900013
14.396 , -0.3900013
14.398 , -0.3700008
14.401 , -0.3900013
14.403 , -0.3800011
14.405 , -0.3700008
14.407 , -0.4000015
14.409 , -0.3900013
14.411 , -0.3800011
14.413 , -0.4000015
14.415 , -0.4000015
14.418 , -0.3900013
14.42 , -0.4100018
14.422 , -0.4100018
14.424 , -0.4100018
14.426 , -0.420002
14.428 , -0.420002
14.43 , -0.4100018
14.432 , -0.4000015
14.434 , -0.4000015
14.436 , -0.3900013
14.439 , -0.420002
14.441 , -0.4300003
14.443 , -0.420002
14.445 , -0.4400005
14.447 , -0.4300003
14.449 , -0.4500008
14.451 , -0.4400005
14.453 , -0.4400005
14.455 , -0.4400005
14.458 , -0.4400005
14.46 , -0.4400005
14.462 , -0.4300003
14.464 , -0.4500008
14.466 , -0.4400005
14.468 , -0.4500008
14.47 , -0.460001
14.472 , -0.460001
14.475 , -0.4700012
14.477 , -0.460001
14.479 , -0.460001
14.481 , -0.460001
14.483 , -0.4400005
14.485 , -0.4300003
14.487 , -0.4500008
14.489 , -0.460001
14.491 , -0.4700012
14.494 , -0.4800014
14.496 , -0.4800014
14.498 , -0.4800014
14.5 , -0.4900017
14.502 , -0.4800014
14.504 , -0.4700012
14.506 , -0.4800014
14.508 , -0.4800014
14.51 , -0.4700012
14.512 , -0.4800014
14.515 , -0.4900017
14.517 , -0.4800014
14.519 , -0.5000019
14.521 , -0.4900017
14.523 , -0.4900017
14.525 , -0.5000019
14.527 , -0.5000019
14.529 , -0.4900017
14.531 , -0.4900017
14.533 , -0.4700012
14.536 , -0.4700012
14.538 , -0.4900017
14.54 , -0.4900017
14.542 , -0.5000019
14.544 , -0.5200005
14.546 , -0.5100021
14.548 , -0.5100021
14.55 , -0.5300007
14.553 , -0.5200005
14.555 , -0.5000019
14.557 , -0.5300007
14.559 , -0.5100021
14.561 , -0.5100021
14.563 , -0.5200005
14.565 , -0.5100021
14.567 , -0.5100021
14.569 , -0.5400009
14.571 , -0.5400009
14.573 , -0.5200005
14.576 , -0.5400009
14.578 , -0.5400009
14.58 , -0.5200005
14.582 , -0.5100021
14.584 , -0.5000019
14.586 , -0.5000019
14.588 , -0.5200005
14.59 , -0.5200005
14.592 , -0.5400009
14.595 , -0.5600014
14.597 , -0.5400009
14.599 , -0.5400009
14.601 , -0.5500011
14.603 , -0.5500011
14.605 , -0.5200005
14.607 , -0.5500011
14.61 , -0.5400009
14.612 , -0.5300007
14.614 , -0.5600014
14.616 , -0.5400009
14.618 , -0.5500011
14.62 , -0.5600014
14.622 , -0.5600014
14.624 , -0.5500011
14.626 , -0.5700016
14.629 , -0.5700016
14.631 , -0.5400009
14.633 , -0.5500011
14.635 , -0.5400009
14.637 , -0.5400009
14.639 , -0.5500011
14.641 , -0.5600014
14.643 , -0.5600014
14.646 , -0.5700016
14.648 , -0.5800018
14.657 , -0.5800018
14.659 , -0.5800018
14.661 , -0.5600014
14.664 , -0.5800018
14.666 , -0.5800018
14.668 , -0.5700016
14.67 , -0.5900021
14.672 , -0.5900021
14.674 , -0.5700016
14.676 , -0.5900021
14.679 , -0.5800018
14.681 , -0.5700016
14.683 , -0.5700016
14.685 , -0.5600014
14.687 , -0.5600014
14.689 , -0.5800018
14.691 , -0.5900021
14.693 , -0.5800018
14.696 , -0.6000004
14.698 , -0.6000004
14.7 , -0.5900021
14.702 , -0.6000004
14.704 , -0.5800018
14.706 , -0.5800018
14.708 , -0.5900021
14.71 , -0.5800018
14.712 , -0.5800018
14.715 , -0.5900021
14.717 , -0.5900021
14.719 , -0.6000004
14.721 , -0.5900021
14.723 , -0.6000004
14.725 , -0.5900021
14.727 , -0.6000004
14.729 , -0.6000004
14.731 , -0.5900021
14.734 , -0.5700016
14.736 , -0.5700016
14.738 , -0.5800018
14.74 , -0.5900021
14.742 , -0.6000004
14.744 , -0.6000004
14.746 , -0.6100006
14.748 , -0.6000004
14.75 , -0.6200008
14.753 , -0.6000004
14.755 , -0.6000004
14.757 , -0.6100006
14.759 , -0.6000004
14.761 , -0.6000004
14.763 , -0.6000004
14.765 , -0.6000004
14.767 , -0.6000004
14.769 , -0.6100006
14.771 , -0.6100006
14.774 , -0.6100006
14.776 , -0.6300011
14.778 , -0.6100006
14.78 , -0.6000004
14.782 , -0.6000004
14.784 , -0.5900021
14.786 , -0.5800018
14.788 , -0.6000004
14.79 , -0.6100006
14.793 , -0.6100006
14.795 , -0.6300011
14.797 , -0.6300011
14.799 , -0.6100006
14.801 , -0.6300011
14.803 , -0.6200008
14.805 , -0.6000004
14.807 , -0.6200008
14.81 , -0.6200008
14.812 , -0.6100006
14.814 , -0.6300011
14.816 , -0.6300011
14.818 , -0.6200008
14.82 , -0.6400013
14.822 , -0.6200008
14.824 , -0.6200008
14.826 , -0.6400013
14.828 , -0.6300011
14.831 , -0.6100006
14.833 , -0.6200008
14.835 , -0.6000004
14.837 , -0.5900021
14.839 , -0.6100006
14.841 , -0.6200008
14.843 , -0.6300011
14.845 , -0.6400013
14.847 , -0.6500015
14.85 , -0.6300011
14.852 , -0.6600018
14.854 , -0.6400013
14.856 , -0.6300011
14.858 , -0.670002
14.86 , -0.7000008
14.862 , -0.6500015
14.864 , -0.6300011
14.867 , -0.6100006
14.869 , -0.5800018
14.871 , -0.5500011
14.873 , -0.5400009
14.875 , -0.5500011
14.877 , -0.5600014
14.879 , -0.5800018
14.881 , -0.5800018
14.883 , -0.6000004
14.886 , -0.5900021
14.888 , -0.5900021
14.89 , -0.5700016
14.892 , -0.5700016
14.894 , -0.5600014
14.896 , -0.5500011
14.898 , -0.5400009
14.9 , -0.5400009
14.903 , -0.5400009
14.905 , -0.5400009
14.907 , -0.5400009
14.909 , -0.5400009
14.911 , -0.5400009
14.913 , -0.5300007
14.915 , -0.5300007
14.917 , -0.5200005
14.919 , -0.5100021
14.922 , -0.5100021
14.924 , -0.5100021
14.926 , -0.5000019
14.928 , -0.5000019
14.93 , -0.5000019
14.932 , -0.5000019
14.934 , -0.4900017
14.936 , -0.4800014
14.939 , -0.4900017
14.941 , -0.4800014
14.943 , -0.4700012
14.945 , -0.460001
14.947 , -0.4700012
14.949 , -0.4700012
14.951 , -0.460001
14.953 , -0.460001
14.955 , -0.460001
14.958 , -0.460001
14.96 , -0.4500008
14.962 , -0.4400005
14.964 , -0.4400005
14.966 , -0.4400005
14.968 , -0.4300003
14.97 , -0.4300003
14.972 , -0.4300003
14.975 , -0.4300003
14.977 , -0.420002
14.979 , -0.3900013
14.981 , -0.3800011
14.983 , -0.3500004
14.985 , -0.3900013
14.987 , -0.3800011
14.99 , -0.3500004
14.992 , -0.2200012
14.994 , -0.08000183
14.996 , 0.1699982
14.998 , 0.4599991
15.0 , 0.579998
15.002 , 0.5699997
15.004 , 0.5099983
15.007 , 0.3999996
15.009 , 0.2399979
15.011 , 0.1299992
15.013 , 0.1199989
15.015 , 0.2999992
15.017 , 0.4499989
15.02 , 0.5899982
15.029 , 1.049999
15.031 , 1.23
15.033 , 1.349998
15.036 , 1.469999
15.038 , 1.529999
15.04 , 1.559999
15.042 , 1.559999
15.044 , 1.559999
15.046 , 1.589998
15.048 , 1.629999
15.05 , 1.719999
15.053 , 1.799999
15.055 , 1.869999
15.057 , 1.949999
15.059 , 2.009998
15.061 , 2.07
15.063 , 2.119999
15.065 , 2.159998
15.068 , 2.199999
15.07 , 2.219999
15.072 , 2.259998
15.074 , 2.299999
15.076 , 2.359999
15.078 , 2.409998
15.08 , 2.449999
15.082 , 2.489998
15.085 , 2.529999
15.087 , 2.57
15.089 , 2.609999
15.091 , 2.65
15.093 , 2.589998
15.095 , 2.259998
15.097 , 1.73
15.099 , 1.409998
15.102 , 1.219999
15.104 , 1.15
15.106 , 1.209999
15.108 , 1.439999
15.11 , 1.679998
15.112 , 1.909998
15.114 , 2.009998
15.117 , 2.049999
15.119 , 1.999998
15.121 , 1.9
15.123 , 1.789999
15.125 , 1.689999
15.127 , 1.65
15.129 , 1.629999
15.131 , 1.659998
15.134 , 1.689999
15.136 , 1.73
15.138 , 1.759998
15.14 , 1.769999
15.142 , 1.749998
15.144 , 1.739998
15.146 , 1.719999
15.149 , 1.689999
15.151 , 1.679998
15.153 , 1.679998
15.155 , 1.679998
15.157 , 1.689999
15.159 , 1.689999
15.161 , 1.699999
15.163 , 1.689999
15.166 , 1.689999
15.168 , 1.679998
15.17 , 1.679998
15.172 , 1.669998
15.174 , 1.659998
15.176 , 1.659998
15.178 , 1.659998
15.181 , 1.659998
15.183 , 1.659998
15.185 , 1.65
15.187 , 1.65
15.189 , 1.65
15.191 , 1.639999
15.193 , 1.629999
15.196 , 1.629999
15.198 , 1.619999
15.2 , 1.619999
15.202 , 1.629999
15.204 , 1.619999
15.206 , 1.619999
15.208 , 1.609999
15.21 , 1.609999
15.212 , 1.609999
15.215 , 1.609999
15.217 , 1.599998
15.219 , 1.599998
15.221 , 1.589998
15.223 , 1.589998
15.225 , 1.599998
15.227 , 1.579998
15.229 , 1.519999
15.231 , 1.469999
15.234 , 1.469999
15.236 , 1.489998
15.238 , 1.529999
15.24 , 1.629999
15.242 , 1.619999
15.244 , 1.589998
15.246 , 1.529999
15.249 , 1.489998
15.251 , 1.429998
15.253 , 1.389999
15.255 , 1.379999
15.257 , 1.389999
15.259 , 1.4
15.261 , 1.439999
15.263 , 1.469999
15.266 , 1.449999
15.268 , 1.449999
15.27 , 1.419998
15.272 , 1.4
15.274 , 1.369999
15.276 , 1.349998
15.278 , 1.329998
15.28 , 1.329998
15.283 , 1.349998
15.285 , 1.329998
15.287 , 1.329998
15.289 , 1.32
15.291 , 1.339998
15.293 , 1.349998
15.295 , 1.309999
15.297 , 1.289999
15.3 , 1.269999
15.302 , 1.269999
15.304 , 1.249998
15.306 , 1.239998
15.308 , 1.23
15.31 , 1.23
15.312 , 1.239998
15.314 , 1.219999
15.317 , 1.219999
15.319 , 1.199999
15.321 , 1.209999
15.323 , 1.209999
15.325 , 1.209999
15.327 , 1.179998
15.329 , 1.169998
15.331 , 1.159998
15.333 , 1.139999
15.335 , 1.129999
15.337 , 1.109999
15.34 , 1.109999
15.342 , 1.109999
15.344 , 1.109999
15.346 , 1.089998
15.348 , 1.089998
15.35 , 1.089998
15.352 , 1.089998
15.354 , 1.099998
15.356 , 1.07
15.359 , 1.059999
15.361 , 1.039999
15.363 , 1.029999
15.365 , 0.9999981
15.367 , 0.9899979
15.369 , 0.9699993
15.372 , 0.9599991
15.374 , 0.9699993
15.376 , 0.9499989
15.378 , 0.9499989
15.38 , 0.9399986
15.382 , 0.9499989
15.385 , 0.9599991
15.387 , 0.9299984
15.389 , 0.9299984
15.391 , 0.9099979
15.393 , 0.8999996
15.403 , 0.8499985
15.405 , 0.8399982
15.407 , 0.8399982
15.41 , 0.8099995
15.412 , 0.8199997
15.414 , 0.8199997
15.416 , 0.829998
15.418 , 0.8099995
15.42 , 0.789999
15.422 , 0.7799988
15.425 , 0.7599983
15.427 , 0.7399979
15.429 , 0.7199993
15.431 , 0.7199993
15.433 , 0.7099991
15.436 , 0.7099991
15.438 , 0.6999989
15.44 , 0.6899986
15.442 , 0.6999989
15.444 , 0.6899986
15.446 , 0.6999989
15.448 , 0.6799984
15.451 , 0.6699982
15.453 , 0.6499996
15.455 , 0.6299992
15.457 , 0.6199989
15.459 , 0.5999985
15.461 , 0.5999985
15.464 , 0.5899982
15.466 , 0.5899982
15.468 , 0.579998
15.47 , 0.5699997
15.472 , 0.5699997
15.474 , 0.5699997
15.477 , 0.579998
15.479 , 0.5599995
15.481 , 0.5499992
15.483 , 0.539999
15.485 , 0.5099983
15.487 , 0.4999981
15.489 , 0.4799995
15.491 , 0.4699993
15.494 , 0.4699993
15.496 , 0.4799995
15.498 , 0.4999981
15.5 , 0.4899979
15.502 , 0.4899979
15.504 , 0.4699993
15.507 , 0.4799995
15.509 , 0.4799995
15.511 , 0.4799995
15.513 , 0.4699993
15.515 , 0.4499989
15.518 , 0.4299984
15.52 , 0.4199982
15.522 , 0.3999996
15.524 , 0.3999996
15.526 , 0.3899994
15.528 , 0.3899994
15.53 , 0.3899994
15.532 , 0.3699989
15.535 , 0.3699989
15.537 , 0.3599987
15.539 , 0.3599987
15.541 , 0.3699989
15.543 , 0.3399982
15.545 , 0.3499985
15.548 , 0.329998
15.55 , 0.3199997
15.552 , 0.329998
15.554 , 0.3399982
15.556 , 0.3399982
15.558 , 0.329998
15.56 , 0.2999992
15.563 , 0.2999992
15.565 , 0.2799988
15.567 , 0.2799988
15.569 , 0.2599983
15.571 , 0.2599983
15.573 , 0.2499981
15.576 , 0.2399979
15.578 , 0.2499981
15.58 , 0.2399979
15.582 , 0.2399979
15.584 , 0.2399979
15.586 , 0.2099991
15.589 , 0.2299995
15.591 , 0.2099991
15.593 , 0.1999989
15.595 , 0.1999989
15.597 , 0.2099991
15.599 , 0.2099991
15.601 , 0.2099991
15.604 , 0.1899986
15.606 , 0.1799984
15.608 , 0.1599979
15.61 , 0.1599979
15.612 , 0.1499996
15.614 , 0.1399994
15.616 , 0.1399994
15.619 , 0.1399994
15.621 , 0.1399994
15.623 , 0.1399994
15.625 , 0.1199989
15.627 , 0.1399994
15.629 , 0.1099987
15.632 , 0.1199989
15.634 , 0.1099987
15.636 , 0.09999847
15.638 , 0.1099987
15.64 , 0.1099987
15.642 , 0.1099987
15.644 , 0.1199989
15.647 , 0.09999847
15.649 , 0.08999825
15.651 , 0.07999802
15.653 , 0.05999947
15.655 , 0.04999924
15.657 , 0.02999878
15.66 , 0.03999901
15.662 , 0.03999901
15.664 , 0.02999878
15.666 , 0.03999901
15.668 , 0.02999878
15.67 , 0.02999878
15.673 , 0.01999855
15.675 , 0.01999855
15.677 , 0.009998322
15.679 , -0.01000214
15.681 , 0.009998322
15.683 , 0.009998322
15.685 , 0.01999855
15.688 , 0.01999855
15.69 , -1.907348e-06
15.692 , -0.01000214
15.694 , -0.03000069
15.696 , -0.04000092
15.698 , -0.04000092
15.701 , -0.06000137
15.703 , -0.05000114
15.705 , -0.06000137
15.707 , -0.06000137
15.709 , -0.06000137
15.711 , -0.0700016
15.713 , -0.0700016
15.715 , -0.0700016
15.717 , -0.08000183
15.719 , -0.08000183
15.722 , -0.09000206
15.724 , -0.09000206
15.726 , -0.09000206
15.728 , -0.09000206
15.73 , -0.08000183
15.732 , -0.08000183
15.734 , -0.1000004
15.737 , -0.1000004
15.739 , -0.1400013
15.741 , -0.1200008
15.743 , -0.1400013
15.745 , -0.1600018
15.747 , -0.1500015
15.749 , -0.1600018
15.751 , -0.1500015
15.753 , -0.1500015
15.756 , -0.1600018
15.758 , -0.1600018
15.76 , -0.170002
15.762 , -0.170002
15.764 , -0.1800003
15.766 , -0.2000008
15.768 , -0.1900005
15.771 , -0.1900005
15.78 , -0.2000008
15.782 , -0.2200012
15.785 , -0.2200012
15.787 , -0.2300014
15.789 , -0.2300014
15.791 , -0.2200012
15.793 , -0.2500019
15.795 , -0.2300014
15.797 , -0.2300014
15.799 , -0.2400017
15.801 , -0.2500019
15.804 , -0.2600021
15.806 , -0.2500019
15.808 , -0.2600021
15.81 , -0.2700005
15.812 , -0.2700005
15.814 , -0.2700005
15.816 , -0.2500019
15.818 , -0.2500019
15.821 , -0.2700005
15.823 , -0.2700005
15.825 , -0.2800007
15.827 , -0.3000011
15.829 , -0.3000011
15.831 , -0.3200016
15.833 , -0.3200016
15.835 , -0.3200016
15.837 , -0.3300018
15.84 , -0.3100014
15.842 , -0.3300018
15.844 , -0.3200016
15.846 , -0.3300018
15.848 , -0.3300018
15.85 , -0.3400021
15.852 , -0.3500004
15.854 , -0.3500004
15.856 , -0.3500004
15.859 , -0.3400021
15.861 , -0.3200016
15.863 , -0.3400021
15.865 , -0.3500004
15.867 , -0.3500004
15.869 , -0.3600006
15.871 , -0.3700008
15.873 , -0.3800011
15.875 , -0.3900013
15.877 , -0.3900013
15.88 , -0.3900013
15.882 , -0.3800011
15.884 , -0.3900013
15.886 , -0.3900013
15.888 , -0.3900013
15.891 , -0.4000015
15.893 , -0.4000015
15.895 , -0.4100018
15.897 , -0.4100018
15.899 , -0.4000015
15.901 , -0.4000015
15.903 , -0.3900013
15.905 , -0.3800011
15.907 , -0.4000015
15.909 , -0.4100018
15.912 , -0.4100018
15.914 , -0.4300003
15.916 , -0.4300003
15.918 , -0.4400005
15.92 , -0.4400005
15.922 , -0.4400005
15.924 , -0.4400005
15.926 , -0.4400005
15.928 , -0.4400005
15.931 , -0.4300003
15.933 , -0.4400005
15.935 , -0.4500008
15.937 , -0.4400005
15.939 , -0.460001
15.941 , -0.460001
15.943 , -0.4500008
15.945 , -0.4500008
15.948 , -0.4300003
15.95 , -0.4400005
15.952 , -0.4500008
15.954 , -0.460001
15.956 , -0.4700012
15.958 , -0.4700012
15.96 , -0.4800014
15.962 , -0.4800014
15.965 , -0.4700012
15.967 , -0.4900017
15.969 , -0.4700012
15.971 , -0.4800014
15.973 , -0.4800014
15.975 , -0.4800014
15.977 , -0.4900017
15.979 , -0.4800014
15.981 , -0.4800014
15.984 , -0.5100021
15.986 , -0.4900017
15.988 , -0.4900017
15.99 , -0.4800014
15.992 , -0.4700012
15.994 , -0.4900017
15.996 , -0.5000019
15.998 , -0.5100021
16.001 , -0.5100021
16.003 , -0.5200005
16.005 , -0.5400009
16.007 , -0.5200005
16.009 , -0.5400009
16.011 , -0.5400009
16.013 , -0.5200005
16.015 , -0.5300007
16.017 , -0.5400009
16.02 , -0.5300007
16.022 , -0.5400009
16.024 , -0.5400009
16.026 , -0.5500011
16.028 , -0.5500011
16.03 , -0.5500011
16.032 , -0.5400009
16.034 , -0.5300007
16.036 , -0.5400009
16.038 , -0.5500011
16.04 , -0.5500011
16.042 , -0.5600014
16.045 , -0.5600014
16.047 , -0.5600014
16.049 , -0.5800018
16.051 , -0.5800018
16.053 , -0.5800018
16.055 , -0.5900021
16.057 , -0.5800018
16.059 , -0.5900021
16.061 , -0.5700016
16.063 , -0.5900021
16.066 , -0.6000004
16.068 , -0.6000004
16.07 , -0.6000004
16.072 , -0.6000004
16.074 , -0.5900021
16.076 , -0.5900021
16.078 , -0.5800018
16.08 , -0.5900021
16.083 , -0.5900021
16.085 , -0.6000004
16.087 , -0.6200008
16.089 , -0.6200008
16.091 , -0.6200008
16.093 , -0.6400013
16.095 , -0.6300011
16.097 , -0.6500015
16.099 , -0.6300011
16.101 , -0.6400013
16.104 , -0.6400013
16.106 , -0.6400013
16.108 , -0.6500015
16.11 , -0.6500015
16.112 , -0.6500015
16.114 , -0.6600018
16.116 , -0.6600018
16.118 , -0.6500015
16.12 , -0.6400013
16.122 , -0.6400013
16.124 , -0.6500015
16.127 , -0.6500015
16.129 , -0.6600018
16.131 , -0.6600018
16.133 , -0.6800003
16.135 , -0.6800003
16.137 , -0.6800003
16.139 , -0.6800003
16.142 , -0.6900005
16.151 , -0.6900005
16.153 , -0.7000008
16.155 , -0.6900005
16.157 , -0.710001
16.16 , -0.710001
16.162 , -0.6900005
16.164 , -0.6800003
16.166 , -0.6800003
16.168 , -0.6900005
16.17 , -0.7000008
16.172 , -0.7000008
16.174 , -0.7200012
16.176 , -0.7200012
16.178 , -0.7300014
16.181 , -0.7200012
16.183 , -0.7200012
16.185 , -0.7200012
16.187 , -0.7200012
16.189 , -0.7200012
16.191 , -0.7200012
16.193 , -0.7200012
16.195 , -0.7300014
16.197 , -0.7200012
16.199 , -0.7200012
16.201 , -0.7500019
16.204 , -0.7300014
16.206 , -0.7300014
16.208 , -0.710001
16.21 , -0.710001
16.212 , -0.7300014
16.214 , -0.7300014
16.216 , -0.7400017
16.219 , -0.7400017
16.221 , -0.7500019
16.223 , -0.7600021
16.225 , -0.7500019
16.227 , -0.7500019
16.229 , -0.7600021
16.231 , -0.7500019
16.233 , -0.7500019
16.235 , -0.7400017
16.237 , -0.7500019
16.239 , -0.7600021
16.241 , -0.7500019
16.244 , -0.7600021
16.246 , -0.7600021
16.248 , -0.7400017
16.25 , -0.7400017
16.252 , -0.7300014
16.254 , -0.7300014
16.256 , -0.7600021
16.258 , -0.7500019
16.26 , -0.7700005
16.262 , -0.7500019
16.265 , -0.7800007
16.267 , -0.7800007
16.269 , -0.7700005
16.271 , -0.7800007
16.273 , -0.7600021
16.275 , -0.7600021
16.277 , -0.7600021
16.28 , -0.7700005
16.282 , -0.7600021
16.284 , -0.7800007
16.286 , -0.7700005
16.288 , -0.7800007
16.29 , -0.7800007
16.292 , -0.7700005
16.294 , -0.7600021
16.296 , -0.7400017
16.299 , -0.7700005
16.301 , -0.7600021
16.303 , -0.7700005
16.305 , -0.7800007
16.307 , -0.7800007
16.309 , -0.8000011
16.311 , -0.7800007
16.313 , -0.7700005
16.315 , -0.7900009
16.317 , -0.7700005
16.319 , -0.7800007
16.322 , -0.7700005
16.324 , -0.7700005
16.326 , -0.7800007
16.328 , -0.7800007
16.33 , -0.7800007
16.332 , -0.7800007
16.334 , -0.7800007
16.336 , -0.7600021
16.339 , -0.7500019
16.341 , -0.7400017
16.343 , -0.7600021
16.345 , -0.7700005
16.347 , -0.7600021
16.349 , -0.7700005
16.351 , -0.7700005
16.353 , -0.7800007
16.355 , -0.7800007
16.357 , -0.7900009
16.359 , -0.8400021
16.362 , -0.8000011
16.364 , -0.7600021
16.366 , -0.7300014
16.368 , -0.710001
16.37 , -0.670002
16.372 , -0.6600018
16.374 , -0.6400013
16.376 , -0.670002
16.378 , -0.670002
16.381 , -0.7000008
16.383 , -0.6900005
16.385 , -0.7000008
16.387 , -0.7000008
16.389 , -0.670002
16.391 , -0.6800003
16.393 , -0.6600018
16.395 , -0.6500015
16.398 , -0.6500015
16.4 , -0.6300011
16.402 , -0.6300011
16.404 , -0.6400013
16.406 , -0.6300011
16.408 , -0.6200008
16.41 , -0.6200008
16.412 , -0.6300011
16.414 , -0.6000004
16.416 , -0.6100006
16.418 , -0.6000004
16.421 , -0.6000004
16.423 , -0.6000004
16.425 , -0.5900021
16.427 , -0.5900021
16.429 , -0.5900021
16.431 , -0.5800018
16.433 , -0.5800018
16.435 , -0.5600014
16.437 , -0.5900021
16.439 , -0.5500011
16.442 , -0.5700016
16.444 , -0.5500011
16.446 , -0.5500011
16.448 , -0.5500011
16.45 , -0.5400009
16.452 , -0.5400009
16.454 , -0.5300007
16.456 , -0.5400009
16.458 , -0.5100021
16.461 , -0.5200005
16.463 , -0.5100021
16.465 , -0.5100021
16.467 , -0.5000019
16.469 , -0.5000019
16.471 , -0.4900017
16.473 , -0.5000019
16.475 , -0.4800014
16.477 , -0.4800014
16.479 , -0.4500008
16.482 , -0.4100018
16.484 , -0.4300003
16.486 , -0.420002
16.488 , -0.4300003
16.49 , -0.3900013
16.492 , -0.2700005
16.494 , -0.1200008
16.496 , 0.1099987
16.498 , 0.4199982
16.501 , 0.5199986
16.503 , 0.5199986
16.505 , 0.4799995
16.507 , 0.3399982
16.509 , 0.2199993
16.511 , 0.1099987
16.521 , 0.6099987
16.523 , 0.6999989
16.525 , 0.8399982
16.528 , 0.9999981
16.53 , 1.129999
16.532 , 1.259998
16.534 , 1.379999
16.536 , 1.439999
16.538 , 1.489998
16.54 , 1.489998
16.542 , 1.519999
16.544 , 1.529999
16.547 , 1.57
16.549 , 1.65
16.551 , 1.719999
16.553 , 1.82
16.555 , 1.869999
16.557 , 1.949999
16.559 , 1.98
16.562 , 2.049999
16.564 , 2.089998
16.566 , 2.129999
16.568 , 2.159998
16.57 , 2.189999
16.572 , 2.23
16.574 , 2.269999
16.576 , 2.329998
16.578 , 2.369999
16.581 , 2.409998
16.583 , 2.439999
16.585 , 2.489998
16.587 , 2.529999
16.589 , 2.589998
16.591 , 2.639999
16.594 , 2.679998
16.596 , 2.73
16.598 , 2.769999
16.6 , 2.809999
16.602 , 2.839998
16.604 , 2.789999
16.606 , 2.489998
16.608 , 2.029999
16.611 , 1.599998
16.613 , 1.429998
16.615 , 1.339998
16.617 , 1.4
16.619 , 1.619999
16.621 , 1.869999
16.623 , 2.109999
16.626 , 2.209999
16.628 , 2.249998
16.63 , 2.199999
16.632 , 2.119999
16.634 , 1.989998
16.636 , 1.9
16.638 , 1.839998
16.64 , 1.82
16.642 , 1.839998
16.645 , 1.879999
16.647 , 1.909998
16.649 , 1.939999
16.651 , 1.949999
16.653 , 1.929998
16.655 , 1.919998
16.657 , 1.9
16.66 , 1.869999
16.662 , 1.869999
16.664 , 1.869999
16.666 , 1.869999
16.668 , 1.869999
16.67 , 1.879999
16.672 , 1.879999
16.675 , 1.869999
16.677 , 1.859999
16.679 , 1.859999
16.681 , 1.849998
16.683 , 1.829998
16.685 , 1.829998
16.687 , 1.829998
16.689 , 1.82
16.692 , 1.829998
16.694 , 1.82
16.696 , 1.82
16.698 , 1.809999
16.7 , 1.809999
16.702 , 1.799999
16.704 , 1.789999
16.707 , 1.789999
16.709 , 1.789999
16.711 , 1.779999
16.713 , 1.789999
16.715 , 1.779999
16.717 , 1.769999
16.719 , 1.769999
16.721 , 1.769999
16.724 , 1.759998
16.726 , 1.749998
16.728 , 1.739998
16.73 , 1.669998
16.732 , 1.619999
16.734 , 1.619999
16.736 , 1.639999
16.738 , 1.719999
16.74 , 1.809999
16.743 , 1.789999
16.745 , 1.749998
16.747 , 1.699999
16.749 , 1.629999
16.751 , 1.57
16.753 , 1.499998
16.755 , 1.489998
16.757 , 1.499998
16.76 , 1.539999
16.762 , 1.579998
16.764 , 1.579998
16.766 , 1.579998
16.768 , 1.559999
16.77 , 1.519999
16.772 , 1.48
16.774 , 1.449999
16.777 , 1.429998
16.779 , 1.429998
16.781 , 1.419998
16.783 , 1.429998
16.785 , 1.429998
16.787 , 1.439999
16.789 , 1.439999
16.792 , 1.409998
16.794 , 1.379999
16.796 , 1.379999
16.798 , 1.339998
16.8 , 1.329998
16.802 , 1.309999
16.804 , 1.299999
16.806 , 1.309999
16.808 , 1.299999
16.811 , 1.299999
16.813 , 1.289999
16.815 , 1.299999
16.817 , 1.309999
16.819 , 1.269999
16.821 , 1.259998
16.823 , 1.239998
16.825 , 1.209999
16.827 , 1.199999
16.83 , 1.169998
16.832 , 1.159998
16.834 , 1.169998
16.836 , 1.159998
16.838 , 1.159998
16.84 , 1.159998
16.842 , 1.159998
16.845 , 1.159998
16.847 , 1.139999
16.849 , 1.109999
16.851 , 1.099998
16.853 , 1.07
16.855 , 1.059999
16.857 , 1.049999
16.859 , 1.029999
16.862 , 1.029999
16.864 , 1.019999
16.866 , 1.029999
16.868 , 1.029999
16.87 , 1.029999
16.872 , 1.049999
16.874 , 1.019999
16.876 , 0.9999981
16.879 , 0.9699993
16.881 , 0.9499989
16.883 , 0.9299984
16.885 , 0.9199982
16.895 , 0.8999996
16.897 , 0.9099979
16.899 , 0.9199982
16.901 , 0.8999996
16.903 , 0.8799992
16.906 , 0.8699989
16.908 , 0.829998
16.91 , 0.829998
16.912 , 0.7999992
16.914 , 0.7999992
16.916 , 0.7999992
16.919 , 0.7799988
16.921 , 0.789999
16.923 , 0.789999
16.925 , 0.789999
16.927 , 0.7999992
16.929 , 0.7799988
16.931 , 0.7599983
16.934 , 0.7499981
16.936 , 0.7099991
16.938 , 0.6899986
16.94 , 0.6799984
16.942 , 0.6699982
16.944 , 0.6699982
16.946 , 0.6699982
16.949 , 0.6599979
16.951 , 0.6699982
16.953 , 0.6699982
16.955 , 0.6699982
16.957 , 0.6499996
16.959 , 0.6299992
16.962 , 0.6199989
16.964 , 0.5899982
16.966 , 0.5699997
16.968 , 0.5699997
16.97 , 0.5599995
16.973 , 0.5599995
16.975 , 0.5499992
16.977 , 0.5499992
16.979 , 0.5499992
16.981 , 0.5699997
16.983 , 0.5499992
16.986 , 0.539999
16.988 , 0.5099983
16.99 , 0.4799995
16.992 , 0.4699993
16.994 , 0.4499989
16.996 , 0.4399986
16.998 , 0.4499989
17.001 , 0.4699993
17.003 , 0.4699993
17.005 , 0.4899979
17.007 , 0.4699993
17.009 , 0.4899979
17.011 , 0.4699993
17.013 , 0.4799995
17.016 , 0.4599991
17.018 , 0.4299984
17.02 , 0.3999996
17.022 , 0.3999996
17.024 , 0.3999996
17.026 , 0.3899994
17.028 , 0.3899994
17.031 , 0.3899994
17.033 , 0.3699989
17.035 , 0.3799992
17.037 , 0.3499985
17.039 , 0.3799992
17.041 , 0.3399982
17.043 , 0.3499985
17.046 , 0.329998
17.048 , 0.3399982
17.05 , 0.329998
17.052 , 0.3499985
17.054 , 0.3499985
17.056 , 0.329998
17.058 , 0.3199997
17.061 , 0.3099995
17.063 , 0.2999992
17.065 , 0.289999
17.067 , 0.2599983
17.069 , 0.2699986
17.071 , 0.2599983
17.073 , 0.2699986
17.075 , 0.2399979
17.078 , 0.2499981
17.08 , 0.2299995
17.082 , 0.2399979
17.084 , 0.2299995
17.086 , 0.2099991
17.088 , 0.2299995
17.09 , 0.2199993
17.093 , 0.2399979
17.095 , 0.2199993
17.097 , 0.2099991
17.099 , 0.1899986
17.101 , 0.1899986
17.103 , 0.1899986
17.106 , 0.1599979
17.108 , 0.1699982
17.11 , 0.1599979
17.112 , 0.1599979
17.114 , 0.1499996
17.116 , 0.1299992
17.118 , 0.1499996
17.12 , 0.1199989
17.123 , 0.1299992
17.125 , 0.1099987
17.127 , 0.1199989
17.129 , 0.1099987
17.131 , 0.1199989
17.133 , 0.1199989
17.135 , 0.09999847
17.137 , 0.08999825
17.14 , 0.07999802
17.142 , 0.08999825
17.144 , 0.05999947
17.146 , 0.04999924
17.148 , 0.05999947
17.15 , 0.03999901
17.152 , 0.04999924
17.155 , 0.02999878
17.157 , 0.03999901
17.159 , 0.01999855
17.161 , 0.01999855
17.163 , -1.907348e-06
17.165 , -1.907348e-06
17.168 , -1.907348e-06
17.17 , 0.009998322
17.172 , 0.01999855
17.174 , -1.907348e-06
17.176 , -0.01000214
17.178 , -0.02000046
17.18 , -0.02000046
17.183 , -0.03000069
17.185 , -0.05000114
17.187 , -0.04000092
17.189 , -0.06000137
17.191 , -0.05000114
17.193 , -0.0700016
17.195 , -0.0700016
17.197 , -0.0700016
17.199 , -0.08000183
17.202 , -0.08000183
17.204 , -0.1000004
17.206 , -0.08000183
17.208 , -0.09000206
17.21 , -0.0700016
17.212 , -0.08000183
17.214 , -0.09000206
17.216 , -0.1100006
17.218 , -0.1100006
17.22 , -0.1200008
17.223 , -0.1400013
17.225 , -0.1500015
17.227 , -0.1500015
17.229 , -0.1600018
17.231 , -0.1500015
17.233 , -0.170002
17.235 , -0.1600018
17.237 , -0.170002
17.239 , -0.1800003
17.241 , -0.1800003
17.244 , -0.1900005
17.246 , -0.1800003
17.248 , -0.1900005
17.25 , -0.170002
17.252 , -0.1900005
17.254 , -0.1900005
17.256 , -0.210001
17.258 , -0.210001
17.26 , -0.210001
17.27 , -0.2400017
17.272 , -0.2500019
17.274 , -0.2400017
17.276 , -0.2600021
17.278 , -0.2600021
17.281 , -0.2600021
17.283 , -0.2800007
17.285 , -0.2800007
17.287 , -0.2700005
17.289 , -0.2600021
17.291 , -0.2700005
17.293 , -0.2800007
17.295 , -0.3000011
17.298 , -0.3100014
17.3 , -0.3000011
17.302 , -0.3200016
17.304 , -0.3300018
17.306 , -0.3300018
17.308 , -0.3400021
17.31 , -0.3400021
17.312 , -0.3500004
17.314 , -0.3400021
17.316 , -0.3500004
17.318 , -0.3500004
17.32 , -0.3600006
17.323 , -0.3700008
17.325 , -0.3600006
17.327 , -0.3500004
17.329 , -0.3500004
17.331 , -0.3600006
17.333 , -0.3500004
17.335 , -0.3800011
17.337 , -0.3900013
17.339 , -0.3800011
17.341 , -0.4100018
17.344 , -0.4100018
17.346 , -0.4100018
17.348 , -0.4100018
17.35 , -0.4100018
17.352 , -0.420002
17.354 , -0.4100018
17.356 , -0.4400005
17.358 , -0.4100018
17.361 , -0.4400005
17.363 , -0.420002
17.365 , -0.4300003
17.367 , -0.4100018
17.369 , -0.4100018
17.371 , -0.420002
17.373 , -0.420002
17.375 , -0.4400005
17.377 , -0.4400005
17.379 , -0.460001
17.382 , -0.4700012
17.384 , -0.460001
17.386 , -0.4700012
17.388 , -0.4700012
17.39 , -0.4700012
17.392 , -0.4700012
17.394 , -0.4700012
17.396 , -0.4900017
17.398 , -0.4800014
17.401 , -0.5000019
17.403 , -0.4800014
17.405 , -0.4900017
17.407 , -0.460001
17.409 , -0.4800014
17.411 , -0.4700012
17.413 , -0.5000019
17.415 , -0.4900017
17.417 , -0.4800014
17.42 , -0.5100021
17.422 , -0.5100021
17.424 , -0.5100021
17.426 , -0.5300007
17.428 , -0.5100021
17.43 , -0.5400009
17.432 , -0.5000019
17.434 , -0.5200005
17.436 , -0.5100021
17.438 , -0.5200005
17.44 , -0.5400009
17.443 , -0.5200005
17.445 , -0.5200005
17.447 , -0.5000019
17.449 , -0.5200005
17.451 , -0.5200005
17.453 , -0.5400009
17.455 , -0.5400009
17.457 , -0.5400009
17.459 , -0.5600014
17.461 , -0.5600014
17.464 , -0.5600014
17.466 , -0.5600014
17.468 , -0.5600014
17.47 , -0.5700016
17.472 , -0.5600014
17.474 , -0.5800018
17.476 , -0.5700016
17.478 , -0.5900021
17.48 , -0.5700016
17.483 , -0.5800018
17.485 , -0.5600014
17.487 , -0.5600014
17.489 , -0.5700016
17.491 , -0.5800018
17.493 , -0.5900021
17.495 , -0.5800018
17.497 , -0.5900021
17.5 , -0.6000004
17.502 , -0.6000004
17.504 , -0.6200008
17.506 , -0.6000004
17.508 , -0.6100006
17.51 , -0.6000004
17.512 , -0.6100006
17.514 , -0.6100006
17.516 , -0.6100006
17.518 , -0.6300011
17.521 , -0.6200008
17.523 , -0.6200008
17.525 , -0.6000004
17.527 , -0.6000004
17.529 , -0.6200008
17.531 , -0.6300011
17.533 , -0.6300011
17.535 , -0.6300011
17.537 , -0.6500015
17.539 , -0.6500015
17.541 , -0.6500015
17.544 , -0.6600018
17.546 , -0.6500015
17.548 , -0.6600018
17.55 , -0.6500015
17.552 , -0.6500015
17.554 , -0.6500015
17.556 , -0.6600018
17.558 , -0.670002
17.561 , -0.6500015
17.563 , -0.6500015
17.565 , -0.6400013
17.567 , -0.6500015
17.569 , -0.6600018
17.571 , -0.6600018
17.573 , -0.670002
17.575 , -0.670002
17.578 , -0.6800003
17.58 , -0.6800003
17.582 , -0.6900005
17.584 , -0.6900005
17.586 , -0.6900005
17.588 , -0.6900005
17.59 , -0.6900005
17.592 , -0.710001
17.594 , -0.6900005
17.597 , -0.7000008
17.599 , -0.6900005
17.601 , -0.6900005
17.603 , -0.6800003
17.605 , -0.6800003
17.607 , -0.6900005
17.609 , -0.6900005
17.611 , -0.7000008
17.613 , -0.7000008
17.616 , -0.710001
17.618 , -0.7200012
17.62 , -0.710001
17.622 , -0.7300014
17.624 , -0.710001
17.626 , -0.7300014
17.628 , -0.710001
17.63 , -0.7200012
17.64 , -0.710001
17.642 , -0.710001
17.644 , -0.7000008
17.646 , -0.7200012
17.649 , -0.710001
17.651 , -0.7200012
17.653 , -0.7200012
17.655 , -0.7300014
17.657 , -0.7400017
17.659 , -0.7300014
17.661 , -0.7500019
17.663 , -0.7300014
17.665 , -0.7500019
17.667 , -0.7300014
17.67 , -0.7400017
17.672 , -0.7400017
17.674 , -0.7500019
17.676 , -0.7600021
17.678 , -0.7400017
17.68 , -0.7400017
17.682 , -0.7300014
17.685 , -0.7300014
17.687 , -0.7300014
17.689 , -0.7400017
17.691 , -0.7500019
17.693 , -0.7500019
17.695 , -0.7600021
17.697 , -0.7700005
17.699 , -0.7700005
17.701 , -0.7700005
17.704 , -0.7600021
17.706 , -0.7700005
17.708 , -0.7600021
17.71 , -0.7700005
17.712 , -0.7600021
17.714 , -0.7700005
17.716 , -0.7700005
17.718 , -0.7700005
17.72 , -0.7600021
17.723 , -0.7500019
17.725 , -0.7600021
17.727 , -0.7600021
17.729 , -0.7700005
17.731 , -0.7700005
17.733 , -0.7700005
17.735 , -0.8000011
17.737 , -0.7900009
17.739 , -0.8000011
17.742 , -0.7900009
17.744 , -0.7900009
17.746 , -0.7800007
17.748 , -0.7800007
17.75 , -0.7700005
17.752 , -0.7800007
17.754 , -0.7900009
17.756 , -0.7900009
17.758 , -0.7800007
17.761 , -0.7700005
17.763 , -0.7600021
17.765 , -0.7700005
17.767 , -0.7800007
17.769 , -0.7900009
17.771 , -0.7800007
17.773 , -0.8000011
17.776 , -0.8000011
17.778 , -0.7900009
17.78 , -0.8000011
17.782 , -0.7900009
17.784 , -0.8000011
17.786 , -0.7900009
17.788 , -0.8000011
17.79 , -0.7900009
17.792 , -0.8000011
17.795 , -0.8000011
17.797 , -0.7900009
17.799 , -0.7800007
17.801 , -0.7700005
17.803 , -0.7800007
17.805 , -0.7800007
17.807 , -0.7900009
17.81 , -0.7800007
17.812 , -0.8000011
17.814 , -0.8100014
17.816 , -0.8000011
17.818 , -0.8100014
17.82 , -0.8000011
17.822 , -0.8000011
17.824 , -0.8000011
17.826 , -0.8000011
17.828 , -0.8000011
17.831 , -0.8000011
17.833 , -0.8000011
17.835 , -0.8100014
17.837 , -0.7900009
17.839 , -0.7800007
17.841 , -0.7800007
17.843 , -0.7900009
17.845 , -0.8000011
17.848 , -0.7900009
17.85 , -0.8000011
17.852 , -0.8200016
17.854 , -0.8100014
17.856 , -0.8300018
17.858 , -0.8600006
17.86 , -0.8400021
17.862 , -0.8100014
17.864 , -0.7600021
17.866 , -0.7300014
17.869 , -0.6900005
17.871 , -0.670002
17.873 , -0.6800003
17.875 , -0.6800003
17.877 , -0.710001
17.879 , -0.7200012
17.882 , -0.7300014
17.884 , -0.7400017
17.886 , -0.7300014
17.888 , -0.710001
17.89 , -0.710001
17.892 , -0.7000008
17.894 , -0.6800003
17.896 , -0.6800003
17.898 , -0.670002
17.901 , -0.670002
17.903 , -0.670002
17.905 , -0.670002
17.907 , -0.670002
17.909 , -0.670002
17.911 , -0.6500015
17.913 , -0.6600018
17.915 , -0.6500015
17.918 , -0.6400013
17.92 , -0.6400013
17.922 , -0.6400013
17.924 , -0.6300011
17.926 , -0.6300011
17.928 , -0.6200008
17.93 , -0.6200008
17.932 , -0.6000004
17.934 , -0.6000004
17.937 , -0.6000004
17.939 , -0.6000004
17.941 , -0.6000004
17.943 , -0.5900021
17.945 , -0.5900021
17.947 , -0.5800018
17.949 , -0.5600014
17.951 , -0.5800018
17.953 , -0.5600014
17.956 , -0.5700016
17.958 , -0.5500011
17.96 , -0.5600014
17.962 , -0.5400009
17.964 , -0.5400009
17.966 , -0.5400009
17.968 , -0.5400009
17.97 , -0.5300007
17.973 , -0.5200005
17.975 , -0.5200005
17.977 , -0.5200005
17.979 , -0.4900017
17.981 , -0.460001
17.983 , -0.460001
17.985 , -0.4500008
17.987 , -0.4700012
17.989 , -0.4400005
17.992 , -0.3500004
17.994 , -0.210001
17.996 , -0.02000046
17.998 , 0.3399982
18.0 , 0.4899979
18.003 , 0.4899979
18.012 , 0.1099987
18.014 , 0.1699982
18.016 , 0.3399982
18.018 , 0.4599991
18.021 , 0.5699997
18.023 , 0.6699982
18.025 , 0.789999
18.027 , 0.9799995
18.029 , 1.099998
18.031 , 1.249998
18.033 , 1.32
18.036 , 1.409998
18.038 , 1.429998
18.04 , 1.439999
18.042 , 1.459999
18.044 , 1.48
18.046 , 1.529999
18.048 , 1.599998
18.05 , 1.689999
18.053 , 1.759998
18.055 , 1.839998
18.057 , 1.889999
18.059 , 1.929998
18.061 , 1.989998
18.063 , 2.029999
18.065 , 2.07
18.068 , 2.099998
18.07 , 2.129999
18.072 , 2.169998
18.074 , 2.199999
18.076 , 2.249998
18.078 , 2.309999
18.08 , 2.359999
18.082 , 2.409998
18.084 , 2.449999
18.087 , 2.499998
18.089 , 2.539999
18.091 , 2.589998
18.093 , 2.629999
18.095 , 2.679998
18.097 , 2.719999
18.099 , 2.759998
18.101 , 2.809999
18.103 , 2.839998
18.106 , 2.869999
18.108 , 2.919998
18.11 , 2.949999
18.112 , 2.98
18.114 , 3.019999
18.116 , 3.059999
18.118 , 3.039999
18.12 , 2.73
18.123 , 2.299999
18.125 , 1.869999
18.127 , 1.699999
18.129 , 1.609999
18.131 , 1.669998
18.133 , 1.869999
18.135 , 2.119999
18.137 , 2.32
18.14 , 2.459999
18.142 , 2.499998
18.144 , 2.459999
18.146 , 2.379999
18.148 , 2.249998
18.15 , 2.169998
18.152 , 2.109999
18.154 , 2.089998
18.156 , 2.099998
18.159 , 2.139999
18.161 , 2.169998
18.163 , 2.189999
18.165 , 2.199999
18.167 , 2.199999
18.169 , 2.179998
18.171 , 2.159998
18.173 , 2.139999
18.175 , 2.119999
18.178 , 2.119999
18.18 , 2.119999
18.182 , 2.129999
18.184 , 2.129999
18.186 , 2.129999
18.188 , 2.129999
18.19 , 2.119999
18.192 , 2.109999
18.195 , 2.099998
18.197 , 2.079998
18.199 , 2.079998
18.201 , 2.079998
18.203 , 2.07
18.205 , 2.07
18.207 , 2.07
18.209 , 2.059999
18.212 , 2.059999
18.214 , 2.049999
18.216 , 2.049999
18.218 , 2.049999
18.22 , 2.029999
18.222 , 2.029999
18.224 , 2.019999
18.226 , 2.019999
18.229 , 1.98
18.231 , 1.879999
18.233 , 1.839998
18.235 , 1.869999
18.237 , 1.909998
18.239 , 2.029999
18.241 , 2.07
18.243 , 2.019999
18.245 , 1.989998
18.247 , 1.929998
18.25 , 1.849998
18.252 , 1.789999
18.254 , 1.749998
18.256 , 1.73
18.258 , 1.73
18.26 , 1.749998
18.262 , 1.759998
18.265 , 1.749998
18.267 , 1.749998
18.269 , 1.749998
18.271 , 1.719999
18.273 , 1.709999
18.275 , 1.709999
18.277 , 1.709999
18.279 , 1.679998
18.282 , 1.669998
18.284 , 1.659998
18.286 , 1.629999
18.288 , 1.619999
18.29 , 1.599998
18.292 , 1.579998
18.294 , 1.579998
18.296 , 1.57
18.299 , 1.559999
18.301 , 1.57
18.303 , 1.589998
18.305 , 1.559999
18.307 , 1.529999
18.309 , 1.509998
18.311 , 1.48
18.313 , 1.429998
18.315 , 1.429998
18.318 , 1.409998
18.32 , 1.389999
18.322 , 1.389999
18.324 , 1.4
18.326 , 1.419998
18.328 , 1.419998
18.33 , 1.4
18.333 , 1.369999
18.335 , 1.349998
18.337 , 1.309999
18.339 , 1.289999
18.341 , 1.269999
18.343 , 1.269999
18.345 , 1.269999
18.347 , 1.249998
18.349 , 1.269999
18.352 , 1.289999
18.354 , 1.269999
18.356 , 1.249998
18.358 , 1.23
18.36 , 1.189999
18.362 , 1.159998
18.364 , 1.15
18.366 , 1.129999
18.368 , 1.119999
18.371 , 1.129999
18.373 , 1.129999
18.375 , 1.139999
18.384 , 1.049999
18.387 , 1.029999
18.389 , 1.009998
18.391 , 0.9899979
18.393 , 0.9799995
18.395 , 0.9899979
18.397 , 0.9799995
18.4 , 1.009998
18.402 , 1.009998
18.404 , 0.9899979
18.406 , 0.9499989
18.408 , 0.9299984
18.41 , 0.9099979
18.412 , 0.8699989
18.414 , 0.8599987
18.417 , 0.8599987
18.419 , 0.8599987
18.421 , 0.8499985
18.423 , 0.8699989
18.425 , 0.8799992
18.427 , 0.8599987
18.429 , 0.8499985
18.432 , 0.829998
18.434 , 0.789999
18.436 , 0.7599983
18.438 , 0.7499981
18.44 , 0.7399979
18.442 , 0.7299995
18.445 , 0.7399979
18.447 , 0.7499981
18.449 , 0.7599983
18.451 , 0.7599983
18.453 , 0.7499981
18.455 , 0.7099991
18.458 , 0.6799984
18.46 , 0.6599979
18.462 , 0.6399994
18.464 , 0.6199989
18.466 , 0.6199989
18.468 , 0.6199989
18.471 , 0.6199989
18.473 , 0.6399994
18.475 , 0.6499996
18.477 , 0.6399994
18.479 , 0.5999985
18.481 , 0.5899982
18.483 , 0.5699997
18.486 , 0.539999
18.488 , 0.5099983
18.49 , 0.5099983
18.492 , 0.4999981
18.494 , 0.5099983
18.496 , 0.5099983
18.498 , 0.539999
18.501 , 0.5599995
18.503 , 0.5499992
18.505 , 0.539999
18.507 , 0.5199986
18.509 , 0.4999981
18.512 , 0.4699993
18.514 , 0.4599991
18.516 , 0.4299984
18.518 , 0.4399986
18.52 , 0.4199982
18.522 , 0.4399986
18.524 , 0.4199982
18.527 , 0.4299984
18.529 , 0.4099979
18.531 , 0.4199982
18.533 , 0.4099979
18.535 , 0.4199982
18.537 , 0.3999996
18.539 , 0.3899994
18.542 , 0.3699989
18.544 , 0.3799992
18.546 , 0.3499985
18.548 , 0.3599987
18.55 , 0.329998
18.552 , 0.3499985
18.554 , 0.3199997
18.557 , 0.3399982
18.559 , 0.2999992
18.561 , 0.3099995
18.563 , 0.289999
18.565 , 0.2999992
18.567 , 0.289999
18.569 , 0.3099995
18.572 , 0.289999
18.574 , 0.2799988
18.576 , 0.2499981
18.578 , 0.2599983
18.58 , 0.2299995
18.582 , 0.2299995
18.585 , 0.2099991
18.587 , 0.2099991
18.589 , 0.1999989
18.591 , 0.2099991
18.593 , 0.1999989
18.595 , 0.1899986
18.598 , 0.1799984
18.6 , 0.1799984
18.602 , 0.1699982
18.604 , 0.1799984
18.606 , 0.1799984
18.608 , 0.1599979
18.61 , 0.1399994
18.613 , 0.1399994
18.615 , 0.1299992
18.617 , 0.1099987
18.619 , 0.1099987
18.621 , 0.09999847
18.623 , 0.1099987
18.625 , 0.06999969
18.627 , 0.08999825
18.63 , 0.05999947
18.632 , 0.07999802
18.634 , 0.03999901
18.636 , 0.05999947
18.638 , 0.04999924
18.641 , 0.07999802
18.643 , 0.04999924
18.645 , 0.03999901
18.647 , 0.01999855
18.649 , 0.01999855
18.651 , -0.01000214
18.653 , -1.907348e-06
18.656 , -0.03000069
18.658 , -0.01000214
18.66 , -0.04000092
18.662 , -0.02000046
18.664 , -0.04000092
18.666 , -0.04000092
18.668 , -0.06000137
18.67 , -0.06000137
18.673 , -0.06000137
18.675 , -0.04000092
18.677 , -0.05000114
18.679 , -0.06000137
18.681 , -0.08000183
18.683 , -0.08000183
18.685 , -0.09000206
18.687 , -0.1000004
18.689 , -0.1100006
18.691 , -0.1200008
18.694 , -0.1100006
18.696 , -0.1400013
18.698 , -0.1200008
18.7 , -0.1500015
18.702 , -0.1200008
18.704 , -0.1600018
18.706 , -0.1300011
18.709 , -0.1500015
18.711 , -0.1200008
18.713 , -0.1500015
18.715 , -0.1500015
18.717 , -0.170002
18.719 , -0.170002
18.721 , -0.2000008
18.723 , -0.2000008
18.725 , -0.210001
18.727 , -0.2000008
18.729 , -0.210001
18.732 , -0.210001
18.734 , -0.2200012
18.736 , -0.2200012
18.738 , -0.2200012
18.74 , -0.2400017
18.742 , -0.2300014
18.744 , -0.2200012
18.746 , -0.2200012
18.748 , -0.2300014
18.751 , -0.2500019
18.76 , -0.2900009
18.762 , -0.2800007
18.765 , -0.3000011
18.767 , -0.2800007
18.769 , -0.3000011
18.771 , -0.3000011
18.773 , -0.3000011
18.775 , -0.3200016
18.777 , -0.3200016
18.779 , -0.3100014
18.781 , -0.3000011
18.784 , -0.3200016
18.786 , -0.3300018
18.788 , -0.3500004
18.79 , -0.3300018
18.792 , -0.3700008
18.794 , -0.3500004
18.796 , -0.3800011
18.798 , -0.3500004
18.8 , -0.3900013
18.803 , -0.3500004
18.805 , -0.3900013
18.807 , -0.3800011
18.809 , -0.3900013
18.811 , -0.3900013
18.813 , -0.3900013
18.815 , -0.3800011
18.817 , -0.3900013
18.819 , -0.3900013
18.821 , -0.4100018
18.824 , -0.4000015
18.826 , -0.4300003
18.828 , -0.4100018
18.83 , -0.4500008
18.832 , -0.420002
18.834 , -0.4500008
18.836 , -0.4400005
18.839 , -0.4500008
18.841 , -0.4500008
18.843 , -0.460001
18.845 , -0.4700012
18.847 , -0.4500008
18.849 , -0.4500008
18.851 , -0.4300003
18.853 , -0.4500008
18.855 , -0.460001
18.857 , -0.4800014
18.86 , -0.4700012
18.862 , -0.5000019
18.864 , -0.4900017
18.866 , -0.5100021
18.868 , -0.5000019
18.87 , -0.5100021
18.872 , -0.5100021
18.874 , -0.5100021
18.876 , -0.5100021
18.878 , -0.5200005
18.881 , -0.5200005
18.883 , -0.5200005
18.885 , -0.5100021
18.887 , -0.5000019
18.889 , -0.5200005
18.891 , -0.5300007
18.893 , -0.5400009
18.895 , -0.5400009
18.898 , -0.5600014
18.9 , -0.5600014
18.902 , -0.5600014
18.904 , -0.5500011
18.906 , -0.5700016
18.908 , -0.5600014
18.91 , -0.5800018
18.912 , -0.5600014
18.914 , -0.5800018
18.916 , -0.5700016
18.919 , -0.5700016
18.921 , -0.5700016
18.923 , -0.5700016
18.925 , -0.5800018
18.927 , -0.6000004
18.929 , -0.6000004
18.931 , -0.6200008
18.933 , -0.6200008
18.935 , -0.6300011
18.938 , -0.6300011
18.94 , -0.6300011
18.942 , -0.6400013
18.944 , -0.6300011
18.946 , -0.6500015
18.948 , -0.6400013
18.95 , -0.670002
18.952 , -0.6300011
18.954 , -0.6500015
18.957 , -0.6200008
18.959 , -0.6500015
18.961 , -0.6500015
18.963 , -0.6600018
18.965 , -0.6500015
18.967 , -0.6900005
18.969 , -0.670002
18.972 , -0.7000008
18.974 , -0.6800003
18.976 , -0.7000008
18.978 , -0.6800003
18.98 , -0.7000008
18.982 , -0.6900005
18.984 , -0.710001
18.986 , -0.7000008
18.988 , -0.7000008
18.99 , -0.6800003
18.993 , -0.6900005
18.995 , -0.7000008
18.997 , -0.710001
18.999 , -0.7000008
19.001 , -0.7200012
19.003 , -0.7300014
19.005 , -0.7400017
19.007 , -0.7400017
19.009 , -0.7400017
19.012 , -0.7600021
19.014 , -0.7300014
19.016 , -0.7600021
19.018 , -0.7300014
19.02 , -0.7700005
19.022 , -0.7400017
19.024 , -0.7500019
19.026 , -0.7200012
19.029 , -0.7400017
19.031 , -0.7400017
19.033 , -0.7600021
19.035 , -0.7600021
19.037 , -0.7800007
19.039 , -0.7700005
19.041 , -0.7800007
19.043 , -0.7600021
19.045 , -0.7800007
19.047 , -0.7800007
19.049 , -0.7800007
19.052 , -0.7800007
19.054 , -0.7900009
19.056 , -0.7900009
19.058 , -0.7800007
19.06 , -0.7700005
19.062 , -0.7600021
19.064 , -0.7800007
19.066 , -0.7800007
19.069 , -0.7900009
19.071 , -0.7900009
19.073 , -0.8200016
19.075 , -0.8100014
19.077 , -0.8200016
19.079 , -0.8000011
19.081 , -0.8300018
19.083 , -0.8000011
19.085 , -0.8300018
19.088 , -0.8100014
19.09 , -0.8200016
19.092 , -0.8000011
19.094 , -0.8200016
19.096 , -0.8000011
19.098 , -0.8100014
19.1 , -0.8100014
19.102 , -0.8300018
19.105 , -0.8200016
19.107 , -0.8400021
19.109 , -0.8400021
19.111 , -0.8500004
19.113 , -0.8400021
19.115 , -0.8500004
19.117 , -0.8400021
19.119 , -0.8400021
19.121 , -0.8500004
19.131 , -0.8200016
19.133 , -0.8400021
19.135 , -0.8300018
19.137 , -0.8500004
19.139 , -0.8400021
19.142 , -0.8600006
19.144 , -0.8500004
19.146 , -0.8800011
19.148 , -0.8600006
19.15 , -0.8700008
19.152 , -0.8600006
19.154 , -0.8600006
19.156 , -0.8600006
19.159 , -0.8700008
19.161 , -0.8700008
19.163 , -0.8600006
19.165 , -0.8600006
19.167 , -0.8400021
19.169 , -0.8700008
19.171 , -0.8600006
19.173 , -0.8700008
19.175 , -0.8600006
19.178 , -0.8900013
19.18 , -0.8700008
19.182 , -0.8900013
19.184 , -0.8800011
19.186 , -0.9000015
19.188 , -0.8700008
19.19 , -0.8900013
19.192 , -0.8700008
19.194 , -0.8900013
19.197 , -0.8800011
19.199 , -0.8700008
19.201 , -0.8600006
19.203 , -0.8500004
19.205 , -0.8700008
19.207 , -0.8700008
19.209 , -0.8800011
19.211 , -0.8700008
19.213 , -0.9000015
19.216 , -0.8900013
19.218 , -0.9000015
19.22 , -0.9000015
19.222 , -0.8900013
19.224 , -0.8800011
19.226 , -0.8900013
19.228 , -0.8800011
19.23 , -0.8900013
19.232 , -0.8800011
19.235 , -0.8800011
19.237 , -0.8500004
19.239 , -0.8800011
19.241 , -0.8800011
19.243 , -0.8800011
19.245 , -0.8800011
19.247 , -0.8900013
19.249 , -0.8900013
19.251 , -0.9000015
19.253 , -0.8800011
19.256 , -0.9000015
19.258 , -0.8800011
19.26 , -0.8900013
19.262 , -0.8900013
19.264 , -0.9000015
19.266 , -0.8900013
19.268 , -0.8800011
19.27 , -0.8600006
19.272 , -0.8700008
19.275 , -0.8600006
19.277 , -0.8900013
19.279 , -0.8800011
19.281 , -0.8900013
19.283 , -0.9000015
19.285 , -0.9000015
19.287 , -0.9000015
19.29 , -0.9000015
19.292 , -0.9000015
19.294 , -0.8900013
19.296 , -0.9000015
19.298 , -0.9000015
19.3 , -0.9000015
19.302 , -0.8900013
19.304 , -0.8800011
19.306 , -0.8700008
19.308 , -0.8800011
19.311 , -0.8800011
19.313 , -0.8900013
19.315 , -0.8800011
19.317 , -0.9000015
19.319 , -0.9000015
19.321 , -0.9000015
19.323 , -0.9100018
19.325 , -0.9000015
19.327 , -0.9100018
19.329 , -0.9000015
19.332 , -0.9000015
19.334 , -0.9000015
19.336 , -0.9100018
19.338 , -0.9000015
19.34 , -0.9000015
19.342 , -0.8800011
19.344 , -0.8800011
19.346 , -0.8900013
19.348 , -0.9000015
19.351 , -0.8900013
19.353 , -0.920002
19.355 , -0.9000015
19.357 , -0.9500008
19.359 , -0.9700012
19.361 , -0.9500008
19.363 , -0.9000015
19.365 , -0.8600006
19.367 , -0.8200016
19.37 , -0.7800007
19.372 , -0.7600021
19.374 , -0.7600021
19.376 , -0.7800007
19.378 , -0.8100014
19.38 , -0.8200016
19.382 , -0.8400021
19.384 , -0.8400021
19.386 , -0.8300018
19.388 , -0.8200016
19.391 , -0.7900009
19.393 , -0.7900009
19.395 , -0.7700005
19.397 , -0.7700005
19.399 , -0.7700005
19.401 , -0.7700005
19.403 , -0.7600021
19.405 , -0.7700005
19.407 , -0.7600021
19.41 , -0.7600021
19.412 , -0.7600021
19.414 , -0.7300014
19.416 , -0.7400017
19.418 , -0.7300014
19.42 , -0.7300014
19.422 , -0.710001
19.424 , -0.7300014
19.426 , -0.710001
19.428 , -0.710001
19.431 , -0.710001
19.433 , -0.7000008
19.435 , -0.7000008
19.437 , -0.6900005
19.439 , -0.6900005
19.441 , -0.6800003
19.443 , -0.6800003
19.445 , -0.6800003
19.447 , -0.670002
19.45 , -0.6600018
19.452 , -0.6600018
19.454 , -0.6500015
19.456 , -0.6600018
19.458 , -0.6400013
19.46 , -0.6500015
19.462 , -0.6400013
19.464 , -0.6400013
19.466 , -0.6300011
19.469 , -0.6200008
19.471 , -0.6100006
19.473 , -0.6000004
19.475 , -0.6000004
19.477 , -0.6000004
19.479 , -0.5700016
19.482 , -0.5400009
19.484 , -0.5200005
19.486 , -0.5400009
19.488 , -0.5400009
19.49 , -0.5400009
19.492 , -0.4100018
19.502 , 0.4099979
19.504 , 0.4199982
19.506 , 0.3499985
19.508 , 0.2399979
19.51 , 0.1199989
19.512 , 0.1099987
19.515 , 0.1999989
19.517 , 0.3399982
19.519 , 0.4499989
19.521 , 0.579998
19.523 , 0.6899986
19.525 , 0.8799992
19.527 , 1.029999
19.53 , 1.159998
19.532 , 1.249998
19.534 , 1.329998
19.536 , 1.359999
19.538 , 1.379999
19.54 , 1.379999
19.542 , 1.419998
19.545 , 1.449999
19.547 , 1.529999
19.549 , 1.599998
19.551 , 1.679998
19.553 , 1.759998
19.555 , 1.789999
19.557 , 1.859999
19.559 , 1.869999
19.561 , 1.929998
19.564 , 1.949999
19.566 , 1.999998
19.568 , 2.029999
19.57 , 2.079998
19.572 , 2.129999
19.574 , 2.169998
19.576 , 2.239998
19.578 , 2.289999
19.581 , 2.339998
19.583 , 2.379999
19.585 , 2.419998
19.587 , 2.459999
19.589 , 2.519999
19.591 , 2.559999
19.593 , 2.619999
19.596 , 2.65
19.598 , 2.699999
19.6 , 2.73
19.602 , 2.779999
19.604 , 2.809999
19.606 , 2.839998
19.608 , 2.769999
19.611 , 2.379999
19.613 , 1.949999
19.615 , 1.589998
19.617 , 1.449999
19.619 , 1.4
19.621 , 1.489998
19.623 , 1.679998
19.625 , 1.969999
19.627 , 2.139999
19.63 , 2.259998
19.632 , 2.279999
19.634 , 2.23
19.636 , 2.139999
19.638 , 2.019999
19.64 , 1.939999
19.642 , 1.9
19.645 , 1.879999
19.647 , 1.909998
19.649 , 1.939999
19.651 , 1.989998
19.653 , 1.999998
19.655 , 2.009998
19.657 , 1.989998
19.66 , 1.98
19.662 , 1.949999
19.664 , 1.939999
19.666 , 1.929998
19.668 , 1.929998
19.67 , 1.939999
19.672 , 1.939999
19.675 , 1.949999
19.677 , 1.949999
19.679 , 1.939999
19.681 , 1.929998
19.683 , 1.929998
19.685 , 1.919998
19.687 , 1.909998
19.689 , 1.9
19.692 , 1.9
19.694 , 1.9
19.696 , 1.9
19.698 , 1.9
19.7 , 1.9
19.702 , 1.9
19.704 , 1.889999
19.707 , 1.879999
19.709 , 1.879999
19.711 , 1.869999
19.713 , 1.869999
19.715 , 1.869999
19.717 , 1.859999
19.719 , 1.859999
19.722 , 1.859999
19.724 , 1.859999
19.726 , 1.849998
19.728 , 1.829998
19.73 , 1.769999
19.732 , 1.679998
19.734 , 1.679998
19.737 , 1.749998
19.739 , 1.809999
19.741 , 1.889999
19.743 , 1.869999
19.745 , 1.849998
19.747 , 1.789999
19.749 , 1.719999
19.751 , 1.659998
19.754 , 1.629999
19.756 , 1.619999
19.758 , 1.619999
19.76 , 1.619999
19.762 , 1.65
19.764 , 1.639999
19.767 , 1.629999
19.769 , 1.629999
19.771 , 1.619999
19.773 , 1.599998
19.775 , 1.579998
19.777 , 1.559999
19.779 , 1.57
19.781 , 1.599998
19.784 , 1.57
19.786 , 1.559999
19.788 , 1.539999
19.79 , 1.529999
19.792 , 1.509998
19.794 , 1.489998
19.796 , 1.48
19.799 , 1.48
19.801 , 1.459999
19.803 , 1.459999
19.805 , 1.449999
19.807 , 1.459999
19.809 , 1.469999
19.811 , 1.439999
19.813 , 1.419998
19.816 , 1.4
19.818 , 1.369999
19.82 , 1.349998
19.822 , 1.329998
19.824 , 1.32
19.826 , 1.32
19.828 , 1.32
19.83 , 1.309999
19.833 , 1.309999
19.835 , 1.339998
19.837 , 1.339998
19.839 , 1.309999
19.841 , 1.279999
19.843 , 1.269999
19.845 , 1.23
19.847 , 1.199999
19.85 , 1.199999
19.852 , 1.189999
19.854 , 1.189999
19.856 , 1.199999
19.858 , 1.179998
19.86 , 1.199999
19.863 , 1.209999
19.865 , 1.179998
19.867 , 1.159998
19.876 , 1.089998
19.879 , 1.079998
19.881 , 1.07
19.883 , 1.07
19.885 , 1.059999
19.887 , 1.079998
19.889 , 1.089998
19.891 , 1.07
19.893 , 1.059999
19.896 , 1.029999
19.898 , 0.9899979
19.9 , 0.9699993
19.902 , 0.9499989
19.904 , 0.9399986
19.906 , 0.9399986
19.908 , 0.9399986
19.911 , 0.9399986
19.913 , 0.9499989
19.915 , 0.9499989
19.917 , 0.9499989
19.919 , 0.9399986
19.922 , 0.9099979
19.924 , 0.8899994
19.926 , 0.8599987
19.928 , 0.8399982
19.93 , 0.8399982
19.932 , 0.829998
19.934 , 0.829998
19.937 , 0.829998
19.939 , 0.8199997
19.941 , 0.829998
19.943 , 0.8399982
19.945 , 0.8199997
19.947 , 0.8099995
19.949 , 0.789999
19.952 , 0.7499981
19.954 , 0.7499981
19.956 , 0.7199993
19.958 , 0.7099991
19.96 , 0.7199993
19.962 , 0.7099991
19.965 , 0.6999989
19.967 , 0.7099991
19.969 , 0.7299995
19.971 , 0.7299995
19.973 , 0.7099991
19.975 , 0.6899986
19.978 , 0.6699982
19.98 , 0.6599979
19.982 , 0.6199989
19.984 , 0.6199989
19.986 , 0.6199989
19.989 , 0.6199989
19.991 , 0.6199989
19.993 , 0.6099987
19.995 , 0.6299992
19.997 , 0.6599979
19.999 , 0.6599979
20.002 , 0.6399994
20.004 , 0.6299992
20.006 , 0.6199989
20.008 , 0.6099987
20.01 , 0.5699997
20.012 , 0.579998
20.014 , 0.5599995
20.016 , 0.579998
20.018 , 0.5599995
20.021 , 0.5599995
20.023 , 0.5599995
20.025 , 0.539999
20.027 , 0.5499992
20.029 , 0.5299988
20.031 , 0.539999
20.033 , 0.539999
20.035 , 0.5499992
20.038 , 0.539999
20.04 , 0.5099983
20.042 , 0.5099983
20.044 , 0.4999981
20.046 , 0.5099983
20.048 , 0.4699993
20.051 , 0.4899979
20.053 , 0.4699993
20.055 , 0.4599991
20.057 , 0.4599991
20.059 , 0.4499989
20.061 , 0.4499989
20.063 , 0.4199982
20.065 , 0.4399986
20.068 , 0.4099979
20.07 , 0.4199982
20.072 , 0.4099979
20.074 , 0.4499989
20.076 , 0.4199982
20.078 , 0.4099979
20.08 , 0.3899994
20.083 , 0.3799992
20.085 , 0.3799992
20.087 , 0.3599987
20.089 , 0.3599987
20.091 , 0.3499985
20.093 , 0.3499985
20.095 , 0.3399982
20.097 , 0.329998
20.1 , 0.329998
20.102 , 0.3099995
20.104 , 0.3199997
20.106 , 0.2999992
20.108 , 0.3099995
20.11 , 0.3099995
20.112 , 0.3399982
20.115 , 0.3099995
20.117 , 0.2999992
20.119 , 0.2699986
20.121 , 0.2699986
20.123 , 0.2699986
20.125 , 0.2399979
20.127 , 0.2399979
20.129 , 0.2399979
20.132 , 0.2299995
20.134 , 0.2199993
20.136 , 0.2099991
20.138 , 0.2199993
20.14 , 0.1899986
20.142 , 0.2099991
20.144 , 0.1899986
20.146 , 0.1999989
20.149 , 0.1899986
20.151 , 0.2099991
20.153 , 0.1999989
20.155 , 0.1799984
20.157 , 0.1699982
20.159 , 0.1599979
20.161 , 0.1699982
20.163 , 0.1399994
20.166 , 0.1399994
20.168 , 0.1399994
20.17 , 0.1499996
20.172 , 0.1299992
20.174 , 0.1299992
20.176 , 0.1299992
20.179 , 0.1099987
20.181 , 0.1199989
20.183 , 0.08999825
20.185 , 0.1099987
20.187 , 0.1099987
20.189 , 0.1199989
20.191 , 0.1099987
20.193 , 0.09999847
20.196 , 0.07999802
20.198 , 0.07999802
20.2 , 0.07999802
20.202 , 0.05999947
20.204 , 0.05999947
20.206 , 0.04999924
20.208 , 0.04999924
20.21 , 0.03999901
20.213 , 0.02999878
20.215 , 0.02999878
20.217 , 0.01999855
20.219 , 0.01999855
20.221 , -1.907348e-06
20.223 , 0.01999855
20.225 , 0.01999855
20.228 , 0.03999901
20.23 , 0.01999855
20.232 , 0.009998322
20.234 , -1.907348e-06
20.236 , -0.01000214
20.238 , -0.01000214
20.241 , -0.03000069
20.243 , -0.04000092
20.252 , -0.05000114
20.254 , -0.0700016
20.256 , -0.06000137
20.258 , -0.08000183
20.261 , -0.08000183
20.263 , -0.08000183
20.265 , -0.0700016
20.267 , -0.06000137
20.269 , -0.08000183
20.271 , -0.09000206
20.273 , -0.1000004
20.275 , -0.09000206
20.277 , -0.1100006
20.279 , -0.1200008
20.282 , -0.1100006
20.284 , -0.1300011
20.286 , -0.1200008
20.288 , -0.1400013
20.29 , -0.1300011
20.292 , -0.1500015
20.294 , -0.1500015
20.296 , -0.1500015
20.298 , -0.170002
20.3 , -0.1500015
20.303 , -0.1500015
20.305 , -0.1300011
20.307 , -0.1500015
20.309 , -0.1600018
20.311 , -0.170002
20.313 , -0.170002
20.315 , -0.170002
20.317 , -0.210001
20.319 , -0.2000008
20.321 , -0.210001
20.324 , -0.1900005
20.326 , -0.2000008
20.328 , -0.210001
20.33 , -0.2000008
20.332 , -0.2200012
20.334 , -0.210001
20.336 , -0.2400017
20.338 , -0.2200012
20.34 , -0.2200012
20.342 , -0.210001
20.344 , -0.2200012
20.347 , -0.2200012
20.349 , -0.2300014
20.351 , -0.2400017
20.353 , -0.2300014
20.355 , -0.2600021
20.357 , -0.2600021
20.359 , -0.2600021
20.361 , -0.2700005
20.363 , -0.2600021
20.365 , -0.2800007
20.368 , -0.2600021
20.37 , -0.2800007
20.372 , -0.2700005
20.374 , -0.2900009
20.376 , -0.2800007
20.378 , -0.2800007
20.38 , -0.2700005
20.382 , -0.2600021
20.384 , -0.2800007
20.386 , -0.2800007
20.389 , -0.3000011
20.391 , -0.3000011
20.393 , -0.3000011
20.395 , -0.3200016
20.397 , -0.3300018
20.399 , -0.3300018
20.401 , -0.3300018
20.403 , -0.3400021
20.405 , -0.3400021
20.407 , -0.3400021
20.409 , -0.3500004
20.411 , -0.3500004
20.414 , -0.3500004
20.416 , -0.3500004
20.418 , -0.3500004
20.42 , -0.3300018
20.422 , -0.3400021
20.424 , -0.3500004
20.426 , -0.3600006
20.428 , -0.3600006
20.43 , -0.3600006
20.432 , -0.3800011
20.434 , -0.3800011
20.437 , -0.3800011
20.439 , -0.3900013
20.441 , -0.3800011
20.443 , -0.3900013
20.445 , -0.3800011
20.447 , -0.4000015
20.449 , -0.3900013
20.451 , -0.4100018
20.453 , -0.4000015
20.455 , -0.4000015
20.457 , -0.3800011
20.459 , -0.3800011
20.462 , -0.3900013
20.464 , -0.3900013
20.466 , -0.4100018
20.468 , -0.4000015
20.47 , -0.420002
20.472 , -0.4300003
20.474 , -0.4300003
20.476 , -0.4300003
20.478 , -0.4300003
20.48 , -0.4400005
20.482 , -0.4300003
20.484 , -0.4400005
20.487 , -0.4400005
20.489 , -0.4400005
20.491 , -0.4500008
20.493 , -0.4400005
20.495 , -0.4300003
20.497 , -0.420002
20.499 , -0.4400005
20.501 , -0.4400005
20.504 , -0.4500008
20.506 , -0.4500008
20.508 , -0.460001
20.51 , -0.4700012
20.512 , -0.4700012
20.514 , -0.4700012
20.516 , -0.4700012
20.518 , -0.4700012
20.52 , -0.4700012
20.522 , -0.4700012
20.524 , -0.4800014
20.526 , -0.4700012
20.529 , -0.4900017
20.531 , -0.4800014
20.533 , -0.4800014
20.535 , -0.460001
20.537 , -0.4700012
20.539 , -0.4700012
20.541 , -0.4800014
20.543 , -0.4900017
20.545 , -0.4800014
20.547 , -0.5100021
20.549 , -0.5100021
20.552 , -0.5100021
20.554 , -0.5100021
20.556 , -0.5100021
20.558 , -0.5100021
20.56 , -0.5100021
20.562 , -0.5300007
20.564 , -0.5100021
20.566 , -0.5400009
20.568 , -0.5200005
20.571 , -0.5200005
20.573 , -0.5000019
20.575 , -0.5000019
20.577 , -0.5200005
20.579 , -0.5200005
20.581 , -0.5300007
20.583 , -0.5200005
20.585 , -0.5400009
20.587 , -0.5500011
20.589 , -0.5400009
20.591 , -0.5500011
20.594 , -0.5400009
20.596 , -0.5500011
20.598 , -0.5400009
20.6 , -0.5500011
20.602 , -0.5500011
20.604 , -0.5600014
20.606 , -0.5500011
20.608 , -0.5500011
20.61 , -0.5400009
20.62 , -0.5700016
20.622 , -0.5800018
20.624 , -0.5800018
20.626 , -0.5900021
20.629 , -0.6000004
20.631 , -0.5900021
20.633 , -0.5900021
20.635 , -0.5900021
20.637 , -0.5900021
20.639 , -0.6000004
20.641 , -0.5900021
20.643 , -0.6100006
20.645 , -0.6000004
20.647 , -0.6000004
20.65 , -0.5900021
20.652 , -0.5800018
20.654 , -0.5900021
20.656 , -0.6000004
20.658 , -0.6000004
20.66 , -0.6000004
20.662 , -0.6100006
20.664 , -0.6300011
20.666 , -0.6300011
20.668 , -0.6300011
20.67 , -0.6300011
20.673 , -0.6400013
20.675 , -0.6300011
20.677 , -0.6400013
20.679 , -0.6300011
20.681 , -0.6500015
20.683 , -0.6400013
20.685 , -0.6400013
20.687 , -0.6200008
20.689 , -0.6200008
20.692 , -0.6300011
20.694 , -0.6400013
20.696 , -0.6400013
20.698 , -0.6400013
20.7 , -0.6500015
20.702 , -0.6600018
20.704 , -0.6500015
20.706 , -0.670002
20.708 , -0.6600018
20.711 , -0.670002
20.713 , -0.6500015
20.715 , -0.6600018
20.717 , -0.6500015
20.719 , -0.6600018
20.721 , -0.670002
20.723 , -0.6600018
20.725 , -0.6600018
20.727 , -0.6500015
20.729 , -0.6500015
20.732 , -0.6500015
20.734 , -0.6600018
20.736 , -0.670002
20.738 , -0.670002
20.74 , -0.6800003
20.742 , -0.6800003
20.744 , -0.6900005
20.746 , -0.6800003
20.748 , -0.6800003
20.751 , -0.6800003
20.753 , -0.6900005
20.755 , -0.6900005
20.757 , -0.6800003
20.759 , -0.6900005
20.761 , -0.6900005
20.763 , -0.6800003
20.765 , -0.670002
20.767 , -0.670002
20.77 , -0.6900005
20.772 , -0.6800003
20.774 , -0.7000008
20.776 , -0.6900005
20.778 , -0.7200012
20.78 , -0.710001
20.782 , -0.710001
20.784 , -0.710001
20.786 , -0.710001
20.788 , -0.710001
20.791 , -0.710001
20.793 , -0.7200012
20.795 , -0.710001
20.797 , -0.7200012
20.799 , -0.710001
20.801 , -0.710001
20.803 , -0.7000008
20.805 , -0.7000008
20.807 , -0.710001
20.809 , -0.7200012
20.812 , -0.7200012
20.814 , -0.7200012
20.816 , -0.7300014
20.818 , -0.7300014
20.82 , -0.7300014
20.822 , -0.7300014
20.824 , -0.7300014
20.826 , -0.7300014
20.828 , -0.7300014
20.831 , -0.7400017
20.833 , -0.7300014
20.835 , -0.7400017
20.837 , -0.7400017
20.839 , -0.7300014
20.841 , -0.7200012
20.843 , -0.7200012
20.845 , -0.7300014
20.847 , -0.7300014
20.849 , -0.7300014
20.851 , -0.7300014
20.854 , -0.7500019
20.856 , -0.7600021
20.858 , -0.7600021
20.86 , -0.8200016
20.862 , -0.7900009
20.864 , -0.7600021
20.866 , -0.710001
20.868 , -0.6900005
20.87 , -0.6400013
20.872 , -0.6300011
20.875 , -0.6000004
20.877 , -0.6400013
20.879 , -0.6500015
20.881 , -0.6800003
20.883 , -0.6800003
20.885 , -0.6900005
20.887 , -0.6900005
20.89 , -0.6800003
20.892 , -0.670002
20.894 , -0.6500015
20.896 , -0.6500015
20.898 , -0.6300011
20.9 , -0.6400013
20.902 , -0.6200008
20.904 , -0.6400013
20.906 , -0.6200008
20.908 , -0.6400013
20.911 , -0.6200008
20.913 , -0.6300011
20.915 , -0.6100006
20.917 , -0.6100006
20.919 , -0.6200008
20.921 , -0.6000004
20.923 , -0.6100006
20.925 , -0.6000004
20.927 , -0.6000004
20.929 , -0.5900021
20.931 , -0.5900021
20.933 , -0.5900021
20.936 , -0.5800018
20.938 , -0.5700016
20.94 , -0.5700016
20.942 , -0.5700016
20.944 , -0.5700016
20.946 , -0.5600014
20.948 , -0.5600014
20.951 , -0.5500011
20.953 , -0.5600014
20.955 , -0.5400009
20.957 , -0.5500011
20.959 , -0.5400009
20.961 , -0.5300007
20.963 , -0.5400009
20.965 , -0.5200005
20.967 , -0.5200005
20.969 , -0.5100021
20.972 , -0.5100021
20.974 , -0.5000019
20.976 , -0.5100021
20.978 , -0.5000019
20.98 , -0.4700012
20.99 , -0.4400005
20.992 , -0.3600006
20.994 , -0.2500019
20.996 , -0.08000183
20.998 , 0.1899986
21.0 , 0.4599991
21.002 , 0.4899979
21.005 , 0.4699993
21.007 , 0.3999996
21.009 , 0.2799988
21.011 , 0.1899986
21.013 , 0.2299995
21.015 , 0.2999992
21.018 , 0.4299984
21.02 , 0.5199986
21.022 , 0.6499996
21.024 , 0.789999
21.026 , 0.9399986
21.028 , 1.099998
21.03 , 1.219999
21.032 , 1.299999
21.034 , 1.379999
21.037 , 1.4
21.039 , 1.419998
21.041 , 1.429998
21.043 , 1.439999
21.045 , 1.489998
21.047 , 1.549999
21.049 , 1.619999
21.051 , 1.699999
21.053 , 1.759998
21.055 , 1.799999
21.058 , 1.839998
21.06 , 1.859999
21.062 , 1.9
21.064 , 1.939999
21.066 , 1.989998
21.068 , 2.019999
21.07 , 2.079998
21.073 , 2.129999
21.075 , 2.169998
21.077 , 2.219999
21.079 , 2.279999
21.081 , 2.309999
21.083 , 2.359999
21.085 , 2.389999
21.087 , 2.329998
21.089 , 2.019999
21.091 , 1.57
21.094 , 1.189999
21.096 , 1.029999
21.098 , 0.9399986
21.1 , 1.009998
21.102 , 1.219999
21.104 , 1.439999
21.106 , 1.639999
21.108 , 1.759998
21.11 , 1.799999
21.112 , 1.769999
21.115 , 1.679998
21.117 , 1.579998
21.119 , 1.499998
21.121 , 1.439999
21.123 , 1.419998
21.125 , 1.439999
21.127 , 1.459999
21.129 , 1.499998
21.131 , 1.519999
21.134 , 1.539999
21.136 , 1.539999
21.138 , 1.519999
21.14 , 1.489998
21.142 , 1.48
21.144 , 1.469999
21.146 , 1.459999
21.148 , 1.459999
21.151 , 1.469999
21.153 , 1.48
21.155 , 1.48
21.157 , 1.48
21.159 , 1.469999
21.161 , 1.469999
21.163 , 1.459999
21.165 , 1.449999
21.167 , 1.449999
21.17 , 1.439999
21.172 , 1.439999
21.174 , 1.439999
21.176 , 1.439999
21.178 , 1.439999
21.18 , 1.439999
21.182 , 1.429998
21.184 , 1.429998
21.186 , 1.429998
21.188 , 1.429998
21.191 , 1.419998
21.193 , 1.419998
21.195 , 1.419998
21.197 , 1.419998
21.199 , 1.409998
21.201 , 1.409998
21.203 , 1.4
21.205 , 1.409998
21.208 , 1.4
21.21 , 1.4
21.212 , 1.4
21.214 , 1.379999
21.216 , 1.379999
21.218 , 1.379999
21.22 , 1.379999
21.222 , 1.379999
21.224 , 1.379999
21.226 , 1.379999
21.229 , 1.369999
21.231 , 1.309999
21.233 , 1.259998
21.235 , 1.259998
21.237 , 1.269999
21.239 , 1.309999
21.241 , 1.409998
21.243 , 1.419998
21.245 , 1.389999
21.247 , 1.369999
21.25 , 1.299999
21.252 , 1.249998
21.254 , 1.199999
21.256 , 1.169998
21.258 , 1.179998
21.26 , 1.199999
21.262 , 1.23
21.264 , 1.269999
21.267 , 1.289999
21.269 , 1.279999
21.271 , 1.259998
21.273 , 1.219999
21.275 , 1.209999
21.277 , 1.179998
21.279 , 1.169998
21.281 , 1.159998
21.283 , 1.169998
21.285 , 1.169998
21.288 , 1.169998
21.29 , 1.169998
21.292 , 1.179998
21.294 , 1.15
21.296 , 1.159998
21.298 , 1.15
21.3 , 1.159998
21.302 , 1.139999
21.304 , 1.129999
21.306 , 1.109999
21.309 , 1.109999
21.311 , 1.089998
21.313 , 1.099998
21.315 , 1.079998
21.317 , 1.089998
21.319 , 1.07
21.321 , 1.089998
21.323 , 1.07
21.325 , 1.059999
21.328 , 1.049999
21.33 , 1.059999
21.332 , 1.049999
21.334 , 1.049999
21.336 , 1.019999
21.338 , 1.009998
21.34 , 0.9999981
21.342 , 0.9799995
21.345 , 0.9599991
21.347 , 0.9499989
21.349 , 0.9499989
21.351 , 0.9399986
21.361 , 0.9299984
21.363 , 0.9299984
21.365 , 0.9299984
21.367 , 0.9199982
21.369 , 0.9099979
21.371 , 0.8899994
21.373 , 0.8799992
21.376 , 0.8499985
21.378 , 0.8499985
21.38 , 0.829998
21.382 , 0.8399982
21.384 , 0.829998
21.386 , 0.8399982
21.389 , 0.8199997
21.391 , 0.8199997
21.393 , 0.7999992
21.395 , 0.8099995
21.397 , 0.8199997
21.4 , 0.8099995
21.402 , 0.789999
21.404 , 0.7799988
21.406 , 0.7699986
21.408 , 0.7599983
21.41 , 0.7499981
21.412 , 0.7199993
21.414 , 0.7399979
21.417 , 0.7299995
21.419 , 0.7299995
21.421 , 0.7099991
21.423 , 0.7299995
21.425 , 0.6999989
21.427 , 0.7099991
21.429 , 0.7099991
21.432 , 0.7199993
21.434 , 0.6899986
21.436 , 0.6899986
21.438 , 0.6699982
21.44 , 0.6599979
21.442 , 0.6399994
21.444 , 0.6299992
21.446 , 0.6199989
21.449 , 0.6199989
21.451 , 0.6199989
21.453 , 0.6099987
21.455 , 0.6099987
21.457 , 0.5899982
21.459 , 0.5999985
21.462 , 0.5999985
21.464 , 0.6099987
21.466 , 0.5899982
21.468 , 0.5899982
21.47 , 0.5699997
21.472 , 0.5599995
21.475 , 0.539999
21.477 , 0.539999
21.479 , 0.5199986
21.481 , 0.5199986
21.483 , 0.5199986
21.485 , 0.5199986
21.487 , 0.5099983
21.489 , 0.5099983
21.492 , 0.4999981
21.494 , 0.5099983
21.496 , 0.5099983
21.498 , 0.4999981
21.5 , 0.4999981
21.502 , 0.4999981
21.504 , 0.4899979
21.507 , 0.4999981
21.509 , 0.4999981
21.511 , 0.4699993
21.513 , 0.4899979
21.515 , 0.4799995
21.517 , 0.4599991
21.52 , 0.4599991
21.522 , 0.4399986
21.524 , 0.4599991
21.526 , 0.4399986
21.528 , 0.4299984
21.53 , 0.4299984
21.532 , 0.4299984
21.535 , 0.4099979
21.537 , 0.4099979
21.539 , 0.4199982
21.541 , 0.4299984
21.543 , 0.4299984
21.545 , 0.4099979
21.547 , 0.4099979
21.549 , 0.3999996
21.552 , 0.3599987
21.554 , 0.3799992
21.556 , 0.3699989
21.558 , 0.3499985
21.56 , 0.3699989
21.562 , 0.3599987
21.564 , 0.3599987
21.567 , 0.3499985
21.569 , 0.3399982
21.571 , 0.3499985
21.573 , 0.3499985
21.575 , 0.329998
21.577 , 0.329998
21.58 , 0.3199997
21.582 , 0.3099995
21.584 , 0.3199997
21.586 , 0.3199997
21.588 , 0.329998
21.59 , 0.329998
21.593 , 0.2999992
21.595 , 0.2999992
21.597 , 0.289999
21.599 , 0.2799988
21.601 , 0.2699986
21.603 , 0.2499981
21.605 , 0.2499981
21.608 , 0.2599983
21.61 , 0.2399979
21.612 , 0.2499981
21.614 , 0.2399979
21.616 , 0.2299995
21.618 , 0.2399979
21.62 , 0.2299995
21.622 , 0.2099991
21.625 , 0.2099991
21.627 , 0.1999989
21.629 , 0.1999989
21.631 , 0.1999989
21.633 , 0.2099991
21.635 , 0.2199993
21.637 , 0.2299995
21.639 , 0.1899986
21.642 , 0.1899986
21.644 , 0.1799984
21.646 , 0.1699982
21.648 , 0.1599979
21.65 , 0.1599979
21.652 , 0.1599979
21.655 , 0.1599979
21.657 , 0.1399994
21.659 , 0.1599979
21.661 , 0.1599979
21.663 , 0.1499996
21.665 , 0.1499996
21.667 , 0.1499996
21.67 , 0.1299992
21.672 , 0.1299992
21.674 , 0.1099987
21.676 , 0.1299992
21.678 , 0.1299992
21.68 , 0.1199989
21.682 , 0.1499996
21.684 , 0.1499996
21.687 , 0.1199989
21.689 , 0.1099987
21.691 , 0.09999847
21.693 , 0.08999825
21.695 , 0.08999825
21.697 , 0.05999947
21.699 , 0.07999802
21.702 , 0.08999825
21.704 , 0.06999969
21.706 , 0.07999802
21.708 , 0.07999802
21.71 , 0.06999969
21.712 , 0.06999969
21.715 , 0.04999924
21.717 , 0.05999947
21.719 , 0.05999947
21.721 , 0.02999878
21.723 , 0.03999901
21.725 , 0.05999947
21.728 , 0.05999947
21.737 , 0.01999855
21.739 , 0.009998322
21.742 , -1.907348e-06
21.744 , -1.907348e-06
21.746 , -0.01000214
21.748 , -1.907348e-06
21.75 , -0.02000046
21.752 , -1.907348e-06
21.754 , -1.907348e-06
21.757 , -0.02000046
21.759 , -0.01000214
21.761 , -0.02000046
21.763 , -0.04000092
21.765 , -0.05000114
21.767 , -0.05000114
21.769 , -0.05000114
21.771 , -0.05000114
21.773 , -0.04000092
21.776 , -0.02000046
21.778 , -0.03000069
21.78 , -0.05000114
21.782 , -0.0700016
21.784 , -0.0700016
21.786 , -0.09000206
21.788 , -0.09000206
21.79 , -0.1000004
21.793 , -0.1000004
21.795 , -0.09000206
21.797 , -0.1000004
21.799 , -0.09000206
21.801 , -0.09000206
21.803 , -0.1200008
21.805 , -0.1000004
21.807 , -0.1000004
21.809 , -0.1300011
21.811 , -0.1300011
21.813 , -0.1400013
21.816 , -0.1400013
21.818 , -0.1500015
21.82 , -0.1400013
21.822 , -0.1100006
21.824 , -0.1300011
21.826 , -0.1200008
21.828 , -0.1400013
21.83 , -0.1400013
21.832 , -0.170002
21.834 , -0.170002
21.837 , -0.170002
21.839 , -0.1900005
21.841 , -0.1800003
21.843 , -0.1900005
21.845 , -0.170002
21.847 , -0.170002
21.849 , -0.1900005
21.851 , -0.1800003
21.853 , -0.1800003
21.856 , -0.210001
21.858 , -0.1900005
21.86 , -0.2000008
21.862 , -0.210001
21.864 , -0.2000008
21.866 , -0.1900005
21.868 , -0.1800003
21.87 , -0.170002
21.872 , -0.1800003
21.874 , -0.1900005
21.877 , -0.210001
21.879 , -0.2200012
21.881 , -0.2200012
21.883 , -0.2200012
21.885 , -0.2300014
21.887 , -0.2200012
21.889 , -0.2200012
21.891 , -0.2300014
21.893 , -0.2200012
21.895 , -0.2200012
21.897 , -0.2200012
21.899 , -0.2200012
21.902 , -0.2400017
21.904 , -0.2300014
21.906 , -0.2300014
21.908 , -0.2500019
21.91 , -0.2400017
21.912 , -0.2200012
21.914 , -0.2300014
21.916 , -0.210001
21.918 , -0.2200012
21.921 , -0.2300014
21.923 , -0.2500019
21.925 , -0.2500019
21.927 , -0.2500019
21.929 , -0.2500019
21.931 , -0.2700005
21.933 , -0.2600021
21.935 , -0.2600021
21.937 , -0.2700005
21.939 , -0.2500019
21.942 , -0.2600021
21.944 , -0.2700005
21.946 , -0.2600021
21.948 , -0.2600021
21.95 , -0.2800007
21.952 , -0.2800007
21.954 , -0.2900009
21.956 , -0.2700005
21.958 , -0.2900009
21.96 , -0.2700005
21.963 , -0.2700005
21.965 , -0.2600021
21.967 , -0.2900009
21.969 , -0.3000011
21.971 , -0.3100014
21.973 , -0.3100014
21.975 , -0.3200016
21.977 , -0.3300018
21.98 , -0.3300018
21.982 , -0.3200016
21.984 , -0.3400021
21.986 , -0.3200016
21.988 , -0.3200016
21.99 , -0.3500004
21.992 , -0.3300018
21.994 , -0.3300018
21.996 , -0.3500004
21.998 , -0.3500004
22.001 , -0.3500004
22.003 , -0.3500004
22.005 , -0.3500004
22.007 , -0.3500004
22.009 , -0.3300018
22.011 , -0.3300018
22.013 , -0.3500004
22.015 , -0.3500004
22.017 , -0.3600006
22.019 , -0.3800011
22.021 , -0.3700008
22.024 , -0.3800011
22.026 , -0.4000015
22.028 , -0.3800011
22.03 , -0.3800011
22.032 , -0.3900013
22.034 , -0.3900013
22.036 , -0.4000015
22.038 , -0.3900013
22.04 , -0.3900013
22.042 , -0.4100018
22.045 , -0.4000015
22.047 , -0.4000015
22.049 , -0.420002
22.051 , -0.4100018
22.053 , -0.4000015
22.055 , -0.4000015
22.057 , -0.3900013
22.059 , -0.3900013
22.061 , -0.4100018
22.063 , -0.420002
22.065 , -0.420002
22.068 , -0.420002
22.07 , -0.4300003
22.072 , -0.4500008
22.074 , -0.4300003
22.076 , -0.4300003
22.078 , -0.4400005
22.08 , -0.420002
22.082 , -0.4300003
22.084 , -0.4300003
22.086 , -0.4400005
22.089 , -0.4400005
22.091 , -0.4500008
22.093 , -0.4400005
22.095 , -0.460001
22.097 , -0.4500008
22.107 , -0.4400005
22.109 , -0.4400005
22.111 , -0.4500008
22.113 , -0.4700012
22.115 , -0.4700012
22.117 , -0.460001
22.119 , -0.4800014
22.121 , -0.4700012
22.124 , -0.460001
22.126 , -0.460001
22.128 , -0.4700012
22.13 , -0.4700012
22.132 , -0.460001
22.134 , -0.4700012
22.136 , -0.4900017
22.138 , -0.4700012
22.14 , -0.4700012
22.142 , -0.5000019
22.144 , -0.4700012
22.147 , -0.460001
22.149 , -0.460001
22.151 , -0.460001
22.153 , -0.460001
22.155 , -0.460001
22.157 , -0.4800014
22.159 , -0.5000019
22.161 , -0.4900017
22.164 , -0.4800014
22.166 , -0.5100021
22.168 , -0.5000019
22.17 , -0.4800014
22.172 , -0.5000019
22.174 , -0.4900017
22.176 , -0.4900017
22.178 , -0.4900017
22.18 , -0.4900017
22.182 , -0.5000019
22.185 , -0.4900017
22.187 , -0.5000019
22.189 , -0.5100021
22.191 , -0.5000019
22.193 , -0.4900017
22.195 , -0.4900017
22.197 , -0.4700012
22.199 , -0.4700012
22.201 , -0.4900017
22.203 , -0.4900017
22.206 , -0.5100021
22.208 , -0.5000019
22.21 , -0.5100021
22.212 , -0.5200005
22.214 , -0.5100021
22.216 , -0.4900017
22.218 , -0.5200005
22.22 , -0.5000019
22.222 , -0.5000019
22.225 , -0.5100021
22.227 , -0.5000019
22.229 , -0.5000019
22.231 , -0.5100021
22.233 , -0.5200005
22.235 , -0.5100021
22.237 , -0.5200005
22.239 , -0.5100021
22.241 , -0.5100021
22.243 , -0.4900017
22.245 , -0.4800014
22.247 , -0.5100021
22.25 , -0.5100021
22.252 , -0.5100021
22.254 , -0.5300007
22.256 , -0.5300007
22.258 , -0.5200005
22.26 , -0.5300007
22.262 , -0.5200005
22.264 , -0.5300007
22.266 , -0.5200005
22.268 , -0.5200005
22.271 , -0.5300007
22.273 , -0.5100021
22.275 , -0.5200005
22.277 , -0.5400009
22.279 , -0.5200005
22.281 , -0.5200005
22.283 , -0.5400009
22.285 , -0.5400009
22.287 , -0.5200005
22.289 , -0.5100021
22.292 , -0.5000019
22.294 , -0.5200005
22.296 , -0.5200005
22.298 , -0.5200005
22.3 , -0.5500011
22.302 , -0.5400009
22.304 , -0.5400009
22.306 , -0.5500011
22.308 , -0.5400009
22.31 , -0.5200005
22.313 , -0.5400009
22.315 , -0.5400009
22.317 , -0.5400009
22.319 , -0.5300007
22.321 , -0.5400009
22.323 , -0.5500011
22.325 , -0.5400009
22.327 , -0.5400009
22.329 , -0.5500011
22.331 , -0.5400009
22.334 , -0.5200005
22.336 , -0.5300007
22.338 , -0.5200005
22.34 , -0.5100021
22.342 , -0.5300007
22.344 , -0.5400009
22.346 , -0.5500011
22.348 , -0.5500011
22.35 , -0.5400009
22.353 , -0.5700016
22.355 , -0.5400009
22.357 , -0.5400009
22.359 , -0.5900021
22.361 , -0.6000004
22.363 , -0.5700016
22.365 , -0.5400009
22.367 , -0.5100021
22.369 , -0.4800014
22.371 , -0.4400005
22.373 , -0.4500008
22.376 , -0.4400005
22.378 , -0.460001
22.38 , -0.4800014
22.382 , -0.4800014
22.384 , -0.4900017
22.386 , -0.5000019
22.388 , -0.4800014
22.39 , -0.4700012
22.392 , -0.4800014
22.394 , -0.4500008
22.397 , -0.460001
22.399 , -0.4300003
22.401 , -0.4500008
22.403 , -0.4400005
22.405 , -0.4300003
22.407 , -0.4400005
22.409 , -0.4300003
22.411 , -0.4400005
22.413 , -0.420002
22.416 , -0.420002
22.418 , -0.420002
22.42 , -0.4100018
22.422 , -0.4100018
22.424 , -0.4100018
22.426 , -0.4000015
22.428 , -0.4000015
22.43 , -0.3900013
22.432 , -0.3900013
22.434 , -0.4000015
22.437 , -0.3800011
22.439 , -0.3800011
22.441 , -0.3800011
22.443 , -0.3800011
22.445 , -0.3700008
22.447 , -0.3700008
22.449 , -0.3600006
22.451 , -0.3600006
22.453 , -0.3600006
22.455 , -0.3600006
22.458 , -0.3500004
22.46 , -0.3500004
22.462 , -0.3400021
22.464 , -0.3400021
22.466 , -0.3400021
22.475 , -0.3300018
22.478 , -0.3100014
22.48 , -0.3100014
22.482 , -0.2700005
22.484 , -0.2500019
22.486 , -0.2600021
22.488 , -0.2700005
22.49 , -0.2700005
22.493 , -0.1800003
22.495 , -0.05000114
22.497 , 0.09999847
22.499 , 0.4299984
22.501 , 0.6099987
22.503 , 0.6699982
22.505 , 0.6399994
22.507 , 0.5599995
22.51 , 0.4399986
22.512 , 0.3499985
22.514 , 0.3799992
22.516 , 0.4699993
22.518 , 0.5899982
22.52 , 0.6799984
22.522 , 0.7599983
22.525 , 0.8899994
22.527 , 1.029999
22.529 , 1.219999
22.531 , 1.339998
22.533 , 1.459999
22.535 , 1.539999
22.537 , 1.579998
22.539 , 1.589998
22.541 , 1.589998
22.544 , 1.609999
22.546 , 1.639999
22.548 , 1.699999
22.55 , 1.769999
22.552 , 1.849998
22.554 , 1.9
22.556 , 1.939999
22.558 , 1.999998
22.561 , 2.019999
22.563 , 2.059999
22.565 , 2.099998
22.567 , 2.139999
22.569 , 2.169998
22.571 , 2.129999
22.573 , 1.82
22.575 , 1.459999
22.578 , 1.119999
22.58 , 0.9299984
22.582 , 0.829998
22.584 , 0.8599987
22.586 , 1.029999
22.588 , 1.219999
22.59 , 1.409998
22.592 , 1.519999
22.595 , 1.57
22.597 , 1.549999
22.599 , 1.48
22.601 , 1.4
22.603 , 1.329998
22.605 , 1.279999
22.607 , 1.269999
22.61 , 1.269999
22.612 , 1.289999
22.614 , 1.329998
22.616 , 1.349998
22.618 , 1.349998
22.62 , 1.349998
22.622 , 1.349998
22.624 , 1.32
22.626 , 1.32
22.628 , 1.299999
22.631 , 1.299999
22.633 , 1.299999
22.635 , 1.299999
22.637 , 1.32
22.639 , 1.309999
22.641 , 1.329998
22.643 , 1.32
22.645 , 1.309999
22.647 , 1.309999
22.65 , 1.299999
22.652 , 1.299999
22.654 , 1.299999
22.656 , 1.299999
22.658 , 1.289999
22.66 , 1.289999
22.662 , 1.289999
22.664 , 1.299999
22.666 , 1.289999
22.669 , 1.279999
22.671 , 1.279999
22.673 , 1.279999
22.675 , 1.269999
22.677 , 1.279999
22.679 , 1.279999
22.681 , 1.279999
22.684 , 1.269999
22.686 , 1.269999
22.688 , 1.269999
22.69 , 1.269999
22.692 , 1.269999
22.694 , 1.259998
22.696 , 1.269999
22.698 , 1.259998
22.701 , 1.269999
22.703 , 1.259998
22.705 , 1.259998
22.707 , 1.259998
22.709 , 1.249998
22.711 , 1.249998
22.713 , 1.249998
22.715 , 1.249998
22.717 , 1.249998
22.719 , 1.249998
22.722 , 1.239998
22.724 , 1.249998
22.726 , 1.239998
22.728 , 1.239998
22.73 , 1.199999
22.732 , 1.089998
22.734 , 1.079998
22.736 , 1.15
22.739 , 1.189999
22.741 , 1.259998
22.743 , 1.32
22.745 , 1.299999
22.747 , 1.269999
22.749 , 1.209999
22.751 , 1.159998
22.753 , 1.119999
22.755 , 1.07
22.758 , 1.07
22.76 , 1.089998
22.762 , 1.109999
22.764 , 1.139999
22.766 , 1.129999
22.768 , 1.159998
22.77 , 1.15
22.772 , 1.139999
22.775 , 1.109999
22.777 , 1.099998
22.779 , 1.099998
22.781 , 1.059999
22.783 , 1.079998
22.785 , 1.059999
22.787 , 1.079998
22.789 , 1.079998
22.791 , 1.099998
22.793 , 1.089998
22.796 , 1.059999
22.798 , 1.049999
22.8 , 1.029999
22.802 , 1.039999
22.804 , 1.019999
22.806 , 0.9999981
22.809 , 1.019999
22.811 , 0.9999981
22.813 , 1.029999
22.815 , 0.9999981
22.817 , 1.009998
22.819 , 0.9899979
22.821 , 0.9899979
22.824 , 0.9899979
22.826 , 0.9699993
22.828 , 0.9799995
22.83 , 0.9699993
22.832 , 0.9899979
22.834 , 0.9599991
22.836 , 0.9499989
22.839 , 0.9399986
22.848 , 0.9199982
22.851 , 0.9199982
22.853 , 0.9199982
22.855 , 0.8899994
22.857 , 0.9199982
22.859 , 0.8799992
22.861 , 0.8999996
22.864 , 0.8599987
22.866 , 0.8699989
22.868 , 0.8599987
22.87 , 0.8699989
22.872 , 0.8699989
22.874 , 0.8499985
22.877 , 0.8399982
22.879 , 0.829998
22.881 , 0.829998
22.883 , 0.8099995
22.885 , 0.7799988
22.887 , 0.789999
22.889 , 0.7799988
22.892 , 0.7699986
22.894 , 0.7599983
22.896 , 0.7599983
22.898 , 0.7599983
22.9 , 0.7499981
22.902 , 0.7499981
22.905 , 0.7199993
22.907 , 0.7499981
22.909 , 0.7299995
22.911 , 0.7599983
22.913 , 0.7399979
22.915 , 0.7199993
22.917 , 0.7099991
22.92 , 0.6999989
22.922 , 0.6999989
22.924 , 0.6699982
22.926 , 0.6699982
22.928 , 0.6699982
22.93 , 0.6699982
22.932 , 0.6599979
22.935 , 0.6399994
22.937 , 0.6599979
22.939 , 0.6299992
22.941 , 0.6399994
22.943 , 0.6199989
22.946 , 0.6399994
22.948 , 0.6199989
22.95 , 0.6399994
22.952 , 0.6299992
22.954 , 0.6099987
22.956 , 0.6099987
22.958 , 0.5899982
22.961 , 0.5899982
22.963 , 0.5699997
22.965 , 0.5499992
22.967 , 0.5599995
22.969 , 0.539999
22.971 , 0.5499992
22.973 , 0.5299988
22.976 , 0.539999
22.978 , 0.5199986
22.98 , 0.5199986
22.982 , 0.4999981
22.984 , 0.5099983
22.986 , 0.5099983
22.989 , 0.5099983
22.991 , 0.5199986
22.993 , 0.4999981
22.995 , 0.4899979
22.997 , 0.4799995
22.999 , 0.4699993
23.002 , 0.4899979
23.004 , 0.4799995
23.006 , 0.4799995
23.008 , 0.4699993
23.01 , 0.4799995
23.012 , 0.4499989
23.014 , 0.4499989
23.016 , 0.4599991
23.019 , 0.4399986
23.021 , 0.4399986
23.023 , 0.4299984
23.025 , 0.4299984
23.027 , 0.4099979
23.029 , 0.4099979
23.031 , 0.4099979
23.034 , 0.3999996
23.036 , 0.3999996
23.038 , 0.4099979
23.04 , 0.3999996
23.042 , 0.3999996
23.044 , 0.4199982
23.046 , 0.4099979
23.048 , 0.3799992
23.051 , 0.3699989
23.053 , 0.3699989
23.055 , 0.3499985
23.057 , 0.3499985
23.059 , 0.3599987
23.061 , 0.3499985
23.063 , 0.3499985
23.066 , 0.3599987
23.068 , 0.3499985
23.07 , 0.3399982
23.072 , 0.3399982
23.074 , 0.3399982
23.076 , 0.3099995
23.078 , 0.3099995
23.081 , 0.3199997
23.083 , 0.3099995
23.085 , 0.2999992
23.087 , 0.3199997
23.089 , 0.289999
23.091 , 0.2799988
23.093 , 0.289999
23.096 , 0.2999992
23.098 , 0.2999992
23.1 , 0.2999992
23.102 , 0.2999992
23.104 , 0.2799988
23.106 , 0.2599983
23.108 , 0.2599983
23.11 , 0.2399979
23.113 , 0.2299995
23.115 , 0.2399979
23.117 , 0.2399979
23.119 , 0.2299995
23.121 , 0.2399979
23.123 , 0.2399979
23.125 , 0.2299995
23.128 , 0.2099991
23.13 , 0.2299995
23.132 , 0.2099991
23.134 , 0.1999989
23.136 , 0.2099991
23.138 , 0.1999989
23.14 , 0.1899986
23.143 , 0.1899986
23.145 , 0.1899986
23.147 , 0.1699982
23.149 , 0.1799984
23.151 , 0.1899986
23.153 , 0.1899986
23.155 , 0.1899986
23.158 , 0.1999989
23.16 , 0.1699982
23.162 , 0.1499996
23.164 , 0.1499996
23.166 , 0.1399994
23.168 , 0.1299992
23.17 , 0.1199989
23.172 , 0.1499996
23.175 , 0.1199989
23.177 , 0.1199989
23.179 , 0.1299992
23.181 , 0.1099987
23.183 , 0.1099987
23.185 , 0.1199989
23.187 , 0.1099987
23.19 , 0.09999847
23.192 , 0.08999825
23.194 , 0.09999847
23.196 , 0.07999802
23.198 , 0.07999802
23.2 , 0.08999825
23.203 , 0.06999969
23.205 , 0.05999947
23.207 , 0.07999802
23.209 , 0.06999969
23.211 , 0.07999802
23.213 , 0.07999802
23.216 , 0.07999802
23.225 , 0.01999855
23.227 , 0.03999901
23.23 , 0.01999855
23.232 , 0.01999855
23.234 , 0.01999855
23.236 , 0.03999901
23.238 , 0.009998322
23.24 , 0.009998322
23.242 , 0.01999855
23.244 , -1.907348e-06
23.247 , -1.907348e-06
23.249 , 0.009998322
23.251 , -1.907348e-06
23.253 , -0.02000046
23.255 , -0.02000046
23.257 , -0.02000046
23.26 , -0.03000069
23.262 , -0.03000069
23.264 , -0.02000046
23.266 , -0.02000046
23.268 , -0.01000214
23.27 , -1.907348e-06
23.272 , -0.02000046
23.274 , -0.04000092
23.277 , -0.06000137
23.279 , -0.05000114
23.281 , -0.08000183
23.283 , -0.08000183
23.285 , -0.06000137
23.287 , -0.0700016
23.289 , -0.0700016
23.291 , -0.06000137
23.293 , -0.06000137
23.295 , -0.08000183
23.298 , -0.09000206
23.3 , -0.08000183
23.302 , -0.08000183
23.304 , -0.1000004
23.306 , -0.1000004
23.308 , -0.1100006
23.31 , -0.1200008
23.312 , -0.1100006
23.314 , -0.1200008
23.316 , -0.1200008
23.319 , -0.1300011
23.321 , -0.1100006
23.323 , -0.1000004
23.325 , -0.1100006
23.327 , -0.1000004
23.329 , -0.1200008
23.331 , -0.1400013
23.333 , -0.1500015
23.335 , -0.1500015
23.337 , -0.1600018
23.339 , -0.1600018
23.341 , -0.1500015
23.344 , -0.170002
23.346 , -0.1600018
23.348 , -0.1500015
23.35 , -0.1600018
23.352 , -0.170002
23.354 , -0.170002
23.356 , -0.1600018
23.358 , -0.1800003
23.36 , -0.1800003
23.362 , -0.1600018
23.364 , -0.1900005
23.367 , -0.1900005
23.369 , -0.1900005
23.371 , -0.1900005
23.373 , -0.2000008
23.375 , -0.2000008
23.377 , -0.1900005
23.379 , -0.1900005
23.381 , -0.1800003
23.383 , -0.170002
23.386 , -0.1900005
23.388 , -0.2000008
23.39 , -0.210001
23.392 , -0.210001
23.394 , -0.2200012
23.396 , -0.2200012
23.398 , -0.2000008
23.4 , -0.2200012
23.402 , -0.210001
23.404 , -0.210001
23.407 , -0.210001
23.409 , -0.210001
23.411 , -0.2200012
23.413 , -0.210001
23.415 , -0.2300014
23.417 , -0.2200012
23.419 , -0.210001
23.421 , -0.2300014
23.423 , -0.2300014
23.425 , -0.2200012
23.427 , -0.2300014
23.43 , -0.2500019
23.432 , -0.2400017
23.434 , -0.2200012
23.436 , -0.2200012
23.438 , -0.2200012
23.44 , -0.2000008
23.442 , -0.2300014
23.444 , -0.2400017
23.446 , -0.2500019
23.448 , -0.2500019
23.451 , -0.2700005
23.453 , -0.2500019
23.455 , -0.2500019
23.457 , -0.2600021
23.459 , -0.2600021
23.461 , -0.2400017
23.463 , -0.2500019
23.465 , -0.2600021
23.467 , -0.2600021
23.469 , -0.2500019
23.472 , -0.2700005
23.474 , -0.2700005
23.476 , -0.2700005
23.478 , -0.2800007
23.48 , -0.2800007
23.482 , -0.2700005
23.484 , -0.2800007
23.486 , -0.2900009
23.488 , -0.2900009
23.49 , -0.2600021
23.493 , -0.2700005
23.495 , -0.2700005
23.497 , -0.2600021
23.499 , -0.2800007
23.501 , -0.2900009
23.503 , -0.2800007
23.505 , -0.3100014
23.507 , -0.3200016
23.509 , -0.3100014
23.512 , -0.3000011
23.514 , -0.3200016
23.516 , -0.3100014
23.518 , -0.2900009
23.52 , -0.3100014
23.522 , -0.3100014
23.524 , -0.3000011
23.526 , -0.3200016
23.528 , -0.3300018
23.53 , -0.3300018
23.532 , -0.3100014
23.535 , -0.3400021
23.537 , -0.3400021
23.539 , -0.3200016
23.541 , -0.3400021
23.543 , -0.3400021
23.545 , -0.3300018
23.547 , -0.3300018
23.549 , -0.3200016
23.551 , -0.3200016
23.553 , -0.3000011
23.555 , -0.3300018
23.558 , -0.3500004
23.56 , -0.3400021
23.562 , -0.3500004
23.564 , -0.3500004
23.566 , -0.3500004
23.568 , -0.3400021
23.57 , -0.3500004
23.572 , -0.3500004
23.575 , -0.3300018
23.577 , -0.3500004
23.579 , -0.3500004
23.581 , -0.3400021
23.583 , -0.3500004
23.585 , -0.3600006
23.595 , -0.3500004
23.597 , -0.3600006
23.599 , -0.3600006
23.601 , -0.3700008
23.603 , -0.3500004
23.605 , -0.3500004
23.607 , -0.3500004
23.609 , -0.3300018
23.612 , -0.3500004
23.614 , -0.3600006
23.616 , -0.3600006
23.618 , -0.3700008
23.62 , -0.3700008
23.622 , -0.3800011
23.624 , -0.3600006
23.626 , -0.3700008
23.628 , -0.3700008
23.63 , -0.3500004
23.633 , -0.3600006
23.635 , -0.3700008
23.637 , -0.3600006
23.639 , -0.3700008
23.641 , -0.3800011
23.643 , -0.3800011
23.645 , -0.3600006
23.647 , -0.3900013
23.649 , -0.3900013
23.652 , -0.3700008
23.654 , -0.3900013
23.656 , -0.3900013
23.658 , -0.3800011
23.66 , -0.3700008
23.662 , -0.3700008
23.664 , -0.3700008
23.666 , -0.3500004
23.668 , -0.3800011
23.671 , -0.3900013
23.673 , -0.3800011
23.675 , -0.4000015
23.677 , -0.4100018
23.679 , -0.3900013
23.681 , -0.3900013
23.683 , -0.3900013
23.685 , -0.4000015
23.687 , -0.3800011
23.689 , -0.4000015
23.692 , -0.4000015
23.694 , -0.3800011
23.696 , -0.4000015
23.698 , -0.4000015
23.7 , -0.4000015
23.702 , -0.4000015
23.704 , -0.4100018
23.706 , -0.4000015
23.708 , -0.4000015
23.711 , -0.4100018
23.713 , -0.420002
23.715 , -0.4000015
23.717 , -0.4000015
23.719 , -0.3900013
23.721 , -0.3900013
23.723 , -0.3800011
23.725 , -0.4000015
23.727 , -0.4100018
23.729 , -0.4100018
23.732 , -0.420002
23.734 , -0.4300003
23.736 , -0.4100018
23.738 , -0.4100018
23.74 , -0.420002
23.742 , -0.4100018
23.744 , -0.4100018
23.746 , -0.420002
23.748 , -0.420002
23.75 , -0.4100018
23.753 , -0.4100018
23.755 , -0.4300003
23.757 , -0.4100018
23.759 , -0.420002
23.761 , -0.4300003
23.763 , -0.420002
23.765 , -0.4100018
23.768 , -0.4300003
23.77 , -0.4300003
23.772 , -0.4100018
23.774 , -0.4100018
23.776 , -0.4100018
23.778 , -0.4000015
23.78 , -0.4100018
23.782 , -0.420002
23.784 , -0.420002
23.786 , -0.420002
23.789 , -0.4300003
23.791 , -0.4300003
23.793 , -0.4100018
23.795 , -0.420002
23.797 , -0.420002
23.799 , -0.4100018
23.801 , -0.420002
23.803 , -0.4300003
23.805 , -0.4300003
23.808 , -0.4100018
23.81 , -0.420002
23.812 , -0.4300003
23.814 , -0.4100018
23.816 , -0.420002
23.818 , -0.4300003
23.82 , -0.420002
23.822 , -0.420002
23.825 , -0.4400005
23.827 , -0.4300003
23.829 , -0.4100018
23.831 , -0.420002
23.833 , -0.4100018
23.835 , -0.3900013
23.837 , -0.4100018
23.839 , -0.420002
23.841 , -0.4300003
23.843 , -0.4300003
23.845 , -0.4300003
23.848 , -0.4400005
23.85 , -0.420002
23.852 , -0.4300003
23.854 , -0.4300003
23.856 , -0.4100018
23.858 , -0.420002
23.86 , -0.4700012
23.862 , -0.4700012
23.864 , -0.4400005
23.866 , -0.4100018
23.869 , -0.3900013
23.871 , -0.3600006
23.873 , -0.3500004
23.875 , -0.3300018
23.877 , -0.3400021
23.879 , -0.3500004
23.881 , -0.3600006
23.883 , -0.3700008
23.885 , -0.3800011
23.888 , -0.3800011
23.89 , -0.3700008
23.892 , -0.3600006
23.894 , -0.3500004
23.896 , -0.3500004
23.898 , -0.3400021
23.9 , -0.3400021
23.902 , -0.3400021
23.904 , -0.3400021
23.907 , -0.3400021
23.909 , -0.3400021
23.911 , -0.3300018
23.913 , -0.3300018
23.915 , -0.3200016
23.917 , -0.3200016
23.919 , -0.3200016
23.921 , -0.3200016
23.923 , -0.3100014
23.925 , -0.3000011
23.927 , -0.3000011
23.93 , -0.3000011
23.932 , -0.2900009
23.934 , -0.2900009
23.936 , -0.2800007
23.938 , -0.2900009
23.94 , -0.2700005
23.942 , -0.2800007
23.944 , -0.2700005
23.946 , -0.2700005
23.949 , -0.2700005
23.951 , -0.2600021
23.953 , -0.2600021
23.955 , -0.2600021
23.965 , -0.2500019
23.967 , -0.2500019
23.969 , -0.2400017
23.971 , -0.2400017
23.973 , -0.2400017
23.975 , -0.2300014
23.977 , -0.2300014
23.98 , -0.2200012
23.982 , -0.2000008
23.984 , -0.170002
23.986 , -0.170002
23.988 , -0.1800003
23.99 , -0.1900005
23.992 , -0.1300011
23.994 , -0.02000046
23.996 , 0.1199989
23.999 , 0.329998
24.001 , 0.6499996
24.003 , 0.7399979
24.005 , 0.7399979
24.007 , 0.6899986
24.009 , 0.5599995
24.011 , 0.4699993
24.013 , 0.4199982
24.016 , 0.4899979
24.018 , 0.5999985
24.02 , 0.7199993
24.022 , 0.7799988
24.024 , 0.8599987
24.026 , 0.9499989
24.029 , 1.139999
24.031 , 1.269999
24.033 , 1.419998
24.035 , 1.559999
24.037 , 1.629999
24.039 , 1.679998
24.041 , 1.679998
24.043 , 1.679998
24.045 , 1.679998
24.048 , 1.709999
24.05 , 1.779999
24.052 , 1.839998
24.054 , 1.889999
24.056 , 1.789999
24.058 , 1.449999
24.06 , 1.009998
24.062 , 0.7499981
24.064 , 0.5499992
24.067 , 0.4999981
24.069 , 0.579998
24.071 , 0.7599983
24.073 , 0.9899979
24.075 , 1.139999
24.077 , 1.239998
24.08 , 1.269999
24.082 , 1.23
24.084 , 1.139999
24.086 , 1.059999
24.088 , 0.9999981
24.09 , 0.9599991
24.092 , 0.9599991
24.095 , 0.9699993
24.097 , 1.009998
24.099 , 1.039999
24.101 , 1.049999
24.103 , 1.059999
24.105 , 1.049999
24.107 , 1.039999
24.109 , 1.029999
24.111 , 1.009998
24.114 , 1.019999
24.116 , 1.009998
24.118 , 0.9999981
24.12 , 1.019999
24.122 , 1.029999
24.124 , 1.029999
24.126 , 1.029999
24.128 , 1.019999
24.13 , 1.029999
24.133 , 1.019999
24.135 , 1.019999
24.137 , 1.009998
24.139 , 1.019999
24.141 , 1.009998
24.143 , 1.009998
24.145 , 1.019999
24.147 , 1.009998
24.149 , 1.019999
24.152 , 1.009998
24.154 , 1.009998
24.156 , 1.009998
24.158 , 0.9999981
24.16 , 0.9999981
24.162 , 1.009998
24.164 , 1.009998
24.166 , 0.9999981
24.169 , 0.9999981
24.171 , 0.9999981
24.173 , 0.9999981
24.175 , 0.9999981
24.177 , 0.9899979
24.179 , 0.9999981
24.181 , 0.9899979
24.184 , 0.9999981
24.186 , 0.9899979
24.188 , 0.9899979
24.19 , 0.9899979
24.192 , 0.9799995
24.194 , 0.9799995
24.197 , 0.9899979
24.199 , 0.9799995
24.201 , 0.9899979
24.203 , 0.9899979
24.205 , 0.9799995
24.207 , 0.9899979
24.21 , 0.9799995
24.212 , 0.9699993
24.214 , 0.9699993
24.216 , 0.9699993
24.218 , 0.9699993
24.22 , 0.9699993
24.222 , 0.9699993
24.225 , 0.9699993
24.227 , 0.9599991
24.229 , 0.9699993
24.231 , 0.9299984
24.233 , 0.8799992
24.235 , 0.8599987
24.237 , 0.8799992
24.24 , 0.9199982
24.242 , 1.009998
24.244 , 1.049999
24.246 , 1.029999
24.248 , 0.9999981
24.25 , 0.9599991
24.252 , 0.9299984
24.254 , 0.8499985
24.257 , 0.829998
24.259 , 0.8499985
24.261 , 0.8399982
24.263 , 0.8899994
24.265 , 0.9099979
24.267 , 0.8999996
24.269 , 0.9199982
24.272 , 0.9199982
24.274 , 0.8799992
24.276 , 0.8999996
24.278 , 0.8799992
24.28 , 0.8699989
24.283 , 0.8899994
24.285 , 0.8499985
24.287 , 0.8599987
24.289 , 0.8599987
24.291 , 0.8399982
24.293 , 0.8399982
24.295 , 0.8599987
24.298 , 0.8199997
24.3 , 0.829998
24.302 , 0.8399982
24.304 , 0.8099995
24.306 , 0.829998
24.308 , 0.8399982
24.31 , 0.7999992
24.312 , 0.8099995
24.315 , 0.8199997
24.317 , 0.7799988
24.319 , 0.7999992
24.321 , 0.8099995
24.323 , 0.7699986
24.325 , 0.789999
24.328 , 0.7999992
24.33 , 0.7999992
24.339 , 0.7599983
24.342 , 0.7499981
24.344 , 0.7599983
24.346 , 0.7599983
24.348 , 0.7399979
24.35 , 0.7599983
24.353 , 0.7599983
24.355 , 0.7299995
24.357 , 0.7499981
24.359 , 0.7499981
24.361 , 0.7299995
24.363 , 0.7399979
24.365 , 0.7199993
24.367 , 0.7199993
24.37 , 0.7199993
24.372 , 0.7099991
24.374 , 0.6999989
24.376 , 0.7099991
24.378 , 0.7199993
24.38 , 0.7299995
24.382 , 0.7299995
24.385 , 0.6899986
24.387 , 0.6899986
24.389 , 0.6799984
24.391 , 0.6699982
24.393 , 0.6799984
24.395 , 0.6999989
24.398 , 0.6699982
24.4 , 0.6899986
24.402 , 0.6899986
24.404 , 0.6699982
24.406 , 0.6699982
24.408 , 0.6699982
24.411 , 0.6599979
24.413 , 0.6599979
24.415 , 0.6599979
24.417 , 0.6399994
24.419 , 0.6499996
24.421 , 0.6299992
24.423 , 0.6299992
24.425 , 0.6399994
24.428 , 0.6499996
24.43 , 0.6499996
24.432 , 0.6499996
24.434 , 0.6199989
24.436 , 0.6199989
24.438 , 0.5999985
24.44 , 0.5899982
24.443 , 0.5899982
24.445 , 0.5999985
24.447 , 0.579998
24.449 , 0.5899982
24.451 , 0.5999985
24.453 , 0.5699997
24.455 , 0.579998
24.458 , 0.5899982
24.46 , 0.5499992
24.462 , 0.5699997
24.464 , 0.5599995
24.466 , 0.539999
24.469 , 0.5499992
24.471 , 0.539999
24.473 , 0.5199986
24.475 , 0.5199986
24.477 , 0.539999
24.479 , 0.539999
24.481 , 0.5499992
24.484 , 0.5299988
24.486 , 0.5099983
24.488 , 0.4999981
24.49 , 0.4899979
24.492 , 0.4799995
24.494 , 0.4799995
24.496 , 0.4599991
24.499 , 0.4699993
24.501 , 0.4799995
24.503 , 0.4999981
24.505 , 0.4899979
24.507 , 0.4799995
24.509 , 0.4899979
24.511 , 0.4899979
24.514 , 0.4599991
24.516 , 0.4499989
24.518 , 0.4499989
24.52 , 0.4699993
24.522 , 0.4499989
24.524 , 0.4199982
24.527 , 0.4299984
24.529 , 0.4499989
24.531 , 0.4299984
24.533 , 0.4099979
24.535 , 0.4199982
24.537 , 0.4299984
24.539 , 0.4299984
24.542 , 0.4199982
24.544 , 0.4199982
24.546 , 0.4299984
24.548 , 0.4299984
24.55 , 0.3999996
24.552 , 0.3899994
24.554 , 0.3799992
24.556 , 0.3799992
24.559 , 0.3699989
24.561 , 0.3799992
24.563 , 0.3899994
24.565 , 0.3999996
24.567 , 0.3799992
24.569 , 0.3699989
24.572 , 0.3599987
24.574 , 0.3699989
24.576 , 0.3599987
24.578 , 0.3399982
24.58 , 0.3499985
24.582 , 0.3599987
24.584 , 0.3499985
24.587 , 0.3399982
24.589 , 0.3399982
24.591 , 0.3599987
24.593 , 0.3399982
24.595 , 0.3199997
24.598 , 0.3199997
24.6 , 0.3399982
24.602 , 0.3399982
24.604 , 0.2999992
24.606 , 0.3099995
24.608 , 0.3199997
24.61 , 0.329998
24.612 , 0.3199997
24.615 , 0.3199997
24.617 , 0.329998
24.619 , 0.329998
24.621 , 0.2999992
24.623 , 0.289999
24.625 , 0.2799988
24.627 , 0.2799988
24.63 , 0.2699986
24.632 , 0.2799988
24.634 , 0.2699986
24.636 , 0.2999992
24.638 , 0.2799988
24.64 , 0.2699986
24.642 , 0.2599983
24.645 , 0.2799988
24.647 , 0.2599983
24.649 , 0.2399979
24.651 , 0.2399979
24.653 , 0.2699986
24.655 , 0.2499981
24.658 , 0.2299995
24.66 , 0.2399979
24.662 , 0.2499981
24.664 , 0.2399979
24.666 , 0.2199993
24.668 , 0.2299995
24.67 , 0.2299995
24.673 , 0.2299995
24.675 , 0.1999989
24.677 , 0.2199993
24.679 , 0.2199993
24.681 , 0.2399979
24.683 , 0.2099991
24.685 , 0.2199993
24.688 , 0.2299995
24.69 , 0.2299995
24.692 , 0.2199993
24.694 , 0.1999989
24.696 , 0.1799984
24.698 , 0.1999989
24.701 , 0.1799984
24.703 , 0.1699982
24.705 , 0.1799984
24.707 , 0.1999989
24.717 , 0.1799984
24.719 , 0.1599979
24.721 , 0.1599979
24.723 , 0.1599979
24.726 , 0.1699982
24.728 , 0.1499996
24.73 , 0.1599979
24.732 , 0.1499996
24.734 , 0.1599979
24.736 , 0.1599979
24.738 , 0.1499996
24.74 , 0.1399994
24.743 , 0.1599979
24.745 , 0.1499996
24.747 , 0.1199989
24.749 , 0.1199989
24.751 , 0.1499996
24.753 , 0.1499996
24.755 , 0.1499996
24.758 , 0.1499996
24.76 , 0.1599979
24.762 , 0.1399994
24.764 , 0.1199989
24.766 , 0.1099987
24.768 , 0.1099987
24.771 , 0.1099987
24.773 , 0.09999847
24.775 , 0.09999847
24.777 , 0.1199989
24.779 , 0.1299992
24.781 , 0.1099987
24.783 , 0.09999847
24.786 , 0.1099987
24.788 , 0.1099987
24.79 , 0.08999825
24.792 , 0.07999802
24.794 , 0.07999802
24.796 , 0.09999847
24.798 , 0.08999825
24.801 , 0.07999802
24.803 , 0.08999825
24.805 , 0.09999847
24.807 , 0.07999802
24.809 , 0.06999969
24.811 , 0.06999969
24.814 , 0.08999825
24.816 , 0.06999969
24.818 , 0.04999924
24.82 , 0.05999947
24.822 , 0.06999969
24.824 , 0.06999969
24.827 , 0.06999969
24.829 , 0.07999802
24.831 , 0.08999825
24.833 , 0.08999825
24.835 , 0.03999901
24.837 , 0.04999924
24.839 , 0.04999924
24.842 , 0.04999924
24.844 , 0.03999901
24.846 , 0.03999901
24.848 , 0.05999947
24.85 , 0.06999969
24.853 , 0.02999878
24.855 , 0.03999901
24.857 , 0.04999924
24.859 , 0.04999924
24.861 , 0.01999855
24.863 , 0.01999855
24.865 , 0.02999878
24.868 , 0.04999924
24.87 , 0.01999855
24.872 , 0.01999855
24.874 , 0.01999855
24.876 , 0.03999901
24.878 , 0.01999855
24.881 , -1.907348e-06
24.883 , 0.009998322
24.885 , 0.01999855
24.887 , 0.01999855
24.889 , -0.01000214
24.891 , -1.907348e-06
24.893 , 0.01999855
24.896 , 0.01999855
24.898 , 0.01999855
24.9 , 0.01999855
24.902 , 0.02999878
24.904 , 0.01999855
24.906 , -1.907348e-06
24.908 , -0.01000214
24.911 , -0.01000214
24.913 , -0.02000046
24.915 , -0.03000069
24.917 , -0.02000046
24.919 , -1.907348e-06
24.921 , 0.009998322
24.923 , -0.01000214
24.925 , -0.02000046
24.928 , -0.02000046
24.93 , -1.907348e-06
24.932 , -0.03000069
24.934 , -0.03000069
24.936 , -0.04000092
24.938 , -0.01000214
24.94 , -0.02000046
24.942 , -0.04000092
24.945 , -0.04000092
24.947 , -0.02000046
24.949 , -0.02000046
24.951 , -0.05000114
24.953 , -0.04000092
24.955 , -0.03000069
24.957 , -0.03000069
24.959 , -0.05000114
24.961 , -0.04000092
24.964 , -0.04000092
24.966 , -0.02000046
24.968 , -0.03000069
24.97 , -0.03000069
24.972 , -0.02000046
24.974 , -0.01000214
24.976 , -0.04000092
24.979 , -0.05000114
24.981 , -0.0700016
24.983 , -0.05000114
24.985 , -0.06000137
24.987 , -0.0700016
24.989 , -0.06000137
24.991 , -0.03000069
24.993 , -0.03000069
24.995 , -0.06000137
24.998 , -0.05000114
25.0 , -0.05000114
25.002 , -0.05000114
25.004 , -0.0700016
25.006 , -0.0700016
25.008 , -0.06000137
25.01 , -0.05000114
25.012 , -0.0700016
25.014 , -0.0700016
25.016 , -0.0700016
25.018 , -0.06000137
25.021 , -0.06000137
25.023 , -0.08000183
25.025 , -0.08000183
25.027 , -0.06000137
25.029 , -0.0700016
25.031 , -0.09000206
25.033 , -0.08000183
25.035 , -0.0700016
25.037 , -0.0700016
25.039 , -0.08000183
25.042 , -0.0700016
25.044 , -0.06000137
25.046 , -0.05000114
25.048 , -0.0700016
25.05 , -0.09000206
25.052 , -0.1000004
25.054 , -0.09000206
25.056 , -0.09000206
25.058 , -0.1100006
25.061 , -0.1000004
25.063 , -0.08000183
25.065 , -0.08000183
25.067 , -0.1000004
25.069 , -0.09000206
25.071 , -0.08000183
25.073 , -0.09000206
25.075 , -0.1100006
25.077 , -0.1100006
25.079 , -0.1000004
25.082 , -0.09000206
25.091 , -0.1000004
25.093 , -0.1200008
25.095 , -0.1200008
25.098 , -0.1100006
25.1 , -0.1100006
25.102 , -0.1300011
25.104 , -0.1200008
25.106 , -0.1100006
25.108 , -0.1100006
25.11 , -0.1200008
25.112 , -0.1100006
25.114 , -0.1100006
25.116 , -0.09000206
25.119 , -0.1100006
25.121 , -0.1300011
25.123 , -0.1500015
25.125 , -0.1300011
25.127 , -0.1400013
25.129 , -0.1500015
25.131 , -0.1500015
25.133 , -0.1200008
25.135 , -0.1100006
25.137 , -0.1400013
25.139 , -0.1400013
25.141 , -0.1400013
25.143 , -0.1300011
25.146 , -0.1500015
25.148 , -0.170002
25.15 , -0.1600018
25.152 , -0.1400013
25.154 , -0.1400013
25.156 , -0.1600018
25.158 , -0.1600018
25.16 , -0.1300011
25.162 , -0.1400013
25.164 , -0.170002
25.167 , -0.170002
25.169 , -0.1500015
25.171 , -0.1600018
25.173 , -0.170002
25.175 , -0.170002
25.177 , -0.170002
25.179 , -0.170002
25.182 , -0.170002
25.184 , -0.170002
25.186 , -0.1500015
25.188 , -0.1400013
25.19 , -0.1600018
25.192 , -0.1800003
25.194 , -0.2000008
25.196 , -0.1800003
25.198 , -0.1900005
25.2 , -0.210001
25.202 , -0.2000008
25.205 , -0.170002
25.207 , -0.1800003
25.209 , -0.2000008
25.211 , -0.1900005
25.213 , -0.1900005
25.215 , -0.1900005
25.217 , -0.2000008
25.219 , -0.210001
25.221 , -0.210001
25.223 , -0.1900005
25.226 , -0.2000008
25.228 , -0.210001
25.23 , -0.210001
25.232 , -0.1900005
25.234 , -0.2000008
25.236 , -0.2200012
25.238 , -0.2200012
25.24 , -0.2000008
25.242 , -0.210001
25.245 , -0.2300014
25.247 , -0.2200012
25.249 , -0.210001
25.251 , -0.2000008
25.253 , -0.2000008
25.255 , -0.2000008
25.257 , -0.2000008
25.259 , -0.1900005
25.261 , -0.210001
25.263 , -0.2200012
25.265 , -0.2300014
25.268 , -0.2200012
25.27 , -0.2200012
25.272 , -0.2400017
25.274 , -0.2300014
25.276 , -0.2000008
25.278 , -0.2000008
25.28 , -0.2200012
25.282 , -0.2200012
25.284 , -0.2200012
25.286 , -0.2200012
25.288 , -0.2200012
25.29 , -0.2300014
25.292 , -0.2300014
25.295 , -0.210001
25.297 , -0.2200012
25.299 , -0.2200012
25.301 , -0.2300014
25.303 , -0.210001
25.305 , -0.2200012
25.307 , -0.2500019
25.309 , -0.2400017
25.311 , -0.2200012
25.313 , -0.2300014
25.316 , -0.2500019
25.318 , -0.2300014
25.32 , -0.2200012
25.322 , -0.2200012
25.324 , -0.2200012
25.326 , -0.2200012
25.328 , -0.210001
25.33 , -0.2000008
25.332 , -0.2200012
25.334 , -0.2300014
25.336 , -0.2500019
25.339 , -0.2300014
25.341 , -0.2300014
25.343 , -0.2500019
25.345 , -0.2400017
25.347 , -0.2200012
25.349 , -0.2200012
25.351 , -0.2500019
25.353 , -0.2400017
25.355 , -0.2300014
25.357 , -0.2400017
25.36 , -0.2500019
25.362 , -0.3000011
25.364 , -0.2900009
25.366 , -0.2500019
25.368 , -0.2400017
25.37 , -0.2200012
25.372 , -0.2000008
25.374 , -0.1800003
25.376 , -0.170002
25.379 , -0.1900005
25.381 , -0.1900005
25.383 , -0.210001
25.385 , -0.210001
25.387 , -0.2200012
25.389 , -0.210001
25.391 , -0.2200012
25.393 , -0.210001
25.395 , -0.2000008
25.397 , -0.1900005
25.4 , -0.1900005
25.402 , -0.1800003
25.404 , -0.1800003
25.406 , -0.1800003
25.408 , -0.1900005
25.41 , -0.1800003
25.412 , -0.1800003
25.414 , -0.1800003
25.416 , -0.170002
25.418 , -0.170002
25.42 , -0.170002
25.423 , -0.170002
25.425 , -0.170002
25.427 , -0.1600018
25.429 , -0.1600018
25.431 , -0.170002
25.433 , -0.170002
25.435 , -0.1600018
25.437 , -0.1500015
25.44 , -0.1500015
25.442 , -0.1500015
25.444 , -0.1400013
25.446 , -0.1500015
25.448 , -0.1400013
25.45 , -0.1400013
25.46 , -0.1300011
25.462 , -0.1300011
25.464 , -0.1200008
25.466 , -0.1200008
25.468 , -0.1200008
25.47 , -0.1200008
25.472 , -0.1100006
25.474 , -0.1100006
25.476 , -0.1100006
25.479 , -0.1000004
25.481 , -0.1000004
25.483 , -0.0700016
25.485 , -0.05000114
25.487 , -0.06000137
25.489 , -0.08000183
25.491 , -0.08000183
25.493 , 0.02999878
25.496 , 0.1299992
25.498 , 0.289999
25.5 , 0.539999
25.502 , 0.7799988
25.504 , 0.8599987
25.506 , 0.8099995
25.508 , 0.7599983
25.51 , 0.6399994
25.513 , 0.5299988
25.515 , 0.5099983
25.517 , 0.579998
25.519 , 0.6999989
25.521 , 0.8099995
25.523 , 0.8599987
25.525 , 0.9199982
25.528 , 0.9799995
25.53 , 1.15
25.532 , 1.279999
25.534 , 1.48
25.536 , 1.599998
25.538 , 1.709999
25.54 , 1.749998
25.542 , 1.719999
25.545 , 1.469999
25.547 , 1.139999
25.549 , 0.7599983
25.551 , 0.5199986
25.553 , 0.3699989
25.555 , 0.3499985
25.557 , 0.4499989
25.56 , 0.6499996
25.562 , 0.8499985
25.564 , 0.9499989
25.566 , 1.029999
25.568 , 1.009998
25.57 , 0.9799995
25.573 , 0.8999996
25.575 , 0.8399982
25.577 , 0.789999
25.579 , 0.7699986
25.581 , 0.7699986
25.583 , 0.7999992
25.586 , 0.8199997
25.588 , 0.8499985
25.59 , 0.8499985
25.592 , 0.8499985
25.594 , 0.8399982
25.596 , 0.8199997
25.598 , 0.8199997
25.601 , 0.8099995
25.603 , 0.8099995
25.605 , 0.8099995
25.607 , 0.8199997
25.609 , 0.829998
25.611 , 0.829998
25.614 , 0.829998
25.616 , 0.8199997
25.618 , 0.8199997
25.62 , 0.8199997
25.622 , 0.8099995
25.624 , 0.8199997
25.626 , 0.7999992
25.629 , 0.8199997
25.631 , 0.8099995
25.633 , 0.8099995
25.635 , 0.8199997
25.637 , 0.8099995
25.639 , 0.8199997
25.642 , 0.8099995
25.644 , 0.8099995
25.646 , 0.8199997
25.648 , 0.8099995
25.65 , 0.7999992
25.652 , 0.7999992
25.655 , 0.8099995
25.657 , 0.8199997
25.659 , 0.8099995
25.661 , 0.8099995
25.663 , 0.8199997
25.665 , 0.8099995
25.667 , 0.8099995
25.67 , 0.7999992
25.672 , 0.7999992
25.674 , 0.7999992
25.676 , 0.7999992
25.678 , 0.7999992
25.68 , 0.7999992
25.682 , 0.7999992
25.685 , 0.8099995
25.687 , 0.789999
25.689 , 0.7999992
25.691 , 0.7999992
25.693 , 0.7799988
25.696 , 0.7999992
25.698 , 0.789999
25.7 , 0.7999992
25.702 , 0.7999992
25.704 , 0.789999
25.706 , 0.789999
25.708 , 0.7999992
25.711 , 0.7999992
25.713 , 0.789999
25.715 , 0.7999992
25.717 , 0.789999
25.719 , 0.7999992
25.721 , 0.789999
25.723 , 0.789999
25.725 , 0.7799988
25.728 , 0.789999
25.73 , 0.7799988
25.732 , 0.6699982
25.734 , 0.6299992
25.736 , 0.6699982
25.738 , 0.7199993
25.74 , 0.7699986
25.743 , 0.8499985
25.745 , 0.8799992
25.747 , 0.8699989
25.749 , 0.8099995
25.751 , 0.7499981
25.754 , 0.7099991
25.756 , 0.6699982
25.758 , 0.6599979
25.76 , 0.6799984
25.762 , 0.7299995
25.764 , 0.7199993
25.766 , 0.7099991
25.769 , 0.7199993
25.771 , 0.7499981
25.773 , 0.7199993
25.775 , 0.6999989
25.777 , 0.7199993
25.779 , 0.7199993
25.782 , 0.6699982
25.784 , 0.6999989
25.786 , 0.7199993
25.788 , 0.6799984
25.79 , 0.6799984
25.792 , 0.6899986
25.794 , 0.7099991
25.797 , 0.6599979
25.799 , 0.6599979
25.801 , 0.6899986
25.803 , 0.6799984
25.805 , 0.6599979
25.807 , 0.6599979
25.81 , 0.6899986
25.812 , 0.6499996
25.814 , 0.6399994
25.816 , 0.6699982
25.818 , 0.6799984
25.821 , 0.6699982
25.823 , 0.6699982
25.825 , 0.6799984
25.827 , 0.6599979
25.837 , 0.5999985
25.839 , 0.6299992
25.841 , 0.6599979
25.843 , 0.6199989
25.845 , 0.6199989
25.847 , 0.6499996
25.85 , 0.6399994
25.852 , 0.5999985
25.854 , 0.5999985
25.856 , 0.6299992
25.858 , 0.5999985
25.86 , 0.5899982
25.862 , 0.6099987
25.865 , 0.6199989
25.867 , 0.5999985
25.869 , 0.5899982
25.871 , 0.6099987
25.873 , 0.6099987
25.876 , 0.5699997
25.878 , 0.5899982
25.88 , 0.5999985
25.882 , 0.5999985
25.884 , 0.5899982
25.886 , 0.6099987
25.889 , 0.5999985
25.891 , 0.5599995
25.893 , 0.539999
25.895 , 0.5599995
25.897 , 0.5499992
25.899 , 0.5499992
25.901 , 0.5699997
25.904 , 0.5899982
25.906 , 0.5599995
25.908 , 0.5499992
25.91 , 0.5699997
25.912 , 0.5599995
25.914 , 0.5199986
25.916 , 0.539999
25.919 , 0.5599995
25.921 , 0.539999
25.923 , 0.5199986
25.925 , 0.539999
25.927 , 0.5499992
25.929 , 0.5099983
25.931 , 0.5199986
25.933 , 0.5299988
25.936 , 0.5299988
25.938 , 0.4999981
25.94 , 0.5099983
25.942 , 0.5199986
25.944 , 0.5199986
25.946 , 0.5099983
25.949 , 0.5199986
25.951 , 0.5199986
25.953 , 0.4899979
25.955 , 0.4899979
25.957 , 0.4899979
25.959 , 0.4899979
25.962 , 0.4699993
25.964 , 0.4899979
25.966 , 0.5099983
25.968 , 0.4799995
25.97 , 0.4699993
25.972 , 0.4899979
25.974 , 0.4799995
25.977 , 0.4599991
25.979 , 0.4499989
25.981 , 0.4699993
25.983 , 0.4599991
25.985 , 0.4399986
25.987 , 0.4599991
25.99 , 0.4599991
25.992 , 0.4299984
25.994 , 0.4299984
25.996 , 0.4499989
25.998 , 0.4399986
26.001 , 0.4099979
26.003 , 0.4099979
26.005 , 0.4399986
26.007 , 0.4399986
26.009 , 0.4499989
26.011 , 0.4299984
26.013 , 0.4499989
26.016 , 0.4499989
26.018 , 0.4499989
26.02 , 0.4299984
26.022 , 0.3999996
26.024 , 0.3799992
26.026 , 0.3899994
26.028 , 0.3999996
26.031 , 0.4099979
26.033 , 0.3999996
26.035 , 0.4199982
26.037 , 0.4199982
26.039 , 0.4299984
26.041 , 0.4199982
26.043 , 0.3999996
26.045 , 0.3799992
26.048 , 0.3699989
26.05 , 0.3899994
26.052 , 0.3899994
26.054 , 0.3999996
26.056 , 0.3699989
26.058 , 0.3899994
26.06 , 0.3999996
26.062 , 0.3999996
26.065 , 0.3899994
26.067 , 0.3599987
26.069 , 0.3699989
26.071 , 0.3699989
26.073 , 0.3799992
26.076 , 0.3699989
26.078 , 0.3599987
26.08 , 0.3599987
26.082 , 0.3699989
26.084 , 0.3699989
26.086 , 0.3699989
26.088 , 0.3499985
26.091 , 0.3399982
26.093 , 0.3499985
26.095 , 0.3599987
26.097 , 0.3599987
26.099 , 0.3599987
26.101 , 0.3499985
26.103 , 0.3599987
26.106 , 0.3499985
26.108 , 0.3599987
26.11 , 0.3499985
26.112 , 0.3199997
26.114 , 0.3099995
26.116 , 0.3199997
26.118 , 0.3199997
26.12 , 0.3199997
26.123 , 0.3199997
26.125 , 0.3199997
26.127 , 0.3399982
26.129 , 0.329998
26.131 , 0.329998
26.133 , 0.3099995
26.136 , 0.3099995
26.138 , 0.289999
26.14 , 0.2999992
26.142 , 0.3099995
26.144 , 0.2999992
26.146 , 0.2699986
26.148 , 0.2999992
26.151 , 0.2999992
26.153 , 0.3099995
26.155 , 0.2799988
26.157 , 0.2699986
26.159 , 0.2799988
26.161 , 0.2799988
26.163 , 0.289999
26.165 , 0.2699986
26.168 , 0.2499981
26.17 , 0.2399979
26.172 , 0.2599983
26.174 , 0.2699986
26.176 , 0.2699986
26.178 , 0.2399979
26.181 , 0.2399979
26.183 , 0.2599983
26.185 , 0.2399979
26.187 , 0.2499981
26.189 , 0.2399979
26.191 , 0.2399979
26.194 , 0.2599983
26.196 , 0.2499981
26.198 , 0.2499981
26.2 , 0.2399979
26.202 , 0.1999989
26.204 , 0.1999989
26.214 , 0.2099991
26.216 , 0.2299995
26.218 , 0.2299995
26.22 , 0.2299995
26.223 , 0.2099991
26.225 , 0.1899986
26.227 , 0.1899986
26.229 , 0.1999989
26.231 , 0.1999989
26.233 , 0.1899986
26.235 , 0.1799984
26.237 , 0.1899986
26.24 , 0.1999989
26.242 , 0.1999989
26.244 , 0.1999989
26.246 , 0.1699982
26.248 , 0.1799984
26.25 , 0.1899986
26.253 , 0.1799984
26.255 , 0.1899986
26.257 , 0.1599979
26.259 , 0.1699982
26.261 , 0.1699982
26.263 , 0.1699982
26.266 , 0.1799984
26.268 , 0.1599979
26.27 , 0.1599979
26.272 , 0.1599979
26.274 , 0.1599979
26.276 , 0.1699982
26.278 , 0.1699982
26.281 , 0.1599979
26.283 , 0.1699982
26.285 , 0.1699982
26.287 , 0.1699982
26.289 , 0.1599979
26.291 , 0.1199989
26.293 , 0.1299992
26.296 , 0.1399994
26.298 , 0.1499996
26.3 , 0.1399994
26.302 , 0.1399994
26.304 , 0.1499996
26.306 , 0.1699982
26.308 , 0.1599979
26.31 , 0.1499996
26.313 , 0.1199989
26.315 , 0.1199989
26.317 , 0.1199989
26.319 , 0.1299992
26.321 , 0.1299992
26.323 , 0.1099987
26.326 , 0.1099987
26.328 , 0.1199989
26.33 , 0.1199989
26.332 , 0.1299992
26.334 , 0.1099987
26.336 , 0.09999847
26.338 , 0.1099987
26.341 , 0.09999847
26.343 , 0.1099987
26.345 , 0.09999847
26.347 , 0.08999825
26.349 , 0.08999825
26.351 , 0.09999847
26.354 , 0.09999847
26.356 , 0.09999847
26.358 , 0.06999969
26.36 , 0.07999802
26.362 , 0.07999802
26.364 , 0.08999825
26.366 , 0.08999825
26.369 , 0.08999825
26.371 , 0.08999825
26.373 , 0.1099987
26.375 , 0.09999847
26.377 , 0.08999825
26.379 , 0.05999947
26.382 , 0.04999924
26.384 , 0.05999947
26.386 , 0.04999924
26.388 , 0.05999947
26.39 , 0.05999947
26.392 , 0.05999947
26.395 , 0.07999802
26.397 , 0.05999947
26.399 , 0.07999802
26.401 , 0.04999924
26.403 , 0.02999878
26.405 , 0.03999901
26.407 , 0.03999901
26.41 , 0.04999924
26.412 , 0.03999901
26.414 , 0.02999878
26.416 , 0.02999878
26.418 , 0.03999901
26.42 , 0.04999924
26.423 , 0.04999924
26.425 , 0.01999855
26.427 , 0.01999855
26.429 , 0.02999878
26.431 , 0.02999878
26.433 , 0.02999878
26.435 , 0.009998322
26.438 , 0.01999855
26.44 , 0.01999855
26.442 , 0.01999855
26.444 , 0.01999855
26.446 , 0.009998322
26.448 , 0.009998322
26.451 , 0.009998322
26.453 , 0.009998322
26.455 , 0.01999855
26.457 , 0.009998322
26.459 , 0.009998322
26.461 , 0.01999855
26.464 , 0.01999855
26.466 , 0.01999855
26.468 , -1.907348e-06
26.47 , -0.03000069
26.472 , -0.03000069
26.474 , -0.02000046
26.476 , -0.01000214
26.478 , -0.01000214
26.48 , -0.02000046
26.483 , -0.01000214
26.485 , -1.907348e-06
26.487 , -1.907348e-06
26.489 , -1.907348e-06
26.491 , -0.03000069
26.493 , -0.03000069
26.495 , -0.03000069
26.497 , -0.02000046
26.5 , -0.02000046
26.502 , -0.03000069
26.504 , -0.04000092
26.506 , -0.02000046
26.508 , -0.02000046
26.51 , -0.01000214
26.512 , -0.03000069
26.514 , -0.04000092
26.517 , -0.04000092
26.519 , -0.03000069
26.521 , -0.02000046
26.523 , -0.03000069
26.525 , -0.06000137
26.527 , -0.05000114
26.529 , -0.04000092
26.531 , -0.04000092
26.533 , -0.04000092
26.535 , -0.06000137
26.538 , -0.05000114
26.54 , -0.04000092
26.542 , -0.04000092
26.544 , -0.04000092
26.546 , -0.04000092
26.548 , -0.04000092
26.55 , -0.03000069
26.552 , -0.03000069
26.554 , -0.02000046
26.556 , -0.04000092
26.559 , -0.0700016
26.561 , -0.08000183
26.563 , -0.0700016
26.565 , -0.06000137
26.567 , -0.06000137
26.569 , -0.06000137
26.571 , -0.05000114
26.573 , -0.04000092
26.576 , -0.04000092
26.578 , -0.04000092
26.58 , -0.06000137
26.59 , -0.06000137
26.592 , -0.08000183
26.594 , -0.08000183
26.596 , -0.06000137
26.598 , -0.06000137
26.6 , -0.0700016
26.602 , -0.0700016
26.605 , -0.08000183
26.607 , -0.08000183
26.609 , -0.0700016
26.611 , -0.0700016
26.613 , -0.08000183
26.615 , -0.09000206
26.617 , -0.09000206
26.619 , -0.08000183
26.621 , -0.08000183
26.624 , -0.08000183
26.626 , -0.1000004
26.628 , -0.09000206
26.63 , -0.09000206
26.632 , -0.09000206
26.634 , -0.08000183
26.636 , -0.08000183
26.638 , -0.08000183
26.641 , -0.0700016
26.643 , -0.0700016
26.645 , -0.08000183
26.647 , -0.09000206
26.649 , -0.1100006
26.651 , -0.1100006
26.653 , -0.1100006
26.655 , -0.1000004
26.657 , -0.1000004
26.66 , -0.1000004
26.662 , -0.09000206
26.664 , -0.08000183
26.666 , -0.08000183
26.668 , -0.08000183
26.67 , -0.1000004
26.672 , -0.1100006
26.674 , -0.1000004
26.676 , -0.1000004
26.678 , -0.1000004
26.681 , -0.1100006
26.683 , -0.1100006
26.685 , -0.1000004
26.687 , -0.09000206
26.689 , -0.08000183
26.691 , -0.1000004
26.693 , -0.1100006
26.695 , -0.1100006
26.697 , -0.1000004
26.699 , -0.1000004
26.702 , -0.1100006
26.704 , -0.1200008
26.706 , -0.1200008
26.708 , -0.1100006
26.71 , -0.1000004
26.712 , -0.1000004
26.714 , -0.1200008
26.716 , -0.1200008
26.718 , -0.1100006
26.72 , -0.1100006
26.723 , -0.1000004
26.725 , -0.1000004
26.727 , -0.1000004
26.729 , -0.09000206
26.731 , -0.09000206
26.733 , -0.09000206
26.735 , -0.09000206
26.737 , -0.1200008
26.739 , -0.1300011
26.742 , -0.1200008
26.744 , -0.1100006
26.746 , -0.1100006
26.748 , -0.1200008
26.75 , -0.1100006
26.752 , -0.09000206
26.754 , -0.09000206
26.756 , -0.08000183
26.758 , -0.1000004
26.76 , -0.1200008
26.762 , -0.1200008
26.765 , -0.1200008
26.767 , -0.1100006
26.769 , -0.1100006
26.771 , -0.1200008
26.773 , -0.1100006
26.775 , -0.1000004
26.777 , -0.1000004
26.779 , -0.1000004
26.782 , -0.1100006
26.784 , -0.1100006
26.786 , -0.1100006
26.788 , -0.1000004
26.79 , -0.09000206
26.792 , -0.1000004
26.794 , -0.1100006
26.796 , -0.1000004
26.798 , -0.1000004
26.8 , -0.09000206
26.803 , -0.1000004
26.805 , -0.1100006
26.807 , -0.1100006
26.809 , -0.1000004
26.811 , -0.09000206
26.813 , -0.09000206
26.815 , -0.09000206
26.817 , -0.09000206
26.819 , -0.08000183
26.821 , -0.08000183
26.824 , -0.08000183
26.826 , -0.1100006
26.828 , -0.1200008
26.83 , -0.1100006
26.832 , -0.1100006
26.834 , -0.1000004
26.836 , -0.1000004
26.838 , -0.1100006
26.841 , -0.1000004
26.843 , -0.09000206
26.845 , -0.08000183
26.847 , -0.08000183
26.849 , -0.1100006
26.851 , -0.1100006
26.853 , -0.1000004
26.855 , -0.1000004
26.857 , -0.1000004
26.859 , -0.1200008
26.861 , -0.1600018
26.864 , -0.1400013
26.866 , -0.1100006
26.868 , -0.1000004
26.87 , -0.08000183
26.872 , -0.0700016
26.874 , -0.05000114
26.876 , -0.06000137
26.878 , -0.0700016
26.88 , -0.0700016
26.883 , -0.08000183
26.885 , -0.08000183
26.887 , -0.09000206
26.889 , -0.09000206
26.891 , -0.09000206
26.893 , -0.08000183
26.895 , -0.0700016
26.898 , -0.06000137
26.9 , -0.0700016
26.902 , -0.0700016
26.904 , -0.08000183
26.906 , -0.0700016
26.908 , -0.06000137
26.91 , -0.06000137
26.912 , -0.06000137
26.914 , -0.06000137
26.917 , -0.06000137
26.919 , -0.0700016
26.921 , -0.05000114
26.923 , -0.05000114
26.925 , -0.06000137
26.927 , -0.04000092
26.929 , -0.04000092
26.931 , -0.05000114
26.933 , -0.04000092
26.936 , -0.03000069
26.938 , -0.04000092
26.94 , -0.04000092
26.942 , -0.04000092
26.944 , -0.04000092
26.946 , -0.03000069
26.948 , -0.04000092
26.951 , -0.03000069
26.96 , -0.01000214
26.963 , -0.03000069
26.965 , -0.02000046
26.967 , -0.02000046
26.969 , -0.01000214
26.971 , -0.01000214
26.973 , -1.907348e-06
26.975 , -1.907348e-06
26.977 , -1.907348e-06
26.98 , -1.907348e-06
26.982 , 0.01999855
26.984 , 0.04999924
26.986 , 0.05999947
26.988 , 0.03999901
26.991 , 0.02999878
26.993 , 0.04999924
26.995 , 0.1799984
26.997 , 0.289999
26.999 , 0.4699993
27.001 , 0.7399979
27.003 , 0.9399986
27.006 , 0.9299984
27.008 , 0.8999996
27.01 , 0.8099995
27.012 , 0.6699982
27.014 , 0.6099987
27.016 , 0.6299992
27.018 , 0.6899986
27.021 , 0.829998
27.023 , 0.9099979
27.025 , 0.9499989
27.027 , 0.9899979
27.029 , 1.07
27.031 , 1.219999
27.034 , 1.389999
27.036 , 1.549999
27.038 , 1.709999
27.04 , 1.719999
27.042 , 1.509998
27.044 , 1.199999
27.046 , 0.8199997
27.048 , 0.5599995
27.05 , 0.3499985
27.053 , 0.329998
27.055 , 0.4199982
27.057 , 0.5899982
27.059 , 0.789999
27.061 , 0.9199982
27.063 , 0.9999981
27.065 , 1.019999
27.067 , 0.9899979
27.07 , 0.9199982
27.072 , 0.8399982
27.074 , 0.789999
27.076 , 0.7499981
27.078 , 0.7599983
27.08 , 0.7799988
27.083 , 0.7999992
27.085 , 0.8199997
27.087 , 0.8399982
27.089 , 0.8399982
27.091 , 0.829998
27.094 , 0.8199997
27.096 , 0.8099995
27.098 , 0.7999992
27.1 , 0.7999992
27.102 , 0.789999
27.104 , 0.7999992
27.106 , 0.8099995
27.109 , 0.8099995
27.111 , 0.7999992
27.113 , 0.7999992
27.115 , 0.8099995
27.117 , 0.7999992
27.119 , 0.789999
27.121 , 0.789999
27.123 , 0.789999
27.126 , 0.789999
27.128 , 0.789999
27.13 , 0.7799988
27.132 , 0.7999992
27.134 , 0.7799988
27.136 , 0.7799988
27.139 , 0.7999992
27.141 , 0.7699986
27.143 , 0.7699986
27.145 , 0.7799988
27.147 , 0.7699986
27.149 , 0.7799988
27.151 , 0.7999992
27.154 , 0.7699986
27.156 , 0.7799988
27.158 , 0.7799988
27.16 , 0.7699986
27.163 , 0.7799988
27.165 , 0.7599983
27.167 , 0.7699986
27.169 , 0.7699986
27.171 , 0.7699986
27.173 , 0.7699986
27.175 , 0.7599983
27.178 , 0.7599983
27.18 , 0.7599983
27.182 , 0.7599983
27.184 , 0.7499981
27.186 , 0.7499981
27.188 , 0.7499981
27.19 , 0.7499981
27.193 , 0.7499981
27.195 , 0.7599983
27.197 , 0.7299995
27.199 , 0.7499981
27.201 , 0.7399979
27.203 , 0.7399979
27.205 , 0.7299995
27.207 , 0.7299995
27.21 , 0.7399979
27.212 , 0.7199993
27.214 , 0.7299995
27.216 , 0.7299995
27.218 , 0.7199993
27.221 , 0.7299995
27.223 , 0.7199993
27.225 , 0.7199993
27.227 , 0.7199993
27.229 , 0.7099991
27.231 , 0.6899986
27.233 , 0.5899982
27.235 , 0.579998
27.238 , 0.6399994
27.24 , 0.6699982
27.242 , 0.7599983
27.244 , 0.7999992
27.246 , 0.8099995
27.248 , 0.789999
27.25 , 0.7099991
27.253 , 0.6599979
27.255 , 0.6199989
27.257 , 0.6099987
27.259 , 0.5999985
27.261 , 0.6099987
27.263 , 0.6599979
27.265 , 0.6899986
27.268 , 0.6599979
27.27 , 0.6499996
27.272 , 0.6699982
27.274 , 0.6599979
27.276 , 0.6199989
27.278 , 0.6199989
27.281 , 0.6499996
27.283 , 0.6399994
27.285 , 0.5999985
27.287 , 0.6199989
27.289 , 0.6399994
27.291 , 0.6399994
27.294 , 0.5999985
27.296 , 0.6099987
27.298 , 0.6399994
27.3 , 0.6299992
27.302 , 0.579998
27.304 , 0.6099987
27.306 , 0.6199989
27.309 , 0.6099987
27.311 , 0.5699997
27.313 , 0.5899982
27.315 , 0.6099987
27.317 , 0.5899982
27.319 , 0.5699997
27.321 , 0.579998
27.324 , 0.5999985
27.326 , 0.5899982
27.328 , 0.5899982
27.338 , 0.539999
27.34 , 0.5499992
27.342 , 0.5499992
27.344 , 0.5299988
27.346 , 0.5499992
27.348 , 0.5899982
27.351 , 0.5699997
27.353 , 0.539999
27.355 , 0.539999
27.357 , 0.5599995
27.359 , 0.539999
27.361 , 0.5099983
27.363 , 0.5199986
27.366 , 0.5499992
27.368 , 0.5299988
27.37 , 0.5099983
27.372 , 0.5299988
27.374 , 0.539999
27.376 , 0.5099983
27.378 , 0.4899979
27.381 , 0.5099983
27.383 , 0.5199986
27.385 , 0.4999981
27.387 , 0.4799995
27.389 , 0.4999981
27.391 , 0.5199986
27.393 , 0.5099983
27.396 , 0.5099983
27.398 , 0.5099983
27.4 , 0.5099983
27.402 , 0.4799995
27.404 , 0.4499989
27.406 , 0.4599991
27.408 , 0.4599991
27.411 , 0.4399986
27.413 , 0.4399986
27.415 , 0.4799995
27.417 , 0.4799995
27.419 , 0.4399986
27.421 , 0.4399986
27.424 , 0.4599991
27.426 , 0.4599991
27.428 , 0.4099979
27.43 , 0.4199982
27.432 , 0.4399986
27.434 , 0.4499989
27.436 , 0.3999996
27.439 , 0.4099979
27.441 , 0.4299984
27.443 , 0.4299984
27.445 , 0.3899994
27.447 , 0.3999996
27.449 , 0.4099979
27.451 , 0.4099979
27.454 , 0.3799992
27.456 , 0.3999996
27.458 , 0.3999996
27.46 , 0.3999996
27.462 , 0.3899994
27.464 , 0.3999996
27.467 , 0.4099979
27.469 , 0.3899994
27.471 , 0.3499985
27.473 , 0.3499985
27.475 , 0.3599987
27.477 , 0.3599987
27.48 , 0.3499985
27.482 , 0.3799992
27.484 , 0.3899994
27.486 , 0.3599987
27.488 , 0.3499985
27.49 , 0.3499985
27.493 , 0.3599987
27.495 , 0.3399982
27.497 , 0.329998
27.499 , 0.3399982
27.501 , 0.3499985
27.503 , 0.3499985
27.505 , 0.3499985
27.507 , 0.329998
27.51 , 0.329998
27.512 , 0.3399982
27.514 , 0.329998
27.516 , 0.3399982
27.518 , 0.3099995
27.52 , 0.2999992
27.522 , 0.3099995
27.524 , 0.3199997
27.527 , 0.329998
27.529 , 0.329998
27.531 , 0.2999992
27.533 , 0.2999992
27.535 , 0.2999992
27.537 , 0.2999992
27.54 , 0.2999992
27.542 , 0.3099995
27.544 , 0.2999992
27.546 , 0.2999992
27.548 , 0.2999992
27.55 , 0.2999992
27.552 , 0.2999992
27.555 , 0.2799988
27.557 , 0.2499981
27.559 , 0.2499981
27.561 , 0.2599983
27.563 , 0.2699986
27.565 , 0.2699986
27.567 , 0.2699986
27.57 , 0.2699986
27.572 , 0.2799988
27.574 , 0.2799988
27.576 , 0.2799988
27.578 , 0.2599983
27.58 , 0.2399979
27.582 , 0.2399979
27.585 , 0.2399979
27.587 , 0.2399979
27.589 , 0.2499981
27.591 , 0.2399979
27.593 , 0.2399979
27.596 , 0.2399979
27.598 , 0.2399979
27.6 , 0.2499981
27.602 , 0.2399979
27.604 , 0.2199993
27.606 , 0.2299995
27.608 , 0.2299995
27.611 , 0.2399979
27.613 , 0.2399979
27.615 , 0.2299995
27.617 , 0.2099991
27.619 , 0.2199993
27.621 , 0.2199993
27.623 , 0.2199993
27.626 , 0.2299995
27.628 , 0.2099991
27.63 , 0.2099991
27.632 , 0.2099991
27.634 , 0.2099991
27.636 , 0.2299995
27.638 , 0.2299995
27.641 , 0.2099991
27.643 , 0.2099991
27.645 , 0.2099991
27.647 , 0.2299995
27.649 , 0.2099991
27.651 , 0.1799984
27.653 , 0.1699982
27.656 , 0.1699982
27.658 , 0.1799984
27.66 , 0.1999989
27.662 , 0.2099991
27.664 , 0.1799984
27.666 , 0.1899986
27.669 , 0.2099991
27.671 , 0.1999989
27.673 , 0.1899986
27.675 , 0.1599979
27.677 , 0.1599979
27.679 , 0.1599979
27.682 , 0.1699982
27.684 , 0.1799984
27.686 , 0.1699982
27.688 , 0.1599979
27.69 , 0.1599979
27.692 , 0.1699982
27.694 , 0.1599979
27.697 , 0.1599979
27.699 , 0.1599979
27.701 , 0.1299992
27.703 , 0.1299992
27.705 , 0.1399994
27.715 , 0.1299992
27.717 , 0.1299992
27.719 , 0.1399994
27.721 , 0.1299992
27.724 , 0.1099987
27.726 , 0.1099987
27.728 , 0.1099987
27.73 , 0.1199989
27.732 , 0.1199989
27.734 , 0.1199989
27.737 , 0.1199989
27.739 , 0.1099987
27.741 , 0.1299992
27.743 , 0.1299992
27.745 , 0.1099987
27.747 , 0.09999847
27.749 , 0.07999802
27.752 , 0.07999802
27.754 , 0.07999802
27.756 , 0.08999825
27.758 , 0.09999847
27.76 , 0.07999802
27.762 , 0.09999847
27.765 , 0.1099987
27.767 , 0.08999825
27.769 , 0.08999825
27.771 , 0.07999802
27.773 , 0.05999947
27.775 , 0.05999947
27.778 , 0.05999947
27.78 , 0.06999969
27.782 , 0.06999969
27.784 , 0.04999924
27.786 , 0.05999947
27.788 , 0.06999969
27.791 , 0.06999969
27.793 , 0.06999969
27.795 , 0.05999947
27.797 , 0.03999901
27.8 , 0.03999901
27.802 , 0.04999924
27.804 , 0.04999924
27.806 , 0.05999947
27.808 , 0.03999901
27.81 , 0.02999878
27.812 , 0.03999901
27.814 , 0.03999901
27.817 , 0.03999901
27.819 , 0.03999901
27.821 , 0.01999855
27.823 , 0.02999878
27.825 , 0.02999878
27.827 , 0.02999878
27.83 , 0.03999901
27.832 , 0.01999855
27.834 , 0.02999878
27.836 , 0.03999901
27.838 , 0.02999878
27.84 , 0.03999901
27.843 , 0.02999878
27.845 , -1.907348e-06
27.847 , -0.01000214
27.849 , -1.907348e-06
27.851 , -1.907348e-06
27.853 , -1.907348e-06
27.855 , 0.01999855
27.858 , 0.009998322
27.86 , 0.01999855
27.862 , 0.01999855
27.864 , 0.01999855
27.867 , 0.009998322
27.869 , -0.02000046
27.871 , -0.02000046
27.873 , -0.02000046
27.875 , -0.01000214
27.877 , -1.907348e-06
27.879 , -1.907348e-06
27.881 , -0.02000046
27.884 , -0.02000046
27.886 , -1.907348e-06
27.888 , -1.907348e-06
27.89 , -1.907348e-06
27.892 , -0.02000046
27.894 , -0.03000069
27.896 , -0.02000046
27.898 , -0.02000046
27.901 , -0.02000046
27.903 , -0.02000046
27.905 , -0.04000092
27.907 , -0.04000092
27.909 , -0.03000069
27.911 , -0.03000069
27.913 , -0.03000069
27.915 , -0.03000069
27.918 , -0.05000114
27.92 , -0.05000114
27.922 , -0.03000069
27.924 , -0.03000069
27.926 , -0.03000069
27.928 , -0.03000069
27.93 , -0.03000069
27.932 , -0.03000069
27.935 , -0.03000069
27.937 , -0.03000069
27.939 , -0.03000069
27.941 , -0.06000137
27.943 , -0.06000137
27.945 , -0.06000137
27.947 , -0.06000137
27.949 , -0.06000137
27.952 , -0.05000114
27.954 , -0.05000114
27.956 , -0.05000114
27.958 , -0.04000092
27.96 , -0.03000069
27.962 , -0.04000092
27.964 , -0.0700016
27.966 , -0.0700016
27.969 , -0.0700016
27.971 , -0.0700016
27.973 , -0.06000137
27.975 , -0.06000137
27.977 , -0.08000183
27.979 , -0.0700016
27.981 , -0.06000137
27.983 , -0.05000114
27.986 , -0.05000114
27.988 , -0.06000137
27.99 , -0.08000183
27.992 , -0.08000183
27.994 , -0.0700016
27.996 , -0.06000137
27.998 , -0.0700016
28.0 , -0.08000183
28.003 , -0.08000183
28.005 , -0.08000183
28.007 , -0.0700016
28.009 , -0.0700016
28.011 , -0.06000137
28.013 , -0.09000206
28.015 , -0.08000183
28.017 , -0.08000183
28.019 , -0.0700016
28.022 , -0.0700016
28.024 , -0.0700016
28.026 , -0.0700016
28.028 , -0.06000137
28.03 , -0.06000137
28.032 , -0.06000137
28.034 , -0.06000137
28.036 , -0.08000183
28.038 , -0.1000004
28.04 , -0.1000004
28.042 , -0.09000206
28.045 , -0.08000183
28.047 , -0.09000206
28.049 , -0.08000183
28.051 , -0.0700016
28.053 , -0.0700016
28.055 , -0.0700016
28.057 , -0.0700016
28.06 , -0.08000183
28.062 , -0.1000004
28.064 , -0.1000004
28.066 , -0.09000206
28.068 , -0.09000206
28.07 , -0.09000206
28.072 , -0.08000183
28.074 , -0.08000183
28.077 , -0.1000004
28.079 , -0.08000183
28.081 , -0.08000183
28.09 , -0.1000004
28.092 , -0.09000206
28.095 , -0.09000206
28.097 , -0.1000004
28.099 , -0.1000004
28.101 , -0.1000004
28.103 , -0.09000206
28.105 , -0.08000183
28.107 , -0.1000004
28.109 , -0.1100006
28.111 , -0.1000004
28.113 , -0.1100006
28.116 , -0.1000004
28.118 , -0.09000206
28.12 , -0.09000206
28.122 , -0.08000183
28.124 , -0.1000004
28.126 , -0.08000183
28.128 , -0.08000183
28.13 , -0.09000206
28.132 , -0.1000004
28.135 , -0.1100006
28.137 , -0.1200008
28.139 , -0.1200008
28.141 , -0.1000004
28.143 , -0.1000004
28.145 , -0.1000004
28.147 , -0.1000004
28.149 , -0.09000206
28.151 , -0.09000206
28.153 , -0.09000206
28.156 , -0.09000206
28.158 , -0.1200008
28.16 , -0.1200008
28.162 , -0.1200008
28.164 , -0.1100006
28.166 , -0.1100006
28.168 , -0.1000004
28.17 , -0.1200008
28.172 , -0.1200008
28.174 , -0.1000004
28.176 , -0.1000004
28.179 , -0.1000004
28.181 , -0.1200008
28.183 , -0.1200008
28.185 , -0.1200008
28.187 , -0.1100006
28.189 , -0.1100006
28.191 , -0.1100006
28.193 , -0.1300011
28.195 , -0.1200008
28.197 , -0.1200008
28.2 , -0.1100006
28.202 , -0.1000004
28.204 , -0.1100006
28.206 , -0.1300011
28.208 , -0.1200008
28.21 , -0.1200008
28.212 , -0.1200008
28.214 , -0.1100006
28.216 , -0.1100006
28.218 , -0.1100006
28.22 , -0.1100006
28.222 , -0.1000004
28.225 , -0.09000206
28.227 , -0.1000004
28.229 , -0.1200008
28.231 , -0.1300011
28.233 , -0.1400013
28.235 , -0.1300011
28.237 , -0.1200008
28.239 , -0.1200008
28.241 , -0.1100006
28.243 , -0.1100006
28.245 , -0.1100006
28.248 , -0.1000004
28.25 , -0.1000004
28.252 , -0.1100006
28.254 , -0.1300011
28.256 , -0.1300011
28.258 , -0.1200008
28.26 , -0.1200008
28.262 , -0.1200008
28.264 , -0.1200008
28.266 , -0.1300011
28.268 , -0.1300011
28.271 , -0.1200008
28.273 , -0.1100006
28.275 , -0.1100006
28.277 , -0.1200008
28.279 , -0.1300011
28.281 , -0.1300011
28.283 , -0.1200008
28.285 , -0.1200008
28.287 , -0.1100006
28.289 , -0.1300011
28.291 , -0.1300011
28.294 , -0.1300011
28.296 , -0.1200008
28.298 , -0.1100006
28.3 , -0.1100006
28.302 , -0.1200008
28.304 , -0.1300011
28.306 , -0.1200008
28.308 , -0.1300011
28.31 , -0.1100006
28.312 , -0.1100006
28.314 , -0.1200008
28.317 , -0.1100006
28.319 , -0.1100006
28.321 , -0.1000004
28.323 , -0.1100006
28.325 , -0.1100006
28.327 , -0.1300011
28.329 , -0.1500015
28.331 , -0.1300011
28.333 , -0.1200008
28.335 , -0.1200008
28.337 , -0.1200008
28.339 , -0.1200008
28.342 , -0.1100006
28.344 , -0.1100006
28.346 , -0.1000004
28.348 , -0.1100006
28.35 , -0.1300011
28.352 , -0.1300011
28.354 , -0.1200008
28.356 , -0.1300011
28.358 , -0.1200008
28.36 , -0.1200008
28.362 , -0.1600018
28.365 , -0.170002
28.367 , -0.1400013
28.369 , -0.1300011
28.371 , -0.1100006
28.373 , -0.1000004
28.375 , -0.08000183
28.377 , -0.0700016
28.38 , -0.08000183
28.382 , -0.08000183
28.384 , -0.09000206
28.386 , -0.1000004
28.388 , -0.1000004
28.39 , -0.1000004
28.392 , -0.1000004
28.394 , -0.1000004
28.396 , -0.09000206
28.399 , -0.08000183
28.401 , -0.08000183
28.403 , -0.08000183
28.405 , -0.08000183
28.407 , -0.08000183
28.409 , -0.08000183
28.411 , -0.08000183
28.413 , -0.08000183
28.415 , -0.08000183
28.417 , -0.08000183
28.42 , -0.08000183
28.422 , -0.08000183
28.424 , -0.0700016
28.426 , -0.0700016
28.428 , -0.0700016
28.43 , -0.0700016
28.432 , -0.0700016
28.434 , -0.06000137
28.437 , -0.05000114
28.439 , -0.05000114
28.441 , -0.06000137
28.443 , -0.05000114
28.445 , -0.05000114
28.447 , -0.06000137
28.449 , -0.05000114
28.459 , -0.04000092
28.461 , -0.04000092
28.463 , -0.03000069
28.465 , -0.04000092
28.468 , -0.04000092
28.47 , -0.04000092
28.472 , -0.04000092
28.474 , -0.03000069
28.476 , -0.03000069
28.478 , -0.03000069
28.48 , -0.01000214
28.482 , -1.907348e-06
28.484 , 0.01999855
28.487 , 0.02999878
28.489 , 0.01999855
28.491 , -1.907348e-06
28.493 , 0.02999878
28.495 , 0.1299992
28.497 , 0.2699986
28.5 , 0.4599991
28.502 , 0.7099991
28.504 , 0.9199982
28.506 , 0.8999996
28.508 , 0.8599987
28.51 , 0.7799988
28.513 , 0.6399994
28.515 , 0.5899982
28.517 , 0.5899982
28.519 , 0.6699982
28.521 , 0.8099995
28.523 , 0.8699989
28.525 , 0.9199982
28.528 , 0.9399986
28.53 , 1.019999
28.532 , 1.15
28.534 , 1.279999
28.536 , 1.419998
28.538 , 1.349998
28.54 , 1.189999
28.542 , 0.9299984
28.545 , 0.6899986
28.547 , 0.4399986
28.549 , 0.3399982
28.551 , 0.3399982
28.553 , 0.4199982
28.555 , 0.579998
28.558 , 0.6999989
28.56 , 0.8199997
28.562 , 0.8699989
28.564 , 0.8699989
28.566 , 0.829998
28.569 , 0.7699986
28.571 , 0.7199993
28.573 , 0.6799984
28.575 , 0.6699982
28.577 , 0.6699982
28.579 , 0.6899986
28.581 , 0.7099991
28.584 , 0.7199993
28.586 , 0.7399979
28.588 , 0.7399979
28.59 , 0.7299995
28.592 , 0.7199993
28.594 , 0.7099991
28.597 , 0.6999989
28.599 , 0.6999989
28.601 , 0.6999989
28.603 , 0.7099991
28.605 , 0.7099991
28.607 , 0.7199993
28.609 , 0.6999989
28.612 , 0.7099991
28.614 , 0.7099991
28.616 , 0.6999989
28.618 , 0.7099991
28.62 , 0.6999989
28.622 , 0.7099991
28.625 , 0.6999989
28.627 , 0.6999989
28.629 , 0.6999989
28.631 , 0.7099991
28.633 , 0.6999989
28.635 , 0.7099991
28.638 , 0.7099991
28.64 , 0.6999989
28.642 , 0.7099991
28.644 , 0.6999989
28.646 , 0.7099991
28.648 , 0.6999989
28.65 , 0.6999989
28.653 , 0.6999989
28.655 , 0.6999989
28.657 , 0.6999989
28.659 , 0.6999989
28.661 , 0.6899986
28.664 , 0.6999989
28.666 , 0.6899986
28.668 , 0.6999989
28.67 , 0.6999989
28.672 , 0.6999989
28.674 , 0.6999989
28.677 , 0.6999989
28.679 , 0.6899986
28.681 , 0.6899986
28.683 , 0.6899986
28.685 , 0.6899986
28.687 , 0.6899986
28.69 , 0.6899986
28.692 , 0.6899986
28.694 , 0.6999989
28.696 , 0.6899986
28.698 , 0.6899986
28.7 , 0.6899986
28.703 , 0.6899986
28.705 , 0.6799984
28.707 , 0.6899986
28.709 , 0.6799984
28.711 , 0.6799984
28.713 , 0.6799984
28.716 , 0.6799984
28.718 , 0.6799984
28.72 , 0.6799984
28.722 , 0.6799984
28.724 , 0.6799984
28.726 , 0.6799984
28.729 , 0.6799984
28.731 , 0.6699982
28.733 , 0.5899982
28.735 , 0.5199986
28.737 , 0.5499992
28.739 , 0.6199989
28.741 , 0.6699982
28.744 , 0.7599983
28.746 , 0.7799988
28.748 , 0.7699986
28.75 , 0.7399979
28.752 , 0.6499996
28.754 , 0.5999985
28.757 , 0.5899982
28.759 , 0.579998
28.761 , 0.579998
28.763 , 0.5999985
28.765 , 0.6599979
28.768 , 0.6699982
28.77 , 0.6299992
28.772 , 0.6199989
28.774 , 0.6199989
28.776 , 0.6199989
28.778 , 0.6099987
28.78 , 0.5899982
28.783 , 0.6099987
28.785 , 0.6299992
28.787 , 0.6199989
28.789 , 0.579998
28.791 , 0.5899982
28.793 , 0.6199989
28.796 , 0.6099987
28.798 , 0.5699997
28.8 , 0.5699997
28.802 , 0.6099987
28.804 , 0.5899982
28.806 , 0.5699997
28.809 , 0.5599995
28.811 , 0.5899982
28.813 , 0.5899982
28.815 , 0.5699997
28.817 , 0.5499992
28.82 , 0.5699997
28.822 , 0.5899982
28.824 , 0.5599995
28.826 , 0.539999
28.828 , 0.5499992
28.838 , 0.5599995
28.84 , 0.579998
28.842 , 0.539999
28.844 , 0.4999981
28.847 , 0.4999981
28.849 , 0.5199986
28.851 , 0.5099983
28.853 , 0.4999981
28.855 , 0.5099983
28.857 , 0.5499992
28.859 , 0.539999
28.862 , 0.5099983
28.864 , 0.4999981
28.866 , 0.5099983
28.868 , 0.5099983
28.87 , 0.4899979
28.872 , 0.4699993
28.874 , 0.4999981
28.877 , 0.5099983
28.879 , 0.4899979
28.881 , 0.4799995
28.883 , 0.4899979
28.885 , 0.5099983
28.887 , 0.4899979
28.89 , 0.4599991
28.892 , 0.4699993
28.894 , 0.4899979
28.896 , 0.4799995
28.898 , 0.4399986
28.9 , 0.4599991
28.903 , 0.4799995
28.905 , 0.4799995
28.907 , 0.4599991
28.909 , 0.4799995
28.911 , 0.4799995
28.913 , 0.4799995
28.915 , 0.4499989
28.918 , 0.4199982
28.92 , 0.4099979
28.922 , 0.4299984
28.924 , 0.4199982
28.926 , 0.4199982
28.928 , 0.4399986
28.931 , 0.4699993
28.933 , 0.4599991
28.935 , 0.4199982
28.937 , 0.4199982
28.939 , 0.4299984
28.941 , 0.4299984
28.944 , 0.3999996
28.946 , 0.3999996
28.948 , 0.4099979
28.95 , 0.4299984
28.952 , 0.3999996
28.955 , 0.4099979
28.957 , 0.4099979
28.959 , 0.4299984
28.961 , 0.3999996
28.963 , 0.3899994
28.965 , 0.3999996
28.967 , 0.4199982
28.97 , 0.3999996
28.972 , 0.3699989
28.974 , 0.3999996
28.976 , 0.3999996
28.978 , 0.4099979
28.98 , 0.3999996
28.983 , 0.3999996
28.985 , 0.4199982
28.987 , 0.3999996
28.989 , 0.3799992
28.991 , 0.3599987
28.993 , 0.3699989
28.996 , 0.3799992
28.998 , 0.3699989
29.0 , 0.3699989
29.002 , 0.3899994
29.004 , 0.4099979
29.006 , 0.3999996
29.008 , 0.4099979
29.011 , 0.3899994
29.013 , 0.3599987
29.015 , 0.3599987
29.017 , 0.3699989
29.019 , 0.3699989
29.021 , 0.3799992
29.024 , 0.3799992
29.026 , 0.3599987
29.028 , 0.3699989
29.03 , 0.3699989
29.032 , 0.3699989
29.034 , 0.3699989
29.037 , 0.3699989
29.039 , 0.3499985
29.041 , 0.3499985
29.043 , 0.3599987
29.045 , 0.3499985
29.047 , 0.3599987
29.049 , 0.3699989
29.051 , 0.3399982
29.054 , 0.3499985
29.056 , 0.3499985
29.058 , 0.3499985
29.06 , 0.3499985
29.062 , 0.3599987
29.064 , 0.329998
29.066 , 0.3399982
29.069 , 0.3399982
29.071 , 0.3499985
29.073 , 0.3399982
29.075 , 0.3499985
29.077 , 0.3399982
29.08 , 0.3499985
29.082 , 0.3499985
29.084 , 0.3499985
29.086 , 0.3399982
29.088 , 0.3399982
29.09 , 0.2999992
29.092 , 0.3099995
29.095 , 0.2999992
29.097 , 0.2999992
29.099 , 0.3199997
29.101 , 0.329998
29.103 , 0.3199997
29.105 , 0.329998
29.107 , 0.329998
29.109 , 0.329998
29.112 , 0.329998
29.114 , 0.329998
29.116 , 0.2999992
29.118 , 0.289999
29.12 , 0.2799988
29.122 , 0.2999992
29.124 , 0.2999992
29.127 , 0.3099995
29.129 , 0.2999992
29.131 , 0.2999992
29.133 , 0.289999
29.135 , 0.3099995
29.137 , 0.2999992
29.139 , 0.2999992
29.142 , 0.289999
29.144 , 0.2799988
29.146 , 0.2699986
29.148 , 0.2699986
29.15 , 0.289999
29.152 , 0.2999992
29.154 , 0.2799988
29.157 , 0.2699986
29.159 , 0.2699986
29.161 , 0.2699986
29.163 , 0.2799988
29.165 , 0.2699986
29.167 , 0.2699986
29.17 , 0.2499981
29.172 , 0.2399979
29.174 , 0.2599983
29.176 , 0.2599983
29.178 , 0.2699986
29.18 , 0.2699986
29.182 , 0.2599983
29.185 , 0.2699986
29.187 , 0.2599983
29.189 , 0.2599983
29.191 , 0.2599983
29.193 , 0.2399979
29.195 , 0.2199993
29.197 , 0.2099991
29.2 , 0.2299995
29.202 , 0.2399979
29.204 , 0.2299995
29.206 , 0.2399979
29.216 , 0.2399979
29.218 , 0.2399979
29.22 , 0.2099991
29.222 , 0.2099991
29.224 , 0.1999989
29.227 , 0.2099991
29.229 , 0.2099991
29.231 , 0.2299995
29.233 , 0.2299995
29.235 , 0.2099991
29.237 , 0.2099991
29.239 , 0.2099991
29.241 , 0.2099991
29.244 , 0.2099991
29.246 , 0.2099991
29.248 , 0.1899986
29.25 , 0.1899986
29.252 , 0.1999989
29.254 , 0.1999989
29.256 , 0.1999989
29.259 , 0.2099991
29.261 , 0.1799984
29.263 , 0.1799984
29.265 , 0.1899986
29.267 , 0.1999989
29.269 , 0.1799984
29.272 , 0.2099991
29.274 , 0.1599979
29.276 , 0.1699982
29.278 , 0.1699982
29.28 , 0.1699982
29.282 , 0.1799984
29.285 , 0.1899986
29.287 , 0.1899986
29.289 , 0.1699982
29.291 , 0.1799984
29.293 , 0.1899986
29.295 , 0.1799984
29.298 , 0.1699982
29.3 , 0.1399994
29.302 , 0.1299992
29.304 , 0.1399994
29.306 , 0.1399994
29.308 , 0.1499996
29.31 , 0.1599979
29.312 , 0.1499996
29.315 , 0.1599979
29.317 , 0.1599979
29.319 , 0.1599979
29.321 , 0.1599979
29.323 , 0.1599979
29.325 , 0.1299992
29.328 , 0.1299992
29.33 , 0.1299992
29.332 , 0.1299992
29.334 , 0.1299992
29.336 , 0.1499996
29.338 , 0.1399994
29.341 , 0.1199989
29.343 , 0.1299992
29.345 , 0.1299992
29.347 , 0.1299992
29.349 , 0.1299992
29.351 , 0.1099987
29.353 , 0.1099987
29.355 , 0.1199989
29.358 , 0.1199989
29.36 , 0.1199989
29.362 , 0.1399994
29.364 , 0.1099987
29.366 , 0.1099987
29.368 , 0.1199989
29.37 , 0.1099987
29.373 , 0.1099987
29.375 , 0.1199989
29.377 , 0.1099987
29.379 , 0.09999847
29.381 , 0.08999825
29.383 , 0.1099987
29.385 , 0.1099987
29.388 , 0.1099987
29.39 , 0.1199989
29.392 , 0.1199989
29.394 , 0.1099987
29.396 , 0.1199989
29.398 , 0.1099987
29.401 , 0.1199989
29.403 , 0.1099987
29.405 , 0.08999825
29.407 , 0.07999802
29.409 , 0.07999802
29.411 , 0.08999825
29.413 , 0.09999847
29.416 , 0.1099987
29.418 , 0.09999847
29.42 , 0.09999847
29.422 , 0.1099987
29.424 , 0.09999847
29.426 , 0.09999847
29.428 , 0.09999847
29.431 , 0.06999969
29.433 , 0.06999969
29.435 , 0.07999802
29.437 , 0.07999802
29.439 , 0.07999802
29.441 , 0.08999825
29.444 , 0.06999969
29.446 , 0.06999969
29.448 , 0.07999802
29.45 , 0.06999969
29.452 , 0.06999969
29.454 , 0.06999969
29.456 , 0.05999947
29.459 , 0.04999924
29.461 , 0.05999947
29.463 , 0.06999969
29.465 , 0.06999969
29.467 , 0.06999969
29.47 , 0.03999901
29.472 , 0.03999901
29.474 , 0.04999924
29.476 , 0.03999901
29.478 , 0.04999924
29.48 , 0.05999947
29.483 , 0.02999878
29.485 , 0.03999901
29.487 , 0.03999901
29.489 , 0.03999901
29.491 , 0.03999901
29.493 , 0.04999924
29.496 , 0.03999901
29.498 , 0.03999901
29.5 , 0.04999924
29.502 , 0.04999924
29.504 , 0.04999924
29.506 , 0.03999901
29.508 , 0.01999855
29.511 , -1.907348e-06
29.513 , -1.907348e-06
29.515 , -1.907348e-06
29.517 , 0.01999855
29.519 , 0.02999878
29.521 , 0.01999855
29.524 , 0.01999855
29.526 , 0.02999878
29.528 , 0.01999855
29.53 , 0.01999855
29.532 , 0.01999855
29.534 , -1.907348e-06
29.537 , -0.01000214
29.539 , -0.01000214
29.541 , -1.907348e-06
29.543 , -1.907348e-06
29.545 , 0.009998322
29.547 , -1.907348e-06
29.549 , -1.907348e-06
29.552 , -1.907348e-06
29.554 , -1.907348e-06
29.556 , -1.907348e-06
29.558 , -1.907348e-06
29.56 , -0.02000046
29.562 , -0.02000046
29.564 , -0.01000214
29.566 , -0.01000214
29.569 , -1.907348e-06
29.571 , -1.907348e-06
29.573 , -0.02000046
29.575 , -0.03000069
29.577 , -0.03000069
29.579 , -0.02000046
29.582 , -0.02000046
29.584 , -0.01000214
29.593 , -0.02000046
29.596 , -0.03000069
29.598 , -0.01000214
29.6 , -0.03000069
29.602 , -0.02000046
29.604 , -0.02000046
29.606 , -0.01000214
29.608 , -0.02000046
29.61 , -0.01000214
29.612 , -0.04000092
29.615 , -0.05000114
29.617 , -0.06000137
29.619 , -0.06000137
29.621 , -0.04000092
29.623 , -0.03000069
29.625 , -0.03000069
29.627 , -0.03000069
29.629 , -0.03000069
29.631 , -0.03000069
29.633 , -0.03000069
29.636 , -0.03000069
29.638 , -0.04000092
29.64 , -0.06000137
29.642 , -0.0700016
29.644 , -0.06000137
29.646 , -0.04000092
29.648 , -0.04000092
29.651 , -0.04000092
29.653 , -0.05000114
29.655 , -0.06000137
29.657 , -0.05000114
29.659 , -0.04000092
29.661 , -0.04000092
29.663 , -0.04000092
29.665 , -0.06000137
29.668 , -0.0700016
29.67 , -0.06000137
29.672 , -0.06000137
29.674 , -0.05000114
29.676 , -0.05000114
29.678 , -0.0700016
29.68 , -0.06000137
29.682 , -0.06000137
29.684 , -0.06000137
29.687 , -0.06000137
29.689 , -0.05000114
29.691 , -0.06000137
29.693 , -0.06000137
29.695 , -0.0700016
29.697 , -0.0700016
29.699 , -0.06000137
29.701 , -0.05000114
29.703 , -0.05000114
29.706 , -0.05000114
29.708 , -0.06000137
29.71 , -0.06000137
29.712 , -0.05000114
29.714 , -0.05000114
29.716 , -0.0700016
29.719 , -0.09000206
29.721 , -0.09000206
29.723 , -0.08000183
29.725 , -0.0700016
29.727 , -0.0700016
29.729 , -0.06000137
29.731 , -0.0700016
29.733 , -0.08000183
29.735 , -0.06000137
29.738 , -0.0700016
29.74 , -0.06000137
29.742 , -0.0700016
29.744 , -0.1000004
29.746 , -0.09000206
29.748 , -0.08000183
29.75 , -0.08000183
29.752 , -0.08000183
29.754 , -0.0700016
29.757 , -0.08000183
29.759 , -0.08000183
29.761 , -0.08000183
29.763 , -0.0700016
29.765 , -0.08000183
29.767 , -0.0700016
29.769 , -0.09000206
29.771 , -0.09000206
29.773 , -0.09000206
29.776 , -0.08000183
29.778 , -0.08000183
29.78 , -0.08000183
29.782 , -0.09000206
29.784 , -0.1000004
29.786 , -0.1000004
29.789 , -0.09000206
29.791 , -0.09000206
29.793 , -0.08000183
29.795 , -0.09000206
29.797 , -0.1000004
29.799 , -0.1000004
29.801 , -0.1000004
29.803 , -0.09000206
29.806 , -0.09000206
29.808 , -0.09000206
29.81 , -0.09000206
29.812 , -0.09000206
29.814 , -0.08000183
29.816 , -0.09000206
29.818 , -0.08000183
29.82 , -0.09000206
29.823 , -0.1100006
29.825 , -0.1300011
29.827 , -0.1200008
29.829 , -0.1100006
29.831 , -0.1100006
29.833 , -0.1000004
29.835 , -0.1000004
29.837 , -0.1000004
29.839 , -0.09000206
29.841 , -0.09000206
29.844 , -0.1000004
29.846 , -0.1000004
29.848 , -0.1200008
29.85 , -0.1200008
29.852 , -0.1200008
29.854 , -0.1200008
29.856 , -0.1000004
29.858 , -0.09000206
29.861 , -0.1200008
29.863 , -0.1500015
29.865 , -0.1500015
29.867 , -0.1300011
29.869 , -0.1200008
29.871 , -0.1100006
29.873 , -0.08000183
29.875 , -0.08000183
29.877 , -0.08000183
29.879 , -0.08000183
29.882 , -0.08000183
29.884 , -0.08000183
29.886 , -0.1000004
29.888 , -0.1000004
29.89 , -0.1000004
29.892 , -0.1000004
29.894 , -0.09000206
29.896 , -0.09000206
29.899 , -0.09000206
29.901 , -0.08000183
29.903 , -0.08000183
29.905 , -0.08000183
29.907 , -0.08000183
29.909 , -0.08000183
29.911 , -0.08000183
29.913 , -0.08000183
29.916 , -0.0700016
29.918 , -0.08000183
29.92 , -0.08000183
29.922 , -0.08000183
29.924 , -0.0700016
29.926 , -0.0700016
29.928 , -0.0700016
29.93 , -0.0700016
29.932 , -0.0700016
29.934 , -0.0700016
29.937 , -0.0700016
29.939 , -0.06000137
29.941 , -0.06000137
29.943 , -0.06000137
29.945 , -0.06000137
29.947 , -0.06000137
29.949 , -0.06000137
29.952 , -0.05000114
29.954 , -0.05000114
29.956 , -0.06000137
29.965 , -0.04000092
29.967 , -0.05000114
29.97 , -0.05000114
29.972 , -0.04000092
29.974 , -0.04000092
29.976 , -0.04000092
29.978 , -0.04000092
29.981 , -0.04000092
29.983 , -0.02000046
29.985 , 0.01999855
29.987 , 0.01999855
29.989 , 0.009998322
29.991 , -0.01000214
29.993 , 0.009998322
29.995 , 0.1099987
29.998 , 0.2299995
30.0 , 0.3999996
30.002 , 0.6599979
30.004 , 0.8599987
30.006 , 0.8799992
30.008 , 0.8399982
30.01 , 0.7699986
30.013 , 0.6599979
30.015 , 0.579998
30.017 , 0.5699997
30.019 , 0.6399994
30.021 , 0.7499981
30.023 , 0.8399982
30.025 , 0.8699989
30.027 , 0.8999996
30.03 , 0.9399986
30.032 , 1.019999
30.034 , 1.009998
30.036 , 0.9099979
30.038 , 0.7999992
30.04 , 0.6699982
30.042 , 0.5499992
30.045 , 0.4499989
30.047 , 0.3899994
30.049 , 0.3999996
30.051 , 0.4499989
30.053 , 0.5299988
30.055 , 0.5999985
30.057 , 0.6599979
30.059 , 0.6899986
30.062 , 0.6899986
30.064 , 0.6699982
30.066 , 0.6399994
30.068 , 0.6099987
30.07 , 0.5999985
30.072 , 0.579998
30.074 , 0.5699997
30.076 , 0.579998
30.079 , 0.5899982
30.081 , 0.5999985
30.083 , 0.6099987
30.085 , 0.6099987
30.087 , 0.5999985
30.089 , 0.5999985
30.091 , 0.5899982
30.094 , 0.5899982
30.096 , 0.5899982
30.098 , 0.5999985
30.1 , 0.5999985
30.102 , 0.5999985
30.105 , 0.5999985
30.107 , 0.5999985
30.109 , 0.5999985
30.111 , 0.5899982
30.113 , 0.5899982
30.115 , 0.5899982
30.117 , 0.5899982
30.119 , 0.5899982
30.122 , 0.5899982
30.124 , 0.5899982
30.126 , 0.5899982
30.128 , 0.5899982
30.13 , 0.5899982
30.132 , 0.5899982
30.134 , 0.5899982
30.136 , 0.5899982
30.139 , 0.5899982
30.141 , 0.579998
30.143 , 0.579998
30.145 , 0.579998
30.147 , 0.5899982
30.149 , 0.579998
30.151 , 0.5899982
30.154 , 0.5899982
30.156 , 0.5899982
30.158 , 0.579998
30.16 , 0.579998
30.162 , 0.579998
30.164 , 0.579998
30.166 , 0.579998
30.169 , 0.5699997
30.171 , 0.579998
30.173 , 0.579998
30.175 , 0.579998
30.177 , 0.5699997
30.179 , 0.5699997
30.181 , 0.5699997
30.184 , 0.5699997
30.186 , 0.5699997
30.188 , 0.579998
30.19 , 0.5699997
30.192 , 0.579998
30.194 , 0.5699997
30.196 , 0.5599995
30.199 , 0.5699997
30.201 , 0.5699997
30.203 , 0.5699997
30.205 , 0.5699997
30.207 , 0.5599995
30.209 , 0.5599995
30.211 , 0.5599995
30.214 , 0.5599995
30.216 , 0.5499992
30.218 , 0.5599995
30.22 , 0.5599995
30.222 , 0.5499992
30.224 , 0.5499992
30.226 , 0.5499992
30.229 , 0.5499992
30.231 , 0.5499992
30.233 , 0.4799995
30.235 , 0.4099979
30.237 , 0.4199982
30.239 , 0.4799995
30.241 , 0.5199986
30.243 , 0.6199989
30.246 , 0.6399994
30.248 , 0.6399994
30.25 , 0.6199989
30.252 , 0.539999
30.254 , 0.4799995
30.256 , 0.4399986
30.258 , 0.4399986
30.261 , 0.4499989
30.263 , 0.4599991
30.265 , 0.4899979
30.267 , 0.5199986
30.269 , 0.539999
30.271 , 0.539999
30.273 , 0.4899979
30.275 , 0.4699993
30.278 , 0.4799995
30.28 , 0.4699993
30.282 , 0.4599991
30.284 , 0.4399986
30.286 , 0.4699993
30.288 , 0.4999981
30.291 , 0.4999981
30.293 , 0.4499989
30.295 , 0.4499989
30.297 , 0.4599991
30.299 , 0.4599991
30.301 , 0.4499989
30.303 , 0.4199982
30.306 , 0.4299984
30.308 , 0.4599991
30.31 , 0.4599991
30.312 , 0.4399986
30.314 , 0.4199982
30.316 , 0.4299984
30.318 , 0.4499989
30.321 , 0.4499989
30.323 , 0.3999996
30.325 , 0.3999996
30.327 , 0.4199982
30.329 , 0.4299984
30.331 , 0.4199982
30.341 , 0.4199982
30.343 , 0.4099979
30.345 , 0.4099979
30.347 , 0.4199982
30.349 , 0.4199982
30.352 , 0.3999996
30.354 , 0.3599987
30.356 , 0.3499985
30.358 , 0.3799992
30.36 , 0.3899994
30.362 , 0.3799992
30.365 , 0.3699989
30.367 , 0.3999996
30.369 , 0.4199982
30.371 , 0.3999996
30.373 , 0.3599987
30.375 , 0.3599987
30.377 , 0.3699989
30.379 , 0.3699989
30.382 , 0.3699989
30.384 , 0.3399982
30.386 , 0.3599987
30.388 , 0.3899994
30.39 , 0.3899994
30.392 , 0.3599987
30.395 , 0.3499985
30.397 , 0.3699989
30.399 , 0.3799992
30.401 , 0.3599987
30.403 , 0.3399982
30.405 , 0.3499985
30.407 , 0.3599987
30.409 , 0.3699989
30.412 , 0.3499985
30.414 , 0.3399982
30.416 , 0.3499985
30.418 , 0.3699989
30.42 , 0.3599987
30.422 , 0.3499985
30.424 , 0.3499985
30.427 , 0.3699989
30.429 , 0.3599987
30.431 , 0.3499985
30.433 , 0.3199997
30.435 , 0.2999992
30.437 , 0.3099995
30.439 , 0.329998
30.442 , 0.329998
30.444 , 0.3199997
30.446 , 0.3399982
30.448 , 0.3599987
30.45 , 0.3599987
30.452 , 0.3199997
30.454 , 0.3099995
30.457 , 0.3199997
30.459 , 0.3399982
30.461 , 0.329998
30.463 , 0.2999992
30.465 , 0.3199997
30.467 , 0.3199997
30.469 , 0.3399982
30.472 , 0.329998
30.474 , 0.2999992
30.476 , 0.3099995
30.478 , 0.3199997
30.48 , 0.3199997
30.482 , 0.2999992
30.485 , 0.289999
30.487 , 0.2999992
30.489 , 0.3099995
30.491 , 0.3099995
30.493 , 0.2799988
30.495 , 0.2999992
30.497 , 0.3099995
30.5 , 0.3099995
30.502 , 0.3099995
30.504 , 0.3199997
30.506 , 0.3199997
30.508 , 0.3099995
30.51 , 0.2999992
30.512 , 0.2999992
30.514 , 0.2999992
30.517 , 0.2999992
30.519 , 0.2999992
30.521 , 0.2799988
30.523 , 0.2599983
30.525 , 0.2599983
30.527 , 0.2699986
30.529 , 0.289999
30.532 , 0.2999992
30.534 , 0.2999992
30.536 , 0.2999992
30.538 , 0.2999992
30.54 , 0.2999992
30.542 , 0.289999
30.544 , 0.289999
30.547 , 0.289999
30.549 , 0.2799988
30.551 , 0.2599983
30.553 , 0.2599983
30.555 , 0.2699986
30.557 , 0.2699986
30.559 , 0.289999
30.561 , 0.2999992
30.564 , 0.2699986
30.566 , 0.2599983
30.568 , 0.2599983
30.57 , 0.2699986
30.572 , 0.2699986
30.574 , 0.2699986
30.576 , 0.2799988
30.579 , 0.2599983
30.581 , 0.2499981
30.583 , 0.2599983
30.585 , 0.2599983
30.587 , 0.2699986
30.589 , 0.2799988
30.591 , 0.2699986
30.594 , 0.2399979
30.596 , 0.2399979
30.598 , 0.2399979
30.6 , 0.2399979
30.602 , 0.2499981
30.604 , 0.2599983
30.606 , 0.2399979
30.609 , 0.2299995
30.611 , 0.2299995
30.613 , 0.2399979
30.615 , 0.2299995
30.617 , 0.2399979
30.619 , 0.2399979
30.622 , 0.2399979
30.624 , 0.2299995
30.626 , 0.2399979
30.628 , 0.2299995
30.63 , 0.2299995
30.632 , 0.2299995
30.634 , 0.2299995
30.636 , 0.1899986
30.639 , 0.1899986
30.641 , 0.1999989
30.643 , 0.2099991
30.645 , 0.2099991
30.647 , 0.2399979
30.649 , 0.2199993
30.651 , 0.2099991
30.654 , 0.2099991
30.656 , 0.2099991
30.658 , 0.2099991
30.66 , 0.2099991
30.662 , 0.2099991
30.664 , 0.1799984
30.666 , 0.1699982
30.669 , 0.1899986
30.671 , 0.1799984
30.673 , 0.1899986
30.675 , 0.1999989
30.677 , 0.1999989
30.679 , 0.1699982
30.682 , 0.1699982
30.684 , 0.1799984
30.686 , 0.1799984
30.688 , 0.1899986
30.69 , 0.1899986
30.692 , 0.1799984
30.695 , 0.1599979
30.697 , 0.1599979
30.699 , 0.1699982
30.701 , 0.1699982
30.703 , 0.1799984
30.705 , 0.1799984
30.708 , 0.1499996
30.717 , 0.1699982
30.719 , 0.1699982
30.722 , 0.1599979
30.724 , 0.1399994
30.726 , 0.1499996
30.728 , 0.1399994
30.73 , 0.1599979
30.732 , 0.1599979
30.734 , 0.1599979
30.736 , 0.1599979
30.739 , 0.1499996
30.741 , 0.1599979
30.743 , 0.1599979
30.745 , 0.1599979
30.747 , 0.1499996
30.749 , 0.1399994
30.751 , 0.1099987
30.754 , 0.1099987
30.756 , 0.1199989
30.758 , 0.1299992
30.76 , 0.1499996
30.762 , 0.1499996
30.764 , 0.1399994
30.766 , 0.1399994
30.769 , 0.1499996
30.771 , 0.1399994
30.773 , 0.1299992
30.775 , 0.1299992
30.777 , 0.1199989
30.779 , 0.1099987
30.781 , 0.1099987
30.784 , 0.1199989
30.786 , 0.1099987
30.788 , 0.1199989
30.79 , 0.1299992
30.792 , 0.1299992
30.794 , 0.1099987
30.796 , 0.1099987
30.798 , 0.1099987
30.801 , 0.1099987
30.803 , 0.1199989
30.805 , 0.1199989
30.807 , 0.1099987
30.809 , 0.1099987
30.811 , 0.1099987
30.813 , 0.09999847
30.816 , 0.1099987
30.818 , 0.1099987
30.82 , 0.1099987
30.822 , 0.08999825
30.824 , 0.08999825
30.826 , 0.09999847
30.828 , 0.08999825
30.831 , 0.09999847
30.833 , 0.1099987
30.835 , 0.09999847
30.837 , 0.07999802
30.839 , 0.07999802
30.841 , 0.08999825
30.844 , 0.08999825
30.846 , 0.08999825
30.848 , 0.09999847
30.85 , 0.09999847
30.852 , 0.08999825
30.854 , 0.08999825
30.856 , 0.08999825
30.859 , 0.08999825
30.861 , 0.08999825
30.863 , 0.07999802
30.865 , 0.05999947
30.867 , 0.03999901
30.87 , 0.05999947
30.872 , 0.06999969
30.874 , 0.06999969
30.876 , 0.06999969
30.878 , 0.06999969
30.88 , 0.05999947
30.883 , 0.05999947
30.885 , 0.05999947
30.887 , 0.06999969
30.889 , 0.06999969
30.891 , 0.05999947
30.893 , 0.02999878
30.896 , 0.02999878
30.898 , 0.03999901
30.9 , 0.03999901
30.902 , 0.04999924
30.904 , 0.05999947
30.906 , 0.04999924
30.909 , 0.02999878
30.911 , 0.02999878
30.913 , 0.02999878
30.915 , 0.03999901
30.917 , 0.03999901
30.919 , 0.02999878
30.921 , 0.02999878
30.924 , 0.01999855
30.926 , 0.01999855
30.928 , 0.01999855
30.93 , 0.01999855
30.932 , 0.02999878
30.934 , 0.02999878
30.937 , 0.009998322
30.939 , -1.907348e-06
30.941 , 0.009998322
30.943 , 0.009998322
30.945 , 0.01999855
30.947 , 0.01999855
30.949 , 0.009998322
30.952 , -1.907348e-06
30.954 , -1.907348e-06
30.956 , -1.907348e-06
30.958 , 0.009998322
30.96 , 0.01999855
30.962 , 0.01999855
30.965 , 0.009998322
30.967 , -1.907348e-06
30.969 , 0.009998322
30.971 , -1.907348e-06
30.973 , -1.907348e-06
30.975 , 0.01999855
30.978 , -1.907348e-06
30.98 , -0.02000046
30.982 , -0.03000069
30.984 , -0.02000046
30.986 , -0.01000214
30.988 , -0.01000214
30.99 , -1.907348e-06
30.992 , -1.907348e-06
30.995 , -0.01000214
30.997 , -1.907348e-06
30.999 , -1.907348e-06
31.001 , -1.907348e-06
31.003 , -1.907348e-06
31.005 , -1.907348e-06
31.008 , -0.03000069
31.01 , -0.03000069
31.012 , -0.02000046
31.014 , -0.02000046
31.016 , -0.01000214
31.018 , -1.907348e-06
31.02 , -0.01000214
31.022 , -0.02000046
31.024 , -0.03000069
31.026 , -0.01000214
31.028 , -0.01000214
31.031 , -0.02000046
31.033 , -1.907348e-06
31.035 , -0.02000046
31.037 , -0.04000092
31.039 , -0.03000069
31.041 , -0.03000069
31.043 , -0.03000069
31.045 , -0.02000046
31.047 , -0.01000214
31.049 , -0.03000069
31.052 , -0.04000092
31.054 , -0.03000069
31.056 , -0.04000092
31.058 , -0.03000069
31.06 , -0.03000069
31.062 , -0.03000069
31.064 , -0.04000092
31.067 , -0.05000114
31.069 , -0.04000092
31.071 , -0.05000114
31.073 , -0.04000092
31.075 , -0.03000069
31.077 , -0.03000069
31.079 , -0.04000092
31.081 , -0.04000092
31.084 , -0.03000069
31.093 , -0.06000137
31.095 , -0.06000137
31.097 , -0.06000137
31.099 , -0.06000137
31.102 , -0.06000137
31.104 , -0.04000092
31.106 , -0.04000092
31.108 , -0.05000114
31.11 , -0.06000137
31.112 , -0.04000092
31.114 , -0.05000114
31.116 , -0.05000114
31.118 , -0.04000092
31.12 , -0.05000114
31.122 , -0.08000183
31.125 , -0.08000183
31.127 , -0.0700016
31.129 , -0.06000137
31.131 , -0.06000137
31.133 , -0.05000114
31.135 , -0.06000137
31.137 , -0.0700016
31.139 , -0.0700016
31.141 , -0.0700016
31.143 , -0.0700016
31.146 , -0.06000137
31.148 , -0.06000137
31.15 , -0.0700016
31.152 , -0.08000183
31.154 , -0.08000183
31.156 , -0.08000183
31.158 , -0.0700016
31.16 , -0.06000137
31.162 , -0.06000137
31.164 , -0.08000183
31.167 , -0.08000183
31.169 , -0.08000183
31.171 , -0.08000183
31.173 , -0.0700016
31.175 , -0.0700016
31.177 , -0.0700016
31.179 , -0.08000183
31.181 , -0.08000183
31.183 , -0.08000183
31.185 , -0.08000183
31.188 , -0.0700016
31.19 , -0.0700016
31.192 , -0.0700016
31.194 , -0.08000183
31.196 , -0.0700016
31.198 , -0.08000183
31.201 , -0.0700016
31.203 , -0.0700016
31.205 , -0.0700016
31.207 , -0.08000183
31.209 , -0.09000206
31.211 , -0.1000004
31.213 , -0.1000004
31.215 , -0.08000183
31.217 , -0.08000183
31.219 , -0.0700016
31.221 , -0.08000183
31.224 , -0.08000183
31.226 , -0.0700016
31.228 , -0.08000183
31.23 , -0.0700016
31.232 , -0.0700016
31.234 , -0.08000183
31.236 , -0.09000206
31.238 , -0.1000004
31.24 , -0.09000206
31.242 , -0.09000206
31.244 , -0.08000183
31.247 , -0.0700016
31.249 , -0.08000183
31.251 , -0.08000183
31.253 , -0.09000206
31.255 , -0.08000183
31.257 , -0.08000183
31.259 , -0.0700016
31.262 , -0.0700016
31.264 , -0.08000183
31.266 , -0.09000206
31.268 , -0.09000206
31.27 , -0.08000183
31.272 , -0.08000183
31.274 , -0.08000183
31.276 , -0.0700016
31.278 , -0.08000183
31.281 , -0.09000206
31.283 , -0.08000183
31.285 , -0.09000206
31.287 , -0.08000183
31.289 , -0.0700016
31.291 , -0.0700016
31.293 , -0.09000206
31.295 , -0.09000206
31.297 , -0.09000206
31.299 , -0.08000183
31.302 , -0.08000183
31.304 , -0.0700016
31.306 , -0.0700016
31.308 , -0.0700016
31.31 , -0.0700016
31.312 , -0.0700016
31.314 , -0.0700016
31.316 , -0.0700016
31.318 , -0.06000137
31.321 , -0.08000183
31.323 , -0.08000183
31.325 , -0.09000206
31.327 , -0.1000004
31.329 , -0.08000183
31.331 , -0.08000183
31.333 , -0.0700016
31.335 , -0.0700016
31.337 , -0.08000183
31.339 , -0.0700016
31.341 , -0.0700016
31.344 , -0.0700016
31.346 , -0.06000137
31.348 , -0.0700016
31.35 , -0.09000206
31.352 , -0.09000206
31.354 , -0.08000183
31.356 , -0.08000183
31.358 , -0.0700016
31.36 , -0.06000137
31.362 , -0.0700016
31.365 , -0.1000004
31.367 , -0.1100006
31.369 , -0.1000004
31.371 , -0.08000183
31.373 , -0.08000183
31.375 , -0.0700016
31.377 , -0.04000092
31.379 , -0.03000069
31.382 , -0.03000069
31.384 , -0.04000092
31.386 , -0.05000114
31.388 , -0.06000137
31.39 , -0.0700016
31.392 , -0.0700016
31.394 , -0.06000137
31.396 , -0.06000137
31.398 , -0.05000114
31.401 , -0.04000092
31.403 , -0.04000092
31.405 , -0.03000069
31.407 , -0.04000092
31.409 , -0.04000092
31.411 , -0.03000069
31.413 , -0.04000092
31.415 , -0.04000092
31.417 , -0.04000092
31.419 , -0.03000069
31.421 , -0.03000069
31.424 , -0.03000069
31.426 , -0.03000069
31.428 , -0.03000069
31.43 , -0.02000046
31.432 , -0.02000046
31.434 , -0.02000046
31.436 , -0.02000046
31.438 , -0.02000046
31.44 , -0.02000046
31.442 , -0.02000046
31.445 , -0.01000214
31.447 , -0.01000214
31.449 , -0.01000214
31.451 , -1.907348e-06
31.453 , -0.01000214
31.463 , -1.907348e-06
31.465 , -1.907348e-06
31.467 , -1.907348e-06
31.469 , -1.907348e-06
31.472 , -1.907348e-06
31.474 , -1.907348e-06
31.476 , 0.01999855
31.478 , 0.01999855
31.48 , 0.009998322
31.482 , 0.01999855
31.484 , 0.04999924
31.487 , 0.06999969
31.489 , 0.05999947
31.491 , 0.03999901
31.493 , 0.03999901
31.495 , 0.1299992
31.497 , 0.2399979
31.499 , 0.3599987
31.502 , 0.6199989
31.504 , 0.8499985
31.506 , 0.9299984
31.508 , 0.8999996
31.51 , 0.8599987
31.512 , 0.7599983
31.515 , 0.6399994
31.517 , 0.6199989
31.519 , 0.6599979
31.521 , 0.7799988
31.523 , 0.8699989
31.525 , 0.9199982
31.527 , 0.9499989
31.53 , 0.9599991
31.532 , 0.9099979
31.534 , 0.7499981
31.536 , 0.6199989
31.538 , 0.5099983
31.54 , 0.4499989
31.542 , 0.4199982
31.545 , 0.4399986
31.547 , 0.4899979
31.549 , 0.5499992
31.551 , 0.5999985
31.553 , 0.6399994
31.555 , 0.6499996
31.557 , 0.6499996
31.559 , 0.6399994
31.562 , 0.6099987
31.564 , 0.5999985
31.566 , 0.5899982
31.568 , 0.579998
31.57 , 0.579998
31.573 , 0.5899982
31.575 , 0.5999985
31.577 , 0.5999985
31.579 , 0.5999985
31.581 , 0.5999985
31.583 , 0.5999985
31.585 , 0.5899982
31.588 , 0.5899982
31.59 , 0.5899982
31.592 , 0.579998
31.594 , 0.5899982
31.596 , 0.5899982
31.598 , 0.5899982
31.6 , 0.5899982
31.603 , 0.5999985
31.605 , 0.5899982
31.607 , 0.5899982
31.609 , 0.5899982
31.611 , 0.5899982
31.613 , 0.5899982
31.615 , 0.5899982
31.618 , 0.5899982
31.62 , 0.5899982
31.622 , 0.5899982
31.624 , 0.579998
31.626 , 0.579998
31.628 , 0.579998
31.63 , 0.579998
31.633 , 0.579998
31.635 , 0.579998
31.637 , 0.579998
31.639 , 0.579998
31.641 , 0.579998
31.643 , 0.579998
31.646 , 0.579998
31.648 , 0.579998
31.65 , 0.579998
31.652 , 0.579998
31.654 , 0.5699997
31.656 , 0.579998
31.658 , 0.579998
31.66 , 0.579998
31.663 , 0.579998
31.665 , 0.5699997
31.667 , 0.5699997
31.669 , 0.5699997
31.671 , 0.5699997
31.673 , 0.5699997
31.676 , 0.5699997
31.678 , 0.5699997
31.68 , 0.5599995
31.682 , 0.5699997
31.684 , 0.5599995
31.686 , 0.5599995
31.688 , 0.5599995
31.691 , 0.5599995
31.693 , 0.5599995
31.695 , 0.5599995
31.697 , 0.5599995
31.699 , 0.5599995
31.702 , 0.5599995
31.704 , 0.5499992
31.706 , 0.5499992
31.708 , 0.5499992
31.71 , 0.5599995
31.712 , 0.5599995
31.714 , 0.5499992
31.717 , 0.5499992
31.719 , 0.5499992
31.721 , 0.5599995
31.723 , 0.5499992
31.725 , 0.5499992
31.727 , 0.5499992
31.729 , 0.5499992
31.731 , 0.5499992
31.734 , 0.4999981
31.736 , 0.4499989
31.738 , 0.4699993
31.74 , 0.4899979
31.742 , 0.539999
31.744 , 0.6199989
31.746 , 0.6299992
31.749 , 0.6299992
31.751 , 0.6099987
31.753 , 0.5599995
31.755 , 0.4799995
31.757 , 0.4499989
31.759 , 0.4599991
31.761 , 0.4699993
31.764 , 0.4799995
31.766 , 0.4799995
31.768 , 0.5099983
31.77 , 0.539999
31.772 , 0.5499992
31.774 , 0.5299988
31.777 , 0.4999981
31.779 , 0.4999981
31.781 , 0.5099983
31.783 , 0.4899979
31.785 , 0.4999981
31.787 , 0.4899979
31.789 , 0.4999981
31.792 , 0.5099983
31.794 , 0.5099983
31.796 , 0.4999981
31.798 , 0.4499989
31.8 , 0.4499989
31.802 , 0.4599991
31.804 , 0.4699993
31.807 , 0.4699993
31.809 , 0.4599991
31.811 , 0.4799995
31.813 , 0.4999981
31.815 , 0.4999981
31.817 , 0.4899979
31.819 , 0.4299984
31.822 , 0.4499989
31.824 , 0.4599991
31.826 , 0.4599991
31.828 , 0.4499989
31.83 , 0.4299984
31.84 , 0.4299984
31.842 , 0.4199982
31.844 , 0.4399986
31.846 , 0.4399986
31.849 , 0.4499989
31.851 , 0.4099979
31.853 , 0.4099979
31.855 , 0.4299984
31.857 , 0.4399986
31.859 , 0.4399986
31.861 , 0.4099979
31.864 , 0.3999996
31.866 , 0.4199982
31.868 , 0.4199982
31.87 , 0.4299984
31.872 , 0.4199982
31.874 , 0.4099979
31.876 , 0.4299984
31.879 , 0.4299984
31.881 , 0.4199982
31.883 , 0.3899994
31.885 , 0.3599987
31.887 , 0.3799992
31.889 , 0.3799992
31.892 , 0.3899994
31.894 , 0.3899994
31.896 , 0.3899994
31.898 , 0.4099979
31.9 , 0.4099979
31.902 , 0.4099979
31.905 , 0.3699989
31.907 , 0.3599987
31.909 , 0.3599987
31.911 , 0.3799992
31.913 , 0.3799992
31.915 , 0.3499985
31.917 , 0.3499985
31.92 , 0.3799992
31.922 , 0.3799992
31.924 , 0.3799992
31.926 , 0.3499985
31.928 , 0.3499985
31.93 , 0.3499985
31.932 , 0.3599987
31.935 , 0.3599987
31.937 , 0.3399982
31.939 , 0.329998
31.941 , 0.3499985
31.943 , 0.3499985
31.945 , 0.3599987
31.947 , 0.329998
31.949 , 0.3199997
31.952 , 0.3399982
31.954 , 0.3399982
31.956 , 0.3499985
31.958 , 0.329998
31.96 , 0.3399982
31.963 , 0.3499985
31.965 , 0.3499985
31.967 , 0.3399982
31.969 , 0.2999992
31.971 , 0.289999
31.973 , 0.2999992
31.976 , 0.2999992
31.978 , 0.3199997
31.98 , 0.3099995
31.982 , 0.3199997
31.984 , 0.3399982
31.986 , 0.3399982
31.988 , 0.329998
31.99 , 0.2999992
31.993 , 0.2799988
31.995 , 0.289999
31.997 , 0.2999992
31.999 , 0.2999992
32.001 , 0.2799988
32.003 , 0.2799988
32.006 , 0.2999992
32.008 , 0.2999992
32.01 , 0.3099995
32.012 , 0.3099995
32.014 , 0.3099995
32.016 , 0.289999
32.018 , 0.2599983
32.021 , 0.2699986
32.023 , 0.2699986
32.025 , 0.2699986
32.027 , 0.2799988
32.029 , 0.2999992
32.031 , 0.289999
32.033 , 0.2499981
32.035 , 0.2599983
32.038 , 0.2599983
32.04 , 0.2699986
32.042 , 0.2699986
32.044 , 0.289999
32.046 , 0.2799988
32.048 , 0.2399979
32.05 , 0.2399979
32.053 , 0.2499981
32.055 , 0.2599983
32.057 , 0.2599983
32.059 , 0.2799988
32.061 , 0.2799988
32.063 , 0.2599983
32.065 , 0.2599983
32.067 , 0.2599983
32.07 , 0.2599983
32.072 , 0.2399979
32.074 , 0.2499981
32.076 , 0.2399979
32.078 , 0.2099991
32.08 , 0.2099991
32.082 , 0.2199993
32.085 , 0.2299995
32.087 , 0.2399979
32.089 , 0.2599983
32.091 , 0.2499981
32.093 , 0.2399979
32.095 , 0.2299995
32.098 , 0.2399979
32.1 , 0.2299995
32.102 , 0.2299995
32.104 , 0.2399979
32.106 , 0.2399979
32.108 , 0.2099991
32.11 , 0.1999989
32.112 , 0.2099991
32.115 , 0.2099991
32.117 , 0.2099991
32.119 , 0.2299995
32.121 , 0.2399979
32.123 , 0.2299995
32.125 , 0.1999989
32.127 , 0.1999989
32.129 , 0.1999989
32.132 , 0.1999989
32.134 , 0.2099991
32.136 , 0.2199993
32.138 , 0.2099991
32.14 , 0.1899986
32.142 , 0.1899986
32.144 , 0.1999989
32.146 , 0.1899986
32.149 , 0.1999989
32.151 , 0.2099991
32.153 , 0.2099991
32.155 , 0.1699982
32.157 , 0.1699982
32.159 , 0.1799984
32.162 , 0.1799984
32.164 , 0.1799984
32.166 , 0.1999989
32.168 , 0.1999989
32.17 , 0.1799984
32.172 , 0.1699982
32.174 , 0.1799984
32.177 , 0.1699982
32.179 , 0.1799984
32.181 , 0.1999989
32.183 , 0.1999989
32.185 , 0.1899986
32.187 , 0.1799984
32.189 , 0.1799984
32.192 , 0.1699982
32.194 , 0.1799984
32.196 , 0.1799984
32.198 , 0.1699982
32.2 , 0.1599979
32.202 , 0.1299992
32.204 , 0.1299992
32.207 , 0.1399994
32.216 , 0.1599979
32.219 , 0.1599979
32.221 , 0.1599979
32.223 , 0.1599979
32.225 , 0.1499996
32.227 , 0.1599979
32.229 , 0.1599979
32.231 , 0.1299992
32.233 , 0.1199989
32.236 , 0.1299992
32.238 , 0.1299992
32.24 , 0.1399994
32.242 , 0.1499996
32.244 , 0.1599979
32.246 , 0.1499996
32.248 , 0.1299992
32.25 , 0.1199989
32.252 , 0.1199989
32.255 , 0.1299992
32.257 , 0.1299992
32.259 , 0.1399994
32.261 , 0.1299992
32.263 , 0.1099987
32.265 , 0.1099987
32.267 , 0.1199989
32.27 , 0.1199989
32.272 , 0.1199989
32.274 , 0.1299992
32.276 , 0.1299992
32.278 , 0.1099987
32.28 , 0.1099987
32.283 , 0.1099987
32.285 , 0.1099987
32.287 , 0.1099987
32.289 , 0.1199989
32.291 , 0.1299992
32.293 , 0.09999847
32.295 , 0.09999847
32.298 , 0.09999847
32.3 , 0.09999847
32.302 , 0.1099987
32.304 , 0.1099987
32.306 , 0.1199989
32.308 , 0.1099987
32.31 , 0.1099987
32.313 , 0.1099987
32.315 , 0.1099987
32.317 , 0.1099987
32.319 , 0.1099987
32.321 , 0.1099987
32.323 , 0.09999847
32.325 , 0.07999802
32.327 , 0.07999802
32.33 , 0.07999802
32.332 , 0.08999825
32.334 , 0.09999847
32.336 , 0.1099987
32.338 , 0.1099987
32.34 , 0.09999847
32.342 , 0.09999847
32.345 , 0.08999825
32.347 , 0.09999847
32.349 , 0.09999847
32.351 , 0.09999847
32.353 , 0.09999847
32.355 , 0.06999969
32.358 , 0.06999969
32.36 , 0.07999802
32.362 , 0.08999825
32.364 , 0.08999825
32.366 , 0.09999847
32.368 , 0.09999847
32.37 , 0.07999802
32.373 , 0.06999969
32.375 , 0.07999802
32.377 , 0.06999969
32.379 , 0.07999802
32.381 , 0.08999825
32.383 , 0.08999825
32.385 , 0.06999969
32.388 , 0.06999969
32.39 , 0.06999969
32.392 , 0.06999969
32.394 , 0.07999802
32.396 , 0.07999802
32.398 , 0.07999802
32.401 , 0.06999969
32.403 , 0.05999947
32.405 , 0.06999969
32.407 , 0.05999947
32.409 , 0.06999969
32.412 , 0.07999802
32.414 , 0.07999802
32.416 , 0.05999947
32.418 , 0.04999924
32.42 , 0.04999924
32.422 , 0.04999924
32.424 , 0.05999947
32.427 , 0.05999947
32.429 , 0.06999969
32.431 , 0.06999969
32.433 , 0.05999947
32.435 , 0.05999947
32.437 , 0.05999947
32.44 , 0.05999947
32.442 , 0.05999947
32.444 , 0.05999947
32.446 , 0.03999901
32.448 , 0.02999878
32.45 , 0.01999855
32.452 , 0.02999878
32.455 , 0.03999901
32.457 , 0.04999924
32.459 , 0.05999947
32.461 , 0.05999947
32.463 , 0.04999924
32.465 , 0.03999901
32.467 , 0.03999901
32.47 , 0.04999924
32.472 , 0.03999901
32.474 , 0.04999924
32.476 , 0.03999901
32.478 , 0.01999855
32.48 , 0.01999855
32.483 , 0.02999878
32.485 , 0.02999878
32.487 , 0.02999878
32.489 , 0.03999901
32.491 , 0.04999924
32.493 , 0.01999855
32.495 , 0.01999855
32.498 , 0.02999878
32.5 , 0.01999855
32.502 , 0.01999855
32.504 , 0.02999878
32.506 , 0.02999878
32.508 , 0.009998322
32.511 , 0.01999855
32.513 , 0.01999855
32.515 , 0.01999855
32.517 , 0.01999855
32.519 , 0.02999878
32.521 , 0.02999878
32.523 , 0.01999855
32.526 , -1.907348e-06
32.528 , 0.009998322
32.53 , 0.009998322
32.532 , 0.01999855
32.534 , 0.01999855
32.536 , 0.01999855
32.539 , 0.009998322
32.541 , -1.907348e-06
32.543 , -1.907348e-06
32.545 , -1.907348e-06
32.547 , 0.009998322
32.549 , 0.009998322
32.551 , 0.01999855
32.554 , 0.01999855
32.556 , 0.009998322
32.558 , 0.009998322
32.56 , 0.009998322
32.562 , 0.009998322
32.564 , 0.01999855
32.566 , 0.01999855
32.569 , -1.907348e-06
32.571 , -0.02000046
32.573 , -0.03000069
32.575 , -0.02000046
32.577 , -0.01000214
32.579 , -1.907348e-06
32.581 , -1.907348e-06
32.584 , 0.01999855
32.593 , -1.907348e-06
32.596 , -1.907348e-06
32.598 , -1.907348e-06
32.6 , -0.01000214
32.602 , -0.02000046
32.604 , -0.01000214
32.606 , -0.02000046
32.608 , -0.01000214
32.61 , -1.907348e-06
32.613 , 0.009998322
32.615 , -1.907348e-06
32.617 , -0.02000046
32.619 , -0.02000046
32.621 , -0.01000214
32.623 , -0.01000214
32.625 , -0.01000214
32.627 , -1.907348e-06
32.629 , -1.907348e-06
32.632 , -0.03000069
32.634 , -0.03000069
32.636 , -0.02000046
32.638 , -0.02000046
32.64 , -0.01000214
32.642 , -1.907348e-06
32.644 , -1.907348e-06
32.646 , -0.02000046
32.649 , -0.03000069
32.651 , -0.02000046
32.653 , -0.02000046
32.655 , -0.02000046
32.657 , -1.907348e-06
32.659 , -1.907348e-06
32.662 , -0.02000046
32.664 , -0.03000069
32.666 , -0.03000069
32.668 , -0.02000046
32.67 , -0.02000046
32.672 , -0.01000214
32.674 , -1.907348e-06
32.676 , -1.907348e-06
32.679 , -0.01000214
32.681 , -0.01000214
32.683 , -0.01000214
32.685 , -1.907348e-06
32.687 , -1.907348e-06
32.689 , -1.907348e-06
32.691 , -0.02000046
32.693 , -0.03000069
32.696 , -0.04000092
32.698 , -0.04000092
32.7 , -0.03000069
32.702 , -0.02000046
32.704 , -0.02000046
32.706 , -1.907348e-06
32.708 , -0.02000046
32.71 , -0.02000046
32.712 , -0.02000046
32.715 , -0.02000046
32.717 , -0.02000046
32.719 , -0.01000214
32.721 , -0.01000214
32.723 , -0.03000069
32.725 , -0.04000092
32.727 , -0.03000069
32.73 , -0.03000069
32.732 , -0.03000069
32.734 , -0.01000214
32.736 , -1.907348e-06
32.738 , -0.02000046
32.74 , -0.03000069
32.742 , -0.03000069
32.744 , -0.04000092
32.746 , -0.03000069
32.749 , -0.01000214
32.751 , -0.01000214
32.753 , -0.02000046
32.755 , -0.04000092
32.757 , -0.04000092
32.759 , -0.04000092
32.761 , -0.04000092
32.763 , -0.03000069
32.765 , -0.02000046
32.768 , -0.01000214
32.77 , -0.04000092
32.772 , -0.05000114
32.774 , -0.04000092
32.776 , -0.03000069
32.778 , -0.03000069
32.78 , -0.02000046
32.782 , -0.02000046
32.784 , -0.04000092
32.787 , -0.04000092
32.789 , -0.04000092
32.791 , -0.04000092
32.793 , -0.04000092
32.795 , -0.02000046
32.797 , -0.02000046
32.799 , -0.02000046
32.802 , -0.03000069
32.804 , -0.03000069
32.806 , -0.03000069
32.808 , -0.04000092
32.81 , -0.02000046
32.812 , -0.02000046
32.814 , -0.04000092
32.816 , -0.05000114
32.818 , -0.06000137
32.821 , -0.05000114
32.823 , -0.04000092
32.825 , -0.03000069
32.827 , -0.02000046
32.829 , -0.02000046
32.831 , -0.03000069
32.833 , -0.04000092
32.835 , -0.03000069
32.837 , -0.03000069
32.84 , -0.03000069
32.842 , -0.02000046
32.844 , -0.02000046
32.846 , -0.05000114
32.848 , -0.05000114
32.85 , -0.04000092
32.852 , -0.05000114
32.855 , -0.04000092
32.857 , -0.02000046
32.859 , -0.02000046
32.861 , -0.04000092
32.863 , -0.08000183
32.865 , -0.0700016
32.867 , -0.05000114
32.869 , -0.04000092
32.871 , -0.03000069
32.874 , -0.01000214
32.876 , -1.907348e-06
32.878 , 0.009998322
32.88 , -0.01000214
32.882 , -0.01000214
32.884 , -0.02000046
32.886 , -0.03000069
32.888 , -0.03000069
32.891 , -0.02000046
32.893 , -0.03000069
32.895 , -0.02000046
32.897 , -0.01000214
32.899 , -0.01000214
32.901 , -1.907348e-06
32.903 , -0.01000214
32.905 , -1.907348e-06
32.908 , -1.907348e-06
32.91 , -1.907348e-06
32.912 , -1.907348e-06
32.914 , -1.907348e-06
32.916 , -1.907348e-06
32.918 , -1.907348e-06
32.921 , -1.907348e-06
32.923 , 0.009998322
32.925 , 0.009998322
32.927 , 0.009998322
32.929 , 0.01999855
32.931 , 0.009998322
32.933 , 0.009998322
32.936 , 0.01999855
32.938 , 0.01999855
32.94 , 0.01999855
32.942 , 0.01999855
32.944 , 0.01999855
32.946 , 0.01999855
32.949 , 0.01999855
32.951 , 0.01999855
32.953 , 0.01999855
32.955 , 0.02999878
32.957 , 0.02999878
32.967 , 0.02999878
32.969 , 0.03999901
32.971 , 0.03999901
32.973 , 0.03999901
32.975 , 0.03999901
32.978 , 0.03999901
32.98 , 0.04999924
32.982 , 0.04999924
32.984 , 0.07999802
32.986 , 0.09999847
32.989 , 0.09999847
32.991 , 0.07999802
32.993 , 0.06999969
32.995 , 0.1199989
32.997 , 0.2399979
32.999 , 0.3499985
33.001 , 0.5499992
33.004 , 0.789999
33.006 , 0.9599991
33.008 , 0.9399986
33.01 , 0.9099979
33.012 , 0.8199997
33.014 , 0.6799984
33.016 , 0.6599979
33.018 , 0.6599979
33.021 , 0.7399979
33.023 , 0.8599987
33.025 , 0.9299984
33.027 , 0.9199982
33.029 , 0.7699986
33.031 , 0.5899982
33.033 , 0.3999996
33.036 , 0.3099995
33.038 , 0.2399979
33.04 , 0.2799988
33.042 , 0.3799992
33.044 , 0.5099983
33.046 , 0.5999985
33.049 , 0.6499996
33.051 , 0.6699982
33.053 , 0.6399994
33.055 , 0.5899982
33.057 , 0.5499992
33.059 , 0.5099983
33.061 , 0.4899979
33.064 , 0.4899979
33.066 , 0.4999981
33.068 , 0.5199986
33.07 , 0.539999
33.072 , 0.539999
33.074 , 0.5499992
33.076 , 0.5499992
33.079 , 0.539999
33.081 , 0.539999
33.083 , 0.5199986
33.085 , 0.5199986
33.087 , 0.5199986
33.089 , 0.5199986
33.091 , 0.5199986
33.094 , 0.5199986
33.096 , 0.5299988
33.098 , 0.5199986
33.1 , 0.5199986
33.102 , 0.5199986
33.104 , 0.5199986
33.106 , 0.5199986
33.109 , 0.5199986
33.111 , 0.5199986
33.113 , 0.5199986
33.115 , 0.5199986
33.117 , 0.5199986
33.119 , 0.5199986
33.121 , 0.5199986
33.124 , 0.5099983
33.126 , 0.5099983
33.128 , 0.5099983
33.13 , 0.5099983
33.132 , 0.5099983
33.134 , 0.5099983
33.136 , 0.5099983
33.138 , 0.5099983
33.141 , 0.5099983
33.143 , 0.5099983
33.145 , 0.5099983
33.147 , 0.5099983
33.149 , 0.5099983
33.151 , 0.5099983
33.153 , 0.5099983
33.155 , 0.5099983
33.158 , 0.4999981
33.16 , 0.4999981
33.162 , 0.4999981
33.164 , 0.5099983
33.166 , 0.4999981
33.168 , 0.5099983
33.17 , 0.4999981
33.173 , 0.4999981
33.175 , 0.4999981
33.177 , 0.4999981
33.179 , 0.4999981
33.181 , 0.4999981
33.184 , 0.4999981
33.186 , 0.4999981
33.188 , 0.4999981
33.19 , 0.4999981
33.192 , 0.4899979
33.194 , 0.4999981
33.196 , 0.4999981
33.199 , 0.4899979
33.201 , 0.4899979
33.203 , 0.4999981
33.205 , 0.4999981
33.207 , 0.4999981
33.209 , 0.4899979
33.211 , 0.4899979
33.214 , 0.4899979
33.216 , 0.4899979
33.218 , 0.4899979
33.22 , 0.4899979
33.222 , 0.4799995
33.224 , 0.4899979
33.226 , 0.4799995
33.229 , 0.4799995
33.231 , 0.4899979
33.233 , 0.4699993
33.235 , 0.4099979
33.237 , 0.3899994
33.239 , 0.3999996
33.242 , 0.4399986
33.244 , 0.5199986
33.246 , 0.5699997
33.248 , 0.5599995
33.25 , 0.5499992
33.252 , 0.539999
33.254 , 0.4599991
33.256 , 0.3999996
33.259 , 0.3799992
33.261 , 0.3999996
33.263 , 0.4099979
33.265 , 0.4299984
33.267 , 0.4199982
33.269 , 0.4399986
33.271 , 0.4799995
33.273 , 0.4799995
33.276 , 0.4799995
33.278 , 0.4399986
33.28 , 0.4099979
33.282 , 0.4199982
33.284 , 0.4299984
33.286 , 0.4299984
33.289 , 0.4399986
33.291 , 0.4299984
33.293 , 0.4399986
33.295 , 0.4499989
33.297 , 0.4499989
33.299 , 0.4299984
33.301 , 0.3899994
33.304 , 0.3799992
33.306 , 0.3999996
33.308 , 0.3999996
33.31 , 0.4099979
33.312 , 0.3999996
33.314 , 0.3999996
33.316 , 0.4199982
33.319 , 0.4199982
33.321 , 0.4299984
33.323 , 0.4099979
33.325 , 0.3599987
33.327 , 0.3699989
33.329 , 0.3899994
33.332 , 0.3899994
33.334 , 0.3999996
33.343 , 0.3999996
33.345 , 0.3899994
33.348 , 0.3499985
33.35 , 0.3599987
33.352 , 0.3799992
33.354 , 0.3799992
33.356 , 0.3799992
33.358 , 0.3499985
33.36 , 0.3499985
33.363 , 0.3599987
33.365 , 0.3599987
33.367 , 0.3699989
33.369 , 0.3499985
33.371 , 0.329998
33.373 , 0.3499985
33.376 , 0.3599987
33.378 , 0.3599987
33.38 , 0.3599987
33.382 , 0.3499985
33.384 , 0.3499985
33.386 , 0.3599987
33.388 , 0.3599987
33.391 , 0.3499985
33.393 , 0.3199997
33.395 , 0.2999992
33.397 , 0.2999992
33.399 , 0.3099995
33.401 , 0.329998
33.403 , 0.329998
33.406 , 0.3199997
33.408 , 0.329998
33.41 , 0.3499985
33.412 , 0.3499985
33.414 , 0.3399982
33.416 , 0.289999
33.418 , 0.2799988
33.421 , 0.2999992
33.423 , 0.2999992
33.425 , 0.3099995
33.427 , 0.2999992
33.429 , 0.2799988
33.431 , 0.2999992
33.433 , 0.3099995
33.436 , 0.3099995
33.438 , 0.2999992
33.44 , 0.2699986
33.442 , 0.2799988
33.444 , 0.289999
33.446 , 0.289999
33.449 , 0.2999992
33.451 , 0.2599983
33.453 , 0.2599983
33.455 , 0.2799988
33.457 , 0.2799988
33.459 , 0.289999
33.461 , 0.2599983
33.463 , 0.2399979
33.466 , 0.2599983
33.468 , 0.2699986
33.47 , 0.2799988
33.472 , 0.2699986
33.474 , 0.2599983
33.476 , 0.2699986
33.478 , 0.2699986
33.481 , 0.2699986
33.483 , 0.2599983
33.485 , 0.2199993
33.487 , 0.2099991
33.489 , 0.2299995
33.491 , 0.2299995
33.494 , 0.2399979
33.496 , 0.2599983
33.498 , 0.2799988
33.5 , 0.2799988
33.502 , 0.2399979
33.504 , 0.2299995
33.506 , 0.2399979
33.509 , 0.2299995
33.511 , 0.2299995
33.513 , 0.2399979
33.515 , 0.2499981
33.517 , 0.2299995
33.519 , 0.2099991
33.521 , 0.2099991
33.523 , 0.2199993
33.526 , 0.2299995
33.528 , 0.2399979
33.53 , 0.2399979
33.532 , 0.2399979
33.534 , 0.2099991
33.536 , 0.2099991
33.538 , 0.2099991
33.541 , 0.2099991
33.543 , 0.2099991
33.545 , 0.2299995
33.547 , 0.2299995
33.549 , 0.2299995
33.551 , 0.1999989
33.553 , 0.1999989
33.556 , 0.1999989
33.558 , 0.2099991
33.56 , 0.2099991
33.562 , 0.2299995
33.564 , 0.2299995
33.566 , 0.1999989
33.569 , 0.1899986
33.571 , 0.1899986
33.573 , 0.1999989
33.575 , 0.1999989
33.577 , 0.2099991
33.579 , 0.2299995
33.582 , 0.2199993
33.584 , 0.1799984
33.586 , 0.1899986
33.588 , 0.1899986
33.59 , 0.1999989
33.592 , 0.1999989
33.594 , 0.2099991
33.597 , 0.2199993
33.599 , 0.2099991
33.601 , 0.1999989
33.603 , 0.1999989
33.605 , 0.1899986
33.607 , 0.1999989
33.609 , 0.2099991
33.611 , 0.2099991
33.614 , 0.2099991
33.616 , 0.1699982
33.618 , 0.1699982
33.62 , 0.1799984
33.622 , 0.1799984
33.624 , 0.1899986
33.626 , 0.1999989
33.629 , 0.2099991
33.631 , 0.2099991
33.633 , 0.1999989
33.635 , 0.1999989
33.637 , 0.1899986
33.639 , 0.1899986
33.642 , 0.1899986
33.644 , 0.1999989
33.646 , 0.2099991
33.648 , 0.1799984
33.65 , 0.1599979
33.652 , 0.1699982
33.654 , 0.1799984
33.656 , 0.1899986
33.659 , 0.1899986
33.661 , 0.2099991
33.663 , 0.2099991
33.665 , 0.1699982
33.667 , 0.1699982
33.669 , 0.1699982
33.671 , 0.1599979
33.674 , 0.1799984
33.676 , 0.1799984
33.678 , 0.1999989
33.68 , 0.1899986
33.682 , 0.1599979
33.685 , 0.1599979
33.687 , 0.1599979
33.689 , 0.1699982
33.691 , 0.1699982
33.693 , 0.1799984
33.695 , 0.1799984
33.697 , 0.1599979
33.7 , 0.1499996
33.702 , 0.1499996
33.704 , 0.1499996
33.706 , 0.1599979
33.708 , 0.1599979
33.71 , 0.1799984
33.72 , 0.1399994
33.722 , 0.1499996
33.724 , 0.1499996
33.726 , 0.1499996
33.729 , 0.1599979
33.731 , 0.1599979
33.733 , 0.1499996
33.735 , 0.1399994
33.737 , 0.1399994
33.739 , 0.1399994
33.741 , 0.1399994
33.743 , 0.1399994
33.746 , 0.1299992
33.748 , 0.09999847
33.75 , 0.09999847
33.752 , 0.1099987
33.754 , 0.1099987
33.757 , 0.1199989
33.759 , 0.1399994
33.761 , 0.1599979
33.763 , 0.1399994
33.765 , 0.1099987
33.767 , 0.1099987
33.769 , 0.1099987
33.771 , 0.1099987
33.774 , 0.1099987
33.776 , 0.1199989
33.778 , 0.1099987
33.78 , 0.08999825
33.782 , 0.08999825
33.784 , 0.09999847
33.786 , 0.08999825
33.789 , 0.1099987
33.791 , 0.1099987
33.793 , 0.1199989
33.795 , 0.1099987
33.797 , 0.07999802
33.799 , 0.08999825
33.802 , 0.08999825
33.804 , 0.08999825
33.806 , 0.09999847
33.808 , 0.1099987
33.81 , 0.1099987
33.812 , 0.08999825
33.814 , 0.08999825
33.817 , 0.08999825
33.819 , 0.08999825
33.821 , 0.09999847
33.823 , 0.09999847
33.825 , 0.1099987
33.827 , 0.1099987
33.83 , 0.07999802
33.832 , 0.07999802
33.834 , 0.07999802
33.836 , 0.07999802
33.838 , 0.08999825
33.84 , 0.09999847
33.842 , 0.1099987
33.845 , 0.08999825
33.847 , 0.06999969
33.849 , 0.06999969
33.851 , 0.07999802
33.853 , 0.07999802
33.855 , 0.08999825
33.857 , 0.09999847
33.86 , 0.09999847
33.862 , 0.08999825
33.864 , 0.08999825
33.866 , 0.08999825
33.868 , 0.08999825
33.87 , 0.08999825
33.873 , 0.08999825
33.875 , 0.09999847
33.877 , 0.08999825
33.879 , 0.06999969
33.881 , 0.05999947
33.884 , 0.06999969
33.886 , 0.07999802
33.888 , 0.08999825
33.89 , 0.1099987
33.892 , 0.1099987
33.894 , 0.08999825
33.896 , 0.08999825
33.899 , 0.08999825
33.901 , 0.07999802
33.903 , 0.07999802
33.905 , 0.08999825
33.907 , 0.09999847
33.91 , 0.08999825
33.912 , 0.05999947
33.914 , 0.04999924
33.916 , 0.06999969
33.918 , 0.06999969
33.92 , 0.07999802
33.922 , 0.08999825
33.925 , 0.09999847
33.927 , 0.07999802
33.929 , 0.06999969
33.931 , 0.06999969
33.933 , 0.06999969
33.935 , 0.07999802
33.938 , 0.07999802
33.94 , 0.08999825
33.942 , 0.08999825
33.944 , 0.06999969
33.946 , 0.05999947
33.949 , 0.06999969
33.951 , 0.06999969
33.953 , 0.07999802
33.955 , 0.08999825
33.957 , 0.09999847
33.959 , 0.07999802
33.962 , 0.06999969
33.964 , 0.05999947
33.966 , 0.06999969
33.968 , 0.06999969
33.97 , 0.07999802
33.972 , 0.07999802
33.974 , 0.08999825
33.977 , 0.06999969
33.979 , 0.05999947
33.981 , 0.05999947
33.983 , 0.05999947
33.985 , 0.06999969
33.987 , 0.07999802
33.99 , 0.08999825
33.992 , 0.07999802
33.994 , 0.07999802
33.996 , 0.06999969
33.998 , 0.06999969
34.0 , 0.06999969
34.002 , 0.06999969
34.005 , 0.07999802
34.007 , 0.06999969
34.009 , 0.04999924
34.011 , 0.03999901
34.013 , 0.03999901
34.016 , 0.03999901
34.018 , 0.04999924
34.02 , 0.05999947
34.022 , 0.06999969
34.024 , 0.06999969
34.026 , 0.04999924
34.028 , 0.04999924
34.031 , 0.04999924
34.033 , 0.04999924
34.035 , 0.04999924
34.037 , 0.05999947
34.039 , 0.05999947
34.041 , 0.03999901
34.043 , 0.02999878
34.046 , 0.02999878
34.048 , 0.03999901
34.05 , 0.03999901
34.052 , 0.03999901
34.054 , 0.05999947
34.056 , 0.05999947
34.059 , 0.02999878
34.061 , 0.01999855
34.063 , 0.02999878
34.065 , 0.02999878
34.067 , 0.02999878
34.07 , 0.04999924
34.072 , 0.05999947
34.074 , 0.03999901
34.076 , 0.01999855
34.078 , 0.01999855
34.08 , 0.01999855
34.083 , 0.01999855
34.085 , 0.02999878
34.087 , 0.03999901
34.089 , 0.03999901
34.099 , 0.01999855
34.101 , 0.01999855
34.103 , 0.02999878
34.105 , 0.03999901
34.107 , 0.009998322
34.109 , -1.907348e-06
34.111 , -1.907348e-06
34.114 , -1.907348e-06
34.116 , 0.01999855
34.118 , 0.01999855
34.12 , 0.02999878
34.122 , 0.02999878
34.124 , 0.01999855
34.126 , 0.01999855
34.129 , 0.01999855
34.131 , 0.01999855
34.133 , 0.01999855
34.135 , 0.01999855
34.137 , 0.02999878
34.139 , 0.01999855
34.142 , -0.01000214
34.144 , -0.01000214
34.146 , -0.01000214
34.148 , -1.907348e-06
34.15 , 0.01999855
34.152 , 0.01999855
34.154 , 0.02999878
34.156 , 0.01999855
34.158 , 0.01999855
34.161 , -1.907348e-06
34.163 , -1.907348e-06
34.165 , 0.009998322
34.167 , 0.009998322
34.169 , 0.01999855
34.171 , 0.01999855
34.173 , -1.907348e-06
34.176 , -0.01000214
34.178 , -1.907348e-06
34.18 , -1.907348e-06
34.182 , -1.907348e-06
34.184 , 0.01999855
34.186 , 0.02999878
34.188 , 0.009998322
34.191 , -1.907348e-06
34.193 , -0.01000214
34.195 , -1.907348e-06
34.197 , -1.907348e-06
34.199 , 0.009998322
34.201 , 0.01999855
34.203 , 0.01999855
34.206 , -1.907348e-06
34.208 , -1.907348e-06
34.21 , -1.907348e-06
34.212 , -0.01000214
34.214 , -1.907348e-06
34.216 , 0.01999855
34.218 , 0.01999855
34.22 , 0.01999855
34.223 , -0.01000214
34.225 , -0.01000214
34.227 , -1.907348e-06
34.229 , -1.907348e-06
34.231 , -1.907348e-06
34.233 , 0.009998322
34.235 , 0.01999855
34.238 , 0.009998322
34.24 , -0.01000214
34.242 , -0.02000046
34.244 , -0.01000214
34.246 , -0.01000214
34.248 , -1.907348e-06
34.25 , 0.01999855
34.252 , 0.01999855
34.255 , 0.009998322
34.257 , -1.907348e-06
34.259 , -1.907348e-06
34.261 , -1.907348e-06
34.263 , -1.907348e-06
34.265 , -1.907348e-06
34.268 , 0.009998322
34.27 , -1.907348e-06
34.272 , -0.02000046
34.274 , -0.03000069
34.276 , -0.02000046
34.278 , -0.02000046
34.28 , -0.01000214
34.283 , -1.907348e-06
34.285 , 0.01999855
34.287 , -1.907348e-06
34.289 , -0.01000214
34.291 , -0.02000046
34.293 , -0.01000214
34.295 , -0.01000214
34.297 , -1.907348e-06
34.3 , -1.907348e-06
34.302 , -1.907348e-06
34.304 , -0.01000214
34.306 , -0.02000046
34.308 , -0.02000046
34.31 , -0.03000069
34.312 , -0.02000046
34.314 , -0.02000046
34.316 , -1.907348e-06
34.319 , -1.907348e-06
34.321 , -0.05000114
34.323 , -0.06000137
34.325 , -0.05000114
34.327 , -0.04000092
34.329 , -0.03000069
34.331 , -0.02000046
34.333 , -1.907348e-06
34.336 , 0.01999855
34.338 , -1.907348e-06
34.34 , -1.907348e-06
34.342 , -1.907348e-06
34.344 , -1.907348e-06
34.346 , -0.02000046
34.348 , -0.02000046
34.35 , -0.02000046
34.353 , -0.01000214
34.355 , -0.01000214
34.357 , -1.907348e-06
34.359 , -1.907348e-06
34.361 , -1.907348e-06
34.363 , -1.907348e-06
34.365 , -1.907348e-06
34.368 , -1.907348e-06
34.37 , -1.907348e-06
34.372 , -1.907348e-06
34.374 , -1.907348e-06
34.376 , -1.907348e-06
34.378 , -1.907348e-06
34.381 , -1.907348e-06
34.383 , -1.907348e-06
34.385 , 0.009998322
34.387 , 0.01999855
34.389 , 0.009998322
34.391 , 0.01999855
34.394 , 0.009998322
34.396 , 0.01999855
34.398 , 0.01999855
34.4 , 0.009998322
34.402 , 0.01999855
34.404 , 0.01999855
34.406 , 0.01999855
34.409 , 0.01999855
34.411 , 0.01999855
34.413 , 0.02999878
34.415 , 0.02999878
34.417 , 0.02999878
34.419 , 0.02999878
34.422 , 0.03999901
34.424 , 0.02999878
34.426 , 0.03999901
34.428 , 0.03999901
34.43 , 0.03999901
34.432 , 0.03999901
34.434 , 0.04999924
34.436 , 0.03999901
34.439 , 0.04999924
34.441 , 0.04999924
34.443 , 0.04999924
34.445 , 0.05999947
34.447 , 0.04999924
34.449 , 0.05999947
34.452 , 0.05999947
34.454 , 0.05999947
34.456 , 0.05999947
34.458 , 0.06999969
34.46 , 0.06999969
34.463 , 0.06999969
34.465 , 0.06999969
34.474 , 0.07999802
34.477 , 0.07999802
34.479 , 0.07999802
34.481 , 0.07999802
34.483 , 0.09999847
34.485 , 0.1199989
34.487 , 0.1399994
34.489 , 0.1499996
34.492 , 0.1199989
34.494 , 0.1199989
34.496 , 0.2099991
34.498 , 0.3199997
34.5 , 0.4299984
34.502 , 0.6699982
34.505 , 0.9099979
34.507 , 0.9999981
34.509 , 0.9699993
34.511 , 0.9299984
34.513 , 0.8399982
34.515 , 0.7199993
34.517 , 0.6999989
34.52 , 0.7199993
34.522 , 0.8499985
34.524 , 0.9199982
34.526 , 0.829998
34.528 , 0.6299992
34.53 , 0.4299984
34.532 , 0.2999992
34.535 , 0.2099991
34.537 , 0.1999989
34.539 , 0.2799988
34.541 , 0.3999996
34.543 , 0.539999
34.545 , 0.6199989
34.548 , 0.6699982
34.55 , 0.6699982
34.552 , 0.6299992
34.554 , 0.579998
34.556 , 0.5199986
34.558 , 0.4899979
34.56 , 0.4699993
34.563 , 0.4599991
34.565 , 0.4799995
34.567 , 0.5099983
34.569 , 0.5299988
34.571 , 0.539999
34.573 , 0.539999
34.575 , 0.5299988
34.577 , 0.5199986
34.58 , 0.5099983
34.582 , 0.5099983
34.584 , 0.4999981
34.586 , 0.4999981
34.588 , 0.5099983
34.591 , 0.5099983
34.593 , 0.5199986
34.595 , 0.5199986
34.597 , 0.5099983
34.599 , 0.5099983
34.601 , 0.5099983
34.603 , 0.5099983
34.606 , 0.5099983
34.608 , 0.4999981
34.61 , 0.4999981
34.612 , 0.4999981
34.614 , 0.4999981
34.616 , 0.4999981
34.618 , 0.5099983
34.62 , 0.4999981
34.623 , 0.5099983
34.625 , 0.4999981
34.627 , 0.4999981
34.629 , 0.4999981
34.631 , 0.4999981
34.633 , 0.4999981
34.635 , 0.4899979
34.638 , 0.4999981
34.64 , 0.4999981
34.642 , 0.4899979
34.644 , 0.4999981
34.646 , 0.4899979
34.649 , 0.4899979
34.651 , 0.4899979
34.653 , 0.4899979
34.655 , 0.4999981
34.657 , 0.4899979
34.659 , 0.4899979
34.662 , 0.4899979
34.664 , 0.4899979
34.666 , 0.4899979
34.668 , 0.4899979
34.67 , 0.4799995
34.672 , 0.4899979
34.675 , 0.4899979
34.677 , 0.4799995
34.679 , 0.4899979
34.681 , 0.4899979
34.683 , 0.4799995
34.685 , 0.4799995
34.688 , 0.4899979
34.69 , 0.4799995
34.692 , 0.4799995
34.694 , 0.4799995
34.696 , 0.4799995
34.698 , 0.4799995
34.7 , 0.4799995
34.703 , 0.4799995
34.705 , 0.4799995
34.707 , 0.4699993
34.709 , 0.4799995
34.711 , 0.4799995
34.714 , 0.4699993
34.716 , 0.4699993
34.718 , 0.4799995
34.72 , 0.4699993
34.722 , 0.4699993
34.724 , 0.4799995
34.726 , 0.4699993
34.728 , 0.4699993
34.731 , 0.4699993
34.733 , 0.4599991
34.735 , 0.4299984
34.737 , 0.3999996
34.739 , 0.3899994
34.741 , 0.3999996
34.743 , 0.4599991
34.746 , 0.5299988
34.748 , 0.539999
34.75 , 0.539999
34.752 , 0.5199986
34.754 , 0.4799995
34.756 , 0.4099979
34.758 , 0.3699989
34.761 , 0.3799992
34.763 , 0.3999996
34.765 , 0.4099979
34.767 , 0.3999996
34.769 , 0.4099979
34.771 , 0.4499989
34.774 , 0.4599991
34.776 , 0.4599991
34.778 , 0.4299984
34.78 , 0.3999996
34.782 , 0.3999996
34.785 , 0.4099979
34.787 , 0.4099979
34.789 , 0.3999996
34.791 , 0.3799992
34.793 , 0.3999996
34.795 , 0.4099979
34.797 , 0.4099979
34.8 , 0.4099979
34.802 , 0.3899994
34.804 , 0.3899994
34.806 , 0.3999996
34.808 , 0.3999996
34.81 , 0.4099979
34.812 , 0.3999996
34.815 , 0.3999996
34.817 , 0.3999996
34.819 , 0.3999996
34.821 , 0.4099979
34.823 , 0.3899994
34.825 , 0.3499985
34.828 , 0.3499985
34.83 , 0.3599987
34.832 , 0.3699989
34.834 , 0.3799992
34.836 , 0.3699989
34.838 , 0.3799992
34.841 , 0.3999996
34.843 , 0.3899994
34.852 , 0.3499985
34.855 , 0.3499985
34.857 , 0.3599987
34.859 , 0.3399982
34.861 , 0.329998
34.863 , 0.3499985
34.865 , 0.3499985
34.867 , 0.3599987
34.87 , 0.3499985
34.872 , 0.3199997
34.874 , 0.3199997
34.876 , 0.3399982
34.878 , 0.3399982
34.88 , 0.3399982
34.882 , 0.2999992
34.885 , 0.3099995
34.887 , 0.329998
34.889 , 0.329998
34.891 , 0.329998
34.893 , 0.2999992
34.895 , 0.2999992
34.898 , 0.3099995
34.9 , 0.3199997
34.902 , 0.3199997
34.904 , 0.3199997
34.906 , 0.3099995
34.908 , 0.3199997
34.911 , 0.3199997
34.913 , 0.329998
34.915 , 0.3099995
34.917 , 0.2599983
34.919 , 0.2599983
34.921 , 0.2699986
34.923 , 0.2799988
34.926 , 0.2999992
34.928 , 0.289999
34.93 , 0.2999992
34.932 , 0.3099995
34.934 , 0.3099995
34.936 , 0.3099995
34.939 , 0.2799988
34.941 , 0.2499981
34.943 , 0.2599983
34.945 , 0.2699986
34.947 , 0.2799988
34.949 , 0.289999
34.951 , 0.2599983
34.954 , 0.2699986
34.956 , 0.2799988
34.958 , 0.2799988
34.96 , 0.2799988
34.962 , 0.2399979
34.964 , 0.2399979
34.967 , 0.2599983
34.969 , 0.2699986
34.971 , 0.2699986
34.973 , 0.289999
34.975 , 0.289999
34.978 , 0.2699986
34.98 , 0.2399979
34.982 , 0.2299995
34.984 , 0.2399979
34.986 , 0.2399979
34.988 , 0.2599983
34.99 , 0.2799988
34.993 , 0.2799988
34.995 , 0.2399979
34.997 , 0.2299995
34.999 , 0.2299995
35.001 , 0.2399979
35.003 , 0.2399979
35.005 , 0.2599983
35.008 , 0.2599983
35.01 , 0.2599983
35.012 , 0.2399979
35.014 , 0.2399979
35.016 , 0.2399979
35.018 , 0.2399979
35.02 , 0.2399979
35.022 , 0.2399979
35.025 , 0.2499981
35.027 , 0.2099991
35.029 , 0.1899986
35.031 , 0.1899986
35.033 , 0.2099991
35.035 , 0.2099991
35.038 , 0.2299995
35.04 , 0.2599983
35.042 , 0.2599983
35.044 , 0.2299995
35.046 , 0.2299995
35.048 , 0.2199993
35.05 , 0.2099991
35.052 , 0.2199993
35.055 , 0.2199993
35.057 , 0.2399979
35.059 , 0.2299995
35.061 , 0.1899986
35.063 , 0.1899986
35.065 , 0.2099991
35.068 , 0.2099991
35.07 , 0.2099991
35.072 , 0.2299995
35.074 , 0.2399979
35.076 , 0.2199993
35.078 , 0.1899986
35.08 , 0.1999989
35.082 , 0.1999989
35.085 , 0.1999989
35.087 , 0.2099991
35.089 , 0.2299995
35.091 , 0.2299995
35.093 , 0.1899986
35.096 , 0.1899986
35.098 , 0.1899986
35.1 , 0.1899986
35.102 , 0.1999989
35.104 , 0.2099991
35.106 , 0.2199993
35.108 , 0.2099991
35.111 , 0.1899986
35.113 , 0.1799984
35.115 , 0.1899986
35.117 , 0.1899986
35.119 , 0.1999989
35.121 , 0.2099991
35.123 , 0.2199993
35.125 , 0.1999989
35.128 , 0.1799984
35.13 , 0.1799984
35.132 , 0.1899986
35.134 , 0.1899986
35.136 , 0.1999989
35.138 , 0.2099991
35.14 , 0.2099991
35.143 , 0.1999989
35.145 , 0.1999989
35.147 , 0.1999989
35.149 , 0.1899986
35.151 , 0.1999989
35.153 , 0.1999989
35.155 , 0.1999989
35.158 , 0.1999989
35.16 , 0.1699982
35.162 , 0.1699982
35.164 , 0.1899986
35.166 , 0.1899986
35.168 , 0.1999989
35.171 , 0.2099991
35.173 , 0.2199993
35.175 , 0.1999989
35.177 , 0.1999989
35.179 , 0.1999989
35.181 , 0.1999989
35.183 , 0.1899986
35.186 , 0.1999989
35.188 , 0.2099991
35.19 , 0.2099991
35.192 , 0.1599979
35.194 , 0.1699982
35.196 , 0.1799984
35.199 , 0.1799984
35.201 , 0.1899986
35.203 , 0.1999989
35.205 , 0.2099991
35.207 , 0.2099991
35.209 , 0.1699982
35.211 , 0.1699982
35.214 , 0.1799984
35.216 , 0.1799984
35.218 , 0.1799984
35.22 , 0.1999989
35.23 , 0.1599979
35.232 , 0.1699982
35.234 , 0.1699982
35.236 , 0.1899986
35.238 , 0.1999989
35.24 , 0.1599979
35.243 , 0.1599979
35.245 , 0.1599979
35.247 , 0.1599979
35.249 , 0.1599979
35.251 , 0.1699982
35.253 , 0.1799984
35.255 , 0.1899986
35.257 , 0.1499996
35.26 , 0.1399994
35.262 , 0.1499996
35.264 , 0.1499996
35.266 , 0.1599979
35.268 , 0.1599979
35.27 , 0.1699982
35.273 , 0.1699982
35.275 , 0.1599979
35.277 , 0.1599979
35.279 , 0.1599979
35.281 , 0.1599979
35.283 , 0.1599979
35.286 , 0.1599979
35.288 , 0.1599979
35.29 , 0.1299992
35.292 , 0.1199989
35.294 , 0.1199989
35.296 , 0.1199989
35.298 , 0.1299992
35.301 , 0.1499996
35.303 , 0.1599979
35.305 , 0.1599979
35.307 , 0.1499996
35.309 , 0.1399994
35.311 , 0.1399994
35.313 , 0.1299992
35.316 , 0.1299992
35.318 , 0.1399994
35.32 , 0.1499996
35.322 , 0.1299992
35.324 , 0.1099987
35.326 , 0.1099987
35.328 , 0.1199989
35.33 , 0.1299992
35.332 , 0.1299992
35.335 , 0.1499996
35.337 , 0.1599979
35.339 , 0.1299992
35.341 , 0.1099987
35.343 , 0.1099987
35.345 , 0.1099987
35.347 , 0.1199989
35.35 , 0.1299992
35.352 , 0.1399994
35.354 , 0.1399994
35.356 , 0.1099987
35.358 , 0.1099987
35.36 , 0.1199989
35.362 , 0.1099987
35.365 , 0.1199989
35.367 , 0.1299992
35.369 , 0.1399994
35.371 , 0.1299992
35.373 , 0.1099987
35.375 , 0.09999847
35.377 , 0.1099987
35.38 , 0.1099987
35.382 , 0.1199989
35.384 , 0.1299992
35.386 , 0.1299992
35.388 , 0.1099987
35.39 , 0.09999847
35.392 , 0.09999847
35.395 , 0.1099987
35.397 , 0.1099987
35.399 , 0.1099987
35.401 , 0.1299992
35.403 , 0.1199989
35.405 , 0.1099987
35.407 , 0.1099987
35.409 , 0.1099987
35.412 , 0.1099987
35.414 , 0.1099987
35.416 , 0.1099987
35.418 , 0.1099987
35.42 , 0.09999847
35.422 , 0.07999802
35.425 , 0.07999802
35.427 , 0.08999825
35.429 , 0.08999825
35.431 , 0.09999847
35.433 , 0.1099987
35.435 , 0.1199989
35.437 , 0.09999847
35.44 , 0.08999825
35.442 , 0.09999847
35.444 , 0.08999825
35.446 , 0.08999825
35.448 , 0.09999847
35.45 , 0.09999847
35.453 , 0.08999825
35.455 , 0.07999802
35.457 , 0.06999969
35.459 , 0.07999802
35.461 , 0.08999825
35.463 , 0.08999825
35.466 , 0.09999847
35.468 , 0.1099987
35.47 , 0.08999825
35.472 , 0.06999969
35.474 , 0.07999802
35.476 , 0.07999802
35.479 , 0.07999802
35.481 , 0.07999802
35.483 , 0.09999847
35.485 , 0.09999847
35.487 , 0.06999969
35.489 , 0.06999969
35.492 , 0.06999969
35.494 , 0.06999969
35.496 , 0.07999802
35.498 , 0.08999825
35.5 , 0.09999847
35.502 , 0.07999802
35.505 , 0.05999947
35.507 , 0.05999947
35.509 , 0.06999969
35.511 , 0.06999969
35.513 , 0.07999802
35.515 , 0.08999825
35.517 , 0.08999825
35.52 , 0.06999969
35.522 , 0.05999947
35.524 , 0.06999969
35.526 , 0.05999947
35.528 , 0.06999969
35.53 , 0.07999802
35.532 , 0.08999825
35.535 , 0.08999825
35.537 , 0.07999802
35.539 , 0.06999969
35.541 , 0.07999802
35.543 , 0.07999802
35.546 , 0.07999802
35.548 , 0.07999802
35.55 , 0.07999802
35.552 , 0.05999947
35.554 , 0.03999901
35.556 , 0.04999924
35.558 , 0.04999924
35.561 , 0.06999969
35.563 , 0.06999969
35.565 , 0.07999802
35.567 , 0.08999825
35.569 , 0.06999969
35.572 , 0.05999947
35.574 , 0.06999969
35.576 , 0.06999969
35.578 , 0.05999947
35.58 , 0.06999969
35.582 , 0.07999802
35.584 , 0.05999947
35.587 , 0.04999924
35.589 , 0.04999924
35.591 , 0.05999947
35.593 , 0.06999969
35.595 , 0.06999969
35.597 , 0.07999802
35.607 , 0.04999924
35.609 , 0.05999947
35.612 , 0.06999969
35.614 , 0.07999802
35.616 , 0.06999969
35.618 , 0.04999924
35.62 , 0.03999901
35.623 , 0.05999947
35.625 , 0.04999924
35.627 , 0.05999947
35.629 , 0.05999947
35.631 , 0.07999802
35.633 , 0.05999947
35.635 , 0.03999901
35.638 , 0.03999901
35.64 , 0.03999901
35.642 , 0.04999924
35.644 , 0.05999947
35.646 , 0.05999947
35.648 , 0.06999969
35.65 , 0.04999924
35.653 , 0.03999901
35.655 , 0.03999901
35.657 , 0.03999901
35.659 , 0.03999901
35.661 , 0.04999924
35.663 , 0.05999947
35.666 , 0.05999947
35.668 , 0.04999924
35.67 , 0.03999901
35.672 , 0.03999901
35.674 , 0.03999901
35.677 , 0.04999924
35.679 , 0.04999924
35.681 , 0.04999924
35.683 , 0.02999878
35.685 , 0.01999855
35.687 , 0.01999855
35.69 , 0.01999855
35.692 , 0.02999878
35.694 , 0.03999901
35.696 , 0.03999901
35.698 , 0.04999924
35.7 , 0.02999878
35.702 , 0.02999878
35.705 , 0.01999855
35.707 , 0.02999878
35.709 , 0.02999878
35.711 , 0.02999878
35.713 , 0.03999901
35.715 , 0.02999878
35.718 , 0.009998322
35.72 , 0.009998322
35.722 , 0.009998322
35.724 , 0.01999855
35.726 , 0.02999878
35.728 , 0.02999878
35.73 , 0.02999878
35.733 , -1.907348e-06
35.735 , -0.02000046
35.737 , -0.01000214
35.739 , -1.907348e-06
35.741 , 0.009998322
35.743 , 0.01999855
35.746 , 0.03999901
35.748 , 0.05999947
35.75 , 0.04999924
35.752 , 0.03999901
35.754 , 0.02999878
35.756 , 0.02999878
35.758 , 0.01999855
35.761 , 0.01999855
35.763 , 0.01999855
35.765 , 0.01999855
35.767 , 0.02999878
35.769 , 0.02999878
35.771 , 0.02999878
35.774 , 0.03999901
35.776 , 0.02999878
35.778 , 0.02999878
35.78 , 0.02999878
35.782 , 0.02999878
35.784 , 0.02999878
35.787 , 0.02999878
35.789 , 0.02999878
35.791 , 0.02999878
35.793 , 0.02999878
35.795 , 0.03999901
35.798 , 0.03999901
35.8 , 0.02999878
35.802 , 0.03999901
35.804 , 0.03999901
35.806 , 0.03999901
35.808 , 0.03999901
35.811 , 0.03999901
35.813 , 0.03999901
35.815 , 0.03999901
35.817 , 0.03999901
35.819 , 0.03999901
35.821 , 0.03999901
35.824 , 0.03999901
35.826 , 0.03999901
35.828 , 0.03999901
35.83 , 0.03999901
35.832 , 0.03999901
35.834 , 0.03999901
35.836 , 0.04999924
35.839 , 0.03999901
35.841 , 0.03999901
35.843 , 0.04999924
35.845 , 0.03999901
35.847 , 0.03999901
35.849 , 0.03999901
35.852 , 0.04999924
35.854 , 0.04999924
35.856 , 0.03999901
35.858 , 0.03999901
35.86 , 0.03999901
35.862 , 0.03999901
35.865 , 0.03999901
35.867 , 0.03999901
35.869 , 0.03999901
35.871 , 0.03999901
35.873 , 0.04999924
35.875 , 0.04999924
35.878 , 0.03999901
35.88 , 0.05999947
35.882 , 0.04999924
35.884 , 0.04999924
35.886 , 0.04999924
35.888 , 0.04999924
35.89 , 0.04999924
35.893 , 0.04999924
35.895 , 0.05999947
35.897 , 0.04999924
35.899 , 0.05999947
35.901 , 0.04999924
35.904 , 0.05999947
35.906 , 0.04999924
35.908 , 0.05999947
35.91 , 0.05999947
35.912 , 0.05999947
35.914 , 0.05999947
35.916 , 0.05999947
35.919 , 0.05999947
35.921 , 0.05999947
35.923 , 0.05999947
35.925 , 0.06999969
35.927 , 0.06999969
35.93 , 0.06999969
35.932 , 0.06999969
35.934 , 0.06999969
35.936 , 0.06999969
35.938 , 0.07999802
35.94 , 0.07999802
35.943 , 0.06999969
35.945 , 0.07999802
35.947 , 0.06999969
35.949 , 0.06999969
35.951 , 0.07999802
35.953 , 0.07999802
35.956 , 0.08999825
35.958 , 0.07999802
35.96 , 0.08999825
35.962 , 0.07999802
35.964 , 0.08999825
35.966 , 0.07999802
35.969 , 0.08999825
35.971 , 0.07999802
35.973 , 0.08999825
35.975 , 0.08999825
35.977 , 0.08999825
35.987 , 0.1299992
35.989 , 0.1299992
35.991 , 0.1199989
35.994 , 0.1099987
35.996 , 0.1599979
35.998 , 0.289999
36.0 , 0.3799992
36.002 , 0.539999
36.004 , 0.8199997
36.006 , 0.9699993
36.009 , 0.9599991
36.011 , 0.9199982
36.013 , 0.8399982
36.015 , 0.7199993
36.017 , 0.6699982
36.019 , 0.6699982
36.021 , 0.7099991
36.023 , 0.5999985
36.026 , 0.3499985
36.028 , 0.2299995
36.03 , 0.1699982
36.032 , 0.1399994
36.034 , 0.1599979
36.036 , 0.2299995
36.039 , 0.3599987
36.041 , 0.4599991
36.043 , 0.5199986
36.045 , 0.539999
36.047 , 0.539999
36.049 , 0.4899979
36.051 , 0.4399986
36.054 , 0.3999996
36.056 , 0.3699989
36.058 , 0.3599987
36.06 , 0.3699989
36.062 , 0.3799992
36.064 , 0.3999996
36.067 , 0.4199982
36.069 , 0.4199982
36.071 , 0.4199982
36.073 , 0.4099979
36.075 , 0.4099979
36.077 , 0.3999996
36.079 , 0.3999996
36.082 , 0.3999996
36.084 , 0.3999996
36.086 , 0.3999996
36.088 , 0.3899994
36.09 , 0.3999996
36.092 , 0.4099979
36.094 , 0.4099979
36.097 , 0.3999996
36.099 , 0.3999996
36.101 , 0.3999996
36.103 , 0.3999996
36.105 , 0.3999996
36.107 , 0.3999996
36.109 , 0.3999996
36.111 , 0.4099979
36.114 , 0.3999996
36.116 , 0.3999996
36.118 , 0.4099979
36.12 , 0.3999996
36.122 , 0.3999996
36.124 , 0.3999996
36.127 , 0.3999996
36.129 , 0.3999996
36.131 , 0.3999996
36.133 , 0.3999996
36.135 , 0.3999996
36.137 , 0.3999996
36.139 , 0.3999996
36.141 , 0.3999996
36.144 , 0.3999996
36.146 , 0.3999996
36.148 , 0.3999996
36.15 , 0.3999996
36.152 , 0.3999996
36.154 , 0.3999996
36.156 , 0.3999996
36.159 , 0.3899994
36.161 , 0.3999996
36.163 , 0.3899994
36.165 , 0.3899994
36.167 , 0.3999996
36.169 , 0.3899994
36.172 , 0.3999996
36.174 , 0.3899994
36.176 , 0.3899994
36.178 , 0.3999996
36.18 , 0.3999996
36.182 , 0.3999996
36.185 , 0.3899994
36.187 , 0.3899994
36.189 , 0.3899994
36.191 , 0.3899994
36.193 , 0.3899994
36.195 , 0.3899994
36.197 , 0.3899994
36.2 , 0.3899994
36.202 , 0.3899994
36.204 , 0.3799992
36.206 , 0.3799992
36.208 , 0.3899994
36.21 , 0.3899994
36.213 , 0.3899994
36.215 , 0.3899994
36.217 , 0.3799992
36.219 , 0.3899994
36.221 , 0.3799992
36.223 , 0.3799992
36.225 , 0.3799992
36.227 , 0.3799992
36.23 , 0.3799992
36.232 , 0.3799992
36.234 , 0.3699989
36.236 , 0.3199997
36.238 , 0.2999992
36.24 , 0.3099995
36.242 , 0.329998
36.245 , 0.4199982
36.247 , 0.4699993
36.249 , 0.4699993
36.251 , 0.4699993
36.253 , 0.4299984
36.256 , 0.3599987
36.258 , 0.3099995
36.26 , 0.2799988
36.262 , 0.2999992
36.264 , 0.3099995
36.266 , 0.329998
36.268 , 0.329998
36.27 , 0.3499985
36.273 , 0.3699989
36.275 , 0.3799992
36.277 , 0.3699989
36.279 , 0.3399982
36.281 , 0.3199997
36.283 , 0.329998
36.285 , 0.329998
36.288 , 0.3399982
36.29 , 0.3199997
36.292 , 0.3099995
36.294 , 0.3199997
36.296 , 0.329998
36.298 , 0.3499985
36.3 , 0.3399982
36.303 , 0.2999992
36.305 , 0.3099995
36.307 , 0.329998
36.309 , 0.329998
36.311 , 0.329998
36.313 , 0.3199997
36.316 , 0.329998
36.318 , 0.329998
36.32 , 0.329998
36.322 , 0.329998
36.324 , 0.3099995
36.326 , 0.2799988
36.328 , 0.2699986
36.33 , 0.2999992
36.333 , 0.2999992
36.335 , 0.3099995
36.337 , 0.2999992
36.339 , 0.2999992
36.341 , 0.3199997
36.343 , 0.3099995
36.345 , 0.3199997
36.348 , 0.2799988
36.35 , 0.2599983
36.352 , 0.2799988
36.354 , 0.289999
36.364 , 0.2999992
36.366 , 0.289999
36.368 , 0.2999992
36.37 , 0.2799988
36.372 , 0.2599983
36.375 , 0.2699986
36.377 , 0.2799988
36.379 , 0.2799988
36.381 , 0.2699986
36.383 , 0.2399979
36.385 , 0.2499981
36.388 , 0.2699986
36.39 , 0.2699986
36.392 , 0.2699986
36.394 , 0.2399979
36.396 , 0.2399979
36.398 , 0.2599983
36.4 , 0.2599983
36.403 , 0.2599983
36.405 , 0.2499981
36.407 , 0.2499981
36.409 , 0.2599983
36.411 , 0.2599983
36.413 , 0.2599983
36.415 , 0.2399979
36.418 , 0.1999989
36.42 , 0.1899986
36.422 , 0.2099991
36.424 , 0.2199993
36.426 , 0.2299995
36.428 , 0.2299995
36.43 , 0.2299995
36.433 , 0.2399979
36.435 , 0.2499981
36.437 , 0.2499981
36.439 , 0.2299995
36.441 , 0.1899986
36.443 , 0.1999989
36.445 , 0.2099991
36.448 , 0.2299995
36.45 , 0.2299995
36.452 , 0.2399979
36.454 , 0.2499981
36.456 , 0.1999989
36.458 , 0.1999989
36.46 , 0.2099991
36.463 , 0.2099991
36.465 , 0.2099991
36.467 , 0.2299995
36.469 , 0.2299995
36.471 , 0.2299995
36.473 , 0.1899986
36.475 , 0.1899986
36.478 , 0.2099991
36.48 , 0.1999989
36.482 , 0.2099991
36.484 , 0.2299995
36.486 , 0.2299995
36.488 , 0.1999989
36.491 , 0.1899986
36.493 , 0.1999989
36.495 , 0.1999989
36.497 , 0.1999989
36.499 , 0.2099991
36.501 , 0.2299995
36.504 , 0.2199993
36.506 , 0.1799984
36.508 , 0.1799984
36.51 , 0.1899986
36.512 , 0.1899986
36.514 , 0.1999989
36.517 , 0.2099991
36.519 , 0.2299995
36.521 , 0.2099991
36.523 , 0.1999989
36.525 , 0.1999989
36.527 , 0.1999989
36.529 , 0.1999989
36.531 , 0.1999989
36.534 , 0.2099991
36.536 , 0.2099991
36.538 , 0.1699982
36.54 , 0.1599979
36.542 , 0.1599979
36.544 , 0.1699982
36.546 , 0.1899986
36.549 , 0.1999989
36.551 , 0.2099991
36.553 , 0.2199993
36.555 , 0.1799984
36.557 , 0.1899986
36.559 , 0.1799984
36.562 , 0.1799984
36.564 , 0.1799984
36.566 , 0.1999989
36.568 , 0.1999989
36.57 , 0.1699982
36.573 , 0.1499996
36.575 , 0.1599979
36.577 , 0.1699982
36.579 , 0.1699982
36.581 , 0.1899986
36.583 , 0.1999989
36.585 , 0.1999989
36.588 , 0.1699982
36.59 , 0.1599979
36.592 , 0.1599979
36.594 , 0.1699982
36.596 , 0.1699982
36.598 , 0.1799984
36.601 , 0.1999989
36.603 , 0.1899986
36.605 , 0.1599979
36.607 , 0.1599979
36.609 , 0.1599979
36.611 , 0.1699982
36.613 , 0.1799984
36.616 , 0.1899986
36.618 , 0.1899986
36.62 , 0.1599979
36.622 , 0.1599979
36.624 , 0.1599979
36.626 , 0.1599979
36.628 , 0.1699982
36.631 , 0.1699982
36.633 , 0.1799984
36.635 , 0.1799984
36.637 , 0.1599979
36.639 , 0.1599979
36.642 , 0.1599979
36.644 , 0.1599979
36.646 , 0.1699982
36.648 , 0.1799984
36.65 , 0.1899986
36.652 , 0.1699982
36.654 , 0.1599979
36.656 , 0.1599979
36.659 , 0.1599979
36.661 , 0.1699982
36.663 , 0.1599979
36.665 , 0.1799984
36.667 , 0.1699982
36.669 , 0.1399994
36.672 , 0.1299992
36.674 , 0.1499996
36.676 , 0.1499996
36.678 , 0.1599979
36.68 , 0.1699982
36.682 , 0.1799984
36.685 , 0.1699982
36.687 , 0.1599979
36.689 , 0.1599979
36.691 , 0.1599979
36.693 , 0.1499996
36.695 , 0.1599979
36.698 , 0.1599979
36.7 , 0.1699982
36.702 , 0.1299992
36.704 , 0.1299992
36.706 , 0.1399994
36.708 , 0.1499996
36.71 , 0.1499996
36.713 , 0.1699982
36.715 , 0.1699982
36.717 , 0.1699982
36.719 , 0.1399994
36.721 , 0.1399994
36.723 , 0.1399994
36.725 , 0.1399994
36.728 , 0.1399994
36.73 , 0.1599979
36.732 , 0.1699982
36.742 , 0.1399994
36.744 , 0.1499996
36.746 , 0.1499996
36.748 , 0.1599979
36.75 , 0.1499996
36.752 , 0.1199989
36.754 , 0.1199989
36.757 , 0.1299992
36.759 , 0.1299992
36.761 , 0.1499996
36.763 , 0.1599979
36.765 , 0.1599979
36.768 , 0.1199989
36.77 , 0.1199989
36.772 , 0.1199989
36.774 , 0.1199989
36.776 , 0.1299992
36.778 , 0.1399994
36.78 , 0.1599979
36.783 , 0.1499996
36.785 , 0.1399994
36.787 , 0.1399994
36.789 , 0.1399994
36.791 , 0.1299992
36.793 , 0.1299992
36.795 , 0.1399994
36.798 , 0.1399994
36.8 , 0.1199989
36.802 , 0.09999847
36.804 , 0.09999847
36.806 , 0.1099987
36.808 , 0.1099987
36.81 , 0.1199989
36.813 , 0.1399994
36.815 , 0.1499996
36.817 , 0.1199989
36.819 , 0.1199989
36.821 , 0.1099987
36.823 , 0.1199989
36.826 , 0.1099987
36.828 , 0.1199989
36.83 , 0.1299992
36.832 , 0.1199989
36.834 , 0.09999847
36.836 , 0.09999847
36.838 , 0.1099987
36.841 , 0.1099987
36.843 , 0.1199989
36.845 , 0.1399994
36.847 , 0.1299992
36.849 , 0.1099987
36.851 , 0.09999847
36.853 , 0.09999847
36.856 , 0.09999847
36.858 , 0.1099987
36.86 , 0.1099987
36.862 , 0.1199989
36.864 , 0.1299992
36.866 , 0.09999847
36.868 , 0.09999847
36.871 , 0.09999847
36.873 , 0.1099987
36.875 , 0.1099987
36.877 , 0.1099987
36.879 , 0.1199989
36.881 , 0.1099987
36.883 , 0.08999825
36.886 , 0.08999825
36.888 , 0.08999825
36.89 , 0.09999847
36.892 , 0.09999847
36.895 , 0.1199989
36.897 , 0.1099987
36.899 , 0.09999847
36.901 , 0.08999825
36.903 , 0.08999825
36.905 , 0.08999825
36.907 , 0.09999847
36.91 , 0.1099987
36.912 , 0.1099987
36.914 , 0.1099987
36.916 , 0.1099987
36.918 , 0.09999847
36.92 , 0.09999847
36.922 , 0.09999847
36.925 , 0.09999847
36.927 , 0.1099987
36.929 , 0.09999847
36.931 , 0.08999825
36.933 , 0.06999969
36.935 , 0.06999969
36.938 , 0.06999969
36.94 , 0.08999825
36.942 , 0.09999847
36.944 , 0.1099987
36.946 , 0.1099987
36.948 , 0.09999847
36.951 , 0.08999825
36.953 , 0.08999825
36.955 , 0.08999825
36.957 , 0.08999825
36.959 , 0.09999847
36.962 , 0.09999847
36.964 , 0.07999802
36.966 , 0.07999802
36.968 , 0.06999969
36.97 , 0.07999802
36.972 , 0.08999825
36.974 , 0.08999825
36.977 , 0.09999847
36.979 , 0.09999847
36.981 , 0.07999802
36.983 , 0.07999802
36.985 , 0.07999802
36.987 , 0.07999802
36.99 , 0.07999802
36.992 , 0.08999825
36.994 , 0.09999847
36.996 , 0.08999825
36.998 , 0.06999969
37.0 , 0.07999802
37.003 , 0.06999969
37.005 , 0.07999802
37.007 , 0.08999825
37.009 , 0.09999847
37.011 , 0.09999847
37.013 , 0.06999969
37.016 , 0.06999969
37.018 , 0.07999802
37.02 , 0.07999802
37.022 , 0.07999802
37.024 , 0.08999825
37.026 , 0.09999847
37.028 , 0.08999825
37.031 , 0.05999947
37.033 , 0.06999969
37.035 , 0.06999969
37.037 , 0.06999969
37.039 , 0.07999802
37.041 , 0.08999825
37.044 , 0.09999847
37.046 , 0.08999825
37.048 , 0.07999802
37.05 , 0.07999802
37.052 , 0.07999802
37.054 , 0.07999802
37.056 , 0.07999802
37.059 , 0.07999802
37.061 , 0.07999802
37.063 , 0.05999947
37.065 , 0.04999924
37.067 , 0.05999947
37.069 , 0.05999947
37.072 , 0.06999969
37.074 , 0.07999802
37.076 , 0.09999847
37.078 , 0.07999802
37.08 , 0.06999969
37.083 , 0.06999969
37.085 , 0.06999969
37.087 , 0.06999969
37.089 , 0.07999802
37.091 , 0.07999802
37.093 , 0.07999802
37.096 , 0.05999947
37.098 , 0.05999947
37.1 , 0.05999947
37.102 , 0.05999947
37.104 , 0.05999947
37.106 , 0.06999969
37.109 , 0.07999802
37.111 , 0.05999947
37.12 , 0.05999947
37.123 , 0.06999969
37.125 , 0.08999825
37.127 , 0.08999825
37.129 , 0.08999825
37.131 , 0.08999825
37.133 , 0.07999802
37.135 , 0.05999947
37.138 , 0.05999947
37.14 , 0.05999947
37.142 , 0.06999969
37.144 , 0.06999969
37.146 , 0.06999969
37.149 , 0.06999969
37.151 , 0.07999802
37.153 , 0.07999802
37.155 , 0.07999802
37.157 , 0.07999802
37.159 , 0.07999802
37.162 , 0.07999802
37.164 , 0.06999969
37.166 , 0.06999969
37.168 , 0.07999802
37.17 , 0.07999802
37.172 , 0.07999802
37.174 , 0.07999802
37.177 , 0.08999825
37.179 , 0.07999802
37.181 , 0.07999802
37.183 , 0.07999802
37.185 , 0.07999802
37.187 , 0.07999802
37.189 , 0.07999802
37.192 , 0.08999825
37.194 , 0.07999802
37.196 , 0.08999825
37.198 , 0.08999825
37.2 , 0.08999825
37.202 , 0.07999802
37.205 , 0.08999825
37.207 , 0.08999825
37.209 , 0.08999825
37.211 , 0.07999802
37.213 , 0.08999825
37.215 , 0.08999825
37.218 , 0.08999825
37.22 , 0.08999825
37.222 , 0.08999825
37.224 , 0.08999825
37.226 , 0.08999825
37.228 , 0.08999825
37.23 , 0.08999825
37.233 , 0.08999825
37.235 , 0.09999847
37.237 , 0.09999847
37.239 , 0.09999847
37.241 , 0.08999825
37.243 , 0.08999825
37.246 , 0.09999847
37.248 , 0.08999825
37.25 , 0.09999847
37.252 , 0.09999847
37.254 , 0.09999847
37.256 , 0.09999847
37.258 , 0.09999847
37.261 , 0.08999825
37.263 , 0.09999847
37.265 , 0.09999847
37.267 , 0.09999847
37.269 , 0.09999847
37.272 , 0.09999847
37.274 , 0.09999847
37.276 , 0.09999847
37.278 , 0.09999847
37.28 , 0.1099987
37.282 , 0.1099987
37.285 , 0.1099987
37.287 , 0.1099987
37.289 , 0.1099987
37.291 , 0.1099987
37.293 , 0.1099987
37.295 , 0.1099987
37.297 , 0.1099987
37.299 , 0.1099987
37.302 , 0.1099987
37.304 , 0.1099987
37.306 , 0.1099987
37.308 , 0.1099987
37.31 , 0.1099987
37.312 , 0.1099987
37.314 , 0.1099987
37.316 , 0.1099987
37.319 , 0.1099987
37.321 , 0.1199989
37.323 , 0.1099987
37.325 , 0.1199989
37.327 , 0.1099987
37.329 , 0.1099987
37.331 , 0.1099987
37.333 , 0.1199989
37.336 , 0.1199989
37.338 , 0.1199989
37.34 , 0.1199989
37.342 , 0.1199989
37.344 , 0.1199989
37.346 , 0.1199989
37.348 , 0.1199989
37.351 , 0.1199989
37.353 , 0.1199989
37.355 , 0.1299992
37.357 , 0.1299992
37.359 , 0.1299992
37.361 , 0.1199989
37.363 , 0.1199989
37.365 , 0.1299992
37.368 , 0.1199989
37.37 , 0.1299992
37.372 , 0.1199989
37.374 , 0.1299992
37.376 , 0.1299992
37.378 , 0.1299992
37.38 , 0.1299992
37.382 , 0.1299992
37.385 , 0.1299992
37.387 , 0.1399994
37.389 , 0.1299992
37.391 , 0.1399994
37.393 , 0.1299992
37.395 , 0.1399994
37.398 , 0.1299992
37.4 , 0.1399994
37.402 , 0.1399994
37.404 , 0.1299992
37.406 , 0.1399994
37.408 , 0.1399994
37.411 , 0.1399994
37.413 , 0.1299992
37.415 , 0.1499996
37.417 , 0.1399994
37.419 , 0.1499996
37.421 , 0.1499996
37.423 , 0.1399994
37.426 , 0.1499996
37.428 , 0.1399994
37.43 , 0.1499996
37.432 , 0.1499996
37.434 , 0.1399994
37.436 , 0.1499996
37.438 , 0.1499996
37.441 , 0.1499996
37.443 , 0.1499996
37.445 , 0.1499996
37.447 , 0.1499996
37.449 , 0.1499996
37.451 , 0.1599979
37.453 , 0.1499996
37.455 , 0.1499996
37.458 , 0.1599979
37.46 , 0.1599979
37.462 , 0.1599979
37.464 , 0.1599979
37.466 , 0.1599979
37.468 , 0.1599979
37.471 , 0.1599979
37.473 , 0.1599979
37.475 , 0.1599979
37.477 , 0.1599979
37.479 , 0.1599979
37.482 , 0.1599979
37.484 , 0.1599979
37.486 , 0.1999989
37.488 , 0.2099991
37.498 , 0.3099995
37.5 , 0.4199982
37.502 , 0.539999
37.504 , 0.8199997
37.506 , 1.019999
37.508 , 1.029999
37.51 , 0.9999981
37.513 , 0.9399986
37.515 , 0.829998
37.517 , 0.7499981
37.519 , 0.6699982
37.521 , 0.3999996
37.523 , 0.2299995
37.525 , 0.1499996
37.528 , 0.1299992
37.53 , 0.1599979
37.532 , 0.2499981
37.534 , 0.3699989
37.536 , 0.4899979
37.538 , 0.539999
37.541 , 0.5599995
37.543 , 0.5499992
37.545 , 0.5099983
37.547 , 0.4699993
37.549 , 0.4299984
37.551 , 0.3999996
37.554 , 0.3899994
37.556 , 0.3999996
37.558 , 0.4099979
37.56 , 0.4299984
37.562 , 0.4299984
37.564 , 0.4399986
37.566 , 0.4399986
37.569 , 0.4299984
37.571 , 0.4299984
37.573 , 0.4199982
37.575 , 0.4199982
37.577 , 0.4199982
37.579 , 0.4099979
37.581 , 0.4199982
37.584 , 0.4199982
37.586 , 0.4299984
37.588 , 0.4199982
37.59 , 0.4299984
37.592 , 0.4199982
37.595 , 0.4199982
37.597 , 0.4199982
37.599 , 0.4199982
37.601 , 0.4199982
37.603 , 0.4199982
37.605 , 0.4199982
37.607 , 0.4199982
37.61 , 0.4199982
37.612 , 0.4199982
37.614 , 0.4199982
37.616 , 0.4199982
37.618 , 0.4199982
37.62 , 0.4199982
37.622 , 0.4199982
37.625 , 0.4099979
37.627 , 0.4199982
37.629 , 0.4199982
37.631 , 0.4199982
37.633 , 0.4199982
37.635 , 0.4199982
37.637 , 0.4199982
37.64 , 0.4199982
37.642 , 0.4199982
37.644 , 0.4099979
37.646 , 0.4199982
37.648 , 0.4099979
37.65 , 0.4199982
37.652 , 0.4099979
37.655 , 0.4199982
37.657 , 0.4099979
37.659 , 0.4099979
37.661 , 0.4099979
37.663 , 0.4099979
37.666 , 0.4199982
37.668 , 0.4199982
37.67 , 0.4099979
37.672 , 0.4099979
37.674 , 0.4199982
37.676 , 0.4099979
37.678 , 0.4099979
37.681 , 0.4099979
37.683 , 0.4099979
37.685 , 0.4099979
37.687 , 0.3999996
37.689 , 0.4099979
37.691 , 0.4099979
37.693 , 0.4199982
37.696 , 0.4099979
37.698 , 0.4199982
37.7 , 0.4099979
37.702 , 0.4199982
37.704 , 0.4199982
37.706 , 0.4099979
37.708 , 0.4199982
37.711 , 0.4199982
37.713 , 0.4199982
37.715 , 0.4199982
37.717 , 0.4199982
37.719 , 0.4199982
37.721 , 0.4199982
37.723 , 0.4099979
37.726 , 0.4099979
37.728 , 0.4099979
37.73 , 0.4099979
37.732 , 0.4199982
37.734 , 0.4099979
37.736 , 0.4199982
37.738 , 0.4199982
37.741 , 0.4099979
37.743 , 0.4099979
37.745 , 0.4599991
37.747 , 0.4699993
37.749 , 0.4499989
37.751 , 0.4399986
37.753 , 0.4299984
37.756 , 0.3899994
37.758 , 0.3499985
37.76 , 0.3499985
37.762 , 0.3699989
37.764 , 0.3899994
37.767 , 0.3999996
37.769 , 0.3899994
37.771 , 0.3999996
37.773 , 0.4099979
37.775 , 0.4199982
37.777 , 0.4099979
37.779 , 0.3699989
37.782 , 0.3599987
37.784 , 0.3799992
37.786 , 0.3799992
37.788 , 0.3899994
37.79 , 0.3699989
37.793 , 0.3599987
37.795 , 0.3799992
37.797 , 0.3899994
37.799 , 0.3999996
37.801 , 0.3799992
37.803 , 0.3499985
37.806 , 0.3599987
37.808 , 0.3699989
37.81 , 0.3799992
37.812 , 0.3699989
37.814 , 0.3399982
37.816 , 0.3499985
37.818 , 0.3599987
37.821 , 0.3599987
37.823 , 0.3699989
37.825 , 0.3499985
37.827 , 0.3399982
37.829 , 0.3499985
37.831 , 0.3499985
37.833 , 0.3499985
37.836 , 0.3499985
37.838 , 0.3499985
37.84 , 0.3499985
37.842 , 0.3499985
37.844 , 0.3499985
37.846 , 0.3499985
37.849 , 0.3099995
37.851 , 0.2999992
37.853 , 0.2999992
37.855 , 0.3099995
37.857 , 0.329998
37.86 , 0.3199997
37.862 , 0.3199997
37.864 , 0.3399982
37.866 , 0.3399982
37.876 , 0.2999992
37.878 , 0.2999992
37.88 , 0.3099995
37.882 , 0.289999
37.884 , 0.289999
37.886 , 0.2999992
37.889 , 0.3099995
37.891 , 0.3199997
37.893 , 0.2999992
37.895 , 0.2699986
37.897 , 0.2799988
37.899 , 0.289999
37.901 , 0.289999
37.904 , 0.289999
37.906 , 0.2599983
37.908 , 0.2599983
37.91 , 0.2799988
37.912 , 0.2799988
37.914 , 0.289999
37.917 , 0.2599983
37.919 , 0.2399979
37.921 , 0.2699986
37.923 , 0.2699986
37.925 , 0.2699986
37.927 , 0.2799988
37.93 , 0.2999992
37.932 , 0.2999992
37.934 , 0.2699986
37.936 , 0.2599983
37.938 , 0.2599983
37.94 , 0.2599983
37.943 , 0.2599983
37.945 , 0.2599983
37.947 , 0.2799988
37.949 , 0.2399979
37.951 , 0.2099991
37.953 , 0.2099991
37.955 , 0.2299995
37.958 , 0.2299995
37.96 , 0.2399979
37.962 , 0.2699986
37.964 , 0.289999
37.966 , 0.2499981
37.968 , 0.2399979
37.971 , 0.2399979
37.973 , 0.2399979
37.975 , 0.2299995
37.977 , 0.2399979
37.979 , 0.2599983
37.981 , 0.2399979
37.984 , 0.2099991
37.986 , 0.2099991
37.988 , 0.2199993
37.99 , 0.2299995
37.992 , 0.2299995
37.994 , 0.2499981
37.996 , 0.2599983
37.999 , 0.2299995
38.001 , 0.2099991
38.003 , 0.2099991
38.005 , 0.2099991
38.007 , 0.2099991
38.009 , 0.2299995
38.011 , 0.2399979
38.014 , 0.2299995
38.016 , 0.1999989
38.018 , 0.1999989
38.02 , 0.2099991
38.022 , 0.1999989
38.024 , 0.2099991
38.026 , 0.2299995
38.029 , 0.2299995
38.031 , 0.2199993
38.033 , 0.1799984
38.035 , 0.1799984
38.037 , 0.1899986
38.04 , 0.1899986
38.042 , 0.1999989
38.044 , 0.2099991
38.046 , 0.2099991
38.048 , 0.1799984
38.05 , 0.1699982
38.052 , 0.1699982
38.055 , 0.1699982
38.057 , 0.1699982
38.059 , 0.1899986
38.061 , 0.2099991
38.063 , 0.1999989
38.065 , 0.1799984
38.067 , 0.1799984
38.07 , 0.1699982
38.072 , 0.1799984
38.074 , 0.1699982
38.076 , 0.1799984
38.078 , 0.1899986
38.08 , 0.1599979
38.083 , 0.1299992
38.085 , 0.1399994
38.087 , 0.1599979
38.089 , 0.1599979
38.091 , 0.1599979
38.093 , 0.1899986
38.095 , 0.1999989
38.097 , 0.1699982
38.1 , 0.1599979
38.102 , 0.1599979
38.104 , 0.1599979
38.106 , 0.1599979
38.108 , 0.1599979
38.11 , 0.1699982
38.113 , 0.1699982
38.115 , 0.1399994
38.117 , 0.1399994
38.119 , 0.1499996
38.121 , 0.1599979
38.123 , 0.1599979
38.125 , 0.1699982
38.128 , 0.1799984
38.13 , 0.1599979
38.132 , 0.1499996
38.134 , 0.1499996
38.136 , 0.1599979
38.138 , 0.1599979
38.14 , 0.1599979
38.143 , 0.1699982
38.145 , 0.1699982
38.147 , 0.1499996
38.149 , 0.1499996
38.151 , 0.1599979
38.153 , 0.1599979
38.155 , 0.1599979
38.158 , 0.1699982
38.16 , 0.1799984
38.162 , 0.1599979
38.164 , 0.1399994
38.166 , 0.1399994
38.168 , 0.1499996
38.171 , 0.1499996
38.173 , 0.1599979
38.175 , 0.1699982
38.177 , 0.1699982
38.179 , 0.1499996
38.181 , 0.1399994
38.183 , 0.1399994
38.186 , 0.1499996
38.188 , 0.1499996
38.19 , 0.1599979
38.192 , 0.1699982
38.194 , 0.1699982
38.196 , 0.1599979
38.198 , 0.1499996
38.201 , 0.1499996
38.203 , 0.1399994
38.205 , 0.1499996
38.207 , 0.1499996
38.209 , 0.1499996
38.211 , 0.1299992
38.213 , 0.1099987
38.215 , 0.1099987
38.218 , 0.1199989
38.22 , 0.1299992
38.222 , 0.1299992
38.224 , 0.1499996
38.226 , 0.1599979
38.228 , 0.1399994
38.23 , 0.1299992
38.233 , 0.1299992
38.235 , 0.1199989
38.237 , 0.1199989
38.239 , 0.1299992
38.241 , 0.1499996
38.243 , 0.1399994
38.253 , 0.1099987
38.255 , 0.1299992
38.257 , 0.1399994
38.26 , 0.1299992
38.262 , 0.1099987
38.264 , 0.09999847
38.266 , 0.1099987
38.268 , 0.1099987
38.27 , 0.1099987
38.272 , 0.1199989
38.275 , 0.1199989
38.277 , 0.1099987
38.279 , 0.08999825
38.281 , 0.09999847
38.283 , 0.09999847
38.285 , 0.09999847
38.287 , 0.1099987
38.29 , 0.1099987
38.292 , 0.1199989
38.294 , 0.08999825
38.296 , 0.07999802
38.298 , 0.08999825
38.301 , 0.08999825
38.303 , 0.09999847
38.305 , 0.09999847
38.307 , 0.1099987
38.309 , 0.1099987
38.311 , 0.07999802
38.313 , 0.07999802
38.316 , 0.07999802
38.318 , 0.07999802
38.32 , 0.08999825
38.322 , 0.09999847
38.324 , 0.1099987
38.326 , 0.09999847
38.328 , 0.08999825
38.331 , 0.08999825
38.333 , 0.08999825
38.335 , 0.07999802
38.337 , 0.08999825
38.339 , 0.08999825
38.341 , 0.08999825
38.344 , 0.05999947
38.346 , 0.03999901
38.348 , 0.04999924
38.35 , 0.05999947
38.352 , 0.06999969
38.354 , 0.07999802
38.356 , 0.08999825
38.359 , 0.07999802
38.361 , 0.06999969
38.363 , 0.06999969
38.365 , 0.05999947
38.367 , 0.05999947
38.37 , 0.06999969
38.372 , 0.06999969
38.374 , 0.07999802
38.376 , 0.04999924
38.378 , 0.04999924
38.38 , 0.04999924
38.383 , 0.04999924
38.385 , 0.05999947
38.387 , 0.06999969
38.389 , 0.07999802
38.391 , 0.06999969
38.393 , 0.04999924
38.396 , 0.03999901
38.398 , 0.04999924
38.4 , 0.04999924
38.402 , 0.04999924
38.404 , 0.05999947
38.406 , 0.06999969
38.409 , 0.04999924
38.411 , 0.03999901
38.413 , 0.03999901
38.415 , 0.03999901
38.417 , 0.04999924
38.419 , 0.04999924
38.421 , 0.05999947
38.424 , 0.05999947
38.426 , 0.02999878
38.428 , 0.02999878
38.43 , 0.03999901
38.432 , 0.03999901
38.435 , 0.03999901
38.437 , 0.05999947
38.439 , 0.05999947
38.441 , 0.03999901
38.443 , 0.02999878
38.445 , 0.03999901
38.448 , 0.02999878
38.45 , 0.03999901
38.452 , 0.04999924
38.454 , 0.04999924
38.456 , 0.05999947
38.458 , 0.04999924
38.46 , 0.03999901
38.463 , 0.03999901
38.465 , 0.03999901
38.467 , 0.03999901
38.469 , 0.04999924
38.471 , 0.04999924
38.473 , 0.03999901
38.476 , 0.01999855
38.478 , 0.01999855
38.48 , 0.02999878
38.482 , 0.02999878
38.484 , 0.03999901
38.486 , 0.04999924
38.489 , 0.04999924
38.491 , 0.03999901
38.493 , 0.02999878
38.495 , 0.02999878
38.497 , 0.02999878
38.5 , 0.02999878
38.502 , 0.02999878
38.504 , 0.03999901
38.506 , 0.02999878
38.508 , 0.01999855
38.51 , 0.01999855
38.512 , 0.01999855
38.515 , 0.01999855
38.517 , 0.02999878
38.519 , 0.03999901
38.521 , 0.03999901
38.523 , 0.01999855
38.525 , -0.02000046
38.527 , -1.907348e-06
38.53 , 0.009998322
38.532 , 0.01999855
38.534 , 0.02999878
38.536 , 0.04999924
38.538 , 0.06999969
38.54 , 0.05999947
38.543 , 0.04999924
38.545 , 0.03999901
38.547 , 0.02999878
38.549 , 0.02999878
38.551 , 0.02999878
38.554 , 0.02999878
38.556 , 0.02999878
38.558 , 0.03999901
38.56 , 0.03999901
38.562 , 0.03999901
38.564 , 0.04999924
38.567 , 0.04999924
38.569 , 0.04999924
38.571 , 0.03999901
38.573 , 0.04999924
38.575 , 0.04999924
38.577 , 0.04999924
38.579 , 0.04999924
38.582 , 0.04999924
38.584 , 0.04999924
38.586 , 0.04999924
38.588 , 0.05999947
38.59 , 0.05999947
38.592 , 0.05999947
38.595 , 0.05999947
38.597 , 0.04999924
38.599 , 0.05999947
38.601 , 0.05999947
38.603 , 0.04999924
38.605 , 0.04999924
38.608 , 0.06999969
38.61 , 0.05999947
38.612 , 0.05999947
38.614 , 0.05999947
38.616 , 0.05999947
38.618 , 0.05999947
38.621 , 0.06999969
38.623 , 0.05999947
38.633 , 0.05999947
38.635 , 0.06999969
38.637 , 0.06999969
38.639 , 0.07999802
38.641 , 0.06999969
38.643 , 0.06999969
38.646 , 0.06999969
38.648 , 0.06999969
38.65 , 0.06999969
38.652 , 0.06999969
38.654 , 0.06999969
38.657 , 0.06999969
38.659 , 0.06999969
38.661 , 0.06999969
38.663 , 0.07999802
38.665 , 0.07999802
38.667 , 0.07999802
38.67 , 0.07999802
38.672 , 0.07999802
38.674 , 0.07999802
38.676 , 0.07999802
38.678 , 0.07999802
38.681 , 0.07999802
38.683 , 0.06999969
38.685 , 0.07999802
38.687 , 0.07999802
38.689 , 0.07999802
38.691 , 0.07999802
38.693 , 0.07999802
38.696 , 0.07999802
38.698 , 0.07999802
38.7 , 0.07999802
38.702 , 0.07999802
38.704 , 0.07999802
38.706 , 0.07999802
38.709 , 0.07999802
38.711 , 0.07999802
38.713 , 0.07999802
38.715 , 0.08999825
38.717 , 0.08999825
38.719 , 0.08999825
38.721 , 0.08999825
38.724 , 0.07999802
38.726 , 0.07999802
38.728 , 0.07999802
38.73 , 0.08999825
38.732 , 0.08999825
38.734 , 0.08999825
38.737 , 0.08999825
38.739 , 0.08999825
38.741 , 0.08999825
38.743 , 0.08999825
38.746 , 0.08999825
38.748 , 0.08999825
38.75 , 0.08999825
38.752 , 0.08999825
38.754 , 0.08999825
38.756 , 0.08999825
38.758 , 0.08999825
38.761 , 0.09999847
38.763 , 0.08999825
38.765 , 0.08999825
38.767 , 0.08999825
38.769 , 0.08999825
38.771 , 0.08999825
38.774 , 0.08999825
38.776 , 0.08999825
38.778 , 0.08999825
38.78 , 0.09999847
38.782 , 0.09999847
38.785 , 0.08999825
38.787 , 0.08999825
38.789 , 0.09999847
38.791 , 0.09999847
38.793 , 0.09999847
38.795 , 0.09999847
38.798 , 0.09999847
38.8 , 0.09999847
38.802 , 0.09999847
38.804 , 0.09999847
38.806 , 0.09999847
38.809 , 0.09999847
38.811 , 0.09999847
38.813 , 0.09999847
38.815 , 0.1099987
38.817 , 0.09999847
38.819 , 0.1099987
38.821 , 0.09999847
38.824 , 0.1099987
38.826 , 0.1099987
38.828 , 0.1099987
38.83 , 0.1099987
38.832 , 0.1099987
38.834 , 0.1099987
38.836 , 0.1099987
38.838 , 0.1099987
38.841 , 0.1099987
38.843 , 0.1099987
38.845 , 0.1099987
38.847 , 0.1099987
38.849 , 0.1099987
38.851 , 0.1199989
38.853 , 0.1199989
38.856 , 0.1199989
38.858 , 0.1199989
38.86 , 0.1199989
38.862 , 0.1199989
38.864 , 0.1199989
38.866 , 0.1299992
38.868 , 0.1199989
38.87 , 0.1299992
38.873 , 0.1299992
38.875 , 0.1299992
38.877 , 0.1299992
38.879 , 0.1299992
38.881 , 0.1299992
38.883 , 0.1299992
38.886 , 0.1299992
38.888 , 0.1299992
38.89 , 0.1399994
38.892 , 0.1399994
38.894 , 0.1399994
38.896 , 0.1399994
38.899 , 0.1499996
38.901 , 0.1499996
38.903 , 0.1399994
38.905 , 0.1499996
38.907 , 0.1599979
38.909 , 0.1499996
38.911 , 0.1499996
38.914 , 0.1499996
38.916 , 0.1499996
38.918 , 0.1499996
38.92 , 0.1599979
38.922 , 0.1599979
38.924 , 0.1499996
38.927 , 0.1599979
38.929 , 0.1599979
38.931 , 0.1599979
38.933 , 0.1599979
38.935 , 0.1599979
38.937 , 0.1599979
38.94 , 0.1599979
38.942 , 0.1599979
38.944 , 0.1599979
38.946 , 0.1599979
38.948 , 0.1599979
38.95 , 0.1599979
38.952 , 0.1599979
38.955 , 0.1699982
38.957 , 0.1699982
38.959 , 0.1699982
38.961 , 0.1699982
38.963 , 0.1699982
38.965 , 0.1699982
38.968 , 0.1799984
38.97 , 0.1699982
38.972 , 0.1699982
38.974 , 0.1699982
38.976 , 0.1799984
38.978 , 0.1699982
38.981 , 0.1699982
38.983 , 0.1799984
38.985 , 0.1899986
38.987 , 0.2099991
38.989 , 0.2299995
38.991 , 0.2299995
38.993 , 0.1999989
38.996 , 0.2099991
38.998 , 0.3099995
39.0 , 0.4099979
39.002 , 0.579998
39.012 , 0.9999981
39.014 , 0.8999996
39.016 , 0.6399994
39.018 , 0.329998
39.02 , 0.07999802
39.023 , 0.01999855
39.025 , 0.01999855
39.027 , 0.06999969
39.029 , 0.2299995
39.031 , 0.3699989
39.033 , 0.5099983
39.035 , 0.5499992
39.038 , 0.5699997
39.04 , 0.539999
39.042 , 0.4699993
39.044 , 0.4199982
39.046 , 0.3699989
39.048 , 0.3599987
39.051 , 0.3499985
39.053 , 0.3499985
39.055 , 0.3799992
39.057 , 0.3999996
39.059 , 0.4099979
39.061 , 0.4099979
39.063 , 0.4099979
39.066 , 0.3999996
39.068 , 0.3899994
39.07 , 0.3799992
39.072 , 0.3899994
39.074 , 0.3799992
39.077 , 0.3799992
39.079 , 0.3899994
39.081 , 0.3899994
39.083 , 0.3999996
39.085 , 0.3899994
39.087 , 0.3899994
39.089 , 0.3799992
39.092 , 0.3899994
39.094 , 0.3799992
39.096 , 0.3899994
39.098 , 0.3799992
39.1 , 0.3799992
39.102 , 0.3799992
39.104 , 0.3799992
39.107 , 0.3899994
39.109 , 0.3799992
39.111 , 0.3699989
39.113 , 0.3799992
39.115 , 0.3799992
39.117 , 0.3799992
39.119 , 0.3699989
39.122 , 0.3799992
39.124 , 0.3699989
39.126 , 0.3699989
39.128 , 0.3699989
39.13 , 0.3699989
39.132 , 0.3699989
39.135 , 0.3699989
39.137 , 0.3699989
39.139 , 0.3699989
39.141 , 0.3599987
39.143 , 0.3599987
39.145 , 0.3599987
39.147 , 0.3599987
39.15 , 0.3499985
39.152 , 0.3499985
39.154 , 0.3499985
39.156 , 0.3499985
39.158 , 0.3499985
39.16 , 0.3499985
39.162 , 0.3499985
39.165 , 0.3499985
39.167 , 0.3499985
39.169 , 0.3499985
39.171 , 0.3499985
39.173 , 0.3499985
39.175 , 0.3499985
39.178 , 0.3499985
39.18 , 0.3499985
39.182 , 0.3499985
39.184 , 0.3499985
39.186 , 0.3499985
39.188 , 0.3499985
39.19 , 0.3499985
39.193 , 0.3499985
39.195 , 0.3499985
39.197 , 0.3499985
39.199 , 0.3399982
39.201 , 0.3499985
39.203 , 0.3499985
39.206 , 0.3499985
39.208 , 0.3399982
39.21 , 0.3399982
39.212 , 0.3499985
39.214 , 0.3399982
39.216 , 0.3399982
39.218 , 0.3499985
39.221 , 0.3399982
39.223 , 0.3499985
39.225 , 0.3499985
39.227 , 0.3399982
39.229 , 0.3399982
39.231 , 0.3399982
39.233 , 0.3399982
39.235 , 0.3399982
39.238 , 0.3399982
39.24 , 0.3499985
39.242 , 0.3499985
39.244 , 0.3499985
39.246 , 0.3899994
39.248 , 0.3799992
39.25 , 0.3699989
39.252 , 0.3599987
39.255 , 0.3399982
39.257 , 0.2999992
39.259 , 0.2799988
39.261 , 0.2999992
39.263 , 0.2999992
39.266 , 0.3199997
39.268 , 0.329998
39.27 , 0.3199997
39.272 , 0.329998
39.274 , 0.3499985
39.276 , 0.3399982
39.278 , 0.329998
39.281 , 0.2999992
39.283 , 0.289999
39.285 , 0.2999992
39.287 , 0.2999992
39.289 , 0.2999992
39.291 , 0.289999
39.293 , 0.2799988
39.296 , 0.2999992
39.298 , 0.2999992
39.3 , 0.3199997
39.302 , 0.2999992
39.304 , 0.2699986
39.306 , 0.2799988
39.309 , 0.2999992
39.311 , 0.2999992
39.313 , 0.289999
39.315 , 0.2599983
39.317 , 0.2699986
39.319 , 0.289999
39.321 , 0.2799988
39.324 , 0.289999
39.326 , 0.2599983
39.328 , 0.2599983
39.33 , 0.2799988
39.332 , 0.2799988
39.334 , 0.289999
39.337 , 0.2699986
39.339 , 0.2799988
39.341 , 0.2799988
39.343 , 0.2799988
39.345 , 0.289999
39.347 , 0.2599983
39.349 , 0.2299995
39.352 , 0.2299995
39.354 , 0.2399979
39.356 , 0.2499981
39.358 , 0.2599983
39.36 , 0.2499981
39.362 , 0.2499981
39.364 , 0.2699986
39.367 , 0.2799988
39.369 , 0.2699986
39.371 , 0.2399979
39.373 , 0.2199993
39.375 , 0.2299995
39.377 , 0.2399979
39.38 , 0.2399979
39.389 , 0.2499981
39.392 , 0.2399979
39.394 , 0.2299995
39.396 , 0.2099991
39.398 , 0.2099991
39.4 , 0.2299995
39.402 , 0.2299995
39.404 , 0.2399979
39.407 , 0.2499981
39.409 , 0.2599983
39.411 , 0.2199993
39.413 , 0.1999989
39.415 , 0.2099991
39.417 , 0.2099991
39.419 , 0.2199993
39.422 , 0.2299995
39.424 , 0.2399979
39.426 , 0.2399979
39.428 , 0.1999989
39.43 , 0.1999989
39.432 , 0.2099991
39.434 , 0.2099991
39.437 , 0.2099991
39.439 , 0.2299995
39.441 , 0.2299995
39.443 , 0.2299995
39.445 , 0.2099991
39.447 , 0.2099991
39.45 , 0.2099991
39.452 , 0.2099991
39.454 , 0.2099991
39.456 , 0.2199993
39.458 , 0.2199993
39.46 , 0.1699982
39.462 , 0.1599979
39.465 , 0.1699982
39.467 , 0.1799984
39.469 , 0.1899986
39.471 , 0.2099991
39.473 , 0.2299995
39.475 , 0.2299995
39.477 , 0.1999989
39.48 , 0.1999989
39.482 , 0.1899986
39.484 , 0.1899986
39.486 , 0.1899986
39.488 , 0.1999989
39.49 , 0.2099991
39.493 , 0.1799984
39.495 , 0.1599979
39.497 , 0.1699982
39.499 , 0.1799984
39.501 , 0.1899986
39.503 , 0.1999989
39.505 , 0.2099991
39.508 , 0.2099991
39.51 , 0.1699982
39.512 , 0.1599979
39.514 , 0.1699982
39.516 , 0.1699982
39.518 , 0.1799984
39.521 , 0.1899986
39.523 , 0.2099991
39.525 , 0.1899986
39.527 , 0.1599979
39.529 , 0.1599979
39.531 , 0.1699982
39.534 , 0.1699982
39.536 , 0.1799984
39.538 , 0.1899986
39.54 , 0.1799984
39.542 , 0.1599979
39.544 , 0.1499996
39.546 , 0.1599979
39.549 , 0.1599979
39.551 , 0.1699982
39.553 , 0.1699982
39.555 , 0.1899986
39.557 , 0.1799984
39.559 , 0.1399994
39.562 , 0.1499996
39.564 , 0.1499996
39.566 , 0.1599979
39.568 , 0.1599979
39.57 , 0.1699982
39.572 , 0.1799984
39.574 , 0.1699982
39.577 , 0.1599979
39.579 , 0.1599979
39.581 , 0.1599979
39.583 , 0.1599979
39.585 , 0.1599979
39.588 , 0.1699982
39.59 , 0.1599979
39.592 , 0.1299992
39.594 , 0.1199989
39.596 , 0.1299992
39.598 , 0.1499996
39.601 , 0.1599979
39.603 , 0.1699982
39.605 , 0.1799984
39.607 , 0.1599979
39.609 , 0.1499996
39.611 , 0.1599979
39.613 , 0.1399994
39.615 , 0.1499996
39.618 , 0.1499996
39.62 , 0.1599979
39.622 , 0.1599979
39.624 , 0.1299992
39.626 , 0.1199989
39.628 , 0.1299992
39.63 , 0.1299992
39.632 , 0.1499996
39.635 , 0.1599979
39.637 , 0.1699982
39.639 , 0.1599979
39.641 , 0.1199989
39.643 , 0.1199989
39.645 , 0.1299992
39.648 , 0.1299992
39.65 , 0.1399994
39.652 , 0.1599979
39.654 , 0.1599979
39.656 , 0.1299992
39.658 , 0.1199989
39.661 , 0.1199989
39.663 , 0.1199989
39.665 , 0.1299992
39.667 , 0.1399994
39.669 , 0.1599979
39.671 , 0.1599979
39.673 , 0.1099987
39.676 , 0.1099987
39.678 , 0.1199989
39.68 , 0.1199989
39.682 , 0.1299992
39.684 , 0.1299992
39.686 , 0.1499996
39.688 , 0.1399994
39.691 , 0.1099987
39.693 , 0.1099987
39.695 , 0.1099987
39.697 , 0.1199989
39.699 , 0.1199989
39.701 , 0.1299992
39.704 , 0.1399994
39.706 , 0.1299992
39.708 , 0.1199989
39.71 , 0.1199989
39.712 , 0.1199989
39.714 , 0.1199989
39.716 , 0.1199989
39.718 , 0.1299992
39.721 , 0.1299992
39.723 , 0.09999847
39.725 , 0.08999825
39.727 , 0.09999847
39.729 , 0.1099987
39.731 , 0.1099987
39.734 , 0.1199989
39.736 , 0.1499996
39.738 , 0.1299992
39.74 , 0.1199989
39.742 , 0.1099987
39.744 , 0.1099987
39.746 , 0.1099987
39.749 , 0.1099987
39.751 , 0.1099987
39.753 , 0.1099987
39.755 , 0.09999847
39.757 , 0.08999825
39.767 , 0.1199989
39.769 , 0.1199989
39.771 , 0.09999847
39.774 , 0.09999847
39.776 , 0.09999847
39.778 , 0.08999825
39.78 , 0.08999825
39.782 , 0.1099987
39.784 , 0.1099987
39.787 , 0.1099987
39.789 , 0.08999825
39.791 , 0.08999825
39.793 , 0.08999825
39.795 , 0.08999825
39.797 , 0.09999847
39.8 , 0.1099987
39.802 , 0.1099987
39.804 , 0.08999825
39.806 , 0.07999802
39.808 , 0.07999802
39.81 , 0.08999825
39.813 , 0.08999825
39.815 , 0.09999847
39.817 , 0.1099987
39.819 , 0.09999847
39.821 , 0.07999802
39.823 , 0.06999969
39.826 , 0.07999802
39.828 , 0.07999802
39.83 , 0.08999825
39.832 , 0.08999825
39.834 , 0.09999847
39.836 , 0.08999825
39.839 , 0.08999825
39.841 , 0.08999825
39.843 , 0.08999825
39.845 , 0.07999802
39.847 , 0.08999825
39.849 , 0.08999825
39.852 , 0.07999802
39.854 , 0.05999947
39.856 , 0.04999924
39.858 , 0.05999947
39.86 , 0.05999947
39.862 , 0.06999969
39.865 , 0.07999802
39.867 , 0.08999825
39.869 , 0.07999802
39.871 , 0.06999969
39.873 , 0.05999947
39.875 , 0.06999969
39.878 , 0.06999969
39.88 , 0.06999969
39.882 , 0.07999802
39.884 , 0.07999802
39.886 , 0.05999947
39.888 , 0.04999924
39.891 , 0.04999924
39.893 , 0.05999947
39.895 , 0.05999947
39.897 , 0.06999969
39.9 , 0.07999802
39.902 , 0.05999947
39.904 , 0.01999855
39.906 , 0.02999878
39.908 , 0.04999924
39.91 , 0.05999947
39.913 , 0.06999969
39.915 , 0.08999825
39.917 , 0.09999847
39.919 , 0.09999847
39.921 , 0.08999825
39.923 , 0.07999802
39.926 , 0.06999969
39.928 , 0.06999969
39.93 , 0.06999969
39.932 , 0.06999969
39.934 , 0.06999969
39.936 , 0.07999802
39.939 , 0.07999802
39.941 , 0.07999802
39.943 , 0.08999825
39.945 , 0.09999847
39.947 , 0.08999825
39.949 , 0.07999802
39.952 , 0.07999802
39.954 , 0.07999802
39.956 , 0.08999825
39.958 , 0.08999825
39.96 , 0.08999825