0.001 , 160.11 , 160.11
0.003 , 160.08 , 160.1
0.004 , 160.11 , 160.1
0.006 , 160.11 , 160.09
0.008000001 , 160.08 , 160.09
0.009 , 160.11 , 160.08
0.011 , 160.11 , 160.08
0.012 , 160.15 , 160.07
0.014 , 160.11 , 160.07
0.016 , 160.15 , 160.06
0.017 , 160.08 , 160.06
0.019 , 160.11 , 160.05
0.02 , 160.08 , 160.05
0.022 , 160.11 , 160.04
0.024 , 160.08 , 160.04
0.025 , 160.11 , 160.03
0.027 , 160.11 , 160.03
0.028 , 160.11 , 160.03
0.03 , 160.11 , 160.02
0.032 , 160.08 , 160.01
0.033 , 160.08 , 160.01
0.035 , 160.06 , 160.0
0.037 , 160.08 , 160.0
0.046 , 160.01 , 159.97
0.048 , 159.95 , 159.97
0.05 , 159.99 , 159.96
0.051 , 159.99 , 159.96
0.053 , 159.99 , 159.95
0.055 , 159.92 , 159.94
0.056 , 159.95 , 159.94
0.058 , 159.95 , 159.94
0.06 , 159.92 , 159.93
0.061 , 159.95 , 159.93
0.063 , 159.92 , 159.92
0.065 , 159.92 , 159.91
0.06599999 , 159.88 , 159.91
0.06800001 , 159.88 , 159.91
0.07 , 159.92 , 159.9
0.071 , 159.88 , 159.9
0.073 , 159.88 , 159.89
0.075 , 159.88 , 159.88
0.076 , 159.88 , 159.88
0.078 , 159.85 , 159.88
0.08 , 159.85 , 159.87
0.081 , 159.83 , 159.87
0.083 , 159.83 , 159.86
0.085 , 159.83 , 159.85
0.086 , 159.83 , 159.85
0.088 , 159.83 , 159.85
0.089 , 159.78 , 159.84
0.09099999 , 159.78 , 159.84
0.093 , 159.76 , 159.83
0.095 , 159.78 , 159.82
0.096 , 159.76 , 159.82
0.09799999 , 159.69 , 159.82
0.1 , 159.69 , 159.81
0.101 , 159.72 , 159.81
0.103 , 159.72 , 159.8
0.104 , 159.72 , 159.8
0.106 , 159.72 , 159.79
0.107 , 159.72 , 159.79
0.109 , 159.69 , 159.78
0.111 , 159.67 , 159.78
0.112 , 159.67 , 159.77
0.114 , 159.67 , 159.77
0.115 , 159.67 , 159.76
0.117 , 159.67 , 159.76
0.118 , 159.62 , 159.76
0.12 , 159.67 , 159.75
0.122 , 159.62 , 159.74
0.123 , 159.62 , 159.74
0.125 , 159.67 , 159.73
0.126 , 159.62 , 159.73
0.128 , 159.62 , 159.73
0.129 , 159.62 , 159.72
0.131 , 159.6 , 159.72
0.132 , 159.62 , 159.71
0.134 , 159.6 , 159.71
0.136 , 159.56 , 159.7
0.137 , 159.6 , 159.7
0.139 , 159.53 , 159.69
0.14 , 159.53 , 159.69
0.142 , 159.53 , 159.68
0.144 , 159.53 , 159.68
0.145 , 159.49 , 159.67
0.147 , 159.49 , 159.67
0.148 , 159.53 , 159.67
0.15 , 159.53 , 159.66
0.151 , 159.46 , 159.66
0.153 , 159.49 , 159.65
0.155 , 159.49 , 159.64
0.156 , 159.49 , 159.64
0.158 , 159.49 , 159.64
0.159 , 159.46 , 159.63
0.161 , 159.49 , 159.63
0.162 , 159.46 , 159.62
0.164 , 159.44 , 159.62
0.165 , 159.44 , 159.61
0.167 , 159.46 , 159.61
0.168 , 159.44 , 159.61
0.17 , 159.46 , 159.6
0.171 , 159.44 , 159.6
0.173 , 159.44 , 159.59
0.174 , 159.44 , 159.59
0.176 , 159.4 , 159.58
0.178 , 159.4 , 159.58
0.179 , 159.4 , 159.57
0.181 , 159.37 , 159.57
0.182 , 159.4 , 159.56
0.184 , 159.37 , 159.56
0.186 , 159.4 , 159.55
0.187 , 159.37 , 159.55
0.189 , 159.37 , 159.54
0.19 , 159.37 , 159.54
0.192 , 159.37 , 159.53
0.193 , 159.3 , 159.53
0.195 , 159.3 , 159.52
0.196 , 159.33 , 159.52
0.198 , 159.37 , 159.52
0.2 , 159.24 , 159.51
0.201 , 159.24 , 159.51
0.203 , 159.3 , 159.5
0.204 , 159.28 , 159.5
0.206 , 159.28 , 159.49
0.207 , 159.24 , 159.49
0.209 , 159.28 , 159.48
0.211 , 159.24 , 159.48
0.212 , 159.28 , 159.47
0.214 , 159.21 , 159.47
0.215 , 159.24 , 159.46
0.217 , 159.21 , 159.46
0.218 , 159.21 , 159.46
0.22 , 159.21 , 159.45
0.221 , 159.17 , 159.45
0.223 , 159.17 , 159.44
0.224 , 159.21 , 159.44
0.226 , 159.17 , 159.43
0.227 , 159.17 , 159.43
0.229 , 159.17 , 159.42
0.231 , 159.17 , 159.42
0.232 , 159.17 , 159.41
0.234 , 159.17 , 159.41
0.235 , 159.14 , 159.4
0.237 , 159.17 , 159.4
0.239 , 159.12 , 159.39
0.24 , 159.14 , 159.39
0.242 , 159.14 , 159.38
0.243 , 159.12 , 159.38
0.245 , 159.14 , 159.37
0.247 , 159.14 , 159.37
0.248 , 159.08 , 159.37
0.25 , 159.12 , 159.36
0.251 , 159.12 , 159.36
0.253 , 159.12 , 159.35
0.254 , 159.08 , 159.35
0.256 , 159.08 , 159.34
0.257 , 159.08 , 159.34
0.259 , 159.08 , 159.33
0.26 , 159.08 , 159.33
0.262 , 159.05 , 159.32
0.263 , 159.05 , 159.32
0.265 , 159.05 , 159.31
0.267 , 159.01 , 159.31
0.268 , 159.05 , 159.31
0.27 , 159.01 , 159.3
0.271 , 159.01 , 159.3
0.273 , 159.01 , 159.29
0.274 , 158.98 , 159.29
0.276 , 159.01 , 159.28
0.278 , 159.01 , 159.28
0.279 , 158.98 , 159.27
0.281 , 159.01 , 159.27
0.282 , 158.98 , 159.26
0.284 , 158.94 , 159.26
0.285 , 158.94 , 159.25
0.287 , 158.98 , 159.25
0.289 , 158.94 , 159.24
0.29 , 158.94 , 159.24
0.292 , 158.94 , 159.23
0.293 , 158.94 , 159.23
0.295 , 158.94 , 159.22
0.296 , 158.92 , 159.22
0.298 , 158.92 , 159.22
0.299 , 158.92 , 159.21
0.301 , 158.92 , 159.21
0.302 , 158.94 , 159.2
0.304 , 158.94 , 159.2
0.306 , 158.92 , 159.19
0.307 , 158.92 , 159.19
0.309 , 158.89 , 159.18
0.31 , 158.92 , 159.18
0.312 , 158.89 , 159.17
0.314 , 158.89 , 159.17
0.315 , 158.89 , 159.16
0.317 , 158.85 , 159.16
0.318 , 158.85 , 159.16
0.32 , 158.82 , 159.15
0.321 , 158.85 , 159.15
0.323 , 158.92 , 159.14
0.324 , 158.85 , 159.14
0.326 , 158.85 , 159.13
0.327 , 158.85 , 159.13
0.329 , 158.82 , 159.12
0.331 , 158.82 , 159.12
0.332 , 158.78 , 159.11
0.334 , 158.85 , 159.11
0.335 , 158.82 , 159.1
0.337 , 158.82 , 159.1
0.338 , 158.78 , 159.1
0.34 , 158.82 , 159.09
0.341 , 158.75 , 159.09
0.343 , 158.78 , 159.08
0.345 , 158.78 , 159.07
0.346 , 158.78 , 159.07
0.348 , 158.78 , 159.07
0.349 , 158.75 , 159.06
0.351 , 158.75 , 159.06
0.352 , 158.75 , 159.05
0.354 , 158.75 , 159.05
0.355 , 158.73 , 159.04
0.357 , 158.73 , 159.04
0.359 , 158.73 , 159.03
0.36 , 158.73 , 159.03
0.362 , 158.73 , 159.02
0.363 , 158.73 , 159.02
0.365 , 158.73 , 159.01
0.366 , 158.62 , 159.01
0.368 , 158.73 , 159.0
0.37 , 158.62 , 159.0
0.371 , 158.66 , 159.0
0.373 , 158.62 , 158.99
0.374 , 158.62 , 158.99
0.376 , 158.62 , 158.98
0.377 , 158.62 , 158.98
0.379 , 158.59 , 158.97
0.381 , 158.59 , 158.97
0.382 , 158.59 , 158.96
0.384 , 158.59 , 158.96
0.385 , 158.59 , 158.95
0.387 , 158.55 , 158.95
0.388 , 158.59 , 158.94
0.39 , 158.55 , 158.94
0.392 , 158.59 , 158.93
0.393 , 158.55 , 158.93
0.395 , 158.55 , 158.92
0.396 , 158.53 , 158.92
0.398 , 158.53 , 158.91
0.399 , 158.53 , 158.91
0.401 , 158.53 , 158.91
0.403 , 158.53 , 158.9
0.404 , 158.53 , 158.9
0.406 , 158.53 , 158.89
0.408 , 158.5 , 158.88
0.409 , 158.5 , 158.88
0.411 , 158.5 , 158.88
0.412 , 158.5 , 158.87
0.414 , 158.46 , 158.87
0.415 , 158.46 , 158.86
0.417 , 158.46 , 158.86
0.418 , 158.46 , 158.85
0.42 , 158.46 , 158.85
0.421 , 158.46 , 158.85
0.423 , 158.46 , 158.84
0.424 , 158.43 , 158.84
0.426 , 158.43 , 158.83
0.427 , 158.46 , 158.83
0.429 , 158.43 , 158.82
0.431 , 158.43 , 158.82
0.432 , 158.43 , 158.81
0.434 , 158.39 , 158.81
0.435 , 158.39 , 158.8
0.437 , 158.37 , 158.8
0.439 , 158.37 , 158.79
0.44 , 158.39 , 158.79
0.442 , 158.37 , 158.78
0.443 , 158.39 , 158.78
0.445 , 158.37 , 158.77
0.446 , 158.39 , 158.77
0.448 , 158.39 , 158.76
0.45 , 158.37 , 158.76
0.451 , 158.3 , 158.76
0.453 , 158.3 , 158.75
0.454 , 158.34 , 158.75
0.456 , 158.34 , 158.74
0.457 , 158.3 , 158.74
0.459 , 158.34 , 158.73
0.46 , 158.34 , 158.73
0.462 , 158.3 , 158.72
0.464 , 158.3 , 158.72
0.465 , 158.27 , 158.71
0.467 , 158.3 , 158.71
0.468 , 158.27 , 158.7
0.47 , 158.3 , 158.7
0.471 , 158.3 , 158.7
0.473 , 158.3 , 158.69
0.474 , 158.27 , 158.69
0.476 , 158.27 , 158.68
0.477 , 158.27 , 158.68
0.479 , 158.23 , 158.67
0.481 , 158.23 , 158.67
0.482 , 158.23 , 158.66
0.484 , 158.23 , 158.66
0.485 , 158.23 , 158.65
0.487 , 158.27 , 158.65
0.489 , 158.21 , 158.64
0.49 , 158.23 , 158.64
0.492 , 158.21 , 158.63
0.493 , 158.21 , 158.63
0.495 , 158.18 , 158.62
0.496 , 158.21 , 158.62
0.498 , 158.21 , 158.61
0.499 , 158.18 , 158.61
0.501 , 158.18 , 158.61
0.503 , 158.18 , 158.6
0.504 , 158.14 , 158.6
0.506 , 158.18 , 158.59
0.507 , 158.18 , 158.59
0.509 , 158.14 , 158.58
0.51 , 158.14 , 158.58
0.512 , 158.11 , 158.57
0.513 , 158.11 , 158.57
0.515 , 158.14 , 158.56
0.516 , 158.14 , 158.56
0.518 , 158.11 , 158.55
0.52 , 158.14 , 158.55
0.521 , 158.11 , 158.55
0.523 , 158.11 , 158.54
0.524 , 158.11 , 158.54
0.526 , 158.11 , 158.53
0.527 , 158.11 , 158.53
0.529 , 158.11 , 158.52
0.53 , 158.07 , 158.52
0.532 , 158.05 , 158.51
0.533 , 158.07 , 158.51
0.535 , 158.05 , 158.5
0.537 , 158.05 , 158.5
0.538 , 158.07 , 158.49
0.54 , 158.07 , 158.49
0.541 , 158.07 , 158.49
0.543 , 158.0 , 158.48
0.5440001 , 158.07 , 158.48
0.546 , 158.05 , 158.47
0.547 , 158.0 , 158.47
0.549 , 158.05 , 158.46
0.55 , 158.05 , 158.46
0.552 , 158.0 , 158.45
0.553 , 158.0 , 158.45
0.555 , 157.98 , 158.44
0.556 , 158.05 , 158.44
0.558 , 157.95 , 158.43
0.56 , 157.98 , 158.43
0.561 , 157.98 , 158.43
0.563 , 157.98 , 158.42
0.564 , 157.95 , 158.42
0.566 , 157.95 , 158.41
0.568 , 157.98 , 158.4
0.569 , 157.98 , 158.4
0.571 , 157.95 , 158.4
0.572 , 157.91 , 158.39
0.574 , 157.95 , 158.39
0.576 , 157.91 , 158.38
0.577 , 157.91 , 158.38
0.579 , 157.91 , 158.37
0.58 , 157.91 , 158.37
0.582 , 157.91 , 158.36
0.583 , 157.89 , 158.36
0.585 , 157.89 , 158.35
0.586 , 157.89 , 158.35
0.588 , 157.89 , 158.34
0.59 , 157.89 , 158.34
0.591 , 157.89 , 158.34
0.593 , 157.84 , 158.33
0.594 , 157.89 , 158.33
0.596 , 157.89 , 158.32
0.598 , 157.89 , 158.31
0.599 , 157.84 , 158.31
0.601 , 157.82 , 158.31
0.602 , 157.82 , 158.3
0.604 , 157.84 , 158.3
0.605 , 157.84 , 158.29
0.607 , 157.82 , 158.29
0.609 , 157.82 , 158.28
0.61 , 157.82 , 158.28
0.612 , 157.82 , 158.27
0.613 , 157.75 , 158.27
0.615 , 157.75 , 158.26
0.616 , 157.79 , 158.26
0.618 , 157.75 , 158.25
0.619 , 157.75 , 158.25
0.621 , 157.75 , 158.25
0.622 , 157.75 , 158.24
0.624 , 157.72 , 158.24
0.625 , 157.75 , 158.23
0.627 , 157.72 , 158.23
0.629 , 157.72 , 158.22
0.63 , 157.72 , 158.22
0.632 , 157.75 , 158.21
0.633 , 157.68 , 158.21
0.635 , 157.68 , 158.2
0.636 , 157.68 , 158.2
0.638 , 157.68 , 158.19
0.639 , 157.68 , 158.19
0.641 , 157.68 , 158.19
0.643 , 157.66 , 158.18
0.644 , 157.66 , 158.18
0.646 , 157.68 , 158.17
0.647 , 157.66 , 158.17
0.649 , 157.66 , 158.16
0.65 , 157.63 , 158.16
0.652 , 157.66 , 158.15
0.653 , 157.63 , 158.15
0.655 , 157.66 , 158.14
0.657 , 157.63 , 158.14
0.658 , 157.63 , 158.13
0.66 , 157.63 , 158.13
0.661 , 157.59 , 158.13
0.663 , 157.63 , 158.12
0.664 , 157.59 , 158.12
0.666 , 157.56 , 158.11
0.667 , 157.63 , 158.11
0.6690001 , 157.59 , 158.1
0.67 , 157.59 , 158.1
0.672 , 157.56 , 158.09
0.674 , 157.59 , 158.09
0.675 , 157.56 , 158.08
0.677 , 157.56 , 158.08
0.678 , 157.52 , 158.07
0.68 , 157.52 , 158.07
0.681 , 157.52 , 158.07
0.683 , 157.52 , 158.06
0.684 , 157.5 , 158.06
0.686 , 157.52 , 158.05
0.688 , 157.5 , 158.04
0.689 , 157.5 , 158.04
0.691 , 157.5 , 158.04
0.692 , 157.45 , 158.03
0.694 , 157.5 , 158.03
0.695 , 157.45 , 158.02
0.697 , 157.5 , 158.02
0.698 , 157.45 , 158.01
0.7 , 157.45 , 158.01
0.701 , 157.5 , 158.01
0.703 , 157.45 , 158.0
0.705 , 157.45 , 157.99
0.7059999 , 157.45 , 157.99
0.708 , 157.5 , 157.98
0.709 , 157.45 , 157.98
0.711 , 157.43 , 157.98
0.712 , 157.43 , 157.97
0.714 , 157.43 , 157.97
0.716 , 157.4 , 157.96
0.717 , 157.43 , 157.96
0.719 , 157.43 , 157.95
0.72 , 157.4 , 157.95
0.722 , 157.4 , 157.94
0.723 , 157.43 , 157.94
0.725 , 157.4 , 157.93
0.727 , 157.43 , 157.93
0.728 , 157.4 , 157.92
0.73 , 157.4 , 157.92
0.731 , 157.36 , 157.91
0.733 , 157.36 , 157.91
0.735 , 157.36 , 157.9
0.736 , 157.36 , 157.9
0.738 , 157.34 , 157.89
0.739 , 157.34 , 157.89
0.741 , 157.34 , 157.88
0.742 , 157.36 , 157.88
0.744 , 157.34 , 157.88
0.745 , 157.34 , 157.87
0.747 , 157.34 , 157.87
0.749 , 157.34 , 157.86
0.75 , 157.29 , 157.86
0.752 , 157.34 , 157.85
0.753 , 157.29 , 157.85
0.755 , 157.29 , 157.84
0.757 , 157.29 , 157.84
0.758 , 157.27 , 157.83
0.76 , 157.27 , 157.83
0.761 , 157.27 , 157.82
0.763 , 157.27 , 157.82
0.764 , 157.27 , 157.82
0.766 , 157.29 , 157.81
0.767 , 157.27 , 157.81
0.769 , 157.24 , 157.8
0.77 , 157.27 , 157.8
0.772 , 157.27 , 157.79
0.774 , 157.27 , 157.79
0.775 , 157.27 , 157.78
0.777 , 157.24 , 157.78
0.778 , 157.24 , 157.77
0.78 , 157.24 , 157.77
0.781 , 157.2 , 157.76
0.783 , 157.2 , 157.76
0.785 , 157.24 , 157.75
0.786 , 157.2 , 157.75
0.788 , 157.2 , 157.74
0.789 , 157.2 , 157.74
0.791 , 157.2 , 157.73
0.793 , 157.2 , 157.73
0.7940001 , 157.2 , 157.73
0.796 , 157.18 , 157.72
0.797 , 157.18 , 157.72
0.799 , 157.18 , 157.71
0.8 , 157.13 , 157.71
0.802 , 157.13 , 157.7
0.803 , 157.13 , 157.7
0.805 , 157.13 , 157.69
0.8059999 , 157.18 , 157.69
0.808 , 157.18 , 157.68
0.81 , 157.13 , 157.68
0.811 , 157.13 , 157.67
0.813 , 157.13 , 157.67
0.814 , 157.11 , 157.67
0.816 , 157.13 , 157.66
0.817 , 157.13 , 157.66
0.8190001 , 157.11 , 157.65
0.82 , 157.11 , 157.65
0.822 , 157.11 , 157.64
0.824 , 157.06 , 157.64
0.825 , 157.06 , 157.63
0.827 , 157.04 , 157.63
0.828 , 157.06 , 157.62
0.83 , 157.06 , 157.62
0.8309999 , 157.11 , 157.61
0.833 , 157.04 , 157.61
0.834 , 157.04 , 157.61
0.8360001 , 157.04 , 157.6
0.838 , 157.04 , 157.59
0.8389999 , 157.04 , 157.59
0.841 , 157.04 , 157.58
0.842 , 157.04 , 157.58
0.844 , 157.02 , 157.58
0.8450001 , 157.04 , 157.57
0.847 , 157.06 , 157.57
0.848 , 157.06 , 157.56
0.85 , 157.04 , 157.56
0.852 , 157.02 , 157.55
0.853 , 157.02 , 157.55
0.855 , 157.02 , 157.54
0.856 , 157.02 , 157.54
0.858 , 157.02 , 157.53
0.859 , 156.92 , 157.53
0.861 , 156.92 , 157.52
0.863 , 157.02 , 157.52
0.864 , 157.02 , 157.52
0.866 , 156.92 , 157.51
0.867 , 156.9 , 157.51
0.8690001 , 156.92 , 157.5
0.87 , 156.92 , 157.5
0.8719999 , 156.92 , 157.49
0.873 , 156.92 , 157.49
0.875 , 156.9 , 157.48
0.877 , 156.9 , 157.48
0.8780001 , 156.9 , 157.47
0.88 , 156.86 , 157.47
0.8809999 , 156.9 , 157.46
0.883 , 156.9 , 157.46
0.884 , 156.9 , 157.46
0.886 , 156.86 , 157.45
0.888 , 156.9 , 157.44
0.889 , 156.86 , 157.44
0.891 , 156.86 , 157.43
0.892 , 156.86 , 157.43
0.894 , 156.86 , 157.43
0.895 , 156.86 , 157.42
0.897 , 156.86 , 157.42
0.899 , 156.83 , 157.41
0.9 , 156.83 , 157.41
0.902 , 156.83 , 157.4
0.903 , 156.81 , 157.4
0.9049999 , 156.81 , 157.39
0.906 , 156.83 , 157.39
0.908 , 156.81 , 157.38
0.909 , 156.81 , 157.38
0.9110001 , 156.81 , 157.37
0.913 , 156.76 , 157.37
0.9139999 , 156.76 , 157.37
0.916 , 156.76 , 157.36
0.917 , 156.76 , 157.36
0.9190001 , 156.74 , 157.35
0.92 , 156.76 , 157.35
0.922 , 156.81 , 157.34
0.924 , 156.81 , 157.34
0.925 , 156.81 , 157.33
0.927 , 156.81 , 157.33
0.928 , 156.81 , 157.32
0.93 , 156.76 , 157.32
0.9309999 , 156.74 , 157.31
0.933 , 156.76 , 157.31
0.934 , 156.76 , 157.31
0.936 , 156.74 , 157.3
0.938 , 156.76 , 157.29
0.939 , 156.74 , 157.29
0.941 , 156.74 , 157.28
0.942 , 156.74 , 157.28
0.952 , 156.74 , 157.25
0.953 , 156.69 , 157.25
0.955 , 156.69 , 157.24
0.957 , 156.69 , 157.24
0.958 , 156.69 , 157.23
0.9599999 , 156.67 , 157.23
0.9610001 , 156.67 , 157.22
0.963 , 156.67 , 157.22
0.9639999 , 156.67 , 157.22
0.966 , 156.67 , 157.21
0.968 , 156.67 , 157.2
0.969 , 156.69 , 157.2
0.971 , 156.65 , 157.19
0.972 , 156.65 , 157.19
0.974 , 156.65 , 157.19
0.975 , 156.65 , 157.18
0.977 , 156.65 , 157.18
0.979 , 156.65 , 157.17
0.98 , 156.65 , 157.17
0.982 , 156.65 , 157.16
0.983 , 156.65 , 157.16
0.985 , 156.65 , 157.15
0.987 , 156.65 , 157.15
0.988 , 156.65 , 157.14
0.99 , 156.6 , 157.14
0.991 , 156.6 , 157.13
0.9929999 , 156.58 , 157.13
0.9940001 , 156.58 , 157.13
0.996 , 156.6 , 157.12
0.9969999 , 156.6 , 157.12
0.999 , 156.58 , 157.11
1.001 , 156.58 , 157.1
1.002 , 156.53 , 157.1
1.004 , 156.58 , 157.1
1.005 , 156.58 , 157.09
1.007 , 156.53 , 157.09
1.008 , 156.58 , 157.08
1.01 , 156.51 , 157.08
1.011 , 156.53 , 157.07
1.013 , 156.53 , 157.07
1.014 , 156.58 , 157.07
1.016 , 156.53 , 157.06
1.017 , 156.47 , 157.06
1.019 , 156.53 , 157.05
1.02 , 156.53 , 157.05
1.022 , 156.53 , 157.04
1.024 , 156.47 , 157.04
1.025 , 156.47 , 157.03
1.027 , 156.51 , 157.03
1.028 , 156.47 , 157.02
1.03 , 156.51 , 157.02
1.031 , 156.44 , 157.01
1.033 , 156.44 , 157.01
1.034 , 156.47 , 157.01
1.036 , 156.44 , 157.0
1.037 , 156.44 , 157.0
1.039 , 156.42 , 156.99
1.04 , 156.44 , 156.99
1.042 , 156.44 , 156.98
1.043 , 156.42 , 156.98
1.045 , 156.44 , 156.97
1.046 , 156.42 , 156.97
1.048 , 156.42 , 156.96
1.05 , 156.37 , 156.96
1.051 , 156.42 , 156.95
1.053 , 156.42 , 156.95
1.054 , 156.37 , 156.95
1.056 , 156.42 , 156.94
1.058 , 156.42 , 156.93
1.059 , 156.42 , 156.93
1.061 , 156.37 , 156.92
1.062 , 156.35 , 156.92
1.064 , 156.37 , 156.92
1.065 , 156.37 , 156.91
1.067 , 156.35 , 156.91
1.068 , 156.37 , 156.9
1.07 , 156.37 , 156.9
1.071 , 156.35 , 156.89
1.073 , 156.35 , 156.89
1.075 , 156.31 , 156.88
1.076 , 156.35 , 156.88
1.078 , 156.31 , 156.87
1.079 , 156.31 , 156.87
1.081 , 156.31 , 156.86
1.082 , 156.31 , 156.86
1.084 , 156.31 , 156.86
1.086 , 156.31 , 156.85
1.087 , 156.31 , 156.85
1.089 , 156.31 , 156.84
1.09 , 156.28 , 156.84
1.092 , 156.31 , 156.83
1.093 , 156.31 , 156.83
1.095 , 156.28 , 156.82
1.096 , 156.28 , 156.82
1.098 , 156.26 , 156.81
1.099 , 156.26 , 156.81
1.101 , 156.26 , 156.8
1.102 , 156.28 , 156.8
1.104 , 156.26 , 156.79
1.106 , 156.28 , 156.79
1.107 , 156.28 , 156.79
1.109 , 156.21 , 156.78
1.11 , 156.26 , 156.78
1.112 , 156.28 , 156.77
1.114 , 156.26 , 156.76
1.115 , 156.28 , 156.76
1.117 , 156.26 , 156.76
1.118 , 156.21 , 156.75
1.12 , 156.21 , 156.75
1.121 , 156.21 , 156.74
1.123 , 156.21 , 156.74
1.124 , 156.21 , 156.73
1.126 , 156.21 , 156.73
1.127 , 156.21 , 156.73
1.129 , 156.15 , 156.72
1.13 , 156.19 , 156.72
1.132 , 156.21 , 156.71
1.133 , 156.19 , 156.71
1.135 , 156.19 , 156.7
1.136 , 156.15 , 156.7
1.138 , 156.15 , 156.69
1.139 , 156.19 , 156.69
1.141 , 156.15 , 156.68
1.142 , 156.12 , 156.68
1.144 , 156.15 , 156.67
1.145 , 156.15 , 156.67
1.147 , 156.12 , 156.67
1.149 , 156.12 , 156.66
1.15 , 156.19 , 156.66
1.152 , 156.15 , 156.65
1.153 , 156.12 , 156.65
1.155 , 156.12 , 156.64
1.157 , 156.1 , 156.64
1.158 , 156.1 , 156.63
1.16 , 156.1 , 156.63
1.161 , 156.12 , 156.62
1.163 , 156.1 , 156.62
1.164 , 156.12 , 156.61
1.166 , 156.1 , 156.61
1.167 , 156.1 , 156.61
1.169 , 156.12 , 156.6
1.17 , 156.12 , 156.6
1.172 , 156.1 , 156.59
1.173 , 156.1 , 156.59
1.175 , 156.1 , 156.58
1.176 , 156.05 , 156.58
1.178 , 156.05 , 156.57
1.179 , 156.05 , 156.57
1.181 , 156.1 , 156.56
1.182 , 156.05 , 156.56
1.184 , 156.05 , 156.55
1.185 , 156.03 , 156.55
1.187 , 156.03 , 156.55
1.188 , 156.03 , 156.54
1.19 , 156.03 , 156.54
1.191 , 155.99 , 156.53
1.193 , 155.99 , 156.53
1.195 , 156.03 , 156.52
1.196 , 155.99 , 156.52
1.198 , 155.99 , 156.51
1.199 , 155.96 , 156.51
1.201 , 155.96 , 156.5
1.202 , 155.99 , 156.5
1.204 , 155.99 , 156.49
1.205 , 155.99 , 156.49
1.207 , 155.99 , 156.49
1.208 , 155.99 , 156.48
1.21 , 155.96 , 156.48
1.211 , 155.96 , 156.47
1.213 , 155.96 , 156.47
1.214 , 155.96 , 156.46
1.216 , 155.96 , 156.46
1.217 , 155.92 , 156.46
1.219 , 155.96 , 156.45
1.221 , 155.92 , 156.44
1.222 , 155.92 , 156.44
1.224 , 155.92 , 156.43
1.225 , 155.92 , 156.43
1.227 , 155.96 , 156.43
1.228 , 155.92 , 156.42
1.23 , 155.92 , 156.42
1.231 , 155.92 , 156.41
1.233 , 155.92 , 156.41
1.234 , 155.89 , 156.4
1.236 , 155.89 , 156.4
1.238 , 155.89 , 156.39
1.239 , 155.89 , 156.39
1.241 , 155.92 , 156.38
1.242 , 155.89 , 156.38
1.244 , 155.89 , 156.37
1.246 , 155.89 , 156.37
1.247 , 155.87 , 156.37
1.249 , 155.89 , 156.36
1.25 , 155.83 , 156.36
1.252 , 155.87 , 156.35
1.253 , 155.89 , 156.35
1.255 , 155.87 , 156.34
1.256 , 155.87 , 156.34
1.258 , 155.83 , 156.33
1.259 , 155.83 , 156.33
1.261 , 155.83 , 156.32
1.262 , 155.87 , 156.32
1.264 , 155.83 , 156.31
1.266 , 155.8 , 156.31
1.267 , 155.8 , 156.31
1.269 , 155.83 , 156.3
1.27 , 155.83 , 156.3
1.272 , 155.8 , 156.29
1.273 , 155.8 , 156.29
1.275 , 155.8 , 156.28
1.276 , 155.8 , 156.28
1.278 , 155.8 , 156.27
1.279 , 155.8 , 156.27
1.281 , 155.76 , 156.26
1.282 , 155.76 , 156.26
1.284 , 155.76 , 156.25
1.285 , 155.8 , 156.25
1.287 , 155.73 , 156.25
1.289 , 155.76 , 156.24
1.29 , 155.73 , 156.24
1.292 , 155.76 , 156.23
1.293 , 155.76 , 156.23
1.295 , 155.76 , 156.22
1.296 , 155.73 , 156.22
1.298 , 155.73 , 156.21
1.299 , 155.73 , 156.21
1.301 , 155.73 , 156.2
1.302 , 155.73 , 156.2
1.304 , 155.71 , 156.19
1.305 , 155.76 , 156.19
1.307 , 155.71 , 156.19
1.309 , 155.73 , 156.18
1.31 , 155.73 , 156.18
1.312 , 155.71 , 156.17
1.313 , 155.73 , 156.17
1.315 , 155.73 , 156.16
1.316 , 155.66 , 156.16
1.318 , 155.71 , 156.15
1.319 , 155.66 , 156.15
1.321 , 155.66 , 156.14
1.322 , 155.66 , 156.14
1.324 , 155.66 , 156.13
1.325 , 155.66 , 156.13
1.327 , 155.71 , 156.13
1.328 , 155.66 , 156.12
1.33 , 155.64 , 156.12
1.331 , 155.66 , 156.11
1.333 , 155.64 , 156.11
1.334 , 155.64 , 156.1
1.336 , 155.6 , 156.1
1.338 , 155.6 , 156.09
1.339 , 155.6 , 156.09
1.341 , 155.6 , 156.08
1.342 , 155.57 , 156.08
1.344 , 155.57 , 156.07
1.345 , 155.57 , 156.07
1.347 , 155.6 , 156.07
1.348 , 155.57 , 156.06
1.35 , 155.57 , 156.06
1.351 , 155.57 , 156.05
1.353 , 155.57 , 156.05
1.354 , 155.57 , 156.04
1.356 , 155.57 , 156.04
1.357 , 155.53 , 156.04
1.359 , 155.53 , 156.03
1.36 , 155.57 , 156.03
1.362 , 155.57 , 156.02
1.363 , 155.53 , 156.02
1.365 , 155.53 , 156.01
1.367 , 155.53 , 156.01
1.368 , 155.5 , 156.0
1.37 , 155.53 , 156.0
1.371 , 155.53 , 155.99
1.373 , 155.5 , 155.99
1.374 , 155.5 , 155.98
1.376 , 155.53 , 155.98
1.377 , 155.53 , 155.98
1.379 , 155.5 , 155.97
1.38 , 155.5 , 155.97
1.382 , 155.48 , 155.96
1.383 , 155.5 , 155.96
1.385 , 155.48 , 155.95
1.387 , 155.44 , 155.95
1.388 , 155.5 , 155.94
1.39 , 155.48 , 155.94
1.391 , 155.48 , 155.93
1.393 , 155.48 , 155.93
1.394 , 155.48 , 155.92
1.396 , 155.44 , 155.92
1.397 , 155.44 , 155.92
1.399 , 155.41 , 155.91
1.401 , 155.48 , 155.9
1.402 , 155.48 , 155.9
1.404 , 155.44 , 155.89
1.405 , 155.41 , 155.89
1.407 , 155.41 , 155.89
1.408 , 155.41 , 155.88
1.41 , 155.44 , 155.88
1.411 , 155.41 , 155.87
1.413 , 155.41 , 155.87
1.414 , 155.37 , 155.86
1.416 , 155.37 , 155.86
1.417 , 155.37 , 155.86
1.419 , 155.34 , 155.85
1.421 , 155.37 , 155.84
1.422 , 155.37 , 155.84
1.424 , 155.34 , 155.83
1.425 , 155.34 , 155.83
1.427 , 155.34 , 155.83
1.428 , 155.37 , 155.82
1.43 , 155.34 , 155.82
1.431 , 155.34 , 155.81
1.433 , 155.34 , 155.81
1.435 , 155.32 , 155.8
1.436 , 155.34 , 155.8
1.438 , 155.41 , 155.79
1.439 , 155.34 , 155.79
1.441 , 155.34 , 155.78
1.442 , 155.37 , 155.78
1.444 , 155.34 , 155.77
1.445 , 155.34 , 155.77
1.447 , 155.34 , 155.77
1.448 , 155.34 , 155.76
1.45 , 155.32 , 155.76
1.452 , 155.34 , 155.75
1.453 , 155.34 , 155.75
1.455 , 155.32 , 155.74
1.456 , 155.32 , 155.74
1.458 , 155.32 , 155.73
1.459 , 155.28 , 155.73
1.461 , 155.32 , 155.72
1.462 , 155.28 , 155.72
1.464 , 155.34 , 155.71
1.465 , 155.28 , 155.71
1.467 , 155.34 , 155.7
1.469 , 155.28 , 155.7
1.47 , 155.32 , 155.7
1.472 , 155.28 , 155.69
1.473 , 155.25 , 155.69
1.475 , 155.25 , 155.68
1.476 , 155.25 , 155.68
1.478 , 155.25 , 155.67
1.479 , 155.25 , 155.67
1.481 , 155.21 , 155.66
1.482 , 155.21 , 155.66
1.484 , 155.25 , 155.65
1.485 , 155.21 , 155.65
1.487 , 155.25 , 155.64
1.489 , 155.21 , 155.64
1.49 , 155.21 , 155.64
1.492 , 155.25 , 155.63
1.493 , 155.25 , 155.63
1.495 , 155.21 , 155.62
1.496 , 155.18 , 155.62
1.498 , 155.21 , 155.61
1.499 , 155.21 , 155.61
1.501 , 155.21 , 155.6
1.502 , 155.18 , 155.6
1.504 , 155.18 , 155.59
1.505 , 155.18 , 155.59
1.507 , 155.21 , 155.58
1.508 , 155.18 , 155.58
1.51 , 155.18 , 155.58
1.511 , 155.18 , 155.57
1.513 , 155.16 , 155.57
1.514 , 155.18 , 155.56
1.516 , 155.21 , 155.56
1.517 , 155.18 , 155.55
1.519 , 155.16 , 155.55
1.521 , 155.18 , 155.54
1.522 , 155.16 , 155.54
1.524 , 155.16 , 155.53
1.525 , 155.16 , 155.53
1.527 , 155.16 , 155.52
1.528 , 155.16 , 155.52
1.53 , 155.16 , 155.52
1.531 , 155.12 , 155.51
1.533 , 155.12 , 155.51
1.534 , 155.12 , 155.5
1.536 , 155.12 , 155.5
1.537 , 155.12 , 155.49
1.539 , 155.09 , 155.49
1.54 , 155.12 , 155.49
1.542 , 155.12 , 155.48
1.543 , 155.16 , 155.48
1.545 , 155.16 , 155.47
1.547 , 155.16 , 155.46
1.548 , 155.09 , 155.46
1.55 , 155.12 , 155.46
1.551 , 155.12 , 155.45
1.553 , 155.12 , 155.45
1.554 , 155.09 , 155.44
1.556 , 155.09 , 155.44
1.557 , 155.12 , 155.43
1.559 , 155.05 , 155.43
1.561 , 155.09 , 155.42
1.562 , 155.09 , 155.42
1.564 , 155.09 , 155.41
1.565 , 155.09 , 155.41
1.567 , 155.09 , 155.4
1.568 , 155.09 , 155.4
1.57 , 155.05 , 155.4
1.571 , 155.09 , 155.39
1.573 , 155.09 , 155.39
1.575 , 155.05 , 155.38
1.576 , 155.05 , 155.38
1.577 , 155.05 , 155.37
1.579 , 155.05 , 155.37
1.581 , 155.02 , 155.36
1.582 , 155.02 , 155.36
1.584 , 155.02 , 155.35
1.585 , 155.02 , 155.35
1.586 , 155.02 , 155.35
1.588 , 155.05 , 155.34
1.59 , 155.02 , 155.34
1.591 , 155.02 , 155.33
1.593 , 154.98 , 155.33
1.594 , 155.02 , 155.32
1.596 , 155.02 , 155.32
1.597 , 155.02 , 155.31
1.599 , 155.02 , 155.31
1.6 , 154.98 , 155.31
1.602 , 154.98 , 155.3
1.603 , 154.98 , 155.3
1.605 , 154.98 , 155.29
1.606 , 154.98 , 155.29
1.608 , 155.02 , 155.28
1.609 , 154.96 , 155.28
1.611 , 154.98 , 155.27
1.613 , 154.96 , 155.27
1.614 , 154.93 , 155.26
1.616 , 154.93 , 155.26
1.617 , 154.96 , 155.25
1.619 , 154.93 , 155.25
1.62 , 154.96 , 155.25
1.622 , 154.93 , 155.24
1.623 , 154.93 , 155.24
1.625 , 154.93 , 155.23
1.626 , 154.93 , 155.23
1.628 , 154.89 , 155.22
1.629 , 154.96 , 155.22
1.631 , 154.93 , 155.21
1.633 , 154.93 , 155.21
1.634 , 154.93 , 155.2
1.636 , 154.89 , 155.2
1.637 , 154.93 , 155.19
1.639 , 154.93 , 155.19
1.64 , 154.93 , 155.19
1.642 , 154.86 , 155.18
1.643 , 154.82 , 155.18
1.645 , 154.82 , 155.17
1.646 , 154.8 , 155.17
1.648 , 154.82 , 155.16
1.649 , 154.82 , 155.16
1.651 , 154.82 , 155.15
1.652 , 154.82 , 155.15
1.654 , 154.82 , 155.14
1.656 , 154.82 , 155.14
1.657 , 154.8 , 155.13
1.659 , 154.77 , 155.13
1.66 , 154.8 , 155.13
1.662 , 154.8 , 155.12
1.663 , 154.77 , 155.12
1.665 , 154.82 , 155.11
1.666 , 154.77 , 155.11
1.668 , 154.77 , 155.1
1.669 , 154.77 , 155.1
1.671 , 154.77 , 155.09
1.672 , 154.77 , 155.09
1.674 , 154.77 , 155.08
1.675 , 154.73 , 155.08
1.677 , 154.77 , 155.07
1.678 , 154.73 , 155.07
1.68 , 154.73 , 155.07
1.681 , 154.77 , 155.06
1.683 , 154.73 , 155.06
1.684 , 154.73 , 155.05
1.686 , 154.77 , 155.05
1.688 , 154.73 , 155.04
1.689 , 154.73 , 155.04
1.691 , 154.73 , 155.03
1.692 , 154.73 , 155.03
1.694 , 154.7 , 155.02
1.695 , 154.7 , 155.02
1.697 , 154.7 , 155.01
1.698 , 154.7 , 155.01
1.7 , 154.7 , 155.01
1.702 , 154.7 , 155.0
1.703 , 154.63 , 155.0
1.705 , 154.63 , 154.99
1.706 , 154.7 , 154.99
1.708 , 154.7 , 154.98
1.709 , 154.63 , 154.98
1.711 , 154.7 , 154.97
1.712 , 154.59 , 154.97
1.714 , 154.63 , 154.96
1.715 , 154.59 , 154.96
1.717 , 154.63 , 154.95
1.719 , 154.59 , 154.95
1.72 , 154.63 , 154.95
1.722 , 154.59 , 154.94
1.723 , 154.63 , 154.94
1.725 , 154.59 , 154.93
1.726 , 154.59 , 154.93
1.728 , 154.57 , 154.92
1.729 , 154.57 , 154.92
1.731 , 154.57 , 154.91
1.732 , 154.59 , 154.91
1.734 , 154.59 , 154.9
1.736 , 154.57 , 154.9
1.737 , 154.54 , 154.89
1.739 , 154.57 , 154.89
1.74 , 154.57 , 154.89
1.742 , 154.54 , 154.88
1.743 , 154.54 , 154.88
1.745 , 154.57 , 154.87
1.747 , 154.59 , 154.86
1.748 , 154.57 , 154.86
1.75 , 154.57 , 154.86
1.751 , 154.54 , 154.85
1.753 , 154.57 , 154.85
1.754 , 154.57 , 154.84
1.756 , 154.57 , 154.84
1.757 , 154.54 , 154.83
1.759 , 154.54 , 154.83
1.76 , 154.57 , 154.83
1.762 , 154.57 , 154.82
1.763 , 154.54 , 154.82
1.765 , 154.54 , 154.81
1.767 , 154.5 , 154.8
1.768 , 154.57 , 154.8
1.77 , 154.57 , 154.8
1.771 , 154.5 , 154.79
1.773 , 154.5 , 154.79
1.774 , 154.5 , 154.78
1.776 , 154.5 , 154.78
1.777 , 154.5 , 154.77
1.779 , 154.5 , 154.77
1.78 , 154.47 , 154.77
1.782 , 154.5 , 154.76
1.783 , 154.47 , 154.76
1.785 , 154.47 , 154.75
1.786 , 154.5 , 154.75
1.788 , 154.5 , 154.74
1.789 , 154.47 , 154.74
1.791 , 154.47 , 154.73
1.792 , 154.47 , 154.73
1.794 , 154.47 , 154.72
1.795 , 154.43 , 154.72
1.797 , 154.47 , 154.71
1.798 , 154.43 , 154.71
1.8 , 154.43 , 154.71
1.802 , 154.43 , 154.7
1.803 , 154.43 , 154.7
1.805 , 154.41 , 154.69
1.806 , 154.43 , 154.69
1.808 , 154.47 , 154.68
1.809 , 154.41 , 154.68
1.811 , 154.43 , 154.67
1.813 , 154.41 , 154.67
1.814 , 154.38 , 154.66
1.816 , 154.38 , 154.66
1.817 , 154.43 , 154.65
1.819 , 154.41 , 154.65
1.82 , 154.38 , 154.64
1.822 , 154.41 , 154.64
1.823 , 154.38 , 154.64
1.825 , 154.38 , 154.63
1.826 , 154.43 , 154.63
1.828 , 154.38 , 154.62
1.829 , 154.38 , 154.62
1.831 , 154.34 , 154.61
1.833 , 154.34 , 154.61
1.842 , 154.31 , 154.58
1.844 , 154.34 , 154.57
1.845 , 154.31 , 154.57
1.847 , 154.34 , 154.56
1.848 , 154.31 , 154.56
1.85 , 154.31 , 154.55
1.851 , 154.31 , 154.55
1.853 , 154.27 , 154.55
1.854 , 154.31 , 154.54
1.856 , 154.31 , 154.54
1.858 , 154.27 , 154.53
1.859 , 154.27 , 154.53
1.861 , 154.27 , 154.52
1.862 , 154.27 , 154.52
1.864 , 154.27 , 154.51
1.865 , 154.27 , 154.51
1.867 , 154.31 , 154.5
1.868 , 154.27 , 154.5
1.87 , 154.27 , 154.49
1.871 , 154.27 , 154.49
1.873 , 154.27 , 154.49
1.874 , 154.27 , 154.48
1.876 , 154.25 , 154.48
1.877 , 154.25 , 154.47
1.879 , 154.25 , 154.47
1.88 , 154.25 , 154.46
1.882 , 154.22 , 154.46
1.884 , 154.25 , 154.45
1.885 , 154.22 , 154.45
1.887 , 154.25 , 154.44
1.888 , 154.25 , 154.44
1.89 , 154.25 , 154.43
1.891 , 154.22 , 154.43
1.893 , 154.22 , 154.43
1.894 , 154.22 , 154.42
1.896 , 154.22 , 154.42
1.897 , 154.18 , 154.41
1.899 , 154.18 , 154.41
1.9 , 154.18 , 154.4
1.902 , 154.22 , 154.4
1.903 , 154.22 , 154.4
1.905 , 154.18 , 154.39
1.907 , 154.18 , 154.38
1.908 , 154.18 , 154.38
1.91 , 154.18 , 154.37
1.911 , 154.18 , 154.37
1.913 , 154.18 , 154.37
1.914 , 154.15 , 154.36
1.916 , 154.15 , 154.36
1.917 , 154.15 , 154.35
1.919 , 154.15 , 154.35
1.92 , 154.15 , 154.34
1.922 , 154.15 , 154.34
1.924 , 154.15 , 154.33
1.925 , 154.15 , 154.33
1.927 , 154.18 , 154.32
1.928 , 154.18 , 154.32
1.93 , 154.15 , 154.31
1.931 , 154.15 , 154.31
1.933 , 154.15 , 154.31
1.935 , 154.11 , 154.3
1.936 , 154.11 , 154.3
1.937 , 154.11 , 154.29
1.939 , 154.09 , 154.29
1.941 , 154.09 , 154.28
1.942 , 154.09 , 154.28
1.944 , 154.09 , 154.27
1.945 , 154.09 , 154.27
1.947 , 154.11 , 154.26
1.948 , 154.11 , 154.26
1.95 , 154.09 , 154.25
1.951 , 154.09 , 154.25
1.953 , 154.09 , 154.25
1.954 , 154.04 , 154.24
1.956 , 154.04 , 154.24
1.958 , 154.09 , 154.23
1.959 , 154.04 , 154.23
1.961 , 154.04 , 154.22
1.962 , 154.04 , 154.22
1.964 , 154.02 , 154.21
1.965 , 154.04 , 154.21
1.967 , 154.04 , 154.2
1.968 , 154.02 , 154.2
1.97 , 154.02 , 154.19
1.971 , 154.04 , 154.19
1.973 , 154.02 , 154.19
1.974 , 154.02 , 154.18
1.976 , 154.04 , 154.18
1.978 , 154.02 , 154.17
1.979 , 153.99 , 154.17
1.981 , 153.99 , 154.16
1.982 , 154.02 , 154.16
1.984 , 153.99 , 154.15
1.985 , 153.99 , 154.15
1.987 , 153.95 , 154.14
1.988 , 153.95 , 154.14
1.99 , 153.99 , 154.13
1.992 , 153.95 , 154.13
1.993 , 153.95 , 154.13
1.995 , 153.95 , 154.12
1.996 , 153.95 , 154.12
1.998 , 153.95 , 154.11
1.999 , 153.95 , 154.11
2.001 , 153.99 , 154.1
2.002 , 153.95 , 154.1
2.004 , 153.95 , 154.09
2.005 , 153.99 , 154.09
2.007 , 153.93 , 154.08
2.008 , 153.95 , 154.08
2.01 , 153.95 , 154.07
2.012 , 153.93 , 154.07
2.013 , 153.93 , 154.07
2.015 , 153.93 , 154.06
2.016 , 153.93 , 154.06
2.018 , 153.88 , 154.05
2.019 , 153.93 , 154.05
2.021 , 153.88 , 154.04
2.022 , 153.93 , 154.04
2.024 , 153.88 , 154.03
2.025 , 153.93 , 154.03
2.027 , 153.88 , 154.02
2.028 , 153.88 , 154.02
2.03 , 153.88 , 154.01
2.031 , 153.88 , 154.01
2.033 , 153.93 , 154.01
2.034 , 153.86 , 154.0
2.036 , 153.86 , 154.0
2.037 , 153.86 , 153.99
2.039 , 153.86 , 153.99
2.04 , 153.86 , 153.98
2.042 , 153.86 , 153.98
2.044 , 153.86 , 153.97
2.045 , 153.83 , 153.97
2.047 , 153.86 , 153.96
2.048 , 153.86 , 153.96
2.05 , 153.83 , 153.95
2.051 , 153.83 , 153.95
2.053 , 153.83 , 153.95
2.054 , 153.83 , 153.94
2.056 , 153.86 , 153.94
2.057 , 153.79 , 153.93
2.059 , 153.83 , 153.93
2.06 , 153.83 , 153.92
2.062 , 153.83 , 153.92
2.063 , 153.83 , 153.92
2.065 , 153.86 , 153.91
2.066 , 153.83 , 153.91
2.068 , 153.83 , 153.9
2.07 , 153.79 , 153.89
2.071 , 153.83 , 153.89
2.073 , 153.79 , 153.89
2.074 , 153.77 , 153.88
2.076 , 153.77 , 153.88
2.077 , 153.77 , 153.87
2.079 , 153.77 , 153.87
2.081 , 153.79 , 153.86
2.082 , 153.77 , 153.86
2.084 , 153.79 , 153.85
2.085 , 153.77 , 153.85
2.087 , 153.77 , 153.84
2.088 , 153.77 , 153.84
2.09 , 153.77 , 153.83
2.091 , 153.77 , 153.83
2.093 , 153.77 , 153.83
2.094 , 153.72 , 153.82
2.096 , 153.77 , 153.82
2.097 , 153.72 , 153.81
2.099 , 153.77 , 153.81
2.1 , 153.67 , 153.8
2.102 , 153.72 , 153.8
2.103 , 153.72 , 153.8
2.105 , 153.72 , 153.79
2.106 , 153.7 , 153.79
2.108 , 153.72 , 153.78
2.11 , 153.7 , 153.77
2.111 , 153.7 , 153.77
2.113 , 153.7 , 153.77
2.114 , 153.67 , 153.76
2.116 , 153.72 , 153.76
2.117 , 153.67 , 153.75
2.119 , 153.7 , 153.75
2.12 , 153.67 , 153.74
2.122 , 153.67 , 153.74
2.123 , 153.67 , 153.74
2.125 , 153.67 , 153.73
2.127 , 153.67 , 153.72
2.128 , 153.67 , 153.72
2.13 , 153.67 , 153.71
2.131 , 153.7 , 153.71
2.133 , 153.63 , 153.71
2.134 , 153.63 , 153.7
2.136 , 153.63 , 153.7
2.137 , 153.63 , 153.69
2.139 , 153.63 , 153.69
2.14 , 153.63 , 153.68
2.142 , 153.63 , 153.68
2.143 , 153.63 , 153.68
2.145 , 153.6 , 153.67
2.146 , 153.63 , 153.67
2.148 , 153.56 , 153.66
2.149 , 153.6 , 153.66
2.151 , 153.63 , 153.65
2.152 , 153.6 , 153.65
2.154 , 153.6 , 153.64
2.156 , 153.6 , 153.64
2.157 , 153.6 , 153.63
2.159 , 153.54 , 153.63
2.16 , 153.49 , 153.62
2.162 , 153.49 , 153.62
2.163 , 153.54 , 153.62
2.165 , 153.54 , 153.61
2.166 , 153.49 , 153.61
2.168 , 153.54 , 153.6
2.169 , 153.54 , 153.6
2.171 , 153.49 , 153.59
2.172 , 153.49 , 153.59
2.174 , 153.49 , 153.58
2.175 , 153.49 , 153.58
2.177 , 153.44 , 153.57
2.178 , 153.49 , 153.57
2.18 , 153.47 , 153.56
2.181 , 153.47 , 153.56
2.183 , 153.47 , 153.55
2.184 , 153.47 , 153.55
2.186 , 153.44 , 153.55
2.187 , 153.47 , 153.54
2.189 , 153.47 , 153.54
2.191 , 153.44 , 153.53
2.192 , 153.44 , 153.53
2.194 , 153.4 , 153.52
2.195 , 153.4 , 153.52
2.197 , 153.44 , 153.51
2.198 , 153.44 , 153.51
2.2 , 153.44 , 153.5
2.201 , 153.4 , 153.5
2.203 , 153.44 , 153.49
2.204 , 153.44 , 153.49
2.206 , 153.4 , 153.49
2.207 , 153.4 , 153.48
2.209 , 153.4 , 153.48
2.21 , 153.4 , 153.47
2.212 , 153.4 , 153.47
2.213 , 153.44 , 153.46
2.215 , 153.33 , 153.46
2.216 , 153.4 , 153.46
2.218 , 153.38 , 153.45
2.219 , 153.38 , 153.45
2.221 , 153.4 , 153.44
2.222 , 153.33 , 153.44
2.224 , 153.38 , 153.43
2.225 , 153.38 , 153.43
2.227 , 153.38 , 153.42
2.229 , 153.33 , 153.42
2.23 , 153.33 , 153.41
2.232 , 153.33 , 153.41
2.233 , 153.33 , 153.4
2.234 , 153.33 , 153.4
2.236 , 153.33 , 153.4
2.238 , 153.33 , 153.39
2.239 , 153.33 , 153.39
2.241 , 153.33 , 153.38
2.242 , 153.33 , 153.38
2.244 , 153.31 , 153.37
2.245 , 153.28 , 153.37
2.247 , 153.31 , 153.36
2.248 , 153.33 , 153.36
2.25 , 153.33 , 153.35
2.251 , 153.28 , 153.35
2.253 , 153.31 , 153.34
2.254 , 153.28 , 153.34
2.256 , 153.31 , 153.34
2.257 , 153.28 , 153.33
2.259 , 153.24 , 153.33
2.261 , 153.28 , 153.32
2.262 , 153.38 , 153.32
2.264 , 153.33 , 153.31
2.265 , 153.33 , 153.31
2.267 , 153.31 , 153.3
2.268 , 153.31 , 153.3
2.27 , 153.33 , 153.29
2.271 , 153.33 , 153.29
2.273 , 153.31 , 153.28
2.274 , 153.31 , 153.28
2.276 , 153.31 , 153.28
2.277 , 153.31 , 153.27
2.279 , 153.31 , 153.27
2.281 , 153.31 , 153.26
2.282 , 153.24 , 153.26
2.284 , 153.28 , 153.25
2.285 , 153.31 , 153.25
2.287 , 153.28 , 153.24
2.288 , 153.24 , 153.24
2.29 , 153.28 , 153.23
2.291 , 153.28 , 153.23
2.293 , 153.28 , 153.22
2.294 , 153.24 , 153.22
2.296 , 153.22 , 153.22
2.297 , 153.24 , 153.21
2.299 , 153.24 , 153.21
2.3 , 153.24 , 153.2
2.302 , 153.24 , 153.2
2.303 , 153.22 , 153.19
2.305 , 153.24 , 153.19
2.306 , 153.24 , 153.19
2.308 , 153.22 , 153.18
2.309 , 153.22 , 153.18
2.311 , 153.17 , 153.17
2.312 , 153.22 , 153.17
2.314 , 153.22 , 153.16
2.315 , 153.22 , 153.16
2.317 , 153.22 , 153.15
2.318 , 153.22 , 153.15
2.32 , 153.17 , 153.14
2.321 , 153.17 , 153.14
2.323 , 153.15 , 153.13
2.325 , 153.17 , 153.13
2.326 , 153.17 , 153.13
2.328 , 153.17 , 153.12
2.329 , 153.17 , 153.12
2.331 , 153.17 , 153.11
2.332 , 153.15 , 153.11
2.334 , 153.17 , 153.1
2.335 , 153.15 , 153.1
2.337 , 153.15 , 153.09
2.338 , 153.15 , 153.09
2.34 , 153.15 , 153.08
2.341 , 153.1 , 153.08
2.343 , 153.15 , 153.07
2.344 , 153.1 , 153.07
2.346 , 153.1 , 153.07
2.347 , 153.1 , 153.06
2.349 , 153.1 , 153.06
2.35 , 153.15 , 153.05
2.352 , 153.08 , 153.05
2.353 , 153.1 , 153.04
2.355 , 153.1 , 153.04
2.356 , 153.08 , 153.04
2.358 , 153.1 , 153.03
2.36 , 153.1 , 153.02
2.361 , 153.1 , 153.02
2.363 , 153.08 , 153.01
2.364 , 153.08 , 153.01
2.366 , 153.08 , 153.01
2.367 , 153.08 , 153.0
2.369 , 153.1 , 153.0
2.37 , 153.06 , 152.99
2.372 , 153.06 , 152.99
2.373 , 153.06 , 152.98
2.375 , 153.06 , 152.98
2.376 , 153.01 , 152.98
2.378 , 153.08 , 152.97
2.379 , 153.06 , 152.97
2.381 , 153.06 , 152.96
2.383 , 153.06 , 152.95
2.384 , 153.01 , 152.95
2.386 , 152.99 , 152.95
2.387 , 153.06 , 152.94
2.389 , 153.01 , 152.94
2.39 , 153.01 , 152.93
2.392 , 153.01 , 152.93
2.394 , 152.99 , 152.92
2.395 , 152.99 , 152.92
2.397 , 152.99 , 152.91
2.398 , 152.94 , 152.91
2.4 , 152.99 , 152.9
2.401 , 153.01 , 152.9
2.403 , 153.01 , 152.89
2.404 , 152.99 , 152.89
2.406 , 152.99 , 152.89
2.407 , 152.94 , 152.88
2.409 , 152.94 , 152.88
2.41 , 152.99 , 152.87
2.412 , 152.99 , 152.87
2.413 , 152.94 , 152.86
2.415 , 152.99 , 152.86
2.416 , 152.94 , 152.86
2.418 , 152.99 , 152.85
2.419 , 152.9 , 152.85
2.421 , 152.94 , 152.84
2.423 , 152.94 , 152.83
2.424 , 152.94 , 152.83
2.425 , 152.92 , 152.83
2.427 , 152.92 , 152.82
2.429 , 152.92 , 152.82
2.43 , 152.92 , 152.81
2.432 , 152.9 , 152.81
2.433 , 152.92 , 152.8
2.435 , 152.92 , 152.8
2.436 , 152.9 , 152.8
2.438 , 152.9 , 152.79
2.439 , 152.9 , 152.79
2.441 , 152.85 , 152.78
2.443 , 152.9 , 152.77
2.444 , 152.9 , 152.77
2.446 , 152.9 , 152.77
2.447 , 152.85 , 152.76
2.449 , 152.9 , 152.76
2.45 , 152.9 , 152.75
2.452 , 152.9 , 152.75
2.453 , 152.9 , 152.74
2.455 , 152.85 , 152.74
2.456 , 152.85 , 152.74
2.458 , 152.83 , 152.73
2.46 , 152.85 , 152.72
2.461 , 152.85 , 152.72
2.463 , 152.85 , 152.71
2.464 , 152.83 , 152.71
2.466 , 152.85 , 152.71
2.467 , 152.83 , 152.7
2.468 , 152.85 , 152.7
2.47 , 152.83 , 152.69
2.472 , 152.83 , 152.69
2.473 , 152.85 , 152.68
2.475 , 152.83 , 152.68
2.476 , 152.83 , 152.68
2.478 , 152.83 , 152.67
2.479 , 152.78 , 152.67
2.481 , 152.78 , 152.66
2.482 , 152.78 , 152.66
2.484 , 152.78 , 152.65
2.485 , 152.78 , 152.65
2.487 , 152.76 , 152.64
2.489 , 152.78 , 152.64
2.49 , 152.78 , 152.63
2.492 , 152.78 , 152.63
2.493 , 152.78 , 152.62
2.495 , 152.76 , 152.62
2.496 , 152.78 , 152.62
2.498 , 152.76 , 152.61
2.5 , 152.76 , 152.6
2.501 , 152.74 , 152.6
2.503 , 152.76 , 152.59
2.504 , 152.74 , 152.59
2.506 , 152.78 , 152.59
2.507 , 152.74 , 152.58
2.509 , 152.76 , 152.58
2.51 , 152.76 , 152.57
2.512 , 152.74 , 152.57
2.513 , 152.74 , 152.56
2.515 , 152.74 , 152.56
2.516 , 152.69 , 152.56
2.518 , 152.69 , 152.55
2.519 , 152.74 , 152.55
2.521 , 152.69 , 152.54
2.522 , 152.69 , 152.54
2.524 , 152.74 , 152.53
2.525 , 152.74 , 152.53
2.527 , 152.69 , 152.52
2.528 , 152.69 , 152.52
2.53 , 152.69 , 152.51
2.531 , 152.69 , 152.51
2.533 , 152.67 , 152.5
2.535 , 152.69 , 152.5
2.536 , 152.69 , 152.5
2.538 , 152.67 , 152.49
2.539 , 152.69 , 152.49
2.54 , 152.69 , 152.48
2.542 , 152.67 , 152.48
2.544 , 152.69 , 152.47
2.545 , 152.62 , 152.47
2.547 , 152.67 , 152.46
2.548 , 152.67 , 152.46
2.55 , 152.67 , 152.45
2.551 , 152.62 , 152.45
2.553 , 152.62 , 152.44
2.554 , 152.62 , 152.44
2.556 , 152.62 , 152.43
2.558 , 152.62 , 152.43
2.559 , 152.6 , 152.43
2.561 , 152.62 , 152.42
2.562 , 152.67 , 152.42
2.564 , 152.6 , 152.41
2.565 , 152.55 , 152.41
2.567 , 152.6 , 152.4
2.568 , 152.6 , 152.4
2.57 , 152.6 , 152.39
2.571 , 152.51 , 152.39
2.573 , 152.55 , 152.38
2.574 , 152.53 , 152.38
2.576 , 152.55 , 152.37
2.577 , 152.53 , 152.37
2.579 , 152.55 , 152.37
2.581 , 152.53 , 152.36
2.582 , 152.53 , 152.36
2.584 , 152.53 , 152.35
2.585 , 152.51 , 152.35
2.587 , 152.51 , 152.34
2.588 , 152.53 , 152.34
2.59 , 152.51 , 152.33
2.591 , 152.51 , 152.33
2.593 , 152.46 , 152.32
2.594 , 152.53 , 152.32
2.596 , 152.51 , 152.31
2.598 , 152.46 , 152.31
2.599 , 152.51 , 152.31
2.601 , 152.51 , 152.3
2.602 , 152.46 , 152.3
2.604 , 152.51 , 152.29
2.605 , 152.46 , 152.29
2.607 , 152.46 , 152.28
2.608 , 152.46 , 152.28
2.61 , 152.39 , 152.27
2.611 , 152.46 , 152.27
2.613 , 152.46 , 152.26
2.614 , 152.44 , 152.26
2.616 , 152.46 , 152.25
2.617 , 152.46 , 152.25
2.619 , 152.46 , 152.25
2.62 , 152.46 , 152.24
2.622 , 152.39 , 152.24
2.623 , 152.39 , 152.23
2.625 , 152.44 , 152.23
2.627 , 152.44 , 152.22
2.628 , 152.44 , 152.22
2.629 , 152.44 , 152.22
2.631 , 152.44 , 152.21
2.632 , 152.39 , 152.21
2.634 , 152.39 , 152.2
2.636 , 152.39 , 152.19
2.637 , 152.39 , 152.19
2.639 , 152.39 , 152.19
2.64 , 152.39 , 152.18
2.642 , 152.39 , 152.18
2.643 , 152.37 , 152.17
2.645 , 152.39 , 152.17
2.646 , 152.37 , 152.16
2.648 , 152.37 , 152.16
2.65 , 152.35 , 152.15
2.651 , 152.39 , 152.15
2.653 , 152.37 , 152.14
2.654 , 152.35 , 152.14
2.656 , 152.35 , 152.13
2.657 , 152.37 , 152.13
2.659 , 152.28 , 152.13
2.66 , 152.35 , 152.12
2.662 , 152.35 , 152.12
2.663 , 152.35 , 152.11
2.665 , 152.37 , 152.11
2.666 , 152.35 , 152.1
2.668 , 152.35 , 152.1
2.669 , 152.3 , 152.1
2.671 , 152.28 , 152.09
2.672 , 152.28 , 152.09
2.674 , 152.3 , 152.08
2.675 , 152.35 , 152.08
2.677 , 152.3 , 152.07
2.678 , 152.28 , 152.07
2.68 , 152.3 , 152.06
2.682 , 152.3 , 152.06
2.683 , 152.3 , 152.05
2.685 , 152.3 , 152.05
2.686 , 152.28 , 152.04
2.688 , 152.28 , 152.04
2.689 , 152.28 , 152.04
2.691 , 152.28 , 152.03
2.692 , 152.28 , 152.03
2.694 , 152.28 , 152.02
2.696 , 152.23 , 152.01
2.697 , 152.28 , 152.01
2.699 , 152.23 , 152.01
2.7 , 152.23 , 152.0
2.702 , 152.21 , 152.0
2.703 , 152.23 , 151.99
2.705 , 152.23 , 151.99
2.706 , 152.23 , 151.98
2.708 , 152.21 , 151.98
2.709 , 152.21 , 151.98
2.711 , 152.19 , 151.97
2.712 , 152.23 , 151.97
2.714 , 152.21 , 151.96
2.715 , 152.23 , 151.96
2.717 , 152.19 , 151.95
2.719 , 152.19 , 151.95
2.728 , 152.19 , 151.92
2.73 , 152.14 , 151.91
2.731 , 152.19 , 151.91
2.733 , 152.19 , 151.9
2.734 , 152.19 , 151.9
2.736 , 152.14 , 151.89
2.737 , 152.19 , 151.89
2.739 , 152.14 , 151.89
2.74 , 152.19 , 151.88
2.742 , 152.19 , 151.88
2.743 , 152.14 , 151.87
2.745 , 152.14 , 151.87
2.747 , 152.19 , 151.86
2.748 , 152.14 , 151.86
2.75 , 152.12 , 151.85
2.751 , 152.12 , 151.85
2.753 , 152.14 , 151.84
2.754 , 152.12 , 151.84
2.756 , 152.12 , 151.83
2.757 , 152.07 , 151.83
2.759 , 152.12 , 151.83
2.76 , 152.05 , 151.82
2.762 , 152.07 , 151.82
2.763 , 152.12 , 151.81
2.765 , 152.07 , 151.81
2.766 , 152.05 , 151.8
2.768 , 152.07 , 151.8
2.769 , 152.07 , 151.8
2.771 , 152.07 , 151.79
2.772 , 152.05 , 151.79
2.774 , 152.05 , 151.78
2.776 , 152.05 , 151.77
2.777 , 152.05 , 151.77
2.779 , 152.0 , 151.77
2.78 , 152.0 , 151.76
2.782 , 152.05 , 151.76
2.783 , 152.05 , 151.75
2.785 , 152.07 , 151.75
2.786 , 152.05 , 151.74
2.788 , 152.0 , 151.74
2.789 , 152.0 , 151.74
2.791 , 151.98 , 151.73
2.792 , 151.98 , 151.73
2.794 , 152.05 , 151.72
2.795 , 151.98 , 151.72
2.797 , 152.0 , 151.71
2.798 , 151.98 , 151.71
2.8 , 151.98 , 151.7
2.801 , 152.0 , 151.7
2.803 , 152.0 , 151.69
2.804 , 152.0 , 151.69
2.806 , 151.98 , 151.68
2.808 , 151.96 , 151.68
2.809 , 151.96 , 151.68
2.811 , 151.96 , 151.67
2.812 , 151.98 , 151.67
2.814 , 151.98 , 151.66
2.815 , 151.96 , 151.66
2.817 , 151.91 , 151.65
2.818 , 151.96 , 151.65
2.82 , 151.91 , 151.64
2.821 , 151.91 , 151.64
2.823 , 151.96 , 151.63
2.824 , 151.96 , 151.63
2.826 , 151.89 , 151.62
2.828 , 151.91 , 151.62
2.829 , 151.96 , 151.62
2.831 , 151.91 , 151.61
2.832 , 151.96 , 151.61
2.834 , 151.91 , 151.6
2.835 , 151.91 , 151.6
2.836 , 151.96 , 151.59
2.838 , 151.91 , 151.59
2.84 , 151.89 , 151.58
2.841 , 151.91 , 151.58
2.843 , 151.89 , 151.57
2.844 , 151.84 , 151.57
2.846 , 151.89 , 151.56
2.847 , 151.84 , 151.56
2.849 , 151.89 , 151.56
2.851 , 151.84 , 151.55
2.852 , 151.84 , 151.55
2.854 , 151.84 , 151.54
2.855 , 151.84 , 151.54
2.857 , 151.82 , 151.53
2.858 , 151.89 , 151.53
2.86 , 151.82 , 151.52
2.861 , 151.82 , 151.52
2.863 , 151.82 , 151.51
2.864 , 151.84 , 151.51
2.866 , 151.82 , 151.5
2.867 , 151.82 , 151.5
2.869 , 151.84 , 151.5
2.871 , 151.82 , 151.49
2.872 , 151.82 , 151.49
2.874 , 151.84 , 151.48
2.875 , 151.82 , 151.48
2.877 , 151.82 , 151.47
2.878 , 151.8 , 151.47
2.88 , 151.82 , 151.46
2.881 , 151.75 , 151.46
2.883 , 151.75 , 151.45
2.884 , 151.75 , 151.45
2.886 , 151.75 , 151.44
2.887 , 151.75 , 151.44
2.889 , 151.8 , 151.44
2.89 , 151.8 , 151.43
2.892 , 151.75 , 151.43
2.893 , 151.75 , 151.42
2.895 , 151.75 , 151.42
2.896 , 151.73 , 151.41
2.898 , 151.75 , 151.41
2.899 , 151.75 , 151.41
2.901 , 151.75 , 151.4
2.903 , 151.68 , 151.39
2.904 , 151.75 , 151.39
2.906 , 151.75 , 151.38
2.907 , 151.75 , 151.38
2.909 , 151.73 , 151.38
2.91 , 151.75 , 151.37
2.912 , 151.73 , 151.37
2.913 , 151.73 , 151.36
2.915 , 151.73 , 151.36
2.916 , 151.68 , 151.35
2.918 , 151.73 , 151.35
2.919 , 151.66 , 151.34
2.921 , 151.68 , 151.34
2.922 , 151.68 , 151.34
2.924 , 151.66 , 151.33
2.925 , 151.68 , 151.33
2.927 , 151.66 , 151.32
2.928 , 151.66 , 151.32
2.93 , 151.66 , 151.31
2.931 , 151.66 , 151.31
2.933 , 151.68 , 151.3
2.935 , 151.66 , 151.3
2.936 , 151.66 , 151.29
2.938 , 151.61 , 151.29
2.939 , 151.61 , 151.28
2.941 , 151.61 , 151.28
2.942 , 151.61 , 151.28
2.944 , 151.61 , 151.27
2.945 , 151.61 , 151.27
2.947 , 151.59 , 151.26
2.948 , 151.61 , 151.26
2.95 , 151.61 , 151.25
2.951 , 151.61 , 151.25
2.953 , 151.59 , 151.24
2.954 , 151.59 , 151.24
2.956 , 151.57 , 151.23
2.957 , 151.57 , 151.23
2.959 , 151.61 , 151.22
2.96 , 151.57 , 151.22
2.962 , 151.57 , 151.22
2.963 , 151.59 , 151.21
2.965 , 151.59 , 151.21
2.966 , 151.59 , 151.2
2.968 , 151.57 , 151.2
2.97 , 151.59 , 151.19
2.971 , 151.52 , 151.19
2.973 , 151.52 , 151.18
2.974 , 151.57 , 151.18
2.976 , 151.57 , 151.17
2.977 , 151.52 , 151.17
2.979 , 151.52 , 151.16
2.98 , 151.52 , 151.16
2.982 , 151.52 , 151.16
2.983 , 151.52 , 151.15
2.985 , 151.52 , 151.15
2.986 , 151.52 , 151.14
2.988 , 151.52 , 151.14
2.989 , 151.5 , 151.13
2.991 , 151.5 , 151.13
2.992 , 151.5 , 151.13
2.994 , 151.5 , 151.12
2.995 , 151.45 , 151.12
2.997 , 151.5 , 151.11
2.998 , 151.45 , 151.11
3.0 , 151.5 , 151.1
3.001 , 151.45 , 151.1
3.003 , 151.5 , 151.09
3.004 , 151.5 , 151.09
3.006 , 151.45 , 151.08
3.007 , 151.45 , 151.08
3.009 , 151.45 , 151.07
3.01 , 151.45 , 151.07
3.012 , 151.43 , 151.07
3.013 , 151.43 , 151.06
3.015 , 151.43 , 151.06
3.016 , 151.43 , 151.05
3.018 , 151.43 , 151.05
3.019 , 151.43 , 151.04
3.021 , 151.43 , 151.04
3.023 , 151.41 , 151.03
3.024 , 151.43 , 151.03
3.026 , 151.41 , 151.02
3.027 , 151.41 , 151.02
3.029 , 151.41 , 151.01
3.03 , 151.36 , 151.01
3.032 , 151.34 , 151.01
3.033 , 151.36 , 151.0
3.035 , 151.41 , 151.0
3.036 , 151.36 , 150.99
3.038 , 151.41 , 150.99
3.039 , 151.36 , 150.98
3.041 , 151.36 , 150.98
3.042 , 151.36 , 150.98
3.044 , 151.34 , 150.97
3.045 , 151.34 , 150.97
3.047 , 151.36 , 150.96
3.048 , 151.36 , 150.96
3.05 , 151.34 , 150.95
3.051 , 151.34 , 150.95
3.053 , 151.34 , 150.94
3.054 , 151.34 , 150.94
3.056 , 151.27 , 150.93
3.057 , 151.34 , 150.93
3.059 , 151.34 , 150.92
3.061 , 151.34 , 150.92
3.062 , 151.29 , 150.92
3.064 , 151.29 , 150.91
3.065 , 151.27 , 150.91
3.067 , 151.34 , 150.9
3.068 , 151.27 , 150.9
3.07 , 151.27 , 150.89
3.071 , 151.27 , 150.89
3.073 , 151.27 , 150.88
3.074 , 151.25 , 150.88
3.076 , 151.27 , 150.87
3.077 , 151.25 , 150.87
3.079 , 151.25 , 150.86
3.081 , 151.25 , 150.86
3.082 , 151.2 , 150.86
3.083 , 151.25 , 150.85
3.085 , 151.25 , 150.85
3.086 , 151.2 , 150.84
3.088 , 151.2 , 150.84
3.09 , 151.18 , 150.83
3.091 , 151.18 , 150.83
3.093 , 151.2 , 150.82
3.094 , 151.18 , 150.82
3.096 , 151.13 , 150.81
3.097 , 151.18 , 150.81
3.099 , 151.13 , 150.8
3.1 , 151.13 , 150.8
3.102 , 151.18 , 150.8
3.103 , 151.13 , 150.79
3.105 , 151.13 , 150.79
3.107 , 151.13 , 150.78
3.108 , 151.18 , 150.78
3.11 , 151.13 , 150.77
3.111 , 151.11 , 150.77
3.113 , 151.13 , 150.76
3.114 , 151.11 , 150.76
3.116 , 151.11 , 150.75
3.117 , 151.11 , 150.75
3.118 , 151.11 , 150.75
3.12 , 151.11 , 150.74
3.121 , 151.11 , 150.74
3.123 , 151.06 , 150.73
3.124 , 151.06 , 150.73
3.126 , 151.06 , 150.72
3.127 , 151.11 , 150.72
3.129 , 151.06 , 150.71
3.131 , 151.11 , 150.71
3.132 , 151.04 , 150.71
3.134 , 151.06 , 150.7
3.135 , 151.04 , 150.7
3.137 , 151.04 , 150.69
3.138 , 151.06 , 150.69
3.14 , 151.04 , 150.68
3.141 , 151.04 , 150.68
3.143 , 151.06 , 150.67
3.144 , 151.06 , 150.67
3.146 , 151.04 , 150.66
3.147 , 151.04 , 150.66
3.149 , 151.04 , 150.65
3.15 , 151.02 , 150.65
3.152 , 151.04 , 150.65
3.154 , 150.97 , 150.64
3.155 , 151.04 , 150.64
3.157 , 151.02 , 150.63
3.158 , 150.97 , 150.63
3.16 , 151.02 , 150.62
3.161 , 151.02 , 150.62
3.163 , 151.02 , 150.61
3.164 , 151.02 , 150.61
3.166 , 150.97 , 150.6
3.167 , 150.97 , 150.6
3.169 , 150.95 , 150.59
3.17 , 150.95 , 150.59
3.172 , 150.95 , 150.59
3.173 , 150.95 , 150.58
3.175 , 150.9 , 150.58
3.176 , 150.95 , 150.57
3.178 , 150.95 , 150.57
3.179 , 150.95 , 150.56
3.181 , 150.95 , 150.56
3.183 , 150.9 , 150.55
3.184 , 150.95 , 150.55
3.186 , 150.95 , 150.54
3.187 , 150.9 , 150.54
3.189 , 150.97 , 150.53
3.19 , 150.97 , 150.53
3.192 , 150.9 , 150.53
3.193 , 150.9 , 150.52
3.195 , 150.9 , 150.52
3.197 , 150.9 , 150.51
3.198 , 150.9 , 150.51
3.2 , 150.95 , 150.5
3.201 , 150.9 , 150.5
3.203 , 150.88 , 150.49
3.204 , 150.9 , 150.49
3.206 , 150.9 , 150.48
3.207 , 150.9 , 150.48
3.209 , 150.88 , 150.47
3.21 , 150.88 , 150.47
3.212 , 150.88 , 150.47
3.213 , 150.88 , 150.46
3.215 , 150.86 , 150.46
3.216 , 150.88 , 150.45
3.218 , 150.88 , 150.45
3.219 , 150.86 , 150.44
3.221 , 150.86 , 150.44
3.222 , 150.88 , 150.44
3.224 , 150.88 , 150.43
3.225 , 150.86 , 150.43
3.227 , 150.86 , 150.42
3.228 , 150.86 , 150.42
3.23 , 150.86 , 150.41
3.231 , 150.86 , 150.41
3.233 , 150.81 , 150.4
3.235 , 150.79 , 150.4
3.236 , 150.74 , 150.39
3.238 , 150.79 , 150.39
3.239 , 150.79 , 150.38
3.241 , 150.81 , 150.38
3.242 , 150.79 , 150.38
3.244 , 150.74 , 150.37
3.245 , 150.79 , 150.37
3.247 , 150.79 , 150.36
3.249 , 150.79 , 150.35
3.25 , 150.74 , 150.35
3.251 , 150.79 , 150.35
3.253 , 150.79 , 150.34
3.255 , 150.74 , 150.34
3.256 , 150.74 , 150.33
3.258 , 150.74 , 150.33
3.259 , 150.79 , 150.32
3.261 , 150.74 , 150.32
3.262 , 150.74 , 150.32
3.264 , 150.72 , 150.31
3.265 , 150.74 , 150.31
3.267 , 150.72 , 150.3
3.268 , 150.72 , 150.3
3.27 , 150.72 , 150.29
3.271 , 150.72 , 150.29
3.273 , 150.72 , 150.28
3.274 , 150.72 , 150.28
3.276 , 150.7 , 150.27
3.277 , 150.7 , 150.27
3.279 , 150.7 , 150.26
3.28 , 150.7 , 150.26
3.282 , 150.63 , 150.25
3.283 , 150.7 , 150.25
3.285 , 150.63 , 150.25
3.287 , 150.7 , 150.24
3.288 , 150.7 , 150.24
3.29 , 150.7 , 150.23
3.291 , 150.63 , 150.23
3.293 , 150.63 , 150.22
3.294 , 150.63 , 150.22
3.296 , 150.61 , 150.21
3.297 , 150.61 , 150.21
3.299 , 150.61 , 150.2
3.3 , 150.61 , 150.2
3.302 , 150.61 , 150.19
3.303 , 150.56 , 150.19
3.305 , 150.56 , 150.19
3.306 , 150.56 , 150.18
3.308 , 150.61 , 150.18
3.309 , 150.56 , 150.17
3.311 , 150.56 , 150.17
3.312 , 150.54 , 150.16
3.314 , 150.49 , 150.16
3.315 , 150.54 , 150.16
3.317 , 150.54 , 150.15
3.319 , 150.49 , 150.14
3.32 , 150.49 , 150.14
3.322 , 150.49 , 150.13
3.323 , 150.49 , 150.13
3.325 , 150.54 , 150.13
3.326 , 150.49 , 150.12
3.328 , 150.47 , 150.12
3.329 , 150.49 , 150.11
3.331 , 150.47 , 150.11
3.332 , 150.47 , 150.1
3.333 , 150.47 , 150.1
3.335 , 150.47 , 150.1
3.336 , 150.49 , 150.09
3.338 , 150.47 , 150.09
3.339 , 150.47 , 150.08
3.341 , 150.47 , 150.08
3.342 , 150.45 , 150.07
3.344 , 150.47 , 150.07
3.345 , 150.45 , 150.07
3.347 , 150.45 , 150.06
3.348 , 150.47 , 150.06
3.35 , 150.45 , 150.05
3.352 , 150.45 , 150.04
3.353 , 150.4 , 150.04
3.355 , 150.4 , 150.04
3.356 , 150.4 , 150.03
3.358 , 150.45 , 150.03
3.359 , 150.45 , 150.02
3.361 , 150.38 , 150.02
3.362 , 150.45 , 150.01
3.364 , 150.4 , 150.01
3.366 , 150.38 , 150.0
3.367 , 150.38 , 150.0
3.368 , 150.4 , 150.0
3.37 , 150.38 , 149.99
3.372 , 150.4 , 149.98
3.373 , 150.38 , 149.98
3.375 , 150.38 , 149.98
3.376 , 150.38 , 149.97
3.378 , 150.38 , 149.97
3.379 , 150.33 , 149.96
3.381 , 150.31 , 149.96
3.382 , 150.38 , 149.95
3.384 , 150.33 , 149.95
3.385 , 150.33 , 149.95
3.387 , 150.33 , 149.94
3.388 , 150.33 , 149.94
3.39 , 150.33 , 149.93
3.391 , 150.33 , 149.93
3.393 , 150.31 , 149.92
3.395 , 150.31 , 149.92
3.396 , 150.33 , 149.91
3.398 , 150.33 , 149.91
3.399 , 150.33 , 149.9
3.401 , 150.31 , 149.9
3.402 , 150.31 , 149.89
3.404 , 150.31 , 149.89
3.405 , 150.31 , 149.89
3.407 , 150.31 , 149.88
3.409 , 150.31 , 149.87
3.41 , 150.31 , 149.87
3.412 , 150.29 , 149.86
3.413 , 150.31 , 149.86
3.415 , 150.29 , 149.86
3.416 , 150.29 , 149.85
3.418 , 150.31 , 149.85
3.42 , 150.29 , 149.84
3.421 , 150.29 , 149.84
3.423 , 150.31 , 149.83
3.424 , 150.24 , 149.83
3.426 , 150.24 , 149.82
3.427 , 150.24 , 149.82
3.429 , 150.22 , 149.81
3.43 , 150.22 , 149.81
3.432 , 150.22 , 149.8
3.433 , 150.22 , 149.8
3.435 , 150.22 , 149.8
3.436 , 150.22 , 149.79
3.438 , 150.22 , 149.79
3.439 , 150.15 , 149.78
3.441 , 150.17 , 149.78
3.442 , 150.17 , 149.77
3.444 , 150.22 , 149.77
3.445 , 150.17 , 149.77
3.447 , 150.17 , 149.76
3.449 , 150.17 , 149.75
3.45 , 150.17 , 149.75
3.452 , 150.17 , 149.74
3.453 , 150.15 , 149.74
3.455 , 150.15 , 149.74
3.456 , 150.15 , 149.73
3.458 , 150.15 , 149.73
3.459 , 150.1 , 149.72
3.461 , 150.15 , 149.72
3.462 , 150.1 , 149.71
3.464 , 150.15 , 149.71
3.466 , 150.15 , 149.7
3.467 , 150.15 , 149.7
3.469 , 150.15 , 149.69
3.47 , 150.1 , 149.69
3.472 , 150.08 , 149.68
3.473 , 150.1 , 149.68
3.475 , 150.08 , 149.68
3.476 , 150.08 , 149.67
3.478 , 150.1 , 149.67
3.479 , 150.06 , 149.66
3.481 , 150.08 , 149.66
3.482 , 150.1 , 149.65
3.484 , 150.08 , 149.65
3.486 , 150.08 , 149.64
3.487 , 150.08 , 149.64
3.489 , 150.06 , 149.63
3.49 , 150.08 , 149.63
3.492 , 150.01 , 149.62
3.493 , 150.06 , 149.62
3.495 , 150.06 , 149.62
3.496 , 149.99 , 149.61
3.498 , 150.06 , 149.61
3.499 , 150.01 , 149.6
3.501 , 150.06 , 149.6
3.502 , 150.01 , 149.59
3.504 , 150.01 , 149.59
3.506 , 149.99 , 149.58
3.507 , 149.99 , 149.58
3.509 , 149.99 , 149.57
3.51 , 150.01 , 149.57
3.512 , 150.01 , 149.56
3.513 , 149.99 , 149.56
3.515 , 149.99 , 149.56
3.516 , 149.94 , 149.55
3.518 , 149.92 , 149.55
3.519 , 149.94 , 149.54
3.521 , 149.99 , 149.54
3.523 , 149.94 , 149.53
3.524 , 149.94 , 149.53
3.526 , 149.92 , 149.52
3.527 , 149.94 , 149.52
3.529 , 149.92 , 149.51
3.53 , 149.94 , 149.51
3.532 , 149.94 , 149.5
3.533 , 149.92 , 149.5
3.535 , 149.92 , 149.5
3.536 , 149.9 , 149.49
3.538 , 149.9 , 149.49
3.54 , 149.9 , 149.48
3.541 , 149.9 , 149.48
3.543 , 149.85 , 149.47
3.544 , 149.9 , 149.47
3.546 , 149.9 , 149.46
3.547 , 149.9 , 149.46
3.549 , 149.9 , 149.45
3.551 , 149.9 , 149.45
3.552 , 149.9 , 149.44
3.554 , 149.85 , 149.44
3.555 , 149.9 , 149.44
3.557 , 149.83 , 149.43
3.558 , 149.83 , 149.43
3.56 , 149.85 , 149.42
3.561 , 149.85 , 149.42
3.563 , 149.83 , 149.41
3.565 , 149.83 , 149.41
3.566 , 149.83 , 149.4
3.568 , 149.83 , 149.4
3.569 , 149.83 , 149.39
3.571 , 149.83 , 149.39
3.572 , 149.78 , 149.38
3.574 , 149.78 , 149.38
3.575 , 149.78 , 149.38
3.577 , 149.78 , 149.37
3.579 , 149.78 , 149.36
3.58 , 149.76 , 149.36
3.582 , 149.74 , 149.35
3.583 , 149.74 , 149.35
3.585 , 149.78 , 149.35
3.586 , 149.78 , 149.34
3.588 , 149.76 , 149.34
3.589 , 149.76 , 149.33
3.591 , 149.76 , 149.33
3.593 , 149.74 , 149.32
3.594 , 149.76 , 149.32
3.596 , 149.76 , 149.31
3.597 , 149.74 , 149.31
3.599 , 149.74 , 149.3
3.6 , 149.74 , 149.3
3.602 , 149.74 , 149.29
3.604 , 149.76 , 149.29
3.613 , 149.69 , 149.26
3.615 , 149.69 , 149.26
3.616 , 149.67 , 149.25
3.618 , 149.67 , 149.25
3.619 , 149.67 , 149.24
3.621 , 149.69 , 149.24
3.622 , 149.67 , 149.23
3.624 , 149.67 , 149.23
3.626 , 149.62 , 149.22
3.627 , 149.67 , 149.22
3.629 , 149.62 , 149.21
3.63 , 149.62 , 149.21
3.632 , 149.67 , 149.2
3.633 , 149.62 , 149.2
3.635 , 149.62 , 149.2
3.637 , 149.6 , 149.19
3.638 , 149.62 , 149.19
3.64 , 149.62 , 149.18
3.641 , 149.6 , 149.18
3.643 , 149.6 , 149.17
3.644 , 149.6 , 149.17
3.646 , 149.55 , 149.16
3.647 , 149.6 , 149.16
3.649 , 149.55 , 149.15
3.65 , 149.6 , 149.15
3.652 , 149.55 , 149.14
3.654 , 149.55 , 149.14
3.655 , 149.55 , 149.13
3.657 , 149.55 , 149.13
3.658 , 149.51 , 149.13
3.66 , 149.53 , 149.12
3.661 , 149.51 , 149.12
3.663 , 149.53 , 149.11
3.664 , 149.55 , 149.11
3.666 , 149.53 , 149.1
3.667 , 149.51 , 149.1
3.669 , 149.53 , 149.09
3.67 , 149.51 , 149.09
3.672 , 149.53 , 149.08
3.674 , 149.51 , 149.08
3.675 , 149.46 , 149.07
3.677 , 149.46 , 149.07
3.678 , 149.46 , 149.07
3.68 , 149.46 , 149.06
3.681 , 149.46 , 149.06
3.683 , 149.46 , 149.05
3.684 , 149.46 , 149.05
3.686 , 149.46 , 149.04
3.687 , 149.46 , 149.04
3.689 , 149.46 , 149.03
3.69 , 149.51 , 149.03
3.692 , 149.44 , 149.02
3.693 , 149.44 , 149.02
3.695 , 149.44 , 149.01
3.696 , 149.44 , 149.01
3.698 , 149.39 , 149.01
3.7 , 149.39 , 149.0
3.701 , 149.44 , 149.0
3.703 , 149.44 , 148.99
3.704 , 149.39 , 148.99
3.706 , 149.39 , 148.98
3.707 , 149.39 , 148.98
3.709 , 149.37 , 148.97
3.71 , 149.39 , 148.97
3.712 , 149.37 , 148.96
3.714 , 149.35 , 148.96
3.715 , 149.35 , 148.95
3.717 , 149.37 , 148.95
3.718 , 149.3 , 148.95
3.72 , 149.35 , 148.94
3.721 , 149.3 , 148.94
3.723 , 149.35 , 148.93
3.724 , 149.3 , 148.93
3.726 , 149.3 , 148.92
3.727 , 149.3 , 148.92
3.729 , 149.3 , 148.91
3.73 , 149.28 , 148.91
3.732 , 149.3 , 148.9
3.733 , 149.28 , 148.9
3.735 , 149.28 , 148.89
3.737 , 149.28 , 148.89
3.738 , 149.28 , 148.89
3.74 , 149.23 , 148.88
3.741 , 149.28 , 148.88
3.743 , 149.23 , 148.87
3.745 , 149.28 , 148.86
3.746 , 149.21 , 148.86
3.748 , 149.23 , 148.86
3.749 , 149.23 , 148.85
3.751 , 149.23 , 148.85
3.752 , 149.23 , 148.84
3.754 , 149.23 , 148.84
3.756 , 149.23 , 148.83
3.757 , 149.16 , 148.83
3.759 , 149.21 , 148.82
3.76 , 149.21 , 148.82
3.762 , 149.16 , 148.81
3.763 , 149.16 , 148.81
3.765 , 149.21 , 148.8
3.766 , 149.14 , 148.8
3.768 , 149.16 , 148.8
3.769 , 149.16 , 148.79
3.771 , 149.14 , 148.79
3.772 , 149.21 , 148.78
3.774 , 149.14 , 148.78
3.776 , 149.14 , 148.77
3.777 , 149.14 , 148.77
3.779 , 149.14 , 148.76
3.78 , 149.07 , 148.76
3.782 , 149.12 , 148.75
3.783 , 149.14 , 148.75
3.785 , 149.12 , 148.74
3.786 , 149.12 , 148.74
3.788 , 149.12 , 148.74
3.79 , 149.16 , 148.73
3.791 , 149.14 , 148.73
3.793 , 149.12 , 148.72
3.794 , 149.07 , 148.72
3.796 , 149.07 , 148.71
3.797 , 149.07 , 148.71
3.799 , 149.07 , 148.7
3.8 , 149.07 , 148.7
3.802 , 149.05 , 148.69
3.803 , 149.05 , 148.69
3.805 , 149.05 , 148.68
3.807 , 149.05 , 148.68
3.808 , 149.12 , 148.68
3.81 , 149.07 , 148.67
3.811 , 149.05 , 148.67
3.813 , 149.05 , 148.66
3.814 , 149.05 , 148.66
3.816 , 149.05 , 148.65
3.817 , 149.0 , 148.65
3.819 , 149.07 , 148.64
3.82 , 149.05 , 148.64
3.822 , 149.05 , 148.63
3.824 , 149.05 , 148.63
3.825 , 149.0 , 148.62
3.827 , 149.05 , 148.62
3.828 , 149.0 , 148.62
3.83 , 148.98 , 148.61
3.831 , 148.98 , 148.61
3.833 , 149.0 , 148.6
3.834 , 149.0 , 148.6
3.836 , 148.98 , 148.59
3.837 , 148.96 , 148.59
3.839 , 148.96 , 148.58
3.841 , 148.98 , 148.58
3.842 , 148.98 , 148.57
3.844 , 148.96 , 148.57
3.845 , 148.96 , 148.56
3.847 , 148.98 , 148.56
3.848 , 148.98 , 148.56
3.85 , 148.96 , 148.55
3.852 , 148.91 , 148.54
3.853 , 148.96 , 148.54
3.855 , 148.91 , 148.53
3.856 , 148.91 , 148.53
3.858 , 148.91 , 148.53
3.859 , 148.91 , 148.52
3.861 , 148.89 , 148.52
3.862 , 148.91 , 148.51
3.864 , 148.91 , 148.51
3.865 , 148.89 , 148.5
3.867 , 148.89 , 148.5
3.869 , 148.89 , 148.49
3.87 , 148.89 , 148.49
3.872 , 148.84 , 148.48
3.873 , 148.89 , 148.48
3.875 , 148.84 , 148.47
3.877 , 148.89 , 148.47
3.878 , 148.84 , 148.47
3.88 , 148.82 , 148.46
3.881 , 148.84 , 148.46
3.883 , 148.84 , 148.45
3.884 , 148.82 , 148.45
3.886 , 148.84 , 148.44
3.887 , 148.82 , 148.44
3.889 , 148.82 , 148.43
3.89 , 148.82 , 148.43
3.892 , 148.82 , 148.42
3.893 , 148.84 , 148.42
3.895 , 148.82 , 148.41
3.897 , 148.8 , 148.41
3.898 , 148.8 , 148.41
3.9 , 148.8 , 148.4
3.901 , 148.8 , 148.4
3.903 , 148.75 , 148.39
3.904 , 148.8 , 148.39
3.906 , 148.75 , 148.38
3.907 , 148.8 , 148.38
3.909 , 148.75 , 148.37
3.91 , 148.75 , 148.37
3.912 , 148.75 , 148.36
3.914 , 148.73 , 148.36
3.915 , 148.73 , 148.35
3.917 , 148.68 , 148.35
3.918 , 148.75 , 148.35
3.92 , 148.73 , 148.34
3.921 , 148.73 , 148.34
3.923 , 148.73 , 148.33
3.924 , 148.73 , 148.33
3.926 , 148.68 , 148.32
3.927 , 148.68 , 148.32
3.929 , 148.66 , 148.31
3.93 , 148.68 , 148.31
3.932 , 148.68 , 148.3
3.934 , 148.68 , 148.3
3.935 , 148.66 , 148.29
3.937 , 148.68 , 148.29
3.938 , 148.66 , 148.29
3.94 , 148.66 , 148.28
3.941 , 148.66 , 148.28
3.943 , 148.62 , 148.27
3.945 , 148.66 , 148.26
3.946 , 148.62 , 148.26
3.948 , 148.62 , 148.26
3.949 , 148.66 , 148.25
3.951 , 148.62 , 148.25
3.952 , 148.62 , 148.24
3.954 , 148.59 , 148.24
3.955 , 148.62 , 148.23
3.957 , 148.59 , 148.23
3.959 , 148.59 , 148.22
3.96 , 148.59 , 148.22
3.962 , 148.57 , 148.21
3.963 , 148.59 , 148.21
3.965 , 148.59 , 148.2
3.966 , 148.59 , 148.2
3.968 , 148.57 , 148.2
3.97 , 148.59 , 148.19
3.971 , 148.59 , 148.19
3.973 , 148.57 , 148.18
3.974 , 148.57 , 148.18
3.976 , 148.59 , 148.17
3.977 , 148.57 , 148.17
3.979 , 148.57 , 148.16
3.981 , 148.52 , 148.16
3.982 , 148.52 , 148.15
3.984 , 148.52 , 148.15
3.985 , 148.52 , 148.14
3.987 , 148.52 , 148.14
3.988 , 148.5 , 148.14
3.99 , 148.5 , 148.13
3.991 , 148.5 , 148.13
3.993 , 148.5 , 148.12
3.994 , 148.5 , 148.12
3.996 , 148.46 , 148.11
3.997 , 148.5 , 148.11
3.999 , 148.46 , 148.1
4.0 , 148.5 , 148.1
4.002 , 148.46 , 148.09
4.003 , 148.46 , 148.09
4.005 , 148.5 , 148.08
4.007 , 148.46 , 148.08
4.008 , 148.46 , 148.07
4.01 , 148.43 , 148.07
4.011 , 148.43 , 148.07
4.013 , 148.41 , 148.06
4.014 , 148.43 , 148.06
4.016 , 148.41 , 148.05
4.017 , 148.36 , 148.05
4.019 , 148.43 , 148.04
4.02 , 148.46 , 148.04
4.022 , 148.36 , 148.03
4.023 , 148.41 , 148.03
4.025 , 148.41 , 148.02
4.026 , 148.41 , 148.02
4.028 , 148.36 , 148.01
4.029 , 148.36 , 148.01
4.031 , 148.36 , 148.01
4.032 , 148.36 , 148.0
4.034 , 148.34 , 148.0
4.035 , 148.36 , 147.99
4.037 , 148.34 , 147.99
4.038 , 148.34 , 147.98
4.04 , 148.34 , 147.98
4.042 , 148.34 , 147.97
4.043 , 148.34 , 147.97
4.045 , 148.36 , 147.96
4.046 , 148.29 , 147.96
4.048 , 148.34 , 147.95
4.049 , 148.29 , 147.95
4.051 , 148.34 , 147.95
4.052 , 148.29 , 147.94
4.054 , 148.29 , 147.94
4.056 , 148.29 , 147.93
4.057 , 148.27 , 147.93
4.059 , 148.27 , 147.92
4.06 , 148.27 , 147.92
4.062 , 148.25 , 147.91
4.063 , 148.27 , 147.91
4.065 , 148.27 , 147.9
4.066 , 148.25 , 147.9
4.068 , 148.27 , 147.89
4.069 , 148.27 , 147.89
4.071 , 148.2 , 147.89
4.073 , 148.25 , 147.88
4.074 , 148.2 , 147.88
4.076 , 148.2 , 147.87
4.077 , 148.2 , 147.87
4.079 , 148.18 , 147.86
4.08 , 148.2 , 147.86
4.082 , 148.2 , 147.85
4.084 , 148.18 , 147.85
4.085 , 148.2 , 147.84
4.087 , 148.2 , 147.84
4.088 , 148.2 , 147.83
4.09 , 148.2 , 147.83
4.091 , 148.13 , 147.83
4.093 , 148.2 , 147.82
4.094 , 148.18 , 147.82
4.096 , 148.18 , 147.81
4.098 , 148.11 , 147.8
4.099 , 148.13 , 147.8
4.101 , 148.13 , 147.8
4.102 , 148.18 , 147.79
4.104 , 148.13 , 147.79
4.105 , 148.07 , 147.78
4.107 , 148.11 , 147.78
4.108 , 148.07 , 147.77
4.11 , 148.07 , 147.77
4.111 , 148.07 , 147.77
4.113 , 148.07 , 147.76
4.114 , 148.04 , 147.76
4.116 , 148.07 , 147.75
4.117 , 148.07 , 147.75
4.119 , 148.07 , 147.74
4.12 , 148.07 , 147.74
4.122 , 148.07 , 147.73
4.123 , 148.04 , 147.73
4.125 , 148.07 , 147.72
4.126 , 148.04 , 147.72
4.128 , 148.07 , 147.71
4.13 , 148.04 , 147.71
4.131 , 148.02 , 147.71
4.132 , 148.02 , 147.7
4.134 , 148.02 , 147.7
4.136 , 148.02 , 147.69
4.137 , 148.02 , 147.69
4.139 , 148.04 , 147.68
4.14 , 148.02 , 147.68
4.142 , 147.97 , 147.67
4.143 , 148.02 , 147.67
4.145 , 147.97 , 147.66
4.146 , 148.02 , 147.66
4.148 , 148.02 , 147.65
4.149 , 147.97 , 147.65
4.151 , 147.97 , 147.65
4.152 , 147.95 , 147.64
4.154 , 147.95 , 147.64
4.156 , 147.95 , 147.63
4.157 , 147.95 , 147.63
4.159 , 147.91 , 147.62
4.16 , 147.95 , 147.62
4.162 , 147.91 , 147.61
4.163 , 147.95 , 147.61
4.165 , 147.91 , 147.6
4.166 , 147.91 , 147.6
4.168 , 147.95 , 147.59
4.17 , 147.91 , 147.59
4.171 , 147.91 , 147.59
4.173 , 147.91 , 147.58
4.174 , 147.88 , 147.58
4.176 , 147.88 , 147.57
4.177 , 147.88 , 147.57
4.179 , 147.86 , 147.56
4.18 , 147.86 , 147.56
4.182 , 147.88 , 147.55
4.183 , 147.86 , 147.55
4.185 , 147.88 , 147.54
4.186 , 147.86 , 147.54
4.188 , 147.86 , 147.53
4.189 , 147.86 , 147.53
4.191 , 147.86 , 147.53
4.193 , 147.86 , 147.52
4.194 , 147.81 , 147.52
4.196 , 147.81 , 147.51
4.197 , 147.81 , 147.51
4.199 , 147.79 , 147.5
4.2 , 147.79 , 147.5
4.202 , 147.79 , 147.49
4.204 , 147.79 , 147.49
4.205 , 147.79 , 147.48
4.207 , 147.79 , 147.48
4.208 , 147.75 , 147.47
4.21 , 147.79 , 147.47
4.211 , 147.79 , 147.47
4.213 , 147.75 , 147.46
4.214 , 147.75 , 147.46
4.216 , 147.75 , 147.45
4.217 , 147.72 , 147.45
4.219 , 147.75 , 147.44
4.22 , 147.75 , 147.44
4.222 , 147.75 , 147.43
4.223 , 147.75 , 147.43
4.225 , 147.75 , 147.42
4.227 , 147.75 , 147.42
4.228 , 147.72 , 147.41
4.23 , 147.75 , 147.41
4.231 , 147.72 , 147.41
4.233 , 147.72 , 147.4
4.234 , 147.72 , 147.4
4.236 , 147.68 , 147.39
4.237 , 147.72 , 147.39
4.239 , 147.68 , 147.38
4.24 , 147.72 , 147.38
4.242 , 147.68 , 147.37
4.243 , 147.68 , 147.37
4.245 , 147.68 , 147.36
4.247 , 147.68 , 147.36
4.248 , 147.68 , 147.35
4.25 , 147.68 , 147.35
4.251 , 147.68 , 147.35
4.253 , 147.65 , 147.34
4.254 , 147.65 , 147.34
4.256 , 147.65 , 147.33
4.257 , 147.65 , 147.33
4.259 , 147.63 , 147.32
4.261 , 147.63 , 147.32
4.262 , 147.63 , 147.31
4.264 , 147.65 , 147.31
4.265 , 147.63 , 147.3
4.267 , 147.63 , 147.3
4.268 , 147.63 , 147.29
4.27 , 147.63 , 147.29
4.271 , 147.59 , 147.29
4.273 , 147.59 , 147.28
4.274 , 147.59 , 147.28
4.276 , 147.63 , 147.27
4.277 , 147.59 , 147.27
4.279 , 147.59 , 147.26
4.281 , 147.56 , 147.26
4.282 , 147.59 , 147.25
4.284 , 147.56 , 147.25
4.285 , 147.59 , 147.24
4.287 , 147.52 , 147.24
4.288 , 147.59 , 147.23
4.29 , 147.52 , 147.23
4.291 , 147.52 , 147.23
4.293 , 147.52 , 147.22
4.295 , 147.52 , 147.21
4.296 , 147.49 , 147.21
4.297 , 147.49 , 147.21
4.299 , 147.52 , 147.2
4.301 , 147.49 , 147.2
4.302 , 147.49 , 147.19
4.304 , 147.52 , 147.19
4.305 , 147.49 , 147.18
4.307 , 147.47 , 147.18
4.308 , 147.47 , 147.17
4.31 , 147.49 , 147.17
4.311 , 147.47 , 147.17
4.313 , 147.47 , 147.16
4.314 , 147.47 , 147.16
4.316 , 147.47 , 147.15
4.317 , 147.43 , 147.15
4.319 , 147.43 , 147.14
4.321 , 147.43 , 147.14
4.322 , 147.47 , 147.13
4.324 , 147.47 , 147.13
4.325 , 147.43 , 147.12
4.327 , 147.4 , 147.12
4.328 , 147.4 , 147.11
4.33 , 147.4 , 147.11
4.331 , 147.36 , 147.11
4.333 , 147.4 , 147.1
4.334 , 147.4 , 147.1
4.336 , 147.36 , 147.09
4.337 , 147.31 , 147.09
4.339 , 147.4 , 147.08
4.34 , 147.4 , 147.08
4.342 , 147.36 , 147.07
4.343 , 147.36 , 147.07
4.345 , 147.36 , 147.06
4.347 , 147.36 , 147.06
4.348 , 147.33 , 147.05
4.35 , 147.33 , 147.05
4.351 , 147.36 , 147.05
4.353 , 147.33 , 147.04
4.354 , 147.33 , 147.04
4.356 , 147.33 , 147.03
4.357 , 147.31 , 147.03
4.359 , 147.31 , 147.02
4.36 , 147.31 , 147.02
4.362 , 147.31 , 147.01
4.363 , 147.31 , 147.01
4.365 , 147.26 , 147.0
4.367 , 147.26 , 147.0
4.368 , 147.26 , 146.99
4.37 , 147.31 , 146.99
4.371 , 147.31 , 146.98
4.373 , 147.26 , 146.98
4.374 , 147.26 , 146.98
4.376 , 147.26 , 146.97
4.377 , 147.24 , 146.97
4.379 , 147.24 , 146.96
4.381 , 147.2 , 146.95
4.382 , 147.24 , 146.95
4.384 , 147.24 , 146.95
4.385 , 147.24 , 146.94
4.387 , 147.24 , 146.94
4.388 , 147.2 , 146.93
4.39 , 147.2 , 146.93
4.391 , 147.2 , 146.92
4.393 , 147.17 , 146.92
4.395 , 147.2 , 146.91
4.396 , 147.13 , 146.91
4.398 , 147.13 , 146.9
4.399 , 147.13 , 146.9
4.401 , 147.13 , 146.89
4.402 , 147.13 , 146.89
4.404 , 147.13 , 146.89
4.405 , 147.13 , 146.88
4.407 , 147.1 , 146.88
4.408 , 147.1 , 146.87
4.41 , 147.13 , 146.87
4.412 , 147.13 , 146.86
4.413 , 147.1 , 146.86
4.414 , 147.1 , 146.86
4.416 , 147.1 , 146.85
4.417 , 147.08 , 146.85
4.419 , 147.08 , 146.84
4.421 , 147.04 , 146.83
4.422 , 147.08 , 146.83
4.424 , 147.04 , 146.83
4.425 , 147.08 , 146.82
4.427 , 147.08 , 146.82
4.428 , 147.04 , 146.81
4.43 , 147.04 , 146.81
4.431 , 147.01 , 146.8
4.433 , 147.04 , 146.8
4.434 , 147.01 , 146.8
4.436 , 147.01 , 146.79
4.437 , 146.97 , 146.79
4.439 , 146.97 , 146.78
4.44 , 146.97 , 146.78
4.442 , 146.97 , 146.77
4.444 , 146.97 , 146.77
4.445 , 146.97 , 146.76
4.447 , 146.97 , 146.76
4.448 , 146.97 , 146.75
4.45 , 146.97 , 146.75
4.451 , 146.94 , 146.74
4.453 , 146.94 , 146.74
4.454 , 146.94 , 146.74
4.456 , 146.94 , 146.73
4.457 , 146.94 , 146.73
4.459 , 146.92 , 146.72
4.461 , 146.92 , 146.71
4.462 , 146.88 , 146.71
4.464 , 146.97 , 146.71
4.465 , 146.92 , 146.7
4.467 , 146.92 , 146.7
4.468 , 146.88 , 146.69
4.47 , 146.92 , 146.69
4.471 , 146.88 , 146.68
4.473 , 146.85 , 146.68
4.474 , 146.85 , 146.68
4.476 , 146.85 , 146.67
4.478 , 146.81 , 146.66
4.479 , 146.85 , 146.66
4.481 , 146.88 , 146.65
4.482 , 146.85 , 146.65
4.484 , 146.81 , 146.65
4.485 , 146.85 , 146.64
4.487 , 146.85 , 146.64
4.489 , 146.85 , 146.63
4.49 , 146.81 , 146.63
4.492 , 146.81 , 146.62
4.493 , 146.78 , 146.62
4.495 , 146.81 , 146.61
4.496 , 146.78 , 146.61
4.506 , 146.76 , 146.58
4.507 , 146.81 , 146.58
4.509 , 146.72 , 146.57
4.511 , 146.78 , 146.56
4.512 , 146.76 , 146.56
4.514 , 146.72 , 146.56
4.515 , 146.72 , 146.55
4.517 , 146.76 , 146.55
4.518 , 146.72 , 146.54
4.52 , 146.76 , 146.54
4.521 , 146.65 , 146.53
4.523 , 146.65 , 146.53
4.525 , 146.65 , 146.52
4.526 , 146.72 , 146.52
4.528 , 146.72 , 146.51
4.529 , 146.76 , 146.51
4.531 , 146.65 , 146.5
4.532 , 146.65 , 146.5
4.534 , 146.65 , 146.5
4.535 , 146.62 , 146.49
4.537 , 146.62 , 146.49
4.539 , 146.62 , 146.48
4.54 , 146.62 , 146.48
4.542 , 146.58 , 146.47
4.543 , 146.62 , 146.47
4.545 , 146.62 , 146.46
4.546 , 146.62 , 146.46
4.548 , 146.62 , 146.45
4.549 , 146.62 , 146.45
4.551 , 146.58 , 146.44
4.553 , 146.58 , 146.44
4.554 , 146.58 , 146.44
4.556 , 146.58 , 146.43
4.557 , 146.56 , 146.43
4.559 , 146.56 , 146.42
4.56 , 146.56 , 146.42
4.562 , 146.56 , 146.41
4.563 , 146.56 , 146.41
4.565 , 146.53 , 146.4
4.567 , 146.56 , 146.4
4.568 , 146.56 , 146.39
4.57 , 146.53 , 146.39
4.571 , 146.56 , 146.38
4.573 , 146.49 , 146.38
4.574 , 146.53 , 146.38
4.576 , 146.53 , 146.37
4.577 , 146.49 , 146.37
4.579 , 146.49 , 146.36
4.581 , 146.49 , 146.35
4.582 , 146.49 , 146.35
4.584 , 146.49 , 146.35
4.585 , 146.49 , 146.34
4.587 , 146.46 , 146.34
4.588 , 146.42 , 146.33
4.59 , 146.49 , 146.33
4.591 , 146.46 , 146.32
4.593 , 146.46 , 146.32
4.594 , 146.49 , 146.32
4.596 , 146.42 , 146.31
4.597 , 146.42 , 146.31
4.599 , 146.46 , 146.3
4.6 , 146.46 , 146.3
4.602 , 146.42 , 146.29
4.604 , 146.42 , 146.29
4.605 , 146.4 , 146.28
4.607 , 146.46 , 146.28
4.608 , 146.4 , 146.27
4.61 , 146.4 , 146.27
4.611 , 146.4 , 146.26
4.613 , 146.4 , 146.26
4.614 , 146.4 , 146.26
4.616 , 146.33 , 146.25
4.618 , 146.37 , 146.24
4.619 , 146.37 , 146.24
4.621 , 146.37 , 146.23
4.622 , 146.4 , 146.23
4.624 , 146.37 , 146.23
4.625 , 146.33 , 146.22
4.627 , 146.37 , 146.22
4.628 , 146.33 , 146.21
4.63 , 146.37 , 146.21
4.631 , 146.37 , 146.2
4.633 , 146.33 , 146.2
4.634 , 146.33 , 146.2
4.636 , 146.33 , 146.19
4.637 , 146.3 , 146.19
4.639 , 146.3 , 146.18
4.64 , 146.3 , 146.18
4.642 , 146.26 , 146.17
4.644 , 146.3 , 146.17
4.645 , 146.26 , 146.16
4.647 , 146.26 , 146.16
4.648 , 146.26 , 146.15
4.65 , 146.3 , 146.15
4.651 , 146.26 , 146.14
4.653 , 146.26 , 146.14
4.655 , 146.26 , 146.13
4.656 , 146.19 , 146.13
4.658 , 146.19 , 146.12
4.659 , 146.26 , 146.12
4.661 , 146.19 , 146.11
4.662 , 146.19 , 146.11
4.664 , 146.19 , 146.11
4.665 , 146.23 , 146.1
4.667 , 146.26 , 146.1
4.668 , 146.19 , 146.09
4.67 , 146.19 , 146.09
4.671 , 146.19 , 146.08
4.673 , 146.19 , 146.08
4.674 , 146.19 , 146.08
4.676 , 146.17 , 146.07
4.677 , 146.17 , 146.07
4.679 , 146.19 , 146.06
4.68 , 146.17 , 146.06
4.682 , 146.17 , 146.05
4.684 , 146.17 , 146.05
4.685 , 146.14 , 146.04
4.687 , 146.17 , 146.04
4.688 , 146.17 , 146.03
4.69 , 146.17 , 146.03
4.691 , 146.17 , 146.02
4.693 , 146.14 , 146.02
4.694 , 146.1 , 146.02
4.696 , 146.1 , 146.01
4.698 , 146.07 , 146.0
4.699 , 146.1 , 146.0
4.701 , 146.1 , 145.99
4.702 , 146.03 , 145.99
4.704 , 146.07 , 145.99
4.705 , 146.1 , 145.98
4.707 , 146.07 , 145.98
4.708 , 146.07 , 145.97
4.71 , 146.07 , 145.97
4.711 , 146.1 , 145.96
4.713 , 146.03 , 145.96
4.714 , 146.01 , 145.96
4.716 , 146.03 , 145.95
4.717 , 146.03 , 145.95
4.719 , 145.98 , 145.94
4.721 , 146.03 , 145.93
4.722 , 146.01 , 145.93
4.724 , 145.98 , 145.92
4.725 , 146.01 , 145.92
4.727 , 146.01 , 145.92
4.728 , 146.01 , 145.91
4.73 , 146.01 , 145.91
4.731 , 146.01 , 145.9
4.733 , 146.01 , 145.9
4.735 , 145.98 , 145.89
4.736 , 146.01 , 145.89
4.738 , 145.98 , 145.88
4.739 , 145.98 , 145.88
4.741 , 145.98 , 145.87
4.742 , 145.98 , 145.87
4.744 , 145.94 , 145.86
4.746 , 145.98 , 145.86
4.747 , 145.98 , 145.86
4.749 , 146.01 , 145.85
4.75 , 145.98 , 145.85
4.752 , 145.94 , 145.84
4.753 , 145.98 , 145.84
4.755 , 145.91 , 145.83
4.756 , 145.94 , 145.83
4.758 , 145.94 , 145.82
4.759 , 145.91 , 145.82
4.761 , 145.91 , 145.81
4.762 , 145.91 , 145.81
4.764 , 145.91 , 145.8
4.766 , 145.91 , 145.8
4.767 , 145.91 , 145.8
4.769 , 145.87 , 145.79
4.77 , 145.91 , 145.79
4.772 , 145.87 , 145.78
4.773 , 145.91 , 145.78
4.775 , 145.87 , 145.77
4.776 , 145.85 , 145.77
4.778 , 145.85 , 145.76
4.78 , 145.85 , 145.76
4.781 , 145.87 , 145.75
4.783 , 145.85 , 145.75
4.784 , 145.85 , 145.74
4.786 , 145.87 , 145.74
4.787 , 145.85 , 145.74
4.789 , 145.85 , 145.73
4.79 , 145.87 , 145.73
4.792 , 145.82 , 145.72
4.793 , 145.82 , 145.72
4.795 , 145.78 , 145.71
4.796 , 145.78 , 145.71
4.798 , 145.78 , 145.7
4.8 , 145.82 , 145.7
4.801 , 145.78 , 145.69
4.803 , 145.78 , 145.69
4.804 , 145.75 , 145.68
4.806 , 145.78 , 145.68
4.807 , 145.78 , 145.68
4.809 , 145.78 , 145.67
4.811 , 145.75 , 145.66
4.812 , 145.78 , 145.66
4.814 , 145.71 , 145.65
4.815 , 145.71 , 145.65
4.817 , 145.71 , 145.65
4.818 , 145.71 , 145.64
4.82 , 145.71 , 145.64
4.821 , 145.71 , 145.63
4.823 , 145.71 , 145.63
4.824 , 145.71 , 145.62
4.826 , 145.71 , 145.62
4.827 , 145.71 , 145.62
4.829 , 145.64 , 145.61
4.83 , 145.64 , 145.61
4.832 , 145.71 , 145.6
4.833 , 145.69 , 145.6
4.835 , 145.69 , 145.59
4.837 , 145.64 , 145.59
4.838 , 145.69 , 145.58
4.84 , 145.59 , 145.58
4.841 , 145.59 , 145.57
4.843 , 145.55 , 145.57
4.844 , 145.59 , 145.56
4.846 , 145.55 , 145.56
4.847 , 145.59 , 145.56
4.849 , 145.59 , 145.55
4.851 , 145.59 , 145.54
4.852 , 145.53 , 145.54
4.854 , 145.53 , 145.53
4.855 , 145.53 , 145.53
4.857 , 145.55 , 145.53
4.858 , 145.53 , 145.52
4.86 , 145.53 , 145.52
4.862 , 145.53 , 145.51
4.863 , 145.48 , 145.51
4.865 , 145.53 , 145.5
4.866 , 145.53 , 145.5
4.868 , 145.53 , 145.49
4.869 , 145.48 , 145.49
4.871 , 145.53 , 145.48
4.873 , 145.53 , 145.48
4.874 , 145.53 , 145.47
4.876 , 145.48 , 145.47
4.877 , 145.46 , 145.47
4.879 , 145.53 , 145.46
4.88 , 145.46 , 145.46
4.882 , 145.43 , 145.45
4.883 , 145.46 , 145.45
4.885 , 145.46 , 145.44
4.886 , 145.46 , 145.44
4.888 , 145.46 , 145.43
4.889 , 145.46 , 145.43
4.891 , 145.46 , 145.42
4.893 , 145.43 , 145.42
4.894 , 145.39 , 145.41
4.896 , 145.43 , 145.41
4.897 , 145.37 , 145.41
4.899 , 145.43 , 145.4
4.9 , 145.43 , 145.4
4.902 , 145.39 , 145.39
4.903 , 145.39 , 145.39
4.905 , 145.39 , 145.38
4.907 , 145.43 , 145.38
4.908 , 145.39 , 145.37
4.91 , 145.37 , 145.37
4.911 , 145.37 , 145.36
4.913 , 145.37 , 145.36
4.914 , 145.37 , 145.35
4.916 , 145.37 , 145.35
4.918 , 145.32 , 145.34
4.919 , 145.32 , 145.34
4.921 , 145.3 , 145.33
4.922 , 145.32 , 145.33
4.923 , 145.32 , 145.33
4.925 , 145.3 , 145.32
4.926 , 145.32 , 145.32
4.928 , 145.32 , 145.31
4.929 , 145.32 , 145.31
4.931 , 145.3 , 145.3
4.932 , 145.32 , 145.3
4.934 , 145.3 , 145.29
4.935 , 145.25 , 145.29
4.937 , 145.3 , 145.29
4.939 , 145.25 , 145.28
4.94 , 145.25 , 145.28
4.942 , 145.25 , 145.27
4.943 , 145.25 , 145.27
4.945 , 145.3 , 145.26
4.946 , 145.25 , 145.26
4.948 , 145.3 , 145.25
4.949 , 145.23 , 145.25
4.951 , 145.25 , 145.24
4.952 , 145.23 , 145.24
4.954 , 145.23 , 145.23
4.955 , 145.23 , 145.23
4.957 , 145.23 , 145.23
4.959 , 145.23 , 145.22
4.96 , 145.23 , 145.22
4.962 , 145.2 , 145.21
4.963 , 145.2 , 145.21
4.965 , 145.2 , 145.2
4.966 , 145.2 , 145.2
4.968 , 145.2 , 145.19
4.969 , 145.2 , 145.19
4.971 , 145.2 , 145.18
4.973 , 145.2 , 145.18
4.974 , 145.2 , 145.17
4.976 , 145.14 , 145.17
4.977 , 145.14 , 145.17
4.979 , 145.16 , 145.16
4.98 , 145.16 , 145.16
4.982 , 145.14 , 145.15
4.984 , 145.14 , 145.14
4.985 , 145.14 , 145.14
4.987 , 145.16 , 145.14
4.988 , 145.14 , 145.13
4.99 , 145.09 , 145.13
4.991 , 145.14 , 145.12
4.993 , 145.09 , 145.12
4.994 , 145.09 , 145.11
4.996 , 145.07 , 145.11
4.998 , 145.07 , 145.1
4.999 , 145.09 , 145.1
5.001 , 145.14 , 145.09
5.002 , 145.07 , 145.09
5.004 , 145.09 , 145.08
5.005 , 145.07 , 145.08
5.007 , 145.07 , 145.08
5.008 , 145.04 , 145.07
5.01 , 145.09 , 145.07
5.011 , 145.07 , 145.06
5.013 , 145.07 , 145.06
5.014 , 145.04 , 145.05
5.016 , 145.04 , 145.05
5.017 , 145.04 , 145.05
5.019 , 145.04 , 145.04
5.02 , 145.0 , 145.04
5.022 , 145.04 , 145.03
5.023 , 145.04 , 145.03
5.025 , 145.0 , 145.02
5.026 , 145.07 , 145.02
5.028 , 144.98 , 145.01
5.029 , 144.98 , 145.01
5.031 , 145.0 , 145.0
5.032 , 144.98 , 145.0
5.034 , 144.98 , 144.99
5.036 , 144.98 , 144.99
5.037 , 144.91 , 144.99
5.039 , 144.93 , 144.98
5.04 , 144.98 , 144.98
5.042 , 144.98 , 144.97
5.043 , 144.91 , 144.97
5.045 , 144.93 , 144.96
5.046 , 144.93 , 144.96
5.048 , 144.93 , 144.95
5.049 , 144.93 , 144.95
5.051 , 144.93 , 144.94
5.053 , 144.91 , 144.94
5.054 , 144.91 , 144.93
5.056 , 144.91 , 144.93
5.057 , 144.88 , 144.93
5.059 , 144.84 , 144.92
5.06 , 144.88 , 144.92
5.062 , 144.88 , 144.91
5.063 , 144.88 , 144.91
5.065 , 144.88 , 144.9
5.066 , 144.88 , 144.9
5.068 , 144.91 , 144.89
5.07 , 144.88 , 144.89
5.071 , 144.84 , 144.88
5.073 , 144.84 , 144.88
5.074 , 144.84 , 144.87
5.076 , 144.84 , 144.87
5.077 , 144.84 , 144.87
5.079 , 144.82 , 144.86
5.08 , 144.82 , 144.86
5.082 , 144.82 , 144.85
5.084 , 144.84 , 144.84
5.085 , 144.82 , 144.84
5.087 , 144.82 , 144.84
5.088 , 144.82 , 144.83
5.09 , 144.82 , 144.83
5.091 , 144.82 , 144.82
5.093 , 144.82 , 144.82
5.094 , 144.75 , 144.81
5.096 , 144.77 , 144.81
5.097 , 144.75 , 144.8
5.099 , 144.75 , 144.8
5.1 , 144.75 , 144.8
5.102 , 144.75 , 144.79
5.103 , 144.75 , 144.79
5.105 , 144.75 , 144.78
5.106 , 144.75 , 144.78
5.108 , 144.75 , 144.77
5.11 , 144.68 , 144.77
5.111 , 144.75 , 144.76
5.113 , 144.7 , 144.76
5.114 , 144.7 , 144.75
5.116 , 144.68 , 144.75
5.117 , 144.7 , 144.74
5.119 , 144.68 , 144.74
5.12 , 144.68 , 144.74
5.122 , 144.68 , 144.73
5.123 , 144.68 , 144.73
5.125 , 144.68 , 144.72
5.126 , 144.66 , 144.72
5.128 , 144.66 , 144.71
5.13 , 144.66 , 144.71
5.131 , 144.66 , 144.7
5.133 , 144.68 , 144.7
5.134 , 144.68 , 144.69
5.136 , 144.66 , 144.69
5.137 , 144.61 , 144.68
5.139 , 144.66 , 144.68
5.14 , 144.66 , 144.68
5.142 , 144.61 , 144.67
5.143 , 144.61 , 144.67
5.145 , 144.61 , 144.66
5.146 , 144.61 , 144.66
5.148 , 144.66 , 144.65
5.149 , 144.66 , 144.65
5.151 , 144.61 , 144.64
5.152 , 144.61 , 144.64
5.154 , 144.66 , 144.63
5.156 , 144.66 , 144.63
5.157 , 144.61 , 144.62
5.159 , 144.59 , 144.62
5.16 , 144.59 , 144.62
5.162 , 144.59 , 144.61
5.163 , 144.61 , 144.61
5.165 , 144.59 , 144.6
5.166 , 144.59 , 144.6
5.168 , 144.61 , 144.59
5.169 , 144.59 , 144.59
5.171 , 144.59 , 144.58
5.172 , 144.59 , 144.58
5.174 , 144.54 , 144.57
5.176 , 144.59 , 144.57
5.177 , 144.54 , 144.56
5.179 , 144.52 , 144.56
5.18 , 144.52 , 144.56
5.182 , 144.52 , 144.55
5.183 , 144.54 , 144.55
5.185 , 144.54 , 144.54
5.186 , 144.52 , 144.54
5.188 , 144.52 , 144.53
5.189 , 144.52 , 144.53
5.191 , 144.52 , 144.52
5.193 , 144.5 , 144.52
5.194 , 144.5 , 144.51
5.196 , 144.5 , 144.51
5.197 , 144.5 , 144.5
5.199 , 144.45 , 144.5
5.2 , 144.45 , 144.5
5.202 , 144.43 , 144.49
5.203 , 144.45 , 144.49
5.205 , 144.5 , 144.48
5.206 , 144.43 , 144.48
5.208 , 144.45 , 144.47
5.209 , 144.45 , 144.47
5.211 , 144.45 , 144.46
5.212 , 144.43 , 144.46
5.214 , 144.45 , 144.45
5.215 , 144.45 , 144.45
5.217 , 144.36 , 144.44
5.218 , 144.36 , 144.44
5.22 , 144.36 , 144.44
5.222 , 144.43 , 144.43
5.223 , 144.43 , 144.43
5.225 , 144.43 , 144.42
5.226 , 144.36 , 144.42
5.228 , 144.34 , 144.41
5.229 , 144.43 , 144.41
5.231 , 144.36 , 144.4
5.232 , 144.43 , 144.4
5.234 , 144.34 , 144.39
5.236 , 144.36 , 144.39
5.237 , 144.34 , 144.38
5.239 , 144.36 , 144.38
5.24 , 144.34 , 144.38
5.242 , 144.34 , 144.37
5.243 , 144.34 , 144.37
5.245 , 144.34 , 144.36
5.246 , 144.31 , 144.36
5.248 , 144.31 , 144.35
5.249 , 144.34 , 144.35
5.251 , 144.31 , 144.34
5.252 , 144.31 , 144.34
5.254 , 144.31 , 144.33
5.256 , 144.27 , 144.33
5.257 , 144.27 , 144.32
5.259 , 144.27 , 144.32
5.26 , 144.24 , 144.32
5.262 , 144.24 , 144.31
5.263 , 144.27 , 144.31
5.265 , 144.27 , 144.3
5.266 , 144.27 , 144.3
5.268 , 144.27 , 144.29
5.269 , 144.24 , 144.29
5.271 , 144.24 , 144.28
5.272 , 144.27 , 144.28
5.274 , 144.2 , 144.27
5.275 , 144.24 , 144.27
5.277 , 144.2 , 144.26
5.278 , 144.24 , 144.26
5.28 , 144.2 , 144.26
5.281 , 144.2 , 144.25
5.283 , 144.2 , 144.25
5.284 , 144.2 , 144.24
5.286 , 144.17 , 144.24
5.288 , 144.2 , 144.23
5.289 , 144.2 , 144.23
5.291 , 144.17 , 144.22
5.292 , 144.2 , 144.22
5.294 , 144.17 , 144.21
5.295 , 144.17 , 144.21
5.297 , 144.13 , 144.2
5.298 , 144.11 , 144.2
5.3 , 144.13 , 144.2
5.301 , 144.17 , 144.19
5.303 , 144.13 , 144.19
5.304 , 144.17 , 144.18
5.306 , 144.08 , 144.18
5.308 , 144.13 , 144.17
5.309 , 144.17 , 144.17
5.311 , 144.11 , 144.16
5.312 , 144.13 , 144.16
5.314 , 144.11 , 144.15
5.315 , 144.08 , 144.15
5.317 , 144.11 , 144.14
5.318 , 144.11 , 144.14
5.32 , 144.08 , 144.14
5.321 , 144.08 , 144.13
5.323 , 144.08 , 144.13
5.324 , 144.08 , 144.12
5.326 , 144.08 , 144.12
5.327 , 144.08 , 144.11
5.329 , 144.04 , 144.11
5.33 , 144.04 , 144.11
5.332 , 144.04 , 144.1
5.333 , 144.04 , 144.1
5.335 , 144.01 , 144.09
5.336 , 144.04 , 144.09
5.338 , 144.01 , 144.08
5.339 , 144.04 , 144.08
5.341 , 144.01 , 144.07
5.342 , 144.01 , 144.07
5.344 , 144.01 , 144.06
5.346 , 143.97 , 144.06
5.347 , 143.97 , 144.05
5.349 , 143.97 , 144.05
5.35 , 143.97 , 144.05
5.352 , 144.01 , 144.04
5.353 , 144.01 , 144.04
5.355 , 143.95 , 144.03
5.356 , 143.95 , 144.03
5.358 , 143.95 , 144.02
5.359 , 143.95 , 144.02
5.361 , 143.9 , 144.01
5.362 , 144.01 , 144.01
5.364 , 143.95 , 144.0
5.366 , 143.95 , 144.0
5.367 , 143.95 , 143.99
5.369 , 143.95 , 143.99
5.37 , 143.95 , 143.99
5.372 , 143.95 , 143.98
5.373 , 143.85 , 143.98
5.375 , 143.9 , 143.97
5.376 , 143.9 , 143.97
5.378 , 143.9 , 143.96
5.38 , 143.83 , 143.96
5.381 , 143.85 , 143.95
5.383 , 143.85 , 143.95
5.384 , 143.83 , 143.94
5.386 , 143.85 , 143.94
5.387 , 143.83 , 143.93
5.397 , 143.76 , 143.9
5.399 , 143.79 , 143.9
5.4 , 143.79 , 143.9
5.402 , 143.79 , 143.89
5.403 , 143.79 , 143.89
5.405 , 143.79 , 143.88
5.406 , 143.83 , 143.88
5.408 , 143.79 , 143.87
5.409 , 143.76 , 143.87
5.411 , 143.79 , 143.86
5.413 , 143.72 , 143.86
5.414 , 143.76 , 143.85
5.416 , 143.72 , 143.85
5.417 , 143.76 , 143.84
5.419 , 143.72 , 143.84
5.42 , 143.72 , 143.84
5.422 , 143.69 , 143.83
5.423 , 143.72 , 143.83
5.425 , 143.76 , 143.82
5.426 , 143.72 , 143.82
5.428 , 143.72 , 143.81
5.429 , 143.72 , 143.81
5.431 , 143.72 , 143.8
5.433 , 143.69 , 143.8
5.434 , 143.69 , 143.79
5.435 , 143.69 , 143.79
5.437 , 143.67 , 143.78
5.439 , 143.67 , 143.78
5.44 , 143.67 , 143.78
5.442 , 143.67 , 143.77
5.443 , 143.67 , 143.77
5.445 , 143.63 , 143.76
5.446 , 143.63 , 143.76
5.448 , 143.67 , 143.75
5.45 , 143.67 , 143.75
5.451 , 143.67 , 143.74
5.453 , 143.67 , 143.74
5.454 , 143.63 , 143.73
5.456 , 143.63 , 143.73
5.457 , 143.63 , 143.72
5.459 , 143.6 , 143.72
5.46 , 143.63 , 143.71
5.462 , 143.6 , 143.71
5.463 , 143.6 , 143.71
5.465 , 143.56 , 143.7
5.466 , 143.63 , 143.7
5.468 , 143.56 , 143.69
5.469 , 143.63 , 143.69
5.471 , 143.6 , 143.68
5.473 , 143.56 , 143.68
5.474 , 143.56 , 143.67
5.476 , 143.53 , 143.67
5.477 , 143.56 , 143.66
5.479 , 143.53 , 143.66
5.48 , 143.53 , 143.65
5.482 , 143.53 , 143.65
5.483 , 143.53 , 143.65
5.485 , 143.56 , 143.64
5.487 , 143.56 , 143.63
5.488 , 143.53 , 143.63
5.49 , 143.56 , 143.62
5.491 , 143.53 , 143.62
5.493 , 143.53 , 143.62
5.495 , 143.53 , 143.61
5.496 , 143.47 , 143.61
5.498 , 143.53 , 143.6
5.499 , 143.51 , 143.6
5.501 , 143.47 , 143.59
5.502 , 143.47 , 143.59
5.504 , 143.51 , 143.58
5.505 , 143.51 , 143.58
5.507 , 143.47 , 143.57
5.508 , 143.47 , 143.57
5.51 , 143.47 , 143.56
5.511 , 143.47 , 143.56
5.513 , 143.47 , 143.56
5.514 , 143.47 , 143.55
5.516 , 143.44 , 143.55
5.517 , 143.44 , 143.54
5.519 , 143.44 , 143.54
5.52 , 143.44 , 143.53
5.522 , 143.4 , 143.53
5.524 , 143.44 , 143.52
5.525 , 143.4 , 143.52
5.527 , 143.44 , 143.51
5.528 , 143.44 , 143.51
5.53 , 143.44 , 143.5
5.531 , 143.4 , 143.5
5.533 , 143.4 , 143.5
5.534 , 143.4 , 143.49
5.536 , 143.37 , 143.49
5.537 , 143.37 , 143.48
5.539 , 143.37 , 143.48
5.54 , 143.35 , 143.47
5.542 , 143.37 , 143.47
5.544 , 143.4 , 143.46
5.545 , 143.37 , 143.46
5.547 , 143.37 , 143.45
5.548 , 143.35 , 143.45
5.55 , 143.35 , 143.44
5.551 , 143.35 , 143.44
5.553 , 143.35 , 143.44
5.554 , 143.35 , 143.43
5.556 , 143.35 , 143.43
5.557 , 143.35 , 143.42
5.559 , 143.31 , 143.42
5.56 , 143.35 , 143.41
5.562 , 143.31 , 143.41
5.563 , 143.31 , 143.41
5.565 , 143.31 , 143.4
5.566 , 143.28 , 143.4
5.568 , 143.31 , 143.39
5.57 , 143.35 , 143.38
5.571 , 143.31 , 143.38
5.573 , 143.31 , 143.38
5.574 , 143.28 , 143.37
5.576 , 143.21 , 143.37
5.577 , 143.28 , 143.36
5.579 , 143.28 , 143.36
5.58 , 143.24 , 143.35
5.582 , 143.24 , 143.35
5.583 , 143.24 , 143.35
5.585 , 143.24 , 143.34
5.586 , 143.28 , 143.34
5.588 , 143.21 , 143.33
5.59 , 143.24 , 143.32
5.591 , 143.24 , 143.32
5.592 , 143.21 , 143.32
5.594 , 143.21 , 143.31
5.595 , 143.17 , 143.31
5.597 , 143.24 , 143.3
5.599 , 143.21 , 143.3
5.6 , 143.21 , 143.29
5.602 , 143.17 , 143.29
5.603 , 143.17 , 143.29
5.605 , 143.14 , 143.28
5.606 , 143.17 , 143.28
5.608 , 143.21 , 143.27
5.609 , 143.17 , 143.27
5.611 , 143.17 , 143.26
5.612 , 143.17 , 143.26
5.614 , 143.17 , 143.25
5.616 , 143.17 , 143.25
5.617 , 143.17 , 143.24
5.619 , 143.14 , 143.24
5.62 , 143.14 , 143.23
5.622 , 143.14 , 143.23
5.623 , 143.12 , 143.23
5.625 , 143.14 , 143.22
5.626 , 143.14 , 143.22
5.628 , 143.14 , 143.21
5.629 , 143.12 , 143.21
5.631 , 143.14 , 143.2
5.632 , 143.12 , 143.2
5.634 , 143.08 , 143.19
5.635 , 143.12 , 143.19
5.637 , 143.12 , 143.18
5.639 , 143.08 , 143.18
5.64 , 143.12 , 143.17
5.642 , 143.05 , 143.17
5.643 , 143.05 , 143.17
5.645 , 143.05 , 143.16
5.646 , 143.05 , 143.16
5.648 , 143.05 , 143.15
5.649 , 143.08 , 143.15
5.651 , 143.05 , 143.14
5.652 , 143.05 , 143.14
5.654 , 143.05 , 143.13
5.655 , 143.05 , 143.13
5.657 , 143.01 , 143.12
5.658 , 143.01 , 143.12
5.66 , 143.05 , 143.11
5.661 , 143.01 , 143.11
5.663 , 143.01 , 143.11
5.664 , 142.98 , 143.1
5.666 , 143.01 , 143.1
5.667 , 143.01 , 143.09
5.669 , 143.01 , 143.09
5.671 , 142.98 , 143.08
5.672 , 143.01 , 143.08
5.674 , 142.98 , 143.07
5.675 , 143.01 , 143.07
5.677 , 142.96 , 143.06
5.678 , 142.96 , 143.06
5.68 , 142.96 , 143.05
5.681 , 142.96 , 143.05
5.683 , 142.96 , 143.05
5.684 , 142.98 , 143.04
5.686 , 142.96 , 143.04
5.687 , 142.92 , 143.03
5.689 , 142.96 , 143.03
5.691 , 142.96 , 143.02
5.692 , 142.96 , 143.02
5.694 , 142.89 , 143.01
5.695 , 142.89 , 143.01
5.697 , 142.92 , 143.0
5.698 , 142.85 , 143.0
5.7 , 142.89 , 142.99
5.701 , 142.89 , 142.99
5.703 , 142.89 , 142.99
5.704 , 142.85 , 142.98
5.706 , 142.89 , 142.98
5.708 , 142.85 , 142.97
5.709 , 142.92 , 142.97
5.711 , 142.85 , 142.96
5.712 , 142.85 , 142.96
5.714 , 142.85 , 142.95
5.715 , 142.85 , 142.95
5.717 , 142.85 , 142.94
5.718 , 142.8 , 142.94
5.72 , 142.82 , 142.93
5.721 , 142.8 , 142.93
5.723 , 142.8 , 142.93
5.724 , 142.82 , 142.92
5.726 , 142.82 , 142.92
5.727 , 142.85 , 142.91
5.729 , 142.8 , 142.91
5.73 , 142.82 , 142.9
5.732 , 142.8 , 142.9
5.733 , 142.8 , 142.9
5.735 , 142.8 , 142.89
5.737 , 142.8 , 142.88
5.738 , 142.76 , 142.88
5.74 , 142.8 , 142.87
5.741 , 142.8 , 142.87
5.743 , 142.76 , 142.87
5.744 , 142.76 , 142.86
5.746 , 142.73 , 142.86
5.748 , 142.73 , 142.85
5.749 , 142.76 , 142.85
5.751 , 142.73 , 142.84
5.752 , 142.73 , 142.84
5.754 , 142.73 , 142.83
5.755 , 142.73 , 142.83
5.757 , 142.69 , 142.82
5.758 , 142.69 , 142.82
5.76 , 142.69 , 142.81
5.761 , 142.69 , 142.81
5.763 , 142.62 , 142.81
5.764 , 142.69 , 142.8
5.766 , 142.73 , 142.8
5.768 , 142.62 , 142.79
5.769 , 142.69 , 142.79
5.771 , 142.73 , 142.78
5.772 , 142.69 , 142.78
5.774 , 142.6 , 142.77
5.775 , 142.62 , 142.77
5.777 , 142.62 , 142.76
5.778 , 142.62 , 142.76
5.78 , 142.6 , 142.75
5.782 , 142.62 , 142.75
5.783 , 142.62 , 142.75
5.785 , 142.6 , 142.74
5.786 , 142.62 , 142.74
5.788 , 142.6 , 142.73
5.789 , 142.57 , 142.73
5.791 , 142.57 , 142.72
5.792 , 142.6 , 142.72
5.794 , 142.6 , 142.71
5.795 , 142.6 , 142.71
5.797 , 142.57 , 142.7
5.798 , 142.57 , 142.7
5.8 , 142.57 , 142.69
5.801 , 142.53 , 142.69
5.803 , 142.57 , 142.69
5.804 , 142.53 , 142.68
5.806 , 142.57 , 142.68
5.808 , 142.53 , 142.67
5.809 , 142.53 , 142.67
5.811 , 142.53 , 142.66
5.812 , 142.53 , 142.66
5.814 , 142.5 , 142.65
5.815 , 142.5 , 142.65
5.817 , 142.53 , 142.64
5.818 , 142.46 , 142.64
5.82 , 142.5 , 142.63
5.821 , 142.5 , 142.63
5.823 , 142.5 , 142.62
5.824 , 142.46 , 142.62
5.826 , 142.5 , 142.62
5.828 , 142.5 , 142.61
5.829 , 142.5 , 142.61
5.831 , 142.46 , 142.6
5.832 , 142.5 , 142.6
5.834 , 142.5 , 142.59
5.835 , 142.5 , 142.59
5.837 , 142.46 , 142.58
5.838 , 142.46 , 142.58
5.84 , 142.44 , 142.57
5.841 , 142.44 , 142.57
5.843 , 142.41 , 142.56
5.844 , 142.44 , 142.56
5.846 , 142.44 , 142.56
5.847 , 142.41 , 142.55
5.849 , 142.41 , 142.55
5.85 , 142.41 , 142.54
5.852 , 142.44 , 142.54
5.853 , 142.44 , 142.53
5.855 , 142.41 , 142.53
5.856 , 142.37 , 142.53
5.858 , 142.44 , 142.52
5.859 , 142.37 , 142.52
5.861 , 142.37 , 142.51
5.862 , 142.37 , 142.51
5.864 , 142.34 , 142.5
5.866 , 142.41 , 142.5
5.867 , 142.37 , 142.49
5.869 , 142.37 , 142.49
5.87 , 142.41 , 142.48
5.872 , 142.37 , 142.48
5.873 , 142.37 , 142.47
5.875 , 142.41 , 142.47
5.876 , 142.37 , 142.47
5.878 , 142.37 , 142.46
5.879 , 142.41 , 142.46
5.881 , 142.41 , 142.45
5.882 , 142.34 , 142.45
5.884 , 142.34 , 142.44
5.886 , 142.34 , 142.44
5.887 , 142.34 , 142.43
5.889 , 142.34 , 142.43
5.89 , 142.34 , 142.42
5.892 , 142.34 , 142.42
5.893 , 142.34 , 142.41
5.895 , 142.3 , 142.41
5.896 , 142.3 , 142.41
5.898 , 142.3 , 142.4
5.9 , 142.3 , 142.39
5.901 , 142.3 , 142.39
5.903 , 142.3 , 142.38
5.904 , 142.3 , 142.38
5.906 , 142.3 , 142.38
5.907 , 142.3 , 142.37
5.909 , 142.34 , 142.37
5.91 , 142.3 , 142.36
5.912 , 142.28 , 142.36
5.913 , 142.28 , 142.35
5.915 , 142.28 , 142.35
5.916 , 142.23 , 142.35
5.918 , 142.23 , 142.34
5.919 , 142.21 , 142.34
5.921 , 142.23 , 142.33
5.922 , 142.23 , 142.33
5.924 , 142.23 , 142.32
5.925 , 142.23 , 142.32
5.927 , 142.23 , 142.31
5.928 , 142.28 , 142.31
5.93 , 142.23 , 142.3
5.932 , 142.21 , 142.3
5.933 , 142.21 , 142.29
5.935 , 142.21 , 142.29
5.936 , 142.21 , 142.29
5.938 , 142.21 , 142.28
5.939 , 142.18 , 142.28
5.941 , 142.18 , 142.27
5.942 , 142.18 , 142.27
5.944 , 142.21 , 142.26
5.945 , 142.18 , 142.26
5.947 , 142.18 , 142.25
5.948 , 142.18 , 142.25
5.95 , 142.18 , 142.24
5.952 , 142.18 , 142.24
5.953 , 142.14 , 142.23
5.955 , 142.18 , 142.23
5.956 , 142.18 , 142.23
5.958 , 142.14 , 142.22
5.959 , 142.14 , 142.22
5.961 , 142.11 , 142.21
5.962 , 142.14 , 142.21
5.964 , 142.11 , 142.2
5.965 , 142.11 , 142.2
5.967 , 142.11 , 142.19
5.968 , 142.11 , 142.19
5.97 , 142.14 , 142.18
5.972 , 142.11 , 142.18
5.973 , 142.11 , 142.17
5.975 , 142.05 , 142.17
5.976 , 142.05 , 142.17
5.978 , 142.07 , 142.16
5.979 , 142.05 , 142.16
5.981 , 142.02 , 142.15
5.982 , 142.05 , 142.15
5.984 , 142.07 , 142.14
5.985 , 142.05 , 142.14
5.987 , 142.05 , 142.13
5.988 , 142.02 , 142.13
5.99 , 142.05 , 142.12
5.991 , 141.98 , 142.12
5.993 , 142.02 , 142.11
5.994 , 142.02 , 142.11
5.996 , 142.02 , 142.11
5.997 , 141.95 , 142.1
5.999 , 141.95 , 142.1
6.0 , 141.95 , 142.09
6.002 , 141.95 , 142.09
6.004 , 141.95 , 142.08
6.005 , 141.98 , 142.08
6.007 , 141.98 , 142.07
6.008 , 141.95 , 142.07
6.01 , 141.95 , 142.06
6.011 , 141.98 , 142.06
6.013 , 141.98 , 142.05
6.014 , 141.95 , 142.05
6.016 , 141.95 , 142.05
6.017 , 141.95 , 142.04
6.019 , 141.95 , 142.04
6.02 , 141.89 , 142.03
6.022 , 141.91 , 142.03
6.023 , 141.91 , 142.02
6.025 , 141.89 , 142.02
6.026 , 141.91 , 142.02
6.028 , 141.91 , 142.01
6.029 , 141.91 , 142.01
6.031 , 141.91 , 142.0
6.032 , 141.91 , 142.0
6.034 , 141.91 , 141.99
6.035 , 141.89 , 141.99
6.037 , 141.89 , 141.98
6.039 , 141.86 , 141.98
6.04 , 141.89 , 141.97
6.042 , 141.79 , 141.97
6.043 , 141.89 , 141.96
6.045 , 141.86 , 141.96
6.046 , 141.89 , 141.96
6.048 , 141.89 , 141.95
6.049 , 141.86 , 141.95
6.051 , 141.82 , 141.94
6.052 , 141.82 , 141.94
6.054 , 141.82 , 141.93
6.055 , 141.79 , 141.93
6.057 , 141.82 , 141.92
6.058 , 141.79 , 141.92
6.06 , 141.79 , 141.91
6.062 , 141.75 , 141.91
6.063 , 141.82 , 141.9
6.065 , 141.79 , 141.9
6.066 , 141.82 , 141.9
6.068 , 141.79 , 141.89
6.069 , 141.79 , 141.89
6.071 , 141.75 , 141.88
6.073 , 141.75 , 141.87
6.074 , 141.79 , 141.87
6.076 , 141.75 , 141.87
6.077 , 141.79 , 141.86
6.079 , 141.79 , 141.86
6.08 , 141.75 , 141.85
6.082 , 141.75 , 141.85
6.083 , 141.79 , 141.84
6.085 , 141.73 , 141.84
6.086 , 141.75 , 141.84
6.088 , 141.75 , 141.83
6.09 , 141.75 , 141.82
6.091 , 141.75 , 141.82
6.093 , 141.75 , 141.81
6.094 , 141.73 , 141.81
6.096 , 141.75 , 141.81
6.097 , 141.73 , 141.8
6.099 , 141.73 , 141.8
6.1 , 141.68 , 141.79
6.102 , 141.68 , 141.79
6.103 , 141.73 , 141.78
6.105 , 141.68 , 141.78
6.107 , 141.73 , 141.77
6.108 , 141.68 , 141.77
6.11 , 141.68 , 141.76
6.111 , 141.68 , 141.76
6.113 , 141.68 , 141.75
6.114 , 141.68 , 141.75
6.116 , 141.66 , 141.75
6.117 , 141.66 , 141.74
6.119 , 141.63 , 141.74
6.12 , 141.66 , 141.73
6.122 , 141.63 , 141.73
6.123 , 141.63 , 141.72
6.125 , 141.66 , 141.72
6.126 , 141.63 , 141.72
6.128 , 141.66 , 141.71
6.129 , 141.66 , 141.71
6.131 , 141.63 , 141.7
6.132 , 141.63 , 141.7
6.134 , 141.63 , 141.69
6.135 , 141.59 , 141.69
6.137 , 141.59 , 141.68
6.138 , 141.59 , 141.68
6.14 , 141.59 , 141.67
6.142 , 141.57 , 141.67
6.143 , 141.59 , 141.66
6.145 , 141.59 , 141.66
6.146 , 141.57 , 141.66
6.148 , 141.59 , 141.65
6.149 , 141.59 , 141.65
6.151 , 141.57 , 141.64
6.152 , 141.59 , 141.64
6.154 , 141.57 , 141.63
6.155 , 141.57 , 141.63
6.157 , 141.57 , 141.62
6.158 , 141.52 , 141.62
6.16 , 141.52 , 141.61
6.162 , 141.52 , 141.61
6.163 , 141.52 , 141.6
6.164 , 141.57 , 141.6
6.166 , 141.52 , 141.6
6.167 , 141.57 , 141.59
6.169 , 141.57 , 141.59
6.17 , 141.52 , 141.58
6.172 , 141.52 , 141.58
6.173 , 141.52 , 141.57
6.175 , 141.5 , 141.57
6.176 , 141.5 , 141.57
6.178 , 141.52 , 141.56
6.179 , 141.43 , 141.56
6.181 , 141.47 , 141.55
6.183 , 141.43 , 141.54
6.184 , 141.43 , 141.54
6.186 , 141.43 , 141.53
6.187 , 141.43 , 141.53
6.189 , 141.47 , 141.53
6.19 , 141.41 , 141.52
6.192 , 141.41 , 141.52
6.193 , 141.43 , 141.51
6.195 , 141.43 , 141.51
6.196 , 141.41 , 141.5
6.198 , 141.43 , 141.5
6.199 , 141.36 , 141.5
6.201 , 141.41 , 141.49
6.202 , 141.36 , 141.49
6.204 , 141.34 , 141.48
6.205 , 141.41 , 141.48
6.207 , 141.41 , 141.47
6.208 , 141.36 , 141.47
6.21 , 141.41 , 141.46
6.211 , 141.41 , 141.46
6.213 , 141.34 , 141.45
6.214 , 141.36 , 141.45
6.216 , 141.36 , 141.44
6.217 , 141.34 , 141.44
6.219 , 141.34 , 141.44
6.22 , 141.34 , 141.43
6.222 , 141.34 , 141.43
6.223 , 141.29 , 141.42
6.225 , 141.34 , 141.42
6.227 , 141.34 , 141.41
6.228 , 141.34 , 141.41
6.23 , 141.34 , 141.4
6.231 , 141.34 , 141.4
6.233 , 141.29 , 141.39
6.234 , 141.29 , 141.39
6.236 , 141.29 , 141.38
6.237 , 141.29 , 141.38
6.239 , 141.27 , 141.38
6.24 , 141.27 , 141.37
6.242 , 141.29 , 141.37
6.243 , 141.25 , 141.36
6.245 , 141.27 , 141.36
6.246 , 141.25 , 141.35
6.248 , 141.29 , 141.35
6.249 , 141.27 , 141.35
6.251 , 141.27 , 141.34
6.252 , 141.25 , 141.34
6.254 , 141.25 , 141.33
6.255 , 141.27 , 141.33
6.257 , 141.25 , 141.32
6.258 , 141.25 , 141.32
6.26 , 141.2 , 141.31
6.261 , 141.2 , 141.31
6.263 , 141.25 , 141.3
6.264 , 141.2 , 141.3
6.266 , 141.2 , 141.29
6.267 , 141.25 , 141.29
6.269 , 141.25 , 141.29
6.27 , 141.25 , 141.28
6.272 , 141.25 , 141.28
6.274 , 141.18 , 141.27
6.283 , 141.18 , 141.24
6.285 , 141.13 , 141.24
6.286 , 141.18 , 141.23
6.288 , 141.13 , 141.23
6.289 , 141.18 , 141.23
6.291 , 141.13 , 141.22
6.292 , 141.18 , 141.22
6.294 , 141.18 , 141.21
6.295 , 141.11 , 141.21
6.297 , 141.11 , 141.2
6.298 , 141.11 , 141.2
6.3 , 141.11 , 141.19
6.301 , 141.11 , 141.19
6.303 , 141.08 , 141.18
6.304 , 141.11 , 141.18
6.306 , 141.11 , 141.17
6.307 , 141.13 , 141.17
6.309 , 141.11 , 141.17
6.31 , 141.11 , 141.16
6.312 , 141.11 , 141.16
6.313 , 141.11 , 141.15
6.315 , 141.08 , 141.15
6.316 , 141.08 , 141.14
6.318 , 141.04 , 141.14
6.319 , 141.04 , 141.14
6.321 , 141.08 , 141.13
6.322 , 141.02 , 141.13
6.324 , 141.04 , 141.12
6.325 , 141.08 , 141.12
6.327 , 141.04 , 141.11
6.328 , 141.08 , 141.11
6.33 , 141.04 , 141.1
6.331 , 141.04 , 141.1
6.333 , 141.02 , 141.09
6.334 , 141.04 , 141.09
6.336 , 141.04 , 141.08
6.337 , 141.02 , 141.08
6.339 , 141.02 , 141.08
6.34 , 141.02 , 141.07
6.342 , 140.97 , 141.07
6.343 , 141.02 , 141.06
6.345 , 141.02 , 141.06
6.346 , 140.97 , 141.05
6.348 , 140.97 , 141.05
6.349 , 141.02 , 141.05
6.351 , 140.97 , 141.04
6.352 , 140.97 , 141.04
6.354 , 140.97 , 141.03
6.355 , 140.95 , 141.03
6.357 , 140.95 , 141.02
6.359 , 140.95 , 141.02
6.36 , 140.97 , 141.01
6.362 , 140.95 , 141.01
6.363 , 140.95 , 141.0
6.365 , 140.95 , 141.0
6.366 , 140.95 , 140.99
6.368 , 140.95 , 140.99
6.369 , 140.95 , 140.99
6.371 , 140.92 , 140.98
6.372 , 140.95 , 140.98
6.374 , 140.92 , 140.97
6.376 , 140.88 , 140.96
6.377 , 140.88 , 140.96
6.379 , 140.88 , 140.96
6.38 , 140.88 , 140.95
6.382 , 140.86 , 140.95
6.383 , 140.88 , 140.94
6.385 , 140.88 , 140.94
6.386 , 140.88 , 140.93
6.388 , 140.92 , 140.93
6.389 , 140.88 , 140.93
6.391 , 140.88 , 140.92
6.392 , 140.88 , 140.92
6.394 , 140.88 , 140.91
6.395 , 140.86 , 140.91
6.397 , 140.81 , 140.9
6.399 , 140.86 , 140.9
6.4 , 140.79 , 140.89
6.402 , 140.79 , 140.89
6.403 , 140.86 , 140.88
6.405 , 140.81 , 140.88
6.406 , 140.86 , 140.87
6.408 , 140.81 , 140.87
6.409 , 140.86 , 140.87
6.411 , 140.86 , 140.86
6.413 , 140.81 , 140.85
6.414 , 140.81 , 140.85
6.416 , 140.79 , 140.84
6.417 , 140.79 , 140.84
6.419 , 140.74 , 140.84
6.42 , 140.74 , 140.83
6.422 , 140.72 , 140.83
6.423 , 140.74 , 140.82
6.425 , 140.74 , 140.82
6.426 , 140.74 , 140.81
6.428 , 140.74 , 140.81
6.429 , 140.79 , 140.81
6.431 , 140.74 , 140.8
6.432 , 140.74 , 140.8
6.434 , 140.72 , 140.79
6.435 , 140.72 , 140.79
6.437 , 140.72 , 140.78
6.438 , 140.72 , 140.78
6.44 , 140.65 , 140.77
6.441 , 140.7 , 140.77
6.443 , 140.7 , 140.76
6.445 , 140.7 , 140.76
6.446 , 140.7 , 140.75
6.448 , 140.7 , 140.75
6.449 , 140.72 , 140.75
6.451 , 140.72 , 140.74
6.452 , 140.7 , 140.74
6.454 , 140.65 , 140.73
6.455 , 140.65 , 140.73
6.457 , 140.63 , 140.72
6.459 , 140.63 , 140.72
6.46 , 140.65 , 140.71
6.462 , 140.65 , 140.71
6.463 , 140.63 , 140.7
6.465 , 140.63 , 140.7
6.466 , 140.65 , 140.69
6.468 , 140.65 , 140.69
6.469 , 140.65 , 140.69
6.471 , 140.63 , 140.68
6.472 , 140.58 , 140.68
6.474 , 140.63 , 140.67
6.475 , 140.63 , 140.67
6.477 , 140.58 , 140.66
6.478 , 140.58 , 140.66
6.48 , 140.63 , 140.65
6.481 , 140.56 , 140.65
6.483 , 140.56 , 140.64
6.485 , 140.56 , 140.64
6.486 , 140.58 , 140.63
6.488 , 140.58 , 140.63
6.489 , 140.54 , 140.63
6.491 , 140.54 , 140.62
6.492 , 140.56 , 140.62
6.494 , 140.54 , 140.61
6.495 , 140.49 , 140.61
6.497 , 140.49 , 140.6
6.498 , 140.49 , 140.6
6.5 , 140.49 , 140.59
6.501 , 140.54 , 140.59
6.503 , 140.49 , 140.58
6.504 , 140.54 , 140.58
6.506 , 140.49 , 140.57
6.507 , 140.54 , 140.57
6.509 , 140.49 , 140.57
6.51 , 140.49 , 140.56
6.512 , 140.47 , 140.56
6.513 , 140.49 , 140.55
6.515 , 140.49 , 140.55
6.516 , 140.47 , 140.54
6.518 , 140.42 , 140.54
6.52 , 140.47 , 140.53
6.521 , 140.47 , 140.53
6.523 , 140.42 , 140.52
6.524 , 140.42 , 140.52
6.526 , 140.42 , 140.51
6.527 , 140.47 , 140.51
6.529 , 140.42 , 140.51
6.53 , 140.42 , 140.5
6.532 , 140.42 , 140.5
6.533 , 140.47 , 140.49
6.535 , 140.4 , 140.49
6.536 , 140.4 , 140.48
6.538 , 140.38 , 140.48
6.539 , 140.4 , 140.48
6.541 , 140.4 , 140.47
6.543 , 140.4 , 140.46
6.544 , 140.4 , 140.46
6.546 , 140.38 , 140.45
6.547 , 140.4 , 140.45
6.549 , 140.4 , 140.44
6.55 , 140.38 , 140.44
6.552 , 140.38 , 140.44
6.553 , 140.38 , 140.43
6.555 , 140.38 , 140.43
6.556 , 140.33 , 140.42
6.558 , 140.33 , 140.42
6.559 , 140.38 , 140.41
6.561 , 140.33 , 140.41
6.562 , 140.33 , 140.41
6.564 , 140.38 , 140.4
6.565 , 140.33 , 140.4
6.567 , 140.33 , 140.39
6.568 , 140.38 , 140.39
6.57 , 140.33 , 140.38
6.571 , 140.33 , 140.38
6.573 , 140.33 , 140.37
6.574 , 140.31 , 140.37
6.576 , 140.31 , 140.36
6.578 , 140.26 , 140.36
6.579 , 140.26 , 140.35
6.581 , 140.31 , 140.35
6.582 , 140.26 , 140.35
6.584 , 140.26 , 140.34
6.585 , 140.31 , 140.34
6.587 , 140.26 , 140.33
6.588 , 140.26 , 140.33
6.59 , 140.26 , 140.32
6.591 , 140.24 , 140.32
6.593 , 140.31 , 140.31
6.594 , 140.26 , 140.31
6.596 , 140.33 , 140.3
6.597 , 140.31 , 140.3
6.599 , 140.31 , 140.29
6.6 , 140.31 , 140.29
6.602 , 140.31 , 140.29
6.604 , 140.26 , 140.28
6.605 , 140.26 , 140.28
6.607 , 140.31 , 140.27
6.608 , 140.31 , 140.27
6.61 , 140.31 , 140.26
6.611 , 140.31 , 140.26
6.613 , 140.26 , 140.25
6.614 , 140.26 , 140.25
6.616 , 140.31 , 140.24
6.617 , 140.24 , 140.24
6.619 , 140.24 , 140.23
6.62 , 140.24 , 140.23
6.622 , 140.19 , 140.23
6.623 , 140.24 , 140.22
6.625 , 140.24 , 140.22
6.626 , 140.19 , 140.21
6.628 , 140.26 , 140.21
6.629 , 140.26 , 140.2
6.631 , 140.24 , 140.2
6.632 , 140.24 , 140.2
6.634 , 140.26 , 140.19
6.636 , 140.31 , 140.18
6.637 , 140.47 , 140.18
6.639 , 140.49 , 140.17
6.64 , 140.72 , 140.17
6.642 , 141.02 , 140.17
6.643 , 141.08 , 140.16
6.645 , 141.11 , 140.16
6.646 , 141.11 , 140.15
6.648 , 141.11 , 140.15
6.649 , 141.02 , 140.14
6.651 , 140.79 , 140.14
6.652 , 140.54 , 140.14
6.654 , 140.17 , 140.13
6.655 , 139.92 , 140.13
6.657 , 139.8 , 140.12
6.658 , 139.76 , 140.12
6.66 , 139.76 , 140.11
6.662 , 139.85 , 140.11
6.663 , 139.94 , 140.1
6.665 , 140.1 , 140.1
6.666 , 140.31 , 140.09
6.668 , 140.47 , 140.09
6.669 , 140.54 , 140.08
6.671 , 140.58 , 140.08
6.672 , 140.58 , 140.08
6.674 , 140.56 , 140.07
6.675 , 140.47 , 140.07
6.677 , 140.4 , 140.06
6.678 , 140.33 , 140.06
6.68 , 140.26 , 140.05
6.682 , 140.17 , 140.05
6.683 , 140.17 , 140.04
6.685 , 140.17 , 140.04
6.686 , 140.19 , 140.03
6.688 , 140.24 , 140.03
6.689 , 140.24 , 140.02
6.691 , 140.26 , 140.02
6.692 , 140.26 , 140.02
6.694 , 140.26 , 140.01
6.695 , 140.19 , 140.01
6.697 , 140.17 , 140.0
6.698 , 140.17 , 140.0
6.7 , 140.17 , 139.99
6.702 , 140.15 , 139.99
6.703 , 140.1 , 139.98
6.705 , 140.15 , 139.98
6.706 , 140.1 , 139.97
6.708 , 140.15 , 139.97
6.709 , 140.15 , 139.96
6.711 , 140.1 , 139.96
6.712 , 140.15 , 139.96
6.714 , 140.1 , 139.95
6.715 , 140.1 , 139.95
6.717 , 140.1 , 139.94
6.718 , 140.1 , 139.94
6.72 , 140.1 , 139.93
6.721 , 140.08 , 139.93
6.723 , 140.03 , 139.92
6.724 , 140.1 , 139.92
6.726 , 140.08 , 139.91
6.728 , 140.08 , 139.91
6.729 , 140.08 , 139.9
6.731 , 140.08 , 139.9
6.732 , 140.03 , 139.9
6.734 , 140.01 , 139.89
6.735 , 140.03 , 139.89
6.737 , 140.08 , 139.88
6.738 , 140.01 , 139.88
6.74 , 140.03 , 139.87
6.742 , 140.03 , 139.87
6.743 , 140.01 , 139.86
6.745 , 139.99 , 139.86
6.746 , 140.01 , 139.85
6.748 , 140.01 , 139.85
6.749 , 140.03 , 139.84
6.751 , 140.01 , 139.84
6.752 , 139.99 , 139.84
6.754 , 140.01 , 139.83
6.756 , 139.99 , 139.82
6.757 , 139.94 , 139.82
6.759 , 139.94 , 139.81
6.76 , 139.94 , 139.81
6.762 , 139.94 , 139.81
6.763 , 139.99 , 139.8
6.765 , 139.99 , 139.8
6.766 , 139.99 , 139.79
6.768 , 139.99 , 139.79
6.77 , 139.94 , 139.78
6.771 , 139.92 , 139.78
6.773 , 139.94 , 139.77
6.774 , 139.94 , 139.77
6.776 , 139.92 , 139.76
6.777 , 139.92 , 139.76
6.779 , 139.87 , 139.75
6.781 , 139.92 , 139.75
6.782 , 139.87 , 139.75
6.784 , 139.92 , 139.74
6.785 , 139.92 , 139.74
6.787 , 139.92 , 139.73
6.788 , 139.92 , 139.73
6.79 , 139.87 , 139.72
6.792 , 139.87 , 139.72
6.793 , 139.85 , 139.71
6.795 , 139.87 , 139.71
6.796 , 139.85 , 139.7
6.798 , 139.85 , 139.7
6.799 , 139.85 , 139.69
6.801 , 139.85 , 139.69
6.803 , 139.8 , 139.68
6.804 , 139.85 , 139.68
6.806 , 139.8 , 139.67
6.807 , 139.85 , 139.67
6.809 , 139.8 , 139.66
6.81 , 139.85 , 139.66
6.812 , 139.8 , 139.66
6.813 , 139.8 , 139.65
6.815 , 139.78 , 139.65
6.816 , 139.78 , 139.64
6.818 , 139.8 , 139.64
6.82 , 139.8 , 139.63
6.821 , 139.76 , 139.63
6.823 , 139.8 , 139.62
6.824 , 139.78 , 139.62
6.826 , 139.76 , 139.61
6.827 , 139.78 , 139.61
6.829 , 139.78 , 139.6
6.831 , 139.76 , 139.6
6.832 , 139.78 , 139.6
6.834 , 139.76 , 139.59
6.835 , 139.71 , 139.59
6.837 , 139.71 , 139.58
6.838 , 139.76 , 139.58
6.84 , 139.69 , 139.57
6.841 , 139.69 , 139.57
6.843 , 139.69 , 139.56
6.845 , 139.69 , 139.56
6.846 , 139.64 , 139.55
6.848 , 139.62 , 139.55
6.849 , 139.62 , 139.54
6.851 , 139.6 , 139.54
6.852 , 139.62 , 139.54
6.854 , 139.69 , 139.53
6.855 , 139.76 , 139.53
6.857 , 139.78 , 139.52
6.859 , 139.69 , 139.51
6.86 , 139.76 , 139.51
6.862 , 139.71 , 139.51
6.863 , 139.69 , 139.5
6.865 , 139.64 , 139.5
6.867 , 139.6 , 139.49
6.868 , 139.6 , 139.49
6.87 , 139.55 , 139.48
6.871 , 139.53 , 139.48
6.873 , 139.55 , 139.47
6.874 , 139.53 , 139.47
6.876 , 139.53 , 139.46
6.877 , 139.53 , 139.46
6.879 , 139.53 , 139.45
6.88 , 139.55 , 139.45
6.882 , 139.55 , 139.45
6.884 , 139.55 , 139.44
6.885 , 139.6 , 139.44
6.887 , 139.6 , 139.43
6.888 , 139.6 , 139.43
6.89 , 139.6 , 139.42
6.891 , 139.6 , 139.42
6.893 , 139.53 , 139.41
6.894 , 139.48 , 139.41
6.896 , 139.48 , 139.4
6.898 , 139.46 , 139.4
6.899 , 139.46 , 139.39
6.901 , 139.53 , 139.39
6.902 , 139.53 , 139.39
6.904 , 139.48 , 139.38
6.905 , 139.46 , 139.38
6.907 , 139.48 , 139.37
6.909 , 139.53 , 139.36
6.91 , 139.48 , 139.36
6.912 , 139.48 , 139.36
6.913 , 139.48 , 139.35
6.915 , 139.44 , 139.35
6.916 , 139.44 , 139.34
6.918 , 139.46 , 139.34
6.919 , 139.46 , 139.33
6.921 , 139.46 , 139.33
6.922 , 139.46 , 139.32
6.924 , 139.44 , 139.32
6.925 , 139.48 , 139.32
6.927 , 139.46 , 139.31
6.928 , 139.46 , 139.31
6.93 , 139.46 , 139.3
6.932 , 139.39 , 139.29
6.933 , 139.44 , 139.29
6.935 , 139.32 , 139.29
6.936 , 139.32 , 139.28
6.938 , 139.37 , 139.28
6.939 , 139.37 , 139.27
6.941 , 139.37 , 139.27
6.942 , 139.37 , 139.26
6.944 , 139.37 , 139.26
6.946 , 139.37 , 139.25
6.947 , 139.32 , 139.25
6.949 , 139.37 , 139.24
6.95 , 139.39 , 139.24
6.952 , 139.37 , 139.23
6.953 , 139.32 , 139.23
6.955 , 139.3 , 139.23
6.957 , 139.25 , 139.22
6.958 , 139.32 , 139.22
6.96 , 139.32 , 139.21
6.961 , 139.32 , 139.21
6.963 , 139.3 , 139.2
6.964 , 139.32 , 139.2
6.966 , 139.32 , 139.19
6.967 , 139.25 , 139.19
6.969 , 139.3 , 139.18
6.97 , 139.3 , 139.18
6.972 , 139.3 , 139.17
6.973 , 139.25 , 139.17
6.975 , 139.23 , 139.17
6.977 , 139.25 , 139.16
6.978 , 139.25 , 139.16
6.98 , 139.23 , 139.15
6.981 , 139.23 , 139.15
6.983 , 139.16 , 139.14
6.984 , 139.21 , 139.14
6.986 , 139.23 , 139.13
6.987 , 139.23 , 139.13
6.989 , 139.21 , 139.12
6.991 , 139.23 , 139.12
6.992 , 139.25 , 139.11
6.994 , 139.21 , 139.11
6.995 , 139.21 , 139.11
6.997 , 139.14 , 139.1
6.998 , 139.16 , 139.1
7.0 , 139.14 , 139.09
7.001 , 139.16 , 139.09
7.003 , 139.14 , 139.08
7.004 , 139.14 , 139.08
7.006 , 139.16 , 139.07
7.007 , 139.21 , 139.07
7.009 , 139.21 , 139.06
7.01 , 139.14 , 139.06
7.012 , 139.14 , 139.05
7.013 , 139.09 , 139.05
7.015 , 139.14 , 139.05
7.016 , 139.14 , 139.04
7.018 , 139.14 , 139.04
7.02 , 139.09 , 139.03
7.021 , 139.14 , 139.03
7.023 , 139.09 , 139.02
7.024 , 139.09 , 139.02
7.026 , 139.09 , 139.01
7.027 , 139.09 , 139.01
7.029 , 139.09 , 139.0
7.031 , 139.07 , 139.0
7.032 , 139.07 , 138.99
7.033 , 139.07 , 138.99
7.035 , 139.05 , 138.99
7.037 , 139.07 , 138.98
7.038 , 139.05 , 138.98
7.04 , 139.0 , 138.97
7.041 , 138.98 , 138.97
7.043 , 138.98 , 138.96
7.044 , 139.0 , 138.96
7.046 , 139.05 , 138.95
7.047 , 139.07 , 138.95
7.049 , 139.05 , 138.94
7.05 , 139.05 , 138.94
7.052 , 139.0 , 138.93
7.053 , 139.0 , 138.93
7.055 , 138.98 , 138.93
7.057 , 138.98 , 138.92
7.058 , 138.98 , 138.92
7.06 , 138.93 , 138.91
7.061 , 139.0 , 138.91
7.063 , 138.98 , 138.9
7.064 , 138.93 , 138.9
7.066 , 138.93 , 138.89
7.068 , 138.91 , 138.89
7.069 , 138.93 , 138.88
7.071 , 138.93 , 138.88
7.072 , 138.93 , 138.87
7.074 , 138.93 , 138.87
7.075 , 138.93 , 138.87
7.077 , 138.91 , 138.86
7.079 , 138.89 , 138.85
7.08 , 138.91 , 138.85
7.082 , 138.84 , 138.84
7.083 , 138.84 , 138.84
7.085 , 138.89 , 138.84
7.086 , 138.89 , 138.83
7.088 , 138.89 , 138.83
7.09 , 138.91 , 138.82
7.091 , 138.89 , 138.82
7.093 , 138.89 , 138.81
7.094 , 138.84 , 138.81
7.096 , 138.82 , 138.8
7.097 , 138.82 , 138.8
7.099 , 138.84 , 138.79
7.101 , 138.77 , 138.79
7.102 , 138.84 , 138.78
7.104 , 138.82 , 138.78
7.105 , 138.84 , 138.78
7.107 , 138.84 , 138.77
7.108 , 138.82 , 138.77
7.11 , 138.82 , 138.76
7.111 , 138.82 , 138.76
7.113 , 138.75 , 138.75
7.114 , 138.75 , 138.75
7.116 , 138.75 , 138.74
7.117 , 138.77 , 138.74
7.119 , 138.77 , 138.73
7.121 , 138.77 , 138.73
7.122 , 138.77 , 138.72
7.124 , 138.7 , 138.72
7.125 , 138.66 , 138.72
7.127 , 138.7 , 138.71
7.128 , 138.75 , 138.71
7.13 , 138.75 , 138.7
7.131 , 138.75 , 138.7
7.133 , 138.75 , 138.69
7.134 , 138.75 , 138.69
7.136 , 138.75 , 138.68
7.137 , 138.66 , 138.68
7.139 , 138.66 , 138.67
7.141 , 138.66 , 138.67
7.142 , 138.61 , 138.66
7.144 , 138.61 , 138.66
7.145 , 138.59 , 138.66
7.147 , 138.61 , 138.65
7.148 , 138.66 , 138.65
7.15 , 138.61 , 138.64
7.151 , 138.59 , 138.64
7.153 , 138.54 , 138.63
7.154 , 138.54 , 138.63
7.156 , 138.54 , 138.62
7.158 , 138.59 , 138.62
7.159 , 138.54 , 138.61
7.161 , 138.59 , 138.61
7.162 , 138.61 , 138.6
7.164 , 138.59 , 138.6
7.173 , 138.54 , 138.57
7.175 , 138.52 , 138.57
7.176 , 138.54 , 138.56
7.178 , 138.52 , 138.56
7.18 , 138.45 , 138.55
7.181 , 138.45 , 138.55
7.183 , 138.45 , 138.54
7.184 , 138.45 , 138.54
7.186 , 138.5 , 138.53
7.187 , 138.5 , 138.53
7.189 , 138.52 , 138.52
7.19 , 138.52 , 138.52
7.192 , 138.45 , 138.51
7.194 , 138.5 , 138.51
7.195 , 138.43 , 138.51
7.197 , 138.43 , 138.5
7.198 , 138.45 , 138.5
7.2 , 138.45 , 138.49
7.201 , 138.43 , 138.49
7.203 , 138.45 , 138.48
7.204 , 138.43 , 138.48
7.206 , 138.43 , 138.47
7.208 , 138.43 , 138.47
7.209 , 138.38 , 138.46
7.211 , 138.38 , 138.46
7.212 , 138.43 , 138.45
7.214 , 138.38 , 138.45
7.215 , 138.38 , 138.45
7.217 , 138.43 , 138.44
7.218 , 138.38 , 138.44
7.22 , 138.38 , 138.43
7.221 , 138.36 , 138.43
7.223 , 138.36 , 138.42
7.224 , 138.32 , 138.42
7.226 , 138.36 , 138.41
7.227 , 138.36 , 138.41
7.229 , 138.36 , 138.4
7.23 , 138.36 , 138.4
7.232 , 138.38 , 138.39
7.234 , 138.38 , 138.39
7.235 , 138.32 , 138.39
7.237 , 138.29 , 138.38
7.238 , 138.29 , 138.38
7.24 , 138.29 , 138.37
7.241 , 138.32 , 138.37
7.243 , 138.32 , 138.36
7.244 , 138.29 , 138.36
7.246 , 138.32 , 138.35
7.247 , 138.32 , 138.35
7.249 , 138.32 , 138.34
7.25 , 138.29 , 138.34
7.252 , 138.29 , 138.33
7.254 , 138.27 , 138.33
7.255 , 138.22 , 138.33
7.256 , 138.27 , 138.32
7.258 , 138.27 , 138.32
7.26 , 138.27 , 138.31
7.261 , 138.27 , 138.31
7.263 , 138.22 , 138.3
7.264 , 138.22 , 138.3
7.266 , 138.22 , 138.29
7.267 , 138.2 , 138.29
7.269 , 138.2 , 138.28
7.27 , 138.16 , 138.28
7.272 , 138.22 , 138.27
7.273 , 138.2 , 138.27
7.275 , 138.22 , 138.26
7.276 , 138.2 , 138.26
7.278 , 138.2 , 138.26
7.28 , 138.16 , 138.25
7.281 , 138.16 , 138.25
7.283 , 138.2 , 138.24
7.284 , 138.2 , 138.24
7.286 , 138.16 , 138.23
7.287 , 138.16 , 138.23
7.289 , 138.2 , 138.22
7.29 , 138.16 , 138.22
7.292 , 138.16 , 138.21
7.293 , 138.13 , 138.21
7.295 , 138.13 , 138.2
7.296 , 138.11 , 138.2
7.298 , 138.13 , 138.2
7.299 , 138.11 , 138.19
7.301 , 138.13 , 138.19
7.302 , 138.13 , 138.18
7.304 , 138.13 , 138.18
7.305 , 138.11 , 138.17
7.307 , 138.13 , 138.17
7.309 , 138.11 , 138.16
7.31 , 138.11 , 138.16
7.312 , 138.11 , 138.15
7.313 , 138.11 , 138.15
7.315 , 138.04 , 138.14
7.316 , 138.04 , 138.14
7.318 , 138.04 , 138.14
7.319 , 138.02 , 138.13
7.321 , 138.02 , 138.13
7.322 , 137.97 , 138.12
7.324 , 137.95 , 138.12
7.325 , 138.04 , 138.11
7.327 , 138.11 , 138.11
7.328 , 138.04 , 138.11
7.33 , 138.11 , 138.1
7.331 , 138.02 , 138.1
7.333 , 138.04 , 138.09
7.335 , 138.04 , 138.08
7.336 , 138.04 , 138.08
7.338 , 138.04 , 138.08
7.339 , 137.97 , 138.07
7.341 , 137.95 , 138.07
7.342 , 137.95 , 138.06
7.344 , 137.95 , 138.06
7.345 , 137.95 , 138.05
7.347 , 137.95 , 138.05
7.348 , 137.95 , 138.05
7.35 , 138.02 , 138.04
7.352 , 137.97 , 138.03
7.353 , 137.93 , 138.03
7.355 , 137.95 , 138.02
7.356 , 137.95 , 138.02
7.358 , 137.95 , 138.02
7.359 , 137.95 , 138.01
7.361 , 137.93 , 138.01
7.362 , 137.95 , 138.0
7.364 , 137.88 , 138.0
7.366 , 137.93 , 137.99
7.367 , 137.93 , 137.99
7.369 , 137.88 , 137.98
7.37 , 137.88 , 137.98
7.372 , 137.93 , 137.97
7.373 , 137.93 , 137.97
7.375 , 137.93 , 137.96
7.376 , 137.93 , 137.96
7.378 , 137.93 , 137.96
7.38 , 137.93 , 137.95
7.381 , 137.86 , 137.95
7.383 , 137.88 , 137.94
7.384 , 137.88 , 137.94
7.386 , 137.97 , 137.93
7.387 , 138.11 , 137.93
7.389 , 138.22 , 137.92
7.39 , 138.38 , 137.92
7.392 , 138.61 , 137.91
7.393 , 138.77 , 137.91
7.395 , 138.82 , 137.9
7.397 , 138.82 , 137.9
7.398 , 138.82 , 137.9
7.4 , 138.66 , 137.89
7.401 , 138.52 , 137.89
7.403 , 138.43 , 137.88
7.404 , 138.22 , 137.88
7.406 , 137.95 , 137.87
7.407 , 137.81 , 137.87
7.409 , 137.63 , 137.86
7.411 , 137.58 , 137.86
7.412 , 137.56 , 137.85
7.414 , 137.65 , 137.85
7.415 , 137.72 , 137.84
7.417 , 137.79 , 137.84
7.418 , 137.88 , 137.84
7.42 , 138.02 , 137.83
7.421 , 138.11 , 137.83
7.423 , 138.16 , 137.82
7.424 , 138.16 , 137.82
7.426 , 138.2 , 137.81
7.427 , 138.13 , 137.81
7.429 , 138.11 , 137.8
7.43 , 138.04 , 137.8
7.432 , 137.95 , 137.79
7.434 , 137.95 , 137.79
7.435 , 137.88 , 137.78
7.437 , 137.86 , 137.78
7.438 , 137.86 , 137.78
7.44 , 137.86 , 137.77
7.441 , 137.88 , 137.77
7.443 , 137.88 , 137.76
7.444 , 137.88 , 137.76
7.446 , 137.93 , 137.75
7.448 , 137.93 , 137.75
7.449 , 137.95 , 137.74
7.451 , 137.88 , 137.74
7.452 , 137.88 , 137.73
7.454 , 137.86 , 137.73
7.455 , 137.81 , 137.72
7.457 , 137.86 , 137.72
7.458 , 137.81 , 137.72
7.46 , 137.86 , 137.71
7.461 , 137.86 , 137.71
7.463 , 137.81 , 137.7
7.465 , 137.86 , 137.69
7.466 , 137.86 , 137.69
7.468 , 137.88 , 137.69
7.469 , 137.86 , 137.68
7.471 , 137.81 , 137.68
7.472 , 137.81 , 137.67
7.474 , 137.79 , 137.67
7.475 , 137.79 , 137.66
7.477 , 137.79 , 137.66
7.479 , 137.79 , 137.65
7.48 , 137.79 , 137.65
7.482 , 137.74 , 137.64
7.483 , 137.81 , 137.64
7.485 , 137.74 , 137.63
7.486 , 137.74 , 137.63
7.488 , 137.79 , 137.63
7.49 , 137.79 , 137.62
7.491 , 137.79 , 137.62
7.493 , 137.74 , 137.61
7.494 , 137.74 , 137.61
7.496 , 137.74 , 137.6
7.497 , 137.72 , 137.6
7.499 , 137.72 , 137.59
7.5 , 137.72 , 137.59
7.502 , 137.72 , 137.58
7.503 , 137.7 , 137.58
7.505 , 137.72 , 137.57
7.506 , 137.7 , 137.57
7.508 , 137.72 , 137.57
7.509 , 137.72 , 137.56
7.511 , 137.72 , 137.56
7.513 , 137.72 , 137.55
7.514 , 137.65 , 137.55
7.516 , 137.7 , 137.54
7.517 , 137.7 , 137.54
7.519 , 137.7 , 137.53
7.52 , 137.7 , 137.53
7.522 , 137.7 , 137.52
7.524 , 137.72 , 137.52
7.525 , 137.72 , 137.51
7.527 , 137.7 , 137.51
7.528 , 137.7 , 137.51
7.53 , 137.7 , 137.5
7.531 , 137.65 , 137.5
7.533 , 137.7 , 137.49
7.534 , 137.7 , 137.49
7.536 , 137.63 , 137.48
7.538 , 137.58 , 137.48
7.539 , 137.63 , 137.47
7.541 , 137.63 , 137.47
7.542 , 137.63 , 137.46
7.544 , 137.58 , 137.46
7.545 , 137.58 , 137.45
7.547 , 137.65 , 137.45
7.548 , 137.65 , 137.45
7.55 , 137.63 , 137.44
7.551 , 137.58 , 137.44
7.553 , 137.56 , 137.43
7.555 , 137.58 , 137.42
7.556 , 137.54 , 137.42
7.558 , 137.56 , 137.42
7.559 , 137.56 , 137.41
7.561 , 137.56 , 137.41
7.562 , 137.56 , 137.4
7.564 , 137.58 , 137.4
7.565 , 137.56 , 137.39
7.567 , 137.56 , 137.39
7.569 , 137.54 , 137.38
7.57 , 137.54 , 137.38
7.572 , 137.54 , 137.37
7.573 , 137.54 , 137.37
7.575 , 137.54 , 137.36
7.577 , 137.49 , 137.36
7.578 , 137.49 , 137.36
7.58 , 137.49 , 137.35
7.581 , 137.54 , 137.35
7.583 , 137.54 , 137.34
7.584 , 137.49 , 137.34
7.586 , 137.49 , 137.33
7.587 , 137.47 , 137.33
7.589 , 137.49 , 137.32
7.59 , 137.47 , 137.32
7.592 , 137.49 , 137.31
7.593 , 137.42 , 137.31
7.595 , 137.4 , 137.3
7.596 , 137.35 , 137.3
7.598 , 137.35 , 137.3
7.599 , 137.35 , 137.29
7.601 , 137.35 , 137.29
7.603 , 137.35 , 137.28
7.604 , 137.49 , 137.28
7.606 , 137.56 , 137.27
7.607 , 137.54 , 137.27
7.609 , 137.49 , 137.26
7.61 , 137.49 , 137.26
7.612 , 137.47 , 137.25
7.613 , 137.4 , 137.25
7.615 , 137.35 , 137.24
7.616 , 137.31 , 137.24
7.618 , 137.26 , 137.24
7.619 , 137.31 , 137.23
7.621 , 137.24 , 137.23
7.623 , 137.24 , 137.22
7.624 , 137.19 , 137.22
7.626 , 137.26 , 137.21
7.627 , 137.33 , 137.21
7.629 , 137.33 , 137.2
7.63 , 137.31 , 137.2
7.632 , 137.31 , 137.19
7.633 , 137.31 , 137.19
7.635 , 137.31 , 137.18
7.636 , 137.26 , 137.18
7.638 , 137.26 , 137.18
7.639 , 137.19 , 137.17
7.641 , 137.19 , 137.17
7.643 , 137.24 , 137.16
7.644 , 137.24 , 137.16
7.646 , 137.19 , 137.15
7.647 , 137.19 , 137.15
7.649 , 137.17 , 137.14
7.65 , 137.24 , 137.14
7.652 , 137.24 , 137.13
7.653 , 137.24 , 137.13
7.655 , 137.19 , 137.12
7.656 , 137.15 , 137.12
7.658 , 137.15 , 137.11
7.659 , 137.1 , 137.11
7.661 , 137.17 , 137.11
7.663 , 137.15 , 137.1
7.664 , 137.15 , 137.1
7.666 , 137.15 , 137.09
7.667 , 137.15 , 137.09
7.669 , 137.17 , 137.08
7.67 , 137.15 , 137.08
7.672 , 137.15 , 137.07
7.673 , 137.08 , 137.07
7.675 , 137.08 , 137.06
7.677 , 137.15 , 137.06
7.678 , 137.15 , 137.05
7.68 , 137.08 , 137.05
7.681 , 137.03 , 137.05
7.683 , 137.08 , 137.04
7.684 , 137.08 , 137.04
7.686 , 137.08 , 137.03
7.687 , 137.1 , 137.03
7.689 , 137.03 , 137.02
7.69 , 137.03 , 137.02
7.692 , 137.03 , 137.01
7.693 , 137.03 , 137.01
7.695 , 137.03 , 137.0
7.697 , 137.01 , 137.0
7.698 , 137.01 , 136.99
7.7 , 136.94 , 136.99
7.701 , 136.99 , 136.99
7.703 , 137.01 , 136.98
7.704 , 137.03 , 136.98
7.706 , 137.01 , 136.97
7.708 , 136.94 , 136.96
7.709 , 137.01 , 136.96
7.711 , 137.01 , 136.96
7.712 , 137.03 , 136.95
7.714 , 136.99 , 136.95
7.715 , 136.99 , 136.94
7.717 , 136.94 , 136.94
7.718 , 136.99 , 136.93
7.72 , 136.99 , 136.93
7.721 , 136.94 , 136.93
7.723 , 136.99 , 136.92
7.725 , 136.94 , 136.91
7.726 , 136.92 , 136.91
7.728 , 136.92 , 136.9
7.729 , 136.92 , 136.9
7.731 , 136.87 , 136.9
7.732 , 136.85 , 136.89
7.734 , 136.87 , 136.89
7.736 , 136.87 , 136.88
7.737 , 136.87 , 136.88
7.739 , 136.87 , 136.87
7.74 , 136.92 , 136.87
7.742 , 136.92 , 136.86
7.744 , 136.87 , 136.86
7.745 , 136.87 , 136.85
7.747 , 136.87 , 136.85
7.748 , 136.87 , 136.84
7.75 , 136.85 , 136.84
7.751 , 136.85 , 136.84
7.753 , 136.85 , 136.83
7.754 , 136.78 , 136.83
7.756 , 136.78 , 136.82
7.757 , 136.78 , 136.82
7.759 , 136.78 , 136.81
7.761 , 136.78 , 136.81
7.762 , 136.78 , 136.8
7.764 , 136.8 , 136.8
7.765 , 136.8 , 136.79
7.767 , 136.76 , 136.79
7.769 , 136.76 , 136.78
7.77 , 136.78 , 136.78
7.772 , 136.78 , 136.77
7.773 , 136.78 , 136.77
7.775 , 136.76 , 136.76
7.777 , 136.76 , 136.76
7.778 , 136.76 , 136.75
7.78 , 136.76 , 136.75
7.781 , 136.67 , 136.75
7.783 , 136.71 , 136.74
7.784 , 136.71 , 136.74
7.786 , 136.71 , 136.73
7.787 , 136.71 , 136.73
7.789 , 136.71 , 136.72
7.79 , 136.62 , 136.72
7.792 , 136.62 , 136.71
7.794 , 136.71 , 136.71
7.795 , 136.67 , 136.7
7.797 , 136.67 , 136.7
7.798 , 136.62 , 136.69
7.8 , 136.67 , 136.69
7.801 , 136.62 , 136.69
7.803 , 136.6 , 136.68
7.804 , 136.62 , 136.68
7.806 , 136.67 , 136.67
7.808 , 136.62 , 136.66
7.809 , 136.6 , 136.66
7.811 , 136.62 , 136.66
7.812 , 136.62 , 136.65
7.814 , 136.62 , 136.65
7.815 , 136.58 , 136.64
7.817 , 136.6 , 136.64
7.818 , 136.58 , 136.63
7.82 , 136.58 , 136.63
7.821 , 136.6 , 136.63
7.823 , 136.6 , 136.62
7.824 , 136.6 , 136.62
7.826 , 136.6 , 136.61
7.827 , 136.51 , 136.61
7.829 , 136.51 , 136.6
7.831 , 136.51 , 136.6
7.832 , 136.53 , 136.59
7.834 , 136.53 , 136.59
7.835 , 136.51 , 136.58
7.837 , 136.53 , 136.58
7.839 , 136.51 , 136.57
7.84 , 136.51 , 136.57
7.842 , 136.51 , 136.56
7.843 , 136.51 , 136.56
7.845 , 136.53 , 136.55
7.846 , 136.53 , 136.55
7.848 , 136.53 , 136.54
7.849 , 136.53 , 136.54
7.851 , 136.46 , 136.54
7.853 , 136.46 , 136.53
7.854 , 136.44 , 136.53
7.856 , 136.44 , 136.52
7.857 , 136.46 , 136.52
7.859 , 136.44 , 136.51
7.86 , 136.44 , 136.51
7.862 , 136.46 , 136.5
7.863 , 136.46 , 136.5
7.865 , 136.44 , 136.49
7.866 , 136.44 , 136.49
7.868 , 136.44 , 136.48
7.869 , 136.44 , 136.48
7.871 , 136.44 , 136.48
7.873 , 136.42 , 136.47
7.874 , 136.42 , 136.47
7.876 , 136.37 , 136.46
7.877 , 136.42 , 136.46
7.879 , 136.42 , 136.45
7.88 , 136.42 , 136.45
7.882 , 136.35 , 136.44
7.883 , 136.42 , 136.44
7.885 , 136.37 , 136.43
7.886 , 136.37 , 136.43
7.888 , 136.35 , 136.42
7.89 , 136.35 , 136.42
7.891 , 136.35 , 136.42
7.893 , 136.35 , 136.41
7.894 , 136.3 , 136.41
7.896 , 136.35 , 136.4
7.897 , 136.35 , 136.4
7.899 , 136.3 , 136.39
7.9 , 136.3 , 136.39
7.902 , 136.28 , 136.38
7.904 , 136.28 , 136.38
7.905 , 136.28 , 136.37
7.907 , 136.3 , 136.37
7.908 , 136.35 , 136.36
7.91 , 136.3 , 136.36
7.911 , 136.28 , 136.36
7.913 , 136.28 , 136.35
7.914 , 136.28 , 136.35
7.916 , 136.28 , 136.34
7.917 , 136.28 , 136.34
7.919 , 136.23 , 136.33
7.921 , 136.23 , 136.33
7.922 , 136.23 , 136.32
7.924 , 136.23 , 136.32
7.925 , 136.19 , 136.31
7.927 , 136.21 , 136.31
7.928 , 136.23 , 136.3
7.93 , 136.21 , 136.3
7.931 , 136.21 , 136.3
7.933 , 136.23 , 136.29
7.934 , 136.21 , 136.29
7.936 , 136.19 , 136.28
7.937 , 136.21 , 136.28
7.939 , 136.21 , 136.27
7.94 , 136.21 , 136.27
7.942 , 136.21 , 136.26
7.943 , 136.19 , 136.26
7.945 , 136.14 , 136.25
7.946 , 136.19 , 136.25
7.948 , 136.14 , 136.24
7.95 , 136.14 , 136.24
7.951 , 136.12 , 136.24
7.953 , 136.12 , 136.23
7.954 , 136.14 , 136.23
7.956 , 136.12 , 136.22
7.957 , 136.07 , 136.22
7.959 , 136.12 , 136.21
7.96 , 136.12 , 136.21
7.962 , 136.07 , 136.2
7.963 , 136.12 , 136.2
7.965 , 136.12 , 136.19
7.967 , 136.12 , 136.19
7.968 , 136.14 , 136.18
7.97 , 136.12 , 136.18
7.971 , 136.07 , 136.18
7.973 , 136.05 , 136.17
7.974 , 136.05 , 136.17
7.976 , 136.07 , 136.16
7.977 , 136.03 , 136.16
7.979 , 136.05 , 136.15
7.981 , 136.05 , 136.15
7.982 , 136.05 , 136.14
7.984 , 136.03 , 136.14
7.985 , 136.03 , 136.13
7.987 , 135.98 , 136.13
7.988 , 135.98 , 136.12
7.99 , 136.03 , 136.12
7.992 , 136.03 , 136.11
7.993 , 136.03 , 136.11
7.995 , 136.03 , 136.1
7.996 , 135.98 , 136.1
7.998 , 135.98 , 136.09
7.999 , 135.98 , 136.09
8.001 , 135.96 , 136.08
8.002 , 135.98 , 136.08
8.004 , 135.98 , 136.08
8.006 , 135.98 , 136.07
8.007 , 135.98 , 136.07
8.009 , 135.96 , 136.06
8.01 , 135.98 , 136.06
8.012 , 135.96 , 136.05
8.013 , 135.96 , 136.05
8.015 , 135.96 , 136.04
8.016 , 135.96 , 136.04
8.018 , 135.96 , 136.03
8.019 , 135.91 , 136.03
8.021 , 135.89 , 136.02
8.022 , 135.89 , 136.02
8.024 , 135.84 , 136.02
8.026 , 135.91 , 136.01
8.027 , 135.89 , 136.01
8.029 , 135.91 , 136.0
8.03 , 135.91 , 136.0
8.032 , 135.91 , 135.99
8.033 , 135.89 , 135.99
8.035 , 135.89 , 135.98
8.036 , 135.89 , 135.98
8.038 , 135.89 , 135.97
8.039 , 135.84 , 135.97
8.041 , 135.89 , 135.96
8.042 , 135.89 , 135.96
8.044 , 135.84 , 135.96
8.046 , 135.82 , 135.95
8.047 , 135.8 , 135.95
8.049 , 135.82 , 135.94
8.05 , 135.82 , 135.94
8.052 , 135.84 , 135.93
8.053 , 135.8 , 135.93
8.055 , 135.82 , 135.92
8.056 , 135.84 , 135.92
8.058 , 135.75 , 135.91
8.068 , 135.8 , 135.88
8.069 , 135.75 , 135.88
8.071 , 135.66 , 135.87
8.072 , 135.68 , 135.87
8.074 , 135.73 , 135.87
8.075 , 135.73 , 135.86
8.077 , 135.73 , 135.86
8.079 , 135.73 , 135.85
8.08 , 135.75 , 135.85
8.082 , 135.75 , 135.84
8.083 , 135.73 , 135.84
8.085 , 135.75 , 135.83
8.086 , 135.75 , 135.83
8.088 , 135.75 , 135.82
8.089 , 135.68 , 135.82
8.091 , 135.73 , 135.81
8.092 , 135.68 , 135.81
8.094 , 135.68 , 135.81
8.096 , 135.66 , 135.8
8.097 , 135.66 , 135.8
8.099 , 135.66 , 135.79
8.1 , 135.66 , 135.79
8.102 , 135.66 , 135.78
8.103 , 135.66 , 135.78
8.105 , 135.64 , 135.77
8.106 , 135.68 , 135.77
8.108 , 135.68 , 135.76
8.11 , 135.73 , 135.76
8.111 , 135.68 , 135.75
8.113 , 135.66 , 135.75
8.114 , 135.66 , 135.75
8.116 , 135.64 , 135.74
8.117 , 135.59 , 135.74
8.119 , 135.59 , 135.73
8.12 , 135.64 , 135.73
8.122 , 135.64 , 135.72
8.123 , 135.64 , 135.72
8.125 , 135.59 , 135.71
8.127 , 135.59 , 135.71
8.128 , 135.66 , 135.7
8.13 , 135.64 , 135.7
8.131 , 135.64 , 135.69
8.133 , 135.59 , 135.69
8.134 , 135.64 , 135.69
8.136 , 135.66 , 135.68
8.137 , 135.8 , 135.68
8.139 , 135.84 , 135.67
8.141 , 136.05 , 135.66
8.142 , 136.28 , 135.66
8.144 , 136.42 , 135.66
8.145 , 136.44 , 135.65
8.147 , 136.44 , 135.65
8.148 , 136.42 , 135.64
8.15 , 136.37 , 135.64
8.151 , 136.23 , 135.63
8.153 , 136.12 , 135.63
8.154 , 136.03 , 135.63
8.156 , 135.96 , 135.62
8.158 , 135.96 , 135.61
8.159 , 135.84 , 135.61
8.161 , 135.75 , 135.6
8.162 , 135.66 , 135.6
8.164 , 135.48 , 135.6
8.165 , 135.43 , 135.59
8.167 , 135.5 , 135.59
8.168 , 135.5 , 135.58
8.17 , 135.5 , 135.58
8.171 , 135.57 , 135.57
8.173 , 135.64 , 135.57
8.174 , 135.73 , 135.57
8.176 , 135.82 , 135.56
8.177 , 135.82 , 135.56
8.179 , 135.84 , 135.55
8.181 , 135.89 , 135.54
8.182 , 135.84 , 135.54
8.184 , 135.84 , 135.54
8.185 , 135.82 , 135.53
8.187 , 135.75 , 135.53
8.188 , 135.73 , 135.52
8.19 , 135.68 , 135.52
8.191 , 135.66 , 135.51
8.193 , 135.66 , 135.51
8.195 , 135.66 , 135.5
8.196 , 135.64 , 135.5
8.198 , 135.64 , 135.49
8.199 , 135.68 , 135.49
8.201 , 135.66 , 135.48
8.202 , 135.66 , 135.48
8.204 , 135.68 , 135.48
8.205 , 135.68 , 135.47
8.207 , 135.68 , 135.47
8.209 , 135.66 , 135.46
8.21 , 135.66 , 135.46
8.212 , 135.66 , 135.45
8.213 , 135.64 , 135.45
8.215 , 135.64 , 135.44
8.216 , 135.64 , 135.44
8.218 , 135.64 , 135.43
8.219 , 135.59 , 135.43
8.221 , 135.59 , 135.42
8.223 , 135.59 , 135.42
8.224 , 135.59 , 135.42
8.226 , 135.64 , 135.41
8.227 , 135.57 , 135.41
8.229 , 135.59 , 135.4
8.23 , 135.59 , 135.4
8.232 , 135.59 , 135.39
8.234 , 135.57 , 135.39
8.235 , 135.57 , 135.38
8.237 , 135.57 , 135.38
8.238 , 135.52 , 135.37
8.24 , 135.52 , 135.37
8.241 , 135.5 , 135.36
8.243 , 135.52 , 135.36
8.244 , 135.52 , 135.36
8.246 , 135.5 , 135.35
8.247 , 135.52 , 135.35
8.249 , 135.5 , 135.34
8.25 , 135.57 , 135.34
8.252 , 135.48 , 135.33
8.253 , 135.52 , 135.33
8.255 , 135.48 , 135.32
8.256 , 135.48 , 135.32
8.258 , 135.48 , 135.31
8.259 , 135.43 , 135.31
8.261 , 135.48 , 135.3
8.263 , 135.48 , 135.3
8.264 , 135.48 , 135.3
8.266 , 135.48 , 135.29
8.267 , 135.41 , 135.29
8.269 , 135.48 , 135.28
8.27 , 135.43 , 135.28
8.272 , 135.43 , 135.27
8.273 , 135.43 , 135.27
8.275 , 135.41 , 135.26
8.276 , 135.41 , 135.26
8.278 , 135.41 , 135.25
8.28 , 135.36 , 135.25
8.281 , 135.36 , 135.24
8.283 , 135.41 , 135.24
8.284 , 135.41 , 135.24
8.286 , 135.36 , 135.23
8.287 , 135.36 , 135.23
8.289 , 135.36 , 135.22
8.29 , 135.36 , 135.22
8.292 , 135.36 , 135.21
8.293 , 135.34 , 135.21
8.295 , 135.34 , 135.2
8.296 , 135.29 , 135.2
8.298 , 135.34 , 135.19
8.299 , 135.29 , 135.19
8.301 , 135.34 , 135.18
8.303 , 135.34 , 135.18
8.304 , 135.29 , 135.18
8.306 , 135.29 , 135.17
8.307 , 135.34 , 135.17
8.309 , 135.29 , 135.16
8.31 , 135.29 , 135.16
8.312 , 135.27 , 135.15
8.313 , 135.27 , 135.15
8.315 , 135.27 , 135.14
8.316 , 135.27 , 135.14
8.318 , 135.27 , 135.13
8.32 , 135.25 , 135.13
8.321 , 135.25 , 135.12
8.323 , 135.25 , 135.12
8.324 , 135.27 , 135.12
8.326 , 135.27 , 135.11
8.327 , 135.27 , 135.11
8.329 , 135.25 , 135.1
8.33 , 135.27 , 135.1
8.332 , 135.25 , 135.09
8.333 , 135.2 , 135.09
8.335 , 135.2 , 135.08
8.336 , 135.25 , 135.08
8.338 , 135.18 , 135.07
8.339 , 135.18 , 135.07
8.341 , 135.2 , 135.06
8.342 , 135.18 , 135.06
8.344 , 135.18 , 135.06
8.346 , 135.18 , 135.05
8.347 , 135.13 , 135.05
8.349 , 135.13 , 135.04
8.35 , 135.11 , 135.04
8.352 , 135.13 , 135.03
8.353 , 135.18 , 135.03
8.355 , 135.27 , 135.02
8.356 , 135.25 , 135.02
8.358 , 135.27 , 135.01
8.359 , 135.27 , 135.01
8.361 , 135.25 , 135.0
8.362 , 135.18 , 135.0
8.364 , 135.18 , 135.0
8.365 , 135.11 , 134.99
8.367 , 135.11 , 134.99
8.368 , 135.09 , 134.98
8.37 , 135.02 , 134.98
8.372 , 135.02 , 134.97
8.373 , 135.04 , 134.97
8.375 , 135.09 , 134.96
8.376 , 135.04 , 134.96
8.378 , 135.04 , 134.95
8.379 , 135.13 , 134.95
8.381 , 135.11 , 134.94
8.382 , 135.11 , 134.94
8.384 , 135.09 , 134.93
8.385 , 135.09 , 134.93
8.387 , 135.11 , 134.93
8.389 , 135.09 , 134.92
8.39 , 135.04 , 134.92
8.392 , 135.02 , 134.91
8.393 , 135.02 , 134.91
8.395 , 135.02 , 134.9
8.396 , 135.02 , 134.9
8.398 , 134.97 , 134.89
8.399 , 134.95 , 134.89
8.401 , 134.95 , 134.88
8.402 , 134.97 , 134.88
8.404 , 134.97 , 134.87
8.405 , 134.97 , 134.87
8.407 , 134.95 , 134.87
8.409 , 134.97 , 134.86
8.41 , 135.04 , 134.86
8.412 , 134.97 , 134.85
8.413 , 134.97 , 134.85
8.415 , 134.95 , 134.84
8.416 , 134.93 , 134.84
8.418 , 134.93 , 134.83
8.419 , 134.88 , 134.83
8.421 , 134.93 , 134.82
8.423 , 134.93 , 134.82
8.424 , 134.88 , 134.81
8.426 , 134.88 , 134.81
8.427 , 134.88 , 134.81
8.429 , 134.93 , 134.8
8.43 , 134.88 , 134.8
8.432 , 134.88 , 134.79
8.433 , 134.81 , 134.79
8.435 , 134.86 , 134.78
8.436 , 134.81 , 134.78
8.438 , 134.81 , 134.77
8.44 , 134.79 , 134.77
8.441 , 134.79 , 134.76
8.443 , 134.81 , 134.76
8.444 , 134.81 , 134.75
8.446 , 134.86 , 134.75
8.448 , 134.79 , 134.74
8.449 , 134.81 , 134.74
8.451 , 134.81 , 134.73
8.452 , 134.81 , 134.73
8.454 , 134.79 , 134.72
8.455 , 134.74 , 134.72
8.457 , 134.79 , 134.72
8.458 , 134.72 , 134.71
8.46 , 134.74 , 134.71
8.461 , 134.7 , 134.7
8.463 , 134.7 , 134.7
8.464 , 134.74 , 134.69
8.466 , 134.74 , 134.69
8.468 , 134.79 , 134.68
8.469 , 134.74 , 134.68
8.471 , 134.79 , 134.67
8.472 , 134.72 , 134.67
8.474 , 134.7 , 134.66
8.475 , 134.7 , 134.66
8.477 , 134.7 , 134.66
8.478 , 134.72 , 134.65
8.48 , 134.7 , 134.65
8.482 , 134.65 , 134.64
8.483 , 134.65 , 134.64
8.485 , 134.58 , 134.63
8.486 , 134.65 , 134.63
8.488 , 134.65 , 134.62
8.49 , 134.7 , 134.62
8.491 , 134.7 , 134.61
8.493 , 134.56 , 134.61
8.494 , 134.65 , 134.6
8.496 , 134.58 , 134.6
8.497 , 134.58 , 134.6
8.499 , 134.58 , 134.59
8.5 , 134.56 , 134.59
8.502 , 134.56 , 134.58
8.503 , 134.54 , 134.58
8.505 , 134.54 , 134.57
8.506 , 134.56 , 134.57
8.508 , 134.56 , 134.56
8.51 , 134.58 , 134.56
8.511 , 134.56 , 134.55
8.513 , 134.54 , 134.55
8.514 , 134.49 , 134.54
8.516 , 134.49 , 134.54
8.517 , 134.54 , 134.54
8.519 , 134.49 , 134.53
8.52 , 134.49 , 134.53
8.522 , 134.49 , 134.52
8.523 , 134.49 , 134.52
8.525 , 134.49 , 134.51
8.526 , 134.54 , 134.51
8.528 , 134.54 , 134.5
8.53 , 134.49 , 134.5
8.531 , 134.47 , 134.49
8.533 , 134.47 , 134.49
8.534 , 134.4 , 134.48
8.536 , 134.4 , 134.48
8.537 , 134.4 , 134.48
8.539 , 134.36 , 134.47
8.54 , 134.4 , 134.47
8.542 , 134.4 , 134.46
8.544 , 134.4 , 134.45
8.545 , 134.4 , 134.45
8.547 , 134.42 , 134.45
8.548 , 134.4 , 134.44
8.55 , 134.42 , 134.44
8.551 , 134.42 , 134.43
8.553 , 134.36 , 134.43
8.554 , 134.33 , 134.42
8.556 , 134.33 , 134.42
8.558 , 134.33 , 134.41
8.559 , 134.36 , 134.41
8.561 , 134.36 , 134.4
8.562 , 134.31 , 134.4
8.564 , 134.31 , 134.39
8.565 , 134.26 , 134.39
8.567 , 134.33 , 134.39
8.568 , 134.33 , 134.38
8.57 , 134.33 , 134.38
8.571 , 134.33 , 134.37
8.573 , 134.33 , 134.37
8.574 , 134.24 , 134.36
8.576 , 134.31 , 134.36
8.578 , 134.26 , 134.35
8.579 , 134.26 , 134.35
8.581 , 134.24 , 134.34
8.582 , 134.24 , 134.34
8.584 , 134.2 , 134.33
8.585 , 134.26 , 134.33
8.587 , 134.26 , 134.33
8.588 , 134.26 , 134.32
8.59 , 134.24 , 134.32
8.591 , 134.2 , 134.31
8.593 , 134.2 , 134.31
8.594 , 134.17 , 134.3
8.596 , 134.24 , 134.3
8.597 , 134.2 , 134.3
8.599 , 134.2 , 134.29
8.601 , 134.17 , 134.28
8.602 , 134.17 , 134.28
8.604 , 134.17 , 134.27
8.605 , 134.24 , 134.27
8.607 , 134.2 , 134.27
8.608 , 134.2 , 134.26
8.61 , 134.2 , 134.26
8.612 , 134.17 , 134.25
8.613 , 134.15 , 134.25
8.615 , 134.15 , 134.24
8.616 , 134.15 , 134.24
8.618 , 134.1 , 134.23
8.619 , 134.1 , 134.23
8.621 , 134.1 , 134.22
8.622 , 134.1 , 134.22
8.624 , 134.1 , 134.21
8.625 , 134.1 , 134.21
8.627 , 134.1 , 134.21
8.628 , 134.1 , 134.2
8.63 , 134.15 , 134.2
8.631 , 134.15 , 134.19
8.633 , 134.15 , 134.19
8.634 , 134.04 , 134.18
8.636 , 134.08 , 134.18
8.637 , 134.04 , 134.18
8.639 , 134.04 , 134.17
8.64 , 134.08 , 134.17
8.642 , 134.04 , 134.16
8.644 , 134.04 , 134.15
8.645 , 134.04 , 134.15
8.647 , 133.99 , 134.15
8.648 , 134.01 , 134.14
8.65 , 134.04 , 134.14
8.651 , 134.04 , 134.13
8.653 , 134.01 , 134.13
8.654 , 134.01 , 134.12
8.656 , 134.01 , 134.12
8.657 , 133.99 , 134.12
8.659 , 133.99 , 134.11
8.66 , 134.01 , 134.11
8.662 , 133.99 , 134.1
8.663 , 133.99 , 134.1
8.665 , 133.94 , 134.09
8.667 , 133.94 , 134.09
8.668 , 133.94 , 134.08
8.67 , 133.99 , 134.08
8.671 , 133.99 , 134.07
8.673 , 133.94 , 134.07
8.674 , 133.94 , 134.06
8.676 , 133.92 , 134.06
8.677 , 133.92 , 134.06
8.679 , 133.92 , 134.05
8.68 , 133.88 , 134.05
8.682 , 133.92 , 134.04
8.684 , 133.92 , 134.03
8.685 , 133.92 , 134.03
8.687 , 133.94 , 134.03
8.688 , 133.92 , 134.02
8.69 , 133.92 , 134.02
8.691 , 133.94 , 134.01
8.693 , 133.94 , 134.01
8.694 , 133.88 , 134.0
8.696 , 133.81 , 134.0
8.697 , 133.85 , 134.0
8.699 , 133.81 , 133.99
8.7 , 133.85 , 133.99
8.702 , 133.81 , 133.98
8.704 , 133.85 , 133.97
8.705 , 133.81 , 133.97
8.707 , 133.81 , 133.97
8.708 , 133.85 , 133.96
8.71 , 133.81 , 133.96
8.711 , 133.85 , 133.95
8.713 , 133.85 , 133.95
8.714 , 133.81 , 133.94
8.716 , 133.78 , 133.94
8.717 , 133.76 , 133.94
8.719 , 133.76 , 133.93
8.721 , 133.78 , 133.92
8.722 , 133.76 , 133.92
8.724 , 133.78 , 133.91
8.725 , 133.76 , 133.91
8.727 , 133.76 , 133.9
8.728 , 133.76 , 133.9
8.73 , 133.76 , 133.9
8.732 , 133.76 , 133.89
8.733 , 133.76 , 133.89
8.735 , 133.69 , 133.88
8.736 , 133.71 , 133.88
8.738 , 133.71 , 133.87
8.739 , 133.71 , 133.87
8.741 , 133.71 , 133.86
8.743 , 133.71 , 133.86
8.744 , 133.69 , 133.85
8.746 , 133.69 , 133.85
8.747 , 133.69 , 133.84
8.749 , 133.65 , 133.84
8.75 , 133.69 , 133.84
8.752 , 133.69 , 133.83
8.753 , 133.69 , 133.83
8.755 , 133.65 , 133.82
8.756 , 133.62 , 133.82
8.758 , 133.62 , 133.81
8.759 , 133.65 , 133.81
8.761 , 133.65 , 133.8
8.763 , 133.62 , 133.8
8.764 , 133.65 , 133.79
8.766 , 133.62 , 133.79
8.767 , 133.65 , 133.78
8.769 , 133.62 , 133.78
8.77 , 133.65 , 133.78
8.772 , 133.65 , 133.77
8.774 , 133.62 , 133.76
8.775 , 133.6 , 133.76
8.777 , 133.55 , 133.75
8.778 , 133.53 , 133.75
8.78 , 133.6 , 133.75
8.781 , 133.55 , 133.74
8.783 , 133.55 , 133.74
8.784 , 133.55 , 133.73
8.786 , 133.6 , 133.73
8.787 , 133.55 , 133.72
8.789 , 133.55 , 133.72
8.79 , 133.55 , 133.72
8.792 , 133.6 , 133.71
8.793 , 133.55 , 133.71
8.795 , 133.55 , 133.7
8.797 , 133.49 , 133.69
8.798 , 133.53 , 133.69
8.8 , 133.49 , 133.69
8.801 , 133.49 , 133.68
8.803 , 133.53 , 133.68
8.804 , 133.53 , 133.67
8.806 , 133.49 , 133.67
8.807 , 133.49 , 133.66
8.809 , 133.46 , 133.66
8.81 , 133.49 , 133.66
8.812 , 133.49 , 133.65
8.813 , 133.49 , 133.65
8.815 , 133.49 , 133.64
8.816 , 133.46 , 133.64
8.818 , 133.39 , 133.63
8.82 , 133.37 , 133.63
8.821 , 133.37 , 133.62
8.823 , 133.39 , 133.62
8.824 , 133.39 , 133.61
8.826 , 133.42 , 133.61
8.827 , 133.42 , 133.6
8.829 , 133.46 , 133.6
8.83 , 133.42 , 133.6
8.832 , 133.46 , 133.59
8.834 , 133.46 , 133.58
8.835 , 133.42 , 133.58
8.837 , 133.39 , 133.57
8.838 , 133.37 , 133.57
8.84 , 133.37 , 133.57
8.841 , 133.37 , 133.56
8.843 , 133.33 , 133.56
8.844 , 133.33 , 133.55
8.846 , 133.37 , 133.55
8.847 , 133.37 , 133.54
8.849 , 133.33 , 133.54
8.851 , 133.37 , 133.53
8.852 , 133.37 , 133.53
8.854 , 133.33 , 133.52
8.855 , 133.33 , 133.52
8.857 , 133.3 , 133.51
8.858 , 133.3 , 133.51
8.86 , 133.33 , 133.51
8.861 , 133.26 , 133.5
8.863 , 133.26 , 133.5
8.864 , 133.26 , 133.49
8.866 , 133.3 , 133.49
8.867 , 133.26 , 133.48
8.869 , 133.26 , 133.48
8.871 , 133.26 , 133.47
8.872 , 133.23 , 133.47
8.874 , 133.23 , 133.46
8.875 , 133.26 , 133.46
8.877 , 133.26 , 133.45
8.878 , 133.26 , 133.45
8.88 , 133.26 , 133.45
8.881 , 133.23 , 133.44
8.883 , 133.26 , 133.44
8.884 , 133.23 , 133.43
8.886 , 133.3 , 133.43
8.888 , 133.42 , 133.42
8.889 , 133.55 , 133.42
8.891 , 133.76 , 133.41
8.892 , 133.94 , 133.41
8.894 , 134.1 , 133.4
8.895 , 134.08 , 133.4
8.897 , 134.1 , 133.39
8.898 , 134.1 , 133.39
8.9 , 134.04 , 133.39
8.902 , 133.92 , 133.38
8.903 , 133.85 , 133.38
8.905 , 133.76 , 133.37
8.906 , 133.69 , 133.37
8.908 , 133.76 , 133.36
8.909 , 133.81 , 133.36
8.911 , 133.78 , 133.35
8.912 , 133.71 , 133.35
8.914 , 133.55 , 133.34
8.915 , 133.42 , 133.34
8.917 , 133.37 , 133.33
8.919 , 133.3 , 133.33
8.92 , 133.23 , 133.33
8.922 , 133.21 , 133.32
8.923 , 133.21 , 133.32
8.925 , 133.26 , 133.31
8.926 , 133.3 , 133.31
8.928 , 133.46 , 133.3
8.929 , 133.53 , 133.3
8.931 , 133.55 , 133.29
8.932 , 133.6 , 133.29
8.934 , 133.65 , 133.28
8.935 , 133.6 , 133.28
8.937 , 133.55 , 133.27
8.938 , 133.53 , 133.27
8.94 , 133.49 , 133.27
8.941 , 133.46 , 133.26
8.943 , 133.42 , 133.26
8.945 , 133.39 , 133.25
8.946 , 133.37 , 133.25
8.948 , 133.39 , 133.24
8.949 , 133.37 , 133.24
8.951 , 133.33 , 133.23
8.96 , 133.39 , 133.21
8.962 , 133.39 , 133.2
8.964 , 133.39 , 133.19
8.965 , 133.39 , 133.19
8.967 , 133.39 , 133.18
8.968 , 133.37 , 133.18
8.97 , 133.37 , 133.18
8.971 , 133.37 , 133.17
8.973 , 133.33 , 133.17
8.975 , 133.33 , 133.16
8.976 , 133.33 , 133.16
8.978 , 133.33 , 133.15
8.979 , 133.33 , 133.15
8.981 , 133.33 , 133.14
8.982 , 133.3 , 133.14
8.984 , 133.3 , 133.13
8.985 , 133.37 , 133.13
8.987 , 133.33 , 133.12
8.988 , 133.3 , 133.12
8.99 , 133.3 , 133.12
8.991 , 133.3 , 133.11
8.993 , 133.3 , 133.11
8.994 , 133.26 , 133.1
8.996 , 133.26 , 133.1
8.997 , 133.23 , 133.09
8.999 , 133.26 , 133.09
9.001 , 133.26 , 133.08
9.002 , 133.26 , 133.08
9.004 , 133.23 , 133.07
9.005 , 133.26 , 133.07
9.007 , 133.23 , 133.06
9.008 , 133.26 , 133.06
9.01 , 133.26 , 133.06
9.011 , 133.26 , 133.05
9.013 , 133.23 , 133.05
9.014 , 133.23 , 133.04
9.016 , 133.21 , 133.04
9.017 , 133.21 , 133.03
9.019 , 133.23 , 133.03
9.02 , 133.23 , 133.03
9.022 , 133.21 , 133.02
9.023 , 133.21 , 133.02
9.025 , 133.21 , 133.01
9.026 , 133.21 , 133.01
9.028 , 133.17 , 133.0
9.029 , 133.17 , 133.0
9.031 , 133.17 , 132.99
9.032 , 133.21 , 132.99
9.034 , 133.17 , 132.98
9.036 , 133.17 , 132.98
9.037 , 133.14 , 132.97
9.039 , 133.14 , 132.97
9.04 , 133.1 , 132.97
9.042 , 133.1 , 132.96
9.043 , 133.14 , 132.96
9.045 , 133.14 , 132.95
9.046 , 133.1 , 132.95
9.048 , 133.14 , 132.94
9.049 , 133.14 , 132.94
9.051 , 133.1 , 132.93
9.052 , 133.1 , 132.93
9.054 , 133.1 , 132.92
9.055 , 133.1 , 132.92
9.057 , 133.1 , 132.91
9.058 , 133.05 , 132.91
9.06 , 133.05 , 132.91
9.061 , 133.05 , 132.9
9.063 , 133.07 , 132.9
9.065 , 133.05 , 132.89
9.066 , 133.05 , 132.89
9.068 , 133.05 , 132.88
9.069 , 133.07 , 132.88
9.071 , 133.05 , 132.87
9.072 , 133.05 , 132.87
9.074 , 133.05 , 132.86
9.075 , 133.05 , 132.86
9.077 , 133.05 , 132.85
9.078 , 133.01 , 132.85
9.08 , 132.98 , 132.85
9.081 , 133.01 , 132.84
9.083 , 133.01 , 132.84
9.084 , 133.01 , 132.83
9.086 , 133.01 , 132.83
9.087 , 133.01 , 132.82
9.089 , 133.01 , 132.82
9.091 , 132.98 , 132.81
9.092 , 132.94 , 132.81
9.094 , 132.94 , 132.8
9.095 , 132.87 , 132.8
9.097 , 132.85 , 132.79
9.098 , 132.82 , 132.79
9.1 , 132.85 , 132.78
9.101 , 132.85 , 132.78
9.103 , 132.87 , 132.78
9.105 , 133.01 , 132.77
9.106 , 133.07 , 132.77
9.108 , 133.07 , 132.76
9.109 , 133.05 , 132.76
9.111 , 133.01 , 132.75
9.112 , 132.98 , 132.75
9.114 , 132.94 , 132.74
9.115 , 132.85 , 132.74
9.117 , 132.82 , 132.73
9.118 , 132.75 , 132.73
9.12 , 132.75 , 132.72
9.121 , 132.75 , 132.72
9.123 , 132.78 , 132.72
9.124 , 132.75 , 132.71
9.126 , 132.82 , 132.71
9.127 , 132.85 , 132.7
9.129 , 132.85 , 132.7
9.13 , 132.82 , 132.69
9.132 , 132.82 , 132.69
9.133 , 132.82 , 132.69
9.135 , 132.82 , 132.68
9.136 , 132.78 , 132.68
9.138 , 132.75 , 132.67
9.14 , 132.75 , 132.66
9.141 , 132.75 , 132.66
9.142 , 132.71 , 132.66
9.144 , 132.71 , 132.65
9.145 , 132.71 , 132.65
9.147 , 132.75 , 132.64
9.148 , 132.78 , 132.64
9.15 , 132.71 , 132.63
9.152 , 132.75 , 132.63
9.153 , 132.68 , 132.63
9.155 , 132.71 , 132.62
9.156 , 132.68 , 132.62
9.158 , 132.68 , 132.61
9.159 , 132.68 , 132.61
9.161 , 132.68 , 132.6
9.162 , 132.62 , 132.6
9.164 , 132.68 , 132.59
9.166 , 132.66 , 132.59
9.167 , 132.62 , 132.58
9.169 , 132.62 , 132.58
9.17 , 132.62 , 132.57
9.172 , 132.66 , 132.57
9.173 , 132.62 , 132.57
9.175 , 132.62 , 132.56
9.176 , 132.62 , 132.56
9.178 , 132.62 , 132.55
9.179 , 132.59 , 132.55
9.181 , 132.55 , 132.54
9.182 , 132.59 , 132.54
9.184 , 132.55 , 132.53
9.186 , 132.55 , 132.53
9.187 , 132.55 , 132.52
9.189 , 132.55 , 132.52
9.19 , 132.52 , 132.51
9.192 , 132.55 , 132.51
9.193 , 132.52 , 132.51
9.195 , 132.52 , 132.5
9.196 , 132.5 , 132.5
9.198 , 132.55 , 132.49
9.199 , 132.5 , 132.49
9.201 , 132.5 , 132.48
9.202 , 132.46 , 132.48
9.204 , 132.5 , 132.47
9.205 , 132.5 , 132.47
9.207 , 132.5 , 132.46
9.208 , 132.46 , 132.46
9.21 , 132.46 , 132.45
9.211 , 132.46 , 132.45
9.213 , 132.5 , 132.45
9.214 , 132.5 , 132.44
9.216 , 132.46 , 132.44
9.217 , 132.43 , 132.43
9.219 , 132.43 , 132.43
9.22 , 132.46 , 132.42
9.222 , 132.46 , 132.42
9.223 , 132.43 , 132.42
9.225 , 132.39 , 132.41
9.226 , 132.36 , 132.41
9.228 , 132.43 , 132.4
9.23 , 132.46 , 132.39
9.231 , 132.39 , 132.39
9.233 , 132.39 , 132.39
9.234 , 132.36 , 132.38
9.236 , 132.32 , 132.38
9.237 , 132.36 , 132.37
9.239 , 132.43 , 132.37
9.24 , 132.36 , 132.36
9.242 , 132.36 , 132.36
9.243 , 132.3 , 132.36
9.245 , 132.3 , 132.35
9.246 , 132.32 , 132.35
9.248 , 132.32 , 132.34
9.249 , 132.3 , 132.34
9.251 , 132.32 , 132.33
9.252 , 132.3 , 132.33
9.254 , 132.3 , 132.32
9.255 , 132.27 , 132.32
9.257 , 132.3 , 132.31
9.258 , 132.3 , 132.31
9.26 , 132.27 , 132.3
9.261 , 132.23 , 132.3
9.263 , 132.27 , 132.3
9.264 , 132.23 , 132.29
9.266 , 132.27 , 132.29
9.267 , 132.3 , 132.28
9.269 , 132.23 , 132.28
9.27 , 132.2 , 132.27
9.272 , 132.2 , 132.27
9.273 , 132.23 , 132.27
9.275 , 132.2 , 132.26
9.277 , 132.2 , 132.25
9.278 , 132.2 , 132.25
9.28 , 132.14 , 132.24
9.281 , 132.16 , 132.24
9.283 , 132.2 , 132.24
9.284 , 132.16 , 132.23
9.286 , 132.2 , 132.23
9.287 , 132.16 , 132.22
9.289 , 132.16 , 132.22
9.29 , 132.14 , 132.21
9.292 , 132.2 , 132.21
9.294 , 132.16 , 132.2
9.295 , 132.14 , 132.2
9.297 , 132.11 , 132.19
9.298 , 132.11 , 132.19
9.3 , 132.14 , 132.18
9.301 , 132.11 , 132.18
9.303 , 132.14 , 132.18
9.304 , 132.14 , 132.17
9.306 , 132.16 , 132.17
9.307 , 132.11 , 132.16
9.309 , 132.11 , 132.16
9.31 , 132.11 , 132.15
9.312 , 132.14 , 132.15
9.313 , 132.11 , 132.15
9.315 , 132.07 , 132.14
9.316 , 132.04 , 132.14
9.318 , 132.04 , 132.13
9.32 , 132.0 , 132.12
9.321 , 132.04 , 132.12
9.323 , 132.04 , 132.12
9.324 , 132.04 , 132.11
9.326 , 132.0 , 132.11
9.327 , 132.0 , 132.1
9.329 , 132.0 , 132.1
9.33 , 132.07 , 132.09
9.332 , 132.07 , 132.09
9.333 , 132.04 , 132.09
9.335 , 132.0 , 132.08
9.336 , 131.98 , 132.08
9.338 , 131.98 , 132.07
9.339 , 131.98 , 132.07
9.341 , 131.98 , 132.06
9.342 , 131.98 , 132.06
9.344 , 131.93 , 132.05
9.345 , 131.93 , 132.05
9.347 , 131.93 , 132.04
9.348 , 131.98 , 132.04
9.35 , 131.98 , 132.03
9.352 , 131.93 , 132.03
9.353 , 131.93 , 132.03
9.355 , 131.91 , 132.02
9.356 , 131.91 , 132.02
9.358 , 131.91 , 132.01
9.359 , 131.88 , 132.01
9.361 , 131.88 , 132.0
9.362 , 131.84 , 132.0
9.364 , 131.84 , 131.99
9.365 , 131.91 , 131.99
9.367 , 131.88 , 131.98
9.368 , 131.91 , 131.98
9.37 , 131.82 , 131.97
9.371 , 131.88 , 131.97
9.373 , 131.84 , 131.97
9.374 , 131.84 , 131.96
9.376 , 131.91 , 131.96
9.377 , 131.84 , 131.95
9.379 , 131.88 , 131.95
9.381 , 131.88 , 131.94
9.382 , 131.88 , 131.94
9.384 , 131.88 , 131.93
9.385 , 131.88 , 131.93
9.387 , 131.88 , 131.92
9.388 , 131.82 , 131.92
9.39 , 131.82 , 131.91
9.391 , 131.75 , 131.91
9.393 , 131.75 , 131.91
9.394 , 131.75 , 131.9
9.396 , 131.82 , 131.9
9.398 , 131.75 , 131.89
9.399 , 131.72 , 131.89
9.401 , 131.75 , 131.88
9.402 , 131.75 , 131.88
9.404 , 131.82 , 131.87
9.405 , 131.75 , 131.87
9.407 , 131.72 , 131.86
9.408 , 131.75 , 131.86
9.41 , 131.7 , 131.85
9.411 , 131.72 , 131.85
9.413 , 131.75 , 131.85
9.414 , 131.7 , 131.84
9.416 , 131.7 , 131.84
9.417 , 131.7 , 131.83
9.419 , 131.7 , 131.83
9.421 , 131.72 , 131.82
9.422 , 131.7 , 131.82
9.424 , 131.7 , 131.81
9.425 , 131.65 , 131.81
9.427 , 131.7 , 131.8
9.428 , 131.7 , 131.8
9.43 , 131.7 , 131.79
9.431 , 131.65 , 131.79
9.433 , 131.65 , 131.79
9.435 , 131.63 , 131.78
9.436 , 131.59 , 131.78
9.438 , 131.63 , 131.77
9.439 , 131.59 , 131.77
9.441 , 131.59 , 131.76
9.442 , 131.56 , 131.76
9.444 , 131.59 , 131.75
9.445 , 131.59 , 131.75
9.447 , 131.63 , 131.74
9.449 , 131.59 , 131.74
9.45 , 131.63 , 131.73
9.452 , 131.59 , 131.73
9.453 , 131.59 , 131.73
9.455 , 131.56 , 131.72
9.456 , 131.56 , 131.72
9.458 , 131.56 , 131.71
9.459 , 131.59 , 131.71
9.461 , 131.54 , 131.7
9.462 , 131.54 , 131.7
9.464 , 131.49 , 131.69
9.466 , 131.54 , 131.69
9.467 , 131.54 , 131.68
9.469 , 131.54 , 131.68
9.47 , 131.49 , 131.67
9.472 , 131.49 , 131.67
9.473 , 131.49 , 131.66
9.475 , 131.49 , 131.66
9.476 , 131.49 , 131.66
9.478 , 131.47 , 131.65
9.48 , 131.43 , 131.64
9.481 , 131.47 , 131.64
9.483 , 131.43 , 131.63
9.484 , 131.43 , 131.63
9.486 , 131.47 , 131.63
9.487 , 131.4 , 131.62
9.489 , 131.43 , 131.62
9.49 , 131.43 , 131.61
9.492 , 131.36 , 131.61
9.493 , 131.4 , 131.6
9.495 , 131.4 , 131.6
9.496 , 131.36 , 131.6
9.498 , 131.36 , 131.59
9.499 , 131.4 , 131.59
9.501 , 131.33 , 131.58
9.503 , 131.4 , 131.57
9.504 , 131.36 , 131.57
9.506 , 131.36 , 131.57
9.507 , 131.31 , 131.56
9.509 , 131.31 , 131.56
9.51 , 131.31 , 131.55
9.512 , 131.33 , 131.55
9.513 , 131.27 , 131.54
9.515 , 131.31 , 131.54
9.516 , 131.27 , 131.54
9.518 , 131.31 , 131.53
9.52 , 131.27 , 131.52
9.521 , 131.27 , 131.52
9.522 , 131.31 , 131.52
9.524 , 131.27 , 131.51
9.525 , 131.24 , 131.51
9.527 , 131.27 , 131.5
9.528 , 131.27 , 131.5
9.53 , 131.27 , 131.49
9.531 , 131.27 , 131.49
9.533 , 131.24 , 131.48
9.534 , 131.2 , 131.48
9.536 , 131.2 , 131.48
9.538 , 131.24 , 131.47
9.539 , 131.2 , 131.47
9.541 , 131.24 , 131.46
9.542 , 131.2 , 131.46
9.544 , 131.2 , 131.45
9.545 , 131.17 , 131.45
9.547 , 131.2 , 131.44
9.548 , 131.17 , 131.44
9.55 , 131.24 , 131.43
9.551 , 131.17 , 131.43
9.553 , 131.17 , 131.42
9.555 , 131.15 , 131.42
9.556 , 131.17 , 131.42
9.558 , 131.15 , 131.41
9.559 , 131.15 , 131.41
9.561 , 131.08 , 131.4
9.562 , 131.11 , 131.4
9.564 , 131.11 , 131.39
9.565 , 131.15 , 131.39
9.567 , 131.11 , 131.38
9.568 , 131.17 , 131.38
9.57 , 131.11 , 131.37
9.572 , 131.08 , 131.37
9.573 , 131.04 , 131.36
9.575 , 131.04 , 131.36
9.576 , 131.08 , 131.36
9.578 , 131.08 , 131.35
9.579 , 131.08 , 131.35
9.581 , 131.11 , 131.34
9.582 , 131.11 , 131.34
9.584 , 131.15 , 131.33
9.585 , 131.11 , 131.33
9.587 , 131.11 , 131.32
9.588 , 131.11 , 131.32
9.59 , 131.11 , 131.31
9.591 , 131.08 , 131.31
9.593 , 131.08 , 131.3
9.594 , 131.04 , 131.3
9.596 , 131.04 , 131.3
9.597 , 131.01 , 131.29
9.599 , 131.01 , 131.29
9.6 , 130.99 , 131.28
9.602 , 131.01 , 131.28
9.603 , 131.01 , 131.27
9.605 , 131.04 , 131.27
9.607 , 131.04 , 131.26
9.608 , 131.04 , 131.26
9.61 , 131.04 , 131.25
9.611 , 131.01 , 131.25
9.613 , 131.01 , 131.24
9.614 , 131.01 , 131.24
9.616 , 131.01 , 131.24
9.617 , 130.99 , 131.23
9.619 , 130.95 , 131.23
9.62 , 130.95 , 131.22
9.622 , 130.99 , 131.22
9.623 , 130.99 , 131.21
9.625 , 130.99 , 131.21
9.626 , 131.01 , 131.21
9.628 , 131.04 , 131.2
9.629 , 131.04 , 131.2
9.631 , 131.01 , 131.19
9.633 , 131.01 , 131.18
9.634 , 130.99 , 131.18
9.636 , 130.99 , 131.18
9.637 , 131.08 , 131.17
9.639 , 131.15 , 131.17
9.64 , 131.31 , 131.16
9.642 , 131.49 , 131.16
9.643 , 131.7 , 131.15
9.645 , 131.91 , 131.15
9.646 , 131.91 , 131.15
9.648 , 131.88 , 131.14
9.65 , 131.88 , 131.13
9.651 , 131.82 , 131.13
9.653 , 131.7 , 131.12
9.654 , 131.56 , 131.12
9.656 , 131.49 , 131.12
9.657 , 131.43 , 131.11
9.659 , 131.43 , 131.11
9.66 , 131.49 , 131.1
9.662 , 131.59 , 131.1
9.663 , 131.65 , 131.09
9.665 , 131.82 , 131.09
9.666 , 131.82 , 131.09
9.668 , 131.7 , 131.08
9.669 , 131.54 , 131.08
9.671 , 131.36 , 131.07
9.673 , 131.2 , 131.06
9.674 , 131.08 , 131.06
9.676 , 131.01 , 131.06
9.677 , 130.99 , 131.05
9.679 , 131.01 , 131.05
9.68 , 131.08 , 131.04
9.682 , 131.17 , 131.04
9.683 , 131.31 , 131.03
9.685 , 131.36 , 131.03
9.686 , 131.43 , 131.03
9.688 , 131.49 , 131.02
9.69 , 131.49 , 131.01
9.691 , 131.47 , 131.01
9.693 , 131.4 , 131.0
9.694 , 131.36 , 131.0
9.696 , 131.27 , 131.0
9.697 , 131.24 , 130.99
9.699 , 131.17 , 130.99
9.7 , 131.17 , 130.98
9.702 , 131.11 , 130.98
9.703 , 131.15 , 130.97
9.705 , 131.17 , 130.97
9.706 , 131.2 , 130.97
9.708 , 131.24 , 130.96
9.709 , 131.2 , 130.96
9.711 , 131.24 , 130.95
9.712 , 131.27 , 130.95
9.714 , 131.24 , 130.94
9.716 , 131.2 , 130.94
9.717 , 131.2 , 130.93
9.719 , 131.17 , 130.93
9.72 , 131.17 , 130.92
9.722 , 131.15 , 130.92
9.723 , 131.15 , 130.91
9.725 , 131.15 , 130.91
9.726 , 131.11 , 130.91
9.728 , 131.15 , 130.9
9.73 , 131.15 , 130.89
9.731 , 131.15 , 130.89
9.733 , 131.15 , 130.88
9.734 , 131.11 , 130.88
9.736 , 131.11 , 130.88
9.737 , 131.11 , 130.87
9.739 , 131.08 , 130.87
9.74 , 131.08 , 130.86
9.742 , 131.11 , 130.86
9.743 , 131.11 , 130.85
9.745 , 131.08 , 130.85
9.746 , 131.08 , 130.85
9.748 , 131.08 , 130.84
9.749 , 131.08 , 130.84
9.751 , 131.08 , 130.83
9.752 , 131.08 , 130.83
9.754 , 131.04 , 130.82
9.755 , 131.04 , 130.82
9.757 , 131.04 , 130.81
9.759 , 131.01 , 130.81
9.76 , 131.04 , 130.8
9.762 , 131.04 , 130.8
9.763 , 131.01 , 130.79
9.765 , 131.01 , 130.79
9.766 , 131.04 , 130.79
9.768 , 131.01 , 130.78
9.77 , 131.01 , 130.77
9.771 , 131.01 , 130.77
9.773 , 131.01 , 130.76
9.774 , 131.01 , 130.76
9.776 , 130.99 , 130.76
9.777 , 130.95 , 130.75
9.779 , 130.99 , 130.75
9.78 , 130.99 , 130.74
9.782 , 131.01 , 130.74
9.783 , 130.99 , 130.73
9.785 , 130.99 , 130.73
9.787 , 130.95 , 130.72
9.788 , 130.95 , 130.72
9.79 , 130.95 , 130.71
9.791 , 130.95 , 130.71
9.793 , 130.92 , 130.7
9.794 , 130.88 , 130.7
9.796 , 130.92 , 130.7
9.798 , 130.92 , 130.69
9.799 , 130.88 , 130.69
9.801 , 130.92 , 130.68
9.802 , 130.88 , 130.68
9.804 , 130.92 , 130.67
9.805 , 130.88 , 130.67
9.807 , 130.88 , 130.66
9.808 , 130.88 , 130.66
9.81 , 130.88 , 130.65
9.811 , 130.92 , 130.65
9.813 , 130.81 , 130.64
9.815 , 130.85 , 130.64
9.816 , 130.81 , 130.64
9.818 , 130.85 , 130.63
9.819 , 130.81 , 130.63
9.821 , 130.85 , 130.62
9.822 , 130.81 , 130.62
9.824 , 130.81 , 130.61
9.825 , 130.79 , 130.61
9.827 , 130.81 , 130.6
9.828 , 130.81 , 130.6
9.83 , 130.81 , 130.59
9.832 , 130.81 , 130.59
9.833 , 130.76 , 130.58
9.835 , 130.76 , 130.58
9.836 , 130.79 , 130.57
9.838 , 130.76 , 130.57
9.847 , 130.69 , 130.54
9.849 , 130.69 , 130.54
9.85 , 130.69 , 130.53
9.852 , 130.65 , 130.53
9.854 , 130.69 , 130.52
9.855 , 130.79 , 130.52
9.857 , 130.79 , 130.51
9.858 , 130.79 , 130.51
9.86 , 130.79 , 130.5
9.861 , 130.76 , 130.5
9.863 , 130.72 , 130.49
9.864 , 130.76 , 130.49
9.866 , 130.6 , 130.48
9.867 , 130.56 , 130.48
9.869 , 130.56 , 130.48
9.871 , 130.56 , 130.47
9.872 , 130.49 , 130.47
9.874 , 130.53 , 130.46
9.875 , 130.53 , 130.46
9.877 , 130.53 , 130.45
9.878 , 130.56 , 130.45
9.88 , 130.56 , 130.44
9.881 , 130.56 , 130.44
9.883 , 130.53 , 130.43
9.885 , 130.56 , 130.43
9.886 , 130.53 , 130.42
9.888 , 130.56 , 130.42
9.889 , 130.53 , 130.42
9.891 , 130.56 , 130.41
9.892 , 130.53 , 130.41
9.894 , 130.49 , 130.4
9.895 , 130.49 , 130.4
9.897 , 130.46 , 130.39
9.898 , 130.46 , 130.39
9.9 , 130.46 , 130.38
9.902 , 130.42 , 130.38
9.903 , 130.4 , 130.37
9.905 , 130.42 , 130.37
9.906 , 130.46 , 130.36
9.908 , 130.42 , 130.36
9.909 , 130.42 , 130.36
9.911 , 130.4 , 130.35
9.912 , 130.4 , 130.35
9.914 , 130.4 , 130.34
9.916 , 130.37 , 130.33
9.917 , 130.4 , 130.33
9.919 , 130.37 , 130.33
9.92 , 130.4 , 130.32
9.922 , 130.4 , 130.32
9.923 , 130.37 , 130.31
9.925 , 130.37 , 130.31
9.926 , 130.37 , 130.3
9.928 , 130.33 , 130.3
9.929 , 130.33 , 130.3
9.931 , 130.33 , 130.29
9.932 , 130.37 , 130.29
9.934 , 130.33 , 130.28
9.935 , 130.33 , 130.28
9.937 , 130.33 , 130.27
9.938 , 130.3 , 130.27
9.94 , 130.24 , 130.26
9.942 , 130.26 , 130.26
9.943 , 130.26 , 130.25
9.945 , 130.24 , 130.25
9.946 , 130.24 , 130.24
9.948 , 130.3 , 130.24
9.949 , 130.21 , 130.24
9.951 , 130.21 , 130.23
9.952 , 130.24 , 130.23
9.954 , 130.21 , 130.22
9.955 , 130.17 , 130.22
9.957 , 130.21 , 130.21
9.958 , 130.21 , 130.21
9.96 , 130.21 , 130.2
9.961 , 130.14 , 130.2
9.963 , 130.17 , 130.19
9.964 , 130.21 , 130.19
9.966 , 130.21 , 130.18
9.967 , 130.17 , 130.18
9.969 , 130.21 , 130.18
9.97 , 130.14 , 130.17
9.972 , 130.17 , 130.17
9.973 , 130.17 , 130.16
9.975 , 130.1 , 130.16
9.976 , 130.1 , 130.15
9.978 , 130.08 , 130.15
9.98 , 130.1 , 130.14
9.981 , 130.1 , 130.14
9.983 , 130.1 , 130.13
9.984 , 130.1 , 130.13
9.986 , 130.14 , 130.12
9.987 , 130.14 , 130.12
9.989 , 130.14 , 130.12
9.99 , 130.08 , 130.11
9.992 , 130.08 , 130.11
9.993 , 130.05 , 130.1
9.995 , 130.05 , 130.1
9.996 , 129.98 , 130.09
9.998 , 129.98 , 130.09
9.999 , 129.94 , 130.09
10.001 , 129.98 , 130.08
10.002 , 129.98 , 130.08
10.004 , 129.94 , 130.07
10.006 , 129.98 , 130.06
10.007 , 129.98 , 130.06
10.009 , 130.01 , 130.06
10.01 , 130.01 , 130.05
10.012 , 130.01 , 130.05
10.013 , 129.92 , 130.04
10.015 , 129.92 , 130.04
10.016 , 129.92 , 130.03
10.018 , 129.94 , 130.03
10.019 , 129.87 , 130.03
10.021 , 129.87 , 130.02
10.022 , 129.92 , 130.02
10.024 , 129.92 , 130.01
10.025 , 129.92 , 130.01
10.027 , 129.92 , 130.0
10.029 , 129.85 , 130.0
10.03 , 129.85 , 129.99
10.032 , 129.87 , 129.99
10.033 , 129.87 , 129.98
10.035 , 129.85 , 129.98
10.036 , 129.85 , 129.97
10.038 , 129.85 , 129.97
10.039 , 129.85 , 129.97
10.041 , 129.85 , 129.96
10.042 , 129.82 , 129.96
10.044 , 129.87 , 129.95
10.045 , 129.85 , 129.95
10.047 , 129.92 , 129.94
10.048 , 129.85 , 129.94
10.05 , 129.82 , 129.93
10.051 , 129.78 , 129.93
10.053 , 129.78 , 129.92
10.055 , 129.78 , 129.92
10.056 , 129.78 , 129.91
10.058 , 129.76 , 129.91
10.059 , 129.71 , 129.91
10.061 , 129.71 , 129.9
10.062 , 129.76 , 129.9
10.064 , 129.76 , 129.89
10.066 , 129.76 , 129.88
10.067 , 129.78 , 129.88
10.069 , 129.78 , 129.88
10.07 , 129.76 , 129.87
10.072 , 129.76 , 129.87
10.073 , 129.71 , 129.86
10.075 , 129.69 , 129.86
10.076 , 129.71 , 129.85
10.078 , 129.69 , 129.85
10.079 , 129.69 , 129.85
10.081 , 129.69 , 129.84
10.082 , 129.69 , 129.84
10.084 , 129.69 , 129.83
10.086 , 129.69 , 129.82
10.087 , 129.66 , 129.82
10.089 , 129.66 , 129.82
10.09 , 129.66 , 129.81
10.092 , 129.66 , 129.81
10.093 , 129.66 , 129.8
10.095 , 129.62 , 129.8
10.096 , 129.62 , 129.79
10.098 , 129.69 , 129.79
10.099 , 129.66 , 129.79
10.101 , 129.69 , 129.78
10.102 , 129.66 , 129.78
10.104 , 129.69 , 129.77
10.105 , 129.66 , 129.77
10.107 , 129.69 , 129.76
10.108 , 129.66 , 129.76
10.11 , 129.62 , 129.75
10.112 , 129.59 , 129.75
10.113 , 129.59 , 129.74
10.115 , 129.55 , 129.74
10.116 , 129.55 , 129.73
10.118 , 129.55 , 129.73
10.119 , 129.59 , 129.73
10.121 , 129.55 , 129.72
10.122 , 129.55 , 129.72
10.124 , 129.55 , 129.71
10.125 , 129.55 , 129.71
10.127 , 129.59 , 129.7
10.128 , 129.55 , 129.7
10.13 , 129.55 , 129.69
10.131 , 129.55 , 129.69
10.133 , 129.53 , 129.68
10.134 , 129.53 , 129.68
10.136 , 129.53 , 129.67
10.138 , 129.53 , 129.67
10.139 , 129.5 , 129.67
10.141 , 129.5 , 129.66
10.142 , 129.46 , 129.66
10.144 , 129.5 , 129.65
10.145 , 129.53 , 129.65
10.147 , 129.5 , 129.64
10.148 , 129.46 , 129.64
10.15 , 129.5 , 129.63
10.151 , 129.5 , 129.63
10.153 , 129.5 , 129.62
10.154 , 129.43 , 129.62
10.156 , 129.43 , 129.61
10.157 , 129.43 , 129.61
10.159 , 129.43 , 129.61
10.161 , 129.43 , 129.6
10.162 , 129.39 , 129.6
10.164 , 129.43 , 129.59
10.165 , 129.43 , 129.59
10.167 , 129.46 , 129.58
10.168 , 129.43 , 129.58
10.17 , 129.39 , 129.57
10.171 , 129.39 , 129.57
10.173 , 129.32 , 129.56
10.174 , 129.37 , 129.56
10.176 , 129.32 , 129.55
10.178 , 129.37 , 129.55
10.179 , 129.32 , 129.55
10.181 , 129.32 , 129.54
10.182 , 129.32 , 129.54
10.184 , 129.32 , 129.53
10.185 , 129.3 , 129.53
10.187 , 129.32 , 129.52
10.188 , 129.32 , 129.52
10.19 , 129.32 , 129.51
10.191 , 129.32 , 129.51
10.193 , 129.3 , 129.5
10.194 , 129.27 , 129.5
10.196 , 129.3 , 129.49
10.197 , 129.27 , 129.49
10.199 , 129.27 , 129.48
10.2 , 129.27 , 129.48
10.202 , 129.23 , 129.48
10.204 , 129.27 , 129.47
10.205 , 129.27 , 129.47
10.207 , 129.27 , 129.46
10.208 , 129.21 , 129.46
10.21 , 129.21 , 129.45
10.211 , 129.21 , 129.45
10.213 , 129.23 , 129.44
10.214 , 129.16 , 129.44
10.216 , 129.21 , 129.43
10.217 , 129.14 , 129.43
10.219 , 129.16 , 129.42
10.22 , 129.16 , 129.42
10.222 , 129.14 , 129.42
10.223 , 129.16 , 129.41
10.225 , 129.16 , 129.41
10.226 , 129.16 , 129.4
10.228 , 129.21 , 129.4
10.229 , 129.14 , 129.39
10.231 , 129.14 , 129.39
10.232 , 129.11 , 129.39
10.234 , 129.11 , 129.38
10.235 , 129.11 , 129.38
10.237 , 129.07 , 129.37
10.238 , 129.07 , 129.37
10.24 , 129.05 , 129.36
10.242 , 129.11 , 129.36
10.243 , 129.07 , 129.35
10.245 , 129.07 , 129.35
10.246 , 129.07 , 129.34
10.248 , 129.07 , 129.34
10.249 , 129.07 , 129.33
10.251 , 129.07 , 129.33
10.252 , 129.05 , 129.33
10.254 , 129.05 , 129.32
10.255 , 129.05 , 129.32
10.257 , 129.0 , 129.31
10.258 , 129.0 , 129.31
10.26 , 129.0 , 129.3
10.261 , 128.93 , 129.3
10.263 , 129.0 , 129.29
10.264 , 129.05 , 129.29
10.266 , 128.93 , 129.28
10.267 , 128.93 , 129.28
10.269 , 128.98 , 129.27
10.27 , 129.0 , 129.27
10.272 , 128.98 , 129.27
10.273 , 128.98 , 129.26
10.275 , 128.93 , 129.26
10.277 , 128.93 , 129.25
10.278 , 128.93 , 129.25
10.28 , 128.93 , 129.24
10.281 , 128.91 , 129.24
10.283 , 128.93 , 129.23
10.284 , 128.93 , 129.23
10.286 , 128.93 , 129.22
10.287 , 128.91 , 129.22
10.289 , 128.93 , 129.21
10.291 , 128.86 , 129.21
10.292 , 128.86 , 129.21
10.293 , 128.91 , 129.2
10.295 , 128.82 , 129.2
10.297 , 128.82 , 129.19
10.298 , 128.82 , 129.19
10.3 , 128.86 , 129.18
10.301 , 128.82 , 129.18
10.303 , 128.86 , 129.17
10.304 , 128.79 , 129.17
10.306 , 128.82 , 129.16
10.307 , 128.79 , 129.16
10.309 , 128.75 , 129.15
10.31 , 128.79 , 129.15
10.312 , 128.75 , 129.15
10.313 , 128.75 , 129.14
10.315 , 128.75 , 129.14
10.316 , 128.75 , 129.13
10.318 , 128.73 , 129.13
10.319 , 128.66 , 129.12
10.321 , 128.66 , 129.12
10.322 , 128.63 , 129.12
10.324 , 128.7 , 129.11
10.326 , 128.73 , 129.1
10.327 , 128.73 , 129.1
10.329 , 128.73 , 129.09
10.33 , 128.75 , 129.09
10.332 , 128.75 , 129.09
10.333 , 128.75 , 129.08
10.335 , 128.75 , 129.08
10.336 , 128.7 , 129.07
10.338 , 128.73 , 129.07
10.339 , 128.73 , 129.06
10.341 , 128.66 , 129.06
10.342 , 128.66 , 129.06
10.344 , 128.66 , 129.05
10.345 , 128.66 , 129.05
10.347 , 128.63 , 129.04
10.348 , 128.66 , 129.04
10.35 , 128.66 , 129.03
10.351 , 128.66 , 129.03
10.353 , 128.66 , 129.02
10.354 , 128.66 , 129.02
10.356 , 128.63 , 129.01
10.358 , 128.66 , 129.01
10.359 , 128.7 , 129.0
10.361 , 128.66 , 129.0
10.362 , 128.66 , 129.0
10.364 , 128.63 , 128.99
10.365 , 128.66 , 128.99
10.367 , 128.63 , 128.98
10.368 , 128.63 , 128.98
10.37 , 128.66 , 128.97
10.371 , 128.59 , 128.97
10.373 , 128.59 , 128.96
10.374 , 128.59 , 128.96
10.376 , 128.59 , 128.95
10.378 , 128.63 , 128.95
10.379 , 128.63 , 128.94
10.381 , 128.63 , 128.94
10.382 , 128.59 , 128.94
10.384 , 128.59 , 128.93
10.385 , 128.59 , 128.93
10.387 , 128.7 , 128.92
10.388 , 128.82 , 128.92
10.39 , 128.93 , 128.91
10.392 , 129.11 , 128.91
10.393 , 129.37 , 128.9
10.395 , 129.53 , 128.9
10.396 , 129.5 , 128.89
10.398 , 129.53 , 128.89
10.399 , 129.5 , 128.88
10.401 , 129.46 , 128.88
10.402 , 129.37 , 128.88
10.404 , 129.23 , 128.87
10.405 , 129.21 , 128.87
10.407 , 129.14 , 128.86
10.409 , 129.21 , 128.85
10.41 , 129.27 , 128.85
10.412 , 129.32 , 128.85
10.413 , 129.37 , 128.84
10.415 , 129.43 , 128.84
10.416 , 129.53 , 128.83
10.418 , 129.69 , 128.83
10.419 , 129.82 , 128.82
10.421 , 129.87 , 128.82
10.422 , 129.85 , 128.82
10.424 , 129.69 , 128.81
10.425 , 129.5 , 128.81
10.427 , 129.32 , 128.8
10.428 , 129.14 , 128.8
10.43 , 128.98 , 128.79
10.431 , 128.86 , 128.79
10.433 , 128.73 , 128.78
10.435 , 128.73 , 128.78
10.436 , 128.75 , 128.77
10.438 , 128.79 , 128.77
10.439 , 128.93 , 128.76
10.441 , 129.05 , 128.76
10.442 , 129.11 , 128.76
10.444 , 129.21 , 128.75
10.445 , 129.21 , 128.75
10.447 , 129.27 , 128.74
10.448 , 129.21 , 128.74
10.45 , 129.21 , 128.73
10.451 , 129.14 , 128.73
10.453 , 129.07 , 128.72
10.455 , 129.05 , 128.72
10.456 , 129.0 , 128.71
10.458 , 129.0 , 128.71
10.459 , 128.98 , 128.7
10.461 , 129.0 , 128.7
10.462 , 129.0 , 128.7
10.464 , 129.05 , 128.69
10.465 , 129.0 , 128.69
10.467 , 129.05 , 128.68
10.468 , 129.05 , 128.68
10.47 , 129.05 , 128.67
10.471 , 129.05 , 128.67
10.473 , 129.0 , 128.66
10.474 , 128.98 , 128.66
10.476 , 128.98 , 128.65
10.478 , 128.93 , 128.65
10.479 , 128.93 , 128.64
10.481 , 128.93 , 128.64
10.482 , 128.91 , 128.64
10.484 , 128.93 , 128.63
10.485 , 128.93 , 128.63
10.487 , 128.98 , 128.62
10.489 , 128.91 , 128.61
10.49 , 128.93 , 128.61
10.492 , 128.91 , 128.61
10.493 , 128.93 , 128.6
10.495 , 128.91 , 128.6
10.496 , 128.91 , 128.59
10.498 , 128.86 , 128.59
10.499 , 128.86 , 128.58
10.501 , 128.82 , 128.58
10.502 , 128.86 , 128.58
10.504 , 128.82 , 128.57
10.505 , 128.86 , 128.57
10.507 , 128.82 , 128.56
10.508 , 128.86 , 128.56
10.51 , 128.86 , 128.55
10.511 , 128.86 , 128.55
10.513 , 128.86 , 128.54
10.515 , 128.82 , 128.54
10.516 , 128.82 , 128.53
10.518 , 128.79 , 128.53
10.519 , 128.82 , 128.52
10.521 , 128.75 , 128.52
10.522 , 128.75 , 128.52
10.524 , 128.79 , 128.51
10.525 , 128.79 , 128.51
10.527 , 128.75 , 128.5
10.528 , 128.75 , 128.5
10.53 , 128.75 , 128.49
10.531 , 128.75 , 128.49
10.533 , 128.73 , 128.48
10.534 , 128.73 , 128.48
10.536 , 128.75 , 128.47
10.537 , 128.73 , 128.47
10.539 , 128.73 , 128.46
10.541 , 128.7 , 128.46
10.542 , 128.7 , 128.46
10.544 , 128.7 , 128.45
10.545 , 128.7 , 128.45
10.547 , 128.73 , 128.44
10.548 , 128.73 , 128.44
10.55 , 128.66 , 128.43
10.552 , 128.7 , 128.42
10.553 , 128.66 , 128.42
10.555 , 128.66 , 128.42
10.556 , 128.66 , 128.41
10.558 , 128.66 , 128.41
10.559 , 128.66 , 128.4
10.561 , 128.66 , 128.4
10.562 , 128.63 , 128.39
10.564 , 128.63 , 128.39
10.565 , 128.63 , 128.39
10.567 , 128.66 , 128.38
10.568 , 128.66 , 128.38
10.57 , 128.7 , 128.37
10.571 , 128.66 , 128.37
10.573 , 128.63 , 128.36
10.575 , 128.59 , 128.36
10.576 , 128.63 , 128.35
10.578 , 128.59 , 128.35
10.579 , 128.59 , 128.34
10.581 , 128.59 , 128.34
10.582 , 128.59 , 128.33
10.584 , 128.59 , 128.33
10.585 , 128.59 , 128.33
10.587 , 128.56 , 128.32
10.589 , 128.59 , 128.31
10.59 , 128.54 , 128.31
10.592 , 128.56 , 128.3
10.593 , 128.56 , 128.3
10.595 , 128.5 , 128.3
10.596 , 128.4 , 128.29
10.598 , 128.36 , 128.29
10.599 , 128.36 , 128.28
10.601 , 128.4 , 128.28
10.602 , 128.43 , 128.27
10.604 , 128.5 , 128.27
10.605 , 128.56 , 128.27
10.607 , 128.56 , 128.26
10.609 , 128.59 , 128.25
10.61 , 128.56 , 128.25
10.612 , 128.56 , 128.24
10.613 , 128.5 , 128.24
10.615 , 128.43 , 128.24
10.616 , 128.36 , 128.23
10.618 , 128.34 , 128.23
10.619 , 128.31 , 128.22
10.621 , 128.27 , 128.22
10.622 , 128.31 , 128.21
10.624 , 128.27 , 128.21
10.625 , 128.31 , 128.21
10.627 , 128.31 , 128.2
10.628 , 128.36 , 128.2
10.63 , 128.4 , 128.19
10.631 , 128.43 , 128.19
10.633 , 128.36 , 128.18
10.634 , 128.34 , 128.18
10.636 , 128.34 , 128.17
10.638 , 128.34 , 128.17
10.639 , 128.34 , 128.16
10.641 , 128.31 , 128.16
10.642 , 128.27 , 128.15
10.644 , 128.27 , 128.15
10.645 , 128.24 , 128.15
10.647 , 128.31 , 128.14
10.648 , 128.31 , 128.14
10.65 , 128.27 , 128.13
10.652 , 128.24 , 128.12
10.653 , 128.24 , 128.12
10.655 , 128.24 , 128.12
10.656 , 128.2 , 128.11
10.658 , 128.2 , 128.11
10.659 , 128.18 , 128.1
10.661 , 128.2 , 128.1
10.662 , 128.15 , 128.09
10.664 , 128.15 , 128.09
10.665 , 128.15 , 128.09
10.667 , 128.18 , 128.08
10.669 , 128.15 , 128.07
10.67 , 128.15 , 128.07
10.672 , 128.15 , 128.06
10.673 , 128.11 , 128.06
10.675 , 128.11 , 128.06
10.676 , 128.11 , 128.05
10.678 , 128.08 , 128.05
10.679 , 128.08 , 128.04
10.681 , 128.04 , 128.04
10.682 , 128.11 , 128.03
10.684 , 128.11 , 128.03
10.685 , 128.08 , 128.03
10.687 , 128.08 , 128.02
10.688 , 128.08 , 128.02
10.69 , 128.08 , 128.01
10.691 , 128.08 , 128.01
10.693 , 128.02 , 128.0
10.694 , 128.04 , 128.0
10.696 , 128.02 , 127.99
10.697 , 128.02 , 127.99
10.699 , 127.97 , 127.98
10.701 , 127.97 , 127.98
10.702 , 127.97 , 127.97
10.704 , 128.02 , 127.97
10.705 , 127.97 , 127.97
10.707 , 127.95 , 127.96
10.708 , 128.02 , 127.96
10.71 , 127.92 , 127.95
10.711 , 127.95 , 127.95
10.713 , 127.95 , 127.94
10.714 , 127.95 , 127.94
10.716 , 127.95 , 127.93
10.717 , 127.92 , 127.93
10.719 , 127.95 , 127.92
10.721 , 127.92 , 127.92
10.722 , 127.92 , 127.91
10.724 , 127.92 , 127.91
10.725 , 127.92 , 127.91
10.735 , 127.86 , 127.88
10.737 , 127.81 , 127.87
10.738 , 127.81 , 127.87
10.74 , 127.81 , 127.86
10.741 , 127.88 , 127.86
10.743 , 127.81 , 127.85
10.744 , 127.81 , 127.85
10.746 , 127.81 , 127.84
10.747 , 127.86 , 127.84
10.749 , 127.81 , 127.83
10.751 , 127.81 , 127.83
10.752 , 127.79 , 127.82
10.754 , 127.79 , 127.82
10.755 , 127.76 , 127.82
10.757 , 127.79 , 127.81
10.758 , 127.76 , 127.81
10.76 , 127.76 , 127.8
10.761 , 127.72 , 127.8
10.763 , 127.72 , 127.79
10.764 , 127.72 , 127.79
10.766 , 127.72 , 127.78
10.768 , 127.76 , 127.78
10.769 , 127.72 , 127.77
10.771 , 127.72 , 127.77
10.772 , 127.72 , 127.76
10.774 , 127.72 , 127.76
10.775 , 127.72 , 127.76
10.777 , 127.7 , 127.75
10.778 , 127.72 , 127.75
10.78 , 127.7 , 127.74
10.782 , 127.65 , 127.73
10.783 , 127.65 , 127.73
10.785 , 127.65 , 127.73
10.786 , 127.63 , 127.72
10.788 , 127.63 , 127.72
10.789 , 127.65 , 127.71
10.791 , 127.65 , 127.71
10.792 , 127.65 , 127.7
10.794 , 127.63 , 127.7
10.796 , 127.63 , 127.69
10.797 , 127.63 , 127.69
10.799 , 127.63 , 127.68
10.8 , 127.63 , 127.68
10.802 , 127.6 , 127.67
10.803 , 127.56 , 127.67
10.805 , 127.56 , 127.67
10.807 , 127.6 , 127.66
10.808 , 127.6 , 127.66
10.81 , 127.56 , 127.65
10.811 , 127.56 , 127.65
10.813 , 127.6 , 127.64
10.814 , 127.53 , 127.64
10.816 , 127.53 , 127.63
10.817 , 127.53 , 127.63
10.819 , 127.49 , 127.62
10.82 , 127.53 , 127.62
10.822 , 127.49 , 127.61
10.824 , 127.47 , 127.61
10.825 , 127.49 , 127.61
10.827 , 127.49 , 127.6
10.828 , 127.49 , 127.6
10.83 , 127.49 , 127.59
10.831 , 127.47 , 127.59
10.833 , 127.47 , 127.58
10.834 , 127.47 , 127.58
10.836 , 127.47 , 127.57
10.838 , 127.47 , 127.57
10.839 , 127.47 , 127.56
10.841 , 127.42 , 127.56
10.842 , 127.42 , 127.55
10.844 , 127.4 , 127.55
10.845 , 127.42 , 127.55
10.847 , 127.4 , 127.54
10.848 , 127.42 , 127.54
10.85 , 127.4 , 127.53
10.851 , 127.4 , 127.53
10.853 , 127.4 , 127.52
10.854 , 127.33 , 127.52
10.856 , 127.33 , 127.51
10.857 , 127.37 , 127.51
10.859 , 127.33 , 127.5
10.86 , 127.33 , 127.5
10.862 , 127.33 , 127.49
10.863 , 127.33 , 127.49
10.865 , 127.33 , 127.49
10.867 , 127.31 , 127.48
10.868 , 127.31 , 127.48
10.87 , 127.31 , 127.47
10.871 , 127.31 , 127.47
10.873 , 127.26 , 127.46
10.874 , 127.26 , 127.46
10.876 , 127.26 , 127.45
10.877 , 127.24 , 127.45
10.879 , 127.26 , 127.44
10.88 , 127.26 , 127.44
10.882 , 127.24 , 127.43
10.883 , 127.26 , 127.43
10.885 , 127.26 , 127.43
10.886 , 127.26 , 127.42
10.888 , 127.24 , 127.42
10.89 , 127.21 , 127.41
10.891 , 127.17 , 127.41
10.893 , 127.17 , 127.4
10.894 , 127.15 , 127.4
10.896 , 127.17 , 127.39
10.897 , 127.17 , 127.39
10.899 , 127.17 , 127.38
10.9 , 127.15 , 127.38
10.902 , 127.17 , 127.37
10.904 , 127.17 , 127.37
10.905 , 127.15 , 127.37
10.907 , 127.15 , 127.36
10.908 , 127.1 , 127.36
10.91 , 127.17 , 127.35
10.911 , 127.15 , 127.35
10.913 , 127.1 , 127.34
10.914 , 127.08 , 127.34
10.916 , 127.08 , 127.33
10.917 , 127.1 , 127.33
10.919 , 127.08 , 127.32
10.92 , 127.05 , 127.32
10.922 , 127.08 , 127.31
10.923 , 127.05 , 127.31
10.925 , 127.08 , 127.3
10.926 , 127.05 , 127.3
10.928 , 127.05 , 127.3
10.929 , 127.05 , 127.29
10.931 , 127.05 , 127.29
10.932 , 127.05 , 127.28
10.934 , 127.01 , 127.28
10.935 , 127.01 , 127.27
10.937 , 127.05 , 127.27
10.939 , 127.01 , 127.26
10.94 , 127.01 , 127.26
10.941 , 126.99 , 127.26
10.943 , 126.99 , 127.25
10.945 , 126.94 , 127.24
10.946 , 126.94 , 127.24
10.948 , 126.94 , 127.24
10.949 , 126.99 , 127.23
10.951 , 126.92 , 127.23
10.952 , 126.92 , 127.22
10.954 , 126.92 , 127.22
10.955 , 126.92 , 127.21
10.957 , 126.92 , 127.21
10.959 , 126.92 , 127.2
10.96 , 126.87 , 127.2
10.962 , 126.87 , 127.19
10.963 , 126.85 , 127.19
10.965 , 126.85 , 127.18
10.966 , 126.87 , 127.18
10.968 , 126.87 , 127.18
10.969 , 126.85 , 127.17
10.971 , 126.87 , 127.17
10.973 , 126.85 , 127.16
10.974 , 126.85 , 127.16
10.976 , 126.85 , 127.15
10.977 , 126.83 , 127.15
10.979 , 126.85 , 127.14
10.98 , 126.85 , 127.14
10.982 , 126.85 , 127.13
10.984 , 126.83 , 127.13
10.985 , 126.83 , 127.12
10.987 , 126.83 , 127.12
10.988 , 126.85 , 127.12
10.99 , 126.83 , 127.11
10.991 , 126.78 , 127.11
10.993 , 126.78 , 127.1
10.994 , 126.78 , 127.1
10.996 , 126.76 , 127.09
10.998 , 126.71 , 127.09
10.999 , 126.76 , 127.08
11.001 , 126.76 , 127.08
11.002 , 126.71 , 127.07
11.004 , 126.71 , 127.07
11.005 , 126.76 , 127.06
11.007 , 126.71 , 127.06
11.008 , 126.71 , 127.06
11.01 , 126.76 , 127.05
11.011 , 126.71 , 127.05
11.013 , 126.71 , 127.04
11.014 , 126.76 , 127.04
11.016 , 126.69 , 127.03
11.017 , 126.67 , 127.03
11.019 , 126.67 , 127.02
11.021 , 126.67 , 127.02
11.022 , 126.67 , 127.01
11.024 , 126.67 , 127.01
11.025 , 126.67 , 127.0
11.027 , 126.67 , 127.0
11.028 , 126.67 , 127.0
11.03 , 126.6 , 126.99
11.031 , 126.6 , 126.99
11.033 , 126.6 , 126.98
11.034 , 126.6 , 126.98
11.036 , 126.55 , 126.97
11.037 , 126.55 , 126.97
11.039 , 126.55 , 126.96
11.041 , 126.6 , 126.96
11.042 , 126.55 , 126.95
11.044 , 126.53 , 126.95
11.045 , 126.53 , 126.94
11.047 , 126.55 , 126.94
11.048 , 126.53 , 126.94
11.05 , 126.53 , 126.93
11.051 , 126.48 , 126.93
11.053 , 126.48 , 126.92
11.054 , 126.48 , 126.92
11.056 , 126.46 , 126.91
11.057 , 126.53 , 126.91
11.059 , 126.48 , 126.9
11.06 , 126.48 , 126.9
11.062 , 126.48 , 126.89
11.063 , 126.46 , 126.89
11.065 , 126.46 , 126.88
11.067 , 126.46 , 126.88
11.068 , 126.44 , 126.88
11.07 , 126.44 , 126.87
11.071 , 126.39 , 126.87
11.073 , 126.39 , 126.86
11.074 , 126.39 , 126.86
11.076 , 126.44 , 126.85
11.078 , 126.39 , 126.85
11.079 , 126.44 , 126.84
11.081 , 126.44 , 126.84
11.082 , 126.46 , 126.83
11.084 , 126.48 , 126.83
11.085 , 126.48 , 126.82
11.087 , 126.48 , 126.82
11.088 , 126.46 , 126.82
11.09 , 126.46 , 126.81
11.091 , 126.44 , 126.81
11.093 , 126.39 , 126.8
11.094 , 126.39 , 126.8
11.096 , 126.37 , 126.79
11.098 , 126.37 , 126.79
11.099 , 126.37 , 126.78
11.101 , 126.37 , 126.78
11.102 , 126.37 , 126.77
11.104 , 126.37 , 126.77
11.105 , 126.39 , 126.76
11.107 , 126.39 , 126.76
11.108 , 126.44 , 126.76
11.11 , 126.37 , 126.75
11.111 , 126.39 , 126.75
11.113 , 126.39 , 126.74
11.115 , 126.37 , 126.73
11.116 , 126.32 , 126.73
11.118 , 126.32 , 126.73
11.119 , 126.32 , 126.72
11.121 , 126.32 , 126.72
11.122 , 126.37 , 126.71
11.124 , 126.37 , 126.71
11.125 , 126.32 , 126.7
11.127 , 126.39 , 126.7
11.128 , 126.37 , 126.7
11.13 , 126.39 , 126.69
11.131 , 126.37 , 126.69
11.133 , 126.37 , 126.68
11.134 , 126.37 , 126.68
11.136 , 126.37 , 126.67
11.137 , 126.44 , 126.67
11.139 , 126.55 , 126.66
11.14 , 126.67 , 126.66
11.142 , 126.85 , 126.65
11.143 , 127.1 , 126.65
11.145 , 127.24 , 126.64
11.147 , 127.26 , 126.64
11.148 , 127.24 , 126.64
11.15 , 127.26 , 126.63
11.151 , 127.17 , 126.63
11.153 , 127.05 , 126.62
11.154 , 126.94 , 126.62
11.156 , 126.92 , 126.61
11.157 , 126.87 , 126.61
11.159 , 126.85 , 126.6
11.16 , 126.94 , 126.6
11.162 , 127.01 , 126.59
11.163 , 127.1 , 126.59
11.165 , 127.24 , 126.58
11.167 , 127.33 , 126.58
11.168 , 127.4 , 126.58
11.17 , 127.56 , 126.57
11.171 , 127.65 , 126.57
11.173 , 127.79 , 126.56
11.174 , 127.81 , 126.56
11.176 , 127.86 , 126.55
11.177 , 127.81 , 126.55
11.179 , 127.7 , 126.54
11.18 , 127.42 , 126.54
11.182 , 127.15 , 126.53
11.183 , 126.87 , 126.53
11.185 , 126.69 , 126.52
11.187 , 126.48 , 126.52
11.188 , 126.37 , 126.52
11.19 , 126.32 , 126.51
11.191 , 126.37 , 126.51
11.193 , 126.46 , 126.5
11.194 , 126.67 , 126.5
11.196 , 126.83 , 126.49
11.197 , 126.99 , 126.49
11.199 , 127.01 , 126.48
11.2 , 127.1 , 126.48
11.202 , 127.1 , 126.47
11.204 , 127.08 , 126.47
11.205 , 127.01 , 126.46
11.207 , 126.99 , 126.46
11.208 , 126.92 , 126.46
11.21 , 126.85 , 126.45
11.211 , 126.78 , 126.45
11.213 , 126.76 , 126.44
11.214 , 126.76 , 126.44
11.216 , 126.76 , 126.43
11.217 , 126.76 , 126.43
11.219 , 126.76 , 126.42
11.22 , 126.78 , 126.42
11.222 , 126.85 , 126.41
11.223 , 126.83 , 126.41
11.225 , 126.85 , 126.4
11.226 , 126.83 , 126.4
11.228 , 126.83 , 126.4
11.229 , 126.78 , 126.39
11.231 , 126.78 , 126.39
11.233 , 126.78 , 126.38
11.234 , 126.71 , 126.38
11.236 , 126.67 , 126.37
11.237 , 126.69 , 126.37
11.239 , 126.71 , 126.36
11.24 , 126.69 , 126.36
11.242 , 126.69 , 126.35
11.243 , 126.69 , 126.35
11.245 , 126.71 , 126.34
11.247 , 126.69 , 126.34
11.248 , 126.76 , 126.34
11.25 , 126.71 , 126.33
11.251 , 126.69 , 126.33
11.253 , 126.69 , 126.32
11.254 , 126.67 , 126.32
11.256 , 126.67 , 126.31
11.257 , 126.67 , 126.31
11.259 , 126.6 , 126.3
11.26 , 126.67 , 126.3
11.262 , 126.6 , 126.29
11.263 , 126.6 , 126.29
11.265 , 126.67 , 126.28
11.267 , 126.6 , 126.28
11.268 , 126.67 , 126.28
11.27 , 126.55 , 126.27
11.271 , 126.67 , 126.27
11.273 , 126.55 , 126.26
11.274 , 126.55 , 126.26
11.276 , 126.55 , 126.25
11.277 , 126.55 , 126.25
11.279 , 126.53 , 126.24
11.28 , 126.53 , 126.24
11.282 , 126.53 , 126.23
11.284 , 126.53 , 126.23
11.285 , 126.48 , 126.22
11.287 , 126.53 , 126.22
11.288 , 126.48 , 126.21
11.29 , 126.48 , 126.21
11.291 , 126.53 , 126.21
11.293 , 126.53 , 126.2
11.294 , 126.48 , 126.2
11.296 , 126.46 , 126.19
11.297 , 126.46 , 126.19
11.299 , 126.46 , 126.18
11.301 , 126.46 , 126.18
11.302 , 126.46 , 126.17
11.304 , 126.46 , 126.17
11.305 , 126.46 , 126.16
11.307 , 126.46 , 126.16
11.308 , 126.46 , 126.15
11.31 , 126.46 , 126.15
11.311 , 126.44 , 126.15
11.313 , 126.44 , 126.14
11.314 , 126.39 , 126.14
11.316 , 126.39 , 126.13
11.317 , 126.37 , 126.13
11.319 , 126.39 , 126.12
11.32 , 126.44 , 126.12
11.322 , 126.37 , 126.11
11.323 , 126.37 , 126.11
11.325 , 126.44 , 126.1
11.327 , 126.44 , 126.1
11.328 , 126.39 , 126.09
11.33 , 126.37 , 126.09
11.331 , 126.37 , 126.09
11.333 , 126.37 , 126.08
11.334 , 126.32 , 126.08
11.336 , 126.32 , 126.07
11.337 , 126.32 , 126.07
11.339 , 126.32 , 126.06
11.34 , 126.3 , 126.06
11.342 , 126.3 , 126.05
11.343 , 126.3 , 126.05
11.345 , 126.3 , 126.04
11.346 , 126.28 , 126.04
11.348 , 126.23 , 126.03
11.349 , 126.23 , 126.03
11.351 , 126.23 , 126.03
11.353 , 126.21 , 126.02
11.354 , 126.28 , 126.02
11.356 , 126.32 , 126.01
11.357 , 126.37 , 126.01
11.359 , 126.32 , 126.0
11.36 , 126.3 , 126.0
11.362 , 126.28 , 125.99
11.363 , 126.28 , 125.99
11.365 , 126.23 , 125.98
11.366 , 126.21 , 125.98
11.368 , 126.12 , 125.97
11.369 , 126.07 , 125.97
11.371 , 126.05 , 125.97
11.372 , 126.05 , 125.96
11.374 , 126.14 , 125.96
11.376 , 126.07 , 125.95
11.377 , 126.12 , 125.95
11.379 , 126.14 , 125.94
11.38 , 126.14 , 125.94
11.382 , 126.14 , 125.93
11.383 , 126.14 , 125.93
11.385 , 126.16 , 125.92
11.386 , 126.12 , 125.92
11.388 , 126.12 , 125.91
11.389 , 126.05 , 125.91
11.391 , 126.05 , 125.91
11.392 , 126.0 , 125.9
11.394 , 126.0 , 125.9
11.395 , 125.98 , 125.89
11.397 , 126.0 , 125.89
11.398 , 126.0 , 125.88
11.4 , 125.93 , 125.88
11.402 , 125.93 , 125.87
11.403 , 125.98 , 125.87
11.405 , 126.0 , 125.86
11.406 , 126.0 , 125.86
11.408 , 126.0 , 125.85
11.409 , 126.0 , 125.85
11.411 , 125.93 , 125.85
11.412 , 125.93 , 125.84
11.414 , 125.93 , 125.84
11.415 , 125.91 , 125.83
11.417 , 125.91 , 125.83
11.418 , 125.84 , 125.82
11.42 , 125.89 , 125.82
11.421 , 125.89 , 125.82
11.423 , 125.84 , 125.81
11.425 , 125.89 , 125.8
11.426 , 125.84 , 125.8
11.428 , 125.89 , 125.79
11.429 , 125.89 , 125.79
11.431 , 125.89 , 125.79
11.432 , 125.89 , 125.78
11.434 , 125.82 , 125.78
11.435 , 125.84 , 125.77
11.437 , 125.82 , 125.77
11.439 , 125.82 , 125.76
11.44 , 125.82 , 125.76
11.442 , 125.77 , 125.75
11.443 , 125.82 , 125.75
11.445 , 125.77 , 125.74
11.446 , 125.75 , 125.74
11.448 , 125.82 , 125.73
11.449 , 125.75 , 125.73
11.451 , 125.73 , 125.73
11.452 , 125.75 , 125.72
11.454 , 125.75 , 125.72
11.455 , 125.73 , 125.71
11.457 , 125.73 , 125.71
11.458 , 125.68 , 125.7
11.46 , 125.73 , 125.7
11.462 , 125.68 , 125.69
11.463 , 125.66 , 125.69
11.465 , 125.68 , 125.68
11.466 , 125.73 , 125.68
11.468 , 125.66 , 125.67
11.469 , 125.73 , 125.67
11.471 , 125.68 , 125.67
11.472 , 125.66 , 125.66
11.474 , 125.73 , 125.66
11.475 , 125.68 , 125.65
11.477 , 125.68 , 125.65
11.478 , 125.66 , 125.64
11.48 , 125.66 , 125.64
11.481 , 125.66 , 125.64
11.483 , 125.61 , 125.63
11.484 , 125.59 , 125.63
11.486 , 125.61 , 125.62
11.487 , 125.57 , 125.62
11.489 , 125.59 , 125.61
11.491 , 125.59 , 125.61
11.492 , 125.57 , 125.6
11.494 , 125.59 , 125.6
11.495 , 125.59 , 125.59
11.497 , 125.57 , 125.59
11.498 , 125.59 , 125.58
11.5 , 125.57 , 125.58
11.502 , 125.57 , 125.57
11.503 , 125.52 , 125.57
11.505 , 125.52 , 125.56
11.506 , 125.57 , 125.56
11.508 , 125.52 , 125.55
11.509 , 125.57 , 125.55
11.511 , 125.52 , 125.55
11.513 , 125.47 , 125.54
11.514 , 125.43 , 125.54
11.516 , 125.43 , 125.53
11.517 , 125.43 , 125.53
11.519 , 125.43 , 125.52
11.52 , 125.43 , 125.52
11.522 , 125.43 , 125.51
11.523 , 125.47 , 125.51
11.525 , 125.43 , 125.5
11.526 , 125.41 , 125.5
11.527 , 125.43 , 125.5
11.529 , 125.43 , 125.49
11.53 , 125.41 , 125.49
11.532 , 125.36 , 125.48
11.534 , 125.36 , 125.48
11.535 , 125.34 , 125.47
11.537 , 125.34 , 125.47
11.538 , 125.31 , 125.46
11.54 , 125.34 , 125.46
11.541 , 125.34 , 125.46
11.543 , 125.34 , 125.45
11.544 , 125.34 , 125.45
11.546 , 125.34 , 125.44
11.548 , 125.31 , 125.43
11.549 , 125.34 , 125.43
11.551 , 125.31 , 125.43
11.552 , 125.31 , 125.42
11.554 , 125.27 , 125.42
11.555 , 125.27 , 125.41
11.557 , 125.31 , 125.41
11.558 , 125.25 , 125.4
11.56 , 125.27 , 125.4
11.561 , 125.25 , 125.4
11.563 , 125.25 , 125.39
11.564 , 125.2 , 125.39
11.566 , 125.25 , 125.38
11.568 , 125.25 , 125.37
11.569 , 125.25 , 125.37
11.571 , 125.25 , 125.37
11.572 , 125.2 , 125.36
11.574 , 125.18 , 125.36
11.575 , 125.2 , 125.35
11.577 , 125.18 , 125.35
11.578 , 125.18 , 125.34
11.58 , 125.15 , 125.34
11.581 , 125.15 , 125.34
11.583 , 125.15 , 125.33
11.584 , 125.15 , 125.33
11.586 , 125.15 , 125.32
11.587 , 125.11 , 125.32
11.589 , 125.11 , 125.31
11.59 , 125.11 , 125.31
11.592 , 125.11 , 125.3
11.593 , 125.11 , 125.3
11.595 , 125.11 , 125.29
11.596 , 125.09 , 125.29
11.598 , 125.09 , 125.28
11.599 , 125.04 , 125.28
11.601 , 125.09 , 125.28
11.603 , 125.09 , 125.27
11.604 , 125.04 , 125.27
11.606 , 125.04 , 125.26
11.607 , 125.09 , 125.26
11.609 , 125.04 , 125.25
11.61 , 125.02 , 125.25
11.612 , 125.04 , 125.24
11.613 , 125.04 , 125.24
11.615 , 125.04 , 125.23
11.624 , 124.95 , 125.21
11.626 , 124.93 , 125.2
11.627 , 124.93 , 125.2
11.629 , 124.95 , 125.19
11.63 , 124.93 , 125.19
11.632 , 124.93 , 125.18
11.633 , 124.93 , 125.18
11.635 , 124.88 , 125.17
11.636 , 124.88 , 125.17
11.638 , 124.88 , 125.16
11.64 , 124.86 , 125.16
11.641 , 124.88 , 125.15
11.643 , 124.86 , 125.15
11.644 , 124.86 , 125.15
11.646 , 124.88 , 125.14
11.647 , 124.81 , 125.14
11.649 , 124.81 , 125.13
11.65 , 124.81 , 125.13
11.652 , 124.81 , 125.12
11.653 , 124.81 , 125.12
11.655 , 124.81 , 125.11
11.656 , 124.79 , 125.11
11.658 , 124.81 , 125.1
11.66 , 124.79 , 125.1
11.661 , 124.79 , 125.09
11.663 , 124.79 , 125.09
11.664 , 124.79 , 125.09
11.666 , 124.79 , 125.08
11.667 , 124.77 , 125.08
11.669 , 124.79 , 125.07
11.67 , 124.72 , 125.07
11.672 , 124.72 , 125.06
11.673 , 124.72 , 125.06
11.675 , 124.72 , 125.05
11.676 , 124.72 , 125.05
11.678 , 124.65 , 125.04
11.679 , 124.65 , 125.04
11.681 , 124.7 , 125.03
11.683 , 124.72 , 125.03
11.684 , 124.7 , 125.03
11.686 , 124.72 , 125.02
11.687 , 124.72 , 125.02
11.689 , 124.65 , 125.01
11.69 , 124.65 , 125.01
11.692 , 124.65 , 125.0
11.693 , 124.65 , 125.0
11.695 , 124.61 , 124.99
11.696 , 124.63 , 124.99
11.698 , 124.63 , 124.98
11.699 , 124.61 , 124.98
11.701 , 124.61 , 124.97
11.702 , 124.63 , 124.97
11.704 , 124.65 , 124.97
11.705 , 124.63 , 124.96
11.707 , 124.63 , 124.96
11.709 , 124.63 , 124.95
11.71 , 124.56 , 124.95
11.712 , 124.61 , 124.94
11.713 , 124.61 , 124.94
11.715 , 124.54 , 124.93
11.716 , 124.54 , 124.93
11.718 , 124.54 , 124.92
11.719 , 124.47 , 124.92
11.721 , 124.54 , 124.91
11.722 , 124.49 , 124.91
11.724 , 124.49 , 124.91
11.725 , 124.56 , 124.9
11.727 , 124.54 , 124.9
11.728 , 124.49 , 124.89
11.73 , 124.49 , 124.89
11.732 , 124.49 , 124.88
11.733 , 124.47 , 124.88
11.735 , 124.47 , 124.87
11.736 , 124.47 , 124.87
11.738 , 124.47 , 124.86
11.739 , 124.4 , 124.86
11.741 , 124.47 , 124.85
11.742 , 124.47 , 124.85
11.744 , 124.47 , 124.85
11.745 , 124.42 , 124.84
11.747 , 124.47 , 124.84
11.749 , 124.42 , 124.83
11.75 , 124.47 , 124.83
11.752 , 124.42 , 124.82
11.753 , 124.4 , 124.82
11.755 , 124.42 , 124.81
11.756 , 124.38 , 124.81
11.758 , 124.33 , 124.8
11.759 , 124.38 , 124.8
11.761 , 124.33 , 124.79
11.762 , 124.33 , 124.79
11.764 , 124.38 , 124.79
11.766 , 124.38 , 124.78
11.767 , 124.33 , 124.78
11.769 , 124.33 , 124.77
11.77 , 124.33 , 124.77
11.772 , 124.31 , 124.76
11.773 , 124.31 , 124.76
11.775 , 124.31 , 124.75
11.776 , 124.31 , 124.75
11.778 , 124.31 , 124.74
11.779 , 124.24 , 124.74
11.781 , 124.26 , 124.73
11.782 , 124.31 , 124.73
11.784 , 124.26 , 124.73
11.785 , 124.26 , 124.72
11.787 , 124.31 , 124.72
11.789 , 124.31 , 124.71
11.79 , 124.26 , 124.71
11.792 , 124.26 , 124.7
11.793 , 124.26 , 124.7
11.795 , 124.24 , 124.69
11.796 , 124.17 , 124.69
11.798 , 124.24 , 124.68
11.799 , 124.22 , 124.68
11.801 , 124.22 , 124.67
11.802 , 124.17 , 124.67
11.804 , 124.22 , 124.67
11.806 , 124.17 , 124.66
11.807 , 124.17 , 124.66
11.809 , 124.17 , 124.65
11.81 , 124.17 , 124.65
11.812 , 124.17 , 124.64
11.813 , 124.15 , 124.64
11.815 , 124.17 , 124.63
11.816 , 124.15 , 124.63
11.818 , 124.15 , 124.62
11.819 , 124.03 , 124.62
11.821 , 124.08 , 124.61
11.822 , 124.1 , 124.61
11.824 , 124.1 , 124.61
11.825 , 124.1 , 124.6
11.827 , 124.15 , 124.6
11.829 , 124.15 , 124.59
11.83 , 124.22 , 124.59
11.832 , 124.24 , 124.58
11.833 , 124.24 , 124.58
11.835 , 124.22 , 124.57
11.836 , 124.17 , 124.57
11.838 , 124.15 , 124.56
11.839 , 124.1 , 124.56
11.841 , 124.1 , 124.55
11.842 , 124.1 , 124.55
11.844 , 124.08 , 124.55
11.846 , 124.1 , 124.54
11.847 , 124.08 , 124.54
11.849 , 124.08 , 124.53
11.85 , 124.1 , 124.53
11.852 , 124.1 , 124.52
11.853 , 124.03 , 124.52
11.855 , 124.08 , 124.51
11.856 , 124.1 , 124.51
11.858 , 124.08 , 124.5
11.859 , 124.08 , 124.5
11.861 , 124.08 , 124.49
11.862 , 124.1 , 124.49
11.864 , 124.08 , 124.49
11.865 , 124.1 , 124.48
11.867 , 124.03 , 124.48
11.869 , 124.1 , 124.47
11.87 , 124.08 , 124.47
11.872 , 124.08 , 124.46
11.873 , 124.03 , 124.46
11.875 , 124.03 , 124.45
11.876 , 124.03 , 124.45
11.878 , 124.03 , 124.44
11.879 , 124.1 , 124.44
11.881 , 124.08 , 124.43
11.882 , 124.08 , 124.43
11.884 , 124.03 , 124.43
11.886 , 124.08 , 124.42
11.887 , 124.17 , 124.42
11.889 , 124.22 , 124.41
11.89 , 124.33 , 124.41
11.892 , 124.49 , 124.4
11.893 , 124.65 , 124.4
11.895 , 124.86 , 124.39
11.896 , 124.93 , 124.39
11.898 , 124.88 , 124.38
11.899 , 124.88 , 124.38
11.901 , 124.81 , 124.37
11.902 , 124.77 , 124.37
11.904 , 124.72 , 124.37
11.905 , 124.65 , 124.36
11.907 , 124.61 , 124.36
11.908 , 124.61 , 124.35
11.91 , 124.61 , 124.35
11.912 , 124.65 , 124.34
11.913 , 124.72 , 124.34
11.915 , 124.86 , 124.33
11.916 , 124.93 , 124.33
11.918 , 125.02 , 124.32
11.919 , 125.15 , 124.32
11.921 , 125.27 , 124.31
11.922 , 125.43 , 124.31
11.924 , 125.47 , 124.31
11.925 , 125.57 , 124.3
11.927 , 125.59 , 124.3
11.928 , 125.66 , 124.29
11.93 , 125.66 , 124.29
11.931 , 125.66 , 124.28
11.933 , 125.66 , 124.28
11.934 , 125.59 , 124.28
11.936 , 125.52 , 124.27
11.938 , 125.31 , 124.26
11.939 , 124.95 , 124.26
11.941 , 124.72 , 124.25
11.942 , 124.49 , 124.25
11.944 , 124.33 , 124.25
11.945 , 124.26 , 124.24
11.947 , 124.22 , 124.24
11.948 , 124.22 , 124.23
11.95 , 124.33 , 124.23
11.951 , 124.42 , 124.22
11.953 , 124.56 , 124.22
11.954 , 124.65 , 124.22
11.956 , 124.77 , 124.21
11.957 , 124.86 , 124.21
11.959 , 124.86 , 124.2
11.961 , 124.88 , 124.19
11.962 , 124.86 , 124.19
11.964 , 124.79 , 124.19
11.965 , 124.72 , 124.18
11.967 , 124.7 , 124.18
11.968 , 124.63 , 124.17
11.97 , 124.61 , 124.17
11.971 , 124.56 , 124.16
11.973 , 124.54 , 124.16
11.974 , 124.54 , 124.16
11.976 , 124.54 , 124.15
11.977 , 124.61 , 124.15
11.979 , 124.56 , 124.14
11.98 , 124.56 , 124.14
11.982 , 124.61 , 124.13
11.984 , 124.61 , 124.13
11.985 , 124.61 , 124.12
11.987 , 124.56 , 124.12
11.988 , 124.56 , 124.11
11.99 , 124.54 , 124.11
11.991 , 124.54 , 124.1
11.993 , 124.49 , 124.1
11.994 , 124.54 , 124.1
11.996 , 124.49 , 124.09
11.997 , 124.49 , 124.09
11.999 , 124.47 , 124.08
12.0 , 124.49 , 124.08
12.002 , 124.49 , 124.07
12.004 , 124.47 , 124.06
12.005 , 124.49 , 124.06
12.007 , 124.47 , 124.06
12.008 , 124.49 , 124.05
12.01 , 124.42 , 124.05
12.011 , 124.47 , 124.04
12.013 , 124.42 , 124.04
12.014 , 124.42 , 124.03
12.016 , 124.4 , 124.03
12.017 , 124.42 , 124.03
12.019 , 124.4 , 124.02
12.02 , 124.4 , 124.02
12.022 , 124.4 , 124.01
12.023 , 124.4 , 124.01
12.025 , 124.4 , 124.0
12.026 , 124.42 , 124.0
12.028 , 124.42 , 123.99
12.029 , 124.38 , 123.99
12.031 , 124.4 , 123.98
12.032 , 124.4 , 123.98
12.034 , 124.33 , 123.97
12.035 , 124.33 , 123.97
12.037 , 124.33 , 123.97
12.038 , 124.38 , 123.96
12.04 , 124.38 , 123.96
12.041 , 124.33 , 123.95
12.043 , 124.31 , 123.95
12.044 , 124.31 , 123.94
12.046 , 124.33 , 123.94
12.048 , 124.33 , 123.93
12.049 , 124.31 , 123.93
12.051 , 124.33 , 123.92
12.052 , 124.31 , 123.92
12.054 , 124.31 , 123.91
12.055 , 124.26 , 123.91
12.057 , 124.31 , 123.91
12.058 , 124.31 , 123.9
12.06 , 124.26 , 123.9
12.061 , 124.31 , 123.89
12.063 , 124.31 , 123.89
12.064 , 124.26 , 123.88
12.066 , 124.26 , 123.88
12.067 , 124.31 , 123.88
12.069 , 124.26 , 123.87
12.07 , 124.26 , 123.87
12.072 , 124.26 , 123.86
12.073 , 124.24 , 123.86
12.075 , 124.24 , 123.85
12.077 , 124.24 , 123.85
12.078 , 124.24 , 123.84
12.08 , 124.24 , 123.84
12.081 , 124.17 , 123.83
12.083 , 124.24 , 123.83
12.084 , 124.24 , 123.82
12.086 , 124.24 , 123.82
12.087 , 124.22 , 123.82
12.089 , 124.22 , 123.81
12.091 , 124.17 , 123.8
12.092 , 124.22 , 123.8
12.094 , 124.22 , 123.79
12.095 , 124.1 , 123.79
12.097 , 124.1 , 123.79
12.098 , 124.08 , 123.78
12.1 , 124.03 , 123.78
12.101 , 124.01 , 123.77
12.103 , 124.03 , 123.77
12.104 , 124.1 , 123.76
12.106 , 124.15 , 123.76
12.107 , 124.22 , 123.76
12.109 , 124.22 , 123.75
12.11 , 124.17 , 123.75
12.112 , 124.17 , 123.74
12.113 , 124.15 , 123.74
12.115 , 124.08 , 123.73
12.116 , 123.99 , 123.73
12.118 , 124.01 , 123.72
12.119 , 123.87 , 123.72
12.121 , 123.92 , 123.71
12.122 , 123.85 , 123.71
12.124 , 123.87 , 123.7
12.125 , 123.85 , 123.7
12.127 , 123.92 , 123.7
12.129 , 123.94 , 123.69
12.13 , 124.01 , 123.69
12.132 , 123.99 , 123.68
12.133 , 123.99 , 123.68
12.135 , 123.94 , 123.67
12.136 , 123.92 , 123.67
12.138 , 123.87 , 123.66
12.139 , 123.85 , 123.66
12.141 , 123.85 , 123.65
12.142 , 123.85 , 123.65
12.144 , 123.83 , 123.64
12.145 , 123.83 , 123.64
12.147 , 123.83 , 123.64
12.148 , 123.78 , 123.63
12.15 , 123.78 , 123.63
12.152 , 123.76 , 123.62
12.153 , 123.78 , 123.62
12.155 , 123.85 , 123.61
12.156 , 123.83 , 123.61
12.158 , 123.78 , 123.6
12.159 , 123.76 , 123.6
12.161 , 123.78 , 123.59
12.162 , 123.76 , 123.59
12.164 , 123.76 , 123.58
12.165 , 123.71 , 123.58
12.167 , 123.76 , 123.58
12.168 , 123.69 , 123.57
12.17 , 123.69 , 123.57
12.171 , 123.69 , 123.56
12.173 , 123.69 , 123.56
12.175 , 123.67 , 123.55
12.176 , 123.67 , 123.55
12.178 , 123.67 , 123.54
12.179 , 123.67 , 123.54
12.181 , 123.69 , 123.53
12.182 , 123.67 , 123.53
12.184 , 123.69 , 123.52
12.185 , 123.67 , 123.52
12.187 , 123.67 , 123.52
12.188 , 123.67 , 123.51
12.19 , 123.62 , 123.51
12.192 , 123.62 , 123.5
12.193 , 123.6 , 123.5
12.195 , 123.55 , 123.49
12.196 , 123.55 , 123.49
12.198 , 123.55 , 123.48
12.199 , 123.55 , 123.48
12.201 , 123.53 , 123.47
12.202 , 123.53 , 123.47
12.204 , 123.53 , 123.46
12.205 , 123.48 , 123.46
12.207 , 123.53 , 123.46
12.208 , 123.48 , 123.45
12.21 , 123.53 , 123.45
12.211 , 123.53 , 123.44
12.213 , 123.48 , 123.44
12.214 , 123.48 , 123.43
12.216 , 123.48 , 123.43
12.217 , 123.46 , 123.43
12.219 , 123.46 , 123.42
12.22 , 123.46 , 123.42
12.222 , 123.44 , 123.41
12.223 , 123.46 , 123.41
12.225 , 123.44 , 123.4
12.226 , 123.46 , 123.4
12.228 , 123.44 , 123.39
12.23 , 123.39 , 123.39
12.231 , 123.39 , 123.38
12.233 , 123.39 , 123.38
12.234 , 123.32 , 123.37
12.236 , 123.39 , 123.37
12.237 , 123.37 , 123.37
12.239 , 123.32 , 123.36
12.24 , 123.32 , 123.36
12.242 , 123.37 , 123.35
12.243 , 123.37 , 123.35
12.245 , 123.32 , 123.34
12.246 , 123.39 , 123.34
12.248 , 123.3 , 123.33
12.249 , 123.32 , 123.33
12.251 , 123.32 , 123.32
12.253 , 123.3 , 123.32
12.254 , 123.3 , 123.31
12.256 , 123.28 , 123.31
12.257 , 123.23 , 123.31
12.259 , 123.23 , 123.3
12.26 , 123.23 , 123.3
12.262 , 123.21 , 123.29
12.263 , 123.21 , 123.29
12.265 , 123.21 , 123.28
12.266 , 123.21 , 123.28
12.268 , 123.21 , 123.27
12.269 , 123.21 , 123.27
12.271 , 123.16 , 123.26
12.272 , 123.21 , 123.26
12.274 , 123.16 , 123.25
12.275 , 123.21 , 123.25
12.277 , 123.14 , 123.25
12.278 , 123.14 , 123.24
12.28 , 123.14 , 123.24
12.282 , 123.14 , 123.23
12.283 , 123.16 , 123.23
12.285 , 123.14 , 123.22
12.286 , 123.14 , 123.22
12.288 , 123.14 , 123.21
12.289 , 123.14 , 123.21
12.291 , 123.12 , 123.2
12.292 , 123.12 , 123.2
12.294 , 123.07 , 123.19
12.295 , 123.07 , 123.19
12.297 , 123.05 , 123.19
12.298 , 123.0 , 123.18
12.3 , 123.0 , 123.18
12.301 , 123.05 , 123.17
12.303 , 123.0 , 123.17
12.304 , 123.05 , 123.16
12.306 , 123.0 , 123.16
12.307 , 123.0 , 123.16
12.309 , 123.0 , 123.15
12.31 , 122.98 , 123.15
12.312 , 123.05 , 123.14
12.313 , 122.98 , 123.14
12.315 , 123.0 , 123.13
12.316 , 122.98 , 123.13
12.318 , 122.91 , 123.12
12.319 , 122.98 , 123.12
12.321 , 122.98 , 123.11
12.322 , 122.98 , 123.11
12.324 , 122.98 , 123.1
12.325 , 122.93 , 123.1
12.327 , 122.89 , 123.1
12.328 , 122.89 , 123.09
12.33 , 122.91 , 123.09
12.332 , 122.89 , 123.08
12.333 , 122.84 , 123.08
12.335 , 122.89 , 123.07
12.336 , 122.84 , 123.07
12.338 , 122.82 , 123.06
12.339 , 122.82 , 123.06
12.341 , 122.82 , 123.05
12.342 , 122.84 , 123.05
12.344 , 122.84 , 123.04
12.345 , 122.82 , 123.04
12.347 , 122.82 , 123.04
12.348 , 122.84 , 123.03
12.35 , 122.82 , 123.03
12.352 , 122.75 , 123.02
12.353 , 122.75 , 123.02
12.355 , 122.77 , 123.01
12.356 , 122.75 , 123.01
12.358 , 122.75 , 123.0
12.359 , 122.75 , 123.0
12.361 , 122.75 , 122.99
12.362 , 122.77 , 122.99
12.364 , 122.73 , 122.98
12.365 , 122.75 , 122.98
12.367 , 122.73 , 122.97
12.368 , 122.73 , 122.97
12.37 , 122.73 , 122.97
12.371 , 122.68 , 122.96
12.373 , 122.68 , 122.96
12.374 , 122.68 , 122.95
12.376 , 122.66 , 122.95
12.377 , 122.66 , 122.94
12.379 , 122.59 , 122.94
12.38 , 122.59 , 122.94
12.382 , 122.59 , 122.93
12.384 , 122.59 , 122.92
12.385 , 122.66 , 122.92
12.387 , 122.66 , 122.91
12.388 , 122.59 , 122.91
12.39 , 122.55 , 122.91
12.391 , 122.59 , 122.9
12.393 , 122.55 , 122.9
12.394 , 122.52 , 122.89
12.396 , 122.59 , 122.89
12.397 , 122.55 , 122.88
12.399 , 122.52 , 122.88
12.4 , 122.52 , 122.88
12.402 , 122.5 , 122.87
12.404 , 122.52 , 122.86
12.405 , 122.52 , 122.86
12.407 , 122.5 , 122.85
12.408 , 122.5 , 122.85
12.41 , 122.5 , 122.85
12.411 , 122.5 , 122.84
12.413 , 122.45 , 122.84
12.414 , 122.43 , 122.83
12.416 , 122.45 , 122.83
12.417 , 122.38 , 122.82
12.419 , 122.43 , 122.82
12.42 , 122.45 , 122.82
12.422 , 122.45 , 122.81
12.424 , 122.38 , 122.8
12.425 , 122.43 , 122.8
12.427 , 122.43 , 122.79
12.428 , 122.38 , 122.79
12.43 , 122.43 , 122.79
12.431 , 122.38 , 122.78
12.433 , 122.38 , 122.78
12.434 , 122.38 , 122.77
12.436 , 122.38 , 122.77
12.437 , 122.36 , 122.76
12.439 , 122.38 , 122.76
12.44 , 122.34 , 122.76
12.442 , 122.34 , 122.75
12.443 , 122.34 , 122.75
12.445 , 122.34 , 122.74
12.447 , 122.34 , 122.73
12.448 , 122.34 , 122.73
12.45 , 122.29 , 122.73
12.451 , 122.29 , 122.72
12.453 , 122.29 , 122.72
12.454 , 122.27 , 122.71
12.456 , 122.27 , 122.71
12.457 , 122.27 , 122.7
12.459 , 122.27 , 122.7
12.46 , 122.27 , 122.7
12.462 , 122.27 , 122.69
12.464 , 122.2 , 122.68
12.465 , 122.22 , 122.68
12.467 , 122.22 , 122.67
12.468 , 122.22 , 122.67
12.47 , 122.22 , 122.67
12.471 , 122.22 , 122.66
12.473 , 122.22 , 122.66
12.474 , 122.22 , 122.65
12.476 , 122.2 , 122.65
12.477 , 122.18 , 122.64
12.479 , 122.18 , 122.64
12.48 , 122.2 , 122.64
12.482 , 122.18 , 122.63
12.483 , 122.18 , 122.63
12.485 , 122.18 , 122.62
12.486 , 122.13 , 122.62
12.488 , 122.13 , 122.61
12.489 , 122.13 , 122.61
12.491 , 122.13 , 122.6
12.493 , 122.13 , 122.6
12.494 , 122.11 , 122.59
12.496 , 122.13 , 122.59
12.497 , 122.11 , 122.58
12.499 , 122.11 , 122.58
12.5 , 122.06 , 122.58
12.51 , 122.06 , 122.55
12.511 , 122.04 , 122.54
12.513 , 122.06 , 122.54
12.514 , 122.04 , 122.53
12.516 , 122.04 , 122.53
12.517 , 122.0 , 122.52
12.519 , 122.04 , 122.52
12.52 , 121.97 , 122.52
12.522 , 122.0 , 122.51
12.523 , 122.0 , 122.51
12.525 , 122.0 , 122.5
12.526 , 121.97 , 122.5
12.528 , 121.97 , 122.49
12.529 , 121.97 , 122.49
12.531 , 121.97 , 122.48
12.532 , 121.95 , 122.48
12.534 , 121.95 , 122.47
12.535 , 121.95 , 122.47
12.537 , 121.9 , 122.46
12.538 , 121.9 , 122.46
12.54 , 121.9 , 122.46
12.541 , 121.9 , 122.45
12.543 , 121.95 , 122.45
12.545 , 121.9 , 122.44
12.546 , 121.95 , 122.44
12.548 , 121.95 , 122.43
12.549 , 121.9 , 122.43
12.551 , 121.88 , 122.42
12.552 , 121.88 , 122.42
12.554 , 121.88 , 122.41
12.555 , 121.88 , 122.41
12.557 , 121.84 , 122.4
12.558 , 121.81 , 122.4
12.56 , 121.79 , 122.4
12.561 , 121.81 , 122.39
12.563 , 121.81 , 122.39
12.565 , 121.79 , 122.38
12.566 , 121.81 , 122.38
12.568 , 121.79 , 122.37
12.569 , 121.74 , 122.37
12.571 , 121.72 , 122.36
12.572 , 121.72 , 122.36
12.574 , 121.68 , 122.35
12.575 , 121.74 , 122.35
12.577 , 121.74 , 122.34
12.578 , 121.74 , 122.34
12.58 , 121.84 , 122.34
12.581 , 121.81 , 122.33
12.583 , 121.84 , 122.33
12.585 , 121.84 , 122.32
12.586 , 121.88 , 122.32
12.588 , 121.81 , 122.31
12.589 , 121.79 , 122.31
12.591 , 121.79 , 122.3
12.592 , 121.74 , 122.3
12.594 , 121.74 , 122.29
12.595 , 121.72 , 122.29
12.597 , 121.68 , 122.28
12.598 , 121.68 , 122.28
12.6 , 121.68 , 122.28
12.601 , 121.68 , 122.27
12.603 , 121.72 , 122.27
12.604 , 121.74 , 122.26
12.606 , 121.72 , 122.26
12.607 , 121.72 , 122.25
12.609 , 121.72 , 122.25
12.61 , 121.72 , 122.25
12.612 , 121.72 , 122.24
12.613 , 121.68 , 122.24
12.615 , 121.68 , 122.23
12.616 , 121.72 , 122.23
12.618 , 121.65 , 122.22
12.619 , 121.68 , 122.22
12.621 , 121.68 , 122.21
12.622 , 121.68 , 122.21
12.624 , 121.68 , 122.2
12.625 , 121.72 , 122.2
12.627 , 121.72 , 122.19
12.629 , 121.72 , 122.19
12.63 , 121.72 , 122.19
12.631 , 121.72 , 122.18
12.633 , 121.68 , 122.18
12.634 , 121.65 , 122.17
12.636 , 121.65 , 122.17
12.638 , 121.74 , 122.16
12.639 , 121.9 , 122.16
12.641 , 121.95 , 122.15
12.642 , 122.13 , 122.15
12.644 , 122.43 , 122.14
12.645 , 122.55 , 122.14
12.647 , 122.55 , 122.13
12.648 , 122.59 , 122.13
12.65 , 122.59 , 122.13
12.651 , 122.52 , 122.12
12.653 , 122.38 , 122.12
12.654 , 122.34 , 122.11
12.656 , 122.27 , 122.11
12.657 , 122.27 , 122.1
12.659 , 122.22 , 122.1
12.661 , 122.27 , 122.09
12.662 , 122.36 , 122.09
12.664 , 122.43 , 122.08
12.665 , 122.5 , 122.08
12.667 , 122.59 , 122.07
12.668 , 122.75 , 122.07
12.67 , 122.89 , 122.07
12.671 , 123.0 , 122.06
12.673 , 123.07 , 122.06
12.674 , 123.16 , 122.05
12.676 , 123.23 , 122.05
12.677 , 123.28 , 122.04
12.679 , 123.3 , 122.04
12.68 , 123.32 , 122.04
12.682 , 123.3 , 122.03
12.683 , 123.3 , 122.03
12.685 , 123.32 , 122.02
12.687 , 123.32 , 122.01
12.688 , 123.32 , 122.01
12.69 , 123.32 , 122.01
12.691 , 123.32 , 122.0
12.693 , 123.21 , 122.0
12.694 , 123.05 , 121.99
12.696 , 122.77 , 121.99
12.697 , 122.5 , 121.98
12.699 , 122.29 , 121.98
12.7 , 122.18 , 121.98
12.702 , 122.04 , 121.97
12.703 , 122.0 , 121.97
12.705 , 122.04 , 121.96
12.706 , 122.13 , 121.96
12.708 , 122.2 , 121.95
12.709 , 122.36 , 121.95
12.711 , 122.52 , 121.94
12.713 , 122.66 , 121.94
12.714 , 122.68 , 121.93
12.716 , 122.73 , 121.93
12.717 , 122.73 , 121.92
12.718 , 122.66 , 121.92
12.72 , 122.59 , 121.92
12.722 , 122.55 , 121.91
12.723 , 122.45 , 121.91
12.725 , 122.38 , 121.9
12.726 , 122.38 , 121.9
12.728 , 122.34 , 121.89
12.729 , 122.34 , 121.89
12.731 , 122.34 , 121.88
12.732 , 122.36 , 121.88
12.734 , 122.38 , 121.87
12.735 , 122.36 , 121.87
12.737 , 122.38 , 121.86
12.738 , 122.36 , 121.86
12.74 , 122.36 , 121.85
12.742 , 122.38 , 121.85
12.743 , 122.36 , 121.85
12.745 , 122.36 , 121.84
12.746 , 122.38 , 121.84
12.748 , 122.36 , 121.83
12.749 , 122.34 , 121.83
12.751 , 122.29 , 121.82
12.752 , 122.29 , 121.82
12.754 , 122.27 , 121.81
12.755 , 122.34 , 121.81
12.757 , 122.27 , 121.8
12.758 , 122.27 , 121.8
12.76 , 122.27 , 121.79
12.762 , 122.29 , 121.79
12.763 , 122.34 , 121.79
12.765 , 122.29 , 121.78
12.766 , 122.29 , 121.78
12.768 , 122.27 , 121.77
12.769 , 122.27 , 121.77
12.771 , 122.22 , 121.76
12.772 , 122.22 , 121.76
12.774 , 122.2 , 121.75
12.775 , 122.2 , 121.75
12.777 , 122.2 , 121.74
12.779 , 122.27 , 121.74
12.78 , 122.27 , 121.73
12.782 , 122.2 , 121.73
12.783 , 122.2 , 121.73
12.785 , 122.2 , 121.72
12.786 , 122.27 , 121.72
12.788 , 122.22 , 121.71
12.789 , 122.22 , 121.71
12.791 , 122.18 , 121.7
12.792 , 122.18 , 121.7
12.794 , 122.18 , 121.69
12.796 , 122.18 , 121.69
12.797 , 122.18 , 121.68
12.799 , 122.18 , 121.68
12.8 , 122.13 , 121.67
12.802 , 122.13 , 121.67
12.803 , 122.13 , 121.67
12.805 , 122.11 , 121.66
12.806 , 122.18 , 121.66
12.808 , 122.11 , 121.65
12.809 , 122.11 , 121.65
12.811 , 122.13 , 121.64
12.812 , 122.13 , 121.64
12.814 , 122.11 , 121.63
12.815 , 122.11 , 121.63
12.817 , 122.06 , 121.62
12.818 , 122.06 , 121.62
12.82 , 122.06 , 121.61
12.821 , 122.04 , 121.61
12.823 , 122.06 , 121.61
12.824 , 122.06 , 121.6
12.826 , 122.04 , 121.6
12.827 , 122.04 , 121.59
12.829 , 122.06 , 121.59
12.831 , 122.04 , 121.58
12.832 , 122.04 , 121.58
12.834 , 122.04 , 121.57
12.835 , 122.0 , 121.57
12.837 , 122.0 , 121.56
12.838 , 121.97 , 121.56
12.84 , 121.97 , 121.55
12.841 , 121.97 , 121.55
12.843 , 121.97 , 121.55
12.844 , 122.0 , 121.54
12.846 , 121.95 , 121.54
12.847 , 121.88 , 121.53
12.849 , 121.81 , 121.53
12.85 , 121.81 , 121.52
12.852 , 121.84 , 121.52
12.853 , 121.88 , 121.52
12.855 , 121.95 , 121.51
12.857 , 121.97 , 121.5
12.858 , 122.0 , 121.5
12.86 , 121.95 , 121.49
12.861 , 121.95 , 121.49
12.863 , 121.9 , 121.49
12.864 , 121.84 , 121.48
12.866 , 121.84 , 121.48
12.867 , 121.79 , 121.47
12.869 , 121.68 , 121.47
12.87 , 121.68 , 121.46
12.872 , 121.63 , 121.46
12.874 , 121.65 , 121.45
12.875 , 121.68 , 121.45
12.877 , 121.65 , 121.44
12.878 , 121.65 , 121.44
12.88 , 121.68 , 121.43
12.881 , 121.65 , 121.43
12.883 , 121.65 , 121.43
12.884 , 121.68 , 121.42
12.886 , 121.63 , 121.42
12.887 , 121.63 , 121.41
12.889 , 121.65 , 121.41
12.89 , 121.63 , 121.4
12.892 , 121.58 , 121.4
12.893 , 121.58 , 121.4
12.895 , 121.52 , 121.39
12.896 , 121.56 , 121.39
12.898 , 121.52 , 121.38
12.9 , 121.45 , 121.37
12.901 , 121.45 , 121.37
12.903 , 121.49 , 121.37
12.904 , 121.49 , 121.36
12.906 , 121.52 , 121.36
12.907 , 121.45 , 121.35
12.909 , 121.49 , 121.35
12.91 , 121.49 , 121.34
12.912 , 121.52 , 121.34
12.913 , 121.49 , 121.34
12.915 , 121.45 , 121.33
12.917 , 121.49 , 121.32
12.918 , 121.4 , 121.32
12.92 , 121.42 , 121.31
12.921 , 121.4 , 121.31
12.923 , 121.4 , 121.31
12.924 , 121.4 , 121.3
12.926 , 121.36 , 121.3
12.927 , 121.36 , 121.29
12.929 , 121.36 , 121.29
12.93 , 121.4 , 121.28
12.932 , 121.36 , 121.28
12.933 , 121.29 , 121.28
12.935 , 121.36 , 121.27
12.936 , 121.33 , 121.27
12.938 , 121.33 , 121.26
12.939 , 121.33 , 121.26
12.941 , 121.29 , 121.25
12.942 , 121.29 , 121.25
12.944 , 121.33 , 121.24
12.945 , 121.26 , 121.24
12.947 , 121.26 , 121.23
12.948 , 121.26 , 121.23
12.95 , 121.26 , 121.22
12.951 , 121.24 , 121.22
12.953 , 121.24 , 121.22
12.954 , 121.24 , 121.21
12.956 , 121.24 , 121.21
12.957 , 121.19 , 121.2
12.959 , 121.19 , 121.2
12.961 , 121.19 , 121.19
12.962 , 121.19 , 121.19
12.963 , 121.19 , 121.19
12.965 , 121.19 , 121.18
12.966 , 121.17 , 121.18
12.968 , 121.17 , 121.17
12.97 , 121.19 , 121.16
12.971 , 121.17 , 121.16
12.973 , 121.17 , 121.16
12.974 , 121.1 , 121.15
12.976 , 121.1 , 121.15
12.977 , 121.1 , 121.14
12.979 , 121.1 , 121.14
12.98 , 121.06 , 121.13
12.982 , 121.06 , 121.13
12.983 , 121.06 , 121.13
12.985 , 121.06 , 121.12
12.987 , 121.1 , 121.11
12.988 , 121.06 , 121.11
12.99 , 121.06 , 121.1
12.991 , 121.1 , 121.1
12.993 , 121.06 , 121.1
12.994 , 121.06 , 121.09
12.996 , 121.03 , 121.09
12.997 , 121.03 , 121.08
12.999 , 121.01 , 121.08
13.0 , 121.01 , 121.07
13.002 , 121.01 , 121.07
13.003 , 121.03 , 121.07
13.005 , 120.97 , 121.06
13.006 , 120.97 , 121.06
13.008 , 120.94 , 121.05
13.01 , 120.94 , 121.04
13.011 , 120.97 , 121.04
13.012 , 120.97 , 121.04
13.014 , 120.94 , 121.03
13.015 , 120.9 , 121.03
13.017 , 120.9 , 121.02
13.018 , 120.9 , 121.02
13.02 , 120.94 , 121.01
13.021 , 120.9 , 121.01
13.023 , 120.87 , 121.01
13.024 , 120.9 , 121.0
13.026 , 120.87 , 121.0
13.027 , 120.9 , 120.99
13.029 , 120.94 , 120.99
13.03 , 120.87 , 120.98
13.032 , 120.87 , 120.98
13.033 , 120.85 , 120.98
13.035 , 120.85 , 120.97
13.036 , 120.81 , 120.97
13.038 , 120.85 , 120.96
13.039 , 120.78 , 120.96
13.041 , 120.74 , 120.95
13.043 , 120.74 , 120.95
13.044 , 120.74 , 120.94
13.046 , 120.74 , 120.94
13.047 , 120.74 , 120.93
13.049 , 120.78 , 120.93
13.05 , 120.71 , 120.92
13.052 , 120.78 , 120.92
13.053 , 120.71 , 120.92
13.055 , 120.69 , 120.91
13.056 , 120.69 , 120.91
13.058 , 120.69 , 120.9
13.059 , 120.71 , 120.9
13.061 , 120.69 , 120.89
13.063 , 120.69 , 120.89
13.064 , 120.71 , 120.88
13.066 , 120.71 , 120.88
13.067 , 120.65 , 120.87
13.069 , 120.69 , 120.87
13.07 , 120.69 , 120.86
13.072 , 120.65 , 120.86
13.073 , 120.62 , 120.86
13.075 , 120.58 , 120.85
13.076 , 120.62 , 120.85
13.078 , 120.58 , 120.84
13.079 , 120.58 , 120.84
13.081 , 120.58 , 120.83
13.082 , 120.55 , 120.83
13.084 , 120.58 , 120.82
13.085 , 120.55 , 120.82
13.087 , 120.58 , 120.81
13.088 , 120.58 , 120.81
13.09 , 120.55 , 120.8
13.091 , 120.51 , 120.8
13.093 , 120.58 , 120.8
13.094 , 120.55 , 120.79
13.096 , 120.51 , 120.79
13.097 , 120.51 , 120.78
13.099 , 120.46 , 120.78
13.1 , 120.55 , 120.77
13.102 , 120.46 , 120.77
13.103 , 120.46 , 120.76
13.105 , 120.44 , 120.76
13.106 , 120.44 , 120.76
13.108 , 120.44 , 120.75
13.109 , 120.44 , 120.75
13.111 , 120.39 , 120.74
13.112 , 120.39 , 120.74
13.114 , 120.44 , 120.73
13.115 , 120.37 , 120.73
13.117 , 120.39 , 120.72
13.118 , 120.33 , 120.72
13.12 , 120.37 , 120.71
13.121 , 120.33 , 120.71
13.123 , 120.37 , 120.7
13.124 , 120.37 , 120.7
13.126 , 120.37 , 120.7
13.127 , 120.33 , 120.69
13.129 , 120.37 , 120.69
13.13 , 120.37 , 120.68
13.132 , 120.33 , 120.68
13.133 , 120.3 , 120.67
13.135 , 120.3 , 120.67
13.136 , 120.3 , 120.67
13.138 , 120.28 , 120.66
13.14 , 120.28 , 120.65
13.141 , 120.28 , 120.65
13.143 , 120.28 , 120.64
13.144 , 120.23 , 120.64
13.146 , 120.23 , 120.64
13.147 , 120.28 , 120.63
13.149 , 120.23 , 120.63
13.15 , 120.23 , 120.62
13.152 , 120.23 , 120.62
13.153 , 120.21 , 120.61
13.155 , 120.21 , 120.61
13.156 , 120.21 , 120.61
13.158 , 120.16 , 120.6
13.159 , 120.16 , 120.6
13.161 , 120.21 , 120.59
13.162 , 120.21 , 120.59
13.164 , 120.21 , 120.58
13.165 , 120.21 , 120.58
13.167 , 120.16 , 120.57
13.169 , 120.21 , 120.57
13.17 , 120.21 , 120.56
13.172 , 120.14 , 120.56
13.173 , 120.14 , 120.55
13.175 , 120.1 , 120.55
13.176 , 120.14 , 120.55
13.178 , 120.05 , 120.54
13.179 , 120.1 , 120.54
13.181 , 120.07 , 120.53
13.182 , 120.07 , 120.53
13.184 , 120.07 , 120.52
13.185 , 120.07 , 120.52
13.187 , 120.07 , 120.51
13.188 , 120.07 , 120.51
13.19 , 120.1 , 120.5
13.192 , 120.05 , 120.5
13.193 , 120.05 , 120.49
13.195 , 120.05 , 120.49
13.196 , 120.05 , 120.49
13.198 , 120.0 , 120.48
13.199 , 120.0 , 120.48
13.201 , 120.0 , 120.47
13.202 , 120.0 , 120.47
13.204 , 120.0 , 120.46
13.205 , 119.98 , 120.46
13.207 , 119.98 , 120.45
13.208 , 119.98 , 120.45
13.21 , 119.94 , 120.44
13.211 , 119.94 , 120.44
13.213 , 119.91 , 120.43
13.214 , 119.94 , 120.43
13.216 , 119.91 , 120.43
13.217 , 119.91 , 120.42
13.219 , 119.89 , 120.42
13.22 , 119.91 , 120.41
13.222 , 119.91 , 120.41
13.223 , 119.91 , 120.4
13.225 , 119.91 , 120.4
13.226 , 119.89 , 120.4
13.228 , 119.91 , 120.39
13.229 , 119.89 , 120.39
13.231 , 119.89 , 120.38
13.232 , 119.89 , 120.38
13.234 , 119.89 , 120.37
13.235 , 119.89 , 120.37
13.237 , 119.84 , 120.36
13.238 , 119.82 , 120.36
13.24 , 119.84 , 120.35
13.242 , 119.82 , 120.35
13.243 , 119.84 , 120.34
13.245 , 119.82 , 120.34
13.246 , 119.78 , 120.34
13.248 , 119.82 , 120.33
13.249 , 119.78 , 120.33
13.251 , 119.78 , 120.32
13.252 , 119.75 , 120.32
13.254 , 119.75 , 120.31
13.256 , 119.73 , 120.31
13.257 , 119.73 , 120.3
13.259 , 119.73 , 120.3
13.26 , 119.73 , 120.29
13.262 , 119.73 , 120.29
13.263 , 119.73 , 120.28
13.265 , 119.75 , 120.28
13.266 , 119.78 , 120.28
13.268 , 119.73 , 120.27
13.269 , 119.68 , 120.27
13.271 , 119.68 , 120.26
13.272 , 119.66 , 120.26
13.274 , 119.66 , 120.25
13.275 , 119.68 , 120.25
13.277 , 119.62 , 120.24
13.278 , 119.62 , 120.24
13.28 , 119.62 , 120.23
13.281 , 119.62 , 120.23
13.283 , 119.66 , 120.22
13.284 , 119.62 , 120.22
13.286 , 119.62 , 120.22
13.287 , 119.62 , 120.21
13.289 , 119.62 , 120.21
13.29 , 119.59 , 120.2
13.292 , 119.55 , 120.2
13.294 , 119.55 , 120.19
13.295 , 119.55 , 120.19
13.297 , 119.59 , 120.18
13.298 , 119.55 , 120.18
13.3 , 119.59 , 120.17
13.301 , 119.55 , 120.17
13.303 , 119.55 , 120.16
13.304 , 119.59 , 120.16
13.306 , 119.59 , 120.16
13.307 , 119.52 , 120.15
13.309 , 119.55 , 120.15
13.31 , 119.52 , 120.14
13.312 , 119.5 , 120.14
13.313 , 119.5 , 120.13
13.315 , 119.46 , 120.13
13.316 , 119.46 , 120.13
13.318 , 119.46 , 120.12
13.32 , 119.43 , 120.11
13.321 , 119.39 , 120.11
13.323 , 119.43 , 120.1
13.324 , 119.46 , 120.1
13.326 , 119.5 , 120.1
13.327 , 119.52 , 120.09
13.329 , 119.55 , 120.09
13.33 , 119.55 , 120.08
13.332 , 119.55 , 120.08
13.333 , 119.55 , 120.07
13.335 , 119.55 , 120.07
13.336 , 119.52 , 120.07
13.338 , 119.46 , 120.06
13.339 , 119.46 , 120.06
13.341 , 119.46 , 120.05
13.343 , 119.46 , 120.04
13.344 , 119.46 , 120.04
13.346 , 119.46 , 120.04
13.347 , 119.46 , 120.03
13.349 , 119.46 , 120.03
13.35 , 119.43 , 120.02
13.352 , 119.39 , 120.02
13.353 , 119.43 , 120.01
13.355 , 119.46 , 120.01
13.357 , 119.43 , 120.0
13.358 , 119.46 , 120.0
13.36 , 119.43 , 119.99
13.361 , 119.46 , 119.99
13.363 , 119.46 , 119.98
13.364 , 119.46 , 119.98
13.366 , 119.43 , 119.98
13.367 , 119.43 , 119.97
13.369 , 119.43 , 119.97
13.37 , 119.46 , 119.96
13.372 , 119.43 , 119.96
13.373 , 119.39 , 119.95
13.375 , 119.39 , 119.95
13.377 , 119.43 , 119.94
13.378 , 119.43 , 119.94
13.38 , 119.46 , 119.93
13.381 , 119.39 , 119.93
13.383 , 119.43 , 119.92
13.392 , 119.89 , 119.9
13.394 , 120.14 , 119.89
13.396 , 120.3 , 119.89
13.397 , 120.28 , 119.88
13.399 , 120.28 , 119.88
13.4 , 120.23 , 119.87
13.402 , 120.21 , 119.87
13.403 , 120.1 , 119.86
13.405 , 120.07 , 119.86
13.406 , 120.0 , 119.86
13.408 , 119.98 , 119.85
13.409 , 119.98 , 119.85
13.411 , 120.0 , 119.84
13.412 , 120.05 , 119.84
13.414 , 120.14 , 119.83
13.416 , 120.21 , 119.83
13.417 , 120.28 , 119.82
13.419 , 120.37 , 119.82
13.42 , 120.51 , 119.81
13.422 , 120.65 , 119.81
13.423 , 120.74 , 119.8
13.425 , 120.87 , 119.8
13.426 , 120.9 , 119.8
13.428 , 120.97 , 119.79
13.429 , 120.97 , 119.79
13.431 , 121.01 , 119.78
13.432 , 121.03 , 119.78
13.434 , 120.97 , 119.77
13.435 , 120.97 , 119.77
13.437 , 120.97 , 119.76
13.438 , 120.97 , 119.76
13.44 , 121.03 , 119.75
13.442 , 121.03 , 119.75
13.443 , 121.1 , 119.74
13.445 , 121.13 , 119.74
13.446 , 121.19 , 119.74
13.448 , 121.13 , 119.73
13.449 , 120.9 , 119.73
13.451 , 120.58 , 119.72
13.452 , 120.23 , 119.72
13.454 , 120.05 , 119.71
13.455 , 119.91 , 119.71
13.457 , 119.75 , 119.7
13.459 , 119.68 , 119.7
13.46 , 119.68 , 119.69
13.462 , 119.84 , 119.69
13.463 , 120.0 , 119.68
13.465 , 120.1 , 119.68
13.466 , 120.28 , 119.67
13.468 , 120.37 , 119.67
13.469 , 120.46 , 119.67
13.471 , 120.46 , 119.66
13.472 , 120.46 , 119.66
13.474 , 120.44 , 119.65
13.475 , 120.37 , 119.65
13.477 , 120.23 , 119.64
13.478 , 120.23 , 119.64
13.48 , 120.14 , 119.63
13.482 , 120.1 , 119.63
13.483 , 120.1 , 119.62
13.485 , 120.07 , 119.62
13.486 , 120.1 , 119.61
13.488 , 120.14 , 119.61
13.489 , 120.16 , 119.61
13.491 , 120.16 , 119.6
13.492 , 120.14 , 119.6
13.494 , 120.14 , 119.59
13.495 , 120.16 , 119.59
13.497 , 120.14 , 119.58
13.499 , 120.1 , 119.58
13.5 , 120.14 , 119.57
13.502 , 120.14 , 119.57
13.503 , 120.1 , 119.56
13.505 , 120.14 , 119.56
13.506 , 120.07 , 119.55
13.508 , 120.1 , 119.55
13.509 , 120.07 , 119.55
13.511 , 120.1 , 119.54
13.513 , 120.1 , 119.53
13.514 , 120.1 , 119.53
13.516 , 120.07 , 119.52
13.517 , 120.07 , 119.52
13.519 , 120.05 , 119.52
13.52 , 120.05 , 119.51
13.522 , 120.05 , 119.51
13.523 , 120.05 , 119.5
13.525 , 120.05 , 119.5
13.526 , 120.05 , 119.49
13.528 , 120.05 , 119.49
13.529 , 120.0 , 119.49
13.531 , 120.0 , 119.48
13.532 , 119.98 , 119.48
13.534 , 120.0 , 119.47
13.535 , 119.98 , 119.47
13.537 , 119.98 , 119.46
13.539 , 119.98 , 119.46
13.54 , 119.98 , 119.45
13.542 , 119.94 , 119.45
13.543 , 119.94 , 119.44
13.545 , 120.0 , 119.44
13.546 , 119.98 , 119.43
13.548 , 119.94 , 119.43
13.549 , 119.91 , 119.43
13.551 , 119.91 , 119.42
13.552 , 119.94 , 119.42
13.554 , 119.89 , 119.41
13.555 , 119.89 , 119.41
13.557 , 119.89 , 119.4
13.558 , 119.89 , 119.4
13.56 , 119.89 , 119.39
13.562 , 119.89 , 119.39
13.563 , 119.84 , 119.38
13.565 , 119.89 , 119.38
13.566 , 119.89 , 119.37
13.568 , 119.89 , 119.37
13.57 , 119.84 , 119.36
13.571 , 119.84 , 119.36
13.573 , 119.82 , 119.35
13.574 , 119.84 , 119.35
13.576 , 119.82 , 119.34
13.577 , 119.82 , 119.34
13.579 , 119.82 , 119.34
13.581 , 119.82 , 119.33
13.582 , 119.78 , 119.33
13.584 , 119.78 , 119.32
13.585 , 119.78 , 119.32
13.587 , 119.78 , 119.31
13.588 , 119.78 , 119.31
13.59 , 119.78 , 119.3
13.592 , 119.78 , 119.3
13.593 , 119.75 , 119.29
13.595 , 119.73 , 119.29
13.596 , 119.66 , 119.28
13.598 , 119.68 , 119.28
13.599 , 119.62 , 119.28
13.601 , 119.62 , 119.27
13.602 , 119.62 , 119.27
13.604 , 119.59 , 119.26
13.605 , 119.62 , 119.26
13.607 , 119.73 , 119.25
13.608 , 119.68 , 119.25
13.61 , 119.68 , 119.24
13.612 , 119.66 , 119.24
13.613 , 119.62 , 119.23
13.615 , 119.55 , 119.23
13.616 , 119.55 , 119.22
13.618 , 119.46 , 119.22
13.619 , 119.43 , 119.22
13.621 , 119.36 , 119.21
13.622 , 119.39 , 119.21
13.624 , 119.39 , 119.2
13.625 , 119.43 , 119.2
13.627 , 119.43 , 119.19
13.628 , 119.46 , 119.19
13.63 , 119.5 , 119.18
13.631 , 119.43 , 119.18
13.633 , 119.46 , 119.17
13.634 , 119.46 , 119.17
13.636 , 119.43 , 119.16
13.638 , 119.39 , 119.16
13.639 , 119.36 , 119.16
13.641 , 119.36 , 119.15
13.642 , 119.36 , 119.15
13.644 , 119.34 , 119.14
13.645 , 119.34 , 119.14
13.647 , 119.36 , 119.13
13.648 , 119.34 , 119.13
13.65 , 119.34 , 119.12
13.651 , 119.3 , 119.12
13.653 , 119.34 , 119.11
13.654 , 119.3 , 119.11
13.656 , 119.34 , 119.1
13.658 , 119.27 , 119.1
13.659 , 119.23 , 119.1
13.661 , 119.18 , 119.09
13.662 , 119.23 , 119.09
13.664 , 119.23 , 119.08
13.665 , 119.23 , 119.08
13.667 , 119.23 , 119.07
13.668 , 119.27 , 119.07
13.67 , 119.23 , 119.06
13.672 , 119.18 , 119.06
13.673 , 119.18 , 119.05
13.675 , 119.16 , 119.05
13.676 , 119.18 , 119.04
13.678 , 119.16 , 119.04
13.679 , 119.16 , 119.04
13.681 , 119.11 , 119.03
13.682 , 119.09 , 119.03
13.684 , 119.11 , 119.02
13.685 , 119.09 , 119.02
13.687 , 119.11 , 119.01
13.688 , 119.09 , 119.01
13.69 , 119.11 , 119.0
13.691 , 119.09 , 119.0
13.693 , 119.09 , 118.99
13.695 , 119.04 , 118.99
13.696 , 119.04 , 118.98
13.698 , 119.02 , 118.98
13.699 , 119.02 , 118.98
13.701 , 118.97 , 118.97
13.702 , 118.97 , 118.97
13.704 , 119.02 , 118.96
13.705 , 118.97 , 118.96
13.707 , 118.95 , 118.95
13.709 , 118.95 , 118.95
13.71 , 118.95 , 118.94
13.712 , 118.95 , 118.94
13.713 , 118.97 , 118.93
13.715 , 118.97 , 118.93
13.716 , 118.97 , 118.92
13.718 , 118.95 , 118.92
13.719 , 118.93 , 118.92
13.721 , 118.93 , 118.91
13.722 , 118.88 , 118.91
13.724 , 118.93 , 118.9
13.726 , 118.93 , 118.89
13.727 , 118.88 , 118.89
13.729 , 118.88 , 118.89
13.73 , 118.86 , 118.88
13.732 , 118.86 , 118.88
13.733 , 118.86 , 118.87
13.735 , 118.81 , 118.87
13.737 , 118.81 , 118.86
13.738 , 118.81 , 118.86
13.74 , 118.81 , 118.85
13.741 , 118.79 , 118.85
13.743 , 118.81 , 118.84
13.744 , 118.79 , 118.84
13.746 , 118.81 , 118.83
13.747 , 118.86 , 118.83
13.749 , 118.86 , 118.83
13.751 , 118.77 , 118.82
13.752 , 118.79 , 118.82
13.754 , 118.72 , 118.81
13.755 , 118.7 , 118.81
13.757 , 118.72 , 118.8
13.758 , 118.65 , 118.8
13.76 , 118.65 , 118.79
13.761 , 118.65 , 118.79
13.763 , 118.63 , 118.78
13.765 , 118.65 , 118.78
13.766 , 118.65 , 118.77
13.768 , 118.65 , 118.77
13.769 , 118.65 , 118.77
13.771 , 118.63 , 118.76
13.772 , 118.59 , 118.76
13.774 , 118.65 , 118.75
13.775 , 118.59 , 118.75
13.777 , 118.59 , 118.74
13.779 , 118.63 , 118.74
13.78 , 118.54 , 118.73
13.782 , 118.54 , 118.73
13.783 , 118.54 , 118.72
13.785 , 118.54 , 118.72
13.786 , 118.49 , 118.71
13.788 , 118.49 , 118.71
13.789 , 118.49 , 118.71
13.791 , 118.47 , 118.7
13.793 , 118.47 , 118.69
13.794 , 118.49 , 118.69
13.796 , 118.47 , 118.68
13.797 , 118.43 , 118.68
13.799 , 118.47 , 118.68
13.8 , 118.47 , 118.67
13.802 , 118.43 , 118.67
13.803 , 118.43 , 118.66
13.805 , 118.47 , 118.66
13.806 , 118.47 , 118.65
13.808 , 118.47 , 118.65
13.809 , 118.43 , 118.65
13.811 , 118.43 , 118.64
13.813 , 118.4 , 118.63
13.814 , 118.4 , 118.63
13.816 , 118.38 , 118.62
13.817 , 118.33 , 118.62
13.819 , 118.31 , 118.62
13.82 , 118.33 , 118.61
13.822 , 118.33 , 118.61
13.823 , 118.31 , 118.6
13.825 , 118.33 , 118.6
13.826 , 118.31 , 118.59
13.828 , 118.31 , 118.59
13.829 , 118.33 , 118.58
13.831 , 118.27 , 118.58
13.832 , 118.31 , 118.58
13.834 , 118.31 , 118.57
13.836 , 118.31 , 118.56
13.837 , 118.27 , 118.56
13.839 , 118.27 , 118.55
13.84 , 118.27 , 118.55
13.842 , 118.24 , 118.55
13.843 , 118.24 , 118.54
13.845 , 118.22 , 118.54
13.846 , 118.22 , 118.53
13.848 , 118.24 , 118.53
13.85 , 118.24 , 118.52
13.851 , 118.17 , 118.52
13.853 , 118.17 , 118.51
13.854 , 118.15 , 118.51
13.856 , 118.17 , 118.5
13.857 , 118.15 , 118.5
13.859 , 118.15 , 118.49
13.86 , 118.15 , 118.49
13.862 , 118.15 , 118.49
13.864 , 118.15 , 118.48
13.865 , 118.15 , 118.48
13.867 , 118.17 , 118.47
13.868 , 118.15 , 118.47
13.87 , 118.1 , 118.46
13.871 , 118.15 , 118.46
13.873 , 118.1 , 118.45
13.874 , 118.08 , 118.45
13.876 , 118.04 , 118.44
13.877 , 118.01 , 118.44
13.879 , 118.04 , 118.43
13.88 , 118.01 , 118.43
13.882 , 118.04 , 118.43
13.883 , 118.01 , 118.42
13.885 , 118.01 , 118.42
13.886 , 118.01 , 118.41
13.888 , 118.01 , 118.41
13.889 , 118.01 , 118.4
13.891 , 118.01 , 118.4
13.892 , 118.01 , 118.4
13.894 , 117.94 , 118.39
13.895 , 117.99 , 118.39
13.897 , 117.99 , 118.38
13.899 , 117.99 , 118.37
13.9 , 117.94 , 118.37
13.902 , 117.99 , 118.37
13.903 , 117.94 , 118.36
13.905 , 117.92 , 118.36
13.906 , 117.92 , 118.35
13.908 , 117.92 , 118.35
13.91 , 117.92 , 118.34
13.911 , 117.88 , 118.34
13.913 , 117.92 , 118.33
13.914 , 117.85 , 118.33
13.916 , 117.85 , 118.32
13.917 , 117.85 , 118.32
13.919 , 117.85 , 118.31
13.921 , 117.85 , 118.31
13.922 , 117.85 , 118.31
13.924 , 117.85 , 118.3
13.925 , 117.88 , 118.3
13.927 , 117.88 , 118.29
13.928 , 117.85 , 118.29
13.93 , 117.85 , 118.28
13.932 , 117.83 , 118.28
13.933 , 117.83 , 118.27
13.935 , 117.83 , 118.27
13.936 , 117.78 , 118.26
13.938 , 117.76 , 118.26
13.939 , 117.76 , 118.25
13.941 , 117.72 , 118.25
13.942 , 117.72 , 118.25
13.944 , 117.72 , 118.24
13.945 , 117.76 , 118.24
13.947 , 117.72 , 118.23
13.948 , 117.72 , 118.23
13.95 , 117.72 , 118.22
13.951 , 117.72 , 118.22
13.953 , 117.72 , 118.21
13.954 , 117.69 , 118.21
13.956 , 117.69 , 118.2
13.957 , 117.69 , 118.2
13.959 , 117.69 , 118.19
13.961 , 117.69 , 118.19
13.962 , 117.69 , 118.19
13.964 , 117.67 , 118.18
13.965 , 117.62 , 118.18
13.967 , 117.69 , 118.17
13.968 , 117.62 , 118.17
13.97 , 117.6 , 118.16
13.971 , 117.62 , 118.16
13.973 , 117.6 , 118.15
13.974 , 117.56 , 118.15
13.976 , 117.56 , 118.14
13.978 , 117.56 , 118.14
13.979 , 117.56 , 118.13
13.981 , 117.53 , 118.13
13.982 , 117.56 , 118.13
13.984 , 117.56 , 118.12
13.985 , 117.6 , 118.12
13.987 , 117.6 , 118.11
13.988 , 117.56 , 118.11
13.99 , 117.56 , 118.1
13.992 , 117.49 , 118.1
13.993 , 117.56 , 118.09
13.995 , 117.49 , 118.09
13.996 , 117.46 , 118.08
13.998 , 117.46 , 118.08
14.0 , 117.46 , 118.07
14.001 , 117.46 , 118.07
14.003 , 117.46 , 118.06
14.004 , 117.46 , 118.06
14.006 , 117.46 , 118.05
14.007 , 117.4 , 118.05
14.009 , 117.44 , 118.04
14.01 , 117.44 , 118.04
14.012 , 117.4 , 118.04
14.013 , 117.44 , 118.03
14.015 , 117.37 , 118.03
14.016 , 117.4 , 118.02
14.018 , 117.4 , 118.02
14.019 , 117.4 , 118.01
14.021 , 117.4 , 118.01
14.022 , 117.37 , 118.01
14.024 , 117.4 , 118.0
14.025 , 117.37 , 118.0
14.027 , 117.37 , 117.99
14.028 , 117.33 , 117.99
14.03 , 117.33 , 117.98
14.031 , 117.37 , 117.98
14.033 , 117.3 , 117.97
14.034 , 117.28 , 117.97
14.036 , 117.3 , 117.96
14.037 , 117.28 , 117.96
14.039 , 117.28 , 117.95
14.041 , 117.24 , 117.95
14.042 , 117.28 , 117.95
14.044 , 117.28 , 117.94
14.045 , 117.28 , 117.94
14.047 , 117.28 , 117.93
14.048 , 117.28 , 117.93
14.05 , 117.28 , 117.92
14.051 , 117.3 , 117.92
14.053 , 117.24 , 117.91
14.054 , 117.24 , 117.91
14.056 , 117.21 , 117.9
14.058 , 117.21 , 117.9
14.059 , 117.24 , 117.89
14.061 , 117.21 , 117.89
14.062 , 117.17 , 117.89
14.064 , 117.21 , 117.88
14.065 , 117.17 , 117.88
14.067 , 117.21 , 117.87
14.069 , 117.17 , 117.86
14.07 , 117.1 , 117.86
14.072 , 117.07 , 117.86
14.073 , 117.1 , 117.85
14.075 , 117.14 , 117.85
14.076 , 117.17 , 117.84
14.078 , 117.21 , 117.84
14.079 , 117.28 , 117.83
14.081 , 117.21 , 117.83
14.082 , 117.24 , 117.83
14.084 , 117.28 , 117.82
14.086 , 117.3 , 117.81
14.087 , 117.24 , 117.81
14.089 , 117.24 , 117.8
14.09 , 117.24 , 117.8
14.092 , 117.21 , 117.8
14.093 , 117.14 , 117.79
14.095 , 117.1 , 117.79
14.096 , 117.14 , 117.78
14.098 , 117.1 , 117.78
14.1 , 117.1 , 117.77
14.101 , 117.1 , 117.77
14.103 , 117.14 , 117.76
14.104 , 117.17 , 117.76
14.106 , 117.17 , 117.75
14.107 , 117.17 , 117.75
14.109 , 117.21 , 117.74
14.111 , 117.17 , 117.74
14.112 , 117.1 , 117.74
14.114 , 117.14 , 117.73
14.115 , 117.14 , 117.73
14.117 , 117.14 , 117.72
14.118 , 117.1 , 117.72
14.12 , 117.07 , 117.71
14.121 , 117.05 , 117.71
14.123 , 117.1 , 117.7
14.124 , 117.07 , 117.7
14.126 , 117.1 , 117.69
14.128 , 117.1 , 117.69
14.129 , 117.1 , 117.68
14.131 , 117.14 , 117.68
14.132 , 117.14 , 117.68
14.134 , 117.1 , 117.67
14.135 , 117.1 , 117.67
14.137 , 117.1 , 117.66
14.138 , 117.21 , 117.66
14.14 , 117.28 , 117.65
14.142 , 117.4 , 117.65
14.143 , 117.62 , 117.64
14.145 , 117.85 , 117.64
14.146 , 117.99 , 117.63
14.148 , 117.99 , 117.63
14.149 , 117.99 , 117.62
14.151 , 117.94 , 117.62
14.152 , 117.88 , 117.62
14.154 , 117.83 , 117.61
14.155 , 117.78 , 117.61
14.157 , 117.69 , 117.6
14.158 , 117.67 , 117.6
14.16 , 117.69 , 117.59
14.162 , 117.72 , 117.59
14.163 , 117.78 , 117.58
14.165 , 117.85 , 117.58
14.166 , 117.99 , 117.57
14.168 , 118.04 , 117.57
14.17 , 118.1 , 117.56
14.171 , 118.24 , 117.56
14.173 , 118.38 , 117.55
14.174 , 118.43 , 117.55
14.176 , 118.54 , 117.54
14.177 , 118.59 , 117.54
14.179 , 118.63 , 117.53
14.18 , 118.7 , 117.53
14.182 , 118.7 , 117.52
14.183 , 118.72 , 117.52
14.185 , 118.7 , 117.52
14.187 , 118.72 , 117.51
14.188 , 118.77 , 117.51
14.19 , 118.77 , 117.5
14.191 , 118.79 , 117.5
14.193 , 118.79 , 117.49
14.194 , 118.86 , 117.49
14.196 , 118.86 , 117.48
14.197 , 118.93 , 117.48
14.199 , 118.93 , 117.47
14.2 , 118.97 , 117.47
14.202 , 118.97 , 117.46
14.203 , 119.02 , 117.46
14.205 , 119.02 , 117.46
14.207 , 118.93 , 117.45
14.208 , 118.72 , 117.45
14.21 , 118.4 , 117.44
14.211 , 118.1 , 117.44
14.213 , 117.92 , 117.43
14.214 , 117.72 , 117.43
14.216 , 117.62 , 117.42
14.217 , 117.56 , 117.42
14.219 , 117.62 , 117.41
14.22 , 117.69 , 117.41
14.222 , 117.85 , 117.4
14.223 , 117.99 , 117.4
14.225 , 118.15 , 117.4
14.226 , 118.24 , 117.39
14.228 , 118.27 , 117.39
14.229 , 118.33 , 117.38
14.231 , 118.33 , 117.38
14.232 , 118.31 , 117.37
14.234 , 118.24 , 117.37
14.236 , 118.15 , 117.36
14.237 , 118.08 , 117.36
14.238 , 118.04 , 117.36
14.24 , 118.01 , 117.35
14.242 , 117.99 , 117.34
14.243 , 117.94 , 117.34
14.245 , 118.01 , 117.34
14.246 , 117.99 , 117.33
14.248 , 118.01 , 117.33
14.249 , 118.01 , 117.32
14.251 , 118.04 , 117.32
14.252 , 118.01 , 117.31
14.254 , 118.04 , 117.31
14.255 , 118.01 , 117.31
14.257 , 117.99 , 117.3
14.258 , 117.94 , 117.3
14.26 , 117.94 , 117.29
14.261 , 117.94 , 117.29
14.263 , 117.94 , 117.28
14.265 , 117.92 , 117.28
14.266 , 117.92 , 117.27
14.268 , 117.92 , 117.27
14.269 , 117.92 , 117.26
14.271 , 117.94 , 117.26
14.272 , 117.94 , 117.25
14.274 , 117.92 , 117.25
14.275 , 117.92 , 117.25
14.285 , 117.83 , 117.22
14.287 , 117.88 , 117.21
14.288 , 117.83 , 117.21
14.29 , 117.85 , 117.2
14.291 , 117.85 , 117.2
14.293 , 117.83 , 117.19
14.294 , 117.83 , 117.19
14.296 , 117.78 , 117.18
14.297 , 117.83 , 117.18
14.299 , 117.78 , 117.17
14.301 , 117.78 , 117.17
14.302 , 117.76 , 117.16
14.304 , 117.76 , 117.16
14.305 , 117.76 , 117.16
14.307 , 117.76 , 117.15
14.308 , 117.78 , 117.15
14.31 , 117.76 , 117.14
14.311 , 117.76 , 117.14
14.313 , 117.72 , 117.13
14.314 , 117.72 , 117.13
14.316 , 117.72 , 117.12
14.317 , 117.69 , 117.12
14.319 , 117.69 , 117.11
14.32 , 117.69 , 117.11
14.322 , 117.67 , 117.1
14.323 , 117.69 , 117.1
14.325 , 117.69 , 117.1
14.327 , 117.69 , 117.09
14.328 , 117.67 , 117.09
14.33 , 117.67 , 117.08
14.331 , 117.67 , 117.08
14.333 , 117.62 , 117.07
14.334 , 117.6 , 117.07
14.336 , 117.6 , 117.06
14.337 , 117.6 , 117.06
14.339 , 117.56 , 117.05
14.341 , 117.56 , 117.05
14.342 , 117.53 , 117.04
14.344 , 117.6 , 117.04
14.345 , 117.56 , 117.04
14.347 , 117.46 , 117.03
14.348 , 117.4 , 117.03
14.35 , 117.4 , 117.02
14.351 , 117.44 , 117.02
14.353 , 117.49 , 117.01
14.354 , 117.49 , 117.01
14.356 , 117.53 , 117.0
14.358 , 117.6 , 117.0
14.359 , 117.56 , 116.99
14.361 , 117.56 , 116.99
14.362 , 117.49 , 116.98
14.364 , 117.44 , 116.98
14.365 , 117.4 , 116.98
14.367 , 117.33 , 116.97
14.368 , 117.3 , 116.97
14.37 , 117.28 , 116.96
14.371 , 117.21 , 116.96
14.373 , 117.24 , 116.95
14.374 , 117.24 , 116.95
14.376 , 117.24 , 116.94
14.378 , 117.28 , 116.94
14.379 , 117.3 , 116.93
14.381 , 117.3 , 116.93
14.382 , 117.33 , 116.92
14.384 , 117.3 , 116.92
14.385 , 117.28 , 116.92
14.387 , 117.24 , 116.91
14.388 , 117.28 , 116.91
14.39 , 117.24 , 116.9
14.391 , 117.17 , 116.9
14.393 , 117.14 , 116.89
14.395 , 117.14 , 116.89
14.396 , 117.14 , 116.88
14.398 , 117.17 , 116.88
14.399 , 117.17 , 116.87
14.401 , 117.17 , 116.87
14.402 , 117.14 , 116.86
14.404 , 117.14 , 116.86
14.405 , 117.1 , 116.86
14.407 , 117.07 , 116.85
14.409 , 117.14 , 116.84
14.41 , 117.07 , 116.84
14.412 , 117.07 , 116.83
14.413 , 117.05 , 116.83
14.415 , 117.05 , 116.83
14.416 , 117.07 , 116.82
14.418 , 117.05 , 116.82
14.419 , 117.01 , 116.81
14.421 , 117.01 , 116.81
14.423 , 117.05 , 116.8
14.424 , 117.01 , 116.8
14.426 , 116.98 , 116.79
14.427 , 116.98 , 116.79
14.429 , 116.94 , 116.78
14.43 , 116.91 , 116.78
14.432 , 116.85 , 116.77
14.433 , 116.89 , 116.77
14.435 , 116.89 , 116.77
14.436 , 116.89 , 116.76
14.438 , 116.85 , 116.76
14.44 , 116.82 , 116.75
14.441 , 116.85 , 116.75
14.443 , 116.82 , 116.74
14.444 , 116.78 , 116.74
14.446 , 116.75 , 116.73
14.447 , 116.78 , 116.73
14.449 , 116.75 , 116.72
14.45 , 116.69 , 116.72
14.452 , 116.73 , 116.71
14.453 , 116.73 , 116.71
14.455 , 116.73 , 116.71
14.457 , 116.73 , 116.7
14.458 , 116.73 , 116.7
14.46 , 116.69 , 116.69
14.461 , 116.69 , 116.69
14.463 , 116.66 , 116.68
14.464 , 116.69 , 116.68
14.466 , 116.69 , 116.67
14.467 , 116.66 , 116.67
14.469 , 116.69 , 116.66
14.47 , 116.66 , 116.66
14.472 , 116.66 , 116.65
14.473 , 116.62 , 116.65
14.475 , 116.69 , 116.65
14.476 , 116.66 , 116.64
14.478 , 116.69 , 116.64
14.48 , 116.66 , 116.63
14.481 , 116.62 , 116.63
14.483 , 116.59 , 116.62
14.484 , 116.59 , 116.62
14.486 , 116.59 , 116.61
14.487 , 116.53 , 116.61
14.489 , 116.53 , 116.6
14.49 , 116.5 , 116.6
14.492 , 116.5 , 116.59
14.493 , 116.5 , 116.59
14.495 , 116.5 , 116.59
14.497 , 116.43 , 116.58
14.498 , 116.46 , 116.58
14.5 , 116.5 , 116.57
14.501 , 116.43 , 116.57
14.503 , 116.5 , 116.56
14.504 , 116.5 , 116.56
14.506 , 116.46 , 116.55
14.507 , 116.46 , 116.55
14.509 , 116.43 , 116.54
14.511 , 116.39 , 116.54
14.512 , 116.43 , 116.53
14.514 , 116.39 , 116.53
14.515 , 116.37 , 116.53
14.517 , 116.37 , 116.52
14.518 , 116.34 , 116.52
14.52 , 116.37 , 116.51
14.521 , 116.34 , 116.51
14.523 , 116.37 , 116.5
14.524 , 116.34 , 116.5
14.526 , 116.34 , 116.49
14.527 , 116.34 , 116.49
14.529 , 116.34 , 116.48
14.53 , 116.34 , 116.48
14.532 , 116.34 , 116.47
14.534 , 116.34 , 116.47
14.535 , 116.34 , 116.47
14.537 , 116.34 , 116.46
14.538 , 116.3 , 116.46
14.54 , 116.27 , 116.45
14.541 , 116.27 , 116.45
14.543 , 116.23 , 116.44
14.544 , 116.27 , 116.44
14.546 , 116.27 , 116.43
14.548 , 116.23 , 116.43
14.549 , 116.23 , 116.42
14.551 , 116.21 , 116.42
14.552 , 116.21 , 116.41
14.554 , 116.21 , 116.41
14.555 , 116.16 , 116.4
14.557 , 116.16 , 116.4
14.558 , 116.16 , 116.4
14.56 , 116.23 , 116.39
14.561 , 116.16 , 116.39
14.563 , 116.16 , 116.38
14.564 , 116.16 , 116.38
14.566 , 116.21 , 116.37
14.567 , 116.14 , 116.37
14.569 , 116.14 , 116.36
14.57 , 116.16 , 116.36
14.572 , 116.07 , 116.35
14.574 , 116.04 , 116.35
14.575 , 116.07 , 116.34
14.577 , 116.07 , 116.34
14.578 , 116.04 , 116.34
14.58 , 116.04 , 116.33
14.581 , 116.04 , 116.33
14.583 , 116.04 , 116.32
14.584 , 116.07 , 116.32
14.586 , 116.04 , 116.31
14.587 , 116.11 , 116.31
14.589 , 116.07 , 116.3
14.59 , 116.04 , 116.3
14.592 , 116.0 , 116.29
14.593 , 115.98 , 116.29
14.595 , 116.0 , 116.28
14.596 , 115.98 , 116.28
14.598 , 115.95 , 116.28
14.6 , 115.95 , 116.27
14.601 , 115.95 , 116.27
14.603 , 115.88 , 116.26
14.604 , 115.91 , 116.26
14.606 , 115.91 , 116.25
14.607 , 115.95 , 116.25
14.609 , 115.91 , 116.24
14.61 , 115.91 , 116.24
14.612 , 115.88 , 116.23
14.613 , 115.91 , 116.23
14.615 , 115.91 , 116.22
14.617 , 115.91 , 116.22
14.618 , 115.91 , 116.22
14.62 , 115.88 , 116.21
14.621 , 115.88 , 116.21
14.623 , 115.84 , 116.2
14.624 , 115.84 , 116.2
14.626 , 115.82 , 116.19
14.627 , 115.82 , 116.19
14.629 , 115.82 , 116.18
14.63 , 115.75 , 116.18
14.632 , 115.79 , 116.17
14.634 , 115.75 , 116.17
14.635 , 115.75 , 116.16
14.637 , 115.79 , 116.16
14.638 , 115.79 , 116.16
14.64 , 115.75 , 116.15
14.641 , 115.79 , 116.15
14.643 , 115.79 , 116.14
14.644 , 115.75 , 116.14
14.646 , 115.75 , 116.13
14.647 , 115.72 , 116.13
14.649 , 115.75 , 116.12
14.65 , 115.72 , 116.12
14.652 , 115.68 , 116.11
14.653 , 115.66 , 116.11
14.655 , 115.66 , 116.1
14.656 , 115.61 , 116.1
14.658 , 115.61 , 116.1
14.659 , 115.59 , 116.09
14.661 , 115.59 , 116.09
14.663 , 115.59 , 116.08
14.664 , 115.61 , 116.08
14.666 , 115.68 , 116.07
14.667 , 115.61 , 116.07
14.669 , 115.66 , 116.06
14.67 , 115.61 , 116.06
14.672 , 115.61 , 116.05
14.673 , 115.59 , 116.05
14.675 , 115.59 , 116.04
14.676 , 115.59 , 116.04
14.678 , 115.52 , 116.04
14.679 , 115.52 , 116.03
14.681 , 115.52 , 116.03
14.683 , 115.5 , 116.02
14.684 , 115.5 , 116.02
14.686 , 115.5 , 116.01
14.687 , 115.5 , 116.01
14.689 , 115.5 , 116.0
14.69 , 115.5 , 116.0
14.692 , 115.5 , 115.99
14.693 , 115.52 , 115.99
14.695 , 115.5 , 115.98
14.696 , 115.5 , 115.98
14.698 , 115.5 , 115.98
14.699 , 115.45 , 115.97
14.701 , 115.43 , 115.97
14.702 , 115.45 , 115.96
14.704 , 115.4 , 115.96
14.705 , 115.4 , 115.95
14.707 , 115.4 , 115.95
14.708 , 115.4 , 115.95
14.71 , 115.4 , 115.94
14.711 , 115.36 , 115.94
14.713 , 115.34 , 115.93
14.714 , 115.34 , 115.93
14.716 , 115.29 , 115.92
14.718 , 115.29 , 115.92
14.719 , 115.34 , 115.91
14.721 , 115.34 , 115.91
14.722 , 115.34 , 115.9
14.724 , 115.36 , 115.9
14.725 , 115.34 , 115.89
14.727 , 115.34 , 115.89
14.728 , 115.34 , 115.89
14.73 , 115.29 , 115.88
14.732 , 115.29 , 115.87
14.733 , 115.27 , 115.87
14.735 , 115.27 , 115.86
14.736 , 115.24 , 115.86
14.738 , 115.2 , 115.86
14.739 , 115.2 , 115.85
14.741 , 115.24 , 115.85
14.742 , 115.2 , 115.84
14.744 , 115.24 , 115.84
14.745 , 115.2 , 115.83
14.747 , 115.24 , 115.83
14.749 , 115.2 , 115.82
14.75 , 115.27 , 115.82
14.752 , 115.2 , 115.81
14.753 , 115.2 , 115.81
14.755 , 115.18 , 115.8
14.756 , 115.18 , 115.8
14.758 , 115.13 , 115.8
14.759 , 115.18 , 115.79
14.761 , 115.13 , 115.79
14.763 , 115.13 , 115.78
14.764 , 115.11 , 115.78
14.766 , 115.13 , 115.77
14.767 , 115.11 , 115.77
14.769 , 115.11 , 115.76
14.77 , 115.11 , 115.76
14.772 , 115.11 , 115.75
14.773 , 115.06 , 115.75
14.775 , 115.06 , 115.74
14.776 , 115.06 , 115.74
14.778 , 115.06 , 115.74
14.78 , 115.06 , 115.73
14.781 , 115.06 , 115.73
14.783 , 115.04 , 115.72
14.784 , 115.06 , 115.72
14.786 , 115.04 , 115.71
14.787 , 114.97 , 115.71
14.789 , 114.97 , 115.7
14.79 , 115.01 , 115.7
14.792 , 114.97 , 115.69
14.794 , 114.97 , 115.69
14.795 , 114.97 , 115.68
14.797 , 114.95 , 115.68
14.798 , 114.95 , 115.68
14.8 , 114.95 , 115.67
14.801 , 114.95 , 115.67
14.803 , 114.97 , 115.66
14.804 , 114.97 , 115.66
14.806 , 114.97 , 115.65
14.807 , 114.95 , 115.65
14.809 , 114.9 , 115.64
14.811 , 114.95 , 115.64
14.812 , 114.9 , 115.63
14.814 , 114.9 , 115.63
14.815 , 114.85 , 115.62
14.817 , 114.88 , 115.62
14.818 , 114.85 , 115.62
14.82 , 114.79 , 115.61
14.821 , 114.74 , 115.61
14.823 , 114.81 , 115.6
14.824 , 114.85 , 115.6
14.826 , 114.9 , 115.59
14.828 , 114.9 , 115.59
14.829 , 114.97 , 115.58
14.831 , 115.01 , 115.58
14.832 , 115.01 , 115.57
14.834 , 115.01 , 115.57
14.835 , 114.97 , 115.56
14.837 , 114.95 , 115.56
14.838 , 114.97 , 115.56
14.84 , 114.9 , 115.55
14.841 , 114.88 , 115.55
14.843 , 114.85 , 115.54
14.844 , 114.88 , 115.54
14.846 , 114.85 , 115.53
14.848 , 114.85 , 115.53
14.849 , 114.85 , 115.52
14.851 , 114.88 , 115.52
14.852 , 114.88 , 115.51
14.854 , 114.88 , 115.51
14.855 , 114.85 , 115.5
14.857 , 114.88 , 115.5
14.858 , 114.88 , 115.5
14.86 , 114.88 , 115.49
14.862 , 114.85 , 115.48
14.863 , 114.88 , 115.48
14.865 , 114.85 , 115.47
14.866 , 114.85 , 115.47
14.868 , 114.85 , 115.47
14.869 , 114.85 , 115.46
14.871 , 114.85 , 115.46
14.873 , 114.85 , 115.45
14.874 , 114.81 , 115.45
14.876 , 114.85 , 115.44
14.877 , 114.81 , 115.44
14.879 , 114.85 , 115.43
14.88 , 114.88 , 115.43
14.882 , 114.88 , 115.42
14.884 , 114.81 , 115.42
14.885 , 114.85 , 115.41
14.887 , 114.88 , 115.41
14.888 , 114.95 , 115.41
14.89 , 115.04 , 115.4
14.891 , 115.06 , 115.4
14.893 , 115.34 , 115.39
14.894 , 115.5 , 115.39
14.896 , 115.68 , 115.38
14.898 , 115.68 , 115.38
14.899 , 115.68 , 115.37
14.901 , 115.66 , 115.37
14.902 , 115.66 , 115.36
14.904 , 115.61 , 115.36
14.905 , 115.52 , 115.35
14.907 , 115.45 , 115.35
14.908 , 115.43 , 115.34
14.91 , 115.43 , 115.34
14.911 , 115.45 , 115.34
14.913 , 115.5 , 115.33
14.914 , 115.56 , 115.33
14.916 , 115.61 , 115.32
14.917 , 115.72 , 115.32
14.919 , 115.79 , 115.31
14.921 , 115.91 , 115.31
14.922 , 116.04 , 115.3
14.924 , 116.14 , 115.3
14.925 , 116.23 , 115.29
14.927 , 116.27 , 115.29
14.928 , 116.34 , 115.28
14.93 , 116.37 , 115.28
14.931 , 116.39 , 115.28
14.933 , 116.39 , 115.27
14.934 , 116.39 , 115.27
14.936 , 116.39 , 115.26
14.938 , 116.43 , 115.25
14.939 , 116.43 , 115.25
14.941 , 116.43 , 115.25
14.942 , 116.43 , 115.24
14.944 , 116.5 , 115.24
14.945 , 116.55 , 115.23
14.947 , 116.62 , 115.23
14.948 , 116.69 , 115.22
14.95 , 116.69 , 115.22
14.951 , 116.69 , 115.22
14.953 , 116.75 , 115.21
14.954 , 116.75 , 115.21
14.956 , 116.75 , 115.2
14.957 , 116.82 , 115.2
14.959 , 116.82 , 115.19
14.96 , 116.75 , 115.19
14.962 , 116.66 , 115.18
14.963 , 116.37 , 115.18
14.965 , 116.16 , 115.17
14.966 , 115.88 , 115.17
14.968 , 115.66 , 115.16
14.97 , 115.45 , 115.16
14.971 , 115.4 , 115.16
14.973 , 115.36 , 115.15
14.974 , 115.4 , 115.15
14.976 , 115.5 , 115.14
14.977 , 115.66 , 115.14
14.979 , 115.82 , 115.13
14.98 , 115.95 , 115.13
14.982 , 116.04 , 115.12
14.983 , 116.11 , 115.12
14.985 , 116.11 , 115.11
14.986 , 116.11 , 115.11
14.988 , 116.11 , 115.1
14.989 , 116.0 , 115.1
14.991 , 115.91 , 115.1
14.992 , 115.84 , 115.09
14.994 , 115.82 , 115.09
14.996 , 115.79 , 115.08
14.997 , 115.75 , 115.08
14.999 , 115.75 , 115.07
15.0 , 115.75 , 115.07
15.002 , 115.75 , 115.06
15.003 , 115.79 , 115.06
15.005 , 115.82 , 115.05
15.006 , 115.84 , 115.05
15.008 , 115.82 , 115.04
15.009 , 115.82 , 115.04
15.011 , 115.75 , 115.04
15.012 , 115.79 , 115.03
15.014 , 115.79 , 115.03
15.016 , 115.72 , 115.02
15.017 , 115.68 , 115.02
15.019 , 115.72 , 115.01
15.02 , 115.66 , 115.01
15.022 , 115.68 , 115.0
15.023 , 115.72 , 115.0
15.024 , 115.68 , 115.0
15.026 , 115.68 , 114.99
15.028 , 115.68 , 114.98
15.029 , 115.68 , 114.98
15.031 , 115.68 , 114.98
15.032 , 115.66 , 114.97
15.034 , 115.66 , 114.97
15.035 , 115.66 , 114.96
15.037 , 115.66 , 114.96
15.038 , 115.61 , 114.95
15.04 , 115.59 , 114.95
15.041 , 115.61 , 114.95
15.043 , 115.61 , 114.94
15.044 , 115.61 , 114.94
15.046 , 115.61 , 114.93
15.047 , 115.61 , 114.93
15.049 , 115.61 , 114.92
15.05 , 115.59 , 114.92
15.052 , 115.56 , 114.91
15.053 , 115.52 , 114.91
15.055 , 115.52 , 114.9
15.056 , 115.52 , 114.9
15.058 , 115.52 , 114.89
15.06 , 115.52 , 114.89
15.061 , 115.5 , 114.89
15.063 , 115.5 , 114.88
15.064 , 115.52 , 114.88
15.066 , 115.5 , 114.87
15.067 , 115.5 , 114.87
15.069 , 115.5 , 114.86
15.07 , 115.45 , 114.86
15.072 , 115.45 , 114.85
15.073 , 115.45 , 114.85
15.075 , 115.43 , 114.84
15.076 , 115.43 , 114.84
15.078 , 115.4 , 114.83
15.079 , 115.4 , 114.83
15.081 , 115.43 , 114.83
15.082 , 115.43 , 114.82
15.084 , 115.4 , 114.82
15.085 , 115.4 , 114.81
15.087 , 115.43 , 114.81
15.089 , 115.4 , 114.8
15.09 , 115.4 , 114.8
15.092 , 115.4 , 114.79
15.093 , 115.36 , 114.79
15.095 , 115.36 , 114.78
15.096 , 115.29 , 114.78
15.098 , 115.2 , 114.77
15.099 , 115.18 , 114.77
15.101 , 115.18 , 114.77
15.102 , 115.18 , 114.76
15.104 , 115.24 , 114.76
15.105 , 115.29 , 114.75
15.107 , 115.36 , 114.75
15.108 , 115.36 , 114.74
15.11 , 115.36 , 114.74
15.111 , 115.29 , 114.74
15.113 , 115.24 , 114.73
15.114 , 115.24 , 114.73
15.116 , 115.13 , 114.72
15.117 , 115.06 , 114.72
15.119 , 115.01 , 114.71
15.12 , 115.01 , 114.71
15.122 , 115.01 , 114.7
15.124 , 114.97 , 114.7
15.125 , 115.01 , 114.69
15.127 , 115.04 , 114.69
15.128 , 115.04 , 114.68
15.13 , 115.04 , 114.68
15.131 , 115.06 , 114.68
15.133 , 115.11 , 114.67
15.134 , 115.11 , 114.67
15.136 , 115.06 , 114.66
15.137 , 115.04 , 114.66
15.139 , 115.01 , 114.65
15.14 , 115.01 , 114.65
15.142 , 114.97 , 114.64
15.143 , 114.95 , 114.64
15.145 , 114.95 , 114.63
15.146 , 114.9 , 114.63
15.148 , 114.95 , 114.62
15.149 , 114.95 , 114.62
15.151 , 114.95 , 114.62
15.152 , 114.97 , 114.61
15.154 , 114.95 , 114.61
15.155 , 114.9 , 114.6
15.157 , 114.9 , 114.6
15.159 , 114.9 , 114.59
15.16 , 114.88 , 114.59
15.162 , 114.88 , 114.58
15.163 , 114.88 , 114.58
15.165 , 114.85 , 114.57
15.174 , 114.74 , 114.55
15.176 , 114.72 , 114.54
15.177 , 114.67 , 114.54
15.179 , 114.67 , 114.53
15.181 , 114.67 , 114.53
15.182 , 114.65 , 114.52
15.184 , 114.65 , 114.52
15.185 , 114.65 , 114.51
15.187 , 114.67 , 114.51
15.188 , 114.63 , 114.5
15.19 , 114.65 , 114.5
15.191 , 114.63 , 114.5
15.193 , 114.51 , 114.49
15.194 , 114.56 , 114.49
15.196 , 114.51 , 114.48
15.198 , 114.47 , 114.47
15.199 , 114.42 , 114.47
15.201 , 114.47 , 114.47
15.202 , 114.49 , 114.46
15.204 , 114.49 , 114.46
15.205 , 114.49 , 114.45
15.207 , 114.47 , 114.45
15.208 , 114.49 , 114.44
15.21 , 114.47 , 114.44
15.211 , 114.4 , 114.44
15.213 , 114.4 , 114.43
15.214 , 114.4 , 114.43
15.216 , 114.4 , 114.42
15.217 , 114.4 , 114.42
15.219 , 114.42 , 114.41
15.22 , 114.35 , 114.41
15.222 , 114.4 , 114.4
15.223 , 114.4 , 114.4
15.225 , 114.47 , 114.39
15.226 , 114.42 , 114.39
15.228 , 114.4 , 114.38
15.229 , 114.4 , 114.38
15.231 , 114.4 , 114.38
15.232 , 114.35 , 114.37
15.234 , 114.33 , 114.37
15.235 , 114.31 , 114.36
15.237 , 114.31 , 114.36
15.238 , 114.24 , 114.35
15.24 , 114.26 , 114.35
15.242 , 114.26 , 114.34
15.243 , 114.26 , 114.34
15.245 , 114.31 , 114.33
15.246 , 114.26 , 114.33
15.248 , 114.31 , 114.32
15.249 , 114.31 , 114.32
15.251 , 114.31 , 114.32
15.252 , 114.31 , 114.31
15.254 , 114.19 , 114.31
15.255 , 114.17 , 114.3
15.257 , 114.12 , 114.3
15.258 , 114.17 , 114.29
15.26 , 114.1 , 114.29
15.261 , 114.1 , 114.29
15.263 , 114.08 , 114.28
15.264 , 114.12 , 114.28
15.266 , 114.08 , 114.27
15.268 , 114.08 , 114.26
15.269 , 114.1 , 114.26
15.271 , 114.08 , 114.26
15.272 , 114.08 , 114.25
15.274 , 114.08 , 114.25
15.275 , 114.1 , 114.24
15.277 , 114.08 , 114.24
15.278 , 114.03 , 114.23
15.28 , 114.01 , 114.23
15.281 , 114.03 , 114.22
15.283 , 114.01 , 114.22
15.284 , 114.01 , 114.22
15.286 , 114.01 , 114.21
15.287 , 114.01 , 114.21
15.289 , 113.96 , 114.2
15.29 , 113.94 , 114.2
15.292 , 113.94 , 114.19
15.293 , 113.94 , 114.19
15.295 , 113.92 , 114.18
15.296 , 113.92 , 114.18
15.298 , 113.94 , 114.17
15.3 , 113.94 , 114.17
15.301 , 113.94 , 114.16
15.303 , 113.94 , 114.16
15.304 , 113.96 , 114.16
15.306 , 113.92 , 114.15
15.307 , 113.92 , 114.15
15.309 , 113.87 , 114.14
15.31 , 113.87 , 114.14
15.312 , 113.8 , 114.13
15.313 , 113.85 , 114.13
15.315 , 113.8 , 114.12
15.316 , 113.8 , 114.12
15.318 , 113.78 , 114.11
15.319 , 113.78 , 114.11
15.321 , 113.78 , 114.1
15.322 , 113.8 , 114.1
15.324 , 113.8 , 114.1
15.325 , 113.8 , 114.09
15.327 , 113.78 , 114.09
15.328 , 113.78 , 114.08
15.33 , 113.8 , 114.08
15.332 , 113.78 , 114.07
15.333 , 113.76 , 114.07
15.335 , 113.76 , 114.06
15.336 , 113.71 , 114.06
15.338 , 113.69 , 114.05
15.339 , 113.71 , 114.05
15.341 , 113.71 , 114.04
15.342 , 113.69 , 114.04
15.344 , 113.69 , 114.04
15.345 , 113.69 , 114.03
15.347 , 113.64 , 114.03
15.348 , 113.69 , 114.02
15.35 , 113.69 , 114.02
15.351 , 113.69 , 114.01
15.353 , 113.64 , 114.01
15.354 , 113.64 , 114.01
15.356 , 113.62 , 114.0
15.357 , 113.62 , 114.0
15.359 , 113.62 , 113.99
15.36 , 113.57 , 113.99
15.362 , 113.55 , 113.98
15.364 , 113.57 , 113.98
15.365 , 113.57 , 113.97
15.367 , 113.53 , 113.97
15.368 , 113.55 , 113.96
15.37 , 113.55 , 113.96
15.371 , 113.53 , 113.95
15.373 , 113.48 , 113.95
15.374 , 113.55 , 113.95
15.376 , 113.53 , 113.94
15.378 , 113.55 , 113.93
15.379 , 113.48 , 113.93
15.381 , 113.53 , 113.92
15.382 , 113.48 , 113.92
15.384 , 113.53 , 113.92
15.385 , 113.48 , 113.91
15.387 , 113.41 , 113.91
15.388 , 113.41 , 113.9
15.39 , 113.41 , 113.9
15.391 , 113.39 , 113.89
15.393 , 113.41 , 113.89
15.394 , 113.37 , 113.89
15.396 , 113.39 , 113.88
15.398 , 113.39 , 113.87
15.399 , 113.39 , 113.87
15.401 , 113.39 , 113.86
15.402 , 113.37 , 113.86
15.404 , 113.37 , 113.86
15.405 , 113.37 , 113.85
15.407 , 113.39 , 113.85
15.408 , 113.37 , 113.84
15.41 , 113.37 , 113.84
15.411 , 113.3 , 113.83
15.413 , 113.3 , 113.83
15.414 , 113.3 , 113.83
15.416 , 113.25 , 113.82
15.417 , 113.25 , 113.82
15.419 , 113.25 , 113.81
15.42 , 113.23 , 113.81
15.422 , 113.25 , 113.8
15.423 , 113.23 , 113.8
15.425 , 113.25 , 113.79
15.426 , 113.25 , 113.79
15.428 , 113.25 , 113.78
15.429 , 113.23 , 113.78
15.431 , 113.3 , 113.77
15.432 , 113.23 , 113.77
15.434 , 113.23 , 113.77
15.435 , 113.18 , 113.76
15.437 , 113.18 , 113.76
15.438 , 113.16 , 113.75
15.44 , 113.14 , 113.75
15.441 , 113.16 , 113.74
15.443 , 113.16 , 113.74
15.445 , 113.14 , 113.73
15.446 , 113.09 , 113.73
15.448 , 113.18 , 113.72
15.449 , 113.14 , 113.72
15.451 , 113.14 , 113.71
15.452 , 113.14 , 113.71
15.454 , 113.14 , 113.71
15.455 , 113.14 , 113.7
15.457 , 113.09 , 113.7
15.458 , 113.07 , 113.69
15.46 , 113.07 , 113.69
15.461 , 113.02 , 113.68
15.463 , 113.02 , 113.68
15.464 , 113.02 , 113.68
15.466 , 113.07 , 113.67
15.468 , 113.02 , 113.66
15.469 , 113.02 , 113.66
15.471 , 113.02 , 113.65
15.472 , 113.0 , 113.65
15.474 , 112.98 , 113.65
15.475 , 112.98 , 113.64
15.477 , 112.98 , 113.64
15.478 , 113.0 , 113.63
15.48 , 112.91 , 113.63
15.481 , 112.98 , 113.62
15.483 , 112.98 , 113.62
15.484 , 113.0 , 113.62
15.486 , 112.98 , 113.61
15.487 , 112.98 , 113.61
15.489 , 112.98 , 113.6
15.49 , 112.91 , 113.6
15.492 , 112.89 , 113.59
15.494 , 112.89 , 113.59
15.495 , 112.82 , 113.58
15.497 , 112.82 , 113.58
15.498 , 112.82 , 113.57
15.5 , 112.82 , 113.57
15.501 , 112.84 , 113.56
15.503 , 112.82 , 113.56
15.504 , 112.84 , 113.56
15.506 , 112.89 , 113.55
15.508 , 112.84 , 113.54
15.509 , 112.82 , 113.54
15.511 , 112.82 , 113.53
15.512 , 112.82 , 113.53
15.514 , 112.75 , 113.53
15.515 , 112.79 , 113.52
15.517 , 112.79 , 113.52
15.518 , 112.73 , 113.51
15.52 , 112.75 , 113.51
15.521 , 112.73 , 113.5
15.523 , 112.73 , 113.5
15.524 , 112.75 , 113.5
15.526 , 112.75 , 113.49
15.527 , 112.73 , 113.49
15.529 , 112.75 , 113.48
15.53 , 112.73 , 113.48
15.532 , 112.75 , 113.47
15.533 , 112.73 , 113.47
15.535 , 112.73 , 113.46
15.536 , 112.68 , 113.46
15.538 , 112.66 , 113.45
15.539 , 112.66 , 113.45
15.541 , 112.61 , 113.44
15.542 , 112.66 , 113.44
15.544 , 112.61 , 113.44
15.545 , 112.61 , 113.43
15.547 , 112.59 , 113.43
15.548 , 112.61 , 113.42
15.55 , 112.59 , 113.42
15.552 , 112.61 , 113.41
15.553 , 112.59 , 113.41
15.555 , 112.61 , 113.4
15.556 , 112.59 , 113.4
15.558 , 112.59 , 113.39
15.559 , 112.59 , 113.39
15.561 , 112.57 , 113.38
15.562 , 112.57 , 113.38
15.564 , 112.57 , 113.38
15.565 , 112.52 , 113.37
15.567 , 112.5 , 113.37
15.568 , 112.5 , 113.36
15.57 , 112.5 , 113.36
15.571 , 112.43 , 113.35
15.573 , 112.45 , 113.35
15.575 , 112.52 , 113.34
15.576 , 112.52 , 113.34
15.578 , 112.57 , 113.33
15.579 , 112.59 , 113.33
15.581 , 112.66 , 113.32
15.582 , 112.66 , 113.32
15.584 , 112.68 , 113.32
15.585 , 112.66 , 113.31
15.587 , 112.66 , 113.31
15.588 , 112.59 , 113.3
15.59 , 112.57 , 113.3
15.592 , 112.52 , 113.29
15.593 , 112.57 , 113.29
15.595 , 112.5 , 113.28
15.596 , 112.5 , 113.28
15.598 , 112.5 , 113.27
15.599 , 112.45 , 113.27
15.601 , 112.5 , 113.26
15.602 , 112.57 , 113.26
15.604 , 112.52 , 113.26
15.605 , 112.52 , 113.25
15.607 , 112.57 , 113.25
15.608 , 112.57 , 113.24
15.61 , 112.57 , 113.24
15.611 , 112.5 , 113.23
15.613 , 112.52 , 113.23
15.614 , 112.5 , 113.23
15.616 , 112.5 , 113.22
15.617 , 112.52 , 113.22
15.619 , 112.45 , 113.21
15.62 , 112.5 , 113.21
15.622 , 112.5 , 113.2
15.623 , 112.5 , 113.2
15.625 , 112.52 , 113.19
15.626 , 112.52 , 113.19
15.628 , 112.5 , 113.18
15.629 , 112.52 , 113.18
15.631 , 112.52 , 113.17
15.633 , 112.5 , 113.17
15.634 , 112.52 , 113.17
15.636 , 112.5 , 113.16
15.637 , 112.5 , 113.16
15.639 , 112.59 , 113.15
15.64 , 112.73 , 113.15
15.642 , 112.79 , 113.14
15.643 , 113.02 , 113.14
15.645 , 113.18 , 113.13
15.646 , 113.37 , 113.13
15.648 , 113.39 , 113.12
15.649 , 113.37 , 113.12
15.651 , 113.41 , 113.11
15.652 , 113.32 , 113.11
15.654 , 113.25 , 113.1
15.655 , 113.18 , 113.1
15.657 , 113.14 , 113.1
15.658 , 113.09 , 113.09
15.66 , 113.09 , 113.09
15.662 , 113.16 , 113.08
15.663 , 113.16 , 113.08
15.665 , 113.25 , 113.07
15.666 , 113.32 , 113.07
15.668 , 113.41 , 113.06
15.669 , 113.48 , 113.06
15.671 , 113.62 , 113.05
15.672 , 113.76 , 113.05
15.674 , 113.87 , 113.04
15.675 , 113.92 , 113.04
15.677 , 113.96 , 113.04
15.678 , 114.03 , 113.03
15.68 , 114.03 , 113.03
15.682 , 114.08 , 113.02
15.683 , 114.1 , 113.02
15.685 , 114.1 , 113.01
15.686 , 114.12 , 113.01
15.688 , 114.1 , 113.0
15.689 , 114.12 , 113.0
15.691 , 114.17 , 112.99
15.692 , 114.17 , 112.99
15.694 , 114.19 , 112.98
15.695 , 114.24 , 112.98
15.697 , 114.31 , 112.98
15.698 , 114.31 , 112.97
15.7 , 114.35 , 112.97
15.702 , 114.35 , 112.96
15.703 , 114.47 , 112.96
15.705 , 114.47 , 112.95
15.706 , 114.51 , 112.95
15.708 , 114.56 , 112.94
15.709 , 114.63 , 112.94
15.711 , 114.63 , 112.93
15.712 , 114.67 , 112.93
15.714 , 114.67 , 112.92
15.715 , 114.65 , 112.92
15.717 , 114.47 , 112.92
15.718 , 114.19 , 112.91
15.72 , 113.92 , 112.91
15.721 , 113.57 , 112.9
15.723 , 113.37 , 112.9
15.725 , 113.23 , 112.89
15.726 , 113.14 , 112.89
15.728 , 113.07 , 112.88
15.729 , 113.16 , 112.88
15.731 , 113.3 , 112.87
15.732 , 113.46 , 112.87
15.734 , 113.62 , 112.86
15.735 , 113.76 , 112.86
15.737 , 113.85 , 112.86
15.738 , 113.87 , 112.85
15.74 , 113.92 , 112.85
15.742 , 113.85 , 112.84
15.743 , 113.85 , 112.84
15.745 , 113.78 , 112.83
15.746 , 113.71 , 112.83
15.748 , 113.64 , 112.82
15.749 , 113.55 , 112.82
15.751 , 113.55 , 112.81
15.752 , 113.53 , 112.81
15.754 , 113.48 , 112.8
15.755 , 113.53 , 112.8
15.757 , 113.53 , 112.8
15.759 , 113.57 , 112.79
15.76 , 113.55 , 112.79
15.762 , 113.57 , 112.78
15.763 , 113.57 , 112.78
15.765 , 113.55 , 112.77
15.766 , 113.55 , 112.77
15.768 , 113.55 , 112.76
15.769 , 113.48 , 112.76
15.771 , 113.48 , 112.75
15.772 , 113.46 , 112.75
15.774 , 113.41 , 112.74
15.775 , 113.39 , 112.74
15.777 , 113.46 , 112.74
15.779 , 113.39 , 112.73
15.78 , 113.41 , 112.73
15.782 , 113.39 , 112.72
15.783 , 113.39 , 112.72
15.785 , 113.41 , 112.71
15.786 , 113.41 , 112.71
15.788 , 113.37 , 112.7
15.789 , 113.39 , 112.7
15.791 , 113.37 , 112.69
15.792 , 113.39 , 112.69
15.794 , 113.37 , 112.68
15.796 , 113.37 , 112.68
15.797 , 113.32 , 112.68
15.799 , 113.32 , 112.67
15.8 , 113.3 , 112.67
15.802 , 113.3 , 112.66
15.803 , 113.32 , 112.66
15.805 , 113.32 , 112.65
15.806 , 113.3 , 112.65
15.808 , 113.3 , 112.64
15.809 , 113.25 , 112.64
15.811 , 113.3 , 112.63
15.812 , 113.3 , 112.63
15.814 , 113.25 , 112.62
15.815 , 113.25 , 112.62
15.817 , 113.3 , 112.62
15.818 , 113.23 , 112.61
15.82 , 113.23 , 112.61
15.821 , 113.25 , 112.6
15.823 , 113.25 , 112.6
15.824 , 113.23 , 112.59
15.826 , 113.18 , 112.59
15.827 , 113.18 , 112.59
15.829 , 113.18 , 112.58
15.83 , 113.18 , 112.58
15.832 , 113.18 , 112.57
15.834 , 113.18 , 112.56
15.835 , 113.18 , 112.56
15.837 , 113.16 , 112.56
15.838 , 113.16 , 112.55
15.84 , 113.16 , 112.55
15.841 , 113.16 , 112.54
15.843 , 113.16 , 112.54
15.844 , 113.14 , 112.53
15.846 , 113.16 , 112.53
15.847 , 113.07 , 112.53
15.849 , 113.02 , 112.52
15.85 , 113.0 , 112.52
15.852 , 113.02 , 112.51
15.853 , 113.02 , 112.51
15.855 , 113.0 , 112.5
15.856 , 113.09 , 112.5
15.858 , 113.14 , 112.49
15.86 , 113.09 , 112.49
15.861 , 113.07 , 112.48
15.863 , 113.07 , 112.48
15.864 , 113.0 , 112.47
15.866 , 112.98 , 112.47
15.867 , 112.89 , 112.47
15.869 , 112.82 , 112.46
15.87 , 112.79 , 112.46
15.872 , 112.75 , 112.45
15.873 , 112.79 , 112.45
15.875 , 112.79 , 112.44
15.876 , 112.79 , 112.44
15.878 , 112.79 , 112.43
15.879 , 112.75 , 112.43
15.881 , 112.79 , 112.42
15.883 , 112.79 , 112.42
15.884 , 112.84 , 112.41
15.886 , 112.79 , 112.41
15.887 , 112.79 , 112.41
15.889 , 112.79 , 112.4
15.89 , 112.75 , 112.4
15.892 , 112.75 , 112.39
15.893 , 112.73 , 112.39
15.895 , 112.68 , 112.38
15.896 , 112.68 , 112.38
15.898 , 112.66 , 112.37
15.899 , 112.66 , 112.37
15.901 , 112.61 , 112.36
15.902 , 112.61 , 112.36
15.904 , 112.66 , 112.35
15.905 , 112.68 , 112.35
15.907 , 112.66 , 112.35
15.908 , 112.66 , 112.34
15.91 , 112.66 , 112.34
15.912 , 112.57 , 112.33
15.913 , 112.59 , 112.33
15.915 , 112.57 , 112.32
15.916 , 112.52 , 112.32
15.918 , 112.45 , 112.31
15.919 , 112.45 , 112.31
15.921 , 112.5 , 112.3
15.922 , 112.45 , 112.3
15.924 , 112.43 , 112.29
15.926 , 112.43 , 112.29
15.927 , 112.45 , 112.29
15.929 , 112.41 , 112.28
15.93 , 112.41 , 112.28
15.932 , 112.34 , 112.27
15.933 , 112.41 , 112.27
15.935 , 112.34 , 112.26
15.936 , 112.34 , 112.26
15.938 , 112.34 , 112.25
15.939 , 112.34 , 112.25
15.941 , 112.27 , 112.24
15.942 , 112.29 , 112.24
15.944 , 112.27 , 112.23
15.945 , 112.27 , 112.23
15.947 , 112.25 , 112.23
15.948 , 112.27 , 112.22
15.95 , 112.2 , 112.22
15.952 , 112.2 , 112.21
15.953 , 112.2 , 112.21
15.955 , 112.18 , 112.2
15.956 , 112.2 , 112.2
15.958 , 112.18 , 112.19
15.959 , 112.18 , 112.19
15.961 , 112.13 , 112.18
15.962 , 112.13 , 112.18
15.964 , 112.13 , 112.17
15.965 , 112.18 , 112.17
15.967 , 112.18 , 112.17
15.968 , 112.11 , 112.16
15.97 , 112.13 , 112.16
15.971 , 112.18 , 112.15
15.973 , 112.18 , 112.15
15.974 , 112.11 , 112.14
15.976 , 112.13 , 112.14
15.978 , 112.13 , 112.13
15.979 , 112.06 , 112.13
15.981 , 112.06 , 112.12
15.982 , 112.06 , 112.12
15.984 , 112.04 , 112.11
15.985 , 112.04 , 112.11
15.987 , 112.02 , 112.11
15.988 , 112.02 , 112.1
15.99 , 111.97 , 112.1
15.991 , 112.02 , 112.09
15.993 , 111.97 , 112.09
15.994 , 111.97 , 112.08
15.996 , 111.97 , 112.08
15.997 , 112.02 , 112.08
15.999 , 111.97 , 112.07
16.0 , 112.02 , 112.07
16.002 , 111.97 , 112.06
16.004 , 111.97 , 112.05
16.005 , 111.95 , 112.05
16.007 , 111.95 , 112.04
16.008 , 111.95 , 112.04
16.01 , 111.88 , 112.04
16.011 , 111.88 , 112.03
16.013 , 111.86 , 112.03
16.014 , 111.86 , 112.02
16.016 , 111.86 , 112.02
16.017 , 111.86 , 112.01
16.019 , 111.81 , 112.01
16.02 , 111.86 , 112.01
16.022 , 111.86 , 112.0
16.023 , 111.86 , 112.0
16.025 , 111.86 , 111.99
16.026 , 111.88 , 111.99
16.028 , 111.81 , 111.98
16.029 , 111.81 , 111.98
16.031 , 111.81 , 111.97
16.032 , 111.81 , 111.97
16.034 , 111.74 , 111.96
16.036 , 111.74 , 111.96
16.037 , 111.72 , 111.95
16.039 , 111.67 , 111.95
16.04 , 111.67 , 111.95
16.042 , 111.67 , 111.94
16.043 , 111.67 , 111.94
16.045 , 111.74 , 111.93
16.046 , 111.72 , 111.93
16.048 , 111.72 , 111.92
16.049 , 111.72 , 111.92
16.059 , 111.63 , 111.89
16.061 , 111.56 , 111.88
16.062 , 111.58 , 111.88
16.064 , 111.56 , 111.87
16.065 , 111.58 , 111.87
16.067 , 111.56 , 111.86
16.068 , 111.58 , 111.86
16.07 , 111.58 , 111.86
16.071 , 111.58 , 111.85
16.073 , 111.56 , 111.85
16.074 , 111.56 , 111.84
16.076 , 111.56 , 111.84
16.078 , 111.56 , 111.83
16.079 , 111.58 , 111.83
16.081 , 111.49 , 111.82
16.082 , 111.56 , 111.82
16.084 , 111.49 , 111.81
16.085 , 111.51 , 111.81
16.087 , 111.47 , 111.8
16.088 , 111.49 , 111.8
16.09 , 111.47 , 111.8
16.091 , 111.49 , 111.79
16.093 , 111.47 , 111.79
16.094 , 111.49 , 111.78
16.096 , 111.47 , 111.78
16.098 , 111.47 , 111.77
16.099 , 111.42 , 111.77
16.101 , 111.47 , 111.76
16.102 , 111.42 , 111.76
16.104 , 111.42 , 111.75
16.105 , 111.35 , 111.75
16.107 , 111.35 , 111.74
16.108 , 111.33 , 111.74
16.11 , 111.33 , 111.74
16.111 , 111.31 , 111.73
16.113 , 111.33 , 111.73
16.114 , 111.33 , 111.72
16.116 , 111.33 , 111.72
16.117 , 111.33 , 111.71
16.119 , 111.33 , 111.71
16.12 , 111.33 , 111.71
16.122 , 111.31 , 111.7
16.123 , 111.35 , 111.7
16.125 , 111.31 , 111.69
16.126 , 111.26 , 111.69
16.128 , 111.26 , 111.68
16.129 , 111.26 , 111.68
16.131 , 111.17 , 111.67
16.132 , 111.24 , 111.67
16.134 , 111.19 , 111.66
16.136 , 111.17 , 111.66
16.137 , 111.17 , 111.65
16.139 , 111.19 , 111.65
16.14 , 111.19 , 111.65
16.142 , 111.24 , 111.64
16.143 , 111.19 , 111.64
16.145 , 111.19 , 111.63
16.146 , 111.19 , 111.63
16.148 , 111.17 , 111.62
16.149 , 111.17 , 111.62
16.151 , 111.12 , 111.61
16.152 , 111.12 , 111.61
16.154 , 111.1 , 111.6
16.155 , 111.1 , 111.6
16.157 , 111.08 , 111.59
16.158 , 111.08 , 111.59
16.16 , 111.08 , 111.59
16.161 , 111.03 , 111.58
16.163 , 111.08 , 111.58
16.164 , 111.1 , 111.57
16.166 , 111.12 , 111.57
16.167 , 111.1 , 111.56
16.169 , 111.08 , 111.56
16.171 , 111.08 , 111.55
16.172 , 111.03 , 111.55
16.174 , 111.03 , 111.54
16.175 , 110.96 , 111.54
16.177 , 110.96 , 111.53
16.178 , 110.94 , 111.53
16.18 , 110.94 , 111.53
16.181 , 110.96 , 111.52
16.183 , 110.96 , 111.52
16.184 , 110.94 , 111.51
16.186 , 111.01 , 111.51
16.187 , 110.96 , 111.5
16.189 , 110.96 , 111.5
16.19 , 110.94 , 111.5
16.192 , 110.94 , 111.49
16.193 , 110.87 , 111.49
16.195 , 110.94 , 111.48
16.196 , 110.87 , 111.48
16.198 , 110.87 , 111.47
16.199 , 110.87 , 111.47
16.201 , 110.85 , 111.46
16.203 , 110.87 , 111.46
16.204 , 110.85 , 111.45
16.206 , 110.85 , 111.45
16.207 , 110.85 , 111.44
16.209 , 110.85 , 111.44
16.21 , 110.8 , 111.44
16.212 , 110.85 , 111.43
16.213 , 110.85 , 111.43
16.215 , 110.85 , 111.42
16.216 , 110.8 , 111.42
16.218 , 110.8 , 111.41
16.219 , 110.78 , 111.41
16.221 , 110.8 , 111.4
16.222 , 110.73 , 111.4
16.224 , 110.73 , 111.39
16.225 , 110.71 , 111.39
16.227 , 110.71 , 111.38
16.228 , 110.69 , 111.38
16.23 , 110.73 , 111.38
16.231 , 110.71 , 111.37
16.233 , 110.71 , 111.37
16.234 , 110.69 , 111.36
16.236 , 110.73 , 111.36
16.237 , 110.69 , 111.35
16.239 , 110.71 , 111.35
16.241 , 110.69 , 111.34
16.242 , 110.69 , 111.34
16.244 , 110.64 , 111.33
16.245 , 110.69 , 111.33
16.247 , 110.62 , 111.32
16.248 , 110.64 , 111.32
16.25 , 110.62 , 111.32
16.251 , 110.62 , 111.31
16.253 , 110.62 , 111.31
16.254 , 110.62 , 111.3
16.256 , 110.53 , 111.3
16.257 , 110.53 , 111.29
16.259 , 110.55 , 111.29
16.26 , 110.55 , 111.29
16.262 , 110.53 , 111.28
16.263 , 110.55 , 111.28
16.265 , 110.55 , 111.27
16.266 , 110.53 , 111.27
16.268 , 110.53 , 111.26
16.269 , 110.53 , 111.26
16.271 , 110.46 , 111.25
16.272 , 110.41 , 111.25
16.274 , 110.46 , 111.24
16.275 , 110.41 , 111.24
16.277 , 110.41 , 111.23
16.278 , 110.41 , 111.23
16.28 , 110.39 , 111.23
16.281 , 110.41 , 111.22
16.283 , 110.41 , 111.22
16.284 , 110.41 , 111.21
16.286 , 110.41 , 111.21
16.287 , 110.39 , 111.2
16.289 , 110.41 , 111.2
16.291 , 110.37 , 111.19
16.292 , 110.41 , 111.19
16.294 , 110.32 , 111.18
16.295 , 110.3 , 111.18
16.297 , 110.3 , 111.17
16.298 , 110.25 , 111.17
16.3 , 110.3 , 111.17
16.301 , 110.3 , 111.16
16.302 , 110.25 , 111.16
16.304 , 110.32 , 111.15
16.305 , 110.3 , 111.15
16.307 , 110.3 , 111.14
16.308 , 110.3 , 111.14
16.31 , 110.32 , 111.14
16.311 , 110.25 , 111.13
16.313 , 110.25 , 111.13
16.314 , 110.23 , 111.12
16.316 , 110.23 , 111.12
16.317 , 110.16 , 111.11
16.319 , 110.16 , 111.11
16.32 , 110.14 , 111.11
16.322 , 110.14 , 111.1
16.323 , 110.09 , 111.1
16.325 , 110.19 , 111.09
16.327 , 110.23 , 111.08
16.328 , 110.32 , 111.08
16.33 , 110.3 , 111.08
16.331 , 110.37 , 111.07
16.333 , 110.37 , 111.07
16.334 , 110.39 , 111.06
16.336 , 110.37 , 111.06
16.337 , 110.32 , 111.05
16.339 , 110.3 , 111.05
16.34 , 110.32 , 111.05
16.342 , 110.25 , 111.04
16.343 , 110.19 , 111.04
16.345 , 110.19 , 111.03
16.346 , 110.16 , 111.03
16.348 , 110.16 , 111.02
16.349 , 110.23 , 111.02
16.351 , 110.23 , 111.01
16.352 , 110.19 , 111.01
16.354 , 110.19 , 111.0
16.355 , 110.23 , 111.0
16.357 , 110.19 , 110.99
16.358 , 110.23 , 110.99
16.36 , 110.23 , 110.99
16.361 , 110.19 , 110.98
16.363 , 110.19 , 110.98
16.364 , 110.23 , 110.97
16.365 , 110.16 , 110.97
16.367 , 110.23 , 110.96
16.368 , 110.19 , 110.96
16.37 , 110.19 , 110.95
16.372 , 110.16 , 110.95
16.373 , 110.19 , 110.95
16.375 , 110.16 , 110.94
16.376 , 110.16 , 110.94
16.378 , 110.19 , 110.93
16.379 , 110.19 , 110.93
16.381 , 110.19 , 110.92
16.382 , 110.23 , 110.92
16.384 , 110.19 , 110.91
16.385 , 110.23 , 110.91
16.387 , 110.25 , 110.9
16.388 , 110.32 , 110.9
16.39 , 110.41 , 110.89
16.391 , 110.55 , 110.89
16.393 , 110.71 , 110.89
16.394 , 110.92 , 110.88
16.396 , 111.1 , 110.88
16.397 , 111.17 , 110.87
16.399 , 111.17 , 110.87
16.401 , 111.12 , 110.86
16.402 , 111.12 , 110.86
16.403 , 111.08 , 110.86
16.405 , 111.01 , 110.85
16.407 , 110.94 , 110.84
16.408 , 110.92 , 110.84
16.41 , 110.94 , 110.83
16.411 , 110.92 , 110.83
16.413 , 110.96 , 110.83
16.414 , 111.03 , 110.82
16.416 , 111.08 , 110.82
16.417 , 111.17 , 110.81
16.419 , 111.31 , 110.81
16.42 , 111.35 , 110.8
16.422 , 111.49 , 110.8
16.423 , 111.63 , 110.8
16.425 , 111.65 , 110.79
16.426 , 111.74 , 110.79
16.428 , 111.81 , 110.78
16.43 , 111.86 , 110.77
16.431 , 111.88 , 110.77
16.433 , 111.88 , 110.77
16.434 , 111.88 , 110.76
16.436 , 111.88 , 110.76
16.437 , 111.9 , 110.75
16.439 , 111.88 , 110.75
16.44 , 111.95 , 110.74
16.442 , 111.95 , 110.74
16.443 , 111.97 , 110.74
16.445 , 112.02 , 110.73
16.446 , 112.06 , 110.73
16.448 , 112.13 , 110.72
16.449 , 112.18 , 110.72
16.451 , 112.18 , 110.71
16.452 , 112.2 , 110.71
16.454 , 112.2 , 110.7
16.456 , 112.25 , 110.7
16.457 , 112.27 , 110.69
16.459 , 112.29 , 110.69
16.46 , 112.34 , 110.68
16.462 , 112.34 , 110.68
16.463 , 112.36 , 110.68
16.465 , 112.41 , 110.67
16.466 , 112.41 , 110.67
16.468 , 112.45 , 110.66
16.469 , 112.45 , 110.66
16.471 , 112.45 , 110.65
16.473 , 112.34 , 110.65
16.474 , 112.06 , 110.64
16.476 , 111.86 , 110.64
16.477 , 111.49 , 110.63
16.479 , 111.26 , 110.63
16.48 , 111.08 , 110.62
16.482 , 110.96 , 110.62
16.483 , 110.94 , 110.62
16.485 , 110.96 , 110.61
16.486 , 111.1 , 110.61
16.488 , 111.31 , 110.6
16.489 , 111.42 , 110.6
16.491 , 111.56 , 110.59
16.492 , 111.67 , 110.59
16.494 , 111.74 , 110.58
16.496 , 111.74 , 110.58
16.497 , 111.74 , 110.57
16.499 , 111.67 , 110.57
16.5 , 111.63 , 110.56
16.502 , 111.56 , 110.56
16.503 , 111.49 , 110.56
16.505 , 111.47 , 110.55
16.506 , 111.42 , 110.55
16.508 , 111.35 , 110.54
16.509 , 111.35 , 110.54
16.511 , 111.35 , 110.53
16.512 , 111.35 , 110.53
16.514 , 111.4 , 110.52
16.516 , 111.35 , 110.52
16.517 , 111.4 , 110.51
16.519 , 111.42 , 110.51
16.52 , 111.42 , 110.5
16.522 , 111.4 , 110.5
16.523 , 111.35 , 110.5
16.525 , 111.35 , 110.49
16.526 , 111.35 , 110.49
16.528 , 111.33 , 110.48
16.529 , 111.31 , 110.48
16.531 , 111.31 , 110.47
16.532 , 111.26 , 110.47
16.534 , 111.26 , 110.46
16.535 , 111.33 , 110.46
16.537 , 111.31 , 110.45
16.538 , 111.31 , 110.45
16.54 , 111.26 , 110.44
16.541 , 111.26 , 110.44
16.543 , 111.24 , 110.44
16.544 , 111.26 , 110.43
16.546 , 111.24 , 110.43
16.547 , 111.24 , 110.42
16.549 , 111.19 , 110.42
16.55 , 111.24 , 110.41
16.552 , 111.19 , 110.41
16.553 , 111.17 , 110.41
16.555 , 111.17 , 110.4
16.557 , 111.12 , 110.39
16.558 , 111.19 , 110.39
16.56 , 111.12 , 110.38
16.561 , 111.12 , 110.38
16.563 , 111.17 , 110.38
16.564 , 111.12 , 110.37
16.566 , 111.12 , 110.37
16.567 , 111.12 , 110.36
16.569 , 111.12 , 110.36
16.57 , 111.12 , 110.35
16.572 , 111.1 , 110.35
16.573 , 111.1 , 110.35
16.575 , 111.08 , 110.34
16.576 , 111.08 , 110.34
16.578 , 111.08 , 110.33
16.579 , 111.08 , 110.33
16.581 , 111.03 , 110.32
16.582 , 111.03 , 110.32
16.584 , 111.03 , 110.31
16.585 , 111.03 , 110.31
16.587 , 111.01 , 110.3
16.589 , 111.03 , 110.3
16.59 , 111.01 , 110.29
16.592 , 111.01 , 110.29
16.593 , 111.01 , 110.29
16.595 , 111.01 , 110.28
16.596 , 110.96 , 110.28
16.598 , 110.87 , 110.27
16.599 , 110.8 , 110.27
16.601 , 110.78 , 110.26
16.602 , 110.85 , 110.26
16.604 , 110.87 , 110.25
16.605 , 110.92 , 110.25
16.607 , 111.01 , 110.24
16.608 , 111.03 , 110.24
16.61 , 110.96 , 110.23
16.611 , 110.92 , 110.23
16.613 , 110.92 , 110.23
16.614 , 110.87 , 110.22
16.616 , 110.78 , 110.22
16.617 , 110.73 , 110.21
16.619 , 110.64 , 110.21
16.62 , 110.62 , 110.2
16.622 , 110.55 , 110.2
16.623 , 110.62 , 110.2
16.625 , 110.62 , 110.19
16.626 , 110.64 , 110.19
16.628 , 110.64 , 110.18
16.63 , 110.69 , 110.17
16.631 , 110.71 , 110.17
16.633 , 110.69 , 110.17
16.634 , 110.64 , 110.16
16.636 , 110.71 , 110.16
16.637 , 110.62 , 110.15
16.639 , 110.55 , 110.15
16.64 , 110.53 , 110.14
16.642 , 110.48 , 110.14
16.643 , 110.48 , 110.14
16.645 , 110.53 , 110.13
16.646 , 110.48 , 110.13
16.648 , 110.48 , 110.12
16.649 , 110.46 , 110.12
16.651 , 110.48 , 110.11
16.652 , 110.46 , 110.11
16.654 , 110.41 , 110.1
16.655 , 110.41 , 110.1
16.657 , 110.39 , 110.09
16.659 , 110.37 , 110.09
16.66 , 110.37 , 110.08
16.662 , 110.3 , 110.08
16.663 , 110.32 , 110.08
16.665 , 110.25 , 110.07
16.666 , 110.19 , 110.07
16.668 , 110.25 , 110.06
16.669 , 110.23 , 110.06
16.671 , 110.19 , 110.05
16.672 , 110.19 , 110.05
16.674 , 110.19 , 110.04
16.675 , 110.19 , 110.04
16.677 , 110.19 , 110.03
16.678 , 110.16 , 110.03
16.68 , 110.23 , 110.02
16.681 , 110.19 , 110.02
16.683 , 110.16 , 110.02
16.684 , 110.16 , 110.01
16.686 , 110.14 , 110.01
16.687 , 110.07 , 110.0
16.689 , 110.09 , 110.0
16.69 , 110.09 , 109.99
16.692 , 110.09 , 109.99
16.693 , 110.07 , 109.99
16.695 , 110.09 , 109.98
16.696 , 109.98 , 109.98
16.698 , 109.93 , 109.97
16.7 , 109.93 , 109.96
16.701 , 109.93 , 109.96
16.703 , 109.91 , 109.96
16.704 , 109.93 , 109.95
16.706 , 109.91 , 109.95
16.707 , 109.91 , 109.94
16.709 , 109.91 , 109.94
16.71 , 109.93 , 109.93
16.712 , 109.86 , 109.93
16.713 , 109.86 , 109.93
16.715 , 109.86 , 109.92
16.716 , 109.86 , 109.92
16.718 , 109.84 , 109.91
16.72 , 109.84 , 109.9
16.721 , 109.86 , 109.9
16.723 , 109.86 , 109.9
16.724 , 109.86 , 109.89
16.726 , 109.84 , 109.89
16.727 , 109.86 , 109.88
16.729 , 109.84 , 109.88
16.731 , 109.82 , 109.87
16.732 , 109.82 , 109.87
16.734 , 109.75 , 109.86
16.735 , 109.77 , 109.86
16.737 , 109.7 , 109.85
16.738 , 109.68 , 109.85
16.74 , 109.75 , 109.84
16.741 , 109.7 , 109.84
16.743 , 109.68 , 109.83
16.745 , 109.7 , 109.83
16.746 , 109.7 , 109.83
16.748 , 109.75 , 109.82
16.749 , 109.75 , 109.82
16.751 , 109.75 , 109.81
16.752 , 109.7 , 109.81
16.754 , 109.68 , 109.8
16.755 , 109.61 , 109.8
16.757 , 109.57 , 109.79
16.759 , 109.57 , 109.79
16.76 , 109.59 , 109.78
16.762 , 109.57 , 109.78
16.763 , 109.57 , 109.77
16.765 , 109.57 , 109.77
16.766 , 109.57 , 109.77
16.768 , 109.57 , 109.76
16.77 , 109.59 , 109.75
16.771 , 109.57 , 109.75
16.773 , 109.52 , 109.74
16.774 , 109.57 , 109.74
16.776 , 109.52 , 109.74
16.778 , 109.5 , 109.73
16.779 , 109.5 , 109.73
16.781 , 109.45 , 109.72
16.782 , 109.43 , 109.72
16.784 , 109.45 , 109.71
16.785 , 109.41 , 109.71
16.787 , 109.45 , 109.7
16.788 , 109.43 , 109.7
16.79 , 109.45 , 109.69
16.792 , 109.41 , 109.69
16.793 , 109.43 , 109.68
16.795 , 109.43 , 109.68
16.796 , 109.41 , 109.68
16.798 , 109.41 , 109.67
16.799 , 109.43 , 109.67
16.801 , 109.43 , 109.66
16.802 , 109.36 , 109.66
16.804 , 109.36 , 109.65
16.805 , 109.34 , 109.65
16.807 , 109.34 , 109.64
16.808 , 109.34 , 109.64
16.81 , 109.29 , 109.63
16.812 , 109.34 , 109.63
16.813 , 109.34 , 109.62
16.815 , 109.29 , 109.62
16.816 , 109.29 , 109.62
16.818 , 109.34 , 109.61
16.819 , 109.29 , 109.61
16.821 , 109.29 , 109.6
16.822 , 109.27 , 109.6
16.824 , 109.29 , 109.59
16.825 , 109.27 , 109.59
16.827 , 109.2 , 109.58
16.829 , 109.22 , 109.58
16.83 , 109.18 , 109.57
16.832 , 109.18 , 109.57
16.833 , 109.2 , 109.56
16.835 , 109.18 , 109.56
16.836 , 109.18 , 109.56
16.838 , 109.18 , 109.55
16.839 , 109.18 , 109.55
16.841 , 109.13 , 109.54
16.842 , 109.18 , 109.54
16.844 , 109.13 , 109.53
16.846 , 109.11 , 109.53
16.847 , 109.11 , 109.52
16.849 , 109.06 , 109.52
16.85 , 109.06 , 109.51
16.852 , 109.06 , 109.51
16.853 , 109.04 , 109.5
16.855 , 109.04 , 109.5
16.856 , 109.02 , 109.5
16.858 , 109.04 , 109.49
16.859 , 109.06 , 109.49
16.861 , 109.04 , 109.48
16.862 , 109.06 , 109.48
16.864 , 109.04 , 109.47
16.865 , 109.04 , 109.47
16.867 , 109.04 , 109.46
16.869 , 109.02 , 109.46
16.87 , 108.97 , 109.45
16.872 , 108.97 , 109.45
16.873 , 108.9 , 109.44
16.875 , 108.9 , 109.44
16.876 , 108.95 , 109.44
16.878 , 108.9 , 109.43
16.879 , 108.95 , 109.43
16.881 , 108.95 , 109.42
16.883 , 108.9 , 109.41
16.884 , 108.9 , 109.41
16.886 , 108.88 , 109.41
16.887 , 108.97 , 109.4
16.889 , 108.9 , 109.4
16.89 , 108.9 , 109.39
16.892 , 108.88 , 109.39
16.893 , 108.81 , 109.38
16.895 , 108.81 , 109.38
16.897 , 108.79 , 109.37
16.898 , 108.81 , 109.37
16.9 , 108.79 , 109.36
16.901 , 108.79 , 109.36
16.903 , 108.79 , 109.35
16.904 , 108.81 , 109.35
16.906 , 108.81 , 109.35
16.907 , 108.81 , 109.34
16.909 , 108.81 , 109.34
16.911 , 108.74 , 109.33
16.912 , 108.81 , 109.33
16.914 , 108.67 , 109.32
16.915 , 108.72 , 109.32
16.917 , 108.72 , 109.31
16.918 , 108.67 , 109.31
16.92 , 108.65 , 109.3
16.921 , 108.67 , 109.3
16.923 , 108.67 , 109.29
16.925 , 108.72 , 109.29
16.926 , 108.72 , 109.29
16.928 , 108.72 , 109.28
16.929 , 108.72 , 109.28
16.931 , 108.67 , 109.27
16.932 , 108.67 , 109.27
16.934 , 108.65 , 109.26
16.944 , 108.56 , 109.23
16.945 , 108.56 , 109.23
16.947 , 108.63 , 109.22
16.948 , 108.58 , 109.22
16.95 , 108.58 , 109.21
16.951 , 108.58 , 109.21
16.953 , 108.56 , 109.2
16.954 , 108.56 , 109.2
16.956 , 108.56 , 109.2
16.957 , 108.49 , 109.19
16.959 , 108.51 , 109.19
16.961 , 108.42 , 109.18
16.962 , 108.49 , 109.18
16.964 , 108.47 , 109.17
16.965 , 108.47 , 109.17
16.967 , 108.47 , 109.16
16.968 , 108.49 , 109.16
16.97 , 108.47 , 109.15
16.971 , 108.47 , 109.15
16.973 , 108.47 , 109.14
16.974 , 108.47 , 109.14
16.976 , 108.42 , 109.14
16.978 , 108.4 , 109.13
16.979 , 108.35 , 109.13
16.981 , 108.35 , 109.12
16.982 , 108.35 , 109.12
16.984 , 108.35 , 109.11
16.985 , 108.33 , 109.11
16.987 , 108.33 , 109.1
16.988 , 108.35 , 109.1
16.99 , 108.35 , 109.09
16.992 , 108.35 , 109.09
16.993 , 108.33 , 109.08
16.995 , 108.35 , 109.08
16.996 , 108.31 , 109.08
16.998 , 108.33 , 109.07
16.999 , 108.31 , 109.07
17.001 , 108.26 , 109.06
17.002 , 108.31 , 109.06
17.004 , 108.26 , 109.05
17.005 , 108.31 , 109.05
17.007 , 108.24 , 109.04
17.009 , 108.24 , 109.04
17.01 , 108.24 , 109.03
17.012 , 108.26 , 109.03
17.013 , 108.26 , 109.02
17.015 , 108.24 , 109.02
17.016 , 108.24 , 109.02
17.018 , 108.24 , 109.01
17.019 , 108.24 , 109.01
17.021 , 108.17 , 109.0
17.022 , 108.19 , 109.0
17.024 , 108.13 , 108.99
17.025 , 108.17 , 108.99
17.027 , 108.13 , 108.98
17.029 , 108.13 , 108.98
17.03 , 108.1 , 108.97
17.032 , 108.08 , 108.97
17.033 , 108.1 , 108.96
17.035 , 108.08 , 108.96
17.036 , 108.08 , 108.96
17.038 , 108.1 , 108.95
17.039 , 108.1 , 108.95
17.041 , 108.08 , 108.94
17.042 , 108.08 , 108.94
17.044 , 108.08 , 108.93
17.045 , 108.08 , 108.93
17.047 , 108.03 , 108.92
17.048 , 108.03 , 108.92
17.05 , 108.01 , 108.91
17.052 , 107.97 , 108.91
17.053 , 108.01 , 108.9
17.055 , 107.97 , 108.9
17.056 , 107.97 , 108.9
17.058 , 107.94 , 108.89
17.059 , 108.01 , 108.89
17.061 , 107.97 , 108.88
17.062 , 107.94 , 108.88
17.064 , 107.97 , 108.87
17.065 , 107.94 , 108.87
17.067 , 107.97 , 108.86
17.068 , 107.94 , 108.86
17.07 , 107.87 , 108.85
17.071 , 107.85 , 108.85
17.073 , 107.85 , 108.84
17.075 , 107.92 , 108.84
17.076 , 107.92 , 108.84
17.078 , 107.94 , 108.83
17.079 , 108.01 , 108.83
17.081 , 108.01 , 108.82
17.082 , 108.1 , 108.82
17.084 , 108.1 , 108.81
17.086 , 108.1 , 108.81
17.087 , 108.03 , 108.8
17.089 , 108.03 , 108.8
17.09 , 108.01 , 108.79
17.092 , 108.01 , 108.79
17.093 , 107.94 , 108.78
17.095 , 107.94 , 108.78
17.096 , 107.94 , 108.77
17.098 , 107.92 , 108.77
17.099 , 107.94 , 108.77
17.101 , 107.92 , 108.76
17.102 , 107.94 , 108.76
17.104 , 107.94 , 108.75
17.105 , 107.97 , 108.75
17.107 , 107.97 , 108.74
17.109 , 108.01 , 108.74
17.11 , 107.97 , 108.73
17.112 , 107.97 , 108.73
17.113 , 107.97 , 108.72
17.115 , 107.97 , 108.72
17.116 , 107.97 , 108.71
17.118 , 107.92 , 108.71
17.119 , 107.94 , 108.71
17.121 , 107.94 , 108.7
17.122 , 107.94 , 108.7
17.124 , 107.97 , 108.69
17.125 , 107.94 , 108.69
17.127 , 107.94 , 108.68
17.128 , 107.97 , 108.68
17.13 , 107.97 , 108.67
17.132 , 108.01 , 108.67
17.133 , 107.97 , 108.66
17.135 , 107.94 , 108.66
17.136 , 107.94 , 108.65
17.138 , 107.94 , 108.65
17.139 , 108.03 , 108.65
17.141 , 108.13 , 108.64
17.142 , 108.24 , 108.64
17.144 , 108.42 , 108.63
17.145 , 108.65 , 108.63
17.147 , 108.86 , 108.62
17.148 , 108.86 , 108.62
17.15 , 108.86 , 108.61
17.151 , 108.86 , 108.61
17.153 , 108.74 , 108.6
17.154 , 108.72 , 108.6
17.156 , 108.65 , 108.59
17.158 , 108.58 , 108.59
17.159 , 108.56 , 108.59
17.161 , 108.58 , 108.58
17.162 , 108.65 , 108.58
17.164 , 108.67 , 108.57
17.165 , 108.74 , 108.57
17.167 , 108.86 , 108.56
17.168 , 108.97 , 108.56
17.17 , 109.04 , 108.55
17.172 , 109.13 , 108.55
17.173 , 109.29 , 108.54
17.175 , 109.34 , 108.54
17.176 , 109.36 , 108.53
17.178 , 109.45 , 108.53
17.179 , 109.5 , 108.53
17.181 , 109.52 , 108.52
17.182 , 109.52 , 108.52
17.184 , 109.57 , 108.51
17.185 , 109.57 , 108.51
17.187 , 109.59 , 108.5
17.189 , 109.59 , 108.5
17.19 , 109.61 , 108.49
17.192 , 109.61 , 108.49
17.193 , 109.68 , 108.48
17.195 , 109.75 , 108.48
17.196 , 109.77 , 108.47
17.198 , 109.82 , 108.47
17.199 , 109.86 , 108.47
17.201 , 109.91 , 108.46
17.203 , 109.86 , 108.45
17.204 , 109.91 , 108.45
17.206 , 109.98 , 108.44
17.207 , 109.98 , 108.44
17.209 , 110.03 , 108.44
17.21 , 110.07 , 108.43
17.212 , 110.07 , 108.43
17.213 , 110.03 , 108.42
17.215 , 110.07 , 108.42
17.216 , 110.03 , 108.41
17.218 , 110.07 , 108.41
17.219 , 110.09 , 108.41
17.221 , 110.09 , 108.4
17.222 , 110.14 , 108.4
17.224 , 110.19 , 108.39
17.225 , 110.19 , 108.39
17.227 , 110.19 , 108.38
17.228 , 110.19 , 108.38
17.23 , 110.19 , 108.37
17.231 , 110.09 , 108.37
17.233 , 109.77 , 108.36
17.235 , 109.43 , 108.36
17.236 , 109.13 , 108.35
17.238 , 108.88 , 108.35
17.239 , 108.74 , 108.35
17.241 , 108.67 , 108.34
17.242 , 108.67 , 108.34
17.244 , 108.74 , 108.33
17.245 , 108.95 , 108.33
17.247 , 109.11 , 108.32
17.248 , 109.29 , 108.32
17.25 , 109.41 , 108.31
17.252 , 109.5 , 108.31
17.253 , 109.5 , 108.3
17.255 , 109.5 , 108.3
17.256 , 109.52 , 108.29
17.258 , 109.43 , 108.29
17.259 , 109.41 , 108.29
17.261 , 109.29 , 108.28
17.262 , 109.2 , 108.28
17.264 , 109.11 , 108.27
17.265 , 109.11 , 108.27
17.267 , 109.11 , 108.26
17.268 , 109.11 , 108.26
17.27 , 109.18 , 108.25
17.271 , 109.11 , 108.25
17.273 , 109.13 , 108.24
17.274 , 109.13 , 108.24
17.276 , 109.2 , 108.23
17.278 , 109.13 , 108.23
17.279 , 109.18 , 108.23
17.281 , 109.11 , 108.22
17.282 , 109.13 , 108.22
17.284 , 109.11 , 108.21
17.285 , 109.06 , 108.21
17.287 , 109.06 , 108.2
17.288 , 109.06 , 108.2
17.29 , 109.04 , 108.19
17.291 , 109.04 , 108.19
17.293 , 109.02 , 108.18
17.294 , 109.02 , 108.18
17.296 , 109.02 , 108.17
17.297 , 109.06 , 108.17
17.299 , 109.04 , 108.17
17.301 , 109.02 , 108.16
17.302 , 109.02 , 108.16
17.304 , 109.02 , 108.15
17.305 , 109.02 , 108.15
17.307 , 108.97 , 108.14
17.308 , 108.97 , 108.14
17.31 , 108.95 , 108.13
17.311 , 108.95 , 108.13
17.313 , 108.95 , 108.12
17.314 , 108.9 , 108.12
17.316 , 108.86 , 108.11
17.317 , 108.81 , 108.11
17.319 , 108.86 , 108.11
17.321 , 108.88 , 108.1
17.322 , 108.88 , 108.1
17.324 , 108.88 , 108.09
17.325 , 108.86 , 108.09
17.327 , 108.86 , 108.08
17.328 , 108.86 , 108.08
17.33 , 108.86 , 108.07
17.332 , 108.79 , 108.07
17.333 , 108.79 , 108.06
17.335 , 108.81 , 108.06
17.336 , 108.79 , 108.05
17.338 , 108.79 , 108.05
17.339 , 108.79 , 108.05
17.341 , 108.79 , 108.04
17.342 , 108.79 , 108.04
17.344 , 108.79 , 108.03
17.345 , 108.72 , 108.03
17.347 , 108.72 , 108.02
17.348 , 108.65 , 108.02
17.35 , 108.63 , 108.01
17.351 , 108.58 , 108.01
17.353 , 108.63 , 108.0
17.354 , 108.58 , 108.0
17.356 , 108.65 , 107.99
17.357 , 108.72 , 107.99
17.359 , 108.67 , 107.99
17.361 , 108.65 , 107.98
17.362 , 108.63 , 107.98
17.364 , 108.63 , 107.97
17.365 , 108.56 , 107.97
17.367 , 108.51 , 107.96
17.368 , 108.42 , 107.96
17.37 , 108.4 , 107.95
17.371 , 108.33 , 107.95
17.373 , 108.35 , 107.94
17.374 , 108.33 , 107.94
17.376 , 108.33 , 107.93
17.377 , 108.35 , 107.93
17.379 , 108.42 , 107.93
17.381 , 108.4 , 107.92
17.382 , 108.42 , 107.92
17.384 , 108.4 , 107.91
17.385 , 108.4 , 107.91
17.387 , 108.4 , 107.9
17.388 , 108.4 , 107.9
17.39 , 108.33 , 107.89
17.391 , 108.31 , 107.89
17.393 , 108.24 , 107.88
17.394 , 108.24 , 107.88
17.396 , 108.19 , 107.87
17.398 , 108.17 , 107.87
17.399 , 108.17 , 107.87
17.401 , 108.19 , 107.86
17.402 , 108.13 , 107.86
17.404 , 108.1 , 107.85
17.405 , 108.03 , 107.85
17.407 , 108.01 , 107.84
17.408 , 108.03 , 107.84
17.41 , 108.03 , 107.83
17.411 , 108.03 , 107.83
17.413 , 108.03 , 107.82
17.415 , 108.01 , 107.82
17.416 , 107.97 , 107.81
17.418 , 108.03 , 107.81
17.419 , 108.03 , 107.81
17.421 , 107.97 , 107.8
17.422 , 108.01 , 107.8
17.424 , 108.01 , 107.79
17.425 , 108.01 , 107.79
17.427 , 108.01 , 107.78
17.428 , 107.94 , 107.78
17.43 , 107.92 , 107.77
17.431 , 107.94 , 107.77
17.433 , 107.87 , 107.76
17.434 , 107.85 , 107.76
17.436 , 107.85 , 107.75
17.438 , 107.85 , 107.75
17.439 , 107.87 , 107.75
17.441 , 107.8 , 107.74
17.442 , 107.78 , 107.74
17.444 , 107.78 , 107.73
17.445 , 107.85 , 107.73
17.447 , 107.8 , 107.72
17.448 , 107.78 , 107.72
17.45 , 107.78 , 107.71
17.451 , 107.74 , 107.71
17.453 , 107.71 , 107.7
17.455 , 107.74 , 107.7
17.456 , 107.69 , 107.69
17.458 , 107.69 , 107.69
17.459 , 107.69 , 107.68
17.461 , 107.64 , 107.68
17.462 , 107.62 , 107.68
17.464 , 107.64 , 107.67
17.465 , 107.69 , 107.67
17.467 , 107.71 , 107.66
17.469 , 107.71 , 107.65
17.47 , 107.71 , 107.65
17.472 , 107.71 , 107.65
17.473 , 107.69 , 107.64
17.475 , 107.69 , 107.64
17.476 , 107.69 , 107.63
17.478 , 107.62 , 107.63
17.479 , 107.58 , 107.62
17.481 , 107.58 , 107.62
17.482 , 107.55 , 107.62
17.484 , 107.55 , 107.61
17.485 , 107.53 , 107.61
17.487 , 107.58 , 107.6
17.489 , 107.55 , 107.59
17.49 , 107.55 , 107.59
17.492 , 107.55 , 107.59
17.493 , 107.53 , 107.58
17.495 , 107.53 , 107.58
17.496 , 107.46 , 107.57
17.498 , 107.48 , 107.57
17.499 , 107.42 , 107.56
17.501 , 107.48 , 107.56
17.503 , 107.46 , 107.55
17.504 , 107.42 , 107.55
17.506 , 107.46 , 107.54
17.507 , 107.46 , 107.54
17.509 , 107.42 , 107.53
17.51 , 107.42 , 107.53
17.512 , 107.46 , 107.53
17.513 , 107.39 , 107.52
17.515 , 107.37 , 107.52
17.517 , 107.37 , 107.51
17.518 , 107.37 , 107.51
17.52 , 107.3 , 107.5
17.521 , 107.32 , 107.5
17.523 , 107.32 , 107.49
17.524 , 107.3 , 107.49
17.526 , 107.32 , 107.48
17.527 , 107.32 , 107.48
17.529 , 107.32 , 107.47
17.53 , 107.32 , 107.47
17.532 , 107.32 , 107.47
17.533 , 107.26 , 107.46
17.535 , 107.23 , 107.46
17.537 , 107.23 , 107.45
17.538 , 107.26 , 107.45
17.54 , 107.16 , 107.44
17.541 , 107.16 , 107.44
17.542 , 107.19 , 107.44
17.544 , 107.1 , 107.43
17.546 , 107.19 , 107.42
17.547 , 107.19 , 107.42
17.549 , 107.16 , 107.41
17.55 , 107.19 , 107.41
17.552 , 107.14 , 107.41
17.553 , 107.19 , 107.4
17.555 , 107.14 , 107.4
17.556 , 107.1 , 107.39
17.558 , 107.1 , 107.39
17.559 , 107.03 , 107.38
17.561 , 107.03 , 107.38
17.563 , 107.07 , 107.37
17.564 , 107.07 , 107.37
17.566 , 107.07 , 107.36
17.567 , 107.07 , 107.36
17.569 , 107.03 , 107.35
17.57 , 107.03 , 107.35
17.572 , 107.03 , 107.35
17.573 , 107.0 , 107.34
17.575 , 106.98 , 107.34
17.577 , 107.0 , 107.33
17.578 , 106.98 , 107.33
17.58 , 106.94 , 107.32
17.581 , 106.94 , 107.32
17.583 , 106.91 , 107.31
17.584 , 106.94 , 107.31
17.586 , 106.94 , 107.3
17.587 , 106.94 , 107.3
17.589 , 106.91 , 107.29
17.59 , 106.87 , 107.29
17.592 , 106.91 , 107.29
17.593 , 106.91 , 107.28
17.595 , 106.87 , 107.28
17.597 , 106.87 , 107.27
17.598 , 106.84 , 107.27
17.6 , 106.8 , 107.26
17.601 , 106.8 , 107.26
17.603 , 106.78 , 107.25
17.604 , 106.8 , 107.25
17.606 , 106.8 , 107.24
17.607 , 106.8 , 107.24
17.609 , 106.84 , 107.23
17.61 , 106.8 , 107.23
17.612 , 106.78 , 107.23
17.613 , 106.78 , 107.22
17.615 , 106.75 , 107.22
17.616 , 106.75 , 107.21
17.618 , 106.75 , 107.21
17.619 , 106.71 , 107.2
17.621 , 106.71 , 107.2
17.623 , 106.61 , 107.19
17.624 , 106.61 , 107.19
17.626 , 106.71 , 107.18
17.627 , 106.68 , 107.18
17.629 , 106.71 , 107.17
17.63 , 106.68 , 107.17
17.632 , 106.68 , 107.17
17.633 , 106.61 , 107.16
17.635 , 106.61 , 107.16
17.636 , 106.59 , 107.15
17.638 , 106.52 , 107.15
17.639 , 106.52 , 107.14
17.641 , 106.5 , 107.14
17.643 , 106.5 , 107.13
17.644 , 106.52 , 107.13
17.646 , 106.52 , 107.12
17.647 , 106.52 , 107.12
17.649 , 106.59 , 107.11
17.65 , 106.52 , 107.11
17.652 , 106.52 , 107.11
17.653 , 106.52 , 107.1
17.655 , 106.45 , 107.1
17.657 , 106.45 , 107.09
17.658 , 106.45 , 107.09
17.66 , 106.43 , 107.08
17.661 , 106.43 , 107.08
17.663 , 106.41 , 107.07
17.664 , 106.43 , 107.07
17.666 , 106.36 , 107.06
17.667 , 106.41 , 107.06
17.669 , 106.43 , 107.05
17.67 , 106.41 , 107.05
17.672 , 106.43 , 107.05
17.673 , 106.41 , 107.04
17.675 , 106.36 , 107.04
17.676 , 106.41 , 107.03
17.678 , 106.36 , 107.03
17.679 , 106.34 , 107.02
17.681 , 106.34 , 107.02
17.683 , 106.29 , 107.01
17.684 , 106.29 , 107.01
17.686 , 106.27 , 107.0
17.687 , 106.29 , 107.0
17.689 , 106.34 , 106.99
17.69 , 106.29 , 106.99
17.692 , 106.29 , 106.99
17.693 , 106.27 , 106.98
17.695 , 106.27 , 106.98
17.696 , 106.23 , 106.97
17.698 , 106.2 , 106.97
17.7 , 106.2 , 106.96
17.701 , 106.2 , 106.96
17.703 , 106.13 , 106.95
17.704 , 106.18 , 106.95
17.706 , 106.18 , 106.94
17.707 , 106.2 , 106.94
17.709 , 106.2 , 106.93
17.71 , 106.2 , 106.93
17.712 , 106.2 , 106.93
17.714 , 106.18 , 106.92
17.715 , 106.18 , 106.92
17.717 , 106.18 , 106.91
17.718 , 106.13 , 106.91
17.72 , 106.13 , 106.9
17.721 , 106.07 , 106.9
17.723 , 106.11 , 106.89
17.724 , 106.11 , 106.89
17.726 , 106.07 , 106.88
17.727 , 106.11 , 106.88
17.729 , 106.07 , 106.87
17.73 , 106.07 , 106.87
17.732 , 106.11 , 106.87
17.733 , 106.04 , 106.86
17.735 , 106.02 , 106.86
17.736 , 106.04 , 106.85
17.738 , 105.97 , 106.85
17.74 , 106.02 , 106.84
17.741 , 105.97 , 106.84
17.743 , 105.97 , 106.83
17.744 , 105.95 , 106.83
17.746 , 105.95 , 106.82
17.747 , 105.95 , 106.82
17.749 , 105.95 , 106.81
17.751 , 105.95 , 106.81
17.752 , 105.97 , 106.81
17.754 , 105.95 , 106.8
17.755 , 105.91 , 106.8
17.757 , 105.91 , 106.79
17.758 , 105.86 , 106.79
17.76 , 105.88 , 106.78
17.761 , 105.86 , 106.78
17.763 , 105.86 , 106.77
17.765 , 105.86 , 106.77
17.766 , 105.86 , 106.76
17.768 , 105.88 , 106.76
17.769 , 105.86 , 106.75
17.771 , 105.81 , 106.75
17.772 , 105.86 , 106.75
17.774 , 105.86 , 106.74
17.775 , 105.81 , 106.74
17.777 , 105.79 , 106.73
17.779 , 105.81 , 106.72
17.78 , 105.75 , 106.72
17.782 , 105.72 , 106.72
17.783 , 105.75 , 106.71
17.785 , 105.75 , 106.71
17.786 , 105.75 , 106.7
17.788 , 105.72 , 106.7
17.789 , 105.72 , 106.69
17.791 , 105.75 , 106.69
17.792 , 105.72 , 106.69
17.794 , 105.72 , 106.68
17.795 , 105.68 , 106.68
17.797 , 105.68 , 106.67
17.798 , 105.68 , 106.67
17.8 , 105.65 , 106.66
17.802 , 105.65 , 106.66
17.803 , 105.65 , 106.65
17.805 , 105.63 , 106.65
17.806 , 105.63 , 106.64
17.808 , 105.63 , 106.64
17.809 , 105.63 , 106.63
17.811 , 105.63 , 106.63
17.812 , 105.65 , 106.63
17.814 , 105.63 , 106.62
17.815 , 105.63 , 106.62
17.817 , 105.58 , 106.61
17.818 , 105.56 , 106.61
17.82 , 105.56 , 106.6
17.822 , 105.49 , 106.59
17.823 , 105.49 , 106.59
17.825 , 105.56 , 106.59
17.834 , 105.72 , 106.56
17.836 , 105.72 , 106.55
17.837 , 105.72 , 106.55
17.839 , 105.65 , 106.54
17.841 , 105.68 , 106.54
17.842 , 105.63 , 106.53
17.844 , 105.58 , 106.53
17.845 , 105.58 , 106.53
17.847 , 105.58 , 106.52
17.848 , 105.58 , 106.52
17.85 , 105.56 , 106.51
17.851 , 105.58 , 106.51
17.853 , 105.63 , 106.5
17.854 , 105.63 , 106.5
17.856 , 105.63 , 106.49
17.857 , 105.56 , 106.49
17.859 , 105.63 , 106.48
17.861 , 105.58 , 106.48
17.862 , 105.63 , 106.47
17.864 , 105.63 , 106.47
17.865 , 105.63 , 106.47
17.867 , 105.63 , 106.46
17.868 , 105.63 , 106.46
17.87 , 105.63 , 106.45
17.871 , 105.63 , 106.45
17.873 , 105.58 , 106.44
17.875 , 105.58 , 106.44
17.876 , 105.56 , 106.43
17.878 , 105.58 , 106.43
17.879 , 105.58 , 106.42
17.881 , 105.58 , 106.42
17.882 , 105.63 , 106.41
17.884 , 105.63 , 106.41
17.885 , 105.58 , 106.41
17.887 , 105.58 , 106.4
17.888 , 105.63 , 106.4
17.89 , 105.72 , 106.39
17.891 , 105.81 , 106.39
17.893 , 105.97 , 106.38
17.895 , 106.18 , 106.38
17.896 , 106.41 , 106.37
17.898 , 106.45 , 106.37
17.899 , 106.45 , 106.36
17.901 , 106.52 , 106.36
17.902 , 106.45 , 106.35
17.904 , 106.43 , 106.35
17.905 , 106.34 , 106.35
17.907 , 106.29 , 106.34
17.908 , 106.23 , 106.34
17.91 , 106.23 , 106.33
17.911 , 106.27 , 106.33
17.913 , 106.29 , 106.32
17.915 , 106.36 , 106.32
17.916 , 106.43 , 106.31
17.918 , 106.52 , 106.31
17.919 , 106.71 , 106.3
17.921 , 106.84 , 106.3
17.922 , 106.91 , 106.29
17.924 , 107.03 , 106.29
17.925 , 107.1 , 106.29
17.927 , 107.19 , 106.28
17.928 , 107.23 , 106.28
17.93 , 107.23 , 106.27
17.931 , 107.23 , 106.27
17.933 , 107.26 , 106.26
17.935 , 107.23 , 106.26
17.936 , 107.19 , 106.25
17.938 , 107.19 , 106.25
17.939 , 107.26 , 106.24
17.941 , 107.26 , 106.24
17.942 , 107.32 , 106.23
17.944 , 107.39 , 106.23
17.945 , 107.46 , 106.23
17.947 , 107.46 , 106.22
17.948 , 107.53 , 106.22
17.95 , 107.53 , 106.21
17.951 , 107.55 , 106.21
17.953 , 107.58 , 106.2
17.955 , 107.58 , 106.2
17.956 , 107.62 , 106.19
17.958 , 107.62 , 106.19
17.959 , 107.64 , 106.18
17.961 , 107.69 , 106.18
17.962 , 107.71 , 106.17
17.964 , 107.74 , 106.17
17.965 , 107.78 , 106.17
17.967 , 107.78 , 106.16
17.969 , 107.85 , 106.15
17.97 , 107.8 , 106.15
17.972 , 107.8 , 106.14
17.973 , 107.8 , 106.14
17.975 , 107.85 , 106.14
17.976 , 107.92 , 106.13
17.978 , 107.92 , 106.13
17.979 , 107.92 , 106.12
17.981 , 107.94 , 106.12
17.982 , 107.97 , 106.11
17.984 , 107.94 , 106.11
17.985 , 107.94 , 106.11
17.987 , 107.85 , 106.1
17.989 , 107.55 , 106.09
17.99 , 107.23 , 106.09
17.992 , 106.98 , 106.08
17.993 , 106.75 , 106.08
17.995 , 106.61 , 106.08
17.996 , 106.5 , 106.07
17.998 , 106.45 , 106.07
17.999 , 106.59 , 106.06
18.001 , 106.75 , 106.06
18.002 , 106.84 , 106.05
18.004 , 107.0 , 106.05
18.005 , 107.16 , 106.05
18.007 , 107.26 , 106.04
18.008 , 107.26 , 106.04
18.01 , 107.32 , 106.03
18.011 , 107.3 , 106.03
18.013 , 107.23 , 106.02
18.014 , 107.19 , 106.02
18.016 , 107.07 , 106.01
18.018 , 107.03 , 106.01
18.019 , 106.98 , 106.0
18.021 , 106.91 , 106.0
18.022 , 106.94 , 105.99
18.024 , 106.91 , 105.99
18.025 , 106.91 , 105.99
18.027 , 106.94 , 105.98
18.028 , 106.98 , 105.98
18.03 , 106.98 , 105.97
18.031 , 106.98 , 105.97
18.033 , 106.94 , 105.96
18.034 , 106.94 , 105.96
18.036 , 106.91 , 105.95
18.037 , 106.94 , 105.95
18.039 , 106.94 , 105.94
18.04 , 106.91 , 105.94
18.042 , 106.91 , 105.93
18.043 , 106.91 , 105.93
18.045 , 106.87 , 105.93
18.046 , 106.87 , 105.92
18.048 , 106.84 , 105.92
18.05 , 106.87 , 105.91
18.051 , 106.84 , 105.91
18.053 , 106.84 , 105.9
18.054 , 106.8 , 105.9
18.056 , 106.8 , 105.89
18.057 , 106.8 , 105.89
18.059 , 106.8 , 105.88
18.06 , 106.8 , 105.88
18.062 , 106.78 , 105.87
18.063 , 106.8 , 105.87
18.065 , 106.8 , 105.87
18.066 , 106.75 , 105.86
18.068 , 106.78 , 105.86
18.069 , 106.75 , 105.85
18.071 , 106.75 , 105.85
18.072 , 106.75 , 105.84
18.074 , 106.71 , 105.84
18.076 , 106.71 , 105.83
18.077 , 106.71 , 105.83
18.079 , 106.71 , 105.82
18.08 , 106.68 , 105.82
18.082 , 106.68 , 105.81
18.083 , 106.61 , 105.81
18.085 , 106.68 , 105.81
18.086 , 106.68 , 105.8
18.088 , 106.61 , 105.8
18.089 , 106.59 , 105.79
18.091 , 106.61 , 105.79
18.093 , 106.59 , 105.78
18.094 , 106.59 , 105.78
18.096 , 106.59 , 105.77
18.097 , 106.45 , 105.77
18.099 , 106.41 , 105.76
18.1 , 106.34 , 105.76
18.102 , 106.36 , 105.75
18.103 , 106.41 , 105.75
18.105 , 106.43 , 105.75
18.106 , 106.5 , 105.74
18.108 , 106.52 , 105.74
18.109 , 106.52 , 105.73
18.111 , 106.5 , 105.73
18.112 , 106.45 , 105.72
18.114 , 106.41 , 105.72
18.115 , 106.29 , 105.72
18.117 , 106.23 , 105.71
18.118 , 106.18 , 105.71
18.12 , 106.18 , 105.7
18.121 , 106.11 , 105.7
18.123 , 106.13 , 105.69
18.125 , 106.13 , 105.69
18.126 , 106.13 , 105.68
18.128 , 106.18 , 105.68
18.129 , 106.18 , 105.67
18.131 , 106.13 , 105.67
18.132 , 106.18 , 105.66
18.134 , 106.13 , 105.66
18.135 , 106.13 , 105.66
18.137 , 106.11 , 105.65
18.138 , 106.07 , 105.65
18.14 , 106.04 , 105.64
18.141 , 106.02 , 105.64
18.143 , 105.97 , 105.63
18.144 , 105.97 , 105.63
18.146 , 105.91 , 105.62
18.148 , 105.91 , 105.62
18.149 , 105.88 , 105.61
18.151 , 105.91 , 105.61
18.152 , 105.81 , 105.6
18.154 , 105.86 , 105.6
18.155 , 105.81 , 105.6
18.157 , 105.81 , 105.59
18.158 , 105.81 , 105.59
18.16 , 105.81 , 105.58
18.161 , 105.81 , 105.58
18.163 , 105.81 , 105.57
18.165 , 105.81 , 105.57
18.166 , 105.81 , 105.56
18.168 , 105.79 , 105.56
18.169 , 105.75 , 105.55
18.171 , 105.75 , 105.55
18.172 , 105.72 , 105.54
18.174 , 105.68 , 105.54
18.175 , 105.68 , 105.54
18.177 , 105.65 , 105.53
18.178 , 105.65 , 105.53
18.18 , 105.68 , 105.52
18.181 , 105.58 , 105.52
18.183 , 105.63 , 105.51
18.184 , 105.63 , 105.51
18.186 , 105.58 , 105.5
18.187 , 105.63 , 105.5
18.189 , 105.63 , 105.49
18.19 , 105.56 , 105.49
18.192 , 105.58 , 105.48
18.194 , 105.52 , 105.48
18.195 , 105.47 , 105.47
18.197 , 105.52 , 105.47
18.198 , 105.52 , 105.47
18.2 , 105.47 , 105.46
18.201 , 105.47 , 105.46
18.203 , 105.42 , 105.45
18.204 , 105.47 , 105.45
18.206 , 105.47 , 105.44
18.207 , 105.42 , 105.44
18.209 , 105.42 , 105.43
18.21 , 105.42 , 105.43
18.212 , 105.4 , 105.42
18.213 , 105.4 , 105.42
18.215 , 105.4 , 105.41
18.216 , 105.4 , 105.41
18.218 , 105.42 , 105.41
18.219 , 105.4 , 105.4
18.221 , 105.42 , 105.4
18.222 , 105.42 , 105.39
18.224 , 105.42 , 105.39
18.226 , 105.42 , 105.38
18.227 , 105.4 , 105.38
18.229 , 105.4 , 105.37
18.23 , 105.33 , 105.37
18.232 , 105.33 , 105.36
18.233 , 105.29 , 105.36
18.235 , 105.26 , 105.35
18.236 , 105.26 , 105.35
18.238 , 105.29 , 105.35
18.239 , 105.26 , 105.34
18.241 , 105.26 , 105.34
18.242 , 105.26 , 105.33
18.244 , 105.26 , 105.33
18.245 , 105.24 , 105.32
18.247 , 105.24 , 105.32
18.248 , 105.24 , 105.32
18.25 , 105.2 , 105.31
18.251 , 105.2 , 105.31
18.253 , 105.2 , 105.3
18.255 , 105.2 , 105.29
18.256 , 105.17 , 105.29
18.258 , 105.2 , 105.29
18.259 , 105.17 , 105.28
18.261 , 105.13 , 105.28
18.262 , 105.1 , 105.27
18.264 , 105.13 , 105.27
18.265 , 105.1 , 105.26
18.267 , 105.1 , 105.26
18.269 , 105.08 , 105.25
18.27 , 105.08 , 105.25
18.272 , 105.04 , 105.24
18.273 , 105.04 , 105.24
18.275 , 105.01 , 105.23
18.276 , 105.04 , 105.23
18.278 , 105.01 , 105.23
18.279 , 105.04 , 105.22
18.281 , 104.97 , 105.22
18.282 , 104.97 , 105.21
18.284 , 104.97 , 105.21
18.285 , 104.97 , 105.2
18.287 , 104.94 , 105.2
18.288 , 104.94 , 105.2
18.29 , 104.92 , 105.19
18.291 , 104.92 , 105.19
18.293 , 104.94 , 105.18
18.294 , 104.94 , 105.18
18.296 , 104.92 , 105.17
18.297 , 104.92 , 105.17
18.299 , 104.92 , 105.16
18.301 , 104.88 , 105.16
18.302 , 104.85 , 105.15
18.304 , 104.81 , 105.15
18.305 , 104.85 , 105.14
18.307 , 104.88 , 105.14
18.308 , 104.78 , 105.14
18.31 , 104.78 , 105.13
18.311 , 104.81 , 105.13
18.313 , 104.81 , 105.12
18.314 , 104.78 , 105.12
18.316 , 104.78 , 105.11
18.317 , 104.78 , 105.11
18.319 , 104.72 , 105.1
18.321 , 104.78 , 105.1
18.322 , 104.69 , 105.09
18.324 , 104.72 , 105.09
18.325 , 104.69 , 105.08
18.327 , 104.69 , 105.08
18.328 , 104.72 , 105.08
18.33 , 104.72 , 105.07
18.331 , 104.72 , 105.07
18.333 , 104.65 , 105.06
18.334 , 104.69 , 105.06
18.336 , 104.69 , 105.05
18.337 , 104.69 , 105.05
18.339 , 104.65 , 105.04
18.34 , 104.62 , 105.04
18.342 , 104.62 , 105.03
18.343 , 104.62 , 105.03
18.345 , 104.62 , 105.02
18.346 , 104.53 , 105.02
18.348 , 104.53 , 105.02
18.35 , 104.53 , 105.01
18.351 , 104.49 , 105.01
18.353 , 104.53 , 105.0
18.354 , 104.46 , 105.0
18.356 , 104.53 , 104.99
18.357 , 104.46 , 104.99
18.359 , 104.49 , 104.98
18.36 , 104.49 , 104.98
18.362 , 104.42 , 104.97
18.363 , 104.49 , 104.97
18.365 , 104.42 , 104.96
18.367 , 104.46 , 104.96
18.368 , 104.42 , 104.96
18.37 , 104.46 , 104.95
18.371 , 104.39 , 104.95
18.373 , 104.42 , 104.94
18.374 , 104.42 , 104.94
18.376 , 104.39 , 104.93
18.377 , 104.39 , 104.93
18.379 , 104.33 , 104.92
18.38 , 104.37 , 104.92
18.382 , 104.33 , 104.91
18.384 , 104.33 , 104.91
18.385 , 104.33 , 104.9
18.386 , 104.3 , 104.9
18.388 , 104.3 , 104.9
18.39 , 104.33 , 104.89
18.391 , 104.33 , 104.89
18.393 , 104.33 , 104.88
18.394 , 104.3 , 104.88
18.396 , 104.26 , 104.87
18.397 , 104.23 , 104.87
18.399 , 104.23 , 104.86
18.4 , 104.23 , 104.86
18.402 , 104.23 , 104.85
18.403 , 104.19 , 104.85
18.405 , 104.19 , 104.84
18.406 , 104.23 , 104.84
18.408 , 104.19 , 104.84
18.409 , 104.19 , 104.83
18.411 , 104.19 , 104.83
18.412 , 104.19 , 104.82
18.414 , 104.17 , 104.82
18.415 , 104.17 , 104.81
18.417 , 104.1 , 104.81
18.419 , 104.14 , 104.8
18.42 , 104.07 , 104.8
18.422 , 104.1 , 104.79
18.423 , 104.03 , 104.79
18.425 , 104.1 , 104.78
18.426 , 104.14 , 104.78
18.428 , 104.1 , 104.78
18.429 , 104.07 , 104.77
18.431 , 104.07 , 104.77
18.433 , 104.1 , 104.76
18.434 , 104.07 , 104.76
18.436 , 104.07 , 104.75
18.437 , 103.98 , 104.75
18.439 , 104.03 , 104.74
18.44 , 104.01 , 104.74
18.442 , 103.98 , 104.73
18.443 , 103.94 , 104.73
18.445 , 104.01 , 104.72
18.446 , 104.01 , 104.72
18.448 , 104.01 , 104.72
18.449 , 104.01 , 104.71
18.451 , 103.98 , 104.71
18.452 , 103.98 , 104.7
18.454 , 103.91 , 104.7
18.455 , 103.91 , 104.69
18.457 , 103.91 , 104.69
18.458 , 103.87 , 104.69
18.46 , 103.8 , 104.68
18.461 , 103.8 , 104.68
18.463 , 103.85 , 104.67
18.464 , 103.87 , 104.67
18.466 , 103.87 , 104.66
18.467 , 103.87 , 104.66
18.469 , 103.85 , 104.65
18.471 , 103.85 , 104.65
18.472 , 103.78 , 104.64
18.474 , 103.8 , 104.64
18.475 , 103.85 , 104.63
18.477 , 103.75 , 104.63
18.478 , 103.75 , 104.63
18.48 , 103.78 , 104.62
18.481 , 103.75 , 104.62
18.483 , 103.75 , 104.61
18.484 , 103.78 , 104.61
18.486 , 103.75 , 104.6
18.487 , 103.75 , 104.6
18.489 , 103.75 , 104.59
18.491 , 103.75 , 104.59
18.492 , 103.71 , 104.58
18.494 , 103.69 , 104.58
18.495 , 103.64 , 104.57
18.497 , 103.62 , 104.57
18.498 , 103.64 , 104.57
18.5 , 103.64 , 104.56
18.501 , 103.64 , 104.56
18.503 , 103.64 , 104.55
18.505 , 103.64 , 104.54
18.506 , 103.64 , 104.54
18.508 , 103.64 , 104.54
18.509 , 103.62 , 104.53
18.511 , 103.64 , 104.53
18.512 , 103.62 , 104.52
18.514 , 103.59 , 104.52
18.515 , 103.52 , 104.51
18.517 , 103.55 , 104.51
18.518 , 103.52 , 104.51
18.52 , 103.55 , 104.5
18.521 , 103.52 , 104.5
18.523 , 103.59 , 104.49
18.524 , 103.59 , 104.49
18.526 , 103.55 , 104.48
18.528 , 103.55 , 104.48
18.529 , 103.52 , 104.47
18.531 , 103.52 , 104.47
18.532 , 103.46 , 104.46
18.534 , 103.46 , 104.46
18.535 , 103.43 , 104.45
18.537 , 103.39 , 104.45
18.538 , 103.43 , 104.45
18.54 , 103.43 , 104.44
18.541 , 103.43 , 104.44
18.543 , 103.46 , 104.43
18.544 , 103.46 , 104.43
18.546 , 103.46 , 104.42
18.548 , 103.43 , 104.41
18.549 , 103.43 , 104.41
18.551 , 103.43 , 104.41
18.552 , 103.43 , 104.4
18.553 , 103.39 , 104.4
18.555 , 103.36 , 104.39
18.557 , 103.32 , 104.39
18.558 , 103.36 , 104.38
18.56 , 103.39 , 104.38
18.561 , 103.39 , 104.38
18.563 , 103.39 , 104.37
18.564 , 103.36 , 104.37
18.566 , 103.36 , 104.36
18.567 , 103.36 , 104.36
18.569 , 103.32 , 104.35
18.571 , 103.25 , 104.35
18.572 , 103.25 , 104.34
18.574 , 103.25 , 104.34
18.575 , 103.32 , 104.33
18.577 , 103.36 , 104.33
18.578 , 103.39 , 104.32
18.58 , 103.43 , 104.32
18.581 , 103.46 , 104.32
18.583 , 103.48 , 104.31
18.584 , 103.52 , 104.31
18.586 , 103.48 , 104.3
18.587 , 103.52 , 104.3
18.589 , 103.43 , 104.29
18.591 , 103.39 , 104.29
18.592 , 103.36 , 104.28
18.594 , 103.36 , 104.28
18.595 , 103.32 , 104.27
18.597 , 103.32 , 104.27
18.598 , 103.32 , 104.26
18.6 , 103.32 , 104.26
18.601 , 103.32 , 104.26
18.603 , 103.36 , 104.25
18.604 , 103.36 , 104.25
18.606 , 103.39 , 104.24
18.607 , 103.43 , 104.24
18.609 , 103.39 , 104.23
18.611 , 103.43 , 104.23
18.612 , 103.36 , 104.22
18.613 , 103.39 , 104.22
18.615 , 103.36 , 104.21
18.616 , 103.36 , 104.21
18.618 , 103.36 , 104.2
18.62 , 103.32 , 104.2
18.621 , 103.32 , 104.2
18.623 , 103.32 , 104.19
18.624 , 103.36 , 104.19
18.626 , 103.36 , 104.18
18.627 , 103.36 , 104.18
18.629 , 103.39 , 104.17
18.63 , 103.39 , 104.17
18.632 , 103.36 , 104.16
18.633 , 103.32 , 104.16
18.635 , 103.36 , 104.15
18.636 , 103.36 , 104.15
18.638 , 103.32 , 104.14
18.639 , 103.46 , 104.14
18.641 , 103.55 , 104.14
18.643 , 103.64 , 104.13
18.644 , 103.85 , 104.13
18.646 , 104.14 , 104.12
18.647 , 104.23 , 104.12
18.649 , 104.23 , 104.11
18.65 , 104.23 , 104.11
18.652 , 104.23 , 104.1
18.653 , 104.19 , 104.1
18.655 , 104.14 , 104.09
18.656 , 104.03 , 104.09
18.658 , 104.01 , 104.08
18.659 , 103.98 , 104.08
18.661 , 103.98 , 104.08
18.662 , 104.01 , 104.07
18.664 , 104.07 , 104.07
18.665 , 104.17 , 104.06
18.667 , 104.23 , 104.06
18.669 , 104.37 , 104.05
18.67 , 104.49 , 104.05
18.672 , 104.58 , 104.04
18.673 , 104.69 , 104.04
18.675 , 104.72 , 104.03
18.676 , 104.78 , 104.03
18.678 , 104.81 , 104.02
18.679 , 104.85 , 104.02
18.681 , 104.85 , 104.02
18.682 , 104.88 , 104.01
18.684 , 104.92 , 104.01
18.685 , 104.94 , 104.0
18.687 , 104.97 , 104.0
18.688 , 104.94 , 103.99
18.69 , 105.01 , 103.99
18.692 , 105.04 , 103.98
18.693 , 105.04 , 103.98
18.695 , 105.1 , 103.97
18.696 , 105.13 , 103.97
18.698 , 105.17 , 103.96
18.699 , 105.2 , 103.96
18.701 , 105.24 , 103.96
18.703 , 105.26 , 103.95
18.704 , 105.29 , 103.95
18.706 , 105.33 , 103.94
18.707 , 105.33 , 103.94
18.709 , 105.36 , 103.93
18.71 , 105.4 , 103.93
18.712 , 105.4 , 103.92
18.721 , 105.56 , 103.9
18.723 , 105.56 , 103.89
18.724 , 105.56 , 103.89
18.726 , 105.63 , 103.88
18.728 , 105.65 , 103.87
18.729 , 105.65 , 103.87
18.731 , 105.68 , 103.87
18.732 , 105.68 , 103.86
18.734 , 105.72 , 103.86
18.735 , 105.68 , 103.85
18.737 , 105.75 , 103.85
18.738 , 105.72 , 103.84
18.74 , 105.75 , 103.84
18.741 , 105.75 , 103.84
18.743 , 105.65 , 103.83
18.744 , 105.47 , 103.83
18.746 , 105.1 , 103.82
18.747 , 104.74 , 103.82
18.749 , 104.49 , 103.81
18.75 , 104.37 , 103.81
18.752 , 104.3 , 103.8
18.753 , 104.3 , 103.8
18.755 , 104.33 , 103.79
18.756 , 104.49 , 103.79
18.758 , 104.65 , 103.78
18.76 , 104.85 , 103.78
18.761 , 104.97 , 103.78
18.763 , 105.13 , 103.77
18.764 , 105.2 , 103.77
18.766 , 105.2 , 103.76
18.767 , 105.17 , 103.76
18.769 , 105.13 , 103.75
18.771 , 105.01 , 103.75
18.772 , 104.92 , 103.74
18.774 , 104.81 , 103.74
18.775 , 104.74 , 103.73
18.777 , 104.74 , 103.73
18.778 , 104.72 , 103.72
18.78 , 104.78 , 103.72
18.781 , 104.78 , 103.72
18.783 , 104.74 , 103.71
18.784 , 104.78 , 103.71
18.786 , 104.81 , 103.7
18.788 , 104.81 , 103.69
18.789 , 104.78 , 103.69
18.791 , 104.81 , 103.69
18.792 , 104.81 , 103.68
18.794 , 104.78 , 103.68
18.795 , 104.72 , 103.67
18.797 , 104.72 , 103.67
18.799 , 104.69 , 103.66
18.8 , 104.69 , 103.66
18.802 , 104.69 , 103.65
18.803 , 104.69 , 103.65
18.805 , 104.65 , 103.64
18.806 , 104.69 , 103.64
18.808 , 104.69 , 103.63
18.809 , 104.65 , 103.63
18.811 , 104.65 , 103.63
18.812 , 104.65 , 103.62
18.814 , 104.58 , 103.62
18.815 , 104.65 , 103.61
18.817 , 104.62 , 103.61
18.818 , 104.58 , 103.6
18.82 , 104.58 , 103.6
18.821 , 104.58 , 103.6
18.823 , 104.55 , 103.59
18.824 , 104.55 , 103.59
18.826 , 104.58 , 103.58
18.828 , 104.58 , 103.57
18.829 , 104.55 , 103.57
18.831 , 104.55 , 103.57
18.832 , 104.53 , 103.56
18.834 , 104.49 , 103.56
18.835 , 104.49 , 103.55
18.837 , 104.49 , 103.55
18.838 , 104.46 , 103.54
18.84 , 104.46 , 103.54
18.842 , 104.49 , 103.53
18.843 , 104.46 , 103.53
18.845 , 104.46 , 103.52
18.846 , 104.42 , 103.52
18.848 , 104.39 , 103.51
18.849 , 104.33 , 103.51
18.851 , 104.33 , 103.51
18.852 , 104.26 , 103.5
18.854 , 104.3 , 103.5
18.855 , 104.33 , 103.49
18.857 , 104.37 , 103.49
18.859 , 104.39 , 103.48
18.86 , 104.37 , 103.48
18.862 , 104.23 , 103.47
18.863 , 104.19 , 103.47
18.865 , 104.17 , 103.46
18.866 , 104.17 , 103.46
18.868 , 104.07 , 103.45
18.869 , 103.98 , 103.45
18.871 , 103.91 , 103.45
18.872 , 103.87 , 103.44
18.874 , 103.87 , 103.44
18.875 , 103.91 , 103.43
18.877 , 103.91 , 103.43
18.878 , 103.94 , 103.42
18.88 , 103.94 , 103.42
18.881 , 103.91 , 103.42
18.883 , 103.94 , 103.41
18.885 , 103.94 , 103.4
18.886 , 103.91 , 103.4
18.888 , 103.87 , 103.39
18.889 , 103.85 , 103.39
18.891 , 103.85 , 103.39
18.892 , 103.8 , 103.38
18.894 , 103.71 , 103.38
18.895 , 103.69 , 103.37
18.897 , 103.64 , 103.37
18.898 , 103.64 , 103.36
18.9 , 103.62 , 103.36
18.901 , 103.64 , 103.36
18.903 , 103.64 , 103.35
18.905 , 103.69 , 103.34
18.906 , 103.69 , 103.34
18.908 , 103.69 , 103.33
18.909 , 103.69 , 103.33
18.911 , 103.64 , 103.32
18.912 , 103.62 , 103.32
18.914 , 103.62 , 103.32
18.915 , 103.55 , 103.31
18.917 , 103.55 , 103.31
18.918 , 103.55 , 103.3
18.92 , 103.52 , 103.3
18.921 , 103.48 , 103.29
18.923 , 103.48 , 103.29
18.924 , 103.52 , 103.29
18.926 , 103.48 , 103.28
18.927 , 103.46 , 103.28
18.929 , 103.48 , 103.27
18.93 , 103.46 , 103.27
18.932 , 103.43 , 103.26
18.934 , 103.43 , 103.26
18.935 , 103.43 , 103.25
18.937 , 103.39 , 103.25
18.938 , 103.36 , 103.24
18.94 , 103.36 , 103.24
18.941 , 103.36 , 103.23
18.943 , 103.32 , 103.23
18.944 , 103.36 , 103.23
18.946 , 103.32 , 103.22
18.947 , 103.32 , 103.22
18.949 , 103.3 , 103.21
18.95 , 103.25 , 103.21
18.952 , 103.25 , 103.2
18.953 , 103.25 , 103.2
18.955 , 103.25 , 103.19
18.956 , 103.23 , 103.19
18.958 , 103.2 , 103.18
18.959 , 103.16 , 103.18
18.961 , 103.2 , 103.17
18.962 , 103.16 , 103.17
18.964 , 103.2 , 103.17
18.966 , 103.23 , 103.16
18.967 , 103.23 , 103.16
18.969 , 103.3 , 103.15
18.97 , 103.3 , 103.15
18.972 , 103.25 , 103.14
18.973 , 103.25 , 103.14
18.975 , 103.23 , 103.13
18.976 , 103.23 , 103.13
18.978 , 103.16 , 103.12
18.979 , 103.16 , 103.12
18.981 , 103.09 , 103.11
18.982 , 103.14 , 103.11
18.984 , 103.09 , 103.11
18.985 , 103.09 , 103.1
18.987 , 103.09 , 103.1
18.988 , 103.09 , 103.09
18.99 , 103.07 , 103.09
18.992 , 103.09 , 103.08
18.993 , 103.07 , 103.08
18.995 , 103.07 , 103.07
18.996 , 103.0 , 103.07
18.998 , 103.0 , 103.06
18.999 , 103.0 , 103.06
19.001 , 102.98 , 103.05
19.002 , 103.04 , 103.05
19.004 , 103.0 , 103.05
19.005 , 103.0 , 103.04
19.007 , 103.0 , 103.04
19.008 , 102.93 , 103.03
19.01 , 102.93 , 103.03
19.011 , 102.98 , 103.02
19.013 , 102.91 , 103.02
19.014 , 102.93 , 103.02
19.016 , 102.86 , 103.01
19.017 , 102.86 , 103.01
19.019 , 102.82 , 103.0
19.02 , 102.84 , 103.0
19.022 , 102.86 , 102.99
19.023 , 102.84 , 102.99
19.025 , 102.84 , 102.98
19.026 , 102.84 , 102.98
19.028 , 102.84 , 102.97
19.03 , 102.77 , 102.97
19.031 , 102.77 , 102.96
19.033 , 102.77 , 102.96
19.034 , 102.77 , 102.96
19.036 , 102.75 , 102.95
19.037 , 102.75 , 102.95
19.039 , 102.7 , 102.94
19.04 , 102.7 , 102.94
19.042 , 102.75 , 102.93
19.043 , 102.7 , 102.93
19.045 , 102.75 , 102.92
19.046 , 102.7 , 102.92
19.048 , 102.7 , 102.91
19.049 , 102.7 , 102.91
19.051 , 102.66 , 102.9
19.052 , 102.66 , 102.9
19.054 , 102.61 , 102.9
19.055 , 102.61 , 102.89
19.057 , 102.61 , 102.89
19.059 , 102.61 , 102.88
19.06 , 102.61 , 102.88
19.062 , 102.61 , 102.87
19.063 , 102.61 , 102.87
19.065 , 102.59 , 102.86
19.066 , 102.59 , 102.86
19.068 , 102.49 , 102.85
19.069 , 102.49 , 102.85
19.071 , 102.45 , 102.84
19.072 , 102.43 , 102.84
19.074 , 102.43 , 102.84
19.075 , 102.43 , 102.83
19.077 , 102.45 , 102.83
19.078 , 102.43 , 102.82
19.08 , 102.43 , 102.82
19.082 , 102.43 , 102.81
19.083 , 102.38 , 102.81
19.085 , 102.38 , 102.8
19.086 , 102.43 , 102.8
19.088 , 102.38 , 102.79
19.089 , 102.36 , 102.79
19.091 , 102.36 , 102.78
19.092 , 102.31 , 102.78
19.094 , 102.31 , 102.78
19.095 , 102.31 , 102.77
19.097 , 102.29 , 102.77
19.099 , 102.31 , 102.76
19.1 , 102.29 , 102.76
19.102 , 102.29 , 102.75
19.103 , 102.29 , 102.75
19.104 , 102.27 , 102.75
19.106 , 102.29 , 102.74
19.107 , 102.27 , 102.74
19.109 , 102.22 , 102.73
19.111 , 102.22 , 102.72
19.112 , 102.22 , 102.72
19.113 , 102.22 , 102.72
19.115 , 102.2 , 102.71
19.117 , 102.2 , 102.71
19.118 , 102.2 , 102.7
19.12 , 102.15 , 102.7
19.121 , 102.15 , 102.69
19.123 , 102.15 , 102.69
19.124 , 102.15 , 102.69
19.126 , 102.15 , 102.68
19.127 , 102.13 , 102.68
19.129 , 102.13 , 102.67
19.13 , 102.11 , 102.67
19.132 , 102.06 , 102.66
19.133 , 102.13 , 102.66
19.135 , 102.11 , 102.65
19.136 , 102.11 , 102.65
19.138 , 102.06 , 102.64
19.139 , 102.04 , 102.64
19.141 , 102.04 , 102.63
19.142 , 102.04 , 102.63
19.144 , 101.99 , 102.63
19.145 , 102.04 , 102.62
19.147 , 101.99 , 102.62
19.148 , 102.04 , 102.61
19.15 , 101.99 , 102.61
19.151 , 101.99 , 102.6
19.153 , 101.99 , 102.6
19.155 , 101.97 , 102.59
19.156 , 101.95 , 102.59
19.158 , 101.97 , 102.58
19.159 , 101.9 , 102.58
19.161 , 101.9 , 102.57
19.162 , 101.9 , 102.57
19.164 , 101.88 , 102.57
19.165 , 101.9 , 102.56
19.167 , 101.95 , 102.56
19.168 , 101.9 , 102.55
19.17 , 101.9 , 102.55
19.171 , 101.95 , 102.54
19.173 , 101.88 , 102.54
19.175 , 101.9 , 102.53
19.176 , 101.83 , 102.53
19.178 , 101.81 , 102.52
19.179 , 101.81 , 102.52
19.181 , 101.83 , 102.51
19.182 , 101.81 , 102.51
19.184 , 101.81 , 102.51
19.185 , 101.81 , 102.5
19.187 , 101.76 , 102.5
19.188 , 101.81 , 102.49
19.19 , 101.76 , 102.49
19.191 , 101.76 , 102.48
19.193 , 101.74 , 102.48
19.194 , 101.74 , 102.48
19.196 , 101.72 , 102.47
19.197 , 101.67 , 102.47
19.199 , 101.72 , 102.46
19.201 , 101.67 , 102.45
19.202 , 101.74 , 102.45
19.204 , 101.67 , 102.45
19.205 , 101.74 , 102.44
19.207 , 101.72 , 102.44
19.208 , 101.72 , 102.43
19.21 , 101.67 , 102.43
19.211 , 101.67 , 102.42
19.213 , 101.65 , 102.42
19.214 , 101.6 , 102.42
19.216 , 101.6 , 102.41
19.217 , 101.6 , 102.41
19.219 , 101.58 , 102.4
19.22 , 101.58 , 102.4
19.222 , 101.58 , 102.39
19.223 , 101.6 , 102.39
19.225 , 101.6 , 102.38
19.227 , 101.58 , 102.38
19.228 , 101.58 , 102.37
19.23 , 101.56 , 102.37
19.231 , 101.58 , 102.36
19.233 , 101.56 , 102.36
19.234 , 101.56 , 102.36
19.236 , 101.44 , 102.35
19.237 , 101.49 , 102.35
19.239 , 101.51 , 102.34
19.24 , 101.49 , 102.34
19.242 , 101.49 , 102.33
19.243 , 101.49 , 102.33
19.245 , 101.49 , 102.32
19.246 , 101.49 , 102.32
19.248 , 101.44 , 102.31
19.25 , 101.42 , 102.31
19.251 , 101.42 , 102.3
19.253 , 101.37 , 102.3
19.254 , 101.35 , 102.3
19.256 , 101.37 , 102.29
19.257 , 101.37 , 102.29
19.259 , 101.37 , 102.28
19.26 , 101.37 , 102.28
19.262 , 101.35 , 102.27
19.263 , 101.35 , 102.27
19.265 , 101.35 , 102.26
19.266 , 101.35 , 102.26
19.268 , 101.35 , 102.25
19.269 , 101.33 , 102.25
19.271 , 101.33 , 102.24
19.272 , 101.28 , 102.24
19.274 , 101.28 , 102.24
19.275 , 101.33 , 102.23
19.277 , 101.28 , 102.23
19.278 , 101.28 , 102.22
19.28 , 101.26 , 102.22
19.281 , 101.28 , 102.21
19.283 , 101.26 , 102.21
19.285 , 101.21 , 102.2
19.286 , 101.26 , 102.2
19.288 , 101.21 , 102.19
19.289 , 101.21 , 102.19
19.291 , 101.17 , 102.18
19.292 , 101.19 , 102.18
19.294 , 101.19 , 102.17
19.295 , 101.17 , 102.17
19.297 , 101.17 , 102.17
19.298 , 101.17 , 102.16
19.3 , 101.17 , 102.16
19.301 , 101.12 , 102.15
19.303 , 101.12 , 102.15
19.304 , 101.17 , 102.14
19.306 , 101.1 , 102.14
19.307 , 101.12 , 102.14
19.309 , 101.12 , 102.13
19.31 , 101.1 , 102.13
19.312 , 101.1 , 102.12
19.314 , 101.1 , 102.11
19.315 , 101.05 , 102.11
19.317 , 101.05 , 102.11
19.318 , 101.05 , 102.1
19.32 , 101.01 , 102.1
19.321 , 101.01 , 102.09
19.323 , 100.96 , 102.09
19.324 , 100.96 , 102.08
19.326 , 101.05 , 102.08
19.327 , 101.05 , 102.08
19.329 , 101.12 , 102.07
19.33 , 101.19 , 102.07
19.332 , 101.19 , 102.06
19.333 , 101.21 , 102.06
19.335 , 101.26 , 102.05
19.336 , 101.26 , 102.05
19.338 , 101.21 , 102.04
19.339 , 101.17 , 102.04
19.341 , 101.12 , 102.03
19.342 , 101.1 , 102.03
19.344 , 101.1 , 102.02
19.345 , 101.05 , 102.02
19.347 , 101.05 , 102.02
19.348 , 101.1 , 102.01
19.35 , 101.03 , 102.01
19.351 , 101.05 , 102.0
19.353 , 101.05 , 102.0
19.354 , 101.05 , 101.99
19.356 , 101.1 , 101.99
19.357 , 101.1 , 101.99
19.359 , 101.1 , 101.98
19.36 , 101.1 , 101.98
19.362 , 101.1 , 101.97
19.364 , 101.1 , 101.96
19.365 , 101.1 , 101.96
19.367 , 101.1 , 101.96
19.368 , 101.05 , 101.95
19.37 , 101.1 , 101.95
19.371 , 101.1 , 101.94
19.373 , 101.05 , 101.94
19.374 , 101.05 , 101.93
19.376 , 101.03 , 101.93
19.377 , 101.1 , 101.93
19.379 , 101.1 , 101.92
19.381 , 101.05 , 101.91
19.382 , 101.12 , 101.91
19.383 , 101.1 , 101.91
19.385 , 101.1 , 101.9
19.387 , 101.1 , 101.9
19.388 , 101.1 , 101.89
19.39 , 101.19 , 101.89
19.391 , 101.28 , 101.88
19.393 , 101.42 , 101.88
19.394 , 101.6 , 101.87
19.396 , 101.81 , 101.87
19.398 , 101.95 , 101.86
19.399 , 101.95 , 101.86
19.401 , 101.97 , 101.85
19.402 , 101.95 , 101.85
19.404 , 101.95 , 101.84
19.405 , 101.83 , 101.84
19.407 , 101.74 , 101.84
19.409 , 101.76 , 101.83
19.41 , 101.74 , 101.83
19.412 , 101.76 , 101.82
19.413 , 101.76 , 101.82
19.415 , 101.9 , 101.81
19.416 , 101.99 , 101.81
19.418 , 102.06 , 101.8
19.419 , 102.15 , 101.8
19.421 , 102.36 , 101.79
19.422 , 102.43 , 101.79
19.424 , 102.52 , 101.78
19.425 , 102.59 , 101.78
19.427 , 102.66 , 101.78
19.428 , 102.66 , 101.77
19.43 , 102.68 , 101.77
19.431 , 102.66 , 101.76
19.433 , 102.7 , 101.76
19.434 , 102.68 , 101.75
19.436 , 102.68 , 101.75
19.437 , 102.7 , 101.75
19.439 , 102.75 , 101.74
19.441 , 102.77 , 101.73
19.442 , 102.82 , 101.73
19.444 , 102.84 , 101.72
19.445 , 102.91 , 101.72
19.447 , 102.98 , 101.72
19.448 , 102.98 , 101.71
19.45 , 103.07 , 101.71
19.451 , 103.09 , 101.7
19.453 , 103.07 , 101.7
19.454 , 103.07 , 101.69
19.456 , 103.09 , 101.69
19.457 , 103.14 , 101.69
19.459 , 103.16 , 101.68
19.46 , 103.2 , 101.68
19.462 , 103.23 , 101.67
19.464 , 103.23 , 101.66
19.465 , 103.3 , 101.66
19.467 , 103.3 , 101.66
19.468 , 103.32 , 101.65
19.47 , 103.32 , 101.65
19.471 , 103.32 , 101.64
19.473 , 103.36 , 101.64
19.474 , 103.39 , 101.63
19.476 , 103.36 , 101.63
19.477 , 103.46 , 101.63
19.479 , 103.43 , 101.62
19.48 , 103.46 , 101.62
19.482 , 103.46 , 101.61
19.483 , 103.52 , 101.61
19.485 , 103.52 , 101.6
19.487 , 103.48 , 101.6
19.488 , 103.48 , 101.59
19.49 , 103.52 , 101.59
19.491 , 103.52 , 101.58
19.493 , 103.55 , 101.58
19.494 , 103.55 , 101.57
19.496 , 103.62 , 101.57
19.497 , 103.62 , 101.57
19.499 , 103.59 , 101.56
19.501 , 103.52 , 101.55
19.502 , 103.3 , 101.55
19.503 , 102.86 , 101.55
19.505 , 102.61 , 101.54
19.506 , 102.36 , 101.54
19.508 , 102.22 , 101.53
19.509 , 102.13 , 101.53
19.511 , 102.11 , 101.52
19.512 , 102.13 , 101.52
19.514 , 102.29 , 101.51
19.516 , 102.36 , 101.51
19.517 , 102.61 , 101.51
19.519 , 102.75 , 101.5
19.52 , 102.84 , 101.5
19.522 , 102.93 , 101.49
19.523 , 102.98 , 101.49
19.525 , 102.98 , 101.48
19.526 , 102.91 , 101.48
19.528 , 102.84 , 101.47
19.529 , 102.75 , 101.47
19.531 , 102.66 , 101.46
19.532 , 102.59 , 101.46
19.534 , 102.52 , 101.45
19.535 , 102.49 , 101.45
19.537 , 102.45 , 101.45
19.538 , 102.49 , 101.44
19.54 , 102.52 , 101.44
19.541 , 102.59 , 101.43
19.543 , 102.52 , 101.43
19.545 , 102.59 , 101.42
19.546 , 102.61 , 101.42
19.548 , 102.59 , 101.41
19.549 , 102.52 , 101.41
19.551 , 102.52 , 101.4
19.552 , 102.49 , 101.4
19.554 , 102.45 , 101.39
19.555 , 102.43 , 101.39
19.557 , 102.43 , 101.39
19.558 , 102.38 , 101.38
19.56 , 102.38 , 101.38
19.562 , 102.38 , 101.37
19.563 , 102.38 , 101.37
19.565 , 102.43 , 101.36
19.566 , 102.43 , 101.36
19.568 , 102.38 , 101.35
19.569 , 102.38 , 101.35
19.571 , 102.38 , 101.34
19.572 , 102.36 , 101.34
19.574 , 102.36 , 101.33
19.575 , 102.31 , 101.33
19.577 , 102.36 , 101.33
19.578 , 102.31 , 101.32
19.58 , 102.29 , 101.32
19.581 , 102.29 , 101.31
19.583 , 102.27 , 101.31
19.585 , 102.29 , 101.3
19.586 , 102.29 , 101.3
19.588 , 102.29 , 101.29
19.589 , 102.27 , 101.29
19.591 , 102.22 , 101.28
19.592 , 102.22 , 101.28
19.594 , 102.2 , 101.27
19.595 , 102.22 , 101.27
19.597 , 102.2 , 101.27
19.606 , 102.11 , 101.24
19.608 , 102.15 , 101.23
19.609 , 102.15 , 101.23
19.611 , 102.13 , 101.22
19.612 , 102.06 , 101.22
19.614 , 101.97 , 101.21
19.616 , 101.97 , 101.21
19.617 , 101.83 , 101.21
19.619 , 101.83 , 101.2
19.62 , 101.72 , 101.2
19.622 , 101.67 , 101.19
19.623 , 101.67 , 101.19
19.625 , 101.65 , 101.18
19.626 , 101.67 , 101.18
19.628 , 101.67 , 101.17
19.629 , 101.67 , 101.17
19.631 , 101.72 , 101.16
19.632 , 101.72 , 101.16
19.634 , 101.72 , 101.15
19.635 , 101.67 , 101.15
19.637 , 101.65 , 101.14
19.638 , 101.6 , 101.14
19.64 , 101.58 , 101.14
19.641 , 101.56 , 101.13
19.643 , 101.49 , 101.13
19.645 , 101.51 , 101.12
19.646 , 101.44 , 101.12
19.648 , 101.49 , 101.11
19.649 , 101.44 , 101.11
19.651 , 101.44 , 101.1
19.652 , 101.44 , 101.1
19.654 , 101.44 , 101.09
19.655 , 101.51 , 101.09
19.657 , 101.44 , 101.08
19.658 , 101.42 , 101.08
19.66 , 101.37 , 101.08
19.661 , 101.37 , 101.07
19.663 , 101.35 , 101.07
19.664 , 101.37 , 101.06
19.666 , 101.35 , 101.06
19.667 , 101.33 , 101.05
19.669 , 101.33 , 101.05
19.67 , 101.28 , 101.05
19.672 , 101.28 , 101.04
19.673 , 101.26 , 101.04
19.675 , 101.19 , 101.03
19.676 , 101.21 , 101.03
19.678 , 101.21 , 101.02
19.679 , 101.19 , 101.02
19.681 , 101.21 , 101.01
19.683 , 101.21 , 101.01
19.684 , 101.19 , 101.0
19.686 , 101.17 , 101.0
19.687 , 101.12 , 100.99
19.689 , 101.17 , 100.99
19.69 , 101.12 , 100.99
19.692 , 101.12 , 100.98
19.693 , 101.05 , 100.98
19.695 , 101.1 , 100.97
19.696 , 101.03 , 100.97
19.698 , 101.03 , 100.96
19.699 , 101.03 , 100.96
19.701 , 101.03 , 100.95
19.703 , 101.03 , 100.95
19.704 , 101.01 , 100.94
19.706 , 101.01 , 100.94
19.707 , 100.94 , 100.93
19.709 , 100.94 , 100.93
19.71 , 100.96 , 100.93
19.712 , 100.94 , 100.92
19.713 , 100.94 , 100.92
19.715 , 100.96 , 100.91
19.716 , 100.94 , 100.91
19.718 , 100.96 , 100.9
19.719 , 100.96 , 100.9
19.721 , 100.96 , 100.89
19.722 , 100.96 , 100.89
19.724 , 100.96 , 100.88
19.726 , 100.94 , 100.88
19.727 , 100.96 , 100.87
19.729 , 100.94 , 100.87
19.73 , 100.89 , 100.87
19.732 , 100.82 , 100.86
19.733 , 100.8 , 100.86
19.735 , 100.8 , 100.85
19.736 , 100.78 , 100.85
19.738 , 100.73 , 100.84
19.739 , 100.71 , 100.84
19.741 , 100.71 , 100.83
19.742 , 100.73 , 100.83
19.744 , 100.73 , 100.82
19.745 , 100.73 , 100.82
19.747 , 100.78 , 100.81
19.749 , 100.73 , 100.81
19.75 , 100.71 , 100.81
19.752 , 100.73 , 100.8
19.753 , 100.71 , 100.8
19.755 , 100.66 , 100.79
19.756 , 100.64 , 100.79
19.758 , 100.62 , 100.78
19.759 , 100.62 , 100.78
19.761 , 100.64 , 100.77
19.762 , 100.64 , 100.77
19.764 , 100.64 , 100.76
19.765 , 100.62 , 100.76
19.767 , 100.64 , 100.75
19.768 , 100.55 , 100.75
19.77 , 100.57 , 100.75
19.772 , 100.57 , 100.74
19.773 , 100.55 , 100.74
19.775 , 100.5 , 100.73
19.776 , 100.5 , 100.73
19.778 , 100.55 , 100.72
19.779 , 100.5 , 100.72
19.781 , 100.5 , 100.71
19.782 , 100.5 , 100.71
19.784 , 100.5 , 100.7
19.785 , 100.5 , 100.7
19.787 , 100.48 , 100.69
19.788 , 100.46 , 100.69
19.79 , 100.46 , 100.69
19.791 , 100.39 , 100.68
19.793 , 100.41 , 100.68
19.794 , 100.41 , 100.67
19.796 , 100.46 , 100.67
19.797 , 100.39 , 100.66
19.799 , 100.41 , 100.66
19.8 , 100.39 , 100.66
19.802 , 100.39 , 100.65
19.804 , 100.3 , 100.64
19.805 , 100.32 , 100.64
19.807 , 100.3 , 100.63
19.808 , 100.25 , 100.63
19.81 , 100.3 , 100.63
19.811 , 100.25 , 100.62
19.813 , 100.25 , 100.62
19.814 , 100.25 , 100.61
19.816 , 100.25 , 100.61
19.817 , 100.25 , 100.6
19.819 , 100.21 , 100.6
19.82 , 100.23 , 100.6
19.822 , 100.21 , 100.59
19.823 , 100.21 , 100.59
19.825 , 100.21 , 100.58
19.826 , 100.16 , 100.58
19.828 , 100.21 , 100.57
19.829 , 100.21 , 100.57
19.831 , 100.16 , 100.56
19.833 , 100.21 , 100.56
19.834 , 100.14 , 100.55
19.836 , 100.14 , 100.55
19.837 , 100.14 , 100.54
19.839 , 100.07 , 100.54
19.84 , 100.07 , 100.54
19.842 , 100.05 , 100.53
19.843 , 100.07 , 100.53
19.845 , 100.07 , 100.52
19.846 , 100.09 , 100.52
19.848 , 100.07 , 100.51
19.849 , 100.05 , 100.51
19.851 , 100.05 , 100.5
19.852 , 100.05 , 100.5
19.854 , 100.0 , 100.49
19.855 , 100.0 , 100.49
19.857 , 100.0 , 100.48
19.858 , 99.98 , 100.48
19.86 , 99.98 , 100.48
19.861 , 99.98 , 100.47
19.863 , 99.98 , 100.47
19.864 , 99.98 , 100.46
19.866 , 99.91 , 100.46
19.867 , 99.93 , 100.45
19.868 , 99.93 , 100.45
19.87 , 99.91 , 100.45
19.871 , 99.91 , 100.44
19.873 , 99.91 , 100.44
19.874 , 99.86 , 100.43
19.876 , 99.86 , 100.43
19.877 , 99.84 , 100.42
19.878 , 99.84 , 100.42
19.88 , 99.84 , 100.42
19.881 , 99.84 , 100.41
19.883 , 99.84 , 100.41
19.884 , 99.84 , 100.4
19.886 , 99.86 , 100.4
19.887 , 99.82 , 100.39
19.889 , 99.82 , 100.39
19.89 , 99.75 , 100.39
19.892 , 99.7 , 100.38
19.893 , 99.68 , 100.38
19.895 , 99.7 , 100.37
19.896 , 99.7 , 100.37
19.898 , 99.68 , 100.36
19.899 , 99.66 , 100.36
19.901 , 99.66 , 100.35
19.902 , 99.61 , 100.35
19.903 , 99.61 , 100.35
19.905 , 99.66 , 100.34
19.906 , 99.61 , 100.34
19.908 , 99.61 , 100.33
19.909 , 99.59 , 100.33
19.911 , 99.59 , 100.32
19.912 , 99.59 , 100.32
19.914 , 99.59 , 100.31
19.915 , 99.54 , 100.31
19.916 , 99.54 , 100.31
19.918 , 99.54 , 100.3
19.919 , 99.54 , 100.3
19.921 , 99.54 , 100.29
19.922 , 99.54 , 100.29
19.923 , 99.52 , 100.29
19.925 , 99.52 , 100.28
19.926 , 99.52 , 100.28
19.928 , 99.5 , 100.27
19.929 , 99.52 , 100.27
19.931 , 99.5 , 100.26
19.932 , 99.5 , 100.26
19.934 , 99.5 , 100.25
19.935 , 99.45 , 100.25
19.937 , 99.43 , 100.24
19.938 , 99.43 , 100.24
19.939 , 99.38 , 100.24
19.941 , 99.38 , 100.23
19.942 , 99.38 , 100.23
19.944 , 99.45 , 100.22
19.945 , 99.38 , 100.22
19.947 , 99.38 , 100.21
19.948 , 99.43 , 100.21
19.95 , 99.38 , 100.21
19.951 , 99.36 , 100.2
19.953 , 99.36 , 100.2
19.954 , 99.31 , 100.19
19.956 , 99.31 , 100.19
19.957 , 99.29 , 100.18
19.958 , 99.27 , 100.18
19.96 , 99.31 , 100.18
19.961 , 99.31 , 100.17
19.963 , 99.29 , 100.17
19.964 , 99.29 , 100.16
19.966 , 99.27 , 100.16
19.967 , 99.29 , 100.15
19.969 , 99.29 , 100.15
19.97 , 99.22 , 100.15
19.971 , 99.27 , 100.14
19.973 , 99.15 , 100.14
19.974 , 99.2 , 100.13
19.976 , 99.2 , 100.13
19.977 , 99.15 , 100.12
19.979 , 99.15 , 100.12
19.98 , 99.2 , 100.12
19.982 , 99.2 , 100.11
19.983 , 99.15 , 100.11
19.985 , 99.2 , 100.1
19.986 , 99.15 , 100.1
19.988 , 99.15 , 100.09
19.989 , 99.13 , 100.09
19.991 , 99.11 , 100.08
19.992 , 99.11 , 100.08
19.993 , 99.11 , 100.08
19.995 , 99.11 , 100.07
19.996 , 99.13 , 100.07
19.998 , 99.11 , 100.06
19.999 , 99.11 , 100.06
20.0 , 99.13 , 100.06
20.002 , 99.11 , 100.05
20.003 , 99.11 , 100.05
20.005 , 99.06 , 100.04
20.006 , 99.06 , 100.04
20.007 , 99.04 , 100.03
20.009 , 99.04 , 100.03
20.01 , 99.04 , 100.02
20.012 , 99.04 , 100.02
20.013 , 98.99 , 100.02
20.014 , 99.04 , 100.01
20.016 , 98.99 , 100.01
20.017 , 98.99 , 100.0
20.019 , 98.99 , 100.0
20.02 , 98.97 , 99.99
20.022 , 98.99 , 99.99
20.023 , 98.92 , 99.99
20.024 , 98.97 , 99.98
20.025 , 98.99 , 99.98
20.027 , 98.97 , 99.97
20.028 , 98.99 , 99.97
20.029 , 98.92 , 99.97
20.03 , 98.92 , 99.96
20.032 , 98.92 , 99.96
20.033 , 98.92 , 99.96
20.034 , 98.92 , 99.95
20.036 , 98.83 , 99.95
20.037 , 98.9 , 99.94
20.038 , 98.83 , 99.94
20.039 , 98.88 , 99.94
20.041 , 98.83 , 99.93
20.042 , 98.83 , 99.93
20.043 , 98.83 , 99.93
20.044 , 98.83 , 99.92
20.046 , 98.88 , 99.92
20.047 , 98.83 , 99.91
20.048 , 98.88 , 99.91
20.049 , 98.83 , 99.91
20.051 , 98.83 , 99.9
20.052 , 98.81 , 99.9
20.053 , 98.83 , 99.9
20.054 , 98.76 , 99.89
20.056 , 98.76 , 99.89
20.057 , 98.72 , 99.88
20.058 , 98.72 , 99.88
20.059 , 98.72 , 99.88
20.061 , 98.76 , 99.87
20.062 , 98.72 , 99.87
20.063 , 98.74 , 99.87
20.064 , 98.76 , 99.86
20.066 , 98.72 , 99.86
20.067 , 98.72 , 99.85
20.068 , 98.72 , 99.85
20.069 , 98.67 , 99.85
20.071 , 98.65 , 99.84
20.072 , 98.65 , 99.84
20.073 , 98.65 , 99.84
20.075 , 98.65 , 99.83
20.076 , 98.72 , 99.83
20.077 , 98.72 , 99.82
20.078 , 98.81 , 99.82
20.08 , 98.83 , 99.81
20.081 , 98.83 , 99.81
20.082 , 98.9 , 99.81
20.083 , 98.92 , 99.81
20.085 , 98.97 , 99.8
20.086 , 98.92 , 99.8
20.087 , 98.92 , 99.79
20.088 , 98.9 , 99.79
20.09 , 98.83 , 99.78
20.091 , 98.81 , 99.78
20.092 , 98.81 , 99.78
20.094 , 98.76 , 99.77
20.095 , 98.72 , 99.77
20.096 , 98.72 , 99.77
20.097 , 98.65 , 99.76
20.099 , 98.67 , 99.76
20.1 , 98.74 , 99.75
20.101 , 98.72 , 99.75
20.102 , 98.74 , 99.75
20.104 , 98.76 , 99.74
20.105 , 98.76 , 99.74
20.106 , 98.76 , 99.74
20.107 , 98.83 , 99.73
20.109 , 98.83 , 99.73
20.11 , 98.81 , 99.72
20.111 , 98.76 , 99.72
20.112 , 98.81 , 99.72
20.114 , 98.76 , 99.71
20.115 , 98.74 , 99.71
20.116 , 98.74 , 99.71
20.117 , 98.72 , 99.7
20.119 , 98.72 , 99.7
20.12 , 98.67 , 99.69
20.121 , 98.74 , 99.69
20.122 , 98.76 , 99.69
20.124 , 98.72 , 99.68
20.125 , 98.74 , 99.68
20.126 , 98.76 , 99.68
20.127 , 98.76 , 99.67
20.129 , 98.81 , 99.67
20.13 , 98.81 , 99.66
20.131 , 98.81 , 99.66
20.133 , 98.76 , 99.66
20.134 , 98.76 , 99.65
20.135 , 98.76 , 99.65
20.136 , 98.76 , 99.65
20.137 , 98.74 , 99.64
20.139 , 98.76 , 99.64
20.14 , 98.88 , 99.63
20.141 , 98.92 , 99.63
20.143 , 99.04 , 99.63
20.144 , 99.15 , 99.62
20.145 , 99.38 , 99.62
20.146 , 99.59 , 99.62
20.148 , 99.59 , 99.61
20.149 , 99.61 , 99.61
20.15 , 99.61 , 99.6
20.151 , 99.61 , 99.6
20.153 , 99.61 , 99.6
20.154 , 99.54 , 99.59
20.155 , 99.54 , 99.59
20.156 , 99.5 , 99.59
20.158 , 99.45 , 99.58
20.159 , 99.43 , 99.58
20.16 , 99.38 , 99.57
20.162 , 99.43 , 99.57
20.163 , 99.5 , 99.57
20.164 , 99.52 , 99.56
20.165 , 99.61 , 99.56
20.167 , 99.7 , 99.55
20.168 , 99.82 , 99.55
20.169 , 99.93 , 99.55
20.17 , 100.0 , 99.54
20.172 , 100.09 , 99.54
20.173 , 100.16 , 99.54
20.174 , 100.23 , 99.53
20.176 , 100.3 , 99.53
20.177 , 100.25 , 99.52
20.179 , 100.3 , 99.52
20.18 , 100.32 , 99.51
20.182 , 100.39 , 99.51
20.183 , 100.3 , 99.51
20.184 , 100.39 , 99.5
20.186 , 100.41 , 99.5
20.187 , 100.39 , 99.49
20.189 , 100.41 , 99.49
20.19 , 100.46 , 99.48
20.192 , 100.48 , 99.48
20.193 , 100.5 , 99.48
20.194 , 100.55 , 99.47
20.196 , 100.64 , 99.47
20.197 , 100.64 , 99.46
20.199 , 100.66 , 99.46
20.2 , 100.66 , 99.45
20.202 , 100.66 , 99.45
20.203 , 100.73 , 99.45
20.204 , 100.73 , 99.44
20.206 , 100.73 , 99.44
20.207 , 100.8 , 99.43
20.209 , 100.8 , 99.43
20.21 , 100.87 , 99.42
20.212 , 100.87 , 99.42
20.213 , 100.87 , 99.42
20.214 , 100.89 , 99.41
20.216 , 100.94 , 99.41
20.217 , 100.96 , 99.4
20.219 , 101.01 , 99.4
20.22 , 101.03 , 99.39
20.222 , 101.03 , 99.39
20.223 , 101.05 , 99.39
20.224 , 101.12 , 99.38
20.226 , 101.1 , 99.38
20.227 , 101.12 , 99.37
20.229 , 101.17 , 99.37
20.23 , 101.17 , 99.36
20.232 , 101.17 , 99.36
20.233 , 101.17 , 99.36
20.235 , 101.21 , 99.35
20.236 , 101.19 , 99.35
20.237 , 101.21 , 99.34
20.239 , 101.21 , 99.34
20.24 , 101.26 , 99.33
20.242 , 101.26 , 99.33
20.243 , 101.26 , 99.33
20.245 , 101.33 , 99.32
20.246 , 101.33 , 99.32
20.247 , 101.33 , 99.31
20.249 , 101.33 , 99.31
20.25 , 101.35 , 99.3
20.252 , 101.33 , 99.3
20.253 , 101.35 , 99.3
20.254 , 101.37 , 99.29
20.256 , 101.33 , 99.29
20.257 , 101.19 , 99.28
20.259 , 100.89 , 99.28
20.26 , 100.66 , 99.27
20.262 , 100.32 , 99.27
20.263 , 100.16 , 99.27
20.264 , 100.0 , 99.26
20.266 , 99.86 , 99.26
20.267 , 99.86 , 99.25
20.268 , 99.93 , 99.25
20.27 , 100.0 , 99.24
20.271 , 100.09 , 99.24
20.272 , 100.25 , 99.24
20.274 , 100.48 , 99.23
20.275 , 100.55 , 99.23
20.277 , 100.64 , 99.22
20.278 , 100.66 , 99.22
20.28 , 100.73 , 99.21
20.281 , 100.73 , 99.21
20.282 , 100.64 , 99.21
20.284 , 100.64 , 99.2
20.285 , 100.5 , 99.2
20.287 , 100.41 , 99.19
20.288 , 100.39 , 99.19
20.29 , 100.32 , 99.18
20.291 , 100.3 , 99.18
20.292 , 100.25 , 99.18
20.294 , 100.25 , 99.17
20.295 , 100.25 , 99.17
20.297 , 100.3 , 99.16
20.298 , 100.3 , 99.16
20.3 , 100.32 , 99.15
20.301 , 100.32 , 99.15
20.302 , 100.39 , 99.15
20.304 , 100.32 , 99.14
20.305 , 100.39 , 99.14
20.307 , 100.32 , 99.13
20.308 , 100.32 , 99.13
20.31 , 100.25 , 99.12
20.311 , 100.25 , 99.12
20.312 , 100.23 , 99.12
20.314 , 100.25 , 99.11
20.315 , 100.21 , 99.11
20.316 , 100.21 , 99.11
20.318 , 100.21 , 99.1
20.319 , 100.21 , 99.1
20.321 , 100.23 , 99.09
20.322 , 100.23 , 99.09
20.324 , 100.23 , 99.08
20.325 , 100.21 , 99.08
20.326 , 100.21 , 99.08
20.328 , 100.23 , 99.07
20.329 , 100.21 , 99.07
20.331 , 100.16 , 99.06
20.332 , 100.16 , 99.06
20.334 , 100.14 , 99.05
20.335 , 100.14 , 99.05
20.336 , 100.14 , 99.05
20.338 , 100.09 , 99.04
20.339 , 100.07 , 99.04
20.341 , 100.07 , 99.03
20.342 , 100.07 , 99.03
20.344 , 100.07 , 99.02
20.345 , 100.09 , 99.02
20.347 , 100.05 , 99.01
20.348 , 99.98 , 99.01
20.349 , 99.91 , 99.01
20.351 , 99.84 , 99.0
20.352 , 99.86 , 99.0
20.353 , 99.86 , 99.0
20.354 , 99.91 , 98.99
20.356 , 99.93 , 98.99
20.357 , 99.93 , 98.98
20.358 , 100.0 , 98.98
20.359 , 99.98 , 98.98
20.361 , 99.93 , 98.97
20.362 , 99.93 , 98.97
20.363 , 99.86 , 98.96
20.365 , 99.86 , 98.96
20.366 , 99.75 , 98.96
20.367 , 99.66 , 98.95
20.368 , 99.59 , 98.95
20.37 , 99.52 , 98.94
20.371 , 99.45 , 98.94
20.372 , 99.45 , 98.94
20.373 , 99.45 , 98.93
20.375 , 99.43 , 98.93
20.376 , 99.43 , 98.93
20.377 , 99.45 , 98.92
20.378 , 99.45 , 98.92
20.38 , 99.5 , 98.91
20.381 , 99.5 , 98.91
20.382 , 99.52 , 98.91
20.383 , 99.52 , 98.9
20.385 , 99.52 , 98.9
20.386 , 99.5 , 98.9
20.387 , 99.45 , 98.89
20.389 , 99.38 , 98.89
20.39 , 99.38 , 98.88
20.391 , 99.29 , 98.88
20.392 , 99.27 , 98.88
20.394 , 99.29 , 98.87
20.395 , 99.27 , 98.87
20.396 , 99.29 , 98.87
20.397 , 99.27 , 98.86
20.399 , 99.27 , 98.86
20.4 , 99.27 , 98.85
20.401 , 99.27 , 98.85
20.403 , 99.22 , 98.84
20.404 , 99.27 , 98.84
20.405 , 99.22 , 98.84
20.407 , 99.27 , 98.83
20.408 , 99.2 , 98.83
20.409 , 99.15 , 98.83
20.41 , 99.15 , 98.82
20.412 , 99.13 , 98.82
20.413 , 99.06 , 98.81
20.422 , 99.06 , 98.79
20.423 , 99.04 , 98.78
20.425 , 98.99 , 98.78
20.426 , 98.99 , 98.78
20.427 , 98.97 , 98.77
20.429 , 99.04 , 98.77
20.43 , 98.97 , 98.76
20.431 , 98.99 , 98.76
20.432 , 98.97 , 98.76
20.434 , 98.9 , 98.75
20.435 , 98.92 , 98.75
20.436 , 98.9 , 98.75
20.437 , 98.88 , 98.74
20.439 , 98.88 , 98.74
20.44 , 98.88 , 98.73
20.441 , 98.88 , 98.73
20.442 , 98.83 , 98.73
20.444 , 98.83 , 98.72
20.445 , 98.83 , 98.72
20.446 , 98.81 , 98.72
20.447 , 98.81 , 98.71
20.449 , 98.81 , 98.71
20.45 , 98.76 , 98.7
20.451 , 98.76 , 98.7
20.453 , 98.76 , 98.69
20.454 , 98.72 , 98.69
20.455 , 98.72 , 98.69
20.456 , 98.67 , 98.69
20.458 , 98.65 , 98.68
20.459 , 98.65 , 98.68
20.46 , 98.67 , 98.67
20.461 , 98.65 , 98.67
20.463 , 98.65 , 98.66
20.464 , 98.67 , 98.66
20.465 , 98.72 , 98.66
20.466 , 98.74 , 98.66
20.468 , 98.74 , 98.65
20.469 , 98.72 , 98.65
20.47 , 98.74 , 98.64
20.471 , 98.72 , 98.64
20.473 , 98.67 , 98.63
20.474 , 98.67 , 98.63
20.475 , 98.67 , 98.63
20.477 , 98.67 , 98.62
20.478 , 98.6 , 98.62
20.479 , 98.6 , 98.62
20.481 , 98.58 , 98.61
20.482 , 98.58 , 98.61
20.483 , 98.58 , 98.6
20.484 , 98.51 , 98.6
20.486 , 98.51 , 98.6
20.487 , 98.51 , 98.59
20.488 , 98.49 , 98.59
20.489 , 98.49 , 98.59
20.491 , 98.44 , 98.58
20.492 , 98.42 , 98.58
20.493 , 98.44 , 98.57
20.494 , 98.44 , 98.57
20.496 , 98.44 , 98.57
20.497 , 98.44 , 98.56
20.498 , 98.44 , 98.56
20.5 , 98.42 , 98.55
20.501 , 98.42 , 98.55
20.502 , 98.42 , 98.55
20.503 , 98.42 , 98.54
20.505 , 98.42 , 98.54
20.506 , 98.37 , 98.54
20.507 , 98.35 , 98.53
20.508 , 98.42 , 98.53
20.51 , 98.35 , 98.52
20.511 , 98.37 , 98.52
20.512 , 98.35 , 98.52
20.514 , 98.35 , 98.51
20.515 , 98.35 , 98.51
20.516 , 98.35 , 98.51
20.517 , 98.33 , 98.5
20.519 , 98.33 , 98.5
20.52 , 98.28 , 98.49
20.521 , 98.33 , 98.49
20.522 , 98.28 , 98.49
20.524 , 98.33 , 98.48
20.525 , 98.26 , 98.48
20.526 , 98.28 , 98.48
20.527 , 98.28 , 98.47
20.529 , 98.28 , 98.47
20.53 , 98.28 , 98.46
20.531 , 98.21 , 98.46
20.533 , 98.26 , 98.45
20.534 , 98.21 , 98.45
20.535 , 98.21 , 98.45
20.536 , 98.19 , 98.45
20.538 , 98.12 , 98.44
20.539 , 98.17 , 98.44
20.54 , 98.17 , 98.43
20.541 , 98.17 , 98.43
20.543 , 98.17 , 98.42
20.544 , 98.17 , 98.42
20.545 , 98.17 , 98.42
20.547 , 98.17 , 98.41
20.548 , 98.17 , 98.41
20.549 , 98.17 , 98.41
20.55 , 98.17 , 98.4
20.552 , 98.1 , 98.4
20.553 , 98.05 , 98.39
20.554 , 98.05 , 98.39
20.555 , 98.05 , 98.39
20.557 , 98.05 , 98.38
20.558 , 98.03 , 98.38
20.559 , 98.05 , 98.38
20.56 , 98.05 , 98.37
20.562 , 98.05 , 98.37
20.563 , 98.03 , 98.36
20.564 , 98.03 , 98.36
20.565 , 98.03 , 98.36
20.567 , 98.01 , 98.35
20.568 , 98.01 , 98.35
20.569 , 97.96 , 98.35
20.571 , 97.96 , 98.34
20.572 , 97.96 , 98.34
20.573 , 97.96 , 98.33
20.574 , 97.94 , 98.33
20.576 , 97.94 , 98.33
20.577 , 97.89 , 98.32
20.578 , 97.89 , 98.32
20.58 , 97.94 , 98.31
20.581 , 97.89 , 98.31
20.582 , 97.94 , 98.31
20.583 , 97.89 , 98.3
20.585 , 97.87 , 98.3
20.586 , 97.87 , 98.3
20.587 , 97.89 , 98.29
20.588 , 97.87 , 98.29
20.59 , 97.87 , 98.28
20.591 , 97.87 , 98.28
20.592 , 97.87 , 98.28
20.594 , 97.83 , 98.27
20.595 , 97.8 , 98.27
20.596 , 97.8 , 98.27
20.597 , 97.78 , 98.26
20.599 , 97.78 , 98.26
20.6 , 97.78 , 98.25
20.601 , 97.73 , 98.25
20.602 , 97.71 , 98.25
20.604 , 97.78 , 98.24
20.605 , 97.73 , 98.24
20.606 , 97.8 , 98.24
20.607 , 97.78 , 98.23
20.609 , 97.78 , 98.23
20.61 , 97.73 , 98.22
20.611 , 97.71 , 98.22
20.612 , 97.71 , 98.22
20.614 , 97.71 , 98.21
20.615 , 97.64 , 98.21
20.616 , 97.64 , 98.21
20.618 , 97.62 , 98.2
20.619 , 97.62 , 98.2
20.62 , 97.62 , 98.19
20.621 , 97.62 , 98.19
20.623 , 97.62 , 98.18
20.624 , 97.62 , 98.18
20.625 , 97.57 , 98.18
20.626 , 97.57 , 98.18
20.627 , 97.55 , 98.17
20.629 , 97.57 , 98.17
20.63 , 97.51 , 98.16
20.631 , 97.55 , 98.16
20.633 , 97.55 , 98.15
20.634 , 97.48 , 98.15
20.635 , 97.44 , 98.15
20.636 , 97.48 , 98.15
20.637 , 97.48 , 98.14
20.639 , 97.48 , 98.14
20.64 , 97.44 , 98.13
20.641 , 97.48 , 98.13
20.643 , 97.44 , 98.12
20.644 , 97.44 , 98.12
20.645 , 97.48 , 98.12
20.646 , 97.44 , 98.12
20.647 , 97.44 , 98.11
20.649 , 97.44 , 98.11
20.65 , 97.41 , 98.1
20.651 , 97.39 , 98.1
20.652 , 97.41 , 98.1
20.654 , 97.34 , 98.09
20.655 , 97.39 , 98.09
20.656 , 97.39 , 98.09
20.658 , 97.34 , 98.08
20.659 , 97.39 , 98.08
20.66 , 97.34 , 98.07
20.661 , 97.34 , 98.07
20.663 , 97.34 , 98.06
20.664 , 97.28 , 98.06
20.665 , 97.32 , 98.06
20.667 , 97.28 , 98.05
20.668 , 97.32 , 98.05
20.669 , 97.32 , 98.05
20.671 , 97.28 , 98.04
20.672 , 97.25 , 98.04
20.673 , 97.23 , 98.03
20.674 , 97.23 , 98.03
20.676 , 97.25 , 98.03
20.677 , 97.25 , 98.02
20.678 , 97.23 , 98.02
20.679 , 97.23 , 98.02
20.681 , 97.16 , 98.01
20.682 , 97.18 , 98.01
20.683 , 97.18 , 98.0
20.684 , 97.18 , 98.0
20.685 , 97.23 , 98.0
20.687 , 97.23 , 97.99
20.688 , 97.18 , 97.99
20.689 , 97.18 , 97.99
20.69 , 97.18 , 97.98
20.692 , 97.16 , 97.98
20.693 , 97.12 , 97.97
20.694 , 97.12 , 97.97
20.695 , 97.12 , 97.97
20.697 , 97.09 , 97.96
20.698 , 97.07 , 97.96
20.699 , 97.09 , 97.96
20.701 , 97.09 , 97.95
20.702 , 97.09 , 97.95
20.703 , 97.12 , 97.94
20.704 , 97.12 , 97.94
20.706 , 97.07 , 97.94
20.707 , 97.07 , 97.93
20.708 , 97.09 , 97.93
20.709 , 97.07 , 97.93
20.711 , 97.07 , 97.92
20.712 , 97.0 , 97.92
20.713 , 97.02 , 97.91
20.714 , 97.0 , 97.91
20.716 , 97.02 , 97.91
20.717 , 97.0 , 97.9
20.718 , 97.0 , 97.9
20.719 , 96.96 , 97.9
20.721 , 97.0 , 97.89
20.722 , 96.96 , 97.89
20.723 , 96.96 , 97.88
20.725 , 96.96 , 97.88
20.726 , 96.96 , 97.88
20.727 , 96.93 , 97.87
20.728 , 96.89 , 97.87
20.73 , 96.93 , 97.86
20.731 , 96.89 , 97.86
20.732 , 96.89 , 97.86
20.733 , 96.89 , 97.85
20.735 , 96.89 , 97.85
20.736 , 96.86 , 97.84
20.737 , 96.86 , 97.84
20.739 , 96.89 , 97.84
20.74 , 96.86 , 97.83
20.741 , 96.86 , 97.83
20.742 , 96.84 , 97.83
20.744 , 96.8 , 97.82
20.745 , 96.84 , 97.82
20.746 , 96.84 , 97.81
20.748 , 96.84 , 97.81
20.749 , 96.84 , 97.81
20.75 , 96.8 , 97.8
20.751 , 96.8 , 97.8
20.753 , 96.8 , 97.79
20.754 , 96.75 , 97.79
20.755 , 96.75 , 97.79
20.756 , 96.7 , 97.78
20.758 , 96.7 , 97.78
20.759 , 96.7 , 97.78
20.76 , 96.68 , 97.77
20.762 , 96.68 , 97.77
20.763 , 96.68 , 97.76
20.764 , 96.7 , 97.76
20.765 , 96.68 , 97.76
20.767 , 96.75 , 97.75
20.768 , 96.68 , 97.75
20.769 , 96.7 , 97.75
20.77 , 96.68 , 97.74
20.772 , 96.7 , 97.74
20.773 , 96.61 , 97.73
20.774 , 96.66 , 97.73
20.775 , 96.59 , 97.73
20.777 , 96.59 , 97.72
20.778 , 96.61 , 97.72
20.779 , 96.54 , 97.72
20.78 , 96.59 , 97.71
20.782 , 96.61 , 97.71
20.783 , 96.59 , 97.7
20.784 , 96.54 , 97.7
20.785 , 96.54 , 97.7
20.787 , 96.52 , 97.69
20.788 , 96.54 , 97.69
20.789 , 96.52 , 97.69
20.791 , 96.5 , 97.68
20.792 , 96.5 , 97.68
20.793 , 96.5 , 97.67
20.794 , 96.45 , 97.67
20.796 , 96.45 , 97.66
20.797 , 96.5 , 97.66
20.798 , 96.5 , 97.66
20.799 , 96.45 , 97.66
20.801 , 96.5 , 97.65
20.802 , 96.5 , 97.65
20.803 , 96.5 , 97.64
20.804 , 96.5 , 97.64
20.805 , 96.45 , 97.64
20.807 , 96.5 , 97.63
20.808 , 96.43 , 97.63
20.809 , 96.38 , 97.63
20.811 , 96.38 , 97.62
20.812 , 96.45 , 97.62
20.813 , 96.38 , 97.61
20.814 , 96.43 , 97.61
20.815 , 96.38 , 97.61
20.817 , 96.38 , 97.6
20.818 , 96.36 , 97.6
20.819 , 96.38 , 97.6
20.821 , 96.36 , 97.59
20.822 , 96.31 , 97.59
20.823 , 96.31 , 97.58
20.824 , 96.36 , 97.58
20.826 , 96.43 , 97.57
20.827 , 96.45 , 97.57
20.828 , 96.52 , 97.57
20.83 , 96.52 , 97.56
20.831 , 96.54 , 97.56
20.832 , 96.59 , 97.56
20.834 , 96.59 , 97.55
20.835 , 96.61 , 97.55
20.836 , 96.61 , 97.54
20.837 , 96.59 , 97.54
20.839 , 96.52 , 97.54
20.84 , 96.5 , 97.53
20.841 , 96.52 , 97.53
20.842 , 96.45 , 97.53
20.844 , 96.45 , 97.52
20.845 , 96.45 , 97.52
20.846 , 96.38 , 97.51
20.848 , 96.43 , 97.51
20.849 , 96.43 , 97.51
20.85 , 96.38 , 97.5
20.851 , 96.45 , 97.5
20.852 , 96.43 , 97.5
20.854 , 96.43 , 97.49
20.855 , 96.45 , 97.49
20.856 , 96.45 , 97.48
20.858 , 96.45 , 97.48
20.859 , 96.45 , 97.48
20.86 , 96.5 , 97.47
20.861 , 96.45 , 97.47
20.863 , 96.45 , 97.46
20.864 , 96.45 , 97.46
20.865 , 96.5 , 97.46
20.866 , 96.5 , 97.45
20.868 , 96.43 , 97.45
20.869 , 96.45 , 97.45
20.87 , 96.45 , 97.44
20.872 , 96.45 , 97.44
20.873 , 96.43 , 97.43
20.874 , 96.45 , 97.43
20.875 , 96.43 , 97.43
20.876 , 96.45 , 97.42
20.878 , 96.45 , 97.42
20.879 , 96.43 , 97.42
20.88 , 96.45 , 97.41
20.882 , 96.5 , 97.41
20.883 , 96.45 , 97.4
20.884 , 96.45 , 97.4
20.885 , 96.45 , 97.4
20.887 , 96.45 , 97.39
20.888 , 96.45 , 97.39
20.889 , 96.52 , 97.39
20.891 , 96.59 , 97.38
20.892 , 96.68 , 97.38
20.893 , 96.84 , 97.37
20.894 , 96.96 , 97.37
20.896 , 97.18 , 97.36
20.897 , 97.32 , 97.36
20.898 , 97.32 , 97.36
20.9 , 97.34 , 97.35
20.901 , 97.39 , 97.35
20.902 , 97.34 , 97.35
20.904 , 97.34 , 97.34
20.905 , 97.34 , 97.34
20.906 , 97.32 , 97.33
20.907 , 97.25 , 97.33
20.909 , 97.18 , 97.33
20.91 , 97.16 , 97.32
20.911 , 97.18 , 97.32
20.912 , 97.18 , 97.32
20.914 , 97.23 , 97.31
20.915 , 97.28 , 97.31
20.916 , 97.39 , 97.3
20.917 , 97.48 , 97.3
20.919 , 97.62 , 97.3
20.92 , 97.67 , 97.29
20.921 , 97.78 , 97.29
20.922 , 97.94 , 97.29
20.924 , 98.01 , 97.28
20.925 , 98.03 , 97.28
20.926 , 98.1 , 97.27
20.927 , 98.05 , 97.27
20.929 , 98.1 , 97.27
20.93 , 98.1 , 97.26
20.931 , 98.05 , 97.26
20.933 , 98.1 , 97.25
20.934 , 98.1 , 97.25
20.935 , 98.05 , 97.25
20.936 , 98.05 , 97.24
20.938 , 98.1 , 97.24
20.939 , 98.17 , 97.24
20.94 , 98.19 , 97.23
20.941 , 98.19 , 97.23
20.943 , 98.26 , 97.22
20.944 , 98.28 , 97.22
20.945 , 98.33 , 97.22
20.946 , 98.35 , 97.21
20.948 , 98.44 , 97.21
20.949 , 98.42 , 97.21
20.95 , 98.44 , 97.2
20.951 , 98.44 , 97.2
20.953 , 98.49 , 97.19
20.954 , 98.51 , 97.19
20.955 , 98.51 , 97.19
20.956 , 98.58 , 97.18
20.958 , 98.58 , 97.18
20.959 , 98.58 , 97.18
20.96 , 98.6 , 97.17
20.962 , 98.67 , 97.17
20.963 , 98.72 , 97.16
20.964 , 98.74 , 97.16
20.965 , 98.81 , 97.16
20.967 , 98.76 , 97.15
20.968 , 98.81 , 97.15
20.969 , 98.88 , 97.15
20.971 , 98.83 , 97.14
20.972 , 98.88 , 97.14
20.973 , 98.88 , 97.13
20.974 , 98.9 , 97.13
20.976 , 98.92 , 97.12
20.977 , 98.92 , 97.12
20.978 , 98.97 , 97.12
20.979 , 98.97 , 97.12
20.981 , 98.97 , 97.11
20.982 , 98.99 , 97.11
20.983 , 99.04 , 97.1
20.984 , 98.99 , 97.1
20.986 , 99.06 , 97.09
20.987 , 99.06 , 97.09
20.988 , 99.06 , 97.09
20.99 , 99.06 , 97.08
20.991 , 99.11 , 97.08
20.992 , 99.11 , 97.08
20.993 , 99.13 , 97.07
20.995 , 99.11 , 97.07
20.996 , 99.15 , 97.06
20.997 , 99.13 , 97.06
20.998 , 99.13 , 97.06
21.0 , 99.15 , 97.05
21.001 , 99.15 , 97.05
21.002 , 99.15 , 97.05
21.003 , 99.2 , 97.04
21.005 , 99.2 , 97.04
21.006 , 99.2 , 97.03
21.007 , 99.2 , 97.03
21.008 , 99.22 , 97.03
21.01 , 99.27 , 97.02
21.011 , 99.2 , 97.02
21.012 , 99.11 , 97.02
21.013 , 98.88 , 97.01
21.015 , 98.51 , 97.01
21.016 , 98.26 , 97.0
21.017 , 98.03 , 97.0
21.018 , 97.89 , 97.0
21.02 , 97.8 , 96.99
21.021 , 97.78 , 96.99
21.022 , 97.67 , 96.99
21.024 , 97.73 , 96.98
21.025 , 97.83 , 96.98
21.026 , 97.89 , 96.97
21.027 , 98.05 , 96.97
21.029 , 98.17 , 96.97
21.03 , 98.28 , 96.96
21.031 , 98.44 , 96.96
21.032 , 98.44 , 96.96
21.034 , 98.49 , 96.95
21.035 , 98.49 , 96.95
21.036 , 98.49 , 96.94
21.037 , 98.44 , 96.94
21.039 , 98.35 , 96.94
21.04 , 98.33 , 96.93
21.041 , 98.26 , 96.93
21.042 , 98.19 , 96.93
21.044 , 98.12 , 96.92
21.045 , 98.12 , 96.92
21.046 , 98.1 , 96.91
21.047 , 98.05 , 96.91
21.049 , 98.03 , 96.91
21.05 , 98.05 , 96.9
21.051 , 98.1 , 96.9
21.052 , 98.1 , 96.9
21.054 , 98.1 , 96.89
21.055 , 98.12 , 96.89
21.056 , 98.1 , 96.88
21.057 , 98.17 , 96.88
21.059 , 98.12 , 96.88
21.06 , 98.1 , 96.87
21.061 , 98.1 , 96.87
21.062 , 98.05 , 96.87
21.064 , 98.05 , 96.86
21.065 , 98.05 , 96.86
21.066 , 98.05 , 96.85
21.067 , 98.03 , 96.85
21.069 , 98.03 , 96.85
21.07 , 98.01 , 96.84
21.071 , 97.96 , 96.84
21.073 , 98.01 , 96.83
21.074 , 97.96 , 96.83
21.075 , 97.96 , 96.83
21.076 , 97.94 , 96.82
21.078 , 98.01 , 96.82
21.079 , 97.96 , 96.82
21.08 , 97.94 , 96.81
21.082 , 97.96 , 96.81
21.083 , 97.96 , 96.8
21.084 , 97.94 , 96.8
21.085 , 97.94 , 96.8
21.087 , 97.89 , 96.79
21.088 , 97.89 , 96.79
21.089 , 97.89 , 96.78
21.09 , 97.89 , 96.78
21.092 , 97.87 , 96.78
21.093 , 97.87 , 96.77
21.094 , 97.87 , 96.77
21.096 , 97.83 , 96.76
21.097 , 97.83 , 96.76
21.098 , 97.8 , 96.76
21.099 , 97.78 , 96.75
21.101 , 97.71 , 96.75
21.102 , 97.64 , 96.75
21.103 , 97.71 , 96.74
21.104 , 97.71 , 96.74
21.106 , 97.71 , 96.73
21.107 , 97.71 , 96.73
21.108 , 97.78 , 96.73
21.109 , 97.8 , 96.72
21.111 , 97.78 , 96.72
21.112 , 97.73 , 96.72
21.113 , 97.64 , 96.71
21.114 , 97.62 , 96.71
21.116 , 97.51 , 96.7
21.117 , 97.48 , 96.7
21.118 , 97.41 , 96.7
21.119 , 97.34 , 96.69
21.121 , 97.28 , 96.69
21.122 , 97.23 , 96.69
21.123 , 97.18 , 96.68
21.124 , 97.23 , 96.68
21.126 , 97.18 , 96.67
21.127 , 97.18 , 96.67
21.128 , 97.23 , 96.67
21.129 , 97.28 , 96.66
21.131 , 97.28 , 96.66
21.132 , 97.28 , 96.66
21.133 , 97.25 , 96.65
21.134 , 97.25 , 96.65
21.136 , 97.23 , 96.64
21.137 , 97.23 , 96.64
21.138 , 97.16 , 96.64
21.139 , 97.16 , 96.63
21.141 , 97.12 , 96.63
21.142 , 97.09 , 96.63
21.143 , 97.07 , 96.62
21.144 , 97.07 , 96.62
21.146 , 97.02 , 96.61
21.155 , 97.0 , 96.59
21.156 , 97.0 , 96.58
21.157 , 97.0 , 96.58
21.159 , 96.96 , 96.57
21.16 , 97.0 , 96.57
21.161 , 97.0 , 96.57
21.163 , 96.96 , 96.56
21.164 , 96.89 , 96.56
21.165 , 96.86 , 96.56
21.167 , 96.89 , 96.55
21.168 , 96.89 , 96.55
21.169 , 96.84 , 96.54
21.17 , 96.86 , 96.54
21.172 , 96.84 , 96.54
21.173 , 96.8 , 96.53
21.174 , 96.84 , 96.53
21.175 , 96.8 , 96.53
21.177 , 96.75 , 96.52
21.178 , 96.75 , 96.52
21.179 , 96.75 , 96.51
21.18 , 96.75 , 96.51
21.182 , 96.75 , 96.51
21.183 , 96.75 , 96.5
21.184 , 96.7 , 96.5
21.185 , 96.7 , 96.5
21.186 , 96.68 , 96.49
21.188 , 96.66 , 96.49
21.189 , 96.61 , 96.48
21.19 , 96.66 , 96.48
21.191 , 96.61 , 96.48
21.193 , 96.59 , 96.47
21.194 , 96.59 , 96.47
21.195 , 96.54 , 96.47
21.196 , 96.52 , 96.46
21.198 , 96.52 , 96.46
21.199 , 96.52 , 96.45
21.2 , 96.52 , 96.45
21.202 , 96.52 , 96.45
21.203 , 96.54 , 96.44
21.204 , 96.52 , 96.44
21.205 , 96.5 , 96.44
21.207 , 96.5 , 96.43
21.208 , 96.45 , 96.43
21.209 , 96.45 , 96.42
21.21 , 96.38 , 96.42
21.212 , 96.38 , 96.42
21.213 , 96.43 , 96.41
21.214 , 96.38 , 96.41
21.215 , 96.38 , 96.41
21.217 , 96.38 , 96.4
21.218 , 96.43 , 96.4
21.219 , 96.43 , 96.39
21.22 , 96.45 , 96.39
21.222 , 96.45 , 96.39
21.223 , 96.45 , 96.38
21.224 , 96.45 , 96.38
21.226 , 96.45 , 96.37
21.227 , 96.45 , 96.37
21.228 , 96.43 , 96.37
21.229 , 96.43 , 96.36
21.231 , 96.38 , 96.36
21.232 , 96.38 , 96.36
21.233 , 96.38 , 96.35
21.234 , 96.36 , 96.35
21.236 , 96.31 , 96.34
21.237 , 96.29 , 96.34
21.238 , 96.27 , 96.34
21.239 , 96.29 , 96.33
21.241 , 96.29 , 96.33
21.242 , 96.27 , 96.33
21.243 , 96.29 , 96.32
21.244 , 96.29 , 96.32
21.246 , 96.29 , 96.31
21.247 , 96.29 , 96.31
21.248 , 96.29 , 96.31
21.249 , 96.29 , 96.3
21.251 , 96.27 , 96.3
21.252 , 96.22 , 96.3
21.253 , 96.2 , 96.29
21.254 , 96.2 , 96.29
21.255 , 96.15 , 96.29
21.257 , 96.15 , 96.28
21.258 , 96.15 , 96.28
21.259 , 96.2 , 96.27
21.261 , 96.15 , 96.27
21.262 , 96.2 , 96.27
21.263 , 96.15 , 96.26
21.264 , 96.13 , 96.26
21.266 , 96.13 , 96.25
21.267 , 96.11 , 96.25
21.268 , 96.13 , 96.25
21.269 , 96.11 , 96.24
21.27 , 96.06 , 96.24
21.272 , 96.04 , 96.24
21.273 , 96.06 , 96.23
21.274 , 96.06 , 96.23
21.276 , 96.04 , 96.22
21.277 , 96.04 , 96.22
21.278 , 96.04 , 96.22
21.279 , 96.04 , 96.21
21.28 , 95.99 , 96.21
21.282 , 96.04 , 96.21
21.283 , 95.97 , 96.2
21.284 , 95.99 , 96.2
21.285 , 95.99 , 96.2
21.287 , 95.97 , 96.19
21.288 , 95.97 , 96.19
21.289 , 95.99 , 96.18
21.291 , 95.97 , 96.18
21.292 , 95.99 , 96.18
21.293 , 95.93 , 96.17
21.294 , 95.97 , 96.17
21.296 , 95.93 , 96.16
21.297 , 95.88 , 96.16
21.298 , 95.88 , 96.16
21.299 , 95.88 , 96.15
21.301 , 95.83 , 96.15
21.302 , 95.88 , 96.15
21.303 , 95.88 , 96.14
21.304 , 95.88 , 96.14
21.306 , 95.83 , 96.13
21.307 , 95.88 , 96.13
21.308 , 95.88 , 96.13
21.309 , 95.88 , 96.12
21.311 , 95.81 , 96.12
21.312 , 95.83 , 96.12
21.313 , 95.81 , 96.11
21.314 , 95.81 , 96.11
21.316 , 95.77 , 96.1
21.317 , 95.72 , 96.1
21.318 , 95.74 , 96.1
21.32 , 95.74 , 96.09
21.321 , 95.74 , 96.09
21.322 , 95.74 , 96.09
21.323 , 95.77 , 96.08
21.325 , 95.74 , 96.08
21.326 , 95.72 , 96.07
21.327 , 95.72 , 96.07
21.328 , 95.67 , 96.07
21.33 , 95.67 , 96.06
21.331 , 95.72 , 96.06
21.332 , 95.65 , 96.06
21.334 , 95.65 , 96.05
21.335 , 95.65 , 96.05
21.336 , 95.58 , 96.04
21.337 , 95.65 , 96.04
21.338 , 95.65 , 96.04
21.34 , 95.58 , 96.03
21.341 , 95.65 , 96.03
21.342 , 95.56 , 96.03
21.343 , 95.58 , 96.02
21.345 , 95.56 , 96.02
21.346 , 95.56 , 96.01
21.347 , 95.56 , 96.01
21.348 , 95.58 , 96.01
21.35 , 95.56 , 96.0
21.351 , 95.56 , 96.0
21.352 , 95.51 , 96.0
21.353 , 95.51 , 95.99
21.355 , 95.51 , 95.99
21.356 , 95.51 , 95.98
21.357 , 95.49 , 95.98
21.358 , 95.45 , 95.98
21.36 , 95.45 , 95.97
21.361 , 95.45 , 95.97
21.362 , 95.42 , 95.97
21.363 , 95.42 , 95.96
21.365 , 95.42 , 95.96
21.366 , 95.42 , 95.95
21.367 , 95.45 , 95.95
21.369 , 95.42 , 95.94
21.37 , 95.42 , 95.94
21.371 , 95.42 , 95.94
21.372 , 95.38 , 95.94
21.374 , 95.38 , 95.93
21.375 , 95.38 , 95.93
21.376 , 95.33 , 95.92
21.377 , 95.33 , 95.92
21.379 , 95.33 , 95.91
21.38 , 95.33 , 95.91
21.381 , 95.33 , 95.91
21.382 , 95.35 , 95.91
21.384 , 95.33 , 95.9
21.385 , 95.28 , 95.9
21.386 , 95.33 , 95.89
21.387 , 95.28 , 95.89
21.389 , 95.26 , 95.88
21.39 , 95.26 , 95.88
21.391 , 95.26 , 95.88
21.393 , 95.22 , 95.87
21.394 , 95.19 , 95.87
21.395 , 95.19 , 95.87
21.396 , 95.19 , 95.86
21.397 , 95.22 , 95.86
21.399 , 95.22 , 95.85
21.4 , 95.19 , 95.85
21.401 , 95.19 , 95.85
21.402 , 95.19 , 95.85
21.404 , 95.19 , 95.84
21.405 , 95.17 , 95.84
21.406 , 95.17 , 95.83
21.408 , 95.12 , 95.83
21.409 , 95.12 , 95.82
21.41 , 95.17 , 95.82
21.411 , 95.17 , 95.82
21.413 , 95.12 , 95.81
21.414 , 95.12 , 95.81
21.415 , 95.1 , 95.81
21.416 , 95.1 , 95.8
21.418 , 95.06 , 95.8
21.419 , 95.03 , 95.79
21.42 , 95.1 , 95.79
21.421 , 95.03 , 95.79
21.423 , 95.06 , 95.78
21.424 , 95.03 , 95.78
21.425 , 95.06 , 95.78
21.426 , 95.06 , 95.77
21.428 , 95.06 , 95.77
21.429 , 95.03 , 95.76
21.43 , 95.01 , 95.76
21.431 , 95.03 , 95.76
21.433 , 94.96 , 95.75
21.434 , 94.94 , 95.75
21.435 , 94.96 , 95.75
21.436 , 94.96 , 95.74
21.438 , 94.94 , 95.74
21.439 , 94.94 , 95.73
21.44 , 94.9 , 95.73
21.441 , 94.9 , 95.73
21.443 , 94.9 , 95.72
21.444 , 94.9 , 95.72
21.445 , 94.87 , 95.72
21.446 , 94.9 , 95.71
21.448 , 94.87 , 95.71
21.449 , 94.87 , 95.7
21.45 , 94.83 , 95.7
21.451 , 94.8 , 95.7
21.453 , 94.83 , 95.69
21.454 , 94.78 , 95.69
21.455 , 94.78 , 95.69
21.456 , 94.8 , 95.68
21.458 , 94.8 , 95.68
21.459 , 94.78 , 95.67
21.46 , 94.74 , 95.67
21.461 , 94.8 , 95.67
21.463 , 94.74 , 95.66
21.464 , 94.78 , 95.66
21.465 , 94.74 , 95.66
21.466 , 94.71 , 95.65
21.468 , 94.74 , 95.65
21.469 , 94.71 , 95.64
21.47 , 94.74 , 95.64
21.472 , 94.71 , 95.63
21.473 , 94.71 , 95.63
21.474 , 94.74 , 95.63
21.476 , 94.71 , 95.62
21.477 , 94.67 , 95.62
21.478 , 94.64 , 95.62
21.479 , 94.64 , 95.61
21.481 , 94.64 , 95.61
21.482 , 94.64 , 95.6
21.483 , 94.62 , 95.6
21.484 , 94.62 , 95.6
21.486 , 94.64 , 95.59
21.487 , 94.64 , 95.59
21.488 , 94.64 , 95.59
21.49 , 94.62 , 95.58
21.491 , 94.64 , 95.58
21.492 , 94.62 , 95.57
21.493 , 94.51 , 95.57
21.495 , 94.51 , 95.57
21.496 , 94.58 , 95.56
21.497 , 94.58 , 95.56
21.498 , 94.44 , 95.56
21.5 , 94.48 , 95.55
21.501 , 94.48 , 95.55
21.502 , 94.48 , 95.54
21.503 , 94.44 , 95.54
21.505 , 94.44 , 95.54
21.506 , 94.48 , 95.53
21.507 , 94.42 , 95.53
21.508 , 94.48 , 95.53
21.51 , 94.44 , 95.52
21.511 , 94.39 , 95.52
21.512 , 94.42 , 95.51
21.513 , 94.39 , 95.51
21.515 , 94.39 , 95.51
21.516 , 94.35 , 95.5
21.517 , 94.39 , 95.5
21.518 , 94.35 , 95.5
21.52 , 94.39 , 95.49
21.521 , 94.35 , 95.49
21.522 , 94.32 , 95.48
21.524 , 94.35 , 95.48
21.525 , 94.35 , 95.48
21.526 , 94.35 , 95.47
21.527 , 94.32 , 95.47
21.529 , 94.32 , 95.46
21.53 , 94.32 , 95.46
21.531 , 94.32 , 95.46
21.532 , 94.32 , 95.45
21.534 , 94.28 , 95.45
21.535 , 94.25 , 95.45
21.536 , 94.28 , 95.44
21.538 , 94.25 , 95.44
21.539 , 94.25 , 95.43
21.54 , 94.25 , 95.43
21.541 , 94.23 , 95.43
21.542 , 94.23 , 95.42
21.544 , 94.23 , 95.42
21.545 , 94.19 , 95.42
21.546 , 94.19 , 95.41
21.547 , 94.23 , 95.41
21.549 , 94.19 , 95.4
21.55 , 94.23 , 95.4
21.551 , 94.19 , 95.4
21.552 , 94.16 , 95.39
21.553 , 94.16 , 95.39
21.555 , 94.16 , 95.39
21.556 , 94.16 , 95.38
21.557 , 94.09 , 95.38
21.558 , 94.12 , 95.38
21.56 , 94.09 , 95.37
21.561 , 94.09 , 95.37
21.562 , 94.12 , 95.36
21.563 , 94.12 , 95.36
21.565 , 94.09 , 95.36
21.566 , 94.09 , 95.35
21.567 , 94.09 , 95.35
21.568 , 94.12 , 95.35
21.57 , 94.05 , 95.34
21.571 , 94.05 , 95.34
21.572 , 93.98 , 95.33
21.573 , 94.0 , 95.33
21.575 , 94.05 , 95.33
21.576 , 94.05 , 95.32
21.577 , 94.09 , 95.32
21.578 , 94.16 , 95.32
21.58 , 94.19 , 95.31
21.581 , 94.25 , 95.31
21.582 , 94.28 , 95.3
21.583 , 94.28 , 95.3
21.585 , 94.35 , 95.3
21.586 , 94.35 , 95.29
21.587 , 94.28 , 95.29
21.588 , 94.28 , 95.29
21.59 , 94.25 , 95.28
21.591 , 94.19 , 95.28
21.592 , 94.12 , 95.27
21.594 , 94.12 , 95.27
21.595 , 94.12 , 95.27
21.596 , 94.09 , 95.26
21.597 , 94.09 , 95.26
21.599 , 94.09 , 95.25
21.6 , 94.09 , 95.25
21.601 , 94.12 , 95.25
21.602 , 94.16 , 95.24
21.604 , 94.12 , 95.24
21.605 , 94.12 , 95.24
21.606 , 94.16 , 95.23
21.607 , 94.16 , 95.23
21.608 , 94.19 , 95.23
21.61 , 94.19 , 95.22
21.611 , 94.16 , 95.22
21.612 , 94.23 , 95.21
21.613 , 94.19 , 95.21
21.614 , 94.16 , 95.21
21.616 , 94.16 , 95.2
21.617 , 94.12 , 95.2
21.618 , 94.09 , 95.2
21.619 , 94.09 , 95.19
21.621 , 94.12 , 95.19
21.622 , 94.12 , 95.18
21.623 , 94.09 , 95.18
21.624 , 94.16 , 95.18
21.626 , 94.12 , 95.17
21.627 , 94.12 , 95.17
21.628 , 94.19 , 95.17
21.629 , 94.19 , 95.16
21.631 , 94.12 , 95.16
21.632 , 94.19 , 95.15
21.633 , 94.19 , 95.15
21.634 , 94.16 , 95.15
21.635 , 94.16 , 95.15
21.636 , 94.16 , 95.14
21.638 , 94.16 , 95.14
21.639 , 94.19 , 95.13
21.64 , 94.23 , 95.13
21.641 , 94.35 , 95.13
21.643 , 94.42 , 95.12
21.644 , 94.51 , 95.12
21.645 , 94.74 , 95.12
21.646 , 94.94 , 95.11
21.648 , 95.03 , 95.11
21.649 , 95.03 , 95.1
21.65 , 95.06 , 95.1
21.652 , 95.1 , 95.09
21.653 , 95.06 , 95.09
21.654 , 95.03 , 95.09
21.655 , 95.01 , 95.09
21.657 , 94.96 , 95.08
21.658 , 94.94 , 95.08
21.659 , 94.87 , 95.07
21.66 , 94.87 , 95.07
21.662 , 94.87 , 95.06
21.663 , 94.9 , 95.06
21.664 , 95.03 , 95.06
21.665 , 95.1 , 95.06
21.667 , 95.19 , 95.05
21.668 , 95.28 , 95.05
21.669 , 95.38 , 95.04
21.671 , 95.49 , 95.04
21.672 , 95.58 , 95.03
21.673 , 95.65 , 95.03
21.674 , 95.67 , 95.03
21.676 , 95.74 , 95.02
21.677 , 95.77 , 95.02
21.678 , 95.77 , 95.02
21.679 , 95.74 , 95.01
21.681 , 95.81 , 95.01
21.682 , 95.77 , 95.0
21.683 , 95.77 , 95.0
21.685 , 95.77 , 95.0
21.686 , 95.81 , 94.99
21.687 , 95.83 , 94.99
21.688 , 95.88 , 94.99
21.69 , 95.88 , 94.98
21.691 , 95.9 , 94.98
21.692 , 95.93 , 94.97
21.694 , 95.93 , 94.97
21.695 , 95.99 , 94.97
21.696 , 96.04 , 94.96
21.697 , 96.04 , 94.96
21.699 , 96.06 , 94.95
21.7 , 96.13 , 94.95
21.701 , 96.15 , 94.95
21.702 , 96.15 , 94.94
21.704 , 96.15 , 94.94
21.705 , 96.22 , 94.94
21.706 , 96.22 , 94.93
21.707 , 96.22 , 94.93
21.708 , 96.29 , 94.93
21.71 , 96.29 , 94.92
21.711 , 96.31 , 94.92
21.712 , 96.36 , 94.91
21.713 , 96.36 , 94.91
21.715 , 96.38 , 94.91
21.716 , 96.38 , 94.9
21.717 , 96.43 , 94.9
21.718 , 96.45 , 94.9
21.72 , 96.45 , 94.89
21.721 , 96.5 , 94.89
21.722 , 96.5 , 94.88
21.723 , 96.54 , 94.88
21.725 , 96.54 , 94.88
21.726 , 96.59 , 94.87
21.727 , 96.61 , 94.87
21.728 , 96.66 , 94.87
21.73 , 96.66 , 94.86
21.731 , 96.68 , 94.86
21.732 , 96.7 , 94.85
21.733 , 96.7 , 94.85
21.735 , 96.68 , 94.85
21.736 , 96.7 , 94.84
21.737 , 96.68 , 94.84
21.739 , 96.75 , 94.83
21.74 , 96.75 , 94.83
21.741 , 96.8 , 94.83
21.742 , 96.8 , 94.82
21.744 , 96.84 , 94.82
21.745 , 96.86 , 94.82
21.746 , 96.86 , 94.81
21.747 , 96.84 , 94.81
21.749 , 96.86 , 94.8
21.75 , 96.89 , 94.8
21.751 , 96.93 , 94.8
21.752 , 96.89 , 94.79
21.754 , 96.89 , 94.79
21.755 , 96.93 , 94.79
21.756 , 96.93 , 94.78
21.757 , 96.96 , 94.78
21.759 , 96.93 , 94.77
21.76 , 97.0 , 94.77
21.761 , 96.96 , 94.77
21.763 , 97.0 , 94.76
21.764 , 97.0 , 94.76
21.765 , 97.0 , 94.76
21.766 , 97.02 , 94.75
21.768 , 97.0 , 94.75
21.769 , 97.0 , 94.74
21.77 , 97.0 , 94.74
21.771 , 96.75 , 94.74
21.773 , 96.52 , 94.73
21.774 , 96.27 , 94.73
21.775 , 96.04 , 94.73
21.776 , 95.88 , 94.72
21.778 , 95.74 , 94.72
21.779 , 95.67 , 94.71
21.78 , 95.58 , 94.71
21.781 , 95.51 , 94.71
21.783 , 95.56 , 94.7
21.784 , 95.72 , 94.7
21.785 , 95.77 , 94.7
21.787 , 95.9 , 94.69
21.788 , 95.99 , 94.69
21.789 , 96.2 , 94.68
21.79 , 96.27 , 94.68
21.792 , 96.27 , 94.67
21.793 , 96.29 , 94.67
21.794 , 96.27 , 94.67
21.796 , 96.27 , 94.66
21.797 , 96.2 , 94.66
21.798 , 96.11 , 94.66
21.799 , 96.13 , 94.65
21.801 , 96.06 , 94.65
21.802 , 95.99 , 94.64
21.803 , 95.97 , 94.64
21.804 , 95.9 , 94.64
21.806 , 95.9 , 94.63
21.807 , 95.9 , 94.63
21.808 , 95.9 , 94.63
21.809 , 95.9 , 94.62
21.811 , 95.88 , 94.62
21.812 , 95.93 , 94.61
21.813 , 95.93 , 94.61
21.814 , 95.9 , 94.61
21.816 , 95.9 , 94.6
21.817 , 95.9 , 94.6
21.818 , 95.9 , 94.6
21.819 , 95.88 , 94.59
21.821 , 95.88 , 94.59
21.822 , 95.88 , 94.58
21.823 , 95.88 , 94.58
21.825 , 95.83 , 94.57
21.826 , 95.81 , 94.57
21.827 , 95.81 , 94.57
21.828 , 95.83 , 94.57
21.83 , 95.81 , 94.56
21.831 , 95.77 , 94.56
21.832 , 95.77 , 94.55
21.834 , 95.77 , 94.55
21.835 , 95.77 , 94.54
21.836 , 95.74 , 94.54
21.837 , 95.74 , 94.54
21.839 , 95.72 , 94.53
21.84 , 95.72 , 94.53
21.841 , 95.72 , 94.53
21.842 , 95.67 , 94.52
21.844 , 95.72 , 94.52
21.845 , 95.72 , 94.51
21.846 , 95.67 , 94.51
21.848 , 95.65 , 94.51
21.849 , 95.56 , 94.5
21.85 , 95.45 , 94.5
21.851 , 95.38 , 94.5
21.853 , 95.38 , 94.49
21.854 , 95.42 , 94.49
21.855 , 95.49 , 94.48
21.856 , 95.49 , 94.48
21.858 , 95.51 , 94.48
21.859 , 95.56 , 94.47
21.86 , 95.51 , 94.47
21.861 , 95.51 , 94.47
21.863 , 95.49 , 94.46
21.864 , 95.42 , 94.46
21.865 , 95.35 , 94.45
21.866 , 95.22 , 94.45
21.868 , 95.17 , 94.45
21.869 , 95.1 , 94.44
21.87 , 95.06 , 94.44
21.872 , 95.03 , 94.43
21.873 , 94.96 , 94.43
21.874 , 94.96 , 94.43
21.883 , 95.01 , 94.4
21.885 , 95.01 , 94.39
21.886 , 95.01 , 94.39
21.887 , 95.01 , 94.39
21.888 , 94.94 , 94.39
21.89 , 94.94 , 94.38
21.891 , 94.94 , 94.38
21.892 , 94.87 , 94.37
21.893 , 94.83 , 94.37
21.895 , 94.83 , 94.36
21.896 , 94.8 , 94.36
21.897 , 94.83 , 94.36
21.898 , 94.8 , 94.36
21.9 , 94.8 , 94.35
21.901 , 94.8 , 94.35
21.902 , 94.8 , 94.34
21.903 , 94.78 , 94.34
21.905 , 94.78 , 94.33
21.906 , 94.78 , 94.33
21.907 , 94.78 , 94.33
21.908 , 94.74 , 94.33
21.91 , 94.74 , 94.32
21.911 , 94.74 , 94.32
21.912 , 94.67 , 94.31
21.914 , 94.64 , 94.31
21.915 , 94.67 , 94.3
21.916 , 94.62 , 94.3
21.917 , 94.62 , 94.3
21.919 , 94.58 , 94.29
21.92 , 94.58 , 94.29
21.921 , 94.58 , 94.29
21.922 , 94.62 , 94.28
21.923 , 94.58 , 94.28
21.925 , 94.51 , 94.27
21.926 , 94.58 , 94.27
21.927 , 94.51 , 94.27
21.928 , 94.58 , 94.27
21.93 , 94.48 , 94.26
21.931 , 94.48 , 94.26
21.932 , 94.44 , 94.25
21.933 , 94.42 , 94.25
21.935 , 94.39 , 94.24
21.936 , 94.39 , 94.24
21.937 , 94.35 , 94.24
21.939 , 94.35 , 94.23
21.94 , 94.32 , 94.23
21.941 , 94.35 , 94.23
21.942 , 94.35 , 94.22
21.944 , 94.28 , 94.22
21.945 , 94.35 , 94.21
21.946 , 94.28 , 94.21
21.947 , 94.28 , 94.21
21.949 , 94.28 , 94.2
21.95 , 94.32 , 94.2
21.951 , 94.28 , 94.2
21.953 , 94.25 , 94.19
21.954 , 94.25 , 94.19
21.955 , 94.23 , 94.18
21.956 , 94.16 , 94.18
21.957 , 94.16 , 94.18
21.959 , 94.16 , 94.17
21.96 , 94.16 , 94.17
21.961 , 94.16 , 94.17
21.963 , 94.12 , 94.16
21.964 , 94.12 , 94.16
21.965 , 94.12 , 94.15
21.966 , 94.19 , 94.15
21.967 , 94.19 , 94.15
21.969 , 94.19 , 94.14
21.97 , 94.19 , 94.14
21.971 , 94.23 , 94.14
21.972 , 94.25 , 94.13
21.974 , 94.23 , 94.13
21.975 , 94.23 , 94.12
21.976 , 94.16 , 94.12
21.977 , 94.12 , 94.12
21.978 , 94.16 , 94.12
21.98 , 94.09 , 94.11
21.981 , 94.05 , 94.11
21.982 , 94.0 , 94.1
21.983 , 94.0 , 94.1
21.985 , 94.0 , 94.09
21.986 , 94.05 , 94.09
21.987 , 94.0 , 94.09
21.988 , 94.0 , 94.09
21.99 , 94.0 , 94.08
21.991 , 93.98 , 94.08
21.992 , 94.0 , 94.07
21.993 , 93.93 , 94.07
21.995 , 93.98 , 94.06
21.996 , 93.98 , 94.06
21.997 , 93.93 , 94.06
21.998 , 93.91 , 94.06
22.0 , 93.93 , 94.05
22.001 , 93.93 , 94.05
22.002 , 93.93 , 94.04
22.003 , 93.91 , 94.04
22.004 , 93.91 , 94.04
22.006 , 93.93 , 94.03
22.007 , 93.87 , 94.03
22.008 , 93.87 , 94.03
22.009 , 93.84 , 94.02
22.011 , 93.84 , 94.02
22.012 , 93.82 , 94.01
22.013 , 93.82 , 94.01
22.014 , 93.82 , 94.01
22.016 , 93.82 , 94.0
22.017 , 93.84 , 94.0
22.018 , 93.77 , 94.0
22.019 , 93.82 , 93.99
22.021 , 93.82 , 93.99
22.022 , 93.75 , 93.98
22.023 , 93.75 , 93.98
22.024 , 93.77 , 93.98
22.026 , 93.71 , 93.97
22.027 , 93.71 , 93.97
22.028 , 93.75 , 93.97
22.029 , 93.75 , 93.96
22.031 , 93.71 , 93.96
22.032 , 93.71 , 93.95
22.033 , 93.68 , 93.95
22.034 , 93.66 , 93.95
22.036 , 93.61 , 93.94
22.037 , 93.66 , 93.94
22.038 , 93.61 , 93.94
22.039 , 93.61 , 93.93
22.041 , 93.61 , 93.93
22.042 , 93.61 , 93.92
22.043 , 93.66 , 93.92
22.044 , 93.66 , 93.92
22.045 , 93.66 , 93.91
22.047 , 93.61 , 93.91
22.048 , 93.59 , 93.91
22.049 , 93.61 , 93.9
22.05 , 93.55 , 93.9
22.052 , 93.59 , 93.89
22.053 , 93.52 , 93.89
22.054 , 93.48 , 93.89
22.055 , 93.52 , 93.88
22.057 , 93.52 , 93.88
22.058 , 93.52 , 93.88
22.059 , 93.52 , 93.87
22.06 , 93.48 , 93.87
22.062 , 93.43 , 93.86
22.063 , 93.45 , 93.86
22.064 , 93.48 , 93.86
22.065 , 93.43 , 93.85
22.067 , 93.43 , 93.85
22.068 , 93.39 , 93.85
22.069 , 93.39 , 93.84
22.071 , 93.43 , 93.84
22.072 , 93.43 , 93.83
22.073 , 93.36 , 93.83
22.074 , 93.36 , 93.83
22.075 , 93.39 , 93.82
22.077 , 93.36 , 93.82
22.078 , 93.36 , 93.82
22.079 , 93.32 , 93.81
22.081 , 93.32 , 93.81
22.082 , 93.32 , 93.8
22.083 , 93.32 , 93.8
22.084 , 93.29 , 93.8
22.086 , 93.32 , 93.79
22.087 , 93.29 , 93.79
22.088 , 93.32 , 93.79
22.089 , 93.27 , 93.78
22.091 , 93.27 , 93.78
22.092 , 93.27 , 93.77
22.093 , 93.27 , 93.77
22.094 , 93.22 , 93.77
22.096 , 93.22 , 93.76
22.097 , 93.2 , 93.76
22.098 , 93.2 , 93.76
22.1 , 93.16 , 93.75
22.101 , 93.2 , 93.75
22.102 , 93.22 , 93.74
22.103 , 93.16 , 93.74
22.104 , 93.2 , 93.74
22.106 , 93.2 , 93.73
22.107 , 93.2 , 93.73
22.108 , 93.16 , 93.73
22.109 , 93.13 , 93.72
22.111 , 93.13 , 93.72
22.112 , 93.11 , 93.71
22.113 , 93.11 , 93.71
22.114 , 93.11 , 93.71
22.116 , 93.11 , 93.7
22.117 , 93.11 , 93.7
22.118 , 93.06 , 93.7
22.119 , 93.06 , 93.69
22.121 , 93.04 , 93.69
22.122 , 93.06 , 93.68
22.123 , 93.0 , 93.68
22.124 , 93.0 , 93.68
22.125 , 93.0 , 93.67
22.127 , 93.0 , 93.67
22.128 , 93.04 , 93.67
22.129 , 93.0 , 93.66
22.13 , 93.0 , 93.66
22.132 , 93.0 , 93.65
22.133 , 92.97 , 93.65
22.134 , 92.97 , 93.65
22.135 , 92.93 , 93.64
22.136 , 92.93 , 93.64
22.138 , 92.9 , 93.64
22.139 , 92.9 , 93.63
22.14 , 92.88 , 93.63
22.141 , 92.9 , 93.63
22.143 , 92.93 , 93.62
22.144 , 92.9 , 93.62
22.145 , 92.93 , 93.61
22.146 , 92.9 , 93.61
22.148 , 92.9 , 93.61
22.149 , 92.9 , 93.6
22.15 , 92.88 , 93.6
22.151 , 92.84 , 93.6
22.153 , 92.84 , 93.59
22.154 , 92.81 , 93.59
22.155 , 92.81 , 93.58
22.157 , 92.81 , 93.58
22.158 , 92.81 , 93.58
22.159 , 92.81 , 93.57
22.16 , 92.81 , 93.57
22.162 , 92.81 , 93.56
22.163 , 92.77 , 93.56
22.164 , 92.77 , 93.56
22.165 , 92.77 , 93.55
22.167 , 92.74 , 93.55
22.168 , 92.77 , 93.55
22.169 , 92.74 , 93.54
22.17 , 92.72 , 93.54
22.172 , 92.74 , 93.53
22.173 , 92.74 , 93.53
22.174 , 92.72 , 93.53
22.176 , 92.72 , 93.52
22.177 , 92.65 , 93.52
22.178 , 92.65 , 93.52
22.179 , 92.65 , 93.51
22.18 , 92.61 , 93.51
22.182 , 92.61 , 93.5
22.183 , 92.61 , 93.5
22.184 , 92.61 , 93.5
22.185 , 92.72 , 93.49
22.186 , 92.61 , 93.49
22.188 , 92.61 , 93.48
22.189 , 92.61 , 93.48
22.19 , 92.61 , 93.48
22.191 , 92.56 , 93.48
22.193 , 92.61 , 93.47
22.194 , 92.58 , 93.47
22.195 , 92.58 , 93.46
22.196 , 92.56 , 93.46
22.198 , 92.52 , 93.45
22.199 , 92.52 , 93.45
22.2 , 92.52 , 93.45
22.201 , 92.56 , 93.45
22.203 , 92.52 , 93.44
22.204 , 92.52 , 93.44
22.205 , 92.49 , 93.43
22.206 , 92.49 , 93.43
22.208 , 92.49 , 93.42
22.209 , 92.49 , 93.42
22.21 , 92.49 , 93.42
22.212 , 92.42 , 93.41
22.213 , 92.42 , 93.41
22.214 , 92.42 , 93.41
22.215 , 92.45 , 93.4
22.217 , 92.45 , 93.4
22.218 , 92.38 , 93.39
22.219 , 92.38 , 93.39
22.22 , 92.36 , 93.39
22.222 , 92.42 , 93.38
22.223 , 92.38 , 93.38
22.224 , 92.36 , 93.38
22.225 , 92.36 , 93.37
22.227 , 92.36 , 93.37
22.228 , 92.36 , 93.36
22.229 , 92.33 , 93.36
22.23 , 92.33 , 93.36
22.231 , 92.36 , 93.36
22.233 , 92.29 , 93.35
22.234 , 92.29 , 93.35
22.235 , 92.29 , 93.34
22.236 , 92.29 , 93.34
22.238 , 92.26 , 93.33
22.239 , 92.22 , 93.33
22.24 , 92.22 , 93.33
22.241 , 92.26 , 93.33
22.242 , 92.22 , 93.32
22.244 , 92.22 , 93.32
22.245 , 92.26 , 93.31
22.246 , 92.26 , 93.31
22.247 , 92.22 , 93.31
22.248 , 92.2 , 93.3
22.25 , 92.2 , 93.3
22.251 , 92.22 , 93.3
22.252 , 92.17 , 93.29
22.253 , 92.2 , 93.29
22.255 , 92.17 , 93.28
22.256 , 92.17 , 93.28
22.257 , 92.17 , 93.28
22.259 , 92.17 , 93.27
22.26 , 92.13 , 93.27
22.261 , 92.13 , 93.27
22.262 , 92.13 , 93.26
22.264 , 92.1 , 93.26
22.265 , 92.06 , 93.25
22.266 , 92.1 , 93.25
22.267 , 92.06 , 93.25
22.269 , 92.06 , 93.24
22.27 , 92.06 , 93.24
22.271 , 92.03 , 93.24
22.273 , 92.03 , 93.23
22.274 , 91.99 , 93.23
22.275 , 91.99 , 93.22
22.276 , 91.99 , 93.22
22.278 , 91.97 , 93.21
22.279 , 91.94 , 93.21
22.28 , 91.97 , 93.21
22.281 , 91.94 , 93.21
22.283 , 91.94 , 93.2
22.284 , 91.97 , 93.2
22.285 , 91.99 , 93.19
22.286 , 91.97 , 93.19
22.288 , 91.97 , 93.18
22.289 , 91.94 , 93.18
22.29 , 91.94 , 93.18
22.291 , 91.9 , 93.18
22.292 , 91.9 , 93.17
22.294 , 91.87 , 93.17
22.295 , 91.87 , 93.16
22.296 , 91.83 , 93.16
22.297 , 91.83 , 93.16
22.299 , 91.83 , 93.15
22.3 , 91.87 , 93.15
22.301 , 91.83 , 93.15
22.302 , 91.83 , 93.14
22.303 , 91.87 , 93.14
22.305 , 91.81 , 93.13
22.306 , 91.83 , 93.13
22.307 , 91.81 , 93.13
22.308 , 91.81 , 93.12
22.31 , 91.81 , 93.12
22.311 , 91.74 , 93.12
22.312 , 91.78 , 93.11
22.313 , 91.81 , 93.11
22.315 , 91.74 , 93.1
22.316 , 91.78 , 93.1
22.317 , 91.71 , 93.1
22.319 , 91.74 , 93.09
22.32 , 91.67 , 93.09
22.321 , 91.71 , 93.09
22.322 , 91.67 , 93.08
22.324 , 91.67 , 93.08
22.325 , 91.71 , 93.07
22.326 , 91.78 , 93.07
22.327 , 91.83 , 93.07
22.329 , 91.87 , 93.06
22.33 , 91.9 , 93.06
22.331 , 91.94 , 93.06
22.333 , 91.97 , 93.05
22.334 , 91.99 , 93.05
22.335 , 91.97 , 93.04
22.336 , 91.99 , 93.04
22.337 , 91.97 , 93.04
22.339 , 91.9 , 93.03
22.34 , 91.9 , 93.03
22.341 , 91.9 , 93.03
22.342 , 91.87 , 93.02
22.344 , 91.83 , 93.02
22.345 , 91.81 , 93.01
22.346 , 91.81 , 93.01
22.347 , 91.78 , 93.01
22.349 , 91.78 , 93.0
22.35 , 91.78 , 93.0
22.351 , 91.81 , 93.0
22.352 , 91.78 , 92.99
22.354 , 91.81 , 92.99
22.355 , 91.83 , 92.98
22.356 , 91.83 , 92.98
22.357 , 91.87 , 92.98
22.359 , 91.87 , 92.97
22.36 , 91.83 , 92.97
22.361 , 91.87 , 92.97
22.362 , 91.87 , 92.96
22.364 , 91.83 , 92.96
22.365 , 91.83 , 92.95
22.366 , 91.87 , 92.95
22.367 , 91.9 , 92.95
22.369 , 91.9 , 92.94
22.37 , 91.87 , 92.94
22.371 , 91.9 , 92.94
22.372 , 91.83 , 92.93
22.373 , 91.83 , 92.93
22.375 , 91.9 , 92.92
22.376 , 91.87 , 92.92
22.377 , 91.87 , 92.92
22.378 , 91.87 , 92.91
22.38 , 91.83 , 92.91
22.381 , 91.87 , 92.91
22.382 , 91.9 , 92.9
22.383 , 91.94 , 92.9
22.385 , 91.9 , 92.89
22.386 , 91.9 , 92.89
22.387 , 91.87 , 92.89
22.388 , 91.87 , 92.88
22.39 , 91.97 , 92.88
22.391 , 91.99 , 92.88
22.392 , 92.1 , 92.87
22.393 , 92.17 , 92.87
22.395 , 92.29 , 92.86
22.396 , 92.49 , 92.86
22.397 , 92.65 , 92.86
22.398 , 92.68 , 92.85
22.4 , 92.72 , 92.85
22.401 , 92.74 , 92.85
22.402 , 92.77 , 92.84
22.404 , 92.77 , 92.84
22.405 , 92.74 , 92.83
22.406 , 92.68 , 92.83
22.407 , 92.65 , 92.83
22.409 , 92.65 , 92.82
22.41 , 92.58 , 92.82
22.411 , 92.58 , 92.82
22.412 , 92.61 , 92.81
22.414 , 92.68 , 92.81
22.415 , 92.74 , 92.8
22.416 , 92.81 , 92.8
22.417 , 92.9 , 92.8
22.418 , 93.0 , 92.79
22.42 , 93.11 , 92.79
22.421 , 93.22 , 92.79
22.422 , 93.29 , 92.78
22.423 , 93.36 , 92.78
22.425 , 93.39 , 92.77
22.426 , 93.43 , 92.77
22.427 , 93.39 , 92.77
22.428 , 93.45 , 92.76
22.43 , 93.43 , 92.76
22.431 , 93.45 , 92.76
22.432 , 93.43 , 92.75
22.433 , 93.43 , 92.75
22.435 , 93.45 , 92.74
22.436 , 93.45 , 92.74
22.437 , 93.48 , 92.74
22.438 , 93.52 , 92.73
22.44 , 93.55 , 92.73
22.441 , 93.59 , 92.73
22.442 , 93.66 , 92.72
22.443 , 93.68 , 92.72
22.445 , 93.68 , 92.71
22.446 , 93.71 , 92.71
22.447 , 93.77 , 92.71
22.448 , 93.84 , 92.7
22.45 , 93.84 , 92.7
22.451 , 93.84 , 92.7
22.452 , 93.87 , 92.69
22.454 , 93.87 , 92.69
22.455 , 93.87 , 92.68
22.456 , 93.91 , 92.68
22.457 , 93.87 , 92.68
22.458 , 93.91 , 92.67
22.46 , 93.93 , 92.67
22.461 , 94.0 , 92.67
22.462 , 94.05 , 92.66
22.463 , 94.09 , 92.66
22.465 , 94.12 , 92.65
22.466 , 94.12 , 92.65
22.467 , 94.19 , 92.65
22.468 , 94.19 , 92.64
22.47 , 94.23 , 92.64
22.471 , 94.19 , 92.64
22.472 , 94.23 , 92.63
22.473 , 94.25 , 92.63
22.475 , 94.25 , 92.62
22.476 , 94.25 , 92.62
22.477 , 94.28 , 92.62
22.478 , 94.35 , 92.61
22.48 , 94.35 , 92.61
22.481 , 94.35 , 92.61
22.482 , 94.35 , 92.6
22.483 , 94.42 , 92.6
22.485 , 94.42 , 92.59
22.486 , 94.42 , 92.59
22.487 , 94.44 , 92.59
22.489 , 94.44 , 92.58
22.49 , 94.48 , 92.58
22.491 , 94.58 , 92.58
22.492 , 94.51 , 92.57
22.493 , 94.62 , 92.57
22.495 , 94.62 , 92.56
22.496 , 94.64 , 92.56
22.497 , 94.62 , 92.56
22.499 , 94.58 , 92.55
22.5 , 94.62 , 92.55
22.501 , 94.64 , 92.55
22.502 , 94.64 , 92.54
22.503 , 94.64 , 92.54
22.505 , 94.67 , 92.53
22.506 , 94.71 , 92.53
22.507 , 94.67 , 92.53
22.509 , 94.67 , 92.52
22.51 , 94.71 , 92.52
22.511 , 94.58 , 92.52
22.512 , 94.39 , 92.51
22.514 , 94.05 , 92.51
22.515 , 93.77 , 92.5
22.516 , 93.55 , 92.5
22.517 , 93.43 , 92.5
22.518 , 93.32 , 92.49
22.52 , 93.2 , 92.49
22.521 , 93.2 , 92.49
22.522 , 93.2 , 92.48
22.524 , 93.27 , 92.48
22.525 , 93.36 , 92.47
22.526 , 93.48 , 92.47
22.527 , 93.68 , 92.47
22.529 , 93.77 , 92.46
22.53 , 93.91 , 92.46
22.531 , 93.93 , 92.46
22.532 , 94.0 , 92.45
22.534 , 94.05 , 92.45
22.535 , 94.0 , 92.44
22.536 , 93.98 , 92.44
22.537 , 93.91 , 92.44
22.538 , 93.87 , 92.43
22.54 , 93.77 , 92.43
22.541 , 93.71 , 92.43
22.542 , 93.71 , 92.42
22.543 , 93.66 , 92.42
22.545 , 93.61 , 92.41
22.546 , 93.61 , 92.41
22.547 , 93.59 , 92.41
22.548 , 93.59 , 92.4
22.55 , 93.59 , 92.4
22.551 , 93.61 , 92.39
22.552 , 93.61 , 92.39
22.553 , 93.61 , 92.39
22.555 , 93.61 , 92.38
22.556 , 93.66 , 92.38
22.557 , 93.61 , 92.38
22.558 , 93.66 , 92.37
22.56 , 93.61 , 92.37
22.561 , 93.59 , 92.36
22.562 , 93.55 , 92.36
22.563 , 93.55 , 92.36
22.565 , 93.55 , 92.35
22.566 , 93.55 , 92.35
22.567 , 93.55 , 92.35
22.568 , 93.55 , 92.34
22.57 , 93.52 , 92.34
22.571 , 93.52 , 92.33
22.572 , 93.48 , 92.33
22.573 , 93.48 , 92.33
22.575 , 93.48 , 92.32
22.576 , 93.48 , 92.32
22.577 , 93.48 , 92.32
22.578 , 93.45 , 92.31
22.58 , 93.43 , 92.31
22.581 , 93.43 , 92.3
22.582 , 93.48 , 92.3
22.583 , 93.48 , 92.3
22.585 , 93.43 , 92.29
22.586 , 93.39 , 92.29
22.587 , 93.43 , 92.29
22.588 , 93.45 , 92.28
22.59 , 93.43 , 92.28
22.591 , 93.36 , 92.27
22.592 , 93.39 , 92.27
22.593 , 93.36 , 92.27
22.595 , 93.39 , 92.26
22.596 , 93.32 , 92.26
22.597 , 93.36 , 92.26
22.606 , 93.22 , 92.23
22.608 , 93.27 , 92.22
22.609 , 93.29 , 92.22
22.61 , 93.29 , 92.22
22.611 , 93.22 , 92.21
22.612 , 93.2 , 92.21
22.614 , 93.16 , 92.21
22.615 , 93.13 , 92.2
22.616 , 93.0 , 92.2
22.617 , 92.93 , 92.2
22.619 , 92.88 , 92.19
22.62 , 92.81 , 92.19
22.621 , 92.74 , 92.18
22.622 , 92.77 , 92.18
22.624 , 92.77 , 92.18
22.625 , 92.77 , 92.17
22.626 , 92.77 , 92.17
22.628 , 92.81 , 92.16
22.629 , 92.77 , 92.16
22.63 , 92.84 , 92.16
22.631 , 92.84 , 92.15
22.633 , 92.77 , 92.15
22.634 , 92.81 , 92.15
22.635 , 92.81 , 92.14
22.636 , 92.77 , 92.14
22.638 , 92.72 , 92.13
22.639 , 92.68 , 92.13
22.64 , 92.65 , 92.13
22.641 , 92.61 , 92.12
22.643 , 92.61 , 92.12
22.644 , 92.58 , 92.12
22.645 , 92.65 , 92.11
22.646 , 92.61 , 92.11
22.647 , 92.65 , 92.11
22.649 , 92.58 , 92.1
22.65 , 92.58 , 92.1
22.651 , 92.58 , 92.09
22.652 , 92.58 , 92.09
22.654 , 92.58 , 92.09
22.655 , 92.56 , 92.08
22.656 , 92.58 , 92.08
22.657 , 92.56 , 92.08
22.659 , 92.52 , 92.07
22.66 , 92.49 , 92.07
22.661 , 92.49 , 92.06
22.663 , 92.49 , 92.06
22.664 , 92.45 , 92.06
22.665 , 92.42 , 92.05
22.666 , 92.38 , 92.05
22.668 , 92.42 , 92.04
22.669 , 92.38 , 92.04
22.67 , 92.38 , 92.04
22.671 , 92.36 , 92.03
22.673 , 92.36 , 92.03
22.674 , 92.33 , 92.03
22.675 , 92.33 , 92.02
22.676 , 92.33 , 92.02
22.678 , 92.33 , 92.01
22.679 , 92.29 , 92.01
22.68 , 92.29 , 92.01
22.681 , 92.29 , 92.0
22.682 , 92.26 , 92.0
22.684 , 92.26 , 92.0
22.685 , 92.26 , 91.99
22.686 , 92.22 , 91.99
22.687 , 92.22 , 91.99
22.689 , 92.22 , 91.98
22.69 , 92.2 , 91.98
22.691 , 92.22 , 91.97
22.692 , 92.2 , 91.97
22.694 , 92.17 , 91.97
22.695 , 92.13 , 91.96
22.696 , 92.1 , 91.96
22.698 , 92.1 , 91.95
22.699 , 92.13 , 91.95
22.7 , 92.13 , 91.95
22.702 , 92.1 , 91.94
22.703 , 92.1 , 91.94
22.704 , 92.06 , 91.94
22.705 , 92.03 , 91.93
22.707 , 92.06 , 91.93
22.708 , 91.99 , 91.92
22.709 , 92.03 , 91.92
22.71 , 92.03 , 91.92
22.712 , 91.99 , 91.91
22.713 , 91.99 , 91.91
22.714 , 91.97 , 91.91
22.715 , 91.9 , 91.9
22.717 , 91.97 , 91.9
22.718 , 91.97 , 91.89
22.719 , 91.99 , 91.89
22.72 , 91.99 , 91.89
22.722 , 92.03 , 91.88
22.723 , 92.06 , 91.88
22.724 , 92.06 , 91.88
22.726 , 92.06 , 91.87
22.727 , 92.03 , 91.87
22.728 , 92.03 , 91.86
22.729 , 91.97 , 91.86
22.731 , 91.99 , 91.85
22.732 , 91.94 , 91.85
22.733 , 91.9 , 91.85
22.734 , 91.87 , 91.85
22.736 , 91.87 , 91.84
22.737 , 91.83 , 91.84
22.738 , 91.83 , 91.83
22.739 , 91.83 , 91.83
22.741 , 91.87 , 91.82
22.742 , 91.87 , 91.82
22.743 , 91.83 , 91.82
22.744 , 91.83 , 91.82
22.746 , 91.83 , 91.81
22.747 , 91.83 , 91.81
22.748 , 91.83 , 91.8
22.749 , 91.83 , 91.8
22.751 , 91.81 , 91.79
22.752 , 91.78 , 91.79
22.753 , 91.74 , 91.79
22.754 , 91.78 , 91.79
22.756 , 91.78 , 91.78
22.757 , 91.74 , 91.78
22.758 , 91.78 , 91.77
22.76 , 91.67 , 91.77
22.761 , 91.71 , 91.76
22.762 , 91.71 , 91.76
22.763 , 91.65 , 91.76
22.765 , 91.67 , 91.75
22.766 , 91.71 , 91.75
22.767 , 91.65 , 91.75
22.768 , 91.65 , 91.74
22.77 , 91.67 , 91.74
22.771 , 91.67 , 91.73
22.772 , 91.65 , 91.73
22.773 , 91.65 , 91.73
22.775 , 91.65 , 91.72
22.776 , 91.58 , 91.72
22.777 , 91.62 , 91.72
22.778 , 91.58 , 91.71
22.78 , 91.55 , 91.71
22.781 , 91.58 , 91.7
22.782 , 91.55 , 91.7
22.783 , 91.55 , 91.7
22.785 , 91.55 , 91.69
22.786 , 91.55 , 91.69
22.787 , 91.62 , 91.69
22.788 , 91.58 , 91.68
22.789 , 91.55 , 91.68
22.791 , 91.55 , 91.67
22.792 , 91.51 , 91.67
22.793 , 91.49 , 91.67
22.795 , 91.49 , 91.66
22.796 , 91.49 , 91.66
22.797 , 91.49 , 91.66
22.798 , 91.42 , 91.65
22.8 , 91.49 , 91.65
22.801 , 91.44 , 91.64
22.802 , 91.44 , 91.64
22.803 , 91.49 , 91.64
22.805 , 91.44 , 91.63
22.806 , 91.42 , 91.63
22.807 , 91.42 , 91.63
22.809 , 91.42 , 91.62
22.81 , 91.39 , 91.62
22.811 , 91.33 , 91.61
22.812 , 91.33 , 91.61
22.813 , 91.28 , 91.61
22.815 , 91.35 , 91.6
22.816 , 91.39 , 91.6
22.817 , 91.35 , 91.6
22.819 , 91.33 , 91.59
22.82 , 91.33 , 91.59
22.821 , 91.28 , 91.58
22.822 , 91.28 , 91.58
22.824 , 91.26 , 91.58
22.825 , 91.28 , 91.57
22.826 , 91.26 , 91.57
22.827 , 91.23 , 91.57
22.829 , 91.26 , 91.56
22.83 , 91.23 , 91.56
22.831 , 91.23 , 91.55
22.832 , 91.26 , 91.55
22.834 , 91.23 , 91.55
22.835 , 91.23 , 91.54
22.836 , 91.23 , 91.54
22.837 , 91.19 , 91.54
22.838 , 91.17 , 91.53
22.84 , 91.19 , 91.53
22.841 , 91.17 , 91.52
22.842 , 91.17 , 91.52
22.844 , 91.12 , 91.52
22.845 , 91.17 , 91.51
22.846 , 91.17 , 91.51
22.847 , 91.17 , 91.51
22.849 , 91.12 , 91.5
22.85 , 91.12 , 91.5
22.851 , 91.1 , 91.49
22.852 , 91.12 , 91.49
22.853 , 91.07 , 91.49
22.855 , 91.07 , 91.48
22.856 , 91.03 , 91.48
22.857 , 91.03 , 91.48
22.858 , 91.03 , 91.47
22.86 , 91.0 , 91.47
22.861 , 91.0 , 91.46
22.862 , 91.03 , 91.46
22.863 , 91.03 , 91.46
22.865 , 91.03 , 91.45
22.866 , 91.03 , 91.45
22.867 , 91.03 , 91.45
22.869 , 91.0 , 91.44
22.87 , 91.0 , 91.44
22.871 , 90.96 , 91.43
22.872 , 90.94 , 91.43
22.873 , 90.96 , 91.43
22.875 , 90.89 , 91.42
22.876 , 90.94 , 91.42
22.877 , 90.94 , 91.42
22.879 , 90.89 , 91.41
22.88 , 90.89 , 91.41
22.881 , 90.94 , 91.4
22.882 , 90.89 , 91.4
22.884 , 90.94 , 91.4
22.885 , 90.94 , 91.39
22.886 , 90.94 , 91.39
22.887 , 90.87 , 91.39
22.889 , 90.87 , 91.38
22.89 , 90.84 , 91.38
22.891 , 90.84 , 91.37
22.892 , 90.84 , 91.37
22.894 , 90.84 , 91.37
22.895 , 90.8 , 91.36
22.896 , 90.84 , 91.36
22.897 , 90.8 , 91.36
22.899 , 90.8 , 91.35
22.9 , 90.8 , 91.35
22.901 , 90.8 , 91.34
22.902 , 90.8 , 91.34
22.904 , 90.8 , 91.34
22.905 , 90.78 , 91.33
22.906 , 90.78 , 91.33
22.907 , 90.78 , 91.33
22.909 , 90.78 , 91.32
22.91 , 90.73 , 91.32
22.911 , 90.78 , 91.31
22.913 , 90.73 , 91.31
22.914 , 90.71 , 91.3
22.915 , 90.71 , 91.3
22.916 , 90.71 , 91.3
22.918 , 90.71 , 91.29
22.919 , 90.64 , 91.29
22.92 , 90.71 , 91.29
22.921 , 90.64 , 91.28
22.923 , 90.68 , 91.28
22.924 , 90.64 , 91.27
22.925 , 90.68 , 91.27
22.926 , 90.68 , 91.27
22.928 , 90.68 , 91.26
22.929 , 90.64 , 91.26
22.93 , 90.64 , 91.26
22.931 , 90.62 , 91.25
22.932 , 90.64 , 91.25
22.934 , 90.64 , 91.24
22.935 , 90.57 , 91.24
22.936 , 90.55 , 91.24
22.938 , 90.57 , 91.23
22.939 , 90.55 , 91.23
22.94 , 90.55 , 91.23
22.941 , 90.57 , 91.22
22.943 , 90.55 , 91.22
22.944 , 90.55 , 91.21
22.945 , 90.57 , 91.21
22.946 , 90.48 , 91.21
22.948 , 90.48 , 91.2
22.949 , 90.55 , 91.2
22.95 , 90.46 , 91.2
22.951 , 90.41 , 91.19
22.953 , 90.46 , 91.19
22.954 , 90.46 , 91.18
22.955 , 90.46 , 91.18
22.956 , 90.41 , 91.18
22.957 , 90.41 , 91.18
22.959 , 90.39 , 91.17
22.96 , 90.39 , 91.17
22.961 , 90.41 , 91.16
22.962 , 90.39 , 91.16
22.964 , 90.39 , 91.15
22.965 , 90.34 , 91.15
22.966 , 90.34 , 91.15
22.968 , 90.34 , 91.14
22.969 , 90.34 , 91.14
22.97 , 90.34 , 91.14
22.971 , 90.32 , 91.13
22.973 , 90.34 , 91.13
22.974 , 90.32 , 91.12
22.975 , 90.3 , 91.12
22.976 , 90.25 , 91.12
22.978 , 90.3 , 91.11
22.979 , 90.3 , 91.11
22.98 , 90.23 , 91.11
22.981 , 90.23 , 91.1
22.982 , 90.25 , 91.1
22.984 , 90.18 , 91.09
22.985 , 90.25 , 91.09
22.986 , 90.18 , 91.09
22.987 , 90.18 , 91.09
22.989 , 90.16 , 91.08
22.99 , 90.18 , 91.08
22.991 , 90.16 , 91.07
22.992 , 90.16 , 91.07
22.994 , 90.14 , 91.06
22.995 , 90.14 , 91.06
22.996 , 90.09 , 91.06
22.997 , 90.09 , 91.06
22.999 , 90.09 , 91.05
23.0 , 90.07 , 91.05
23.001 , 90.07 , 91.04
23.003 , 90.09 , 91.04
23.004 , 90.07 , 91.03
23.005 , 90.07 , 91.03
23.006 , 90.07 , 91.03
23.008 , 90.02 , 91.02
23.009 , 90.02 , 91.02
23.01 , 90.07 , 91.02
23.011 , 90.0 , 91.01
23.012 , 89.95 , 91.01
23.014 , 89.93 , 91.0
23.015 , 90.0 , 91.0
23.016 , 89.95 , 91.0
23.017 , 90.0 , 91.0
23.018 , 89.95 , 90.99
23.02 , 89.95 , 90.99
23.021 , 89.95 , 90.98
23.022 , 89.93 , 90.98
23.024 , 89.93 , 90.97
23.025 , 89.93 , 90.97
23.026 , 89.95 , 90.97
23.027 , 89.93 , 90.97
23.029 , 89.91 , 90.96
23.03 , 89.91 , 90.96
23.031 , 89.91 , 90.95
23.032 , 89.93 , 90.95
23.034 , 89.91 , 90.94
23.035 , 89.91 , 90.94
23.036 , 89.86 , 90.94
23.037 , 89.84 , 90.94
23.038 , 89.79 , 90.93
23.04 , 89.84 , 90.93
23.041 , 89.79 , 90.92
23.042 , 89.79 , 90.92
23.043 , 89.84 , 90.92
23.045 , 89.79 , 90.91
23.046 , 89.79 , 90.91
23.047 , 89.77 , 90.91
23.048 , 89.79 , 90.9
23.05 , 89.79 , 90.9
23.051 , 89.79 , 90.89
23.052 , 89.77 , 90.89
23.053 , 89.75 , 90.89
23.055 , 89.77 , 90.88
23.056 , 89.7 , 90.88
23.057 , 89.75 , 90.88
23.059 , 89.75 , 90.87
23.06 , 89.7 , 90.87
23.061 , 89.7 , 90.86
23.062 , 89.75 , 90.86
23.063 , 89.75 , 90.86
23.065 , 89.75 , 90.85
23.066 , 89.7 , 90.85
23.067 , 89.7 , 90.85
23.069 , 89.7 , 90.84
23.07 , 89.68 , 90.84
23.071 , 89.63 , 90.83
23.072 , 89.61 , 90.83
23.074 , 89.56 , 90.82
23.075 , 89.61 , 90.82
23.076 , 89.68 , 90.82
23.077 , 89.75 , 90.82
23.079 , 89.75 , 90.81
23.08 , 89.84 , 90.81
23.081 , 89.84 , 90.8
23.083 , 89.86 , 90.8
23.084 , 89.91 , 90.79
23.085 , 89.91 , 90.79
23.086 , 89.93 , 90.79
23.087 , 89.93 , 90.79
23.089 , 89.93 , 90.78
23.09 , 89.86 , 90.78
23.091 , 89.84 , 90.77
23.092 , 89.77 , 90.77
23.094 , 89.77 , 90.76
23.095 , 89.75 , 90.76
23.096 , 89.77 , 90.76
23.098 , 89.7 , 90.75
23.099 , 89.7 , 90.75
23.1 , 89.75 , 90.75
23.101 , 89.75 , 90.74
23.103 , 89.77 , 90.74
23.104 , 89.77 , 90.73
23.105 , 89.77 , 90.73
23.106 , 89.77 , 90.73
23.108 , 89.84 , 90.72
23.109 , 89.79 , 90.72
23.11 , 89.86 , 90.72
23.111 , 89.79 , 90.71
23.113 , 89.79 , 90.71
23.114 , 89.77 , 90.7
23.115 , 89.79 , 90.7
23.116 , 89.77 , 90.7
23.118 , 89.77 , 90.69
23.119 , 89.77 , 90.69
23.12 , 89.79 , 90.69
23.121 , 89.77 , 90.68
23.123 , 89.77 , 90.68
23.124 , 89.77 , 90.67
23.125 , 89.75 , 90.67
23.126 , 89.79 , 90.67
23.128 , 89.84 , 90.66
23.129 , 89.79 , 90.66
23.13 , 89.79 , 90.66
23.131 , 89.84 , 90.65
23.133 , 89.79 , 90.65
23.134 , 89.79 , 90.64
23.135 , 89.79 , 90.64
23.136 , 89.79 , 90.64
23.138 , 89.79 , 90.63
23.139 , 89.77 , 90.63
23.14 , 89.84 , 90.63
23.142 , 89.95 , 90.62
23.143 , 90.02 , 90.62
23.144 , 90.16 , 90.61
23.145 , 90.3 , 90.61
23.146 , 90.48 , 90.61
23.148 , 90.68 , 90.6
23.149 , 90.71 , 90.6
23.15 , 90.68 , 90.6
23.151 , 90.68 , 90.59
23.153 , 90.71 , 90.59
23.154 , 90.71 , 90.58
23.155 , 90.64 , 90.58
23.156 , 90.62 , 90.58
23.158 , 90.57 , 90.57
23.159 , 90.55 , 90.57
23.16 , 90.48 , 90.57
23.161 , 90.48 , 90.56
23.163 , 90.57 , 90.56
23.164 , 90.68 , 90.55
23.165 , 90.73 , 90.55
23.166 , 90.78 , 90.55
23.168 , 90.89 , 90.54
23.169 , 91.03 , 90.54
23.17 , 91.12 , 90.54
23.171 , 91.19 , 90.53
23.173 , 91.23 , 90.53
23.174 , 91.28 , 90.52
23.175 , 91.33 , 90.52
23.176 , 91.33 , 90.52
23.178 , 91.35 , 90.51
23.179 , 91.33 , 90.51
23.18 , 91.35 , 90.51
23.181 , 91.28 , 90.5
23.183 , 91.33 , 90.5
23.184 , 91.35 , 90.49
23.185 , 91.39 , 90.49
23.186 , 91.42 , 90.49
23.188 , 91.44 , 90.48
23.189 , 91.44 , 90.48
23.19 , 91.51 , 90.48
23.191 , 91.55 , 90.47
23.192 , 91.55 , 90.47
23.194 , 91.58 , 90.46
23.195 , 91.62 , 90.46
23.196 , 91.65 , 90.46
23.197 , 91.67 , 90.46
23.199 , 91.71 , 90.45
23.2 , 91.74 , 90.45
23.201 , 91.78 , 90.44
23.203 , 91.78 , 90.44
23.204 , 91.78 , 90.43
23.205 , 91.81 , 90.43
23.206 , 91.83 , 90.43
23.207 , 91.83 , 90.43
23.209 , 91.83 , 90.42
23.21 , 91.9 , 90.42
23.211 , 91.94 , 90.41
23.212 , 91.9 , 90.41
23.214 , 91.97 , 90.4
23.215 , 91.97 , 90.4
23.216 , 91.99 , 90.4
23.217 , 91.99 , 90.4
23.218 , 92.06 , 90.39
23.22 , 92.06 , 90.39
23.221 , 92.06 , 90.38
23.222 , 92.1 , 90.38
23.223 , 92.13 , 90.38
23.225 , 92.13 , 90.37
23.226 , 92.13 , 90.37
23.227 , 92.13 , 90.37
23.228 , 92.22 , 90.36
23.23 , 92.2 , 90.36
23.231 , 92.22 , 90.35
23.232 , 92.22 , 90.35
23.233 , 92.22 , 90.35
23.235 , 92.22 , 90.34
23.236 , 92.22 , 90.34
23.237 , 92.26 , 90.34
23.238 , 92.29 , 90.33
23.24 , 92.26 , 90.33
23.241 , 92.33 , 90.32
23.242 , 92.29 , 90.32
23.243 , 92.33 , 90.32
23.244 , 92.33 , 90.31
23.246 , 92.33 , 90.31
23.247 , 92.36 , 90.31
23.248 , 92.36 , 90.3
23.249 , 92.38 , 90.3
23.251 , 92.42 , 90.29
23.252 , 92.36 , 90.29
23.253 , 92.26 , 90.29
23.254 , 92.1 , 90.28
23.255 , 91.74 , 90.28
23.257 , 91.51 , 90.28
23.258 , 91.33 , 90.27
23.259 , 91.19 , 90.27
23.261 , 91.1 , 90.26
23.262 , 91.0 , 90.26
23.263 , 91.0 , 90.26
23.264 , 91.0 , 90.25
23.265 , 91.07 , 90.25
23.267 , 91.17 , 90.25
23.268 , 91.26 , 90.24
23.269 , 91.42 , 90.24
23.27 , 91.51 , 90.24
23.272 , 91.65 , 90.23
23.273 , 91.67 , 90.23
23.274 , 91.71 , 90.22
23.275 , 91.71 , 90.22
23.277 , 91.71 , 90.21
23.278 , 91.71 , 90.21
23.279 , 91.67 , 90.21
23.28 , 91.55 , 90.21
23.282 , 91.51 , 90.2
23.283 , 91.44 , 90.2
23.284 , 91.42 , 90.19
23.285 , 91.39 , 90.19
23.287 , 91.35 , 90.18
23.288 , 91.33 , 90.18
23.289 , 91.35 , 90.18
23.29 , 91.33 , 90.18
23.292 , 91.35 , 90.17
23.293 , 91.35 , 90.17
23.294 , 91.35 , 90.16
23.295 , 91.33 , 90.16
23.297 , 91.39 , 90.15
23.298 , 91.33 , 90.15
23.299 , 91.35 , 90.15
23.3 , 91.35 , 90.15
23.302 , 91.33 , 90.14
23.303 , 91.33 , 90.14
23.304 , 91.35 , 90.13
23.305 , 91.35 , 90.13
23.307 , 91.28 , 90.12
23.308 , 91.28 , 90.12
23.309 , 91.23 , 90.12
23.31 , 91.28 , 90.12
23.311 , 91.23 , 90.11
23.313 , 91.26 , 90.11
23.314 , 91.26 , 90.1
23.315 , 91.23 , 90.1
23.316 , 91.23 , 90.1
23.318 , 91.19 , 90.09
23.319 , 91.23 , 90.09
23.32 , 91.23 , 90.09
23.321 , 91.19 , 90.08
23.331 , 91.17 , 90.05
23.332 , 91.12 , 90.05
23.333 , 91.12 , 90.05
23.334 , 91.07 , 90.04
23.335 , 91.1 , 90.04
23.337 , 91.1 , 90.03
23.338 , 91.1 , 90.03
23.339 , 91.07 , 90.03
23.34 , 91.07 , 90.03
23.342 , 91.1 , 90.02
23.343 , 91.1 , 90.02
23.344 , 91.1 , 90.01
23.346 , 91.07 , 90.01
23.347 , 91.07 , 90.0
23.348 , 91.0 , 90.0
23.349 , 90.96 , 90.0
23.35 , 90.87 , 90.0
23.352 , 90.84 , 89.99
23.353 , 90.89 , 89.99
23.354 , 90.89 , 89.98
23.356 , 90.94 , 89.98
23.357 , 90.94 , 89.97
23.358 , 90.96 , 89.97
23.359 , 91.0 , 89.97
23.36 , 90.96 , 89.97
23.362 , 90.96 , 89.96
23.363 , 90.89 , 89.96
23.364 , 90.87 , 89.95
23.366 , 90.8 , 89.95
23.367 , 90.73 , 89.94
23.368 , 90.68 , 89.94
23.369 , 90.62 , 89.94
23.371 , 90.55 , 89.93
23.372 , 90.48 , 89.93
23.373 , 90.46 , 89.93
23.374 , 90.46 , 89.92
23.376 , 90.46 , 89.92
23.377 , 90.46 , 89.91
23.378 , 90.55 , 89.91
23.379 , 90.55 , 89.91
23.381 , 90.48 , 89.9
23.382 , 90.57 , 89.9
23.383 , 90.62 , 89.9
23.384 , 90.57 , 89.89
23.386 , 90.57 , 89.89
23.387 , 90.55 , 89.88
23.388 , 90.46 , 89.88
23.39 , 90.39 , 89.88
23.391 , 90.34 , 89.87
23.392 , 90.32 , 89.87
23.393 , 90.3 , 89.87
23.395 , 90.25 , 89.86
23.396 , 90.25 , 89.86
23.397 , 90.25 , 89.85
23.398 , 90.25 , 89.85
23.4 , 90.25 , 89.85
23.401 , 90.25 , 89.84
23.402 , 90.25 , 89.84
23.403 , 90.25 , 89.84
23.405 , 90.3 , 89.83
23.406 , 90.3 , 89.83
23.407 , 90.25 , 89.82
23.408 , 90.3 , 89.82
23.41 , 90.23 , 89.82
23.411 , 90.23 , 89.81
23.412 , 90.16 , 89.81
23.413 , 90.14 , 89.81
23.415 , 90.16 , 89.8
23.416 , 90.09 , 89.8
23.417 , 90.09 , 89.79
23.418 , 90.09 , 89.79
23.42 , 90.09 , 89.79
23.421 , 90.09 , 89.78
23.422 , 90.09 , 89.78
23.423 , 90.07 , 89.78
23.425 , 90.07 , 89.77
23.426 , 90.09 , 89.77
23.427 , 90.02 , 89.76
23.429 , 90.02 , 89.76
23.43 , 90.02 , 89.76
23.431 , 90.07 , 89.75
23.432 , 89.95 , 89.75
23.434 , 90.0 , 89.74
23.435 , 89.95 , 89.74
23.436 , 89.95 , 89.74
23.438 , 89.93 , 89.73
23.439 , 89.93 , 89.73
23.44 , 89.91 , 89.73
23.441 , 89.91 , 89.72
23.442 , 89.91 , 89.72
23.444 , 89.91 , 89.71
23.445 , 89.86 , 89.71
23.446 , 89.86 , 89.71
23.448 , 89.86 , 89.7
23.449 , 89.86 , 89.7
23.45 , 89.79 , 89.7
23.451 , 89.84 , 89.69
23.453 , 89.84 , 89.69
23.454 , 89.79 , 89.68
23.455 , 89.79 , 89.68
23.456 , 89.79 , 89.68
23.458 , 89.79 , 89.67
23.459 , 89.77 , 89.67
23.46 , 89.75 , 89.67
23.462 , 89.7 , 89.66
23.463 , 89.75 , 89.66
23.464 , 89.7 , 89.65
23.465 , 89.75 , 89.65
23.467 , 89.77 , 89.64
23.468 , 89.75 , 89.64
23.469 , 89.77 , 89.64
23.471 , 89.79 , 89.63
23.472 , 89.77 , 89.63
23.473 , 89.77 , 89.63
23.475 , 89.77 , 89.62
23.476 , 89.77 , 89.62
23.477 , 89.7 , 89.61
23.478 , 89.7 , 89.61
23.48 , 89.68 , 89.61
23.481 , 89.68 , 89.6
23.482 , 89.68 , 89.6
23.483 , 89.7 , 89.6
23.485 , 89.68 , 89.59
23.486 , 89.68 , 89.59
23.487 , 89.63 , 89.58
23.489 , 89.61 , 89.58
23.49 , 89.61 , 89.58
23.491 , 89.56 , 89.57
23.492 , 89.56 , 89.57
23.494 , 89.54 , 89.56
23.495 , 89.54 , 89.56
23.496 , 89.54 , 89.56
23.497 , 89.54 , 89.55
23.499 , 89.52 , 89.55
23.5 , 89.54 , 89.55
23.501 , 89.54 , 89.54
23.502 , 89.52 , 89.54
23.504 , 89.56 , 89.53
23.505 , 89.52 , 89.53
23.506 , 89.52 , 89.53
23.508 , 89.52 , 89.52
23.509 , 89.45 , 89.52
23.51 , 89.47 , 89.52
23.511 , 89.45 , 89.51
23.513 , 89.4 , 89.51
23.514 , 89.45 , 89.5
23.515 , 89.45 , 89.5
23.516 , 89.45 , 89.5
23.518 , 89.45 , 89.49
23.519 , 89.38 , 89.49
23.52 , 89.38 , 89.49
23.522 , 89.38 , 89.48
23.523 , 89.38 , 89.48
23.524 , 89.38 , 89.47
23.525 , 89.36 , 89.47
23.527 , 89.31 , 89.46
23.528 , 89.31 , 89.46
23.529 , 89.36 , 89.46
23.531 , 89.36 , 89.45
23.532 , 89.36 , 89.45
23.533 , 89.36 , 89.45
23.534 , 89.36 , 89.44
23.535 , 89.29 , 89.44
23.537 , 89.36 , 89.43
23.538 , 89.31 , 89.43
23.539 , 89.31 , 89.43
23.54 , 89.24 , 89.43
23.542 , 89.22 , 89.42
23.543 , 89.22 , 89.42
23.544 , 89.22 , 89.41
23.545 , 89.24 , 89.41
23.547 , 89.22 , 89.4
23.548 , 89.24 , 89.4
23.549 , 89.2 , 89.4
23.55 , 89.22 , 89.4
23.552 , 89.2 , 89.39
23.553 , 89.15 , 89.39
23.554 , 89.15 , 89.38
23.556 , 89.13 , 89.38
23.557 , 89.13 , 89.37
23.558 , 89.13 , 89.37
23.559 , 89.13 , 89.37
23.561 , 89.08 , 89.36
23.562 , 89.06 , 89.36
23.563 , 89.08 , 89.36
23.564 , 89.13 , 89.35
23.566 , 89.08 , 89.35
23.567 , 89.08 , 89.34
23.568 , 89.08 , 89.34
23.569 , 89.08 , 89.34
23.571 , 89.06 , 89.33
23.572 , 89.08 , 89.33
23.573 , 89.06 , 89.33
23.574 , 89.01 , 89.32
23.576 , 88.99 , 89.32
23.577 , 88.99 , 89.31
23.578 , 88.99 , 89.31
23.58 , 88.92 , 89.31
23.581 , 88.99 , 89.3
23.582 , 88.99 , 89.3
23.584 , 88.99 , 89.29
23.585 , 88.99 , 89.29
23.586 , 88.97 , 89.29
23.587 , 88.97 , 89.28
23.589 , 88.97 , 89.28
23.59 , 88.92 , 89.28
23.591 , 88.92 , 89.27
23.593 , 88.9 , 89.27
23.594 , 88.85 , 89.26
23.595 , 88.85 , 89.26
23.596 , 88.85 , 89.26
23.598 , 88.9 , 89.25
23.599 , 88.9 , 89.25
23.6 , 88.85 , 89.25
23.601 , 88.85 , 89.24
23.603 , 88.9 , 89.24
23.604 , 88.85 , 89.23
23.605 , 88.85 , 89.23
23.607 , 88.85 , 89.22
23.608 , 88.83 , 89.22
23.609 , 88.81 , 89.22
23.61 , 88.81 , 89.22
23.612 , 88.76 , 89.21
23.613 , 88.81 , 89.21
23.614 , 88.81 , 89.2
23.615 , 88.81 , 89.2
23.617 , 88.76 , 89.19
23.618 , 88.81 , 89.19
23.619 , 88.76 , 89.19
23.62 , 88.74 , 89.19
23.622 , 88.74 , 89.18
23.623 , 88.74 , 89.18
23.624 , 88.69 , 89.17
23.625 , 88.69 , 89.17
23.627 , 88.67 , 89.16
23.628 , 88.69 , 89.16
23.629 , 88.67 , 89.16
23.63 , 88.69 , 89.16
23.632 , 88.67 , 89.15
23.633 , 88.69 , 89.15
23.634 , 88.67 , 89.14
23.636 , 88.65 , 89.14
23.637 , 88.67 , 89.13
23.638 , 88.65 , 89.13
23.639 , 88.65 , 89.13
23.641 , 88.6 , 89.12
23.642 , 88.6 , 89.12
23.643 , 88.6 , 89.12
23.645 , 88.58 , 89.11
23.646 , 88.58 , 89.11
23.647 , 88.6 , 89.1
23.648 , 88.6 , 89.1
23.65 , 88.58 , 89.09
23.651 , 88.6 , 89.09
23.652 , 88.53 , 89.09
23.654 , 88.53 , 89.08
23.655 , 88.53 , 89.08
23.656 , 88.51 , 89.08
23.657 , 88.46 , 89.07
23.659 , 88.51 , 89.07
23.66 , 88.51 , 89.06
23.661 , 88.46 , 89.06
23.663 , 88.46 , 89.06
23.664 , 88.46 , 89.05
23.665 , 88.51 , 89.05
23.666 , 88.51 , 89.05
23.668 , 88.51 , 89.04
23.669 , 88.46 , 89.04
23.67 , 88.44 , 89.03
23.671 , 88.44 , 89.03
23.673 , 88.42 , 89.03
23.674 , 88.44 , 89.02
23.675 , 88.42 , 89.02
23.676 , 88.37 , 89.02
23.678 , 88.37 , 89.01
23.679 , 88.37 , 89.01
23.68 , 88.35 , 89.0
23.681 , 88.35 , 89.0
23.683 , 88.37 , 89.0
23.684 , 88.37 , 88.99
23.685 , 88.37 , 88.99
23.687 , 88.35 , 88.98
23.688 , 88.35 , 88.98
23.689 , 88.35 , 88.98
23.69 , 88.35 , 88.97
23.692 , 88.28 , 88.97
23.693 , 88.3 , 88.97
23.694 , 88.28 , 88.96
23.695 , 88.28 , 88.96
23.697 , 88.28 , 88.95
23.698 , 88.28 , 88.95
23.7 , 88.26 , 88.94
23.701 , 88.28 , 88.94
23.702 , 88.28 , 88.94
23.703 , 88.28 , 88.94
23.705 , 88.28 , 88.93
23.706 , 88.19 , 88.93
23.707 , 88.21 , 88.92
23.708 , 88.21 , 88.92
23.71 , 88.19 , 88.91
23.711 , 88.19 , 88.91
23.712 , 88.19 , 88.91
23.713 , 88.19 , 88.91
23.715 , 88.14 , 88.9
23.716 , 88.14 , 88.9
23.717 , 88.14 , 88.89
23.718 , 88.12 , 88.89
23.72 , 88.12 , 88.88
23.721 , 88.08 , 88.88
23.722 , 88.12 , 88.88
23.723 , 88.08 , 88.88
23.725 , 88.08 , 88.87
23.726 , 88.05 , 88.87
23.727 , 88.08 , 88.86
23.728 , 88.08 , 88.86
23.73 , 88.08 , 88.85
23.731 , 88.05 , 88.85
23.732 , 88.05 , 88.85
23.733 , 88.05 , 88.85
23.735 , 88.05 , 88.84
23.736 , 88.05 , 88.84
23.737 , 88.03 , 88.83
23.739 , 88.03 , 88.83
23.74 , 88.03 , 88.82
23.741 , 88.03 , 88.82
23.743 , 88.03 , 88.82
23.744 , 87.96 , 88.81
23.745 , 87.96 , 88.81
23.746 , 88.03 , 88.81
23.748 , 87.98 , 88.8
23.749 , 87.98 , 88.8
23.75 , 87.98 , 88.79
23.751 , 87.96 , 88.79
23.753 , 87.96 , 88.79
23.754 , 87.91 , 88.78
23.755 , 87.89 , 88.78
23.757 , 87.89 , 88.77
23.758 , 87.89 , 88.77
23.759 , 87.89 , 88.77
23.761 , 87.87 , 88.76
23.762 , 87.89 , 88.76
23.763 , 87.89 , 88.76
23.765 , 87.89 , 88.75
23.766 , 87.89 , 88.75
23.767 , 87.87 , 88.74
23.768 , 87.87 , 88.74
23.77 , 87.87 , 88.73
23.771 , 87.87 , 88.73
23.772 , 87.82 , 88.73
23.774 , 87.82 , 88.72
23.775 , 87.78 , 88.72
23.776 , 87.78 , 88.72
23.777 , 87.82 , 88.71
23.779 , 87.78 , 88.71
23.78 , 87.78 , 88.7
23.781 , 87.73 , 88.7
23.783 , 87.73 , 88.7
23.784 , 87.73 , 88.69
23.785 , 87.78 , 88.69
23.786 , 87.73 , 88.69
23.788 , 87.73 , 88.68
23.789 , 87.71 , 88.68
23.79 , 87.71 , 88.67
23.791 , 87.69 , 88.67
23.793 , 87.69 , 88.67
23.794 , 87.64 , 88.66
23.795 , 87.64 , 88.66
23.797 , 87.69 , 88.65
23.798 , 87.64 , 88.65
23.799 , 87.62 , 88.65
23.8 , 87.64 , 88.64
23.802 , 87.64 , 88.64
23.803 , 87.64 , 88.64
23.804 , 87.64 , 88.63
23.806 , 87.64 , 88.63
23.807 , 87.62 , 88.62
23.808 , 87.62 , 88.62
23.809 , 87.62 , 88.62
23.811 , 87.57 , 88.61
23.812 , 87.57 , 88.61
23.813 , 87.57 , 88.61
23.814 , 87.55 , 88.6
23.816 , 87.55 , 88.6
23.817 , 87.55 , 88.59
23.818 , 87.5 , 88.59
23.819 , 87.5 , 88.59
23.821 , 87.5 , 88.58
23.822 , 87.5 , 88.58
23.823 , 87.48 , 88.58
23.824 , 87.48 , 88.57
23.826 , 87.48 , 88.57
23.827 , 87.55 , 88.56
23.828 , 87.62 , 88.56
23.83 , 87.64 , 88.55
23.831 , 87.69 , 88.55
23.832 , 87.69 , 88.55
23.833 , 87.73 , 88.55
23.834 , 87.73 , 88.54
23.836 , 87.78 , 88.54
23.837 , 87.71 , 88.53
23.838 , 87.71 , 88.53
23.84 , 87.71 , 88.52
23.841 , 87.64 , 88.52
23.842 , 87.64 , 88.52
23.844 , 87.62 , 88.51
23.845 , 87.57 , 88.51
23.846 , 87.57 , 88.51
23.847 , 87.57 , 88.5
23.849 , 87.55 , 88.5
23.85 , 87.55 , 88.49
23.851 , 87.55 , 88.49
23.852 , 87.57 , 88.49
23.854 , 87.57 , 88.48
23.855 , 87.62 , 88.48
23.856 , 87.62 , 88.48
23.858 , 87.62 , 88.47
23.859 , 87.57 , 88.47
23.86 , 87.64 , 88.46
23.861 , 87.62 , 88.46
23.863 , 87.64 , 88.46
23.864 , 87.62 , 88.45
23.865 , 87.62 , 88.45
23.866 , 87.64 , 88.45
23.868 , 87.64 , 88.44
23.869 , 87.62 , 88.44
23.87 , 87.57 , 88.43
23.872 , 87.62 , 88.43
23.873 , 87.62 , 88.43
23.874 , 87.62 , 88.42
23.875 , 87.57 , 88.42
23.877 , 87.62 , 88.41
23.878 , 87.55 , 88.41
23.879 , 87.62 , 88.41
23.88 , 87.57 , 88.4
23.882 , 87.62 , 88.4
23.883 , 87.64 , 88.4
23.884 , 87.62 , 88.39
23.885 , 87.64 , 88.39
23.887 , 87.62 , 88.38
23.888 , 87.62 , 88.38
23.889 , 87.62 , 88.38
23.89 , 87.69 , 88.37
23.892 , 87.73 , 88.37
23.893 , 87.87 , 88.37
23.894 , 87.91 , 88.36
23.895 , 88.12 , 88.36
23.897 , 88.3 , 88.35
23.898 , 88.42 , 88.35
23.899 , 88.44 , 88.35
23.901 , 88.46 , 88.34
23.902 , 88.46 , 88.34
23.903 , 88.46 , 88.34
23.905 , 88.51 , 88.33
23.906 , 88.44 , 88.33
23.907 , 88.44 , 88.32
23.908 , 88.37 , 88.32
23.909 , 88.35 , 88.32
23.911 , 88.35 , 88.31
23.912 , 88.3 , 88.31
23.913 , 88.37 , 88.31
23.914 , 88.44 , 88.3
23.916 , 88.51 , 88.3
23.917 , 88.58 , 88.29
23.918 , 88.67 , 88.29
23.919 , 88.81 , 88.29
23.921 , 88.85 , 88.28
23.922 , 88.99 , 88.28
23.923 , 89.08 , 88.28
23.925 , 89.08 , 88.27
23.926 , 89.15 , 88.27
23.927 , 89.15 , 88.26
23.928 , 89.15 , 88.26
23.93 , 89.15 , 88.25
23.931 , 89.13 , 88.25
23.932 , 89.13 , 88.25
23.933 , 89.13 , 88.25
23.935 , 89.15 , 88.24
23.936 , 89.15 , 88.24
23.937 , 89.2 , 88.23
23.938 , 89.2 , 88.23
23.94 , 89.29 , 88.22
23.941 , 89.24 , 88.22
23.942 , 89.36 , 88.22
23.943 , 89.38 , 88.22
23.945 , 89.45 , 88.21
23.946 , 89.47 , 88.21
23.947 , 89.52 , 88.2
23.949 , 89.47 , 88.2
23.95 , 89.54 , 88.19
23.951 , 89.54 , 88.19
23.952 , 89.56 , 88.19
23.954 , 89.54 , 88.18
23.955 , 89.56 , 88.18
23.956 , 89.61 , 88.18
23.957 , 89.61 , 88.17
23.959 , 89.63 , 88.17
23.96 , 89.68 , 88.16
23.961 , 89.68 , 88.16
23.962 , 89.7 , 88.16
23.964 , 89.75 , 88.15
23.965 , 89.77 , 88.15
23.966 , 89.77 , 88.15
23.967 , 89.79 , 88.14
23.969 , 89.79 , 88.14
23.97 , 89.84 , 88.13
23.971 , 89.86 , 88.13
23.973 , 89.86 , 88.13
23.974 , 89.86 , 88.12
23.975 , 89.86 , 88.12
23.976 , 89.86 , 88.12
23.978 , 89.86 , 88.11
23.979 , 89.93 , 88.11
23.98 , 89.95 , 88.1
23.981 , 90.0 , 88.1
23.983 , 89.93 , 88.1
23.984 , 90.0 , 88.09
23.985 , 90.0 , 88.09
23.986 , 90.0 , 88.09
23.988 , 90.0 , 88.08
23.989 , 90.0 , 88.08
23.99 , 90.02 , 88.07
23.991 , 90.02 , 88.07
23.993 , 90.02 , 88.07
23.994 , 90.0 , 88.06
23.995 , 89.91 , 88.06
23.996 , 89.63 , 88.06
23.998 , 89.29 , 88.05
23.999 , 89.01 , 88.05
24.0 , 88.85 , 88.04
24.001 , 88.76 , 88.04
24.003 , 88.67 , 88.04
24.004 , 88.65 , 88.03
24.005 , 88.58 , 88.03
24.006 , 88.65 , 88.03
24.008 , 88.69 , 88.02
24.009 , 88.83 , 88.02
24.01 , 88.99 , 88.01
24.011 , 89.13 , 88.01
24.013 , 89.22 , 88.0
24.014 , 89.36 , 88.0
24.015 , 89.38 , 88.0
24.016 , 89.4 , 88.0
24.018 , 89.38 , 87.99
24.019 , 89.38 , 87.99
24.02 , 89.36 , 87.98
24.021 , 89.24 , 87.98
24.023 , 89.2 , 87.97
24.024 , 89.13 , 87.97
24.025 , 89.06 , 87.97
24.027 , 89.06 , 87.96
24.028 , 88.99 , 87.96
24.029 , 88.97 , 87.96
24.03 , 88.99 , 87.95
24.032 , 88.97 , 87.95
24.033 , 88.97 , 87.94
24.034 , 88.97 , 87.94
24.035 , 88.99 , 87.94
24.037 , 89.01 , 87.93
24.038 , 89.01 , 87.93
24.039 , 89.01 , 87.93
24.04 , 89.01 , 87.92
24.042 , 89.01 , 87.92
24.043 , 89.01 , 87.91
24.044 , 89.01 , 87.91
24.045 , 88.97 , 87.91
24.046 , 88.99 , 87.91
24.048 , 88.97 , 87.9
24.049 , 88.97 , 87.9
24.05 , 88.92 , 87.89
24.052 , 88.92 , 87.89
24.053 , 88.9 , 87.88
24.054 , 88.9 , 87.88
24.055 , 88.9 , 87.88
24.065 , 88.85 , 87.85
24.066 , 88.85 , 87.85
24.067 , 88.9 , 87.84
24.069 , 88.85 , 87.84
24.07 , 88.85 , 87.83
24.071 , 88.83 , 87.83
24.073 , 88.81 , 87.82
24.074 , 88.81 , 87.82
24.075 , 88.76 , 87.82
24.076 , 88.74 , 87.82
24.078 , 88.76 , 87.81
24.079 , 88.76 , 87.81
24.08 , 88.76 , 87.8
24.082 , 88.76 , 87.8
24.083 , 88.74 , 87.79
24.084 , 88.69 , 87.79
24.085 , 88.74 , 87.79
24.087 , 88.76 , 87.78
24.088 , 88.74 , 87.78
24.089 , 88.74 , 87.78
24.09 , 88.69 , 87.77
24.092 , 88.74 , 87.77
24.093 , 88.69 , 87.76
24.094 , 88.69 , 87.76
24.096 , 88.65 , 87.76
24.097 , 88.65 , 87.75
24.098 , 88.65 , 87.75
24.099 , 88.6 , 87.75
24.101 , 88.58 , 87.74
24.102 , 88.53 , 87.74
24.103 , 88.53 , 87.73
24.104 , 88.51 , 87.73
24.106 , 88.58 , 87.73
24.107 , 88.53 , 87.72
24.108 , 88.58 , 87.72
24.109 , 88.65 , 87.72
24.11 , 88.65 , 87.71
24.112 , 88.6 , 87.71
24.113 , 88.58 , 87.7
24.114 , 88.51 , 87.7
24.116 , 88.46 , 87.7
24.117 , 88.44 , 87.69
24.118 , 88.42 , 87.69
24.119 , 88.37 , 87.69
24.121 , 88.28 , 87.68
24.122 , 88.26 , 87.68
24.123 , 88.21 , 87.67
24.124 , 88.19 , 87.67
24.126 , 88.19 , 87.67
24.127 , 88.19 , 87.66
24.128 , 88.19 , 87.66
24.129 , 88.19 , 87.66
24.13 , 88.21 , 87.65
24.132 , 88.19 , 87.65
24.133 , 88.19 , 87.64
24.134 , 88.19 , 87.64
24.136 , 88.26 , 87.64
24.137 , 88.19 , 87.63
24.138 , 88.14 , 87.63
24.139 , 88.14 , 87.63
24.141 , 88.08 , 87.62
24.142 , 88.08 , 87.62
24.143 , 88.03 , 87.61
24.144 , 87.98 , 87.61
24.146 , 87.98 , 87.61
24.147 , 87.98 , 87.6
24.148 , 87.96 , 87.6
24.149 , 87.96 , 87.6
24.151 , 87.91 , 87.59
24.152 , 87.91 , 87.59
24.153 , 87.96 , 87.58
24.155 , 87.96 , 87.58
24.156 , 87.96 , 87.58
24.157 , 87.91 , 87.57
24.158 , 87.96 , 87.57
24.16 , 87.98 , 87.56
24.161 , 87.96 , 87.56
24.162 , 87.91 , 87.56
24.164 , 87.89 , 87.55
24.165 , 87.89 , 87.55
24.166 , 87.87 , 87.55
24.167 , 87.87 , 87.54
24.169 , 87.82 , 87.54
24.17 , 87.78 , 87.53
24.171 , 87.82 , 87.53
24.173 , 87.87 , 87.52
24.174 , 87.73 , 87.52
24.175 , 87.73 , 87.52
24.176 , 87.73 , 87.52
24.178 , 87.73 , 87.51
24.179 , 87.71 , 87.51
24.18 , 87.71 , 87.5
24.181 , 87.69 , 87.5
24.183 , 87.71 , 87.49
24.184 , 87.71 , 87.49
24.185 , 87.71 , 87.49
24.187 , 87.73 , 87.48
24.188 , 87.71 , 87.48
24.189 , 87.69 , 87.48
24.19 , 87.64 , 87.47
24.192 , 87.62 , 87.47
24.193 , 87.62 , 87.46
24.194 , 87.57 , 87.46
24.195 , 87.57 , 87.46
24.197 , 87.57 , 87.45
24.198 , 87.55 , 87.45
24.199 , 87.55 , 87.45
24.201 , 87.55 , 87.44
24.202 , 87.48 , 87.44
24.203 , 87.5 , 87.43
24.204 , 87.5 , 87.43
24.205 , 87.5 , 87.43
24.207 , 87.48 , 87.42
24.208 , 87.48 , 87.42
24.209 , 87.5 , 87.42
24.21 , 87.48 , 87.41
24.212 , 87.46 , 87.41
24.213 , 87.48 , 87.4
24.214 , 87.41 , 87.4
24.215 , 87.41 , 87.4
24.216 , 87.41 , 87.4
24.218 , 87.41 , 87.39
24.219 , 87.41 , 87.39
24.22 , 87.46 , 87.38
24.222 , 87.46 , 87.38
24.223 , 87.41 , 87.37
24.224 , 87.46 , 87.37
24.225 , 87.48 , 87.37
24.226 , 87.46 , 87.37
24.228 , 87.46 , 87.36
24.229 , 87.41 , 87.36
24.23 , 87.39 , 87.35
24.232 , 87.39 , 87.35
24.233 , 87.34 , 87.34
24.234 , 87.32 , 87.34
24.235 , 87.32 , 87.34
24.237 , 87.3 , 87.33
24.238 , 87.3 , 87.33
24.239 , 87.3 , 87.33
24.24 , 87.25 , 87.32
24.242 , 87.3 , 87.32
24.243 , 87.25 , 87.31
24.244 , 87.32 , 87.31
24.245 , 87.3 , 87.31
24.247 , 87.32 , 87.3
24.248 , 87.3 , 87.3
24.249 , 87.25 , 87.3
24.25 , 87.25 , 87.29
24.251 , 87.23 , 87.29
24.253 , 87.25 , 87.28
24.254 , 87.18 , 87.28
24.255 , 87.16 , 87.28
24.256 , 87.18 , 87.28
24.258 , 87.18 , 87.27
24.259 , 87.18 , 87.27
24.26 , 87.16 , 87.26
24.261 , 87.18 , 87.26
24.263 , 87.16 , 87.25
24.264 , 87.16 , 87.25
24.265 , 87.18 , 87.25
24.266 , 87.16 , 87.25
24.268 , 87.14 , 87.24
24.269 , 87.09 , 87.24
24.27 , 87.09 , 87.23
24.271 , 87.07 , 87.23
24.273 , 87.09 , 87.22
24.274 , 87.07 , 87.22
24.275 , 87.02 , 87.22
24.276 , 87.07 , 87.22
24.278 , 87.07 , 87.21
24.279 , 87.02 , 87.21
24.28 , 87.02 , 87.2
24.282 , 87.02 , 87.2
24.283 , 87.02 , 87.19
24.284 , 87.0 , 87.19
24.285 , 87.0 , 87.19
24.287 , 87.0 , 87.18
24.288 , 86.95 , 87.18
24.289 , 86.95 , 87.18
24.29 , 86.93 , 87.17
24.292 , 86.93 , 87.17
24.293 , 86.91 , 87.16
24.294 , 86.93 , 87.16
24.295 , 86.93 , 87.16
24.297 , 86.93 , 87.15
24.298 , 86.93 , 87.15
24.299 , 86.93 , 87.15
24.3 , 86.91 , 87.14
24.301 , 86.91 , 87.14
24.303 , 86.86 , 87.13
24.304 , 86.91 , 87.13
24.305 , 86.91 , 87.13
24.306 , 86.86 , 87.13
24.308 , 86.84 , 87.12
24.309 , 86.84 , 87.12
24.31 , 86.84 , 87.11
24.311 , 86.84 , 87.11
24.313 , 86.86 , 87.1
24.314 , 86.84 , 87.1
24.315 , 86.84 , 87.1
24.317 , 86.84 , 87.09
24.318 , 86.79 , 87.09
24.319 , 86.77 , 87.09
24.32 , 86.77 , 87.08
24.322 , 86.77 , 87.08
24.323 , 86.77 , 87.07
24.324 , 86.77 , 87.07
24.326 , 86.77 , 87.07
24.327 , 86.79 , 87.06
24.328 , 86.79 , 87.06
24.329 , 86.79 , 87.06
24.331 , 86.79 , 87.05
24.332 , 86.77 , 87.05
24.333 , 86.79 , 87.04
24.334 , 86.77 , 87.04
24.336 , 86.77 , 87.04
24.337 , 86.75 , 87.03
24.338 , 86.75 , 87.03
24.339 , 86.7 , 87.03
24.341 , 86.7 , 87.02
24.342 , 86.7 , 87.02
24.343 , 86.7 , 87.01
24.345 , 86.7 , 87.01
24.346 , 86.7 , 87.01
24.347 , 86.7 , 87.0
24.348 , 86.68 , 87.0
24.35 , 86.68 , 86.99
24.351 , 86.7 , 86.99
24.352 , 86.68 , 86.99
24.353 , 86.68 , 86.98
24.355 , 86.63 , 86.98
24.356 , 86.61 , 86.98
24.357 , 86.61 , 86.97
24.358 , 86.56 , 86.97
24.36 , 86.56 , 86.96
24.361 , 86.54 , 86.96
24.362 , 86.56 , 86.96
24.364 , 86.54 , 86.95
24.365 , 86.56 , 86.95
24.366 , 86.54 , 86.94
24.367 , 86.56 , 86.94
24.369 , 86.56 , 86.94
24.37 , 86.56 , 86.93
24.371 , 86.47 , 86.93
24.372 , 86.47 , 86.93
24.374 , 86.54 , 86.92
24.375 , 86.47 , 86.92
24.376 , 86.45 , 86.91
24.377 , 86.45 , 86.91
24.379 , 86.4 , 86.91
24.38 , 86.4 , 86.9
24.381 , 86.4 , 86.9
24.382 , 86.45 , 86.9
24.384 , 86.45 , 86.89
24.385 , 86.45 , 86.89
24.386 , 86.45 , 86.88
24.388 , 86.45 , 86.88
24.389 , 86.4 , 86.88
24.39 , 86.4 , 86.87
24.391 , 86.4 , 86.87
24.393 , 86.36 , 86.86
24.394 , 86.38 , 86.86
24.395 , 86.36 , 86.86
24.396 , 86.29 , 86.85
24.398 , 86.31 , 86.85
24.399 , 86.31 , 86.85
24.4 , 86.36 , 86.84
24.402 , 86.29 , 86.84
24.403 , 86.31 , 86.83
24.404 , 86.31 , 86.83
24.405 , 86.31 , 86.83
24.407 , 86.36 , 86.82
24.408 , 86.31 , 86.82
24.409 , 86.29 , 86.82
24.41 , 86.29 , 86.81
24.412 , 86.31 , 86.81
24.413 , 86.29 , 86.8
24.414 , 86.22 , 86.8
24.415 , 86.24 , 86.8
24.417 , 86.22 , 86.79
24.418 , 86.22 , 86.79
24.419 , 86.22 , 86.79
24.42 , 86.22 , 86.78
24.421 , 86.22 , 86.78
24.423 , 86.22 , 86.77
24.424 , 86.2 , 86.77
24.425 , 86.24 , 86.77
24.427 , 86.2 , 86.76
24.428 , 86.2 , 86.76
24.429 , 86.13 , 86.76
24.43 , 86.08 , 86.75
24.432 , 85.99 , 86.75
24.433 , 85.99 , 86.74
24.434 , 86.02 , 86.74
24.436 , 86.02 , 86.73
24.437 , 86.02 , 86.73
24.438 , 86.02 , 86.73
24.439 , 86.02 , 86.73
24.441 , 86.02 , 86.72
24.442 , 85.99 , 86.72
24.443 , 86.02 , 86.71
24.444 , 85.99 , 86.71
24.446 , 85.99 , 86.7
24.447 , 85.97 , 86.7
24.448 , 85.99 , 86.7
24.45 , 85.97 , 86.69
24.451 , 85.99 , 86.69
24.452 , 85.92 , 86.69
24.453 , 85.97 , 86.68
24.455 , 85.92 , 86.68
24.456 , 85.92 , 86.67
24.457 , 85.92 , 86.67
24.459 , 85.92 , 86.67
24.46 , 85.92 , 86.66
24.461 , 85.9 , 86.66
24.462 , 85.9 , 86.66
24.464 , 85.92 , 86.65
24.465 , 85.9 , 86.65
24.466 , 85.85 , 86.64
24.467 , 85.83 , 86.64
24.469 , 85.83 , 86.64
24.47 , 85.83 , 86.63
24.471 , 85.83 , 86.63
24.473 , 85.83 , 86.62
24.474 , 85.83 , 86.62
24.475 , 85.83 , 86.62
24.476 , 85.85 , 86.61
24.477 , 85.81 , 86.61
24.479 , 85.83 , 86.61
24.48 , 85.76 , 86.6
24.481 , 85.81 , 86.6
24.483 , 85.81 , 86.59
24.484 , 85.81 , 86.59
24.485 , 85.74 , 86.59
24.487 , 85.74 , 86.58
24.488 , 85.76 , 86.58
24.489 , 85.76 , 86.58
24.49 , 85.76 , 86.57
24.492 , 85.74 , 86.57
24.493 , 85.69 , 86.56
24.494 , 85.69 , 86.56
24.495 , 85.74 , 86.56
24.497 , 85.69 , 86.55
24.498 , 85.69 , 86.55
24.499 , 85.67 , 86.55
24.5 , 85.69 , 86.54
24.502 , 85.67 , 86.54
24.503 , 85.67 , 86.53
24.504 , 85.67 , 86.53
24.506 , 85.67 , 86.52
24.507 , 85.67 , 86.52
24.508 , 85.67 , 86.52
24.51 , 85.63 , 86.51
24.511 , 85.67 , 86.51
24.512 , 85.63 , 86.51
24.513 , 85.63 , 86.5
24.515 , 85.6 , 86.5
24.516 , 85.63 , 86.49
24.517 , 85.6 , 86.49
24.518 , 85.58 , 86.49
24.52 , 85.58 , 86.48
24.521 , 85.58 , 86.48
24.522 , 85.53 , 86.48
24.523 , 85.53 , 86.47
24.525 , 85.6 , 86.47
24.526 , 85.58 , 86.46
24.527 , 85.58 , 86.46
24.528 , 85.58 , 86.46
24.53 , 85.53 , 86.45
24.531 , 85.58 , 86.45
24.532 , 85.53 , 86.45
24.534 , 85.53 , 86.44
24.535 , 85.53 , 86.44
24.536 , 85.51 , 86.43
24.537 , 85.51 , 86.43
24.538 , 85.51 , 86.43
24.54 , 85.47 , 86.42
24.541 , 85.44 , 86.42
24.542 , 85.44 , 86.42
24.543 , 85.47 , 86.41
24.545 , 85.47 , 86.41
24.546 , 85.44 , 86.4
24.547 , 85.47 , 86.4
24.548 , 85.47 , 86.4
24.55 , 85.51 , 86.39
24.551 , 85.44 , 86.39
24.552 , 85.47 , 86.39
24.553 , 85.44 , 86.38
24.555 , 85.44 , 86.38
24.556 , 85.42 , 86.37
24.557 , 85.42 , 86.37
24.558 , 85.37 , 86.37
24.56 , 85.42 , 86.36
24.561 , 85.37 , 86.36
24.562 , 85.35 , 86.36
24.563 , 85.37 , 86.35
24.565 , 85.37 , 86.35
24.566 , 85.35 , 86.34
24.567 , 85.37 , 86.34
24.568 , 85.37 , 86.34
24.57 , 85.35 , 86.33
24.571 , 85.35 , 86.33
24.572 , 85.28 , 86.33
24.574 , 85.26 , 86.32
24.575 , 85.26 , 86.32
24.576 , 85.28 , 86.31
24.577 , 85.35 , 86.31
24.579 , 85.42 , 86.31
24.58 , 85.44 , 86.3
24.581 , 85.42 , 86.3
24.582 , 85.51 , 86.3
24.584 , 85.53 , 86.29
24.585 , 85.53 , 86.29
24.586 , 85.58 , 86.28
24.587 , 85.58 , 86.28
24.589 , 85.53 , 86.28
24.59 , 85.51 , 86.27
24.591 , 85.47 , 86.27
24.593 , 85.44 , 86.26
24.594 , 85.42 , 86.26
24.595 , 85.42 , 86.26
24.596 , 85.35 , 86.25
24.598 , 85.35 , 86.25
24.599 , 85.35 , 86.25
24.6 , 85.31 , 86.24
24.601 , 85.35 , 86.24
24.603 , 85.42 , 86.23
24.604 , 85.37 , 86.23
24.605 , 85.37 , 86.23
24.606 , 85.42 , 86.22
24.608 , 85.44 , 86.22
24.609 , 85.42 , 86.22
24.61 , 85.44 , 86.21
24.611 , 85.44 , 86.21
24.613 , 85.42 , 86.2
24.614 , 85.42 , 86.2
24.615 , 85.37 , 86.2
24.616 , 85.35 , 86.19
24.618 , 85.37 , 86.19
24.619 , 85.37 , 86.19
24.62 , 85.42 , 86.18
24.621 , 85.35 , 86.18
24.623 , 85.37 , 86.17
24.624 , 85.37 , 86.17
24.625 , 85.37 , 86.17
24.627 , 85.42 , 86.16
24.628 , 85.42 , 86.16
24.629 , 85.37 , 86.16
24.63 , 85.44 , 86.15
24.631 , 85.44 , 86.15
24.633 , 85.42 , 86.14
24.634 , 85.42 , 86.14
24.635 , 85.37 , 86.14
24.636 , 85.37 , 86.13
24.638 , 85.37 , 86.13
24.639 , 85.37 , 86.13
24.64 , 85.44 , 86.12
24.641 , 85.47 , 86.12
24.643 , 85.58 , 86.11
24.644 , 85.67 , 86.11
24.645 , 85.76 , 86.11
24.646 , 85.99 , 86.1
24.648 , 86.15 , 86.1
24.649 , 86.24 , 86.1
24.65 , 86.29 , 86.09
24.652 , 86.29 , 86.09
24.653 , 86.24 , 86.08
24.654 , 86.24 , 86.08
24.655 , 86.22 , 86.08
24.657 , 86.15 , 86.07
24.658 , 86.13 , 86.07
24.659 , 86.08 , 86.07
24.66 , 86.08 , 86.06
24.662 , 86.06 , 86.06
24.663 , 86.13 , 86.05
24.664 , 86.15 , 86.05
24.665 , 86.22 , 86.05
24.667 , 86.31 , 86.04
24.668 , 86.45 , 86.04
24.669 , 86.54 , 86.04
24.67 , 86.63 , 86.03
24.672 , 86.7 , 86.03
24.673 , 86.84 , 86.02
24.674 , 86.86 , 86.02
24.676 , 86.91 , 86.01
24.677 , 86.93 , 86.01
24.678 , 86.95 , 86.01
24.679 , 86.93 , 86.01
24.68 , 86.93 , 86.0
24.682 , 86.93 , 86.0
24.683 , 86.93 , 85.99
24.684 , 86.95 , 85.99
24.685 , 86.93 , 85.99
24.687 , 86.95 , 85.98
24.688 , 87.0 , 85.98
24.689 , 87.07 , 85.98
24.691 , 87.07 , 85.97
24.692 , 87.09 , 85.97
24.693 , 87.16 , 85.96
24.694 , 87.14 , 85.96
24.696 , 87.18 , 85.95
24.697 , 87.23 , 85.95
24.698 , 87.25 , 85.95
24.7 , 87.3 , 85.94
24.701 , 87.32 , 85.94
24.702 , 87.34 , 85.94
24.703 , 87.34 , 85.93
24.705 , 87.39 , 85.93
24.706 , 87.39 , 85.92
24.707 , 87.41 , 85.92
24.709 , 87.41 , 85.92
24.71 , 87.41 , 85.91
24.711 , 87.46 , 85.91
24.712 , 87.46 , 85.91
24.714 , 87.5 , 85.9
24.715 , 87.5 , 85.9
24.716 , 87.5 , 85.89
24.717 , 87.55 , 85.89
24.718 , 87.57 , 85.89
24.72 , 87.62 , 85.88
24.721 , 87.57 , 85.88
24.722 , 87.62 , 85.88
24.724 , 87.62 , 85.87
24.725 , 87.62 , 85.87
24.726 , 87.64 , 85.86
24.727 , 87.64 , 85.86
24.729 , 87.69 , 85.86
24.73 , 87.64 , 85.85
24.731 , 87.69 , 85.85
24.732 , 87.73 , 85.85
24.734 , 87.71 , 85.84
24.735 , 87.71 , 85.84
24.736 , 87.69 , 85.83
24.738 , 87.57 , 85.83
24.739 , 87.3 , 85.82
24.74 , 87.0 , 85.82
24.741 , 86.77 , 85.82
24.743 , 86.61 , 85.81
24.744 , 86.4 , 85.81
24.745 , 86.36 , 85.81
24.746 , 86.31 , 85.8
24.748 , 86.24 , 85.8
24.749 , 86.29 , 85.79
24.75 , 86.38 , 85.79
24.751 , 86.54 , 85.79
24.753 , 86.61 , 85.78
24.754 , 86.75 , 85.78
24.755 , 86.91 , 85.78
24.756 , 86.95 , 85.77
24.758 , 87.02 , 85.77
24.759 , 87.07 , 85.76
24.76 , 87.07 , 85.76
24.762 , 87.02 , 85.76
24.763 , 87.0 , 85.75
24.764 , 86.93 , 85.75
24.765 , 86.86 , 85.75
24.767 , 86.84 , 85.74
24.768 , 86.77 , 85.74
24.769 , 86.75 , 85.73
24.771 , 86.7 , 85.73
24.772 , 86.63 , 85.73
24.773 , 86.63 , 85.72
24.774 , 86.63 , 85.72
24.776 , 86.7 , 85.71
24.777 , 86.68 , 85.71
24.778 , 86.7 , 85.71
24.78 , 86.7 , 85.7
24.781 , 86.75 , 85.7
24.782 , 86.7 , 85.7
24.784 , 86.7 , 85.69
24.785 , 86.7 , 85.69
24.786 , 86.75 , 85.68
24.787 , 86.7 , 85.68
24.797 , 86.61 , 85.65
24.798 , 86.56 , 85.65
24.799 , 86.56 , 85.64
24.801 , 86.56 , 85.64
24.802 , 86.61 , 85.64
24.803 , 86.56 , 85.63
24.804 , 86.61 , 85.63
24.806 , 86.56 , 85.62
24.807 , 86.56 , 85.62
24.808 , 86.56 , 85.62
24.809 , 86.56 , 85.61
24.811 , 86.56 , 85.61
24.812 , 86.47 , 85.61
24.813 , 86.47 , 85.6
24.814 , 86.54 , 85.6
24.816 , 86.47 , 85.59
24.817 , 86.47 , 85.59
24.818 , 86.45 , 85.59
24.82 , 86.45 , 85.58
24.821 , 86.47 , 85.58
24.822 , 86.45 , 85.58
24.823 , 86.4 , 85.57
24.825 , 86.45 , 85.57
24.826 , 86.45 , 85.56
24.827 , 86.4 , 85.56
24.829 , 86.45 , 85.55
24.83 , 86.45 , 85.55
24.831 , 86.4 , 85.55
24.832 , 86.36 , 85.55
24.834 , 86.4 , 85.54
24.835 , 86.38 , 85.54
24.836 , 86.36 , 85.53
24.837 , 86.38 , 85.53
24.839 , 86.36 , 85.52
24.84 , 86.36 , 85.52
24.841 , 86.38 , 85.52
24.842 , 86.36 , 85.52
24.844 , 86.36 , 85.51
24.845 , 86.36 , 85.51
24.846 , 86.36 , 85.5
24.847 , 86.31 , 85.5
24.849 , 86.31 , 85.49
24.85 , 86.22 , 85.49
24.851 , 86.22 , 85.49
24.852 , 86.15 , 85.49
24.854 , 86.15 , 85.48
24.855 , 86.2 , 85.48
24.856 , 86.15 , 85.47
24.857 , 86.22 , 85.47
24.859 , 86.22 , 85.46
24.86 , 86.29 , 85.46
24.861 , 86.31 , 85.46
24.862 , 86.22 , 85.46
24.864 , 86.2 , 85.45
24.865 , 86.15 , 85.45
24.866 , 86.13 , 85.44
24.867 , 86.06 , 85.44
24.869 , 86.02 , 85.43
24.87 , 85.99 , 85.43
24.871 , 85.97 , 85.43
24.873 , 85.9 , 85.42
24.874 , 85.9 , 85.42
24.875 , 85.92 , 85.42
24.876 , 85.85 , 85.41
24.878 , 85.9 , 85.41
24.879 , 85.85 , 85.4
24.88 , 85.92 , 85.4
24.881 , 85.9 , 85.4
24.883 , 85.92 , 85.39
24.884 , 85.9 , 85.39
24.885 , 85.97 , 85.39
24.886 , 85.9 , 85.38
24.888 , 85.9 , 85.38
24.889 , 85.83 , 85.37
24.89 , 85.83 , 85.37
24.892 , 85.76 , 85.37
24.893 , 85.76 , 85.36
24.894 , 85.74 , 85.36
24.895 , 85.74 , 85.36
24.897 , 85.69 , 85.35
24.898 , 85.63 , 85.35
24.899 , 85.6 , 85.34
24.9 , 85.6 , 85.34
24.902 , 85.6 , 85.34
24.903 , 85.63 , 85.33
24.904 , 85.6 , 85.33
24.906 , 85.6 , 85.32
24.907 , 85.63 , 85.32
24.908 , 85.67 , 85.32
24.91 , 85.63 , 85.31
24.911 , 85.67 , 85.31
24.912 , 85.63 , 85.31
24.914 , 85.67 , 85.3
24.915 , 85.6 , 85.3
24.916 , 85.58 , 85.29
24.917 , 85.58 , 85.29
24.919 , 85.53 , 85.28
24.92 , 85.51 , 85.28
24.921 , 85.51 , 85.28
24.922 , 85.51 , 85.28
24.924 , 85.53 , 85.27
24.925 , 85.51 , 85.27
24.926 , 85.47 , 85.26
24.927 , 85.47 , 85.26
24.929 , 85.51 , 85.25
24.93 , 85.47 , 85.25
24.931 , 85.47 , 85.25
24.932 , 85.44 , 85.25
24.933 , 85.44 , 85.24
24.935 , 85.44 , 85.24
24.936 , 85.44 , 85.23
24.937 , 85.37 , 85.23
24.938 , 85.37 , 85.23
24.94 , 85.37 , 85.22
24.941 , 85.37 , 85.22
24.942 , 85.37 , 85.22
24.943 , 85.35 , 85.21
24.944 , 85.35 , 85.21
24.946 , 85.35 , 85.2
24.947 , 85.31 , 85.2
24.948 , 85.31 , 85.2
24.95 , 85.35 , 85.19
24.951 , 85.31 , 85.19
24.952 , 85.28 , 85.19
24.953 , 85.28 , 85.18
24.955 , 85.26 , 85.18
24.956 , 85.26 , 85.17
24.957 , 85.26 , 85.17
24.958 , 85.21 , 85.17
24.96 , 85.21 , 85.16
24.961 , 85.21 , 85.16
24.962 , 85.21 , 85.16
24.964 , 85.19 , 85.15
24.965 , 85.21 , 85.15
24.966 , 85.15 , 85.14
24.967 , 85.21 , 85.14
24.969 , 85.21 , 85.13
24.97 , 85.21 , 85.13
24.971 , 85.21 , 85.13
24.973 , 85.21 , 85.12
24.974 , 85.19 , 85.12
24.975 , 85.19 , 85.12
24.976 , 85.19 , 85.11
24.977 , 85.19 , 85.11
24.979 , 85.15 , 85.1
24.98 , 85.19 , 85.1
24.981 , 85.15 , 85.1
24.983 , 85.12 , 85.09
24.984 , 85.15 , 85.09
24.985 , 85.15 , 85.09
24.986 , 85.08 , 85.08
24.988 , 85.08 , 85.08
24.989 , 85.08 , 85.07
24.99 , 85.08 , 85.07
24.991 , 85.05 , 85.07
24.993 , 85.03 , 85.06
24.994 , 85.03 , 85.06
24.995 , 84.99 , 85.06
24.996 , 84.99 , 85.05
24.998 , 84.96 , 85.05
24.999 , 84.99 , 85.04
25.0 , 84.99 , 85.04
25.002 , 84.99 , 85.04
25.003 , 85.03 , 85.03
25.004 , 84.99 , 85.03
25.005 , 85.03 , 85.03
25.007 , 84.99 , 85.02
25.008 , 84.99 , 85.02
25.009 , 84.96 , 85.01
25.011 , 84.96 , 85.01
25.012 , 84.92 , 85.01
25.013 , 84.89 , 85.0
25.014 , 84.89 , 85.0
25.016 , 84.87 , 84.99
25.017 , 84.87 , 84.99
25.018 , 84.82 , 84.99
25.019 , 84.89 , 84.98
25.021 , 84.89 , 84.98
25.022 , 84.89 , 84.98
25.023 , 84.89 , 84.97
25.025 , 84.89 , 84.97
25.026 , 84.89 , 84.96
25.027 , 84.87 , 84.96
25.028 , 84.82 , 84.96
25.03 , 84.82 , 84.95
25.031 , 84.87 , 84.95
25.032 , 84.82 , 84.95
25.034 , 84.76 , 84.94
25.035 , 84.76 , 84.94
25.036 , 84.76 , 84.93
25.037 , 84.73 , 84.93
25.038 , 84.76 , 84.93
25.04 , 84.76 , 84.92
25.041 , 84.76 , 84.92
25.042 , 84.76 , 84.92
25.043 , 84.8 , 84.91
25.045 , 84.8 , 84.91
25.046 , 84.73 , 84.9
25.047 , 84.73 , 84.9
25.048 , 84.76 , 84.9
25.049 , 84.71 , 84.89
25.051 , 84.71 , 84.89
25.052 , 84.66 , 84.89
25.053 , 84.66 , 84.88
25.055 , 84.64 , 84.88
25.056 , 84.64 , 84.87
25.057 , 84.6 , 84.87
25.058 , 84.64 , 84.87
25.06 , 84.66 , 84.86
25.061 , 84.64 , 84.86
25.062 , 84.66 , 84.86
25.063 , 84.6 , 84.85
25.065 , 84.64 , 84.85
25.066 , 84.64 , 84.84
25.067 , 84.6 , 84.84
25.069 , 84.6 , 84.83
25.07 , 84.6 , 84.83
25.071 , 84.57 , 84.83
25.073 , 84.53 , 84.82
25.074 , 84.5 , 84.82
25.075 , 84.53 , 84.82
25.076 , 84.53 , 84.81
25.078 , 84.53 , 84.81
25.079 , 84.53 , 84.8
25.08 , 84.53 , 84.8
25.081 , 84.5 , 84.8
25.083 , 84.53 , 84.79
25.084 , 84.5 , 84.79
25.085 , 84.5 , 84.79
25.086 , 84.5 , 84.78
25.088 , 84.5 , 84.78
25.089 , 84.48 , 84.77
25.09 , 84.48 , 84.77
25.091 , 84.44 , 84.77
25.093 , 84.41 , 84.76
25.094 , 84.44 , 84.76
25.095 , 84.37 , 84.76
25.096 , 84.41 , 84.75
25.098 , 84.41 , 84.75
25.099 , 84.41 , 84.74
25.1 , 84.41 , 84.74
25.101 , 84.41 , 84.74
25.103 , 84.41 , 84.73
25.104 , 84.37 , 84.73
25.105 , 84.41 , 84.73
25.106 , 84.37 , 84.72
25.107 , 84.37 , 84.72
25.108 , 84.41 , 84.72
25.11 , 84.34 , 84.71
25.111 , 84.34 , 84.71
25.112 , 84.32 , 84.7
25.113 , 84.32 , 84.7
25.115 , 84.28 , 84.7
25.116 , 84.34 , 84.69
25.117 , 84.28 , 84.69
25.119 , 84.32 , 84.68
25.12 , 84.32 , 84.68
25.121 , 84.32 , 84.68
25.122 , 84.32 , 84.67
25.124 , 84.28 , 84.67
25.125 , 84.32 , 84.67
25.126 , 84.25 , 84.66
25.128 , 84.28 , 84.66
25.129 , 84.25 , 84.65
25.13 , 84.21 , 84.65
25.131 , 84.21 , 84.65
25.132 , 84.21 , 84.64
25.134 , 84.18 , 84.64
25.135 , 84.14 , 84.64
25.136 , 84.18 , 84.63
25.138 , 84.18 , 84.63
25.139 , 84.18 , 84.62
25.14 , 84.21 , 84.62
25.141 , 84.18 , 84.62
25.142 , 84.18 , 84.61
25.144 , 84.18 , 84.61
25.145 , 84.14 , 84.61
25.146 , 84.14 , 84.6
25.147 , 84.21 , 84.6
25.149 , 84.14 , 84.59
25.15 , 84.14 , 84.59
25.151 , 84.09 , 84.59
25.153 , 84.05 , 84.58
25.154 , 84.02 , 84.58
25.155 , 84.09 , 84.58
25.156 , 84.09 , 84.57
25.158 , 84.05 , 84.57
25.159 , 84.05 , 84.56
25.16 , 84.09 , 84.56
25.162 , 84.09 , 84.55
25.163 , 84.02 , 84.55
25.164 , 84.02 , 84.55
25.165 , 84.02 , 84.55
25.166 , 84.02 , 84.54
25.168 , 83.96 , 84.54
25.169 , 84.02 , 84.53
25.17 , 83.98 , 84.53
25.172 , 83.98 , 84.52
25.173 , 83.93 , 84.52
25.174 , 83.93 , 84.52
25.175 , 83.89 , 84.52
25.177 , 83.96 , 84.51
25.178 , 83.93 , 84.51
25.179 , 83.93 , 84.5
25.18 , 83.89 , 84.5
25.182 , 83.93 , 84.49
25.183 , 83.89 , 84.49
25.184 , 83.89 , 84.49
25.185 , 83.93 , 84.49
25.187 , 83.86 , 84.48
25.188 , 83.86 , 84.48
25.189 , 83.86 , 84.47
25.19 , 83.79 , 84.47
25.192 , 83.86 , 84.46
25.193 , 83.82 , 84.46
25.194 , 83.82 , 84.46
25.195 , 83.82 , 84.46
25.197 , 83.79 , 84.45
25.198 , 83.82 , 84.45
25.199 , 83.79 , 84.44
25.201 , 83.82 , 84.44
25.202 , 83.82 , 84.43
25.203 , 83.79 , 84.43
25.204 , 83.77 , 84.43
25.206 , 83.77 , 84.42
25.207 , 83.77 , 84.42
25.208 , 83.73 , 84.42
25.209 , 83.73 , 84.41
25.211 , 83.7 , 84.41
25.212 , 83.73 , 84.4
25.213 , 83.73 , 84.4
25.214 , 83.7 , 84.4
25.216 , 83.73 , 84.39
25.217 , 83.7 , 84.39
25.218 , 83.77 , 84.39
25.219 , 83.7 , 84.38
25.221 , 83.73 , 84.38
25.222 , 83.7 , 84.37
25.223 , 83.7 , 84.37
25.225 , 83.73 , 84.37
25.226 , 83.63 , 84.36
25.227 , 83.66 , 84.36
25.228 , 83.66 , 84.36
25.229 , 83.59 , 84.35
25.231 , 83.63 , 84.35
25.232 , 83.63 , 84.34
25.233 , 83.66 , 84.34
25.235 , 83.63 , 84.34
25.236 , 83.63 , 84.33
25.237 , 83.59 , 84.33
25.238 , 83.57 , 84.33
25.24 , 83.63 , 84.32
25.241 , 83.57 , 84.32
25.242 , 83.57 , 84.31
25.244 , 83.57 , 84.31
25.245 , 83.59 , 84.31
25.246 , 83.57 , 84.3
25.247 , 83.54 , 84.3
25.249 , 83.5 , 84.29
25.25 , 83.54 , 84.29
25.251 , 83.54 , 84.29
25.252 , 83.54 , 84.28
25.253 , 83.54 , 84.28
25.255 , 83.59 , 84.28
25.256 , 83.54 , 84.27
25.257 , 83.54 , 84.27
25.258 , 83.5 , 84.27
25.26 , 83.54 , 84.26
25.261 , 83.54 , 84.26
25.262 , 83.5 , 84.25
25.263 , 83.5 , 84.25
25.264 , 83.5 , 84.25
25.266 , 83.5 , 84.24
25.267 , 83.47 , 84.24
25.268 , 83.47 , 84.24
25.269 , 83.43 , 84.23
25.271 , 83.47 , 84.23
25.272 , 83.47 , 84.22
25.273 , 83.47 , 84.22
25.274 , 83.43 , 84.22
25.275 , 83.43 , 84.22
25.277 , 83.41 , 84.21
25.278 , 83.43 , 84.21
25.279 , 83.43 , 84.2
25.28 , 83.43 , 84.2
25.282 , 83.38 , 84.19
25.283 , 83.41 , 84.19
25.284 , 83.38 , 84.19
25.285 , 83.38 , 84.19
25.287 , 83.41 , 84.18
25.288 , 83.38 , 84.18
25.289 , 83.38 , 84.17
25.29 , 83.41 , 84.17
25.292 , 83.34 , 84.16
25.293 , 83.38 , 84.16
25.294 , 83.34 , 84.16
25.295 , 83.38 , 84.16
25.297 , 83.34 , 84.15
25.298 , 83.31 , 84.15
25.299 , 83.31 , 84.14
25.3 , 83.34 , 84.14
25.302 , 83.31 , 84.13
25.303 , 83.31 , 84.13
25.304 , 83.27 , 84.13
25.306 , 83.25 , 84.12
25.307 , 83.31 , 84.12
25.308 , 83.27 , 84.12
25.309 , 83.27 , 84.11
25.31 , 83.25 , 84.11
25.312 , 83.27 , 84.1
25.313 , 83.27 , 84.1
25.314 , 83.25 , 84.1
25.316 , 83.25 , 84.09
25.317 , 83.22 , 84.09
25.318 , 83.25 , 84.09
25.319 , 83.22 , 84.08
25.321 , 83.22 , 84.08
25.322 , 83.22 , 84.07
25.323 , 83.15 , 84.07
25.324 , 83.18 , 84.07
25.325 , 83.15 , 84.07
25.327 , 83.22 , 84.06
25.328 , 83.25 , 84.06
25.329 , 83.27 , 84.05
25.33 , 83.27 , 84.05
25.332 , 83.34 , 84.04
25.333 , 83.38 , 84.04
25.334 , 83.38 , 84.04
25.335 , 83.41 , 84.04
25.337 , 83.41 , 84.03
25.338 , 83.38 , 84.03
25.339 , 83.38 , 84.02
25.341 , 83.31 , 84.02
25.342 , 83.31 , 84.01
25.343 , 83.31 , 84.01
25.344 , 83.27 , 84.01
25.346 , 83.27 , 84.0
25.347 , 83.27 , 84.0
25.348 , 83.25 , 84.0
25.349 , 83.27 , 83.99
25.35 , 83.25 , 83.99
25.352 , 83.22 , 83.98
25.353 , 83.25 , 83.98
25.354 , 83.25 , 83.98
25.355 , 83.27 , 83.98
25.357 , 83.27 , 83.97
25.358 , 83.27 , 83.97
25.359 , 83.31 , 83.96
25.36 , 83.31 , 83.96
25.362 , 83.34 , 83.95
25.363 , 83.27 , 83.95
25.364 , 83.31 , 83.95
25.366 , 83.31 , 83.94
25.367 , 83.27 , 83.94
25.368 , 83.27 , 83.94
25.369 , 83.27 , 83.93
25.371 , 83.27 , 83.93
25.372 , 83.31 , 83.92
25.373 , 83.27 , 83.92
25.375 , 83.27 , 83.92
25.376 , 83.25 , 83.91
25.377 , 83.25 , 83.91
25.378 , 83.25 , 83.91
25.379 , 83.31 , 83.9
25.381 , 83.27 , 83.9
25.382 , 83.31 , 83.89
25.383 , 83.27 , 83.89
25.385 , 83.31 , 83.89
25.386 , 83.27 , 83.88
25.387 , 83.31 , 83.88
25.389 , 83.27 , 83.87
25.39 , 83.31 , 83.87
25.391 , 83.34 , 83.87
25.392 , 83.47 , 83.86
25.394 , 83.5 , 83.86
25.395 , 83.63 , 83.86
25.396 , 83.77 , 83.85
25.397 , 83.96 , 83.85
25.399 , 84.09 , 83.84
25.4 , 84.12 , 83.84
25.401 , 84.12 , 83.84
25.403 , 84.12 , 83.83
25.404 , 84.14 , 83.83
25.405 , 84.14 , 83.83
25.406 , 84.12 , 83.82
25.408 , 84.05 , 83.82
25.409 , 83.98 , 83.81
25.41 , 83.96 , 83.81
25.411 , 83.96 , 83.81
25.413 , 83.96 , 83.8
25.414 , 84.02 , 83.8
25.415 , 84.05 , 83.8
25.416 , 84.14 , 83.79
25.418 , 84.25 , 83.79
25.419 , 84.32 , 83.78
25.42 , 84.37 , 83.78
25.421 , 84.5 , 83.78
25.423 , 84.64 , 83.77
25.424 , 84.71 , 83.77
25.425 , 84.76 , 83.77
25.427 , 84.76 , 83.76
25.428 , 84.8 , 83.76
25.429 , 84.82 , 83.75
25.43 , 84.82 , 83.75
25.431 , 84.8 , 83.75
25.433 , 84.76 , 83.74
25.434 , 84.8 , 83.74
25.435 , 84.8 , 83.74
25.436 , 84.82 , 83.73
25.438 , 84.87 , 83.73
25.439 , 84.87 , 83.72
25.44 , 84.87 , 83.72
25.441 , 84.92 , 83.72
25.443 , 84.92 , 83.71
25.444 , 84.96 , 83.71
25.445 , 85.03 , 83.71
25.447 , 85.05 , 83.7
25.448 , 85.05 , 83.7
25.449 , 85.15 , 83.69
25.45 , 85.15 , 83.69
25.451 , 85.12 , 83.69
25.453 , 85.19 , 83.68
25.454 , 85.15 , 83.68
25.455 , 85.19 , 83.68
25.456 , 85.21 , 83.67
25.458 , 85.21 , 83.67
25.459 , 85.19 , 83.66
25.46 , 85.21 , 83.66
25.461 , 85.26 , 83.66
25.463 , 85.26 , 83.65
25.464 , 85.26 , 83.65
25.465 , 85.28 , 83.64
25.466 , 85.28 , 83.64
25.468 , 85.31 , 83.64
25.469 , 85.35 , 83.63
25.47 , 85.35 , 83.63
25.472 , 85.35 , 83.62
25.473 , 85.35 , 83.62
25.474 , 85.35 , 83.62
25.475 , 85.37 , 83.61
25.477 , 85.37 , 83.61
25.478 , 85.35 , 83.61
25.479 , 85.26 , 83.6
25.48 , 85.08 , 83.6
25.482 , 84.82 , 83.59
25.483 , 84.6 , 83.59
25.484 , 84.37 , 83.59
25.486 , 84.21 , 83.58
25.487 , 84.12 , 83.58
25.488 , 83.98 , 83.58
25.489 , 83.98 , 83.57
25.49 , 84.02 , 83.57
25.492 , 84.09 , 83.56
25.493 , 84.18 , 83.56
25.494 , 84.32 , 83.56
25.496 , 84.41 , 83.55
25.497 , 84.5 , 83.55
25.498 , 84.64 , 83.55
25.499 , 84.71 , 83.54
25.501 , 84.73 , 83.54
25.502 , 84.71 , 83.53
25.503 , 84.73 , 83.53
25.504 , 84.66 , 83.53
25.506 , 84.66 , 83.52
25.507 , 84.6 , 83.52
25.508 , 84.57 , 83.52
25.51 , 84.44 , 83.51
25.511 , 84.44 , 83.51
25.512 , 84.44 , 83.5
25.513 , 84.37 , 83.5
25.514 , 84.34 , 83.5
25.516 , 84.34 , 83.49
25.517 , 84.34 , 83.49
25.526 , 84.44 , 83.46
25.528 , 84.41 , 83.46
25.529 , 84.41 , 83.45
25.53 , 84.37 , 83.45
25.531 , 84.37 , 83.45
25.533 , 84.34 , 83.44
25.534 , 84.34 , 83.44
25.535 , 84.32 , 83.43
25.536 , 84.32 , 83.43
25.538 , 84.28 , 83.43
25.539 , 84.28 , 83.42
25.54 , 84.28 , 83.42
25.541 , 84.28 , 83.42
25.543 , 84.28 , 83.41
25.544 , 84.32 , 83.41
25.545 , 84.28 , 83.4
25.546 , 84.32 , 83.4
25.548 , 84.32 , 83.4
25.549 , 84.28 , 83.39
25.55 , 84.25 , 83.39
25.552 , 84.28 , 83.38
25.553 , 84.25 , 83.38
25.554 , 84.25 , 83.38
25.555 , 84.21 , 83.37
25.557 , 84.21 , 83.37
25.558 , 84.21 , 83.37
25.559 , 84.18 , 83.36
25.56 , 84.21 , 83.36
25.562 , 84.21 , 83.35
25.563 , 84.21 , 83.35
25.564 , 84.21 , 83.35
25.565 , 84.21 , 83.34
25.567 , 84.18 , 83.34
25.568 , 84.18 , 83.34
25.569 , 84.14 , 83.33
25.57 , 84.14 , 83.33
25.572 , 84.18 , 83.32
25.573 , 84.14 , 83.32
25.574 , 84.12 , 83.32
25.576 , 84.14 , 83.31
25.577 , 84.12 , 83.31
25.578 , 84.12 , 83.31
25.579 , 84.09 , 83.3
25.581 , 84.12 , 83.3
25.582 , 84.09 , 83.29
25.583 , 84.09 , 83.29
25.584 , 84.09 , 83.29
25.586 , 84.14 , 83.28
25.587 , 84.05 , 83.28
25.588 , 84.09 , 83.28
25.59 , 84.05 , 83.27
25.591 , 84.05 , 83.27
25.592 , 84.05 , 83.26
25.593 , 83.98 , 83.26
25.595 , 83.98 , 83.25
25.596 , 84.02 , 83.25
25.597 , 83.98 , 83.25
25.598 , 83.98 , 83.25
25.599 , 83.89 , 83.24
25.601 , 83.86 , 83.24
25.602 , 83.82 , 83.23
25.603 , 83.82 , 83.23
25.605 , 83.86 , 83.22
25.606 , 83.89 , 83.22
25.607 , 83.89 , 83.22
25.608 , 83.89 , 83.22
25.609 , 83.96 , 83.21
25.611 , 84.02 , 83.21
25.612 , 83.93 , 83.2
25.613 , 83.93 , 83.2
25.615 , 83.89 , 83.19
25.616 , 83.86 , 83.19
25.617 , 83.79 , 83.19
25.618 , 83.7 , 83.19
25.62 , 83.66 , 83.18
25.621 , 83.66 , 83.18
25.622 , 83.63 , 83.17
25.623 , 83.63 , 83.17
25.625 , 83.59 , 83.16
25.626 , 83.59 , 83.16
25.627 , 83.59 , 83.16
25.628 , 83.63 , 83.16
25.63 , 83.66 , 83.15
25.631 , 83.66 , 83.15
25.632 , 83.66 , 83.14
25.633 , 83.7 , 83.14
25.635 , 83.66 , 83.13
25.636 , 83.63 , 83.13
25.637 , 83.63 , 83.13
25.638 , 83.63 , 83.13
25.64 , 83.59 , 83.12
25.641 , 83.57 , 83.12
25.642 , 83.57 , 83.11
25.643 , 83.57 , 83.11
25.645 , 83.54 , 83.1
25.646 , 83.54 , 83.1
25.647 , 83.5 , 83.1
25.649 , 83.47 , 83.09
25.65 , 83.47 , 83.09
25.651 , 83.43 , 83.09
25.652 , 83.41 , 83.08
25.654 , 83.38 , 83.08
25.655 , 83.34 , 83.07
25.656 , 83.31 , 83.07
25.657 , 83.34 , 83.07
25.659 , 83.34 , 83.06
25.66 , 83.34 , 83.06
25.661 , 83.34 , 83.06
25.663 , 83.34 , 83.05
25.664 , 83.34 , 83.05
25.665 , 83.34 , 83.04
25.666 , 83.34 , 83.04
25.667 , 83.31 , 83.04
25.669 , 83.31 , 83.03
25.67 , 83.31 , 83.03
25.671 , 83.27 , 83.03
25.673 , 83.25 , 83.02
25.674 , 83.27 , 83.02
25.675 , 83.27 , 83.01
25.677 , 83.22 , 83.01
25.678 , 83.22 , 83.01
25.679 , 83.22 , 83.0
25.68 , 83.22 , 83.0
25.681 , 83.18 , 83.0
25.682 , 83.18 , 82.99
25.684 , 83.18 , 82.99
25.685 , 83.18 , 82.98
25.686 , 83.15 , 82.98
25.687 , 83.15 , 82.98
25.689 , 83.15 , 82.97
25.69 , 83.15 , 82.97
25.691 , 83.18 , 82.97
25.692 , 83.15 , 82.96
25.694 , 83.11 , 82.96
25.695 , 83.09 , 82.95
25.696 , 83.09 , 82.95
25.698 , 83.09 , 82.95
25.699 , 83.04 , 82.94
25.7 , 83.04 , 82.94
25.701 , 83.04 , 82.94
25.702 , 83.02 , 82.93
25.704 , 82.99 , 82.93
25.705 , 83.02 , 82.92
25.706 , 83.02 , 82.92
25.708 , 83.02 , 82.92
25.709 , 83.02 , 82.91
25.71 , 82.95 , 82.91
25.711 , 82.95 , 82.91
25.713 , 82.95 , 82.9
25.714 , 82.95 , 82.9
25.715 , 82.93 , 82.89
25.716 , 82.88 , 82.89
25.718 , 82.95 , 82.89
25.719 , 82.93 , 82.88
25.72 , 82.99 , 82.88
25.722 , 82.95 , 82.87
25.723 , 83.02 , 82.87
25.724 , 82.99 , 82.87
25.725 , 82.99 , 82.86
25.727 , 82.95 , 82.86
25.728 , 82.95 , 82.86
25.729 , 82.95 , 82.85
25.731 , 82.93 , 82.85
25.732 , 82.86 , 82.84
25.733 , 82.86 , 82.84
25.734 , 82.86 , 82.84
25.736 , 82.79 , 82.83
25.737 , 82.79 , 82.83
25.738 , 82.76 , 82.83
25.739 , 82.79 , 82.82
25.74 , 82.79 , 82.82
25.742 , 82.83 , 82.81
25.743 , 82.83 , 82.81
25.744 , 82.83 , 82.81
25.746 , 82.83 , 82.8
25.747 , 82.83 , 82.8
25.748 , 82.79 , 82.8
25.749 , 82.83 , 82.79
25.75 , 82.79 , 82.79
25.752 , 82.76 , 82.78
25.753 , 82.72 , 82.78
25.754 , 82.72 , 82.78
25.755 , 82.7 , 82.77
25.757 , 82.7 , 82.77
25.758 , 82.7 , 82.77
25.759 , 82.7 , 82.76
25.761 , 82.65 , 82.76
25.762 , 82.7 , 82.75
25.763 , 82.7 , 82.75
25.764 , 82.7 , 82.75
25.766 , 82.72 , 82.74
25.767 , 82.72 , 82.74
25.768 , 82.7 , 82.74
25.77 , 82.7 , 82.73
25.771 , 82.7 , 82.73
25.772 , 82.65 , 82.72
25.773 , 82.65 , 82.72
25.774 , 82.6 , 82.72
25.776 , 82.63 , 82.71
25.777 , 82.6 , 82.71
25.778 , 82.56 , 82.71
25.78 , 82.56 , 82.7
25.781 , 82.56 , 82.7
25.782 , 82.56 , 82.69
25.784 , 82.56 , 82.69
25.785 , 82.56 , 82.68
25.786 , 82.6 , 82.68
25.787 , 82.56 , 82.68
25.789 , 82.6 , 82.67
25.79 , 82.56 , 82.67
25.791 , 82.49 , 82.67
25.793 , 82.49 , 82.66
25.794 , 82.49 , 82.66
25.795 , 82.44 , 82.65
25.796 , 82.44 , 82.65
25.798 , 82.47 , 82.65
25.799 , 82.4 , 82.64
25.8 , 82.4 , 82.64
25.801 , 82.4 , 82.64
25.803 , 82.44 , 82.63
25.804 , 82.4 , 82.63
25.805 , 82.44 , 82.62
25.806 , 82.4 , 82.62
25.807 , 82.44 , 82.62
25.809 , 82.44 , 82.61
25.81 , 82.44 , 82.61
25.811 , 82.4 , 82.61
25.812 , 82.44 , 82.6
25.814 , 82.33 , 82.6
25.815 , 82.38 , 82.59
25.816 , 82.33 , 82.59
25.817 , 82.33 , 82.59
25.819 , 82.33 , 82.58
25.82 , 82.31 , 82.58
25.821 , 82.28 , 82.58
25.822 , 82.24 , 82.57
25.824 , 82.31 , 82.57
25.825 , 82.28 , 82.56
25.826 , 82.31 , 82.56
25.827 , 82.31 , 82.56
25.829 , 82.31 , 82.55
25.83 , 82.31 , 82.55
25.831 , 82.28 , 82.55
25.833 , 82.28 , 82.54
25.834 , 82.28 , 82.54
25.835 , 82.22 , 82.53
25.836 , 82.28 , 82.53
25.838 , 82.24 , 82.52
25.839 , 82.24 , 82.52
25.84 , 82.24 , 82.52
25.842 , 82.22 , 82.51
25.843 , 82.17 , 82.51
25.844 , 82.17 , 82.51
25.845 , 82.22 , 82.5
25.846 , 82.17 , 82.5
25.848 , 82.22 , 82.49
25.849 , 82.17 , 82.49
25.85 , 82.22 , 82.49
25.851 , 82.17 , 82.49
25.853 , 82.17 , 82.48
25.854 , 82.17 , 82.48
25.855 , 82.15 , 82.47
25.857 , 82.15 , 82.47
25.858 , 82.15 , 82.46
25.859 , 82.1 , 82.46
25.86 , 82.1 , 82.46
25.862 , 82.08 , 82.45
25.863 , 82.08 , 82.45
25.864 , 82.06 , 82.45
25.865 , 82.06 , 82.44
25.867 , 82.06 , 82.44
25.868 , 82.1 , 82.43
25.869 , 82.08 , 82.43
25.87 , 82.08 , 82.43
25.872 , 82.1 , 82.42
25.873 , 82.06 , 82.42
25.874 , 82.06 , 82.42
25.876 , 82.06 , 82.41
25.877 , 82.06 , 82.41
25.878 , 82.01 , 82.4
25.879 , 81.99 , 82.4
25.881 , 82.01 , 82.4
25.882 , 82.01 , 82.39
25.883 , 81.99 , 82.39
25.884 , 81.99 , 82.39
25.886 , 81.99 , 82.38
25.887 , 81.99 , 82.38
25.888 , 81.99 , 82.37
25.89 , 81.94 , 82.37
25.891 , 82.01 , 82.37
25.892 , 81.99 , 82.36
25.893 , 82.01 , 82.36
25.895 , 81.94 , 82.35
25.896 , 81.94 , 82.35
25.897 , 81.9 , 82.35
25.898 , 81.94 , 82.34
25.9 , 81.9 , 82.34
25.901 , 81.9 , 82.34
25.902 , 81.9 , 82.33
25.903 , 81.85 , 82.33
25.905 , 81.9 , 82.32
25.906 , 81.9 , 82.32
25.907 , 81.83 , 82.32
25.908 , 81.83 , 82.31
25.909 , 81.78 , 82.31
25.911 , 81.85 , 82.31
25.912 , 81.85 , 82.3
25.913 , 81.85 , 82.3
25.915 , 81.83 , 82.29
25.916 , 81.83 , 82.29
25.917 , 81.85 , 82.29
25.918 , 81.83 , 82.28
25.92 , 81.78 , 82.28
25.921 , 81.78 , 82.28
25.922 , 81.76 , 82.27
25.923 , 81.78 , 82.27
25.925 , 81.76 , 82.26
25.926 , 81.71 , 82.26
25.927 , 81.71 , 82.26
25.928 , 81.71 , 82.25
25.93 , 81.71 , 82.25
25.931 , 81.69 , 82.25
25.932 , 81.71 , 82.24
25.933 , 81.71 , 82.24
25.935 , 81.76 , 82.23
25.936 , 81.71 , 82.23
25.937 , 81.69 , 82.23
25.938 , 81.69 , 82.22
25.94 , 81.71 , 82.22
25.941 , 81.69 , 82.22
25.942 , 81.67 , 82.21
25.943 , 81.67 , 82.21
25.945 , 81.62 , 82.2
25.946 , 81.67 , 82.2
25.947 , 81.62 , 82.2
25.948 , 81.62 , 82.19
25.95 , 81.55 , 82.19
25.951 , 81.62 , 82.19
25.952 , 81.6 , 82.18
25.953 , 81.6 , 82.18
25.955 , 81.6 , 82.17
25.956 , 81.6 , 82.17
25.957 , 81.6 , 82.17
25.959 , 81.6 , 82.16
25.96 , 81.6 , 82.16
25.961 , 81.6 , 82.16
25.962 , 81.55 , 82.15
25.964 , 81.6 , 82.15
25.965 , 81.51 , 82.14
25.966 , 81.6 , 82.14
25.968 , 81.51 , 82.13
25.969 , 81.51 , 82.13
25.97 , 81.51 , 82.13
25.971 , 81.51 , 82.13
25.973 , 81.44 , 82.12
25.974 , 81.48 , 82.12
25.975 , 81.48 , 82.11
25.976 , 81.48 , 82.11
25.977 , 81.44 , 82.11
25.979 , 81.48 , 82.1
25.98 , 81.48 , 82.1
25.981 , 81.48 , 82.1
25.982 , 81.48 , 82.09
25.984 , 81.48 , 82.09
25.985 , 81.48 , 82.08
25.986 , 81.44 , 82.08
25.987 , 81.44 , 82.08
25.989 , 81.41 , 82.07
25.99 , 81.41 , 82.07
25.991 , 81.41 , 82.07
25.992 , 81.37 , 82.06
25.994 , 81.37 , 82.06
25.995 , 81.37 , 82.05
25.996 , 81.37 , 82.05
25.997 , 81.37 , 82.05
25.998 , 81.41 , 82.04
26.0 , 81.37 , 82.04
26.001 , 81.35 , 82.04
26.002 , 81.37 , 82.03
26.003 , 81.37 , 82.03
26.005 , 81.32 , 82.02
26.006 , 81.37 , 82.02
26.007 , 81.37 , 82.02
26.008 , 81.35 , 82.01
26.009 , 81.28 , 82.01
26.011 , 81.28 , 82.01
26.012 , 81.28 , 82.0
26.013 , 81.25 , 82.0
26.014 , 81.25 , 82.0
26.016 , 81.25 , 81.99
26.017 , 81.28 , 81.99
26.018 , 81.28 , 81.98
26.019 , 81.25 , 81.98
26.021 , 81.28 , 81.98
26.022 , 81.28 , 81.97
26.023 , 81.21 , 81.97
26.024 , 81.28 , 81.97
26.026 , 81.25 , 81.96
26.027 , 81.25 , 81.96
26.028 , 81.25 , 81.95
26.029 , 81.21 , 81.95
26.031 , 81.19 , 81.95
26.032 , 81.21 , 81.94
26.033 , 81.19 , 81.94
26.034 , 81.14 , 81.94
26.036 , 81.14 , 81.93
26.037 , 81.19 , 81.93
26.038 , 81.14 , 81.92
26.039 , 81.14 , 81.92
26.041 , 81.19 , 81.92
26.042 , 81.14 , 81.91
26.043 , 81.19 , 81.91
26.044 , 81.14 , 81.91
26.046 , 81.14 , 81.9
26.047 , 81.14 , 81.9
26.048 , 81.19 , 81.89
26.049 , 81.14 , 81.89
26.051 , 81.12 , 81.89
26.052 , 81.09 , 81.88
26.053 , 81.12 , 81.88
26.054 , 81.05 , 81.88
26.056 , 81.05 , 81.87
26.057 , 81.05 , 81.87
26.058 , 81.05 , 81.86
26.059 , 81.05 , 81.86
26.06 , 81.09 , 81.86
26.062 , 81.12 , 81.85
26.063 , 81.05 , 81.85
26.064 , 81.09 , 81.85
26.066 , 81.05 , 81.84
26.067 , 81.09 , 81.84
26.068 , 81.03 , 81.83
26.069 , 81.05 , 81.83
26.071 , 81.03 , 81.83
26.072 , 81.03 , 81.82
26.073 , 80.96 , 81.82
26.074 , 80.89 , 81.82
26.076 , 80.93 , 81.81
26.077 , 80.96 , 81.81
26.078 , 80.98 , 81.8
26.08 , 81.05 , 81.8
26.081 , 81.09 , 81.8
26.082 , 81.12 , 81.79
26.083 , 81.14 , 81.79
26.084 , 81.14 , 81.79
26.086 , 81.19 , 81.78
26.087 , 81.19 , 81.78
26.088 , 81.19 , 81.77
26.09 , 81.14 , 81.77
26.091 , 81.14 , 81.77
26.092 , 81.12 , 81.76
26.093 , 81.05 , 81.76
26.094 , 81.09 , 81.76
26.096 , 81.03 , 81.75
26.097 , 81.03 , 81.75
26.098 , 80.98 , 81.74
26.099 , 80.98 , 81.74
26.101 , 80.98 , 81.74
26.102 , 81.03 , 81.73
26.103 , 81.03 , 81.73
26.104 , 81.05 , 81.73
26.106 , 81.09 , 81.72
26.107 , 81.09 , 81.72
26.108 , 81.09 , 81.71
26.109 , 81.05 , 81.71
26.111 , 81.09 , 81.71
26.112 , 81.05 , 81.7
26.113 , 81.05 , 81.7
26.114 , 81.05 , 81.7
26.116 , 81.03 , 81.69
26.117 , 81.05 , 81.69
26.118 , 81.05 , 81.68
26.119 , 81.03 , 81.68
26.121 , 81.03 , 81.68
26.122 , 81.03 , 81.67
26.123 , 81.03 , 81.67
26.124 , 81.03 , 81.67
26.126 , 81.03 , 81.66
26.127 , 81.03 , 81.66
26.128 , 81.05 , 81.65
26.129 , 81.05 , 81.65
26.131 , 81.05 , 81.65
26.132 , 81.03 , 81.64
26.133 , 81.05 , 81.64
26.134 , 81.05 , 81.64
26.136 , 81.05 , 81.63
26.137 , 81.05 , 81.63
26.138 , 81.03 , 81.62
26.139 , 81.05 , 81.62
26.141 , 81.05 , 81.62
26.142 , 81.12 , 81.61
26.143 , 81.19 , 81.61
26.144 , 81.28 , 81.61
26.145 , 81.37 , 81.6
26.147 , 81.55 , 81.6
26.148 , 81.76 , 81.59
26.149 , 81.9 , 81.59
26.15 , 81.92 , 81.59
26.152 , 81.92 , 81.58
26.153 , 81.92 , 81.58
26.154 , 81.92 , 81.58
26.155 , 81.85 , 81.57
26.157 , 81.83 , 81.57
26.158 , 81.78 , 81.56
26.159 , 81.71 , 81.56
26.161 , 81.71 , 81.56
26.162 , 81.69 , 81.55
26.163 , 81.69 , 81.55
26.164 , 81.76 , 81.55
26.165 , 81.83 , 81.54
26.167 , 81.94 , 81.54
26.168 , 82.01 , 81.53
26.169 , 82.06 , 81.53
26.17 , 82.17 , 81.53
26.172 , 82.24 , 81.52
26.173 , 82.33 , 81.52
26.174 , 82.44 , 81.52
26.175 , 82.47 , 81.51
26.177 , 82.56 , 81.51
26.178 , 82.6 , 81.5
26.179 , 82.6 , 81.5
26.18 , 82.6 , 81.5
26.182 , 82.56 , 81.49
26.183 , 82.56 , 81.49
26.184 , 82.56 , 81.49
26.186 , 82.56 , 81.48
26.187 , 82.6 , 81.48
26.188 , 82.63 , 81.47
26.189 , 82.63 , 81.47
26.191 , 82.63 , 81.46
26.192 , 82.7 , 81.46
26.193 , 82.7 , 81.46
26.195 , 82.7 , 81.45
26.196 , 82.7 , 81.45
26.197 , 82.79 , 81.45
26.198 , 82.83 , 81.44
26.2 , 82.83 , 81.44
26.201 , 82.86 , 81.43
26.202 , 82.86 , 81.43
26.203 , 82.88 , 81.43
26.205 , 82.93 , 81.42
26.206 , 82.93 , 81.42
26.207 , 82.99 , 81.42
26.208 , 82.99 , 81.41
26.21 , 82.99 , 81.41
26.211 , 83.02 , 81.4
26.212 , 83.02 , 81.4
26.213 , 83.02 , 81.4
26.215 , 83.04 , 81.39
26.216 , 82.99 , 81.39
26.217 , 82.86 , 81.39
26.218 , 82.7 , 81.38
26.22 , 82.38 , 81.38
26.221 , 82.17 , 81.37
26.222 , 82.01 , 81.37
26.223 , 81.9 , 81.37
26.225 , 81.76 , 81.36
26.226 , 81.67 , 81.36
26.227 , 81.67 , 81.36
26.228 , 81.62 , 81.35
26.23 , 81.69 , 81.35
26.231 , 81.76 , 81.34
26.232 , 81.83 , 81.34
26.233 , 82.01 , 81.34
26.235 , 82.06 , 81.33
26.236 , 82.15 , 81.33
26.237 , 82.24 , 81.33
26.238 , 82.31 , 81.32
26.239 , 82.31 , 81.32
26.241 , 82.33 , 81.31
26.242 , 82.28 , 81.31
26.243 , 82.28 , 81.31
26.245 , 82.22 , 81.3
26.254 , 81.99 , 81.28
26.255 , 81.99 , 81.27
26.256 , 82.01 , 81.27
26.258 , 82.01 , 81.26
26.259 , 81.99 , 81.26
26.26 , 82.01 , 81.26
26.261 , 82.01 , 81.25
26.263 , 81.99 , 81.25
26.264 , 82.01 , 81.25
26.265 , 82.01 , 81.24
26.266 , 82.01 , 81.24
26.267 , 81.99 , 81.24
26.269 , 82.01 , 81.23
26.27 , 81.94 , 81.23
26.271 , 81.94 , 81.22
26.272 , 81.94 , 81.22
26.274 , 81.94 , 81.22
26.275 , 81.92 , 81.21
26.276 , 81.92 , 81.21
26.277 , 81.9 , 81.21
26.279 , 81.92 , 81.2
26.28 , 81.9 , 81.2
26.281 , 81.92 , 81.19
26.282 , 81.92 , 81.19
26.284 , 81.92 , 81.19
26.285 , 81.92 , 81.18
26.286 , 81.92 , 81.18
26.287 , 81.85 , 81.18
26.289 , 81.92 , 81.17
26.29 , 81.85 , 81.17
26.291 , 81.83 , 81.16
26.292 , 81.85 , 81.16
26.294 , 81.9 , 81.16
26.295 , 81.83 , 81.15
26.296 , 81.78 , 81.15
26.297 , 81.78 , 81.15
26.299 , 81.83 , 81.14
26.3 , 81.83 , 81.14
26.301 , 81.78 , 81.13
26.303 , 81.78 , 81.13
26.304 , 81.76 , 81.13
26.305 , 81.83 , 81.12
26.306 , 81.83 , 81.12
26.307 , 81.78 , 81.12
26.309 , 81.83 , 81.11
26.31 , 81.78 , 81.11
26.311 , 81.78 , 81.1
26.312 , 81.76 , 81.1
26.314 , 81.76 , 81.1
26.315 , 81.71 , 81.09
26.316 , 81.76 , 81.09
26.317 , 81.76 , 81.09
26.319 , 81.71 , 81.08
26.32 , 81.71 , 81.08
26.321 , 81.71 , 81.07
26.322 , 81.69 , 81.07
26.324 , 81.71 , 81.07
26.325 , 81.69 , 81.06
26.326 , 81.71 , 81.06
26.328 , 81.71 , 81.05
26.329 , 81.69 , 81.05
26.33 , 81.69 , 81.05
26.331 , 81.69 , 81.04
26.333 , 81.67 , 81.04
26.334 , 81.67 , 81.04
26.335 , 81.67 , 81.03
26.336 , 81.62 , 81.03
26.338 , 81.62 , 81.02
26.339 , 81.62 , 81.02
26.34 , 81.67 , 81.02
26.341 , 81.69 , 81.01
26.342 , 81.62 , 81.01
26.344 , 81.62 , 81.01
26.345 , 81.62 , 81.0
26.346 , 81.62 , 81.0
26.347 , 81.6 , 81.0
26.348 , 81.6 , 80.99
26.35 , 81.51 , 80.99
26.351 , 81.44 , 80.98
26.352 , 81.41 , 80.98
26.354 , 81.41 , 80.98
26.355 , 81.48 , 80.97
26.356 , 81.48 , 80.97
26.357 , 81.48 , 80.97
26.358 , 81.48 , 80.96
26.36 , 81.51 , 80.96
26.361 , 81.55 , 80.95
26.362 , 81.55 , 80.95
26.363 , 81.6 , 80.95
26.365 , 81.51 , 80.94
26.366 , 81.48 , 80.94
26.367 , 81.44 , 80.94
26.368 , 81.37 , 80.93
26.369 , 81.35 , 80.93
26.371 , 81.32 , 80.92
26.372 , 81.28 , 80.92
26.373 , 81.25 , 80.92
26.375 , 81.25 , 80.91
26.376 , 81.21 , 80.91
26.377 , 81.21 , 80.91
26.378 , 81.25 , 80.9
26.379 , 81.28 , 80.9
26.381 , 81.28 , 80.89
26.382 , 81.32 , 80.89
26.383 , 81.28 , 80.89
26.385 , 81.32 , 80.88
26.386 , 81.35 , 80.88
26.387 , 81.32 , 80.88
26.389 , 81.32 , 80.87
26.39 , 81.32 , 80.87
26.391 , 81.28 , 80.86
26.393 , 81.28 , 80.86
26.394 , 81.21 , 80.86
26.395 , 81.21 , 80.85
26.396 , 81.21 , 80.85
26.398 , 81.21 , 80.84
26.399 , 81.25 , 80.84
26.4 , 81.19 , 80.84
26.401 , 81.19 , 80.83
26.403 , 81.19 , 80.83
26.404 , 81.19 , 80.83
26.405 , 81.19 , 80.82
26.406 , 81.19 , 80.82
26.408 , 81.14 , 80.81
26.409 , 81.14 , 80.81
26.41 , 81.12 , 80.81
26.411 , 81.05 , 80.8
26.413 , 81.09 , 80.8
26.414 , 81.03 , 80.8
26.415 , 81.03 , 80.79
26.416 , 81.03 , 80.79
26.418 , 80.96 , 80.78
26.419 , 80.98 , 80.78
26.42 , 81.03 , 80.78
26.421 , 80.98 , 80.77
26.423 , 80.96 , 80.77
26.424 , 80.98 , 80.77
26.425 , 80.98 , 80.76
26.426 , 80.98 , 80.76
26.428 , 80.96 , 80.75
26.429 , 80.96 , 80.75
26.43 , 80.98 , 80.75
26.431 , 80.98 , 80.74
26.433 , 80.98 , 80.74
26.434 , 80.96 , 80.74
26.435 , 80.89 , 80.73
26.436 , 80.89 , 80.73
26.438 , 80.89 , 80.72
26.439 , 80.89 , 80.72
26.44 , 80.87 , 80.72
26.442 , 80.87 , 80.71
26.443 , 80.8 , 80.71
26.444 , 80.8 , 80.71
26.445 , 80.77 , 80.7
26.447 , 80.77 , 80.7
26.448 , 80.8 , 80.69
26.449 , 80.82 , 80.69
26.45 , 80.8 , 80.69
26.451 , 80.82 , 80.68
26.453 , 80.8 , 80.68
26.454 , 80.77 , 80.68
26.455 , 80.77 , 80.67
26.457 , 80.73 , 80.67
26.458 , 80.73 , 80.66
26.459 , 80.73 , 80.66
26.46 , 80.7 , 80.66
26.462 , 80.66 , 80.65
26.463 , 80.7 , 80.65
26.464 , 80.66 , 80.65
26.465 , 80.7 , 80.64
26.467 , 80.7 , 80.64
26.468 , 80.7 , 80.63
26.469 , 80.73 , 80.63
26.471 , 80.77 , 80.62
26.472 , 80.73 , 80.62
26.473 , 80.77 , 80.62
26.474 , 80.7 , 80.62
26.475 , 80.66 , 80.61
26.477 , 80.66 , 80.61
26.478 , 80.66 , 80.6
26.479 , 80.66 , 80.6
26.48 , 80.64 , 80.6
26.482 , 80.64 , 80.59
26.483 , 80.64 , 80.59
26.484 , 80.59 , 80.59
26.486 , 80.59 , 80.58
26.487 , 80.57 , 80.58
26.488 , 80.57 , 80.57
26.489 , 80.59 , 80.57
26.491 , 80.59 , 80.56
26.492 , 80.59 , 80.56
26.493 , 80.57 , 80.56
26.495 , 80.59 , 80.55
26.496 , 80.54 , 80.55
26.497 , 80.57 , 80.55
26.498 , 80.54 , 80.54
26.5 , 80.5 , 80.54
26.501 , 80.54 , 80.53
26.502 , 80.54 , 80.53
26.503 , 80.54 , 80.53
26.504 , 80.48 , 80.53
26.506 , 80.5 , 80.52
26.507 , 80.48 , 80.52
26.508 , 80.5 , 80.51
26.509 , 80.48 , 80.51
26.511 , 80.43 , 80.5
26.512 , 80.43 , 80.5
26.513 , 80.43 , 80.5
26.514 , 80.43 , 80.5
26.515 , 80.5 , 80.49
26.517 , 80.43 , 80.49
26.518 , 80.43 , 80.48
26.519 , 80.43 , 80.48
26.52 , 80.41 , 80.48
26.522 , 80.43 , 80.47
26.523 , 80.41 , 80.47
26.524 , 80.41 , 80.47
26.525 , 80.38 , 80.46
26.526 , 80.38 , 80.46
26.528 , 80.41 , 80.45
26.529 , 80.38 , 80.45
26.53 , 80.32 , 80.45
26.532 , 80.34 , 80.44
26.533 , 80.32 , 80.44
26.534 , 80.34 , 80.44
26.535 , 80.32 , 80.43
26.537 , 80.32 , 80.43
26.538 , 80.27 , 80.42
26.539 , 80.27 , 80.42
26.54 , 80.32 , 80.42
26.542 , 80.34 , 80.41
26.543 , 80.32 , 80.41
26.544 , 80.27 , 80.41
26.545 , 80.32 , 80.4
26.547 , 80.32 , 80.4
26.548 , 80.27 , 80.39
26.549 , 80.27 , 80.39
26.55 , 80.25 , 80.39
26.552 , 80.25 , 80.38
26.553 , 80.25 , 80.38
26.554 , 80.2 , 80.37
26.555 , 80.2 , 80.37
26.557 , 80.18 , 80.37
26.558 , 80.18 , 80.36
26.559 , 80.2 , 80.36
26.56 , 80.18 , 80.36
26.562 , 80.16 , 80.35
26.563 , 80.2 , 80.35
26.564 , 80.2 , 80.34
26.565 , 80.2 , 80.34
26.567 , 80.18 , 80.34
26.568 , 80.18 , 80.33
26.569 , 80.18 , 80.33
26.57 , 80.18 , 80.33
26.572 , 80.18 , 80.32
26.573 , 80.11 , 80.32
26.574 , 80.11 , 80.31
26.575 , 80.09 , 80.31
26.577 , 80.11 , 80.31
26.578 , 80.04 , 80.3
26.579 , 80.04 , 80.3
26.58 , 80.04 , 80.3
26.581 , 80.04 , 80.29
26.583 , 80.04 , 80.29
26.584 , 80.04 , 80.28
26.585 , 80.04 , 80.28
26.586 , 80.04 , 80.28
26.588 , 80.09 , 80.27
26.589 , 80.11 , 80.27
26.59 , 80.09 , 80.27
26.591 , 80.11 , 80.26
26.593 , 80.09 , 80.26
26.594 , 80.04 , 80.25
26.595 , 80.04 , 80.25
26.596 , 80.02 , 80.25
26.598 , 80.0 , 80.24
26.599 , 80.0 , 80.24
26.6 , 80.0 , 80.24
26.601 , 80.02 , 80.23
26.602 , 80.0 , 80.23
26.604 , 79.95 , 80.22
26.605 , 79.95 , 80.22
26.606 , 79.95 , 80.22
26.607 , 80.0 , 80.22
26.609 , 80.0 , 80.21
26.61 , 79.95 , 80.21
26.611 , 79.95 , 80.2
26.612 , 79.95 , 80.2
26.614 , 79.95 , 80.19
26.615 , 79.95 , 80.19
26.616 , 79.95 , 80.19
26.617 , 79.93 , 80.19
26.619 , 79.88 , 80.18
26.62 , 79.93 , 80.18
26.621 , 79.88 , 80.17
26.622 , 79.88 , 80.17
26.624 , 79.86 , 80.16
26.625 , 79.84 , 80.16
26.626 , 79.84 , 80.16
26.628 , 79.79 , 80.15
26.629 , 79.84 , 80.15
26.63 , 79.79 , 80.15
26.631 , 79.79 , 80.14
26.633 , 79.84 , 80.14
26.634 , 79.79 , 80.13
26.635 , 79.79 , 80.13
26.636 , 79.79 , 80.13
26.638 , 79.79 , 80.12
26.639 , 79.79 , 80.12
26.64 , 79.84 , 80.12
26.641 , 79.79 , 80.11
26.642 , 79.79 , 80.11
26.644 , 79.86 , 80.1
26.645 , 79.79 , 80.1
26.646 , 79.77 , 80.1
26.648 , 79.79 , 80.09
26.649 , 79.77 , 80.09
26.65 , 79.77 , 80.09
26.651 , 79.7 , 80.08
26.653 , 79.7 , 80.08
26.654 , 79.72 , 80.07
26.655 , 79.65 , 80.07
26.657 , 79.65 , 80.07
26.658 , 79.63 , 80.06
26.659 , 79.65 , 80.06
26.66 , 79.7 , 80.06
26.662 , 79.7 , 80.05
26.663 , 79.7 , 80.05
26.664 , 79.7 , 80.04
26.665 , 79.72 , 80.04
26.667 , 79.7 , 80.04
26.668 , 79.63 , 80.03
26.669 , 79.65 , 80.03
26.67 , 79.65 , 80.03
26.672 , 79.65 , 80.02
26.673 , 79.61 , 80.02
26.674 , 79.61 , 80.01
26.675 , 79.61 , 80.01
26.677 , 79.56 , 80.01
26.678 , 79.61 , 80.0
26.679 , 79.56 , 80.0
26.68 , 79.56 , 80.0
26.682 , 79.54 , 79.99
26.683 , 79.54 , 79.99
26.684 , 79.56 , 79.98
26.685 , 79.54 , 79.98
26.687 , 79.61 , 79.98
26.688 , 79.63 , 79.97
26.689 , 79.63 , 79.97
26.69 , 79.56 , 79.97
26.692 , 79.54 , 79.96
26.693 , 79.56 , 79.96
26.694 , 79.49 , 79.95
26.696 , 79.47 , 79.95
26.697 , 79.49 , 79.95
26.698 , 79.49 , 79.94
26.7 , 79.49 , 79.94
26.701 , 79.47 , 79.93
26.702 , 79.47 , 79.93
26.703 , 79.47 , 79.93
26.705 , 79.45 , 79.92
26.706 , 79.47 , 79.92
26.707 , 79.45 , 79.92
26.709 , 79.47 , 79.91
26.71 , 79.47 , 79.91
26.711 , 79.49 , 79.9
26.712 , 79.45 , 79.9
26.714 , 79.47 , 79.89
26.715 , 79.45 , 79.89
26.716 , 79.45 , 79.89
26.718 , 79.38 , 79.88
26.719 , 79.45 , 79.88
26.72 , 79.4 , 79.88
26.721 , 79.38 , 79.87
26.723 , 79.38 , 79.87
26.724 , 79.38 , 79.86
26.725 , 79.38 , 79.86
26.727 , 79.33 , 79.86
26.728 , 79.38 , 79.85
26.729 , 79.33 , 79.85
26.73 , 79.33 , 79.85
26.732 , 79.33 , 79.84
26.733 , 79.33 , 79.84
26.734 , 79.33 , 79.83
26.735 , 79.33 , 79.83
26.737 , 79.33 , 79.83
26.738 , 79.31 , 79.82
26.739 , 79.33 , 79.82
26.74 , 79.31 , 79.82
26.742 , 79.31 , 79.81
26.743 , 79.29 , 79.81
26.744 , 79.31 , 79.8
26.746 , 79.31 , 79.8
26.747 , 79.24 , 79.8
26.748 , 79.29 , 79.79
26.749 , 79.24 , 79.79
26.751 , 79.24 , 79.78
26.752 , 79.24 , 79.78
26.753 , 79.22 , 79.78
26.755 , 79.22 , 79.77
26.756 , 79.22 , 79.77
26.757 , 79.22 , 79.77
26.758 , 79.22 , 79.76
26.76 , 79.22 , 79.76
26.761 , 79.24 , 79.75
26.762 , 79.24 , 79.75
26.763 , 79.24 , 79.75
26.765 , 79.22 , 79.74
26.766 , 79.22 , 79.74
26.767 , 79.22 , 79.74
26.768 , 79.22 , 79.73
26.77 , 79.17 , 79.73
26.771 , 79.15 , 79.72
26.772 , 79.17 , 79.72
26.773 , 79.15 , 79.72
26.775 , 79.1 , 79.71
26.776 , 79.15 , 79.71
26.777 , 79.08 , 79.71
26.779 , 79.1 , 79.7
26.78 , 79.08 , 79.7
26.781 , 79.1 , 79.69
26.782 , 79.1 , 79.69
26.784 , 79.15 , 79.68
26.785 , 79.15 , 79.68
26.786 , 79.1 , 79.68
26.788 , 79.15 , 79.67
26.789 , 79.1 , 79.67
26.79 , 79.1 , 79.67
26.791 , 79.1 , 79.66
26.793 , 79.08 , 79.66
26.794 , 79.06 , 79.65
26.795 , 79.01 , 79.65
26.796 , 79.01 , 79.65
26.798 , 79.08 , 79.64
26.799 , 78.94 , 79.64
26.8 , 79.06 , 79.64
26.802 , 79.01 , 79.63
26.803 , 79.01 , 79.63
26.804 , 79.01 , 79.62
26.805 , 79.01 , 79.62
26.807 , 79.01 , 79.62
26.808 , 79.01 , 79.61
26.809 , 79.06 , 79.61
26.81 , 79.01 , 79.61
26.811 , 79.01 , 79.6
26.813 , 79.01 , 79.6
26.814 , 78.99 , 79.59
26.815 , 79.01 , 79.59
26.817 , 78.99 , 79.59
26.818 , 78.94 , 79.58
26.819 , 78.94 , 79.58
26.82 , 78.9 , 79.58
26.822 , 78.92 , 79.57
26.823 , 78.85 , 79.57
26.824 , 78.83 , 79.56
26.826 , 78.83 , 79.56
26.827 , 78.85 , 79.56
26.828 , 78.9 , 79.55
26.829 , 78.94 , 79.55
26.831 , 78.99 , 79.54
26.832 , 78.99 , 79.54
26.833 , 78.99 , 79.54
26.834 , 79.06 , 79.53
26.836 , 79.06 , 79.53
26.837 , 79.08 , 79.53
26.838 , 79.08 , 79.52
26.84 , 79.06 , 79.52
26.841 , 79.06 , 79.51
26.842 , 79.01 , 79.51
26.843 , 78.99 , 79.51
26.845 , 78.99 , 79.5
26.846 , 78.99 , 79.5
26.847 , 78.99 , 79.5
26.849 , 78.92 , 79.49
26.85 , 78.94 , 79.49
26.851 , 78.92 , 79.48
26.853 , 78.92 , 79.48
26.854 , 78.92 , 79.47
26.855 , 78.92 , 79.47
26.856 , 78.94 , 79.47
26.858 , 78.94 , 79.46
26.859 , 78.92 , 79.46
26.86 , 78.94 , 79.46
26.861 , 78.94 , 79.45
26.863 , 78.92 , 79.45
26.864 , 78.99 , 79.44
26.865 , 78.94 , 79.44
26.867 , 78.99 , 79.44
26.868 , 78.99 , 79.43
26.869 , 78.94 , 79.43
26.87 , 78.92 , 79.43
26.872 , 78.94 , 79.42
26.873 , 78.92 , 79.42
26.874 , 78.92 , 79.41
26.876 , 78.94 , 79.41
26.877 , 78.92 , 79.41
26.878 , 78.92 , 79.4
26.879 , 78.92 , 79.4
26.881 , 78.92 , 79.39
26.882 , 78.92 , 79.39
26.883 , 78.94 , 79.39
26.885 , 78.99 , 79.38
26.886 , 78.99 , 79.38
26.887 , 78.99 , 79.38
26.889 , 78.94 , 79.37
26.89 , 78.99 , 79.37
26.891 , 78.99 , 79.36
26.892 , 79.08 , 79.36
26.894 , 79.1 , 79.35
26.895 , 79.17 , 79.35
26.896 , 79.33 , 79.35
26.898 , 79.54 , 79.34
26.899 , 79.7 , 79.34
26.9 , 79.72 , 79.34
26.902 , 79.77 , 79.33
26.903 , 79.79 , 79.33
26.904 , 79.79 , 79.32
26.905 , 79.72 , 79.32
26.907 , 79.7 , 79.32
26.908 , 79.63 , 79.31
26.909 , 79.63 , 79.31
26.91 , 79.56 , 79.31
26.912 , 79.56 , 79.3
26.913 , 79.56 , 79.3
26.914 , 79.61 , 79.29
26.916 , 79.63 , 79.29
26.917 , 79.7 , 79.28
26.918 , 79.79 , 79.28
26.919 , 79.88 , 79.28
26.921 , 79.93 , 79.27
26.922 , 80.11 , 79.27
26.923 , 80.18 , 79.27
26.925 , 80.2 , 79.26
26.926 , 80.34 , 79.26
26.927 , 80.38 , 79.25
26.928 , 80.38 , 79.25
26.93 , 80.41 , 79.25
26.931 , 80.43 , 79.24
26.932 , 80.41 , 79.24
26.933 , 80.41 , 79.24
26.935 , 80.41 , 79.23
26.936 , 80.48 , 79.23
26.937 , 80.43 , 79.22
26.938 , 80.41 , 79.22
26.939 , 80.43 , 79.22
26.941 , 80.48 , 79.21
26.942 , 80.43 , 79.21
26.943 , 80.48 , 79.21
26.944 , 80.5 , 79.2
26.946 , 80.54 , 79.2
26.947 , 80.57 , 79.19
26.948 , 80.59 , 79.19
26.949 , 80.66 , 79.19
26.951 , 80.66 , 79.18
26.952 , 80.66 , 79.18
26.953 , 80.66 , 79.18
26.954 , 80.66 , 79.17
26.956 , 80.66 , 79.17
26.957 , 80.7 , 79.16
26.958 , 80.64 , 79.16
26.96 , 80.48 , 79.16
26.961 , 80.27 , 79.15
26.962 , 80.04 , 79.15
26.963 , 79.79 , 79.15
26.965 , 79.63 , 79.14
26.966 , 79.54 , 79.14
26.967 , 79.45 , 79.13
26.968 , 79.38 , 79.13
26.97 , 79.33 , 79.13
26.971 , 79.38 , 79.12
26.972 , 79.47 , 79.12
26.973 , 79.54 , 79.12
26.975 , 79.63 , 79.11
26.984 , 80.02 , 79.08
26.985 , 80.0 , 79.08
26.987 , 79.95 , 79.07
26.988 , 79.88 , 79.07
26.989 , 79.86 , 79.07
26.991 , 79.77 , 79.06
26.992 , 79.72 , 79.06
26.993 , 79.7 , 79.06
26.994 , 79.65 , 79.05
26.996 , 79.7 , 79.05
26.997 , 79.7 , 79.04
26.998 , 79.72 , 79.04
27.0 , 79.72 , 79.04
27.001 , 79.72 , 79.03
27.002 , 79.72 , 79.03
27.003 , 79.77 , 79.03
27.004 , 79.77 , 79.02
27.006 , 79.72 , 79.02
27.007 , 79.7 , 79.01
27.008 , 79.7 , 79.01
27.01 , 79.7 , 79.01
27.011 , 79.7 , 79.0
27.012 , 79.63 , 79.0
27.013 , 79.65 , 79.0
27.015 , 79.63 , 78.99
27.016 , 79.63 , 78.99
27.017 , 79.63 , 78.98
27.018 , 79.61 , 78.98
27.02 , 79.63 , 78.98
27.021 , 79.61 , 78.97
27.022 , 79.63 , 78.97
27.024 , 79.65 , 78.96
27.025 , 79.63 , 78.96
27.026 , 79.61 , 78.96
27.027 , 79.63 , 78.95
27.029 , 79.61 , 78.95
27.03 , 79.61 , 78.95
27.031 , 79.56 , 78.94
27.032 , 79.56 , 78.94
27.034 , 79.56 , 78.93
27.035 , 79.54 , 78.93
27.036 , 79.54 , 78.93
27.037 , 79.56 , 78.92
27.039 , 79.47 , 78.92
27.04 , 79.49 , 78.92
27.041 , 79.49 , 78.91
27.043 , 79.49 , 78.91
27.044 , 79.54 , 78.9
27.045 , 79.49 , 78.9
27.046 , 79.49 , 78.9
27.048 , 79.47 , 78.89
27.049 , 79.49 , 78.89
27.05 , 79.49 , 78.89
27.052 , 79.49 , 78.88
27.053 , 79.47 , 78.88
27.054 , 79.47 , 78.87
27.055 , 79.45 , 78.87
27.057 , 79.45 , 78.86
27.058 , 79.45 , 78.86
27.059 , 79.45 , 78.86
27.061 , 79.45 , 78.85
27.062 , 79.45 , 78.85
27.063 , 79.45 , 78.85
27.064 , 79.4 , 78.84
27.066 , 79.45 , 78.84
27.067 , 79.4 , 78.83
27.068 , 79.4 , 78.83
27.07 , 79.4 , 78.83
27.071 , 79.4 , 78.82
27.072 , 79.4 , 78.82
27.073 , 79.38 , 78.82
27.075 , 79.4 , 78.81
27.076 , 79.33 , 78.81
27.077 , 79.33 , 78.8
27.078 , 79.33 , 78.8
27.08 , 79.38 , 78.8
27.081 , 79.38 , 78.79
27.082 , 79.33 , 78.79
27.083 , 79.31 , 78.79
27.085 , 79.33 , 78.78
27.086 , 79.33 , 78.78
27.087 , 79.33 , 78.77
27.088 , 79.33 , 78.77
27.09 , 79.33 , 78.77
27.091 , 79.31 , 78.76
27.092 , 79.31 , 78.76
27.094 , 79.31 , 78.75
27.095 , 79.29 , 78.75
27.096 , 79.29 , 78.75
27.097 , 79.29 , 78.74
27.099 , 79.29 , 78.74
27.1 , 79.24 , 78.74
27.101 , 79.24 , 78.73
27.102 , 79.22 , 78.73
27.104 , 79.17 , 78.72
27.105 , 79.15 , 78.72
27.106 , 79.15 , 78.72
27.107 , 79.17 , 78.71
27.109 , 79.22 , 78.71
27.11 , 79.29 , 78.71
27.111 , 79.31 , 78.7
27.112 , 79.31 , 78.7
27.114 , 79.31 , 78.69
27.115 , 79.22 , 78.69
27.116 , 79.24 , 78.69
27.117 , 79.17 , 78.68
27.119 , 79.17 , 78.68
27.12 , 79.1 , 78.68
27.121 , 79.08 , 78.67
27.122 , 79.06 , 78.67
27.124 , 79.01 , 78.66
27.125 , 78.99 , 78.66
27.126 , 78.99 , 78.66
27.128 , 79.06 , 78.65
27.129 , 79.06 , 78.65
27.13 , 79.01 , 78.65
27.131 , 79.06 , 78.64
27.133 , 79.06 , 78.64
27.134 , 79.01 , 78.63
27.135 , 79.06 , 78.63
27.137 , 79.06 , 78.62
27.138 , 79.06 , 78.62
27.139 , 79.06 , 78.62
27.14 , 79.06 , 78.62
27.142 , 78.99 , 78.61
27.143 , 78.99 , 78.61
27.144 , 78.94 , 78.6
27.145 , 78.99 , 78.6
27.147 , 78.99 , 78.59
27.148 , 78.99 , 78.59
27.149 , 78.94 , 78.59
27.151 , 78.92 , 78.58
27.152 , 78.92 , 78.58
27.153 , 78.9 , 78.58
27.154 , 78.9 , 78.57
27.156 , 78.9 , 78.57
27.157 , 78.85 , 78.56
27.158 , 78.9 , 78.56
27.16 , 78.85 , 78.56
27.161 , 78.85 , 78.55
27.162 , 78.85 , 78.55
27.164 , 78.9 , 78.54
27.165 , 78.85 , 78.54
27.166 , 78.9 , 78.54
27.167 , 78.83 , 78.53
27.168 , 78.85 , 78.53
27.17 , 78.83 , 78.53
27.171 , 78.83 , 78.52
27.172 , 78.83 , 78.52
27.174 , 78.76 , 78.51
27.175 , 78.71 , 78.51
27.176 , 78.69 , 78.51
27.177 , 78.69 , 78.5
27.178 , 78.67 , 78.5
27.18 , 78.67 , 78.5
27.181 , 78.62 , 78.49
27.182 , 78.62 , 78.49
27.184 , 78.67 , 78.48
27.185 , 78.67 , 78.48
27.186 , 78.69 , 78.48
27.187 , 78.62 , 78.47
27.189 , 78.67 , 78.47
27.19 , 78.62 , 78.47
27.191 , 78.6 , 78.46
27.192 , 78.62 , 78.46
27.194 , 78.6 , 78.45
27.195 , 78.51 , 78.45
27.196 , 78.51 , 78.45
27.198 , 78.46 , 78.44
27.199 , 78.55 , 78.44
27.2 , 78.46 , 78.44
27.201 , 78.46 , 78.43
27.203 , 78.46 , 78.43
27.204 , 78.51 , 78.42
27.205 , 78.46 , 78.42
27.206 , 78.46 , 78.42
27.208 , 78.46 , 78.41
27.209 , 78.46 , 78.41
27.21 , 78.46 , 78.41
27.212 , 78.44 , 78.4
27.213 , 78.44 , 78.4
27.214 , 78.39 , 78.39
27.215 , 78.44 , 78.39
27.217 , 78.39 , 78.38
27.218 , 78.39 , 78.38
27.219 , 78.37 , 78.38
27.221 , 78.37 , 78.37
27.222 , 78.39 , 78.37
27.223 , 78.39 , 78.37
27.224 , 78.44 , 78.36
27.225 , 78.39 , 78.36
27.227 , 78.39 , 78.35
27.228 , 78.46 , 78.35
27.229 , 78.39 , 78.35
27.231 , 78.39 , 78.34
27.232 , 78.39 , 78.34
27.233 , 78.37 , 78.34
27.235 , 78.39 , 78.33
27.236 , 78.35 , 78.33
27.237 , 78.35 , 78.32
27.238 , 78.28 , 78.32
27.24 , 78.3 , 78.32
27.241 , 78.23 , 78.31
27.242 , 78.28 , 78.31
27.243 , 78.23 , 78.31
27.245 , 78.28 , 78.3
27.246 , 78.28 , 78.3
27.247 , 78.28 , 78.29
27.249 , 78.28 , 78.29
27.25 , 78.23 , 78.29
27.251 , 78.28 , 78.28
27.252 , 78.23 , 78.28
27.254 , 78.23 , 78.27
27.255 , 78.28 , 78.27
27.256 , 78.28 , 78.27
27.257 , 78.23 , 78.26
27.259 , 78.21 , 78.26
27.26 , 78.23 , 78.26
27.261 , 78.16 , 78.25
27.262 , 78.21 , 78.25
27.264 , 78.16 , 78.24
27.265 , 78.16 , 78.24
27.266 , 78.21 , 78.24
27.267 , 78.16 , 78.23
27.269 , 78.14 , 78.23
27.27 , 78.16 , 78.23
27.271 , 78.16 , 78.22
27.272 , 78.14 , 78.22
27.274 , 78.07 , 78.21
27.275 , 78.14 , 78.21
27.276 , 78.12 , 78.21
27.278 , 78.07 , 78.2
27.279 , 78.12 , 78.2
27.28 , 78.12 , 78.19
27.281 , 78.12 , 78.19
27.283 , 78.14 , 78.19
27.284 , 78.07 , 78.18
27.285 , 78.12 , 78.18
27.286 , 78.14 , 78.18
27.288 , 78.12 , 78.17
27.289 , 78.12 , 78.17
27.29 , 78.07 , 78.16
27.291 , 78.0 , 78.16
27.292 , 78.0 , 78.16
27.294 , 78.05 , 78.15
27.295 , 78.05 , 78.15
27.296 , 78.0 , 78.15
27.297 , 78.05 , 78.14
27.299 , 77.98 , 78.14
27.3 , 77.98 , 78.13
27.301 , 77.96 , 78.13
27.303 , 77.96 , 78.13
27.304 , 77.98 , 78.12
27.305 , 77.96 , 78.12
27.306 , 77.96 , 78.12
27.308 , 78.0 , 78.11
27.309 , 78.0 , 78.11
27.31 , 77.98 , 78.1
27.311 , 78.0 , 78.1
27.312 , 77.96 , 78.1
27.314 , 77.96 , 78.09
27.315 , 77.96 , 78.09
27.316 , 77.91 , 78.09
27.318 , 77.91 , 78.08
27.319 , 77.89 , 78.08
27.32 , 77.89 , 78.07
27.322 , 77.91 , 78.07
27.323 , 77.89 , 78.07
27.324 , 77.84 , 78.06
27.325 , 77.84 , 78.06
27.327 , 77.84 , 78.05
27.328 , 77.84 , 78.05
27.329 , 77.84 , 78.05
27.331 , 77.84 , 78.04
27.332 , 77.84 , 78.04
27.333 , 77.82 , 78.04
27.334 , 77.84 , 78.03
27.336 , 77.82 , 78.03
27.337 , 77.84 , 78.02
27.338 , 77.82 , 78.02
27.339 , 77.82 , 78.02
27.341 , 77.82 , 78.01
27.342 , 77.82 , 78.01
27.343 , 77.8 , 78.01
27.345 , 77.84 , 78.0
27.346 , 77.8 , 78.0
27.347 , 77.75 , 77.99
27.348 , 77.75 , 77.99
27.35 , 77.73 , 77.98
27.351 , 77.75 , 77.98
27.352 , 77.75 , 77.98
27.353 , 77.68 , 77.98
27.354 , 77.68 , 77.97
27.356 , 77.68 , 77.97
27.357 , 77.66 , 77.96
27.358 , 77.68 , 77.96
27.36 , 77.66 , 77.95
27.361 , 77.66 , 77.95
27.362 , 77.66 , 77.95
27.363 , 77.68 , 77.95
27.365 , 77.68 , 77.94
27.366 , 77.68 , 77.94
27.367 , 77.68 , 77.93
27.368 , 77.66 , 77.93
27.369 , 77.68 , 77.93
27.371 , 77.62 , 77.92
27.372 , 77.62 , 77.92
27.373 , 77.66 , 77.92
27.375 , 77.62 , 77.91
27.376 , 77.62 , 77.91
27.377 , 77.59 , 77.9
27.378 , 77.57 , 77.9
27.38 , 77.57 , 77.89
27.381 , 77.57 , 77.89
27.382 , 77.59 , 77.89
27.384 , 77.57 , 77.88
27.385 , 77.57 , 77.88
27.386 , 77.57 , 77.88
27.388 , 77.52 , 77.87
27.389 , 77.57 , 77.87
27.39 , 77.57 , 77.86
27.391 , 77.57 , 77.86
27.393 , 77.59 , 77.86
27.394 , 77.52 , 77.85
27.395 , 77.52 , 77.85
27.397 , 77.52 , 77.84
27.398 , 77.52 , 77.84
27.399 , 77.5 , 77.84
27.401 , 77.45 , 77.83
27.402 , 77.5 , 77.83
27.403 , 77.5 , 77.83
27.404 , 77.5 , 77.82
27.405 , 77.45 , 77.82
27.407 , 77.5 , 77.81
27.408 , 77.43 , 77.81
27.409 , 77.45 , 77.81
27.411 , 77.45 , 77.8
27.412 , 77.43 , 77.8
27.413 , 77.43 , 77.8
27.414 , 77.43 , 77.79
27.415 , 77.36 , 77.79
27.417 , 77.43 , 77.78
27.418 , 77.43 , 77.78
27.419 , 77.43 , 77.78
27.42 , 77.43 , 77.77
27.422 , 77.43 , 77.77
27.423 , 77.43 , 77.77
27.424 , 77.41 , 77.76
27.425 , 77.41 , 77.76
27.427 , 77.41 , 77.75
27.428 , 77.43 , 77.75
27.429 , 77.36 , 77.75
27.43 , 77.36 , 77.74
27.432 , 77.27 , 77.74
27.433 , 77.32 , 77.74
27.434 , 77.32 , 77.73
27.435 , 77.27 , 77.73
27.437 , 77.27 , 77.72
27.438 , 77.32 , 77.72
27.439 , 77.25 , 77.72
27.44 , 77.27 , 77.71
27.442 , 77.27 , 77.71
27.443 , 77.27 , 77.71
27.444 , 77.27 , 77.7
27.446 , 77.32 , 77.7
27.447 , 77.32 , 77.69
27.448 , 77.25 , 77.69
27.449 , 77.25 , 77.69
27.451 , 77.25 , 77.68
27.452 , 77.25 , 77.68
27.453 , 77.25 , 77.68
27.454 , 77.27 , 77.67
27.456 , 77.25 , 77.67
27.457 , 77.25 , 77.66
27.458 , 77.2 , 77.66
27.459 , 77.16 , 77.66
27.461 , 77.2 , 77.65
27.462 , 77.18 , 77.65
27.463 , 77.16 , 77.65
27.465 , 77.18 , 77.64
27.466 , 77.18 , 77.64
27.467 , 77.18 , 77.63
27.468 , 77.18 , 77.63
27.47 , 77.16 , 77.62
27.471 , 77.16 , 77.62
27.472 , 77.16 , 77.62
27.473 , 77.16 , 77.62
27.474 , 77.16 , 77.61
27.476 , 77.16 , 77.61
27.477 , 77.11 , 77.6
27.478 , 77.11 , 77.6
27.479 , 77.16 , 77.6
27.481 , 77.11 , 77.59
27.482 , 77.11 , 77.59
27.483 , 77.11 , 77.59
27.484 , 77.09 , 77.58
27.486 , 77.11 , 77.58
27.487 , 77.09 , 77.57
27.488 , 77.09 , 77.57
27.49 , 77.09 , 77.56
27.491 , 77.04 , 77.56
27.492 , 77.02 , 77.56
27.494 , 77.04 , 77.55
27.495 , 77.02 , 77.55
27.496 , 77.04 , 77.55
27.497 , 77.0 , 77.54
27.498 , 77.04 , 77.54
27.5 , 77.02 , 77.53
27.501 , 77.02 , 77.53
27.502 , 77.02 , 77.53
27.504 , 77.04 , 77.52
27.505 , 77.04 , 77.52
27.506 , 77.04 , 77.52
27.507 , 77.02 , 77.51
27.509 , 77.02 , 77.51
27.51 , 77.02 , 77.5
27.511 , 77.0 , 77.5
27.512 , 77.0 , 77.5
27.513 , 77.0 , 77.5
27.515 , 76.95 , 77.49
27.516 , 76.95 , 77.49
27.517 , 76.93 , 77.48
27.519 , 76.93 , 77.48
27.52 , 76.88 , 77.47
27.521 , 76.93 , 77.47
27.522 , 76.93 , 77.47
27.523 , 76.95 , 77.47
27.525 , 76.93 , 77.46
27.526 , 76.93 , 77.46
27.527 , 76.93 , 77.45
27.529 , 76.93 , 77.45
27.53 , 76.95 , 77.44
27.531 , 76.95 , 77.44
27.532 , 76.93 , 77.44
27.534 , 76.88 , 77.43
27.535 , 76.88 , 77.43
27.536 , 76.88 , 77.43
27.537 , 76.86 , 77.42
27.539 , 76.93 , 77.42
27.54 , 76.86 , 77.41
27.541 , 76.84 , 77.41
27.542 , 76.84 , 77.41
27.544 , 76.86 , 77.4
27.545 , 76.86 , 77.4
27.546 , 76.84 , 77.4
27.547 , 76.86 , 77.39
27.549 , 76.79 , 77.39
27.55 , 76.79 , 77.38
27.551 , 76.77 , 77.38
27.553 , 76.84 , 77.38
27.554 , 76.79 , 77.37
27.555 , 76.79 , 77.37
27.556 , 76.79 , 77.37
27.558 , 76.79 , 77.36
27.559 , 76.79 , 77.36
27.56 , 76.79 , 77.35
27.561 , 76.79 , 77.35
27.563 , 76.84 , 77.35
27.564 , 76.79 , 77.34
27.565 , 76.79 , 77.34
27.566 , 76.77 , 77.34
27.568 , 76.77 , 77.33
27.569 , 76.77 , 77.33
27.57 , 76.72 , 77.32
27.572 , 76.77 , 77.32
27.573 , 76.7 , 77.32
27.574 , 76.63 , 77.31
27.576 , 76.63 , 77.31
27.577 , 76.63 , 77.3
27.578 , 76.72 , 77.3
27.579 , 76.72 , 77.3
27.581 , 76.77 , 77.29
27.582 , 76.77 , 77.29
27.583 , 76.79 , 77.29
27.584 , 76.86 , 77.28
27.586 , 76.86 , 77.28
27.587 , 76.86 , 77.27
27.588 , 76.86 , 77.27
27.589 , 76.86 , 77.27
27.591 , 76.79 , 77.26
27.592 , 76.79 , 77.26
27.593 , 76.79 , 77.26
27.595 , 76.77 , 77.25
27.596 , 76.77 , 77.25
27.597 , 76.72 , 77.24
27.598 , 76.7 , 77.24
27.6 , 76.7 , 77.23
27.601 , 76.7 , 77.23
27.602 , 76.7 , 77.23
27.604 , 76.7 , 77.22
27.605 , 76.72 , 77.22
27.606 , 76.72 , 77.22
27.607 , 76.72 , 77.21
27.608 , 76.77 , 77.21
27.61 , 76.77 , 77.2
27.611 , 76.72 , 77.2
27.612 , 76.72 , 77.2
27.614 , 76.77 , 77.19
27.615 , 76.7 , 77.19
27.616 , 76.72 , 77.19
27.617 , 76.7 , 77.18
27.619 , 76.72 , 77.18
27.62 , 76.63 , 77.17
27.621 , 76.65 , 77.17
27.622 , 76.7 , 77.17
27.624 , 76.65 , 77.16
27.625 , 76.72 , 77.16
27.626 , 76.7 , 77.16
27.627 , 76.7 , 77.15
27.629 , 76.7 , 77.15
27.63 , 76.72 , 77.14
27.631 , 76.72 , 77.14
27.632 , 76.77 , 77.14
27.634 , 76.77 , 77.13
27.635 , 76.72 , 77.13
27.636 , 76.7 , 77.13
27.638 , 76.7 , 77.12
27.639 , 76.72 , 77.12
27.64 , 76.72 , 77.11
27.641 , 76.77 , 77.11
27.643 , 76.84 , 77.1
27.644 , 76.88 , 77.1
27.645 , 77.0 , 77.1
27.647 , 77.09 , 77.09
27.648 , 77.32 , 77.09
27.649 , 77.5 , 77.09
27.65 , 77.52 , 77.08
27.652 , 77.57 , 77.08
27.653 , 77.52 , 77.07
27.654 , 77.5 , 77.07
27.656 , 77.45 , 77.07
27.657 , 77.45 , 77.06
27.658 , 77.41 , 77.06
27.659 , 77.36 , 77.06
27.661 , 77.32 , 77.05
27.662 , 77.32 , 77.05
27.663 , 77.36 , 77.04
27.664 , 77.41 , 77.04
27.666 , 77.41 , 77.04
27.667 , 77.45 , 77.03
27.668 , 77.5 , 77.03
27.669 , 77.59 , 77.03
27.671 , 77.66 , 77.02
27.672 , 77.8 , 77.02
27.673 , 77.84 , 77.01
27.674 , 77.91 , 77.01
27.676 , 77.98 , 77.01
27.677 , 78.07 , 77.0
27.678 , 78.14 , 77.0
27.68 , 78.14 , 76.99
27.681 , 78.16 , 76.99
27.682 , 78.16 , 76.99
27.683 , 78.21 , 76.98
27.685 , 78.21 , 76.98
27.686 , 78.23 , 76.98
27.687 , 78.23 , 76.97
27.688 , 78.21 , 76.97
27.69 , 78.23 , 76.96
27.691 , 78.23 , 76.96
27.692 , 78.23 , 76.96
27.694 , 78.23 , 76.95
27.695 , 78.28 , 76.95
27.696 , 78.3 , 76.95
27.697 , 78.28 , 76.94
27.699 , 78.3 , 76.94
27.7 , 78.35 , 76.93
27.701 , 78.28 , 76.93
27.702 , 78.12 , 76.93
27.704 , 77.96 , 76.92
27.705 , 77.62 , 76.92
27.706 , 77.36 , 76.92
27.708 , 77.25 , 76.91
27.709 , 77.11 , 76.91
27.718 , 77.36 , 76.88
27.719 , 77.45 , 76.88
27.721 , 77.52 , 76.87
27.722 , 77.62 , 76.87
27.723 , 77.68 , 76.86
27.724 , 77.68 , 76.86
27.726 , 77.66 , 76.86
27.727 , 77.66 , 76.85
27.728 , 77.62 , 76.85
27.729 , 77.57 , 76.85
27.731 , 77.5 , 76.84
27.732 , 77.45 , 76.84
27.733 , 77.41 , 76.83
27.734 , 77.36 , 76.83
27.736 , 77.32 , 76.83
27.737 , 77.32 , 76.82
27.738 , 77.36 , 76.82
27.74 , 77.32 , 76.81
27.741 , 77.32 , 76.81
27.742 , 77.36 , 76.81
27.743 , 77.41 , 76.8
27.745 , 77.36 , 76.8
27.746 , 77.41 , 76.8
27.747 , 77.41 , 76.79
27.748 , 77.41 , 76.79
27.75 , 77.41 , 76.78
27.751 , 77.36 , 76.78
27.752 , 77.41 , 76.78
27.753 , 77.36 , 76.77
27.755 , 77.32 , 76.77
27.756 , 77.32 , 76.77
27.757 , 77.25 , 76.76
27.758 , 77.25 , 76.76
27.76 , 77.25 , 76.75
27.761 , 77.25 , 76.75
27.762 , 77.27 , 76.75
27.763 , 77.27 , 76.74
27.765 , 77.27 , 76.74
27.766 , 77.25 , 76.74
27.767 , 77.25 , 76.73
27.769 , 77.25 , 76.73
27.77 , 77.25 , 76.72
27.771 , 77.27 , 76.72
27.772 , 77.2 , 76.72
27.774 , 77.2 , 76.71
27.775 , 77.2 , 76.71
27.776 , 77.2 , 76.71
27.778 , 77.2 , 76.7
27.779 , 77.2 , 76.7
27.78 , 77.2 , 76.69
27.781 , 77.18 , 76.69
27.783 , 77.18 , 76.68
27.784 , 77.2 , 76.68
27.785 , 77.18 , 76.68
27.786 , 77.18 , 76.68
27.788 , 77.18 , 76.67
27.789 , 77.16 , 76.67
27.79 , 77.18 , 76.66
27.791 , 77.16 , 76.66
27.793 , 77.16 , 76.65
27.794 , 77.16 , 76.65
27.795 , 77.16 , 76.65
27.796 , 77.16 , 76.65
27.798 , 77.09 , 76.64
27.799 , 77.11 , 76.64
27.8 , 77.11 , 76.63
27.801 , 77.09 , 76.63
27.803 , 77.16 , 76.62
27.804 , 77.09 , 76.62
27.805 , 77.11 , 76.62
27.806 , 77.11 , 76.62
27.808 , 77.09 , 76.61
27.809 , 77.09 , 76.61
27.81 , 77.11 , 76.6
27.811 , 77.09 , 76.6
27.813 , 77.09 , 76.59
27.814 , 77.04 , 76.59
27.815 , 77.04 , 76.59
27.817 , 77.04 , 76.58
27.818 , 77.02 , 76.58
27.819 , 77.02 , 76.58
27.82 , 77.04 , 76.57
27.822 , 77.0 , 76.57
27.823 , 77.04 , 76.56
27.824 , 77.02 , 76.56
27.825 , 77.02 , 76.56
27.827 , 77.0 , 76.55
27.828 , 77.02 , 76.55
27.829 , 77.02 , 76.55
27.831 , 77.0 , 76.54
27.832 , 77.02 , 76.54
27.833 , 77.04 , 76.53
27.834 , 77.02 , 76.53
27.836 , 77.02 , 76.53
27.837 , 77.0 , 76.52
27.838 , 77.0 , 76.52
27.839 , 77.0 , 76.52
27.841 , 77.0 , 76.51
27.842 , 77.0 , 76.51
27.843 , 77.0 , 76.5
27.844 , 76.95 , 76.5
27.846 , 76.95 , 76.5
27.847 , 77.0 , 76.49
27.848 , 76.95 , 76.49
27.849 , 76.95 , 76.49
27.851 , 76.93 , 76.48
27.852 , 76.88 , 76.48
27.853 , 76.84 , 76.47
27.855 , 76.84 , 76.47
27.856 , 76.84 , 76.47
27.857 , 76.86 , 76.46
27.858 , 76.86 , 76.46
27.86 , 76.93 , 76.45
27.861 , 76.93 , 76.45
27.862 , 76.95 , 76.45
27.864 , 76.93 , 76.44
27.865 , 76.88 , 76.44
27.866 , 76.88 , 76.44
27.867 , 76.88 , 76.43
27.869 , 76.86 , 76.43
27.87 , 76.84 , 76.42
27.871 , 76.77 , 76.42
27.872 , 76.72 , 76.42
27.874 , 76.65 , 76.41
27.875 , 76.65 , 76.41
27.876 , 76.72 , 76.41
27.877 , 76.7 , 76.4
27.879 , 76.65 , 76.4
27.88 , 76.65 , 76.39
27.881 , 76.65 , 76.39
27.883 , 76.72 , 76.38
27.884 , 76.7 , 76.38
27.885 , 76.72 , 76.38
27.886 , 76.7 , 76.38
27.888 , 76.65 , 76.37
27.889 , 76.65 , 76.37
27.89 , 76.65 , 76.36
27.891 , 76.63 , 76.36
27.893 , 76.63 , 76.35
27.894 , 76.61 , 76.35
27.895 , 76.65 , 76.35
27.897 , 76.61 , 76.34
27.898 , 76.61 , 76.34
27.899 , 76.61 , 76.34
27.9 , 76.61 , 76.33
27.902 , 76.61 , 76.33
27.903 , 76.56 , 76.32
27.904 , 76.56 , 76.32
27.905 , 76.54 , 76.32
27.907 , 76.56 , 76.31
27.908 , 76.54 , 76.31
27.909 , 76.49 , 76.31
27.911 , 76.54 , 76.3
27.912 , 76.54 , 76.3
27.913 , 76.49 , 76.29
27.914 , 76.49 , 76.29
27.916 , 76.49 , 76.29
27.917 , 76.49 , 76.28
27.918 , 76.49 , 76.28
27.919 , 76.54 , 76.28
27.921 , 76.49 , 76.27
27.922 , 76.54 , 76.27
27.923 , 76.54 , 76.26
27.924 , 76.47 , 76.26
27.926 , 76.47 , 76.26
27.927 , 76.45 , 76.25
27.928 , 76.45 , 76.25
27.929 , 76.45 , 76.25
27.931 , 76.4 , 76.24
27.932 , 76.45 , 76.24
27.933 , 76.38 , 76.23
27.935 , 76.33 , 76.23
27.936 , 76.31 , 76.23
27.937 , 76.31 , 76.22
27.938 , 76.31 , 76.22
27.94 , 76.33 , 76.21
27.941 , 76.31 , 76.21
27.942 , 76.31 , 76.21
27.943 , 76.31 , 76.2
27.945 , 76.31 , 76.2
27.946 , 76.31 , 76.2
27.947 , 76.31 , 76.19
27.949 , 76.26 , 76.19
27.95 , 76.26 , 76.18
27.951 , 76.24 , 76.18
27.952 , 76.22 , 76.18
27.954 , 76.22 , 76.17
27.955 , 76.22 , 76.17
27.956 , 76.17 , 76.17
27.957 , 76.15 , 76.16
27.959 , 76.17 , 76.16
27.96 , 76.17 , 76.15
27.961 , 76.15 , 76.15
27.962 , 76.17 , 76.15
27.964 , 76.15 , 76.14
27.965 , 76.15 , 76.14
27.966 , 76.17 , 76.14
27.968 , 76.17 , 76.13
27.969 , 76.17 , 76.13
27.97 , 76.15 , 76.12
27.971 , 76.15 , 76.12
27.973 , 76.1 , 76.11
27.974 , 76.15 , 76.11
27.975 , 76.1 , 76.11
27.976 , 76.1 , 76.11
27.977 , 76.08 , 76.1
27.979 , 76.1 , 76.1
27.98 , 76.08 , 76.09
27.981 , 76.08 , 76.09
27.983 , 76.08 , 76.08
27.984 , 76.08 , 76.08
27.985 , 76.1 , 76.08
27.986 , 76.08 , 76.08
27.988 , 76.08 , 76.07
27.989 , 76.08 , 76.07
27.99 , 76.06 , 76.06
27.991 , 76.08 , 76.06
27.993 , 76.06 , 76.05
27.994 , 76.06 , 76.05
27.995 , 76.08 , 76.05
27.997 , 76.01 , 76.04
27.998 , 75.99 , 76.04
27.999 , 76.01 , 76.04
28.0 , 76.01 , 76.03
28.001 , 75.94 , 76.03
28.003 , 75.94 , 76.02
28.004 , 75.94 , 76.02
28.005 , 75.94 , 76.02
28.007 , 75.94 , 76.01
28.008 , 75.94 , 76.01
28.009 , 75.92 , 76.01
28.01 , 75.94 , 76.0
28.011 , 75.92 , 76.0
28.013 , 75.92 , 75.99
28.014 , 75.9 , 75.99
28.015 , 75.9 , 75.99
28.017 , 75.9 , 75.98
28.018 , 75.9 , 75.98
28.019 , 75.9 , 75.98
28.02 , 75.92 , 75.97
28.021 , 75.92 , 75.97
28.023 , 75.92 , 75.96
28.024 , 75.9 , 75.96
28.025 , 75.92 , 75.96
28.027 , 75.9 , 75.95
28.028 , 75.9 , 75.95
28.029 , 75.85 , 75.95
28.03 , 75.9 , 75.94
28.032 , 75.83 , 75.94
28.033 , 75.83 , 75.93
28.034 , 75.83 , 75.93
28.035 , 75.78 , 75.93
28.036 , 75.83 , 75.92
28.038 , 75.78 , 75.92
28.039 , 75.76 , 75.92
28.04 , 75.78 , 75.91
28.042 , 75.76 , 75.91
28.043 , 75.78 , 75.9
28.044 , 75.78 , 75.9
28.045 , 75.78 , 75.9
28.047 , 75.83 , 75.89
28.048 , 75.78 , 75.89
28.049 , 75.76 , 75.89
28.05 , 75.78 , 75.88
28.052 , 75.76 , 75.88
28.053 , 75.76 , 75.87
28.054 , 75.76 , 75.87
28.055 , 75.72 , 75.87
28.057 , 75.72 , 75.86
28.058 , 75.76 , 75.86
28.059 , 75.72 , 75.86
28.06 , 75.69 , 75.85
28.062 , 75.72 , 75.85
28.063 , 75.72 , 75.84
28.064 , 75.69 , 75.84
28.065 , 75.69 , 75.84
28.067 , 75.69 , 75.83
28.068 , 75.67 , 75.83
28.069 , 75.67 , 75.83
28.07 , 75.62 , 75.82
28.072 , 75.67 , 75.82
28.073 , 75.62 , 75.81
28.074 , 75.6 , 75.81
28.076 , 75.56 , 75.8
28.077 , 75.6 , 75.8
28.078 , 75.62 , 75.8
28.079 , 75.6 , 75.8
28.081 , 75.6 , 75.79
28.082 , 75.6 , 75.79
28.083 , 75.6 , 75.78
28.084 , 75.6 , 75.78
28.086 , 75.6 , 75.77
28.087 , 75.6 , 75.77
28.088 , 75.56 , 75.77
28.09 , 75.6 , 75.76
28.091 , 75.53 , 75.76
28.092 , 75.56 , 75.76
28.094 , 75.53 , 75.75
28.095 , 75.53 , 75.75
28.096 , 75.51 , 75.74
28.097 , 75.53 , 75.74
28.099 , 75.51 , 75.74
28.1 , 75.51 , 75.73
28.101 , 75.46 , 75.73
28.102 , 75.51 , 75.73
28.104 , 75.46 , 75.72
28.105 , 75.51 , 75.72
28.106 , 75.46 , 75.71
28.107 , 75.46 , 75.71
28.109 , 75.51 , 75.71
28.11 , 75.51 , 75.7
28.111 , 75.46 , 75.7
28.112 , 75.46 , 75.7
28.114 , 75.39 , 75.69
28.115 , 75.39 , 75.69
28.116 , 75.44 , 75.68
28.118 , 75.44 , 75.68
28.119 , 75.44 , 75.68
28.12 , 75.39 , 75.67
28.121 , 75.44 , 75.67
28.123 , 75.44 , 75.66
28.124 , 75.44 , 75.66
28.125 , 75.39 , 75.66
28.126 , 75.39 , 75.65
28.127 , 75.37 , 75.65
28.129 , 75.37 , 75.65
28.13 , 75.37 , 75.64
28.131 , 75.37 , 75.64
28.132 , 75.35 , 75.64
28.134 , 75.35 , 75.63
28.135 , 75.35 , 75.63
28.136 , 75.35 , 75.62
28.138 , 75.3 , 75.62
28.139 , 75.3 , 75.62
28.14 , 75.3 , 75.61
28.141 , 75.3 , 75.61
28.142 , 75.3 , 75.61
28.143 , 75.35 , 75.6
28.145 , 75.3 , 75.6
28.146 , 75.35 , 75.59
28.147 , 75.35 , 75.59
28.149 , 75.35 , 75.59
28.15 , 75.3 , 75.58
28.151 , 75.35 , 75.58
28.153 , 75.28 , 75.57
28.154 , 75.28 , 75.57
28.155 , 75.28 , 75.57
28.156 , 75.28 , 75.56
28.158 , 75.21 , 75.56
28.159 , 75.23 , 75.56
28.16 , 75.21 , 75.55
28.162 , 75.21 , 75.55
28.163 , 75.21 , 75.54
28.164 , 75.21 , 75.54
28.165 , 75.17 , 75.54
28.167 , 75.23 , 75.53
28.168 , 75.14 , 75.53
28.169 , 75.21 , 75.53
28.17 , 75.17 , 75.52
28.172 , 75.21 , 75.52
28.173 , 75.17 , 75.51
28.174 , 75.17 , 75.51
28.176 , 75.14 , 75.5
28.177 , 75.14 , 75.5
28.178 , 75.17 , 75.5
28.179 , 75.14 , 75.5
28.181 , 75.17 , 75.49
28.182 , 75.14 , 75.49
28.183 , 75.17 , 75.48
28.184 , 75.17 , 75.48
28.186 , 75.12 , 75.47
28.187 , 75.14 , 75.47
28.188 , 75.14 , 75.47
28.189 , 75.12 , 75.47
28.191 , 75.12 , 75.46
28.192 , 75.14 , 75.46
28.193 , 75.05 , 75.45
28.194 , 75.07 , 75.45
28.196 , 75.07 , 75.44
28.197 , 75.05 , 75.44
28.198 , 75.05 , 75.44
28.199 , 75.01 , 75.44
28.201 , 75.05 , 75.43
28.202 , 75.01 , 75.43
28.203 , 75.05 , 75.42
28.204 , 75.07 , 75.42
28.206 , 75.05 , 75.41
28.207 , 75.05 , 75.41
28.208 , 75.05 , 75.41
28.209 , 75.01 , 75.41
28.21 , 75.05 , 75.4
28.212 , 75.01 , 75.4
28.213 , 75.05 , 75.39
28.214 , 75.01 , 75.39
28.215 , 74.98 , 75.39
28.217 , 74.98 , 75.38
28.218 , 75.01 , 75.38
28.219 , 75.01 , 75.38
28.22 , 74.98 , 75.37
28.222 , 74.98 , 75.37
28.223 , 74.98 , 75.36
28.224 , 74.96 , 75.36
28.225 , 74.96 , 75.36
28.227 , 74.96 , 75.35
28.228 , 74.96 , 75.35
28.229 , 74.91 , 75.35
28.23 , 74.96 , 75.34
28.232 , 74.91 , 75.34
28.233 , 74.89 , 75.33
28.234 , 74.91 , 75.33
28.236 , 74.91 , 75.32
28.237 , 74.85 , 75.32
28.238 , 74.89 , 75.32
28.239 , 74.91 , 75.32
28.241 , 74.91 , 75.31
28.242 , 74.91 , 75.31
28.243 , 74.89 , 75.3
28.244 , 74.91 , 75.3
28.246 , 74.89 , 75.29
28.247 , 74.91 , 75.29
28.248 , 74.91 , 75.29
28.249 , 74.89 , 75.29
28.25 , 74.89 , 75.28
28.252 , 74.85 , 75.28
28.253 , 74.85 , 75.27
28.254 , 74.82 , 75.27
28.256 , 74.78 , 75.26
28.257 , 74.78 , 75.26
28.258 , 74.78 , 75.26
28.26 , 74.78 , 75.25
28.261 , 74.78 , 75.25
28.262 , 74.78 , 75.25
28.263 , 74.78 , 75.24
28.265 , 74.82 , 75.24
28.266 , 74.78 , 75.23
28.267 , 74.82 , 75.23
28.268 , 74.78 , 75.23
28.27 , 74.78 , 75.22
28.271 , 74.78 , 75.22
28.272 , 74.78 , 75.22
28.274 , 74.78 , 75.21
28.275 , 74.75 , 75.21
28.276 , 74.78 , 75.2
28.277 , 74.78 , 75.2
28.279 , 74.75 , 75.2
28.28 , 74.78 , 75.19
28.281 , 74.69 , 75.19
28.282 , 74.75 , 75.19
28.284 , 74.75 , 75.18
28.285 , 74.75 , 75.18
28.286 , 74.69 , 75.17
28.287 , 74.69 , 75.17
28.289 , 74.73 , 75.17
28.29 , 74.69 , 75.16
28.291 , 74.69 , 75.16
28.292 , 74.73 , 75.16
28.294 , 74.66 , 75.15
28.295 , 74.69 , 75.15
28.296 , 74.66 , 75.14
28.297 , 74.69 , 75.14
28.299 , 74.66 , 75.14
28.3 , 74.66 , 75.13
28.301 , 74.62 , 75.13
28.302 , 74.66 , 75.13
28.304 , 74.69 , 75.12
28.305 , 74.62 , 75.12
28.306 , 74.62 , 75.11
28.307 , 74.66 , 75.11
28.308 , 74.62 , 75.11
28.31 , 74.62 , 75.1
28.311 , 74.59 , 75.1
28.312 , 74.59 , 75.1
28.313 , 74.59 , 75.09
28.315 , 74.59 , 75.09
28.316 , 74.57 , 75.08
28.317 , 74.57 , 75.08
28.319 , 74.53 , 75.08
28.32 , 74.57 , 75.07
28.321 , 74.53 , 75.07
28.322 , 74.53 , 75.07
28.324 , 74.46 , 75.06
28.325 , 74.46 , 75.06
28.326 , 74.43 , 75.05
28.327 , 74.53 , 75.05
28.329 , 74.53 , 75.05
28.33 , 74.62 , 75.04
28.331 , 74.62 , 75.04
28.332 , 74.59 , 75.04
28.334 , 74.69 , 75.03
28.335 , 74.66 , 75.03
28.336 , 74.66 , 75.02
28.337 , 74.62 , 75.02
28.339 , 74.66 , 75.02
28.34 , 74.66 , 75.01
28.341 , 74.66 , 75.01
28.342 , 74.62 , 75.01
28.344 , 74.59 , 75.0
28.345 , 74.59 , 75.0
28.346 , 74.57 , 74.99
28.347 , 74.57 , 74.99
28.349 , 74.53 , 74.99
28.35 , 74.53 , 74.98
28.351 , 74.53 , 74.98
28.353 , 74.53 , 74.97
28.354 , 74.57 , 74.97
28.355 , 74.57 , 74.97
28.356 , 74.57 , 74.96
28.358 , 74.53 , 74.96
28.359 , 74.53 , 74.96
28.36 , 74.53 , 74.95
28.362 , 74.57 , 74.95
28.363 , 74.57 , 74.94
28.364 , 74.59 , 74.94
28.365 , 74.57 , 74.94
28.367 , 74.53 , 74.93
28.368 , 74.53 , 74.93
28.369 , 74.53 , 74.92
28.371 , 74.46 , 74.92
28.372 , 74.53 , 74.92
28.373 , 74.46 , 74.91
28.375 , 74.46 , 74.91
28.376 , 74.53 , 74.9
28.377 , 74.53 , 74.9
28.378 , 74.46 , 74.9
28.38 , 74.46 , 74.89
28.381 , 74.53 , 74.89
28.382 , 74.53 , 74.89
28.384 , 74.53 , 74.88
28.385 , 74.57 , 74.88
28.386 , 74.57 , 74.87
28.387 , 74.59 , 74.87
28.389 , 74.53 , 74.86
28.39 , 74.53 , 74.86
28.391 , 74.53 , 74.86
28.393 , 74.59 , 74.85
28.394 , 74.69 , 74.85
28.395 , 74.75 , 74.85
28.397 , 74.91 , 74.84
28.398 , 74.98 , 74.84
28.399 , 75.17 , 74.83
28.4 , 75.28 , 74.83
28.402 , 75.35 , 74.83
28.403 , 75.37 , 74.82
28.404 , 75.37 , 74.82
28.405 , 75.3 , 74.82
28.407 , 75.28 , 74.81
28.408 , 75.23 , 74.81
28.409 , 75.21 , 74.8
28.41 , 75.17 , 74.8
28.412 , 75.14 , 74.8
28.413 , 75.12 , 74.79
28.414 , 75.14 , 74.79
28.415 , 75.17 , 74.79
28.417 , 75.21 , 74.78
28.418 , 75.23 , 74.78
28.419 , 75.35 , 74.77
28.421 , 75.39 , 74.77
28.422 , 75.51 , 74.77
28.423 , 75.53 , 74.76
28.424 , 75.6 , 74.76
28.426 , 75.72 , 74.75
28.427 , 75.78 , 74.75
28.428 , 75.85 , 74.75
28.429 , 75.9 , 74.74
28.431 , 75.92 , 74.74
28.432 , 75.99 , 74.74
28.433 , 75.99 , 74.73
28.435 , 75.99 , 74.73
28.436 , 76.01 , 74.72
28.437 , 76.01 , 74.72
28.438 , 75.99 , 74.72
28.44 , 76.06 , 74.71
28.441 , 75.99 , 74.71
28.45 , 74.89 , 74.68
28.452 , 74.82 , 74.68
28.453 , 74.73 , 74.67
28.454 , 74.69 , 74.67
28.455 , 74.69 , 74.67
28.457 , 74.75 , 74.66
28.458 , 74.82 , 74.66
28.459 , 74.98 , 74.65
28.46 , 75.01 , 74.65
28.462 , 75.12 , 74.65
28.463 , 75.17 , 74.64
28.464 , 75.28 , 74.64
28.466 , 75.3 , 74.63
28.467 , 75.35 , 74.63
28.468 , 75.3 , 74.63
28.469 , 75.28 , 74.62
28.471 , 75.23 , 74.62
28.472 , 75.21 , 74.62
28.473 , 75.14 , 74.61
28.474 , 75.12 , 74.61
28.475 , 75.05 , 74.61
28.477 , 75.01 , 74.6
28.478 , 75.01 , 74.6
28.479 , 75.01 , 74.59
28.48 , 75.01 , 74.59
28.482 , 75.05 , 74.59
28.483 , 75.01 , 74.58
28.484 , 75.01 , 74.58
28.485 , 75.05 , 74.58
28.487 , 75.07 , 74.57
28.488 , 75.05 , 74.57
28.489 , 75.05 , 74.56
28.491 , 75.07 , 74.56
28.492 , 75.05 , 74.56
28.493 , 75.05 , 74.55
28.494 , 75.01 , 74.55
28.496 , 75.01 , 74.54
28.497 , 74.98 , 74.54
28.498 , 74.98 , 74.54
28.499 , 74.98 , 74.53
28.501 , 74.98 , 74.53
28.502 , 74.98 , 74.53
28.503 , 74.98 , 74.52
28.504 , 74.98 , 74.52
28.506 , 74.96 , 74.51
28.507 , 74.98 , 74.51
28.508 , 74.98 , 74.51
28.509 , 75.01 , 74.5
28.51 , 74.96 , 74.5
28.512 , 74.96 , 74.5
28.513 , 74.96 , 74.49
28.514 , 74.96 , 74.49
28.516 , 74.98 , 74.48
28.517 , 74.91 , 74.48
28.518 , 74.96 , 74.48
28.519 , 74.91 , 74.47
28.521 , 74.91 , 74.47
28.522 , 74.91 , 74.47
28.523 , 74.89 , 74.46
28.524 , 74.91 , 74.46
28.526 , 74.85 , 74.45
28.527 , 74.89 , 74.45
28.528 , 74.91 , 74.45
28.529 , 74.89 , 74.44
28.531 , 74.89 , 74.44
28.532 , 74.89 , 74.44
28.533 , 74.89 , 74.43
28.535 , 74.85 , 74.43
28.536 , 74.89 , 74.42
28.537 , 74.85 , 74.42
28.538 , 74.82 , 74.42
28.54 , 74.82 , 74.41
28.541 , 74.82 , 74.41
28.542 , 74.85 , 74.41
28.544 , 74.82 , 74.4
28.545 , 74.82 , 74.4
28.546 , 74.78 , 74.39
28.547 , 74.85 , 74.39
28.549 , 74.82 , 74.38
28.55 , 74.82 , 74.38
28.551 , 74.78 , 74.38
28.553 , 74.82 , 74.37
28.554 , 74.78 , 74.37
28.555 , 74.78 , 74.37
28.556 , 74.75 , 74.36
28.558 , 74.75 , 74.36
28.559 , 74.75 , 74.35
28.56 , 74.75 , 74.35
28.561 , 74.75 , 74.35
28.563 , 74.75 , 74.34
28.564 , 74.75 , 74.34
28.565 , 74.75 , 74.34
28.566 , 74.75 , 74.33
28.568 , 74.73 , 74.33
28.569 , 74.75 , 74.32
28.57 , 74.75 , 74.32
28.571 , 74.73 , 74.32
28.573 , 74.73 , 74.31
28.574 , 74.73 , 74.31
28.575 , 74.73 , 74.31
28.576 , 74.66 , 74.3
28.578 , 74.73 , 74.3
28.579 , 74.73 , 74.29
28.58 , 74.69 , 74.29
28.581 , 74.69 , 74.29
28.583 , 74.69 , 74.28
28.584 , 74.69 , 74.28
28.585 , 74.69 , 74.28
28.586 , 74.69 , 74.27
28.588 , 74.66 , 74.27
28.589 , 74.69 , 74.26
28.59 , 74.69 , 74.26
28.591 , 74.69 , 74.26
28.593 , 74.66 , 74.25
28.594 , 74.62 , 74.25
28.595 , 74.66 , 74.25
28.596 , 74.62 , 74.24
28.598 , 74.62 , 74.24
28.599 , 74.62 , 74.23
28.6 , 74.59 , 74.23
28.601 , 74.46 , 74.23
28.603 , 74.43 , 74.22
28.604 , 74.41 , 74.22
28.605 , 74.43 , 74.22
28.606 , 74.43 , 74.21
28.607 , 74.46 , 74.21
28.609 , 74.53 , 74.2
28.61 , 74.57 , 74.2
28.611 , 74.62 , 74.2
28.612 , 74.66 , 74.2
28.614 , 74.57 , 74.19
28.615 , 74.62 , 74.19
28.616 , 74.59 , 74.18
28.617 , 74.46 , 74.18
28.619 , 74.46 , 74.17
28.62 , 74.43 , 74.17
28.621 , 74.43 , 74.17
28.622 , 74.36 , 74.17
28.624 , 74.36 , 74.16
28.625 , 74.34 , 74.16
28.626 , 74.3 , 74.15
28.627 , 74.3 , 74.15
28.629 , 74.34 , 74.14
28.63 , 74.3 , 74.14
28.631 , 74.34 , 74.14
28.632 , 74.3 , 74.14
28.634 , 74.36 , 74.13
28.635 , 74.3 , 74.13
28.636 , 74.34 , 74.12
28.637 , 74.34 , 74.12
28.639 , 74.3 , 74.11
28.64 , 74.34 , 74.11
28.641 , 74.3 , 74.11
28.642 , 74.3 , 74.11
28.644 , 74.3 , 74.1
28.645 , 74.3 , 74.1
28.646 , 74.34 , 74.09
28.647 , 74.3 , 74.09
28.649 , 74.27 , 74.08
28.65 , 74.27 , 74.08
28.651 , 74.23 , 74.08
28.652 , 74.27 , 74.08
28.654 , 74.27 , 74.07
28.655 , 74.2 , 74.07
28.656 , 74.2 , 74.06
28.658 , 74.18 , 74.06
28.659 , 74.2 , 74.05
28.66 , 74.2 , 74.05
28.661 , 74.2 , 74.05
28.663 , 74.18 , 74.04
28.664 , 74.2 , 74.04
28.665 , 74.2 , 74.04
28.666 , 74.2 , 74.03
28.668 , 74.18 , 74.03
28.669 , 74.2 , 74.02
28.67 , 74.2 , 74.02
28.671 , 74.18 , 74.02
28.673 , 74.2 , 74.01
28.674 , 74.18 , 74.01
28.675 , 74.14 , 74.01
28.676 , 74.14 , 74.0
28.678 , 74.14 , 74.0
28.679 , 74.14 , 73.99
28.68 , 74.11 , 73.99
28.682 , 74.11 , 73.99
28.683 , 74.14 , 73.98
28.684 , 74.11 , 73.98
28.685 , 74.11 , 73.98
28.686 , 74.07 , 73.97
28.688 , 74.11 , 73.97
28.689 , 74.07 , 73.96
28.69 , 74.07 , 73.96
28.692 , 74.11 , 73.96
28.693 , 74.07 , 73.95
28.694 , 74.04 , 73.95
28.695 , 74.04 , 73.95
28.697 , 74.04 , 73.94
28.698 , 74.04 , 73.94
28.699 , 74.02 , 73.93
28.7 , 74.02 , 73.93
28.702 , 74.02 , 73.93
28.703 , 73.98 , 73.92
28.704 , 74.02 , 73.92
28.705 , 73.95 , 73.92
28.707 , 73.95 , 73.91
28.708 , 73.98 , 73.91
28.709 , 73.95 , 73.9
28.711 , 73.95 , 73.9
28.712 , 73.95 , 73.9
28.713 , 73.95 , 73.89
28.714 , 73.95 , 73.89
28.716 , 73.91 , 73.88
28.717 , 73.98 , 73.88
28.718 , 73.91 , 73.88
28.72 , 73.91 , 73.87
28.721 , 73.91 , 73.87
28.722 , 73.95 , 73.87
28.723 , 73.95 , 73.86
28.724 , 73.95 , 73.86
28.726 , 73.98 , 73.85
28.727 , 73.91 , 73.85
28.728 , 73.91 , 73.85
28.73 , 73.91 , 73.84
28.731 , 73.91 , 73.84
28.732 , 73.88 , 73.83
28.733 , 73.86 , 73.83
28.735 , 73.86 , 73.83
28.736 , 73.86 , 73.82
28.737 , 73.86 , 73.82
28.738 , 73.82 , 73.82
28.74 , 73.82 , 73.81
28.741 , 73.79 , 73.81
28.742 , 73.82 , 73.8
28.744 , 73.79 , 73.8
28.745 , 73.79 , 73.8
28.746 , 73.82 , 73.79
28.747 , 73.79 , 73.79
28.748 , 73.79 , 73.79
28.75 , 73.82 , 73.78
28.751 , 73.79 , 73.78
28.752 , 73.75 , 73.77
28.754 , 73.79 , 73.77
28.755 , 73.79 , 73.77
28.756 , 73.75 , 73.76
28.757 , 73.72 , 73.76
28.759 , 73.72 , 73.75
28.76 , 73.75 , 73.75
28.761 , 73.75 , 73.75
28.762 , 73.75 , 73.74
28.763 , 73.75 , 73.74
28.765 , 73.79 , 73.74
28.766 , 73.79 , 73.73
28.767 , 73.75 , 73.73
28.768 , 73.75 , 73.73
28.77 , 73.72 , 73.72
28.771 , 73.72 , 73.72
28.772 , 73.72 , 73.71
28.773 , 73.72 , 73.71
28.775 , 73.66 , 73.71
28.776 , 73.66 , 73.7
28.777 , 73.66 , 73.7
28.778 , 73.63 , 73.7
28.78 , 73.63 , 73.69
28.781 , 73.63 , 73.69
28.782 , 73.63 , 73.68
28.784 , 73.63 , 73.68
28.785 , 73.63 , 73.68
28.786 , 73.63 , 73.67
28.787 , 73.66 , 73.67
28.789 , 73.63 , 73.66
28.79 , 73.66 , 73.66
28.791 , 73.63 , 73.66
28.792 , 73.59 , 73.65
28.794 , 73.59 , 73.65
28.795 , 73.59 , 73.65
28.796 , 73.52 , 73.64
28.798 , 73.56 , 73.64
28.799 , 73.63 , 73.63
28.8 , 73.56 , 73.63
28.802 , 73.56 , 73.62
28.803 , 73.56 , 73.62
28.804 , 73.56 , 73.62
28.805 , 73.56 , 73.62
28.807 , 73.56 , 73.61
28.808 , 73.52 , 73.61
28.809 , 73.52 , 73.6
28.81 , 73.5 , 73.6
28.812 , 73.5 , 73.59
28.813 , 73.5 , 73.59
28.814 , 73.47 , 73.59
28.816 , 73.43 , 73.58
28.817 , 73.47 , 73.58
28.818 , 73.47 , 73.58
28.819 , 73.43 , 73.57
28.82 , 73.43 , 73.57
28.822 , 73.47 , 73.56
28.823 , 73.47 , 73.56
28.824 , 73.43 , 73.56
28.825 , 73.43 , 73.56
28.827 , 73.47 , 73.55
28.828 , 73.43 , 73.55
28.829 , 73.43 , 73.54
28.83 , 73.43 , 73.54
28.832 , 73.43 , 73.53
28.833 , 73.43 , 73.53
28.834 , 73.43 , 73.53
28.835 , 73.43 , 73.53
28.837 , 73.4 , 73.52
28.838 , 73.36 , 73.52
28.839 , 73.4 , 73.51
28.84 , 73.36 , 73.51
28.842 , 73.4 , 73.5
28.843 , 73.36 , 73.5
28.844 , 73.36 , 73.5
28.845 , 73.36 , 73.5
28.846 , 73.33 , 73.49
28.848 , 73.36 , 73.49
28.849 , 73.33 , 73.48
28.85 , 73.33 , 73.48
28.851 , 73.33 , 73.48
28.853 , 73.27 , 73.47
28.854 , 73.29 , 73.47
28.855 , 73.29 , 73.47
28.856 , 73.27 , 73.46
28.858 , 73.27 , 73.46
28.859 , 73.29 , 73.45
28.86 , 73.24 , 73.45
28.861 , 73.24 , 73.45
28.863 , 73.27 , 73.44
28.864 , 73.24 , 73.44
28.865 , 73.24 , 73.44
28.867 , 73.29 , 73.43
28.868 , 73.24 , 73.43
28.869 , 73.24 , 73.42
28.87 , 73.27 , 73.42
28.872 , 73.24 , 73.41
28.873 , 73.27 , 73.41
28.874 , 73.24 , 73.41
28.875 , 73.17 , 73.41
28.877 , 73.24 , 73.4
28.878 , 73.17 , 73.4
28.879 , 73.17 , 73.39
28.88 , 73.2 , 73.39
28.882 , 73.2 , 73.38
28.883 , 73.13 , 73.38
28.884 , 73.2 , 73.38
28.886 , 73.17 , 73.37
28.887 , 73.13 , 73.37
28.888 , 73.2 , 73.37
28.89 , 73.13 , 73.36
28.891 , 73.17 , 73.36
28.892 , 73.11 , 73.35
28.893 , 73.11 , 73.35
28.895 , 73.13 , 73.35
28.896 , 73.11 , 73.34
28.897 , 73.11 , 73.34
28.898 , 73.11 , 73.34
28.9 , 73.13 , 73.33
28.901 , 73.11 , 73.33
28.902 , 73.08 , 73.32
28.903 , 73.13 , 73.32
28.905 , 73.11 , 73.32
28.906 , 73.11 , 73.31
28.907 , 73.13 , 73.31
28.908 , 73.11 , 73.31
28.91 , 73.08 , 73.3
28.911 , 73.08 , 73.3
28.912 , 73.11 , 73.29
28.913 , 73.11 , 73.29
28.914 , 73.04 , 73.29
28.916 , 73.04 , 73.28
28.917 , 73.08 , 73.28
28.918 , 73.04 , 73.28
28.919 , 72.99 , 73.27
28.921 , 72.99 , 73.27
28.922 , 72.99 , 73.26
28.923 , 72.99 , 73.26
28.925 , 72.95 , 73.26
28.926 , 72.99 , 73.25
28.927 , 72.99 , 73.25
28.928 , 72.95 , 73.25
28.93 , 72.95 , 73.24
28.931 , 72.95 , 73.24
28.932 , 72.95 , 73.23
28.934 , 72.92 , 73.23
28.935 , 72.92 , 73.23
28.936 , 72.95 , 73.22
28.937 , 72.92 , 73.22
28.939 , 72.92 , 73.21
28.94 , 72.92 , 73.21
28.941 , 72.9 , 73.21
28.942 , 72.92 , 73.2
28.944 , 72.95 , 73.2
28.945 , 72.95 , 73.2
28.946 , 72.92 , 73.19
28.948 , 72.9 , 73.19
28.949 , 72.92 , 73.18
28.95 , 72.9 , 73.18
28.951 , 72.92 , 73.18
28.953 , 72.9 , 73.17
28.954 , 72.85 , 73.17
28.955 , 72.9 , 73.17
28.957 , 72.85 , 73.16
28.958 , 72.85 , 73.16
28.959 , 72.85 , 73.15
28.96 , 72.85 , 73.15
28.962 , 72.83 , 73.14
28.963 , 72.83 , 73.14
28.964 , 72.83 , 73.14
28.965 , 72.76 , 73.14
28.967 , 72.83 , 73.13
28.968 , 72.79 , 73.13
28.969 , 72.79 , 73.12
28.97 , 72.79 , 73.12
28.972 , 72.79 , 73.11
28.973 , 72.79 , 73.11
28.974 , 72.76 , 73.11
28.975 , 72.72 , 73.11
28.976 , 72.76 , 73.1
28.978 , 72.72 , 73.1
28.979 , 72.72 , 73.09
28.98 , 72.76 , 73.09
28.982 , 72.72 , 73.08
28.983 , 72.76 , 73.08
28.984 , 72.76 , 73.08
28.985 , 72.72 , 73.08
28.986 , 72.76 , 73.07
28.988 , 72.72 , 73.07
28.989 , 72.72 , 73.06
28.99 , 72.69 , 73.06
28.991 , 72.69 , 73.06
28.993 , 72.69 , 73.05
28.994 , 72.69 , 73.05
28.995 , 72.67 , 73.05
28.996 , 72.69 , 73.04
28.998 , 72.67 , 73.04
28.999 , 72.67 , 73.03
29.0 , 72.63 , 73.03
29.002 , 72.63 , 73.02
29.003 , 72.63 , 73.02
29.004 , 72.69 , 73.02
29.005 , 72.67 , 73.02
29.007 , 72.67 , 73.01
29.008 , 72.63 , 73.01
29.009 , 72.63 , 73.0
29.01 , 72.63 , 73.0
29.012 , 72.63 , 72.99
29.013 , 72.6 , 72.99
29.014 , 72.6 , 72.99
29.016 , 72.6 , 72.98
29.017 , 72.6 , 72.98
29.018 , 72.6 , 72.98
29.019 , 72.6 , 72.97
29.021 , 72.6 , 72.97
29.022 , 72.6 , 72.96
29.023 , 72.56 , 72.96
29.024 , 72.6 , 72.96
29.026 , 72.63 , 72.95
29.027 , 72.6 , 72.95
29.028 , 72.56 , 72.95
29.03 , 72.56 , 72.94
29.031 , 72.53 , 72.94
29.032 , 72.53 , 72.93
29.033 , 72.56 , 72.93
29.035 , 72.53 , 72.93
29.036 , 72.51 , 72.92
29.037 , 72.51 , 72.92
29.038 , 72.47 , 72.92
29.04 , 72.51 , 72.91
29.041 , 72.51 , 72.91
29.042 , 72.51 , 72.9
29.043 , 72.51 , 72.9
29.044 , 72.51 , 72.9
29.046 , 72.51 , 72.89
29.047 , 72.51 , 72.89
29.048 , 72.51 , 72.89
29.049 , 72.47 , 72.88
29.051 , 72.47 , 72.88
29.052 , 72.47 , 72.87
29.053 , 72.51 , 72.87
29.054 , 72.47 , 72.87
29.055 , 72.4 , 72.87
29.057 , 72.44 , 72.86
29.058 , 72.44 , 72.86
29.059 , 72.37 , 72.85
29.06 , 72.4 , 72.85
29.062 , 72.4 , 72.84
29.063 , 72.44 , 72.84
29.064 , 72.37 , 72.84
29.065 , 72.4 , 72.84
29.067 , 72.4 , 72.83
29.068 , 72.37 , 72.83
29.069 , 72.37 , 72.82
29.07 , 72.4 , 72.82
29.071 , 72.37 , 72.82
29.073 , 72.33 , 72.81
29.074 , 72.3 , 72.81
29.075 , 72.33 , 72.81
29.076 , 72.3 , 72.8
29.078 , 72.3 , 72.8
29.079 , 72.3 , 72.79
29.08 , 72.33 , 72.79
29.081 , 72.4 , 72.79
29.083 , 72.37 , 72.78
29.084 , 72.44 , 72.78
29.085 , 72.44 , 72.78
29.086 , 72.51 , 72.77
29.088 , 72.47 , 72.77
29.089 , 72.47 , 72.76
29.09 , 72.44 , 72.76
29.091 , 72.44 , 72.76
29.093 , 72.4 , 72.75
29.094 , 72.37 , 72.75
29.095 , 72.37 , 72.74
29.096 , 72.33 , 72.74
29.097 , 72.3 , 72.74
29.099 , 72.33 , 72.73
29.1 , 72.33 , 72.73
29.101 , 72.3 , 72.73
29.102 , 72.33 , 72.72
29.103 , 72.3 , 72.72
29.105 , 72.37 , 72.71
29.106 , 72.33 , 72.71
29.107 , 72.33 , 72.71
29.108 , 72.37 , 72.71
29.11 , 72.33 , 72.7
29.111 , 72.33 , 72.7
29.112 , 72.37 , 72.69
29.113 , 72.33 , 72.69
29.114 , 72.3 , 72.69
29.116 , 72.33 , 72.68
29.117 , 72.3 , 72.68
29.118 , 72.3 , 72.68
29.119 , 72.3 , 72.67
29.12 , 72.3 , 72.67
29.122 , 72.3 , 72.66
29.123 , 72.3 , 72.66
29.124 , 72.3 , 72.66
29.125 , 72.3 , 72.65
29.126 , 72.3 , 72.65
29.128 , 72.33 , 72.65
29.129 , 72.3 , 72.64
29.13 , 72.3 , 72.64
29.131 , 72.3 , 72.64
29.133 , 72.33 , 72.63
29.134 , 72.33 , 72.63
29.135 , 72.3 , 72.62
29.136 , 72.33 , 72.62
29.137 , 72.3 , 72.62
29.139 , 72.3 , 72.61
29.14 , 72.3 , 72.61
29.141 , 72.33 , 72.61
29.142 , 72.37 , 72.6
29.144 , 72.47 , 72.6
29.145 , 72.53 , 72.59
29.146 , 72.63 , 72.59
29.147 , 72.72 , 72.59
29.149 , 72.9 , 72.58
29.15 , 73.08 , 72.58
29.151 , 73.17 , 72.58
29.152 , 73.2 , 72.57
29.154 , 73.17 , 72.57
29.155 , 73.11 , 72.56
29.156 , 73.13 , 72.56
29.157 , 73.08 , 72.56
29.159 , 73.04 , 72.55
29.16 , 72.95 , 72.55
29.161 , 72.92 , 72.55
29.162 , 72.9 , 72.54
29.164 , 72.9 , 72.54
29.165 , 72.9 , 72.53
29.166 , 72.95 , 72.53
29.167 , 73.04 , 72.53
29.177 , 73.47 , 72.5
29.178 , 73.56 , 72.5
29.179 , 73.63 , 72.49
29.18 , 73.66 , 72.49
29.182 , 73.75 , 72.48
29.183 , 73.75 , 72.48
29.184 , 73.75 , 72.48
29.185 , 73.75 , 72.47
29.187 , 73.82 , 72.47
29.188 , 73.86 , 72.47
29.189 , 73.86 , 72.46
29.19 , 73.82 , 72.46
29.192 , 73.68 , 72.45
29.193 , 73.5 , 72.45
29.194 , 73.24 , 72.45
29.195 , 72.95 , 72.44
29.197 , 72.79 , 72.44
29.198 , 72.63 , 72.44
29.199 , 72.53 , 72.43
29.2 , 72.44 , 72.43
29.202 , 72.37 , 72.42
29.203 , 72.4 , 72.42
29.204 , 72.44 , 72.42
29.205 , 72.56 , 72.41
29.207 , 72.63 , 72.41
29.208 , 72.79 , 72.41
29.209 , 72.9 , 72.4
29.21 , 72.95 , 72.4
29.211 , 73.08 , 72.4
29.213 , 73.08 , 72.39
29.214 , 73.13 , 72.39
29.215 , 73.11 , 72.38
29.216 , 73.04 , 72.38
29.218 , 73.08 , 72.38
29.219 , 72.99 , 72.37
29.22 , 72.95 , 72.37
29.221 , 72.85 , 72.37
29.223 , 72.85 , 72.36
29.224 , 72.83 , 72.36
29.225 , 72.79 , 72.35
29.226 , 72.76 , 72.35
29.228 , 72.76 , 72.35
29.229 , 72.79 , 72.34
29.23 , 72.76 , 72.34
29.231 , 72.79 , 72.34
29.233 , 72.79 , 72.33
29.234 , 72.79 , 72.33
29.235 , 72.79 , 72.32
29.236 , 72.83 , 72.32
29.238 , 72.79 , 72.32
29.239 , 72.79 , 72.31
29.24 , 72.76 , 72.31
29.241 , 72.76 , 72.31
29.242 , 72.76 , 72.3
29.244 , 72.76 , 72.3
29.245 , 72.76 , 72.29
29.246 , 72.76 , 72.29
29.247 , 72.72 , 72.29
29.248 , 72.72 , 72.29
29.25 , 72.72 , 72.28
29.251 , 72.72 , 72.28
29.252 , 72.72 , 72.27
29.253 , 72.69 , 72.27
29.255 , 72.69 , 72.26
29.256 , 72.72 , 72.26
29.257 , 72.69 , 72.26
29.258 , 72.72 , 72.26
29.26 , 72.69 , 72.25
29.261 , 72.69 , 72.25
29.262 , 72.67 , 72.24
29.263 , 72.69 , 72.24
29.265 , 72.69 , 72.23
29.266 , 72.69 , 72.23
29.267 , 72.67 , 72.23
29.268 , 72.67 , 72.23
29.269 , 72.67 , 72.22
29.271 , 72.69 , 72.22
29.272 , 72.63 , 72.21
29.273 , 72.63 , 72.21
29.275 , 72.63 , 72.2
29.276 , 72.63 , 72.2
29.277 , 72.6 , 72.2
29.279 , 72.63 , 72.19
29.28 , 72.63 , 72.19
29.281 , 72.63 , 72.19
29.282 , 72.63 , 72.18
29.284 , 72.63 , 72.18
29.285 , 72.6 , 72.17
29.286 , 72.63 , 72.17
29.287 , 72.6 , 72.17
29.289 , 72.6 , 72.16
29.29 , 72.6 , 72.16
29.291 , 72.6 , 72.16
29.293 , 72.56 , 72.15
29.294 , 72.56 , 72.15
29.295 , 72.53 , 72.14
29.296 , 72.56 , 72.14
29.298 , 72.51 , 72.14
29.299 , 72.53 , 72.13
29.3 , 72.53 , 72.13
29.301 , 72.53 , 72.13
29.303 , 72.53 , 72.12
29.304 , 72.53 , 72.12
29.305 , 72.53 , 72.11
29.306 , 72.53 , 72.11
29.308 , 72.51 , 72.11
29.309 , 72.51 , 72.1
29.31 , 72.51 , 72.1
29.311 , 72.47 , 72.1
29.313 , 72.53 , 72.09
29.314 , 72.51 , 72.09
29.315 , 72.44 , 72.08
29.316 , 72.47 , 72.08
29.318 , 72.51 , 72.08
29.319 , 72.44 , 72.07
29.32 , 72.4 , 72.07
29.321 , 72.47 , 72.07
29.322 , 72.47 , 72.06
29.324 , 72.44 , 72.06
29.325 , 72.47 , 72.05
29.326 , 72.51 , 72.05
29.327 , 72.44 , 72.05
29.329 , 72.47 , 72.04
29.33 , 72.4 , 72.04
29.331 , 72.4 , 72.04
29.332 , 72.4 , 72.03
29.333 , 72.4 , 72.03
29.335 , 72.37 , 72.02
29.336 , 72.37 , 72.02
29.337 , 72.4 , 72.02
29.338 , 72.33 , 72.02
29.34 , 72.37 , 72.01
29.341 , 72.33 , 72.01
29.342 , 72.37 , 72.0
29.343 , 72.33 , 72.0
29.344 , 72.33 , 72.0
29.346 , 72.37 , 71.99
29.347 , 72.33 , 71.99
29.348 , 72.33 , 71.99
29.349 , 72.33 , 71.98
29.35 , 72.3 , 71.98
29.352 , 72.28 , 71.97
29.353 , 72.21 , 71.97
29.354 , 72.21 , 71.97
29.355 , 72.17 , 71.96
29.357 , 72.21 , 71.96
29.358 , 72.21 , 71.96
29.359 , 72.24 , 71.95
29.361 , 72.3 , 71.95
29.362 , 72.3 , 71.94
29.363 , 72.37 , 71.94
29.364 , 72.33 , 71.94
29.366 , 72.33 , 71.93
29.367 , 72.3 , 71.93
29.368 , 72.28 , 71.93
29.369 , 72.24 , 71.92
29.371 , 72.21 , 71.92
29.372 , 72.21 , 71.91
29.373 , 72.14 , 71.91
29.374 , 72.08 , 71.91
29.376 , 72.12 , 71.9
29.377 , 72.05 , 71.9
29.378 , 72.05 , 71.9
29.379 , 72.08 , 71.89
29.38 , 72.05 , 71.89
29.382 , 72.12 , 71.88
29.383 , 72.12 , 71.88
29.384 , 72.12 , 71.88
29.385 , 72.14 , 71.87
29.387 , 72.14 , 71.87
29.388 , 72.14 , 71.87
29.389 , 72.12 , 71.86
29.391 , 72.12 , 71.86
29.392 , 72.08 , 71.85
29.393 , 72.05 , 71.85
29.394 , 72.05 , 71.85
29.395 , 72.05 , 71.84
29.397 , 72.01 , 71.84
29.398 , 71.98 , 71.84
29.399 , 71.98 , 71.83
29.4 , 72.01 , 71.83
29.402 , 71.98 , 71.82
29.403 , 71.98 , 71.82
29.404 , 71.98 , 71.82
29.405 , 72.01 , 71.81
29.407 , 71.98 , 71.81
29.408 , 71.98 , 71.81
29.409 , 72.01 , 71.8
29.41 , 71.98 , 71.8
29.412 , 72.01 , 71.79
29.413 , 71.98 , 71.79
29.414 , 71.98 , 71.79
29.415 , 71.98 , 71.78
29.417 , 71.92 , 71.78
29.418 , 71.98 , 71.78
29.419 , 71.92 , 71.77
29.42 , 71.92 , 71.77
29.422 , 71.89 , 71.76
29.423 , 71.89 , 71.76
29.424 , 71.89 , 71.76
29.426 , 71.89 , 71.75
29.427 , 71.85 , 71.75
29.428 , 71.89 , 71.75
29.429 , 71.89 , 71.74
29.431 , 71.89 , 71.74
29.432 , 71.82 , 71.73
29.433 , 71.82 , 71.73
29.434 , 71.85 , 71.73
29.436 , 71.85 , 71.72
29.437 , 71.85 , 71.72
29.438 , 71.89 , 71.72
29.439 , 71.85 , 71.71
29.441 , 71.82 , 71.71
29.442 , 71.85 , 71.7
29.443 , 71.82 , 71.7
29.445 , 71.85 , 71.69
29.446 , 71.78 , 71.69
29.447 , 71.82 , 71.69
29.449 , 71.82 , 71.68
29.45 , 71.78 , 71.68
29.451 , 71.76 , 71.68
29.452 , 71.73 , 71.67
29.454 , 71.76 , 71.67
29.455 , 71.69 , 71.66
29.456 , 71.76 , 71.66
29.457 , 71.76 , 71.66
29.458 , 71.73 , 71.65
29.46 , 71.69 , 71.65
29.461 , 71.69 , 71.65
29.462 , 71.69 , 71.64
29.463 , 71.69 , 71.64
29.465 , 71.73 , 71.63
29.466 , 71.69 , 71.63
29.467 , 71.69 , 71.63
29.468 , 71.69 , 71.62
29.47 , 71.69 , 71.62
29.471 , 71.66 , 71.62
29.472 , 71.66 , 71.61
29.473 , 71.69 , 71.61
29.474 , 71.66 , 71.61
29.476 , 71.66 , 71.6
29.477 , 71.62 , 71.6
29.478 , 71.62 , 71.59
29.479 , 71.62 , 71.59
29.481 , 71.69 , 71.59
29.482 , 71.69 , 71.58
29.483 , 71.66 , 71.58
29.484 , 71.69 , 71.58
29.486 , 71.69 , 71.57
29.487 , 71.69 , 71.57
29.488 , 71.66 , 71.56
29.489 , 71.62 , 71.56
29.491 , 71.62 , 71.56
29.492 , 71.62 , 71.55
29.493 , 71.6 , 71.55
29.494 , 71.6 , 71.55
29.496 , 71.6 , 71.54
29.497 , 71.57 , 71.54
29.498 , 71.57 , 71.53
29.5 , 71.6 , 71.53
29.501 , 71.6 , 71.53
29.502 , 71.57 , 71.52
29.503 , 71.57 , 71.52
29.505 , 71.57 , 71.51
29.506 , 71.57 , 71.51
29.507 , 71.57 , 71.51
29.509 , 71.53 , 71.5
29.51 , 71.53 , 71.5
29.511 , 71.57 , 71.5
29.512 , 71.5 , 71.49
29.513 , 71.5 , 71.49
29.515 , 71.5 , 71.48
29.516 , 71.5 , 71.48
29.517 , 71.46 , 71.48
29.518 , 71.46 , 71.47
29.52 , 71.44 , 71.47
29.521 , 71.46 , 71.47
29.522 , 71.46 , 71.46
29.523 , 71.5 , 71.46
29.525 , 71.46 , 71.45
29.526 , 71.44 , 71.45
29.527 , 71.44 , 71.45
29.528 , 71.41 , 71.44
29.53 , 71.44 , 71.44
29.531 , 71.41 , 71.44
29.532 , 71.44 , 71.43
29.533 , 71.41 , 71.43
29.534 , 71.37 , 71.43
29.536 , 71.37 , 71.42
29.537 , 71.37 , 71.42
29.538 , 71.41 , 71.41
29.539 , 71.34 , 71.41
29.54 , 71.37 , 71.41
29.542 , 71.37 , 71.4
29.543 , 71.37 , 71.4
29.544 , 71.34 , 71.4
29.545 , 71.34 , 71.39
29.547 , 71.37 , 71.39
29.548 , 71.37 , 71.38
29.549 , 71.34 , 71.38
29.551 , 71.3 , 71.38
29.552 , 71.34 , 71.37
29.553 , 71.34 , 71.37
29.554 , 71.27 , 71.37
29.555 , 71.3 , 71.36
29.557 , 71.27 , 71.36
29.558 , 71.27 , 71.35
29.559 , 71.27 , 71.35
29.56 , 71.23 , 71.35
29.562 , 71.27 , 71.34
29.563 , 71.27 , 71.34
29.564 , 71.27 , 71.34
29.566 , 71.23 , 71.33
29.567 , 71.27 , 71.33
29.568 , 71.23 , 71.32
29.569 , 71.21 , 71.32
29.571 , 71.23 , 71.32
29.572 , 71.23 , 71.31
29.573 , 71.18 , 71.31
29.574 , 71.21 , 71.31
29.576 , 71.21 , 71.3
29.577 , 71.21 , 71.3
29.578 , 71.21 , 71.29
29.58 , 71.18 , 71.29
29.581 , 71.21 , 71.29
29.582 , 71.14 , 71.28
29.583 , 71.18 , 71.28
29.585 , 71.07 , 71.27
29.586 , 71.07 , 71.27
29.587 , 71.07 , 71.27
29.588 , 71.05 , 71.26
29.59 , 71.05 , 71.26
29.591 , 71.07 , 71.26
29.592 , 71.05 , 71.25
29.593 , 71.05 , 71.25
29.595 , 71.05 , 71.24
29.596 , 71.02 , 71.24
29.597 , 71.05 , 71.24
29.598 , 71.02 , 71.23
29.6 , 71.02 , 71.23
29.601 , 71.05 , 71.23
29.602 , 70.98 , 71.22
29.603 , 71.02 , 71.22
29.605 , 70.98 , 71.21
29.606 , 71.02 , 71.21
29.607 , 70.95 , 71.21
29.608 , 71.02 , 71.2
29.61 , 71.02 , 71.2
29.611 , 70.98 , 71.2
29.612 , 70.98 , 71.19
29.613 , 70.98 , 71.19
29.615 , 70.98 , 71.18
29.616 , 70.98 , 71.18
29.617 , 70.95 , 71.18
29.618 , 70.95 , 71.17
29.62 , 71.02 , 71.17
29.621 , 70.91 , 71.17
29.622 , 70.98 , 71.16
29.623 , 70.95 , 71.16
29.625 , 70.91 , 71.15
29.626 , 70.95 , 71.15
29.627 , 70.91 , 71.15
29.628 , 70.91 , 71.14
29.629 , 70.91 , 71.14
29.631 , 70.91 , 71.14
29.632 , 70.91 , 71.13
29.633 , 70.89 , 71.13
29.635 , 70.89 , 71.12
29.636 , 70.84 , 71.12
29.637 , 70.89 , 71.12
29.638 , 70.84 , 71.11
29.64 , 70.84 , 71.11
29.641 , 70.89 , 71.11
29.642 , 70.84 , 71.1
29.643 , 70.84 , 71.1
29.645 , 70.84 , 71.09
29.646 , 70.82 , 71.09
29.647 , 70.84 , 71.09
29.649 , 70.82 , 71.08
29.65 , 70.84 , 71.08
29.651 , 70.82 , 71.08
29.652 , 70.82 , 71.07
29.654 , 70.82 , 71.07
29.655 , 70.82 , 71.06
29.656 , 70.79 , 71.06
29.658 , 70.79 , 71.05
29.659 , 70.82 , 71.05
29.66 , 70.79 , 71.05
29.661 , 70.79 , 71.05
29.662 , 70.79 , 71.04
29.664 , 70.79 , 71.04
29.665 , 70.75 , 71.03
29.666 , 70.79 , 71.03
29.667 , 70.79 , 71.03
29.669 , 70.73 , 71.02
29.67 , 70.75 , 71.02
29.671 , 70.73 , 71.02
29.672 , 70.68 , 71.01
29.673 , 70.73 , 71.01
29.675 , 70.68 , 71.0
29.676 , 70.73 , 71.0
29.677 , 70.73 , 71.0
29.678 , 70.73 , 70.99
29.68 , 70.68 , 70.99
29.681 , 70.73 , 70.99
29.682 , 70.68 , 70.98
29.683 , 70.68 , 70.98
29.685 , 70.68 , 70.97
29.686 , 70.66 , 70.97
29.687 , 70.73 , 70.97
29.688 , 70.73 , 70.96
29.69 , 70.73 , 70.96
29.691 , 70.68 , 70.96
29.692 , 70.68 , 70.95
29.693 , 70.68 , 70.95
29.695 , 70.66 , 70.94
29.696 , 70.66 , 70.94
29.697 , 70.66 , 70.94
29.698 , 70.63 , 70.93
29.7 , 70.66 , 70.93
29.701 , 70.63 , 70.93
29.702 , 70.63 , 70.92
29.703 , 70.66 , 70.92
29.705 , 70.59 , 70.91
29.706 , 70.66 , 70.91
29.707 , 70.63 , 70.91
29.708 , 70.63 , 70.9
29.71 , 70.63 , 70.9
29.711 , 70.59 , 70.9
29.712 , 70.63 , 70.89
29.713 , 70.59 , 70.89
29.715 , 70.59 , 70.88
29.716 , 70.57 , 70.88
29.717 , 70.52 , 70.88
29.719 , 70.57 , 70.87
29.72 , 70.57 , 70.87
29.721 , 70.52 , 70.87
29.723 , 70.57 , 70.86
29.724 , 70.57 , 70.86
29.725 , 70.52 , 70.85
29.726 , 70.57 , 70.85
29.728 , 70.57 , 70.84
29.729 , 70.57 , 70.84
29.73 , 70.59 , 70.84
29.732 , 70.57 , 70.83
29.733 , 70.57 , 70.83
29.734 , 70.52 , 70.83
29.735 , 70.52 , 70.82
29.737 , 70.43 , 70.82
29.738 , 70.47 , 70.81
29.739 , 70.43 , 70.81
29.74 , 70.47 , 70.81
29.742 , 70.43 , 70.8
29.743 , 70.47 , 70.8
29.744 , 70.41 , 70.8
29.745 , 70.47 , 70.79
29.746 , 70.47 , 70.79
29.748 , 70.41 , 70.78
29.749 , 70.43 , 70.78
29.75 , 70.41 , 70.78
29.751 , 70.43 , 70.78
29.753 , 70.41 , 70.77
29.754 , 70.41 , 70.77
29.755 , 70.41 , 70.76
29.756 , 70.36 , 70.76
29.757 , 70.36 , 70.76
29.759 , 70.41 , 70.75
29.76 , 70.41 , 70.75
29.761 , 70.29 , 70.75
29.762 , 70.41 , 70.74
29.764 , 70.36 , 70.74
29.765 , 70.43 , 70.73
29.766 , 70.41 , 70.73
29.767 , 70.36 , 70.73
29.769 , 70.41 , 70.72
29.77 , 70.36 , 70.72
29.771 , 70.36 , 70.72
29.772 , 70.34 , 70.71
29.773 , 70.29 , 70.71
29.775 , 70.27 , 70.7
29.776 , 70.29 , 70.7
29.777 , 70.27 , 70.7
29.779 , 70.27 , 70.69
29.78 , 70.27 , 70.69
29.781 , 70.27 , 70.69
29.782 , 70.27 , 70.68
29.784 , 70.29 , 70.68
29.785 , 70.27 , 70.67
29.786 , 70.24 , 70.67
29.787 , 70.27 , 70.67
29.789 , 70.27 , 70.66
29.79 , 70.27 , 70.66
29.791 , 70.27 , 70.66
29.793 , 70.27 , 70.65
29.794 , 70.2 , 70.65
29.795 , 70.24 , 70.64
29.796 , 70.2 , 70.64
29.798 , 70.24 , 70.63
29.799 , 70.2 , 70.63
29.8 , 70.24 , 70.63
29.802 , 70.24 , 70.62
29.803 , 70.24 , 70.62
29.804 , 70.2 , 70.62
29.805 , 70.24 , 70.61
29.807 , 70.24 , 70.61
29.808 , 70.24 , 70.6
29.809 , 70.18 , 70.6
29.81 , 70.18 , 70.6
29.812 , 70.2 , 70.59
29.813 , 70.18 , 70.59
29.814 , 70.13 , 70.59
29.815 , 70.13 , 70.58
29.817 , 70.13 , 70.58
29.818 , 70.13 , 70.57
29.819 , 70.11 , 70.57
29.82 , 70.13 , 70.57
29.822 , 70.13 , 70.56
29.823 , 70.11 , 70.56
29.824 , 70.11 , 70.56
29.826 , 70.04 , 70.55
29.827 , 70.08 , 70.55
29.828 , 70.11 , 70.54
29.829 , 70.11 , 70.54
29.83 , 70.13 , 70.54
29.832 , 70.13 , 70.53
29.833 , 70.13 , 70.53
29.834 , 70.13 , 70.53
29.835 , 70.18 , 70.52
29.837 , 70.18 , 70.52
29.838 , 70.2 , 70.51
29.839 , 70.2 , 70.51
29.841 , 70.2 , 70.5
29.842 , 70.18 , 70.5
29.843 , 70.18 , 70.5
29.844 , 70.13 , 70.5
29.845 , 70.13 , 70.49
29.847 , 70.18 , 70.49
29.848 , 70.11 , 70.48
29.849 , 70.11 , 70.48
29.85 , 70.11 , 70.48
29.852 , 70.11 , 70.47
29.853 , 70.08 , 70.47
29.854 , 70.11 , 70.47
29.855 , 70.08 , 70.46
29.856 , 70.04 , 70.46
29.858 , 70.11 , 70.45
29.859 , 70.08 , 70.45
29.86 , 70.11 , 70.45
29.861 , 70.11 , 70.44
29.863 , 70.11 , 70.44
29.864 , 70.11 , 70.44
29.865 , 70.08 , 70.43
29.866 , 70.11 , 70.43
29.867 , 70.08 , 70.43
29.869 , 70.11 , 70.42
29.87 , 70.08 , 70.42
29.871 , 70.08 , 70.41
29.872 , 70.08 , 70.41
29.873 , 70.08 , 70.41
29.875 , 70.04 , 70.4
29.876 , 70.04 , 70.4
29.877 , 70.08 , 70.4
29.878 , 70.04 , 70.39
29.88 , 70.08 , 70.39
29.881 , 70.08 , 70.38
29.882 , 70.08 , 70.38
29.883 , 70.11 , 70.38
29.885 , 70.11 , 70.37
29.886 , 70.11 , 70.37
29.887 , 70.08 , 70.37
29.888 , 70.11 , 70.36
29.889 , 70.08 , 70.36
29.891 , 70.11 , 70.35
29.9 , 70.79 , 70.33
29.901 , 70.89 , 70.32
29.902 , 70.89 , 70.32
29.904 , 70.91 , 70.32
29.905 , 70.91 , 70.31
29.906 , 70.84 , 70.31
29.908 , 70.82 , 70.3
29.909 , 70.75 , 70.3
29.91 , 70.68 , 70.3
29.911 , 70.68 , 70.29
29.912 , 70.59 , 70.29
29.914 , 70.63 , 70.29
29.915 , 70.66 , 70.28
29.916 , 70.66 , 70.28
29.917 , 70.73 , 70.28
29.919 , 70.75 , 70.27
29.92 , 70.79 , 70.27
29.921 , 70.84 , 70.26
29.922 , 70.91 , 70.26
29.924 , 70.95 , 70.26
29.925 , 71.05 , 70.25
29.926 , 71.11 , 70.25
29.927 , 71.14 , 70.25
29.929 , 71.23 , 70.24
29.93 , 71.3 , 70.24
29.931 , 71.34 , 70.23
29.932 , 71.41 , 70.23
29.933 , 71.44 , 70.23
29.935 , 71.46 , 70.22
29.936 , 71.5 , 70.22
29.937 , 71.53 , 70.22
29.938 , 71.5 , 70.21
29.94 , 71.46 , 70.21
29.941 , 71.3 , 70.2
29.942 , 71.14 , 70.2
29.943 , 70.91 , 70.2
29.945 , 70.66 , 70.19
29.946 , 70.52 , 70.19
29.947 , 70.34 , 70.19
29.948 , 70.2 , 70.18
29.95 , 70.13 , 70.18
29.951 , 70.11 , 70.17
29.952 , 70.11 , 70.17
29.953 , 70.13 , 70.17
29.955 , 70.24 , 70.16
29.956 , 70.41 , 70.16
29.957 , 70.47 , 70.16
29.958 , 70.59 , 70.15
29.96 , 70.66 , 70.15
29.961 , 70.73 , 70.14
29.962 , 70.73 , 70.14
29.963 , 70.79 , 70.14
29.965 , 70.75 , 70.13
29.966 , 70.75 , 70.13
29.967 , 70.73 , 70.13
29.968 , 70.68 , 70.12
29.97 , 70.59 , 70.12
29.971 , 70.59 , 70.11
29.972 , 70.57 , 70.11
29.973 , 70.47 , 70.11
29.975 , 70.43 , 70.1
29.976 , 70.47 , 70.1
29.977 , 70.47 , 70.1
29.978 , 70.47 , 70.09
29.98 , 70.52 , 70.09
29.981 , 70.47 , 70.08
29.982 , 70.57 , 70.08
29.983 , 70.57 , 70.08
29.985 , 70.57 , 70.07
29.986 , 70.57 , 70.07
29.987 , 70.52 , 70.07
29.989 , 70.52 , 70.06
29.99 , 70.47 , 70.06
29.991 , 70.47 , 70.05
29.992 , 70.43 , 70.05
29.994 , 70.43 , 70.05
29.995 , 70.43 , 70.04
29.996 , 70.43 , 70.04
29.997 , 70.43 , 70.04
29.998 , 70.43 , 70.03
30.0 , 70.43 , 70.03
30.001 , 70.43 , 70.02
30.002 , 70.43 , 70.02
30.003 , 70.43 , 70.02
30.004 , 70.47 , 70.02
30.006 , 70.47 , 70.01
30.007 , 70.47 , 70.01
30.008 , 70.47 , 70.0
30.009 , 70.41 , 70.0
30.01 , 70.41 , 70.0
30.012 , 70.43 , 69.99
30.013 , 70.36 , 69.99
30.014 , 70.36 , 69.99
30.015 , 70.43 , 69.98
30.017 , 70.41 , 69.98
30.018 , 70.36 , 69.97
30.019 , 70.36 , 69.97
30.02 , 70.36 , 69.97
30.021 , 70.34 , 69.96
30.023 , 70.36 , 69.96
30.024 , 70.36 , 69.96
30.025 , 70.36 , 69.95
30.026 , 70.36 , 69.95
30.028 , 70.36 , 69.94
30.029 , 70.34 , 69.94
30.03 , 70.34 , 69.94
30.031 , 70.36 , 69.93
30.032 , 70.27 , 69.93
30.034 , 70.29 , 69.93
30.035 , 70.29 , 69.92
30.036 , 70.29 , 69.92
30.037 , 70.24 , 69.92
30.039 , 70.27 , 69.91
30.04 , 70.24 , 69.91
30.041 , 70.27 , 69.9
30.042 , 70.27 , 69.9
30.044 , 70.27 , 69.9
30.045 , 70.27 , 69.89
30.046 , 70.27 , 69.89
30.047 , 70.27 , 69.89
30.049 , 70.27 , 69.88
30.05 , 70.24 , 69.88
30.051 , 70.2 , 69.87
30.053 , 70.24 , 69.87
30.054 , 70.2 , 69.87
30.055 , 70.2 , 69.86
30.056 , 70.18 , 69.86
30.058 , 70.18 , 69.85
30.059 , 70.18 , 69.85
30.06 , 70.18 , 69.85
30.061 , 70.2 , 69.84
30.063 , 70.18 , 69.84
30.064 , 70.18 , 69.84
30.065 , 70.18 , 69.83
30.066 , 70.18 , 69.83
30.068 , 70.2 , 69.82
30.069 , 70.18 , 69.82
30.07 , 70.13 , 69.82
30.071 , 70.18 , 69.81
30.073 , 70.18 , 69.81
30.074 , 70.18 , 69.81
30.075 , 70.13 , 69.8
30.076 , 70.13 , 69.8
30.078 , 70.13 , 69.79
30.079 , 70.11 , 69.79
30.08 , 70.08 , 69.79
30.081 , 70.11 , 69.78
30.082 , 70.11 , 69.78
30.084 , 70.13 , 69.78
30.085 , 70.08 , 69.77
30.086 , 70.08 , 69.77
30.088 , 70.11 , 69.76
30.089 , 70.11 , 69.76
30.09 , 70.08 , 69.76
30.091 , 70.08 , 69.75
30.092 , 70.08 , 69.75
30.094 , 70.08 , 69.75
30.095 , 70.04 , 69.74
30.096 , 70.04 , 69.74
30.097 , 70.04 , 69.74
30.099 , 70.04 , 69.73
30.1 , 70.02 , 69.73
30.101 , 69.97 , 69.72
30.102 , 69.92 , 69.72
30.103 , 69.95 , 69.72
30.105 , 69.88 , 69.71
30.106 , 69.92 , 69.71
30.107 , 69.95 , 69.71
30.109 , 69.97 , 69.7
30.11 , 70.02 , 69.7
30.111 , 70.04 , 69.69
30.112 , 70.04 , 69.69
30.113 , 70.04 , 69.69
30.115 , 70.02 , 69.68
30.116 , 69.97 , 69.68
30.117 , 69.97 , 69.68
30.118 , 69.95 , 69.67
30.12 , 69.92 , 69.67
30.121 , 69.88 , 69.66
30.122 , 69.88 , 69.66
30.123 , 69.86 , 69.66
30.125 , 69.79 , 69.65
30.126 , 69.81 , 69.65
30.127 , 69.81 , 69.65
30.128 , 69.79 , 69.64
30.13 , 69.81 , 69.64
30.131 , 69.81 , 69.63
30.132 , 69.81 , 69.63
30.134 , 69.79 , 69.63
30.135 , 69.74 , 69.62
30.136 , 69.81 , 69.62
30.137 , 69.81 , 69.62
30.139 , 69.79 , 69.61
30.14 , 69.81 , 69.61
30.141 , 69.81 , 69.6
30.142 , 69.79 , 69.6
30.144 , 69.79 , 69.6
30.145 , 69.79 , 69.59
30.146 , 69.79 , 69.59
30.148 , 69.74 , 69.58
30.149 , 69.79 , 69.58
30.15 , 69.72 , 69.58
30.151 , 69.74 , 69.57
30.153 , 69.7 , 69.57
30.154 , 69.7 , 69.57
30.155 , 69.7 , 69.56
30.157 , 69.7 , 69.56
30.158 , 69.65 , 69.55
30.159 , 69.65 , 69.55
30.16 , 69.7 , 69.55
30.161 , 69.65 , 69.54
30.163 , 69.65 , 69.54
30.164 , 69.65 , 69.54
30.165 , 69.7 , 69.53
30.166 , 69.65 , 69.53
30.168 , 69.7 , 69.52
30.169 , 69.63 , 69.52
30.17 , 69.63 , 69.52
30.172 , 69.63 , 69.51
30.173 , 69.63 , 69.51
30.174 , 69.63 , 69.51
30.175 , 69.63 , 69.5
30.177 , 69.63 , 69.5
30.178 , 69.58 , 69.49
30.179 , 69.63 , 69.49
30.18 , 69.58 , 69.49
30.182 , 69.58 , 69.48
30.183 , 69.56 , 69.48
30.184 , 69.63 , 69.48
30.185 , 69.58 , 69.47
30.187 , 69.56 , 69.47
30.188 , 69.56 , 69.46
30.189 , 69.56 , 69.46
30.191 , 69.54 , 69.45
30.192 , 69.54 , 69.45
30.193 , 69.56 , 69.45
30.194 , 69.49 , 69.44
30.196 , 69.56 , 69.44
30.197 , 69.54 , 69.44
30.198 , 69.54 , 69.43
30.199 , 69.54 , 69.43
30.201 , 69.49 , 69.42
30.202 , 69.54 , 69.42
30.203 , 69.49 , 69.42
30.204 , 69.49 , 69.41
30.206 , 69.49 , 69.41
30.207 , 69.47 , 69.41
30.208 , 69.49 , 69.4
30.209 , 69.47 , 69.4
30.211 , 69.42 , 69.39
30.212 , 69.4 , 69.39
30.213 , 69.42 , 69.39
30.214 , 69.4 , 69.38
30.216 , 69.4 , 69.38
30.217 , 69.35 , 69.38
30.218 , 69.4 , 69.37
30.219 , 69.4 , 69.37
30.221 , 69.4 , 69.36
30.222 , 69.35 , 69.36
30.223 , 69.4 , 69.36
30.224 , 69.4 , 69.35
30.225 , 69.4 , 69.35
30.227 , 69.42 , 69.35
30.228 , 69.4 , 69.34
30.229 , 69.4 , 69.34
30.231 , 69.4 , 69.33
30.232 , 69.35 , 69.33
30.233 , 69.4 , 69.33
30.234 , 69.33 , 69.32
30.235 , 69.33 , 69.32
30.237 , 69.33 , 69.32
30.238 , 69.33 , 69.31
30.239 , 69.35 , 69.31
30.24 , 69.31 , 69.31
30.242 , 69.33 , 69.3
30.243 , 69.33 , 69.3
30.244 , 69.26 , 69.29
30.245 , 69.26 , 69.29
30.246 , 69.31 , 69.29
30.248 , 69.26 , 69.28
30.249 , 69.31 , 69.28
30.25 , 69.26 , 69.28
30.252 , 69.24 , 69.27
30.253 , 69.24 , 69.27
30.254 , 69.19 , 69.26
30.255 , 69.24 , 69.26
30.257 , 69.24 , 69.26
30.258 , 69.24 , 69.25
30.259 , 69.19 , 69.25
30.26 , 69.19 , 69.25
30.262 , 69.19 , 69.24
30.263 , 69.19 , 69.24
30.264 , 69.24 , 69.23
30.265 , 69.24 , 69.23
30.267 , 69.19 , 69.23
30.268 , 69.19 , 69.22
30.269 , 69.17 , 69.22
30.27 , 69.17 , 69.22
30.272 , 69.17 , 69.21
30.273 , 69.17 , 69.21
30.274 , 69.15 , 69.2
30.275 , 69.1 , 69.2
30.277 , 69.15 , 69.2
30.278 , 69.15 , 69.19
30.279 , 69.15 , 69.19
30.28 , 69.15 , 69.19
30.282 , 69.15 , 69.18
30.283 , 69.15 , 69.18
30.284 , 69.1 , 69.17
30.285 , 69.15 , 69.17
30.287 , 69.1 , 69.17
30.288 , 69.1 , 69.16
30.289 , 69.03 , 69.16
30.29 , 69.1 , 69.16
30.292 , 69.03 , 69.15
30.293 , 69.03 , 69.15
30.294 , 69.03 , 69.14
30.296 , 69.03 , 69.14
30.297 , 69.01 , 69.14
30.298 , 69.01 , 69.13
30.299 , 69.03 , 69.13
30.301 , 68.99 , 69.12
30.302 , 68.99 , 69.12
30.303 , 68.99 , 69.12
30.304 , 69.01 , 69.11
30.305 , 68.99 , 69.11
30.307 , 68.99 , 69.11
30.308 , 68.94 , 69.1
30.309 , 68.99 , 69.1
30.311 , 68.92 , 69.09
30.312 , 68.92 , 69.09
30.313 , 68.92 , 69.09
30.314 , 68.94 , 69.08
30.316 , 68.94 , 69.08
30.317 , 68.92 , 69.08
30.318 , 68.92 , 69.07
30.319 , 68.92 , 69.07
30.321 , 68.87 , 69.06
30.322 , 68.92 , 69.06
30.323 , 68.87 , 69.06
30.325 , 68.92 , 69.05
30.326 , 68.92 , 69.05
30.327 , 68.87 , 69.05
30.328 , 68.92 , 69.04
30.33 , 68.85 , 69.04
30.331 , 68.85 , 69.03
30.332 , 68.85 , 69.03
30.333 , 68.85 , 69.03
30.335 , 68.8 , 69.02
30.336 , 68.8 , 69.02
30.337 , 68.8 , 69.02
30.338 , 68.8 , 69.01
30.34 , 68.78 , 69.01
30.341 , 68.8 , 69.0
30.342 , 68.78 , 69.0
30.343 , 68.8 , 69.0
30.345 , 68.8 , 68.99
30.346 , 68.8 , 68.99
30.347 , 68.78 , 68.99
30.348 , 68.78 , 68.98
30.35 , 68.78 , 68.98
30.351 , 68.8 , 68.97
30.352 , 68.78 , 68.97
30.354 , 68.78 , 68.96
30.355 , 68.76 , 68.96
30.356 , 68.78 , 68.96
30.357 , 68.76 , 68.96
30.359 , 68.76 , 68.95
30.36 , 68.76 , 68.95
30.361 , 68.71 , 68.94
30.362 , 68.76 , 68.94
30.364 , 68.71 , 68.93
30.365 , 68.69 , 68.93
30.366 , 68.71 , 68.93
30.367 , 68.76 , 68.93
30.369 , 68.71 , 68.92
30.37 , 68.69 , 68.92
30.371 , 68.69 , 68.91
30.373 , 68.64 , 68.91
30.374 , 68.69 , 68.9
30.375 , 68.64 , 68.9
30.376 , 68.69 , 68.9
30.377 , 68.64 , 68.9
30.379 , 68.64 , 68.89
30.38 , 68.62 , 68.89
30.381 , 68.64 , 68.88
30.383 , 68.64 , 68.88
30.384 , 68.64 , 68.87
30.385 , 68.64 , 68.87
30.386 , 68.62 , 68.87
30.388 , 68.62 , 68.86
30.389 , 68.62 , 68.86
30.39 , 68.6 , 68.86
30.392 , 68.6 , 68.85
30.393 , 68.62 , 68.85
30.394 , 68.62 , 68.84
30.395 , 68.62 , 68.84
30.397 , 68.6 , 68.84
30.398 , 68.6 , 68.83
30.399 , 68.6 , 68.83
30.401 , 68.6 , 68.82
30.402 , 68.6 , 68.82
30.403 , 68.6 , 68.82
30.404 , 68.55 , 68.81
30.406 , 68.55 , 68.81
30.407 , 68.55 , 68.81
30.408 , 68.55 , 68.8
30.409 , 68.55 , 68.8
30.411 , 68.55 , 68.79
30.412 , 68.55 , 68.79
30.413 , 68.53 , 68.79
30.414 , 68.53 , 68.78
30.416 , 68.48 , 68.78
30.417 , 68.53 , 68.78
30.418 , 68.48 , 68.77
30.419 , 68.48 , 68.77
30.421 , 68.53 , 68.76
30.422 , 68.48 , 68.76
30.423 , 68.48 , 68.76
30.424 , 68.53 , 68.75
30.426 , 68.53 , 68.75
30.427 , 68.53 , 68.75
30.428 , 68.48 , 68.74
30.429 , 68.48 , 68.74
30.431 , 68.48 , 68.73
30.432 , 68.46 , 68.73
30.433 , 68.48 , 68.73
30.434 , 68.48 , 68.72
30.435 , 68.48 , 68.72
30.437 , 68.46 , 68.72
30.438 , 68.46 , 68.71
30.439 , 68.48 , 68.71
30.441 , 68.41 , 68.7
30.442 , 68.41 , 68.7
30.443 , 68.41 , 68.7
30.444 , 68.41 , 68.69
30.445 , 68.41 , 68.69
30.447 , 68.41 , 68.69
30.448 , 68.41 , 68.68
30.449 , 68.39 , 68.68
30.451 , 68.39 , 68.67
30.452 , 68.39 , 68.67
30.453 , 68.39 , 68.67
30.455 , 68.37 , 68.66
30.456 , 68.37 , 68.66
30.457 , 68.39 , 68.66
30.458 , 68.37 , 68.65
30.459 , 68.37 , 68.65
30.461 , 68.32 , 68.64
30.462 , 68.39 , 68.64
30.463 , 68.32 , 68.64
30.465 , 68.32 , 68.63
30.466 , 68.37 , 68.63
30.467 , 68.37 , 68.63
30.468 , 68.32 , 68.62
30.47 , 68.32 , 68.62
30.471 , 68.32 , 68.61
30.472 , 68.3 , 68.61
30.473 , 68.32 , 68.61
30.475 , 68.3 , 68.6
30.476 , 68.25 , 68.6
30.477 , 68.3 , 68.6
30.479 , 68.3 , 68.59
30.48 , 68.23 , 68.59
30.481 , 68.3 , 68.58
30.482 , 68.3 , 68.58
30.483 , 68.3 , 68.58
30.485 , 68.23 , 68.57
30.486 , 68.23 , 68.57
30.487 , 68.23 , 68.57
30.488 , 68.23 , 68.56
30.49 , 68.23 , 68.56
30.491 , 68.23 , 68.55
30.492 , 68.21 , 68.55
30.493 , 68.23 , 68.55
30.495 , 68.23 , 68.54
30.496 , 68.21 , 68.54
30.497 , 68.14 , 68.54
30.498 , 68.21 , 68.53
30.5 , 68.14 , 68.53
30.501 , 68.21 , 68.52
30.502 , 68.14 , 68.52
30.504 , 68.14 , 68.51
30.505 , 68.21 , 68.51
30.506 , 68.21 , 68.51
30.507 , 68.14 , 68.51
30.509 , 68.14 , 68.5
30.51 , 68.14 , 68.5
30.511 , 68.21 , 68.49
30.512 , 68.21 , 68.49
30.514 , 68.14 , 68.48
30.515 , 68.14 , 68.48
30.516 , 68.21 , 68.48
30.517 , 68.14 , 68.48
30.519 , 68.14 , 68.47
30.52 , 68.12 , 68.47
30.521 , 68.14 , 68.46
30.522 , 68.12 , 68.46
30.524 , 68.14 , 68.45
30.525 , 68.12 , 68.45
30.526 , 68.12 , 68.45
30.528 , 68.12 , 68.44
30.529 , 68.07 , 68.44
30.53 , 68.07 , 68.44
30.531 , 68.07 , 68.43
30.533 , 68.07 , 68.43
30.534 , 68.05 , 68.42
30.535 , 68.05 , 68.42
30.536 , 68.05 , 68.42
30.538 , 68.07 , 68.41
30.539 , 68.07 , 68.41
30.54 , 68.02 , 68.41
30.541 , 68.05 , 68.4
30.542 , 68.05 , 68.4
30.544 , 68.02 , 68.39
30.545 , 68.05 , 68.39
30.546 , 68.02 , 68.39
30.548 , 68.02 , 68.38
30.549 , 68.05 , 68.38
30.55 , 68.02 , 68.38
30.551 , 68.02 , 68.37
30.553 , 68.02 , 68.37
30.554 , 68.02 , 68.36
30.555 , 67.98 , 68.36
30.556 , 67.98 , 68.36
30.558 , 67.98 , 68.35
30.559 , 67.98 , 68.35
30.56 , 67.96 , 68.35
30.562 , 67.98 , 68.34
30.563 , 67.96 , 68.34
30.564 , 67.96 , 68.33
30.565 , 67.96 , 68.33
30.567 , 67.96 , 68.32
30.568 , 67.91 , 68.32
30.569 , 67.96 , 68.32
30.571 , 67.96 , 68.31
30.572 , 67.91 , 68.31
30.573 , 67.91 , 68.31
30.574 , 67.89 , 68.3
30.576 , 67.89 , 68.3
30.577 , 67.89 , 68.29
30.578 , 67.89 , 68.29
30.58 , 67.91 , 68.29
30.581 , 67.91 , 68.28
30.582 , 67.98 , 68.28
30.583 , 67.96 , 68.28
30.585 , 67.96 , 68.27
30.586 , 68.02 , 68.27
30.587 , 67.98 , 68.26
30.589 , 68.02 , 68.26
30.59 , 67.98 , 68.26
30.591 , 67.98 , 68.25
30.592 , 67.96 , 68.25
30.593 , 67.96 , 68.25
30.595 , 67.91 , 68.24
30.596 , 67.91 , 68.24
30.597 , 67.89 , 68.23
30.598 , 67.89 , 68.23
30.6 , 67.84 , 68.23
30.601 , 67.91 , 68.22
30.602 , 67.91 , 68.22
30.603 , 67.89 , 68.22
30.605 , 67.91 , 68.21
30.606 , 67.84 , 68.21
30.607 , 67.91 , 68.2
30.608 , 67.89 , 68.2
30.61 , 67.91 , 68.2
30.611 , 67.91 , 68.19
30.612 , 67.89 , 68.19
30.614 , 67.91 , 68.18
30.615 , 67.84 , 68.18
30.616 , 67.84 , 68.18
30.617 , 67.84 , 68.17
30.627 , 67.82 , 68.14
30.628 , 67.82 , 68.14
30.629 , 67.84 , 68.14
30.631 , 67.82 , 68.13
30.632 , 67.82 , 68.13
30.633 , 67.84 , 68.13
30.634 , 67.84 , 68.12
30.636 , 67.84 , 68.12
30.637 , 67.82 , 68.11
30.638 , 67.82 , 68.11
30.639 , 67.82 , 68.11
30.641 , 67.84 , 68.1
30.642 , 67.84 , 68.1
30.643 , 67.91 , 68.1
30.645 , 67.98 , 68.09
30.646 , 68.07 , 68.09
30.647 , 68.21 , 68.08
30.649 , 68.32 , 68.08
30.65 , 68.53 , 68.08
30.651 , 68.62 , 68.07
30.652 , 68.71 , 68.07
30.654 , 68.71 , 68.06
30.655 , 68.64 , 68.06
30.656 , 68.64 , 68.06
30.658 , 68.6 , 68.05
30.659 , 68.55 , 68.05
30.66 , 68.48 , 68.05
30.661 , 68.41 , 68.04
30.662 , 68.39 , 68.04
30.664 , 68.39 , 68.03
30.665 , 68.46 , 68.03
30.666 , 68.41 , 68.03
30.668 , 68.48 , 68.02
30.669 , 68.55 , 68.02
30.67 , 68.55 , 68.02
30.671 , 68.62 , 68.01
30.673 , 68.69 , 68.01
30.674 , 68.71 , 68.0
30.675 , 68.76 , 68.0
30.676 , 68.8 , 68.0
30.677 , 68.85 , 67.99
30.679 , 68.94 , 67.99
30.68 , 69.03 , 67.99
30.681 , 69.1 , 67.98
30.683 , 69.15 , 67.98
30.684 , 69.19 , 67.97
30.685 , 69.24 , 67.97
30.686 , 69.26 , 67.97
30.688 , 69.24 , 67.96
30.689 , 69.08 , 67.96
30.69 , 68.87 , 67.96
30.691 , 68.64 , 67.95
30.693 , 68.46 , 67.95
30.694 , 68.23 , 67.94
30.695 , 68.07 , 67.94
30.697 , 67.89 , 67.93
30.698 , 67.82 , 67.93
30.699 , 67.82 , 67.93
30.7 , 67.82 , 67.93
30.702 , 67.89 , 67.92
30.703 , 68.02 , 67.92
30.704 , 68.12 , 67.91
30.705 , 68.23 , 67.91
30.707 , 68.32 , 67.9
30.708 , 68.41 , 67.9
30.709 , 68.46 , 67.9
30.71 , 68.53 , 67.9
30.712 , 68.53 , 67.89
30.713 , 68.53 , 67.89
30.714 , 68.46 , 67.88
30.716 , 68.41 , 67.88
30.717 , 68.37 , 67.87
30.718 , 68.32 , 67.87
30.719 , 68.32 , 67.87
30.721 , 68.23 , 67.86
30.722 , 68.21 , 67.86
30.723 , 68.21 , 67.86
30.724 , 68.21 , 67.85
30.726 , 68.21 , 67.85
30.727 , 68.21 , 67.84
30.728 , 68.21 , 67.84
30.73 , 68.21 , 67.84
30.731 , 68.23 , 67.83
30.732 , 68.23 , 67.83
30.733 , 68.25 , 67.83
30.735 , 68.21 , 67.82
30.736 , 68.23 , 67.82
30.737 , 68.23 , 67.81
30.738 , 68.21 , 67.81
30.74 , 68.21 , 67.81
30.741 , 68.14 , 67.8
30.742 , 68.12 , 67.8
30.743 , 68.21 , 67.8
30.745 , 68.21 , 67.79
30.746 , 68.14 , 67.79
30.747 , 68.14 , 67.78
30.748 , 68.14 , 67.78
30.75 , 68.14 , 67.78
30.751 , 68.21 , 67.77
30.752 , 68.12 , 67.77
30.754 , 68.12 , 67.76
30.755 , 68.12 , 67.76
30.756 , 68.12 , 67.76
30.757 , 68.07 , 67.75
30.759 , 68.07 , 67.75
30.76 , 68.12 , 67.75
30.761 , 68.07 , 67.74
30.762 , 68.07 , 67.74
30.764 , 68.12 , 67.73
30.765 , 68.07 , 67.73
30.766 , 68.07 , 67.73
30.767 , 68.05 , 67.72
30.769 , 68.05 , 67.72
30.77 , 68.07 , 67.72
30.771 , 68.05 , 67.71
30.772 , 68.07 , 67.71
30.774 , 68.05 , 67.7
30.775 , 68.02 , 67.7
30.776 , 68.05 , 67.7
30.778 , 67.98 , 67.69
30.779 , 67.98 , 67.69
30.78 , 68.02 , 67.69
30.781 , 67.98 , 67.68
30.783 , 68.02 , 67.68
30.784 , 67.98 , 67.67
30.785 , 67.98 , 67.67
30.786 , 68.02 , 67.67
30.788 , 67.98 , 67.66
30.789 , 68.02 , 67.66
30.79 , 67.98 , 67.66
30.792 , 67.96 , 67.65
30.793 , 67.96 , 67.65
30.794 , 67.96 , 67.64
30.795 , 67.91 , 67.64
30.797 , 67.96 , 67.63
30.798 , 67.96 , 67.63
30.799 , 67.96 , 67.63
30.801 , 67.96 , 67.62
30.802 , 67.91 , 67.62
30.803 , 67.91 , 67.62
30.804 , 67.96 , 67.61
30.805 , 67.91 , 67.61
30.807 , 67.91 , 67.6
30.808 , 67.89 , 67.6
30.809 , 67.89 , 67.6
30.811 , 67.91 , 67.59
30.812 , 67.89 , 67.59
30.813 , 67.89 , 67.59
30.814 , 67.84 , 67.58
30.816 , 67.84 , 67.58
30.817 , 67.82 , 67.57
30.818 , 67.84 , 67.57
30.82 , 67.84 , 67.57
30.821 , 67.82 , 67.56
30.822 , 67.82 , 67.56
30.824 , 67.84 , 67.55
30.825 , 67.84 , 67.55
30.826 , 67.84 , 67.55
30.827 , 67.84 , 67.54
30.829 , 67.84 , 67.54
30.83 , 67.8 , 67.54
30.831 , 67.84 , 67.53
30.832 , 67.82 , 67.53
30.834 , 67.8 , 67.52
30.835 , 67.8 , 67.52
30.836 , 67.75 , 67.52
30.837 , 67.75 , 67.51
30.839 , 67.75 , 67.51
30.84 , 67.8 , 67.51
30.841 , 67.75 , 67.5
30.842 , 67.75 , 67.5
30.844 , 67.8 , 67.49
30.845 , 67.75 , 67.49
30.846 , 67.75 , 67.49
30.847 , 67.75 , 67.48
30.849 , 67.75 , 67.48
30.85 , 67.73 , 67.48
30.851 , 67.73 , 67.47
30.852 , 67.68 , 67.47
30.853 , 67.64 , 67.47
30.855 , 67.64 , 67.46
30.856 , 67.66 , 67.46
30.857 , 67.64 , 67.45
30.859 , 67.64 , 67.45
30.86 , 67.66 , 67.45
30.861 , 67.68 , 67.44
30.862 , 67.75 , 67.44
30.864 , 67.73 , 67.43
30.865 , 67.75 , 67.43
30.866 , 67.73 , 67.43
30.867 , 67.73 , 67.42
30.869 , 67.73 , 67.42
30.87 , 67.66 , 67.42
30.871 , 67.64 , 67.41
30.872 , 67.59 , 67.41
30.874 , 67.59 , 67.4
30.875 , 67.52 , 67.4
30.876 , 67.52 , 67.4
30.877 , 67.5 , 67.39
30.879 , 67.48 , 67.39
30.88 , 67.48 , 67.39
30.881 , 67.5 , 67.38
30.882 , 67.52 , 67.38
30.884 , 67.5 , 67.37
30.885 , 67.57 , 67.37
30.886 , 67.57 , 67.37
30.887 , 67.57 , 67.36
30.889 , 67.57 , 67.36
30.89 , 67.52 , 67.36
30.891 , 67.52 , 67.35
30.893 , 67.5 , 67.35
30.894 , 67.5 , 67.34
30.895 , 67.5 , 67.34
30.896 , 67.48 , 67.34
30.898 , 67.43 , 67.33
30.899 , 67.43 , 67.33
30.9 , 67.43 , 67.33
30.901 , 67.41 , 67.32
30.903 , 67.41 , 67.32
30.904 , 67.43 , 67.31
30.905 , 67.41 , 67.31
30.906 , 67.43 , 67.31
30.908 , 67.41 , 67.3
30.909 , 67.41 , 67.3
30.91 , 67.43 , 67.3
30.911 , 67.41 , 67.29
30.912 , 67.48 , 67.29
30.913 , 67.41 , 67.29
30.915 , 67.41 , 67.28
30.916 , 67.41 , 67.28
30.917 , 67.41 , 67.27
30.918 , 67.34 , 67.27
30.92 , 67.36 , 67.26
30.921 , 67.34 , 67.26
30.922 , 67.34 , 67.26
30.923 , 67.36 , 67.26
30.925 , 67.29 , 67.25
30.926 , 67.34 , 67.25
30.927 , 67.34 , 67.24
30.928 , 67.29 , 67.24
30.93 , 67.27 , 67.23
30.931 , 67.27 , 67.23
30.932 , 67.29 , 67.23
30.933 , 67.27 , 67.23
30.935 , 67.29 , 67.22
30.936 , 67.27 , 67.22
30.937 , 67.29 , 67.21
30.938 , 67.27 , 67.21
30.94 , 67.25 , 67.2
30.941 , 67.25 , 67.2
30.942 , 67.29 , 67.2
30.943 , 67.27 , 67.2
30.945 , 67.25 , 67.19
30.946 , 67.27 , 67.19
30.947 , 67.27 , 67.18
30.948 , 67.27 , 67.18
30.95 , 67.25 , 67.17
30.951 , 67.25 , 67.17
30.952 , 67.18 , 67.17
30.953 , 67.13 , 67.17
30.955 , 67.13 , 67.16
30.956 , 67.13 , 67.16
30.957 , 67.18 , 67.15
30.958 , 67.18 , 67.15
30.96 , 67.13 , 67.14
30.961 , 67.11 , 67.14
30.962 , 67.18 , 67.14
30.963 , 67.18 , 67.14
30.965 , 67.13 , 67.13
30.966 , 67.13 , 67.13
30.967 , 67.18 , 67.12
30.969 , 67.09 , 67.12
30.97 , 67.09 , 67.11
30.971 , 67.11 , 67.11
30.972 , 67.11 , 67.11
30.973 , 67.11 , 67.11
30.975 , 67.09 , 67.1
30.976 , 67.11 , 67.1
30.977 , 67.09 , 67.09
30.979 , 67.09 , 67.09
30.98 , 67.09 , 67.08
30.981 , 67.09 , 67.08
30.982 , 67.09 , 67.08
30.984 , 67.04 , 67.07
30.985 , 67.04 , 67.07
30.986 , 67.09 , 67.07
30.987 , 67.04 , 67.06
30.989 , 67.09 , 67.06
30.99 , 67.04 , 67.05
30.991 , 67.04 , 67.05
30.992 , 67.02 , 67.05
30.994 , 67.02 , 67.04
30.995 , 66.95 , 67.04
30.996 , 67.02 , 67.04
30.997 , 66.97 , 67.03
30.999 , 66.97 , 67.03
31.0 , 67.02 , 67.02
31.001 , 66.97 , 67.02
31.003 , 66.97 , 67.02
31.004 , 66.97 , 67.01
31.005 , 66.95 , 67.01
31.006 , 66.97 , 67.01
31.007 , 66.97 , 67.0
31.009 , 66.95 , 67.0
31.01 , 66.95 , 66.99
31.011 , 66.97 , 66.99
31.012 , 66.9 , 66.99
31.014 , 66.9 , 66.98
31.015 , 66.95 , 66.98
31.016 , 66.9 , 66.98
31.017 , 66.88 , 66.97
31.019 , 66.95 , 66.97
31.02 , 66.95 , 66.96
31.021 , 66.95 , 66.96
31.022 , 66.88 , 66.96
31.024 , 66.88 , 66.95
31.025 , 66.86 , 66.95
31.026 , 66.86 , 66.95
31.028 , 66.88 , 66.94
31.029 , 66.88 , 66.94
31.03 , 66.86 , 66.93
31.031 , 66.86 , 66.93
31.033 , 66.81 , 66.93
31.034 , 66.81 , 66.92
31.035 , 66.81 , 66.92
31.036 , 66.86 , 66.92
31.038 , 66.86 , 66.91
31.039 , 66.79 , 66.91
31.04 , 66.79 , 66.9
31.041 , 66.81 , 66.9
31.042 , 66.79 , 66.9
31.044 , 66.81 , 66.89
31.045 , 66.79 , 66.89
31.046 , 66.81 , 66.89
31.047 , 66.79 , 66.88
31.049 , 66.79 , 66.88
31.05 , 66.79 , 66.87
31.051 , 66.79 , 66.87
31.052 , 66.74 , 66.87
31.054 , 66.74 , 66.86
31.055 , 66.74 , 66.86
31.056 , 66.72 , 66.86
31.057 , 66.74 , 66.85
31.059 , 66.74 , 66.85
31.06 , 66.72 , 66.84
31.061 , 66.7 , 66.84
31.063 , 66.72 , 66.84
31.064 , 66.72 , 66.83
31.065 , 66.72 , 66.83
31.066 , 66.72 , 66.83
31.067 , 66.7 , 66.82
31.069 , 66.7 , 66.82
31.07 , 66.7 , 66.81
31.071 , 66.7 , 66.81
31.073 , 66.65 , 66.81
31.074 , 66.65 , 66.8
31.075 , 66.58 , 66.8
31.076 , 66.63 , 66.8
31.078 , 66.58 , 66.79
31.079 , 66.63 , 66.79
31.08 , 66.63 , 66.78
31.081 , 66.58 , 66.78
31.083 , 66.63 , 66.78
31.084 , 66.58 , 66.77
31.085 , 66.63 , 66.77
31.087 , 66.63 , 66.76
31.088 , 66.58 , 66.76
31.089 , 66.58 , 66.76
31.09 , 66.58 , 66.75
31.092 , 66.58 , 66.75
31.093 , 66.58 , 66.75
31.094 , 66.56 , 66.74
31.095 , 66.54 , 66.74
31.097 , 66.56 , 66.73
31.098 , 66.54 , 66.73
31.099 , 66.58 , 66.73
31.1 , 66.56 , 66.72
31.102 , 66.56 , 66.72
31.103 , 66.56 , 66.72
31.104 , 66.56 , 66.71
31.105 , 66.56 , 66.71
31.107 , 66.47 , 66.7
31.108 , 66.56 , 66.7
31.109 , 66.47 , 66.7
31.11 , 66.42 , 66.69
31.112 , 66.47 , 66.69
31.113 , 66.47 , 66.69
31.114 , 66.4 , 66.68
31.115 , 66.42 , 66.68
31.117 , 66.42 , 66.67
31.118 , 66.4 , 66.67
31.119 , 66.4 , 66.67
31.12 , 66.42 , 66.66
31.122 , 66.42 , 66.66
31.123 , 66.42 , 66.66
31.124 , 66.42 , 66.65
31.125 , 66.42 , 66.65
31.126 , 66.4 , 66.65
31.128 , 66.47 , 66.64
31.129 , 66.35 , 66.64
31.13 , 66.42 , 66.63
31.132 , 66.47 , 66.63
31.133 , 66.4 , 66.63
31.134 , 66.42 , 66.62
31.135 , 66.42 , 66.62
31.137 , 66.4 , 66.61
31.138 , 66.4 , 66.61
31.139 , 66.42 , 66.61
31.14 , 66.4 , 66.6
31.142 , 66.4 , 66.6
31.143 , 66.42 , 66.6
31.144 , 66.4 , 66.59
31.145 , 66.42 , 66.59
31.147 , 66.4 , 66.58
31.148 , 66.35 , 66.58
31.149 , 66.33 , 66.58
31.15 , 66.33 , 66.57
31.152 , 66.31 , 66.57
31.153 , 66.33 , 66.57
31.154 , 66.33 , 66.56
31.155 , 66.33 , 66.56
31.157 , 66.31 , 66.55
31.158 , 66.31 , 66.55
31.159 , 66.31 , 66.55
31.16 , 66.31 , 66.54
31.162 , 66.31 , 66.54
31.163 , 66.31 , 66.54
31.164 , 66.31 , 66.53
31.165 , 66.31 , 66.53
31.167 , 66.26 , 66.52
31.168 , 66.31 , 66.52
31.169 , 66.26 , 66.52
31.17 , 66.19 , 66.51
31.172 , 66.26 , 66.51
31.173 , 66.26 , 66.51
31.174 , 66.24 , 66.5
31.175 , 66.24 , 66.5
31.176 , 66.24 , 66.5
31.178 , 66.19 , 66.49
31.179 , 66.24 , 66.49
31.18 , 66.24 , 66.48
31.181 , 66.24 , 66.48
31.183 , 66.26 , 66.48
31.184 , 66.19 , 66.47
31.185 , 66.24 , 66.47
31.186 , 66.26 , 66.47
31.188 , 66.19 , 66.46
31.189 , 66.19 , 66.46
31.19 , 66.19 , 66.45
31.191 , 66.19 , 66.45
31.193 , 66.1 , 66.45
31.194 , 66.15 , 66.44
31.195 , 66.15 , 66.44
31.196 , 66.1 , 66.44
31.198 , 66.1 , 66.43
31.199 , 66.1 , 66.43
31.2 , 66.1 , 66.42
31.201 , 66.1 , 66.42
31.203 , 66.15 , 66.42
31.204 , 66.15 , 66.41
31.205 , 66.1 , 66.41
31.206 , 66.15 , 66.41
31.207 , 66.1 , 66.4
31.209 , 66.15 , 66.4
31.21 , 66.08 , 66.39
31.211 , 66.08 , 66.39
31.212 , 66.08 , 66.39
31.214 , 66.08 , 66.38
31.215 , 66.08 , 66.38
31.216 , 66.08 , 66.38
31.217 , 66.08 , 66.37
31.219 , 66.08 , 66.37
31.22 , 66.08 , 66.36
31.221 , 66.03 , 66.36
31.222 , 66.03 , 66.36
31.224 , 66.03 , 66.35
31.225 , 66.03 , 66.35
31.226 , 66.01 , 66.35
31.227 , 66.08 , 66.34
31.229 , 66.03 , 66.34
31.23 , 66.01 , 66.33
31.231 , 66.01 , 66.33
31.232 , 66.01 , 66.33
31.233 , 66.01 , 66.33
31.235 , 65.94 , 66.32
31.236 , 65.92 , 66.32
31.237 , 65.92 , 66.31
31.238 , 65.92 , 66.31
31.24 , 65.92 , 66.3
31.241 , 65.92 , 66.3
31.242 , 65.94 , 66.3
31.243 , 65.92 , 66.3
31.245 , 65.94 , 66.29
31.246 , 65.92 , 66.29
31.247 , 65.94 , 66.28
31.248 , 65.92 , 66.28
31.25 , 65.92 , 66.27
31.251 , 65.92 , 66.27
31.252 , 65.87 , 66.27
31.253 , 65.87 , 66.27
31.255 , 65.85 , 66.26
31.256 , 65.92 , 66.26
31.257 , 65.87 , 66.25
31.258 , 65.92 , 66.25
31.26 , 65.87 , 66.24
31.261 , 65.85 , 66.24
31.262 , 65.87 , 66.24
31.263 , 65.87 , 66.24
31.265 , 65.85 , 66.23
31.266 , 65.87 , 66.23
31.267 , 65.87 , 66.22
31.268 , 65.85 , 66.22
31.27 , 65.85 , 66.21
31.271 , 65.85 , 66.21
31.272 , 65.85 , 66.21
31.274 , 65.8 , 66.2
31.275 , 65.78 , 66.2
31.276 , 65.76 , 66.2
31.277 , 65.78 , 66.19
31.279 , 65.78 , 66.19
31.28 , 65.78 , 66.18
31.281 , 65.8 , 66.18
31.282 , 65.78 , 66.18
31.284 , 65.78 , 66.17
31.285 , 65.78 , 66.17
31.286 , 65.8 , 66.17
31.288 , 65.78 , 66.16
31.289 , 65.78 , 66.16
31.29 , 65.78 , 66.15
31.291 , 65.78 , 66.15
31.293 , 65.76 , 66.14
31.294 , 65.76 , 66.14
31.295 , 65.69 , 66.14
31.296 , 65.71 , 66.14
31.298 , 65.71 , 66.13
31.299 , 65.71 , 66.13
31.3 , 65.76 , 66.12
31.302 , 65.76 , 66.12
31.303 , 65.76 , 66.11
31.304 , 65.71 , 66.11
31.305 , 65.76 , 66.11
31.306 , 65.71 , 66.11
31.308 , 65.69 , 66.1
31.309 , 65.71 , 66.1
31.31 , 65.69 , 66.09
31.311 , 65.71 , 66.09
31.313 , 65.69 , 66.08
31.314 , 65.64 , 66.08
31.315 , 65.64 , 66.08
31.316 , 65.69 , 66.08
31.317 , 65.69 , 66.07
31.319 , 65.64 , 66.07
31.32 , 65.62 , 66.06
31.321 , 65.62 , 66.06
31.323 , 65.62 , 66.05
31.324 , 65.62 , 66.05
31.325 , 65.62 , 66.05
31.326 , 65.6 , 66.05
31.327 , 65.62 , 66.04
31.329 , 65.64 , 66.04
31.33 , 65.64 , 66.03
31.331 , 65.64 , 66.03
31.332 , 65.64 , 66.03
31.334 , 65.64 , 66.02
31.335 , 65.69 , 66.02
31.336 , 65.69 , 66.02
31.338 , 65.69 , 66.01
31.339 , 65.64 , 66.01
31.34 , 65.69 , 66.0
31.341 , 65.69 , 66.0
31.342 , 65.64 , 66.0
31.344 , 65.64 , 65.99
31.345 , 65.64 , 65.99
31.354 , 65.6 , 65.96
31.356 , 65.62 , 65.96
31.357 , 65.62 , 65.95
31.358 , 65.6 , 65.95
31.36 , 65.55 , 65.94
31.361 , 65.62 , 65.94
31.362 , 65.6 , 65.94
31.363 , 65.64 , 65.93
31.364 , 65.6 , 65.93
31.366 , 65.62 , 65.93
31.367 , 65.62 , 65.92
31.368 , 65.64 , 65.92
31.369 , 65.62 , 65.92
31.371 , 65.62 , 65.91
31.372 , 65.55 , 65.91
31.373 , 65.55 , 65.9
31.374 , 65.6 , 65.9
31.376 , 65.55 , 65.9
31.377 , 65.55 , 65.89
31.378 , 65.55 , 65.89
31.379 , 65.55 , 65.89
31.381 , 65.6 , 65.88
31.382 , 65.6 , 65.88
31.383 , 65.6 , 65.87
31.384 , 65.62 , 65.87
31.386 , 65.62 , 65.87
31.387 , 65.62 , 65.86
31.388 , 65.62 , 65.86
31.389 , 65.62 , 65.86
31.391 , 65.6 , 65.85
31.392 , 65.6 , 65.85
31.393 , 65.64 , 65.84
31.395 , 65.69 , 65.84
31.396 , 65.78 , 65.84
31.397 , 65.85 , 65.83
31.398 , 65.99 , 65.83
31.4 , 66.1 , 65.82
31.401 , 66.31 , 65.82
31.402 , 66.4 , 65.82
31.404 , 66.42 , 65.81
31.405 , 66.42 , 65.81
31.406 , 66.4 , 65.81
31.407 , 66.33 , 65.8
31.409 , 66.33 , 65.8
31.41 , 66.31 , 65.79
31.411 , 66.19 , 65.79
31.412 , 66.17 , 65.79
31.413 , 66.1 , 65.78
31.415 , 66.1 , 65.78
31.416 , 66.1 , 65.78
31.417 , 66.1 , 65.77
31.419 , 66.17 , 65.77
31.42 , 66.26 , 65.76
31.421 , 66.31 , 65.76
31.422 , 66.35 , 65.76
31.424 , 66.4 , 65.75
31.425 , 66.47 , 65.75
31.426 , 66.54 , 65.75
31.427 , 66.58 , 65.74
31.428 , 66.63 , 65.74
31.43 , 66.7 , 65.73
31.431 , 66.79 , 65.73
31.432 , 66.86 , 65.73
31.433 , 66.88 , 65.72
31.435 , 66.9 , 65.72
31.436 , 66.9 , 65.72
31.437 , 66.86 , 65.71
31.438 , 66.74 , 65.71
31.44 , 66.54 , 65.7
31.441 , 66.33 , 65.7
31.442 , 66.1 , 65.7
31.443 , 65.94 , 65.69
31.445 , 65.8 , 65.69
31.446 , 65.71 , 65.69
31.447 , 65.62 , 65.68
31.448 , 65.6 , 65.68
31.45 , 65.6 , 65.67
31.451 , 65.64 , 65.67
31.452 , 65.76 , 65.67
31.454 , 65.85 , 65.66
31.455 , 65.92 , 65.66
31.456 , 66.01 , 65.66
31.457 , 66.08 , 65.65
31.458 , 66.15 , 65.65
31.46 , 66.17 , 65.64
31.461 , 66.19 , 65.64
31.462 , 66.19 , 65.64
31.463 , 66.17 , 65.63
31.465 , 66.1 , 65.63
31.466 , 66.1 , 65.63
31.467 , 66.03 , 65.62
31.469 , 65.99 , 65.62
31.47 , 65.99 , 65.61
31.471 , 65.94 , 65.61
31.472 , 65.87 , 65.61
31.474 , 65.92 , 65.6
31.475 , 65.92 , 65.6
31.476 , 65.87 , 65.6
31.478 , 65.92 , 65.59
31.479 , 65.92 , 65.59
31.48 , 65.94 , 65.58
31.481 , 65.92 , 65.58
31.483 , 65.94 , 65.57
31.484 , 65.92 , 65.57
31.485 , 65.94 , 65.57
31.486 , 65.94 , 65.57
31.488 , 65.94 , 65.56
31.489 , 65.99 , 65.56
31.49 , 65.92 , 65.55
31.492 , 65.87 , 65.55
31.493 , 65.87 , 65.54
31.494 , 65.85 , 65.54
31.495 , 65.8 , 65.54
31.496 , 65.8 , 65.54
31.498 , 65.87 , 65.53
31.499 , 65.8 , 65.53
31.5 , 65.8 , 65.52
31.501 , 65.85 , 65.52
31.503 , 65.87 , 65.51
31.504 , 65.85 , 65.51
31.505 , 65.85 , 65.51
31.506 , 65.87 , 65.51
31.508 , 65.87 , 65.5
31.509 , 65.85 , 65.5
31.51 , 65.8 , 65.49
31.511 , 65.85 , 65.49
31.513 , 65.85 , 65.48
31.514 , 65.78 , 65.48
31.515 , 65.78 , 65.48
31.516 , 65.78 , 65.48
31.518 , 65.78 , 65.47
31.519 , 65.8 , 65.47
31.52 , 65.8 , 65.46
31.521 , 65.78 , 65.46
31.523 , 65.76 , 65.45
31.524 , 65.78 , 65.45
31.525 , 65.76 , 65.45
31.527 , 65.78 , 65.44
31.528 , 65.78 , 65.44
31.529 , 65.71 , 65.44
31.53 , 65.76 , 65.43
31.532 , 65.78 , 65.43
31.533 , 65.76 , 65.42
31.534 , 65.76 , 65.42
31.535 , 65.71 , 65.42
31.537 , 65.69 , 65.41
31.538 , 65.71 , 65.41
31.539 , 65.71 , 65.41
31.54 , 65.76 , 65.4
31.542 , 65.71 , 65.4
31.543 , 65.69 , 65.39
31.544 , 65.71 , 65.39
31.545 , 65.71 , 65.39
31.547 , 65.69 , 65.38
31.548 , 65.71 , 65.38
31.549 , 65.69 , 65.38
31.551 , 65.64 , 65.37
31.552 , 65.69 , 65.37
31.553 , 65.64 , 65.36
31.554 , 65.64 , 65.36
31.555 , 65.64 , 65.36
31.557 , 65.69 , 65.35
31.558 , 65.62 , 65.35
31.559 , 65.64 , 65.35
31.56 , 65.62 , 65.34
31.562 , 65.64 , 65.34
31.563 , 65.62 , 65.33
31.564 , 65.62 , 65.33
31.565 , 65.62 , 65.33
31.567 , 65.62 , 65.32
31.568 , 65.64 , 65.32
31.569 , 65.6 , 65.32
31.57 , 65.6 , 65.31
31.572 , 65.62 , 65.31
31.573 , 65.6 , 65.3
31.574 , 65.6 , 65.3
31.576 , 65.55 , 65.3
31.577 , 65.55 , 65.29
31.578 , 65.55 , 65.29
31.579 , 65.6 , 65.29
31.58 , 65.55 , 65.28
31.582 , 65.55 , 65.28
31.583 , 65.55 , 65.27
31.584 , 65.6 , 65.27
31.586 , 65.55 , 65.27
31.587 , 65.53 , 65.26
31.588 , 65.48 , 65.26
31.589 , 65.53 , 65.26
31.591 , 65.53 , 65.25
31.592 , 65.53 , 65.25
31.593 , 65.48 , 65.24
31.594 , 65.53 , 65.24
31.596 , 65.48 , 65.24
31.597 , 65.48 , 65.23
31.598 , 65.48 , 65.23
31.599 , 65.48 , 65.23
31.601 , 65.46 , 65.22
31.602 , 65.42 , 65.22
31.603 , 65.39 , 65.21
31.604 , 65.37 , 65.21
31.606 , 65.37 , 65.21
31.607 , 65.39 , 65.2
31.608 , 65.42 , 65.2
31.609 , 65.39 , 65.2
31.611 , 65.48 , 65.19
31.612 , 65.48 , 65.19
31.613 , 65.53 , 65.18
31.614 , 65.48 , 65.18
31.616 , 65.48 , 65.18
31.617 , 65.46 , 65.17
31.618 , 65.42 , 65.17
31.619 , 65.39 , 65.17
31.621 , 65.39 , 65.16
31.622 , 65.37 , 65.16
31.623 , 65.32 , 65.15
31.624 , 65.3 , 65.15
31.626 , 65.3 , 65.15
31.627 , 65.3 , 65.14
31.628 , 65.3 , 65.14
31.629 , 65.26 , 65.14
31.631 , 65.26 , 65.13
31.632 , 65.26 , 65.13
31.633 , 65.3 , 65.12
31.634 , 65.23 , 65.12
31.635 , 65.26 , 65.12
31.637 , 65.23 , 65.11
31.638 , 65.26 , 65.11
31.639 , 65.26 , 65.11
31.64 , 65.3 , 65.1
31.642 , 65.23 , 65.1
31.643 , 65.3 , 65.09
31.644 , 65.23 , 65.09
31.645 , 65.23 , 65.09
31.647 , 65.26 , 65.08
31.648 , 65.23 , 65.08
31.649 , 65.23 , 65.08
31.65 , 65.26 , 65.07
31.651 , 65.23 , 65.07
31.653 , 65.21 , 65.06
31.654 , 65.21 , 65.06
31.655 , 65.21 , 65.06
31.656 , 65.21 , 65.05
31.658 , 65.16 , 65.05
31.659 , 65.21 , 65.05
31.66 , 65.21 , 65.04
31.661 , 65.21 , 65.04
31.663 , 65.21 , 65.03
31.664 , 65.09 , 65.03
31.665 , 65.14 , 65.03
31.667 , 65.14 , 65.02
31.668 , 65.14 , 65.02
31.669 , 65.09 , 65.02
31.67 , 65.14 , 65.01
31.672 , 65.09 , 65.01
31.673 , 65.09 , 65.0
31.674 , 65.05 , 65.0
31.675 , 65.14 , 65.0
31.677 , 65.07 , 64.99
31.678 , 65.09 , 64.99
31.679 , 65.07 , 64.99
31.681 , 65.07 , 64.98
31.682 , 65.07 , 64.98
31.683 , 65.07 , 64.97
31.684 , 65.07 , 64.97
31.686 , 65.05 , 64.96
31.687 , 65.05 , 64.96
31.688 , 65.05 , 64.96
31.689 , 65.0 , 64.96
31.691 , 65.0 , 64.95
31.692 , 65.0 , 64.95
31.693 , 65.0 , 64.94
31.694 , 65.05 , 64.94
31.696 , 65.0 , 64.93
31.697 , 64.93 , 64.93
31.698 , 64.98 , 64.93
31.699 , 64.93 , 64.93
31.7 , 64.93 , 64.92
31.702 , 64.91 , 64.92
31.703 , 64.93 , 64.91
31.704 , 64.98 , 64.91
31.705 , 65.0 , 64.91
31.707 , 64.98 , 64.9
31.708 , 64.98 , 64.9
31.709 , 65.0 , 64.9
31.71 , 64.98 , 64.89
31.711 , 64.98 , 64.89
31.713 , 64.93 , 64.88
31.714 , 64.93 , 64.88
31.715 , 64.93 , 64.88
31.716 , 64.91 , 64.87
31.718 , 64.91 , 64.87
31.719 , 64.91 , 64.87
31.72 , 64.93 , 64.86
31.721 , 64.91 , 64.86
31.723 , 64.91 , 64.85
31.724 , 64.87 , 64.85
31.725 , 64.91 , 64.85
31.726 , 64.87 , 64.84
31.728 , 64.84 , 64.84
31.729 , 64.91 , 64.84
31.73 , 64.84 , 64.83
31.731 , 64.87 , 64.83
31.733 , 64.84 , 64.82
31.734 , 64.84 , 64.82
31.735 , 64.82 , 64.82
31.736 , 64.84 , 64.81
31.738 , 64.84 , 64.81
31.739 , 64.84 , 64.81
31.74 , 64.82 , 64.8
31.742 , 64.82 , 64.8
31.743 , 64.82 , 64.79
31.744 , 64.82 , 64.79
31.745 , 64.82 , 64.79
31.747 , 64.77 , 64.78
31.748 , 64.82 , 64.78
31.749 , 64.77 , 64.78
31.751 , 64.75 , 64.77
31.752 , 64.75 , 64.77
31.753 , 64.75 , 64.76
31.754 , 64.75 , 64.76
31.756 , 64.71 , 64.75
31.757 , 64.71 , 64.75
31.758 , 64.71 , 64.75
31.759 , 64.71 , 64.75
31.761 , 64.68 , 64.74
31.762 , 64.66 , 64.74
31.763 , 64.71 , 64.73
31.764 , 64.68 , 64.73
31.766 , 64.68 , 64.72
31.767 , 64.68 , 64.72
31.768 , 64.71 , 64.72
31.769 , 64.66 , 64.72
31.771 , 64.68 , 64.71
31.772 , 64.66 , 64.71
31.773 , 64.66 , 64.7
31.774 , 64.66 , 64.7
31.776 , 64.66 , 64.69
31.777 , 64.66 , 64.69
31.778 , 64.61 , 64.69
31.779 , 64.61 , 64.69
31.781 , 64.61 , 64.68
31.782 , 64.61 , 64.68
31.783 , 64.66 , 64.67
31.784 , 64.61 , 64.67
31.785 , 64.66 , 64.67
31.787 , 64.59 , 64.66
31.788 , 64.61 , 64.66
31.789 , 64.61 , 64.66
31.79 , 64.59 , 64.65
31.792 , 64.55 , 64.65
31.793 , 64.59 , 64.64
31.794 , 64.55 , 64.64
31.795 , 64.55 , 64.64
31.797 , 64.59 , 64.63
31.798 , 64.55 , 64.63
31.799 , 64.55 , 64.63
31.801 , 64.55 , 64.62
31.802 , 64.52 , 64.62
31.803 , 64.55 , 64.61
31.804 , 64.52 , 64.61
31.805 , 64.55 , 64.61
31.807 , 64.52 , 64.6
31.808 , 64.52 , 64.6
31.809 , 64.52 , 64.6
31.81 , 64.45 , 64.59
31.812 , 64.48 , 64.59
31.813 , 64.45 , 64.58
31.814 , 64.45 , 64.58
31.816 , 64.48 , 64.57
31.817 , 64.45 , 64.57
31.818 , 64.45 , 64.57
31.819 , 64.43 , 64.57
31.821 , 64.43 , 64.56
31.822 , 64.43 , 64.56
31.823 , 64.43 , 64.55
31.824 , 64.45 , 64.55
31.826 , 64.45 , 64.54
31.827 , 64.45 , 64.54
31.828 , 64.39 , 64.54
31.829 , 64.43 , 64.54
31.831 , 64.43 , 64.53
31.832 , 64.43 , 64.53
31.833 , 64.36 , 64.52
31.834 , 64.36 , 64.52
31.836 , 64.36 , 64.51
31.837 , 64.36 , 64.51
31.838 , 64.39 , 64.51
31.839 , 64.36 , 64.51
31.84 , 64.39 , 64.5
31.842 , 64.36 , 64.5
31.843 , 64.36 , 64.49
31.844 , 64.36 , 64.49
31.845 , 64.32 , 64.49
31.847 , 64.36 , 64.48
31.848 , 64.32 , 64.48
31.849 , 64.32 , 64.48
31.85 , 64.36 , 64.47
31.852 , 64.29 , 64.47
31.853 , 64.27 , 64.46
31.854 , 64.27 , 64.46
31.855 , 64.2 , 64.46
31.857 , 64.27 , 64.45
31.858 , 64.23 , 64.45
31.859 , 64.23 , 64.45
31.861 , 64.2 , 64.44
31.862 , 64.23 , 64.44
31.863 , 64.23 , 64.43
31.864 , 64.23 , 64.43
31.865 , 64.23 , 64.43
31.867 , 64.23 , 64.42
31.868 , 64.23 , 64.42
31.869 , 64.2 , 64.42
31.87 , 64.23 , 64.41
31.872 , 64.2 , 64.41
31.873 , 64.2 , 64.4
31.874 , 64.16 , 64.4
31.875 , 64.2 , 64.4
31.877 , 64.16 , 64.39
31.878 , 64.16 , 64.39
31.879 , 64.16 , 64.39
31.88 , 64.16 , 64.38
31.882 , 64.2 , 64.38
31.883 , 64.16 , 64.37
31.884 , 64.2 , 64.37
31.885 , 64.16 , 64.37
31.887 , 64.13 , 64.36
31.888 , 64.16 , 64.36
31.889 , 64.16 , 64.36
31.89 , 64.13 , 64.35
31.892 , 64.13 , 64.35
31.893 , 64.13 , 64.34
31.894 , 64.11 , 64.34
31.895 , 64.06 , 64.34
31.897 , 64.11 , 64.33
31.898 , 64.06 , 64.33
31.899 , 64.11 , 64.33
31.9 , 64.04 , 64.32
31.902 , 64.06 , 64.32
31.903 , 64.06 , 64.31
31.904 , 64.11 , 64.31
31.905 , 64.06 , 64.31
31.907 , 64.06 , 64.3
31.908 , 64.04 , 64.3
31.909 , 64.04 , 64.3
31.91 , 64.04 , 64.29
31.912 , 64.04 , 64.29
31.913 , 64.04 , 64.28
31.914 , 64.04 , 64.28
31.915 , 64.0 , 64.28
31.916 , 64.0 , 64.27
31.918 , 64.0 , 64.27
31.919 , 64.0 , 64.27
31.92 , 63.97 , 64.26
31.921 , 63.97 , 64.26
31.922 , 63.97 , 64.26
31.924 , 63.97 , 64.25
31.925 , 64.0 , 64.25
31.926 , 64.0 , 64.24
31.927 , 64.0 , 64.24
31.929 , 64.0 , 64.24
31.93 , 63.97 , 64.23
31.931 , 63.97 , 64.23
31.932 , 63.93 , 64.23
31.934 , 63.93 , 64.22
31.935 , 63.93 , 64.22
31.936 , 63.88 , 64.21
31.937 , 63.9 , 64.21
31.938 , 63.9 , 64.21
31.94 , 63.9 , 64.2
31.941 , 63.88 , 64.2
31.942 , 63.88 , 64.2
31.943 , 63.84 , 64.19
31.945 , 63.9 , 64.19
31.946 , 63.88 , 64.18
31.947 , 63.9 , 64.18
31.948 , 63.88 , 64.18
31.949 , 63.9 , 64.18
31.951 , 63.88 , 64.17
31.952 , 63.88 , 64.17
31.953 , 63.88 , 64.16
31.954 , 63.84 , 64.16
31.956 , 63.9 , 64.15
31.957 , 63.9 , 64.15
31.958 , 63.93 , 64.15
31.959 , 63.9 , 64.15
31.96 , 63.9 , 64.14
31.962 , 63.9 , 64.14
31.963 , 63.88 , 64.13
31.964 , 63.9 , 64.13
31.966 , 63.9 , 64.12
31.967 , 63.9 , 64.12
31.968 , 63.9 , 64.12
31.969 , 63.93 , 64.12
31.97 , 63.88 , 64.11
31.972 , 63.88 , 64.11
31.973 , 63.88 , 64.1
31.974 , 63.84 , 64.1
31.975 , 63.84 , 64.1
31.976 , 63.84 , 64.09
31.978 , 63.81 , 64.09
31.979 , 63.81 , 64.09
31.98 , 63.81 , 64.08
31.982 , 63.77 , 64.08
31.983 , 63.77 , 64.07
31.984 , 63.81 , 64.07
31.985 , 63.81 , 64.07
31.987 , 63.77 , 64.06
31.988 , 63.84 , 64.06
31.989 , 63.81 , 64.06
31.99 , 63.77 , 64.05
31.992 , 63.77 , 64.05
31.993 , 63.74 , 64.04
31.994 , 63.77 , 64.04
31.995 , 63.74 , 64.04
31.996 , 63.74 , 64.03
31.998 , 63.74 , 64.03
31.999 , 63.74 , 64.02
32.0 , 63.74 , 64.02
32.001 , 63.72 , 64.02
32.002 , 63.72 , 64.02
32.004 , 63.72 , 64.01
32.005 , 63.74 , 64.01
32.006 , 63.74 , 64.0
32.007 , 63.74 , 64.0
32.008 , 63.74 , 64.0
32.01 , 63.72 , 63.99
32.011 , 63.68 , 63.99
32.012 , 63.72 , 63.99
32.013 , 63.72 , 63.98
32.014 , 63.68 , 63.98
32.016 , 63.72 , 63.97
32.017 , 63.68 , 63.97
32.018 , 63.65 , 63.97
32.019 , 63.68 , 63.96
32.021 , 63.65 , 63.96
32.022 , 63.65 , 63.96
32.023 , 63.61 , 63.95
32.024 , 63.68 , 63.95
32.026 , 63.65 , 63.94
32.027 , 63.65 , 63.94
32.028 , 63.65 , 63.94
32.029 , 63.61 , 63.93
32.03 , 63.61 , 63.93
32.032 , 63.65 , 63.93
32.033 , 63.61 , 63.92
32.034 , 63.61 , 63.92
32.035 , 63.61 , 63.92
32.037 , 63.56 , 63.91
32.038 , 63.58 , 63.91
32.039 , 63.58 , 63.9
32.04 , 63.61 , 63.9
32.041 , 63.58 , 63.9
32.043 , 63.58 , 63.89
32.044 , 63.56 , 63.89
32.045 , 63.58 , 63.89
32.046 , 63.56 , 63.88
32.048 , 63.56 , 63.88
32.049 , 63.56 , 63.87
32.05 , 63.58 , 63.87
32.051 , 63.58 , 63.87
32.053 , 63.58 , 63.86
32.054 , 63.56 , 63.86
32.055 , 63.56 , 63.86
32.056 , 63.49 , 63.85
32.057 , 63.56 , 63.85
32.059 , 63.49 , 63.84
32.06 , 63.45 , 63.84
32.061 , 63.45 , 63.84
32.062 , 63.42 , 63.84
32.064 , 63.45 , 63.83
32.065 , 63.45 , 63.83
32.066 , 63.42 , 63.82
32.067 , 63.45 , 63.82
32.077 , 63.33 , 63.79
32.078 , 63.36 , 63.79
32.079 , 63.36 , 63.78
32.08 , 63.38 , 63.78
32.082 , 63.36 , 63.78
32.083 , 63.42 , 63.77
32.084 , 63.45 , 63.77
32.085 , 63.42 , 63.77
32.086 , 63.45 , 63.76
32.088 , 63.49 , 63.76
32.089 , 63.45 , 63.75
32.09 , 63.49 , 63.75
32.091 , 63.49 , 63.75
32.093 , 63.49 , 63.74
32.094 , 63.42 , 63.74
32.095 , 63.42 , 63.74
32.096 , 63.38 , 63.73
32.097 , 63.38 , 63.73
32.099 , 63.38 , 63.72
32.1 , 63.38 , 63.72
32.101 , 63.36 , 63.72
32.102 , 63.36 , 63.72
32.104 , 63.38 , 63.71
32.105 , 63.38 , 63.71
32.106 , 63.38 , 63.7
32.107 , 63.38 , 63.7
32.108 , 63.42 , 63.7
32.11 , 63.38 , 63.69
32.111 , 63.42 , 63.69
32.112 , 63.36 , 63.69
32.113 , 63.38 , 63.68
32.115 , 63.36 , 63.68
32.116 , 63.36 , 63.67
32.117 , 63.33 , 63.67
32.118 , 63.36 , 63.67
32.119 , 63.33 , 63.66
32.121 , 63.38 , 63.66
32.122 , 63.36 , 63.66
32.123 , 63.36 , 63.65
32.124 , 63.36 , 63.65
32.126 , 63.38 , 63.64
32.127 , 63.36 , 63.64
32.128 , 63.33 , 63.64
32.129 , 63.33 , 63.63
32.13 , 63.36 , 63.63
32.132 , 63.33 , 63.63
32.133 , 63.36 , 63.62
32.134 , 63.36 , 63.62
32.135 , 63.36 , 63.62
32.137 , 63.36 , 63.61
32.138 , 63.36 , 63.61
32.139 , 63.36 , 63.6
32.14 , 63.33 , 63.6
32.141 , 63.36 , 63.6
32.143 , 63.38 , 63.59
32.144 , 63.45 , 63.59
32.145 , 63.45 , 63.59
32.146 , 63.56 , 63.58
32.147 , 63.65 , 63.58
32.149 , 63.74 , 63.57
32.15 , 63.93 , 63.57
32.151 , 64.11 , 63.57
32.152 , 64.2 , 63.57
32.154 , 64.2 , 63.56
32.155 , 64.16 , 63.56
32.156 , 64.16 , 63.55
32.158 , 64.11 , 63.55
32.159 , 64.06 , 63.54
32.16 , 64.0 , 63.54
32.161 , 63.97 , 63.54
32.162 , 63.9 , 63.54
32.164 , 63.84 , 63.53
32.165 , 63.84 , 63.53
32.166 , 63.88 , 63.52
32.167 , 63.88 , 63.52
32.168 , 63.93 , 63.52
32.17 , 63.97 , 63.51
32.171 , 64.04 , 63.51
32.172 , 64.06 , 63.51
32.173 , 64.11 , 63.5
32.175 , 64.13 , 63.5
32.176 , 64.2 , 63.49
32.177 , 64.27 , 63.49
32.178 , 64.29 , 63.49
32.18 , 64.39 , 63.48
32.181 , 64.45 , 63.48
32.182 , 64.52 , 63.48
32.184 , 64.59 , 63.47
32.185 , 64.59 , 63.47
32.186 , 64.59 , 63.46
32.187 , 64.45 , 63.46
32.189 , 64.32 , 63.45
32.19 , 64.16 , 63.45
32.191 , 63.93 , 63.45
32.192 , 63.81 , 63.45
32.193 , 63.65 , 63.44
32.195 , 63.58 , 63.44
32.196 , 63.45 , 63.43
32.197 , 63.36 , 63.43
32.198 , 63.36 , 63.43
32.2 , 63.38 , 63.42
32.201 , 63.49 , 63.42
32.202 , 63.56 , 63.42
32.203 , 63.65 , 63.41
32.205 , 63.72 , 63.41
32.206 , 63.81 , 63.4
32.207 , 63.88 , 63.4
32.208 , 63.88 , 63.4
32.209 , 63.9 , 63.39
32.21 , 63.93 , 63.39
32.212 , 63.9 , 63.39
32.213 , 63.88 , 63.38
32.214 , 63.88 , 63.38
32.215 , 63.81 , 63.38
32.217 , 63.81 , 63.37
32.218 , 63.77 , 63.37
32.219 , 63.72 , 63.36
32.22 , 63.68 , 63.36
32.221 , 63.68 , 63.36
32.223 , 63.65 , 63.35
32.224 , 63.68 , 63.35
32.225 , 63.68 , 63.35
32.226 , 63.68 , 63.34
32.228 , 63.68 , 63.34
32.229 , 63.72 , 63.33
32.23 , 63.68 , 63.33
32.231 , 63.72 , 63.33
32.232 , 63.68 , 63.33
32.234 , 63.68 , 63.32
32.235 , 63.68 , 63.32
32.236 , 63.68 , 63.31
32.237 , 63.68 , 63.31
32.238 , 63.68 , 63.31
32.24 , 63.65 , 63.3
32.241 , 63.65 , 63.3
32.242 , 63.61 , 63.3
32.243 , 63.61 , 63.29
32.244 , 63.61 , 63.29
32.246 , 63.61 , 63.28
32.247 , 63.61 , 63.28
32.248 , 63.65 , 63.28
32.249 , 63.61 , 63.27
32.251 , 63.58 , 63.27
32.252 , 63.61 , 63.27
32.253 , 63.58 , 63.26
32.254 , 63.58 , 63.26
32.255 , 63.58 , 63.26
32.257 , 63.56 , 63.25
32.258 , 63.58 , 63.25
32.259 , 63.52 , 63.24
32.26 , 63.56 , 63.24
32.262 , 63.56 , 63.24
32.263 , 63.56 , 63.23
32.264 , 63.56 , 63.23
32.265 , 63.61 , 63.23
32.266 , 63.61 , 63.22
32.268 , 63.61 , 63.22
32.269 , 63.61 , 63.21
32.27 , 63.58 , 63.21
32.271 , 63.58 , 63.21
32.272 , 63.58 , 63.21
32.274 , 63.56 , 63.2
32.275 , 63.56 , 63.2
32.276 , 63.58 , 63.19
32.277 , 63.56 , 63.19
32.279 , 63.56 , 63.18
32.28 , 63.52 , 63.18
32.281 , 63.52 , 63.18
32.282 , 63.56 , 63.18
32.283 , 63.56 , 63.17
32.285 , 63.52 , 63.17
32.286 , 63.56 , 63.16
32.287 , 63.52 , 63.16
32.289 , 63.52 , 63.15
32.29 , 63.56 , 63.15
32.291 , 63.52 , 63.15
32.292 , 63.52 , 63.15
32.293 , 63.49 , 63.14
32.294 , 63.49 , 63.14
32.296 , 63.49 , 63.13
32.297 , 63.49 , 63.13
32.298 , 63.49 , 63.13
32.299 , 63.45 , 63.12
32.301 , 63.45 , 63.12
32.302 , 63.45 , 63.12
32.303 , 63.49 , 63.11
32.304 , 63.45 , 63.11
32.305 , 63.45 , 63.11
32.307 , 63.49 , 63.1
32.308 , 63.49 , 63.1
32.309 , 63.45 , 63.09
32.31 , 63.45 , 63.09
32.311 , 63.45 , 63.09
32.313 , 63.42 , 63.08
32.314 , 63.38 , 63.08
32.315 , 63.45 , 63.08
32.316 , 63.38 , 63.07
32.318 , 63.38 , 63.07
32.319 , 63.38 , 63.06
32.32 , 63.38 , 63.06
32.321 , 63.36 , 63.06
32.322 , 63.38 , 63.06
32.323 , 63.38 , 63.05
32.325 , 63.36 , 63.05
32.326 , 63.38 , 63.04
32.327 , 63.38 , 63.04
32.328 , 63.38 , 63.04
32.33 , 63.33 , 63.03
32.331 , 63.36 , 63.03
32.332 , 63.36 , 63.03
32.333 , 63.36 , 63.02
32.334 , 63.29 , 63.02
32.336 , 63.33 , 63.01
32.337 , 63.33 , 63.01
32.338 , 63.29 , 63.01
32.339 , 63.33 , 63.0
32.34 , 63.29 , 63.0
32.342 , 63.33 , 63.0
32.343 , 63.29 , 62.99
32.344 , 63.26 , 62.99
32.345 , 63.29 , 62.99
32.346 , 63.29 , 62.98
32.348 , 63.29 , 62.98
32.349 , 63.29 , 62.97
32.35 , 63.29 , 62.97
32.351 , 63.26 , 62.97
32.353 , 63.2 , 62.96
32.354 , 63.1 , 62.96
32.355 , 63.1 , 62.96
32.356 , 63.1 , 62.95
32.358 , 63.17 , 62.95
32.359 , 63.22 , 62.94
32.36 , 63.17 , 62.94
32.361 , 63.26 , 62.94
32.363 , 63.29 , 62.93
32.364 , 63.29 , 62.93
32.365 , 63.33 , 62.93
32.366 , 63.29 , 62.92
32.368 , 63.2 , 62.92
32.369 , 63.17 , 62.91
32.37 , 63.13 , 62.91
32.371 , 63.1 , 62.91
32.373 , 63.04 , 62.9
32.374 , 62.97 , 62.9
32.375 , 62.94 , 62.9
32.376 , 62.94 , 62.89
32.378 , 62.9 , 62.89
32.379 , 62.94 , 62.88
32.38 , 62.94 , 62.88
32.381 , 62.94 , 62.88
32.383 , 62.97 , 62.87
32.384 , 62.97 , 62.87
32.385 , 62.97 , 62.87
32.386 , 62.99 , 62.86
32.388 , 62.99 , 62.86
32.389 , 63.04 , 62.85
32.39 , 62.99 , 62.85
32.391 , 62.97 , 62.85
32.393 , 62.97 , 62.84
32.394 , 62.97 , 62.84
32.395 , 62.97 , 62.84
32.396 , 62.94 , 62.83
32.398 , 62.94 , 62.83
32.399 , 62.94 , 62.82
32.4 , 62.87 , 62.82
32.401 , 62.94 , 62.82
32.403 , 62.87 , 62.81
32.404 , 62.87 , 62.81
32.405 , 62.87 , 62.81
32.406 , 62.87 , 62.8
32.408 , 62.83 , 62.8
32.409 , 62.83 , 62.79
32.41 , 62.83 , 62.79
32.411 , 62.81 , 62.79
32.413 , 62.83 , 62.78
32.414 , 62.83 , 62.78
32.415 , 62.81 , 62.78
32.416 , 62.81 , 62.77
32.418 , 62.81 , 62.77
32.419 , 62.83 , 62.76
32.42 , 62.81 , 62.76
32.421 , 62.81 , 62.76
32.423 , 62.78 , 62.75
32.424 , 62.81 , 62.75
32.425 , 62.81 , 62.75
32.426 , 62.81 , 62.74
32.427 , 62.83 , 62.74
32.429 , 62.81 , 62.73
32.43 , 62.78 , 62.73
32.431 , 62.74 , 62.73
32.432 , 62.78 , 62.72
32.434 , 62.74 , 62.72
32.435 , 62.74 , 62.72
32.436 , 62.71 , 62.71
32.437 , 62.71 , 62.71
32.439 , 62.71 , 62.7
32.44 , 62.71 , 62.7
32.441 , 62.65 , 62.7
32.442 , 62.71 , 62.69
32.444 , 62.74 , 62.69
32.445 , 62.71 , 62.69
32.446 , 62.71 , 62.68
32.447 , 62.71 , 62.68
32.449 , 62.62 , 62.67
32.45 , 62.74 , 62.67
32.451 , 62.65 , 62.67
32.452 , 62.62 , 62.66
32.454 , 62.62 , 62.66
32.455 , 62.65 , 62.66
32.456 , 62.65 , 62.65
32.457 , 62.71 , 62.65
32.459 , 62.65 , 62.64
32.46 , 62.62 , 62.64
32.461 , 62.62 , 62.64
32.463 , 62.62 , 62.63
32.464 , 62.62 , 62.63
32.465 , 62.62 , 62.63
32.466 , 62.6 , 62.62
32.468 , 62.6 , 62.62
32.469 , 62.6 , 62.61
32.47 , 62.6 , 62.61
32.471 , 62.62 , 62.61
32.473 , 62.6 , 62.6
32.474 , 62.6 , 62.6
32.475 , 62.6 , 62.6
32.477 , 62.6 , 62.59
32.478 , 62.6 , 62.59
32.479 , 62.6 , 62.58
32.48 , 62.55 , 62.58
32.482 , 62.6 , 62.57
32.483 , 62.6 , 62.57
32.484 , 62.55 , 62.57
32.485 , 62.55 , 62.57
32.487 , 62.55 , 62.56
32.488 , 62.53 , 62.56
32.489 , 62.55 , 62.55
32.491 , 62.53 , 62.55
32.492 , 62.55 , 62.54
32.493 , 62.53 , 62.54
32.494 , 62.46 , 62.54
32.496 , 62.53 , 62.53
32.497 , 62.53 , 62.53
32.498 , 62.53 , 62.53
32.5 , 62.53 , 62.52
32.501 , 62.46 , 62.52
32.502 , 62.39 , 62.51
32.503 , 62.42 , 62.51
32.505 , 62.46 , 62.51
32.506 , 62.46 , 62.5
32.507 , 62.42 , 62.5
32.508 , 62.46 , 62.5
32.51 , 62.39 , 62.49
32.511 , 62.42 , 62.49
32.512 , 62.39 , 62.48
32.513 , 62.39 , 62.48
32.515 , 62.39 , 62.48
32.516 , 62.39 , 62.47
32.517 , 62.37 , 62.47
32.518 , 62.39 , 62.47
32.52 , 62.37 , 62.46
32.521 , 62.37 , 62.46
32.522 , 62.37 , 62.45
32.524 , 62.37 , 62.45
32.525 , 62.39 , 62.45
32.526 , 62.39 , 62.44
32.527 , 62.39 , 62.44
32.529 , 62.37 , 62.43
32.53 , 62.37 , 62.43
32.531 , 62.37 , 62.43
32.532 , 62.33 , 62.42
32.534 , 62.33 , 62.42
32.535 , 62.3 , 62.42
32.536 , 62.3 , 62.41
32.537 , 62.33 , 62.41
32.539 , 62.33 , 62.4
32.54 , 62.33 , 62.4
32.541 , 62.33 , 62.4
32.542 , 62.33 , 62.39
32.543 , 62.3 , 62.39
32.545 , 62.3 , 62.39
32.546 , 62.26 , 62.38
32.547 , 62.26 , 62.38
32.549 , 62.3 , 62.37
32.55 , 62.3 , 62.37
32.551 , 62.26 , 62.37
32.553 , 62.23 , 62.36
32.554 , 62.23 , 62.36
32.555 , 62.21 , 62.36
32.556 , 62.17 , 62.35
32.558 , 62.21 , 62.35
32.559 , 62.21 , 62.34
32.56 , 62.23 , 62.34
32.561 , 62.21 , 62.34
32.563 , 62.23 , 62.33
32.564 , 62.21 , 62.33
32.565 , 62.21 , 62.33
32.566 , 62.17 , 62.32
32.568 , 62.21 , 62.32
32.569 , 62.21 , 62.31
32.57 , 62.23 , 62.31
32.571 , 62.17 , 62.31
32.573 , 62.17 , 62.3
32.574 , 62.17 , 62.3
32.575 , 62.21 , 62.3
32.576 , 62.17 , 62.29
32.578 , 62.14 , 62.29
32.579 , 62.14 , 62.28
32.58 , 62.1 , 62.28
32.582 , 62.14 , 62.27
32.583 , 62.17 , 62.27
32.584 , 62.14 , 62.27
32.585 , 62.14 , 62.27
32.587 , 62.14 , 62.26
32.588 , 62.1 , 62.26
32.589 , 62.14 , 62.25
32.59 , 62.07 , 62.25
32.592 , 62.1 , 62.24
32.593 , 62.07 , 62.24
32.594 , 62.07 , 62.24
32.595 , 62.05 , 62.24
32.596 , 62.05 , 62.23
32.598 , 62.05 , 62.23
32.599 , 62.05 , 62.22
32.6 , 62.05 , 62.22
32.602 , 62.01 , 62.21
32.603 , 62.01 , 62.21
32.604 , 62.01 , 62.21
32.605 , 62.05 , 62.21
32.607 , 62.05 , 62.2
32.608 , 62.01 , 62.2
32.609 , 62.01 , 62.19
32.61 , 62.05 , 62.19
32.612 , 62.01 , 62.18
32.613 , 61.98 , 62.18
32.614 , 62.01 , 62.18
32.615 , 61.94 , 62.18
32.617 , 61.98 , 62.17
32.618 , 61.94 , 62.17
32.619 , 61.91 , 62.16
32.621 , 61.91 , 62.16
32.622 , 61.98 , 62.15
32.623 , 61.91 , 62.15
32.624 , 61.91 , 62.15
32.626 , 61.94 , 62.14
32.627 , 61.98 , 62.14
32.628 , 61.98 , 62.14
32.629 , 61.98 , 62.13
32.631 , 61.91 , 62.13
32.632 , 61.91 , 62.12
32.633 , 61.91 , 62.12
32.635 , 61.87 , 62.12
32.636 , 61.87 , 62.11
32.637 , 61.84 , 62.11
32.638 , 61.87 , 62.11
32.64 , 61.84 , 62.1
32.641 , 61.82 , 62.1
32.642 , 61.82 , 62.09
32.643 , 61.82 , 62.09
32.645 , 61.84 , 62.09
32.646 , 61.82 , 62.08
32.647 , 61.82 , 62.08
32.648 , 61.84 , 62.08
32.65 , 61.84 , 62.07
32.651 , 61.82 , 62.07
32.652 , 61.82 , 62.06
32.653 , 61.84 , 62.06
32.654 , 61.78 , 62.06
32.656 , 61.78 , 62.05
32.657 , 61.78 , 62.05
32.658 , 61.78 , 62.05
32.66 , 61.75 , 62.04
32.661 , 61.78 , 62.04
32.662 , 61.75 , 62.03
32.663 , 61.75 , 62.03
32.665 , 61.75 , 62.03
32.666 , 61.78 , 62.02
32.667 , 61.78 , 62.02
32.668 , 61.78 , 62.02
32.67 , 61.78 , 62.01
32.671 , 61.78 , 62.01
32.672 , 61.78 , 62.0
32.673 , 61.78 , 62.0
32.675 , 61.71 , 62.0
32.676 , 61.75 , 61.99
32.677 , 61.75 , 61.99
32.678 , 61.71 , 61.99
32.68 , 61.71 , 61.98
32.681 , 61.71 , 61.98
32.682 , 61.68 , 61.97
32.683 , 61.68 , 61.97
32.685 , 61.68 , 61.97
32.686 , 61.68 , 61.96
32.687 , 61.68 , 61.96
32.688 , 61.71 , 61.96
32.69 , 61.66 , 61.95
32.691 , 61.66 , 61.95
32.692 , 61.66 , 61.94
32.694 , 61.62 , 61.94
32.695 , 61.66 , 61.94
32.696 , 61.68 , 61.93
32.697 , 61.62 , 61.93
32.699 , 61.62 , 61.92
32.7 , 61.66 , 61.92
32.701 , 61.62 , 61.92
32.702 , 61.62 , 61.91
32.704 , 61.62 , 61.91
32.705 , 61.59 , 61.91
32.706 , 61.62 , 61.9
32.707 , 61.59 , 61.9
32.709 , 61.66 , 61.89
32.71 , 61.62 , 61.89
32.711 , 61.62 , 61.89
32.713 , 61.62 , 61.88
32.714 , 61.59 , 61.88
32.715 , 61.59 , 61.88
32.716 , 61.59 , 61.87
32.717 , 61.59 , 61.87
32.719 , 61.59 , 61.86
32.72 , 61.59 , 61.86
32.721 , 61.59 , 61.86
32.722 , 61.52 , 61.85
32.723 , 61.55 , 61.85
32.725 , 61.55 , 61.85
32.726 , 61.52 , 61.84
32.727 , 61.55 , 61.84
32.729 , 61.52 , 61.83
32.73 , 61.52 , 61.83
32.731 , 61.52 , 61.83
32.732 , 61.52 , 61.82
32.733 , 61.48 , 61.82
32.735 , 61.52 , 61.81
32.736 , 61.48 , 61.81
32.737 , 61.48 , 61.81
32.738 , 61.52 , 61.81
32.74 , 61.52 , 61.8
32.741 , 61.48 , 61.8
32.742 , 61.48 , 61.79
32.743 , 61.46 , 61.79
32.745 , 61.46 , 61.78
32.746 , 61.46 , 61.78
32.747 , 61.48 , 61.78
32.749 , 61.46 , 61.77
32.75 , 61.43 , 61.77
32.751 , 61.48 , 61.77
32.752 , 61.43 , 61.76
32.753 , 61.46 , 61.76
32.755 , 61.43 , 61.75
32.756 , 61.46 , 61.75
32.757 , 61.43 , 61.75
32.758 , 61.43 , 61.75
32.76 , 61.43 , 61.74
32.761 , 61.43 , 61.74
32.762 , 61.39 , 61.73
32.763 , 61.46 , 61.73
32.765 , 61.39 , 61.72
32.766 , 61.43 , 61.72
32.767 , 61.43 , 61.72
32.768 , 61.39 , 61.72
32.769 , 61.39 , 61.71
32.771 , 61.36 , 61.71
32.772 , 61.36 , 61.7
32.773 , 61.36 , 61.7
32.774 , 61.36 , 61.7
32.776 , 61.32 , 61.69
32.777 , 61.36 , 61.69
32.778 , 61.36 , 61.69
32.779 , 61.36 , 61.68
32.781 , 61.36 , 61.68
32.782 , 61.32 , 61.67
32.783 , 61.36 , 61.67
32.784 , 61.32 , 61.67
32.786 , 61.32 , 61.66
32.787 , 61.36 , 61.66
32.796 , 61.3 , 61.63
32.798 , 61.3 , 61.63
32.799 , 61.23 , 61.62
32.8 , 61.3 , 61.62
32.801 , 61.3 , 61.62
32.803 , 61.3 , 61.61
32.804 , 61.3 , 61.61
32.805 , 61.27 , 61.6
32.806 , 61.27 , 61.6
32.808 , 61.3 , 61.6
32.809 , 61.27 , 61.59
32.81 , 61.2 , 61.59
32.811 , 61.23 , 61.59
32.813 , 61.2 , 61.58
32.814 , 61.23 , 61.58
32.815 , 61.2 , 61.57
32.816 , 61.23 , 61.57
32.818 , 61.2 , 61.57
32.819 , 61.16 , 61.56
32.82 , 61.16 , 61.56
32.821 , 61.2 , 61.56
32.823 , 61.23 , 61.55
32.824 , 61.2 , 61.55
32.825 , 61.16 , 61.54
32.826 , 61.16 , 61.54
32.827 , 61.14 , 61.54
32.829 , 61.16 , 61.53
32.83 , 61.2 , 61.53
32.831 , 61.2 , 61.53
32.832 , 61.2 , 61.52
32.834 , 61.23 , 61.52
32.835 , 61.23 , 61.51
32.836 , 61.27 , 61.51
32.837 , 61.23 , 61.51
32.839 , 61.23 , 61.5
32.84 , 61.23 , 61.5
32.841 , 61.23 , 61.5
32.842 , 61.23 , 61.49
32.844 , 61.23 , 61.49
32.845 , 61.23 , 61.48
32.846 , 61.16 , 61.48
32.847 , 61.2 , 61.48
32.849 , 61.16 , 61.47
32.85 , 61.16 , 61.47
32.851 , 61.14 , 61.47
32.852 , 61.14 , 61.46
32.854 , 61.14 , 61.46
32.855 , 61.14 , 61.45
32.856 , 61.14 , 61.45
32.857 , 61.14 , 61.45
32.859 , 61.14 , 61.44
32.86 , 61.16 , 61.44
32.861 , 61.16 , 61.44
32.863 , 61.14 , 61.43
32.864 , 61.16 , 61.43
32.865 , 61.14 , 61.42
32.866 , 61.16 , 61.42
32.868 , 61.16 , 61.42
32.869 , 61.14 , 61.41
32.87 , 61.14 , 61.41
32.872 , 61.14 , 61.4
32.873 , 61.11 , 61.4
32.874 , 61.11 , 61.4
32.875 , 61.16 , 61.39
32.876 , 61.11 , 61.39
32.878 , 61.14 , 61.39
32.879 , 61.14 , 61.38
32.88 , 61.11 , 61.38
32.881 , 61.14 , 61.38
32.883 , 61.14 , 61.37
32.884 , 61.16 , 61.37
32.885 , 61.16 , 61.36
32.886 , 61.14 , 61.36
32.888 , 61.14 , 61.36
32.889 , 61.14 , 61.35
32.89 , 61.14 , 61.35
32.892 , 61.14 , 61.34
32.893 , 61.14 , 61.34
32.894 , 61.2 , 61.34
32.895 , 61.23 , 61.33
32.896 , 61.32 , 61.33
32.898 , 61.39 , 61.33
32.899 , 61.52 , 61.32
32.9 , 61.62 , 61.32
32.901 , 61.84 , 61.32
32.903 , 61.91 , 61.31
32.904 , 61.94 , 61.31
32.905 , 61.91 , 61.3
32.907 , 61.91 , 61.3
32.908 , 61.91 , 61.3
32.909 , 61.87 , 61.29
32.91 , 61.82 , 61.29
32.912 , 61.68 , 61.28
32.913 , 61.66 , 61.28
32.914 , 61.59 , 61.28
32.915 , 61.59 , 61.27
32.917 , 61.66 , 61.27
32.918 , 61.62 , 61.27
32.919 , 61.68 , 61.26
32.92 , 61.75 , 61.26
32.922 , 61.82 , 61.25
32.923 , 61.84 , 61.25
32.924 , 61.91 , 61.25
32.925 , 61.98 , 61.24
32.927 , 62.01 , 61.24
32.928 , 62.01 , 61.24
32.929 , 62.07 , 61.23
32.93 , 62.21 , 61.23
32.932 , 62.21 , 61.22
32.933 , 62.26 , 61.22
32.934 , 62.26 , 61.22
32.935 , 62.21 , 61.21
32.937 , 62.07 , 61.21
32.938 , 61.87 , 61.21
32.939 , 61.75 , 61.2
32.94 , 61.55 , 61.2
32.942 , 61.43 , 61.19
32.943 , 61.3 , 61.19
32.944 , 61.23 , 61.19
32.946 , 61.14 , 61.18
32.947 , 61.16 , 61.18
32.948 , 61.16 , 61.18
32.949 , 61.2 , 61.17
32.951 , 61.23 , 61.17
32.952 , 61.36 , 61.16
32.953 , 61.46 , 61.16
32.954 , 61.52 , 61.16
32.956 , 61.59 , 61.15
32.957 , 61.59 , 61.15
32.958 , 61.62 , 61.15
32.959 , 61.62 , 61.14
32.961 , 61.62 , 61.14
32.962 , 61.62 , 61.13
32.963 , 61.59 , 61.13
32.964 , 61.55 , 61.13
32.965 , 61.55 , 61.12
32.967 , 61.46 , 61.12
32.968 , 61.46 , 61.12
32.969 , 61.43 , 61.11
32.971 , 61.39 , 61.11
32.972 , 61.39 , 61.1
32.973 , 61.39 , 61.1
32.974 , 61.36 , 61.1
32.976 , 61.39 , 61.09
32.977 , 61.39 , 61.09
32.978 , 61.43 , 61.09
32.979 , 61.43 , 61.08
32.98 , 61.43 , 61.08
32.982 , 61.39 , 61.07
32.983 , 61.39 , 61.07
32.984 , 61.43 , 61.07
32.986 , 61.43 , 61.06
32.987 , 61.43 , 61.06
32.988 , 61.43 , 61.06
32.989 , 61.39 , 61.05
32.991 , 61.39 , 61.05
32.992 , 61.39 , 61.04
32.993 , 61.32 , 61.04
32.994 , 61.32 , 61.04
32.996 , 61.32 , 61.03
32.997 , 61.32 , 61.03
32.998 , 61.32 , 61.03
32.999 , 61.3 , 61.02
33.001 , 61.32 , 61.02
33.002 , 61.3 , 61.01
33.003 , 61.32 , 61.01
33.004 , 61.36 , 61.01
33.006 , 61.32 , 61.0
33.007 , 61.36 , 61.0
33.008 , 61.3 , 61.0
33.009 , 61.3 , 60.99
33.01 , 61.3 , 60.99
33.012 , 61.3 , 60.98
33.013 , 61.32 , 60.98
33.014 , 61.27 , 60.98
33.016 , 61.27 , 60.97
33.017 , 61.27 , 60.97
33.018 , 61.27 , 60.97
33.019 , 61.23 , 60.96
33.02 , 61.23 , 60.96
33.022 , 61.27 , 60.95
33.023 , 61.27 , 60.95
33.024 , 61.23 , 60.95
33.025 , 61.27 , 60.94
33.027 , 61.23 , 60.94
33.028 , 61.23 , 60.94
33.029 , 61.27 , 60.93
33.03 , 61.23 , 60.93
33.032 , 61.23 , 60.92
33.033 , 61.23 , 60.92
33.034 , 61.2 , 60.92
33.035 , 61.16 , 60.91
33.037 , 61.2 , 60.91
33.038 , 61.16 , 60.91
33.039 , 61.16 , 60.9
33.04 , 61.16 , 60.9
33.042 , 61.16 , 60.89
33.043 , 61.14 , 60.89
33.044 , 61.2 , 60.89
33.045 , 61.16 , 60.88
33.047 , 61.2 , 60.88
33.048 , 61.16 , 60.88
33.049 , 61.16 , 60.87
33.051 , 61.16 , 60.87
33.052 , 61.16 , 60.86
33.053 , 61.16 , 60.86
33.054 , 61.14 , 60.86
33.056 , 61.14 , 60.85
33.057 , 61.14 , 60.85
33.058 , 61.11 , 60.85
33.059 , 61.11 , 60.84
33.061 , 61.11 , 60.84
33.062 , 61.11 , 60.83
33.063 , 61.14 , 60.83
33.064 , 61.11 , 60.83
33.065 , 61.14 , 60.82
33.067 , 61.07 , 60.82
33.068 , 61.11 , 60.82
33.069 , 61.11 , 60.81
33.07 , 61.07 , 60.81
33.072 , 61.04 , 60.8
33.073 , 61.11 , 60.8
33.074 , 61.07 , 60.8
33.075 , 61.04 , 60.79
33.077 , 61.04 , 60.79
33.078 , 61.04 , 60.79
33.079 , 61.04 , 60.78
33.08 , 61.07 , 60.78
33.081 , 61.04 , 60.78
33.083 , 61.04 , 60.77
33.084 , 61.04 , 60.77
33.085 , 61.0 , 60.76
33.086 , 61.0 , 60.76
33.088 , 61.0 , 60.76
33.089 , 61.0 , 60.75
33.09 , 61.0 , 60.75
33.091 , 61.04 , 60.75
33.092 , 61.0 , 60.74
33.094 , 60.93 , 60.74
33.095 , 61.0 , 60.73
33.096 , 60.98 , 60.73
33.097 , 60.98 , 60.73
33.099 , 60.93 , 60.72
33.1 , 60.98 , 60.72
33.101 , 60.98 , 60.72
33.102 , 60.91 , 60.71
33.103 , 60.84 , 60.71
33.105 , 60.84 , 60.7
33.106 , 60.88 , 60.7
33.107 , 60.84 , 60.7
33.108 , 60.88 , 60.69
33.11 , 60.91 , 60.69
33.111 , 60.88 , 60.69
33.112 , 60.98 , 60.68
33.113 , 61.0 , 60.68
33.114 , 61.0 , 60.68
33.116 , 60.88 , 60.67
33.117 , 60.88 , 60.67
33.118 , 60.88 , 60.66
33.119 , 60.88 , 60.66
33.121 , 60.81 , 60.66
33.122 , 60.77 , 60.65
33.123 , 60.77 , 60.65
33.124 , 60.75 , 60.65
33.125 , 60.75 , 60.64
33.127 , 60.75 , 60.64
33.128 , 60.72 , 60.63
33.129 , 60.72 , 60.63
33.13 , 60.75 , 60.63
33.131 , 60.75 , 60.63
33.133 , 60.75 , 60.62
33.134 , 60.77 , 60.62
33.135 , 60.77 , 60.61
33.136 , 60.75 , 60.61
33.137 , 60.77 , 60.61
33.139 , 60.77 , 60.6
33.14 , 60.75 , 60.6
33.141 , 60.72 , 60.6
33.142 , 60.68 , 60.59
33.144 , 60.72 , 60.59
33.145 , 60.72 , 60.58
33.146 , 60.72 , 60.58
33.147 , 60.68 , 60.58
33.148 , 60.68 , 60.57
33.15 , 60.65 , 60.57
33.151 , 60.65 , 60.57
33.152 , 60.61 , 60.56
33.153 , 60.65 , 60.56
33.154 , 60.61 , 60.56
33.156 , 60.61 , 60.55
33.157 , 60.61 , 60.55
33.158 , 60.61 , 60.54
33.159 , 60.61 , 60.54
33.16 , 60.61 , 60.54
33.162 , 60.65 , 60.53
33.163 , 60.61 , 60.53
33.164 , 60.61 , 60.53
33.165 , 60.65 , 60.52
33.167 , 60.65 , 60.52
33.168 , 60.59 , 60.51
33.169 , 60.59 , 60.51
33.17 , 60.59 , 60.51
33.171 , 60.59 , 60.51
33.173 , 60.56 , 60.5
33.174 , 60.59 , 60.5
33.175 , 60.56 , 60.49
33.176 , 60.49 , 60.49
33.178 , 60.49 , 60.48
33.179 , 60.56 , 60.48
33.18 , 60.52 , 60.48
33.181 , 60.52 , 60.48
33.182 , 60.52 , 60.47
33.184 , 60.52 , 60.47
33.185 , 60.52 , 60.46
33.186 , 60.52 , 60.46
33.187 , 60.52 , 60.46
33.189 , 60.52 , 60.45
33.19 , 60.52 , 60.45
33.191 , 60.45 , 60.45
33.192 , 60.49 , 60.44
33.193 , 60.49 , 60.44
33.195 , 60.49 , 60.43
33.196 , 60.49 , 60.43
33.197 , 60.49 , 60.43
33.198 , 60.45 , 60.42
33.199 , 60.43 , 60.42
33.201 , 60.45 , 60.42
33.202 , 60.43 , 60.41
33.203 , 60.45 , 60.41
33.204 , 60.38 , 60.41
33.206 , 60.43 , 60.4
33.207 , 60.43 , 60.4
33.208 , 60.43 , 60.39
33.209 , 60.43 , 60.39
33.21 , 60.38 , 60.39
33.212 , 60.36 , 60.38
33.213 , 60.43 , 60.38
33.214 , 60.38 , 60.38
33.215 , 60.36 , 60.37
33.216 , 60.38 , 60.37
33.218 , 60.36 , 60.36
33.219 , 60.36 , 60.36
33.22 , 60.36 , 60.36
33.221 , 60.36 , 60.36
33.222 , 60.36 , 60.35
33.223 , 60.38 , 60.35
33.225 , 60.38 , 60.34
33.226 , 60.36 , 60.34
33.227 , 60.36 , 60.34
33.228 , 60.36 , 60.33
33.229 , 60.36 , 60.33
33.231 , 60.36 , 60.33
33.232 , 60.38 , 60.32
33.233 , 60.36 , 60.32
33.234 , 60.36 , 60.32
33.236 , 60.33 , 60.31
33.237 , 60.27 , 60.31
33.238 , 60.27 , 60.3
33.239 , 60.27 , 60.3
33.24 , 60.29 , 60.3
33.242 , 60.27 , 60.29
33.243 , 60.27 , 60.29
33.244 , 60.27 , 60.29
33.245 , 60.27 , 60.28
33.246 , 60.27 , 60.28
33.248 , 60.27 , 60.27
33.249 , 60.29 , 60.27
33.25 , 60.29 , 60.27
33.251 , 60.27 , 60.27
33.252 , 60.27 , 60.26
33.254 , 60.2 , 60.26
33.255 , 60.22 , 60.25
33.256 , 60.22 , 60.25
33.257 , 60.22 , 60.25
33.258 , 60.2 , 60.24
33.259 , 60.22 , 60.24
33.261 , 60.2 , 60.24
33.262 , 60.22 , 60.23
33.263 , 60.2 , 60.23
33.264 , 60.2 , 60.23
33.265 , 60.2 , 60.22
33.267 , 60.22 , 60.22
33.268 , 60.22 , 60.21
33.269 , 60.2 , 60.21
33.27 , 60.2 , 60.21
33.271 , 60.2 , 60.21
33.273 , 60.17 , 60.2
33.274 , 60.17 , 60.2
33.275 , 60.13 , 60.19
33.276 , 60.17 , 60.19
33.278 , 60.17 , 60.18
33.279 , 60.17 , 60.18
33.28 , 60.17 , 60.18
33.281 , 60.13 , 60.18
33.283 , 60.13 , 60.17
33.284 , 60.13 , 60.17
33.285 , 60.13 , 60.16
33.286 , 60.13 , 60.16
33.288 , 60.11 , 60.15
33.289 , 60.13 , 60.15
33.29 , 60.11 , 60.15
33.291 , 60.11 , 60.15
33.292 , 60.11 , 60.14
33.293 , 60.06 , 60.14
33.295 , 60.06 , 60.13
33.296 , 60.06 , 60.13
33.297 , 60.06 , 60.13
33.298 , 60.06 , 60.12
33.299 , 60.04 , 60.12
33.301 , 60.04 , 60.12
33.302 , 60.06 , 60.11
33.303 , 60.06 , 60.11
33.304 , 60.06 , 60.11
33.305 , 60.06 , 60.1
33.307 , 60.04 , 60.1
33.308 , 60.06 , 60.09
33.309 , 60.04 , 60.09
33.31 , 59.99 , 60.09
33.311 , 59.99 , 60.09
33.313 , 59.97 , 60.08
33.314 , 59.99 , 60.08
33.315 , 59.97 , 60.07
33.316 , 59.97 , 60.07
33.318 , 59.99 , 60.06
33.319 , 59.97 , 60.06
33.32 , 59.97 , 60.06
33.321 , 59.97 , 60.06
33.322 , 59.99 , 60.05
33.324 , 59.99 , 60.05
33.325 , 59.97 , 60.04
33.326 , 59.99 , 60.04
33.327 , 59.97 , 60.04
33.328 , 59.97 , 60.03
33.33 , 59.95 , 60.03
33.331 , 59.95 , 60.03
33.332 , 59.95 , 60.02
33.333 , 59.95 , 60.02
33.335 , 59.95 , 60.01
33.336 , 59.83 , 60.01
33.337 , 59.88 , 60.01
33.338 , 59.88 , 60.0
33.34 , 59.9 , 60.0
33.341 , 59.88 , 60.0
33.342 , 59.9 , 59.99
33.343 , 59.88 , 59.99
33.344 , 59.83 , 59.99
33.346 , 59.9 , 59.98
33.347 , 59.88 , 59.98
33.348 , 59.9 , 59.97
33.349 , 59.81 , 59.97
33.351 , 59.83 , 59.97
33.352 , 59.83 , 59.96
33.353 , 59.83 , 59.96
33.354 , 59.81 , 59.96
33.356 , 59.81 , 59.95
33.357 , 59.78 , 59.95
33.358 , 59.78 , 59.94
33.359 , 59.81 , 59.94
33.361 , 59.74 , 59.94
33.362 , 59.81 , 59.93
33.363 , 59.78 , 59.93
33.364 , 59.78 , 59.93
33.366 , 59.81 , 59.92
33.367 , 59.78 , 59.92
33.368 , 59.78 , 59.91
33.37 , 59.81 , 59.91
33.371 , 59.78 , 59.91
33.372 , 59.74 , 59.9
33.373 , 59.78 , 59.9
33.375 , 59.74 , 59.89
33.376 , 59.78 , 59.89
33.377 , 59.72 , 59.89
33.379 , 59.67 , 59.88
33.38 , 59.72 , 59.88
33.381 , 59.72 , 59.88
33.382 , 59.72 , 59.87
33.384 , 59.65 , 59.87
33.385 , 59.72 , 59.86
33.386 , 59.65 , 59.86
33.387 , 59.67 , 59.86
33.389 , 59.65 , 59.85
33.39 , 59.72 , 59.85
33.391 , 59.67 , 59.85
33.392 , 59.65 , 59.84
33.394 , 59.65 , 59.84
33.395 , 59.65 , 59.83
33.396 , 59.65 , 59.83
33.397 , 59.62 , 59.83
33.399 , 59.62 , 59.82
33.4 , 59.56 , 59.82
33.401 , 59.58 , 59.82
33.402 , 59.56 , 59.81
33.404 , 59.58 , 59.81
33.405 , 59.62 , 59.8
33.406 , 59.56 , 59.8
33.407 , 59.58 , 59.8
33.409 , 59.58 , 59.79
33.41 , 59.58 , 59.79
33.411 , 59.58 , 59.79
33.412 , 59.56 , 59.78
33.414 , 59.56 , 59.78
33.415 , 59.56 , 59.77
33.416 , 59.56 , 59.77
33.417 , 59.56 , 59.77
33.419 , 59.51 , 59.76
33.42 , 59.51 , 59.76
33.421 , 59.51 , 59.76
33.423 , 59.49 , 59.75
33.424 , 59.51 , 59.75
33.425 , 59.49 , 59.74
33.426 , 59.51 , 59.74
33.428 , 59.49 , 59.73
33.429 , 59.51 , 59.73
33.43 , 59.49 , 59.73
33.431 , 59.44 , 59.73
33.433 , 59.44 , 59.72
33.434 , 59.44 , 59.72
33.435 , 59.42 , 59.71
33.437 , 59.42 , 59.71
33.438 , 59.42 , 59.7
33.439 , 59.44 , 59.7
33.44 , 59.42 , 59.7
33.442 , 59.42 , 59.69
33.443 , 59.44 , 59.69
33.444 , 59.44 , 59.69
33.446 , 59.42 , 59.68
33.447 , 59.44 , 59.68
33.448 , 59.4 , 59.67
33.449 , 59.42 , 59.67
33.451 , 59.4 , 59.67
33.452 , 59.35 , 59.66
33.453 , 59.35 , 59.66
33.455 , 59.4 , 59.65
33.456 , 59.4 , 59.65
33.457 , 59.35 , 59.65
33.458 , 59.4 , 59.64
33.46 , 59.35 , 59.64
33.461 , 59.4 , 59.63
33.462 , 59.4 , 59.63
33.463 , 59.4 , 59.63
33.464 , 59.4 , 59.63
33.466 , 59.4 , 59.62
33.467 , 59.35 , 59.62
33.468 , 59.33 , 59.61
33.47 , 59.35 , 59.61
33.471 , 59.35 , 59.6
33.472 , 59.35 , 59.6
33.473 , 59.28 , 59.6
33.475 , 59.33 , 59.59
33.476 , 59.26 , 59.59
33.477 , 59.28 , 59.59
33.478 , 59.28 , 59.58
33.48 , 59.26 , 59.58
33.481 , 59.26 , 59.57
33.482 , 59.28 , 59.57
33.484 , 59.28 , 59.57
33.485 , 59.26 , 59.56
33.486 , 59.28 , 59.56
33.487 , 59.26 , 59.56
33.489 , 59.28 , 59.55
33.49 , 59.26 , 59.55
33.491 , 59.26 , 59.54
33.493 , 59.26 , 59.54
33.494 , 59.24 , 59.54
33.495 , 59.24 , 59.53
33.496 , 59.19 , 59.53
33.498 , 59.24 , 59.52
33.499 , 59.24 , 59.52
33.5 , 59.24 , 59.52
33.501 , 59.24 , 59.51
33.503 , 59.24 , 59.51
33.504 , 59.24 , 59.51
33.505 , 59.24 , 59.5
33.514 , 59.17 , 59.48
33.516 , 59.19 , 59.47
33.517 , 59.17 , 59.47
33.518 , 59.12 , 59.46
33.52 , 59.12 , 59.46
33.521 , 59.17 , 59.45
33.522 , 59.17 , 59.45
33.523 , 59.17 , 59.45
33.525 , 59.12 , 59.44
33.526 , 59.19 , 59.44
33.527 , 59.12 , 59.44
33.528 , 59.17 , 59.43
33.53 , 59.1 , 59.43
33.531 , 59.12 , 59.42
33.532 , 59.12 , 59.42
33.534 , 59.12 , 59.42
33.535 , 59.12 , 59.41
33.536 , 59.05 , 59.41
33.538 , 59.05 , 59.4
33.539 , 59.05 , 59.4
33.54 , 59.1 , 59.4
33.541 , 59.03 , 59.39
33.543 , 59.03 , 59.39
33.544 , 59.05 , 59.39
33.545 , 59.05 , 59.38
33.547 , 59.05 , 59.38
33.548 , 59.05 , 59.37
33.549 , 59.05 , 59.37
33.55 , 59.05 , 59.37
33.552 , 59.03 , 59.36
33.553 , 59.03 , 59.36
33.554 , 59.05 , 59.36
33.555 , 59.01 , 59.35
33.557 , 59.03 , 59.35
33.558 , 59.03 , 59.34
33.559 , 59.01 , 59.34
33.561 , 59.01 , 59.33
33.562 , 59.01 , 59.33
33.563 , 59.01 , 59.33
33.564 , 59.01 , 59.33
33.566 , 59.01 , 59.32
33.567 , 58.96 , 59.32
33.568 , 59.01 , 59.31
33.569 , 58.96 , 59.31
33.571 , 58.96 , 59.3
33.572 , 58.96 , 59.3
33.573 , 58.94 , 59.3
33.575 , 58.94 , 59.29
33.576 , 58.89 , 59.29
33.577 , 58.89 , 59.29
33.578 , 58.94 , 59.28
33.58 , 58.94 , 59.28
33.581 , 58.96 , 59.27
33.582 , 58.96 , 59.27
33.584 , 59.01 , 59.27
33.585 , 59.01 , 59.26
33.586 , 59.03 , 59.26
33.588 , 59.01 , 59.25
33.589 , 59.03 , 59.25
33.59 , 59.03 , 59.25
33.591 , 59.01 , 59.24
33.593 , 59.01 , 59.24
33.594 , 58.94 , 59.24
33.595 , 58.96 , 59.23
33.596 , 58.94 , 59.23
33.598 , 58.94 , 59.22
33.599 , 58.94 , 59.22
33.6 , 58.94 , 59.22
33.602 , 58.89 , 59.21
33.603 , 58.94 , 59.21
33.604 , 58.94 , 59.21
33.605 , 58.96 , 59.2
33.607 , 58.96 , 59.2
33.608 , 58.96 , 59.19
33.609 , 58.96 , 59.19
33.611 , 58.96 , 59.18
33.612 , 58.96 , 59.18
33.613 , 58.96 , 59.18
33.614 , 58.94 , 59.18
33.616 , 58.94 , 59.17
33.617 , 58.94 , 59.17
33.618 , 58.94 , 59.16
33.62 , 58.89 , 59.16
33.621 , 58.89 , 59.15
33.622 , 58.94 , 59.15
33.623 , 58.94 , 59.15
33.625 , 58.94 , 59.14
33.626 , 58.89 , 59.14
33.627 , 58.89 , 59.14
33.629 , 58.89 , 59.13
33.63 , 58.89 , 59.13
33.631 , 58.89 , 59.12
33.632 , 58.89 , 59.12
33.634 , 58.94 , 59.12
33.635 , 58.89 , 59.11
33.636 , 58.94 , 59.11
33.638 , 58.94 , 59.1
33.639 , 58.94 , 59.1
33.64 , 58.89 , 59.1
33.642 , 58.89 , 59.09
33.643 , 58.89 , 59.09
33.644 , 59.01 , 59.09
33.645 , 59.05 , 59.08
33.647 , 59.12 , 59.08
33.648 , 59.19 , 59.07
33.649 , 59.28 , 59.07
33.651 , 59.49 , 59.06
33.652 , 59.62 , 59.06
33.653 , 59.74 , 59.06
33.654 , 59.74 , 59.06
33.656 , 59.72 , 59.05
33.657 , 59.62 , 59.05
33.658 , 59.65 , 59.04
33.659 , 59.62 , 59.04
33.66 , 59.51 , 59.04
33.662 , 59.49 , 59.03
33.663 , 59.42 , 59.03
33.664 , 59.42 , 59.03
33.666 , 59.44 , 59.02
33.667 , 59.42 , 59.02
33.668 , 59.42 , 59.01
33.67 , 59.49 , 59.01
33.671 , 59.56 , 59.0
33.672 , 59.58 , 59.0
33.673 , 59.62 , 59.0
33.674 , 59.65 , 59.0
33.676 , 59.67 , 58.99
33.677 , 59.72 , 58.99
33.678 , 59.78 , 58.98
33.68 , 59.83 , 58.98
33.681 , 59.9 , 58.97
33.682 , 59.9 , 58.97
33.683 , 59.83 , 58.97
33.685 , 59.78 , 58.96
33.686 , 59.67 , 58.96
33.687 , 59.51 , 58.96
33.689 , 59.4 , 58.95
33.69 , 59.28 , 58.95
33.691 , 59.19 , 58.94
33.692 , 59.05 , 58.94
33.694 , 59.05 , 58.94
33.695 , 58.94 , 58.93
33.696 , 59.01 , 58.93
33.698 , 59.01 , 58.92
33.699 , 59.03 , 58.92
33.7 , 59.12 , 58.92
33.701 , 59.19 , 58.91
33.703 , 59.24 , 58.91
33.704 , 59.28 , 58.91
33.705 , 59.35 , 58.9
33.707 , 59.4 , 58.9
33.708 , 59.42 , 58.89
33.709 , 59.4 , 58.89
33.71 , 59.35 , 58.89
33.712 , 59.35 , 58.88
33.713 , 59.33 , 58.88
33.714 , 59.26 , 58.88
33.715 , 59.26 , 58.87
33.717 , 59.19 , 58.87
33.718 , 59.12 , 58.86
33.719 , 59.12 , 58.86
33.72 , 59.17 , 58.86
33.722 , 59.17 , 58.85
33.723 , 59.12 , 58.85
33.724 , 59.19 , 58.85
33.726 , 59.19 , 58.84
33.727 , 59.17 , 58.84
33.728 , 59.24 , 58.83
33.729 , 59.17 , 58.83
33.731 , 59.17 , 58.82
33.732 , 59.19 , 58.82
33.733 , 59.12 , 58.82
33.735 , 59.17 , 58.81
33.736 , 59.12 , 58.81
33.737 , 59.12 , 58.81
33.738 , 59.12 , 58.8
33.74 , 59.12 , 58.8
33.741 , 59.1 , 58.79
33.742 , 59.1 , 58.79
33.743 , 59.1 , 58.79
33.745 , 59.12 , 58.78
33.746 , 59.12 , 58.78
33.747 , 59.05 , 58.78
33.749 , 59.12 , 58.77
33.75 , 59.1 , 58.77
33.751 , 59.05 , 58.76
33.753 , 59.1 , 58.76
33.754 , 59.05 , 58.76
33.755 , 59.1 , 58.75
33.756 , 59.01 , 58.75
33.758 , 59.05 , 58.74
33.759 , 59.03 , 58.74
33.76 , 59.03 , 58.74
33.762 , 59.03 , 58.73
33.763 , 59.05 , 58.73
33.764 , 59.03 , 58.73
33.765 , 59.03 , 58.72
33.767 , 59.03 , 58.72
33.768 , 59.01 , 58.71
33.769 , 59.03 , 58.71
33.771 , 59.03 , 58.7
33.772 , 59.05 , 58.7
33.773 , 59.01 , 58.7
33.774 , 59.03 , 58.7
33.776 , 59.01 , 58.69
33.777 , 59.01 , 58.69
33.778 , 58.96 , 58.68
33.78 , 58.96 , 58.68
33.781 , 58.96 , 58.67
33.782 , 58.96 , 58.67
33.784 , 58.96 , 58.67
33.785 , 59.01 , 58.66
33.786 , 58.96 , 58.66
33.788 , 58.94 , 58.65
33.789 , 58.96 , 58.65
33.79 , 58.94 , 58.65
33.791 , 58.94 , 58.64
33.793 , 58.96 , 58.64
33.794 , 58.94 , 58.64
33.795 , 58.89 , 58.63
33.797 , 58.89 , 58.63
33.798 , 58.89 , 58.62
33.799 , 58.89 , 58.62
33.801 , 58.89 , 58.61
33.802 , 58.89 , 58.61
33.803 , 58.87 , 58.61
33.804 , 58.87 , 58.61
33.806 , 58.89 , 58.6
33.807 , 58.89 , 58.6
33.808 , 58.87 , 58.59
33.81 , 58.87 , 58.59
33.811 , 58.87 , 58.58
33.812 , 58.8 , 58.58
33.813 , 58.8 , 58.58
33.815 , 58.8 , 58.57
33.816 , 58.78 , 58.57
33.817 , 58.78 , 58.57
33.819 , 58.78 , 58.56
33.82 , 58.73 , 58.56
33.821 , 58.73 , 58.55
33.822 , 58.78 , 58.55
33.824 , 58.78 , 58.54
33.825 , 58.73 , 58.54
33.826 , 58.73 , 58.54
33.828 , 58.78 , 58.53
33.829 , 58.73 , 58.53
33.83 , 58.71 , 58.53
33.831 , 58.71 , 58.52
33.833 , 58.73 , 58.52
33.834 , 58.73 , 58.51
33.835 , 58.73 , 58.51
33.837 , 58.69 , 58.51
33.838 , 58.71 , 58.5
33.839 , 58.71 , 58.5
33.84 , 58.69 , 58.5
33.842 , 58.71 , 58.49
33.843 , 58.69 , 58.49
33.844 , 58.69 , 58.48
33.846 , 58.69 , 58.48
33.847 , 58.71 , 58.48
33.848 , 58.71 , 58.47
33.849 , 58.64 , 58.47
33.851 , 58.69 , 58.46
33.852 , 58.62 , 58.46
33.853 , 58.55 , 58.46
33.855 , 58.5 , 58.45
33.856 , 58.5 , 58.45
33.857 , 58.5 , 58.45
33.858 , 58.57 , 58.44
33.86 , 58.57 , 58.44
33.861 , 58.57 , 58.43
33.862 , 58.62 , 58.43
33.864 , 58.64 , 58.42
33.865 , 58.71 , 58.42
33.866 , 58.71 , 58.42
33.867 , 58.64 , 58.42
33.869 , 58.69 , 58.41
33.87 , 58.64 , 58.41
33.871 , 58.57 , 58.4
33.873 , 58.55 , 58.4
33.874 , 58.41 , 58.39
33.875 , 58.41 , 58.39
33.877 , 58.41 , 58.39
33.878 , 58.39 , 58.38
33.879 , 58.41 , 58.38
33.88 , 58.39 , 58.38
33.882 , 58.39 , 58.37
33.883 , 58.39 , 58.37
33.884 , 58.41 , 58.36
33.886 , 58.46 , 58.36
33.887 , 58.41 , 58.36
33.888 , 58.46 , 58.35
33.889 , 58.5 , 58.35
33.891 , 58.46 , 58.34
33.892 , 58.41 , 58.34
33.893 , 58.46 , 58.34
33.895 , 58.39 , 58.33
33.896 , 58.39 , 58.33
33.897 , 58.41 , 58.33
33.898 , 58.34 , 58.32
33.9 , 58.34 , 58.32
33.901 , 58.34 , 58.31
33.902 , 58.32 , 58.31
33.903 , 58.34 , 58.31
33.905 , 58.32 , 58.3
33.906 , 58.34 , 58.3
33.907 , 58.32 , 58.3
33.908 , 58.32 , 58.29
33.91 , 58.34 , 58.29
33.911 , 58.32 , 58.28
33.912 , 58.3 , 58.28
33.914 , 58.3 , 58.27
33.915 , 58.3 , 58.27
33.916 , 58.32 , 58.27
33.917 , 58.3 , 58.27
33.919 , 58.3 , 58.26
33.92 , 58.32 , 58.26
33.921 , 58.3 , 58.25
33.923 , 58.3 , 58.25
33.924 , 58.3 , 58.24
33.925 , 58.32 , 58.24
33.926 , 58.32 , 58.24
33.928 , 58.32 , 58.23
33.929 , 58.25 , 58.23
33.93 , 58.3 , 58.23
33.931 , 58.3 , 58.22
33.933 , 58.25 , 58.22
33.934 , 58.3 , 58.21
33.935 , 58.25 , 58.21
33.936 , 58.23 , 58.21
33.938 , 58.23 , 58.2
33.939 , 58.18 , 58.2
33.94 , 58.23 , 58.2
33.942 , 58.23 , 58.19
33.943 , 58.23 , 58.19
33.944 , 58.16 , 58.18
33.945 , 58.18 , 58.18
33.947 , 58.18 , 58.18
33.948 , 58.18 , 58.17
33.949 , 58.18 , 58.17
33.95 , 58.18 , 58.17
33.952 , 58.16 , 58.16
33.953 , 58.16 , 58.16
33.954 , 58.14 , 58.15
33.956 , 58.18 , 58.15
33.957 , 58.16 , 58.15
33.958 , 58.14 , 58.14
33.959 , 58.14 , 58.14
33.961 , 58.14 , 58.13
33.962 , 58.09 , 58.13
33.963 , 58.14 , 58.13
33.964 , 58.16 , 58.12
33.965 , 58.16 , 58.12
33.967 , 58.16 , 58.12
33.968 , 58.16 , 58.11
33.969 , 58.14 , 58.11
33.971 , 58.14 , 58.1
33.972 , 58.16 , 58.1
33.973 , 58.09 , 58.1
33.974 , 58.09 , 58.09
33.976 , 58.14 , 58.09
33.977 , 58.09 , 58.09
33.978 , 58.07 , 58.08
33.979 , 58.02 , 58.08
33.981 , 58.02 , 58.07
33.982 , 58.07 , 58.07
33.983 , 58.07 , 58.07
33.985 , 58.07 , 58.06
33.986 , 58.07 , 58.06
33.987 , 58.07 , 58.06
33.988 , 58.07 , 58.05
33.99 , 58.07 , 58.05
33.991 , 58.02 , 58.04
33.992 , 58.02 , 58.04
33.993 , 58.02 , 58.04
33.994 , 58.02 , 58.03
33.996 , 58.0 , 58.03
33.997 , 58.02 , 58.03
33.998 , 57.95 , 58.02
33.999 , 58.0 , 58.02
34.001 , 58.0 , 58.01
34.002 , 57.95 , 58.01
34.003 , 58.0 , 58.01
34.004 , 58.0 , 58.0
34.006 , 58.0 , 58.0
34.007 , 58.0 , 58.0
34.008 , 57.95 , 57.99
34.009 , 58.0 , 57.99
34.01 , 57.95 , 57.99
34.012 , 57.95 , 57.98
34.013 , 57.95 , 57.98
34.014 , 57.95 , 57.97
34.015 , 57.95 , 57.97
34.017 , 57.93 , 57.97
34.018 , 57.95 , 57.96
34.019 , 57.93 , 57.96
34.02 , 57.93 , 57.96
34.022 , 57.91 , 57.95
34.023 , 57.93 , 57.95
34.024 , 57.91 , 57.94
34.025 , 57.86 , 57.94
34.027 , 57.91 , 57.94
34.028 , 57.91 , 57.93
34.029 , 57.91 , 57.93
34.031 , 57.91 , 57.92
34.032 , 57.84 , 57.92
34.033 , 57.86 , 57.92
34.034 , 57.86 , 57.91
34.036 , 57.86 , 57.91
34.037 , 57.84 , 57.91
34.038 , 57.84 , 57.9
34.039 , 57.84 , 57.9
34.041 , 57.84 , 57.89
34.042 , 57.86 , 57.89
34.043 , 57.84 , 57.89
34.044 , 57.84 , 57.88
34.046 , 57.84 , 57.88
34.047 , 57.84 , 57.88
34.048 , 57.79 , 57.87
34.049 , 57.79 , 57.87
34.051 , 57.79 , 57.86
34.052 , 57.84 , 57.86
34.053 , 57.79 , 57.86
34.054 , 57.77 , 57.85
34.055 , 57.77 , 57.85
34.057 , 57.79 , 57.85
34.058 , 57.75 , 57.84
34.059 , 57.79 , 57.84
34.061 , 57.7 , 57.83
34.062 , 57.79 , 57.83
34.063 , 57.75 , 57.83
34.064 , 57.77 , 57.82
34.065 , 57.77 , 57.82
34.067 , 57.68 , 57.82
34.068 , 57.75 , 57.81
34.069 , 57.7 , 57.81
34.07 , 57.77 , 57.81
34.072 , 57.68 , 57.8
34.073 , 57.7 , 57.8
34.074 , 57.7 , 57.79
34.075 , 57.7 , 57.79
34.076 , 57.7 , 57.79
34.078 , 57.68 , 57.78
34.079 , 57.68 , 57.78
34.08 , 57.68 , 57.78
34.081 , 57.68 , 57.77
34.083 , 57.68 , 57.77
34.084 , 57.63 , 57.76
34.085 , 57.68 , 57.76
34.086 , 57.68 , 57.76
34.088 , 57.61 , 57.75
34.089 , 57.63 , 57.75
34.09 , 57.63 , 57.75
34.091 , 57.63 , 57.74
34.093 , 57.63 , 57.74
34.094 , 57.63 , 57.73
34.095 , 57.61 , 57.73
34.096 , 57.56 , 57.73
34.098 , 57.61 , 57.72
34.099 , 57.61 , 57.72
34.1 , 57.56 , 57.72
34.101 , 57.56 , 57.71
34.102 , 57.54 , 57.71
34.104 , 57.61 , 57.7
34.105 , 57.56 , 57.7
34.106 , 57.61 , 57.7
34.107 , 57.61 , 57.7
34.109 , 57.56 , 57.69
34.11 , 57.56 , 57.69
34.111 , 57.56 , 57.68
34.112 , 57.56 , 57.68
34.113 , 57.54 , 57.68
34.115 , 57.54 , 57.67
34.116 , 57.54 , 57.67
34.117 , 57.52 , 57.67
34.118 , 57.52 , 57.66
34.12 , 57.52 , 57.66
34.121 , 57.52 , 57.65
34.122 , 57.52 , 57.65
34.123 , 57.52 , 57.65
34.124 , 57.54 , 57.64
34.126 , 57.52 , 57.64
34.127 , 57.52 , 57.64
34.128 , 57.52 , 57.63
34.129 , 57.54 , 57.63
34.131 , 57.52 , 57.62
34.132 , 57.52 , 57.62
34.133 , 57.47 , 57.62
34.134 , 57.45 , 57.61
34.136 , 57.45 , 57.61
34.137 , 57.47 , 57.61
34.138 , 57.47 , 57.6
34.139 , 57.47 , 57.6
34.141 , 57.45 , 57.59
34.142 , 57.45 , 57.59
34.143 , 57.45 , 57.59
34.144 , 57.4 , 57.58
34.145 , 57.45 , 57.58
34.147 , 57.45 , 57.58
34.148 , 57.4 , 57.57
34.149 , 57.45 , 57.57
34.15 , 57.4 , 57.57
34.152 , 57.4 , 57.56
34.153 , 57.4 , 57.56
34.154 , 57.38 , 57.55
34.155 , 57.38 , 57.55
34.156 , 57.4 , 57.55
34.158 , 57.38 , 57.54
34.159 , 57.4 , 57.54
34.16 , 57.38 , 57.54
34.161 , 57.38 , 57.53
34.163 , 57.38 , 57.53
34.164 , 57.36 , 57.52
34.165 , 57.38 , 57.52
34.166 , 57.38 , 57.52
34.167 , 57.36 , 57.52
34.169 , 57.36 , 57.51
34.17 , 57.36 , 57.51
34.171 , 57.31 , 57.5
34.172 , 57.29 , 57.5
34.174 , 57.29 , 57.49
34.175 , 57.31 , 57.49
34.176 , 57.29 , 57.49
34.177 , 57.31 , 57.49
34.179 , 57.29 , 57.48
34.18 , 57.29 , 57.48
34.181 , 57.29 , 57.47
34.182 , 57.24 , 57.47
34.183 , 57.31 , 57.47
34.185 , 57.24 , 57.46
34.186 , 57.24 , 57.46
34.187 , 57.24 , 57.45
34.188 , 57.29 , 57.45
34.19 , 57.29 , 57.45
34.191 , 57.24 , 57.44
34.192 , 57.29 , 57.44
34.193 , 57.24 , 57.44
34.195 , 57.24 , 57.43
34.196 , 57.22 , 57.43
34.197 , 57.22 , 57.42
34.198 , 57.22 , 57.42
34.199 , 57.22 , 57.42
34.201 , 57.22 , 57.41
34.202 , 57.2 , 57.41
34.203 , 57.22 , 57.41
34.204 , 57.22 , 57.4
34.206 , 57.22 , 57.4
34.207 , 57.22 , 57.39
34.208 , 57.2 , 57.39
34.209 , 57.2 , 57.39
34.211 , 57.2 , 57.38
34.212 , 57.2 , 57.38
34.213 , 57.2 , 57.38
34.214 , 57.13 , 57.37
34.215 , 57.15 , 57.37
34.217 , 57.15 , 57.36
34.218 , 57.15 , 57.36
34.219 , 57.13 , 57.36
34.22 , 57.13 , 57.36
34.221 , 57.13 , 57.35
34.223 , 57.13 , 57.35
34.224 , 57.06 , 57.34
34.225 , 57.13 , 57.34
34.226 , 57.06 , 57.34
34.227 , 57.08 , 57.33
34.229 , 57.06 , 57.33
34.23 , 57.08 , 57.33
34.231 , 57.08 , 57.32
34.232 , 57.02 , 57.32
34.234 , 57.08 , 57.31
34.235 , 57.06 , 57.31
34.236 , 57.08 , 57.31
34.237 , 57.06 , 57.3
34.246 , 56.99 , 57.28
34.248 , 56.99 , 57.27
34.249 , 57.02 , 57.27
34.25 , 56.99 , 57.27
34.251 , 57.02 , 57.26
34.253 , 56.99 , 57.26
34.254 , 56.99 , 57.25
34.255 , 56.99 , 57.25
34.256 , 56.99 , 57.25
34.257 , 56.97 , 57.24
34.259 , 56.99 , 57.24
34.26 , 56.97 , 57.24
34.261 , 56.97 , 57.23
34.262 , 56.99 , 57.23
34.264 , 56.99 , 57.22
34.265 , 56.92 , 57.22
34.266 , 56.99 , 57.22
34.267 , 56.97 , 57.21
34.269 , 56.92 , 57.21
34.27 , 56.9 , 57.21
34.271 , 56.97 , 57.2
34.272 , 56.92 , 57.2
34.274 , 56.92 , 57.19
34.275 , 56.97 , 57.19
34.276 , 56.92 , 57.19
34.278 , 56.9 , 57.18
34.279 , 56.92 , 57.18
34.28 , 56.9 , 57.18
34.281 , 56.9 , 57.17
34.283 , 56.9 , 57.17
34.284 , 56.9 , 57.16
34.285 , 56.86 , 57.16
34.286 , 56.86 , 57.16
34.288 , 56.86 , 57.15
34.289 , 56.9 , 57.15
34.29 , 56.86 , 57.15
34.291 , 56.86 , 57.14
34.292 , 56.86 , 57.14
34.294 , 56.83 , 57.13
34.295 , 56.83 , 57.13
34.296 , 56.83 , 57.13
34.297 , 56.86 , 57.12
34.299 , 56.83 , 57.12
34.3 , 56.83 , 57.12
34.301 , 56.86 , 57.11
34.302 , 56.83 , 57.11
34.304 , 56.83 , 57.1
34.305 , 56.83 , 57.1
34.306 , 56.81 , 57.1
34.307 , 56.81 , 57.09
34.309 , 56.81 , 57.09
34.31 , 56.81 , 57.09
34.311 , 56.83 , 57.08
34.312 , 56.81 , 57.08
34.313 , 56.81 , 57.08
34.314 , 56.76 , 57.07
34.316 , 56.76 , 57.07
34.317 , 56.74 , 57.06
34.318 , 56.76 , 57.06
34.32 , 56.81 , 57.06
34.321 , 56.74 , 57.05
34.322 , 56.76 , 57.05
34.323 , 56.74 , 57.05
34.325 , 56.74 , 57.04
34.326 , 56.74 , 57.04
34.327 , 56.65 , 57.03
34.328 , 56.65 , 57.03
34.329 , 56.65 , 57.03
34.331 , 56.65 , 57.02
34.332 , 56.69 , 57.02
34.333 , 56.69 , 57.02
34.334 , 56.67 , 57.01
34.336 , 56.69 , 57.01
34.337 , 56.74 , 57.0
34.338 , 56.74 , 57.0
34.339 , 56.76 , 57.0
34.341 , 56.74 , 56.99
34.342 , 56.74 , 56.99
34.343 , 56.74 , 56.99
34.344 , 56.69 , 56.98
34.346 , 56.74 , 56.98
34.347 , 56.65 , 56.97
34.348 , 56.69 , 56.97
34.349 , 56.67 , 56.97
34.351 , 56.67 , 56.96
34.352 , 56.67 , 56.96
34.353 , 56.65 , 56.96
34.354 , 56.65 , 56.95
34.356 , 56.69 , 56.95
34.357 , 56.67 , 56.94
34.358 , 56.65 , 56.94
34.36 , 56.65 , 56.94
34.361 , 56.65 , 56.93
34.362 , 56.67 , 56.93
34.363 , 56.65 , 56.93
34.365 , 56.67 , 56.92
34.366 , 56.67 , 56.92
34.367 , 56.65 , 56.91
34.368 , 56.67 , 56.91
34.37 , 56.65 , 56.91
34.371 , 56.65 , 56.9
34.372 , 56.58 , 56.9
34.373 , 56.65 , 56.9
34.374 , 56.65 , 56.89
34.376 , 56.65 , 56.89
34.377 , 56.65 , 56.88
34.378 , 56.65 , 56.88
34.38 , 56.65 , 56.88
34.381 , 56.6 , 56.87
34.382 , 56.6 , 56.87
34.383 , 56.6 , 56.87
34.385 , 56.6 , 56.86
34.386 , 56.65 , 56.86
34.387 , 56.67 , 56.85
34.389 , 56.65 , 56.85
34.39 , 56.65 , 56.85
34.391 , 56.6 , 56.84
34.392 , 56.65 , 56.84
34.394 , 56.65 , 56.83
34.395 , 56.69 , 56.83
34.396 , 56.76 , 56.83
34.397 , 56.9 , 56.82
34.399 , 56.97 , 56.82
34.4 , 57.06 , 56.82
34.401 , 57.22 , 56.81
34.402 , 57.38 , 56.81
34.403 , 57.4 , 56.81
34.405 , 57.45 , 56.8
34.406 , 57.4 , 56.8
34.407 , 57.4 , 56.79
34.408 , 57.38 , 56.79
34.41 , 57.31 , 56.79
34.411 , 57.24 , 56.78
34.412 , 57.2 , 56.78
34.413 , 57.15 , 56.78
34.415 , 57.13 , 56.77
34.416 , 57.13 , 56.77
34.417 , 57.13 , 56.76
34.418 , 57.15 , 56.76
34.42 , 57.2 , 56.76
34.421 , 57.22 , 56.75
34.422 , 57.24 , 56.75
34.423 , 57.31 , 56.75
34.424 , 57.36 , 56.74
34.426 , 57.4 , 56.74
34.427 , 57.45 , 56.73
34.428 , 57.47 , 56.73
34.429 , 57.52 , 56.73
34.431 , 57.56 , 56.72
34.432 , 57.52 , 56.72
34.433 , 57.45 , 56.72
34.434 , 57.31 , 56.71
34.436 , 57.15 , 56.71
34.437 , 57.06 , 56.7
34.438 , 56.97 , 56.7
34.439 , 56.86 , 56.7
34.44 , 56.81 , 56.7
34.442 , 56.76 , 56.69
34.443 , 56.74 , 56.69
34.444 , 56.74 , 56.68
34.445 , 56.76 , 56.68
34.447 , 56.81 , 56.67
34.448 , 56.83 , 56.67
34.449 , 56.92 , 56.67
34.451 , 56.99 , 56.66
34.452 , 56.99 , 56.66
34.453 , 57.02 , 56.66
34.454 , 57.06 , 56.65
34.456 , 57.06 , 56.65
34.457 , 57.06 , 56.64
34.458 , 57.08 , 56.64
34.459 , 57.02 , 56.64
34.461 , 56.99 , 56.63
34.462 , 56.99 , 56.63
34.463 , 56.97 , 56.63
34.464 , 56.92 , 56.62
34.465 , 56.92 , 56.62
34.467 , 56.9 , 56.61
34.468 , 56.86 , 56.61
34.469 , 56.86 , 56.61
34.47 , 56.9 , 56.61
34.472 , 56.9 , 56.6
34.473 , 56.9 , 56.6
34.474 , 56.86 , 56.59
34.475 , 56.9 , 56.59
34.477 , 56.9 , 56.58
34.478 , 56.9 , 56.58
34.479 , 56.9 , 56.58
34.48 , 56.86 , 56.58
34.481 , 56.9 , 56.57
34.483 , 56.9 , 56.57
34.484 , 56.86 , 56.56
34.485 , 56.83 , 56.56
34.486 , 56.86 , 56.56
34.488 , 56.83 , 56.55
34.489 , 56.83 , 56.55
34.49 , 56.86 , 56.55
34.491 , 56.83 , 56.54
34.493 , 56.86 , 56.54
34.494 , 56.83 , 56.53
34.495 , 56.83 , 56.53
34.496 , 56.81 , 56.53
34.498 , 56.83 , 56.52
34.499 , 56.81 , 56.52
34.5 , 56.81 , 56.52
34.501 , 56.83 , 56.51
34.503 , 56.81 , 56.51
34.504 , 56.81 , 56.5
34.505 , 56.76 , 56.5
34.506 , 56.81 , 56.5
34.507 , 56.76 , 56.49
34.509 , 56.81 , 56.49
34.51 , 56.76 , 56.49
34.511 , 56.74 , 56.48
34.512 , 56.76 , 56.48
34.514 , 56.74 , 56.47
34.515 , 56.74 , 56.47
34.516 , 56.74 , 56.47
34.517 , 56.74 , 56.46
34.519 , 56.74 , 56.46
34.52 , 56.69 , 56.46
34.521 , 56.74 , 56.45
34.522 , 56.74 , 56.45
34.524 , 56.69 , 56.44
34.525 , 56.69 , 56.44
34.526 , 56.69 , 56.44
34.528 , 56.69 , 56.43
34.529 , 56.69 , 56.43
34.53 , 56.65 , 56.43
34.531 , 56.67 , 56.42
34.533 , 56.67 , 56.42
34.534 , 56.65 , 56.41
34.535 , 56.67 , 56.41
34.536 , 56.65 , 56.41
34.538 , 56.6 , 56.4
34.539 , 56.65 , 56.4
34.54 , 56.6 , 56.4
34.541 , 56.65 , 56.39
34.543 , 56.65 , 56.39
34.544 , 56.65 , 56.38
34.545 , 56.65 , 56.38
34.546 , 56.6 , 56.38
34.548 , 56.6 , 56.37
34.549 , 56.6 , 56.37
34.55 , 56.65 , 56.36
34.552 , 56.6 , 56.36
34.553 , 56.65 , 56.36
34.554 , 56.6 , 56.35
34.555 , 56.58 , 56.35
34.557 , 56.6 , 56.34
34.558 , 56.58 , 56.34
34.559 , 56.58 , 56.34
34.56 , 56.53 , 56.33
34.562 , 56.53 , 56.33
34.563 , 56.58 , 56.33
34.564 , 56.58 , 56.32
34.565 , 56.53 , 56.32
34.567 , 56.58 , 56.31
34.568 , 56.53 , 56.31
34.569 , 56.53 , 56.31
34.57 , 56.53 , 56.3
34.572 , 56.53 , 56.3
34.573 , 56.51 , 56.3
34.574 , 56.51 , 56.29
34.575 , 56.51 , 56.29
34.577 , 56.51 , 56.28
34.578 , 56.47 , 56.28
34.579 , 56.53 , 56.28
34.581 , 56.47 , 56.27
34.582 , 56.51 , 56.27
34.583 , 56.47 , 56.27
34.584 , 56.47 , 56.26
34.586 , 56.47 , 56.26
34.587 , 56.44 , 56.25
34.588 , 56.51 , 56.25
34.589 , 56.44 , 56.25
34.591 , 56.51 , 56.24
34.592 , 56.44 , 56.24
34.593 , 56.44 , 56.24
34.594 , 56.44 , 56.23
34.596 , 56.44 , 56.23
34.597 , 56.44 , 56.22
34.598 , 56.42 , 56.22
34.6 , 56.42 , 56.21
34.601 , 56.42 , 56.21
34.602 , 56.35 , 56.21
34.603 , 56.35 , 56.21
34.605 , 56.35 , 56.2
34.606 , 56.28 , 56.2
34.607 , 56.33 , 56.19
34.609 , 56.35 , 56.19
34.61 , 56.33 , 56.18
34.611 , 56.35 , 56.18
34.612 , 56.42 , 56.18
34.613 , 56.44 , 56.18
34.615 , 56.44 , 56.17
34.616 , 56.42 , 56.17
34.617 , 56.35 , 56.16
34.618 , 56.35 , 56.16
34.62 , 56.35 , 56.15
34.621 , 56.28 , 56.15
34.622 , 56.28 , 56.15
34.624 , 56.24 , 56.14
34.625 , 56.24 , 56.14
34.626 , 56.24 , 56.14
34.627 , 56.19 , 56.13
34.629 , 56.19 , 56.13
34.63 , 56.24 , 56.12
34.631 , 56.19 , 56.12
34.632 , 56.17 , 56.12
34.634 , 56.26 , 56.11
34.635 , 56.24 , 56.11
34.636 , 56.26 , 56.11
34.637 , 56.24 , 56.1
34.639 , 56.24 , 56.1
34.64 , 56.24 , 56.09
34.641 , 56.19 , 56.09
34.642 , 56.19 , 56.09
34.644 , 56.19 , 56.08
34.645 , 56.19 , 56.08
34.646 , 56.19 , 56.08
34.647 , 56.12 , 56.07
34.649 , 56.17 , 56.07
34.65 , 56.12 , 56.06
34.651 , 56.1 , 56.06
34.652 , 56.12 , 56.06
34.654 , 56.12 , 56.05
34.655 , 56.1 , 56.05
34.656 , 56.1 , 56.05
34.658 , 56.1 , 56.04
34.659 , 56.1 , 56.04
34.66 , 56.05 , 56.03
34.661 , 56.12 , 56.03
34.663 , 56.1 , 56.03
34.664 , 56.1 , 56.02
34.665 , 56.1 , 56.02
34.667 , 56.1 , 56.01
34.668 , 56.05 , 56.01
34.669 , 56.1 , 56.01
34.671 , 56.05 , 56.0
34.672 , 56.05 , 56.0
34.673 , 56.03 , 56.0
34.674 , 56.03 , 55.99
34.675 , 56.03 , 55.99
34.677 , 56.03 , 55.98
34.678 , 56.01 , 55.98
34.679 , 56.03 , 55.98
34.681 , 56.01 , 55.97
34.682 , 56.01 , 55.97
34.683 , 55.96 , 55.97
34.685 , 56.01 , 55.96
34.686 , 56.01 , 55.96
34.687 , 55.96 , 55.95
34.688 , 55.96 , 55.95
34.69 , 56.01 , 55.94
34.691 , 55.94 , 55.94
34.692 , 55.94 , 55.94
34.694 , 55.96 , 55.93
34.695 , 55.89 , 55.93
34.696 , 55.96 , 55.93
34.697 , 55.94 , 55.92
34.699 , 55.96 , 55.92
34.7 , 55.94 , 55.91
34.701 , 55.89 , 55.91
34.703 , 55.94 , 55.91
34.704 , 55.89 , 55.9
34.705 , 55.94 , 55.9
34.707 , 55.94 , 55.89
34.708 , 55.89 , 55.89
34.709 , 55.94 , 55.89
34.711 , 55.89 , 55.88
34.712 , 55.87 , 55.88
34.713 , 55.85 , 55.88
34.714 , 55.85 , 55.87
34.716 , 55.87 , 55.87
34.717 , 55.85 , 55.86
34.718 , 55.85 , 55.86
34.72 , 55.85 , 55.85
34.721 , 55.87 , 55.85
34.722 , 55.87 , 55.85
34.723 , 55.85 , 55.85
34.725 , 55.87 , 55.84
34.726 , 55.87 , 55.84
34.727 , 55.87 , 55.83
34.728 , 55.85 , 55.83
34.73 , 55.85 , 55.82
34.731 , 55.85 , 55.82
34.732 , 55.85 , 55.82
34.734 , 55.85 , 55.81
34.735 , 55.78 , 55.81
34.736 , 55.78 , 55.81
34.737 , 55.8 , 55.8
34.739 , 55.8 , 55.8
34.74 , 55.78 , 55.79
34.741 , 55.73 , 55.79
34.743 , 55.78 , 55.79
34.744 , 55.78 , 55.78
34.745 , 55.73 , 55.78
34.747 , 55.78 , 55.77
34.748 , 55.73 , 55.77
34.749 , 55.73 , 55.77
34.75 , 55.78 , 55.76
34.752 , 55.73 , 55.76
34.753 , 55.71 , 55.76
34.754 , 55.71 , 55.75
34.756 , 55.71 , 55.75
34.757 , 55.71 , 55.74
34.758 , 55.71 , 55.74
34.759 , 55.69 , 55.74
34.761 , 55.69 , 55.73
34.762 , 55.69 , 55.73
34.763 , 55.69 , 55.73
34.765 , 55.69 , 55.72
34.766 , 55.69 , 55.72
34.767 , 55.69 , 55.71
34.768 , 55.69 , 55.71
34.77 , 55.71 , 55.7
34.771 , 55.69 , 55.7
34.772 , 55.62 , 55.7
34.774 , 55.64 , 55.69
34.775 , 55.62 , 55.69
34.776 , 55.64 , 55.69
34.778 , 55.62 , 55.68
34.779 , 55.57 , 55.68
34.78 , 55.62 , 55.67
34.781 , 55.62 , 55.67
34.783 , 55.62 , 55.67
34.784 , 55.62 , 55.66
34.785 , 55.55 , 55.66
34.787 , 55.62 , 55.65
34.788 , 55.57 , 55.65
34.789 , 55.62 , 55.65
34.79 , 55.55 , 55.64
34.792 , 55.55 , 55.64
34.793 , 55.55 , 55.64
34.794 , 55.55 , 55.63
34.796 , 55.55 , 55.63
34.797 , 55.57 , 55.62
34.798 , 55.55 , 55.62
34.8 , 55.55 , 55.61
34.801 , 55.55 , 55.61
34.802 , 55.55 , 55.61
34.803 , 55.55 , 55.61
34.805 , 55.55 , 55.6
34.806 , 55.5 , 55.6
34.807 , 55.5 , 55.59
34.808 , 55.48 , 55.59
34.81 , 55.48 , 55.58
34.811 , 55.48 , 55.58
34.812 , 55.48 , 55.58
34.813 , 55.48 , 55.58
34.815 , 55.46 , 55.57
34.816 , 55.46 , 55.57
34.817 , 55.48 , 55.56
34.819 , 55.46 , 55.56
34.82 , 55.48 , 55.55
34.821 , 55.46 , 55.55
34.822 , 55.46 , 55.55
34.824 , 55.46 , 55.54
34.825 , 55.46 , 55.54
34.826 , 55.46 , 55.54
34.827 , 55.41 , 55.53
34.829 , 55.46 , 55.53
34.83 , 55.41 , 55.52
34.831 , 55.46 , 55.52
34.833 , 55.41 , 55.52
34.834 , 55.41 , 55.51
34.835 , 55.39 , 55.51
34.836 , 55.41 , 55.51
34.838 , 55.39 , 55.5
34.839 , 55.41 , 55.5
34.84 , 55.39 , 55.49
34.841 , 55.39 , 55.49
34.843 , 55.39 , 55.49
34.844 , 55.39 , 55.48
34.845 , 55.39 , 55.48
34.847 , 55.34 , 55.47
34.848 , 55.39 , 55.47
34.849 , 55.34 , 55.47
34.85 , 55.39 , 55.46
34.852 , 55.34 , 55.46
34.853 , 55.34 , 55.46
34.854 , 55.32 , 55.45
34.855 , 55.34 , 55.45
34.857 , 55.32 , 55.44
34.858 , 55.32 , 55.44
34.859 , 55.32 , 55.44
34.861 , 55.3 , 55.43
34.862 , 55.32 , 55.43
34.863 , 55.32 , 55.43
34.864 , 55.32 , 55.42
34.866 , 55.32 , 55.42
34.867 , 55.3 , 55.41
34.868 , 55.25 , 55.41
34.869 , 55.3 , 55.41
34.871 , 55.3 , 55.4
34.872 , 55.3 , 55.4
34.873 , 55.25 , 55.4
34.874 , 55.25 , 55.39
34.876 , 55.3 , 55.39
34.877 , 55.3 , 55.38
34.878 , 55.23 , 55.38
34.88 , 55.25 , 55.37
34.881 , 55.23 , 55.37
34.882 , 55.23 , 55.37
34.883 , 55.23 , 55.37
34.885 , 55.18 , 55.36
34.886 , 55.23 , 55.36
34.887 , 55.23 , 55.35
34.889 , 55.18 , 55.35
34.89 , 55.23 , 55.34
34.891 , 55.18 , 55.34
34.892 , 55.16 , 55.34
34.894 , 55.18 , 55.33
34.895 , 55.18 , 55.33
34.896 , 55.18 , 55.33
34.897 , 55.23 , 55.32
34.898 , 55.16 , 55.32
34.9 , 55.16 , 55.31
34.901 , 55.16 , 55.31
34.902 , 55.16 , 55.31
34.903 , 55.18 , 55.31
34.905 , 55.12 , 55.3
34.906 , 55.12 , 55.3
34.907 , 55.12 , 55.29
34.909 , 55.12 , 55.29
34.91 , 55.12 , 55.28
34.911 , 55.09 , 55.28
34.912 , 55.12 , 55.28
34.914 , 55.12 , 55.27
34.915 , 55.07 , 55.27
34.916 , 55.09 , 55.27
34.917 , 55.07 , 55.26
34.919 , 55.09 , 55.26
34.92 , 55.09 , 55.25
34.921 , 55.09 , 55.25
34.922 , 55.07 , 55.25
34.924 , 55.07 , 55.24
34.925 , 55.09 , 55.24
34.926 , 55.07 , 55.24
34.927 , 55.07 , 55.23
34.929 , 55.07 , 55.23
34.93 , 55.02 , 55.22
34.931 , 55.02 , 55.22
34.932 , 55.0 , 55.22
34.934 , 55.0 , 55.21
34.935 , 55.0 , 55.21
34.936 , 55.0 , 55.21
34.937 , 55.0 , 55.2
34.938 , 55.0 , 55.2
34.94 , 54.96 , 55.19
34.941 , 55.0 , 55.19
34.942 , 54.93 , 55.19
34.943 , 55.0 , 55.18
34.945 , 55.02 , 55.18
34.946 , 55.0 , 55.18
34.947 , 55.0 , 55.17
34.948 , 55.0 , 55.17
34.949 , 54.96 , 55.17
34.951 , 55.0 , 55.16
34.952 , 54.96 , 55.16
34.953 , 54.96 , 55.15
34.955 , 54.93 , 55.15
34.956 , 54.93 , 55.15
34.957 , 54.93 , 55.14
34.958 , 54.91 , 55.14
34.96 , 54.93 , 55.13
34.961 , 54.86 , 55.13
34.962 , 54.93 , 55.13
34.963 , 54.91 , 55.12
34.965 , 54.93 , 55.12
34.966 , 54.91 , 55.12
34.967 , 54.91 , 55.11
34.976 , 54.91 , 55.09
34.978 , 54.84 , 55.08
34.979 , 54.86 , 55.08
34.98 , 54.86 , 55.07
34.981 , 54.91 , 55.07
34.983 , 54.8 , 55.06
34.984 , 54.84 , 55.06
34.985 , 54.84 , 55.06
34.986 , 54.8 , 55.06
34.988 , 54.84 , 55.05
34.989 , 54.84 , 55.05
34.99 , 54.8 , 55.04
34.991 , 54.84 , 55.04
34.993 , 54.8 , 55.03
34.994 , 54.8 , 55.03
34.995 , 54.77 , 55.03
34.997 , 54.8 , 55.02
34.998 , 54.8 , 55.02
34.999 , 54.84 , 55.02
35.0 , 54.77 , 55.01
35.002 , 54.8 , 55.01
35.003 , 54.8 , 55.0
35.004 , 54.77 , 55.0
35.005 , 54.77 , 55.0
35.006 , 54.75 , 55.0
35.008 , 54.75 , 54.99
35.009 , 54.75 , 54.99
35.01 , 54.75 , 54.98
35.011 , 54.75 , 54.98
35.013 , 54.77 , 54.97
35.014 , 54.7 , 54.97
35.015 , 54.7 , 54.97
35.016 , 54.7 , 54.97
35.017 , 54.7 , 54.96
35.019 , 54.7 , 54.96
35.02 , 54.68 , 54.95
35.021 , 54.75 , 54.95
35.022 , 54.75 , 54.95
35.024 , 54.7 , 54.94
35.025 , 54.75 , 54.94
35.026 , 54.75 , 54.94
35.027 , 54.68 , 54.93
35.029 , 54.7 , 54.93
35.03 , 54.7 , 54.92
35.031 , 54.68 , 54.92
35.032 , 54.68 , 54.92
35.033 , 54.63 , 54.91
35.035 , 54.63 , 54.91
35.036 , 54.63 , 54.91
35.037 , 54.63 , 54.9
35.038 , 54.61 , 54.9
35.04 , 54.57 , 54.89
35.041 , 54.61 , 54.89
35.042 , 54.68 , 54.89
35.043 , 54.63 , 54.88
35.045 , 54.63 , 54.88
35.046 , 54.61 , 54.88
35.047 , 54.61 , 54.87
35.048 , 54.63 , 54.87
35.05 , 54.63 , 54.86
35.051 , 54.57 , 54.86
35.052 , 54.61 , 54.86
35.053 , 54.57 , 54.85
35.055 , 54.54 , 54.85
35.056 , 54.54 , 54.85
35.057 , 54.54 , 54.84
35.058 , 54.57 , 54.84
35.06 , 54.54 , 54.83
35.061 , 54.54 , 54.83
35.062 , 54.52 , 54.83
35.063 , 54.54 , 54.82
35.064 , 54.54 , 54.82
35.066 , 54.54 , 54.82
35.067 , 54.52 , 54.81
35.068 , 54.54 , 54.81
35.069 , 54.52 , 54.81
35.07 , 54.52 , 54.8
35.072 , 54.52 , 54.8
35.073 , 54.52 , 54.79
35.074 , 54.54 , 54.79
35.075 , 54.45 , 54.79
35.076 , 54.41 , 54.79
35.078 , 54.41 , 54.78
35.079 , 54.41 , 54.78
35.08 , 54.45 , 54.77
35.082 , 54.45 , 54.77
35.083 , 54.45 , 54.76
35.084 , 54.54 , 54.76
35.085 , 54.52 , 54.76
35.087 , 54.52 , 54.75
35.088 , 54.54 , 54.75
35.089 , 54.57 , 54.75
35.09 , 54.57 , 54.74
35.091 , 54.54 , 54.74
35.093 , 54.52 , 54.73
35.094 , 54.54 , 54.73
35.095 , 54.45 , 54.73
35.096 , 54.45 , 54.73
35.098 , 54.45 , 54.72
35.099 , 54.45 , 54.72
35.1 , 54.45 , 54.71
35.101 , 54.41 , 54.71
35.103 , 54.45 , 54.7
35.104 , 54.41 , 54.7
35.105 , 54.41 , 54.7
35.106 , 54.45 , 54.7
35.107 , 54.41 , 54.69
35.109 , 54.45 , 54.69
35.11 , 54.45 , 54.68
35.111 , 54.41 , 54.68
35.112 , 54.45 , 54.68
35.114 , 54.45 , 54.67
35.115 , 54.41 , 54.67
35.116 , 54.45 , 54.67
35.117 , 54.38 , 54.66
35.119 , 54.41 , 54.66
35.12 , 54.38 , 54.65
35.121 , 54.38 , 54.65
35.122 , 54.41 , 54.65
35.124 , 54.41 , 54.64
35.125 , 54.38 , 54.64
35.126 , 54.38 , 54.64
35.127 , 54.36 , 54.63
35.129 , 54.41 , 54.63
35.13 , 54.36 , 54.62
35.131 , 54.38 , 54.62
35.132 , 54.38 , 54.62
35.134 , 54.41 , 54.61
35.135 , 54.41 , 54.61
35.136 , 54.41 , 54.61
35.137 , 54.38 , 54.6
35.139 , 54.41 , 54.6
35.14 , 54.41 , 54.59
35.141 , 54.38 , 54.59
35.142 , 54.38 , 54.59
35.144 , 54.41 , 54.58
35.145 , 54.52 , 54.58
35.146 , 54.57 , 54.58
35.147 , 54.63 , 54.57
35.148 , 54.7 , 54.57
35.15 , 54.84 , 54.56
35.151 , 54.93 , 54.56
35.152 , 55.12 , 54.56
35.153 , 55.23 , 54.55
35.155 , 55.25 , 54.55
35.156 , 55.25 , 54.55
35.157 , 55.18 , 54.54
35.158 , 55.16 , 54.54
35.16 , 55.16 , 54.53
35.161 , 55.07 , 54.53
35.162 , 55.0 , 54.53
35.163 , 54.96 , 54.52
35.165 , 54.93 , 54.52
35.166 , 54.93 , 54.52
35.167 , 54.93 , 54.51
35.168 , 54.93 , 54.51
35.17 , 54.96 , 54.5
35.171 , 55.02 , 54.5
35.172 , 55.07 , 54.5
35.173 , 55.09 , 54.49
35.174 , 55.16 , 54.49
35.176 , 55.16 , 54.49
35.177 , 55.23 , 54.48
35.178 , 55.23 , 54.48
35.18 , 55.16 , 54.47
35.181 , 55.09 , 54.47
35.182 , 54.96 , 54.47
35.183 , 54.86 , 54.46
35.185 , 54.77 , 54.46
35.186 , 54.77 , 54.46
35.187 , 54.68 , 54.45
35.188 , 54.63 , 54.45
35.19 , 54.52 , 54.44
35.191 , 54.52 , 54.44
35.192 , 54.54 , 54.44
35.193 , 54.61 , 54.43
35.194 , 54.57 , 54.43
35.196 , 54.68 , 54.43
35.197 , 54.68 , 54.42
35.198 , 54.7 , 54.42
35.199 , 54.75 , 54.42
35.201 , 54.75 , 54.41
35.202 , 54.8 , 54.41
35.203 , 54.77 , 54.4
35.204 , 54.8 , 54.4
35.206 , 54.8 , 54.4
35.207 , 54.77 , 54.39
35.208 , 54.77 , 54.39
35.209 , 54.75 , 54.39
35.211 , 54.7 , 54.38
35.212 , 54.68 , 54.38
35.213 , 54.68 , 54.37
35.214 , 54.63 , 54.37
35.215 , 54.68 , 54.37
35.217 , 54.61 , 54.36
35.218 , 54.61 , 54.36
35.219 , 54.61 , 54.36
35.22 , 54.63 , 54.35
35.221 , 54.63 , 54.35
35.223 , 54.63 , 54.34
35.224 , 54.61 , 54.34
35.225 , 54.61 , 54.34
35.226 , 54.63 , 54.34
35.227 , 54.63 , 54.33
35.229 , 54.61 , 54.33
35.23 , 54.57 , 54.32
35.231 , 54.57 , 54.32
35.232 , 54.57 , 54.32
35.234 , 54.57 , 54.31
35.235 , 54.61 , 54.31
35.236 , 54.54 , 54.31
35.237 , 54.57 , 54.3
35.239 , 54.57 , 54.3
35.24 , 54.54 , 54.29
35.241 , 54.54 , 54.29
35.242 , 54.57 , 54.29
35.244 , 54.57 , 54.28
35.245 , 54.54 , 54.28
35.246 , 54.57 , 54.28
35.248 , 54.54 , 54.27
35.249 , 54.57 , 54.27
35.25 , 54.54 , 54.26
35.251 , 54.52 , 54.26
35.252 , 54.52 , 54.26
35.254 , 54.52 , 54.25
35.255 , 54.54 , 54.25
35.256 , 54.57 , 54.25
35.257 , 54.52 , 54.24
35.258 , 54.52 , 54.24
35.26 , 54.54 , 54.23
35.261 , 54.54 , 54.23
35.262 , 54.52 , 54.23
35.263 , 54.52 , 54.22
35.265 , 54.52 , 54.22
35.266 , 54.52 , 54.22
35.267 , 54.52 , 54.21
35.268 , 54.45 , 54.21
35.269 , 54.52 , 54.21
35.271 , 54.52 , 54.2
35.272 , 54.41 , 54.2
35.273 , 54.52 , 54.19
35.274 , 54.45 , 54.19
35.276 , 54.41 , 54.18
35.277 , 54.52 , 54.18
35.278 , 54.45 , 54.18
35.279 , 54.45 , 54.18
35.281 , 54.41 , 54.17
35.282 , 54.38 , 54.17
35.283 , 54.38 , 54.16
35.284 , 54.41 , 54.16
35.286 , 54.41 , 54.15
35.287 , 54.41 , 54.15
35.288 , 54.38 , 54.15
35.289 , 54.38 , 54.15
35.291 , 54.38 , 54.14
35.292 , 54.36 , 54.14
35.293 , 54.36 , 54.13
35.294 , 54.38 , 54.13
35.296 , 54.36 , 54.12
35.297 , 54.36 , 54.12
35.298 , 54.31 , 54.12
35.299 , 54.36 , 54.12
35.3 , 54.36 , 54.11
35.302 , 54.36 , 54.11
35.303 , 54.31 , 54.1
35.304 , 54.31 , 54.1
35.305 , 54.31 , 54.1
35.307 , 54.36 , 54.09
35.308 , 54.36 , 54.09
35.309 , 54.31 , 54.09
35.31 , 54.31 , 54.08
35.311 , 54.29 , 54.08
35.313 , 54.31 , 54.07
35.314 , 54.29 , 54.07
35.315 , 54.31 , 54.07
35.316 , 54.31 , 54.06
35.317 , 54.29 , 54.06
35.319 , 54.25 , 54.06
35.32 , 54.29 , 54.05
35.321 , 54.25 , 54.05
35.322 , 54.25 , 54.05
35.324 , 54.25 , 54.04
35.325 , 54.25 , 54.04
35.326 , 54.22 , 54.03
35.327 , 54.25 , 54.03
35.328 , 54.29 , 54.03
35.33 , 54.29 , 54.02
35.331 , 54.22 , 54.02
35.332 , 54.22 , 54.02
35.333 , 54.22 , 54.01
35.334 , 54.2 , 54.01
35.336 , 54.2 , 54.0
35.337 , 54.25 , 54.0
35.338 , 54.2 , 54.0
35.339 , 54.2 , 54.0
35.34 , 54.2 , 53.99
35.341 , 54.15 , 53.99
35.343 , 54.2 , 53.98
35.344 , 54.2 , 53.98
35.345 , 54.15 , 53.98
35.346 , 54.2 , 53.97
35.348 , 54.2 , 53.97
35.349 , 54.2 , 53.97
35.35 , 54.2 , 53.96
35.351 , 54.15 , 53.96
35.352 , 54.13 , 53.96
35.354 , 54.06 , 53.95
35.355 , 53.99 , 53.95
35.356 , 54.02 , 53.94
35.357 , 54.02 , 53.94
35.359 , 53.99 , 53.94
35.36 , 53.99 , 53.93
35.361 , 54.02 , 53.93
35.362 , 54.06 , 53.93
35.363 , 54.06 , 53.92
35.365 , 54.13 , 53.92
35.366 , 54.13 , 53.91
35.367 , 54.13 , 53.91
35.368 , 54.09 , 53.91
35.37 , 54.06 , 53.9
35.371 , 54.06 , 53.9
35.372 , 53.97 , 53.9
35.373 , 53.97 , 53.89
35.375 , 53.9 , 53.89
35.376 , 53.9 , 53.88
35.377 , 53.86 , 53.88
35.378 , 53.86 , 53.88
35.38 , 53.86 , 53.87
35.381 , 53.86 , 53.87
35.382 , 53.9 , 53.87
35.383 , 53.9 , 53.86
35.384 , 53.93 , 53.86
35.386 , 53.93 , 53.85
35.387 , 53.93 , 53.85
35.388 , 53.93 , 53.85
35.389 , 53.9 , 53.85
35.391 , 53.9 , 53.84
35.392 , 53.9 , 53.84
35.393 , 53.93 , 53.83
35.394 , 53.9 , 53.83
35.396 , 53.86 , 53.82
35.397 , 53.86 , 53.82
35.398 , 53.86 , 53.82
35.399 , 53.81 , 53.82
35.401 , 53.83 , 53.81
35.402 , 53.83 , 53.81
35.403 , 53.83 , 53.8
35.404 , 53.86 , 53.8
35.406 , 53.86 , 53.79
35.407 , 53.83 , 53.79
35.408 , 53.83 , 53.79
35.409 , 53.83 , 53.79
35.41 , 53.81 , 53.78
35.412 , 53.77 , 53.78
35.413 , 53.77 , 53.77
35.414 , 53.77 , 53.77
35.415 , 53.77 , 53.77
35.416 , 53.81 , 53.76
35.418 , 53.77 , 53.76
35.419 , 53.77 , 53.76
35.42 , 53.74 , 53.75
35.422 , 53.77 , 53.75
35.423 , 53.74 , 53.74
35.424 , 53.77 , 53.74
35.425 , 53.74 , 53.74
35.426 , 53.77 , 53.73
35.428 , 53.74 , 53.73
35.429 , 53.74 , 53.73
35.43 , 53.74 , 53.72
35.431 , 53.7 , 53.72
35.432 , 53.74 , 53.72
35.434 , 53.7 , 53.71
35.435 , 53.7 , 53.71
35.436 , 53.67 , 53.7
35.437 , 53.7 , 53.7
35.439 , 53.67 , 53.7
35.44 , 53.67 , 53.69
35.441 , 53.7 , 53.69
35.442 , 53.7 , 53.69
35.444 , 53.7 , 53.68
35.445 , 53.67 , 53.68
35.446 , 53.67 , 53.67
35.447 , 53.63 , 53.67
35.449 , 53.67 , 53.67
35.45 , 53.63 , 53.66
35.451 , 53.63 , 53.66
35.453 , 53.63 , 53.65
35.454 , 53.6 , 53.65
35.455 , 53.58 , 53.65
35.456 , 53.6 , 53.64
35.458 , 53.6 , 53.64
35.459 , 53.6 , 53.64
35.46 , 53.6 , 53.63
35.461 , 53.63 , 53.63
35.463 , 53.63 , 53.62
35.464 , 53.6 , 53.62
35.465 , 53.6 , 53.62
35.466 , 53.63 , 53.61
35.468 , 53.6 , 53.61
35.469 , 53.58 , 53.61
35.47 , 53.6 , 53.6
35.471 , 53.6 , 53.6
35.473 , 53.6 , 53.59
35.474 , 53.6 , 53.59
35.475 , 53.6 , 53.59
35.477 , 53.6 , 53.58
35.478 , 53.63 , 53.58
35.479 , 53.58 , 53.58
35.48 , 53.6 , 53.57
35.482 , 53.58 , 53.57
35.483 , 53.58 , 53.56
35.484 , 53.58 , 53.56
35.485 , 53.6 , 53.56
35.486 , 53.54 , 53.55
35.488 , 53.54 , 53.55
35.489 , 53.47 , 53.55
35.49 , 53.51 , 53.54
35.491 , 53.47 , 53.54
35.493 , 53.47 , 53.53
35.494 , 53.47 , 53.53
35.495 , 53.47 , 53.53
35.496 , 53.47 , 53.52
35.498 , 53.44 , 53.52
35.499 , 53.51 , 53.52
35.5 , 53.47 , 53.51
35.501 , 53.47 , 53.51
35.503 , 53.51 , 53.5
35.504 , 53.51 , 53.5
35.505 , 53.47 , 53.5
35.506 , 53.47 , 53.49
35.507 , 53.44 , 53.49
35.509 , 53.44 , 53.49
35.51 , 53.44 , 53.48
35.511 , 53.47 , 53.48
35.513 , 53.42 , 53.47
35.514 , 53.42 , 53.47
35.515 , 53.42 , 53.47
35.516 , 53.44 , 53.46
35.518 , 53.42 , 53.46
35.519 , 53.42 , 53.46
35.52 , 53.38 , 53.45
35.521 , 53.38 , 53.45
35.522 , 53.35 , 53.45
35.524 , 53.42 , 53.44
35.525 , 53.42 , 53.44
35.526 , 53.38 , 53.43
35.528 , 53.42 , 53.43
35.529 , 53.38 , 53.43
35.53 , 53.38 , 53.42
35.531 , 53.38 , 53.42
35.533 , 53.42 , 53.41
35.534 , 53.38 , 53.41
35.535 , 53.35 , 53.41
35.536 , 53.35 , 53.4
35.538 , 53.35 , 53.4
35.539 , 53.31 , 53.4
35.54 , 53.31 , 53.39
35.541 , 53.31 , 53.39
35.543 , 53.28 , 53.38
35.544 , 53.35 , 53.38
35.545 , 53.31 , 53.38
35.546 , 53.31 , 53.37
35.547 , 53.28 , 53.37
35.549 , 53.28 , 53.37
35.55 , 53.31 , 53.36
35.551 , 53.31 , 53.36
35.553 , 53.28 , 53.35
35.554 , 53.28 , 53.35
35.555 , 53.28 , 53.35
35.556 , 53.28 , 53.34
35.558 , 53.26 , 53.34
35.559 , 53.26 , 53.34
35.56 , 53.28 , 53.33
35.561 , 53.26 , 53.33
35.563 , 53.26 , 53.32
35.564 , 53.22 , 53.32
35.565 , 53.22 , 53.32
35.566 , 53.22 , 53.31
35.568 , 53.19 , 53.31
35.569 , 53.22 , 53.31
35.57 , 53.19 , 53.3
35.571 , 53.19 , 53.3
35.573 , 53.15 , 53.29
35.574 , 53.19 , 53.29
35.575 , 53.15 , 53.29
35.576 , 53.19 , 53.28
35.577 , 53.15 , 53.28
35.579 , 53.15 , 53.28
35.58 , 53.15 , 53.27
35.581 , 53.15 , 53.27
35.582 , 53.15 , 53.27
35.584 , 53.15 , 53.26
35.585 , 53.15 , 53.26
35.586 , 53.15 , 53.25
35.587 , 53.15 , 53.25
35.588 , 53.15 , 53.25
35.59 , 53.19 , 53.24
35.591 , 53.15 , 53.24
35.592 , 53.12 , 53.24
35.593 , 53.12 , 53.23
35.595 , 53.08 , 53.23
35.596 , 53.08 , 53.22
35.597 , 53.08 , 53.22
35.598 , 53.12 , 53.22
35.6 , 53.08 , 53.21
35.601 , 53.08 , 53.21
35.602 , 53.08 , 53.21
35.603 , 53.08 , 53.2
35.604 , 53.08 , 53.2
35.606 , 53.06 , 53.19
35.607 , 53.06 , 53.19
35.608 , 53.06 , 53.19
35.609 , 53.08 , 53.19
35.611 , 53.08 , 53.18
35.612 , 53.06 , 53.18
35.613 , 53.03 , 53.17
35.614 , 53.03 , 53.17
35.616 , 53.06 , 53.16
35.617 , 53.03 , 53.16
35.618 , 53.03 , 53.16
35.619 , 53.03 , 53.16
35.621 , 52.99 , 53.15
35.622 , 52.99 , 53.15
35.623 , 52.99 , 53.14
35.624 , 52.96 , 53.14
35.625 , 52.96 , 53.14
35.627 , 52.99 , 53.13
35.628 , 52.99 , 53.13
35.629 , 52.99 , 53.13
35.63 , 52.96 , 53.12
35.632 , 52.96 , 53.12
35.633 , 52.96 , 53.11
35.634 , 52.96 , 53.11
35.636 , 52.96 , 53.1
35.637 , 52.92 , 53.1
35.638 , 52.96 , 53.1
35.639 , 52.96 , 53.09
35.641 , 52.96 , 53.09
35.642 , 52.92 , 53.09
35.643 , 52.92 , 53.08
35.644 , 52.96 , 53.08
35.646 , 52.96 , 53.07
35.647 , 52.9 , 53.07
35.648 , 52.9 , 53.07
35.65 , 52.92 , 53.06
35.651 , 52.9 , 53.06
35.652 , 52.83 , 53.06
35.653 , 52.9 , 53.05
35.654 , 52.9 , 53.05
35.656 , 52.9 , 53.04
35.657 , 52.87 , 53.04
35.658 , 52.9 , 53.04
35.659 , 52.83 , 53.03
35.661 , 52.9 , 53.03
35.662 , 52.9 , 53.03
35.663 , 52.83 , 53.02
35.664 , 52.87 , 53.02
35.666 , 52.87 , 53.01
35.667 , 52.9 , 53.01
35.668 , 52.87 , 53.01
35.669 , 52.9 , 53.0
35.671 , 52.83 , 53.0
35.672 , 52.83 , 53.0
35.673 , 52.83 , 52.99
35.674 , 52.83 , 52.99
35.675 , 52.83 , 52.99
35.677 , 52.83 , 52.98
35.678 , 52.8 , 52.98
35.679 , 52.8 , 52.97
35.68 , 52.8 , 52.97
35.682 , 52.8 , 52.97
35.683 , 52.8 , 52.96
35.684 , 52.8 , 52.96
35.694 , 52.8 , 52.93
35.695 , 52.76 , 52.93
35.696 , 52.76 , 52.92
35.698 , 52.76 , 52.92
35.699 , 52.76 , 52.91
35.7 , 52.74 , 52.91
35.701 , 52.74 , 52.91
35.703 , 52.74 , 52.9
35.704 , 52.74 , 52.9
35.705 , 52.74 , 52.9
35.706 , 52.74 , 52.89
35.708 , 52.74 , 52.89
35.709 , 52.74 , 52.88
35.71 , 52.71 , 52.88
35.711 , 52.71 , 52.88
35.713 , 52.74 , 52.87
35.714 , 52.67 , 52.87
35.715 , 52.67 , 52.87
35.716 , 52.67 , 52.86
35.718 , 52.71 , 52.86
35.719 , 52.71 , 52.85
35.72 , 52.71 , 52.85
35.721 , 52.67 , 52.85
35.723 , 52.67 , 52.84
35.724 , 52.67 , 52.84
35.725 , 52.67 , 52.84
35.727 , 52.67 , 52.83
35.728 , 52.67 , 52.83
35.729 , 52.6 , 52.82
35.73 , 52.64 , 52.82
35.732 , 52.6 , 52.82
35.733 , 52.6 , 52.81
35.734 , 52.64 , 52.81
35.735 , 52.6 , 52.81
35.737 , 52.6 , 52.8
35.738 , 52.6 , 52.8
35.739 , 52.57 , 52.79
35.741 , 52.6 , 52.79
35.742 , 52.6 , 52.79
35.743 , 52.6 , 52.78
35.744 , 52.64 , 52.78
35.746 , 52.6 , 52.77
35.747 , 52.64 , 52.77
35.748 , 52.6 , 52.77
35.749 , 52.6 , 52.76
35.751 , 52.57 , 52.76
35.752 , 52.6 , 52.76
35.753 , 52.51 , 52.75
35.755 , 52.51 , 52.75
35.756 , 52.53 , 52.74
35.757 , 52.51 , 52.74
35.758 , 52.53 , 52.74
35.76 , 52.53 , 52.73
35.761 , 52.51 , 52.73
35.762 , 52.48 , 52.73
35.764 , 52.51 , 52.72
35.765 , 52.53 , 52.72
35.766 , 52.51 , 52.71
35.767 , 52.48 , 52.71
35.769 , 52.44 , 52.7
35.77 , 52.48 , 52.7
35.771 , 52.48 , 52.7
35.772 , 52.44 , 52.7
35.774 , 52.44 , 52.69
35.775 , 52.44 , 52.69
35.776 , 52.41 , 52.68
35.778 , 52.44 , 52.68
35.779 , 52.41 , 52.67
35.78 , 52.44 , 52.67
35.782 , 52.41 , 52.67
35.783 , 52.44 , 52.66
35.784 , 52.48 , 52.66
35.785 , 52.41 , 52.66
35.787 , 52.44 , 52.65
35.788 , 52.44 , 52.65
35.789 , 52.41 , 52.64
35.791 , 52.37 , 52.64
35.792 , 52.41 , 52.64
35.793 , 52.37 , 52.63
35.794 , 52.41 , 52.63
35.796 , 52.41 , 52.62
35.797 , 52.41 , 52.62
35.798 , 52.37 , 52.62
35.8 , 52.37 , 52.61
35.801 , 52.37 , 52.61
35.802 , 52.37 , 52.61
35.803 , 52.37 , 52.6
35.805 , 52.37 , 52.6
35.806 , 52.35 , 52.59
35.807 , 52.35 , 52.59
35.809 , 52.35 , 52.58
35.81 , 52.35 , 52.58
35.811 , 52.35 , 52.58
35.812 , 52.32 , 52.58
35.813 , 52.28 , 52.57
35.815 , 52.32 , 52.57
35.816 , 52.32 , 52.56
35.817 , 52.32 , 52.56
35.819 , 52.28 , 52.55
35.82 , 52.28 , 52.55
35.821 , 52.32 , 52.55
35.822 , 52.32 , 52.55
35.824 , 52.28 , 52.54
35.825 , 52.28 , 52.54
35.826 , 52.25 , 52.53
35.827 , 52.25 , 52.53
35.829 , 52.21 , 52.52
35.83 , 52.28 , 52.52
35.831 , 52.25 , 52.52
35.832 , 52.28 , 52.52
35.834 , 52.25 , 52.51
35.835 , 52.28 , 52.51
35.836 , 52.28 , 52.5
35.837 , 52.28 , 52.5
35.839 , 52.32 , 52.49
35.84 , 52.32 , 52.49
35.841 , 52.28 , 52.49
35.842 , 52.28 , 52.49
35.844 , 52.28 , 52.48
35.845 , 52.32 , 52.48
35.846 , 52.28 , 52.47
35.847 , 52.28 , 52.47
35.849 , 52.28 , 52.46
35.85 , 52.28 , 52.46
35.851 , 52.21 , 52.46
35.853 , 52.21 , 52.45
35.854 , 52.25 , 52.45
35.855 , 52.21 , 52.45
35.856 , 52.21 , 52.44
35.858 , 52.21 , 52.44
35.859 , 52.25 , 52.43
35.86 , 52.21 , 52.43
35.861 , 52.25 , 52.43
35.862 , 52.21 , 52.43
35.864 , 52.21 , 52.42
35.865 , 52.21 , 52.42
35.866 , 52.21 , 52.41
35.868 , 52.21 , 52.41
35.869 , 52.21 , 52.4
35.87 , 52.21 , 52.4
35.871 , 52.19 , 52.4
35.873 , 52.25 , 52.39
35.874 , 52.21 , 52.39
35.875 , 52.19 , 52.39
35.876 , 52.19 , 52.38
35.878 , 52.19 , 52.38
35.879 , 52.21 , 52.37
35.88 , 52.19 , 52.37
35.882 , 52.19 , 52.37
35.883 , 52.21 , 52.36
35.884 , 52.21 , 52.36
35.885 , 52.25 , 52.36
35.887 , 52.25 , 52.35
35.888 , 52.25 , 52.35
35.889 , 52.21 , 52.34
35.89 , 52.25 , 52.34
35.892 , 52.21 , 52.34
35.893 , 52.25 , 52.33
35.894 , 52.25 , 52.33
35.895 , 52.32 , 52.33
35.897 , 52.35 , 52.32
35.898 , 52.44 , 52.32
35.899 , 52.53 , 52.31
35.9 , 52.71 , 52.31
35.902 , 52.8 , 52.31
35.903 , 52.92 , 52.3
35.904 , 52.99 , 52.3
35.905 , 52.99 , 52.3
35.907 , 52.99 , 52.29
35.908 , 52.96 , 52.29
35.909 , 52.96 , 52.28
35.91 , 52.9 , 52.28
35.912 , 52.8 , 52.28
35.913 , 52.76 , 52.27
35.914 , 52.71 , 52.27
35.916 , 52.71 , 52.26
35.917 , 52.71 , 52.26
35.918 , 52.67 , 52.26
35.919 , 52.71 , 52.25
35.921 , 52.76 , 52.25
35.922 , 52.8 , 52.25
35.923 , 52.87 , 52.24
35.924 , 52.87 , 52.24
35.926 , 52.92 , 52.23
35.927 , 52.96 , 52.23
35.928 , 52.92 , 52.23
35.93 , 52.87 , 52.22
35.931 , 52.74 , 52.22
35.932 , 52.64 , 52.22
35.933 , 52.53 , 52.21
35.935 , 52.41 , 52.21
35.936 , 52.35 , 52.2
35.937 , 52.28 , 52.2
35.938 , 52.25 , 52.2
35.939 , 52.21 , 52.19
35.941 , 52.19 , 52.19
35.942 , 52.25 , 52.19
35.943 , 52.35 , 52.18
35.945 , 52.41 , 52.18
35.946 , 52.41 , 52.17
35.947 , 52.48 , 52.17
35.948 , 52.53 , 52.17
35.95 , 52.53 , 52.16
35.951 , 52.53 , 52.16
35.952 , 52.48 , 52.16
35.954 , 52.53 , 52.15
35.955 , 52.48 , 52.15
35.956 , 52.44 , 52.14
35.957 , 52.44 , 52.14
35.959 , 52.41 , 52.13
35.96 , 52.41 , 52.13
35.961 , 52.37 , 52.13
35.962 , 52.37 , 52.13
35.964 , 52.37 , 52.12
35.965 , 52.32 , 52.12
35.966 , 52.37 , 52.11
35.967 , 52.35 , 52.11
35.969 , 52.37 , 52.1
35.97 , 52.35 , 52.1
35.971 , 52.35 , 52.1
35.973 , 52.35 , 52.09
35.974 , 52.37 , 52.09
35.975 , 52.35 , 52.09
35.976 , 52.35 , 52.08
35.978 , 52.35 , 52.08
35.979 , 52.32 , 52.07
35.98 , 52.32 , 52.07
35.982 , 52.32 , 52.07
35.983 , 52.32 , 52.06
35.984 , 52.35 , 52.06
35.985 , 52.32 , 52.06
35.986 , 52.32 , 52.05
35.988 , 52.28 , 52.05
35.989 , 52.32 , 52.04
35.99 , 52.28 , 52.04
35.992 , 52.28 , 52.04
35.993 , 52.25 , 52.03
35.994 , 52.28 , 52.03
35.995 , 52.28 , 52.03
35.997 , 52.28 , 52.02
35.998 , 52.25 , 52.02
35.999 , 52.28 , 52.01
36.0 , 52.25 , 52.01
36.002 , 52.25 , 52.01
36.003 , 52.28 , 52.0
36.004 , 52.28 , 52.0
36.005 , 52.28 , 52.0
36.007 , 52.25 , 51.99
36.008 , 52.25 , 51.99
36.009 , 52.25 , 51.98
36.01 , 52.25 , 51.98
36.011 , 52.25 , 51.98
36.013 , 52.21 , 51.97
36.014 , 52.19 , 51.97
36.015 , 52.21 , 51.97
36.016 , 52.19 , 51.96
36.018 , 52.21 , 51.96
36.019 , 52.19 , 51.95
36.02 , 52.19 , 51.95
36.021 , 52.21 , 51.95
36.023 , 52.19 , 51.94
36.024 , 52.19 , 51.94
36.025 , 52.14 , 51.94
36.027 , 52.14 , 51.93
36.028 , 52.19 , 51.93
36.029 , 52.14 , 51.92
36.03 , 52.19 , 51.92
36.032 , 52.14 , 51.91
36.033 , 52.14 , 51.91
36.034 , 52.14 , 51.91
36.036 , 52.14 , 51.9
36.037 , 52.12 , 51.9
36.038 , 52.09 , 51.9
36.039 , 52.12 , 51.89
36.041 , 52.09 , 51.89
36.042 , 52.12 , 51.88
36.043 , 52.12 , 51.88
36.044 , 52.09 , 51.88
36.045 , 52.12 , 51.88
36.047 , 52.09 , 51.87
36.048 , 52.09 , 51.87
36.049 , 52.05 , 51.86
36.05 , 52.09 , 51.86
36.052 , 52.05 , 51.85
36.053 , 52.09 , 51.85
36.054 , 52.09 , 51.85
36.055 , 52.05 , 51.85
36.057 , 52.09 , 51.84
36.058 , 52.05 , 51.84
36.059 , 52.03 , 51.83
36.061 , 52.05 , 51.83
36.062 , 52.03 , 51.82
36.063 , 52.05 , 51.82
36.064 , 52.05 , 51.82
36.066 , 52.03 , 51.81
36.067 , 52.03 , 51.81
36.068 , 52.03 , 51.81
36.069 , 52.03 , 51.8
36.07 , 52.03 , 51.8
36.072 , 51.98 , 51.79
36.073 , 51.98 , 51.79
36.074 , 51.98 , 51.79
36.076 , 51.98 , 51.78
36.077 , 52.03 , 51.78
36.078 , 51.96 , 51.78
36.08 , 51.98 , 51.77
36.081 , 51.96 , 51.77
36.082 , 51.96 , 51.76
36.083 , 51.96 , 51.76
36.085 , 51.98 , 51.76
36.086 , 51.98 , 51.75
36.087 , 51.96 , 51.75
36.088 , 51.96 , 51.75
36.09 , 51.96 , 51.74
36.091 , 51.93 , 51.74
36.092 , 51.93 , 51.73
36.093 , 51.93 , 51.73
36.095 , 51.89 , 51.73
36.096 , 51.89 , 51.72
36.097 , 51.96 , 51.72
36.098 , 51.93 , 51.72
36.1 , 51.93 , 51.71
36.101 , 51.87 , 51.71
36.102 , 51.89 , 51.7
36.103 , 51.89 , 51.7
36.105 , 51.87 , 51.7
36.106 , 51.82 , 51.69
36.107 , 51.82 , 51.69
36.108 , 51.8 , 51.69
36.11 , 51.82 , 51.68
36.111 , 51.82 , 51.68
36.112 , 51.82 , 51.67
36.114 , 51.87 , 51.67
36.115 , 51.93 , 51.67
36.116 , 51.93 , 51.66
36.117 , 51.89 , 51.66
36.119 , 51.93 , 51.65
36.12 , 51.89 , 51.65
36.121 , 51.87 , 51.65
36.122 , 51.82 , 51.64
36.124 , 51.8 , 51.64
36.125 , 51.77 , 51.64
36.126 , 51.73 , 51.63
36.127 , 51.73 , 51.63
36.129 , 51.66 , 51.62
36.13 , 51.66 , 51.62
36.131 , 51.71 , 51.62
36.132 , 51.71 , 51.61
36.134 , 51.66 , 51.61
36.135 , 51.73 , 51.61
36.136 , 51.73 , 51.6
36.137 , 51.73 , 51.6
36.139 , 51.73 , 51.59
36.14 , 51.73 , 51.59
36.141 , 51.71 , 51.59
36.143 , 51.73 , 51.58
36.144 , 51.73 , 51.58
36.145 , 51.73 , 51.58
36.146 , 51.73 , 51.57
36.148 , 51.77 , 51.57
36.149 , 51.66 , 51.56
36.15 , 51.71 , 51.56
36.151 , 51.66 , 51.56
36.152 , 51.64 , 51.55
36.154 , 51.59 , 51.55
36.155 , 51.59 , 51.55
36.156 , 51.59 , 51.54
36.157 , 51.59 , 51.54
36.159 , 51.59 , 51.53
36.16 , 51.59 , 51.53
36.161 , 51.59 , 51.53
36.162 , 51.64 , 51.52
36.164 , 51.64 , 51.52
36.165 , 51.64 , 51.52
36.166 , 51.59 , 51.51
36.167 , 51.57 , 51.51
36.169 , 51.59 , 51.5
36.17 , 51.59 , 51.5
36.171 , 51.57 , 51.5
36.172 , 51.59 , 51.49
36.174 , 51.54 , 51.49
36.175 , 51.5 , 51.49
36.176 , 51.54 , 51.48
36.177 , 51.5 , 51.48
36.179 , 51.54 , 51.47
36.18 , 51.5 , 51.47
36.181 , 51.54 , 51.47
36.182 , 51.54 , 51.46
36.183 , 51.57 , 51.46
36.185 , 51.57 , 51.46
36.186 , 51.54 , 51.45
36.187 , 51.57 , 51.45
36.188 , 51.54 , 51.45
36.19 , 51.5 , 51.44
36.191 , 51.48 , 51.44
36.192 , 51.48 , 51.43
36.193 , 51.48 , 51.43
36.195 , 51.48 , 51.43
36.196 , 51.48 , 51.42
36.197 , 51.48 , 51.42
36.198 , 51.43 , 51.42
36.2 , 51.43 , 51.41
36.201 , 51.43 , 51.41
36.202 , 51.43 , 51.4
36.203 , 51.41 , 51.4
36.205 , 51.43 , 51.4
36.206 , 51.41 , 51.39
36.207 , 51.41 , 51.39
36.208 , 51.41 , 51.39
36.209 , 51.41 , 51.38
36.211 , 51.38 , 51.38
36.212 , 51.41 , 51.37
36.213 , 51.41 , 51.37
36.214 , 51.41 , 51.37
36.216 , 51.38 , 51.36
36.217 , 51.38 , 51.36
36.218 , 51.38 , 51.36
36.219 , 51.38 , 51.35
36.221 , 51.41 , 51.35
36.222 , 51.38 , 51.34
36.223 , 51.41 , 51.34
36.224 , 51.41 , 51.34
36.226 , 51.43 , 51.33
36.227 , 51.41 , 51.33
36.228 , 51.38 , 51.33
36.229 , 51.34 , 51.32
36.23 , 51.38 , 51.32
36.232 , 51.34 , 51.31
36.233 , 51.27 , 51.31
36.234 , 51.32 , 51.31
36.235 , 51.32 , 51.31
36.236 , 51.27 , 51.3
36.238 , 51.27 , 51.3
36.239 , 51.25 , 51.29
36.24 , 51.34 , 51.29
36.241 , 51.32 , 51.29
36.242 , 51.27 , 51.28
36.244 , 51.27 , 51.28
36.245 , 51.32 , 51.28
36.246 , 51.32 , 51.27
36.248 , 51.27 , 51.27
36.249 , 51.27 , 51.26
36.25 , 51.27 , 51.26
36.251 , 51.27 , 51.26
36.252 , 51.25 , 51.25
36.254 , 51.27 , 51.25
36.255 , 51.25 , 51.25
36.256 , 51.25 , 51.24
36.257 , 51.2 , 51.24
36.258 , 51.2 , 51.24
36.259 , 51.2 , 51.23
36.261 , 51.25 , 51.23
36.262 , 51.25 , 51.22
36.263 , 51.2 , 51.22
36.264 , 51.2 , 51.22
36.265 , 51.2 , 51.22
36.267 , 51.2 , 51.21
36.268 , 51.18 , 51.21
36.269 , 51.18 , 51.2
36.27 , 51.18 , 51.2
36.271 , 51.18 , 51.2
36.273 , 51.18 , 51.19
36.274 , 51.2 , 51.19
36.275 , 51.18 , 51.19
36.276 , 51.18 , 51.18
36.277 , 51.16 , 51.18
36.279 , 51.18 , 51.17
36.28 , 51.2 , 51.17
36.281 , 51.18 , 51.17
36.282 , 51.11 , 51.16
36.284 , 51.16 , 51.16
36.285 , 51.16 , 51.16
36.286 , 51.04 , 51.15
36.287 , 51.09 , 51.15
36.289 , 51.04 , 51.14
36.29 , 51.04 , 51.14
36.291 , 51.04 , 51.14
36.292 , 51.04 , 51.13
36.293 , 51.04 , 51.13
36.295 , 51.02 , 51.13
36.296 , 51.02 , 51.12
36.297 , 51.02 , 51.12
36.298 , 51.0 , 51.12
36.299 , 51.02 , 51.11
36.301 , 51.02 , 51.11
36.302 , 51.02 , 51.1
36.303 , 51.0 , 51.1
36.304 , 51.02 , 51.1
36.305 , 51.0 , 51.1
36.307 , 51.02 , 51.09
36.308 , 50.95 , 51.09
36.309 , 51.0 , 51.08
36.31 , 51.0 , 51.08
36.311 , 50.95 , 51.08
36.313 , 51.0 , 51.07
36.314 , 51.0 , 51.07
36.315 , 50.95 , 51.07
36.316 , 50.93 , 51.06
36.317 , 50.95 , 51.06
36.319 , 50.93 , 51.05
36.32 , 50.95 , 51.05
36.321 , 50.95 , 51.05
36.322 , 50.93 , 51.04
36.324 , 50.95 , 51.04
36.325 , 50.88 , 51.04
36.326 , 50.95 , 51.03
36.327 , 50.95 , 51.03
36.328 , 50.95 , 51.03
36.33 , 50.93 , 51.02
36.331 , 50.93 , 51.02
36.332 , 50.93 , 51.01
36.333 , 50.93 , 51.01
36.334 , 50.88 , 51.01
36.336 , 50.88 , 51.0
36.337 , 50.88 , 51.0
36.338 , 50.88 , 51.0
36.339 , 50.86 , 50.99
36.34 , 50.86 , 50.99
36.342 , 50.86 , 50.98
36.343 , 50.86 , 50.98
36.344 , 50.86 , 50.98
36.345 , 50.86 , 50.98
36.347 , 50.84 , 50.97
36.348 , 50.86 , 50.97
36.349 , 50.86 , 50.96
36.35 , 50.79 , 50.96
36.352 , 50.84 , 50.95
36.353 , 50.84 , 50.95
36.354 , 50.84 , 50.95
36.355 , 50.84 , 50.95
36.356 , 50.84 , 50.94
36.358 , 50.79 , 50.94
36.359 , 50.84 , 50.93
36.36 , 50.79 , 50.93
36.361 , 50.79 , 50.93
36.362 , 50.84 , 50.92
36.364 , 50.77 , 50.92
36.365 , 50.84 , 50.91
36.366 , 50.84 , 50.91
36.367 , 50.79 , 50.91
36.369 , 50.79 , 50.9
36.37 , 50.77 , 50.9
36.371 , 50.79 , 50.9
36.372 , 50.77 , 50.89
36.374 , 50.77 , 50.89
36.375 , 50.77 , 50.88
36.376 , 50.72 , 50.88
36.377 , 50.7 , 50.88
36.378 , 50.77 , 50.88
36.38 , 50.77 , 50.87
36.381 , 50.77 , 50.87
36.382 , 50.72 , 50.86
36.383 , 50.72 , 50.86
36.385 , 50.72 , 50.85
36.386 , 50.77 , 50.85
36.387 , 50.77 , 50.85
36.388 , 50.72 , 50.85
36.39 , 50.79 , 50.84
36.391 , 50.77 , 50.84
36.392 , 50.77 , 50.83
36.393 , 50.77 , 50.83
36.394 , 50.77 , 50.83
36.396 , 50.72 , 50.82
36.397 , 50.72 , 50.82
36.398 , 50.72 , 50.82
36.399 , 50.7 , 50.81
36.401 , 50.7 , 50.81
36.402 , 50.72 , 50.8
36.403 , 50.72 , 50.8
36.404 , 50.7 , 50.8
36.406 , 50.72 , 50.79
36.407 , 50.72 , 50.79
36.408 , 50.72 , 50.79
36.417 , 50.63 , 50.76
36.419 , 50.63 , 50.75
36.42 , 50.65 , 50.75
36.421 , 50.65 , 50.75
36.422 , 50.63 , 50.74
36.423 , 50.63 , 50.74
36.424 , 50.65 , 50.74
36.426 , 50.65 , 50.73
36.427 , 50.63 , 50.73
36.428 , 50.65 , 50.73
36.429 , 50.61 , 50.72
36.431 , 50.61 , 50.72
36.432 , 50.63 , 50.71
36.433 , 50.61 , 50.71
36.434 , 50.63 , 50.71
36.436 , 50.61 , 50.7
36.437 , 50.63 , 50.7
36.438 , 50.56 , 50.7
36.439 , 50.56 , 50.69
36.44 , 50.56 , 50.69
36.442 , 50.61 , 50.68
36.443 , 50.56 , 50.68
36.444 , 50.61 , 50.68
36.445 , 50.56 , 50.67
36.446 , 50.54 , 50.67
36.448 , 50.56 , 50.67
36.449 , 50.54 , 50.66
36.45 , 50.54 , 50.66
36.451 , 50.54 , 50.66
36.453 , 50.47 , 50.65
36.454 , 50.47 , 50.65
36.455 , 50.54 , 50.64
36.456 , 50.47 , 50.64
36.457 , 50.47 , 50.64
36.459 , 50.45 , 50.63
36.46 , 50.45 , 50.63
36.461 , 50.47 , 50.63
36.462 , 50.47 , 50.62
36.464 , 50.45 , 50.62
36.465 , 50.45 , 50.61
36.466 , 50.4 , 50.61
36.467 , 50.45 , 50.61
36.468 , 50.45 , 50.61
36.47 , 50.4 , 50.6
36.471 , 50.4 , 50.6
36.472 , 50.4 , 50.59
36.473 , 50.38 , 50.59
36.474 , 50.4 , 50.59
36.476 , 50.38 , 50.58
36.477 , 50.33 , 50.58
36.478 , 50.38 , 50.58
36.479 , 50.38 , 50.57
36.48 , 50.38 , 50.57
36.482 , 50.33 , 50.56
36.483 , 50.33 , 50.56
36.484 , 50.38 , 50.56
36.485 , 50.33 , 50.55
36.486 , 50.33 , 50.55
36.488 , 50.33 , 50.55
36.489 , 50.33 , 50.54
36.49 , 50.33 , 50.54
36.491 , 50.33 , 50.54
36.492 , 50.31 , 50.53
36.494 , 50.31 , 50.53
36.495 , 50.29 , 50.52
36.496 , 50.31 , 50.52
36.497 , 50.29 , 50.52
36.499 , 50.29 , 50.51
36.5 , 50.29 , 50.51
36.501 , 50.29 , 50.51
36.502 , 50.29 , 50.5
36.503 , 50.24 , 50.5
36.505 , 50.24 , 50.49
36.506 , 50.24 , 50.49
36.507 , 50.29 , 50.49
36.508 , 50.29 , 50.49
36.509 , 50.24 , 50.48
36.511 , 50.24 , 50.48
36.512 , 50.22 , 50.47
36.513 , 50.22 , 50.47
36.514 , 50.24 , 50.47
36.515 , 50.17 , 50.46
36.517 , 50.22 , 50.46
36.518 , 50.22 , 50.46
36.519 , 50.22 , 50.45
36.52 , 50.22 , 50.45
36.522 , 50.22 , 50.44
36.523 , 50.22 , 50.44
36.524 , 50.17 , 50.44
36.525 , 50.22 , 50.43
36.526 , 50.17 , 50.43
36.528 , 50.17 , 50.43
36.529 , 50.17 , 50.42
36.53 , 50.17 , 50.42
36.531 , 50.17 , 50.42
36.533 , 50.15 , 50.41
36.534 , 50.1 , 50.41
36.535 , 50.1 , 50.4
36.537 , 50.15 , 50.4
36.538 , 50.08 , 50.4
36.539 , 50.1 , 50.39
36.54 , 50.1 , 50.39
36.542 , 50.1 , 50.38
36.543 , 50.15 , 50.38
36.544 , 50.08 , 50.38
36.545 , 50.15 , 50.37
36.546 , 50.15 , 50.37
36.548 , 50.17 , 50.37
36.549 , 50.15 , 50.36
36.55 , 50.15 , 50.36
36.551 , 50.15 , 50.36
36.553 , 50.08 , 50.35
36.554 , 50.08 , 50.35
36.555 , 50.08 , 50.34
36.556 , 50.08 , 50.34
36.557 , 50.06 , 50.34
36.559 , 50.06 , 50.33
36.56 , 50.06 , 50.33
36.561 , 50.08 , 50.33
36.562 , 50.06 , 50.32
36.563 , 50.06 , 50.32
36.565 , 50.08 , 50.31
36.566 , 50.08 , 50.31
36.567 , 50.06 , 50.31
36.568 , 50.08 , 50.31
36.569 , 50.01 , 50.3
36.571 , 50.06 , 50.3
36.572 , 50.01 , 50.29
36.573 , 50.01 , 50.29
36.574 , 50.01 , 50.29
36.575 , 50.01 , 50.28
36.577 , 49.99 , 50.28
36.578 , 49.99 , 50.28
36.579 , 49.99 , 50.27
36.581 , 50.01 , 50.27
36.582 , 49.99 , 50.26
36.583 , 49.99 , 50.26
36.584 , 50.01 , 50.26
36.586 , 50.01 , 50.25
36.587 , 50.06 , 50.25
36.588 , 50.06 , 50.25
36.589 , 50.06 , 50.24
36.59 , 50.06 , 50.24
36.592 , 50.01 , 50.23
36.593 , 50.06 , 50.23
36.594 , 50.06 , 50.23
36.595 , 49.99 , 50.22
36.597 , 50.01 , 50.22
36.598 , 49.99 , 50.22
36.599 , 49.99 , 50.21
36.6 , 49.99 , 50.21
36.602 , 49.94 , 50.2
36.603 , 49.94 , 50.2
36.604 , 49.94 , 50.2
36.605 , 49.99 , 50.19
36.607 , 49.99 , 50.19
36.608 , 49.94 , 50.19
36.609 , 49.94 , 50.18
36.61 , 49.94 , 50.18
36.612 , 49.99 , 50.17
36.613 , 49.94 , 50.17
36.614 , 49.94 , 50.17
36.616 , 49.94 , 50.16
36.617 , 49.94 , 50.16
36.618 , 49.92 , 50.16
36.619 , 49.94 , 50.15
36.621 , 49.94 , 50.15
36.622 , 49.94 , 50.14
36.623 , 49.94 , 50.14
36.625 , 49.92 , 50.13
36.626 , 49.92 , 50.13
36.627 , 49.94 , 50.13
36.628 , 49.94 , 50.13
36.63 , 49.92 , 50.12
36.631 , 49.92 , 50.12
36.632 , 49.94 , 50.11
36.633 , 49.92 , 50.11
36.635 , 49.94 , 50.1
36.636 , 49.94 , 50.1
36.637 , 49.99 , 50.1
36.638 , 49.94 , 50.1
36.64 , 49.92 , 50.09
36.641 , 49.94 , 50.09
36.642 , 49.92 , 50.08
36.644 , 49.92 , 50.08
36.645 , 49.99 , 50.07
36.646 , 50.01 , 50.07
36.647 , 50.08 , 50.07
36.649 , 50.22 , 50.06
36.65 , 50.31 , 50.06
36.651 , 50.4 , 50.06
36.652 , 50.61 , 50.05
36.653 , 50.65 , 50.05
36.655 , 50.77 , 50.04
36.656 , 50.79 , 50.04
36.657 , 50.77 , 50.04
36.658 , 50.72 , 50.04
36.659 , 50.7 , 50.03
36.661 , 50.63 , 50.03
36.662 , 50.56 , 50.02
36.663 , 50.54 , 50.02
36.664 , 50.45 , 50.02
36.665 , 50.47 , 50.01
36.667 , 50.45 , 50.01
36.668 , 50.45 , 50.01
36.669 , 50.4 , 50.0
36.67 , 50.4 , 50.0
36.672 , 50.47 , 49.99
36.673 , 50.61 , 49.99
36.674 , 50.61 , 49.99
36.675 , 50.61 , 49.98
36.676 , 50.54 , 49.98
36.678 , 50.4 , 49.98
36.679 , 50.29 , 49.97
36.68 , 50.22 , 49.97
36.681 , 50.15 , 49.97
36.683 , 50.08 , 49.96
36.684 , 50.06 , 49.96
36.685 , 49.99 , 49.95
36.686 , 49.94 , 49.95
36.688 , 49.99 , 49.95
36.689 , 49.99 , 49.94
36.69 , 49.99 , 49.94
36.692 , 50.06 , 49.93
36.693 , 50.1 , 49.93
36.694 , 50.15 , 49.93
36.695 , 50.22 , 49.92
36.696 , 50.24 , 49.92
36.698 , 50.22 , 49.92
36.699 , 50.17 , 49.91
36.7 , 50.22 , 49.91
36.702 , 50.17 , 49.9
36.703 , 50.15 , 49.9
36.704 , 50.1 , 49.9
36.705 , 50.1 , 49.89
36.707 , 50.1 , 49.89
36.708 , 50.08 , 49.89
36.709 , 50.06 , 49.88
36.71 , 50.06 , 49.88
36.712 , 50.06 , 49.87
36.713 , 50.01 , 49.87
36.714 , 49.99 , 49.87
36.715 , 50.01 , 49.86
36.717 , 50.01 , 49.86
36.718 , 50.06 , 49.86
36.719 , 50.01 , 49.85
36.72 , 50.01 , 49.85
36.722 , 50.01 , 49.84
36.723 , 50.06 , 49.84
36.724 , 50.01 , 49.84
36.725 , 50.06 , 49.83
36.727 , 50.06 , 49.83
36.728 , 50.01 , 49.82
36.729 , 50.01 , 49.82
36.73 , 49.99 , 49.82
36.732 , 49.94 , 49.81
36.733 , 49.94 , 49.81
36.734 , 49.94 , 49.81
36.736 , 49.94 , 49.8
36.737 , 49.94 , 49.8
36.738 , 49.99 , 49.79
36.739 , 49.94 , 49.79
36.741 , 49.94 , 49.79
36.742 , 49.99 , 49.78
36.743 , 49.94 , 49.78
36.745 , 49.94 , 49.77
36.746 , 49.94 , 49.77
36.747 , 49.94 , 49.77
36.748 , 49.92 , 49.76
36.75 , 49.92 , 49.76
36.751 , 49.92 , 49.76
36.752 , 49.92 , 49.75
36.754 , 49.92 , 49.75
36.755 , 49.92 , 49.74
36.756 , 49.9 , 49.74
36.757 , 49.9 , 49.74
36.759 , 49.9 , 49.73
36.76 , 49.92 , 49.73
36.761 , 49.9 , 49.73
36.763 , 49.92 , 49.72
36.764 , 49.9 , 49.72
36.765 , 49.92 , 49.71
36.766 , 49.9 , 49.71
36.768 , 49.9 , 49.7
36.769 , 49.85 , 49.7
36.77 , 49.9 , 49.7
36.771 , 49.83 , 49.7
36.773 , 49.83 , 49.69
36.774 , 49.83 , 49.69
36.775 , 49.85 , 49.68
36.776 , 49.85 , 49.68
36.778 , 49.83 , 49.67
36.779 , 49.85 , 49.67
36.78 , 49.83 , 49.67
36.782 , 49.83 , 49.66
36.783 , 49.83 , 49.66
36.784 , 49.85 , 49.66
36.785 , 49.83 , 49.65
36.787 , 49.78 , 49.65
36.788 , 49.76 , 49.64
36.789 , 49.83 , 49.64
36.791 , 49.78 , 49.64
36.792 , 49.78 , 49.63
36.793 , 49.76 , 49.63
36.795 , 49.78 , 49.62
36.796 , 49.76 , 49.62
36.797 , 49.78 , 49.62
36.798 , 49.76 , 49.61
36.8 , 49.76 , 49.61
36.801 , 49.71 , 49.61
36.802 , 49.78 , 49.6
36.804 , 49.76 , 49.6
36.805 , 49.76 , 49.59
36.806 , 49.76 , 49.59
36.807 , 49.76 , 49.59
36.809 , 49.71 , 49.58
36.81 , 49.76 , 49.58
36.811 , 49.71 , 49.58
36.813 , 49.76 , 49.57
36.814 , 49.71 , 49.57
36.815 , 49.71 , 49.56
36.817 , 49.71 , 49.56
36.818 , 49.71 , 49.55
36.819 , 49.69 , 49.55
36.82 , 49.69 , 49.55
36.822 , 49.67 , 49.54
36.823 , 49.69 , 49.54
36.824 , 49.69 , 49.54
36.826 , 49.69 , 49.53
36.827 , 49.69 , 49.53
36.828 , 49.69 , 49.52
36.83 , 49.69 , 49.52
36.831 , 49.69 , 49.52
36.832 , 49.67 , 49.51
36.833 , 49.67 , 49.51
36.835 , 49.67 , 49.5
36.836 , 49.62 , 49.5
36.837 , 49.62 , 49.5
36.838 , 49.67 , 49.49
36.84 , 49.62 , 49.49
36.841 , 49.67 , 49.49
36.842 , 49.6 , 49.48
36.844 , 49.62 , 49.48
36.845 , 49.62 , 49.47
36.846 , 49.6 , 49.47
36.847 , 49.62 , 49.47
36.849 , 49.6 , 49.46
36.85 , 49.62 , 49.46
36.851 , 49.6 , 49.46
36.853 , 49.55 , 49.45
36.854 , 49.51 , 49.45
36.855 , 49.46 , 49.44
36.856 , 49.44 , 49.44
36.858 , 49.46 , 49.43
36.859 , 49.51 , 49.43
36.86 , 49.51 , 49.43
36.861 , 49.53 , 49.43
36.863 , 49.55 , 49.42
36.864 , 49.6 , 49.42
36.865 , 49.62 , 49.41
36.867 , 49.67 , 49.41
36.868 , 49.6 , 49.4
36.869 , 49.55 , 49.4
36.871 , 49.55 , 49.4
36.872 , 49.53 , 49.39
36.873 , 49.46 , 49.39
36.874 , 49.46 , 49.39
36.876 , 49.44 , 49.38
36.877 , 49.39 , 49.38
36.878 , 49.39 , 49.37
36.88 , 49.37 , 49.37
36.881 , 49.37 , 49.37
36.882 , 49.44 , 49.36
36.884 , 49.39 , 49.36
36.885 , 49.39 , 49.35
36.886 , 49.37 , 49.35
36.888 , 49.44 , 49.34
36.889 , 49.39 , 49.34
36.89 , 49.39 , 49.34
36.891 , 49.44 , 49.34
36.893 , 49.44 , 49.33
36.894 , 49.39 , 49.33
36.895 , 49.37 , 49.32
36.897 , 49.37 , 49.32
36.898 , 49.39 , 49.31
36.899 , 49.35 , 49.31
36.9 , 49.37 , 49.31
36.902 , 49.35 , 49.3
36.903 , 49.37 , 49.3
36.904 , 49.39 , 49.3
36.906 , 49.39 , 49.29
36.907 , 49.39 , 49.29
36.908 , 49.35 , 49.28
36.91 , 49.35 , 49.28
36.911 , 49.37 , 49.28
36.912 , 49.37 , 49.27
36.913 , 49.37 , 49.27
36.915 , 49.35 , 49.26
36.916 , 49.3 , 49.26
36.917 , 49.3 , 49.26
36.919 , 49.3 , 49.25
36.92 , 49.3 , 49.25
36.921 , 49.28 , 49.25
36.923 , 49.28 , 49.24
36.924 , 49.28 , 49.24
36.925 , 49.28 , 49.23
36.926 , 49.28 , 49.23
36.928 , 49.3 , 49.22
36.929 , 49.28 , 49.22
36.93 , 49.28 , 49.22
36.931 , 49.23 , 49.22
36.933 , 49.23 , 49.21
36.934 , 49.28 , 49.21
36.935 , 49.21 , 49.2
36.937 , 49.21 , 49.2
36.938 , 49.21 , 49.19
36.939 , 49.14 , 49.19
36.94 , 49.14 , 49.19
36.942 , 49.14 , 49.18
36.943 , 49.14 , 49.18
36.944 , 49.14 , 49.18
36.946 , 49.14 , 49.17
36.947 , 49.14 , 49.17
36.948 , 49.21 , 49.16
36.949 , 49.14 , 49.16
36.951 , 49.14 , 49.16
36.952 , 49.14 , 49.15
36.953 , 49.14 , 49.15
36.955 , 49.14 , 49.14
36.956 , 49.12 , 49.14
36.957 , 49.1 , 49.14
36.959 , 49.12 , 49.13
36.96 , 49.12 , 49.13
36.961 , 49.1 , 49.13
36.962 , 49.12 , 49.12
36.964 , 49.1 , 49.12
36.965 , 49.1 , 49.11
36.966 , 49.05 , 49.11
36.967 , 49.05 , 49.11
36.969 , 49.05 , 49.1
36.97 , 49.05 , 49.1
36.971 , 49.05 , 49.1
36.973 , 49.05 , 49.09
36.974 , 49.05 , 49.09
36.975 , 49.1 , 49.08
36.976 , 49.1 , 49.08
36.978 , 49.03 , 49.07
36.979 , 49.05 , 49.07
36.98 , 49.05 , 49.07
36.982 , 49.03 , 49.06
36.983 , 49.1 , 49.06
36.984 , 49.03 , 49.06
36.986 , 48.98 , 49.05
36.987 , 49.03 , 49.05
36.988 , 49.03 , 49.04
36.989 , 49.03 , 49.04
36.991 , 48.98 , 49.04
36.992 , 48.96 , 49.03
36.993 , 48.96 , 49.03
36.995 , 48.96 , 49.02
36.996 , 48.96 , 49.02
36.997 , 48.98 , 49.02
36.998 , 48.98 , 49.01
37.0 , 48.94 , 49.01
37.001 , 48.96 , 49.01
37.002 , 48.98 , 49.0
37.004 , 48.98 , 49.0
37.005 , 48.96 , 48.99
37.006 , 48.96 , 48.99
37.007 , 48.96 , 48.99
37.009 , 48.94 , 48.98
37.01 , 48.94 , 48.98
37.011 , 48.94 , 48.98
37.013 , 48.89 , 48.97
37.014 , 48.89 , 48.97
37.015 , 48.89 , 48.96
37.017 , 48.89 , 48.96
37.018 , 48.94 , 48.95
37.019 , 48.94 , 48.95
37.02 , 48.89 , 48.95
37.022 , 48.89 , 48.94
37.023 , 48.89 , 48.94
37.024 , 48.89 , 48.94
37.026 , 48.94 , 48.93
37.027 , 48.89 , 48.93
37.028 , 48.87 , 48.92
37.03 , 48.89 , 48.92
37.031 , 48.87 , 48.92
37.032 , 48.82 , 48.91
37.033 , 48.82 , 48.91
37.035 , 48.87 , 48.9
37.036 , 48.87 , 48.9
37.037 , 48.82 , 48.9
37.039 , 48.87 , 48.89
37.04 , 48.87 , 48.89
37.041 , 48.87 , 48.89
37.042 , 48.82 , 48.88
37.044 , 48.82 , 48.88
37.045 , 48.8 , 48.87
37.046 , 48.82 , 48.87
37.048 , 48.8 , 48.86
37.049 , 48.8 , 48.86
37.05 , 48.8 , 48.86
37.052 , 48.78 , 48.85
37.053 , 48.8 , 48.85
37.054 , 48.78 , 48.85
37.055 , 48.8 , 48.84
37.057 , 48.8 , 48.84
37.058 , 48.78 , 48.83
37.059 , 48.8 , 48.83
37.061 , 48.8 , 48.83
37.062 , 48.8 , 48.82
37.063 , 48.78 , 48.82
37.065 , 48.78 , 48.81
37.066 , 48.73 , 48.81
37.067 , 48.73 , 48.81
37.068 , 48.71 , 48.8
37.07 , 48.73 , 48.8
37.071 , 48.71 , 48.8
37.072 , 48.71 , 48.79
37.074 , 48.71 , 48.79
37.075 , 48.66 , 48.78
37.076 , 48.73 , 48.78
37.077 , 48.71 , 48.78
37.079 , 48.71 , 48.77
37.08 , 48.66 , 48.77
37.081 , 48.71 , 48.77
37.082 , 48.71 , 48.76
37.084 , 48.71 , 48.76
37.085 , 48.71 , 48.75
37.086 , 48.71 , 48.75
37.088 , 48.66 , 48.74
37.089 , 48.66 , 48.74
37.09 , 48.66 , 48.74
37.091 , 48.66 , 48.74
37.093 , 48.66 , 48.73
37.094 , 48.64 , 48.73
37.095 , 48.64 , 48.72
37.097 , 48.59 , 48.72
37.098 , 48.64 , 48.71
37.099 , 48.64 , 48.71
37.101 , 48.59 , 48.7
37.102 , 48.57 , 48.7
37.103 , 48.59 , 48.7
37.104 , 48.59 , 48.7
37.105 , 48.64 , 48.69
37.107 , 48.64 , 48.69
37.108 , 48.57 , 48.68
37.109 , 48.59 , 48.68
37.11 , 48.59 , 48.68
37.112 , 48.57 , 48.67
37.113 , 48.59 , 48.67
37.114 , 48.59 , 48.67
37.115 , 48.55 , 48.66
37.117 , 48.57 , 48.66
37.118 , 48.55 , 48.65
37.119 , 48.57 , 48.65
37.121 , 48.57 , 48.64
37.122 , 48.57 , 48.64
37.123 , 48.55 , 48.64
37.125 , 48.5 , 48.63
37.126 , 48.5 , 48.63
37.127 , 48.55 , 48.63
37.128 , 48.57 , 48.62
37.13 , 48.5 , 48.62
37.131 , 48.55 , 48.61
37.132 , 48.5 , 48.61
37.133 , 48.5 , 48.61
37.134 , 48.5 , 48.61
37.136 , 48.5 , 48.6
37.137 , 48.5 , 48.6
37.138 , 48.48 , 48.59
37.139 , 48.5 , 48.59
37.149 , 48.48 , 48.56
37.15 , 48.48 , 48.56
37.151 , 48.43 , 48.55
37.152 , 48.43 , 48.55
37.154 , 48.43 , 48.55
37.155 , 48.43 , 48.54
37.156 , 48.41 , 48.54
37.157 , 48.43 , 48.54
37.159 , 48.41 , 48.53
37.16 , 48.41 , 48.53
37.161 , 48.43 , 48.52
37.162 , 48.41 , 48.52
37.164 , 48.41 , 48.52
37.165 , 48.39 , 48.51
37.166 , 48.41 , 48.51
37.168 , 48.41 , 48.5
37.169 , 48.41 , 48.5
37.17 , 48.41 , 48.5
37.171 , 48.39 , 48.49
37.173 , 48.41 , 48.49
37.174 , 48.41 , 48.49
37.175 , 48.34 , 48.48
37.176 , 48.34 , 48.48
37.178 , 48.39 , 48.47
37.179 , 48.39 , 48.47
37.18 , 48.39 , 48.47
37.181 , 48.39 , 48.46
37.183 , 48.34 , 48.46
37.184 , 48.32 , 48.46
37.185 , 48.39 , 48.45
37.187 , 48.34 , 48.45
37.188 , 48.27 , 48.44
37.189 , 48.27 , 48.44
37.19 , 48.34 , 48.44
37.192 , 48.27 , 48.43
37.193 , 48.27 , 48.43
37.194 , 48.27 , 48.43
37.195 , 48.27 , 48.42
37.197 , 48.27 , 48.42
37.198 , 48.25 , 48.41
37.199 , 48.27 , 48.41
37.2 , 48.25 , 48.41
37.202 , 48.27 , 48.4
37.203 , 48.25 , 48.4
37.204 , 48.25 , 48.4
37.205 , 48.32 , 48.39
37.206 , 48.25 , 48.39
37.208 , 48.25 , 48.38
37.209 , 48.2 , 48.38
37.21 , 48.2 , 48.38
37.211 , 48.2 , 48.37
37.213 , 48.18 , 48.37
37.214 , 48.25 , 48.37
37.215 , 48.25 , 48.36
37.216 , 48.2 , 48.36
37.218 , 48.25 , 48.35
37.219 , 48.2 , 48.35
37.22 , 48.2 , 48.35
37.221 , 48.2 , 48.34
37.222 , 48.2 , 48.34
37.224 , 48.18 , 48.34
37.225 , 48.2 , 48.33
37.226 , 48.18 , 48.33
37.227 , 48.18 , 48.33
37.228 , 48.2 , 48.32
37.23 , 48.18 , 48.32
37.231 , 48.18 , 48.31
37.232 , 48.18 , 48.31
37.233 , 48.18 , 48.31
37.234 , 48.18 , 48.31
37.236 , 48.18 , 48.3
37.237 , 48.18 , 48.3
37.238 , 48.16 , 48.29
37.239 , 48.11 , 48.29
37.241 , 48.11 , 48.28
37.242 , 48.16 , 48.28
37.243 , 48.16 , 48.28
37.245 , 48.11 , 48.27
37.246 , 48.09 , 48.27
37.247 , 48.09 , 48.27
37.248 , 48.11 , 48.26
37.249 , 48.09 , 48.26
37.251 , 48.11 , 48.25
37.252 , 48.09 , 48.25
37.253 , 48.04 , 48.25
37.254 , 48.11 , 48.25
37.255 , 48.04 , 48.24
37.257 , 48.09 , 48.24
37.258 , 48.11 , 48.23
37.259 , 48.09 , 48.23
37.26 , 48.02 , 48.23
37.262 , 48.04 , 48.22
37.263 , 48.04 , 48.22
37.264 , 48.04 , 48.22
37.265 , 48.02 , 48.21
37.266 , 48.09 , 48.21
37.268 , 48.02 , 48.2
37.269 , 48.04 , 48.2
37.27 , 48.04 , 48.2
37.271 , 48.04 , 48.19
37.273 , 48.0 , 48.19
37.274 , 48.02 , 48.19
37.275 , 48.0 , 48.18
37.276 , 48.02 , 48.18
37.277 , 48.0 , 48.18
37.279 , 48.0 , 48.17
37.28 , 48.0 , 48.17
37.281 , 48.0 , 48.16
37.282 , 48.0 , 48.16
37.284 , 47.95 , 48.16
37.285 , 47.95 , 48.15
37.286 , 48.0 , 48.15
37.287 , 47.95 , 48.15
37.289 , 48.0 , 48.14
37.29 , 48.0 , 48.14
37.291 , 48.0 , 48.13
37.292 , 48.0 , 48.13
37.293 , 48.0 , 48.13
37.295 , 47.95 , 48.12
37.296 , 47.95 , 48.12
37.297 , 47.95 , 48.12
37.298 , 47.95 , 48.11
37.3 , 47.88 , 48.11
37.301 , 47.93 , 48.1
37.302 , 47.95 , 48.1
37.303 , 47.88 , 48.1
37.305 , 47.88 , 48.09
37.306 , 47.88 , 48.09
37.307 , 47.88 , 48.09
37.308 , 47.86 , 48.08
37.31 , 47.93 , 48.08
37.311 , 47.88 , 48.07
37.312 , 47.88 , 48.07
37.313 , 47.86 , 48.07
37.314 , 47.88 , 48.07
37.316 , 47.88 , 48.06
37.317 , 47.84 , 48.06
37.318 , 47.84 , 48.05
37.319 , 47.84 , 48.05
37.321 , 47.84 , 48.04
37.322 , 47.84 , 48.04
37.323 , 47.86 , 48.04
37.324 , 47.84 , 48.04
37.325 , 47.79 , 48.03
37.327 , 47.79 , 48.03
37.328 , 47.79 , 48.02
37.329 , 47.79 , 48.02
37.33 , 47.77 , 48.02
37.332 , 47.79 , 48.01
37.333 , 47.79 , 48.01
37.334 , 47.77 , 48.01
37.335 , 47.84 , 48.0
37.337 , 47.79 , 48.0
37.338 , 47.79 , 47.99
37.339 , 47.86 , 47.99
37.34 , 47.86 , 47.99
37.341 , 47.86 , 47.98
37.343 , 47.79 , 47.98
37.344 , 47.79 , 47.98
37.345 , 47.79 , 47.97
37.346 , 47.84 , 47.97
37.348 , 47.79 , 47.96
37.349 , 47.79 , 47.96
37.35 , 47.79 , 47.96
37.352 , 47.77 , 47.95
37.353 , 47.77 , 47.95
37.354 , 47.77 , 47.95
37.355 , 47.77 , 47.94
37.356 , 47.77 , 47.94
37.358 , 47.72 , 47.93
37.359 , 47.72 , 47.93
37.36 , 47.72 , 47.93
37.361 , 47.77 , 47.92
37.363 , 47.77 , 47.92
37.364 , 47.77 , 47.92
37.365 , 47.77 , 47.91
37.366 , 47.72 , 47.91
37.368 , 47.77 , 47.9
37.369 , 47.72 , 47.9
37.37 , 47.72 , 47.9
37.371 , 47.72 , 47.89
37.373 , 47.72 , 47.89
37.374 , 47.7 , 47.89
37.375 , 47.7 , 47.88
37.376 , 47.72 , 47.88
37.378 , 47.72 , 47.87
37.379 , 47.65 , 47.87
37.38 , 47.7 , 47.87
37.381 , 47.7 , 47.86
37.383 , 47.72 , 47.86
37.384 , 47.7 , 47.86
37.385 , 47.72 , 47.85
37.386 , 47.77 , 47.85
37.388 , 47.72 , 47.84
37.389 , 47.72 , 47.84
37.39 , 47.7 , 47.84
37.391 , 47.7 , 47.83
37.392 , 47.7 , 47.83
37.394 , 47.7 , 47.83
37.395 , 47.77 , 47.82
37.396 , 47.84 , 47.82
37.397 , 47.86 , 47.82
37.399 , 47.95 , 47.81
37.4 , 48.02 , 47.81
37.401 , 48.2 , 47.8
37.402 , 48.34 , 47.8
37.404 , 48.48 , 47.8
37.405 , 48.5 , 47.79
37.406 , 48.57 , 47.79
37.407 , 48.5 , 47.79
37.409 , 48.48 , 47.78
37.41 , 48.48 , 47.78
37.411 , 48.39 , 47.77
37.413 , 48.27 , 47.77
37.414 , 48.25 , 47.77
37.415 , 48.18 , 47.76
37.416 , 48.2 , 47.76
37.417 , 48.16 , 47.76
37.419 , 48.16 , 47.75
37.42 , 48.2 , 47.75
37.421 , 48.25 , 47.74
37.422 , 48.32 , 47.74
37.424 , 48.32 , 47.74
37.425 , 48.34 , 47.73
37.426 , 48.25 , 47.73
37.427 , 48.11 , 47.73
37.429 , 48.02 , 47.72
37.43 , 47.88 , 47.72
37.431 , 47.84 , 47.71
37.432 , 47.77 , 47.71
37.434 , 47.72 , 47.71
37.435 , 47.65 , 47.7
37.436 , 47.65 , 47.7
37.437 , 47.65 , 47.7
37.438 , 47.65 , 47.69
37.44 , 47.72 , 47.69
37.441 , 47.84 , 47.68
37.442 , 47.88 , 47.68
37.443 , 47.95 , 47.68
37.445 , 48.0 , 47.67
37.446 , 48.02 , 47.67
37.447 , 48.02 , 47.67
37.448 , 48.0 , 47.66
37.45 , 48.04 , 47.66
37.451 , 48.0 , 47.65
37.452 , 47.95 , 47.65
37.453 , 47.95 , 47.65
37.455 , 47.88 , 47.64
37.456 , 47.88 , 47.64
37.457 , 47.86 , 47.64
37.458 , 47.84 , 47.63
37.46 , 47.77 , 47.63
37.461 , 47.84 , 47.62
37.462 , 47.79 , 47.62
37.463 , 47.79 , 47.62
37.465 , 47.77 , 47.61
37.466 , 47.84 , 47.61
37.467 , 47.84 , 47.61
37.468 , 47.84 , 47.6
37.469 , 47.84 , 47.6
37.471 , 47.79 , 47.59
37.472 , 47.84 , 47.59
37.473 , 47.79 , 47.59
37.474 , 47.84 , 47.58
37.476 , 47.79 , 47.58
37.477 , 47.79 , 47.58
37.478 , 47.79 , 47.57
37.479 , 47.77 , 47.57
37.481 , 47.77 , 47.56
37.482 , 47.77 , 47.56
37.483 , 47.77 , 47.56
37.484 , 47.77 , 47.55
37.486 , 47.77 , 47.55
37.487 , 47.77 , 47.55
37.488 , 47.77 , 47.54
37.489 , 47.77 , 47.54
37.491 , 47.77 , 47.53
37.492 , 47.72 , 47.53
37.493 , 47.72 , 47.53
37.494 , 47.72 , 47.52
37.496 , 47.72 , 47.52
37.497 , 47.7 , 47.52
37.498 , 47.72 , 47.51
37.499 , 47.7 , 47.51
37.5 , 47.77 , 47.51
37.502 , 47.72 , 47.5
37.503 , 47.7 , 47.5
37.504 , 47.72 , 47.49
37.505 , 47.72 , 47.49
37.507 , 47.7 , 47.49
37.508 , 47.7 , 47.48
37.509 , 47.7 , 47.48
37.51 , 47.65 , 47.48
37.512 , 47.65 , 47.47
37.513 , 47.7 , 47.47
37.514 , 47.63 , 47.46
37.515 , 47.63 , 47.46
37.517 , 47.63 , 47.46
37.518 , 47.63 , 47.45
37.519 , 47.65 , 47.45
37.52 , 47.65 , 47.45
37.521 , 47.61 , 47.44
37.523 , 47.63 , 47.44
37.524 , 47.65 , 47.43
37.525 , 47.63 , 47.43
37.526 , 47.63 , 47.43
37.528 , 47.65 , 47.42
37.529 , 47.63 , 47.42
37.53 , 47.63 , 47.42
37.531 , 47.61 , 47.41
37.533 , 47.63 , 47.41
37.534 , 47.61 , 47.4
37.535 , 47.56 , 47.4
37.536 , 47.61 , 47.4
37.537 , 47.56 , 47.4
37.539 , 47.61 , 47.39
37.54 , 47.56 , 47.39
37.541 , 47.54 , 47.38
37.542 , 47.56 , 47.38
37.544 , 47.54 , 47.37
37.545 , 47.56 , 47.37
37.546 , 47.56 , 47.37
37.547 , 47.56 , 47.37
37.549 , 47.54 , 47.36
37.55 , 47.54 , 47.36
37.551 , 47.54 , 47.35
37.552 , 47.56 , 47.35
37.554 , 47.54 , 47.34
37.555 , 47.49 , 47.34
37.556 , 47.49 , 47.34
37.557 , 47.49 , 47.34
37.558 , 47.49 , 47.33
37.56 , 47.54 , 47.33
37.561 , 47.49 , 47.32
37.562 , 47.47 , 47.32
37.563 , 47.49 , 47.32
37.565 , 47.49 , 47.31
37.566 , 47.49 , 47.31
37.567 , 47.47 , 47.31
37.568 , 47.49 , 47.3
37.57 , 47.47 , 47.3
37.571 , 47.49 , 47.29
37.572 , 47.47 , 47.29
37.573 , 47.47 , 47.29
37.574 , 47.4 , 47.28
37.576 , 47.45 , 47.28
37.577 , 47.45 , 47.28
37.578 , 47.45 , 47.27
37.58 , 47.45 , 47.27
37.581 , 47.45 , 47.26
37.582 , 47.45 , 47.26
37.583 , 47.47 , 47.26
37.584 , 47.45 , 47.25
37.586 , 47.4 , 47.25
37.587 , 47.45 , 47.25
37.588 , 47.4 , 47.24
37.589 , 47.4 , 47.24
37.59 , 47.45 , 47.24
37.592 , 47.4 , 47.23
37.593 , 47.4 , 47.23
37.594 , 47.38 , 47.22
37.595 , 47.4 , 47.22
37.597 , 47.4 , 47.22
37.598 , 47.38 , 47.21
37.599 , 47.38 , 47.21
37.6 , 47.31 , 47.21
37.602 , 47.38 , 47.2
37.603 , 47.38 , 47.2
37.604 , 47.33 , 47.19
37.605 , 47.31 , 47.19
37.606 , 47.26 , 47.19
37.608 , 47.26 , 47.18
37.609 , 47.24 , 47.18
37.61 , 47.31 , 47.18
37.611 , 47.24 , 47.17
37.613 , 47.31 , 47.17
37.614 , 47.33 , 47.16
37.615 , 47.4 , 47.16
37.616 , 47.4 , 47.16
37.618 , 47.38 , 47.15
37.619 , 47.33 , 47.15
37.62 , 47.38 , 47.15
37.621 , 47.31 , 47.14
37.623 , 47.31 , 47.14
37.624 , 47.26 , 47.13
37.625 , 47.24 , 47.13
37.626 , 47.17 , 47.13
37.627 , 47.1 , 47.13
37.629 , 47.1 , 47.12
37.63 , 47.08 , 47.12
37.631 , 47.1 , 47.11
37.632 , 47.1 , 47.11
37.634 , 47.15 , 47.1
37.635 , 47.15 , 47.1
37.636 , 47.1 , 47.1
37.638 , 47.15 , 47.09
37.639 , 47.17 , 47.09
37.64 , 47.1 , 47.09
37.641 , 47.15 , 47.08
37.643 , 47.15 , 47.08
37.644 , 47.15 , 47.07
37.645 , 47.15 , 47.07
37.646 , 47.1 , 47.07
37.647 , 47.1 , 47.07
37.649 , 47.1 , 47.06
37.65 , 47.1 , 47.06
37.651 , 47.06 , 47.05
37.653 , 47.08 , 47.05
37.654 , 47.08 , 47.04
37.655 , 47.08 , 47.04
37.656 , 47.06 , 47.04
37.658 , 47.06 , 47.03
37.659 , 47.01 , 47.03
37.66 , 47.06 , 47.03
37.661 , 47.06 , 47.02
37.663 , 47.08 , 47.02
37.664 , 47.01 , 47.01
37.665 , 47.06 , 47.01
37.666 , 47.01 , 47.01
37.668 , 46.99 , 47.0
37.669 , 47.01 , 47.0
37.67 , 47.01 , 47.0
37.671 , 46.99 , 46.99
37.672 , 46.99 , 46.99
37.674 , 47.01 , 46.98
37.675 , 46.99 , 46.98
37.676 , 46.94 , 46.98
37.678 , 46.94 , 46.97
37.679 , 46.99 , 46.97
37.68 , 46.99 , 46.97
37.681 , 46.99 , 46.96
37.683 , 46.92 , 46.96
37.684 , 46.99 , 46.95
37.685 , 46.94 , 46.95
37.687 , 46.94 , 46.95
37.688 , 46.94 , 46.94
37.689 , 46.94 , 46.94
37.691 , 46.92 , 46.93
37.692 , 46.94 , 46.93
37.693 , 46.92 , 46.93
37.694 , 46.94 , 46.92
37.696 , 46.92 , 46.92
37.697 , 46.9 , 46.92
37.698 , 46.9 , 46.91
37.699 , 46.9 , 46.91
37.701 , 46.85 , 46.9
37.702 , 46.9 , 46.9
37.703 , 46.85 , 46.9
37.704 , 46.85 , 46.89
37.706 , 46.9 , 46.89
37.707 , 46.85 , 46.89
37.708 , 46.85 , 46.88
37.71 , 46.85 , 46.88
37.711 , 46.83 , 46.87
37.712 , 46.85 , 46.87
37.714 , 46.83 , 46.86
37.715 , 46.83 , 46.86
37.716 , 46.83 , 46.86
37.717 , 46.83 , 46.86
37.718 , 46.78 , 46.85
37.72 , 46.78 , 46.85
37.721 , 46.83 , 46.84
37.722 , 46.83 , 46.84
37.723 , 46.85 , 46.84
37.725 , 46.83 , 46.83
37.726 , 46.83 , 46.83
37.727 , 46.78 , 46.83
37.728 , 46.83 , 46.82
37.73 , 46.85 , 46.82
37.731 , 46.83 , 46.81
37.732 , 46.78 , 46.81
37.733 , 46.78 , 46.81
37.735 , 46.78 , 46.8
37.736 , 46.78 , 46.8
37.737 , 46.78 , 46.8
37.739 , 46.78 , 46.79
37.74 , 46.78 , 46.79
37.741 , 46.78 , 46.78
37.743 , 46.78 , 46.78
37.744 , 46.78 , 46.77
37.745 , 46.78 , 46.77
37.746 , 46.76 , 46.77
37.748 , 46.76 , 46.76
37.749 , 46.69 , 46.76
37.75 , 46.72 , 46.76
37.752 , 46.76 , 46.75
37.753 , 46.72 , 46.75
37.754 , 46.67 , 46.74
37.755 , 46.69 , 46.74
37.757 , 46.67 , 46.74
37.758 , 46.72 , 46.73
37.759 , 46.72 , 46.73
37.761 , 46.69 , 46.72
37.762 , 46.76 , 46.72
37.763 , 46.72 , 46.72
37.764 , 46.72 , 46.71
37.765 , 46.69 , 46.71
37.767 , 46.69 , 46.71
37.768 , 46.69 , 46.7
37.769 , 46.69 , 46.7
37.771 , 46.67 , 46.69
37.772 , 46.67 , 46.69
37.773 , 46.67 , 46.69
37.775 , 46.67 , 46.68
37.776 , 46.62 , 46.68
37.777 , 46.6 , 46.68
37.779 , 46.62 , 46.67
37.78 , 46.62 , 46.67
37.781 , 46.6 , 46.66
37.783 , 46.67 , 46.66
37.784 , 46.62 , 46.65
37.785 , 46.6 , 46.65
37.786 , 46.6 , 46.65
37.788 , 46.56 , 46.64
37.789 , 46.56 , 46.64
37.79 , 46.6 , 46.64
37.791 , 46.62 , 46.63
37.793 , 46.56 , 46.63
37.794 , 46.56 , 46.62
37.795 , 46.6 , 46.62
37.797 , 46.53 , 46.62
37.798 , 46.56 , 46.61
37.799 , 46.6 , 46.61
37.8 , 46.56 , 46.61
37.802 , 46.56 , 46.6
37.803 , 46.6 , 46.6
37.804 , 46.6 , 46.59
37.805 , 46.56 , 46.59
37.807 , 46.6 , 46.59
37.808 , 46.53 , 46.58
37.809 , 46.53 , 46.58
37.81 , 46.53 , 46.58
37.812 , 46.53 , 46.57
37.813 , 46.46 , 46.57
37.814 , 46.46 , 46.56
37.816 , 46.44 , 46.56
37.817 , 46.44 , 46.56
37.818 , 46.46 , 46.55
37.819 , 46.46 , 46.55
37.821 , 46.46 , 46.54
37.822 , 46.44 , 46.54
37.823 , 46.46 , 46.54
37.824 , 46.44 , 46.53
37.826 , 46.46 , 46.53
37.827 , 46.44 , 46.52
37.828 , 46.46 , 46.52
37.83 , 46.4 , 46.52
37.831 , 46.4 , 46.51
37.832 , 46.4 , 46.51
37.833 , 46.4 , 46.51
37.834 , 46.46 , 46.5
37.836 , 46.4 , 46.5
37.837 , 46.4 , 46.49
37.838 , 46.37 , 46.49
37.839 , 46.4 , 46.49
37.841 , 46.4 , 46.48
37.842 , 46.4 , 46.48
37.843 , 46.4 , 46.48
37.844 , 46.44 , 46.47
37.846 , 46.35 , 46.47
37.847 , 46.37 , 46.46
37.848 , 46.37 , 46.46
37.849 , 46.37 , 46.46
37.851 , 46.37 , 46.45
37.852 , 46.37 , 46.45
37.853 , 46.35 , 46.45
37.855 , 46.35 , 46.44
37.856 , 46.35 , 46.44
37.857 , 46.35 , 46.43
37.859 , 46.37 , 46.43
37.86 , 46.37 , 46.43
37.861 , 46.35 , 46.42
37.862 , 46.37 , 46.42
37.872 , 46.28 , 46.39
37.873 , 46.3 , 46.39
37.874 , 46.28 , 46.38
37.876 , 46.28 , 46.38
37.877 , 46.23 , 46.37
37.878 , 46.23 , 46.37
37.879 , 46.28 , 46.37
37.881 , 46.28 , 46.36
37.882 , 46.28 , 46.36
37.883 , 46.23 , 46.36
37.885 , 46.23 , 46.35
37.886 , 46.28 , 46.35
37.887 , 46.28 , 46.34
37.888 , 46.28 , 46.34
37.89 , 46.23 , 46.34
37.891 , 46.23 , 46.33
37.892 , 46.21 , 46.33
37.894 , 46.23 , 46.32
37.895 , 46.23 , 46.32
37.896 , 46.23 , 46.32
37.898 , 46.17 , 46.31
37.899 , 46.17 , 46.31
37.9 , 46.17 , 46.31
37.901 , 46.21 , 46.3
37.903 , 46.17 , 46.3
37.904 , 46.14 , 46.29
37.905 , 46.17 , 46.29
37.906 , 46.17 , 46.29
37.908 , 46.17 , 46.28
37.909 , 46.14 , 46.28
37.91 , 46.14 , 46.28
37.912 , 46.12 , 46.27
37.913 , 46.14 , 46.27
37.914 , 46.12 , 46.26
37.915 , 46.12 , 46.26
37.917 , 46.12 , 46.25
37.918 , 46.14 , 46.25
37.919 , 46.12 , 46.25
37.921 , 46.14 , 46.24
37.922 , 46.12 , 46.24
37.923 , 46.12 , 46.24
37.924 , 46.12 , 46.23
37.926 , 46.14 , 46.23
37.927 , 46.12 , 46.22
37.928 , 46.12 , 46.22
37.929 , 46.07 , 46.22
37.931 , 46.07 , 46.21
37.932 , 46.05 , 46.21
37.933 , 46.07 , 46.21
37.935 , 46.05 , 46.2
37.936 , 46.05 , 46.2
37.937 , 46.05 , 46.19
37.938 , 46.05 , 46.19
37.94 , 46.01 , 46.19
37.941 , 46.05 , 46.18
37.942 , 46.05 , 46.18
37.943 , 46.05 , 46.18
37.945 , 46.05 , 46.17
37.946 , 46.05 , 46.17
37.947 , 46.07 , 46.16
37.949 , 46.01 , 46.16
37.95 , 46.01 , 46.16
37.951 , 46.01 , 46.15
37.953 , 45.96 , 46.15
37.954 , 46.01 , 46.14
37.955 , 45.98 , 46.14
37.956 , 45.98 , 46.14
37.958 , 45.96 , 46.13
37.959 , 45.98 , 46.13
37.96 , 45.98 , 46.13
37.962 , 45.96 , 46.12
37.963 , 45.98 , 46.12
37.964 , 45.98 , 46.11
37.965 , 45.96 , 46.11
37.967 , 45.98 , 46.1
37.968 , 45.96 , 46.1
37.969 , 45.98 , 46.1
37.971 , 45.96 , 46.09
37.972 , 45.91 , 46.09
37.973 , 45.96 , 46.09
37.974 , 45.96 , 46.08
37.976 , 45.96 , 46.08
37.977 , 45.96 , 46.07
37.978 , 45.89 , 46.07
37.98 , 45.91 , 46.07
37.981 , 45.91 , 46.06
37.982 , 45.91 , 46.06
37.984 , 45.96 , 46.05
37.985 , 45.91 , 46.05
37.986 , 45.89 , 46.05
37.987 , 45.91 , 46.04
37.989 , 45.89 , 46.04
37.99 , 45.89 , 46.04
37.991 , 45.85 , 46.03
37.993 , 45.85 , 46.03
37.994 , 45.85 , 46.02
37.995 , 45.85 , 46.02
37.996 , 45.82 , 46.02
37.998 , 45.82 , 46.01
37.999 , 45.89 , 46.01
38.0 , 45.85 , 46.01
38.002 , 45.82 , 46.0
38.003 , 45.82 , 46.0
38.004 , 45.82 , 45.99
38.005 , 45.85 , 45.99
38.007 , 45.82 , 45.98
38.008 , 45.82 , 45.98
38.009 , 45.82 , 45.98
38.011 , 45.75 , 45.97
38.012 , 45.78 , 45.97
38.013 , 45.82 , 45.97
38.014 , 45.78 , 45.96
38.016 , 45.78 , 45.96
38.017 , 45.78 , 45.95
38.018 , 45.75 , 45.95
38.019 , 45.75 , 45.95
38.021 , 45.78 , 45.94
38.022 , 45.78 , 45.94
38.023 , 45.73 , 45.94
38.025 , 45.75 , 45.93
38.026 , 45.75 , 45.93
38.027 , 45.75 , 45.92
38.028 , 45.73 , 45.92
38.03 , 45.78 , 45.92
38.031 , 45.73 , 45.91
38.032 , 45.73 , 45.91
38.033 , 45.69 , 45.91
38.035 , 45.73 , 45.9
38.036 , 45.73 , 45.9
38.037 , 45.73 , 45.89
38.039 , 45.75 , 45.89
38.04 , 45.75 , 45.89
38.041 , 45.73 , 45.88
38.042 , 45.75 , 45.88
38.044 , 45.73 , 45.87
38.045 , 45.75 , 45.87
38.046 , 45.73 , 45.87
38.047 , 45.69 , 45.86
38.049 , 45.69 , 45.86
38.05 , 45.66 , 45.86
38.051 , 45.73 , 45.85
38.053 , 45.69 , 45.85
38.054 , 45.66 , 45.84
38.055 , 45.66 , 45.84
38.056 , 45.66 , 45.84
38.058 , 45.66 , 45.83
38.059 , 45.69 , 45.83
38.06 , 45.66 , 45.83
38.061 , 45.66 , 45.82
38.063 , 45.69 , 45.82
38.064 , 45.62 , 45.81
38.065 , 45.66 , 45.81
38.067 , 45.62 , 45.8
38.068 , 45.62 , 45.8
38.069 , 45.59 , 45.8
38.07 , 45.62 , 45.8
38.072 , 45.59 , 45.79
38.073 , 45.59 , 45.79
38.074 , 45.62 , 45.78
38.075 , 45.62 , 45.78
38.077 , 45.59 , 45.77
38.078 , 45.53 , 45.77
38.079 , 45.57 , 45.77
38.081 , 45.57 , 45.76
38.082 , 45.57 , 45.76
38.083 , 45.59 , 45.76
38.084 , 45.62 , 45.75
38.086 , 45.59 , 45.75
38.087 , 45.59 , 45.74
38.088 , 45.62 , 45.74
38.089 , 45.66 , 45.74
38.091 , 45.66 , 45.73
38.092 , 45.66 , 45.73
38.093 , 45.59 , 45.73
38.095 , 45.59 , 45.72
38.096 , 45.59 , 45.72
38.097 , 45.59 , 45.71
38.098 , 45.57 , 45.71
38.1 , 45.57 , 45.71
38.101 , 45.57 , 45.7
38.102 , 45.57 , 45.7
38.103 , 45.53 , 45.7
38.104 , 45.53 , 45.69
38.106 , 45.53 , 45.69
38.107 , 45.53 , 45.68
38.108 , 45.57 , 45.68
38.11 , 45.57 , 45.68
38.111 , 45.57 , 45.67
38.112 , 45.57 , 45.67
38.113 , 45.53 , 45.67
38.115 , 45.53 , 45.66
38.116 , 45.53 , 45.66
38.117 , 45.57 , 45.65
38.119 , 45.53 , 45.65
38.12 , 45.53 , 45.65
38.121 , 45.5 , 45.64
38.122 , 45.53 , 45.64
38.124 , 45.5 , 45.63
38.125 , 45.53 , 45.63
38.126 , 45.5 , 45.63
38.127 , 45.5 , 45.62
38.128 , 45.46 , 45.62
38.13 , 45.5 , 45.62
38.131 , 45.5 , 45.61
38.132 , 45.5 , 45.61
38.133 , 45.5 , 45.61
38.135 , 45.5 , 45.6
38.136 , 45.5 , 45.6
38.137 , 45.53 , 45.59
38.138 , 45.53 , 45.59
38.14 , 45.53 , 45.59
38.141 , 45.53 , 45.58
38.142 , 45.5 , 45.58
38.143 , 45.46 , 45.58
38.145 , 45.53 , 45.57
38.146 , 45.57 , 45.57
38.147 , 45.62 , 45.56
38.148 , 45.69 , 45.56
38.15 , 45.75 , 45.56
38.151 , 45.82 , 45.55
38.152 , 46.01 , 45.55
38.153 , 46.14 , 45.55
38.155 , 46.23 , 45.54
38.156 , 46.28 , 45.54
38.157 , 46.28 , 45.53
38.159 , 46.23 , 45.53
38.16 , 46.17 , 45.53
38.161 , 46.14 , 45.52
38.162 , 46.07 , 45.52
38.164 , 45.98 , 45.51
38.165 , 45.98 , 45.51
38.166 , 45.96 , 45.51
38.168 , 45.91 , 45.5
38.169 , 45.89 , 45.5
38.17 , 45.96 , 45.5
38.171 , 45.98 , 45.49
38.173 , 46.01 , 45.49
38.174 , 45.96 , 45.48
38.175 , 45.82 , 45.48
38.177 , 45.75 , 45.47
38.178 , 45.69 , 45.47
38.179 , 45.57 , 45.47
38.18 , 45.53 , 45.47
38.182 , 45.5 , 45.46
38.183 , 45.46 , 45.46
38.184 , 45.41 , 45.45
38.185 , 45.43 , 45.45
38.187 , 45.41 , 45.44
38.188 , 45.46 , 45.44
38.189 , 45.5 , 45.44
38.19 , 45.53 , 45.43
38.192 , 45.62 , 45.43
38.193 , 45.69 , 45.43
38.194 , 45.69 , 45.42
38.196 , 45.73 , 45.42
38.197 , 45.75 , 45.41
38.198 , 45.75 , 45.41
38.199 , 45.73 , 45.41
38.201 , 45.69 , 45.4
38.202 , 45.66 , 45.4
38.203 , 45.62 , 45.4
38.204 , 45.62 , 45.39
38.206 , 45.62 , 45.39
38.207 , 45.57 , 45.38
38.208 , 45.57 , 45.38
38.209 , 45.53 , 45.38
38.211 , 45.53 , 45.37
38.212 , 45.5 , 45.37
38.213 , 45.5 , 45.37
38.214 , 45.53 , 45.36
38.216 , 45.57 , 45.36
38.217 , 45.53 , 45.35
38.218 , 45.57 , 45.35
38.22 , 45.53 , 45.34
38.221 , 45.53 , 45.34
38.222 , 45.57 , 45.34
38.223 , 45.53 , 45.34
38.225 , 45.59 , 45.33
38.226 , 45.57 , 45.33
38.227 , 45.53 , 45.32
38.228 , 45.53 , 45.32
38.23 , 45.5 , 45.31
38.231 , 45.5 , 45.31
38.232 , 45.5 , 45.31
38.233 , 45.5 , 45.31
38.234 , 45.46 , 45.3
38.236 , 45.46 , 45.3
38.237 , 45.46 , 45.29
38.238 , 45.46 , 45.29
38.239 , 45.43 , 45.29
38.241 , 45.46 , 45.28
38.242 , 45.46 , 45.28
38.243 , 45.5 , 45.28
38.244 , 45.43 , 45.27
38.246 , 45.46 , 45.27
38.247 , 45.46 , 45.26
38.248 , 45.43 , 45.26
38.25 , 45.46 , 45.25
38.251 , 45.43 , 45.25
38.252 , 45.41 , 45.25
38.253 , 45.43 , 45.25
38.254 , 45.43 , 45.24
38.256 , 45.43 , 45.24
38.257 , 45.41 , 45.23
38.258 , 45.41 , 45.23
38.259 , 45.41 , 45.23
38.261 , 45.41 , 45.22
38.262 , 45.43 , 45.22
38.263 , 45.41 , 45.22
38.264 , 45.37 , 45.21
38.266 , 45.43 , 45.21
38.267 , 45.41 , 45.2
38.268 , 45.41 , 45.2
38.269 , 45.41 , 45.2
38.271 , 45.41 , 45.19
38.272 , 45.41 , 45.19
38.273 , 45.41 , 45.19
38.275 , 45.37 , 45.18
38.276 , 45.37 , 45.18
38.277 , 45.37 , 45.17
38.278 , 45.34 , 45.17
38.28 , 45.37 , 45.16
38.281 , 45.34 , 45.16
38.282 , 45.34 , 45.16
38.284 , 45.3 , 45.15
38.285 , 45.34 , 45.15
38.286 , 45.34 , 45.15
38.287 , 45.3 , 45.14
38.289 , 45.34 , 45.14
38.29 , 45.27 , 45.13
38.291 , 45.3 , 45.13
38.292 , 45.3 , 45.13
38.293 , 45.27 , 45.13
38.295 , 45.27 , 45.12
38.296 , 45.3 , 45.12
38.297 , 45.27 , 45.11
38.298 , 45.27 , 45.11
38.3 , 45.27 , 45.1
38.301 , 45.27 , 45.1
38.302 , 45.23 , 45.1
38.303 , 45.23 , 45.1
38.305 , 45.27 , 45.09
38.306 , 45.27 , 45.09
38.307 , 45.23 , 45.08
38.308 , 45.27 , 45.08
38.31 , 45.23 , 45.07
38.311 , 45.27 , 45.07
38.312 , 45.27 , 45.07
38.313 , 45.23 , 45.07
38.315 , 45.23 , 45.06
38.316 , 45.2 , 45.06
38.317 , 45.2 , 45.05
38.318 , 45.2 , 45.05
38.32 , 45.14 , 45.04
38.321 , 45.23 , 45.04
38.322 , 45.2 , 45.04
38.323 , 45.2 , 45.04
38.324 , 45.2 , 45.03
38.326 , 45.2 , 45.03
38.327 , 45.2 , 45.02
38.328 , 45.14 , 45.02
38.329 , 45.2 , 45.02
38.33 , 45.18 , 45.01
38.332 , 45.14 , 45.01
38.333 , 45.14 , 45.01
38.334 , 45.14 , 45.0
38.336 , 45.14 , 45.0
38.337 , 45.11 , 44.99
38.338 , 45.14 , 44.99
38.339 , 45.14 , 44.99
38.34 , 45.11 , 44.98
38.342 , 45.11 , 44.98
38.343 , 45.11 , 44.98
38.344 , 45.07 , 44.97
38.345 , 45.11 , 44.97
38.347 , 45.11 , 44.96
38.348 , 45.11 , 44.96
38.349 , 45.11 , 44.96
38.35 , 45.14 , 44.95
38.352 , 45.11 , 44.95
38.353 , 45.07 , 44.95
38.354 , 45.04 , 44.94
38.355 , 45.02 , 44.94
38.357 , 44.98 , 44.93
38.358 , 45.02 , 44.93
38.359 , 44.98 , 44.93
38.36 , 45.04 , 44.92
38.362 , 45.04 , 44.92
38.363 , 45.11 , 44.92
38.364 , 45.11 , 44.91
38.365 , 45.14 , 44.91
38.367 , 45.18 , 44.9
38.368 , 45.14 , 44.9
38.369 , 45.14 , 44.9
38.37 , 45.07 , 44.89
38.372 , 45.07 , 44.89
38.373 , 45.02 , 44.89
38.374 , 45.02 , 44.88
38.375 , 44.91 , 44.88
38.377 , 44.95 , 44.87
38.378 , 44.91 , 44.87
38.379 , 44.91 , 44.87
38.381 , 44.91 , 44.86
38.382 , 44.91 , 44.86
38.383 , 44.98 , 44.86
38.384 , 44.95 , 44.85
38.386 , 44.91 , 44.85
38.387 , 44.98 , 44.84
38.388 , 44.91 , 44.84
38.39 , 44.98 , 44.83
38.391 , 44.95 , 44.83
38.392 , 44.91 , 44.83
38.393 , 44.95 , 44.83
38.395 , 44.95 , 44.82
38.396 , 44.91 , 44.82
38.397 , 44.91 , 44.81
38.398 , 44.88 , 44.81
38.4 , 44.88 , 44.8
38.401 , 44.88 , 44.8
38.402 , 44.88 , 44.8
38.403 , 44.88 , 44.8
38.405 , 44.88 , 44.79
38.406 , 44.86 , 44.79
38.407 , 44.88 , 44.78
38.408 , 44.82 , 44.78
38.41 , 44.82 , 44.77
38.411 , 44.82 , 44.77
38.412 , 44.86 , 44.77
38.413 , 44.82 , 44.77
38.415 , 44.79 , 44.76
38.416 , 44.82 , 44.76
38.417 , 44.86 , 44.75
38.419 , 44.79 , 44.75
38.42 , 44.79 , 44.74
38.421 , 44.79 , 44.74
38.422 , 44.79 , 44.74
38.423 , 44.79 , 44.74
38.425 , 44.79 , 44.73
38.426 , 44.75 , 44.73
38.427 , 44.75 , 44.72
38.428 , 44.79 , 44.72
38.429 , 44.75 , 44.72
38.431 , 44.75 , 44.71
38.432 , 44.75 , 44.71
38.433 , 44.72 , 44.71
38.434 , 44.72 , 44.7
38.436 , 44.72 , 44.7
38.437 , 44.68 , 44.69
38.438 , 44.68 , 44.69
38.439 , 44.68 , 44.69
38.441 , 44.72 , 44.68
38.442 , 44.66 , 44.68
38.443 , 44.72 , 44.68
38.444 , 44.68 , 44.67
38.446 , 44.72 , 44.67
38.447 , 44.68 , 44.66
38.448 , 44.68 , 44.66
38.449 , 44.66 , 44.66
38.451 , 44.66 , 44.65
38.452 , 44.66 , 44.65
38.453 , 44.66 , 44.65
38.455 , 44.63 , 44.64
38.456 , 44.63 , 44.64
38.457 , 44.63 , 44.63
38.458 , 44.63 , 44.63
38.459 , 44.59 , 44.63
38.461 , 44.59 , 44.62
38.462 , 44.59 , 44.62
38.463 , 44.59 , 44.62
38.464 , 44.56 , 44.61
38.466 , 44.59 , 44.61
38.467 , 44.59 , 44.6
38.468 , 44.63 , 44.6
38.469 , 44.56 , 44.6
38.471 , 44.59 , 44.59
38.472 , 44.56 , 44.59
38.473 , 44.59 , 44.59
38.474 , 44.59 , 44.58
38.476 , 44.56 , 44.58
38.477 , 44.56 , 44.57
38.478 , 44.52 , 44.57
38.479 , 44.52 , 44.57
38.48 , 44.52 , 44.56
38.482 , 44.52 , 44.56
38.483 , 44.5 , 44.56
38.484 , 44.5 , 44.55
38.485 , 44.5 , 44.55
38.487 , 44.5 , 44.54
38.488 , 44.5 , 44.54
38.489 , 44.5 , 44.54
38.49 , 44.52 , 44.53
38.491 , 44.52 , 44.53
38.493 , 44.47 , 44.53
38.494 , 44.47 , 44.52
38.495 , 44.47 , 44.52
38.496 , 44.5 , 44.52
38.498 , 44.5 , 44.51
38.499 , 44.52 , 44.51
38.5 , 44.47 , 44.5
38.501 , 44.43 , 44.5
38.502 , 44.47 , 44.5
38.504 , 44.43 , 44.49
38.505 , 44.5 , 44.49
38.506 , 44.47 , 44.49
38.507 , 44.47 , 44.48
38.508 , 44.4 , 44.48
38.51 , 44.4 , 44.47
38.511 , 44.43 , 44.47
38.512 , 44.43 , 44.47
38.513 , 44.43 , 44.47
38.515 , 44.4 , 44.46
38.516 , 44.43 , 44.46
38.517 , 44.36 , 44.45
38.518 , 44.36 , 44.45
38.519 , 44.4 , 44.45
38.521 , 44.4 , 44.44
38.522 , 44.4 , 44.44
38.523 , 44.43 , 44.44
38.524 , 44.34 , 44.43
38.526 , 44.36 , 44.43
38.527 , 44.36 , 44.42
38.528 , 44.36 , 44.42
38.529 , 44.36 , 44.42
38.531 , 44.4 , 44.41
38.532 , 44.4 , 44.41
38.533 , 44.4 , 44.41
38.534 , 44.36 , 44.4
38.535 , 44.36 , 44.4
38.537 , 44.36 , 44.39
38.538 , 44.34 , 44.39
38.539 , 44.34 , 44.39
38.54 , 44.29 , 44.38
38.542 , 44.29 , 44.38
38.543 , 44.29 , 44.38
38.544 , 44.29 , 44.37
38.545 , 44.34 , 44.37
38.547 , 44.29 , 44.36
38.548 , 44.29 , 44.36
38.549 , 44.34 , 44.36
38.55 , 44.29 , 44.35
38.552 , 44.34 , 44.35
38.553 , 44.27 , 44.34
38.554 , 44.27 , 44.34
38.555 , 44.24 , 44.34
38.556 , 44.24 , 44.34
38.558 , 44.2 , 44.33
38.559 , 44.2 , 44.33
38.56 , 44.24 , 44.32
38.561 , 44.24 , 44.32
38.562 , 44.2 , 44.32
38.564 , 44.2 , 44.31
38.565 , 44.2 , 44.31
38.566 , 44.17 , 44.31
38.567 , 44.2 , 44.3
38.568 , 44.27 , 44.3
38.57 , 44.2 , 44.29
38.571 , 44.2 , 44.29
38.572 , 44.17 , 44.29
38.573 , 44.17 , 44.28
38.575 , 44.13 , 44.28
38.576 , 44.17 , 44.28
38.577 , 44.2 , 44.27
38.578 , 44.17 , 44.27
38.58 , 44.13 , 44.26
38.581 , 44.13 , 44.26
38.582 , 44.13 , 44.26
38.583 , 44.17 , 44.25
38.585 , 44.17 , 44.25
38.586 , 44.17 , 44.25
38.587 , 44.17 , 44.24
38.588 , 44.13 , 44.24
38.59 , 44.13 , 44.23
38.591 , 44.13 , 44.23
38.6 , 44.13 , 44.2
38.601 , 44.08 , 44.2
38.603 , 44.11 , 44.19
38.604 , 44.08 , 44.19
38.605 , 44.04 , 44.19
38.606 , 44.04 , 44.19
38.608 , 44.04 , 44.18
38.609 , 44.01 , 44.18
38.61 , 44.04 , 44.17
38.611 , 44.01 , 44.17
38.612 , 44.01 , 44.17
38.614 , 44.01 , 44.16
38.615 , 44.04 , 44.16
38.616 , 44.01 , 44.16
38.618 , 44.01 , 44.15
38.619 , 44.01 , 44.15
38.62 , 44.01 , 44.14
38.621 , 44.01 , 44.14
38.623 , 44.01 , 44.13
38.624 , 44.01 , 44.13
38.625 , 44.01 , 44.13
38.626 , 44.01 , 44.13
38.627 , 44.01 , 44.12
38.629 , 43.97 , 44.12
38.63 , 43.97 , 44.11
38.631 , 44.01 , 44.11
38.632 , 44.01 , 44.11
38.634 , 44.01 , 44.1
38.635 , 43.97 , 44.1
38.636 , 43.95 , 44.1
38.637 , 43.95 , 44.09
38.639 , 43.95 , 44.09
38.64 , 43.95 , 44.08
38.641 , 43.95 , 44.08
38.642 , 43.95 , 44.08
38.644 , 43.97 , 44.07
38.645 , 43.95 , 44.07
38.646 , 43.92 , 44.07
38.647 , 43.92 , 44.06
38.649 , 43.95 , 44.06
38.65 , 43.92 , 44.05
38.651 , 43.95 , 44.05
38.652 , 43.92 , 44.05
38.654 , 43.92 , 44.04
38.655 , 43.92 , 44.04
38.656 , 43.92 , 44.04
38.658 , 43.95 , 44.03
38.659 , 43.92 , 44.03
38.66 , 43.88 , 44.02
38.661 , 43.92 , 44.02
38.663 , 43.92 , 44.01
38.664 , 43.95 , 44.01
38.665 , 43.95 , 44.01
38.666 , 43.92 , 44.01
38.668 , 43.92 , 44.0
38.669 , 43.92 , 44.0
38.67 , 43.92 , 43.99
38.671 , 43.88 , 43.99
38.673 , 43.88 , 43.98
38.674 , 43.88 , 43.98
38.675 , 43.85 , 43.98
38.677 , 43.85 , 43.97
38.678 , 43.85 , 43.97
38.679 , 43.88 , 43.97
38.68 , 43.85 , 43.96
38.682 , 43.88 , 43.96
38.683 , 43.85 , 43.95
38.684 , 43.85 , 43.95
38.685 , 43.81 , 43.95
38.687 , 43.81 , 43.94
38.688 , 43.81 , 43.94
38.689 , 43.85 , 43.94
38.691 , 43.85 , 43.93
38.692 , 43.81 , 43.93
38.693 , 43.81 , 43.92
38.694 , 43.79 , 43.92
38.696 , 43.81 , 43.92
38.697 , 43.81 , 43.91
38.698 , 43.81 , 43.91
38.699 , 43.74 , 43.91
38.701 , 43.79 , 43.9
38.702 , 43.79 , 43.9
38.703 , 43.79 , 43.89
38.704 , 43.79 , 43.89
38.706 , 43.79 , 43.89
38.707 , 43.74 , 43.88
38.708 , 43.72 , 43.88
38.709 , 43.74 , 43.88
38.71 , 43.74 , 43.87
38.712 , 43.74 , 43.87
38.713 , 43.74 , 43.86
38.714 , 43.72 , 43.86
38.715 , 43.72 , 43.86
38.717 , 43.69 , 43.85
38.718 , 43.72 , 43.85
38.719 , 43.72 , 43.85
38.72 , 43.79 , 43.84
38.722 , 43.74 , 43.84
38.723 , 43.74 , 43.83
38.724 , 43.72 , 43.83
38.725 , 43.72 , 43.83
38.726 , 43.72 , 43.83
38.728 , 43.72 , 43.82
38.729 , 43.69 , 43.82
38.73 , 43.72 , 43.81
38.731 , 43.69 , 43.81
38.733 , 43.69 , 43.8
38.734 , 43.65 , 43.8
38.735 , 43.69 , 43.8
38.737 , 43.65 , 43.79
38.738 , 43.65 , 43.79
38.739 , 43.65 , 43.79
38.74 , 43.65 , 43.78
38.742 , 43.65 , 43.78
38.743 , 43.65 , 43.77
38.744 , 43.65 , 43.77
38.745 , 43.63 , 43.77
38.746 , 43.63 , 43.77
38.748 , 43.63 , 43.76
38.749 , 43.65 , 43.76
38.75 , 43.58 , 43.75
38.751 , 43.63 , 43.75
38.753 , 43.63 , 43.74
38.754 , 43.58 , 43.74
38.755 , 43.58 , 43.74
38.756 , 43.58 , 43.74
38.757 , 43.58 , 43.73
38.759 , 43.58 , 43.73
38.76 , 43.58 , 43.72
38.761 , 43.58 , 43.72
38.762 , 43.63 , 43.72
38.763 , 43.56 , 43.71
38.765 , 43.58 , 43.71
38.766 , 43.58 , 43.71
38.767 , 43.56 , 43.7
38.769 , 43.58 , 43.7
38.77 , 43.56 , 43.69
38.771 , 43.53 , 43.69
38.772 , 43.53 , 43.69
38.774 , 43.49 , 43.68
38.775 , 43.56 , 43.68
38.776 , 43.49 , 43.68
38.777 , 43.53 , 43.67
38.779 , 43.53 , 43.67
38.78 , 43.53 , 43.66
38.781 , 43.49 , 43.66
38.782 , 43.53 , 43.66
38.784 , 43.53 , 43.65
38.785 , 43.49 , 43.65
38.786 , 43.53 , 43.65
38.787 , 43.47 , 43.64
38.789 , 43.53 , 43.64
38.79 , 43.47 , 43.63
38.791 , 43.49 , 43.63
38.792 , 43.49 , 43.63
38.794 , 43.47 , 43.62
38.795 , 43.47 , 43.62
38.796 , 43.42 , 43.62
38.798 , 43.42 , 43.61
38.799 , 43.47 , 43.61
38.8 , 43.42 , 43.6
38.801 , 43.47 , 43.6
38.803 , 43.47 , 43.59
38.804 , 43.42 , 43.59
38.805 , 43.42 , 43.59
38.806 , 43.42 , 43.59
38.808 , 43.4 , 43.58
38.809 , 43.4 , 43.58
38.81 , 43.47 , 43.57
38.811 , 43.42 , 43.57
38.812 , 43.42 , 43.57
38.814 , 43.4 , 43.56
38.815 , 43.42 , 43.56
38.816 , 43.4 , 43.56
38.817 , 43.42 , 43.55
38.819 , 43.37 , 43.55
38.82 , 43.37 , 43.54
38.821 , 43.31 , 43.54
38.823 , 43.31 , 43.53
38.824 , 43.33 , 43.53
38.825 , 43.4 , 43.53
38.826 , 43.4 , 43.53
38.827 , 43.37 , 43.52
38.829 , 43.37 , 43.52
38.83 , 43.33 , 43.51
38.831 , 43.37 , 43.51
38.833 , 43.37 , 43.5
38.834 , 43.33 , 43.5
38.835 , 43.33 , 43.5
38.836 , 43.31 , 43.5
38.837 , 43.31 , 43.49
38.839 , 43.37 , 43.49
38.84 , 43.37 , 43.48
38.841 , 43.4 , 43.48
38.842 , 43.37 , 43.48
38.844 , 43.37 , 43.47
38.845 , 43.4 , 43.47
38.846 , 43.37 , 43.47
38.847 , 43.4 , 43.46
38.849 , 43.33 , 43.46
38.85 , 43.33 , 43.45
38.851 , 43.31 , 43.45
38.852 , 43.26 , 43.45
38.853 , 43.31 , 43.44
38.855 , 43.26 , 43.44
38.856 , 43.33 , 43.44
38.857 , 43.31 , 43.43
38.859 , 43.31 , 43.43
38.86 , 43.31 , 43.42
38.861 , 43.26 , 43.42
38.862 , 43.33 , 43.42
38.863 , 43.26 , 43.41
38.865 , 43.31 , 43.41
38.866 , 43.26 , 43.41
38.867 , 43.26 , 43.4
38.868 , 43.24 , 43.4
38.87 , 43.26 , 43.39
38.871 , 43.31 , 43.39
38.872 , 43.24 , 43.39
38.873 , 43.19 , 43.38
38.875 , 43.24 , 43.38
38.876 , 43.19 , 43.38
38.877 , 43.19 , 43.37
38.879 , 43.19 , 43.37
38.88 , 43.19 , 43.36
38.881 , 43.24 , 43.36
38.882 , 43.24 , 43.36
38.883 , 43.24 , 43.35
38.885 , 43.31 , 43.35
38.886 , 43.26 , 43.35
38.887 , 43.26 , 43.34
38.889 , 43.24 , 43.34
38.89 , 43.24 , 43.33
38.891 , 43.19 , 43.33
38.892 , 43.17 , 43.33
38.894 , 43.19 , 43.32
38.895 , 43.24 , 43.32
38.896 , 43.26 , 43.32
38.897 , 43.37 , 43.31
38.899 , 43.42 , 43.31
38.9 , 43.53 , 43.3
38.901 , 43.63 , 43.3
38.902 , 43.79 , 43.3
38.904 , 43.92 , 43.29
38.905 , 43.95 , 43.29
38.906 , 43.97 , 43.29
38.908 , 44.01 , 43.28
38.909 , 43.95 , 43.28
38.91 , 43.92 , 43.27
38.911 , 43.85 , 43.27
38.913 , 43.79 , 43.26
38.914 , 43.72 , 43.26
38.915 , 43.69 , 43.26
38.916 , 43.65 , 43.25
38.918 , 43.63 , 43.25
38.919 , 43.65 , 43.25
38.92 , 43.65 , 43.24
38.921 , 43.69 , 43.24
38.922 , 43.63 , 43.24
38.924 , 43.53 , 43.23
38.925 , 43.37 , 43.23
38.926 , 43.26 , 43.22
38.928 , 43.19 , 43.22
38.929 , 43.17 , 43.22
38.93 , 43.14 , 43.21
38.931 , 43.14 , 43.21
38.933 , 43.1 , 43.2
38.934 , 43.1 , 43.2
38.935 , 43.17 , 43.2
38.936 , 43.19 , 43.19
38.938 , 43.31 , 43.19
38.939 , 43.37 , 43.19
38.94 , 43.4 , 43.18
38.942 , 43.42 , 43.18
38.943 , 43.42 , 43.17
38.944 , 43.49 , 43.17
38.945 , 43.47 , 43.17
38.947 , 43.42 , 43.16
38.948 , 43.4 , 43.16
38.949 , 43.37 , 43.16
38.95 , 43.37 , 43.15
38.952 , 43.33 , 43.15
38.953 , 43.26 , 43.14
38.954 , 43.31 , 43.14
38.955 , 43.26 , 43.14
38.957 , 43.24 , 43.13
38.958 , 43.26 , 43.13
38.959 , 43.24 , 43.13
38.96 , 43.26 , 43.12
38.962 , 43.26 , 43.12
38.963 , 43.24 , 43.11
38.964 , 43.24 , 43.11
38.965 , 43.31 , 43.11
38.966 , 43.33 , 43.1
38.968 , 43.33 , 43.1
38.969 , 43.33 , 43.1
38.97 , 43.33 , 43.09
38.971 , 43.31 , 43.09
38.972 , 43.33 , 43.09
38.974 , 43.33 , 43.08
38.975 , 43.33 , 43.08
38.976 , 43.31 , 43.07
38.977 , 43.26 , 43.07
38.979 , 43.31 , 43.07
38.98 , 43.24 , 43.06
38.981 , 43.24 , 43.06
38.982 , 43.26 , 43.06
38.984 , 43.26 , 43.05
38.985 , 43.19 , 43.05
38.986 , 43.26 , 43.04
38.987 , 43.24 , 43.04
38.989 , 43.26 , 43.04
38.99 , 43.26 , 43.03
38.991 , 43.24 , 43.03
38.993 , 43.19 , 43.02
38.994 , 43.26 , 43.02
38.995 , 43.19 , 43.02
38.996 , 43.19 , 43.01
38.998 , 43.19 , 43.01
38.999 , 43.19 , 43.01
39.0 , 43.19 , 43.0
39.001 , 43.19 , 43.0
39.003 , 43.17 , 42.99
39.004 , 43.19 , 42.99
39.005 , 43.17 , 42.99
39.006 , 43.17 , 42.98
39.008 , 43.17 , 42.98
39.009 , 43.19 , 42.98
39.01 , 43.17 , 42.97
39.012 , 43.17 , 42.97
39.013 , 43.17 , 42.96
39.014 , 43.17 , 42.96
39.015 , 43.17 , 42.96
39.017 , 43.17 , 42.95
39.018 , 43.14 , 42.95
39.019 , 43.08 , 42.95
39.02 , 43.08 , 42.94
39.022 , 43.14 , 42.94
39.023 , 43.08 , 42.93
39.024 , 43.1 , 42.93
39.025 , 43.17 , 42.93
39.027 , 43.17 , 42.92
39.028 , 43.17 , 42.92
39.029 , 43.1 , 42.92
39.031 , 43.08 , 42.91
39.032 , 43.08 , 42.91
39.033 , 43.08 , 42.9
39.034 , 43.01 , 42.9
39.035 , 43.01 , 42.9
39.037 , 43.03 , 42.89
39.038 , 43.01 , 42.89
39.039 , 43.1 , 42.89
39.041 , 43.03 , 42.88
39.042 , 43.03 , 42.88
39.043 , 43.08 , 42.87
39.044 , 43.03 , 42.87
39.046 , 43.08 , 42.86
39.047 , 43.08 , 42.86
39.048 , 43.08 , 42.86
39.049 , 43.03 , 42.86
39.05 , 43.01 , 42.85
39.052 , 42.98 , 42.85
39.053 , 42.94 , 42.84
39.054 , 43.01 , 42.84
39.056 , 43.01 , 42.83
39.057 , 42.98 , 42.83
39.058 , 43.01 , 42.83
39.059 , 42.98 , 42.83
39.061 , 42.98 , 42.82
39.062 , 42.98 , 42.82
39.063 , 42.98 , 42.81
39.065 , 42.98 , 42.81
39.066 , 42.98 , 42.8
39.067 , 42.98 , 42.8
39.068 , 42.94 , 42.8
39.07 , 42.92 , 42.79
39.071 , 42.94 , 42.79
39.072 , 42.92 , 42.79
39.074 , 42.92 , 42.78
39.075 , 42.87 , 42.78
39.076 , 42.87 , 42.77
39.077 , 42.87 , 42.77
39.079 , 42.87 , 42.77
39.08 , 42.87 , 42.76
39.081 , 42.87 , 42.76
39.083 , 42.92 , 42.75
39.084 , 42.87 , 42.75
39.085 , 42.85 , 42.75
39.086 , 42.85 , 42.74
39.088 , 42.85 , 42.74
39.089 , 42.85 , 42.74
39.09 , 42.85 , 42.73
39.091 , 42.85 , 42.73
39.093 , 42.85 , 42.72
39.094 , 42.8 , 42.72
39.095 , 42.8 , 42.72
39.096 , 42.8 , 42.71
39.098 , 42.85 , 42.71
39.099 , 42.85 , 42.71
39.1 , 42.8 , 42.7
39.102 , 42.8 , 42.7
39.103 , 42.8 , 42.69
39.104 , 42.78 , 42.69
39.106 , 42.78 , 42.68
39.107 , 42.71 , 42.68
39.108 , 42.71 , 42.68
39.109 , 42.71 , 42.68
39.11 , 42.71 , 42.67
39.112 , 42.71 , 42.67
39.113 , 42.76 , 42.66
39.114 , 42.8 , 42.66
39.116 , 42.87 , 42.65
39.117 , 42.85 , 42.65
39.118 , 42.85 , 42.65
39.119 , 42.8 , 42.65
39.121 , 42.8 , 42.64
39.122 , 42.78 , 42.64
39.123 , 42.76 , 42.63
39.125 , 42.76 , 42.63
39.126 , 42.64 , 42.62
39.127 , 42.64 , 42.62
39.128 , 42.62 , 42.62
39.13 , 42.64 , 42.61
39.131 , 42.62 , 42.61
39.132 , 42.62 , 42.61
39.133 , 42.62 , 42.6
39.135 , 42.62 , 42.6
39.136 , 42.62 , 42.59
39.137 , 42.62 , 42.59
39.139 , 42.64 , 42.59
39.14 , 42.62 , 42.58
39.141 , 42.64 , 42.58
39.142 , 42.69 , 42.58
39.144 , 42.62 , 42.57
39.145 , 42.62 , 42.57
39.146 , 42.6 , 42.56
39.147 , 42.62 , 42.56
39.149 , 42.6 , 42.56
39.15 , 42.55 , 42.55
39.151 , 42.55 , 42.55
39.153 , 42.55 , 42.54
39.154 , 42.6 , 42.54
39.155 , 42.55 , 42.54
39.156 , 42.6 , 42.53
39.158 , 42.6 , 42.53
39.159 , 42.55 , 42.53
39.16 , 42.53 , 42.52
39.162 , 42.53 , 42.52
39.163 , 42.53 , 42.51
39.164 , 42.55 , 42.51
39.165 , 42.53 , 42.51
39.167 , 42.53 , 42.5
39.168 , 42.53 , 42.5
39.169 , 42.46 , 42.5
39.17 , 42.46 , 42.49
39.172 , 42.46 , 42.49
39.173 , 42.46 , 42.48
39.174 , 42.39 , 42.48
39.176 , 42.44 , 42.47
39.177 , 42.44 , 42.47
39.178 , 42.44 , 42.47
39.179 , 42.44 , 42.47
39.181 , 42.39 , 42.46
39.182 , 42.44 , 42.46
39.183 , 42.44 , 42.45
39.184 , 42.39 , 42.45
39.186 , 42.37 , 42.44
39.187 , 42.44 , 42.44
39.188 , 42.44 , 42.44
39.19 , 42.39 , 42.43
39.191 , 42.39 , 42.43
39.192 , 42.37 , 42.43
39.193 , 42.39 , 42.42
39.195 , 42.37 , 42.42
39.196 , 42.37 , 42.41
39.197 , 42.3 , 42.41
39.199 , 42.3 , 42.41
39.2 , 42.32 , 42.4
39.201 , 42.37 , 42.4
39.202 , 42.37 , 42.4
39.204 , 42.32 , 42.39
39.205 , 42.37 , 42.39
39.206 , 42.32 , 42.38
39.207 , 42.32 , 42.38
39.209 , 42.32 , 42.38
39.21 , 42.3 , 42.37
39.211 , 42.3 , 42.37
39.213 , 42.3 , 42.36
39.214 , 42.3 , 42.36
39.215 , 42.25 , 42.36
39.216 , 42.25 , 42.35
39.217 , 42.25 , 42.35
39.219 , 42.25 , 42.35
39.22 , 42.23 , 42.34
39.221 , 42.21 , 42.34
39.222 , 42.23 , 42.34
39.223 , 42.25 , 42.33
39.225 , 42.3 , 42.33
39.226 , 42.32 , 42.32
39.227 , 42.3 , 42.32
39.228 , 42.3 , 42.32
39.23 , 42.23 , 42.31
39.231 , 42.23 , 42.31
39.232 , 42.23 , 42.31
39.234 , 42.23 , 42.3
39.235 , 42.23 , 42.3
39.236 , 42.21 , 42.29
39.237 , 42.23 , 42.29
39.239 , 42.21 , 42.29
39.24 , 42.21 , 42.28
39.241 , 42.23 , 42.28
39.242 , 42.23 , 42.28
39.244 , 42.23 , 42.27
39.245 , 42.21 , 42.27
39.246 , 42.14 , 42.26
39.247 , 42.16 , 42.26
39.249 , 42.14 , 42.26
39.25 , 42.21 , 42.25
39.251 , 42.16 , 42.25
39.252 , 42.16 , 42.25
39.254 , 42.16 , 42.24
39.255 , 42.16 , 42.24
39.256 , 42.14 , 42.23
39.257 , 42.16 , 42.23
39.259 , 42.16 , 42.23
39.26 , 42.21 , 42.22
39.261 , 42.16 , 42.22
39.262 , 42.16 , 42.22
39.264 , 42.16 , 42.21
39.265 , 42.14 , 42.21
39.266 , 42.16 , 42.2
39.268 , 42.14 , 42.2
39.269 , 42.09 , 42.2
39.27 , 42.16 , 42.19
39.271 , 42.07 , 42.19
39.272 , 42.09 , 42.19
39.274 , 42.09 , 42.18
39.275 , 42.07 , 42.18
39.276 , 42.14 , 42.17
39.277 , 42.09 , 42.17
39.279 , 42.16 , 42.16
39.28 , 42.14 , 42.16
39.281 , 42.16 , 42.16
39.283 , 42.14 , 42.15
39.284 , 42.14 , 42.15
39.285 , 42.14 , 42.15
39.286 , 42.14 , 42.14
39.288 , 42.14 , 42.14
39.289 , 42.09 , 42.13
39.29 , 42.09 , 42.13
39.291 , 42.07 , 42.13
39.293 , 42.09 , 42.12
39.294 , 42.09 , 42.12
39.295 , 42.09 , 42.12
39.296 , 42.05 , 42.11
39.297 , 42.05 , 42.11
39.299 , 42.05 , 42.1
39.3 , 42.05 , 42.1
39.301 , 42.09 , 42.1
39.303 , 42.05 , 42.09
39.304 , 42.09 , 42.09
39.305 , 42.05 , 42.09
39.306 , 42.05 , 42.08
39.307 , 42.05 , 42.08
39.309 , 42.07 , 42.07
39.31 , 42.07 , 42.07
39.311 , 42.07 , 42.07
39.313 , 42.0 , 42.06
39.314 , 41.98 , 42.06
39.315 , 41.98 , 42.06
39.316 , 41.98 , 42.05
39.318 , 42.0 , 42.05
39.319 , 42.05 , 42.04
39.328 , 41.98 , 42.02
39.329 , 41.98 , 42.01
39.331 , 41.98 , 42.01
39.332 , 41.98 , 42.01
39.333 , 41.98 , 42.0
39.334 , 41.93 , 42.0
39.336 , 41.93 , 41.99
39.337 , 41.93 , 41.99
39.338 , 41.93 , 41.99
39.339 , 41.91 , 41.98
39.341 , 41.91 , 41.98
39.342 , 41.86 , 41.98
39.343 , 41.86 , 41.97
39.344 , 41.86 , 41.97
39.346 , 41.91 , 41.96
39.347 , 41.91 , 41.96
39.348 , 41.86 , 41.96
39.349 , 41.84 , 41.95
39.351 , 41.91 , 41.95
39.352 , 41.86 , 41.95
39.353 , 41.91 , 41.94
39.354 , 41.86 , 41.94
39.356 , 41.86 , 41.93
39.357 , 41.84 , 41.93
39.358 , 41.84 , 41.93
39.359 , 41.84 , 41.92
39.36 , 41.91 , 41.92
39.362 , 41.84 , 41.92
39.363 , 41.84 , 41.91
39.364 , 41.84 , 41.91
39.366 , 41.82 , 41.9
39.367 , 41.84 , 41.9
39.368 , 41.82 , 41.9
39.369 , 41.82 , 41.89
39.371 , 41.84 , 41.89
39.372 , 41.77 , 41.89
39.373 , 41.77 , 41.88
39.374 , 41.75 , 41.88
39.375 , 41.77 , 41.88
39.377 , 41.84 , 41.87
39.378 , 41.82 , 41.87
39.379 , 41.77 , 41.86
39.38 , 41.75 , 41.86
39.382 , 41.7 , 41.86
39.383 , 41.75 , 41.85
39.384 , 41.7 , 41.85
39.385 , 41.77 , 41.85
39.387 , 41.77 , 41.84
39.388 , 41.75 , 41.84
39.389 , 41.75 , 41.83
39.39 , 41.7 , 41.83
39.391 , 41.7 , 41.83
39.393 , 41.7 , 41.82
39.394 , 41.7 , 41.82
39.395 , 41.7 , 41.82
39.396 , 41.7 , 41.81
39.398 , 41.7 , 41.81
39.399 , 41.7 , 41.8
39.4 , 41.7 , 41.8
39.401 , 41.68 , 41.8
39.403 , 41.7 , 41.79
39.404 , 41.7 , 41.79
39.405 , 41.7 , 41.79
39.406 , 41.7 , 41.78
39.408 , 41.66 , 41.78
39.409 , 41.68 , 41.77
39.41 , 41.66 , 41.77
39.411 , 41.66 , 41.77
39.413 , 41.66 , 41.76
39.414 , 41.66 , 41.76
39.415 , 41.66 , 41.76
39.416 , 41.61 , 41.75
39.418 , 41.66 , 41.75
39.419 , 41.61 , 41.74
39.42 , 41.66 , 41.74
39.421 , 41.61 , 41.74
39.422 , 41.66 , 41.74
39.424 , 41.66 , 41.73
39.425 , 41.61 , 41.73
39.426 , 41.61 , 41.72
39.427 , 41.61 , 41.72
39.429 , 41.61 , 41.71
39.43 , 41.66 , 41.71
39.431 , 41.61 , 41.71
39.432 , 41.59 , 41.71
39.434 , 41.59 , 41.7
39.435 , 41.54 , 41.7
39.436 , 41.54 , 41.69
39.437 , 41.61 , 41.69
39.439 , 41.59 , 41.68
39.44 , 41.54 , 41.68
39.441 , 41.54 , 41.68
39.442 , 41.52 , 41.68
39.443 , 41.54 , 41.67
39.445 , 41.59 , 41.67
39.446 , 41.59 , 41.66
39.447 , 41.54 , 41.66
39.448 , 41.54 , 41.66
39.45 , 41.5 , 41.65
39.451 , 41.54 , 41.65
39.452 , 41.52 , 41.65
39.453 , 41.52 , 41.64
39.454 , 41.54 , 41.64
39.456 , 41.52 , 41.63
39.457 , 41.5 , 41.63
39.458 , 41.52 , 41.63
39.459 , 41.52 , 41.62
39.461 , 41.52 , 41.62
39.462 , 41.52 , 41.62
39.463 , 41.52 , 41.61
39.464 , 41.52 , 41.61
39.465 , 41.5 , 41.61
39.467 , 41.5 , 41.6
39.468 , 41.5 , 41.6
39.469 , 41.5 , 41.59
39.47 , 41.5 , 41.59
39.471 , 41.5 , 41.59
39.473 , 41.52 , 41.58
39.474 , 41.5 , 41.58
39.475 , 41.45 , 41.58
39.476 , 41.45 , 41.57
39.477 , 41.43 , 41.57
39.479 , 41.45 , 41.56
39.48 , 41.45 , 41.56
39.481 , 41.45 , 41.56
39.482 , 41.45 , 41.56
39.484 , 41.38 , 41.55
39.485 , 41.43 , 41.55
39.486 , 41.43 , 41.54
39.487 , 41.43 , 41.54
39.488 , 41.43 , 41.54
39.49 , 41.45 , 41.53
39.491 , 41.38 , 41.53
39.492 , 41.38 , 41.53
39.493 , 41.43 , 41.52
39.494 , 41.38 , 41.52
39.496 , 41.43 , 41.51
39.497 , 41.38 , 41.51
39.498 , 41.38 , 41.51
39.499 , 41.36 , 41.5
39.501 , 41.36 , 41.5
39.502 , 41.38 , 41.5
39.503 , 41.36 , 41.49
39.504 , 41.31 , 41.49
39.505 , 41.38 , 41.49
39.507 , 41.36 , 41.48
39.508 , 41.36 , 41.48
39.509 , 41.36 , 41.47
39.51 , 41.36 , 41.47
39.512 , 41.31 , 41.47
39.513 , 41.31 , 41.46
39.514 , 41.36 , 41.46
39.515 , 41.31 , 41.46
39.516 , 41.31 , 41.45
39.518 , 41.29 , 41.45
39.519 , 41.29 , 41.44
39.52 , 41.29 , 41.44
39.521 , 41.29 , 41.44
39.523 , 41.31 , 41.43
39.524 , 41.29 , 41.43
39.525 , 41.29 , 41.43
39.526 , 41.27 , 41.42
39.527 , 41.29 , 41.42
39.529 , 41.29 , 41.41
39.53 , 41.29 , 41.41
39.531 , 41.29 , 41.41
39.532 , 41.27 , 41.41
39.534 , 41.27 , 41.4
39.535 , 41.27 , 41.4
39.536 , 41.27 , 41.39
39.537 , 41.22 , 41.39
39.538 , 41.27 , 41.39
39.54 , 41.29 , 41.38
39.541 , 41.29 , 41.38
39.542 , 41.27 , 41.38
39.543 , 41.2 , 41.37
39.545 , 41.2 , 41.37
39.546 , 41.22 , 41.36
39.547 , 41.22 , 41.36
39.548 , 41.22 , 41.36
39.549 , 41.22 , 41.35
39.551 , 41.2 , 41.35
39.552 , 41.2 , 41.35
39.553 , 41.2 , 41.34
39.554 , 41.2 , 41.34
39.555 , 41.2 , 41.34
39.557 , 41.22 , 41.33
39.558 , 41.2 , 41.33
39.559 , 41.2 , 41.32
39.56 , 41.13 , 41.32
39.561 , 41.15 , 41.32
39.563 , 41.2 , 41.31
39.564 , 41.22 , 41.31
39.565 , 41.2 , 41.31
39.566 , 41.2 , 41.3
39.567 , 41.15 , 41.3
39.569 , 41.13 , 41.29
39.57 , 41.13 , 41.29
39.571 , 41.13 , 41.29
39.572 , 41.13 , 41.29
39.573 , 41.13 , 41.28
39.575 , 41.15 , 41.28
39.576 , 41.11 , 41.27
39.577 , 41.06 , 41.27
39.578 , 41.11 , 41.27
39.58 , 41.06 , 41.26
39.581 , 41.13 , 41.26
39.582 , 41.13 , 41.26
39.583 , 41.11 , 41.25
39.584 , 41.13 , 41.25
39.586 , 41.13 , 41.24
39.587 , 41.13 , 41.24
39.588 , 41.13 , 41.24
39.589 , 41.15 , 41.23
39.59 , 41.13 , 41.23
39.592 , 41.13 , 41.23
39.593 , 41.11 , 41.22
39.594 , 41.13 , 41.22
39.595 , 41.11 , 41.22
39.596 , 41.06 , 41.21
39.598 , 41.11 , 41.21
39.599 , 41.06 , 41.2
39.6 , 41.06 , 41.2
39.601 , 41.11 , 41.2
39.602 , 41.06 , 41.2
39.603 , 41.11 , 41.19
39.605 , 41.06 , 41.19
39.606 , 41.06 , 41.18
39.607 , 41.11 , 41.18
39.608 , 41.06 , 41.18
39.61 , 41.06 , 41.17
39.611 , 41.06 , 41.17
39.612 , 41.06 , 41.17
39.613 , 41.06 , 41.16
39.614 , 41.06 , 41.16
39.616 , 41.04 , 41.15
39.617 , 41.06 , 41.15
39.618 , 41.04 , 41.15
39.619 , 41.04 , 41.14
39.62 , 41.06 , 41.14
39.622 , 41.04 , 41.14
39.623 , 41.06 , 41.13
39.624 , 41.04 , 41.13
39.625 , 41.04 , 41.13
39.626 , 41.06 , 41.12
39.628 , 41.04 , 41.12
39.629 , 41.06 , 41.11
39.63 , 40.97 , 41.11
39.631 , 41.04 , 41.11
39.632 , 40.99 , 41.11
39.634 , 41.04 , 41.1
39.635 , 41.04 , 41.1
39.636 , 41.04 , 41.09
39.637 , 41.04 , 41.09
39.638 , 40.99 , 41.09
39.64 , 41.04 , 41.08
39.641 , 41.04 , 41.08
39.642 , 41.04 , 41.07
39.643 , 40.99 , 41.07
39.645 , 41.06 , 41.07
39.646 , 41.11 , 41.06
39.647 , 41.13 , 41.06
39.648 , 41.2 , 41.06
39.649 , 41.27 , 41.05
39.651 , 41.31 , 41.05
39.652 , 41.38 , 41.04
39.653 , 41.52 , 41.04
39.654 , 41.66 , 41.04
39.655 , 41.75 , 41.04
39.657 , 41.77 , 41.03
39.658 , 41.77 , 41.03
39.659 , 41.7 , 41.02
39.66 , 41.68 , 41.02
39.661 , 41.7 , 41.02
39.663 , 41.66 , 41.01
39.664 , 41.54 , 41.01
39.665 , 41.5 , 41.01
39.666 , 41.5 , 41.0
39.668 , 41.45 , 41.0
39.669 , 41.43 , 40.99
39.67 , 41.45 , 40.99
39.671 , 41.38 , 40.99
39.672 , 41.36 , 40.98
39.674 , 41.22 , 40.98
39.675 , 41.04 , 40.98
39.676 , 40.95 , 40.97
39.677 , 40.9 , 40.97
39.679 , 40.9 , 40.96
39.68 , 40.9 , 40.96
39.681 , 40.88 , 40.96
39.682 , 40.9 , 40.95
39.684 , 40.88 , 40.95
39.685 , 40.9 , 40.95
39.686 , 40.97 , 40.94
39.687 , 41.06 , 40.94
39.689 , 41.11 , 40.93
39.69 , 41.15 , 40.93
39.691 , 41.2 , 40.93
39.692 , 41.22 , 40.92
39.693 , 41.22 , 40.92
39.695 , 41.22 , 40.92
39.696 , 41.2 , 40.91
39.697 , 41.2 , 40.91
39.699 , 41.2 , 40.9
39.7 , 41.13 , 40.9
39.701 , 41.11 , 40.9
39.702 , 41.11 , 40.89
39.703 , 41.06 , 40.89
39.704 , 41.06 , 40.89
39.706 , 41.04 , 40.88
39.707 , 41.04 , 40.88
39.708 , 40.99 , 40.88
39.709 , 40.99 , 40.87
39.711 , 40.99 , 40.87
39.712 , 41.04 , 40.86
39.713 , 41.04 , 40.86
39.714 , 41.04 , 40.86
39.715 , 41.04 , 40.86
39.717 , 41.04 , 40.85
39.718 , 41.04 , 40.85
39.719 , 40.99 , 40.84
39.72 , 41.06 , 40.84
39.721 , 41.04 , 40.84
39.723 , 41.04 , 40.83
39.724 , 41.04 , 40.83
39.725 , 40.95 , 40.83
39.726 , 40.99 , 40.82
39.727 , 40.97 , 40.82
39.729 , 40.97 , 40.81
39.73 , 40.97 , 40.81
39.731 , 40.97 , 40.81
39.732 , 40.97 , 40.8
39.734 , 40.95 , 40.8
39.735 , 40.95 , 40.8
39.736 , 40.97 , 40.79
39.737 , 40.95 , 40.79
39.739 , 40.97 , 40.78
39.74 , 40.95 , 40.78
39.741 , 40.95 , 40.78
39.742 , 40.9 , 40.77
39.743 , 40.9 , 40.77
39.745 , 40.9 , 40.77
39.746 , 40.9 , 40.76
39.747 , 40.9 , 40.76
39.748 , 40.9 , 40.76
39.75 , 40.88 , 40.75
39.751 , 40.9 , 40.75
39.752 , 40.9 , 40.74
39.753 , 40.88 , 40.74
39.754 , 40.88 , 40.74
39.756 , 40.9 , 40.73
39.757 , 40.9 , 40.73
39.758 , 40.88 , 40.73
39.759 , 40.9 , 40.72
39.761 , 40.88 , 40.72
39.762 , 40.88 , 40.71
39.763 , 40.88 , 40.71
39.764 , 40.88 , 40.71
39.766 , 40.83 , 40.7
39.767 , 40.88 , 40.7
39.768 , 40.83 , 40.7
39.769 , 40.83 , 40.69
39.771 , 40.83 , 40.69
39.772 , 40.81 , 40.68
39.773 , 40.83 , 40.68
39.774 , 40.83 , 40.68
39.775 , 40.81 , 40.68
39.777 , 40.81 , 40.67
39.778 , 40.81 , 40.67
39.779 , 40.81 , 40.66
39.78 , 40.81 , 40.66
39.782 , 40.81 , 40.65
39.783 , 40.81 , 40.65
39.784 , 40.81 , 40.65
39.785 , 40.76 , 40.65
39.787 , 40.76 , 40.64
39.788 , 40.76 , 40.64
39.789 , 40.76 , 40.63
39.79 , 40.76 , 40.63
39.792 , 40.72 , 40.62
39.793 , 40.76 , 40.62
39.794 , 40.72 , 40.62
39.796 , 40.76 , 40.61
39.797 , 40.76 , 40.61
39.798 , 40.72 , 40.61
39.799 , 40.72 , 40.6
39.801 , 40.72 , 40.6
39.802 , 40.72 , 40.59
39.803 , 40.72 , 40.59
39.804 , 40.72 , 40.59
39.805 , 40.7 , 40.59
39.807 , 40.72 , 40.58
39.808 , 40.7 , 40.58
39.809 , 40.72 , 40.57
39.81 , 40.7 , 40.57
39.811 , 40.7 , 40.57
39.813 , 40.65 , 40.56
39.814 , 40.65 , 40.56
39.815 , 40.7 , 40.56
39.816 , 40.65 , 40.55
39.818 , 40.7 , 40.55
39.819 , 40.65 , 40.54
39.82 , 40.65 , 40.54
39.821 , 40.65 , 40.54
39.822 , 40.65 , 40.53
39.824 , 40.63 , 40.53
39.825 , 40.63 , 40.53
39.826 , 40.63 , 40.52
39.827 , 40.58 , 40.52
39.828 , 40.63 , 40.52
39.83 , 40.63 , 40.51
39.831 , 40.58 , 40.51
39.832 , 40.63 , 40.5
39.833 , 40.58 , 40.5
39.834 , 40.63 , 40.5
39.836 , 40.58 , 40.49
39.837 , 40.58 , 40.49
39.838 , 40.63 , 40.49
39.839 , 40.58 , 40.48
39.84 , 40.58 , 40.48
39.842 , 40.58 , 40.47
39.843 , 40.56 , 40.47
39.844 , 40.58 , 40.47
39.845 , 40.63 , 40.47
39.847 , 40.56 , 40.46
39.848 , 40.56 , 40.46
39.849 , 40.56 , 40.45
39.85 , 40.56 , 40.45
39.852 , 40.54 , 40.44
39.853 , 40.56 , 40.44
39.854 , 40.49 , 40.44
39.855 , 40.49 , 40.44
39.856 , 40.49 , 40.43
39.858 , 40.47 , 40.43
39.859 , 40.47 , 40.42
39.86 , 40.49 , 40.42
39.861 , 40.49 , 40.42
39.863 , 40.47 , 40.41
39.864 , 40.56 , 40.41
39.865 , 40.58 , 40.41
39.866 , 40.58 , 40.4
39.867 , 40.58 , 40.4
39.869 , 40.56 , 40.39
39.87 , 40.49 , 40.39
39.871 , 40.54 , 40.39
39.872 , 40.49 , 40.38
39.874 , 40.47 , 40.38
39.875 , 40.42 , 40.38
39.876 , 40.35 , 40.37
39.877 , 40.35 , 40.37
39.879 , 40.35 , 40.36
39.88 , 40.4 , 40.36
39.881 , 40.35 , 40.36
39.882 , 40.35 , 40.35
39.884 , 40.35 , 40.35
39.885 , 40.35 , 40.35
39.886 , 40.4 , 40.34
39.888 , 40.4 , 40.34
39.889 , 40.4 , 40.33
39.89 , 40.35 , 40.33
39.891 , 40.4 , 40.33
39.892 , 40.4 , 40.32
39.894 , 40.4 , 40.32
39.895 , 40.35 , 40.32
39.896 , 40.35 , 40.31
39.897 , 40.33 , 40.31
39.899 , 40.31 , 40.3
39.9 , 40.33 , 40.3
39.901 , 40.26 , 40.3
39.902 , 40.26 , 40.29
39.904 , 40.31 , 40.29
39.905 , 40.31 , 40.29
39.906 , 40.26 , 40.28
39.907 , 40.31 , 40.28
39.909 , 40.26 , 40.27
39.91 , 40.26 , 40.27
39.911 , 40.26 , 40.27
39.912 , 40.26 , 40.26
39.914 , 40.24 , 40.26
39.915 , 40.26 , 40.26
39.916 , 40.26 , 40.25
39.917 , 40.26 , 40.25
39.919 , 40.26 , 40.24
39.92 , 40.24 , 40.24
39.921 , 40.19 , 40.24
39.922 , 40.26 , 40.23
39.923 , 40.24 , 40.23
39.925 , 40.19 , 40.23
39.926 , 40.19 , 40.22
39.927 , 40.19 , 40.22
39.929 , 40.19 , 40.21
39.93 , 40.19 , 40.21
39.931 , 40.19 , 40.21
39.932 , 40.17 , 40.2
39.934 , 40.17 , 40.2
39.935 , 40.15 , 40.2
39.936 , 40.19 , 40.19
39.937 , 40.17 , 40.19
39.939 , 40.15 , 40.18
39.94 , 40.17 , 40.18
39.941 , 40.15 , 40.18
39.942 , 40.19 , 40.17
39.944 , 40.17 , 40.17
39.945 , 40.15 , 40.17
39.946 , 40.17 , 40.16
39.947 , 40.17 , 40.16
39.949 , 40.15 , 40.15
39.95 , 40.15 , 40.15
39.951 , 40.1 , 40.15
39.952 , 40.1 , 40.14
39.954 , 40.1 , 40.14
39.955 , 40.15 , 40.14
39.956 , 40.1 , 40.13
39.957 , 40.08 , 40.13
39.959 , 40.08 , 40.12
39.96 , 40.08 , 40.12
39.961 , 40.08 , 40.12
39.962 , 40.03 , 40.11
39.964 , 40.08 , 40.11
39.965 , 40.08 , 40.11
39.966 , 40.08 , 40.1
39.967 , 40.08 , 40.1
39.968 , 40.03 , 40.1
39.97 , 40.08 , 40.09
39.971 , 40.03 , 40.09
39.972 , 40.08 , 40.08
39.973 , 40.08 , 40.08
39.974 , 40.03 , 40.08
39.976 , 40.08 , 40.07
39.977 , 40.03 , 40.07
39.978 , 40.01 , 40.07
39.98 , 40.01 , 40.06
39.981 , 40.03 , 40.06
39.982 , 40.03 , 40.05
39.983 , 40.08 , 40.05
39.985 , 39.99 , 40.05