0.002 , 109.7734 , 91.32525 , 0.06409454
0.005 , 109.7734 , 91.32525 , 0.06409454
0.008000001 , 109.7505 , 91.32525 , 0.06409454
0.01 , 109.7505 , 91.30235 , 0.05951691
0.013 , 109.7505 , 91.32525 , 0.05951691
0.016 , 109.7734 , 91.34814 , 0.05951691
0.019 , 109.8192 , 91.32525 , 0.05493927
0.022 , 109.7734 , 91.34814 , 0.05493927
0.024 , 109.7734 , 91.32525 , 0.05493927
0.027 , 109.7047 , 91.32525 , 0.05036163
0.03 , 109.7505 , 91.32525 , 0.05036163
0.033 , 109.7734 , 91.32525 , 0.05036163
0.035 , 109.7734 , 91.32525 , 0.045784
0.038 , 109.7734 , 91.34814 , 0.03662872
0.041 , 109.7505 , 91.34814 , 0.03205109
0.044 , 109.7047 , 91.34814 , 0.01602936
0.046 , 109.7047 , 91.32525 , 7.629395e-06
0.049 , 109.7047 , 91.30235 , -0.01830482
0.052 , 109.6818 , 91.32525 , -0.0274601
0.055 , 109.6132 , 91.32525 , -0.04577065
0.058 , 109.6818 , 91.30235 , -0.05034828
0.06 , 109.6818 , 91.30235 , -0.05950356
0.063 , 109.5903 , 91.34814 , -0.07323647
0.06599999 , 109.5903 , 91.32525 , -0.0778141
0.069 , 109.5903 , 91.30235 , -0.09154701
0.072 , 109.5903 , 91.32525 , -0.1007042
0.074 , 109.5903 , 91.30235 , -0.1052818
0.077 , 109.6132 , 91.34814 , -0.1144371
0.08 , 109.5674 , 91.32525 , -0.1235924
0.08200001 , 109.5216 , 91.39391 , -0.1327477
0.085 , 109.5216 , 91.32525 , -0.1373253
0.088 , 109.5674 , 91.30235 , -0.1510582
0.09 , 109.5216 , 91.32525 , -0.1602135
0.093 , 109.4987 , 91.32525 , -0.1647911
0.095 , 109.5216 , 91.30235 , -0.1739464
0.09799999 , 109.5216 , 91.34814 , -0.178524
0.101 , 109.5216 , 91.34814 , -0.1899681
0.103 , 109.5216 , 91.32525 , -0.1991234
0.106 , 109.4987 , 91.32525 , -0.203701
0.109 , 109.453 , 91.30235 , -0.2197227
0.111 , 109.4987 , 91.32525 , -0.2243004
0.114 , 109.453 , 91.34814 , -0.228878
0.116 , 109.453 , 91.32525 , -0.2403221
0.119 , 109.4987 , 91.30235 , -0.2448997
0.122 , 109.453 , 91.32525 , -0.254055
0.124 , 109.4301 , 91.32525 , -0.2632103
0.127 , 109.4072 , 91.32525 , -0.2677879
0.129 , 109.4301 , 91.32525 , -0.2769432
0.132 , 109.4072 , 91.30235 , -0.2815208
0.134 , 109.4072 , 91.30235 , -0.290678
0.137 , 109.4072 , 91.32525 , -0.2998333
0.14 , 109.4072 , 91.32525 , -0.2998333
0.142 , 109.4072 , 91.34814 , -0.3089886
0.145 , 109.3385 , 91.32525 , -0.3181438
0.147 , 109.4072 , 91.30235 , -0.3227215
0.15 , 109.3385 , 91.32525 , -0.3318768
0.152 , 109.3614 , 91.30235 , -0.341032
0.155 , 109.3614 , 91.32525 , -0.3501873
0.158 , 109.3385 , 91.32525 , -0.3547649
0.16 , 109.3385 , 91.32525 , -0.3593426
0.163 , 109.3385 , 91.32525 , -0.3684978
0.165 , 109.3385 , 91.30235 , -0.3730755
0.168 , 109.2927 , 91.32525 , -0.3822327
0.17 , 109.2699 , 91.32525 , -0.3868103
0.173 , 109.2927 , 91.32525 , -0.3913879
0.175 , 109.2699 , 91.30235 , -0.3982544
0.178 , 109.2927 , 91.32525 , -0.402832
0.181 , 109.2927 , 91.32525 , -0.4119873
0.183 , 109.2927 , 91.30235 , -0.4211426
0.186 , 109.2699 , 91.25658 , -0.4257202
0.188 , 109.2241 , 91.25658 , -0.4348755
0.191 , 109.2012 , 91.25658 , -0.4394531
0.194 , 109.2241 , 91.30235 , -0.4463196
0.196 , 109.2241 , 91.30235 , -0.4508972
0.199 , 109.2012 , 91.32525 , -0.4600525
0.201 , 109.2012 , 91.30235 , -0.4646301
0.204 , 109.2012 , 91.30235 , -0.4737873
0.206 , 109.1783 , 91.30235 , -0.4783649
0.209 , 109.2012 , 91.25658 , -0.4829426
0.212 , 109.2012 , 91.25658 , -0.4989643
0.214 , 109.2012 , 91.30235 , -0.5035419
0.217 , 109.1783 , 91.25658 , -0.5081196
0.219 , 109.1325 , 91.25658 , -0.5126972
0.222 , 109.2012 , 91.30235 , -0.5172749
0.224 , 109.1783 , 91.30235 , -0.5264301
0.227 , 109.1325 , 91.25658 , -0.5310078
0.23 , 109.1096 , 91.25658 , -0.540163
0.232 , 109.1096 , 91.30235 , -0.5447407
0.235 , 109.1325 , 91.25658 , -0.5493183
0.237 , 109.1325 , 91.30235 , -0.553896
0.24 , 109.1096 , 91.32525 , -0.5584736
0.243 , 109.1325 , 91.30235 , -0.5676308
0.245 , 109.1096 , 91.25658 , -0.5722084
0.248 , 109.0639 , 91.30235 , -0.5813637
0.25 , 109.1096 , 91.30235 , -0.5928078
0.253 , 109.0639 , 91.25658 , -0.5973854
0.255 , 109.0639 , 91.25658 , -0.601963
0.258 , 109.041 , 91.32525 , -0.6065407
0.261 , 109.0639 , 91.30235 , -0.6111183
0.263 , 109.0639 , 91.30235 , -0.615696
0.266 , 109.041 , 91.32525 , -0.6248512
0.268 , 109.0181 , 91.25658 , -0.6340065
0.271 , 109.041 , 91.30235 , -0.6340065
0.273 , 109.041 , 91.25658 , -0.6385841
0.276 , 109.041 , 91.30235 , -0.6431618
0.278 , 109.041 , 91.30235 , -0.652317
0.281 , 109.0639 , 91.30235 , -0.6614723
0.284 , 109.041 , 91.25658 , -0.66605
0.286 , 109.041 , 91.30235 , -0.6706276
0.289 , 108.9723 , 91.25658 , -0.6752052
0.291 , 109.0181 , 91.25658 , -0.6843605
0.302 , 108.9723 , 91.25658 , -0.7049599
0.305 , 108.9723 , 91.25658 , -0.7095375
0.307 , 108.9723 , 91.25658 , -0.7141151
0.31 , 108.9494 , 91.25658 , -0.7232704
0.312 , 108.9723 , 91.25658 , -0.7232704
0.315 , 108.9723 , 91.25658 , -0.7324257
0.318 , 108.9494 , 91.30235 , -0.7392921
0.32 , 108.9494 , 91.25658 , -0.7438698
0.323 , 108.9723 , 91.25658 , -0.7484474
0.325 , 108.9494 , 91.30235 , -0.7530251
0.328 , 108.9494 , 91.23369 , -0.7576046
0.331 , 108.9494 , 91.25658 , -0.7667599
0.333 , 108.9036 , 91.25658 , -0.7667599
0.336 , 108.9036 , 91.25658 , -0.7759151
0.338 , 108.9036 , 91.25658 , -0.7759151
0.341 , 108.9036 , 91.25658 , -0.7873592
0.344 , 108.9036 , 91.25658 , -0.7919369
0.346 , 108.8808 , 91.25658 , -0.7965145
0.349 , 108.8808 , 91.23369 , -0.8056698
0.351 , 108.8579 , 91.25658 , -0.8056698
0.354 , 108.8808 , 91.23369 , -0.8102474
0.357 , 108.9036 , 91.25658 , -0.8148251
0.359 , 108.8808 , 91.30235 , -0.8194027
0.362 , 108.8808 , 91.30235 , -0.8239803
0.364 , 108.8579 , 91.23369 , -0.828558
0.367 , 108.8121 , 91.25658 , -0.8377132
0.37 , 108.8579 , 91.25658 , -0.8377132
0.372 , 108.8121 , 91.23369 , -0.8422909
0.375 , 108.8121 , 91.30235 , -0.8468685
0.377 , 108.8579 , 91.25658 , -0.8514481
0.38 , 108.8579 , 91.25658 , -0.8514481
0.383 , 108.8579 , 91.25658 , -0.8606033
0.385 , 108.8121 , 91.23369 , -0.8606033
0.388 , 108.8121 , 91.23369 , -0.8697586
0.39 , 108.7892 , 91.18791 , -0.8697586
0.393 , 108.7892 , 91.23369 , -0.8743362
0.396 , 108.8121 , 91.25658 , -0.8789139
0.398 , 108.8121 , 91.23369 , -0.8834915
0.401 , 108.7892 , 91.30235 , -0.8834915
0.403 , 108.7892 , 91.23369 , -0.8880692
0.406 , 108.7892 , 91.23369 , -0.8926468
0.409 , 108.7205 , 91.23369 , -0.8972244
0.411 , 108.7434 , 91.23369 , -0.8972244
0.414 , 108.7434 , 91.18791 , -0.9063797
0.416 , 108.7434 , 91.23369 , -0.9063797
0.419 , 108.7434 , 91.23369 , -0.9109573
0.422 , 108.7205 , 91.25658 , -0.915535
0.424 , 108.7434 , 91.23369 , -0.915535
0.427 , 108.7205 , 91.18791 , -0.9201126
0.429 , 108.7205 , 91.18791 , -0.9246902
0.432 , 108.7205 , 91.18791 , -0.9292679
0.435 , 108.7205 , 91.23369 , -0.9292679
0.437 , 108.7205 , 91.23369 , -0.9338455
0.44 , 108.7205 , 91.23369 , -0.9338455
0.442 , 108.7205 , 91.23369 , -0.9384232
0.445 , 108.6748 , 91.18791 , -0.9430008
0.448 , 108.6748 , 91.18791 , -0.9430008
0.45 , 108.6748 , 91.18791 , -0.9475784
0.453 , 108.6519 , 91.18791 , -0.9544449
0.455 , 108.6748 , 91.18791 , -0.9544449
0.458 , 108.6748 , 91.18791 , -0.9544449
0.46 , 108.6519 , 91.23369 , -0.9590225
0.463 , 108.6748 , 91.23369 , -0.9590225
0.466 , 108.6519 , 91.16502 , -0.9636002
0.468 , 108.6748 , 91.18791 , -0.9636002
0.471 , 108.6748 , 91.18791 , -0.9681778
0.473 , 108.6519 , 91.18791 , -0.9681778
0.476 , 108.6519 , 91.25658 , -0.9681778
0.479 , 108.6748 , 91.23369 , -0.9681778
0.481 , 108.6519 , 91.18791 , -0.9681778
0.484 , 108.629 , 91.18791 , -0.9681778
0.487 , 108.5832 , 91.16502 , -0.9681778
0.489 , 108.5832 , 91.16502 , -0.9681778
0.492 , 108.5603 , 91.16502 , -0.9727554
0.494 , 108.5603 , 91.18791 , -0.9681778
0.497 , 108.5603 , 91.16502 , -0.9681778
0.5 , 108.5832 , 91.18791 , -0.9636002
0.502 , 108.629 , 91.23369 , -0.9636002
0.505 , 108.5603 , 91.16502 , -0.9636002
0.507 , 108.5832 , 91.14214 , -0.9590225
0.51 , 108.5145 , 91.07347 , -0.9590225
0.512 , 108.5145 , 91.07347 , -0.9544449
0.515 , 108.5603 , 91.14214 , -0.9475784
0.518 , 108.5603 , 91.14214 , -0.9430008
0.52 , 108.5603 , 91.07347 , -0.9384232
0.523 , 108.5145 , 91.14214 , -0.9292679
0.525 , 108.5145 , 91.14214 , -0.9292679
0.528 , 108.5145 , 91.07347 , -0.9246902
0.53 , 108.4917 , 91.05058 , -0.9201126
0.533 , 108.4917 , 91.00481 , -0.9109573
0.536 , 108.4917 , 91.05058 , -0.9063797
0.538 , 108.5145 , 91.00481 , -0.8972244
0.541 , 108.5145 , 91.05058 , -0.8926468
0.543 , 108.5145 , 91.05058 , -0.8834915
0.546 , 108.4917 , 91.05058 , -0.8789139
0.549 , 108.4688 , 90.93614 , -0.8697586
0.551 , 108.4917 , 90.93614 , -0.865181
0.554 , 108.4917 , 90.89037 , -0.8606033
0.556 , 108.4688 , 90.93614 , -0.8514481
0.559 , 108.4688 , 90.93614 , -0.8422909
0.561 , 108.4688 , 90.91325 , -0.828558
0.564 , 108.4917 , 90.91325 , -0.8239803
0.567 , 108.4917 , 90.89037 , -0.8148251
0.569 , 108.423 , 90.8217 , -0.8056698
0.572 , 108.423 , 90.84459 , -0.7965145
0.574 , 108.4688 , 90.8217 , -0.7873592
0.577 , 108.423 , 90.84459 , -0.7759151
0.58 , 108.423 , 90.84459 , -0.7667599
0.582 , 108.423 , 90.8217 , -0.7576046
0.585 , 108.423 , 90.77592 , -0.7484474
0.588 , 108.4001 , 90.77592 , -0.7392921
0.59 , 108.4001 , 90.77592 , -0.7278481
0.593 , 108.423 , 90.75304 , -0.7232704
0.595 , 108.423 , 90.70726 , -0.7095375
0.598 , 108.423 , 90.70726 , -0.7003822
0.6 , 108.423 , 90.70726 , -0.6889381
0.603 , 108.4001 , 90.68437 , -0.6752052
0.606 , 108.4001 , 90.66148 , -0.6706276
0.608 , 108.3543 , 90.66148 , -0.6568947
0.611 , 108.3543 , 90.61571 , -0.6431618
0.613 , 108.3314 , 90.61571 , -0.6340065
0.616 , 108.4001 , 90.61571 , -0.6202736
0.619 , 108.4001 , 90.59282 , -0.6111183
0.621 , 108.4001 , 90.61571 , -0.5973854
0.624 , 108.4001 , 90.59282 , -0.5813637
0.626 , 108.3314 , 90.54704 , -0.5676308
0.629 , 108.3314 , 90.52415 , -0.5584736
0.631 , 108.3314 , 90.52415 , -0.540163
0.634 , 108.3314 , 90.47837 , -0.5264301
0.636 , 108.3314 , 90.47837 , -0.5126972
0.639 , 108.3314 , 90.45548 , -0.489809
0.642 , 108.3543 , 90.45548 , -0.4737873
0.644 , 108.3543 , 90.38682 , -0.4554749
0.647 , 108.3085 , 90.38682 , -0.4394531
0.649 , 108.3314 , 90.31815 , -0.4257202
0.652 , 108.3085 , 90.36393 , -0.4074097
0.655 , 108.3314 , 90.31815 , -0.3868103
0.657 , 108.3543 , 90.27238 , -0.3684978
0.66 , 108.3314 , 90.29527 , -0.3547649
0.662 , 108.3314 , 90.27238 , -0.341032
0.665 , 108.3085 , 90.27238 , -0.3227215
0.667 , 108.2628 , 90.2266 , -0.3089886
0.67 , 108.2628 , 90.20371 , -0.290678
0.672 , 108.2628 , 90.15793 , -0.2769432
0.675 , 108.2628 , 90.13504 , -0.2632103
0.678 , 108.3085 , 90.13504 , -0.2448997
0.68 , 108.2628 , 90.13504 , -0.228878
0.683 , 108.2628 , 90.13504 , -0.2197227
0.685 , 108.2628 , 90.06638 , -0.1991234
0.688 , 108.1941 , 90.06638 , -0.1899681
0.691 , 108.1941 , 89.99771 , -0.1739464
0.693 , 108.1941 , 90.06638 , -0.1602135
0.696 , 108.2399 , 89.99771 , -0.1510582
0.698 , 108.1941 , 89.99771 , -0.1373253
0.701 , 108.2399 , 90.04349 , -0.12817
0.704 , 108.1941 , 89.97482 , -0.1190147
0.7059999 , 108.2399 , 89.97482 , -0.1098595
0.709 , 108.1941 , 89.92905 , -0.1007042
0.711 , 108.1712 , 89.90616 , -0.09154701
0.714 , 108.1712 , 89.92905 , -0.08239174
0.717 , 108.1941 , 89.86038 , -0.0778141
0.719 , 108.1712 , 89.90616 , -0.06865883
0.722 , 108.1712 , 89.90616 , -0.06408119
0.725 , 108.1712 , 89.86038 , -0.05492592
0.727 , 108.1254 , 89.83749 , -0.05034828
0.73 , 108.1712 , 89.81461 , -0.04119301
0.733 , 108.1712 , 89.81461 , -0.03661537
0.735 , 108.1254 , 89.81461 , -0.0274601
0.738 , 108.1254 , 89.76882 , -0.0274601
0.741 , 108.1712 , 89.81461 , -0.02288246
0.743 , 108.1712 , 89.76882 , -0.01372719
0.746 , 108.1025 , 89.76882 , -0.01372719
0.749 , 108.1025 , 89.76882 , -0.009149551
0.752 , 108.1025 , 89.70016 , -0.004571915
0.754 , 108.1025 , 89.74593 , 7.629395e-06
0.757 , 108.1025 , 89.74593 , 7.629395e-06
0.76 , 108.1254 , 89.70016 , 7.629395e-06
0.763 , 108.0797 , 89.67727 , 0.004585266
0.765 , 108.0797 , 89.67727 , 0.01145172
0.768 , 108.1025 , 89.63149 , 0.01145172
0.771 , 108.0797 , 89.63149 , 0.01145172
0.774 , 108.1025 , 89.63149 , 0.01602936
0.776 , 108.0797 , 89.67727 , 0.01602936
0.779 , 108.0797 , 89.63149 , 0.02289581
0.782 , 108.0797 , 89.63149 , 0.02289581
0.784 , 108.0797 , 89.63149 , 0.02289581
0.787 , 108.0339 , 89.6086 , 0.02289581
0.79 , 108.0339 , 89.6086 , 0.02747345
0.792 , 107.9652 , 89.6086 , 0.02747345
0.795 , 108.011 , 89.6086 , 0.02747345
0.798 , 107.9652 , 89.6086 , 0.02747345
0.8 , 108.011 , 89.6086 , 0.03205109
0.803 , 108.011 , 89.58572 , 0.02747345
0.8059999 , 107.9652 , 89.58572 , 0.02747345
0.808 , 107.9652 , 89.58572 , 0.02747345
0.811 , 107.9652 , 89.53994 , 0.02289581
0.814 , 107.9652 , 89.53994 , 0.02289581
0.817 , 108.011 , 89.58572 , 0.02289581
0.8190001 , 107.9652 , 89.58572 , 0.02747345
0.822 , 107.9423 , 89.6086 , 0.02289581
0.825 , 107.9652 , 89.51705 , 0.02289581
0.827 , 107.9194 , 89.53994 , 0.02289581
0.83 , 107.9423 , 89.51705 , 0.02289581
0.832 , 107.9423 , 89.51705 , 0.02289581
0.8349999 , 107.9423 , 89.51705 , 0.02289581
0.838 , 107.9194 , 89.53994 , 0.02747345
0.841 , 107.9423 , 89.53994 , 0.02289581
0.852 , 107.9194 , 89.51705 , 0.02747345
0.854 , 107.8737 , 89.51705 , 0.02747345
0.857 , 107.8737 , 89.53994 , 0.02747345
0.86 , 107.8737 , 89.51705 , 0.03205109
0.862 , 107.9194 , 89.53994 , 0.02747345
0.865 , 107.8737 , 89.53994 , 0.02747345
0.8679999 , 107.805 , 89.51705 , 0.03205109
0.871 , 107.805 , 89.47128 , 0.03205109
0.873 , 107.8737 , 89.44839 , 0.03205109
0.876 , 107.805 , 89.47128 , 0.03205109
0.879 , 107.9194 , 89.47128 , 0.03205109
0.8809999 , 107.7821 , 89.51705 , 0.03205109
0.884 , 107.805 , 89.47128 , 0.03205109
0.887 , 107.7821 , 89.47128 , 0.03662872
0.889 , 107.805 , 89.42549 , 0.03205109
0.892 , 107.7363 , 89.44839 , 0.03662872
0.895 , 107.8737 , 89.44839 , 0.03662872
0.898 , 107.805 , 89.44839 , 0.03662872
0.9 , 107.8737 , 89.42549 , 0.03662872
0.903 , 107.805 , 89.44839 , 0.03662872
0.906 , 107.805 , 89.44839 , 0.04120636
0.908 , 107.7821 , 89.42549 , 0.03662872
0.9110001 , 107.7821 , 89.42549 , 0.045784
0.9139999 , 107.805 , 89.42549 , 0.045784
0.917 , 107.805 , 89.37971 , 0.05036163
0.9190001 , 107.7821 , 89.44839 , 0.045784
0.922 , 107.7821 , 89.42549 , 0.05036163
0.924 , 107.7821 , 89.37971 , 0.05036163
0.927 , 107.7363 , 89.35683 , 0.05036163
0.93 , 107.7821 , 89.35683 , 0.05036163
0.932 , 107.7363 , 89.35683 , 0.05493927
0.935 , 107.7821 , 89.35683 , 0.05493927
0.938 , 107.7821 , 89.35683 , 0.05493927
0.94 , 107.7821 , 89.35683 , 0.05951691
0.943 , 107.7821 , 89.35683 , 0.05951691
0.946 , 107.7363 , 89.31105 , 0.05951691
0.949 , 107.7363 , 89.31105 , 0.05951691
0.951 , 107.7363 , 89.31105 , 0.06409454
0.954 , 107.7363 , 89.28816 , 0.05951691
0.957 , 107.7821 , 89.31105 , 0.06409454
0.959 , 107.7821 , 89.31105 , 0.06409454
0.962 , 107.7821 , 89.28816 , 0.06409454
0.965 , 107.7134 , 89.24239 , 0.06409454
0.967 , 107.7363 , 89.24239 , 0.06409454
0.9700001 , 107.7363 , 89.2195 , 0.06409454
0.973 , 107.7134 , 89.2195 , 0.06867218
0.975 , 107.7134 , 89.2195 , 0.07553864
0.978 , 107.7363 , 89.24239 , 0.07553864
0.981 , 107.7134 , 89.2195 , 0.07553864
0.983 , 107.7134 , 89.2195 , 0.07553864
0.986 , 107.7134 , 89.19661 , 0.08011627
0.989 , 107.6906 , 89.24239 , 0.08011627
0.991 , 107.6906 , 89.15083 , 0.08011627
0.9940001 , 107.6448 , 89.19661 , 0.08011627
0.9969999 , 107.6906 , 89.15083 , 0.08469391
0.999 , 107.6906 , 89.2195 , 0.08927155
1.002 , 107.7134 , 89.19661 , 0.08927155
1.005 , 107.6906 , 89.15083 , 0.08927155
1.008 , 107.6448 , 89.12794 , 0.08927155
1.01 , 107.6448 , 89.12794 , 0.08927155
1.013 , 107.6448 , 89.15083 , 0.08927155
1.016 , 107.6219 , 89.15083 , 0.08927155
1.018 , 107.6906 , 89.15083 , 0.09384918
1.021 , 107.6448 , 89.15083 , 0.09842682
1.023 , 107.6219 , 89.15083 , 0.09842682
1.026 , 107.6219 , 89.12794 , 0.09842682
1.029 , 107.5761 , 89.12794 , 0.09842682
1.031 , 107.6219 , 89.12794 , 0.09842682
1.034 , 107.5761 , 89.08217 , 0.1030045
1.037 , 107.6219 , 89.12794 , 0.1075821
1.039 , 107.5761 , 89.08217 , 0.1030045
1.042 , 107.6219 , 89.08217 , 0.1075821
1.044 , 107.6219 , 89.08217 , 0.1075821
1.047 , 107.5761 , 89.12794 , 0.1075821
1.049 , 107.5532 , 89.12794 , 0.1121597
1.052 , 107.5532 , 89.12794 , 0.1121597
1.054 , 107.5303 , 89.08217 , 0.1121597
1.057 , 107.5532 , 89.08217 , 0.121315
1.059 , 107.5532 , 89.08217 , 0.121315
1.062 , 107.5532 , 89.12794 , 0.121315
1.064 , 107.5303 , 89.08217 , 0.121315
1.067 , 107.4845 , 89.05928 , 0.121315
1.069 , 107.5532 , 89.0135 , 0.1258926
1.072 , 107.5303 , 89.05928 , 0.1258926
1.074 , 107.5303 , 89.05928 , 0.1304703
1.077 , 107.5303 , 89.0135 , 0.1304703
1.079 , 107.5303 , 89.05928 , 0.1350479
1.082 , 107.4845 , 89.0135 , 0.1304703
1.084 , 107.4845 , 89.05928 , 0.1350479
1.087 , 107.5303 , 89.05928 , 0.1350479
1.089 , 107.4617 , 88.99062 , 0.1396255
1.092 , 107.4845 , 88.96773 , 0.1350479
1.094 , 107.4845 , 89.0135 , 0.1396255
1.097 , 107.4845 , 88.99062 , 0.1442032
1.1 , 107.4617 , 88.99062 , 0.1442032
1.102 , 107.4617 , 88.99062 , 0.1487808
1.105 , 107.5303 , 88.96773 , 0.1487808
1.107 , 107.4159 , 88.99062 , 0.1487808
1.11 , 107.4617 , 88.96773 , 0.1533585
1.112 , 107.4159 , 88.96773 , 0.1533585
1.115 , 107.4159 , 88.92195 , 0.1533585
1.117 , 107.4159 , 88.96773 , 0.1625137
1.12 , 107.4617 , 88.96773 , 0.1625137
1.123 , 107.4617 , 88.99062 , 0.1625137
1.125 , 107.4159 , 88.92195 , 0.1670914
1.128 , 107.4617 , 88.89906 , 0.1670914
1.13 , 107.4159 , 88.89906 , 0.171669
1.133 , 107.4159 , 88.89906 , 0.1670914
1.135 , 107.393 , 88.89906 , 0.1762466
1.138 , 107.4159 , 88.89906 , 0.1762466
1.141 , 107.4159 , 88.85329 , 0.1808243
1.143 , 107.393 , 88.85329 , 0.1876926
1.146 , 107.393 , 88.8304 , 0.1808243
1.148 , 107.393 , 88.78462 , 0.1876926
1.151 , 107.393 , 88.78462 , 0.1922703
1.153 , 107.393 , 88.78462 , 0.1876926
1.156 , 107.393 , 88.76173 , 0.1968479
1.158 , 107.393 , 88.78462 , 0.1968479
1.161 , 107.393 , 88.8304 , 0.1968479
1.164 , 107.393 , 88.8304 , 0.2014256
1.166 , 107.3701 , 88.76173 , 0.2014256
1.169 , 107.393 , 88.76173 , 0.2014256
1.171 , 107.3701 , 88.76173 , 0.2060032
1.174 , 107.3701 , 88.73885 , 0.2060032
1.176 , 107.3701 , 88.73885 , 0.2105808
1.179 , 107.3701 , 88.73885 , 0.2151585
1.181 , 107.3701 , 88.73885 , 0.2105808
1.184 , 107.3701 , 88.73885 , 0.2151585
1.187 , 107.3701 , 88.69307 , 0.2151585
1.189 , 107.3243 , 88.69307 , 0.2151585
1.192 , 107.3243 , 88.69307 , 0.2151585
1.194 , 107.3243 , 88.69307 , 0.2197361
1.197 , 107.3243 , 88.67017 , 0.2197361
1.199 , 107.3243 , 88.69307 , 0.2243137
1.202 , 107.3243 , 88.67017 , 0.2243137
1.204 , 107.3014 , 88.69307 , 0.2243137
1.207 , 107.3014 , 88.67017 , 0.2288914
1.21 , 107.3014 , 88.6244 , 0.2288914
1.212 , 107.3014 , 88.6244 , 0.2288914
1.215 , 107.3014 , 88.6244 , 0.2288914
1.217 , 107.3243 , 88.60151 , 0.233469
1.22 , 107.2557 , 88.6244 , 0.233469
1.222 , 107.2557 , 88.67017 , 0.233469
1.225 , 107.2328 , 88.60151 , 0.2380466
1.227 , 107.2328 , 88.6244 , 0.233469
1.23 , 107.2557 , 88.60151 , 0.2380466
1.232 , 107.2557 , 88.60151 , 0.2380466
1.235 , 107.2557 , 88.60151 , 0.2380466
1.238 , 107.2557 , 88.67017 , 0.2380466
1.24 , 107.2328 , 88.6244 , 0.2426243
1.243 , 107.2557 , 88.57862 , 0.2426243
1.245 , 107.1641 , 88.60151 , 0.2426243
1.248 , 107.1412 , 88.6244 , 0.2426243
1.25 , 107.2328 , 88.57862 , 0.2472019
1.253 , 107.1641 , 88.57862 , 0.2472019
1.255 , 107.1641 , 88.57862 , 0.2472019
1.258 , 107.187 , 88.57862 , 0.2472019
1.261 , 107.187 , 88.57862 , 0.2517796
1.263 , 107.1641 , 88.57862 , 0.2517796
1.266 , 107.1412 , 88.57862 , 0.2517796
1.268 , 107.1412 , 88.57862 , 0.2517796
1.271 , 107.1412 , 88.53284 , 0.2517796
1.273 , 107.1412 , 88.57862 , 0.2563572
1.276 , 107.1412 , 88.53284 , 0.2563572
1.278 , 107.1641 , 88.50996 , 0.2563572
1.281 , 107.1641 , 88.53284 , 0.2609348
1.283 , 107.0954 , 88.53284 , 0.2609348
1.286 , 107.0954 , 88.50996 , 0.2609348
1.289 , 107.0954 , 88.50996 , 0.2609348
1.291 , 107.0954 , 88.46418 , 0.2609348
1.294 , 107.0726 , 88.46418 , 0.2700901
1.296 , 107.0726 , 88.46418 , 0.2700901
1.299 , 107.0954 , 88.50996 , 0.2700901
1.301 , 107.0726 , 88.50996 , 0.2700901
1.304 , 107.0726 , 88.50996 , 0.2700901
1.307 , 107.0726 , 88.46418 , 0.2769566
1.309 , 107.0726 , 88.46418 , 0.2769566
1.312 , 107.0039 , 88.39552 , 0.2769566
1.314 , 107.0268 , 88.39552 , 0.2769566
1.317 , 107.0726 , 88.46418 , 0.2815361
1.319 , 107.0268 , 88.44129 , 0.2815361
1.322 , 107.0726 , 88.39552 , 0.2861137
1.324 , 107.0039 , 88.39552 , 0.2861137
1.327 , 107.0039 , 88.37263 , 0.2861137
1.329 , 107.0268 , 88.34974 , 0.2861137
1.332 , 107.0039 , 88.37263 , 0.2861137
1.335 , 107.0268 , 88.34974 , 0.295269
1.337 , 107.0268 , 88.34974 , 0.2906914
1.34 , 107.0268 , 88.30396 , 0.295269
1.342 , 107.0268 , 88.34974 , 0.295269
1.345 , 107.0268 , 88.34974 , 0.295269
1.347 , 107.0039 , 88.30396 , 0.295269
1.35 , 107.0039 , 88.30396 , 0.295269
1.352 , 106.981 , 88.30396 , 0.2998466
1.355 , 106.9352 , 88.30396 , 0.2998466
1.358 , 106.981 , 88.30396 , 0.2998466
1.36 , 106.981 , 88.30396 , 0.3090019
1.363 , 106.981 , 88.28107 , 0.3090019
1.365 , 106.981 , 88.28107 , 0.3090019
1.368 , 106.9352 , 88.28107 , 0.3044243
1.37 , 106.9123 , 88.28107 , 0.3090019
1.373 , 106.9352 , 88.28107 , 0.3090019
1.375 , 106.9352 , 88.16663 , 0.3135796
1.378 , 106.9123 , 88.28107 , 0.3135796
1.381 , 106.9352 , 88.28107 , 0.3135796
1.383 , 106.9352 , 88.2124 , 0.3135796
1.386 , 106.8666 , 88.2124 , 0.3181572
1.396 , 106.9123 , 88.16663 , 0.3181572
1.399 , 106.8666 , 88.2124 , 0.3181572
1.402 , 106.8666 , 88.2124 , 0.3227348
1.404 , 106.8666 , 88.2124 , 0.3227348
1.407 , 106.8437 , 88.16663 , 0.3181572
1.409 , 106.9123 , 88.14374 , 0.3227348
1.412 , 106.8666 , 88.12085 , 0.3181572
1.414 , 106.9123 , 88.14374 , 0.3227348
1.417 , 106.8666 , 88.12085 , 0.3227348
1.42 , 106.8666 , 88.14374 , 0.3227348
1.422 , 106.8437 , 88.14374 , 0.3227348
1.425 , 106.8666 , 88.14374 , 0.3181572
1.427 , 106.8437 , 88.12085 , 0.3227348
1.43 , 106.7979 , 88.12085 , 0.3227348
1.432 , 106.7979 , 88.14374 , 0.3227348
1.435 , 106.7979 , 88.12085 , 0.3227348
1.438 , 106.8437 , 88.12085 , 0.3296013
1.44 , 106.8437 , 88.14374 , 0.3227348
1.443 , 106.7979 , 88.14374 , 0.3227348
1.445 , 106.775 , 88.12085 , 0.3227348
1.448 , 106.7979 , 88.07507 , 0.3227348
1.451 , 106.775 , 88.07507 , 0.3227348
1.453 , 106.775 , 88.07507 , 0.3227348
1.456 , 106.7521 , 88.12085 , 0.3296013
1.458 , 106.775 , 88.07507 , 0.3227348
1.461 , 106.775 , 88.07507 , 0.3227348
1.464 , 106.775 , 88.05219 , 0.3227348
1.466 , 106.775 , 88.05219 , 0.3227348
1.469 , 106.7521 , 88.05219 , 0.3227348
1.471 , 106.7521 , 88.05219 , 0.3181572
1.474 , 106.7063 , 88.07507 , 0.3227348
1.476 , 106.7521 , 88.05219 , 0.3227348
1.479 , 106.7521 , 88.05219 , 0.3227348
1.482 , 106.7521 , 88.07507 , 0.3227348
1.484 , 106.7521 , 88.05219 , 0.3227348
1.487 , 106.7521 , 88.05219 , 0.3227348
1.489 , 106.7063 , 88.00641 , 0.3227348
1.492 , 106.6148 , 88.00641 , 0.3296013
1.495 , 106.6148 , 88.00641 , 0.3227348
1.497 , 106.7063 , 88.00641 , 0.3296013
1.5 , 106.7063 , 88.00641 , 0.3296013
1.502 , 106.7063 , 88.05219 , 0.3296013
1.505 , 106.7063 , 87.98352 , 0.3296013
1.507 , 106.6834 , 87.98352 , 0.3296013
1.51 , 106.6834 , 87.98352 , 0.3341789
1.512 , 106.6834 , 87.93774 , 0.3296013
1.515 , 106.6834 , 87.93774 , 0.3341789
1.518 , 106.6834 , 87.98352 , 0.3296013
1.52 , 106.6834 , 87.98352 , 0.3341789
1.523 , 106.6148 , 87.98352 , 0.3341789
1.525 , 106.6148 , 87.93774 , 0.3341789
1.528 , 106.6148 , 87.91486 , 0.3296013
1.531 , 106.6148 , 87.93774 , 0.3341789
1.533 , 106.5919 , 87.91486 , 0.3387566
1.536 , 106.6148 , 87.93774 , 0.3387566
1.538 , 106.5919 , 87.93774 , 0.3387566
1.541 , 106.6148 , 87.93774 , 0.3387566
1.544 , 106.5919 , 87.89197 , 0.3387566
1.546 , 106.5919 , 87.89197 , 0.3387566
1.549 , 106.569 , 87.89197 , 0.3387566
1.551 , 106.5919 , 87.84619 , 0.3387566
1.554 , 106.5919 , 87.89197 , 0.3433342
1.556 , 106.5919 , 87.84619 , 0.3433342
1.559 , 106.569 , 87.89197 , 0.3433342
1.562 , 106.569 , 87.89197 , 0.3433342
1.564 , 106.569 , 87.89197 , 0.3433342
1.567 , 106.5232 , 87.84619 , 0.3433342
1.569 , 106.5232 , 87.84619 , 0.3433342
1.572 , 106.5003 , 87.89197 , 0.3433342
1.574 , 106.5232 , 87.84619 , 0.3479118
1.577 , 106.5232 , 87.84619 , 0.3479118
1.58 , 106.5003 , 87.84619 , 0.3479118
1.582 , 106.5232 , 87.84619 , 0.3479118
1.585 , 106.5003 , 87.8233 , 0.3524895
1.587 , 106.5232 , 87.75464 , 0.3479118
1.59 , 106.5003 , 87.75464 , 0.3479118
1.592 , 106.4546 , 87.8233 , 0.3479118
1.595 , 106.4317 , 87.75464 , 0.3524895
1.598 , 106.4546 , 87.8233 , 0.3524895
1.6 , 106.5003 , 87.75464 , 0.3570671
1.603 , 106.4546 , 87.73175 , 0.3524895
1.605 , 106.4546 , 87.73175 , 0.3570671
1.608 , 106.4546 , 87.68597 , 0.3570671
1.61 , 106.4317 , 87.68597 , 0.3570671
1.613 , 106.4317 , 87.68597 , 0.3570671
1.615 , 106.4546 , 87.73175 , 0.3570671
1.618 , 106.4317 , 87.73175 , 0.3570671
1.62 , 106.4317 , 87.68597 , 0.3570671
1.623 , 106.4088 , 87.68597 , 0.3639336
1.626 , 106.4088 , 87.66309 , 0.3639336
1.628 , 106.4088 , 87.66309 , 0.3639336
1.631 , 106.363 , 87.66309 , 0.3639336
1.633 , 106.363 , 87.66309 , 0.3639336
1.636 , 106.363 , 87.6402 , 0.3639336
1.638 , 106.363 , 87.66309 , 0.3639336
1.641 , 106.363 , 87.68597 , 0.3639336
1.644 , 106.3401 , 87.68597 , 0.3639336
1.646 , 106.3401 , 87.66309 , 0.3639336
1.649 , 106.363 , 87.6402 , 0.3639336
1.651 , 106.3401 , 87.59442 , 0.3685112
1.654 , 106.3401 , 87.59442 , 0.3685112
1.656 , 106.3401 , 87.6402 , 0.3685112
1.659 , 106.3401 , 87.59442 , 0.3685112
1.661 , 106.2943 , 87.59442 , 0.3685112
1.664 , 106.2943 , 87.59442 , 0.3685112
1.666 , 106.2943 , 87.57153 , 0.3685112
1.669 , 106.2943 , 87.57153 , 0.3685112
1.672 , 106.2943 , 87.57153 , 0.3685112
1.674 , 106.2715 , 87.52575 , 0.3685112
1.677 , 106.2943 , 87.57153 , 0.3685112
1.679 , 106.2715 , 87.57153 , 0.3685112
1.682 , 106.2943 , 87.52575 , 0.3685112
1.684 , 106.2257 , 87.57153 , 0.3685112
1.687 , 106.2715 , 87.52575 , 0.3685112
1.689 , 106.2715 , 87.50286 , 0.3685112
1.692 , 106.2257 , 87.52575 , 0.3685112
1.695 , 106.2257 , 87.52575 , 0.3685112
1.697 , 106.2257 , 87.50286 , 0.3730907
1.7 , 106.2028 , 87.50286 , 0.3685112
1.702 , 106.2257 , 87.52575 , 0.3685112
1.705 , 106.2028 , 87.52575 , 0.3685112
1.707 , 106.2028 , 87.50286 , 0.3685112
1.71 , 106.2028 , 87.50286 , 0.3639336
1.713 , 106.2028 , 87.47997 , 0.3685112
1.715 , 106.2028 , 87.50286 , 0.3730907
1.718 , 106.2028 , 87.50286 , 0.3685112
1.72 , 106.2715 , 87.50286 , 0.3730907
1.723 , 106.2715 , 87.47997 , 0.3685112
1.725 , 106.2715 , 87.4342 , 0.3685112
1.728 , 106.2257 , 87.4342 , 0.3685112
1.73 , 106.2257 , 87.4342 , 0.3685112
1.733 , 106.2257 , 87.4342 , 0.3639336
1.735 , 106.2715 , 87.41131 , 0.3685112
1.738 , 106.2257 , 87.4342 , 0.3685112
1.741 , 106.2715 , 87.47997 , 0.3685112
1.743 , 106.2257 , 87.4342 , 0.3685112
1.746 , 106.2028 , 87.41131 , 0.3639336
1.748 , 106.2028 , 87.41131 , 0.3639336
1.751 , 106.2028 , 87.41131 , 0.3685112
1.753 , 106.2028 , 87.41131 , 0.3685112
1.756 , 106.1799 , 87.36553 , 0.3685112
1.758 , 106.2028 , 87.41131 , 0.3639336
1.761 , 106.1799 , 87.41131 , 0.3639336
1.764 , 106.1799 , 87.36553 , 0.3639336
1.766 , 106.1799 , 87.41131 , 0.3639336
1.769 , 106.1341 , 87.36553 , 0.3639336
1.771 , 106.1341 , 87.36553 , 0.3639336
1.774 , 106.1341 , 87.36553 , 0.3639336
1.776 , 106.1341 , 87.34264 , 0.3639336
1.779 , 106.1341 , 87.36553 , 0.3639336
1.781 , 106.1341 , 87.36553 , 0.3639336
1.784 , 106.1112 , 87.34264 , 0.3570671
1.786 , 106.1112 , 87.29687 , 0.3570671
1.789 , 106.0655 , 87.29687 , 0.3570671
1.792 , 106.0655 , 87.34264 , 0.3639336
1.794 , 106.0655 , 87.29687 , 0.3570671
1.797 , 106.0655 , 87.29687 , 0.3639336
1.799 , 106.1112 , 87.29687 , 0.3570671
1.802 , 106.0655 , 87.34264 , 0.3639336
1.804 , 106.0426 , 87.29687 , 0.3570671
1.807 , 106.0197 , 87.27398 , 0.3570671
1.81 , 106.0197 , 87.25109 , 0.3570671
1.812 , 106.0426 , 87.27398 , 0.3570671
1.815 , 106.0426 , 87.27398 , 0.3570671
1.817 , 106.0426 , 87.27398 , 0.3570671
1.82 , 106.0197 , 87.25109 , 0.3570671
1.822 , 105.9739 , 87.27398 , 0.3570671
1.825 , 105.951 , 87.25109 , 0.3570671
1.827 , 105.951 , 87.25109 , 0.3524895
1.83 , 105.951 , 87.25109 , 0.3570671
1.832 , 105.9052 , 87.20531 , 0.3524895
1.835 , 105.9052 , 87.20531 , 0.3570671
1.838 , 105.9052 , 87.27398 , 0.3570671
1.84 , 105.951 , 87.25109 , 0.3570671
1.843 , 105.951 , 87.25109 , 0.3570671
1.845 , 105.9052 , 87.20531 , 0.3570671
1.848 , 105.9052 , 87.18242 , 0.3570671
1.85 , 105.8824 , 87.20531 , 0.3524895
1.853 , 105.9052 , 87.18242 , 0.3570671
1.855 , 105.8824 , 87.18242 , 0.3570671
1.858 , 105.9052 , 87.20531 , 0.3570671
1.86 , 105.8824 , 87.18242 , 0.3570671
1.863 , 105.8595 , 87.20531 , 0.3570671
1.866 , 105.8595 , 87.18242 , 0.3570671
1.868 , 105.8824 , 87.11375 , 0.3524895
1.871 , 105.8595 , 87.13664 , 0.3524895
1.873 , 105.8595 , 87.11375 , 0.3524895
1.876 , 105.8595 , 87.13664 , 0.3570671
1.878 , 105.8595 , 87.13664 , 0.3570671
1.881 , 105.8595 , 87.13664 , 0.3524895
1.884 , 105.8595 , 87.18242 , 0.3524895
1.886 , 105.8137 , 87.11375 , 0.3524895
1.889 , 105.8137 , 87.11375 , 0.3524895
1.891 , 105.8137 , 87.11375 , 0.3570671
1.894 , 105.7908 , 87.06798 , 0.3524895
1.896 , 105.7908 , 87.11375 , 0.3524895
1.899 , 105.8137 , 87.11375 , 0.3570671
1.902 , 105.7908 , 87.06798 , 0.3524895
1.904 , 105.7908 , 87.11375 , 0.3524895
1.907 , 105.745 , 87.06798 , 0.3524895
1.909 , 105.745 , 87.04509 , 0.3524895
1.912 , 105.745 , 87.04509 , 0.3524895
1.914 , 105.745 , 87.04509 , 0.3524895
1.917 , 105.745 , 87.04509 , 0.3524895
1.92 , 105.7221 , 87.06798 , 0.3524895
1.922 , 105.7221 , 87.06798 , 0.3524895
1.933 , 105.7221 , 87.0222 , 0.3524895
1.936 , 105.745 , 87.04509 , 0.3524895
1.938 , 105.745 , 87.0222 , 0.3524895
1.941 , 105.745 , 87.0222 , 0.3524895
1.943 , 105.7221 , 86.97643 , 0.3570671
1.946 , 105.7221 , 86.97643 , 0.3524895
1.949 , 105.745 , 86.97643 , 0.3524895
1.951 , 105.7221 , 86.97643 , 0.3524895
1.954 , 105.7221 , 86.97643 , 0.3524895
1.956 , 105.7221 , 86.97643 , 0.3524895
1.959 , 105.7221 , 86.97643 , 0.3524895
1.962 , 105.7221 , 86.97643 , 0.3524895
1.964 , 105.6764 , 86.97643 , 0.3524895
1.967 , 105.6764 , 86.95354 , 0.3524895
1.969 , 105.6535 , 86.90776 , 0.3524895
1.972 , 105.6535 , 86.90776 , 0.3524895
1.975 , 105.6535 , 86.90776 , 0.3524895
1.977 , 105.6535 , 86.90776 , 0.3524895
1.98 , 105.6764 , 86.90776 , 0.3524895
1.982 , 105.6306 , 86.95354 , 0.3524895
1.985 , 105.6535 , 86.90776 , 0.3524895
1.988 , 105.6306 , 86.88487 , 0.3524895
1.99 , 105.5848 , 86.88487 , 0.3524895
1.993 , 105.6306 , 86.8391 , 0.3524895
1.995 , 105.6306 , 86.90776 , 0.3524895
1.998 , 105.6306 , 86.90776 , 0.3524895
2.001 , 105.6306 , 86.88487 , 0.3524895
2.003 , 105.5848 , 86.90776 , 0.3524895
2.006 , 105.5848 , 86.81621 , 0.3524895
2.008 , 105.5619 , 86.81621 , 0.3524895
2.011 , 105.5619 , 86.81621 , 0.3524895
2.014 , 105.5619 , 86.79331 , 0.3524895
2.016 , 105.5619 , 86.81621 , 0.3524895
2.019 , 105.5619 , 86.81621 , 0.3524895
2.021 , 105.5619 , 86.81621 , 0.3524895
2.024 , 105.5619 , 86.81621 , 0.3524895
2.026 , 105.5619 , 86.79331 , 0.3524895
2.029 , 105.4933 , 86.79331 , 0.3479118
2.032 , 105.4933 , 86.79331 , 0.3524895
2.034 , 105.4704 , 86.79331 , 0.3524895
2.037 , 105.4704 , 86.74754 , 0.3524895
2.039 , 105.4933 , 86.79331 , 0.3524895
2.042 , 105.4704 , 86.79331 , 0.3524895
2.044 , 105.4704 , 86.79331 , 0.3479118
2.047 , 105.4704 , 86.74754 , 0.3479118
2.049 , 105.4246 , 86.72465 , 0.3524895
2.052 , 105.4246 , 86.72465 , 0.3524895
2.055 , 105.4246 , 86.72465 , 0.3479118
2.057 , 105.4246 , 86.72465 , 0.3570671
2.06 , 105.4246 , 86.72465 , 0.3570671
2.062 , 105.4017 , 86.67887 , 0.3570671
2.065 , 105.4246 , 86.72465 , 0.3524895
2.068 , 105.4017 , 86.67887 , 0.3524895
2.07 , 105.4017 , 86.65598 , 0.3524895
2.073 , 105.4017 , 86.65598 , 0.3570671
2.075 , 105.4246 , 86.67887 , 0.3524895
2.078 , 105.3559 , 86.67887 , 0.3524895
2.08 , 105.4017 , 86.67887 , 0.3524895
2.083 , 105.3559 , 86.67887 , 0.3524895
2.086 , 105.3559 , 86.63309 , 0.3524895
2.088 , 105.3559 , 86.63309 , 0.3524895
2.091 , 105.3559 , 86.58732 , 0.3524895
2.093 , 105.333 , 86.56443 , 0.3479118
2.096 , 105.333 , 86.63309 , 0.3524895
2.099 , 105.3559 , 86.58732 , 0.3479118
2.101 , 105.333 , 86.63309 , 0.3479118
2.104 , 105.333 , 86.58732 , 0.3479118
2.106 , 105.2872 , 86.56443 , 0.3479118
2.109 , 105.2872 , 86.56443 , 0.3479118
2.111 , 105.2644 , 86.56443 , 0.3479118
2.114 , 105.2872 , 86.51865 , 0.3479118
2.116 , 105.2872 , 86.56443 , 0.3433342
2.119 , 105.2872 , 86.58732 , 0.3479118
2.122 , 105.2872 , 86.56443 , 0.3433342
2.124 , 105.2644 , 86.56443 , 0.3433342
2.127 , 105.2644 , 86.56443 , 0.3387566
2.129 , 105.2415 , 86.56443 , 0.3387566
2.132 , 105.2644 , 86.56443 , 0.3387566
2.134 , 105.2872 , 86.51865 , 0.3433342
2.137 , 105.2872 , 86.51865 , 0.3433342
2.139 , 105.2644 , 86.56443 , 0.3433342
2.142 , 105.2415 , 86.51865 , 0.3387566
2.145 , 105.2644 , 86.51865 , 0.3387566
2.147 , 105.2415 , 86.49577 , 0.3387566
2.15 , 105.2415 , 86.44999 , 0.3387566
2.152 , 105.2415 , 86.44999 , 0.3341789
2.155 , 105.2644 , 86.44999 , 0.3341789
2.158 , 105.2415 , 86.51865 , 0.3296013
2.16 , 105.2644 , 86.44999 , 0.3296013
2.163 , 105.2415 , 86.49577 , 0.3296013
2.165 , 105.2415 , 86.44999 , 0.3227348
2.168 , 105.1728 , 86.42709 , 0.3227348
2.17 , 105.1957 , 86.44999 , 0.3227348
2.173 , 105.1728 , 86.42709 , 0.3227348
2.175 , 105.1728 , 86.42709 , 0.3181572
2.178 , 105.1957 , 86.44999 , 0.3181572
2.181 , 105.1957 , 86.44999 , 0.3135796
2.183 , 105.1728 , 86.44999 , 0.3135796
2.186 , 105.127 , 86.44999 , 0.3135796
2.189 , 105.127 , 86.40421 , 0.3135796
2.191 , 105.127 , 86.35843 , 0.3135796
2.194 , 105.127 , 86.40421 , 0.3135796
2.196 , 105.127 , 86.42709 , 0.3090019
2.199 , 105.1728 , 86.40421 , 0.3090019
2.201 , 105.1728 , 86.40421 , 0.3090019
2.204 , 105.127 , 86.40421 , 0.3044243
2.206 , 105.1041 , 86.40421 , 0.3044243
2.209 , 105.1041 , 86.40421 , 0.3044243
2.211 , 105.0355 , 86.35843 , 0.3044243
2.214 , 105.1041 , 86.35843 , 0.3044243
2.216 , 105.1041 , 86.35843 , 0.3044243
2.219 , 105.1041 , 86.35843 , 0.3044243
2.222 , 105.0813 , 86.40421 , 0.2998466
2.224 , 105.1041 , 86.35843 , 0.2998466
2.227 , 105.0813 , 86.33554 , 0.2998466
2.229 , 105.0126 , 86.33554 , 0.2998466
2.232 , 105.0126 , 86.28976 , 0.295269
2.234 , 105.0355 , 86.28976 , 0.295269
2.237 , 105.0813 , 86.28976 , 0.295269
2.24 , 105.0355 , 86.33554 , 0.2906914
2.242 , 105.0813 , 86.33554 , 0.295269
2.245 , 105.0355 , 86.33554 , 0.2906914
2.247 , 105.0355 , 86.28976 , 0.2906914
2.25 , 105.0355 , 86.26688 , 0.2906914
2.252 , 105.0126 , 86.26688 , 0.2861137
2.255 , 105.0126 , 86.28976 , 0.2861137
2.258 , 105.0126 , 86.26688 , 0.2861137
2.26 , 105.0126 , 86.28976 , 0.2861137
2.263 , 105.0126 , 86.28976 , 0.2861137
2.265 , 105.0126 , 86.26688 , 0.2815361
2.268 , 104.9439 , 86.2211 , 0.2815361
2.27 , 104.9668 , 86.2211 , 0.2769566
2.273 , 104.9439 , 86.19821 , 0.2815361
2.276 , 104.9439 , 86.2211 , 0.2815361
2.278 , 104.9439 , 86.19821 , 0.2769566
2.281 , 104.9439 , 86.26688 , 0.2769566
2.283 , 104.9439 , 86.2211 , 0.2769566
2.286 , 104.9439 , 86.19821 , 0.2700901
2.288 , 104.921 , 86.2211 , 0.2700901
2.291 , 104.921 , 86.19821 , 0.2700901
2.294 , 104.921 , 86.2211 , 0.2700901
2.296 , 104.921 , 86.2211 , 0.2700901
2.299 , 104.921 , 86.2211 , 0.2700901
2.301 , 104.921 , 86.2211 , 0.2655125
2.304 , 104.8753 , 86.19821 , 0.2609348
2.306 , 104.8753 , 86.19821 , 0.2609348
2.309 , 104.8524 , 86.17532 , 0.2609348
2.311 , 104.8524 , 86.17532 , 0.2609348
2.314 , 104.8524 , 86.19821 , 0.2563572
2.316 , 104.8753 , 86.17532 , 0.2563572
2.319 , 104.8753 , 86.19821 , 0.2563572
2.322 , 104.8524 , 86.19821 , 0.2563572
2.324 , 104.8066 , 86.19821 , 0.2563572
2.327 , 104.7837 , 86.17532 , 0.2563572
2.329 , 104.8066 , 86.12955 , 0.2517796
2.332 , 104.8066 , 86.12955 , 0.2563572
2.334 , 104.8524 , 86.10666 , 0.2517796
2.337 , 104.7837 , 86.12955 , 0.2517796
2.34 , 104.7837 , 86.17532 , 0.2517796
2.342 , 104.8066 , 86.12955 , 0.2517796
2.345 , 104.8066 , 86.12955 , 0.2517796
2.347 , 104.7379 , 86.10666 , 0.2472019
2.35 , 104.7379 , 86.06088 , 0.2472019
2.353 , 104.7379 , 86.12955 , 0.2517796
2.355 , 104.7379 , 86.10666 , 0.2472019
2.358 , 104.7837 , 86.10666 , 0.2517796
2.36 , 104.7379 , 86.10666 , 0.2472019
2.363 , 104.715 , 86.10666 , 0.2472019
2.365 , 104.715 , 86.06088 , 0.2426243
2.368 , 104.715 , 86.03799 , 0.2472019
2.37 , 104.715 , 86.06088 , 0.2426243
2.373 , 104.6922 , 86.03799 , 0.2472019
2.376 , 104.715 , 86.03799 , 0.2472019
2.378 , 104.715 , 86.10666 , 0.2426243
2.381 , 104.6922 , 86.03799 , 0.2426243
2.383 , 104.715 , 86.03799 , 0.2472019
2.386 , 104.6464 , 85.99222 , 0.2472019
2.389 , 104.6464 , 85.96933 , 0.2426243
2.391 , 104.6464 , 85.96933 , 0.2426243
2.394 , 104.6235 , 85.94644 , 0.2426243
2.396 , 104.6464 , 85.96933 , 0.2426243
2.399 , 104.6464 , 85.96933 , 0.2426243
2.401 , 104.6464 , 85.94644 , 0.2426243
2.404 , 104.6235 , 85.96933 , 0.2426243
2.406 , 104.6235 , 85.96933 , 0.2380466
2.409 , 104.6235 , 85.90067 , 0.2380466
2.412 , 104.6235 , 85.94644 , 0.2380466
2.414 , 104.5777 , 85.90067 , 0.2380466
2.417 , 104.5777 , 85.90067 , 0.2380466
2.419 , 104.5548 , 85.90067 , 0.2380466
2.422 , 104.5777 , 85.94644 , 0.2380466
2.425 , 104.5777 , 85.90067 , 0.2380466
2.427 , 104.5548 , 85.90067 , 0.233469
2.43 , 104.5548 , 85.87778 , 0.233469
2.432 , 104.5548 , 85.87778 , 0.233469
2.435 , 104.5548 , 85.87778 , 0.233469
2.437 , 104.5319 , 85.87778 , 0.2380466
2.44 , 104.5548 , 85.87778 , 0.233469
2.443 , 104.5319 , 85.87778 , 0.233469
2.445 , 104.4861 , 85.832 , 0.233469
2.448 , 104.4861 , 85.832 , 0.2288914
2.45 , 104.4633 , 85.832 , 0.2288914
2.453 , 104.4633 , 85.80911 , 0.2288914
2.455 , 104.4633 , 85.832 , 0.2288914
2.458 , 104.4861 , 85.832 , 0.2288914
2.46 , 104.4861 , 85.80911 , 0.2288914
2.463 , 104.4633 , 85.80911 , 0.2288914
2.474 , 104.4175 , 85.832 , 0.2243137
2.476 , 104.3946 , 85.80911 , 0.2243137
2.479 , 104.4175 , 85.78622 , 0.2243137
2.482 , 104.3946 , 85.78622 , 0.2197361
2.484 , 104.3717 , 85.78622 , 0.2197361
2.487 , 104.3946 , 85.80911 , 0.2197361
2.489 , 104.3946 , 85.80911 , 0.2151585
2.492 , 104.3259 , 85.78622 , 0.2151585
2.495 , 104.3946 , 85.78622 , 0.2151585
2.497 , 104.3717 , 85.78622 , 0.2197361
2.5 , 104.3259 , 85.78622 , 0.2151585
2.502 , 104.3717 , 85.78622 , 0.2151585
2.505 , 104.3259 , 85.78622 , 0.2151585
2.507 , 104.3259 , 85.74045 , 0.2151585
2.51 , 104.3259 , 85.74045 , 0.2105808
2.513 , 104.3259 , 85.74045 , 0.2151585
2.515 , 104.3259 , 85.71756 , 0.2105808
2.518 , 104.303 , 85.78622 , 0.2105808
2.52 , 104.3259 , 85.74045 , 0.2105808
2.523 , 104.303 , 85.78622 , 0.2105808
2.525 , 104.303 , 85.67178 , 0.2105808
2.528 , 104.303 , 85.67178 , 0.2105808
2.53 , 104.2573 , 85.67178 , 0.2105808
2.533 , 104.2573 , 85.71756 , 0.2060032
2.536 , 104.2573 , 85.71756 , 0.2060032
2.538 , 104.303 , 85.71756 , 0.2060032
2.541 , 104.2344 , 85.64889 , 0.2060032
2.543 , 104.2344 , 85.67178 , 0.2060032
2.546 , 104.2344 , 85.64889 , 0.2060032
2.548 , 104.1428 , 85.64889 , 0.2060032
2.551 , 104.1657 , 85.60311 , 0.2060032
2.553 , 104.1657 , 85.64889 , 0.2060032
2.556 , 104.1657 , 85.60311 , 0.2060032
2.559 , 104.1886 , 85.58022 , 0.2060032
2.561 , 104.1657 , 85.64889 , 0.2060032
2.564 , 104.1657 , 85.64889 , 0.2060032
2.566 , 104.1657 , 85.58022 , 0.2060032
2.569 , 104.1428 , 85.58022 , 0.2060032
2.571 , 104.1428 , 85.55733 , 0.2014256
2.574 , 104.1428 , 85.55733 , 0.2060032
2.576 , 104.1428 , 85.58022 , 0.2014256
2.579 , 104.1428 , 85.55733 , 0.2014256
2.582 , 104.1428 , 85.58022 , 0.2014256
2.584 , 104.1428 , 85.55733 , 0.2014256
2.587 , 104.0742 , 85.55733 , 0.2014256
2.589 , 104.0742 , 85.51156 , 0.2014256
2.592 , 104.097 , 85.48867 , 0.2014256
2.594 , 104.097 , 85.58022 , 0.2014256
2.597 , 104.0742 , 85.51156 , 0.2014256
2.599 , 104.0742 , 85.51156 , 0.2014256
2.602 , 104.0742 , 85.51156 , 0.2014256
2.604 , 104.0284 , 85.51156 , 0.2014256
2.607 , 104.0742 , 85.51156 , 0.2014256
2.609 , 104.0284 , 85.48867 , 0.1968479
2.612 , 104.0055 , 85.48867 , 0.1968479
2.615 , 104.0284 , 85.44289 , 0.1968479
2.617 , 104.0055 , 85.48867 , 0.1968479
2.62 , 104.0284 , 85.44289 , 0.1968479
2.622 , 103.9826 , 85.48867 , 0.1968479
2.625 , 104.0284 , 85.48867 , 0.1968479
2.628 , 103.9139 , 85.44289 , 0.1922703
2.63 , 103.9139 , 85.42001 , 0.1968479
2.633 , 104.0055 , 85.42001 , 0.1922703
2.635 , 104.0055 , 85.42001 , 0.1968479
2.638 , 103.9826 , 85.44289 , 0.1968479
2.64 , 103.9139 , 85.42001 , 0.1922703
2.643 , 103.9826 , 85.44289 , 0.1922703
2.645 , 103.9139 , 85.37423 , 0.1876926
2.648 , 104.0055 , 85.37423 , 0.1922703
2.651 , 103.9826 , 85.42001 , 0.1922703
2.653 , 103.9826 , 85.35134 , 0.1876926
2.656 , 103.9826 , 85.42001 , 0.1922703
2.658 , 104.0055 , 85.37423 , 0.1922703
2.661 , 104.0055 , 85.37423 , 0.1922703
2.663 , 103.9139 , 85.37423 , 0.1876926
2.666 , 103.9826 , 85.35134 , 0.1876926
2.669 , 103.9139 , 85.32845 , 0.1876926
2.671 , 103.8682 , 85.32845 , 0.1808243
2.674 , 103.8682 , 85.32845 , 0.1808243
2.676 , 103.9139 , 85.25978 , 0.1808243
2.679 , 103.9826 , 85.32845 , 0.1808243
2.681 , 103.9139 , 85.28267 , 0.1808243
2.684 , 103.9139 , 85.32845 , 0.1762466
2.687 , 103.8453 , 85.28267 , 0.1762466
2.689 , 103.8453 , 85.25978 , 0.1762466
2.692 , 103.7995 , 85.25978 , 0.1762466
2.694 , 103.7995 , 85.214 , 0.171669
2.697 , 103.7995 , 85.28267 , 0.1762466
2.7 , 103.8453 , 85.25978 , 0.171669
2.702 , 103.8453 , 85.25978 , 0.171669
2.705 , 103.7995 , 85.25978 , 0.171669
2.707 , 103.7766 , 85.214 , 0.1670914
2.71 , 103.7995 , 85.19112 , 0.171669
2.712 , 103.7995 , 85.19112 , 0.1670914
2.715 , 103.7995 , 85.214 , 0.1670914
2.718 , 103.7995 , 85.19112 , 0.1670914
2.72 , 103.7766 , 85.19112 , 0.1670914
2.723 , 103.7766 , 85.19112 , 0.1625137
2.725 , 103.7766 , 85.19112 , 0.1579361
2.728 , 103.7537 , 85.14534 , 0.1579361
2.73 , 103.7537 , 85.14534 , 0.1579361
2.733 , 103.7537 , 85.19112 , 0.1533585
2.736 , 103.7537 , 85.14534 , 0.1579361
2.738 , 103.7537 , 85.14534 , 0.1533585
2.741 , 103.7079 , 85.19112 , 0.1533585
2.743 , 103.7079 , 85.14534 , 0.1533585
2.746 , 103.7079 , 85.14534 , 0.1533585
2.748 , 103.6851 , 85.14534 , 0.1442032
2.751 , 103.6851 , 85.14534 , 0.1442032
2.754 , 103.7079 , 85.12245 , 0.1442032
2.756 , 103.6851 , 85.09956 , 0.1442032
2.759 , 103.6393 , 85.12245 , 0.1396255
2.761 , 103.6851 , 85.14534 , 0.1396255
2.764 , 103.6851 , 85.14534 , 0.1396255
2.766 , 103.6851 , 85.12245 , 0.1396255
2.769 , 103.6393 , 85.09956 , 0.1350479
2.771 , 103.6393 , 85.05379 , 0.1350479
2.774 , 103.6393 , 85.09956 , 0.1304703
2.777 , 103.6164 , 85.0309 , 0.1304703
2.779 , 103.6393 , 85.05379 , 0.1350479
2.782 , 103.6393 , 85.05379 , 0.1304703
2.784 , 103.6164 , 85.09956 , 0.1258926
2.787 , 103.6164 , 85.05379 , 0.1258926
2.79 , 103.5935 , 85.0309 , 0.121315
2.792 , 103.5935 , 85.0309 , 0.121315
2.795 , 103.5935 , 85.0309 , 0.121315
2.797 , 103.5935 , 85.05379 , 0.1167374
2.8 , 103.6164 , 85.0309 , 0.1167374
2.802 , 103.6164 , 85.05379 , 0.1121597
2.805 , 103.5935 , 85.0309 , 0.1121597
2.808 , 103.5935 , 85.0309 , 0.1121597
2.81 , 103.5935 , 84.98512 , 0.1075821
2.813 , 103.5477 , 85.0309 , 0.1030045
2.815 , 103.5477 , 84.98512 , 0.1030045
2.818 , 103.5477 , 84.98512 , 0.1030045
2.82 , 103.5477 , 85.0309 , 0.1030045
2.823 , 103.5477 , 84.98512 , 0.09842682
2.826 , 103.4791 , 84.96223 , 0.09842682
2.828 , 103.5248 , 84.93935 , 0.09842682
2.831 , 103.5248 , 84.96223 , 0.09384918
2.834 , 103.4791 , 84.98512 , 0.09384918
2.836 , 103.5248 , 84.96223 , 0.09384918
2.839 , 103.5248 , 84.96223 , 0.08927155
2.842 , 103.5248 , 84.98512 , 0.08927155
2.844 , 103.4791 , 84.98512 , 0.08469391
2.847 , 103.4791 , 84.96223 , 0.08469391
2.85 , 103.4562 , 84.93935 , 0.08011627
2.852 , 103.4791 , 84.89357 , 0.08469391
2.855 , 103.3646 , 84.93935 , 0.08011627
2.858 , 103.3875 , 84.96223 , 0.08011627
2.86 , 103.3646 , 84.93935 , 0.08011627
2.863 , 103.3875 , 84.89357 , 0.08011627
2.866 , 103.3646 , 84.89357 , 0.07553864
2.868 , 103.3646 , 84.89357 , 0.06867218
2.871 , 103.3188 , 84.89357 , 0.06867218
2.874 , 103.3188 , 84.87068 , 0.06867218
2.876 , 103.3646 , 84.87068 , 0.06867218
2.879 , 103.3188 , 84.93935 , 0.06867218
2.882 , 103.3188 , 84.87068 , 0.06409454
2.885 , 103.3188 , 84.89357 , 0.06409454
2.887 , 103.296 , 84.87068 , 0.05951691
2.89 , 103.296 , 84.87068 , 0.05951691
2.893 , 103.296 , 84.82491 , 0.05951691
2.895 , 103.3188 , 84.87068 , 0.05951691
2.898 , 103.296 , 84.82491 , 0.05493927
2.901 , 103.2273 , 84.87068 , 0.05951691
2.904 , 103.3188 , 84.82491 , 0.05951691
2.906 , 103.2273 , 84.80202 , 0.05493927
2.909 , 103.2273 , 84.80202 , 0.05036163
2.912 , 103.2273 , 84.75624 , 0.05036163
2.914 , 103.2044 , 84.80202 , 0.05036163
2.917 , 103.2044 , 84.80202 , 0.05036163
2.919 , 103.2044 , 84.82491 , 0.05036163
2.922 , 103.2044 , 84.80202 , 0.045784
2.925 , 103.2044 , 84.82491 , 0.045784
2.928 , 103.2044 , 84.75624 , 0.045784
2.93 , 103.2044 , 84.80202 , 0.04120636
2.933 , 103.1586 , 84.73335 , 0.04120636
2.935 , 103.1586 , 84.80202 , 0.04120636
2.938 , 103.1586 , 84.75624 , 0.04120636
2.941 , 103.1586 , 84.80202 , 0.04120636
2.944 , 103.1357 , 84.75624 , 0.04120636
2.946 , 103.1357 , 84.75624 , 0.03662872
2.949 , 103.1357 , 84.73335 , 0.03662872
2.951 , 103.09 , 84.73335 , 0.03662872
2.954 , 103.09 , 84.71046 , 0.03662872
2.957 , 103.1586 , 84.73335 , 0.03662872
2.96 , 103.1586 , 84.73335 , 0.03662872
2.962 , 103.1357 , 84.71046 , 0.03205109
2.965 , 103.09 , 84.73335 , 0.03205109
2.968 , 103.0671 , 84.71046 , 0.02747345
2.97 , 103.09 , 84.71046 , 0.02747345
2.973 , 103.09 , 84.66469 , 0.03205109
2.976 , 103.1357 , 84.66469 , 0.02747345
2.978 , 103.1357 , 84.66469 , 0.02747345
2.981 , 103.09 , 84.6418 , 0.02747345
2.984 , 103.0671 , 84.66469 , 0.02747345
2.986 , 103.09 , 84.66469 , 0.02747345
2.989 , 103.0442 , 84.59602 , 0.02289581
2.992 , 103.0442 , 84.6418 , 0.02289581
2.994 , 103.0671 , 84.6418 , 0.02289581
2.997 , 102.9984 , 84.59602 , 0.02289581
3.0 , 103.0442 , 84.6418 , 0.02289581
3.002 , 103.0442 , 84.6418 , 0.02289581
3.005 , 102.9984 , 84.59602 , 0.02289581
3.008 , 102.9755 , 84.59602 , 0.02289581
3.01 , 102.9984 , 84.57314 , 0.01602936
3.021 , 102.9755 , 84.59602 , 0.01602936
3.024 , 102.9297 , 84.59602 , 0.01145172
3.027 , 102.9755 , 84.57314 , 0.01602936
3.029 , 102.9755 , 84.57314 , 0.01145172
3.032 , 102.9068 , 84.57314 , 0.01145172
3.035 , 102.9068 , 84.50446 , 0.01145172
3.037 , 102.9068 , 84.57314 , 0.004585266
3.04 , 102.9297 , 84.57314 , 0.01145172
3.043 , 102.9755 , 84.57314 , 0.004585266
3.045 , 102.9068 , 84.50446 , 0.01145172
3.048 , 102.8382 , 84.48158 , 0.004585266
3.051 , 102.8382 , 84.48158 , 0.004585266
3.053 , 102.8382 , 84.48158 , 0.004585266
3.056 , 102.8611 , 84.48158 , 0.004585266
3.059 , 102.8382 , 84.50446 , 0.004585266
3.062 , 102.8382 , 84.48158 , 0.004585266
3.064 , 102.8153 , 84.4358 , 0.004585266
3.067 , 102.7695 , 84.4358 , 0.004585266
3.07 , 102.8153 , 84.41291 , 7.629395e-06
3.073 , 102.7695 , 84.48158 , -0.004571915
3.076 , 102.7695 , 84.41291 , 7.629395e-06
3.078 , 102.8153 , 84.41291 , 7.629395e-06
3.081 , 102.7695 , 84.4358 , 7.629395e-06
3.084 , 102.7695 , 84.41291 , 7.629395e-06
3.087 , 102.7695 , 84.41291 , 7.629395e-06
3.09 , 102.7466 , 84.36713 , -0.004571915
3.092 , 102.7695 , 84.34425 , -0.004571915
3.095 , 102.7695 , 84.34425 , -0.004571915
3.098 , 102.7466 , 84.41291 , -0.004571915
3.1 , 102.7009 , 84.41291 , -0.004571915
3.103 , 102.7009 , 84.41291 , -0.009149551
3.106 , 102.7009 , 84.41291 , -0.009149551
3.109 , 102.7009 , 84.36713 , -0.009149551
3.112 , 102.678 , 84.34425 , -0.009149551
3.114 , 102.678 , 84.29847 , -0.009149551
3.117 , 102.678 , 84.36713 , -0.01372719
3.12 , 102.678 , 84.34425 , -0.009149551
3.123 , 102.678 , 84.34425 , -0.009149551
3.125 , 102.678 , 84.34425 , -0.01372719
3.128 , 102.678 , 84.34425 , -0.01372719
3.131 , 102.6551 , 84.29847 , -0.01372719
3.133 , 102.6551 , 84.27558 , -0.01372719
3.136 , 102.6551 , 84.27558 , -0.01372719
3.139 , 102.6551 , 84.29847 , -0.01372719
3.141 , 102.6551 , 84.29847 , -0.01372719
3.144 , 102.6551 , 84.29847 , -0.01830482
3.147 , 102.6093 , 84.27558 , -0.01830482
3.149 , 102.6551 , 84.27558 , -0.01830482
3.152 , 102.5864 , 84.25269 , -0.02288246
3.155 , 102.6093 , 84.25269 , -0.01830482
3.157 , 102.6093 , 84.27558 , -0.01830482
3.16 , 102.6093 , 84.25269 , -0.02288246
3.163 , 102.6093 , 84.27558 , -0.01830482
3.165 , 102.6093 , 84.20692 , -0.02288246
3.168 , 102.5864 , 84.20692 , -0.02288246
3.171 , 102.5864 , 84.20692 , -0.02288246
3.173 , 102.5864 , 84.20692 , -0.02288246
3.176 , 102.5864 , 84.18402 , -0.0274601
3.179 , 102.5864 , 84.20692 , -0.0274601
3.181 , 102.5406 , 84.20692 , -0.0274601
3.184 , 102.5864 , 84.18402 , -0.0274601
3.187 , 102.5864 , 84.20692 , -0.0274601
3.189 , 102.5177 , 84.18402 , -0.0274601
3.192 , 102.5406 , 84.13824 , -0.0274601
3.195 , 102.5406 , 84.13824 , -0.03203773
3.197 , 102.5177 , 84.20692 , -0.03203773
3.2 , 102.5177 , 84.18402 , -0.03203773
3.203 , 102.5406 , 84.20692 , -0.03203773
3.205 , 102.5177 , 84.18402 , -0.03203773
3.208 , 102.5177 , 84.13824 , -0.03203773
3.211 , 102.4949 , 84.13824 , -0.03203773
3.213 , 102.4949 , 84.11536 , -0.03661537
3.216 , 102.5177 , 84.13824 , -0.03661537
3.218 , 102.4949 , 84.11536 , -0.03203773
3.221 , 102.4491 , 84.11536 , -0.03661537
3.224 , 102.4491 , 84.11536 , -0.03661537
3.226 , 102.4491 , 84.11536 , -0.04119301
3.229 , 102.4491 , 84.04669 , -0.03661537
3.232 , 102.4262 , 84.0238 , -0.04119301
3.234 , 102.4491 , 84.11536 , -0.04119301
3.237 , 102.4262 , 84.04669 , -0.04119301
3.24 , 102.4262 , 84.04669 , -0.04577065
3.242 , 102.4491 , 84.04669 , -0.04119301
3.245 , 102.4262 , 84.11536 , -0.04577065
3.248 , 102.4262 , 84.04669 , -0.04577065
3.25 , 102.4262 , 84.0238 , -0.04577065
3.253 , 102.4262 , 84.04669 , -0.05034828
3.256 , 102.3804 , 84.04669 , -0.05034828
3.258 , 102.3804 , 84.04669 , -0.04577065
3.261 , 102.3804 , 84.11536 , -0.05034828
3.264 , 102.3804 , 84.04669 , -0.04577065
3.266 , 102.3117 , 84.0238 , -0.05034828
3.269 , 102.3117 , 84.0238 , -0.05034828
3.272 , 102.3117 , 83.97803 , -0.05034828
3.274 , 102.2888 , 84.0238 , -0.05034828
3.277 , 102.3117 , 83.97803 , -0.04577065
3.28 , 102.2888 , 84.0238 , -0.05034828
3.282 , 102.3117 , 83.97803 , -0.05034828
3.285 , 102.266 , 84.0238 , -0.05034828
3.288 , 102.2202 , 83.97803 , -0.05492592
3.29 , 102.266 , 83.95514 , -0.05492592
3.293 , 102.266 , 83.90936 , -0.05492592
3.296 , 102.266 , 83.95514 , -0.05492592
3.298 , 102.2202 , 83.95514 , -0.05492592
3.301 , 102.266 , 83.90936 , -0.05034828
3.304 , 102.2202 , 83.95514 , -0.05492592
3.306 , 102.266 , 83.90936 , -0.05492592
3.309 , 102.2202 , 83.88647 , -0.05950356
3.312 , 102.2202 , 83.90936 , -0.05950356
3.314 , 102.2202 , 83.88647 , -0.05950356
3.317 , 102.2202 , 83.90936 , -0.05492592
3.32 , 102.2202 , 83.90936 , -0.05950356
3.322 , 102.1973 , 83.90936 , -0.05492592
3.325 , 102.1515 , 83.90936 , -0.05950356
3.328 , 102.1515 , 83.86359 , -0.05950356
3.33 , 102.1286 , 83.88647 , -0.05950356
3.333 , 102.1286 , 83.86359 , -0.05950356
3.336 , 102.1973 , 83.88647 , -0.05950356
3.338 , 102.1515 , 83.88647 , -0.05950356
3.341 , 102.1973 , 83.88647 , -0.05950356
3.344 , 102.1515 , 83.88647 , -0.05950356
3.346 , 102.1286 , 83.81781 , -0.05950356
3.349 , 102.1286 , 83.81781 , -0.05950356
3.352 , 102.1286 , 83.81781 , -0.06408119
3.354 , 102.1515 , 83.81781 , -0.05950356
3.357 , 102.1286 , 83.86359 , -0.06408119
3.36 , 102.1286 , 83.86359 , -0.06408119
3.362 , 102.1286 , 83.81781 , -0.05950356
3.365 , 102.1057 , 83.81781 , -0.05950356
3.368 , 102.1286 , 83.81781 , -0.05950356
3.37 , 102.1057 , 83.79491 , -0.06408119
3.373 , 102.1057 , 83.74914 , -0.06408119
3.376 , 102.1286 , 83.74914 , -0.05950356
3.378 , 102.1057 , 83.79491 , -0.06408119
3.381 , 102.1286 , 83.79491 , -0.06408119
3.384 , 102.1286 , 83.79491 , -0.06408119
3.386 , 102.06 , 83.74914 , -0.06408119
3.389 , 102.06 , 83.74914 , -0.06408119
3.392 , 102.06 , 83.72625 , -0.06408119
3.395 , 102.06 , 83.72625 , -0.05950356
3.397 , 102.06 , 83.72625 , -0.06408119
3.4 , 102.1057 , 83.72625 , -0.06408119
3.403 , 102.0371 , 83.72625 , -0.06408119
3.405 , 102.0371 , 83.72625 , -0.06408119
3.408 , 102.06 , 83.68047 , -0.06408119
3.411 , 102.0371 , 83.68047 , -0.06408119
3.413 , 101.9913 , 83.68047 , -0.06408119
3.416 , 101.9913 , 83.68047 , -0.06408119
3.419 , 102.0371 , 83.68047 , -0.06408119
3.421 , 101.9913 , 83.68047 , -0.06408119
3.424 , 101.9913 , 83.68047 , -0.06408119
3.426 , 101.9913 , 83.68047 , -0.06408119
3.429 , 101.9684 , 83.6347 , -0.06408119
3.432 , 101.9684 , 83.65759 , -0.06408119
3.434 , 101.9684 , 83.6347 , -0.06865883
3.437 , 101.9684 , 83.6347 , -0.06408119
3.44 , 101.9913 , 83.65759 , -0.06865883
3.443 , 101.9684 , 83.6347 , -0.06865883
3.445 , 101.9455 , 83.65759 , -0.06408119
3.448 , 101.9455 , 83.6347 , -0.06408119
3.451 , 101.9455 , 83.58892 , -0.06865883
3.453 , 101.9455 , 83.58892 , -0.06408119
3.456 , 101.9455 , 83.58892 , -0.06408119
3.459 , 101.9455 , 83.58892 , -0.06408119
3.461 , 101.8997 , 83.58892 , -0.06408119
3.464 , 101.9455 , 83.6347 , -0.06408119
3.467 , 101.8769 , 83.56603 , -0.06408119
3.469 , 101.8769 , 83.56603 , -0.06865883
3.472 , 101.8769 , 83.56603 , -0.06408119
3.475 , 101.8769 , 83.52026 , -0.06408119
3.477 , 101.8769 , 83.56603 , -0.06408119
3.48 , 101.8311 , 83.52026 , -0.06408119
3.483 , 101.8769 , 83.52026 , -0.06408119
3.485 , 101.8311 , 83.52026 , -0.06408119
3.488 , 101.8311 , 83.52026 , -0.06408119
3.491 , 101.8082 , 83.52026 , -0.06408119
3.493 , 101.8082 , 83.49737 , -0.06865883
3.496 , 101.8311 , 83.45159 , -0.06408119
3.499 , 101.8311 , 83.52026 , -0.06408119
3.501 , 101.8082 , 83.52026 , -0.06408119
3.504 , 101.8082 , 83.49737 , -0.06408119
3.507 , 101.8082 , 83.45159 , -0.06408119
3.509 , 101.7624 , 83.4287 , -0.06408119
3.512 , 101.7624 , 83.4287 , -0.06865883
3.515 , 101.7624 , 83.45159 , -0.05950356
3.517 , 101.7624 , 83.45159 , -0.06408119
3.52 , 101.8082 , 83.4287 , -0.06408119
3.523 , 101.7395 , 83.45159 , -0.06408119
3.525 , 101.7395 , 83.4287 , -0.06865883
3.528 , 101.7395 , 83.40581 , -0.06865883
3.531 , 101.7166 , 83.40581 , -0.06408119
3.533 , 101.7395 , 83.36003 , -0.06408119
3.536 , 101.7166 , 83.36003 , -0.06408119
3.539 , 101.7166 , 83.40581 , -0.06408119
3.541 , 101.7395 , 83.36003 , -0.06408119
3.544 , 101.7166 , 83.33714 , -0.06408119
3.547 , 101.7166 , 83.36003 , -0.06408119
3.549 , 101.6709 , 83.36003 , -0.06408119
3.552 , 101.6709 , 83.33714 , -0.06865883
3.555 , 101.7166 , 83.26848 , -0.06865883
3.557 , 101.7166 , 83.33714 , -0.06865883
3.56 , 101.6709 , 83.33714 , -0.06408119
3.563 , 101.648 , 83.33714 , -0.06408119
3.565 , 101.648 , 83.33714 , -0.06408119
3.568 , 101.648 , 83.33714 , -0.06865883
3.571 , 101.648 , 83.26848 , -0.06865883
3.582 , 101.6022 , 83.24559 , -0.06865883
3.584 , 101.648 , 83.26848 , -0.06865883
3.587 , 101.6022 , 83.2227 , -0.07323647
3.59 , 101.6022 , 83.2227 , -0.07323647
3.593 , 101.5793 , 83.24559 , -0.07323647
3.595 , 101.6022 , 83.24559 , -0.06865883
3.598 , 101.6022 , 83.24559 , -0.07323647
3.601 , 101.6022 , 83.2227 , -0.07323647
3.603 , 101.5793 , 83.17693 , -0.0778141
3.606 , 101.5793 , 83.17693 , -0.0778141
3.609 , 101.5564 , 83.17693 , -0.08239174
3.611 , 101.5564 , 83.17693 , -0.08239174
3.614 , 101.5564 , 83.17693 , -0.08239174
3.617 , 101.5564 , 83.15404 , -0.08239174
3.619 , 101.5564 , 83.2227 , -0.08239174
3.622 , 101.5564 , 83.15404 , -0.08239174
3.625 , 101.5564 , 83.15404 , -0.08239174
3.627 , 101.5564 , 83.15404 , -0.08696938
3.63 , 101.5106 , 83.15404 , -0.08696938
3.633 , 101.4877 , 83.10826 , -0.08696938
3.635 , 101.5106 , 83.17693 , -0.08696938
3.638 , 101.4877 , 83.24559 , -0.08696938
3.641 , 101.4877 , 83.2227 , -0.08696938
3.643 , 101.4877 , 83.17693 , -0.09154701
3.646 , 101.4877 , 83.15404 , -0.09154701
3.649 , 101.4877 , 83.17693 , -0.09154701
3.651 , 101.442 , 83.17693 , -0.09154701
3.654 , 101.4877 , 83.15404 , -0.09154701
3.657 , 101.442 , 83.15404 , -0.09612465
3.659 , 101.4877 , 83.17693 , -0.09612465
3.662 , 101.4191 , 83.2227 , -0.09154701
3.665 , 101.4191 , 83.15404 , -0.09612465
3.667 , 101.4191 , 83.10826 , -0.09612465
3.67 , 101.4191 , 83.10826 , -0.09612465
3.673 , 101.3733 , 83.15404 , -0.09612465
3.675 , 101.4191 , 83.10826 , -0.09154701
3.678 , 101.4191 , 83.15404 , -0.09612465
3.681 , 101.4191 , 83.10826 , -0.09612465
3.683 , 101.4191 , 83.10826 , -0.09612465
3.686 , 101.3504 , 83.08537 , -0.09612465
3.689 , 101.3504 , 83.08537 , -0.09612465
3.691 , 101.3733 , 83.08537 , -0.09612465
3.694 , 101.3504 , 83.08537 , -0.09612465
3.697 , 101.3733 , 83.08537 , -0.09612465
3.699 , 101.3733 , 83.08537 , -0.09612465
3.702 , 101.3733 , 83.0396 , -0.09154701
3.705 , 101.3275 , 83.08537 , -0.08696938
3.707 , 101.2818 , 83.0396 , -0.09154701
3.71 , 101.3275 , 83.01671 , -0.09154701
3.713 , 101.3504 , 83.01671 , -0.09154701
3.715 , 101.3275 , 83.01671 , -0.09154701
3.718 , 101.3275 , 83.01671 , -0.08696938
3.721 , 101.3275 , 83.0396 , -0.08696938
3.723 , 101.3275 , 83.01671 , -0.08696938
3.726 , 101.2818 , 82.99382 , -0.08696938
3.729 , 101.2818 , 82.99382 , -0.09154701
3.731 , 101.2589 , 82.94804 , -0.08696938
3.734 , 101.2818 , 82.92516 , -0.08696938
3.737 , 101.2818 , 82.92516 , -0.08696938
3.74 , 101.2818 , 82.92516 , -0.08696938
3.742 , 101.2818 , 82.94804 , -0.08696938
3.745 , 101.2589 , 82.92516 , -0.08696938
3.748 , 101.2589 , 82.87938 , -0.08696938
3.75 , 101.2131 , 82.87938 , -0.08696938
3.753 , 101.2589 , 82.85649 , -0.08696938
3.756 , 101.2589 , 82.87938 , -0.08696938
3.758 , 101.2589 , 82.87938 , -0.08239174
3.761 , 101.2589 , 82.87938 , -0.08239174
3.764 , 101.2131 , 82.81071 , -0.08696938
3.767 , 101.1902 , 82.85649 , -0.08696938
3.769 , 101.2131 , 82.87938 , -0.08696938
3.772 , 101.1902 , 82.81071 , -0.08696938
3.775 , 101.2131 , 82.81071 , -0.08696938
3.777 , 101.2131 , 82.85649 , -0.08696938
3.78 , 101.2131 , 82.85649 , -0.08696938
3.783 , 101.1902 , 82.81071 , -0.08696938
3.786 , 101.1902 , 82.81071 , -0.08696938
3.788 , 101.1673 , 82.78783 , -0.08696938
3.791 , 101.1673 , 82.76494 , -0.09154701
3.794 , 101.1673 , 82.81071 , -0.08696938
3.796 , 101.1215 , 82.76494 , -0.08696938
3.799 , 101.1673 , 82.81071 , -0.09154701
3.802 , 101.1215 , 82.81071 , -0.08696938
3.804 , 101.1215 , 82.76494 , -0.09154701
3.807 , 101.0986 , 82.78783 , -0.09154701
3.81 , 101.1215 , 82.76494 , -0.09154701
3.812 , 101.0986 , 82.76494 , -0.09154701
3.815 , 101.1215 , 82.76494 , -0.08696938
3.818 , 101.1215 , 82.78783 , -0.09154701
3.82 , 101.0986 , 82.76494 , -0.09154701
3.823 , 101.0986 , 82.76494 , -0.09154701
3.826 , 101.1215 , 82.71916 , -0.09154701
3.828 , 101.0986 , 82.71916 , -0.09154701
3.831 , 101.0529 , 82.69627 , -0.09154701
3.834 , 101.0529 , 82.69627 , -0.09154701
3.836 , 101.0986 , 82.71916 , -0.09154701
3.839 , 101.0529 , 82.69627 , -0.09154701
3.842 , 101.0529 , 82.71916 , -0.09154701
3.844 , 101.03 , 82.69627 , -0.09612465
3.847 , 101.0529 , 82.69627 , -0.09612465
3.85 , 101.03 , 82.69627 , -0.09612465
3.852 , 101.03 , 82.69627 , -0.09612465
3.855 , 101.03 , 82.69627 , -0.09612465
3.858 , 101.0529 , 82.69627 , -0.09612465
3.861 , 101.03 , 82.69627 , -0.09612465
3.863 , 101.0071 , 82.65049 , -0.09612465
3.866 , 101.03 , 82.69627 , -0.09612465
3.869 , 100.9613 , 82.6276 , -0.09612465
3.871 , 100.9613 , 82.6276 , -0.1007042
3.874 , 100.9613 , 82.58183 , -0.1007042
3.876 , 100.9613 , 82.6276 , -0.09612465
3.879 , 101.0071 , 82.6276 , -0.09612465
3.882 , 100.9613 , 82.6276 , -0.1007042
3.884 , 100.9613 , 82.6276 , -0.1007042
3.887 , 100.9384 , 82.6276 , -0.09612465
3.89 , 101.0071 , 82.58183 , -0.1007042
3.892 , 100.9384 , 82.55894 , -0.09612465
3.895 , 100.9384 , 82.58183 , -0.1007042
3.897 , 100.9384 , 82.58183 , -0.1007042
3.9 , 100.9613 , 82.58183 , -0.09612465
3.903 , 100.9384 , 82.58183 , -0.09612465
3.905 , 100.8927 , 82.55894 , -0.09612465
3.908 , 100.8698 , 82.55894 , -0.09612465
3.911 , 100.8927 , 82.53605 , -0.09612465
3.913 , 100.8927 , 82.55894 , -0.09612465
3.916 , 100.8927 , 82.55894 , -0.09612465
3.919 , 100.8698 , 82.55894 , -0.09612465
3.921 , 100.9384 , 82.55894 , -0.09612465
3.924 , 100.8698 , 82.53605 , -0.09612465
3.927 , 100.8927 , 82.55894 , -0.1007042
3.929 , 100.824 , 82.49027 , -0.1007042
3.932 , 100.824 , 82.49027 , -0.1007042
3.935 , 100.824 , 82.46738 , -0.09612465
3.937 , 100.824 , 82.49027 , -0.09612465
3.94 , 100.824 , 82.49027 , -0.09612465
3.943 , 100.8011 , 82.49027 , -0.09612465
3.945 , 100.824 , 82.49027 , -0.09612465
3.948 , 100.8011 , 82.49027 , -0.1007042
3.951 , 100.7324 , 82.46738 , -0.1007042
3.953 , 100.7782 , 82.46738 , -0.09612465
3.956 , 100.7782 , 82.46738 , -0.1007042
3.958 , 100.7782 , 82.42161 , -0.09612465
3.961 , 100.8011 , 82.49027 , -0.09612465
3.964 , 100.7782 , 82.46738 , -0.1007042
3.966 , 100.7782 , 82.46738 , -0.1007042
3.969 , 100.7324 , 82.42161 , -0.1007042
3.971 , 100.7782 , 82.37583 , -0.1007042
3.974 , 100.7782 , 82.42161 , -0.1007042
3.976 , 100.7324 , 82.42161 , -0.1007042
3.979 , 100.7324 , 82.42161 , -0.1007042
3.981 , 100.7324 , 82.42161 , -0.1007042
3.984 , 100.7324 , 82.42161 , -0.1007042
3.987 , 100.7324 , 82.39872 , -0.1007042
3.989 , 100.7095 , 82.42161 , -0.1007042
3.992 , 100.7095 , 82.37583 , -0.1007042
3.994 , 100.7324 , 82.37583 , -0.09612465
3.997 , 100.7095 , 82.37583 , -0.1007042
4.0 , 100.7095 , 82.37583 , -0.09612465
4.002 , 100.7095 , 82.37583 , -0.1052818
4.005 , 100.6638 , 82.33006 , -0.1052818
4.007 , 100.6409 , 82.37583 , -0.1052818
4.01 , 100.6638 , 82.33006 , -0.1052818
4.012 , 100.6409 , 82.33006 , -0.1098595
4.015 , 100.6638 , 82.30716 , -0.1052818
4.017 , 100.6638 , 82.33006 , -0.1052818
4.02 , 100.6638 , 82.30716 , -0.1007042
4.022 , 100.6409 , 82.30716 , -0.1052818
4.025 , 100.6409 , 82.30716 , -0.1007042
4.028 , 100.6409 , 82.30716 , -0.1052818
4.03 , 100.618 , 82.26138 , -0.1052818
4.033 , 100.6409 , 82.26138 , -0.1052818
4.035 , 100.618 , 82.26138 , -0.1052818
4.038 , 100.618 , 82.30716 , -0.1052818
4.04 , 100.618 , 82.30716 , -0.1052818
4.043 , 100.618 , 82.30716 , -0.1007042
4.045 , 100.6409 , 82.26138 , -0.1052818
4.048 , 100.5722 , 82.23849 , -0.1052818
4.05 , 100.5722 , 82.23849 , -0.1052818
4.053 , 100.5722 , 82.23849 , -0.1052818
4.056 , 100.5722 , 82.23849 , -0.1052818
4.058 , 100.618 , 82.23849 , -0.1007042
4.061 , 100.618 , 82.26138 , -0.1007042
4.063 , 100.5722 , 82.23849 , -0.1007042
4.066 , 100.5722 , 82.23849 , -0.1052818
4.068 , 100.5493 , 82.19272 , -0.1052818
4.071 , 100.5493 , 82.19272 , -0.1052818
4.073 , 100.5493 , 82.16983 , -0.1052818
4.076 , 100.5722 , 82.16983 , -0.1052818
4.078 , 100.5493 , 82.19272 , -0.1007042
4.081 , 100.5493 , 82.19272 , -0.1052818
4.084 , 100.5493 , 82.16983 , -0.1052818
4.086 , 100.5493 , 82.16983 , -0.1007042
4.089 , 100.5035 , 82.16983 , -0.1052818
4.091 , 100.5493 , 82.14694 , -0.1052818
4.094 , 100.5493 , 82.14694 , -0.1052818
4.096 , 100.5035 , 82.16983 , -0.1007042
4.099 , 100.5493 , 82.14694 , -0.1052818
4.101 , 100.5035 , 82.14694 , -0.1052818
4.104 , 100.5493 , 82.16983 , -0.1007042
4.106 , 100.5035 , 82.16983 , -0.1052818
4.109 , 100.4807 , 82.10117 , -0.1052818
4.111 , 100.4807 , 82.07828 , -0.1007042
4.114 , 100.4807 , 82.10117 , -0.1007042
4.116 , 100.5035 , 82.10117 , -0.1007042
4.119 , 100.5035 , 82.10117 , -0.1052818
4.122 , 100.4807 , 82.14694 , -0.1007042
4.124 , 100.4578 , 82.14694 , -0.1007042
4.135 , 100.4578 , 82.10117 , -0.1007042
4.137 , 100.4807 , 82.07828 , -0.1007042
4.14 , 100.4807 , 82.07828 , -0.1007042
4.142 , 100.4578 , 82.07828 , -0.1007042
4.145 , 100.412 , 82.0325 , -0.1007042
4.147 , 100.412 , 82.07828 , -0.1007042
4.15 , 100.412 , 82.00961 , -0.1007042
4.153 , 100.412 , 82.00961 , -0.1007042
4.155 , 100.412 , 82.0325 , -0.1007042
4.158 , 100.412 , 82.0325 , -0.1007042
4.16 , 100.412 , 82.0325 , -0.1007042
4.163 , 100.412 , 82.0325 , -0.09612465
4.165 , 100.412 , 82.00961 , -0.1007042
4.168 , 100.3891 , 82.00961 , -0.1007042
4.17 , 100.3204 , 81.96384 , -0.09612465
4.173 , 100.3204 , 81.96384 , -0.1007042
4.176 , 100.3204 , 81.96384 , -0.09612465
4.178 , 100.3891 , 81.96384 , -0.09612465
4.181 , 100.3891 , 82.00961 , -0.09612465
4.184 , 100.3891 , 81.96384 , -0.09612465
4.186 , 100.3204 , 81.96384 , -0.09612465
4.189 , 100.2976 , 81.94095 , -0.09612465
4.192 , 100.2976 , 81.91806 , -0.09612465
4.194 , 100.2289 , 81.94095 , -0.09612465
4.197 , 100.2518 , 81.91806 , -0.09154701
4.2 , 100.2976 , 81.94095 , -0.09154701
4.202 , 100.2518 , 81.94095 , -0.09612465
4.205 , 100.2518 , 81.91806 , -0.09154701
4.208 , 100.2289 , 81.91806 , -0.09612465
4.21 , 100.2289 , 81.91806 , -0.09612465
4.213 , 100.2289 , 81.87228 , -0.09154701
4.216 , 100.206 , 81.91806 , -0.09154701
4.218 , 100.2289 , 81.91806 , -0.09154701
4.221 , 100.2289 , 81.91806 , -0.08696938
4.224 , 100.206 , 81.87228 , -0.08696938
4.226 , 100.1602 , 81.87228 , -0.08696938
4.229 , 100.1602 , 81.87228 , -0.08696938
4.232 , 100.206 , 81.80362 , -0.08696938
4.234 , 100.1602 , 81.8494 , -0.08696938
4.237 , 100.1602 , 81.80362 , -0.08696938
4.24 , 100.206 , 81.91806 , -0.08239174
4.242 , 100.206 , 81.8494 , -0.08696938
4.245 , 100.1602 , 81.80362 , -0.08696938
4.248 , 100.1373 , 81.80362 , -0.08239174
4.25 , 100.1602 , 81.78073 , -0.08239174
4.253 , 100.1373 , 81.78073 , -0.08239174
4.256 , 100.1373 , 81.78073 , -0.08239174
4.258 , 100.1373 , 81.8494 , -0.08239174
4.261 , 100.1602 , 81.8494 , -0.08239174
4.264 , 100.1602 , 81.80362 , -0.08239174
4.266 , 100.1373 , 81.78073 , -0.08239174
4.269 , 100.0916 , 81.73495 , -0.08239174
4.272 , 100.0916 , 81.73495 , -0.0778141
4.274 , 100.0916 , 81.78073 , -0.0778141
4.277 , 100.0916 , 81.73495 , -0.0778141
4.28 , 100.1373 , 81.73495 , -0.0778141
4.282 , 100.1373 , 81.73495 , -0.07323647
4.285 , 100.0687 , 81.73495 , -0.0778141
4.288 , 100.0916 , 81.71207 , -0.0778141
4.29 , 100.0916 , 81.71207 , -0.0778141
4.293 , 100.0687 , 81.71207 , -0.0778141
4.296 , 100.0687 , 81.73495 , -0.07323647
4.298 , 100.0916 , 81.68918 , -0.07323647
4.301 , 100.0687 , 81.73495 , -0.07323647
4.304 , 100.0 , 81.71207 , -0.07323647
4.306 , 100.0458 , 81.71207 , -0.07323647
4.309 , 100.0458 , 81.73495 , -0.07323647
4.312 , 100.0 , 81.68918 , -0.07323647
4.314 , 100.0458 , 81.71207 , -0.07323647
4.317 , 100.0458 , 81.73495 , -0.07323647
4.32 , 100.0 , 81.73495 , -0.06865883
4.322 , 100.0458 , 81.68918 , -0.06865883
4.325 , 100.0 , 81.71207 , -0.06865883
4.328 , 99.97711 , 81.68918 , -0.06865883
4.33 , 100.0 , 81.68918 , -0.06865883
4.333 , 100.0 , 81.6434 , -0.06865883
4.336 , 99.97711 , 81.68918 , -0.06408119
4.338 , 100.0 , 81.68918 , -0.06408119
4.341 , 99.97711 , 81.6434 , -0.06408119
4.343 , 99.97711 , 81.68918 , -0.06408119
4.346 , 99.97711 , 81.6434 , -0.06408119
4.349 , 99.93134 , 81.6434 , -0.06408119
4.351 , 99.93134 , 81.62051 , -0.05950356
4.354 , 99.93134 , 81.62051 , -0.05950356
4.356 , 99.93134 , 81.62051 , -0.05950356
4.359 , 99.93134 , 81.62051 , -0.05492592
4.361 , 99.93134 , 81.62051 , -0.05034828
4.364 , 99.93134 , 81.57474 , -0.05034828
4.367 , 99.90845 , 81.57474 , -0.05034828
4.369 , 99.90845 , 81.55184 , -0.05034828
4.372 , 99.90845 , 81.55184 , -0.05034828
4.374 , 99.90845 , 81.52895 , -0.04577065
4.377 , 99.90845 , 81.57474 , -0.05034828
4.38 , 99.90845 , 81.57474 , -0.04577065
4.382 , 99.90845 , 81.55184 , -0.04577065
4.385 , 99.86267 , 81.55184 , -0.04119301
4.387 , 99.86267 , 81.55184 , -0.04119301
4.39 , 99.83978 , 81.52895 , -0.04577065
4.393 , 99.86267 , 81.48318 , -0.04119301
4.395 , 99.83978 , 81.52895 , -0.03661537
4.398 , 99.86267 , 81.52895 , -0.03203773
4.4 , 99.81689 , 81.52895 , -0.03203773
4.403 , 99.83978 , 81.52895 , -0.0274601
4.406 , 99.81689 , 81.52895 , -0.03203773
4.408 , 99.77112 , 81.46029 , -0.0274601
4.411 , 99.81689 , 81.48318 , -0.0274601
4.413 , 99.77112 , 81.46029 , -0.0274601
4.416 , 99.77112 , 81.48318 , -0.02288246
4.419 , 99.81689 , 81.46029 , -0.01830482
4.421 , 99.77112 , 81.48318 , -0.02288246
4.424 , 99.77112 , 81.46029 , -0.01830482
4.426 , 99.77112 , 81.46029 , -0.01830482
4.429 , 99.74823 , 81.41451 , -0.01830482
4.431 , 99.74823 , 81.41451 , -0.01372719
4.434 , 99.77112 , 81.41451 , -0.01830482
4.437 , 99.77112 , 81.41451 , -0.01372719
4.439 , 99.74823 , 81.41451 , -0.009149551
4.442 , 99.74823 , 81.41451 , -0.009149551
4.445 , 99.70245 , 81.41451 , -0.004571915
4.447 , 99.67957 , 81.41451 , -0.009149551
4.45 , 99.67957 , 81.34585 , -0.004571915
4.453 , 99.67957 , 81.34585 , -0.004571915
4.455 , 99.70245 , 81.34585 , -0.004571915
4.458 , 99.70245 , 81.32296 , 7.629395e-06
4.461 , 99.67957 , 81.32296 , 7.629395e-06
4.463 , 99.67957 , 81.34585 , 0.004585266
4.466 , 99.67957 , 81.32296 , 0.004585266
4.469 , 99.65668 , 81.30007 , 7.629395e-06
4.471 , 99.65668 , 81.30007 , 0.004585266
4.474 , 99.65668 , 81.30007 , 0.004585266
4.477 , 99.65668 , 81.30007 , 0.01145172
4.479 , 99.67957 , 81.30007 , 0.01145172
4.482 , 99.67957 , 81.2543 , 0.01145172
4.484 , 99.67957 , 81.30007 , 0.01602936
4.487 , 99.65668 , 81.2543 , 0.01602936
4.49 , 99.65668 , 81.23141 , 0.01602936
4.492 , 99.65668 , 81.2543 , 0.01602936
4.495 , 99.6109 , 81.2543 , 0.02289581
4.497 , 99.6109 , 81.2543 , 0.02289581
4.5 , 99.65668 , 81.23141 , 0.02289581
4.503 , 99.65668 , 81.23141 , 0.02289581
4.505 , 99.67957 , 81.18562 , 0.02289581
4.508 , 99.6109 , 81.23141 , 0.02289581
4.51 , 99.6109 , 81.18562 , 0.02289581
4.513 , 99.58801 , 81.18562 , 0.02747345
4.515 , 99.6109 , 81.18562 , 0.02747345
4.518 , 99.6109 , 81.18562 , 0.02747345
4.521 , 99.6109 , 81.23141 , 0.03205109
4.523 , 99.65668 , 81.18562 , 0.03205109
4.526 , 99.58801 , 81.16273 , 0.02747345
4.528 , 99.58801 , 81.16273 , 0.03205109
4.531 , 99.58801 , 81.11696 , 0.03205109
4.533 , 99.58801 , 81.11696 , 0.03205109
4.536 , 99.54224 , 81.11696 , 0.03205109
4.539 , 99.58801 , 81.16273 , 0.03205109
4.541 , 99.58801 , 81.16273 , 0.03662872
4.544 , 99.58801 , 81.11696 , 0.03662872
4.546 , 99.54224 , 81.11696 , 0.03662872
4.549 , 99.54224 , 81.09407 , 0.03205109
4.551 , 99.54224 , 81.11696 , 0.03662872
4.554 , 99.51935 , 81.09407 , 0.03662872
4.557 , 99.51935 , 81.09407 , 0.03662872
4.559 , 99.51935 , 81.09407 , 0.03662872
4.562 , 99.51935 , 81.11696 , 0.03662872
4.564 , 99.51935 , 81.16273 , 0.03662872
4.567 , 99.51935 , 81.07118 , 0.03662872
4.57 , 99.49646 , 81.02541 , 0.03662872
4.572 , 99.49646 , 81.07118 , 0.03662872
4.575 , 99.49646 , 81.07118 , 0.04120636
4.577 , 99.49646 , 81.07118 , 0.04120636
4.58 , 99.49646 , 81.07118 , 0.04120636
4.582 , 99.51935 , 81.07118 , 0.045784
4.585 , 99.49646 , 81.00252 , 0.04120636
4.588 , 99.45068 , 81.02541 , 0.04120636
4.59 , 99.45068 , 81.02541 , 0.045784
4.593 , 99.45068 , 81.02541 , 0.045784
4.595 , 99.45068 , 81.07118 , 0.045784
4.598 , 99.45068 , 81.00252 , 0.045784
4.601 , 99.4278 , 81.02541 , 0.045784
4.603 , 99.4278 , 81.02541 , 0.045784
4.606 , 99.4278 , 81.02541 , 0.045784
4.609 , 99.4278 , 80.95674 , 0.045784
4.611 , 99.45068 , 80.95674 , 0.05036163
4.614 , 99.4278 , 81.00252 , 0.045784
4.616 , 99.45068 , 81.00252 , 0.05036163
4.619 , 99.45068 , 81.00252 , 0.05036163
4.621 , 99.45068 , 80.95674 , 0.05036163
4.624 , 99.4278 , 80.95674 , 0.05036163
4.627 , 99.38202 , 81.00252 , 0.05036163
4.629 , 99.4278 , 80.95674 , 0.05036163
4.632 , 99.38202 , 80.93385 , 0.05036163
4.634 , 99.38202 , 80.88808 , 0.05036163
4.637 , 99.38202 , 80.93385 , 0.05036163
4.639 , 99.38202 , 80.95674 , 0.05493927
4.642 , 99.38202 , 80.93385 , 0.05493927
4.645 , 99.38202 , 80.93385 , 0.05493927
4.647 , 99.38202 , 80.88808 , 0.05951691
4.65 , 99.35912 , 80.88808 , 0.05493927
4.652 , 99.35912 , 80.86519 , 0.05493927
4.655 , 99.35912 , 80.88808 , 0.05493927
4.658 , 99.35912 , 80.88808 , 0.05493927
4.66 , 99.35912 , 80.88808 , 0.05493927
4.663 , 99.35912 , 80.86519 , 0.05951691
4.666 , 99.35912 , 80.86519 , 0.05493927
4.668 , 99.31334 , 80.86519 , 0.05493927
4.671 , 99.31334 , 80.8423 , 0.05493927
4.673 , 99.31334 , 80.8423 , 0.05951691
4.684 , 99.31334 , 80.79652 , 0.05951691
4.687 , 99.26756 , 80.8423 , 0.05951691
4.689 , 99.22179 , 80.8423 , 0.05951691
4.692 , 99.22179 , 80.70496 , 0.05951691
4.695 , 99.26756 , 80.72785 , 0.06409454
4.697 , 99.22179 , 80.77363 , 0.06409454
4.7 , 99.22179 , 80.70496 , 0.05951691
4.702 , 99.22179 , 80.70496 , 0.05951691
4.705 , 99.22179 , 80.72785 , 0.05951691
4.708 , 99.26756 , 80.70496 , 0.05493927
4.71 , 99.22179 , 80.70496 , 0.05951691
4.713 , 99.1989 , 80.70496 , 0.05951691
4.715 , 99.22179 , 80.68208 , 0.05493927
4.718 , 99.1989 , 80.6363 , 0.05951691
4.721 , 99.22179 , 80.70496 , 0.05951691
4.723 , 99.1989 , 80.70496 , 0.05951691
4.726 , 99.15312 , 80.6363 , 0.05951691
4.728 , 99.1989 , 80.6363 , 0.05493927
4.731 , 99.1989 , 80.68208 , 0.05951691
4.734 , 99.13023 , 80.68208 , 0.05951691
4.736 , 99.13023 , 80.68208 , 0.05951691
4.739 , 99.15312 , 80.68208 , 0.05951691
4.741 , 99.15312 , 80.6363 , 0.05493927
4.744 , 99.15312 , 80.68208 , 0.05493927
4.746 , 99.1989 , 80.6363 , 0.05493927
4.749 , 99.13023 , 80.6363 , 0.05493927
4.752 , 99.13023 , 80.61341 , 0.05493927
4.754 , 99.13023 , 80.61341 , 0.05493927
4.757 , 99.10735 , 80.61341 , 0.05493927
4.759 , 99.15312 , 80.6363 , 0.05493927
4.762 , 99.10735 , 80.61341 , 0.05493927
4.764 , 99.13023 , 80.61341 , 0.05493927
4.767 , 99.10735 , 80.61341 , 0.05036163
4.769 , 99.10735 , 80.56763 , 0.05493927
4.772 , 99.10735 , 80.56763 , 0.05036163
4.775 , 99.06157 , 80.56763 , 0.05036163
4.777 , 99.10735 , 80.61341 , 0.05036163
4.78 , 99.10735 , 80.56763 , 0.05036163
4.782 , 99.06157 , 80.56763 , 0.05493927
4.785 , 99.06157 , 80.56763 , 0.05036163
4.787 , 99.06157 , 80.56763 , 0.05036163
4.79 , 99.03868 , 80.61341 , 0.05036163
4.793 , 99.06157 , 80.61341 , 0.045784
4.795 , 99.03868 , 80.6363 , 0.045784
4.798 , 99.03868 , 80.61341 , 0.05493927
4.8 , 99.03868 , 80.6363 , 0.05493927
4.803 , 99.03868 , 80.6363 , 0.05493927
4.806 , 99.03868 , 80.61341 , 0.05493927
4.808 , 99.03868 , 80.54475 , 0.05493927
4.811 , 98.9929 , 80.56763 , 0.05493927
4.813 , 98.97002 , 80.56763 , 0.05493927
4.816 , 98.9929 , 80.56763 , 0.05493927
4.819 , 98.97002 , 80.56763 , 0.05951691
4.821 , 98.97002 , 80.56763 , 0.05493927
4.824 , 98.97002 , 80.56763 , 0.05493927
4.826 , 98.92424 , 80.54475 , 0.05493927
4.829 , 98.97002 , 80.54475 , 0.05493927
4.832 , 98.92424 , 80.54475 , 0.05493927
4.834 , 98.92424 , 80.49897 , 0.05493927
4.837 , 98.92424 , 80.54475 , 0.05493927
4.839 , 98.92424 , 80.54475 , 0.05951691
4.842 , 98.90135 , 80.54475 , 0.05951691
4.844 , 98.97002 , 80.47608 , 0.05951691
4.847 , 98.92424 , 80.49897 , 0.05951691
4.85 , 98.90135 , 80.47608 , 0.05493927
4.852 , 98.87846 , 80.47608 , 0.05951691
4.855 , 98.87846 , 80.47608 , 0.05951691
4.857 , 98.87846 , 80.47608 , 0.05951691
4.86 , 98.83269 , 80.47608 , 0.06409454
4.863 , 98.90135 , 80.49897 , 0.05951691
4.865 , 98.87846 , 80.47608 , 0.06409454
4.868 , 98.87846 , 80.45319 , 0.06409454
4.87 , 98.87846 , 80.45319 , 0.06409454
4.873 , 98.87846 , 80.45319 , 0.06867218
4.876 , 98.83269 , 80.45319 , 0.06409454
4.878 , 98.83269 , 80.45319 , 0.06867218
4.881 , 98.83269 , 80.45319 , 0.06867218
4.883 , 98.87846 , 80.40741 , 0.07553864
4.886 , 98.8098 , 80.40741 , 0.06867218
4.889 , 98.8098 , 80.33875 , 0.07553864
4.891 , 98.8098 , 80.33875 , 0.07553864
4.894 , 98.8098 , 80.31586 , 0.07553864
4.897 , 98.8098 , 80.38452 , 0.07553864
4.899 , 98.8098 , 80.33875 , 0.08011627
4.902 , 98.8098 , 80.38452 , 0.08011627
4.905 , 98.8098 , 80.31586 , 0.08011627
4.907 , 98.76402 , 80.33875 , 0.08011627
4.91 , 98.76402 , 80.31586 , 0.08011627
4.912 , 98.76402 , 80.31586 , 0.08011627
4.915 , 98.76402 , 80.24719 , 0.08011627
4.917 , 98.76402 , 80.33875 , 0.08469391
4.92 , 98.74113 , 80.33875 , 0.08469391
4.923 , 98.76402 , 80.31586 , 0.08927155
4.925 , 98.8098 , 80.24719 , 0.08469391
4.928 , 98.71825 , 80.27008 , 0.08469391
4.93 , 98.71825 , 80.2243 , 0.08927155
4.933 , 98.67247 , 80.24719 , 0.08469391
4.936 , 98.71825 , 80.24719 , 0.08927155
4.938 , 98.71825 , 80.24719 , 0.08927155
4.941 , 98.71825 , 80.24719 , 0.09384918
4.943 , 98.71825 , 80.24719 , 0.09384918
4.946 , 98.71825 , 80.2243 , 0.09384918
4.949 , 98.71825 , 80.17853 , 0.08927155
4.951 , 98.67247 , 80.17853 , 0.09384918
4.954 , 98.67247 , 80.17853 , 0.09384918
4.956 , 98.71825 , 80.2243 , 0.09384918
4.959 , 98.67247 , 80.2243 , 0.09842682
4.962 , 98.71825 , 80.17853 , 0.09384918
4.964 , 98.67247 , 80.2243 , 0.09384918
4.967 , 98.64958 , 80.2243 , 0.09842682
4.969 , 98.60379 , 80.15564 , 0.09384918
4.972 , 98.64958 , 80.17853 , 0.09384918
4.975 , 98.60379 , 80.15564 , 0.09842682
4.977 , 98.67247 , 80.17853 , 0.09842682
4.98 , 98.64958 , 80.17853 , 0.09842682
4.982 , 98.64958 , 80.17853 , 0.09842682
4.985 , 98.60379 , 80.17853 , 0.09842682
4.988 , 98.60379 , 80.15564 , 0.09842682
4.99 , 98.5809 , 80.17853 , 0.09842682
4.993 , 98.5809 , 80.10986 , 0.09842682
4.996 , 98.64958 , 80.15564 , 0.1030045
4.998 , 98.60379 , 80.10986 , 0.09842682
5.001 , 98.60379 , 80.15564 , 0.1030045
5.003 , 98.5809 , 80.15564 , 0.1030045
5.005 , 98.5809 , 80.10986 , 0.09842682
5.008 , 98.55801 , 80.08698 , 0.1030045
5.01 , 98.55801 , 80.10986 , 0.09842682
5.013 , 98.5809 , 80.08698 , 0.1030045
5.015 , 98.5809 , 80.08698 , 0.1030045
5.018 , 98.5809 , 80.08698 , 0.1030045
5.02 , 98.5809 , 80.08698 , 0.1030045
5.023 , 98.55801 , 80.10986 , 0.1075821
5.025 , 98.55801 , 80.08698 , 0.1075821
5.027 , 98.55801 , 80.10986 , 0.1030045
5.03 , 98.55801 , 80.0412 , 0.1030045
5.032 , 98.51224 , 80.0412 , 0.1075821
5.035 , 98.51224 , 80.0412 , 0.1075821
5.037 , 98.55801 , 80.0412 , 0.1075821
5.039 , 98.55801 , 80.0412 , 0.1075821
5.042 , 98.48935 , 80.0412 , 0.1075821
5.044 , 98.51224 , 80.0412 , 0.1121597
5.046 , 98.48935 , 80.01831 , 0.1075821
5.049 , 98.48935 , 80.0412 , 0.1075821
5.051 , 98.44357 , 80.01831 , 0.1075821
5.054 , 98.44357 , 80.01831 , 0.1075821
5.056 , 98.51224 , 80.01831 , 0.1121597
5.058 , 98.48935 , 80.01831 , 0.1121597
5.061 , 98.48935 , 79.99542 , 0.1121597
5.063 , 98.48935 , 80.01831 , 0.1121597
5.066 , 98.44357 , 80.01831 , 0.1121597
5.068 , 98.44357 , 79.99542 , 0.1121597
5.07 , 98.42068 , 79.99542 , 0.1121597
5.073 , 98.42068 , 79.94965 , 0.1121597
5.075 , 98.42068 , 79.88098 , 0.1121597
5.078 , 98.44357 , 79.94965 , 0.1167374
5.08 , 98.42068 , 79.94965 , 0.1167374
5.083 , 98.44357 , 79.94965 , 0.1167374
5.085 , 98.37491 , 79.94965 , 0.121315
5.088 , 98.37491 , 79.94965 , 0.1167374
5.09 , 98.42068 , 79.88098 , 0.121315
5.092 , 98.42068 , 79.88098 , 0.121315
5.095 , 98.35202 , 79.88098 , 0.121315
5.097 , 98.42068 , 79.94965 , 0.121315
5.1 , 98.35202 , 79.88098 , 0.121315
5.102 , 98.37491 , 79.88098 , 0.1258926
5.104 , 98.37491 , 79.88098 , 0.121315
5.107 , 98.37491 , 79.94965 , 0.121315
5.109 , 98.35202 , 79.85809 , 0.121315
5.112 , 98.37491 , 79.83521 , 0.121315
5.114 , 98.37491 , 79.88098 , 0.1258926
5.116 , 98.35202 , 79.85809 , 0.1258926
5.119 , 98.35202 , 79.85809 , 0.1258926
5.121 , 98.35202 , 79.83521 , 0.1258926
5.124 , 98.35202 , 79.85809 , 0.1258926
5.126 , 98.32913 , 79.78943 , 0.1258926
5.129 , 98.35202 , 79.78943 , 0.1258926
5.131 , 98.32913 , 79.78943 , 0.1258926
5.133 , 98.28336 , 79.78943 , 0.1258926
5.136 , 98.32913 , 79.78943 , 0.1304703
5.138 , 98.32913 , 79.83521 , 0.1304703
5.141 , 98.32913 , 79.83521 , 0.1304703
5.143 , 98.28336 , 79.78943 , 0.1304703
5.145 , 98.32913 , 79.83521 , 0.1304703
5.148 , 98.28336 , 79.76654 , 0.1304703
5.15 , 98.26047 , 79.76654 , 0.1258926
5.153 , 98.26047 , 79.76654 , 0.1304703
5.155 , 98.26047 , 79.78943 , 0.1304703
5.158 , 98.26047 , 79.72076 , 0.1304703
5.16 , 98.28336 , 79.76654 , 0.1350479
5.163 , 98.26047 , 79.72076 , 0.1304703
5.165 , 98.21469 , 79.76654 , 0.1304703
5.167 , 98.26047 , 79.72076 , 0.1304703
5.17 , 98.21469 , 79.72076 , 0.1304703
5.172 , 98.26047 , 79.69788 , 0.1304703
5.175 , 98.21469 , 79.65209 , 0.1304703
5.177 , 98.26047 , 79.69788 , 0.1304703
5.179 , 98.21469 , 79.69788 , 0.1350479
5.182 , 98.21469 , 79.69788 , 0.1350479
5.184 , 98.21469 , 79.65209 , 0.1350479
5.187 , 98.21469 , 79.65209 , 0.1304703
5.189 , 98.16891 , 79.6292 , 0.1304703
5.192 , 98.12314 , 79.60632 , 0.1304703
5.194 , 98.1918 , 79.6292 , 0.1304703
5.196 , 98.1918 , 79.6292 , 0.1350479
5.199 , 98.1918 , 79.6292 , 0.1350479
5.201 , 98.1918 , 79.6292 , 0.1350479
5.212 , 98.12314 , 79.60632 , 0.1304703
5.214 , 98.12314 , 79.60632 , 0.1350479
5.217 , 98.16891 , 79.56054 , 0.1350479
5.219 , 98.16891 , 79.60632 , 0.1304703
5.222 , 98.12314 , 79.60632 , 0.1350479
5.224 , 98.10025 , 79.60632 , 0.1350479
5.227 , 98.12314 , 79.56054 , 0.1350479
5.229 , 98.10025 , 79.56054 , 0.1304703
5.231 , 98.05447 , 79.53765 , 0.1304703
5.234 , 98.10025 , 79.56054 , 0.1304703
5.236 , 98.10025 , 79.53765 , 0.1304703
5.238 , 98.12314 , 79.56054 , 0.1304703
5.241 , 98.10025 , 79.53765 , 0.1350479
5.243 , 98.12314 , 79.56054 , 0.1304703
5.246 , 98.10025 , 79.53765 , 0.1304703
5.248 , 98.05447 , 79.49187 , 0.1304703
5.25 , 98.05447 , 79.53765 , 0.1304703
5.253 , 98.05447 , 79.49187 , 0.1304703
5.255 , 98.03159 , 79.53765 , 0.1258926
5.258 , 98.05447 , 79.53765 , 0.1258926
5.26 , 98.05447 , 79.49187 , 0.1304703
5.263 , 98.05447 , 79.53765 , 0.1304703
5.265 , 98.05447 , 79.49187 , 0.1258926
5.267 , 98.0087 , 79.53765 , 0.121315
5.27 , 98.03159 , 79.53765 , 0.1258926
5.272 , 98.0087 , 79.49187 , 0.121315
5.275 , 98.0087 , 79.53765 , 0.1258926
5.277 , 98.03159 , 79.46899 , 0.1258926
5.28 , 98.03159 , 79.46899 , 0.1258926
5.282 , 98.0087 , 79.53765 , 0.1258926
5.284 , 98.03159 , 79.49187 , 0.1258926
5.287 , 98.0087 , 79.49187 , 0.121315
5.289 , 97.96292 , 79.46899 , 0.121315
5.292 , 98.0087 , 79.46899 , 0.121315
5.294 , 98.0087 , 79.46899 , 0.121315
5.297 , 97.96292 , 79.49187 , 0.121315
5.299 , 97.96292 , 79.49187 , 0.1258926
5.302 , 98.0087 , 79.46899 , 0.121315
5.304 , 97.96292 , 79.46899 , 0.121315
5.306 , 97.96292 , 79.42321 , 0.121315
5.309 , 97.96292 , 79.42321 , 0.121315
5.311 , 97.94003 , 79.40032 , 0.121315
5.313 , 97.96292 , 79.42321 , 0.121315
5.316 , 97.96292 , 79.42321 , 0.121315
5.318 , 97.96292 , 79.40032 , 0.121315
5.321 , 97.94003 , 79.42321 , 0.121315
5.323 , 97.94003 , 79.42321 , 0.121315
5.325 , 97.89426 , 79.40032 , 0.1167374
5.328 , 97.94003 , 79.40032 , 0.121315
5.33 , 97.94003 , 79.42321 , 0.121315
5.333 , 97.89426 , 79.37743 , 0.1167374
5.335 , 97.87136 , 79.37743 , 0.121315
5.337 , 97.89426 , 79.37743 , 0.121315
5.34 , 97.89426 , 79.40032 , 0.121315
5.342 , 97.89426 , 79.40032 , 0.121315
5.344 , 97.89426 , 79.40032 , 0.121315
5.347 , 97.87136 , 79.37743 , 0.121315
5.349 , 97.82558 , 79.37743 , 0.121315
5.352 , 97.87136 , 79.33166 , 0.121315
5.354 , 97.87136 , 79.37743 , 0.121315
5.356 , 97.87136 , 79.33166 , 0.121315
5.359 , 97.82558 , 79.37743 , 0.1258926
5.361 , 97.82558 , 79.37743 , 0.121315
5.364 , 97.82558 , 79.33166 , 0.121315
5.366 , 97.82558 , 79.33166 , 0.1258926
5.369 , 97.82558 , 79.30876 , 0.121315
5.371 , 97.8027 , 79.30876 , 0.121315
5.373 , 97.8027 , 79.26299 , 0.121315
5.376 , 97.82558 , 79.26299 , 0.1258926
5.378 , 97.82558 , 79.30876 , 0.121315
5.381 , 97.8027 , 79.30876 , 0.1258926
5.383 , 97.8027 , 79.33166 , 0.1258926
5.386 , 97.77981 , 79.30876 , 0.1258926
5.388 , 97.77981 , 79.30876 , 0.121315
5.39 , 97.73403 , 79.2401 , 0.1258926
5.393 , 97.73403 , 79.2401 , 0.1258926
5.395 , 97.8027 , 79.19432 , 0.1258926
5.398 , 97.77981 , 79.19432 , 0.1304703
5.4 , 97.77981 , 79.2401 , 0.1304703
5.403 , 97.77981 , 79.2401 , 0.1304703
5.405 , 97.73403 , 79.2401 , 0.1258926
5.408 , 97.77981 , 79.17143 , 0.1258926
5.41 , 97.66537 , 79.17143 , 0.1258926
5.412 , 97.71114 , 79.19432 , 0.1258926
5.415 , 97.66537 , 79.14854 , 0.1304703
5.417 , 97.73403 , 79.19432 , 0.1304703
5.42 , 97.71114 , 79.19432 , 0.1304703
5.422 , 97.71114 , 79.17143 , 0.1304703
5.424 , 97.66537 , 79.19432 , 0.1304703
5.427 , 97.64248 , 79.17143 , 0.1304703
5.429 , 97.66537 , 79.14854 , 0.1258926
5.432 , 97.61959 , 79.14854 , 0.1304703
5.434 , 97.66537 , 79.14854 , 0.1304703
5.437 , 97.66537 , 79.14854 , 0.1304703
5.439 , 97.66537 , 79.14854 , 0.1304703
5.442 , 97.66537 , 79.14854 , 0.1304703
5.444 , 97.66537 , 79.10277 , 0.1304703
5.446 , 97.64248 , 79.14854 , 0.1304703
5.449 , 97.64248 , 79.14854 , 0.1304703
5.451 , 97.61959 , 79.10277 , 0.1304703
5.454 , 97.61959 , 79.10277 , 0.1304703
5.456 , 97.61959 , 79.07988 , 0.1304703
5.459 , 97.57381 , 79.0341 , 0.1304703
5.461 , 97.61959 , 79.07988 , 0.1350479
5.464 , 97.61959 , 79.07988 , 0.1350479
5.466 , 97.61959 , 79.0341 , 0.1350479
5.468 , 97.57381 , 79.0341 , 0.1304703
5.471 , 97.57381 , 79.01122 , 0.1350479
5.473 , 97.57381 , 79.01122 , 0.1350479
5.476 , 97.55093 , 79.0341 , 0.1350479
5.478 , 97.57381 , 79.0341 , 0.1350479
5.48 , 97.57381 , 79.0341 , 0.1350479
5.483 , 97.57381 , 79.01122 , 0.1350479
5.485 , 97.55093 , 79.01122 , 0.1350479
5.488 , 97.55093 , 79.01122 , 0.1304703
5.49 , 97.50515 , 78.96544 , 0.1350479
5.493 , 97.55093 , 78.94255 , 0.1304703
5.495 , 97.57381 , 78.96544 , 0.1350479
5.497 , 97.55093 , 79.01122 , 0.1304703
5.5 , 97.55093 , 78.96544 , 0.1304703
5.502 , 97.57381 , 78.96544 , 0.1350479
5.505 , 97.55093 , 78.94255 , 0.1304703
5.507 , 97.48226 , 78.94255 , 0.1304703
5.509 , 97.48226 , 78.94255 , 0.1304703
5.512 , 97.48226 , 78.94255 , 0.1304703
5.514 , 97.48226 , 78.91966 , 0.1304703
5.517 , 97.48226 , 78.96544 , 0.1304703
5.519 , 97.48226 , 78.91966 , 0.1350479
5.522 , 97.48226 , 78.94255 , 0.1304703
5.524 , 97.43649 , 78.94255 , 0.1304703
5.526 , 97.43649 , 78.94255 , 0.1258926
5.529 , 97.43649 , 78.851 , 0.1304703
5.531 , 97.48226 , 78.87389 , 0.1258926
5.534 , 97.4136 , 78.87389 , 0.1258926
5.536 , 97.43649 , 78.91966 , 0.1304703
5.539 , 97.43649 , 78.91966 , 0.1258926
5.541 , 97.43649 , 78.91966 , 0.1304703
5.544 , 97.4136 , 78.91966 , 0.1258926
5.546 , 97.39071 , 78.87389 , 0.1258926
5.548 , 97.39071 , 78.851 , 0.121315
5.551 , 97.4136 , 78.851 , 0.121315
5.553 , 97.39071 , 78.87389 , 0.121315
5.556 , 97.39071 , 78.87389 , 0.121315
5.558 , 97.4136 , 78.87389 , 0.1258926
5.561 , 97.4136 , 78.87389 , 0.121315
5.563 , 97.39071 , 78.87389 , 0.121315
5.565 , 97.34493 , 78.91966 , 0.1258926
5.568 , 97.34493 , 78.87389 , 0.121315
5.57 , 97.34493 , 78.851 , 0.121315
5.573 , 97.34493 , 78.80522 , 0.121315
5.575 , 97.34493 , 78.851 , 0.121315
5.578 , 97.32204 , 78.87389 , 0.121315
5.58 , 97.34493 , 78.851 , 0.121315
5.582 , 97.32204 , 78.851 , 0.121315
5.585 , 97.34493 , 78.80522 , 0.121315
5.587 , 97.32204 , 78.851 , 0.121315
5.59 , 97.34493 , 78.80522 , 0.121315
5.592 , 97.32204 , 78.78233 , 0.1167374
5.594 , 97.27627 , 78.80522 , 0.121315
5.597 , 97.32204 , 78.80522 , 0.121315
5.599 , 97.32204 , 78.78233 , 0.1258926
5.602 , 97.27627 , 78.80522 , 0.1258926
5.604 , 97.27627 , 78.80522 , 0.1258926
5.606 , 97.27627 , 78.80522 , 0.1258926
5.609 , 97.27627 , 78.78233 , 0.121315
5.611 , 97.27627 , 78.78233 , 0.121315
5.614 , 97.27627 , 78.75945 , 0.1258926
5.616 , 97.25338 , 78.75945 , 0.1167374
5.619 , 97.25338 , 78.75945 , 0.1258926
5.621 , 97.27627 , 78.78233 , 0.1258926
5.624 , 97.27627 , 78.78233 , 0.121315
5.626 , 97.25338 , 78.75945 , 0.121315
5.628 , 97.25338 , 78.71367 , 0.121315
5.631 , 97.25338 , 78.75945 , 0.121315
5.633 , 97.23049 , 78.71367 , 0.121315
5.636 , 97.23049 , 78.71367 , 0.1258926
5.638 , 97.23049 , 78.75945 , 0.1258926
5.64 , 97.23049 , 78.75945 , 0.1258926
5.643 , 97.23049 , 78.75945 , 0.1258926
5.645 , 97.23049 , 78.71367 , 0.121315
5.648 , 97.18472 , 78.645 , 0.1258926
5.65 , 97.16183 , 78.62212 , 0.121315
5.653 , 97.16183 , 78.645 , 0.1258926
5.655 , 97.16183 , 78.62212 , 0.1258926
5.657 , 97.23049 , 78.62212 , 0.1258926
5.66 , 97.18472 , 78.62212 , 0.1258926
5.662 , 97.18472 , 78.645 , 0.1258926
5.665 , 97.18472 , 78.645 , 0.1258926
5.667 , 97.16183 , 78.645 , 0.1258926
5.669 , 97.11604 , 78.57634 , 0.1258926
5.672 , 97.11604 , 78.57634 , 0.1258926
5.674 , 97.16183 , 78.57634 , 0.1258926
5.677 , 97.16183 , 78.57634 , 0.1258926
5.679 , 97.16183 , 78.55344 , 0.1258926
5.682 , 97.16183 , 78.57634 , 0.1258926
5.684 , 97.11604 , 78.62212 , 0.1258926
5.687 , 97.11604 , 78.55344 , 0.1258926
5.689 , 97.09315 , 78.55344 , 0.1258926
5.692 , 97.09315 , 78.55344 , 0.1258926
5.694 , 97.09315 , 78.55344 , 0.1258926
5.696 , 97.09315 , 78.55344 , 0.121315
5.699 , 97.09315 , 78.53056 , 0.121315
5.701 , 97.09315 , 78.57634 , 0.121315
5.704 , 97.09315 , 78.55344 , 0.121315
5.706 , 97.07027 , 78.53056 , 0.121315
5.708 , 97.02449 , 78.53056 , 0.121315
5.711 , 97.02449 , 78.53056 , 0.121315
5.722 , 97.07027 , 78.53056 , 0.1167374
5.724 , 97.02449 , 78.48478 , 0.121315
5.726 , 97.02449 , 78.48478 , 0.1167374
5.729 , 97.02449 , 78.46189 , 0.1167374
5.731 , 97.02449 , 78.46189 , 0.1167374
5.734 , 97.0016 , 78.46189 , 0.1167374
5.736 , 97.0016 , 78.48478 , 0.121315
5.738 , 97.0016 , 78.46189 , 0.121315
5.741 , 97.07027 , 78.48478 , 0.1167374
5.743 , 97.02449 , 78.48478 , 0.1167374
5.746 , 97.02449 , 78.46189 , 0.1167374
5.748 , 96.95583 , 78.39323 , 0.1167374
5.751 , 97.0016 , 78.41611 , 0.1167374
5.753 , 97.0016 , 78.41611 , 0.1121597
5.755 , 97.0016 , 78.41611 , 0.1121597
5.758 , 97.0016 , 78.41611 , 0.1121597
5.76 , 97.0016 , 78.41611 , 0.1121597
5.762 , 97.0016 , 78.39323 , 0.1121597
5.765 , 96.95583 , 78.39323 , 0.1121597
5.767 , 96.93294 , 78.39323 , 0.1121597
5.77 , 96.93294 , 78.39323 , 0.1075821
5.772 , 96.93294 , 78.39323 , 0.1121597
5.775 , 96.95583 , 78.34745 , 0.1121597
5.777 , 96.93294 , 78.34745 , 0.1121597
5.78 , 96.95583 , 78.39323 , 0.1121597
5.782 , 96.93294 , 78.34745 , 0.1121597
5.784 , 96.88716 , 78.34745 , 0.1121597
5.787 , 96.93294 , 78.34745 , 0.1121597
5.789 , 96.93294 , 78.32456 , 0.1075821
5.792 , 96.88716 , 78.34745 , 0.1075821
5.794 , 96.88716 , 78.34745 , 0.1030045
5.796 , 96.88716 , 78.34745 , 0.1030045
5.799 , 96.88716 , 78.32456 , 0.1030045
5.801 , 96.86427 , 78.34745 , 0.1075821
5.804 , 96.88716 , 78.30167 , 0.1030045
5.806 , 96.86427 , 78.32456 , 0.09842682
5.809 , 96.86427 , 78.30167 , 0.1030045
5.811 , 96.84138 , 78.30167 , 0.1030045
5.814 , 96.86427 , 78.2559 , 0.09842682
5.816 , 96.84138 , 78.30167 , 0.09842682
5.819 , 96.84138 , 78.30167 , 0.1030045
5.821 , 96.84138 , 78.30167 , 0.1030045
5.824 , 96.79561 , 78.2559 , 0.1030045
5.826 , 96.79561 , 78.2559 , 0.09842682
5.829 , 96.86427 , 78.23301 , 0.09842682
5.831 , 96.79561 , 78.2559 , 0.09842682
5.834 , 96.84138 , 78.2559 , 0.09842682
5.837 , 96.84138 , 78.2559 , 0.09842682
5.839 , 96.84138 , 78.2559 , 0.09384918
5.842 , 96.84138 , 78.2559 , 0.09842682
5.844 , 96.79561 , 78.2559 , 0.09384918
5.847 , 96.79561 , 78.23301 , 0.09384918
5.85 , 96.70406 , 78.23301 , 0.09384918
5.852 , 96.79561 , 78.16434 , 0.09384918
5.855 , 96.70406 , 78.16434 , 0.09384918
5.857 , 96.74983 , 78.23301 , 0.09384918
5.86 , 96.74983 , 78.18723 , 0.09842682
5.863 , 96.74983 , 78.23301 , 0.09384918
5.865 , 96.70406 , 78.18723 , 0.09384918
5.868 , 96.70406 , 78.16434 , 0.09384918
5.871 , 96.65828 , 78.16434 , 0.08927155
5.873 , 96.6125 , 78.11856 , 0.08927155
5.876 , 96.70406 , 78.16434 , 0.09384918
5.878 , 96.65828 , 78.16434 , 0.09384918
5.881 , 96.70406 , 78.16434 , 0.08927155
5.884 , 96.68117 , 78.16434 , 0.09384918
5.886 , 96.65828 , 78.16434 , 0.08927155
5.889 , 96.65828 , 78.11856 , 0.08469391
5.891 , 96.65828 , 78.09567 , 0.08927155
5.894 , 96.6125 , 78.09567 , 0.08927155
5.897 , 96.6125 , 78.09567 , 0.08927155
5.899 , 96.6125 , 78.09567 , 0.08927155
5.902 , 96.6125 , 78.09567 , 0.08927155
5.904 , 96.58961 , 78.09567 , 0.08927155
5.907 , 96.6125 , 78.09567 , 0.08927155
5.91 , 96.58961 , 78.07278 , 0.08469391
5.912 , 96.6125 , 78.02701 , 0.08469391
5.915 , 96.58961 , 78.02701 , 0.08469391
5.917 , 96.58961 , 78.07278 , 0.08469391
5.92 , 96.58961 , 78.02701 , 0.08469391
5.923 , 96.58961 , 78.07278 , 0.08469391
5.925 , 96.58961 , 78.02701 , 0.08469391
5.928 , 96.52095 , 78.02701 , 0.08011627
5.93 , 96.54384 , 78.02701 , 0.08469391
5.933 , 96.54384 , 78.00412 , 0.08469391
5.936 , 96.54384 , 78.00412 , 0.08011627
5.938 , 96.54384 , 77.95834 , 0.08469391
5.941 , 96.54384 , 77.95834 , 0.08011627
5.943 , 96.52095 , 77.95834 , 0.08011627
5.946 , 96.52095 , 77.95834 , 0.08011627
5.949 , 96.52095 , 77.93546 , 0.07553864
5.951 , 96.49806 , 77.93546 , 0.07553864
5.954 , 96.45229 , 77.93546 , 0.07553864
5.956 , 96.49806 , 77.95834 , 0.07553864
5.959 , 96.49806 , 77.93546 , 0.07553864
5.962 , 96.52095 , 77.95834 , 0.07553864
5.964 , 96.49806 , 77.93546 , 0.07553864
5.967 , 96.45229 , 77.91257 , 0.06867218
5.969 , 96.45229 , 77.91257 , 0.06867218
5.972 , 96.49806 , 77.93546 , 0.06867218
5.975 , 96.45229 , 77.91257 , 0.06867218
5.977 , 96.45229 , 77.93546 , 0.06867218
5.98 , 96.4294 , 77.91257 , 0.06867218
5.982 , 96.4294 , 77.91257 , 0.06867218
5.985 , 96.4294 , 77.86679 , 0.06409454
5.988 , 96.38362 , 77.86679 , 0.06409454
5.99 , 96.38362 , 77.8439 , 0.05951691
5.993 , 96.38362 , 77.86679 , 0.06409454
5.996 , 96.38362 , 77.86679 , 0.07553864
5.998 , 96.38362 , 77.86679 , 0.07553864
6.001 , 96.38362 , 77.86679 , 0.06867218
6.003 , 96.36072 , 77.91257 , 0.06867218
6.006 , 96.36072 , 77.8439 , 0.06867218
6.009 , 96.36072 , 77.79812 , 0.06867218
6.011 , 96.31494 , 77.8439 , 0.06867218
6.014 , 96.36072 , 77.8439 , 0.06409454
6.016 , 96.31494 , 77.8439 , 0.06409454
6.019 , 96.36072 , 77.79812 , 0.06409454
6.022 , 96.36072 , 77.8439 , 0.06409454
6.024 , 96.31494 , 77.86679 , 0.06409454
6.027 , 96.31494 , 77.79812 , 0.05951691
6.029 , 96.29205 , 77.77523 , 0.05951691
6.032 , 96.31494 , 77.77523 , 0.05951691
6.034 , 96.31494 , 77.79812 , 0.05951691
6.037 , 96.29205 , 77.79812 , 0.05493927
6.04 , 96.29205 , 77.79812 , 0.05493927
6.042 , 96.26917 , 77.79812 , 0.05493927
6.045 , 96.26917 , 77.79812 , 0.05951691
6.047 , 96.26917 , 77.79812 , 0.05493927
6.05 , 96.22339 , 77.79812 , 0.05493927
6.053 , 96.22339 , 77.77523 , 0.05493927
6.055 , 96.26917 , 77.72945 , 0.05036163
6.058 , 96.22339 , 77.77523 , 0.05493927
6.06 , 96.22339 , 77.79812 , 0.05493927
6.063 , 96.26917 , 77.77523 , 0.05493927
6.066 , 96.26917 , 77.72945 , 0.05036163
6.068 , 96.22339 , 77.72945 , 0.05036163
6.071 , 96.22339 , 77.72945 , 0.045784
6.074 , 96.22339 , 77.70657 , 0.05036163
6.076 , 96.2005 , 77.72945 , 0.045784
6.079 , 96.22339 , 77.72945 , 0.045784
6.081 , 96.2005 , 77.72945 , 0.05036163
6.084 , 96.15472 , 77.72945 , 0.045784
6.086 , 96.15472 , 77.72945 , 0.045784
6.089 , 96.15472 , 77.68368 , 0.045784
6.092 , 96.13184 , 77.68368 , 0.045784
6.094 , 96.13184 , 77.68368 , 0.04120636
6.097 , 96.15472 , 77.68368 , 0.04120636
6.099 , 96.2005 , 77.68368 , 0.04120636
6.102 , 96.15472 , 77.70657 , 0.03662872
6.105 , 96.13184 , 77.68368 , 0.04120636
6.107 , 96.13184 , 77.68368 , 0.03662872
6.11 , 96.13184 , 77.6379 , 0.03662872
6.112 , 96.13184 , 77.6379 , 0.03662872
6.115 , 96.15472 , 77.61501 , 0.03662872
6.117 , 96.10895 , 77.6379 , 0.03662872
6.12 , 96.10895 , 77.6379 , 0.03662872
6.123 , 96.10895 , 77.68368 , 0.03662872
6.125 , 96.10895 , 77.6379 , 0.03662872
6.128 , 96.10895 , 77.61501 , 0.03662872
6.13 , 96.06317 , 77.61501 , 0.03662872
6.133 , 96.06317 , 77.56924 , 0.03662872
6.136 , 96.06317 , 77.56924 , 0.03205109
6.138 , 96.04028 , 77.61501 , 0.03205109
6.141 , 96.06317 , 77.61501 , 0.03662872
6.143 , 96.04028 , 77.56924 , 0.03662872
6.146 , 96.04028 , 77.61501 , 0.03205109
6.148 , 96.04028 , 77.54635 , 0.03205109
6.151 , 95.99451 , 77.56924 , 0.03205109
6.153 , 95.97162 , 77.50057 , 0.03205109
6.156 , 95.99451 , 77.54635 , 0.03205109
6.159 , 95.99451 , 77.56924 , 0.03205109
6.161 , 95.99451 , 77.54635 , 0.03662872
6.164 , 95.99451 , 77.50057 , 0.03205109
6.166 , 95.97162 , 77.50057 , 0.03205109
6.169 , 95.92584 , 77.54635 , 0.03205109
6.171 , 95.92584 , 77.47768 , 0.03205109
6.174 , 95.97162 , 77.50057 , 0.03205109
6.177 , 95.92584 , 77.50057 , 0.03205109
6.179 , 95.92584 , 77.50057 , 0.03205109
6.182 , 95.97162 , 77.50057 , 0.03205109
6.184 , 95.97162 , 77.50057 , 0.03205109
6.187 , 95.92584 , 77.47768 , 0.03205109
6.189 , 95.90295 , 77.4548 , 0.03205109
6.192 , 95.97162 , 77.4548 , 0.03205109
6.195 , 95.90295 , 77.47768 , 0.03205109
6.197 , 95.88007 , 77.47768 , 0.02747345
6.2 , 95.90295 , 77.47768 , 0.03205109
6.202 , 95.90295 , 77.47768 , 0.03205109
6.205 , 95.88007 , 77.4548 , 0.02747345
6.208 , 95.88007 , 77.4548 , 0.02747345
6.21 , 95.88007 , 77.40901 , 0.02747345
6.213 , 95.88007 , 77.4548 , 0.02747345
6.215 , 95.83429 , 77.40901 , 0.02747345
6.218 , 95.83429 , 77.40901 , 0.02747345
6.22 , 95.83429 , 77.4548 , 0.03205109
6.223 , 95.83429 , 77.4548 , 0.02747345
6.226 , 95.83429 , 77.4548 , 0.02747345
6.228 , 95.81139 , 77.4548 , 0.03205109
6.231 , 95.81139 , 77.4548 , 0.02747345
6.234 , 95.81139 , 77.38612 , 0.02747345
6.236 , 95.83429 , 77.40901 , 0.02747345
6.239 , 95.81139 , 77.40901 , 0.03205109
6.241 , 95.83429 , 77.40901 , 0.03205109
6.244 , 95.76562 , 77.4548 , 0.03205109
6.246 , 95.74273 , 77.38612 , 0.03205109
6.249 , 95.76562 , 77.40901 , 0.03205109
6.26 , 95.76562 , 77.34035 , 0.03662872
6.263 , 95.76562 , 77.34035 , 0.03662872
6.265 , 95.74273 , 77.34035 , 0.03662872
6.268 , 95.74273 , 77.34035 , 0.03662872
6.27 , 95.71984 , 77.31746 , 0.03662872
6.273 , 95.71984 , 77.27168 , 0.03662872
6.276 , 95.71984 , 77.31746 , 0.03662872
6.278 , 95.67406 , 77.31746 , 0.04120636
6.281 , 95.71984 , 77.31746 , 0.04120636
6.283 , 95.74273 , 77.31746 , 0.03662872
6.286 , 95.71984 , 77.27168 , 0.04120636
6.288 , 95.67406 , 77.27168 , 0.03662872
6.291 , 95.67406 , 77.22591 , 0.04120636
6.294 , 95.67406 , 77.24879 , 0.04120636
6.296 , 95.67406 , 77.24879 , 0.04120636
6.299 , 95.67406 , 77.24879 , 0.045784
6.301 , 95.67406 , 77.24879 , 0.045784
6.304 , 95.67406 , 77.27168 , 0.05036163
6.307 , 95.65118 , 77.24879 , 0.045784
6.309 , 95.6054 , 77.22591 , 0.05036163
6.312 , 95.65118 , 77.18013 , 0.045784
6.314 , 95.6054 , 77.22591 , 0.05036163
6.317 , 95.58251 , 77.18013 , 0.05036163
6.319 , 95.58251 , 77.22591 , 0.05036163
6.322 , 95.58251 , 77.15724 , 0.05036163
6.324 , 95.58251 , 77.18013 , 0.05036163
6.327 , 95.58251 , 77.18013 , 0.05036163
6.33 , 95.58251 , 77.08858 , 0.05036163
6.332 , 95.55962 , 77.11147 , 0.05493927
6.335 , 95.58251 , 77.11147 , 0.05036163
6.337 , 95.58251 , 77.08858 , 0.05493927
6.34 , 95.58251 , 77.11147 , 0.05493927
6.342 , 95.55962 , 77.08858 , 0.05951691
6.345 , 95.55962 , 77.08858 , 0.05951691
6.348 , 95.55962 , 77.08858 , 0.05951691
6.35 , 95.51385 , 77.08858 , 0.05951691
6.353 , 95.51385 , 77.06569 , 0.05951691
6.355 , 95.51385 , 77.06569 , 0.05951691
6.358 , 95.49096 , 77.06569 , 0.06409454
6.361 , 95.49096 , 77.06569 , 0.06409454
6.363 , 95.51385 , 77.08858 , 0.06409454
6.366 , 95.49096 , 77.06569 , 0.06409454
6.368 , 95.44518 , 77.01991 , 0.06409454
6.371 , 95.44518 , 77.06569 , 0.06409454
6.374 , 95.44518 , 77.01991 , 0.06409454
6.376 , 95.44518 , 77.01991 , 0.06409454
6.379 , 95.44518 , 76.99702 , 0.06409454
6.381 , 95.49096 , 76.99702 , 0.06867218
6.384 , 95.44518 , 77.01991 , 0.06409454
6.386 , 95.42229 , 76.99702 , 0.06409454
6.389 , 95.42229 , 76.99702 , 0.06409454
6.392 , 95.42229 , 76.95125 , 0.06409454
6.394 , 95.42229 , 76.95125 , 0.06409454
6.397 , 95.42229 , 76.95125 , 0.06409454
6.399 , 95.37651 , 76.99702 , 0.06409454
6.402 , 95.42229 , 76.99702 , 0.06409454
6.405 , 95.37651 , 76.95125 , 0.06409454
6.407 , 95.37651 , 76.95125 , 0.06409454
6.41 , 95.33073 , 76.92836 , 0.06409454
6.412 , 95.37651 , 76.92836 , 0.05951691
6.415 , 95.37651 , 76.92836 , 0.06409454
6.417 , 95.37651 , 76.88258 , 0.05951691
6.42 , 95.33073 , 76.95125 , 0.05951691
6.423 , 95.33073 , 76.92836 , 0.05951691
6.425 , 95.33073 , 76.92836 , 0.05951691
6.428 , 95.33073 , 76.92836 , 0.05951691
6.43 , 95.28496 , 76.95125 , 0.05951691
6.433 , 95.28496 , 76.92836 , 0.05951691
6.436 , 95.28496 , 76.88258 , 0.05951691
6.438 , 95.28496 , 76.92836 , 0.06409454
6.441 , 95.28496 , 76.92836 , 0.05951691
6.443 , 95.28496 , 76.88258 , 0.05493927
6.446 , 95.28496 , 76.92836 , 0.05493927
6.449 , 95.28496 , 76.83681 , 0.05493927
6.451 , 95.26207 , 76.8597 , 0.05036163
6.454 , 95.21629 , 76.8597 , 0.05493927
6.457 , 95.21629 , 76.8597 , 0.05493927
6.459 , 95.26207 , 76.88258 , 0.05493927
6.462 , 95.28496 , 76.8597 , 0.05493927
6.464 , 95.26207 , 76.8597 , 0.05493927
6.467 , 95.28496 , 76.8597 , 0.05493927
6.47 , 95.21629 , 76.83681 , 0.05493927
6.472 , 95.21629 , 76.83681 , 0.05493927
6.475 , 95.21629 , 76.83681 , 0.05036163
6.478 , 95.21629 , 76.83681 , 0.05493927
6.48 , 95.21629 , 76.83681 , 0.05493927
6.483 , 95.21629 , 76.83681 , 0.05493927
6.485 , 95.21629 , 76.79103 , 0.05493927
6.488 , 95.21629 , 76.76814 , 0.05036163
6.491 , 95.19341 , 76.83681 , 0.05493927
6.493 , 95.19341 , 76.72237 , 0.05493927
6.496 , 95.21629 , 76.76814 , 0.05493927
6.498 , 95.19341 , 76.72237 , 0.05493927
6.501 , 95.21629 , 76.79103 , 0.05493927
6.503 , 95.19341 , 76.76814 , 0.05493927
6.506 , 95.19341 , 76.79103 , 0.05036163
6.509 , 95.17052 , 76.72237 , 0.05036163
6.511 , 95.17052 , 76.69948 , 0.05493927
6.514 , 95.17052 , 76.72237 , 0.05493927
6.516 , 95.12474 , 76.72237 , 0.05493927
6.519 , 95.17052 , 76.72237 , 0.05493927
6.521 , 95.17052 , 76.72237 , 0.05493927
6.524 , 95.17052 , 76.72237 , 0.05493927
6.527 , 95.12474 , 76.69948 , 0.05036163
6.529 , 95.10185 , 76.69948 , 0.05036163
6.532 , 95.12474 , 76.65369 , 0.05036163
6.534 , 95.12474 , 76.65369 , 0.05493927
6.537 , 95.10185 , 76.69948 , 0.05036163
6.539 , 95.12474 , 76.65369 , 0.05493927
6.542 , 95.12474 , 76.69948 , 0.05951691
6.545 , 95.10185 , 76.69948 , 0.05493927
6.547 , 95.10185 , 76.65369 , 0.05951691
6.55 , 95.10185 , 76.63081 , 0.05493927
6.552 , 95.05608 , 76.63081 , 0.05493927
6.555 , 95.03319 , 76.60792 , 0.05951691
6.558 , 95.05608 , 76.63081 , 0.05951691
6.56 , 95.05608 , 76.63081 , 0.05951691
6.563 , 95.05608 , 76.65369 , 0.05951691
6.565 , 95.05608 , 76.60792 , 0.05493927
6.568 , 95.03319 , 76.60792 , 0.05951691
6.571 , 95.0103 , 76.60792 , 0.05493927
6.573 , 95.03319 , 76.60792 , 0.05493927
6.576 , 95.05608 , 76.53925 , 0.05493927
6.578 , 95.03319 , 76.60792 , 0.05493927
6.581 , 95.03319 , 76.53925 , 0.05493927
6.583 , 95.0103 , 76.60792 , 0.05493927
6.586 , 95.0103 , 76.53925 , 0.05493927
6.589 , 95.0103 , 76.53925 , 0.05493927
6.591 , 94.96452 , 76.47059 , 0.05036163
6.594 , 94.96452 , 76.51637 , 0.05951691
6.596 , 94.96452 , 76.47059 , 0.05493927
6.599 , 95.0103 , 76.53925 , 0.05493927
6.602 , 95.0103 , 76.51637 , 0.05493927
6.604 , 94.96452 , 76.51637 , 0.05493927
6.607 , 94.89586 , 76.51637 , 0.05036163
6.609 , 94.94164 , 76.40192 , 0.05493927
6.612 , 94.89586 , 76.4477 , 0.05493927
6.615 , 94.89586 , 76.4477 , 0.05493927
6.617 , 94.94164 , 76.4477 , 0.05493927
6.62 , 94.94164 , 76.47059 , 0.05493927
6.622 , 94.89586 , 76.4477 , 0.05493927
6.625 , 94.94164 , 76.4477 , 0.05493927
6.628 , 94.89586 , 76.40192 , 0.05036163
6.63 , 94.87297 , 76.40192 , 0.05036163
6.633 , 94.87297 , 76.40192 , 0.05036163
6.635 , 94.87297 , 76.40192 , 0.05036163
6.638 , 94.87297 , 76.37904 , 0.05036163
6.64 , 94.89586 , 76.37904 , 0.05036163
6.643 , 94.87297 , 76.40192 , 0.045784
6.646 , 94.82719 , 76.37904 , 0.04120636
6.648 , 94.82719 , 76.37904 , 0.04120636
6.651 , 94.80431 , 76.37904 , 0.04120636
6.653 , 94.80431 , 76.37904 , 0.04120636
6.656 , 94.82719 , 76.37904 , 0.04120636
6.659 , 94.87297 , 76.37904 , 0.04120636
6.661 , 94.87297 , 76.37904 , 0.04120636
6.664 , 94.82719 , 76.37904 , 0.03662872
6.666 , 94.82719 , 76.35615 , 0.03662872
6.669 , 94.78142 , 76.35615 , 0.03662872
6.672 , 94.78142 , 76.35615 , 0.03662872
6.674 , 94.73564 , 76.35615 , 0.03205109
6.677 , 94.78142 , 76.35615 , 0.03662872
6.679 , 94.78142 , 76.35615 , 0.03205109
6.682 , 94.73564 , 76.35615 , 0.03205109
6.685 , 94.73564 , 76.35615 , 0.03205109
6.687 , 94.73564 , 76.28748 , 0.03205109
6.69 , 94.78142 , 76.31036 , 0.03205109
6.692 , 94.71275 , 76.31036 , 0.03205109
6.695 , 94.66697 , 76.31036 , 0.02747345
6.697 , 94.66697 , 76.28748 , 0.03205109
6.7 , 94.71275 , 76.31036 , 0.03205109
6.703 , 94.71275 , 76.31036 , 0.02747345
6.705 , 94.71275 , 76.28748 , 0.02747345
6.708 , 94.71275 , 76.31036 , 0.02747345
6.71 , 94.66697 , 76.31036 , 0.02747345
6.713 , 94.64408 , 76.2417 , 0.02289581
6.716 , 94.64408 , 76.2417 , 0.02289581
6.718 , 94.66697 , 76.28748 , 0.02289581
6.721 , 94.66697 , 76.28748 , 0.02747345
6.723 , 94.64408 , 76.2417 , 0.02289581
6.726 , 94.64408 , 76.2417 , 0.02289581
6.728 , 94.62119 , 76.2417 , 0.02289581
6.731 , 94.62119 , 76.21881 , 0.01602936
6.734 , 94.64408 , 76.21881 , 0.02289581
6.736 , 94.62119 , 76.21881 , 0.02289581
6.739 , 94.64408 , 76.28748 , 0.01602936
6.741 , 94.62119 , 76.21881 , 0.01602936
6.744 , 94.57542 , 76.2417 , 0.01602936
6.747 , 94.57542 , 76.2417 , 0.01602936
6.749 , 94.57542 , 76.2417 , 0.01602936
6.752 , 94.55253 , 76.21881 , 0.01602936
6.754 , 94.57542 , 76.19592 , 0.01602936
6.757 , 94.62119 , 76.19592 , 0.01602936
6.759 , 94.57542 , 76.19592 , 0.01602936
6.762 , 94.55253 , 76.19592 , 0.01602936
6.765 , 94.50675 , 76.19592 , 0.01602936
6.767 , 94.55253 , 76.19592 , 0.01602936
6.77 , 94.50675 , 76.15015 , 0.01602936
6.772 , 94.48386 , 76.08148 , 0.01145172
6.775 , 94.50675 , 76.12726 , 0.01145172
6.777 , 94.50675 , 76.15015 , 0.01602936
6.78 , 94.55253 , 76.19592 , 0.01602936
6.783 , 94.48386 , 76.15015 , 0.01602936
6.785 , 94.50675 , 76.15015 , 0.01145172
6.788 , 94.48386 , 76.08148 , 0.01145172
6.79 , 94.48386 , 76.08148 , 0.01145172
6.801 , 94.48386 , 76.08148 , 0.01145172
6.804 , 94.48386 , 76.08148 , 0.01145172
6.806 , 94.39231 , 76.08148 , 0.01145172
6.809 , 94.4152 , 76.05859 , 0.004585266
6.812 , 94.43809 , 76.01282 , 0.004585266
6.814 , 94.4152 , 76.01282 , 0.01145172
6.817 , 94.43809 , 76.01282 , 0.01145172
6.819 , 94.4152 , 76.05859 , 0.01145172
6.822 , 94.4152 , 76.05859 , 0.01145172
6.824 , 94.43809 , 76.01282 , 0.004585266
6.827 , 94.39231 , 76.01282 , 7.629395e-06
6.83 , 94.4152 , 76.01282 , 0.004585266
6.832 , 94.34653 , 76.01282 , 0.004585266
6.835 , 94.39231 , 76.01282 , 0.004585266
6.838 , 94.39231 , 75.98993 , 0.004585266
6.841 , 94.34653 , 75.98993 , 0.004585266
6.843 , 94.39231 , 76.01282 , 0.004585266
6.846 , 94.34653 , 75.98993 , 0.004585266
6.849 , 94.34653 , 75.96704 , 0.004585266
6.851 , 94.32365 , 75.96704 , 0.004585266
6.854 , 94.32365 , 75.92126 , 0.004585266
6.857 , 94.34653 , 75.96704 , 0.004585266
6.859 , 94.32365 , 75.96704 , 0.01145172
6.862 , 94.32365 , 75.96704 , 0.004585266
6.865 , 94.32365 , 75.92126 , 0.004585266
6.867 , 94.32365 , 75.92126 , 7.629395e-06
6.87 , 94.27786 , 75.89838 , 0.004585266
6.873 , 94.32365 , 75.89838 , 0.004585266
6.875 , 94.32365 , 75.89838 , 0.004585266
6.878 , 94.32365 , 75.92126 , 0.004585266
6.881 , 94.25497 , 75.92126 , 0.004585266
6.883 , 94.27786 , 75.89838 , 0.004585266
6.886 , 94.25497 , 75.89838 , 7.629395e-06
6.889 , 94.25497 , 75.8526 , 0.004585266
6.892 , 94.23209 , 75.8526 , 0.01145172
6.894 , 94.25497 , 75.89838 , 0.01145172
6.897 , 94.25497 , 75.8526 , 0.01145172
6.899 , 94.18631 , 75.92126 , 0.01145172
6.902 , 94.23209 , 75.89838 , 0.01145172
6.904 , 94.23209 , 75.92126 , 0.004585266
6.907 , 94.18631 , 75.89838 , 0.004585266
6.91 , 94.23209 , 75.8526 , 0.004585266
6.912 , 94.18631 , 75.89838 , 0.004585266
6.915 , 94.18631 , 75.82971 , 0.01145172
6.918 , 94.23209 , 75.8526 , 0.004585266
6.92 , 94.18631 , 75.8526 , 0.01145172
6.923 , 94.18631 , 75.8526 , 0.01145172
6.925 , 94.18631 , 75.82971 , 0.01145172
6.928 , 94.18631 , 75.82971 , 0.01145172
6.931 , 94.11765 , 75.82971 , 0.004585266
6.933 , 94.11765 , 75.78394 , 0.01145172
6.936 , 94.16342 , 75.82971 , 0.01145172
6.938 , 94.18631 , 75.78394 , 0.01145172
6.941 , 94.16342 , 75.78394 , 0.01145172
6.943 , 94.16342 , 75.82971 , 0.01145172
6.946 , 94.16342 , 75.78394 , 0.01145172
6.949 , 94.11765 , 75.78394 , 0.01145172
6.951 , 94.11765 , 75.73816 , 0.01145172
6.954 , 94.09476 , 75.73816 , 0.01145172
6.956 , 94.09476 , 75.78394 , 0.01602936
6.959 , 94.11765 , 75.73816 , 0.01602936
6.961 , 94.11765 , 75.73816 , 0.01602936
6.964 , 94.11765 , 75.69238 , 0.01602936
6.967 , 94.11765 , 75.73816 , 0.01602936
6.969 , 94.09476 , 75.69238 , 0.01602936
6.972 , 94.04898 , 75.66949 , 0.01602936
6.975 , 94.09476 , 75.69238 , 0.01602936
6.977 , 94.04898 , 75.69238 , 0.01602936
6.98 , 94.09476 , 75.69238 , 0.01602936
6.982 , 94.04898 , 75.69238 , 0.01602936
6.985 , 94.09476 , 75.69238 , 0.01602936
6.987 , 94.0032 , 75.62372 , 0.01602936
6.99 , 94.0032 , 75.62372 , 0.01602936
6.993 , 94.0032 , 75.62372 , 0.01602936
6.995 , 94.0032 , 75.60083 , 0.01602936
6.998 , 94.04898 , 75.62372 , 0.01602936
7.0 , 93.98032 , 75.62372 , 0.02289581
7.003 , 94.04898 , 75.62372 , 0.01602936
7.006 , 93.98032 , 75.55505 , 0.02289581
7.008 , 93.98032 , 75.55505 , 0.01602936
7.011 , 93.98032 , 75.55505 , 0.01602936
7.013 , 93.93454 , 75.55505 , 0.01602936
7.016 , 93.93454 , 75.55505 , 0.01602936
7.018 , 93.98032 , 75.55505 , 0.02289581
7.021 , 93.98032 , 75.55505 , 0.02289581
7.024 , 93.93454 , 75.53216 , 0.02289581
7.026 , 93.91165 , 75.55505 , 0.02289581
7.029 , 93.93454 , 75.55505 , 0.01602936
7.031 , 93.91165 , 75.53216 , 0.01602936
7.034 , 93.93454 , 75.50927 , 0.01602936
7.036 , 93.91165 , 75.53216 , 0.02289581
7.039 , 93.91165 , 75.53216 , 0.02289581
7.042 , 93.91165 , 75.50927 , 0.02289581
7.044 , 93.91165 , 75.50927 , 0.02289581
7.047 , 93.91165 , 75.50927 , 0.01602936
7.049 , 93.91165 , 75.50927 , 0.01145172
7.052 , 93.86588 , 75.46349 , 0.01602936
7.054 , 93.84299 , 75.46349 , 0.01602936
7.057 , 93.86588 , 75.46349 , 0.01602936
7.06 , 93.86588 , 75.44061 , 0.01602936
7.062 , 93.86588 , 75.46349 , 0.01145172
7.065 , 93.86588 , 75.46349 , 0.01602936
7.067 , 93.86588 , 75.46349 , 0.01145172
7.07 , 93.8201 , 75.44061 , 0.01145172
7.073 , 93.8201 , 75.44061 , 0.01145172
7.075 , 93.84299 , 75.44061 , 0.01145172
7.078 , 93.84299 , 75.44061 , 0.01145172
7.08 , 93.8201 , 75.46349 , 0.01145172
7.083 , 93.84299 , 75.46349 , 0.01145172
7.085 , 93.8201 , 75.46349 , 0.01145172
7.088 , 93.8201 , 75.44061 , 0.01145172
7.091 , 93.8201 , 75.37194 , 0.004585266
7.093 , 93.75143 , 75.34905 , 0.004585266
7.096 , 93.75143 , 75.37194 , 0.004585266
7.099 , 93.77432 , 75.39483 , 0.004585266
7.101 , 93.77432 , 75.34905 , 7.629395e-06
7.104 , 93.8201 , 75.37194 , 0.004585266
7.107 , 93.77432 , 75.37194 , 0.004585266
7.109 , 93.75143 , 75.37194 , 7.629395e-06
7.112 , 93.75143 , 75.34905 , 7.629395e-06
7.115 , 93.77432 , 75.30328 , 7.629395e-06
7.117 , 93.75143 , 75.30328 , 7.629395e-06
7.12 , 93.77432 , 75.30328 , 7.629395e-06
7.123 , 93.75143 , 75.34905 , 7.629395e-06
7.125 , 93.75143 , 75.30328 , 7.629395e-06
7.128 , 93.70566 , 75.30328 , 7.629395e-06
7.131 , 93.70566 , 75.30328 , -0.004571915
7.133 , 93.70566 , 75.28039 , -0.004571915
7.136 , 93.70566 , 75.28039 , -0.004571915
7.139 , 93.68277 , 75.28039 , -0.004571915
7.141 , 93.70566 , 75.30328 , -0.004571915
7.144 , 93.70566 , 75.28039 , -0.004571915
7.147 , 93.68277 , 75.23461 , -0.004571915
7.15 , 93.65988 , 75.28039 , -0.009149551
7.152 , 93.68277 , 75.23461 , -0.009149551
7.155 , 93.70566 , 75.23461 , -0.004571915
7.158 , 93.65988 , 75.23461 , -0.009149551
7.16 , 93.65988 , 75.28039 , -0.009149551
7.163 , 93.65988 , 75.23461 , -0.009149551
7.166 , 93.65988 , 75.21172 , -0.009149551
7.168 , 93.61411 , 75.23461 , -0.01372719
7.171 , 93.65988 , 75.21172 , -0.01372719
7.174 , 93.59122 , 75.16594 , -0.01372719
7.176 , 93.61411 , 75.21172 , -0.01372719
7.179 , 93.59122 , 75.23461 , -0.01372719
7.181 , 93.65988 , 75.21172 , -0.01372719
7.184 , 93.61411 , 75.21172 , -0.01830482
7.186 , 93.59122 , 75.23461 , -0.01372719
7.189 , 93.54543 , 75.21172 , -0.01830482
7.192 , 93.54543 , 75.21172 , -0.01830482
7.194 , 93.59122 , 75.21172 , -0.01830482
7.197 , 93.59122 , 75.21172 , -0.01830482
7.199 , 93.54543 , 75.21172 , -0.01372719
7.202 , 93.59122 , 75.23461 , -0.01830482
7.204 , 93.59122 , 75.21172 , -0.01830482
7.207 , 93.54543 , 75.16594 , -0.01830482
7.21 , 93.54543 , 75.16594 , -0.02288246
7.212 , 93.52254 , 75.16594 , -0.02288246
7.215 , 93.45388 , 75.12016 , -0.01830482
7.217 , 93.52254 , 75.16594 , -0.02288246
7.22 , 93.52254 , 75.16594 , -0.02288246
7.223 , 93.54543 , 75.16594 , -0.02288246
7.225 , 93.52254 , 75.14305 , -0.01830482
7.228 , 93.45388 , 75.12016 , -0.02288246
7.23 , 93.45388 , 75.14305 , -0.02288246
7.233 , 93.45388 , 75.12016 , -0.02288246
7.235 , 93.52254 , 75.12016 , -0.02288246
7.238 , 93.52254 , 75.12016 , -0.02288246
7.24 , 93.47677 , 75.14305 , -0.02288246
7.243 , 93.45388 , 75.14305 , -0.02288246
7.246 , 93.45388 , 75.12016 , -0.0274601
7.248 , 93.45388 , 75.12016 , -0.02288246
7.251 , 93.43099 , 75.12016 , -0.0274601
7.253 , 93.38522 , 75.0515 , -0.02288246
7.256 , 93.43099 , 75.07439 , -0.0274601
7.258 , 93.43099 , 75.07439 , -0.02288246
7.261 , 93.43099 , 75.0515 , -0.02288246
7.264 , 93.38522 , 75.12016 , -0.02288246
7.266 , 93.36233 , 75.0515 , -0.02288246
7.269 , 93.38522 , 75.07439 , -0.02288246
7.271 , 93.38522 , 75.00572 , -0.02288246
7.274 , 93.38522 , 75.0515 , -0.02288246
7.277 , 93.43099 , 75.00572 , -0.02288246
7.279 , 93.38522 , 75.0515 , -0.02288246
7.282 , 93.36233 , 75.0515 , -0.02288246
7.284 , 93.38522 , 74.93706 , -0.01830482
7.287 , 93.36233 , 75.00572 , -0.02288246
7.29 , 93.36233 , 74.93706 , -0.01830482
7.292 , 93.31655 , 74.91417 , -0.01830482
7.295 , 93.31655 , 74.93706 , -0.01830482
7.297 , 93.36233 , 74.93706 , -0.01830482
7.3 , 93.36233 , 74.98283 , -0.01372719
7.302 , 93.36233 , 74.93706 , -0.01372719
7.305 , 93.31655 , 74.91417 , -0.01830482
7.308 , 93.29366 , 74.93706 , -0.01830482
7.31 , 93.29366 , 74.91417 , -0.01830482
7.313 , 93.29366 , 74.91417 , -0.01372719
7.315 , 93.31655 , 74.89128 , -0.01830482
7.318 , 93.29366 , 74.91417 , -0.01830482
7.321 , 93.27077 , 74.91417 , -0.01830482
7.323 , 93.29366 , 74.89128 , -0.01372719
7.326 , 93.27077 , 74.91417 , -0.01830482
7.328 , 93.29366 , 74.91417 , -0.01830482
7.331 , 93.27077 , 74.82262 , -0.01830482
7.334 , 93.29366 , 74.82262 , -0.01372719
7.336 , 93.225 , 74.8455 , -0.01830482
7.339 , 93.225 , 74.8455 , -0.01372719
7.35 , 93.225 , 74.8455 , -0.01830482
7.352 , 93.20211 , 74.82262 , -0.01830482
7.355 , 93.20211 , 74.82262 , -0.01372719
7.357 , 93.20211 , 74.82262 , -0.01372719
7.36 , 93.20211 , 74.82262 , -0.01372719
7.362 , 93.20211 , 74.82262 , -0.01830482
7.365 , 93.225 , 74.77683 , -0.01372719
7.368 , 93.20211 , 74.77683 , -0.01830482
7.37 , 93.15633 , 74.77683 , -0.01830482
7.373 , 93.15633 , 74.75394 , -0.01830482
7.375 , 93.15633 , 74.77683 , -0.01830482
7.378 , 93.20211 , 74.77683 , -0.01830482
7.38 , 93.15633 , 74.82262 , -0.01830482
7.383 , 93.15633 , 74.77683 , -0.01830482
7.386 , 93.13344 , 74.77683 , -0.01830482
7.388 , 93.13344 , 74.77683 , -0.01830482
7.391 , 93.13344 , 74.75394 , -0.02288246
7.393 , 93.11055 , 74.75394 , -0.02288246
7.396 , 93.11055 , 74.77683 , -0.0274601
7.399 , 93.11055 , 74.77683 , -0.02288246
7.401 , 93.13344 , 74.82262 , -0.02288246
7.404 , 93.11055 , 74.77683 , -0.02288246
7.406 , 93.11055 , 74.75394 , -0.02288246
7.409 , 93.11055 , 74.70817 , -0.02288246
7.411 , 93.11055 , 74.75394 , -0.0274601
7.414 , 93.04189 , 74.75394 , -0.02288246
7.417 , 93.11055 , 74.70817 , -0.02288246
7.419 , 93.06477 , 74.70817 , -0.02288246
7.422 , 93.11055 , 74.70817 , -0.02288246
7.424 , 93.06477 , 74.70817 , -0.02288246
7.427 , 93.04189 , 74.68528 , -0.02288246
7.429 , 93.06477 , 74.68528 , -0.0274601
7.432 , 92.99611 , 74.68528 , -0.0274601
7.435 , 93.04189 , 74.68528 , -0.02288246
7.437 , 93.04189 , 74.70817 , -0.02288246
7.44 , 93.04189 , 74.68528 , -0.02288246
7.442 , 93.04189 , 74.68528 , -0.02288246
7.445 , 93.04189 , 74.70817 , -0.02288246
7.448 , 93.04189 , 74.66239 , -0.02288246
7.45 , 92.99611 , 74.61662 , -0.0274601
7.453 , 92.99611 , 74.66239 , -0.02288246
7.456 , 92.99611 , 74.66239 , -0.02288246
7.458 , 92.97322 , 74.61662 , -0.02288246
7.461 , 92.99611 , 74.66239 , -0.01830482
7.463 , 92.97322 , 74.66239 , -0.02288246
7.466 , 92.97322 , 74.61662 , -0.01830482
7.468 , 92.92744 , 74.59373 , -0.02288246
7.471 , 92.92744 , 74.59373 , -0.01830482
7.474 , 92.90456 , 74.59373 , -0.02288246
7.476 , 92.92744 , 74.52506 , -0.01830482
7.479 , 92.97322 , 74.54795 , -0.01830482
7.482 , 92.97322 , 74.54795 , -0.01830482
7.484 , 92.92744 , 74.54795 , -0.01830482
7.487 , 92.92744 , 74.52506 , -0.01830482
7.489 , 92.88167 , 74.52506 , -0.01372719
7.492 , 92.90456 , 74.52506 , -0.01372719
7.494 , 92.92744 , 74.50217 , -0.009149551
7.497 , 92.90456 , 74.50217 , -0.01372719
7.5 , 92.90456 , 74.50217 , -0.01372719
7.502 , 92.92744 , 74.52506 , -0.009149551
7.505 , 92.90456 , 74.52506 , -0.01372719
7.508 , 92.88167 , 74.50217 , -0.009149551
7.51 , 92.88167 , 74.50217 , -0.009149551
7.513 , 92.90456 , 74.50217 , -0.009149551
7.516 , 92.88167 , 74.4564 , -0.009149551
7.518 , 92.88167 , 74.50217 , -0.009149551
7.521 , 92.88167 , 74.50217 , -0.004571915
7.524 , 92.83589 , 74.4564 , -0.009149551
7.526 , 92.83589 , 74.50217 , -0.009149551
7.529 , 92.83589 , 74.4564 , -0.009149551
7.532 , 92.813 , 74.4335 , -0.009149551
7.534 , 92.83589 , 74.38773 , -0.004571915
7.537 , 92.813 , 74.4335 , -0.004571915
7.54 , 92.83589 , 74.4335 , -0.004571915
7.542 , 92.813 , 74.4335 , -0.004571915
7.545 , 92.76722 , 74.4335 , -0.004571915
7.548 , 92.813 , 74.38773 , -0.004571915
7.55 , 92.813 , 74.38773 , -0.004571915
7.553 , 92.813 , 74.36484 , -0.004571915
7.556 , 92.76722 , 74.36484 , -0.004571915
7.558 , 92.813 , 74.36484 , 7.629395e-06
7.561 , 92.813 , 74.38773 , -0.004571915
7.564 , 92.76722 , 74.38773 , -0.004571915
7.566 , 92.76722 , 74.36484 , -0.004571915
7.569 , 92.76722 , 74.36484 , 7.629395e-06
7.572 , 92.74433 , 74.36484 , -0.004571915
7.575 , 92.74433 , 74.36484 , 7.629395e-06
7.577 , 92.72144 , 74.36484 , -0.004571915
7.58 , 92.74433 , 74.38773 , 7.629395e-06
7.583 , 92.76722 , 74.38773 , 7.629395e-06
7.585 , 92.72144 , 74.31906 , 7.629395e-06
7.588 , 92.72144 , 74.31906 , 7.629395e-06
7.591 , 92.72144 , 74.31906 , 7.629395e-06
7.593 , 92.72144 , 74.31906 , 7.629395e-06
7.596 , 92.65278 , 74.31906 , 7.629395e-06
7.599 , 92.65278 , 74.36484 , 0.004585266
7.601 , 92.67567 , 74.36484 , 0.004585266
7.604 , 92.67567 , 74.31906 , 7.629395e-06
7.607 , 92.607 , 74.29617 , 7.629395e-06
7.61 , 92.65278 , 74.31906 , 7.629395e-06
7.612 , 92.65278 , 74.27328 , 0.004585266
7.615 , 92.65278 , 74.27328 , 0.004585266
7.618 , 92.65278 , 74.27328 , 0.004585266
7.62 , 92.65278 , 74.29617 , 0.01145172
7.623 , 92.607 , 74.29617 , 0.004585266
7.625 , 92.58411 , 74.22751 , 0.004585266
7.628 , 92.607 , 74.27328 , 0.004585266
7.631 , 92.58411 , 74.22751 , 0.01145172
7.633 , 92.607 , 74.22751 , 0.01145172
7.636 , 92.56123 , 74.22751 , 0.004585266
7.638 , 92.607 , 74.22751 , 0.01602936
7.641 , 92.607 , 74.27328 , 0.01602936
7.644 , 92.58411 , 74.22751 , 0.01602936
7.646 , 92.58411 , 74.22751 , 0.01602936
7.649 , 92.56123 , 74.20462 , 0.01602936
7.651 , 92.56123 , 74.15884 , 0.01602936
7.654 , 92.56123 , 74.20462 , 0.02289581
7.656 , 92.58411 , 74.20462 , 0.02289581
7.659 , 92.56123 , 74.20462 , 0.02289581
7.662 , 92.58411 , 74.20462 , 0.02289581
7.664 , 92.56123 , 74.20462 , 0.02289581
7.667 , 92.51545 , 74.15884 , 0.02747345
7.669 , 92.51545 , 74.13596 , 0.02747345
7.672 , 92.56123 , 74.09018 , 0.02747345
7.674 , 92.56123 , 74.09018 , 0.02747345
7.677 , 92.51545 , 74.13596 , 0.02747345
7.68 , 92.56123 , 74.09018 , 0.02747345
7.682 , 92.51545 , 74.09018 , 0.03205109
7.685 , 92.51545 , 74.09018 , 0.02747345
7.687 , 92.49256 , 74.09018 , 0.03205109
7.69 , 92.44678 , 74.0444 , 0.02747345
7.693 , 92.44678 , 74.06729 , 0.03205109
7.695 , 92.49256 , 74.06729 , 0.03205109
7.698 , 92.44678 , 74.0444 , 0.03205109
7.7 , 92.49256 , 74.09018 , 0.03205109
7.703 , 92.49256 , 74.06729 , 0.02747345
7.706 , 92.42389 , 74.0444 , 0.03205109
7.708 , 92.37811 , 74.0444 , 0.03205109
7.711 , 92.37811 , 74.0444 , 0.03662872
7.713 , 92.37811 , 73.99863 , 0.03205109
7.716 , 92.37811 , 73.99863 , 0.03205109
7.718 , 92.42389 , 74.0444 , 0.03662872
7.721 , 92.37811 , 74.0444 , 0.04120636
7.723 , 92.37811 , 73.99863 , 0.03662872
7.726 , 92.42389 , 74.0444 , 0.03662872
7.729 , 92.35522 , 73.99863 , 0.03662872
7.731 , 92.37811 , 73.97574 , 0.03662872
7.734 , 92.35522 , 73.99863 , 0.04120636
7.736 , 92.35522 , 73.92996 , 0.03662872
7.739 , 92.35522 , 73.97574 , 0.03662872
7.742 , 92.35522 , 73.99863 , 0.03662872
7.744 , 92.35522 , 73.92996 , 0.03205109
7.747 , 92.35522 , 73.90707 , 0.03662872
7.749 , 92.33234 , 73.92996 , 0.03662872
7.752 , 92.33234 , 73.92996 , 0.03662872
7.755 , 92.33234 , 73.8613 , 0.03662872
7.757 , 92.35522 , 73.90707 , 0.04120636
7.76 , 92.33234 , 73.92996 , 0.04120636
7.762 , 92.35522 , 73.90707 , 0.04120636
7.765 , 92.33234 , 73.90707 , 0.04120636
7.767 , 92.28656 , 73.90707 , 0.03662872
7.77 , 92.28656 , 73.83841 , 0.03662872
7.773 , 92.28656 , 73.8613 , 0.04120636
7.775 , 92.33234 , 73.83841 , 0.03662872
7.778 , 92.33234 , 73.8613 , 0.03662872
7.78 , 92.28656 , 73.8613 , 0.04120636
7.783 , 92.28656 , 73.8613 , 0.04120636
7.786 , 92.2179 , 73.8613 , 0.04120636
7.788 , 92.2179 , 73.83841 , 0.03205109
7.791 , 92.19501 , 73.81552 , 0.03662872
7.793 , 92.2179 , 73.81552 , 0.03662872
7.796 , 92.2179 , 73.81552 , 0.03205109
7.799 , 92.19501 , 73.83841 , 0.03662872
7.801 , 92.2179 , 73.81552 , 0.04120636
7.804 , 92.2179 , 73.81552 , 0.03662872
7.806 , 92.19501 , 73.83841 , 0.03205109
7.809 , 92.17212 , 73.81552 , 0.03205109
7.811 , 92.19501 , 73.76974 , 0.03205109
7.814 , 92.17212 , 73.76974 , 0.03205109
7.817 , 92.17212 , 73.76974 , 0.03662872
7.819 , 92.19501 , 73.81552 , 0.03662872
7.822 , 92.17212 , 73.76974 , 0.03662872
7.824 , 92.12634 , 73.81552 , 0.03662872
7.827 , 92.17212 , 73.76974 , 0.03205109
7.829 , 92.10345 , 73.74686 , 0.03662872
7.832 , 92.12634 , 73.70108 , 0.03662872
7.835 , 92.12634 , 73.74686 , 0.03662872
7.837 , 92.17212 , 73.74686 , 0.03662872
7.84 , 92.12634 , 73.74686 , 0.03662872
7.842 , 92.17212 , 73.74686 , 0.03662872
7.845 , 92.10345 , 73.74686 , 0.03662872
7.848 , 92.10345 , 73.74686 , 0.03205109
7.85 , 92.10345 , 73.70108 , 0.03205109
7.853 , 92.12634 , 73.70108 , 0.03205109
7.855 , 92.12634 , 73.70108 , 0.03205109
7.858 , 92.12634 , 73.70108 , 0.03662872
7.86 , 92.12634 , 73.70108 , 0.03662872
7.863 , 92.10345 , 73.70108 , 0.03662872
7.865 , 92.10345 , 73.70108 , 0.03662872
7.868 , 92.10345 , 73.70108 , 0.03662872
7.871 , 92.10345 , 73.67818 , 0.03205109
7.873 , 92.05768 , 73.6553 , 0.03662872
7.876 , 92.05768 , 73.67818 , 0.03662872
7.878 , 92.10345 , 73.67818 , 0.03662872
7.881 , 92.10345 , 73.67818 , 0.03205109
7.884 , 92.05768 , 73.67818 , 0.03205109
7.886 , 92.03479 , 73.6553 , 0.04120636
7.897 , 92.03479 , 73.60952 , 0.04120636
7.9 , 92.03479 , 73.60952 , 0.04120636
7.902 , 92.03479 , 73.6553 , 0.04120636
7.905 , 92.05768 , 73.60952 , 0.04120636
7.907 , 92.03479 , 73.60952 , 0.04120636
7.91 , 92.03479 , 73.58663 , 0.04120636
7.913 , 92.03479 , 73.60952 , 0.04120636
7.915 , 92.03479 , 73.58663 , 0.04120636
7.918 , 92.03479 , 73.58663 , 0.04120636
7.92 , 92.03479 , 73.58663 , 0.04120636
7.923 , 92.03479 , 73.60952 , 0.04120636
7.925 , 92.03479 , 73.54086 , 0.04120636
7.928 , 92.03479 , 73.51797 , 0.04120636
7.931 , 91.98901 , 73.54086 , 0.04120636
7.933 , 91.96613 , 73.51797 , 0.04120636
7.936 , 91.96613 , 73.54086 , 0.045784
7.938 , 91.98901 , 73.51797 , 0.04120636
7.941 , 91.98901 , 73.54086 , 0.04120636
7.944 , 91.98901 , 73.51797 , 0.04120636
7.946 , 91.96613 , 73.51797 , 0.04120636
7.949 , 91.96613 , 73.47219 , 0.04120636
7.951 , 91.94324 , 73.47219 , 0.04120636
7.954 , 91.89746 , 73.51797 , 0.04120636
7.956 , 91.96613 , 73.47219 , 0.045784
7.959 , 91.96613 , 73.51797 , 0.04120636
7.962 , 91.94324 , 73.51797 , 0.045784
7.964 , 91.94324 , 73.51797 , 0.045784
7.967 , 91.94324 , 73.47219 , 0.04120636
7.969 , 91.94324 , 73.47219 , 0.045784
7.972 , 91.89746 , 73.47219 , 0.04120636
7.975 , 91.89746 , 73.47219 , 0.04120636
7.977 , 91.87457 , 73.47219 , 0.04120636
7.98 , 91.89746 , 73.47219 , 0.04120636
7.982 , 91.87457 , 73.47219 , 0.04120636
7.985 , 91.89746 , 73.47219 , 0.04120636
7.988 , 91.89746 , 73.4493 , 0.04120636
7.99 , 91.8288 , 73.4493 , 0.04120636
7.993 , 91.87457 , 73.42641 , 0.04120636
7.995 , 91.87457 , 73.42641 , 0.045784
7.998 , 91.87457 , 73.4493 , 0.045784
8.001 , 91.89746 , 73.4493 , 0.045784
8.003 , 91.89746 , 73.4493 , 0.045784
8.006 , 91.8288 , 73.38064 , 0.045784
8.008 , 91.8288 , 73.42641 , 0.045784
8.011 , 91.8288 , 73.35775 , 0.045784
8.014 , 91.80591 , 73.38064 , 0.045784
8.016 , 91.87457 , 73.38064 , 0.045784
8.019 , 91.8288 , 73.35775 , 0.05036163
8.021 , 91.80591 , 73.42641 , 0.05036163
8.024 , 91.80591 , 73.38064 , 0.05036163
8.027 , 91.80591 , 73.38064 , 0.05036163
8.029 , 91.80591 , 73.38064 , 0.05036163
8.032 , 91.80591 , 73.35775 , 0.05036163
8.034 , 91.73724 , 73.31197 , 0.05036163
8.037 , 91.78302 , 73.35775 , 0.05036163
8.039 , 91.78302 , 73.38064 , 0.05951691
8.042 , 91.78302 , 73.35775 , 0.05951691
8.045 , 91.73724 , 73.35775 , 0.05951691
8.047 , 91.78302 , 73.31197 , 0.05951691
8.05 , 91.73724 , 73.28908 , 0.05951691
8.052 , 91.73724 , 73.2433 , 0.05951691
8.055 , 91.73724 , 73.2433 , 0.05951691
8.057 , 91.73724 , 73.31197 , 0.06409454
8.06 , 91.73724 , 73.31197 , 0.06409454
8.062 , 91.73724 , 73.28908 , 0.06409454
8.065 , 91.73724 , 73.28908 , 0.06409454
8.068 , 91.71436 , 73.28908 , 0.06409454
8.07 , 91.71436 , 73.22041 , 0.06409454
8.073 , 91.71436 , 73.28908 , 0.06409454
8.075 , 91.71436 , 73.2433 , 0.06867218
8.078 , 91.73724 , 73.2433 , 0.06867218
8.081 , 91.71436 , 73.2433 , 0.06867218
8.083 , 91.66857 , 73.2433 , 0.06867218
8.086 , 91.71436 , 73.2433 , 0.06867218
8.088 , 91.71436 , 73.2433 , 0.06867218
8.091 , 91.64568 , 73.22041 , 0.06867218
8.093 , 91.66857 , 73.22041 , 0.06867218
8.096 , 91.64568 , 73.22041 , 0.07553864
8.099 , 91.64568 , 73.22041 , 0.07553864
8.101 , 91.64568 , 73.22041 , 0.08011627
8.104 , 91.64568 , 73.22041 , 0.08011627
8.106 , 91.6228 , 73.19753 , 0.07553864
8.109 , 91.6228 , 73.19753 , 0.08011627
8.111 , 91.57702 , 73.15175 , 0.08011627
8.114 , 91.6228 , 73.12886 , 0.08011627
8.116 , 91.6228 , 73.15175 , 0.08011627
8.119 , 91.57702 , 73.15175 , 0.08011627
8.122 , 91.6228 , 73.19753 , 0.08469391
8.124 , 91.57702 , 73.15175 , 0.08469391
8.127 , 91.57702 , 73.15175 , 0.08469391
8.129 , 91.55413 , 73.12886 , 0.08469391
8.132 , 91.55413 , 73.08308 , 0.08469391
8.135 , 91.50835 , 73.12886 , 0.08469391
8.137 , 91.55413 , 73.12886 , 0.08011627
8.14 , 91.55413 , 73.12886 , 0.08469391
8.142 , 91.55413 , 73.12886 , 0.08469391
8.145 , 91.55413 , 73.08308 , 0.08469391
8.147 , 91.50835 , 73.0602 , 0.08927155
8.15 , 91.50835 , 73.01442 , 0.08469391
8.152 , 91.48547 , 73.01442 , 0.08927155
8.155 , 91.48547 , 73.0602 , 0.08927155
8.158 , 91.50835 , 73.0602 , 0.08927155
8.16 , 91.50835 , 73.01442 , 0.08927155
8.163 , 91.48547 , 72.99153 , 0.09384918
8.165 , 91.48547 , 72.99153 , 0.08927155
8.168 , 91.43969 , 73.01442 , 0.09384918
8.171 , 91.43969 , 72.99153 , 0.09384918
8.173 , 91.4168 , 72.99153 , 0.09384918
8.176 , 91.4168 , 72.99153 , 0.09384918
8.178 , 91.4168 , 72.99153 , 0.09384918
8.181 , 91.48547 , 72.99153 , 0.09842682
8.184 , 91.43969 , 72.99153 , 0.09842682
8.186 , 91.43969 , 72.99153 , 0.09842682
8.189 , 91.43969 , 72.96864 , 0.09842682
8.191 , 91.4168 , 72.92287 , 0.09842682
8.194 , 91.4168 , 72.89998 , 0.1030045
8.196 , 91.4168 , 72.92287 , 0.1030045
8.199 , 91.4168 , 72.96864 , 0.1030045
8.201 , 91.43969 , 72.96864 , 0.1030045
8.203 , 91.4168 , 72.92287 , 0.1030045
8.206 , 91.4168 , 72.92287 , 0.1030045
8.208 , 91.4168 , 72.89998 , 0.1030045
8.211 , 91.4168 , 72.8542 , 0.1030045
8.213 , 91.27946 , 72.83131 , 0.1030045
8.215 , 91.34814 , 72.83131 , 0.1030045
8.218 , 91.34814 , 72.8542 , 0.1030045
8.22 , 91.4168 , 72.89998 , 0.1030045
8.222 , 91.34814 , 72.8542 , 0.1075821
8.225 , 91.34814 , 72.89998 , 0.1030045
8.227 , 91.32525 , 72.8542 , 0.1030045
8.23 , 91.25658 , 72.83131 , 0.1075821
8.232 , 91.34814 , 72.83131 , 0.1075821
8.234 , 91.27946 , 72.83131 , 0.1030045
8.237 , 91.32525 , 72.83131 , 0.1030045
8.239 , 91.27946 , 72.83131 , 0.1075821
8.242 , 91.32525 , 72.83131 , 0.1075821
8.244 , 91.27946 , 72.8542 , 0.1075821
8.246 , 91.25658 , 72.80843 , 0.1075821
8.249 , 91.25658 , 72.80843 , 0.1030045
8.251 , 91.27946 , 72.80843 , 0.1075821
8.254 , 91.27946 , 72.76265 , 0.1030045
8.256 , 91.25658 , 72.80843 , 0.1030045
8.258 , 91.27946 , 72.76265 , 0.1075821
8.261 , 91.27946 , 72.80843 , 0.1075821
8.263 , 91.27946 , 72.76265 , 0.1075821
8.266 , 91.25658 , 72.76265 , 0.1030045
8.268 , 91.23369 , 72.73976 , 0.1030045
8.271 , 91.25658 , 72.73976 , 0.1030045
8.273 , 91.23369 , 72.73976 , 0.1030045
8.275 , 91.23369 , 72.69398 , 0.1075821
8.278 , 91.23369 , 72.73976 , 0.1030045
8.28 , 91.23369 , 72.80843 , 0.1030045
8.283 , 91.23369 , 72.76265 , 0.1030045
8.285 , 91.18791 , 72.73976 , 0.1030045
8.288 , 91.18791 , 72.69398 , 0.1030045
8.29 , 91.18791 , 72.69398 , 0.1030045
8.292 , 91.16502 , 72.6711 , 0.1030045
8.295 , 91.23369 , 72.73976 , 0.1030045
8.297 , 91.18791 , 72.69398 , 0.1075821
8.3 , 91.18791 , 72.73976 , 0.1030045
8.302 , 91.16502 , 72.73976 , 0.1030045
8.304 , 91.16502 , 72.6711 , 0.1030045
8.307 , 91.18791 , 72.6711 , 0.1030045
8.309 , 91.11925 , 72.6711 , 0.1030045
8.312 , 91.11925 , 72.62532 , 0.1030045
8.314 , 91.11925 , 72.6711 , 0.1030045
8.316 , 91.11925 , 72.6711 , 0.1075821
8.319 , 91.18791 , 72.6711 , 0.09842682
8.321 , 91.16502 , 72.6711 , 0.1030045
8.323 , 91.16502 , 72.6711 , 0.1030045
8.326 , 91.18791 , 72.6711 , 0.09842682
8.328 , 91.11925 , 72.62532 , 0.1030045
8.331 , 91.11925 , 72.62532 , 0.1030045
8.333 , 91.11925 , 72.62532 , 0.1030045
8.336 , 91.16502 , 72.57954 , 0.1030045
8.338 , 91.11925 , 72.60243 , 0.1030045
8.34 , 91.11925 , 72.62532 , 0.1030045
8.343 , 91.11925 , 72.62532 , 0.1030045
8.345 , 91.09636 , 72.62532 , 0.1030045
8.347 , 91.09636 , 72.60243 , 0.09842682
8.35 , 91.11925 , 72.60243 , 0.09842682
8.352 , 91.09636 , 72.57954 , 0.09842682
8.355 , 91.09636 , 72.57954 , 0.09842682
8.358 , 91.09636 , 72.60243 , 0.09842682
8.36 , 91.07347 , 72.60243 , 0.09842682
8.363 , 91.07347 , 72.57954 , 0.09842682
8.365 , 91.07347 , 72.60243 , 0.09842682
8.368 , 91.09636 , 72.57954 , 0.09842682
8.371 , 91.02769 , 72.51087 , 0.09842682
8.373 , 91.02769 , 72.51087 , 0.09384918
8.376 , 91.02769 , 72.53376 , 0.09384918
8.378 , 91.00481 , 72.57954 , 0.09842682
8.381 , 91.02769 , 72.53376 , 0.09842682
8.383 , 91.02769 , 72.53376 , 0.09842682
8.386 , 91.07347 , 72.53376 , 0.09842682
8.389 , 91.00481 , 72.51087 , 0.09384918
8.391 , 91.00481 , 72.51087 , 0.09384918
8.394 , 91.00481 , 72.51087 , 0.09384918
8.396 , 90.95903 , 72.53376 , 0.09384918
8.399 , 91.00481 , 72.51087 , 0.09384918
8.401 , 91.00481 , 72.4651 , 0.09842682
8.404 , 91.00481 , 72.4651 , 0.09384918
8.407 , 90.95903 , 72.51087 , 0.09384918
8.409 , 90.93614 , 72.51087 , 0.09384918
8.412 , 90.95903 , 72.44221 , 0.09384918
8.414 , 90.93614 , 72.44221 , 0.09384918
8.425 , 90.89037 , 72.4651 , 0.09384918
8.428 , 90.86748 , 72.39643 , 0.09384918
8.43 , 90.86748 , 72.39643 , 0.08927155
8.433 , 90.89037 , 72.44221 , 0.09384918
8.436 , 90.86748 , 72.44221 , 0.08927155
8.438 , 90.89037 , 72.4651 , 0.09384918
8.441 , 90.86748 , 72.44221 , 0.09384918
8.443 , 90.89037 , 72.44221 , 0.09384918
8.446 , 90.86748 , 72.44221 , 0.08927155
8.449 , 90.84459 , 72.37354 , 0.09384918
8.451 , 90.84459 , 72.37354 , 0.08927155
8.454 , 90.84459 , 72.39643 , 0.09384918
8.456 , 90.84459 , 72.39643 , 0.09384918
8.459 , 90.84459 , 72.44221 , 0.09384918
8.462 , 90.84459 , 72.37354 , 0.08927155
8.464 , 90.84459 , 72.39643 , 0.09384918
8.467 , 90.84459 , 72.39643 , 0.09384918
8.469 , 90.79881 , 72.37354 , 0.09842682
8.472 , 90.77592 , 72.35065 , 0.09384918
8.475 , 90.77592 , 72.35065 , 0.09384918
8.477 , 90.79881 , 72.35065 , 0.09842682
8.48 , 90.79881 , 72.35065 , 0.09384918
8.482 , 90.84459 , 72.37354 , 0.09384918
8.485 , 90.77592 , 72.35065 , 0.09384918
8.488 , 90.77592 , 72.30488 , 0.09842682
8.49 , 90.77592 , 72.30488 , 0.09384918
8.493 , 90.77592 , 72.30488 , 0.09842682
8.496 , 90.77592 , 72.30488 , 0.09842682
8.498 , 90.70726 , 72.30488 , 0.09842682
8.501 , 90.73015 , 72.30488 , 0.09842682
8.503 , 90.73015 , 72.30488 , 0.09842682
8.506 , 90.73015 , 72.28199 , 0.09842682
8.508 , 90.70726 , 72.30488 , 0.09842682
8.511 , 90.70726 , 72.23621 , 0.09842682
8.514 , 90.68437 , 72.23621 , 0.09842682
8.516 , 90.70726 , 72.23621 , 0.09842682
8.519 , 90.68437 , 72.28199 , 0.09842682
8.521 , 90.68437 , 72.28199 , 0.1030045
8.524 , 90.73015 , 72.23621 , 0.1030045
8.526 , 90.73015 , 72.23621 , 0.1030045
8.528 , 90.70726 , 72.21333 , 0.1030045
8.531 , 90.73015 , 72.23621 , 0.1030045
8.533 , 90.68437 , 72.21333 , 0.1030045
8.536 , 90.70726 , 72.21333 , 0.1075821
8.538 , 90.70726 , 72.23621 , 0.1075821
8.54 , 90.70726 , 72.21333 , 0.1121597
8.543 , 90.68437 , 72.21333 , 0.1121597
8.545 , 90.70726 , 72.21333 , 0.1121597
8.547 , 90.70726 , 72.21333 , 0.1121597
8.55 , 90.70726 , 72.16754 , 0.1121597
8.552 , 90.68437 , 72.14465 , 0.1121597
8.555 , 90.6386 , 72.16754 , 0.1121597
8.557 , 90.6386 , 72.14465 , 0.1121597
8.559 , 90.6386 , 72.21333 , 0.1167374
8.562 , 90.68437 , 72.16754 , 0.1167374
8.564 , 90.68437 , 72.14465 , 0.1121597
8.567 , 90.68437 , 72.14465 , 0.1167374
8.569 , 90.6386 , 72.12177 , 0.1167374
8.571 , 90.6386 , 72.12177 , 0.1121597
8.574 , 90.61571 , 72.12177 , 0.1167374
8.576 , 90.68437 , 72.14465 , 0.1167374
8.579 , 90.61571 , 72.14465 , 0.121315
8.581 , 90.6386 , 72.14465 , 0.121315
8.583 , 90.61571 , 72.14465 , 0.1167374
8.586 , 90.56993 , 72.14465 , 0.1167374
8.588 , 90.61571 , 72.07599 , 0.1167374
8.59 , 90.54704 , 72.07599 , 0.1167374
8.593 , 90.56993 , 72.0531 , 0.1167374
8.595 , 90.56993 , 72.07599 , 0.121315
8.598 , 90.56993 , 72.12177 , 0.121315
8.6 , 90.61571 , 72.07599 , 0.1258926
8.602 , 90.56993 , 72.14465 , 0.1258926
8.605 , 90.54704 , 72.0531 , 0.1258926
8.607 , 90.54704 , 72.0531 , 0.1258926
8.61 , 90.50126 , 72.0531 , 0.1258926
8.612 , 90.50126 , 72.00732 , 0.1258926
8.614 , 90.50126 , 72.00732 , 0.1258926
8.617 , 90.50126 , 72.0531 , 0.1258926
8.619 , 90.50126 , 72.0531 , 0.1304703
8.622 , 90.50126 , 72.00732 , 0.1304703
8.624 , 90.54704 , 72.00732 , 0.1258926
8.626 , 90.47837 , 71.98444 , 0.1304703
8.629 , 90.45548 , 71.98444 , 0.1304703
8.631 , 90.45548 , 71.96155 , 0.1304703
8.634 , 90.47837 , 71.96155 , 0.1304703
8.636 , 90.47837 , 71.96155 , 0.1258926
8.639 , 90.47837 , 71.96155 , 0.1304703
8.641 , 90.45548 , 71.96155 , 0.1304703
8.643 , 90.45548 , 71.96155 , 0.1304703
8.646 , 90.40971 , 71.96155 , 0.1304703
8.648 , 90.40971 , 71.91577 , 0.1258926
8.651 , 90.40971 , 71.91577 , 0.1304703
8.653 , 90.38682 , 71.91577 , 0.1304703
8.656 , 90.40971 , 71.89288 , 0.1304703
8.658 , 90.38682 , 71.89288 , 0.1304703
8.661 , 90.40971 , 71.91577 , 0.1350479
8.663 , 90.38682 , 71.89288 , 0.1304703
8.665 , 90.34104 , 71.89288 , 0.1350479
8.668 , 90.38682 , 71.89288 , 0.1350479
8.67 , 90.34104 , 71.84711 , 0.1350479
8.673 , 90.34104 , 71.82422 , 0.1350479
8.675 , 90.34104 , 71.82422 , 0.1350479
8.677 , 90.38682 , 71.82422 , 0.1350479
8.68 , 90.34104 , 71.89288 , 0.1350479
8.682 , 90.31815 , 71.84711 , 0.1350479
8.685 , 90.31815 , 71.84711 , 0.1350479
8.687 , 90.29527 , 71.77843 , 0.1304703
8.689 , 90.34104 , 71.82422 , 0.1258926
8.692 , 90.29527 , 71.77843 , 0.1304703
8.694 , 90.29527 , 71.77843 , 0.1304703
8.696 , 90.29527 , 71.77843 , 0.1304703
8.699 , 90.31815 , 71.77843 , 0.1350479
8.701 , 90.29527 , 71.82422 , 0.1304703
8.704 , 90.31815 , 71.77843 , 0.1304703
8.706 , 90.29527 , 71.77843 , 0.1350479
8.708 , 90.29527 , 71.77843 , 0.1304703
8.711 , 90.29527 , 71.75555 , 0.1304703
8.713 , 90.24949 , 71.75555 , 0.1304703
8.716 , 90.2266 , 71.75555 , 0.1304703
8.718 , 90.24949 , 71.75555 , 0.1304703
8.72 , 90.29527 , 71.77843 , 0.1304703
8.723 , 90.24949 , 71.77843 , 0.1304703
8.725 , 90.24949 , 71.77843 , 0.1304703
8.728 , 90.2266 , 71.75555 , 0.1304703
8.73 , 90.2266 , 71.77843 , 0.1304703
8.733 , 90.2266 , 71.73266 , 0.1258926
8.735 , 90.2266 , 71.73266 , 0.1304703
8.737 , 90.18082 , 71.73266 , 0.1304703
8.74 , 90.2266 , 71.75555 , 0.1304703
8.742 , 90.2266 , 71.75555 , 0.1304703
8.745 , 90.2266 , 71.75555 , 0.1304703
8.747 , 90.2266 , 71.73266 , 0.1304703
8.75 , 90.15793 , 71.68688 , 0.1258926
8.752 , 90.18082 , 71.66399 , 0.1258926
8.754 , 90.18082 , 71.66399 , 0.1258926
8.757 , 90.18082 , 71.68688 , 0.1304703
8.759 , 90.18082 , 71.68688 , 0.1258926
8.762 , 90.18082 , 71.68688 , 0.1258926
8.764 , 90.15793 , 71.68688 , 0.1304703
8.767 , 90.13504 , 71.59533 , 0.1258926
8.769 , 90.13504 , 71.59533 , 0.1304703
8.771 , 90.15793 , 71.59533 , 0.1304703
8.774 , 90.08926 , 71.66399 , 0.1258926
8.776 , 90.15793 , 71.66399 , 0.1258926
8.779 , 90.15793 , 71.59533 , 0.1258926
8.781 , 90.13504 , 71.66399 , 0.1258926
8.784 , 90.13504 , 71.66399 , 0.121315
8.786 , 90.08926 , 71.66399 , 0.1304703
8.788 , 90.08926 , 71.66399 , 0.1258926
8.791 , 90.08926 , 71.54955 , 0.1304703
8.793 , 90.08926 , 71.54955 , 0.1258926
8.796 , 90.06638 , 71.54955 , 0.1258926
8.798 , 90.08926 , 71.59533 , 0.1258926
8.8 , 90.08926 , 71.59533 , 0.1304703
8.803 , 90.08926 , 71.54955 , 0.1304703
8.805 , 90.06638 , 71.54955 , 0.1304703
8.808 , 90.0206 , 71.54955 , 0.1258926
8.81 , 90.0206 , 71.52666 , 0.1258926
8.812 , 90.06638 , 71.52666 , 0.1258926
8.815 , 90.06638 , 71.52666 , 0.1258926
8.817 , 90.06638 , 71.52666 , 0.1258926
8.82 , 90.06638 , 71.52666 , 0.1304703
8.822 , 90.0206 , 71.50378 , 0.1258926
8.825 , 90.0206 , 71.458 , 0.1258926
8.827 , 89.99771 , 71.458 , 0.1258926
8.83 , 89.95193 , 71.458 , 0.1258926
8.832 , 89.99771 , 71.4351 , 0.121315
8.834 , 89.95193 , 71.458 , 0.121315
8.837 , 89.99771 , 71.458 , 0.121315
8.839 , 89.95193 , 71.458 , 0.121315
8.842 , 89.95193 , 71.458 , 0.121315
8.844 , 89.95193 , 71.4351 , 0.121315
8.846 , 89.95193 , 71.4351 , 0.121315
8.849 , 89.92905 , 71.4351 , 0.121315
8.851 , 89.95193 , 71.4351 , 0.1167374
8.854 , 89.99771 , 71.38933 , 0.1167374
8.856 , 89.95193 , 71.38933 , 0.1167374
8.859 , 89.92905 , 71.38933 , 0.1167374
8.861 , 89.92905 , 71.38933 , 0.1075821
8.863 , 89.92905 , 71.4351 , 0.1121597
8.866 , 89.90616 , 71.38933 , 0.1121597
8.868 , 89.90616 , 71.38933 , 0.1075821
8.871 , 89.90616 , 71.38933 , 0.1075821
8.873 , 89.86038 , 71.36644 , 0.1075821
8.876 , 89.86038 , 71.36644 , 0.1075821
8.878 , 89.92905 , 71.36644 , 0.1075821
8.88 , 89.90616 , 71.36644 , 0.1075821
8.883 , 89.86038 , 71.38933 , 0.1075821
8.885 , 89.83749 , 71.36644 , 0.1030045
8.888 , 89.86038 , 71.36644 , 0.09842682
8.89 , 89.90616 , 71.32066 , 0.1030045
8.893 , 89.86038 , 71.36644 , 0.1030045
8.895 , 89.83749 , 71.32066 , 0.09842682
8.898 , 89.83749 , 71.32066 , 0.09842682
8.9 , 89.83749 , 71.32066 , 0.09842682
8.903 , 89.83749 , 71.29778 , 0.09384918
8.906 , 89.83749 , 71.36644 , 0.09384918
8.908 , 89.76882 , 71.29778 , 0.09384918
8.911 , 89.83749 , 71.29778 , 0.09384918
8.913 , 89.79171 , 71.29778 , 0.08927155
8.916 , 89.79171 , 71.29778 , 0.08927155
8.919 , 89.79171 , 71.32066 , 0.08927155
8.921 , 89.79171 , 71.36644 , 0.08469391
8.924 , 89.76882 , 71.32066 , 0.08927155
8.926 , 89.76882 , 71.32066 , 0.08927155
8.929 , 89.76882 , 71.32066 , 0.08469391
8.932 , 89.74593 , 71.29778 , 0.08469391
8.943 , 89.74593 , 71.27489 , 0.08927155
8.945 , 89.79171 , 71.29778 , 0.08469391
8.948 , 89.74593 , 71.27489 , 0.08469391
8.951 , 89.70016 , 71.22911 , 0.08469391
8.953 , 89.70016 , 71.27489 , 0.08469391
8.956 , 89.70016 , 71.27489 , 0.08011627
8.958 , 89.74593 , 71.27489 , 0.08011627
8.961 , 89.70016 , 71.27489 , 0.08469391
8.964 , 89.70016 , 71.27489 , 0.08011627
8.966 , 89.70016 , 71.27489 , 0.08011627
8.969 , 89.67727 , 71.20622 , 0.08011627
8.971 , 89.63149 , 71.22911 , 0.07553864
8.974 , 89.67727 , 71.22911 , 0.08011627
8.977 , 89.67727 , 71.20622 , 0.07553864
8.979 , 89.67727 , 71.20622 , 0.07553864
8.982 , 89.70016 , 71.20622 , 0.07553864
8.984 , 89.67727 , 71.22911 , 0.06867218
8.987 , 89.6086 , 71.16045 , 0.06867218
8.989 , 89.63149 , 71.20622 , 0.06867218
8.992 , 89.63149 , 71.20622 , 0.06409454
8.995 , 89.6086 , 71.16045 , 0.06409454
8.997 , 89.63149 , 71.20622 , 0.06409454
9.0 , 89.6086 , 71.16045 , 0.06867218
9.002 , 89.63149 , 71.20622 , 0.06867218
9.005 , 89.6086 , 71.20622 , 0.06867218
9.007 , 89.6086 , 71.13756 , 0.06867218
9.01 , 89.56283 , 71.13756 , 0.06409454
9.013 , 89.56283 , 71.16045 , 0.06409454
9.015 , 89.56283 , 71.13756 , 0.06409454
9.018 , 89.56283 , 71.13756 , 0.06867218
9.02 , 89.6086 , 71.13756 , 0.06867218
9.023 , 89.56283 , 71.13756 , 0.06409454
9.025 , 89.56283 , 71.13756 , 0.06409454
9.028 , 89.56283 , 71.11467 , 0.06409454
9.031 , 89.53994 , 71.11467 , 0.06867218
9.033 , 89.53994 , 71.06889 , 0.06867218
9.036 , 89.53994 , 71.06889 , 0.05951691
9.038 , 89.53994 , 71.11467 , 0.05951691
9.041 , 89.53994 , 71.06889 , 0.05951691
9.044 , 89.51705 , 71.06889 , 0.05951691
9.046 , 89.53994 , 71.06889 , 0.05951691
9.049 , 89.51705 , 71.04601 , 0.05951691
9.051 , 89.47128 , 71.06889 , 0.05951691
9.054 , 89.47128 , 71.04601 , 0.05951691
9.057 , 89.44839 , 71.04601 , 0.06409454
9.059 , 89.47128 , 71.06889 , 0.05951691
9.062 , 89.51705 , 71.06889 , 0.06409454
9.064 , 89.47128 , 71.04601 , 0.05951691
9.067 , 89.44839 , 71.00023 , 0.06409454
9.069 , 89.44839 , 70.97734 , 0.06409454
9.072 , 89.44839 , 70.97734 , 0.05951691
9.075 , 89.44839 , 71.00023 , 0.06409454
9.077 , 89.4026 , 71.00023 , 0.06409454
9.08 , 89.47128 , 70.97734 , 0.06409454
9.082 , 89.44839 , 70.97734 , 0.06409454
9.085 , 89.4026 , 71.00023 , 0.06409454
9.088 , 89.4026 , 70.97734 , 0.06867218
9.09 , 89.4026 , 70.93156 , 0.06867218
9.093 , 89.4026 , 70.93156 , 0.06867218
9.095 , 89.4026 , 70.97734 , 0.06867218
9.098 , 89.37971 , 70.93156 , 0.06867218
9.1 , 89.4026 , 70.93156 , 0.06867218
9.103 , 89.4026 , 70.93156 , 0.06867218
9.106 , 89.4026 , 70.90868 , 0.06867218
9.108 , 89.37971 , 70.88579 , 0.06867218
9.111 , 89.35683 , 70.84001 , 0.06867218
9.113 , 89.37971 , 70.84001 , 0.06867218
9.116 , 89.35683 , 70.84001 , 0.06867218
9.118 , 89.37971 , 70.90868 , 0.06867218
9.121 , 89.35683 , 70.88579 , 0.06867218
9.124 , 89.35683 , 70.84001 , 0.06867218
9.126 , 89.35683 , 70.88579 , 0.06867218
9.129 , 89.31105 , 70.84001 , 0.06867218
9.131 , 89.35683 , 70.81712 , 0.06409454
9.134 , 89.24239 , 70.81712 , 0.06867218
9.137 , 89.31105 , 70.81712 , 0.06409454
9.139 , 89.28816 , 70.81712 , 0.06867218
9.142 , 89.28816 , 70.84001 , 0.06867218
9.144 , 89.28816 , 70.84001 , 0.06867218
9.147 , 89.28816 , 70.81712 , 0.06409454
9.149 , 89.2195 , 70.77135 , 0.06409454
9.152 , 89.2195 , 70.74846 , 0.06409454
9.154 , 89.24239 , 70.77135 , 0.06409454
9.157 , 89.24239 , 70.74846 , 0.06409454
9.16 , 89.24239 , 70.77135 , 0.06409454
9.162 , 89.2195 , 70.77135 , 0.06867218
9.165 , 89.2195 , 70.74846 , 0.06409454
9.167 , 89.19661 , 70.74846 , 0.06409454
9.17 , 89.2195 , 70.70268 , 0.06409454
9.173 , 89.19661 , 70.70268 , 0.05951691
9.175 , 89.2195 , 70.70268 , 0.05951691
9.178 , 89.19661 , 70.67979 , 0.06409454
9.18 , 89.2195 , 70.70268 , 0.06409454
9.183 , 89.19661 , 70.70268 , 0.05951691
9.185 , 89.19661 , 70.70268 , 0.05951691
9.188 , 89.15083 , 70.67979 , 0.05951691
9.191 , 89.15083 , 70.67979 , 0.05493927
9.193 , 89.12794 , 70.67979 , 0.05493927
9.196 , 89.15083 , 70.67979 , 0.05493927
9.199 , 89.15083 , 70.70268 , 0.05493927
9.201 , 89.15083 , 70.70268 , 0.05951691
9.204 , 89.15083 , 70.70268 , 0.05493927
9.206 , 89.12794 , 70.70268 , 0.05493927
9.209 , 89.12794 , 70.67979 , 0.05493927
9.212 , 89.12794 , 70.6569 , 0.05493927
9.214 , 89.12794 , 70.6569 , 0.05036163
9.217 , 89.12794 , 70.6569 , 0.05036163
9.219 , 89.08217 , 70.67979 , 0.05036163
9.222 , 89.12794 , 70.6569 , 0.05036163
9.225 , 89.08217 , 70.67979 , 0.05036163
9.227 , 89.08217 , 70.6569 , 0.05036163
9.23 , 89.05928 , 70.61112 , 0.05036163
9.232 , 89.05928 , 70.61112 , 0.05036163
9.235 , 89.0135 , 70.61112 , 0.05036163
9.237 , 89.05928 , 70.61112 , 0.05036163
9.24 , 89.0135 , 70.6569 , 0.045784
9.242 , 89.0135 , 70.61112 , 0.045784
9.245 , 89.0135 , 70.61112 , 0.045784
9.248 , 89.0135 , 70.61112 , 0.045784
9.25 , 89.0135 , 70.61112 , 0.045784
9.253 , 89.0135 , 70.58823 , 0.045784
9.255 , 88.99062 , 70.58823 , 0.04120636
9.258 , 89.0135 , 70.54246 , 0.045784
9.26 , 89.0135 , 70.61112 , 0.045784
9.263 , 88.99062 , 70.58823 , 0.045784
9.266 , 88.99062 , 70.58823 , 0.04120636
9.268 , 88.99062 , 70.58823 , 0.04120636
9.271 , 88.96773 , 70.54246 , 0.04120636
9.273 , 88.96773 , 70.51957 , 0.04120636
9.276 , 88.96773 , 70.54246 , 0.04120636
9.279 , 88.99062 , 70.54246 , 0.04120636
9.281 , 88.96773 , 70.54246 , 0.04120636
9.284 , 88.96773 , 70.54246 , 0.04120636
9.286 , 88.92195 , 70.51957 , 0.04120636
9.289 , 88.92195 , 70.51957 , 0.04120636
9.292 , 88.92195 , 70.4509 , 0.04120636
9.294 , 88.96773 , 70.47379 , 0.04120636
9.297 , 88.92195 , 70.51957 , 0.03662872
9.299 , 88.92195 , 70.47379 , 0.04120636
9.302 , 88.89906 , 70.51957 , 0.03662872
9.305 , 88.89906 , 70.54246 , 0.04120636
9.307 , 88.85329 , 70.4509 , 0.03662872
9.31 , 88.85329 , 70.38224 , 0.03662872
9.312 , 88.89906 , 70.4509 , 0.03662872
9.315 , 88.8304 , 70.4509 , 0.03662872
9.317 , 88.85329 , 70.4509 , 0.04120636
9.32 , 88.89906 , 70.47379 , 0.04120636
9.323 , 88.85329 , 70.4509 , 0.04120636
9.325 , 88.8304 , 70.47379 , 0.03662872
9.328 , 88.8304 , 70.4509 , 0.03662872
9.33 , 88.85329 , 70.42802 , 0.03205109
9.333 , 88.80751 , 70.42802 , 0.03662872
9.336 , 88.8304 , 70.38224 , 0.03662872
9.338 , 88.8304 , 70.42802 , 0.03662872
9.341 , 88.8304 , 70.38224 , 0.03662872
9.343 , 88.80751 , 70.4509 , 0.03662872
9.346 , 88.80751 , 70.42802 , 0.03662872
9.348 , 88.76173 , 70.38224 , 0.03662872
9.351 , 88.73885 , 70.38224 , 0.03662872
9.354 , 88.73885 , 70.35935 , 0.03662872
9.356 , 88.76173 , 70.38224 , 0.03662872
9.359 , 88.76173 , 70.38224 , 0.03662872
9.361 , 88.76173 , 70.35935 , 0.03662872
9.364 , 88.73885 , 70.35935 , 0.04120636
9.366 , 88.73885 , 70.35935 , 0.03662872
9.369 , 88.69307 , 70.35935 , 0.03662872
9.372 , 88.67017 , 70.31358 , 0.03662872
9.374 , 88.69307 , 70.29068 , 0.03662872
9.377 , 88.73885 , 70.31358 , 0.03662872
9.379 , 88.69307 , 70.31358 , 0.03662872
9.382 , 88.73885 , 70.31358 , 0.03662872
9.385 , 88.69307 , 70.31358 , 0.04120636
9.387 , 88.69307 , 70.29068 , 0.03662872
9.39 , 88.67017 , 70.29068 , 0.03662872
9.392 , 88.67017 , 70.26779 , 0.03662872
9.395 , 88.64729 , 70.26779 , 0.04120636
9.398 , 88.64729 , 70.29068 , 0.04120636
9.4 , 88.67017 , 70.31358 , 0.04120636
9.403 , 88.64729 , 70.26779 , 0.04120636
9.405 , 88.64729 , 70.26779 , 0.04120636
9.408 , 88.64729 , 70.26779 , 0.04120636
9.411 , 88.64729 , 70.22202 , 0.04120636
9.413 , 88.60151 , 70.22202 , 0.04120636
9.416 , 88.60151 , 70.22202 , 0.04120636
9.418 , 88.60151 , 70.22202 , 0.04120636
9.421 , 88.64729 , 70.26779 , 0.04120636
9.423 , 88.60151 , 70.26779 , 0.04120636
9.426 , 88.60151 , 70.19913 , 0.04120636
9.428 , 88.60151 , 70.22202 , 0.04120636
9.431 , 88.60151 , 70.19913 , 0.04120636
9.434 , 88.57862 , 70.15335 , 0.045784
9.436 , 88.57862 , 70.19913 , 0.045784
9.439 , 88.60151 , 70.19913 , 0.045784
9.441 , 88.57862 , 70.19913 , 0.045784
9.444 , 88.57862 , 70.15335 , 0.045784
9.447 , 88.53284 , 70.15335 , 0.045784
9.449 , 88.53284 , 70.15335 , 0.045784
9.452 , 88.57862 , 70.13046 , 0.045784
9.454 , 88.57862 , 70.13046 , 0.045784
9.457 , 88.57862 , 70.13046 , 0.045784
9.46 , 88.60151 , 70.15335 , 0.05036163
9.462 , 88.53284 , 70.13046 , 0.05036163
9.465 , 88.57862 , 70.15335 , 0.05036163
9.467 , 88.57862 , 70.13046 , 0.05036163
9.47 , 88.53284 , 70.0618 , 0.045784
9.472 , 88.53284 , 70.08469 , 0.045784
9.475 , 88.53284 , 70.13046 , 0.045784
9.486 , 88.46418 , 70.08469 , 0.05036163
9.488 , 88.46418 , 70.0618 , 0.05036163
9.491 , 88.50996 , 70.03891 , 0.05036163
9.494 , 88.46418 , 70.0618 , 0.05036163
9.496 , 88.46418 , 70.0618 , 0.05036163
9.499 , 88.46418 , 70.03891 , 0.045784
9.501 , 88.46418 , 70.03891 , 0.05036163
9.504 , 88.44129 , 70.0618 , 0.05036163
9.506 , 88.44129 , 70.03891 , 0.05036163
9.509 , 88.44129 , 69.99313 , 0.05036163
9.512 , 88.46418 , 70.03891 , 0.05036163
9.514 , 88.44129 , 69.99313 , 0.05036163
9.517 , 88.44129 , 69.97025 , 0.05036163
9.519 , 88.4184 , 69.99313 , 0.05036163
9.522 , 88.4184 , 70.0618 , 0.05036163
9.525 , 88.4184 , 69.99313 , 0.05036163
9.527 , 88.4184 , 69.97025 , 0.05036163
9.53 , 88.37263 , 69.97025 , 0.05036163
9.532 , 88.37263 , 69.97025 , 0.045784
9.535 , 88.37263 , 69.97025 , 0.045784
9.538 , 88.4184 , 69.97025 , 0.05036163
9.54 , 88.34974 , 69.97025 , 0.05036163
9.543 , 88.37263 , 69.92447 , 0.045784
9.545 , 88.34974 , 69.99313 , 0.045784
9.548 , 88.34974 , 69.92447 , 0.05036163
9.551 , 88.30396 , 69.90158 , 0.05036163
9.553 , 88.34974 , 69.92447 , 0.05036163
9.556 , 88.28107 , 69.92447 , 0.045784
9.558 , 88.30396 , 69.90158 , 0.05036163
9.561 , 88.30396 , 69.92447 , 0.05036163
9.564 , 88.30396 , 69.90158 , 0.05036163
9.566 , 88.28107 , 69.90158 , 0.05036163
9.569 , 88.25818 , 69.83292 , 0.045784
9.571 , 88.28107 , 69.83292 , 0.05036163
9.574 , 88.25818 , 69.83292 , 0.05036163
9.577 , 88.28107 , 69.90158 , 0.05036163
9.579 , 88.25818 , 69.90158 , 0.05036163
9.582 , 88.30396 , 69.90158 , 0.05036163
9.584 , 88.25818 , 69.83292 , 0.05036163
9.587 , 88.25818 , 69.81003 , 0.05036163
9.59 , 88.2124 , 69.83292 , 0.05493927
9.592 , 88.2124 , 69.78714 , 0.05036163
9.595 , 88.18951 , 69.78714 , 0.05036163
9.597 , 88.2124 , 69.78714 , 0.05036163
9.6 , 88.18951 , 69.81003 , 0.05036163
9.602 , 88.2124 , 69.81003 , 0.05493927
9.605 , 88.2124 , 69.81003 , 0.05036163
9.607 , 88.12085 , 69.78714 , 0.05493927
9.61 , 88.12085 , 69.71848 , 0.05493927
9.613 , 88.12085 , 69.74136 , 0.05036163
9.615 , 88.07507 , 69.71848 , 0.05493927
9.618 , 88.12085 , 69.71848 , 0.05493927
9.62 , 88.12085 , 69.71848 , 0.05493927
9.623 , 88.07507 , 69.74136 , 0.05493927
9.626 , 88.12085 , 69.74136 , 0.05493927
9.628 , 88.12085 , 69.71848 , 0.05493927
9.631 , 88.07507 , 69.71848 , 0.05493927
9.633 , 88.05219 , 69.6727 , 0.05493927
9.636 , 88.05219 , 69.6727 , 0.05493927
9.639 , 88.05219 , 69.71848 , 0.05493927
9.641 , 88.12085 , 69.71848 , 0.05493927
9.644 , 88.07507 , 69.6727 , 0.05951691
9.647 , 88.05219 , 69.6727 , 0.05493927
9.649 , 88.0293 , 69.64981 , 0.05036163
9.652 , 88.0293 , 69.64981 , 0.05493927
9.654 , 88.0293 , 69.64981 , 0.05036163
9.657 , 88.07507 , 69.64981 , 0.05493927
9.66 , 88.07507 , 69.64981 , 0.05493927
9.662 , 88.05219 , 69.64981 , 0.05493927
9.665 , 88.07507 , 69.60403 , 0.05493927
9.667 , 88.05219 , 69.58115 , 0.05036163
9.67 , 88.07507 , 69.60403 , 0.05036163
9.673 , 88.05219 , 69.58115 , 0.05036163
9.675 , 88.05219 , 69.58115 , 0.05493927
9.678 , 88.05219 , 69.58115 , 0.05036163
9.68 , 88.05219 , 69.60403 , 0.05493927
9.683 , 88.05219 , 69.58115 , 0.05036163
9.685 , 88.05219 , 69.58115 , 0.05036163
9.688 , 88.0293 , 69.58115 , 0.05036163
9.691 , 88.0293 , 69.55825 , 0.05036163
9.693 , 88.0293 , 69.58115 , 0.05036163
9.696 , 87.98352 , 69.58115 , 0.05036163
9.698 , 87.98352 , 69.58115 , 0.045784
9.701 , 87.98352 , 69.55825 , 0.05036163
9.704 , 88.0293 , 69.55825 , 0.045784
9.706 , 87.98352 , 69.58115 , 0.045784
9.709 , 87.98352 , 69.55825 , 0.045784
9.711 , 87.96063 , 69.55825 , 0.045784
9.714 , 87.98352 , 69.51247 , 0.045784
9.717 , 87.98352 , 69.51247 , 0.045784
9.719 , 87.98352 , 69.51247 , 0.045784
9.722 , 87.98352 , 69.51247 , 0.045784
9.725 , 87.98352 , 69.48959 , 0.04120636
9.727 , 87.96063 , 69.48959 , 0.04120636
9.73 , 87.91486 , 69.48959 , 0.04120636
9.732 , 87.91486 , 69.48959 , 0.04120636
9.735 , 87.96063 , 69.44381 , 0.04120636
9.738 , 87.96063 , 69.44381 , 0.04120636
9.74 , 87.91486 , 69.48959 , 0.03662872
9.743 , 87.96063 , 69.48959 , 0.04120636
9.745 , 87.91486 , 69.42092 , 0.03662872
9.748 , 87.91486 , 69.42092 , 0.03662872
9.751 , 87.91486 , 69.44381 , 0.03662872
9.753 , 87.89197 , 69.42092 , 0.03662872
9.756 , 87.89197 , 69.42092 , 0.03662872
9.758 , 87.91486 , 69.42092 , 0.03662872
9.761 , 87.86908 , 69.42092 , 0.03662872
9.764 , 87.86908 , 69.42092 , 0.03662872
9.766 , 87.8233 , 69.44381 , 0.03205109
9.769 , 87.77753 , 69.37514 , 0.03662872
9.771 , 87.77753 , 69.37514 , 0.03662872
9.774 , 87.86908 , 69.37514 , 0.05951691
9.777 , 87.89197 , 69.37514 , 0.07553864
9.779 , 87.86908 , 69.35226 , 0.05951691
9.782 , 87.8233 , 69.37514 , 0.045784
9.785 , 87.86908 , 69.42092 , 0.1442032
9.787 , 88.05219 , 69.37514 , 0.3341789
9.789 , 88.30396 , 69.32937 , 0.6363068
9.792 , 88.57862 , 69.32937 , 0.844593
9.794 , 88.30396 , 69.32937 , 0.4921112
9.797 , 88.0293 , 69.32937 , 0.2380466
9.799 , 87.77753 , 69.35226 , -0.01372719
9.802 , 87.50286 , 69.35226 , -0.2677879
9.804 , 87.34264 , 69.35226 , -0.3318768
9.807 , 87.47997 , 69.32937 , -0.1693687
9.809 , 87.6402 , 69.28359 , 0.01145172
9.812 , 87.8233 , 69.28359 , 0.1670914
9.814 , 87.96063 , 69.28359 , 0.2998466
9.817 , 88.05219 , 69.28359 , 0.3296013
9.819 , 87.98352 , 69.32937 , 0.2861137
9.822 , 87.91486 , 69.32937 , 0.1968479
9.824 , 87.8233 , 69.32937 , 0.1075821
9.826 , 87.73175 , 69.28359 , 0.05493927
9.829 , 87.70886 , 69.2607 , 0.04120636
9.832 , 87.70886 , 69.2607 , 0.06409454
9.834 , 87.73175 , 69.2607 , 0.1075821
9.837 , 87.77753 , 69.28359 , 0.1350479
9.839 , 87.77753 , 69.21493 , 0.1487808
9.842 , 87.77753 , 69.2607 , 0.1487808
9.844 , 87.77753 , 69.2607 , 0.1350479
9.847 , 87.77753 , 69.2607 , 0.1121597
9.849 , 87.70886 , 69.21493 , 0.09842682
9.852 , 87.70886 , 69.21493 , 0.09842682
9.854 , 87.68597 , 69.19204 , 0.09842682
9.857 , 87.70886 , 69.19204 , 0.1075821
9.859 , 87.73175 , 69.21493 , 0.1167374
9.862 , 87.70886 , 69.21493 , 0.121315
9.864 , 87.70886 , 69.19204 , 0.121315
9.867 , 87.70886 , 69.19204 , 0.1121597
9.869 , 87.68597 , 69.19204 , 0.1030045
9.871 , 87.6402 , 69.19204 , 0.1030045
9.874 , 87.68597 , 69.19204 , 0.1030045
9.876 , 87.6402 , 69.16914 , 0.1030045
9.879 , 87.68597 , 69.19204 , 0.1030045
9.881 , 87.70886 , 69.19204 , 0.1030045
9.884 , 87.6402 , 69.16914 , 0.1030045
9.886 , 87.68597 , 69.19204 , 0.1075821
9.889 , 87.6402 , 69.16914 , 0.1030045
9.891 , 87.61731 , 69.12337 , 0.1030045
9.893 , 87.61731 , 69.12337 , 0.09842682
9.896 , 87.61731 , 69.16914 , 0.09842682
9.899 , 87.6402 , 69.16914 , 0.09842682
9.901 , 87.61731 , 69.16914 , 0.09842682
9.904 , 87.57153 , 69.16914 , 0.09842682
9.906 , 87.61731 , 69.12337 , 0.09842682
9.909 , 87.57153 , 69.10048 , 0.09384918
9.912 , 87.57153 , 69.0547 , 0.09384918
9.914 , 87.61731 , 69.0547 , 0.09384918
9.917 , 87.54864 , 69.10048 , 0.09384918
9.919 , 87.57153 , 69.10048 , 0.09384918
9.922 , 87.57153 , 69.12337 , 0.09384918
9.925 , 87.54864 , 69.10048 , 0.09384918
9.927 , 87.54864 , 69.10048 , 0.09384918
9.93 , 87.54864 , 69.0547 , 0.08927155
9.932 , 87.54864 , 69.03181 , 0.09384918
9.935 , 87.50286 , 69.0547 , 0.08927155
9.938 , 87.50286 , 69.0547 , 0.08927155
9.94 , 87.50286 , 69.0547 , 0.09384918
9.943 , 87.50286 , 69.0547 , 0.08927155
9.945 , 87.47997 , 69.03181 , 0.08927155
9.948 , 87.47997 , 69.03181 , 0.08927155
9.951 , 87.47997 , 69.03181 , 0.08469391
9.953 , 87.47997 , 68.98604 , 0.08469391
9.956 , 87.41131 , 69.03181 , 0.08469391
9.959 , 87.47997 , 68.98604 , 0.08469391
9.961 , 87.47997 , 68.98604 , 0.08927155
9.964 , 87.41131 , 69.03181 , 0.08469391
9.966 , 87.41131 , 68.98604 , 0.08469391
9.969 , 87.41131 , 68.98604 , 0.08469391
9.972 , 87.38842 , 68.94026 , 0.08011627
9.974 , 87.41131 , 68.94026 , 0.08011627
9.977 , 87.38842 , 68.96315 , 0.08469391
9.979 , 87.38842 , 68.96315 , 0.08469391
9.982 , 87.41131 , 68.98604 , 0.08469391
9.985 , 87.38842 , 68.96315 , 0.08469391
9.987 , 87.38842 , 68.94026 , 0.08469391
9.99 , 87.38842 , 68.89449 , 0.08011627
9.992 , 87.38842 , 68.89449 , 0.08011627
9.995 , 87.34264 , 68.94026 , 0.08011627
9.998 , 87.34264 , 68.8716 , 0.08011627
10.0 , 87.34264 , 68.94026 , 0.08011627
10.003 , 87.38842 , 68.94026 , 0.1121597
10.005 , 87.38842 , 68.94026 , 0.1304703
10.008 , 87.34264 , 68.89449 , 0.1030045
10.01 , 87.34264 , 68.89449 , 0.09384918
10.013 , 87.31976 , 68.8716 , 0.06867218
10.023 , 87.29687 , 68.89449 , 0.05951691
10.026 , 87.29687 , 68.8716 , 0.05951691
10.029 , 87.29687 , 68.89449 , 0.06409454
10.031 , 87.25109 , 68.82582 , 0.08011627
10.034 , 87.29687 , 68.82582 , 0.08011627
10.036 , 87.2282 , 68.82582 , 0.05036163
10.039 , 87.18242 , 68.82582 , 0.01602936
10.042 , 87.2282 , 68.82582 , 0.03662872
10.044 , 87.25109 , 68.8716 , 0.04120636
10.047 , 87.2282 , 68.80293 , 0.05036163
10.049 , 87.13664 , 68.80293 , 0.02289581
10.052 , 87.15953 , 68.75715 , 0.03205109
10.054 , 87.15953 , 68.80293 , 0.05036163
10.057 , 87.18242 , 68.80293 , 0.05493927
10.06 , 87.18242 , 68.80293 , 0.03662872
10.062 , 87.13664 , 68.80293 , 0.01602936
10.065 , 87.13664 , 68.75715 , 0.03662872
10.067 , 87.15953 , 68.75715 , 0.03662872
10.07 , 87.13664 , 68.73426 , 0.04120636
10.072 , 87.06798 , 68.6656 , 7.629395e-06
10.075 , 87.06798 , 68.64271 , 0.01145172
10.078 , 87.09087 , 68.73426 , 0.03205109
10.08 , 87.13664 , 68.73426 , 0.03662872
10.083 , 87.09087 , 68.73426 , 0.045784
10.085 , 87.13664 , 68.71137 , 0.06409454
10.088 , 87.06798 , 68.71137 , 0.01145172
10.091 , 87.0222 , 68.71137 , -0.01372719
10.093 , 87.0222 , 68.64271 , 7.629395e-06
10.096 , 87.06798 , 68.6656 , 0.004585266
10.098 , 87.06798 , 68.71137 , 0.02747345
10.101 , 87.09087 , 68.6656 , 0.05036163
10.104 , 87.06798 , 68.71137 , 0.04120636
10.106 , 87.0222 , 68.64271 , 0.01602936
10.109 , 86.99931 , 68.59693 , 0.02289581
10.111 , 86.95354 , 68.59693 , 0.01602936
10.114 , 87.0222 , 68.64271 , 0.01602936
10.116 , 87.0222 , 68.59693 , 0.02289581
10.119 , 86.99931 , 68.57404 , 0.02747345
10.122 , 86.95354 , 68.64271 , -0.02288246
10.124 , 86.95354 , 68.59693 , -0.03203773
10.127 , 86.95354 , 68.59693 , -0.01830482
10.129 , 86.93065 , 68.57404 , -0.004571915
10.132 , 86.95354 , 68.57404 , 0.02289581
10.135 , 86.99931 , 68.52827 , 0.045784
10.137 , 86.93065 , 68.57404 , 0.01602936
10.14 , 86.93065 , 68.52827 , -0.009149551
10.143 , 86.95354 , 68.57404 , -0.004571915
10.145 , 86.93065 , 68.57404 , -0.009149551
10.148 , 86.93065 , 68.52827 , 7.629395e-06
10.151 , 86.93065 , 68.52827 , 0.01145172
10.153 , 86.90776 , 68.50538 , -0.01830482
10.156 , 86.86198 , 68.50538 , -0.04577065
10.158 , 86.93065 , 68.57404 , -0.01830482
10.161 , 86.86198 , 68.57404 , -0.01830482
10.163 , 86.90776 , 68.57404 , -0.004571915
10.166 , 86.90776 , 68.57404 , 0.01145172
10.169 , 86.90776 , 68.50538 , 0.004585266
10.171 , 86.86198 , 68.50538 , -0.03203773
10.174 , 86.86198 , 68.48249 , -0.03203773
10.177 , 86.86198 , 68.48249 , -0.0274601
10.179 , 86.86198 , 68.50538 , -0.02288246
10.182 , 86.86198 , 68.50538 , -0.009149551
10.184 , 86.90776 , 68.52827 , 7.629395e-06
10.187 , 86.79331 , 68.48249 , -0.04119301
10.19 , 86.8391 , 68.48249 , -0.04577065
10.192 , 86.8391 , 68.50538 , -0.04119301
10.195 , 86.79331 , 68.48249 , -0.03203773
10.198 , 86.8391 , 68.43671 , -0.01830482
10.2 , 86.8391 , 68.43671 , -0.004571915
10.203 , 86.79331 , 68.50538 , -0.03203773
10.205 , 86.77042 , 68.43671 , -0.05492592
10.208 , 86.79331 , 68.41382 , -0.04577065
10.211 , 86.79331 , 68.41382 , -0.04577065
10.213 , 86.77042 , 68.43671 , -0.03203773
10.216 , 86.79331 , 68.43671 , -0.01830482
10.218 , 86.77042 , 68.41382 , -0.0274601
10.221 , 86.70176 , 68.43671 , -0.05034828
10.223 , 86.77042 , 68.41382 , -0.05034828
10.226 , 86.74754 , 68.43671 , -0.05492592
10.229 , 86.74754 , 68.36804 , -0.04577065
10.231 , 86.74754 , 68.36804 , -0.03203773
10.234 , 86.74754 , 68.36804 , -0.02288246
10.236 , 86.74754 , 68.36804 , -0.03661537
10.239 , 86.74754 , 68.36804 , -0.04119301
10.241 , 86.74754 , 68.36804 , -0.04577065
10.244 , 86.74754 , 68.36804 , -0.04577065
10.247 , 86.70176 , 68.36804 , -0.04577065
10.249 , 86.70176 , 68.36804 , -0.04119301
10.252 , 86.63309 , 68.34515 , -0.06408119
10.254 , 86.63309 , 68.34515 , -0.0778141
10.257 , 86.63309 , 68.36804 , -0.07323647
10.26 , 86.67887 , 68.32227 , -0.05950356
10.262 , 86.70176 , 68.34515 , -0.05034828
10.265 , 86.67887 , 68.34515 , -0.03203773
10.267 , 86.67887 , 68.34515 , -0.03661537
10.27 , 86.61021 , 68.32227 , -0.05034828
10.272 , 86.63309 , 68.27649 , -0.05492592
10.275 , 86.63309 , 68.27649 , -0.05950356
10.278 , 86.61021 , 68.27649 , -0.05950356
10.28 , 86.61021 , 68.32227 , -0.05492592
10.283 , 86.56443 , 68.32227 , -0.05034828
10.285 , 86.56443 , 68.32227 , -0.06865883
10.288 , 86.56443 , 68.27649 , -0.06865883
10.291 , 86.54154 , 68.27649 , -0.05950356
10.293 , 86.61021 , 68.2536 , -0.05950356
10.296 , 86.56443 , 68.20782 , -0.04577065
10.298 , 86.61021 , 68.2536 , -0.04119301
10.301 , 86.54154 , 68.2536 , -0.0778141
10.303 , 86.51865 , 68.2536 , -0.1190147
10.306 , 86.47288 , 68.20782 , -0.09612465
10.308 , 86.51865 , 68.20782 , -0.07323647
10.311 , 86.47288 , 68.20782 , -0.06408119
10.314 , 86.54154 , 68.18494 , -0.0274601
10.316 , 86.51865 , 68.18494 , -0.01830482
10.319 , 86.54154 , 68.20782 , -0.0274601
10.321 , 86.51865 , 68.20782 , -0.04577065
10.324 , 86.51865 , 68.20782 , -0.05950356
10.326 , 86.47288 , 68.18494 , -0.07323647
10.329 , 86.44999 , 68.18494 , -0.0778141
10.332 , 86.44999 , 68.13916 , -0.06408119
10.334 , 86.44999 , 68.18494 , -0.06408119
10.337 , 86.51865 , 68.13916 , -0.05034828
10.339 , 86.47288 , 68.13916 , -0.04577065
10.342 , 86.47288 , 68.13916 , -0.04577065
10.345 , 86.47288 , 68.18494 , -0.05034828
10.347 , 86.44999 , 68.13916 , -0.05492592
10.35 , 86.44999 , 68.11627 , -0.05492592
10.352 , 86.38132 , 68.09338 , -0.05950356
10.355 , 86.40421 , 68.09338 , -0.05950356
10.357 , 86.44999 , 68.11627 , -0.05492592
10.36 , 86.40421 , 68.09338 , -0.05034828
10.363 , 86.44999 , 68.09338 , -0.05034828
10.365 , 86.40421 , 68.04761 , -0.05034828
10.368 , 86.38132 , 68.04761 , -0.05492592
10.37 , 86.40421 , 68.04761 , -0.05034828
10.373 , 86.40421 , 68.04761 , -0.05034828
10.376 , 86.38132 , 68.02472 , -0.05034828
10.378 , 86.40421 , 68.04761 , -0.05034828
10.381 , 86.38132 , 68.04761 , -0.05034828
10.383 , 86.40421 , 68.04761 , -0.05034828
10.386 , 86.35843 , 68.04761 , -0.05034828
10.388 , 86.38132 , 68.02472 , -0.05034828
10.391 , 86.35843 , 68.02472 , -0.05034828
10.394 , 86.35843 , 68.02472 , -0.05034828
10.396 , 86.35843 , 67.97894 , -0.05034828
10.399 , 86.35843 , 67.97894 , -0.05034828
10.401 , 86.31265 , 67.97894 , -0.05034828
10.404 , 86.35843 , 68.02472 , -0.05034828
10.407 , 86.31265 , 67.97894 , -0.05034828
10.409 , 86.28976 , 67.97894 , -0.05034828
10.412 , 86.28976 , 67.95605 , -0.05034828
10.414 , 86.31265 , 67.91028 , -0.05034828
10.417 , 86.31265 , 67.95605 , -0.05034828
10.42 , 86.31265 , 67.95605 , -0.04577065
10.422 , 86.28976 , 67.97894 , -0.05034828
10.425 , 86.31265 , 67.95605 , -0.05034828
10.427 , 86.28976 , 67.97894 , -0.05034828
10.43 , 86.28976 , 67.91028 , -0.04577065
10.432 , 86.24399 , 67.88739 , -0.05034828
10.435 , 86.24399 , 67.91028 , -0.05034828
10.438 , 86.24399 , 67.91028 , -0.05034828
10.44 , 86.24399 , 67.91028 , -0.04577065
10.443 , 86.24399 , 67.95605 , -0.05034828
10.445 , 86.2211 , 67.91028 , -0.04577065
10.448 , 86.24399 , 67.91028 , -0.05034828
10.451 , 86.2211 , 67.91028 , -0.05034828
10.453 , 86.24399 , 67.88739 , -0.05034828
10.456 , 86.19821 , 67.91028 , -0.05034828
10.458 , 86.2211 , 67.88739 , -0.04577065
10.461 , 86.19821 , 67.91028 , -0.04577065
10.463 , 86.19821 , 67.88739 , -0.04577065
10.466 , 86.2211 , 67.88739 , -0.04577065
10.469 , 86.19821 , 67.88739 , -0.04577065
10.471 , 86.15244 , 67.8645 , -0.04577065
10.474 , 86.15244 , 67.8645 , -0.05034828
10.476 , 86.19821 , 67.88739 , -0.04577065
10.479 , 86.19821 , 67.91028 , -0.04577065
10.482 , 86.15244 , 67.91028 , -0.05034828
10.484 , 86.15244 , 67.8645 , -0.05034828
10.487 , 86.12955 , 67.8645 , -0.05034828
10.489 , 86.12955 , 67.81873 , -0.05034828
10.492 , 86.12955 , 67.79584 , -0.04577065
10.494 , 86.08377 , 67.81873 , -0.05034828
10.497 , 86.12955 , 67.81873 , -0.05034828
10.5 , 86.08377 , 67.81873 , -0.04577065
10.502 , 86.12955 , 67.81873 , -0.04577065
10.505 , 86.15244 , 67.79584 , -0.04577065
10.507 , 86.12955 , 67.81873 , -0.04577065
10.51 , 86.08377 , 67.79584 , -0.04577065
10.513 , 86.08377 , 67.79584 , -0.04119301
10.515 , 86.06088 , 67.75006 , -0.04577065
10.518 , 86.06088 , 67.72717 , -0.04119301
10.52 , 86.06088 , 67.75006 , -0.03661537
10.523 , 86.06088 , 67.79584 , -0.02288246
10.526 , 86.08377 , 67.75006 , 0.004585266
10.528 , 86.08377 , 67.72717 , 7.629395e-06
10.531 , 86.08377 , 67.72717 , -0.01830482
10.533 , 86.06088 , 67.72717 , 7.629395e-06
10.536 , 86.19821 , 67.72717 , 0.1625137
10.538 , 86.40421 , 67.72717 , 0.382246
10.541 , 86.77042 , 67.68139 , 0.7187061
10.543 , 86.86198 , 67.72717 , 0.8239937
10.546 , 86.77042 , 67.72717 , 0.6729298
10.548 , 86.38132 , 67.68139 , 0.3090019
10.551 , 85.99222 , 67.68139 , -0.06865883
10.553 , 85.74045 , 67.6585 , -0.3318768
10.556 , 85.60311 , 67.63561 , -0.4211426
10.566 , 86.35843 , 67.6585 , 0.3227348
10.569 , 86.31265 , 67.63561 , 0.3433342
10.571 , 86.24399 , 67.63561 , 0.2609348
10.574 , 86.15244 , 67.58984 , 0.1625137
10.576 , 86.06088 , 67.58984 , 0.08469391
10.579 , 86.01511 , 67.58984 , 0.03662872
10.581 , 85.96933 , 67.58984 , 0.03662872
10.584 , 85.99222 , 67.58984 , 0.06867218
10.587 , 86.01511 , 67.58984 , 0.1121597
10.589 , 86.01511 , 67.56695 , 0.1396255
10.591 , 86.06088 , 67.56695 , 0.1533585
10.594 , 86.08377 , 67.56695 , 0.1487808
10.596 , 86.01511 , 67.56695 , 0.1304703
10.599 , 86.01511 , 67.56695 , 0.1121597
10.601 , 86.01511 , 67.58984 , 0.09842682
10.604 , 85.99222 , 67.56695 , 0.09842682
10.607 , 85.99222 , 67.56695 , 0.1075821
10.609 , 85.99222 , 67.49828 , 0.1167374
10.611 , 85.99222 , 67.49828 , 0.1258926
10.614 , 85.99222 , 67.49828 , 0.1304703
10.616 , 85.99222 , 67.49828 , 0.1304703
10.619 , 85.99222 , 67.52117 , 0.1258926
10.621 , 85.99222 , 67.52117 , 0.121315
10.623 , 85.99222 , 67.49828 , 0.1167374
10.626 , 85.92355 , 67.56695 , 0.1121597
10.628 , 85.96933 , 67.49828 , 0.1121597
10.631 , 85.92355 , 67.49828 , 0.1121597
10.633 , 85.92355 , 67.42962 , 0.121315
10.635 , 85.92355 , 67.49828 , 0.121315
10.638 , 85.92355 , 67.42962 , 0.121315
10.64 , 85.92355 , 67.49828 , 0.1258926
10.643 , 85.92355 , 67.49828 , 0.1258926
10.645 , 85.96933 , 67.40673 , 0.1258926
10.647 , 85.92355 , 67.40673 , 0.121315
10.65 , 85.90067 , 67.40673 , 0.1167374
10.652 , 85.90067 , 67.36095 , 0.1167374
10.655 , 85.90067 , 67.40673 , 0.121315
10.657 , 85.92355 , 67.42962 , 0.121315
10.66 , 85.90067 , 67.36095 , 0.121315
10.662 , 85.85489 , 67.40673 , 0.121315
10.664 , 85.90067 , 67.40673 , 0.121315
10.667 , 85.85489 , 67.40673 , 0.121315
10.669 , 85.85489 , 67.36095 , 0.1167374
10.672 , 85.832 , 67.33807 , 0.121315
10.674 , 85.85489 , 67.29228 , 0.121315
10.676 , 85.85489 , 67.33807 , 0.121315
10.679 , 85.832 , 67.36095 , 0.1167374
10.681 , 85.832 , 67.33807 , 0.121315
10.684 , 85.85489 , 67.33807 , 0.1167374
10.686 , 85.832 , 67.33807 , 0.1167374
10.689 , 85.85489 , 67.33807 , 0.1167374
10.691 , 85.85489 , 67.29228 , 0.1121597
10.693 , 85.832 , 67.26939 , 0.1121597
10.696 , 85.85489 , 67.29228 , 0.1121597
10.698 , 85.832 , 67.36095 , 0.1167374
10.701 , 85.85489 , 67.29228 , 0.1167374
10.703 , 85.76334 , 67.29228 , 0.1121597
10.705 , 85.832 , 67.29228 , 0.1075821
10.708 , 85.80911 , 67.26939 , 0.1075821
10.71 , 85.80911 , 67.24651 , 0.1075821
10.713 , 85.80911 , 67.24651 , 0.1075821
10.715 , 85.80911 , 67.26939 , 0.1075821
10.717 , 85.80911 , 67.24651 , 0.1075821
10.72 , 85.80911 , 67.26939 , 0.1075821
10.722 , 85.80911 , 67.26939 , 0.1075821
10.725 , 85.76334 , 67.26939 , 0.1030045
10.727 , 85.74045 , 67.24651 , 0.1030045
10.729 , 85.74045 , 67.24651 , 0.1030045
10.732 , 85.76334 , 67.20073 , 0.09842682
10.734 , 85.76334 , 67.24651 , 0.09842682
10.737 , 85.74045 , 67.17784 , 0.1030045
10.739 , 85.74045 , 67.17784 , 0.1030045
10.742 , 85.76334 , 67.20073 , 0.09384918
10.744 , 85.69467 , 67.20073 , 0.01145172
10.747 , 85.626 , 67.20073 , -0.02288246
10.749 , 85.60311 , 67.13206 , 0.01602936
10.752 , 85.67178 , 67.17784 , 0.09384918
10.755 , 85.832 , 67.17784 , 0.1808243
10.757 , 85.76334 , 67.17784 , 0.1876926
10.759 , 85.80911 , 67.13206 , 0.1922703
10.762 , 85.76334 , 67.17784 , 0.1533585
10.764 , 85.67178 , 67.17784 , 0.06409454
10.767 , 85.58022 , 67.13206 , -0.01830482
10.769 , 85.58022 , 67.10918 , -0.004571915
10.772 , 85.60311 , 67.13206 , 0.01602936
10.775 , 85.60311 , 67.10918 , 0.045784
10.777 , 85.58022 , 67.13206 , 0.05036163
10.78 , 85.626 , 67.13206 , 0.08469391
10.783 , 85.67178 , 67.13206 , 0.09384918
10.785 , 85.67178 , 67.0634 , 0.09384918
10.788 , 85.60311 , 67.10918 , 0.045784
10.79 , 85.53445 , 67.0634 , 0.02289581
10.793 , 85.53445 , 67.0634 , 0.04120636
10.795 , 85.51156 , 67.10918 , 0.04120636
10.798 , 85.58022 , 67.0634 , 0.05036163
10.8 , 85.53445 , 67.10918 , 0.045784
10.803 , 85.58022 , 67.10918 , 0.05951691
10.806 , 85.53445 , 67.10918 , 0.05493927
10.808 , 85.53445 , 67.04051 , 0.05036163
10.811 , 85.51156 , 67.0634 , 7.629395e-06
10.813 , 85.46578 , 67.01762 , -0.01372719
10.816 , 85.44289 , 67.04051 , 0.004585266
10.819 , 85.51156 , 67.04051 , 0.02747345
10.821 , 85.51156 , 67.04051 , 0.02289581
10.824 , 85.46578 , 67.04051 , 0.01602936
10.826 , 85.46578 , 67.01762 , 0.04120636
10.829 , 85.46578 , 67.01762 , 0.04120636
10.831 , 85.46578 , 67.01762 , 0.03205109
10.834 , 85.37423 , 67.04051 , -0.01372719
10.837 , 85.42001 , 67.01762 , -0.01372719
10.839 , 85.44289 , 67.04051 , 0.004585266
10.842 , 85.44289 , 67.04051 , 0.01602936
10.844 , 85.44289 , 67.01762 , 0.03205109
10.847 , 85.44289 , 67.01762 , 0.05036163
10.85 , 85.37423 , 67.01762 , 0.004585266
10.852 , 85.37423 , 66.97185 , -0.03203773
10.855 , 85.37423 , 66.97185 , -0.01372719
10.857 , 85.37423 , 66.97185 , -0.01372719
10.86 , 85.42001 , 67.01762 , 0.004585266
10.863 , 85.44289 , 66.97185 , 0.02747345
10.865 , 85.37423 , 67.01762 , 0.01602936
10.868 , 85.35134 , 66.97185 , -0.03203773
10.87 , 85.35134 , 66.97185 , -0.01830482
10.873 , 85.30556 , 66.90318 , -0.01372719
10.876 , 85.35134 , 66.94896 , -0.009149551
10.878 , 85.35134 , 66.94896 , 0.004585266
10.881 , 85.37423 , 67.01762 , 0.01602936
10.884 , 85.35134 , 66.94896 , -0.04119301
10.886 , 85.28267 , 66.94896 , -0.04119301
10.889 , 85.28267 , 66.90318 , -0.03203773
10.891 , 85.25978 , 66.90318 , -0.01830482
10.894 , 85.30556 , 66.90318 , -0.004571915
10.897 , 85.30556 , 66.90318 , 0.01602936
10.899 , 85.28267 , 66.90318 , -0.03661537
10.902 , 85.25978 , 66.90318 , -0.05034828
10.904 , 85.25978 , 66.90318 , -0.03203773
10.907 , 85.25978 , 66.90318 , -0.03203773
10.91 , 85.25978 , 66.88029 , -0.01830482
10.912 , 85.28267 , 66.88029 , -0.004571915
10.915 , 85.28267 , 66.88029 , -0.01372719
10.917 , 85.25978 , 66.88029 , -0.03203773
10.92 , 85.214 , 66.83452 , -0.0274601
10.923 , 85.214 , 66.88029 , -0.0274601
10.925 , 85.214 , 66.88029 , -0.02288246
10.928 , 85.25978 , 66.88029 , -0.02288246
10.93 , 85.19112 , 66.88029 , -0.03203773
10.933 , 85.12245 , 66.88029 , -0.07323647
10.936 , 85.14534 , 66.88029 , -0.07323647
10.938 , 85.14534 , 66.83452 , -0.05492592
10.941 , 85.214 , 66.88029 , -0.04119301
10.943 , 85.19112 , 66.83452 , -0.01372719
10.946 , 85.214 , 66.88029 , 0.004585266
10.949 , 85.19112 , 66.81163 , -0.0274601
10.951 , 85.12245 , 66.81163 , -0.04577065
10.954 , 85.14534 , 66.81163 , -0.04119301
10.956 , 85.12245 , 66.81163 , -0.04577065
10.959 , 85.14534 , 66.81163 , -0.03203773
10.961 , 85.19112 , 66.81163 , -0.02288246
10.964 , 85.12245 , 66.81163 , -0.04577065
10.966 , 85.05379 , 66.78874 , -0.07323647
10.969 , 85.0309 , 66.78874 , -0.05492592
10.972 , 85.0309 , 66.74297 , -0.05034828
10.974 , 85.12245 , 66.78874 , -0.03203773
10.977 , 85.05379 , 66.74297 , -0.01830482
10.979 , 85.05379 , 66.78874 , -0.01372719
10.982 , 85.05379 , 66.78874 , -0.05492592
10.985 , 85.05379 , 66.78874 , -0.05492592
10.987 , 85.05379 , 66.74297 , -0.05034828
10.99 , 85.05379 , 66.72008 , -0.04577065
10.993 , 85.0309 , 66.72008 , -0.0274601
10.995 , 85.0309 , 66.6743 , -0.01372719
10.998 , 85.05379 , 66.72008 , -0.05034828
11.0 , 85.0309 , 66.72008 , -0.05492592
11.003 , 85.0309 , 66.72008 , -0.05034828
11.005 , 85.05379 , 66.72008 , -0.04577065
11.008 , 85.0309 , 66.6743 , -0.03203773
11.011 , 85.0309 , 66.72008 , -0.01372719
11.013 , 85.05379 , 66.65141 , -0.03203773
11.016 , 84.98512 , 66.62852 , -0.05950356
11.018 , 85.0309 , 66.6743 , -0.04577065
11.021 , 84.98512 , 66.65141 , -0.05034828
11.023 , 84.98512 , 66.58275 , -0.03203773
11.026 , 84.96223 , 66.55985 , -0.01830482
11.029 , 84.98512 , 66.58275 , -0.01372719
11.031 , 84.98512 , 66.58275 , -0.04577065
11.034 , 84.91646 , 66.51408 , -0.04577065
11.036 , 84.96223 , 66.58275 , -0.04577065
11.039 , 84.91646 , 66.58275 , -0.03661537
11.041 , 84.96223 , 66.51408 , -0.01830482
11.044 , 84.98512 , 66.51408 , -0.009149551
11.047 , 84.91646 , 66.51408 , -0.02288246
11.049 , 84.91646 , 66.51408 , -0.02288246
11.052 , 84.89357 , 66.49119 , -0.03203773
11.054 , 84.91646 , 66.44541 , -0.0274601
11.057 , 84.89357 , 66.49119 , -0.02288246
11.06 , 84.91646 , 66.49119 , -0.01830482
11.062 , 84.91646 , 66.44541 , -0.03661537
11.065 , 84.82491 , 66.44541 , -0.05950356
11.067 , 84.82491 , 66.44541 , -0.04577065
11.07 , 84.87068 , 66.49119 , -0.04119301
11.072 , 84.87068 , 66.42252 , -0.03203773
11.075 , 84.87068 , 66.42252 , -0.01830482
11.078 , 84.89357 , 66.44541 , -0.01372719
11.08 , 84.87068 , 66.44541 , -0.0274601
11.083 , 84.87068 , 66.44541 , -0.03661537
11.085 , 84.82491 , 66.44541 , -0.04119301
11.088 , 84.87068 , 66.39964 , -0.05492592
11.099 , 84.80202 , 66.39964 , -0.05492592
11.101 , 84.75624 , 66.42252 , -0.04577065
11.104 , 84.73335 , 66.39964 , -0.04119301
11.107 , 84.75624 , 66.42252 , -0.03203773
11.109 , 84.73335 , 66.39964 , -0.0274601
11.112 , 84.73335 , 66.35386 , -0.05950356
11.114 , 84.66469 , 66.35386 , -0.1098595
11.117 , 84.66469 , 66.33097 , -0.08696938
11.119 , 84.71046 , 66.39964 , -0.06408119
11.122 , 84.71046 , 66.42252 , -0.05034828
11.124 , 84.75624 , 66.39964 , -0.01372719
11.127 , 84.75624 , 66.33097 , -0.004571915
11.13 , 84.71046 , 66.33097 , -0.02288246
11.132 , 84.71046 , 66.33097 , -0.03661537
11.135 , 84.66469 , 66.35386 , -0.05950356
11.137 , 84.66469 , 66.35386 , -0.06408119
11.14 , 84.66469 , 66.39964 , -0.07323647
11.142 , 84.71046 , 66.35386 , -0.06408119
11.145 , 84.6418 , 66.35386 , -0.05950356
11.148 , 84.66469 , 66.28519 , -0.05034828
11.15 , 84.6418 , 66.33097 , -0.05034828
11.153 , 84.6418 , 66.28519 , -0.05034828
11.155 , 84.66469 , 66.33097 , -0.05034828
11.158 , 84.66469 , 66.28519 , -0.05492592
11.161 , 84.66469 , 66.28519 , -0.05492592
11.163 , 84.6418 , 66.33097 , -0.05492592
11.166 , 84.6418 , 66.33097 , -0.05950356
11.168 , 84.59602 , 66.26231 , -0.05492592
11.171 , 84.59602 , 66.21653 , -0.05492592
11.174 , 84.59602 , 66.28519 , -0.05492592
11.176 , 84.6418 , 66.21653 , -0.05492592
11.179 , 84.59602 , 66.26231 , -0.05950356
11.181 , 84.59602 , 66.28519 , -0.05950356
11.184 , 84.59602 , 66.28519 , -0.05950356
11.187 , 84.59602 , 66.26231 , -0.05950356
11.189 , 84.57314 , 66.21653 , -0.05950356
11.192 , 84.52735 , 66.26231 , -0.05950356
11.194 , 84.57314 , 66.19364 , -0.05950356
11.197 , 84.57314 , 66.21653 , -0.05492592
11.199 , 84.57314 , 66.21653 , -0.05950356
11.202 , 84.57314 , 66.26231 , -0.05950356
11.205 , 84.52735 , 66.19364 , -0.05950356
11.207 , 84.57314 , 66.19364 , -0.05950356
11.21 , 84.48158 , 66.19364 , -0.06408119
11.212 , 84.50446 , 66.19364 , -0.05950356
11.215 , 84.50446 , 66.19364 , -0.05950356
11.217 , 84.52735 , 66.19364 , -0.05950356
11.22 , 84.52735 , 66.21653 , -0.06408119
11.222 , 84.52735 , 66.19364 , -0.05950356
11.225 , 84.50446 , 66.17075 , -0.05950356
11.227 , 84.50446 , 66.17075 , -0.05950356
11.23 , 84.48158 , 66.12497 , -0.05950356
11.233 , 84.50446 , 66.17075 , -0.05950356
11.235 , 84.48158 , 66.12497 , -0.05950356
11.238 , 84.48158 , 66.12497 , -0.05950356
11.24 , 84.48158 , 66.17075 , -0.05950356
11.243 , 84.48158 , 66.17075 , -0.05492592
11.246 , 84.4358 , 66.17075 , -0.05492592
11.248 , 84.48158 , 66.17075 , -0.05492592
11.251 , 84.48158 , 66.10208 , -0.05950356
11.253 , 84.4358 , 66.10208 , -0.05492592
11.256 , 84.4358 , 66.10208 , -0.05492592
11.258 , 84.4358 , 66.10208 , -0.05492592
11.261 , 84.4358 , 66.0563 , -0.05492592
11.264 , 84.4358 , 66.10208 , -0.05492592
11.266 , 84.4358 , 66.12497 , -0.05492592
11.269 , 84.41291 , 66.0563 , -0.05034828
11.271 , 84.41291 , 66.0563 , -0.05492592
11.274 , 84.41291 , 66.03342 , -0.02288246
11.277 , 84.48158 , 66.0563 , 7.629395e-06
11.279 , 84.48158 , 66.0563 , -0.009149551
11.282 , 84.41291 , 66.0563 , -0.0274601
11.284 , 84.41291 , 65.98764 , 0.05036163
11.287 , 84.59602 , 66.03342 , 0.1968479
11.289 , 84.82491 , 66.03342 , 0.4966888
11.292 , 85.19112 , 65.98764 , 0.7873726
11.294 , 85.214 , 65.98764 , 0.844593
11.297 , 85.25978 , 65.98764 , 0.8377266
11.299 , 85.0309 , 66.03342 , 0.5905304
11.302 , 84.6418 , 65.98764 , 0.171669
11.304 , 84.27558 , 65.98764 , -0.228878
11.307 , 84.09247 , 65.98764 , -0.3639202
11.309 , 84.0238 , 65.98764 , -0.3547649
11.311 , 84.09247 , 65.96475 , -0.2243004
11.314 , 84.32136 , 65.94186 , -0.004571915
11.316 , 84.57314 , 65.96475 , 0.2426243
11.319 , 84.66469 , 65.94186 , 0.3570671
11.321 , 84.73335 , 65.98764 , 0.3730907
11.324 , 84.6418 , 65.96475 , 0.3135796
11.326 , 84.57314 , 65.94186 , 0.2197361
11.329 , 84.4358 , 65.94186 , 0.1304703
11.331 , 84.41291 , 65.94186 , 0.08011627
11.333 , 84.36713 , 65.94186 , 0.06409454
11.336 , 84.36713 , 65.94186 , 0.08469391
11.339 , 84.4358 , 65.94186 , 0.1304703
11.341 , 84.48158 , 65.89609 , 0.1670914
11.344 , 84.50446 , 65.8732 , 0.1808243
11.346 , 84.48158 , 65.94186 , 0.1762466
11.348 , 84.4358 , 65.8732 , 0.1625137
11.351 , 84.36713 , 65.8732 , 0.1487808
11.353 , 84.36713 , 65.82742 , 0.1304703
11.356 , 84.36713 , 65.8732 , 0.1304703
11.358 , 84.36713 , 65.8732 , 0.1350479
11.361 , 84.36713 , 65.8732 , 0.1442032
11.363 , 84.4358 , 65.8732 , 0.1533585
11.366 , 84.41291 , 65.8732 , 0.1579361
11.368 , 84.41291 , 65.8732 , 0.1579361
11.37 , 84.36713 , 65.80453 , 0.1487808
11.373 , 84.36713 , 65.80453 , 0.1487808
11.375 , 84.34425 , 65.82742 , 0.1442032
11.378 , 84.36713 , 65.82742 , 0.1442032
11.38 , 84.36713 , 65.82742 , 0.1396255
11.382 , 84.34425 , 65.80453 , 0.1442032
11.385 , 84.34425 , 65.80453 , 0.1487808
11.387 , 84.34425 , 65.80453 , 0.1487808
11.39 , 84.34425 , 65.80453 , 0.1487808
11.392 , 84.32136 , 65.80453 , 0.1442032
11.394 , 84.32136 , 65.78164 , 0.1487808
11.397 , 84.32136 , 65.80453 , 0.1487808
11.399 , 84.32136 , 65.78164 , 0.1487808
11.402 , 84.32136 , 65.80453 , 0.1442032
11.404 , 84.32136 , 65.78164 , 0.1442032
11.406 , 84.32136 , 65.73586 , 0.1442032
11.409 , 84.32136 , 65.71297 , 0.1442032
11.411 , 84.27558 , 65.71297 , 0.1442032
11.414 , 84.27558 , 65.71297 , 0.1442032
11.416 , 84.27558 , 65.71297 , 0.1442032
11.418 , 84.32136 , 65.71297 , 0.1442032
11.421 , 84.27558 , 65.71297 , 0.1442032
11.423 , 84.27558 , 65.71297 , 0.1442032
11.426 , 84.20692 , 65.6672 , 0.1442032
11.428 , 84.25269 , 65.64431 , 0.1442032
11.43 , 84.25269 , 65.64431 , 0.1442032
11.433 , 84.25269 , 65.64431 , 0.1396255
11.435 , 84.20692 , 65.6672 , 0.1396255
11.438 , 84.20692 , 65.6672 , 0.1442032
11.44 , 84.20692 , 65.6672 , 0.1442032
11.443 , 84.20692 , 65.64431 , 0.1396255
11.445 , 84.25269 , 65.64431 , 0.1396255
11.448 , 84.20692 , 65.64431 , 0.1396255
11.45 , 84.20692 , 65.59853 , 0.1396255
11.452 , 84.18402 , 65.59853 , 0.1396255
11.455 , 84.18402 , 65.59853 , 0.1396255
11.457 , 84.13824 , 65.57565 , 0.1396255
11.46 , 84.18402 , 65.59853 , 0.1442032
11.462 , 84.13824 , 65.6672 , 0.1396255
11.465 , 84.13824 , 65.59853 , 0.1396255
11.467 , 84.18402 , 65.59853 , 0.1396255
11.469 , 84.13824 , 65.57565 , 0.1396255
11.472 , 84.13824 , 65.57565 , 0.1350479
11.474 , 84.13824 , 65.57565 , 0.1350479
11.477 , 84.11536 , 65.57565 , 0.1396255
11.479 , 84.13824 , 65.57565 , 0.1350479
11.482 , 84.11536 , 65.59853 , 0.1350479
11.484 , 84.09247 , 65.57565 , 0.1350479
11.486 , 84.11536 , 65.55276 , 0.1350479
11.489 , 84.09247 , 65.57565 , 0.1304703
11.491 , 84.04669 , 65.55276 , 0.1304703
11.494 , 84.04669 , 65.55276 , 0.08011627
11.496 , 83.95514 , 65.55276 , 0.02289581
11.499 , 83.95514 , 65.55276 , 0.03662872
11.501 , 84.0238 , 65.50698 , 0.08469391
11.504 , 84.11536 , 65.57565 , 0.1808243
11.506 , 84.13824 , 65.50698 , 0.2243137
11.509 , 84.13824 , 65.50698 , 0.2151585
11.511 , 84.09247 , 65.50698 , 0.2014256
11.514 , 84.09247 , 65.50698 , 0.1304703
11.516 , 83.95514 , 65.50698 , 0.045784
11.519 , 83.93225 , 65.50698 , 0.03662872
11.521 , 83.88647 , 65.48409 , 0.05036163
11.524 , 83.95514 , 65.50698 , 0.06867218
11.526 , 83.93225 , 65.48409 , 0.08011627
11.529 , 83.95514 , 65.43832 , 0.1121597
11.531 , 83.97803 , 65.43832 , 0.1396255
11.534 , 83.95514 , 65.48409 , 0.1396255
11.536 , 83.95514 , 65.43832 , 0.1075821
11.539 , 83.93225 , 65.43832 , 0.08011627
11.541 , 83.95514 , 65.50698 , 0.08927155
11.544 , 83.93225 , 65.43832 , 0.08927155
11.546 , 83.93225 , 65.48409 , 0.09384918
11.549 , 83.88647 , 65.43832 , 0.08927155
11.551 , 83.93225 , 65.36964 , 0.1030045
11.554 , 83.93225 , 65.43832 , 0.1030045
11.556 , 83.88647 , 65.41542 , 0.1030045
11.559 , 83.88647 , 65.41542 , 0.06867218
11.561 , 83.86359 , 65.43832 , 0.04120636
11.564 , 83.86359 , 65.41542 , 0.05493927
11.566 , 83.86359 , 65.36964 , 0.06867218
11.569 , 83.81781 , 65.36964 , 0.07553864
11.572 , 83.79491 , 65.36964 , 0.06409454
11.574 , 83.81781 , 65.36964 , 0.08927155
11.577 , 83.81781 , 65.34676 , 0.09384918
11.579 , 83.88647 , 65.36964 , 0.08927155
11.582 , 83.79491 , 65.36964 , 0.04120636
11.585 , 83.79491 , 65.36964 , 0.045784
11.587 , 83.81781 , 65.34676 , 0.05951691
11.59 , 83.79491 , 65.34676 , 0.07553864
11.592 , 83.77203 , 65.32387 , 0.04120636
11.595 , 83.77203 , 65.32387 , 0.04120636
11.597 , 83.77203 , 65.34676 , 0.06867218
11.6 , 83.79491 , 65.34676 , 0.06867218
11.603 , 83.77203 , 65.32387 , 0.05036163
11.605 , 83.70336 , 65.32387 , 0.03205109
11.608 , 83.72625 , 65.27809 , 0.05036163
11.61 , 83.72625 , 65.27809 , 0.05493927
11.613 , 83.70336 , 65.27809 , 0.05951691
11.624 , 83.70336 , 65.27809 , 0.03205109
11.626 , 83.70336 , 65.2552 , 0.02747345
11.629 , 83.70336 , 65.27809 , 0.04120636
11.631 , 83.72625 , 65.20943 , 0.05951691
11.634 , 83.70336 , 65.2552 , 0.05036163
11.637 , 83.6347 , 65.2552 , 0.01145172
11.639 , 83.6347 , 65.2552 , 0.02747345
11.642 , 83.65759 , 65.2552 , 0.02289581
11.644 , 83.70336 , 65.2552 , 0.03205109
11.647 , 83.65759 , 65.2552 , 0.045784
11.649 , 83.6347 , 65.20943 , 0.05493927
11.652 , 83.58892 , 65.18654 , 0.03205109
11.655 , 83.58892 , 65.18654 , 0.02747345
11.657 , 83.58892 , 65.14076 , 0.02747345
11.66 , 83.6347 , 65.20943 , 0.02747345
11.662 , 83.6347 , 65.18654 , 0.03205109
11.665 , 83.58892 , 65.14076 , 0.03662872
11.668 , 83.56603 , 65.18654 , -0.01372719
11.67 , 83.49737 , 65.14076 , -0.02288246
11.673 , 83.56603 , 65.14076 , -0.009149551
11.675 , 83.49737 , 65.14076 , 0.01145172
11.678 , 83.56603 , 65.14076 , 0.03662872
11.68 , 83.58892 , 65.18654 , 0.05493927
11.683 , 83.56603 , 65.14076 , 0.01602936
11.686 , 83.49737 , 65.18654 , -0.004571915
11.688 , 83.47448 , 65.09499 , 0.004585266
11.691 , 83.47448 , 65.09499 , 0.004585266
11.694 , 83.47448 , 65.09499 , 0.01602936
11.696 , 83.49737 , 65.09499 , 0.03205109
11.699 , 83.4287 , 65.09499 , -0.01372719
11.702 , 83.4287 , 65.11787 , -0.0274601
11.704 , 83.47448 , 65.09499 , -0.004571915
11.707 , 83.47448 , 65.09499 , 7.629395e-06
11.71 , 83.4287 , 65.09499 , 0.02289581
11.712 , 83.4287 , 65.04921 , 0.03662872
11.715 , 83.40581 , 65.04921 , -0.009149551
11.717 , 83.40581 , 65.04921 , -0.02288246
11.72 , 83.40581 , 65.04921 , -0.004571915
11.723 , 83.4287 , 65.04921 , -0.009149551
11.725 , 83.38292 , 65.11787 , 0.004585266
11.728 , 83.4287 , 65.04921 , 0.02289581
11.731 , 83.40581 , 65.02632 , -0.02288246
11.733 , 83.33714 , 65.04921 , -0.03203773
11.736 , 83.38292 , 65.02632 , -0.01372719
11.738 , 83.38292 , 65.02632 , -0.01372719
11.741 , 83.40581 , 65.02632 , 7.629395e-06
11.744 , 83.38292 , 65.02632 , 0.02289581
11.746 , 83.33714 , 65.02632 , -0.01372719
11.749 , 83.31425 , 65.02632 , -0.04577065
11.751 , 83.26848 , 64.95766 , -0.02288246
11.754 , 83.31425 , 64.98055 , -0.02288246
11.756 , 83.31425 , 64.98055 , -0.004571915
11.759 , 83.33714 , 64.98055 , 0.01602936
11.762 , 83.40581 , 65.02632 , -0.009149551
11.764 , 83.31425 , 64.95766 , -0.04119301
11.767 , 83.31425 , 64.95766 , -0.02288246
11.769 , 83.24559 , 64.93477 , -0.02288246
11.772 , 83.26848 , 64.93477 , -0.01372719
11.775 , 83.31425 , 64.93477 , 0.004585266
11.777 , 83.31425 , 64.93477 , 7.629395e-06
11.78 , 83.26848 , 64.93477 , -0.01830482
11.783 , 83.26848 , 64.95766 , -0.009149551
11.785 , 83.26848 , 64.88899 , -0.009149551
11.788 , 83.24559 , 64.88899 , -0.01372719
11.791 , 83.24559 , 64.88899 , -0.004571915
11.793 , 83.24559 , 64.8661 , -0.03203773
11.796 , 83.17693 , 64.8661 , -0.06865883
11.799 , 83.17693 , 64.88899 , -0.05034828
11.801 , 83.2227 , 64.88899 , -0.03203773
11.804 , 83.24559 , 64.88899 , -0.01372719
11.806 , 83.24559 , 64.8661 , 0.01145172
11.809 , 83.2227 , 64.82033 , 0.004585266
11.812 , 83.17693 , 64.82033 , -0.0274601
11.814 , 83.17693 , 64.82033 , -0.01830482
11.817 , 83.24559 , 64.82033 , -0.0274601
11.819 , 83.17693 , 64.8661 , -0.0274601
11.822 , 83.2227 , 64.82033 , -0.01372719
11.824 , 83.24559 , 64.82033 , -0.0274601
11.827 , 83.15404 , 64.79744 , -0.05950356
11.83 , 83.15404 , 64.82033 , -0.04577065
11.832 , 83.15404 , 64.79744 , -0.03661537
11.835 , 83.17693 , 64.75166 , -0.0274601
11.837 , 83.17693 , 64.82033 , -0.009149551
11.84 , 83.2227 , 64.79744 , -0.004571915
11.843 , 83.15404 , 64.82033 , -0.04577065
11.845 , 83.10826 , 64.75166 , -0.04577065
11.848 , 83.10826 , 64.79744 , -0.04577065
11.851 , 83.10826 , 64.72878 , -0.03203773
11.853 , 83.08537 , 64.72878 , -0.02288246
11.856 , 83.15404 , 64.75166 , -0.01372719
11.858 , 83.10826 , 64.75166 , -0.05034828
11.861 , 83.08537 , 64.75166 , -0.04577065
11.864 , 83.10826 , 64.72878 , -0.04577065
11.866 , 83.08537 , 64.75166 , -0.03661537
11.869 , 83.08537 , 64.72878 , -0.0274601
11.871 , 83.0396 , 64.70589 , -0.01830482
11.874 , 83.0396 , 64.6601 , -0.04577065
11.876 , 83.0396 , 64.72878 , -0.05492592
11.879 , 83.0396 , 64.72878 , -0.04577065
11.882 , 83.0396 , 64.70589 , -0.04577065
11.884 , 83.08537 , 64.70589 , -0.03203773
11.887 , 83.01671 , 64.70589 , -0.01830482
11.889 , 83.01671 , 64.6601 , -0.04577065
11.892 , 82.99382 , 64.6601 , -0.05034828
11.895 , 82.99382 , 64.63721 , -0.04577065
11.897 , 82.99382 , 64.63721 , -0.04577065
11.9 , 82.99382 , 64.70589 , -0.03203773
11.902 , 83.0396 , 64.6601 , -0.01830482
11.905 , 83.01671 , 64.6601 , -0.0274601
11.908 , 82.94804 , 64.63721 , -0.03661537
11.91 , 82.94804 , 64.59144 , -0.03661537
11.913 , 82.94804 , 64.59144 , -0.04119301
11.915 , 82.99382 , 64.56855 , -0.03661537
11.918 , 82.94804 , 64.63721 , -0.02288246
11.92 , 82.94804 , 64.59144 , -0.04577065
11.923 , 82.92516 , 64.59144 , -0.06408119
11.926 , 82.87938 , 64.59144 , -0.05034828
11.928 , 82.87938 , 64.59144 , -0.04577065
11.931 , 82.85649 , 64.59144 , -0.03661537
11.933 , 82.87938 , 64.59144 , -0.02288246
11.936 , 82.87938 , 64.52277 , -0.0274601
11.939 , 82.85649 , 64.56855 , -0.04119301
11.941 , 82.87938 , 64.56855 , -0.03661537
11.944 , 82.87938 , 64.56855 , -0.04119301
11.946 , 82.85649 , 64.52277 , -0.04119301
11.949 , 82.85649 , 64.52277 , -0.03203773
11.951 , 82.8336 , 64.49989 , -0.04119301
11.954 , 82.8336 , 64.477 , -0.05492592
11.957 , 82.8336 , 64.52277 , -0.05034828
11.959 , 82.78783 , 64.52277 , -0.05034828
11.962 , 82.8336 , 64.52277 , -0.04119301
11.964 , 82.85649 , 64.49989 , -0.0274601
11.967 , 82.8336 , 64.52277 , -0.0274601
11.97 , 82.76494 , 64.49989 , -0.09154701
11.972 , 82.71916 , 64.477 , -0.09612465
11.975 , 82.71916 , 64.43122 , -0.06408119
11.977 , 82.76494 , 64.477 , -0.05492592
11.98 , 82.78783 , 64.43122 , -0.02288246
11.983 , 82.78783 , 64.49989 , 7.629395e-06
11.985 , 82.78783 , 64.43122 , -0.004571915
11.988 , 82.78783 , 64.40833 , -0.01830482
11.991 , 82.71916 , 64.36256 , -0.03661537
11.993 , 82.71916 , 64.36256 , -0.04577065
11.996 , 82.71916 , 64.36256 , -0.05492592
11.998 , 82.76494 , 64.36256 , -0.04577065
12.001 , 82.71916 , 64.36256 , -0.04577065
12.003 , 82.71916 , 64.40833 , -0.03661537
12.006 , 82.69627 , 64.40833 , -0.0274601
12.009 , 82.69627 , 64.33967 , -0.0274601
12.011 , 82.69627 , 64.29388 , -0.03203773
12.014 , 82.69627 , 64.33967 , -0.03203773
12.016 , 82.69627 , 64.29388 , -0.03203773
12.019 , 82.69627 , 64.33967 , -0.03203773
12.022 , 82.69627 , 64.33967 , -0.03203773
12.024 , 82.71916 , 64.33967 , -0.004571915
12.027 , 82.69627 , 64.33967 , 0.03205109
12.029 , 82.69627 , 64.29388 , 0.01602936
12.032 , 82.65049 , 64.271 , -0.004571915
12.035 , 82.69627 , 64.271 , 0.05036163
12.037 , 82.85649 , 64.271 , 0.2105808
12.04 , 83.10826 , 64.271 , 0.4554882
12.042 , 83.4287 , 64.29388 , 0.8011055
12.045 , 83.56603 , 64.271 , 0.8629036
12.047 , 83.56603 , 64.24811 , 0.8766365
12.049 , 83.4287 , 64.24811 , 0.782795
12.052 , 83.2227 , 64.271 , 0.4829559
12.054 , 82.8336 , 64.24811 , 0.1075821
12.057 , 82.46738 , 64.24811 , -0.1510582
12.059 , 82.39872 , 64.271 , -0.2494774
12.061 , 82.4445 , 64.24811 , -0.2403221
12.064 , 82.49027 , 64.271 , -0.1144371
12.066 , 82.69627 , 64.24811 , 0.1075821
12.069 , 82.8336 , 64.24811 , 0.2815361
12.071 , 82.99382 , 64.24811 , 0.3730907
12.073 , 82.99382 , 64.24811 , 0.3868237
12.076 , 82.94804 , 64.24811 , 0.3479118
12.078 , 82.85649 , 64.20233 , 0.2655125
12.081 , 82.78783 , 64.24811 , 0.1968479
12.083 , 82.76494 , 64.20233 , 0.1396255
12.085 , 82.69627 , 64.20233 , 0.1304703
12.088 , 82.69627 , 64.20233 , 0.1350479
12.09 , 82.71916 , 64.17944 , 0.1625137
12.093 , 82.71916 , 64.17944 , 0.1922703
12.095 , 82.76494 , 64.17944 , 0.2105808
12.097 , 82.76494 , 64.13367 , 0.2060032
12.1 , 82.71916 , 64.17944 , 0.2014256
12.102 , 82.71916 , 64.17944 , 0.1922703
12.105 , 82.71916 , 64.17944 , 0.1762466
12.107 , 82.71916 , 64.13367 , 0.1670914
12.109 , 82.69627 , 64.13367 , 0.1670914
12.112 , 82.69627 , 64.13367 , 0.1762466
12.114 , 82.69627 , 64.11078 , 0.1808243
12.116 , 82.69627 , 64.13367 , 0.1808243
12.119 , 82.69627 , 64.13367 , 0.1876926
12.121 , 82.71916 , 64.13367 , 0.1808243
12.124 , 82.65049 , 64.13367 , 0.1762466
12.126 , 82.65049 , 64.13367 , 0.171669
12.128 , 82.65049 , 64.08789 , 0.1670914
12.131 , 82.6276 , 64.11078 , 0.1625137
12.133 , 82.6276 , 64.04211 , 0.1625137
12.136 , 82.6276 , 64.08789 , 0.1625137
12.138 , 82.65049 , 64.08789 , 0.1670914
12.141 , 82.65049 , 64.08789 , 0.171669
12.143 , 82.6276 , 64.11078 , 0.1670914
12.145 , 82.60471 , 64.08789 , 0.1625137
12.148 , 82.6276 , 64.11078 , 0.1625137
12.15 , 82.6276 , 64.08789 , 0.1625137
12.161 , 82.60471 , 64.01923 , 0.1625137
12.163 , 82.60471 , 64.04211 , 0.1579361
12.166 , 82.60471 , 64.04211 , 0.1579361
12.168 , 82.60471 , 64.04211 , 0.1533585
12.17 , 82.55894 , 64.01923 , 0.1533585
12.173 , 82.60471 , 63.97345 , 0.1579361
12.175 , 82.55894 , 64.01923 , 0.1533585
12.178 , 82.55894 , 64.01923 , 0.1533585
12.18 , 82.55894 , 64.01923 , 0.1533585
12.182 , 82.55894 , 64.04211 , 0.1533585
12.185 , 82.53605 , 64.01923 , 0.1533585
12.187 , 82.49027 , 64.01923 , 0.1533585
12.19 , 82.53605 , 64.01923 , 0.1487808
12.192 , 82.53605 , 63.95056 , 0.1487808
12.194 , 82.53605 , 63.97345 , 0.1533585
12.197 , 82.46738 , 64.01923 , 0.1487808
12.199 , 82.53605 , 63.97345 , 0.1487808
12.202 , 82.53605 , 63.95056 , 0.1487808
12.204 , 82.53605 , 63.95056 , 0.1487808
12.207 , 82.46738 , 63.95056 , 0.1442032
12.209 , 82.46738 , 63.95056 , 0.1442032
12.211 , 82.46738 , 63.90478 , 0.1442032
12.214 , 82.4445 , 63.90478 , 0.1442032
12.216 , 82.46738 , 63.90478 , 0.1442032
12.219 , 82.46738 , 63.90478 , 0.1442032
12.221 , 82.46738 , 63.90478 , 0.1442032
12.224 , 82.4445 , 63.95056 , 0.1442032
12.226 , 82.4445 , 63.88189 , 0.1442032
12.228 , 82.4445 , 63.88189 , 0.1442032
12.231 , 82.39872 , 63.88189 , 0.1396255
12.233 , 82.39872 , 63.90478 , 0.1350479
12.236 , 82.46738 , 63.90478 , 0.1396255
12.238 , 82.4445 , 63.88189 , 0.1396255
12.241 , 82.46738 , 63.88189 , 0.1396255
12.243 , 82.4445 , 63.88189 , 0.08927155
12.246 , 82.33006 , 63.88189 , -0.009149551
12.248 , 82.30716 , 63.859 , 0.01602936
12.251 , 82.33006 , 63.88189 , 0.08011627
12.253 , 82.39872 , 63.859 , 0.1670914
12.256 , 82.49027 , 63.88189 , 0.233469
12.258 , 82.46738 , 63.859 , 0.233469
12.261 , 82.46738 , 63.81323 , 0.2105808
12.263 , 82.39872 , 63.81323 , 0.1258926
12.265 , 82.33006 , 63.859 , 0.05493927
12.268 , 82.28427 , 63.859 , 0.03662872
12.271 , 82.23849 , 63.81323 , 0.03662872
12.273 , 82.23849 , 63.79034 , 0.05036163
12.276 , 82.33006 , 63.81323 , 0.09842682
12.278 , 82.37583 , 63.81323 , 0.1350479
12.281 , 82.33006 , 63.81323 , 0.1258926
12.283 , 82.30716 , 63.79034 , 0.08927155
12.286 , 82.28427 , 63.79034 , 0.08927155
12.288 , 82.30716 , 63.79034 , 0.08469391
12.291 , 82.23849 , 63.74456 , 0.05493927
12.293 , 82.23849 , 63.72168 , 0.045784
12.296 , 82.28427 , 63.74456 , 0.08927155
12.299 , 82.28427 , 63.72168 , 0.09384918
12.301 , 82.28427 , 63.72168 , 0.05951691
12.304 , 82.28427 , 63.74456 , 0.06409454
12.306 , 82.21561 , 63.74456 , 0.08927155
12.309 , 82.21561 , 63.74456 , 0.05493927
12.311 , 82.16983 , 63.72168 , 0.03205109
12.314 , 82.16983 , 63.72168 , 0.05951691
12.317 , 82.21561 , 63.72168 , 0.07553864
12.319 , 82.16983 , 63.72168 , 0.03662872
12.322 , 82.16983 , 63.72168 , 0.03662872
12.324 , 82.16983 , 63.72168 , 0.06867218
12.327 , 82.16983 , 63.6759 , 0.05493927
12.329 , 82.10117 , 63.65301 , 0.02289581
12.332 , 82.10117 , 63.6759 , 0.03662872
12.335 , 82.16983 , 63.63012 , 0.05951691
12.337 , 82.10117 , 63.6759 , 0.02747345
12.34 , 82.10117 , 63.65301 , 0.01602936
12.342 , 82.10117 , 63.6759 , 0.05036163
12.345 , 82.10117 , 63.65301 , 0.05493927
12.347 , 82.07828 , 63.6759 , 0.03662872
12.35 , 82.07828 , 63.65301 , 0.03662872
12.352 , 82.10117 , 63.63012 , 0.05493927
12.355 , 82.07828 , 63.63012 , 0.03662872
12.357 , 82.00961 , 63.65301 , -0.009149551
12.36 , 82.00961 , 63.63012 , -0.01372719
12.363 , 82.05539 , 63.63012 , 0.01145172
12.365 , 82.00961 , 63.65301 , 0.02747345
12.368 , 82.05539 , 63.63012 , 0.045784
12.37 , 82.00961 , 63.58435 , 0.03205109
12.373 , 81.98672 , 63.51568 , 0.02289581
12.375 , 82.05539 , 63.56145 , 0.02747345
12.378 , 82.00961 , 63.58435 , 0.02747345
12.381 , 82.00961 , 63.63012 , 0.03205109
12.383 , 81.98672 , 63.58435 , -0.01372719
12.386 , 81.91806 , 63.58435 , -0.0274601
12.388 , 81.94095 , 63.51568 , -0.004571915
12.391 , 81.94095 , 63.56145 , 0.004585266
12.394 , 81.94095 , 63.56145 , 0.02747345
12.396 , 81.94095 , 63.51568 , 0.004585266
12.399 , 81.91806 , 63.56145 , -0.01830482
12.402 , 81.89517 , 63.56145 , -0.004571915
12.404 , 81.91806 , 63.51568 , 0.004585266
12.407 , 81.91806 , 63.51568 , 0.01145172
12.409 , 81.89517 , 63.49279 , -0.009149551
12.412 , 81.8494 , 63.51568 , -0.03203773
12.415 , 81.89517 , 63.44701 , -0.01372719
12.417 , 81.89517 , 63.51568 , -0.004571915
12.42 , 81.89517 , 63.49279 , 0.004585266
12.423 , 81.89517 , 63.51568 , -0.01372719
12.425 , 81.8494 , 63.44701 , -0.03203773
12.428 , 81.8494 , 63.51568 , -0.01830482
12.43 , 81.82651 , 63.49279 , -0.01830482
12.433 , 81.82651 , 63.42413 , -0.009149551
12.436 , 81.82651 , 63.40124 , -0.009149551
12.438 , 81.82651 , 63.44701 , -0.03661537
12.441 , 81.78073 , 63.49279 , -0.02288246
12.443 , 81.78073 , 63.44701 , -0.01830482
12.446 , 81.78073 , 63.40124 , -0.01830482
12.449 , 81.78073 , 63.42413 , -0.004571915
12.451 , 81.78073 , 63.42413 , -0.01372719
12.454 , 81.75784 , 63.35546 , -0.01830482
12.456 , 81.75784 , 63.2868 , -0.01372719
12.459 , 81.75784 , 63.40124 , -0.01830482
12.461 , 81.78073 , 63.35546 , -0.01830482
12.464 , 81.75784 , 63.42413 , -0.05950356
12.467 , 81.68918 , 63.40124 , -0.07323647
12.469 , 81.68918 , 63.35546 , -0.05492592
12.472 , 81.68918 , 63.40124 , -0.03661537
12.474 , 81.71207 , 63.35546 , -0.004571915
12.477 , 81.71207 , 63.35546 , -0.02288246
12.48 , 81.71207 , 63.42413 , -0.02288246
12.482 , 81.68918 , 63.35546 , -0.01830482
12.485 , 81.71207 , 63.35546 , -0.01830482
12.487 , 81.71207 , 63.35546 , -0.01830482
12.49 , 81.66629 , 63.2868 , -0.05034828
12.492 , 81.59763 , 63.26391 , -0.06865883
12.495 , 81.62051 , 63.26391 , -0.05034828
12.498 , 81.66629 , 63.2868 , -0.04119301
12.5 , 81.68918 , 63.26391 , -0.02288246
12.503 , 81.68918 , 63.26391 , -0.03203773
12.505 , 81.62051 , 63.26391 , -0.05492592
12.508 , 81.62051 , 63.26391 , -0.04577065
12.511 , 81.59763 , 63.26391 , -0.04119301
12.513 , 81.59763 , 63.24102 , -0.03661537
12.516 , 81.62051 , 63.24102 , -0.04119301
12.518 , 81.55184 , 63.24102 , -0.06408119
12.521 , 81.59763 , 63.24102 , -0.05950356
12.523 , 81.59763 , 63.24102 , -0.05034828
12.526 , 81.55184 , 63.24102 , -0.04577065
12.528 , 81.55184 , 63.24102 , -0.04119301
12.531 , 81.50607 , 63.17235 , -0.06865883
12.534 , 81.50607 , 63.24102 , -0.06865883
12.536 , 81.50607 , 63.17235 , -0.05950356
12.539 , 81.55184 , 63.19524 , -0.05492592
12.541 , 81.50607 , 63.24102 , -0.03661537
12.544 , 81.50607 , 63.24102 , -0.06865883
12.546 , 81.50607 , 63.24102 , -0.07323647
12.549 , 81.50607 , 63.17235 , -0.06408119
12.552 , 81.4374 , 63.17235 , -0.05950356
12.554 , 81.48318 , 63.17235 , -0.04577065
12.557 , 81.48318 , 63.17235 , -0.05492592
12.559 , 81.50607 , 63.17235 , -0.05492592
12.562 , 81.48318 , 63.17235 , -0.05034828
12.564 , 81.50607 , 63.17235 , -0.05492592
12.567 , 81.48318 , 63.17235 , -0.05492592
12.57 , 81.4374 , 63.10368 , -0.07323647
12.572 , 81.41451 , 63.0808 , -0.09612465
12.575 , 81.36874 , 63.10368 , -0.09154701
12.577 , 81.4374 , 63.0808 , -0.0778141
12.58 , 81.4374 , 63.0808 , -0.06408119
12.582 , 81.4374 , 63.10368 , -0.05492592
12.585 , 81.4374 , 63.0808 , -0.05492592
12.588 , 81.41451 , 63.0808 , -0.05950356
12.59 , 81.36874 , 63.03502 , -0.05950356
12.593 , 81.36874 , 63.01213 , -0.06865883
12.595 , 81.41451 , 63.03502 , -0.06408119
12.598 , 81.32296 , 63.03502 , -0.09154701
12.6 , 81.36874 , 63.03502 , -0.09154701
12.603 , 81.41451 , 63.03502 , -0.0778141
12.606 , 81.36874 , 63.03502 , -0.07323647
12.608 , 81.36874 , 63.01213 , -0.05950356
12.611 , 81.34585 , 63.01213 , -0.0778141
12.613 , 81.32296 , 62.98924 , -0.08239174
12.616 , 81.34585 , 62.98924 , -0.0778141
12.618 , 81.32296 , 62.98924 , -0.0778141
12.621 , 81.32296 , 63.01213 , -0.07323647
12.623 , 81.32296 , 63.03502 , -0.08696938
12.626 , 81.32296 , 62.98924 , -0.09154701
12.629 , 81.27718 , 62.98924 , -0.09154701
12.631 , 81.27718 , 62.98924 , -0.08239174
12.634 , 81.32296 , 62.98924 , -0.0778141
12.636 , 81.27718 , 62.98924 , -0.08696938
12.639 , 81.27718 , 62.98924 , -0.09154701
12.642 , 81.32296 , 62.98924 , -0.1007042
12.644 , 81.32296 , 62.98924 , -0.09154701
12.647 , 81.2543 , 62.98924 , -0.09154701
12.649 , 81.2543 , 62.98924 , -0.09154701
12.652 , 81.20852 , 62.92058 , -0.1052818
12.654 , 81.20852 , 62.8748 , -0.1098595
12.656 , 81.2543 , 62.92058 , -0.1007042
12.659 , 81.2543 , 62.92058 , -0.09612465
12.661 , 81.20852 , 62.92058 , -0.08696938
12.664 , 81.2543 , 62.92058 , -0.09154701
12.667 , 81.18562 , 62.92058 , -0.09612465
12.669 , 81.18562 , 62.8748 , -0.09612465
12.672 , 81.18562 , 62.92058 , -0.09612465
12.674 , 81.18562 , 62.85191 , -0.09612465
12.677 , 81.18562 , 62.92058 , -0.1190147
12.679 , 81.13985 , 62.85191 , -0.12817
12.682 , 81.13985 , 62.8748 , -0.12817
12.684 , 81.18562 , 62.8748 , -0.1098595
12.695 , 81.13985 , 62.85191 , -0.1052818
12.697 , 81.11696 , 62.85191 , -0.1007042
12.7 , 81.11696 , 62.85191 , -0.1052818
12.702 , 81.18562 , 62.8748 , -0.1098595
12.705 , 81.11696 , 62.85191 , -0.1327477
12.707 , 81.09407 , 62.80613 , -0.1373253
12.71 , 81.09407 , 62.80613 , -0.12817
12.712 , 81.02541 , 62.80613 , -0.1235924
12.714 , 81.09407 , 62.78324 , -0.1098595
12.717 , 81.09407 , 62.78324 , -0.12817
12.719 , 81.02541 , 62.80613 , -0.1739464
12.722 , 80.97963 , 62.78324 , -0.1693687
12.724 , 81.04829 , 62.78324 , -0.1373253
12.727 , 81.02541 , 62.78324 , -0.1373253
12.729 , 81.04829 , 62.76035 , -0.1098595
12.731 , 81.02541 , 62.71458 , -0.09154701
12.734 , 81.09407 , 62.76035 , -0.08239174
12.736 , 81.04829 , 62.71458 , -0.1007042
12.739 , 81.02541 , 62.78324 , -0.1098595
12.741 , 81.04829 , 62.78324 , -0.1235924
12.744 , 80.97963 , 62.78324 , -0.1327477
12.746 , 80.97963 , 62.76035 , -0.1373253
12.748 , 80.97963 , 62.76035 , -0.12817
12.751 , 80.95674 , 62.69169 , -0.1235924
12.753 , 80.97963 , 62.64591 , -0.1190147
12.756 , 81.02541 , 62.64591 , -0.1144371
12.758 , 80.97963 , 62.69169 , -0.1098595
12.76 , 81.02541 , 62.69169 , -0.1144371
12.763 , 80.97963 , 62.69169 , -0.1190147
12.765 , 80.97963 , 62.69169 , -0.1144371
12.768 , 80.95674 , 62.64591 , -0.1235924
12.77 , 80.95674 , 62.64591 , -0.1235924
12.773 , 80.95674 , 62.62302 , -0.1052818
12.775 , 80.95674 , 62.64591 , -0.0778141
12.778 , 81.02541 , 62.64591 , -0.05950356
12.78 , 80.97963 , 62.62302 , -0.0778141
12.783 , 80.97963 , 62.64591 , -0.09154701
12.786 , 81.02541 , 62.62302 , 0.004585266
12.788 , 81.13985 , 62.57725 , 0.1487808
12.791 , 81.34585 , 62.57725 , 0.4600658
12.793 , 81.68918 , 62.57725 , 0.7232838
12.795 , 81.78073 , 62.57725 , 0.7873726
12.798 , 81.8494 , 62.62302 , 0.7873726
12.8 , 81.75784 , 62.57725 , 0.6637745
12.803 , 81.55184 , 62.62302 , 0.519577
12.805 , 81.27718 , 62.62302 , 0.233469
12.807 , 80.97963 , 62.57725 , -0.08239174
12.81 , 80.77363 , 62.57725 , -0.254055
12.812 , 80.65919 , 62.55436 , -0.2815208
12.815 , 80.72785 , 62.55436 , -0.2197227
12.817 , 80.86519 , 62.55436 , -0.06408119
12.82 , 81.09407 , 62.55436 , 0.1442032
12.822 , 81.20852 , 62.55436 , 0.2563572
12.825 , 81.2543 , 62.55436 , 0.2998466
12.827 , 81.27718 , 62.55436 , 0.2815361
12.83 , 81.18562 , 62.53147 , 0.2197361
12.832 , 81.11696 , 62.53147 , 0.1533585
12.834 , 81.02541 , 62.55436 , 0.1030045
12.837 , 81.02541 , 62.53147 , 0.06867218
12.839 , 80.97963 , 62.53147 , 0.07553864
12.842 , 81.02541 , 62.48569 , 0.09842682
12.845 , 81.02541 , 62.53147 , 0.1258926
12.847 , 81.09407 , 62.48569 , 0.1350479
12.849 , 81.09407 , 62.48569 , 0.1396255
12.852 , 81.02541 , 62.48569 , 0.1350479
12.854 , 81.02541 , 62.46281 , 0.1258926
12.857 , 81.02541 , 62.46281 , 0.1167374
12.859 , 81.02541 , 62.48569 , 0.1121597
12.861 , 81.02541 , 62.48569 , 0.1075821
12.864 , 81.02541 , 62.55436 , 0.1121597
12.866 , 80.97963 , 62.48569 , 0.121315
12.869 , 80.97963 , 62.48569 , 0.121315
12.871 , 80.95674 , 62.48569 , 0.121315
12.873 , 80.97963 , 62.41703 , 0.121315
12.876 , 80.97963 , 62.46281 , 0.1167374
12.878 , 80.95674 , 62.46281 , 0.1121597
12.881 , 80.95674 , 62.41703 , 0.1075821
12.883 , 80.95674 , 62.46281 , 0.1075821
12.885 , 80.95674 , 62.41703 , 0.1075821
12.888 , 80.93385 , 62.39414 , 0.1121597
12.89 , 80.93385 , 62.41703 , 0.1121597
12.893 , 80.86519 , 62.39414 , 0.1075821
12.895 , 80.95674 , 62.37125 , 0.1075821
12.897 , 80.95674 , 62.39414 , 0.1075821
12.9 , 80.95674 , 62.37125 , 0.1075821
12.902 , 80.93385 , 62.39414 , 0.1075821
12.905 , 80.93385 , 62.41703 , 0.1030045
12.907 , 80.93385 , 62.37125 , 0.1030045
12.909 , 80.86519 , 62.39414 , 0.09842682
12.912 , 80.81941 , 62.32547 , 0.09842682
12.915 , 80.86519 , 62.32547 , 0.1030045
12.917 , 80.86519 , 62.32547 , 0.1030045
12.919 , 80.86519 , 62.37125 , 0.1030045
12.922 , 80.86519 , 62.30259 , 0.1030045
12.924 , 80.81941 , 62.37125 , 0.1030045
12.927 , 80.81941 , 62.32547 , 0.09842682
12.929 , 80.86519 , 62.37125 , 0.09842682
12.932 , 80.79652 , 62.30259 , 0.09842682
12.935 , 80.79652 , 62.30259 , 0.09842682
12.937 , 80.81941 , 62.25681 , 0.1030045
12.939 , 80.81941 , 62.30259 , 0.09842682
12.942 , 80.81941 , 62.39414 , 0.09842682
12.945 , 80.81941 , 62.30259 , 0.09842682
12.947 , 80.77363 , 62.30259 , 0.09842682
12.95 , 80.79652 , 62.30259 , 0.09384918
12.952 , 80.77363 , 62.25681 , 0.09384918
12.955 , 80.77363 , 62.30259 , 0.09384918
12.958 , 80.72785 , 62.25681 , 0.09384918
12.96 , 80.77363 , 62.30259 , 0.09384918
12.963 , 80.77363 , 62.30259 , 0.09384918
12.965 , 80.72785 , 62.25681 , 0.09384918
12.968 , 80.72785 , 62.23392 , 0.08927155
12.971 , 80.72785 , 62.18814 , 0.08927155
12.973 , 80.72785 , 62.23392 , 0.08927155
12.976 , 80.70496 , 62.23392 , 0.08927155
12.978 , 80.72785 , 62.23392 , 0.08927155
12.981 , 80.72785 , 62.25681 , 0.08927155
12.984 , 80.72785 , 62.25681 , 0.08927155
12.986 , 80.70496 , 62.23392 , 0.08927155
12.989 , 80.70496 , 62.23392 , 0.08469391
12.991 , 80.70496 , 62.18814 , 0.08469391
12.994 , 80.65919 , 62.18814 , 0.05036163
12.996 , 80.59052 , 62.18814 , 7.629395e-06
12.999 , 80.59052 , 62.18814 , 7.629395e-06
13.002 , 80.6363 , 62.23392 , 0.03205109
13.004 , 80.72785 , 62.18814 , 0.1487808
13.007 , 80.77363 , 62.16526 , 0.1808243
13.009 , 80.70496 , 62.16526 , 0.1762466
13.012 , 80.72785 , 62.16526 , 0.1396255
13.014 , 80.59052 , 62.16526 , 0.05493927
13.017 , 80.56763 , 62.16526 , 0.02289581
13.019 , 80.49897 , 62.16526 , -0.01372719
13.022 , 80.49897 , 62.16526 , -0.03661537
13.024 , 80.49897 , 62.16526 , 7.629395e-06
13.027 , 80.56763 , 62.16526 , 0.05951691
13.03 , 80.54475 , 62.14237 , 0.05036163
13.032 , 80.56763 , 62.09659 , 0.05951691
13.035 , 80.6363 , 62.14237 , 0.08927155
13.037 , 80.59052 , 62.09659 , 0.04120636
13.04 , 80.54475 , 62.09659 , 0.004585266
13.043 , 80.56763 , 62.09659 , 0.03662872
13.045 , 80.49897 , 62.09659 , 0.01145172
13.048 , 80.49897 , 62.09659 , -0.004571915
13.05 , 80.49897 , 62.02792 , 0.03662872
13.053 , 80.49897 , 62.0737 , 0.05036163
13.055 , 80.54475 , 62.02792 , 0.03205109
13.058 , 80.49897 , 62.0737 , 0.04120636
13.061 , 80.54475 , 62.0737 , 0.05036163
13.063 , 80.47608 , 62.0737 , -0.004571915
13.066 , 80.4303 , 62.0737 , -0.02288246
13.068 , 80.4303 , 62.02792 , 7.629395e-06
13.071 , 80.4303 , 62.02792 , -0.009149551
13.074 , 80.40741 , 62.00504 , -0.01830482
13.076 , 80.4303 , 62.02792 , 0.02747345
13.079 , 80.4303 , 62.02792 , 0.02747345
13.081 , 80.40741 , 62.02792 , -0.01372719
13.084 , 80.40741 , 62.0737 , 0.004585266
13.087 , 80.38452 , 62.00504 , 0.01145172
13.089 , 80.38452 , 62.00504 , -0.0274601
13.092 , 80.33875 , 61.95926 , -0.02288246
13.094 , 80.40741 , 62.00504 , 0.01602936
13.097 , 80.33875 , 61.95926 , -0.02288246
13.099 , 80.38452 , 61.95926 , -0.0274601
13.102 , 80.38452 , 62.00504 , 0.01145172
13.104 , 80.38452 , 61.95926 , -0.01372719
13.107 , 80.31586 , 61.93637 , -0.04119301
13.11 , 80.33875 , 61.93637 , -0.01372719
13.112 , 80.31586 , 61.93637 , 7.629395e-06
13.115 , 80.31586 , 61.93637 , 0.004585266
13.117 , 80.33875 , 61.93637 , -0.01830482
13.12 , 80.27008 , 61.93637 , -0.0274601
13.123 , 80.33875 , 61.93637 , -0.01372719
13.125 , 80.27008 , 61.91348 , -0.009149551
13.128 , 80.27008 , 61.91348 , -0.009149551
13.13 , 80.24719 , 61.91348 , -0.01372719
13.133 , 80.24719 , 61.86771 , -0.009149551
13.136 , 80.27008 , 61.84482 , -0.009149551
13.138 , 80.27008 , 61.86771 , -0.004571915
13.141 , 80.24719 , 61.84482 , -0.0274601
13.143 , 80.24719 , 61.86771 , -0.07323647
13.146 , 80.20142 , 61.86771 , -0.05034828
13.149 , 80.20142 , 61.79904 , -0.04119301
13.151 , 80.20142 , 61.79904 , -0.01830482
13.154 , 80.17853 , 61.79904 , -0.02288246
13.156 , 80.20142 , 61.77615 , -0.01830482
13.159 , 80.24719 , 61.77615 , -0.004571915
13.161 , 80.20142 , 61.79904 , -0.009149551
13.164 , 80.20142 , 61.79904 , -0.01830482
13.167 , 80.15564 , 61.79904 , -0.06408119
13.169 , 80.15564 , 61.77615 , -0.06408119
13.172 , 80.15564 , 61.77615 , -0.05034828
13.174 , 80.17853 , 61.77615 , -0.04119301
13.177 , 80.17853 , 61.77615 , -0.04119301
13.179 , 80.10986 , 61.73038 , -0.04577065
13.182 , 80.15564 , 61.73038 , -0.03203773
13.185 , 80.17853 , 61.77615 , -0.03203773
13.187 , 80.10986 , 61.70749 , -0.0274601
13.19 , 80.08698 , 61.68459 , -0.05492592
13.192 , 80.10986 , 61.70749 , -0.06865883
13.195 , 80.10986 , 61.70749 , -0.05034828
13.198 , 80.08698 , 61.73038 , -0.04577065
13.2 , 80.10986 , 61.70749 , -0.04119301
13.203 , 80.08698 , 61.70749 , -0.06408119
13.205 , 80.0412 , 61.70749 , -0.06408119
13.208 , 80.08698 , 61.68459 , -0.05950356
13.211 , 80.08698 , 61.70749 , -0.05034828
13.221 , 80.0412 , 61.68459 , -0.05034828
13.224 , 80.08698 , 61.70749 , -0.04577065
13.227 , 80.0412 , 61.63882 , -0.05034828
13.229 , 80.01831 , 61.63882 , -0.05034828
13.232 , 79.99542 , 61.61593 , -0.05034828
13.234 , 80.01831 , 61.61593 , -0.05034828
13.237 , 80.01831 , 61.63882 , -0.05950356
13.239 , 79.99542 , 61.63882 , -0.09154701
13.242 , 79.94965 , 61.61593 , -0.1007042
13.244 , 79.94965 , 61.61593 , -0.09154701
13.247 , 79.94965 , 61.63882 , -0.07323647
13.25 , 79.94965 , 61.61593 , -0.06865883
13.252 , 79.94965 , 61.57015 , -0.06865883
13.255 , 79.94965 , 61.57015 , -0.05492592
13.257 , 79.94965 , 61.57015 , -0.05492592
13.26 , 79.94965 , 61.57015 , -0.05950356
13.263 , 79.88098 , 61.57015 , -0.09154701
13.265 , 79.88098 , 61.57015 , -0.1007042
13.268 , 79.85809 , 61.57015 , -0.09154701
13.27 , 79.85809 , 61.54726 , -0.08239174
13.273 , 79.88098 , 61.54726 , -0.0778141
13.275 , 79.85809 , 61.54726 , -0.09154701
13.278 , 79.85809 , 61.54726 , -0.08696938
13.281 , 79.88098 , 61.57015 , -0.08239174
13.283 , 79.85809 , 61.54726 , -0.0778141
13.286 , 79.83521 , 61.54726 , -0.08239174
13.288 , 79.78943 , 61.54726 , -0.1007042
13.291 , 79.78943 , 61.52438 , -0.09154701
13.293 , 79.78943 , 61.4786 , -0.09154701
13.296 , 79.78943 , 61.52438 , -0.08239174
13.299 , 79.78943 , 61.54726 , -0.09612465
13.301 , 79.76654 , 61.52438 , -0.1007042
13.304 , 79.78943 , 61.52438 , -0.08696938
13.306 , 79.76654 , 61.4786 , -0.08696938
13.309 , 79.78943 , 61.4786 , -0.08696938
13.312 , 79.76654 , 61.40993 , -0.1007042
13.314 , 79.69788 , 61.40993 , -0.1007042
13.316 , 79.72076 , 61.4786 , -0.09612465
13.319 , 79.72076 , 61.40993 , -0.08696938
13.322 , 79.76654 , 61.45571 , -0.09154701
13.324 , 79.76654 , 61.45571 , -0.09154701
13.327 , 79.72076 , 61.45571 , -0.09154701
13.329 , 79.69788 , 61.4786 , -0.09154701
13.332 , 79.69788 , 61.45571 , -0.09154701
13.334 , 79.69788 , 61.45571 , -0.1052818
13.337 , 79.65209 , 61.40993 , -0.12817
13.339 , 79.65209 , 61.4786 , -0.1235924
13.342 , 79.69788 , 61.40993 , -0.1190147
13.344 , 79.65209 , 61.45571 , -0.1052818
13.347 , 79.6292 , 61.45571 , -0.1052818
13.349 , 79.65209 , 61.40993 , -0.1052818
13.351 , 79.6292 , 61.38705 , -0.09154701
13.354 , 79.6292 , 61.40993 , -0.09154701
13.357 , 79.65209 , 61.40993 , -0.09612465
13.359 , 79.60632 , 61.38705 , -0.1190147
13.362 , 79.65209 , 61.38705 , -0.1327477
13.364 , 79.60632 , 61.38705 , -0.1190147
13.366 , 79.6292 , 61.38705 , -0.1190147
13.369 , 79.6292 , 61.38705 , -0.1098595
13.371 , 79.6292 , 61.34127 , -0.1190147
13.373 , 79.6292 , 61.34127 , -0.1190147
13.376 , 79.6292 , 61.38705 , -0.1098595
13.378 , 79.6292 , 61.34127 , -0.1052818
13.381 , 79.6292 , 61.38705 , -0.1052818
13.383 , 79.60632 , 61.34127 , -0.1190147
13.385 , 79.60632 , 61.34127 , -0.12817
13.388 , 79.60632 , 61.31838 , -0.1235924
13.39 , 79.60632 , 61.29549 , -0.1235924
13.393 , 79.53765 , 61.31838 , -0.1144371
13.395 , 79.60632 , 61.29549 , -0.1235924
13.397 , 79.53765 , 61.34127 , -0.12817
13.4 , 79.53765 , 61.29549 , -0.1235924
13.402 , 79.53765 , 61.31838 , -0.1190147
13.405 , 79.60632 , 61.29549 , -0.1144371
13.407 , 79.53765 , 61.24971 , -0.12817
13.409 , 79.46899 , 61.24971 , -0.1373253
13.412 , 79.49187 , 61.22682 , -0.12817
13.414 , 79.4461 , 61.24971 , -0.1235924
13.417 , 79.49187 , 61.24971 , -0.1190147
13.419 , 79.49187 , 61.29549 , -0.1144371
13.422 , 79.49187 , 61.22682 , -0.1190147
13.424 , 79.49187 , 61.24971 , -0.1144371
13.426 , 79.46899 , 61.18105 , -0.1098595
13.429 , 79.46899 , 61.18105 , -0.1144371
13.431 , 79.46899 , 61.18105 , -0.1327477
13.434 , 79.4461 , 61.15816 , -0.1510582
13.436 , 79.4461 , 61.15816 , -0.1464806
13.439 , 79.4461 , 61.18105 , -0.1419029
13.441 , 79.4461 , 61.15816 , -0.1373253
13.443 , 79.46899 , 61.18105 , -0.1327477
13.446 , 79.40032 , 61.18105 , -0.1327477
13.448 , 79.40032 , 61.15816 , -0.1235924
13.451 , 79.4461 , 61.11238 , -0.1190147
13.453 , 79.40032 , 61.08949 , -0.1190147
13.455 , 79.40032 , 61.15816 , -0.1373253
13.458 , 79.37743 , 61.11238 , -0.1510582
13.46 , 79.37743 , 61.11238 , -0.1464806
13.463 , 79.40032 , 61.08949 , -0.1419029
13.465 , 79.37743 , 61.11238 , -0.1373253
13.467 , 79.37743 , 61.11238 , -0.1510582
13.47 , 79.30876 , 61.08949 , -0.1899681
13.472 , 79.28587 , 61.0666 , -0.1899681
13.475 , 79.30876 , 61.11238 , -0.1510582
13.477 , 79.30876 , 61.0666 , -0.1464806
13.479 , 79.33166 , 61.08949 , -0.1190147
13.482 , 79.37743 , 61.0666 , -0.1052818
13.484 , 79.37743 , 61.08949 , -0.09154701
13.487 , 79.37743 , 61.0666 , -0.1144371
13.489 , 79.30876 , 61.0666 , -0.1190147
13.492 , 79.30876 , 61.0666 , -0.1373253
13.494 , 79.30876 , 61.02083 , -0.1373253
13.496 , 79.33166 , 60.99794 , -0.1464806
13.499 , 79.30876 , 61.0666 , -0.1373253
13.501 , 79.28587 , 61.0666 , -0.1373253
13.504 , 79.28587 , 61.02083 , -0.12817
13.506 , 79.30876 , 60.99794 , -0.1235924
13.509 , 79.30876 , 60.99794 , -0.1190147
13.511 , 79.28587 , 60.99794 , -0.1235924
13.513 , 79.28587 , 61.02083 , -0.12817
13.516 , 79.30876 , 60.99794 , -0.1235924
13.518 , 79.2401 , 61.02083 , -0.12817
13.521 , 79.30876 , 61.02083 , -0.1235924
13.523 , 79.28587 , 61.0666 , -0.1190147
13.526 , 79.30876 , 61.02083 , -0.08239174
13.528 , 79.30876 , 61.02083 , -0.06865883
13.531 , 79.2401 , 60.99794 , -0.08696938
13.533 , 79.28587 , 60.99794 , -0.09612465
13.536 , 79.33166 , 60.99794 , 0.004585266
13.539 , 79.49187 , 60.99794 , 0.1876926
13.541 , 79.83521 , 60.99794 , 0.4646435
13.544 , 80.10986 , 60.99794 , 0.732439
13.546 , 80.15564 , 60.95216 , 0.7919502
13.549 , 80.10986 , 60.95216 , 0.7782173
13.551 , 80.0412 , 60.95216 , 0.6683521
13.553 , 79.92676 , 60.95216 , 0.5561981
13.556 , 79.88098 , 60.8835 , 0.5310211
13.558 , 79.83521 , 60.95216 , 0.4554882
13.561 , 79.49187 , 60.92927 , 0.1808243
13.563 , 79.28587 , 60.95216 , -0.05034828
13.566 , 79.17143 , 60.8835 , -0.1190147
13.568 , 79.17143 , 60.92927 , -0.1235924
13.571 , 79.21721 , 60.92927 , -0.05034828
13.573 , 79.33166 , 60.92927 , 0.1304703
13.576 , 79.49187 , 60.8835 , 0.2609348
13.578 , 79.60632 , 60.8835 , 0.3387566
13.581 , 79.6292 , 60.86061 , 0.3639336
13.583 , 79.6292 , 60.92927 , 0.3387566
13.585 , 79.53765 , 60.8835 , 0.2769566
13.588 , 79.46899 , 60.8835 , 0.2060032
13.59 , 79.40032 , 60.86061 , 0.1670914
13.593 , 79.37743 , 60.83772 , 0.1533585
13.595 , 79.37743 , 60.86061 , 0.1625137
13.597 , 79.40032 , 60.86061 , 0.1762466
13.6 , 79.40032 , 60.86061 , 0.2014256
13.602 , 79.4461 , 60.86061 , 0.2197361
13.605 , 79.4461 , 60.83772 , 0.2243137
13.607 , 79.40032 , 60.83772 , 0.2197361
13.609 , 79.37743 , 60.83772 , 0.2060032
13.612 , 79.33166 , 60.83772 , 0.2014256
13.614 , 79.33166 , 60.79194 , 0.1968479
13.617 , 79.37743 , 60.83772 , 0.1968479
13.619 , 79.37743 , 60.83772 , 0.2014256
13.622 , 79.33166 , 60.79194 , 0.2060032
13.624 , 79.37743 , 60.79194 , 0.2105808
13.626 , 79.33166 , 60.79194 , 0.2105808
13.629 , 79.33166 , 60.79194 , 0.2151585
13.631 , 79.30876 , 60.76905 , 0.2060032
13.634 , 79.33166 , 60.76905 , 0.2060032
13.636 , 79.30876 , 60.76905 , 0.2060032
13.639 , 79.33166 , 60.76905 , 0.2060032
13.641 , 79.37743 , 60.76905 , 0.2014256
13.643 , 79.37743 , 60.76905 , 0.2060032
13.646 , 79.30876 , 60.76905 , 0.2060032
13.648 , 79.28587 , 60.76905 , 0.2060032
13.651 , 79.28587 , 60.72328 , 0.2105808
13.653 , 79.30876 , 60.72328 , 0.2105808
13.656 , 79.30876 , 60.70039 , 0.2060032
13.658 , 79.28587 , 60.70039 , 0.2060032
13.66 , 79.30876 , 60.72328 , 0.2105808
13.663 , 79.28587 , 60.70039 , 0.2060032
13.665 , 79.2401 , 60.70039 , 0.2060032
13.668 , 79.2401 , 60.65461 , 0.2060032
13.67 , 79.21721 , 60.65461 , 0.2060032
13.672 , 79.2401 , 60.65461 , 0.2060032
13.675 , 79.21721 , 60.70039 , 0.2060032
13.677 , 79.2401 , 60.65461 , 0.2060032
13.68 , 79.2401 , 60.70039 , 0.2105808
13.682 , 79.21721 , 60.65461 , 0.2105808
13.684 , 79.2401 , 60.70039 , 0.2105808
13.687 , 79.17143 , 60.65461 , 0.2105808
13.689 , 79.17143 , 60.63173 , 0.2105808
13.692 , 79.17143 , 60.60884 , 0.2060032
13.694 , 79.17143 , 60.63173 , 0.2060032
13.696 , 79.17143 , 60.63173 , 0.2060032
13.699 , 79.21721 , 60.63173 , 0.2105808
13.701 , 79.21721 , 60.63173 , 0.2105808
13.703 , 79.17143 , 60.60884 , 0.2060032
13.706 , 79.17143 , 60.63173 , 0.2105808
13.708 , 79.14854 , 60.60884 , 0.2060032
13.711 , 79.10277 , 60.56306 , 0.2105808
13.713 , 79.14854 , 60.60884 , 0.2060032
13.715 , 79.17143 , 60.56306 , 0.2060032
13.718 , 79.14854 , 60.60884 , 0.2060032
13.72 , 79.14854 , 60.60884 , 0.2105808
13.722 , 79.10277 , 60.56306 , 0.2105808
13.725 , 79.10277 , 60.60884 , 0.2105808
13.727 , 79.10277 , 60.54017 , 0.2060032
13.738 , 79.10277 , 60.49439 , 0.2105808
13.74 , 79.10277 , 60.54017 , 0.2151585
13.743 , 79.10277 , 60.54017 , 0.2014256
13.745 , 79.05699 , 60.54017 , 0.1579361
13.748 , 78.98833 , 60.54017 , 0.1304703
13.75 , 78.98833 , 60.49439 , 0.1396255
13.753 , 79.01122 , 60.49439 , 0.1762466
13.755 , 79.14854 , 60.4715 , 0.2700901
13.757 , 79.14854 , 60.4715 , 0.2998466
13.76 , 79.14854 , 60.4715 , 0.2861137
13.762 , 79.07988 , 60.49439 , 0.2288914
13.765 , 79.01122 , 60.4715 , 0.1876926
13.767 , 78.98833 , 60.44862 , 0.1442032
13.769 , 78.91966 , 60.4715 , 0.08927155
13.772 , 78.91966 , 60.44862 , 0.121315
13.774 , 78.91966 , 60.4715 , 0.1442032
13.777 , 78.94255 , 60.40284 , 0.1487808
13.779 , 78.98833 , 60.4715 , 0.1876926
13.782 , 79.01122 , 60.40284 , 0.1968479
13.784 , 78.94255 , 60.40284 , 0.171669
13.786 , 78.98833 , 60.44862 , 0.1876926
13.789 , 78.94255 , 60.37995 , 0.1625137
13.791 , 78.851 , 60.40284 , 0.1304703
13.794 , 78.91966 , 60.37995 , 0.1533585
13.796 , 78.91966 , 60.37995 , 0.1533585
13.799 , 78.91966 , 60.37995 , 0.1579361
13.801 , 78.91966 , 60.40284 , 0.1762466
13.804 , 78.89677 , 60.40284 , 0.1533585
13.806 , 78.89677 , 60.33418 , 0.1258926
13.809 , 78.851 , 60.31129 , 0.1442032
13.811 , 78.851 , 60.26551 , 0.1258926
13.813 , 78.82811 , 60.31129 , 0.121315
13.816 , 78.851 , 60.31129 , 0.1487808
13.818 , 78.851 , 60.31129 , 0.1258926
13.821 , 78.851 , 60.31129 , 0.1258926
13.823 , 78.82811 , 60.31129 , 0.1533585
13.826 , 78.851 , 60.31129 , 0.1167374
13.828 , 78.78233 , 60.26551 , 0.1121597
13.83 , 78.82811 , 60.26551 , 0.1396255
13.833 , 78.71367 , 60.26551 , 0.1075821
13.835 , 78.75945 , 60.26551 , 0.1030045
13.838 , 78.78233 , 60.21973 , 0.1304703
13.84 , 78.75945 , 60.24262 , 0.09842682
13.843 , 78.75945 , 60.31129 , 0.1030045
13.845 , 78.75945 , 60.24262 , 0.1258926
13.847 , 78.71367 , 60.24262 , 0.09384918
13.85 , 78.66789 , 60.21973 , 0.09842682
13.852 , 78.69078 , 60.21973 , 0.121315
13.855 , 78.69078 , 60.24262 , 0.1121597
13.857 , 78.69078 , 60.21973 , 0.121315
13.86 , 78.75945 , 60.17395 , 0.1075821
13.862 , 78.69078 , 60.21973 , 0.08011627
13.865 , 78.66789 , 60.21973 , 0.08011627
13.867 , 78.69078 , 60.17395 , 0.09384918
13.87 , 78.66789 , 60.17395 , 0.08927155
13.873 , 78.62212 , 60.15106 , 0.08011627
13.875 , 78.66789 , 60.15106 , 0.1075821
13.877 , 78.66789 , 60.15106 , 0.1167374
13.88 , 78.66789 , 60.15106 , 0.09842682
13.882 , 78.62212 , 60.17395 , 0.05951691
13.885 , 78.62212 , 60.15106 , 0.07553864
13.888 , 78.62212 , 60.10529 , 0.08011627
13.89 , 78.59923 , 60.10529 , 0.06409454
13.893 , 78.53056 , 60.10529 , 0.05493927
13.895 , 78.59923 , 60.0824 , 0.08469391
13.898 , 78.62212 , 60.10529 , 0.08469391
13.901 , 78.55344 , 60.15106 , 0.06867218
13.903 , 78.55344 , 60.15106 , 0.05036163
13.906 , 78.55344 , 60.10529 , 0.06867218
13.908 , 78.55344 , 60.0824 , 0.06867218
13.911 , 78.53056 , 60.0824 , 0.045784
13.913 , 78.46189 , 60.0824 , 0.03662872
13.916 , 78.53056 , 60.03662 , 0.06409454
13.919 , 78.53056 , 60.0824 , 0.05951691
13.921 , 78.55344 , 60.0824 , 0.045784
13.924 , 78.50767 , 60.0824 , 0.03662872
13.926 , 78.53056 , 60.0824 , 0.05951691
13.929 , 78.50767 , 60.0824 , 0.05493927
13.932 , 78.50767 , 60.03662 , 0.05036163
13.934 , 78.46189 , 60.01373 , 0.05036163
13.937 , 78.50767 , 60.03662 , 0.05951691
13.939 , 78.50767 , 60.03662 , 0.05951691
13.942 , 78.46189 , 60.03662 , 0.02289581
13.945 , 78.439 , 60.01373 , -0.004571915
13.947 , 78.46189 , 60.01373 , 0.01145172
13.95 , 78.39323 , 60.01373 , 0.02289581
13.952 , 78.39323 , 59.99084 , 0.01145172
13.955 , 78.39323 , 59.99084 , 0.02747345
13.958 , 78.439 , 59.99084 , 0.045784
13.96 , 78.46189 , 59.99084 , 0.045784
13.963 , 78.37034 , 60.01373 , 0.004585266
13.965 , 78.39323 , 59.99084 , 7.629395e-06
13.968 , 78.37034 , 59.99084 , 0.004585266
13.971 , 78.37034 , 59.99084 , 7.629395e-06
13.974 , 78.34745 , 59.94507 , -0.01372719
13.976 , 78.34745 , 59.99084 , 7.629395e-06
13.979 , 78.37034 , 59.94507 , 0.01602936
13.982 , 78.37034 , 59.99084 , 0.01145172
13.984 , 78.34745 , 59.94507 , -0.009149551
13.987 , 78.34745 , 59.92218 , 0.004585266
13.989 , 78.34745 , 59.92218 , 7.629395e-06
13.992 , 78.30167 , 59.94507 , -0.009149551
13.995 , 78.30167 , 59.92218 , -0.01830482
13.997 , 78.34745 , 59.92218 , 0.004585266
14.0 , 78.34745 , 59.94507 , 7.629395e-06
14.003 , 78.30167 , 59.92218 , -0.01830482
14.005 , 78.34745 , 59.94507 , -0.02288246
14.008 , 78.30167 , 59.92218 , -0.004571915
14.011 , 78.27879 , 59.92218 , -0.009149551
14.013 , 78.30167 , 59.8764 , -0.01372719
14.016 , 78.27879 , 59.85352 , -0.01372719
14.018 , 78.30167 , 59.92218 , -0.004571915
14.021 , 78.27879 , 59.92218 , -0.01372719
14.024 , 78.27879 , 59.94507 , -0.05034828
14.026 , 78.21012 , 59.8764 , -0.05492592
14.029 , 78.16434 , 59.92218 , -0.05034828
14.031 , 78.16434 , 59.8764 , -0.03661537
14.034 , 78.21012 , 59.85352 , -0.05034828
14.037 , 78.21012 , 59.8764 , -0.03661537
14.039 , 78.21012 , 59.8764 , -0.01830482
14.042 , 78.21012 , 59.85352 , -0.02288246
14.044 , 78.21012 , 59.85352 , -0.05492592
14.047 , 78.14145 , 59.85352 , -0.05492592
14.05 , 78.16434 , 59.80773 , -0.05492592
14.052 , 78.11856 , 59.80773 , -0.05034828
14.055 , 78.14145 , 59.80773 , -0.06865883
14.057 , 78.11856 , 59.85352 , -0.06408119
14.06 , 78.16434 , 59.85352 , -0.05034828
14.062 , 78.16434 , 59.80773 , -0.04577065
14.065 , 78.11856 , 59.80773 , -0.06865883
14.068 , 78.11856 , 59.78484 , -0.06408119
14.07 , 78.14145 , 59.76196 , -0.05950356
14.073 , 78.07278 , 59.76196 , -0.05950356
14.075 , 78.0499 , 59.76196 , -0.08239174
14.078 , 78.07278 , 59.78484 , -0.06865883
14.081 , 78.07278 , 59.78484 , -0.06408119
14.083 , 78.11856 , 59.76196 , -0.06408119
14.086 , 78.07278 , 59.76196 , -0.08239174
14.088 , 78.0499 , 59.76196 , -0.06865883
14.091 , 78.00412 , 59.76196 , -0.06865883
14.094 , 78.00412 , 59.71618 , -0.06865883
14.096 , 78.00412 , 59.71618 , -0.07323647
14.099 , 78.0499 , 59.78484 , -0.05492592
14.102 , 78.00412 , 59.76196 , -0.05492592
14.104 , 78.0499 , 59.71618 , -0.0778141
14.107 , 77.95834 , 59.71618 , -0.1052818
14.109 , 77.98123 , 59.71618 , -0.09612465
14.112 , 77.95834 , 59.69329 , -0.09154701
14.114 , 77.95834 , 59.64751 , -0.09612465
14.117 , 77.98123 , 59.69329 , -0.08696938
14.119 , 77.98123 , 59.69329 , -0.06408119
14.122 , 77.98123 , 59.69329 , -0.05950356
14.125 , 77.98123 , 59.69329 , -0.08239174
14.127 , 77.95834 , 59.62463 , -0.09612465
14.13 , 77.95834 , 59.64751 , -0.08696938
14.132 , 77.98123 , 59.64751 , -0.08696938
14.135 , 77.95834 , 59.64751 , -0.1052818
14.138 , 77.91257 , 59.62463 , -0.1052818
14.14 , 77.95834 , 59.64751 , -0.08239174
14.143 , 77.95834 , 59.62463 , -0.0778141
14.145 , 77.88968 , 59.62463 , -0.09612465
14.148 , 77.91257 , 59.62463 , -0.1007042
14.15 , 77.8439 , 59.60174 , -0.08696938
14.153 , 77.91257 , 59.60174 , -0.09154701
14.155 , 77.8439 , 59.62463 , -0.1098595
14.158 , 77.8439 , 59.60174 , -0.1098595
14.16 , 77.88968 , 59.62463 , -0.09612465
14.163 , 77.88968 , 59.60174 , -0.09612465
14.166 , 77.88968 , 59.60174 , -0.1098595
14.168 , 77.82101 , 59.55596 , -0.1144371
14.17 , 77.82101 , 59.53307 , -0.1007042
14.173 , 77.8439 , 59.55596 , -0.1007042
14.175 , 77.82101 , 59.53307 , -0.1007042
14.178 , 77.82101 , 59.55596 , -0.1007042
14.18 , 77.8439 , 59.60174 , -0.08696938
14.183 , 77.82101 , 59.53307 , -0.08696938
14.185 , 77.79812 , 59.55596 , -0.1052818
14.188 , 77.75234 , 59.53307 , -0.12817
14.19 , 77.72945 , 59.4873 , -0.1235924
14.193 , 77.79812 , 59.41863 , -0.1235924
14.195 , 77.72945 , 59.41863 , -0.1235924
14.197 , 77.75234 , 59.46441 , -0.12817
14.2 , 77.72945 , 59.41863 , -0.1098595
14.202 , 77.72945 , 59.46441 , -0.1007042
14.205 , 77.72945 , 59.46441 , -0.1052818
14.207 , 77.75234 , 59.46441 , -0.12817
14.21 , 77.68368 , 59.39574 , -0.12817
14.212 , 77.68368 , 59.41863 , -0.12817
14.215 , 77.72945 , 59.41863 , -0.1235924
14.217 , 77.66079 , 59.39574 , -0.178524
14.219 , 77.61501 , 59.46441 , -0.1945457
14.222 , 77.61501 , 59.46441 , -0.1510582
14.224 , 77.68368 , 59.41863 , -0.1419029
14.227 , 77.66079 , 59.41863 , -0.1190147
14.229 , 77.66079 , 59.39574 , -0.09154701
14.232 , 77.68368 , 59.37285 , -0.0778141
14.234 , 77.66079 , 59.37285 , -0.08696938
14.237 , 77.66079 , 59.37285 , -0.09612465
14.239 , 77.61501 , 59.39574 , -0.1144371
14.242 , 77.61501 , 59.39574 , -0.1235924
14.244 , 77.66079 , 59.39574 , -0.1327477
14.247 , 77.61501 , 59.39574 , -0.12817
14.249 , 77.61501 , 59.37285 , -0.1190147
14.252 , 77.61501 , 59.37285 , -0.1144371
14.254 , 77.59212 , 59.30419 , -0.1052818
14.256 , 77.59212 , 59.30419 , -0.1007042
14.259 , 77.61501 , 59.32708 , -0.1098595
14.27 , 77.56924 , 59.30419 , -0.1098595
14.272 , 77.59212 , 59.30419 , -0.1144371
14.274 , 77.56924 , 59.30419 , -0.08696938
14.277 , 77.61501 , 59.32708 , -0.05034828
14.28 , 77.59212 , 59.25841 , -0.05492592
14.282 , 77.61501 , 59.30419 , -0.0778141
14.285 , 77.59212 , 59.32708 , -0.04577065
14.287 , 77.72945 , 59.30419 , 0.1030045
14.29 , 77.8439 , 59.25841 , 0.2700901
14.292 , 78.16434 , 59.30419 , 0.595108
14.295 , 78.39323 , 59.25841 , 0.8056831
14.297 , 78.439 , 59.25841 , 0.8148384
14.3 , 78.39323 , 59.30419 , 0.7782173
14.302 , 78.30167 , 59.30419 , 0.6637745
14.304 , 78.23301 , 59.25841 , 0.5745087
14.307 , 78.16434 , 59.25841 , 0.5996857
14.309 , 78.23301 , 59.23552 , 0.6546192
14.312 , 78.21012 , 59.18975 , 0.5790863
14.314 , 78.00412 , 59.23552 , 0.3433342
14.316 , 77.79812 , 59.18975 , 0.1533585
14.319 , 77.61501 , 59.23552 , 0.03205109
14.321 , 77.59212 , 59.18975 , -0.02288246
14.324 , 77.56924 , 59.18975 , 0.03662872
14.327 , 77.68368 , 59.18975 , 0.1670914
14.329 , 77.82101 , 59.23552 , 0.3227348
14.331 , 77.91257 , 59.18975 , 0.4005566
14.334 , 77.98123 , 59.14397 , 0.4371777
14.336 , 77.98123 , 59.14397 , 0.4188671
14.339 , 77.95834 , 59.09819 , 0.3639336
14.341 , 77.91257 , 59.18975 , 0.2998466
14.344 , 77.82101 , 59.14397 , 0.2517796
14.346 , 77.79812 , 59.14397 , 0.2288914
14.349 , 77.79812 , 59.14397 , 0.233469
14.351 , 77.79812 , 59.09819 , 0.2517796
14.354 , 77.75234 , 59.14397 , 0.2769566
14.356 , 77.82101 , 59.07531 , 0.2906914
14.358 , 77.79812 , 59.09819 , 0.295269
14.361 , 77.82101 , 59.09819 , 0.2906914
14.363 , 77.79812 , 59.09819 , 0.2861137
14.366 , 77.79812 , 59.07531 , 0.2700901
14.368 , 77.72945 , 59.07531 , 0.2609348
14.371 , 77.72945 , 59.07531 , 0.2563572
14.373 , 77.68368 , 59.02953 , 0.2609348
14.375 , 77.72945 , 59.02953 , 0.2700901
14.378 , 77.72945 , 59.02953 , 0.2769566
14.38 , 77.68368 , 59.07531 , 0.2700901
14.383 , 77.68368 , 59.00664 , 0.2700901
14.385 , 77.72945 , 59.00664 , 0.2700901
14.387 , 77.66079 , 58.96086 , 0.2609348
14.39 , 77.66079 , 59.00664 , 0.2563572
14.392 , 77.66079 , 58.96086 , 0.2563572
14.395 , 77.66079 , 58.93797 , 0.2563572
14.397 , 77.66079 , 58.93797 , 0.2563572
14.4 , 77.68368 , 59.00664 , 0.2609348
14.402 , 77.68368 , 58.96086 , 0.2563572
14.405 , 77.68368 , 59.00664 , 0.2563572
14.407 , 77.72945 , 58.93797 , 0.2517796
14.41 , 77.66079 , 58.96086 , 0.2517796
14.412 , 77.61501 , 58.91508 , 0.2426243
14.414 , 77.61501 , 58.93797 , 0.2472019
14.417 , 77.66079 , 58.93797 , 0.2426243
14.419 , 77.61501 , 58.93797 , 0.2426243
14.422 , 77.61501 , 58.96086 , 0.2380466
14.424 , 77.61501 , 58.91508 , 0.2380466
14.427 , 77.61501 , 58.93797 , 0.2380466
14.429 , 77.59212 , 58.86931 , 0.233469
14.432 , 77.59212 , 58.91508 , 0.233469
14.434 , 77.56924 , 58.91508 , 0.2288914
14.436 , 77.59212 , 58.86931 , 0.2288914
14.439 , 77.56924 , 58.91508 , 0.2243137
14.441 , 77.56924 , 58.86931 , 0.2243137
14.444 , 77.56924 , 58.86931 , 0.2243137
14.446 , 77.59212 , 58.91508 , 0.2197361
14.449 , 77.52346 , 58.84642 , 0.2151585
14.451 , 77.52346 , 58.84642 , 0.2151585
14.453 , 77.52346 , 58.84642 , 0.2151585
14.456 , 77.52346 , 58.86931 , 0.2105808
14.458 , 77.52346 , 58.86931 , 0.2105808
14.461 , 77.52346 , 58.84642 , 0.2105808
14.463 , 77.52346 , 58.84642 , 0.2060032
14.465 , 77.4548 , 58.86931 , 0.2014256
14.468 , 77.52346 , 58.86931 , 0.2060032
14.47 , 77.4548 , 58.80064 , 0.2014256
14.473 , 77.4548 , 58.80064 , 0.2014256
14.475 , 77.50057 , 58.80064 , 0.1968479
14.477 , 77.52346 , 58.86931 , 0.1968479
14.48 , 77.4548 , 58.86931 , 0.1922703
14.482 , 77.4548 , 58.86931 , 0.1922703
14.485 , 77.4548 , 58.86931 , 0.1922703
14.487 , 77.50057 , 58.80064 , 0.1876926
14.49 , 77.4548 , 58.80064 , 0.1876926
14.492 , 77.4319 , 58.84642 , 0.1808243
14.495 , 77.36324 , 58.80064 , 0.121315
14.497 , 77.27168 , 58.84642 , 0.06409454
14.5 , 77.27168 , 58.80064 , 0.08469391
14.502 , 77.31746 , 58.80064 , 0.1304703
14.505 , 77.40901 , 58.84642 , 0.2426243
14.507 , 77.4548 , 58.80064 , 0.2815361
14.509 , 77.4548 , 58.77776 , 0.2472019
14.512 , 77.40901 , 58.77776 , 0.2014256
14.514 , 77.36324 , 58.75487 , 0.1533585
14.517 , 77.24879 , 58.77776 , 0.09384918
14.519 , 77.18013 , 58.80064 , 0.03205109
14.522 , 77.20302 , 58.80064 , 0.06409454
14.524 , 77.20302 , 58.75487 , 0.05951691
14.527 , 77.24879 , 58.77776 , 0.1258926
14.529 , 77.27168 , 58.75487 , 0.1487808
14.532 , 77.27168 , 58.70909 , 0.1579361
14.534 , 77.27168 , 58.75487 , 0.1625137
14.537 , 77.24879 , 58.75487 , 0.1075821
14.539 , 77.18013 , 58.75487 , 0.08927155
14.542 , 77.18013 , 58.75487 , 0.06409454
14.544 , 77.15724 , 58.75487 , 0.05036163
14.547 , 77.18013 , 58.70909 , 0.08011627
14.55 , 77.15724 , 58.70909 , 0.06409454
14.552 , 77.15724 , 58.70909 , 0.08927155
14.555 , 77.15724 , 58.6862 , 0.08011627
14.557 , 77.15724 , 58.75487 , 0.06867218
14.56 , 77.18013 , 58.6862 , 0.08927155
14.562 , 77.15724 , 58.6862 , 0.05493927
14.565 , 77.15724 , 58.70909 , 0.06409454
14.568 , 77.08858 , 58.70909 , 0.045784
14.57 , 77.0428 , 58.64042 , 0.04120636
14.573 , 77.08858 , 58.61753 , 0.05951691
14.575 , 77.08858 , 58.64042 , 0.03662872
14.578 , 77.08858 , 58.64042 , 0.06409454
14.581 , 77.08858 , 58.64042 , 0.05951691
14.583 , 77.0428 , 58.64042 , 0.05951691
14.586 , 77.08858 , 58.64042 , 0.045784
14.588 , 77.01991 , 58.64042 , 0.01602936
14.591 , 77.01991 , 58.61753 , 0.02747345
14.594 , 77.01991 , 58.61753 , 0.004585266
14.596 , 76.99702 , 58.61753 , 0.02289581
14.599 , 77.0428 , 58.61753 , 0.01602936
14.602 , 77.01991 , 58.61753 , 0.01602936
14.604 , 76.99702 , 58.64042 , 0.03662872
14.607 , 76.92836 , 58.57175 , 0.01145172
14.609 , 76.92836 , 58.54887 , 0.02289581
14.612 , 76.95125 , 58.54887 , 0.04120636
14.614 , 76.95125 , 58.57175 , 0.02289581
14.617 , 76.88258 , 58.57175 , 7.629395e-06
14.62 , 76.95125 , 58.57175 , 0.03205109
14.622 , 76.95125 , 58.54887 , 0.01145172
14.625 , 76.8597 , 58.54887 , -0.01830482
14.627 , 76.8597 , 58.57175 , -0.009149551
14.63 , 76.92836 , 58.54887 , 0.02289581
14.633 , 76.8597 , 58.4802 , -0.01372719
14.635 , 76.8597 , 58.4802 , -0.01372719
14.638 , 76.88258 , 58.52598 , 0.01602936
14.641 , 76.88258 , 58.52598 , 0.01145172
14.643 , 76.8597 , 58.54887 , 0.004585266
14.646 , 76.88258 , 58.52598 , 0.01602936
14.649 , 76.88258 , 58.4802 , 0.02747345
14.651 , 76.83681 , 58.4802 , -0.0274601
14.654 , 76.79103 , 58.45731 , -0.04577065
14.656 , 76.83681 , 58.45731 , -0.0274601
14.659 , 76.83681 , 58.4802 , -0.02288246
14.661 , 76.79103 , 58.4802 , -0.03203773
14.664 , 76.83681 , 58.45731 , -0.01372719
14.667 , 76.83681 , 58.4802 , 0.01145172
14.669 , 76.79103 , 58.41154 , -0.02288246
14.672 , 76.76814 , 58.41154 , -0.03203773
14.674 , 76.72237 , 58.38865 , -0.02288246
14.677 , 76.76814 , 58.41154 , -0.0274601
14.68 , 76.72237 , 58.41154 , -0.04577065
14.682 , 76.72237 , 58.38865 , -0.03661537
14.685 , 76.76814 , 58.38865 , -0.01372719
14.687 , 76.76814 , 58.34287 , -0.04577065
14.69 , 76.72237 , 58.38865 , -0.04119301
14.692 , 76.72237 , 58.31998 , -0.02288246
14.695 , 76.69948 , 58.31998 , -0.04119301
14.698 , 76.65369 , 58.34287 , -0.05034828
14.7 , 76.65369 , 58.34287 , -0.04119301
14.703 , 76.69948 , 58.31998 , -0.0274601
14.706 , 76.69948 , 58.31998 , -0.05950356
14.708 , 76.65369 , 58.31998 , -0.05034828
14.711 , 76.65369 , 58.25131 , -0.03203773
14.713 , 76.65369 , 58.31998 , -0.04119301
14.716 , 76.65369 , 58.29709 , -0.04577065
14.719 , 76.65369 , 58.29709 , -0.03203773
14.721 , 76.69948 , 58.31998 , -0.03203773
14.724 , 76.63081 , 58.31998 , -0.06865883
14.726 , 76.60792 , 58.29709 , -0.08239174
14.729 , 76.63081 , 58.29709 , -0.07323647
14.732 , 76.60792 , 58.25131 , -0.0778141
14.734 , 76.60792 , 58.22842 , -0.07323647
14.737 , 76.60792 , 58.29709 , -0.05492592
14.739 , 76.63081 , 58.29709 , -0.04119301
14.742 , 76.60792 , 58.25131 , -0.08239174
14.745 , 76.60792 , 58.25131 , -0.08239174
14.747 , 76.56214 , 58.25131 , -0.07323647
14.75 , 76.53925 , 58.22842 , -0.09154701
14.752 , 76.53925 , 58.22842 , -0.1007042
14.755 , 76.53925 , 58.25131 , -0.08696938
14.757 , 76.53925 , 58.22842 , -0.07323647
14.76 , 76.56214 , 58.18265 , -0.1007042
14.762 , 76.49348 , 58.22842 , -0.1007042
14.765 , 76.53925 , 58.18265 , -0.08239174
14.767 , 76.49348 , 58.22842 , -0.09154701
14.77 , 76.47059 , 58.18265 , -0.1098595
14.772 , 76.47059 , 58.18265 , -0.1098595
14.775 , 76.49348 , 58.15976 , -0.09612465
14.778 , 76.47059 , 58.15976 , -0.1190147
14.78 , 76.47059 , 58.18265 , -0.1190147
14.782 , 76.47059 , 58.18265 , -0.1052818
14.785 , 76.47059 , 58.15976 , -0.09612465
14.796 , 76.37904 , 58.15976 , -0.1235924
14.798 , 76.37904 , 58.15976 , -0.1419029
14.801 , 76.40192 , 58.11398 , -0.1327477
14.803 , 76.40192 , 58.15976 , -0.12817
14.806 , 76.37904 , 58.09109 , -0.1419029
14.808 , 76.37904 , 58.06821 , -0.1373253
14.811 , 76.37904 , 58.09109 , -0.1190147
14.813 , 76.37904 , 58.06821 , -0.1235924
14.816 , 76.33326 , 58.06821 , -0.1373253
14.818 , 76.33326 , 58.02243 , -0.1419029
14.82 , 76.33326 , 58.06821 , -0.1327477
14.823 , 76.33326 , 58.09109 , -0.1556358
14.825 , 76.31036 , 58.09109 , -0.1556358
14.828 , 76.31036 , 58.06821 , -0.1510582
14.83 , 76.31036 , 58.02243 , -0.1373253
14.833 , 76.26459 , 58.06821 , -0.1647911
14.835 , 76.26459 , 58.02243 , -0.1647911
14.837 , 76.31036 , 58.02243 , -0.1464806
14.84 , 76.33326 , 58.02243 , -0.1464806
14.842 , 76.2417 , 58.02243 , -0.1693687
14.845 , 76.26459 , 57.99954 , -0.1739464
14.847 , 76.26459 , 58.02243 , -0.1602135
14.85 , 76.2417 , 57.99954 , -0.1739464
14.852 , 76.2417 , 57.99954 , -0.178524
14.854 , 76.21881 , 57.95377 , -0.178524
14.857 , 76.21881 , 57.99954 , -0.1647911
14.859 , 76.2417 , 57.95377 , -0.1739464
14.862 , 76.21881 , 57.99954 , -0.1693687
14.864 , 76.2417 , 57.99954 , -0.1602135
14.867 , 76.21881 , 57.99954 , -0.1556358
14.869 , 76.2417 , 57.95377 , -0.1945457
14.871 , 76.17303 , 57.95377 , -0.2151451
14.874 , 76.15015 , 57.95377 , -0.2105675
14.876 , 76.15015 , 57.93087 , -0.2105675
14.879 , 76.10437 , 57.95377 , -0.2151451
14.881 , 76.17303 , 57.95377 , -0.2105675
14.884 , 76.15015 , 57.95377 , -0.1853905
14.886 , 76.15015 , 57.93087 , -0.1945457
14.889 , 76.15015 , 57.93087 , -0.2151451
14.891 , 76.15015 , 57.90799 , -0.2105675
14.894 , 76.10437 , 57.90799 , -0.203701
14.896 , 76.10437 , 57.90799 , -0.2357445
14.898 , 76.10437 , 57.93087 , -0.2357445
14.901 , 76.08148 , 57.90799 , -0.2151451
14.903 , 76.10437 , 57.93087 , -0.2151451
14.906 , 76.08148 , 57.90799 , -0.228878
14.908 , 76.08148 , 57.86221 , -0.2357445
14.911 , 76.05859 , 57.86221 , -0.2197227
14.913 , 76.05859 , 57.86221 , -0.228878
14.915 , 76.05859 , 57.86221 , -0.2448997
14.918 , 76.08148 , 57.86221 , -0.2448997
14.92 , 76.10437 , 57.86221 , -0.228878
14.923 , 76.08148 , 57.86221 , -0.254055
14.925 , 76.01282 , 57.86221 , -0.254055
14.928 , 76.01282 , 57.83932 , -0.2494774
14.93 , 76.01282 , 57.83932 , -0.2357445
14.932 , 76.01282 , 57.83932 , -0.2494774
14.935 , 76.01282 , 57.77066 , -0.2448997
14.937 , 76.05859 , 57.83932 , -0.228878
14.94 , 76.05859 , 57.83932 , -0.2357445
14.942 , 76.01282 , 57.83932 , -0.2586327
14.945 , 75.98993 , 57.79354 , -0.2723656
14.947 , 76.01282 , 57.79354 , -0.2723656
14.95 , 75.94415 , 57.79354 , -0.2769432
14.952 , 75.94415 , 57.77066 , -0.2815208
14.955 , 75.94415 , 57.79354 , -0.2677879
14.957 , 75.94415 , 57.83932 , -0.2494774
14.959 , 75.98993 , 57.79354 , -0.2723656
14.962 , 75.94415 , 57.83932 , -0.2815208
14.964 , 75.94415 , 57.79354 , -0.2677879
14.967 , 75.94415 , 57.79354 , -0.2769432
14.969 , 75.92126 , 57.77066 , -0.3318768
14.972 , 75.8526 , 57.77066 , -0.3593426
14.974 , 75.8526 , 57.77066 , -0.3227215
14.977 , 75.92126 , 57.77066 , -0.2998333
14.979 , 75.89838 , 57.72488 , -0.2677879
14.982 , 75.92126 , 57.79354 , -0.2357445
14.984 , 75.98993 , 57.72488 , -0.2151451
14.987 , 75.94415 , 57.72488 , -0.2243004
14.989 , 75.94415 , 57.72488 , -0.2403221
14.991 , 75.92126 , 57.72488 , -0.2586327
14.994 , 75.89838 , 57.70199 , -0.2677879
14.996 , 75.89838 , 57.72488 , -0.2815208
14.999 , 75.8526 , 57.72488 , -0.2769432
15.001 , 75.89838 , 57.77066 , -0.2769432
15.004 , 75.89838 , 57.72488 , -0.2632103
15.006 , 75.89838 , 57.6791 , -0.2586327
15.009 , 75.8526 , 57.70199 , -0.2494774
15.011 , 75.82971 , 57.70199 , -0.254055
15.014 , 75.8526 , 57.6791 , -0.254055
15.016 , 75.82971 , 57.6791 , -0.254055
15.018 , 75.82971 , 57.6791 , -0.254055
15.021 , 75.78394 , 57.70199 , -0.254055
15.023 , 75.82971 , 57.70199 , -0.2448997
15.026 , 75.8526 , 57.6791 , -0.2151451
15.028 , 75.8526 , 57.70199 , -0.1899681
15.031 , 75.8526 , 57.63333 , -0.203701
15.033 , 75.82971 , 57.61044 , -0.2197227
15.035 , 75.82971 , 57.6791 , -0.1693687
15.038 , 75.94415 , 57.63333 , -0.04577065
15.04 , 76.15015 , 57.63333 , 0.1670914
15.043 , 76.49348 , 57.63333 , 0.5058441
15.045 , 76.63081 , 57.63333 , 0.6683521
15.048 , 76.65369 , 57.63333 , 0.6729298
15.05 , 76.60792 , 57.61044 , 0.6317291
15.052 , 76.49348 , 57.54177 , 0.5149994
15.055 , 76.37904 , 57.56466 , 0.4417553
15.057 , 76.40192 , 57.56466 , 0.4738007
15.06 , 76.53925 , 57.54177 , 0.5996857
15.062 , 76.63081 , 57.56466 , 0.6683521
15.064 , 76.4477 , 57.54177 , 0.4509106
15.067 , 76.17303 , 57.54177 , 0.1968479
15.069 , 76.01282 , 57.49599 , 0.05951691
15.072 , 75.8526 , 57.49599 , -0.08696938
15.075 , 75.78394 , 57.49599 , -0.1144371
15.077 , 75.89838 , 57.49599 , -0.01830482
15.08 , 76.01282 , 57.54177 , 0.1579361
15.082 , 76.15015 , 57.49599 , 0.2517796
15.084 , 76.2417 , 57.47311 , 0.3296013
15.087 , 76.2417 , 57.47311 , 0.3387566
15.089 , 76.17303 , 57.47311 , 0.2998466
15.092 , 76.10437 , 57.45022 , 0.2380466
15.094 , 76.05859 , 57.40444 , 0.1876926
15.097 , 76.05859 , 57.47311 , 0.1533585
15.099 , 76.01282 , 57.47311 , 0.1487808
15.102 , 75.98993 , 57.47311 , 0.1579361
15.104 , 76.05859 , 57.45022 , 0.1876926
15.106 , 76.05859 , 57.45022 , 0.2014256
15.109 , 76.05859 , 57.45022 , 0.2105808
15.111 , 76.08148 , 57.40444 , 0.2105808
15.114 , 76.01282 , 57.40444 , 0.2060032
15.116 , 76.01282 , 57.40444 , 0.2014256
15.118 , 76.01282 , 57.40444 , 0.1876926
15.121 , 76.05859 , 57.45022 , 0.1808243
15.123 , 76.01282 , 57.40444 , 0.1808243
15.126 , 76.01282 , 57.40444 , 0.1876926
15.128 , 76.01282 , 57.40444 , 0.1968479
15.13 , 76.01282 , 57.38155 , 0.1922703
15.133 , 75.98993 , 57.38155 , 0.1922703
15.135 , 76.01282 , 57.38155 , 0.1876926
15.138 , 75.98993 , 57.38155 , 0.1922703
15.14 , 75.98993 , 57.38155 , 0.1876926
15.142 , 76.01282 , 57.33578 , 0.1808243
15.145 , 75.98993 , 57.38155 , 0.1808243
15.147 , 75.94415 , 57.38155 , 0.1808243
15.15 , 75.94415 , 57.38155 , 0.1808243
15.152 , 75.98993 , 57.38155 , 0.1808243
15.155 , 75.94415 , 57.33578 , 0.1808243
15.157 , 75.98993 , 57.38155 , 0.1876926
15.16 , 75.94415 , 57.38155 , 0.1808243
15.162 , 75.94415 , 57.38155 , 0.1808243
15.164 , 75.92126 , 57.33578 , 0.1808243
15.167 , 75.92126 , 57.31289 , 0.1762466
15.169 , 75.92126 , 57.33578 , 0.1762466
15.172 , 75.92126 , 57.33578 , 0.1808243
15.174 , 75.89838 , 57.31289 , 0.1808243
15.177 , 75.89838 , 57.31289 , 0.1762466
15.179 , 75.92126 , 57.33578 , 0.1762466
15.182 , 75.92126 , 57.33578 , 0.1762466
15.184 , 75.8526 , 57.31289 , 0.1762466
15.186 , 75.92126 , 57.31289 , 0.1762466
15.189 , 75.89838 , 57.31289 , 0.1762466
15.191 , 75.8526 , 57.31289 , 0.1762466
15.194 , 75.8526 , 57.26711 , 0.1762466
15.196 , 75.89838 , 57.24422 , 0.1762466
15.199 , 75.8526 , 57.22134 , 0.171669
15.201 , 75.8526 , 57.26711 , 0.1762466
15.203 , 75.89838 , 57.26711 , 0.1762466
15.206 , 75.82971 , 57.26711 , 0.171669
15.208 , 75.82971 , 57.26711 , 0.171669
15.211 , 75.82971 , 57.22134 , 0.171669
15.213 , 75.78394 , 57.17555 , 0.171669
15.215 , 75.82971 , 57.22134 , 0.171669
15.218 , 75.82971 , 57.22134 , 0.171669
15.22 , 75.78394 , 57.24422 , 0.171669
15.223 , 75.78394 , 57.24422 , 0.171669
15.225 , 75.78394 , 57.22134 , 0.171669
15.227 , 75.76105 , 57.24422 , 0.171669
15.23 , 75.71527 , 57.22134 , 0.171669
15.232 , 75.71527 , 57.17555 , 0.1670914
15.235 , 75.71527 , 57.15266 , 0.1670914
15.237 , 75.69238 , 57.17555 , 0.171669
15.239 , 75.71527 , 57.17555 , 0.171669
15.242 , 75.71527 , 57.22134 , 0.171669
15.244 , 75.71527 , 57.17555 , 0.171669
15.247 , 75.69238 , 57.15266 , 0.1670914
15.249 , 75.69238 , 57.17555 , 0.1670914
15.252 , 75.69238 , 57.10689 , 0.1670914
15.254 , 75.69238 , 57.15266 , 0.2060032
15.256 , 75.71527 , 57.15266 , 0.2288914
15.259 , 75.69238 , 57.15266 , 0.1922703
15.261 , 75.60083 , 57.15266 , 0.1487808
15.264 , 75.60083 , 57.15266 , 0.1258926
15.266 , 75.55505 , 57.15266 , 0.09384918
15.269 , 75.50927 , 57.084 , 0.08469391
15.271 , 75.50927 , 57.084 , 0.09842682
15.274 , 75.50927 , 57.06111 , 0.1075821
15.277 , 75.53216 , 57.084 , 0.1487808
15.279 , 75.53216 , 57.084 , 0.1350479
15.281 , 75.55505 , 57.084 , 0.1533585
15.284 , 75.53216 , 57.084 , 0.1396255
15.286 , 75.53216 , 57.01534 , 0.121315
15.289 , 75.50927 , 57.01534 , 0.1304703
15.291 , 75.46349 , 57.01534 , 0.09384918
15.293 , 75.46349 , 57.01534 , 0.1121597
15.296 , 75.46349 , 57.01534 , 0.09384918
15.299 , 75.46349 , 56.99245 , 0.09842682
15.31 , 75.39483 , 56.99245 , 0.08469391
15.312 , 75.39483 , 56.94667 , 0.09384918
15.315 , 75.37194 , 56.94667 , 0.06409454
15.317 , 75.39483 , 56.99245 , 0.08011627
15.32 , 75.39483 , 56.99245 , 0.06409454
15.323 , 75.37194 , 56.94667 , 0.08469391
15.325 , 75.39483 , 56.94667 , 0.08011627
15.328 , 75.30328 , 56.94667 , 0.07553864
15.33 , 75.34905 , 56.92378 , 0.08927155
15.333 , 75.30328 , 56.92378 , 0.06867218
15.335 , 75.28039 , 56.92378 , 0.08469391
15.338 , 75.28039 , 56.92378 , 0.05036163
15.341 , 75.28039 , 56.94667 , 0.06409454
15.343 , 75.28039 , 56.92378 , 0.05036163
15.346 , 75.28039 , 56.92378 , 0.05493927
15.349 , 75.28039 , 56.87801 , 0.07553864
15.351 , 75.28039 , 56.92378 , 0.07553864
15.354 , 75.23461 , 56.85512 , 0.08469391
15.356 , 75.23461 , 56.87801 , 0.05036163
15.359 , 75.28039 , 56.85512 , 0.045784
15.361 , 75.21172 , 56.87801 , 0.02747345
15.364 , 75.21172 , 56.87801 , 0.03205109
15.367 , 75.23461 , 56.85512 , 0.06409454
15.369 , 75.23461 , 56.85512 , 0.05493927
15.372 , 75.16594 , 56.83223 , 0.04120636
15.374 , 75.23461 , 56.83223 , 0.06867218
15.377 , 75.16594 , 56.83223 , 0.05493927
15.38 , 75.16594 , 56.83223 , 0.02289581
15.382 , 75.21172 , 56.83223 , 0.04120636
15.385 , 75.21172 , 56.83223 , 0.05036163
15.387 , 75.14305 , 56.83223 , 0.01602936
15.39 , 75.14305 , 56.78645 , 0.03205109
15.392 , 75.14305 , 56.76356 , 0.05493927
15.395 , 75.14305 , 56.76356 , 0.02289581
15.397 , 75.14305 , 56.76356 , 0.01602936
15.4 , 75.14305 , 56.78645 , 0.04120636
15.403 , 75.12016 , 56.78645 , 0.03205109
15.405 , 75.12016 , 56.76356 , 0.01145172
15.408 , 75.12016 , 56.76356 , 0.03205109
15.41 , 75.12016 , 56.71778 , 0.04120636
15.413 , 75.12016 , 56.76356 , 0.02747345
15.415 , 75.07439 , 56.76356 , 0.03662872
15.418 , 75.12016 , 56.71778 , 0.045784
15.421 , 75.07439 , 56.76356 , 0.01145172
15.423 , 75.00572 , 56.76356 , -0.009149551
15.426 , 75.00572 , 56.71778 , 0.004585266
15.428 , 75.00572 , 56.71778 , -0.004571915
15.431 , 75.0515 , 56.69489 , 0.004585266
15.434 , 75.07439 , 56.69489 , 0.03662872
15.436 , 75.0515 , 56.64912 , 0.02747345
15.439 , 75.07439 , 56.69489 , 0.01602936
15.442 , 75.07439 , 56.69489 , 0.02289581
15.444 , 75.07439 , 56.69489 , 0.02289581
15.447 , 74.98283 , 56.69489 , -0.009149551
15.449 , 75.00572 , 56.64912 , 7.629395e-06
15.452 , 75.00572 , 56.64912 , 0.01602936
15.455 , 74.98283 , 56.64912 , -0.01372719
15.457 , 75.00572 , 56.62623 , -0.004571915
15.46 , 74.98283 , 56.64912 , 0.01602936
15.463 , 74.98283 , 56.62623 , -0.01372719
15.465 , 74.98283 , 56.62623 , -0.01372719
15.468 , 74.98283 , 56.62623 , 0.004585266
15.47 , 74.98283 , 56.60334 , -0.009149551
15.473 , 74.95995 , 56.62623 , -0.02288246
15.476 , 74.95995 , 56.64912 , -0.004571915
15.478 , 74.98283 , 56.60334 , -0.004571915
15.481 , 74.95995 , 56.60334 , -0.009149551
15.484 , 74.95995 , 56.62623 , 0.004585266
15.486 , 74.91417 , 56.60334 , 0.004585266
15.489 , 74.89128 , 56.55756 , -0.03203773
15.492 , 74.89128 , 56.55756 , -0.04577065
15.494 , 74.8455 , 56.55756 , -0.04119301
15.497 , 74.8455 , 56.55756 , -0.05034828
15.499 , 74.8455 , 56.53468 , -0.04119301
15.502 , 74.91417 , 56.55756 , -0.009149551
15.505 , 74.8455 , 56.55756 , -0.03203773
15.507 , 74.8455 , 56.55756 , -0.03661537
15.51 , 74.82262 , 56.55756 , -0.0274601
15.512 , 74.77683 , 56.53468 , -0.04119301
15.515 , 74.8455 , 56.4889 , -0.05950356
15.518 , 74.82262 , 56.53468 , -0.04577065
15.52 , 74.8455 , 56.4889 , -0.03661537
15.523 , 74.77683 , 56.53468 , -0.05950356
15.525 , 74.77683 , 56.53468 , -0.05034828
15.528 , 74.82262 , 56.4889 , -0.03203773
15.531 , 74.77683 , 56.4889 , -0.06408119
15.533 , 74.75394 , 56.46601 , -0.06408119
15.536 , 74.75394 , 56.42023 , -0.05034828
15.538 , 74.77683 , 56.46601 , -0.06865883
15.541 , 74.77683 , 56.42023 , -0.07323647
15.543 , 74.75394 , 56.46601 , -0.05492592
15.546 , 74.75394 , 56.42023 , -0.05492592
15.549 , 74.75394 , 56.37445 , -0.06408119
15.551 , 74.73106 , 56.42023 , -0.05492592
15.554 , 74.73106 , 56.37445 , -0.05034828
15.556 , 74.68528 , 56.37445 , -0.0778141
15.559 , 74.68528 , 56.37445 , -0.09154701
15.562 , 74.73106 , 56.35157 , -0.08239174
15.564 , 74.66239 , 56.37445 , -0.1007042
15.567 , 74.66239 , 56.35157 , -0.1007042
15.569 , 74.66239 , 56.35157 , -0.0778141
15.572 , 74.66239 , 56.30579 , -0.0778141
15.574 , 74.61662 , 56.30579 , -0.09612465
15.577 , 74.66239 , 56.35157 , -0.09612465
15.579 , 74.66239 , 56.30579 , -0.09154701
15.582 , 74.66239 , 56.35157 , -0.1190147
15.584 , 74.61662 , 56.30579 , -0.1190147
15.587 , 74.61662 , 56.2829 , -0.1007042
15.589 , 74.57084 , 56.2829 , -0.1235924
15.592 , 74.59373 , 56.2829 , -0.1235924
15.594 , 74.57084 , 56.2829 , -0.1144371
15.597 , 74.59373 , 56.2829 , -0.1098595
15.599 , 74.57084 , 56.2829 , -0.1373253
15.601 , 74.57084 , 56.2829 , -0.1373253
15.604 , 74.61662 , 56.2829 , -0.1190147
15.606 , 74.52506 , 56.2829 , -0.1419029
15.609 , 74.52506 , 56.2829 , -0.1510582
15.611 , 74.50217 , 56.23713 , -0.1373253
15.614 , 74.52506 , 56.2829 , -0.1327477
15.616 , 74.50217 , 56.21424 , -0.1419029
15.618 , 74.50217 , 56.23713 , -0.1327477
15.621 , 74.52506 , 56.2829 , -0.1144371
15.623 , 74.50217 , 56.23713 , -0.1419029
15.625 , 74.50217 , 56.23713 , -0.1602135
15.628 , 74.4335 , 56.23713 , -0.1647911
15.63 , 74.4335 , 56.21424 , -0.1647911
15.633 , 74.4335 , 56.23713 , -0.178524
15.635 , 74.4335 , 56.19135 , -0.1739464
15.637 , 74.4564 , 56.21424 , -0.1510582
15.64 , 74.50217 , 56.21424 , -0.1556358
15.642 , 74.4335 , 56.21424 , -0.1693687
15.645 , 74.41061 , 56.21424 , -0.1602135
15.647 , 74.4335 , 56.19135 , -0.1647911
15.649 , 74.41061 , 56.19135 , -0.1991234
15.652 , 74.41061 , 56.14557 , -0.1991234
15.654 , 74.36484 , 56.14557 , -0.1739464
15.657 , 74.36484 , 56.14557 , -0.1991234
15.659 , 74.36484 , 56.14557 , -0.203701
15.662 , 74.34195 , 56.19135 , -0.1945457
15.664 , 74.36484 , 56.14557 , -0.1899681
15.666 , 74.34195 , 56.14557 , -0.2151451
15.669 , 74.34195 , 56.14557 , -0.2151451
15.671 , 74.29617 , 56.14557 , -0.203701
15.674 , 74.34195 , 56.12268 , -0.2243004
15.676 , 74.29617 , 56.12268 , -0.2243004
15.679 , 74.29617 , 56.12268 , -0.2151451
15.681 , 74.29617 , 56.12268 , -0.2105675
15.684 , 74.34195 , 56.12268 , -0.2151451
15.686 , 74.29617 , 56.14557 , -0.203701
15.688 , 74.29617 , 56.14557 , -0.1945457
15.691 , 74.27328 , 56.07691 , -0.2151451
15.693 , 74.27328 , 56.07691 , -0.2403221
15.696 , 74.22751 , 56.12268 , -0.2403221
15.698 , 74.22751 , 56.12268 , -0.2403221
15.701 , 74.22751 , 56.12268 , -0.254055
15.703 , 74.22751 , 56.05402 , -0.2494774
15.705 , 74.27328 , 56.12268 , -0.2243004
15.708 , 74.22751 , 56.07691 , -0.2448997
15.71 , 74.20462 , 56.07691 , -0.2494774
15.713 , 74.22751 , 56.05402 , -0.2403221
15.715 , 74.20462 , 56.05402 , -0.2403221
15.717 , 74.18173 , 56.05402 , -0.3044109
15.72 , 74.13596 , 56.07691 , -0.3272991
15.722 , 74.18173 , 56.05402 , -0.290678
15.724 , 74.18173 , 56.05402 , -0.2723656
15.727 , 74.20462 , 56.05402 , -0.2494774
15.729 , 74.20462 , 56.05402 , -0.2197227
15.732 , 74.22751 , 56.05402 , -0.1853905
15.734 , 74.27328 , 55.96246 , -0.1945457
15.737 , 74.20462 , 55.98535 , -0.1991234
15.739 , 74.18173 , 55.98535 , -0.2243004
15.741 , 74.11307 , 56.05402 , -0.2403221
15.744 , 74.13596 , 56.05402 , -0.2494774
15.746 , 74.11307 , 56.05402 , -0.254055
15.749 , 74.06729 , 55.98535 , -0.254055
15.751 , 74.11307 , 55.98535 , -0.2448997
15.753 , 74.11307 , 55.96246 , -0.228878
15.756 , 74.11307 , 55.91669 , -0.2197227
15.758 , 74.11307 , 55.96246 , -0.2197227
15.761 , 74.11307 , 55.96246 , -0.2197227
15.763 , 74.13596 , 55.98535 , -0.228878
15.766 , 74.11307 , 55.96246 , -0.228878
15.768 , 74.11307 , 55.91669 , -0.228878
15.771 , 74.06729 , 55.91669 , -0.228878
15.773 , 74.06729 , 55.96246 , -0.2243004
15.776 , 74.11307 , 55.91669 , -0.1899681
15.778 , 74.13596 , 55.91669 , -0.1602135
15.78 , 74.11307 , 55.91669 , -0.1739464
15.783 , 74.11307 , 55.96246 , -0.1945457
15.785 , 74.13596 , 55.8938 , -0.1556358
15.788 , 74.22751 , 55.8938 , -0.01372719
15.791 , 74.41061 , 55.8938 , 0.1625137
15.793 , 74.68528 , 55.8938 , 0.5516205
15.795 , 74.95995 , 55.8938 , 0.6912403
15.798 , 74.95995 , 55.91669 , 0.6912403
15.8 , 74.91417 , 55.8938 , 0.645462
15.803 , 74.82262 , 55.8938 , 0.5310211
15.805 , 74.68528 , 55.8938 , 0.4509106
15.808 , 74.68528 , 55.84802 , 0.4875336
15.81 , 74.77683 , 55.84802 , 0.6225739
15.812 , 74.98283 , 55.84802 , 0.7782173
15.815 , 75.16594 , 55.82513 , 0.9887905
15.817 , 75.14305 , 55.84802 , 0.933857
15.82 , 74.8455 , 55.84802 , 0.5378876
15.822 , 74.52506 , 55.84802 , 0.2517796
15.825 , 74.29617 , 55.8938 , 0.03662872
15.827 , 74.06729 , 55.84802 , 0.3090019
15.838 , 74.59373 , 55.82513 , 0.4326
15.841 , 74.61662 , 55.84802 , 0.469223
15.843 , 74.68528 , 55.82513 , 0.4417553
15.845 , 74.57084 , 55.82513 , 0.3776684
15.848 , 74.4564 , 55.77936 , 0.2906914
15.85 , 74.4335 , 55.82513 , 0.2426243
15.853 , 74.4335 , 55.77936 , 0.2288914
15.855 , 74.41061 , 55.77936 , 0.233469
15.858 , 74.41061 , 55.77936 , 0.2609348
15.86 , 74.4564 , 55.77936 , 0.2906914
15.863 , 74.4564 , 55.77936 , 0.3090019
15.865 , 74.50217 , 55.77936 , 0.3090019
15.867 , 74.41061 , 55.75647 , 0.2998466
15.87 , 74.36484 , 55.75647 , 0.2861137
15.872 , 74.36484 , 55.73358 , 0.2700901
15.875 , 74.41061 , 55.73358 , 0.2655125
15.877 , 74.36484 , 55.75647 , 0.2700901
15.88 , 74.41061 , 55.75647 , 0.2769566
15.882 , 74.36484 , 55.75647 , 0.2815361
15.885 , 74.4335 , 55.75647 , 0.2815361
15.887 , 74.36484 , 55.73358 , 0.2815361
15.889 , 74.41061 , 55.73358 , 0.2861137
15.892 , 74.36484 , 55.73358 , 0.2815361
15.894 , 74.36484 , 55.68781 , 0.2769566
15.897 , 74.34195 , 55.68781 , 0.2700901
15.899 , 74.36484 , 55.66491 , 0.2700901
15.902 , 74.34195 , 55.68781 , 0.2769566
15.904 , 74.34195 , 55.68781 , 0.2769566
15.906 , 74.34195 , 55.68781 , 0.2700901
15.909 , 74.34195 , 55.68781 , 0.2700901
15.911 , 74.34195 , 55.66491 , 0.2769566
15.914 , 74.27328 , 55.68781 , 0.2700901
15.916 , 74.29617 , 55.61913 , 0.2700901
15.918 , 74.29617 , 55.61913 , 0.2700901
15.921 , 74.29617 , 55.59624 , 0.2700901
15.923 , 74.27328 , 55.61913 , 0.2700901
15.926 , 74.27328 , 55.61913 , 0.2655125
15.928 , 74.29617 , 55.59624 , 0.2655125
15.931 , 74.27328 , 55.61913 , 0.2609348
15.933 , 74.27328 , 55.59624 , 0.2655125
15.935 , 74.22751 , 55.55047 , 0.2700901
15.938 , 74.22751 , 55.59624 , 0.2655125
15.94 , 74.27328 , 55.59624 , 0.2655125
15.943 , 74.22751 , 55.55047 , 0.2655125
15.945 , 74.22751 , 55.55047 , 0.2609348
15.948 , 74.20462 , 55.59624 , 0.2609348
15.95 , 74.20462 , 55.52758 , 0.2609348
15.953 , 74.18173 , 55.55047 , 0.2563572
15.955 , 74.20462 , 55.52758 , 0.2563572
15.957 , 74.20462 , 55.52758 , 0.2563572
15.96 , 74.20462 , 55.52758 , 0.2609348
15.962 , 74.20462 , 55.55047 , 0.2609348
15.965 , 74.20462 , 55.55047 , 0.2563572
15.967 , 74.18173 , 55.50469 , 0.2563572
15.969 , 74.13596 , 55.50469 , 0.2563572
15.972 , 74.13596 , 55.50469 , 0.2517796
15.974 , 74.13596 , 55.45892 , 0.2517796
15.977 , 74.18173 , 55.52758 , 0.2563572
15.979 , 74.13596 , 55.52758 , 0.2517796
15.982 , 74.18173 , 55.52758 , 0.2563572
15.984 , 74.13596 , 55.50469 , 0.2517796
15.987 , 74.13596 , 55.45892 , 0.2517796
15.989 , 74.13596 , 55.45892 , 0.2517796
15.991 , 74.11307 , 55.43603 , 0.2472019
15.994 , 74.13596 , 55.43603 , 0.2472019
15.996 , 74.11307 , 55.43603 , 0.2472019
15.999 , 74.11307 , 55.43603 , 0.2472019
16.001 , 74.11307 , 55.43603 , 0.2472019
16.003 , 74.06729 , 55.43603 , 0.2609348
16.006 , 74.11307 , 55.43603 , 0.2998466
16.008 , 74.11307 , 55.45892 , 0.2769566
16.011 , 74.02151 , 55.36736 , 0.2197361
16.013 , 73.97574 , 55.39025 , 0.2014256
16.015 , 73.97574 , 55.45892 , 0.1670914
16.018 , 73.95285 , 55.45892 , 0.1579361
16.02 , 73.95285 , 55.45892 , 0.1487808
16.023 , 73.97574 , 55.43603 , 0.171669
16.025 , 73.97574 , 55.39025 , 0.1922703
16.028 , 73.97574 , 55.39025 , 0.1968479
16.03 , 73.97574 , 55.39025 , 0.2105808
16.032 , 73.95285 , 55.39025 , 0.1968479
16.035 , 73.90707 , 55.36736 , 0.1968479
16.037 , 73.90707 , 55.36736 , 0.1670914
16.04 , 73.90707 , 55.39025 , 0.171669
16.042 , 73.90707 , 55.36736 , 0.1533585
16.044 , 73.88419 , 55.36736 , 0.1625137
16.047 , 73.90707 , 55.36736 , 0.1670914
16.049 , 73.90707 , 55.36736 , 0.1808243
16.052 , 73.90707 , 55.34447 , 0.1625137
16.054 , 73.8613 , 55.36736 , 0.1442032
16.056 , 73.88419 , 55.34447 , 0.1487808
16.059 , 73.8613 , 55.34447 , 0.1350479
16.061 , 73.8613 , 55.36736 , 0.1350479
16.064 , 73.8613 , 55.34447 , 0.1167374
16.066 , 73.8613 , 55.29869 , 0.1350479
16.069 , 73.81552 , 55.34447 , 0.1258926
16.071 , 73.81552 , 55.29869 , 0.1396255
16.073 , 73.81552 , 55.29869 , 0.121315
16.076 , 73.8613 , 55.34447 , 0.1350479
16.078 , 73.81552 , 55.2758 , 0.1121597
16.081 , 73.81552 , 55.29869 , 0.121315
16.083 , 73.74686 , 55.34447 , 0.09842682
16.086 , 73.79263 , 55.29869 , 0.1030045
16.088 , 73.79263 , 55.2758 , 0.121315
16.09 , 73.74686 , 55.2758 , 0.121315
16.093 , 73.79263 , 55.2758 , 0.121315
16.095 , 73.72397 , 55.2758 , 0.09384918
16.098 , 73.72397 , 55.2758 , 0.09842682
16.1 , 73.67818 , 55.2758 , 0.08011627
16.103 , 73.67818 , 55.2758 , 0.08011627
16.105 , 73.72397 , 55.2758 , 0.06409454
16.108 , 73.67818 , 55.20714 , 0.08469391
16.111 , 73.6553 , 55.20714 , 0.07553864
16.113 , 73.67818 , 55.16136 , 0.1030045
16.115 , 73.67818 , 55.16136 , 0.1075821
16.118 , 73.6553 , 55.16136 , 0.09384918
16.12 , 73.67818 , 55.16136 , 0.1030045
16.123 , 73.67818 , 55.16136 , 0.09842682
16.125 , 73.6553 , 55.20714 , 0.06409454
16.128 , 73.58663 , 55.16136 , 0.06867218
16.13 , 73.63241 , 55.13847 , 0.07553864
16.133 , 73.56374 , 55.13847 , 0.05493927
16.136 , 73.63241 , 55.13847 , 0.07553864
16.138 , 73.58663 , 55.13847 , 0.08469391
16.141 , 73.63241 , 55.13847 , 0.08469391
16.143 , 73.58663 , 55.13847 , 0.09842682
16.146 , 73.63241 , 55.11559 , 0.08011627
16.148 , 73.51797 , 55.06981 , 0.045784
16.151 , 73.56374 , 55.06981 , 0.05951691
16.154 , 73.49508 , 55.06981 , 0.05036163
16.156 , 73.56374 , 55.06981 , 0.05493927
16.159 , 73.56374 , 55.11559 , 0.08011627
16.161 , 73.56374 , 55.06981 , 0.06867218
16.164 , 73.51797 , 55.06981 , 0.06409454
16.167 , 73.56374 , 55.04692 , 0.08011627
16.169 , 73.47219 , 55.04692 , 0.045784
16.172 , 73.47219 , 55.04692 , 0.045784
16.174 , 73.47219 , 55.04692 , 0.05493927
16.177 , 73.47219 , 55.04692 , 0.03662872
16.18 , 73.49508 , 55.04692 , 0.03662872
16.182 , 73.49508 , 55.04692 , 0.05036163
16.185 , 73.42641 , 54.97826 , 0.03205109
16.187 , 73.42641 , 54.97826 , 0.03205109
16.19 , 73.42641 , 54.97826 , 0.04120636
16.192 , 73.42641 , 54.93248 , 0.01602936
16.195 , 73.42641 , 54.97826 , 0.02289581
16.198 , 73.35775 , 54.97826 , 0.03662872
16.2 , 73.40353 , 54.93248 , 0.03205109
16.203 , 73.42641 , 54.97826 , 0.03662872
16.205 , 73.40353 , 54.93248 , 0.03205109
16.208 , 73.35775 , 54.93248 , 7.629395e-06
16.211 , 73.33486 , 54.8867 , 7.629395e-06
16.213 , 73.28908 , 54.8867 , -0.009149551
16.216 , 73.28908 , 54.8867 , -0.01830482
16.219 , 73.33486 , 54.90959 , 0.004585266
16.221 , 73.28908 , 54.8867 , -0.004571915
16.224 , 73.28908 , 54.90959 , -0.01372719
16.227 , 73.28908 , 54.84092 , 0.004585266
16.229 , 73.26619 , 54.84092 , -0.02288246
16.232 , 73.26619 , 54.84092 , -0.0274601
16.234 , 73.2433 , 54.84092 , -0.01372719
16.237 , 73.2433 , 54.84092 , -0.03661537
16.239 , 73.26619 , 54.84092 , -0.04119301
16.242 , 73.28908 , 54.81804 , -0.0274601
16.244 , 73.2433 , 54.84092 , -0.04577065
16.247 , 73.19753 , 54.81804 , -0.05492592
16.25 , 73.2433 , 54.81804 , -0.04577065
16.252 , 73.17464 , 54.77226 , -0.06865883
16.255 , 73.19753 , 54.77226 , -0.06408119
16.257 , 73.2433 , 54.81804 , -0.05492592
16.26 , 73.2433 , 54.81804 , -0.05950356
16.262 , 73.2433 , 54.81804 , -0.05492592
16.265 , 73.19753 , 54.81804 , -0.05950356
16.268 , 73.19753 , 54.81804 , -0.08696938
16.27 , 73.17464 , 54.74937 , -0.09154701
16.273 , 73.12886 , 54.77226 , -0.1052818
16.275 , 73.12886 , 54.74937 , -0.1144371
16.278 , 73.12886 , 54.74937 , -0.1052818
16.28 , 73.12886 , 54.77226 , -0.1007042
16.282 , 73.12886 , 54.77226 , -0.1144371
16.285 , 73.12886 , 54.77226 , -0.1098595
16.287 , 73.10597 , 54.77226 , -0.1098595
16.29 , 73.10597 , 54.77226 , -0.12817
16.292 , 73.08308 , 54.74937 , -0.1327477
16.295 , 73.08308 , 54.70359 , -0.1327477
16.297 , 73.03731 , 54.74937 , -0.1464806
16.299 , 73.08308 , 54.74937 , -0.1464806
16.302 , 73.10597 , 54.77226 , -0.1373253
16.304 , 73.08308 , 54.74937 , -0.1510582
16.307 , 73.03731 , 54.77226 , -0.1602135
16.309 , 73.03731 , 54.70359 , -0.1464806
16.311 , 73.03731 , 54.70359 , -0.1647911
16.314 , 72.99153 , 54.68071 , -0.1739464
16.316 , 72.99153 , 54.70359 , -0.1556358
16.319 , 72.99153 , 54.68071 , -0.1556358
16.321 , 73.03731 , 54.70359 , -0.1556358
16.323 , 72.99153 , 54.68071 , -0.1419029
16.326 , 72.99153 , 54.70359 , -0.1602135
16.328 , 72.94576 , 54.65782 , -0.1945457
16.331 , 72.94576 , 54.68071 , -0.1853905
16.333 , 72.92287 , 54.68071 , -0.203701
16.336 , 72.92287 , 54.68071 , -0.2151451
16.338 , 72.92287 , 54.65782 , -0.1945457
16.34 , 72.92287 , 54.65782 , -0.1945457
16.343 , 72.89998 , 54.65782 , -0.2105675
16.345 , 72.92287 , 54.68071 , -0.1899681
16.356 , 72.83131 , 54.65782 , -0.228878
16.358 , 72.78554 , 54.61204 , -0.2357445
16.361 , 72.78554 , 54.65782 , -0.2197227
16.363 , 72.76265 , 54.61204 , -0.2448997
16.366 , 72.76265 , 54.61204 , -0.254055
16.368 , 72.78554 , 54.61204 , -0.228878
16.371 , 72.76265 , 54.61204 , -0.2494774
16.373 , 72.71687 , 54.58915 , -0.2586327
16.375 , 72.71687 , 54.54337 , -0.2403221
16.378 , 72.76265 , 54.54337 , -0.2403221
16.38 , 72.76265 , 54.58915 , -0.2448997
16.383 , 72.76265 , 54.58915 , -0.2243004
16.385 , 72.76265 , 54.61204 , -0.2448997
16.388 , 72.69398 , 54.52048 , -0.2677879
16.39 , 72.6711 , 54.54337 , -0.2677879
16.392 , 72.69398 , 54.54337 , -0.2769432
16.395 , 72.6711 , 54.54337 , -0.290678
16.397 , 72.6711 , 54.58915 , -0.2723656
16.4 , 72.69398 , 54.58915 , -0.2677879
16.402 , 72.62532 , 54.54337 , -0.2769432
16.405 , 72.6711 , 54.54337 , -0.2723656
16.407 , 72.6711 , 54.58915 , -0.2723656
16.409 , 72.62532 , 54.54337 , -0.290678
16.412 , 72.60243 , 54.52048 , -0.2861004
16.414 , 72.62532 , 54.52048 , -0.2769432
16.417 , 72.60243 , 54.52048 , -0.2952557
16.419 , 72.60243 , 54.54337 , -0.290678
16.421 , 72.60243 , 54.54337 , -0.2861004
16.424 , 72.60243 , 54.52048 , -0.2998333
16.426 , 72.60243 , 54.52048 , -0.2998333
16.429 , 72.55665 , 54.4976 , -0.2861004
16.431 , 72.60243 , 54.4976 , -0.3044109
16.434 , 72.53376 , 54.4976 , -0.3135662
16.436 , 72.55665 , 54.4976 , -0.2952557
16.438 , 72.55665 , 54.4976 , -0.2861004
16.441 , 72.53376 , 54.52048 , -0.2861004
16.443 , 72.55665 , 54.4976 , -0.2769432
16.446 , 72.55665 , 54.45182 , -0.2952557
16.448 , 72.53376 , 54.4976 , -0.3135662
16.451 , 72.51087 , 54.45182 , -0.3089886
16.453 , 72.4651 , 54.38316 , -0.3227215
16.455 , 72.4651 , 54.42893 , -0.3272991
16.458 , 72.53376 , 54.45182 , -0.3089886
16.46 , 72.55665 , 54.4976 , -0.3181438
16.463 , 72.51087 , 54.45182 , -0.3227215
16.465 , 72.53376 , 54.45182 , -0.2998333
16.468 , 72.4651 , 54.42893 , -0.3318768
16.47 , 72.44221 , 54.42893 , -0.3868103
16.472 , 72.44221 , 54.42893 , -0.3730755
16.475 , 72.44221 , 54.42893 , -0.3364544
16.477 , 72.44221 , 54.38316 , -0.3181438
16.48 , 72.55665 , 54.42893 , -0.2815208
16.482 , 72.55665 , 54.38316 , -0.2494774
16.485 , 72.53376 , 54.42893 , -0.2448997
16.487 , 72.53376 , 54.38316 , -0.2586327
16.489 , 72.51087 , 54.38316 , -0.2723656
16.492 , 72.44221 , 54.36027 , -0.2952557
16.494 , 72.39643 , 54.31449 , -0.3044109
16.497 , 72.39643 , 54.36027 , -0.3044109
16.499 , 72.4651 , 54.36027 , -0.2998333
16.502 , 72.44221 , 54.38316 , -0.290678
16.504 , 72.51087 , 54.38316 , -0.2815208
16.506 , 72.39643 , 54.31449 , -0.2723656
16.509 , 72.39643 , 54.31449 , -0.2677879
16.511 , 72.39643 , 54.31449 , -0.2723656
16.514 , 72.44221 , 54.31449 , -0.2723656
16.516 , 72.37354 , 54.2916 , -0.2769432
16.518 , 72.39643 , 54.31449 , -0.2769432
16.521 , 72.44221 , 54.31449 , -0.2723656
16.523 , 72.44221 , 54.36027 , -0.2677879
16.526 , 72.39643 , 54.2916 , -0.2448997
16.528 , 72.4651 , 54.2916 , -0.2105675
16.531 , 72.44221 , 54.26871 , -0.2243004
16.533 , 72.39643 , 54.26871 , -0.2403221
16.535 , 72.39643 , 54.22294 , -0.2151451
16.538 , 72.55665 , 54.26871 , -0.09612465
16.54 , 72.69398 , 54.2916 , 0.09842682
16.543 , 73.03731 , 54.2916 , 0.4280224
16.545 , 73.26619 , 54.26871 , 0.6363068
16.548 , 73.33486 , 54.22294 , 0.6637745
16.55 , 73.26619 , 54.22294 , 0.6363068
16.552 , 73.17464 , 54.22294 , 0.519577
16.555 , 73.03731 , 54.20005 , 0.4280224
16.557 , 73.03731 , 54.22294 , 0.4280224
16.56 , 73.10597 , 54.22294 , 0.5378876
16.562 , 73.28908 , 54.22294 , 0.7141285
16.565 , 73.51797 , 54.22294 , 0.9292793
16.567 , 73.72397 , 54.22294 , 1.123835
16.569 , 73.88419 , 54.20005 , 1.316097
16.572 , 73.90707 , 54.15427 , 1.32983
16.574 , 73.74686 , 54.13138 , 1.046013
16.577 , 73.28908 , 54.15427 , 0.5745087
16.579 , 72.78554 , 54.15427 , 0.1922703
16.581 , 72.53376 , 54.20005 , -0.09154701
16.584 , 72.39643 , 54.15427 , -0.1556358
16.586 , 72.4651 , 54.15427 , -0.05950356
16.589 , 72.62532 , 54.13138 , 0.2060032
16.591 , 72.89998 , 54.15427 , 0.4142895
16.594 , 73.08308 , 54.13138 , 0.569931
16.596 , 73.12886 , 54.13138 , 0.6134186
16.599 , 73.12886 , 54.0856 , 0.569931
16.601 , 73.08308 , 54.15427 , 0.4783783
16.604 , 72.92287 , 54.13138 , 0.3959789
16.606 , 72.8542 , 54.0856 , 0.3227348
16.608 , 72.83131 , 54.13138 , 0.3044243
16.611 , 72.83131 , 54.06271 , 0.3181572
16.613 , 72.83131 , 54.06271 , 0.3524895
16.615 , 72.89998 , 54.0856 , 0.3868237
16.618 , 72.89998 , 54.0856 , 0.4051342
16.62 , 72.89998 , 54.0856 , 0.4051342
16.623 , 72.8542 , 54.0856 , 0.3914013
16.625 , 72.8542 , 54.06271 , 0.3776684
16.627 , 72.83131 , 54.03983 , 0.3639336
16.63 , 72.78554 , 54.03983 , 0.3524895
16.632 , 72.78554 , 54.03983 , 0.3479118
16.635 , 72.78554 , 54.03983 , 0.3570671
16.637 , 72.78554 , 54.03983 , 0.3685112
16.64 , 72.78554 , 54.03983 , 0.3776684
16.642 , 72.83131 , 53.99405 , 0.3776684
16.645 , 72.78554 , 54.03983 , 0.3730907
16.647 , 72.78554 , 53.99405 , 0.3685112
16.649 , 72.78554 , 54.03983 , 0.3570671
16.652 , 72.71687 , 53.97116 , 0.3570671
16.654 , 72.76265 , 53.97116 , 0.3524895
16.657 , 72.71687 , 53.99405 , 0.3524895
16.659 , 72.76265 , 53.99405 , 0.3570671
16.662 , 72.71687 , 53.99405 , 0.3570671
16.664 , 72.71687 , 53.97116 , 0.3570671
16.666 , 72.69398 , 53.97116 , 0.3570671
16.669 , 72.6711 , 53.97116 , 0.3524895
16.671 , 72.62532 , 53.92538 , 0.3479118
16.674 , 72.6711 , 53.92538 , 0.3479118
16.676 , 72.62532 , 53.9025 , 0.3479118
16.679 , 72.69398 , 53.97116 , 0.3433342
16.681 , 72.6711 , 53.92538 , 0.3433342
16.684 , 72.6711 , 53.9025 , 0.3433342
16.686 , 72.62532 , 53.9025 , 0.3387566
16.688 , 72.60243 , 53.85672 , 0.3387566
16.691 , 72.62532 , 53.85672 , 0.3387566
16.693 , 72.62532 , 53.83383 , 0.3341789
16.696 , 72.62532 , 53.83383 , 0.3341789
16.698 , 72.62532 , 53.83383 , 0.3341789
16.7 , 72.62532 , 53.85672 , 0.3296013
16.703 , 72.60243 , 53.9025 , 0.3296013
16.705 , 72.55665 , 53.83383 , 0.3227348
16.708 , 72.55665 , 53.81094 , 0.3181572
16.71 , 72.53376 , 53.81094 , 0.3227348
16.713 , 72.53376 , 53.81094 , 0.3227348
16.715 , 72.51087 , 53.76516 , 0.3227348
16.717 , 72.51087 , 53.76516 , 0.3181572
16.72 , 72.51087 , 53.81094 , 0.3181572
16.722 , 72.51087 , 53.76516 , 0.3181572
16.725 , 72.53376 , 53.81094 , 0.3135796
16.727 , 72.51087 , 53.74227 , 0.3135796
16.729 , 72.51087 , 53.74227 , 0.3090019
16.732 , 72.4651 , 53.74227 , 0.3044243
16.734 , 72.4651 , 53.76516 , 0.3044243
16.737 , 72.4651 , 53.6965 , 0.3044243
16.739 , 72.4651 , 53.74227 , 0.3044243
16.741 , 72.4651 , 53.76516 , 0.295269
16.744 , 72.44221 , 53.76516 , 0.2700901
16.746 , 72.37354 , 53.76516 , 0.2014256
16.749 , 72.28199 , 53.6965 , 0.1762466
16.751 , 72.32777 , 53.6965 , 0.2105808
16.754 , 72.32777 , 53.6965 , 0.2700901
16.756 , 72.44221 , 53.67361 , 0.3570671
16.758 , 72.44221 , 53.6965 , 0.3524895
16.761 , 72.44221 , 53.6965 , 0.3181572
16.763 , 72.39643 , 53.6965 , 0.2563572
16.766 , 72.30488 , 53.6965 , 0.1968479
16.768 , 72.23621 , 53.67361 , 0.1350479
16.771 , 72.21333 , 53.67361 , 0.1304703
16.773 , 72.21333 , 53.67361 , 0.1533585
16.775 , 72.23621 , 53.67361 , 0.1762466
16.778 , 72.23621 , 53.67361 , 0.1808243
16.78 , 72.28199 , 53.67361 , 0.1968479
16.783 , 72.23621 , 53.67361 , 0.2151585
16.785 , 72.28199 , 53.67361 , 0.2151585
16.788 , 72.23621 , 53.65072 , 0.1922703
16.79 , 72.16754 , 53.65072 , 0.1670914
16.792 , 72.14465 , 53.60494 , 0.1579361
16.795 , 72.16754 , 53.58205 , 0.1350479
16.797 , 72.14465 , 53.60494 , 0.1442032
16.8 , 72.14465 , 53.65072 , 0.1167374
16.802 , 72.16754 , 53.65072 , 0.1304703
16.804 , 72.12177 , 53.65072 , 0.1075821
16.807 , 72.14465 , 53.60494 , 0.1304703
16.809 , 72.14465 , 53.60494 , 0.1442032
16.811 , 72.14465 , 53.60494 , 0.1442032
16.814 , 72.07599 , 53.58205 , 0.121315
16.816 , 72.07599 , 53.60494 , 0.08927155
16.819 , 72.12177 , 53.60494 , 0.09384918
16.821 , 72.0531 , 53.60494 , 0.06409454
16.824 , 72.0531 , 53.60494 , 0.07553864
16.827 , 72.0531 , 53.53628 , 0.08011627
16.829 , 72.0531 , 53.53628 , 0.09842682
16.832 , 72.0531 , 53.53628 , 0.09384918
16.834 , 72.0531 , 53.51339 , 0.06867218
16.837 , 72.0531 , 53.51339 , 0.06867218
16.839 , 71.98444 , 53.58205 , 0.02747345
16.842 , 72.00732 , 53.53628 , 0.045784
16.844 , 72.00732 , 53.53628 , 0.045784
16.847 , 72.00732 , 53.53628 , 0.05036163
16.85 , 71.96155 , 53.46761 , 0.05036163
16.852 , 71.96155 , 53.46761 , 0.03205109
16.855 , 71.96155 , 53.51339 , 0.045784
16.857 , 71.89288 , 53.51339 , 0.01602936
16.868 , 71.91577 , 53.53628 , 0.04120636
16.871 , 71.91577 , 53.44473 , 0.045784
16.873 , 71.91577 , 53.44473 , 0.03205109
16.876 , 71.89288 , 53.53628 , 0.01145172
16.879 , 71.89288 , 53.53628 , 0.004585266
16.881 , 71.84711 , 53.51339 , -0.01372719
16.884 , 71.84711 , 53.51339 , -0.01830482
16.886 , 71.84711 , 53.51339 , -0.009149551
16.889 , 71.84711 , 53.44473 , 7.629395e-06
16.892 , 71.84711 , 53.46761 , 0.004585266
16.895 , 71.82422 , 53.51339 , -0.01372719
16.897 , 71.82422 , 53.46761 , -0.01830482
16.9 , 71.82422 , 53.46761 , -0.03203773
16.902 , 71.77843 , 53.46761 , -0.04119301
16.905 , 71.77843 , 53.44473 , -0.03203773
16.907 , 71.77843 , 53.44473 , -0.04119301
16.91 , 71.75555 , 53.44473 , -0.01830482
16.913 , 71.75555 , 53.42183 , -0.04119301
16.915 , 71.75555 , 53.42183 , -0.04577065
16.918 , 71.75555 , 53.44473 , -0.04119301
16.92 , 71.75555 , 53.46761 , -0.05492592
16.923 , 71.75555 , 53.44473 , -0.04577065
16.925 , 71.73266 , 53.42183 , -0.06408119
16.928 , 71.61822 , 53.42183 , -0.06408119
16.931 , 71.68688 , 53.42183 , -0.06865883
16.933 , 71.61822 , 53.35317 , -0.0778141
16.936 , 71.61822 , 53.37606 , -0.06408119
16.938 , 71.68688 , 53.37606 , -0.05950356
16.941 , 71.68688 , 53.37606 , -0.05034828
16.943 , 71.61822 , 53.37606 , -0.06408119
16.946 , 71.59533 , 53.37606 , -0.08696938
16.949 , 71.57244 , 53.37606 , -0.09154701
16.951 , 71.52666 , 53.35317 , -0.1007042
16.954 , 71.57244 , 53.35317 , -0.1052818
16.956 , 71.57244 , 53.30739 , -0.1098595
16.958 , 71.57244 , 53.30739 , -0.1098595
16.961 , 71.57244 , 53.37606 , -0.1007042
16.963 , 71.52666 , 53.30739 , -0.1144371
16.966 , 71.52666 , 53.30739 , -0.1190147
16.968 , 71.52666 , 53.30739 , -0.1144371
16.971 , 71.52666 , 53.30739 , -0.12817
16.973 , 71.50378 , 53.23873 , -0.1190147
16.975 , 71.50378 , 53.21584 , -0.1327477
16.978 , 71.458 , 53.30739 , -0.1373253
16.98 , 71.458 , 53.23873 , -0.1235924
16.983 , 71.458 , 53.2845 , -0.1373253
16.985 , 71.458 , 53.23873 , -0.1419029
16.987 , 71.458 , 53.23873 , -0.12817
16.99 , 71.41222 , 53.21584 , -0.1235924
16.992 , 71.4351 , 53.21584 , -0.1098595
16.995 , 71.41222 , 53.21584 , -0.1235924
16.997 , 71.41222 , 53.19295 , -0.1419029
17.0 , 71.41222 , 53.21584 , -0.1373253
17.002 , 71.41222 , 53.19295 , -0.1510582
17.004 , 71.41222 , 53.23873 , -0.1647911
17.007 , 71.34355 , 53.19295 , -0.1602135
17.009 , 71.29778 , 53.19295 , -0.1739464
17.011 , 71.34355 , 53.19295 , -0.1602135
17.014 , 71.34355 , 53.19295 , -0.1693687
17.016 , 71.36644 , 53.14717 , -0.178524
17.019 , 71.29778 , 53.14717 , -0.1602135
17.021 , 71.34355 , 53.14717 , -0.1739464
17.024 , 71.29778 , 53.19295 , -0.1739464
17.026 , 71.29778 , 53.12429 , -0.178524
17.028 , 71.29778 , 53.12429 , -0.1945457
17.031 , 71.27489 , 53.12429 , -0.178524
17.033 , 71.22911 , 53.12429 , -0.1991234
17.036 , 71.20622 , 53.07851 , -0.203701
17.038 , 71.27489 , 53.12429 , -0.1899681
17.04 , 71.27489 , 53.12429 , -0.1853905
17.043 , 71.27489 , 53.14717 , -0.1693687
17.045 , 71.27489 , 53.14717 , -0.1899681
17.048 , 71.20622 , 53.12429 , -0.2105675
17.05 , 71.18333 , 53.07851 , -0.203701
17.052 , 71.18333 , 53.05562 , -0.2197227
17.055 , 71.20622 , 53.05562 , -0.2243004
17.057 , 71.18333 , 53.07851 , -0.2151451
17.06 , 71.13756 , 53.07851 , -0.2243004
17.062 , 71.20622 , 53.05562 , -0.2105675
17.064 , 71.18333 , 53.05562 , -0.2197227
17.067 , 71.13756 , 53.05562 , -0.2243004
17.069 , 71.13756 , 53.00984 , -0.2151451
17.072 , 71.13756 , 52.96407 , -0.228878
17.074 , 71.11467 , 53.00984 , -0.2357445
17.076 , 71.11467 , 52.98695 , -0.2403221
17.079 , 71.11467 , 52.96407 , -0.2403221
17.081 , 71.11467 , 52.98695 , -0.2357445
17.084 , 71.11467 , 53.00984 , -0.2494774
17.086 , 71.11467 , 52.98695 , -0.254055
17.088 , 71.06889 , 52.96407 , -0.2403221
17.091 , 71.04601 , 52.96407 , -0.2357445
17.093 , 71.06889 , 52.91829 , -0.2243004
17.096 , 71.04601 , 52.96407 , -0.228878
17.098 , 71.11467 , 52.91829 , -0.2494774
17.101 , 71.04601 , 52.98695 , -0.2494774
17.103 , 71.04601 , 52.91829 , -0.2632103
17.105 , 71.02312 , 52.91829 , -0.2769432
17.108 , 71.02312 , 52.8954 , -0.2632103
17.11 , 71.02312 , 52.91829 , -0.2723656
17.113 , 71.02312 , 52.91829 , -0.2632103
17.115 , 71.02312 , 52.84962 , -0.2677879
17.117 , 71.02312 , 52.8954 , -0.2723656
17.12 , 71.02312 , 52.8954 , -0.2586327
17.122 , 71.02312 , 52.91829 , -0.2769432
17.125 , 71.02312 , 52.91829 , -0.2815208
17.127 , 70.97734 , 52.8954 , -0.2815208
17.129 , 70.90868 , 52.84962 , -0.290678
17.132 , 70.90868 , 52.84962 , -0.2861004
17.134 , 70.95445 , 52.8954 , -0.2952557
17.137 , 70.90868 , 52.84962 , -0.2952557
17.139 , 70.90868 , 52.8954 , -0.2861004
17.142 , 70.90868 , 52.84962 , -0.2769432
17.144 , 70.95445 , 52.8954 , -0.2769432
17.146 , 70.90868 , 52.82674 , -0.2769432
17.149 , 70.88579 , 52.80385 , -0.2952557
17.151 , 70.88579 , 52.82674 , -0.2998333
17.154 , 70.88579 , 52.75807 , -0.3089886
17.156 , 70.84001 , 52.80385 , -0.3181438
17.159 , 70.84001 , 52.80385 , -0.3135662
17.161 , 70.84001 , 52.80385 , -0.3227215
17.163 , 70.81712 , 52.82674 , -0.3135662
17.166 , 70.84001 , 52.82674 , -0.3181438
17.168 , 70.81712 , 52.80385 , -0.3227215
17.171 , 70.79424 , 52.82674 , -0.3135662
17.173 , 70.79424 , 52.75807 , -0.3272991
17.175 , 70.81712 , 52.80385 , -0.3272991
17.178 , 70.81712 , 52.80385 , -0.3272991
17.18 , 70.79424 , 52.80385 , -0.341032
17.183 , 70.84001 , 52.80385 , -0.3318768
17.185 , 70.79424 , 52.80385 , -0.3456097
17.188 , 70.81712 , 52.75807 , -0.3501873
17.19 , 70.79424 , 52.75807 , -0.3364544
17.192 , 70.79424 , 52.73518 , -0.3272991
17.195 , 70.79424 , 52.73518 , -0.3227215
17.197 , 70.81712 , 52.73518 , -0.3227215
17.2 , 70.79424 , 52.75807 , -0.341032
17.202 , 70.79424 , 52.75807 , -0.3456097
17.204 , 70.74846 , 52.75807 , -0.3593426
17.207 , 70.72557 , 52.73518 , -0.3776531
17.209 , 70.74846 , 52.73518 , -0.3639202
17.212 , 70.72557 , 52.68941 , -0.3776531
17.214 , 70.74846 , 52.68941 , -0.3730755
17.217 , 70.67979 , 52.68941 , -0.3868103
17.219 , 70.67979 , 52.68941 , -0.4302979
17.222 , 70.6569 , 52.68941 , -0.4257202
17.224 , 70.72557 , 52.68941 , -0.3776531
17.226 , 70.67979 , 52.66651 , -0.3593426
17.229 , 70.72557 , 52.68941 , -0.3227215
17.231 , 70.74846 , 52.66651 , -0.2952557
17.234 , 70.74846 , 52.66651 , -0.2861004
17.236 , 70.74846 , 52.66651 , -0.2998333
17.238 , 70.74846 , 52.66651 , -0.3181438
17.241 , 70.72557 , 52.66651 , -0.3364544
17.243 , 70.67979 , 52.68941 , -0.3501873
17.246 , 70.67979 , 52.62074 , -0.3547649
17.248 , 70.67979 , 52.59785 , -0.3501873
17.251 , 70.67979 , 52.66651 , -0.341032
17.253 , 70.67979 , 52.59785 , -0.3272991
17.255 , 70.67979 , 52.62074 , -0.3227215
17.258 , 70.67979 , 52.59785 , -0.3181438
17.26 , 70.67979 , 52.57496 , -0.3135662
17.263 , 70.67979 , 52.62074 , -0.3181438
17.265 , 70.6569 , 52.57496 , -0.3181438
17.268 , 70.6569 , 52.57496 , -0.3227215
17.27 , 70.6569 , 52.57496 , -0.3181438
17.273 , 70.6569 , 52.57496 , -0.3181438
17.275 , 70.6569 , 52.52918 , -0.2952557
17.278 , 70.67979 , 52.52918 , -0.2632103
17.28 , 70.72557 , 52.52918 , -0.2586327
17.282 , 70.67979 , 52.57496 , -0.2723656
17.285 , 70.6569 , 52.52918 , -0.2769432
17.287 , 70.67979 , 52.52918 , -0.1693687
17.29 , 70.81712 , 52.50629 , -0.03203773
17.292 , 71.06889 , 52.46052 , 0.2769566
17.295 , 71.4351 , 52.46052 , 0.5607758
17.297 , 71.50378 , 52.46052 , 0.6225739
17.299 , 71.50378 , 52.52918 , 0.6088409
17.302 , 71.4351 , 52.50629 , 0.5104218
17.304 , 71.29778 , 52.50629 , 0.4097118
17.307 , 71.20622 , 52.50629 , 0.3685112
17.309 , 71.27489 , 52.46052 , 0.4326
17.311 , 71.34355 , 52.46052 , 0.5653534
17.314 , 71.59533 , 52.43763 , 0.7713509
17.316 , 71.77843 , 52.43763 , 1.007101
17.319 , 72.00732 , 52.46052 , 1.201654
17.321 , 72.14465 , 52.43763 , 1.316097
17.323 , 72.23621 , 52.46052 , 1.377895
17.326 , 72.21333 , 52.43763 , 1.377895
17.328 , 72.21333 , 52.43763 , 1.36874
17.331 , 72.21333 , 52.43763 , 1.364162
17.333 , 72.00732 , 52.43763 , 1.229122
17.335 , 71.75555 , 52.43763 , 0.8148384
17.338 , 71.29778 , 52.36897 , 0.4554882
17.34 , 71.04601 , 52.39185 , 0.2105808
17.343 , 70.90868 , 52.43763 , 0.08469391
17.345 , 70.88579 , 52.43763 , 0.09842682
17.348 , 71.04601 , 52.39185 , 0.2815361
17.35 , 71.20622 , 52.36897 , 0.469223
17.353 , 71.34355 , 52.36897 , 0.6179962
17.355 , 71.50378 , 52.39185 , 0.6912403
17.357 , 71.50378 , 52.39185 , 0.7049732
17.36 , 71.458 , 52.39185 , 0.6591969
17.362 , 71.34355 , 52.39185 , 0.569931
17.365 , 71.27489 , 52.36897 , 0.5012665
17.367 , 71.18333 , 52.43763 , 0.4646435
17.369 , 71.18333 , 52.34608 , 0.4509106
17.372 , 71.18333 , 52.36897 , 0.519577
17.383 , 71.20622 , 52.36897 , 0.5149994
17.385 , 71.20622 , 52.34608 , 0.5012665
17.387 , 71.18333 , 52.34608 , 0.4875336
17.39 , 71.11467 , 52.34608 , 0.4783783
17.392 , 71.11467 , 52.34608 , 0.4738007
17.395 , 71.11467 , 52.30029 , 0.4829559
17.397 , 71.13756 , 52.34608 , 0.4875336
17.4 , 71.13756 , 52.34608 , 0.4875336
17.402 , 71.11467 , 52.36897 , 0.4875336
17.405 , 71.13756 , 52.36897 , 0.4875336
17.407 , 71.06889 , 52.30029 , 0.4829559
17.409 , 71.06889 , 52.23163 , 0.4783783
17.412 , 71.04601 , 52.30029 , 0.4738007
17.414 , 71.04601 , 52.2774 , 0.469223
17.417 , 71.04601 , 52.2774 , 0.469223
17.419 , 71.11467 , 52.30029 , 0.469223
17.421 , 71.04601 , 52.2774 , 0.469223
17.424 , 71.06889 , 52.30029 , 0.469223
17.426 , 71.02312 , 52.2774 , 0.469223
17.428 , 71.02312 , 52.23163 , 0.4646435
17.431 , 71.02312 , 52.23163 , 0.4646435
17.433 , 71.02312 , 52.20874 , 0.4600658
17.436 , 71.02312 , 52.20874 , 0.4600658
17.438 , 70.97734 , 52.20874 , 0.4554882
17.44 , 70.97734 , 52.23163 , 0.4554882
17.443 , 70.97734 , 52.23163 , 0.4554882
17.445 , 70.97734 , 52.23163 , 0.4509106
17.448 , 70.97734 , 52.23163 , 0.4463329
17.45 , 70.97734 , 52.16296 , 0.4463329
17.452 , 71.02312 , 52.16296 , 0.4463329
17.455 , 70.90868 , 52.16296 , 0.4417553
17.457 , 70.95445 , 52.14008 , 0.4417553
17.46 , 70.90868 , 52.16296 , 0.4371777
17.462 , 70.90868 , 52.16296 , 0.4326
17.465 , 70.95445 , 52.16296 , 0.4326
17.467 , 70.90868 , 52.11719 , 0.4280224
17.469 , 70.88579 , 52.14008 , 0.4326
17.472 , 70.90868 , 52.11719 , 0.4280224
17.474 , 70.88579 , 52.11719 , 0.4280224
17.477 , 70.88579 , 52.14008 , 0.4280224
17.479 , 70.88579 , 52.11719 , 0.4234447
17.481 , 70.84001 , 52.11719 , 0.4234447
17.484 , 70.88579 , 52.14008 , 0.4188671
17.486 , 70.84001 , 52.11719 , 0.4142895
17.489 , 70.88579 , 52.11719 , 0.4097118
17.491 , 70.81712 , 52.04852 , 0.4097118
17.493 , 70.88579 , 52.07141 , 0.3914013
17.496 , 70.74846 , 52.11719 , 0.295269
17.498 , 70.67979 , 52.07141 , 0.2472019
17.501 , 70.74846 , 52.07141 , 0.3181572
17.503 , 70.79424 , 52.11719 , 0.3776684
17.506 , 70.88579 , 52.07141 , 0.4554882
17.508 , 70.84001 , 52.07141 , 0.4646435
17.51 , 70.81712 , 52.04852 , 0.4417553
17.513 , 70.79424 , 52.04852 , 0.4051342
17.515 , 70.72557 , 52.00275 , 0.3227348
17.518 , 70.6569 , 52.04852 , 0.2472019
17.52 , 70.6569 , 52.04852 , 0.2288914
17.522 , 70.6569 , 52.04852 , 0.2197361
17.525 , 70.63401 , 52.00275 , 0.2380466
17.527 , 70.6569 , 52.00275 , 0.2769566
17.53 , 70.6569 , 52.00275 , 0.295269
17.532 , 70.67979 , 51.97986 , 0.2998466
17.535 , 70.63401 , 51.97986 , 0.2998466
17.537 , 70.6569 , 51.97986 , 0.2815361
17.539 , 70.63401 , 52.00275 , 0.2700901
17.542 , 70.6569 , 51.93408 , 0.2655125
17.544 , 70.56535 , 52.00275 , 0.2380466
17.547 , 70.56535 , 51.93408 , 0.2197361
17.549 , 70.56535 , 51.93408 , 0.2243137
17.552 , 70.51957 , 51.93408 , 0.2151585
17.554 , 70.51957 , 51.93408 , 0.2060032
17.556 , 70.49668 , 51.93408 , 0.2105808
17.559 , 70.51957 , 51.91119 , 0.2151585
17.561 , 70.51957 , 51.93408 , 0.2014256
17.564 , 70.47379 , 51.93408 , 0.1922703
17.566 , 70.49668 , 51.93408 , 0.1968479
17.568 , 70.47379 , 51.91119 , 0.2060032
17.571 , 70.47379 , 51.91119 , 0.1968479
17.573 , 70.42802 , 51.8883 , 0.1808243
17.576 , 70.42802 , 51.91119 , 0.1808243
17.578 , 70.42802 , 51.91119 , 0.1579361
17.58 , 70.47379 , 51.8883 , 0.1579361
17.583 , 70.42802 , 51.91119 , 0.1579361
17.585 , 70.42802 , 51.8883 , 0.1533585
17.588 , 70.40513 , 51.84253 , 0.1487808
17.59 , 70.42802 , 51.84253 , 0.1533585
17.593 , 70.35935 , 51.8883 , 0.1350479
17.595 , 70.29068 , 51.84253 , 0.1350479
17.597 , 70.33646 , 51.81964 , 0.1396255
17.6 , 70.33646 , 51.8883 , 0.121315
17.602 , 70.29068 , 51.84253 , 0.1030045
17.604 , 70.26779 , 51.84253 , 0.09842682
17.607 , 70.29068 , 51.81964 , 0.08469391
17.61 , 70.26779 , 51.77386 , 0.05951691
17.612 , 70.2449 , 51.84253 , 0.07553864
17.615 , 70.2449 , 51.77386 , 0.06867218
17.617 , 70.2449 , 51.81964 , 0.08011627
17.62 , 70.19913 , 51.75097 , 0.07553864
17.622 , 70.26779 , 51.84253 , 0.06867218
17.625 , 70.2449 , 51.81964 , 0.05493927
17.628 , 70.17624 , 51.75097 , 0.04120636
17.63 , 70.19913 , 51.75097 , 0.05036163
17.633 , 70.19913 , 51.75097 , 0.045784
17.635 , 70.10757 , 51.72808 , 0.03205109
17.638 , 70.13046 , 51.72808 , 0.02289581
17.64 , 70.13046 , 51.75097 , 0.004585266
17.643 , 70.10757 , 51.81964 , 0.004585266
17.646 , 70.10757 , 51.77386 , -0.01830482
17.648 , 70.08469 , 51.75097 , -0.01830482
17.651 , 70.03891 , 51.75097 , -0.03203773
17.654 , 70.03891 , 51.72808 , -0.0274601
17.656 , 70.03891 , 51.72808 , -0.03203773
17.659 , 70.08469 , 51.72808 , -0.03203773
17.661 , 70.01602 , 51.75097 , -0.03661537
17.664 , 70.03891 , 51.75097 , -0.04577065
17.666 , 70.01602 , 51.75097 , -0.05034828
17.669 , 70.03891 , 51.72808 , -0.04119301
17.672 , 70.01602 , 51.68231 , -0.03203773
17.674 , 70.01602 , 51.68231 , -0.03203773
17.677 , 70.01602 , 51.65942 , -0.05034828
17.679 , 69.97025 , 51.68231 , -0.05950356
17.682 , 69.97025 , 51.65942 , -0.06408119
17.684 , 69.97025 , 51.65942 , -0.08239174
17.687 , 69.92447 , 51.65942 , -0.08696938
17.69 , 69.87869 , 51.65942 , -0.1007042
17.692 , 69.92447 , 51.61364 , -0.1007042
17.694 , 69.92447 , 51.61364 , -0.1052818
17.697 , 69.92447 , 51.65942 , -0.1007042
17.699 , 69.92447 , 51.65942 , -0.1098595
17.702 , 69.87869 , 51.65942 , -0.1052818
17.704 , 69.87869 , 51.65942 , -0.1190147
17.707 , 69.8558 , 51.61364 , -0.1235924
17.709 , 69.8558 , 51.61364 , -0.1190147
17.711 , 69.8558 , 51.61364 , -0.1144371
17.714 , 69.8558 , 51.59076 , -0.1098595
17.716 , 69.81003 , 51.59076 , -0.1235924
17.719 , 69.8558 , 51.59076 , -0.1235924
17.721 , 69.81003 , 51.61364 , -0.1373253
17.723 , 69.81003 , 51.59076 , -0.1464806
17.726 , 69.74136 , 51.59076 , -0.1647911
17.728 , 69.78714 , 51.59076 , -0.1647911
17.731 , 69.74136 , 51.52209 , -0.1739464
17.733 , 69.74136 , 51.52209 , -0.1693687
17.736 , 69.71848 , 51.54498 , -0.1739464
17.738 , 69.74136 , 51.59076 , -0.1739464
17.741 , 69.74136 , 51.54498 , -0.178524
17.743 , 69.71848 , 51.59076 , -0.1899681
17.745 , 69.71848 , 51.52209 , -0.1945457
17.748 , 69.69559 , 51.54498 , -0.1945457
17.75 , 69.64981 , 51.52209 , -0.178524
17.753 , 69.71848 , 51.52209 , -0.1739464
17.755 , 69.69559 , 51.52209 , -0.1945457
17.758 , 69.71848 , 51.4992 , -0.1945457
17.76 , 69.69559 , 51.52209 , -0.2105675
17.763 , 69.69559 , 51.52209 , -0.2105675
17.765 , 69.64981 , 51.52209 , -0.2357445
17.767 , 69.62692 , 51.4992 , -0.2243004
17.77 , 69.62692 , 51.45342 , -0.2403221
17.772 , 69.58115 , 51.45342 , -0.2357445
17.775 , 69.55825 , 51.43053 , -0.2448997
17.777 , 69.62692 , 51.45342 , -0.2403221
17.779 , 69.62692 , 51.4992 , -0.2448997
17.782 , 69.58115 , 51.45342 , -0.2494774
17.784 , 69.53536 , 51.43053 , -0.2586327
17.787 , 69.55825 , 51.45342 , -0.2586327
17.789 , 69.53536 , 51.38476 , -0.2494774
17.792 , 69.53536 , 51.43053 , -0.2448997
17.794 , 69.48959 , 51.43053 , -0.2448997
17.797 , 69.53536 , 51.43053 , -0.254055
17.799 , 69.48959 , 51.38476 , -0.2586327
17.802 , 69.53536 , 51.43053 , -0.2677879
17.804 , 69.53536 , 51.43053 , -0.2815208
17.806 , 69.48959 , 51.43053 , -0.290678
17.809 , 69.48959 , 51.38476 , -0.290678
17.811 , 69.48959 , 51.38476 , -0.290678
17.814 , 69.48959 , 51.36187 , -0.2952557
17.816 , 69.48959 , 51.36187 , -0.2952557
17.819 , 69.48959 , 51.38476 , -0.2998333
17.821 , 69.4667 , 51.38476 , -0.2998333
17.824 , 69.4667 , 51.38476 , -0.3089886
17.826 , 69.4667 , 51.36187 , -0.3135662
17.829 , 69.42092 , 51.36187 , -0.2998333
17.831 , 69.4667 , 51.36187 , -0.2952557
17.833 , 69.4667 , 51.31609 , -0.2952557
17.836 , 69.42092 , 51.29321 , -0.3089886
17.838 , 69.42092 , 51.27032 , -0.3089886
17.841 , 69.39803 , 51.27032 , -0.3227215
17.843 , 69.35226 , 51.27032 , -0.3272991
17.846 , 69.35226 , 51.27032 , -0.3456097
17.848 , 69.35226 , 51.22454 , -0.3456097
17.85 , 69.30648 , 51.22454 , -0.3547649
17.853 , 69.32937 , 51.22454 , -0.3501873
17.855 , 69.30648 , 51.20165 , -0.3501873
17.858 , 69.32937 , 51.20165 , -0.3501873
17.86 , 69.30648 , 51.22454 , -0.3547649
17.862 , 69.32937 , 51.20165 , -0.3639202
17.865 , 69.30648 , 51.20165 , -0.3684978
17.867 , 69.2607 , 51.20165 , -0.3639202
17.87 , 69.30648 , 51.15587 , -0.3593426
17.872 , 69.30648 , 51.20165 , -0.3501873
17.875 , 69.2607 , 51.20165 , -0.3593426
17.877 , 69.2607 , 51.15587 , -0.3684978
17.879 , 69.23782 , 51.15587 , -0.3776531
17.882 , 69.23782 , 51.20165 , -0.3822327
17.884 , 69.19204 , 51.15587 , -0.402832
17.895 , 69.16914 , 51.15587 , -0.4074097
17.898 , 69.16914 , 51.13298 , -0.4119873
17.9 , 69.16914 , 51.13298 , -0.4119873
17.902 , 69.16914 , 51.13298 , -0.4165649
17.905 , 69.14626 , 51.0872 , -0.4257202
17.907 , 69.10048 , 51.13298 , -0.4257202
17.91 , 69.07759 , 51.0872 , -0.4119873
17.912 , 69.10048 , 51.0872 , -0.4074097
17.914 , 69.07759 , 51.06432 , -0.4165649
17.917 , 69.07759 , 51.0872 , -0.4257202
17.919 , 69.07759 , 51.0872 , -0.4302979
17.922 , 69.10048 , 51.0872 , -0.4394531
17.924 , 69.03181 , 51.0872 , -0.4600525
17.927 , 69.03181 , 51.0872 , -0.4554749
17.929 , 69.03181 , 51.06432 , -0.4600525
17.931 , 69.00893 , 51.0872 , -0.4600525
17.934 , 69.00893 , 51.0872 , -0.4646301
17.936 , 69.00893 , 51.0872 , -0.4600525
17.939 , 69.03181 , 51.0872 , -0.4692078
17.941 , 69.00893 , 51.13298 , -0.4692078
17.944 , 69.00893 , 51.0872 , -0.4737873
17.946 , 69.00893 , 51.0872 , -0.4783649
17.948 , 68.98604 , 51.13298 , -0.4692078
17.951 , 68.94026 , 51.06432 , -0.4600525
17.953 , 68.98604 , 51.0872 , -0.4600525
17.956 , 68.94026 , 51.06432 , -0.4737873
17.958 , 68.98604 , 51.0872 , -0.4737873
17.961 , 68.98604 , 51.06432 , -0.489809
17.963 , 68.94026 , 51.0872 , -0.4989643
17.965 , 68.91737 , 51.04143 , -0.5172749
17.968 , 68.91737 , 51.04143 , -0.5310078
17.97 , 68.84871 , 51.04143 , -0.5813637
17.973 , 68.84871 , 51.06432 , -0.5584736
17.975 , 68.8716 , 51.04143 , -0.5081196
17.978 , 68.94026 , 51.04143 , -0.4646301
17.98 , 68.98604 , 51.04143 , -0.4257202
17.982 , 69.00893 , 51.06432 , -0.3868103
17.985 , 69.03181 , 50.99565 , -0.3913879
17.987 , 68.94026 , 51.04143 , -0.4119873
17.99 , 68.94026 , 50.99565 , -0.4348755
17.992 , 68.91737 , 50.99565 , -0.4554749
17.995 , 68.91737 , 50.99565 , -0.4737873
17.997 , 68.8716 , 50.97276 , -0.4737873
18.0 , 68.8716 , 50.99565 , -0.4646301
18.002 , 68.8716 , 50.99565 , -0.4463196
18.005 , 68.94026 , 50.99565 , -0.4302979
18.007 , 68.8716 , 50.97276 , -0.4257202
18.009 , 68.8716 , 50.97276 , -0.4257202
18.012 , 68.84871 , 50.97276 , -0.4211426
18.014 , 68.84871 , 50.92699 , -0.4257202
18.017 , 68.84871 , 50.92699 , -0.4257202
18.019 , 68.84871 , 50.97276 , -0.4257202
18.022 , 68.8716 , 50.92699 , -0.4211426
18.024 , 68.84871 , 50.97276 , -0.4119873
18.026 , 68.8716 , 50.92699 , -0.3776531
18.029 , 68.8716 , 50.9041 , -0.3547649
18.031 , 68.91737 , 50.9041 , -0.3684978
18.034 , 68.8716 , 50.83543 , -0.3822327
18.036 , 68.8716 , 50.83543 , -0.3181438
18.039 , 69.00893 , 50.83543 , -0.1899681
18.041 , 69.16914 , 50.83543 , -0.01372719
18.044 , 69.55825 , 50.83543 , 0.382246
18.046 , 69.74136 , 50.83543 , 0.5104218
18.048 , 69.74136 , 50.83543 , 0.519577
18.051 , 69.71848 , 50.81255 , 0.4921112
18.053 , 69.62692 , 50.76676 , 0.3914013
18.056 , 69.55825 , 50.81255 , 0.2998466
18.058 , 69.55825 , 50.81255 , 0.3181572
18.061 , 69.58115 , 50.81255 , 0.4051342
18.063 , 69.74136 , 50.81255 , 0.5745087
18.065 , 69.92447 , 50.81255 , 0.7782173
18.068 , 70.10757 , 50.76676 , 1.002523
18.07 , 70.29068 , 50.76676 , 1.160456
18.073 , 70.35935 , 50.74387 , 1.25201
18.075 , 70.42802 , 50.74387 , 1.284054
18.077 , 70.42802 , 50.76676 , 1.284054
18.08 , 70.42802 , 50.74387 , 1.288631
18.082 , 70.47379 , 50.74387 , 1.288631
18.085 , 70.49668 , 50.81255 , 1.320675
18.087 , 70.47379 , 50.74387 , 1.359585
18.089 , 70.35935 , 50.74387 , 1.197077
18.092 , 69.97025 , 50.6981 , 0.782795
18.094 , 69.58115 , 50.67521 , 0.3685112
18.097 , 69.30648 , 50.6981 , 0.1670914
18.099 , 69.19204 , 50.76676 , 0.06867218
18.102 , 69.23782 , 50.67521 , 0.1487808
18.104 , 69.39803 , 50.67521 , 0.3479118
18.107 , 69.58115 , 50.67521 , 0.5516205
18.109 , 69.71848 , 50.67521 , 0.6866627
18.111 , 69.81003 , 50.60654 , 0.7621956
18.114 , 69.81003 , 50.65232 , 0.7484627
18.116 , 69.74136 , 50.65232 , 0.6729298
18.119 , 69.64981 , 50.65232 , 0.5859528
18.121 , 69.58115 , 50.65232 , 0.5058441
18.124 , 69.55825 , 50.6981 , 0.4738007
18.126 , 69.53536 , 50.67521 , 0.4783783
18.128 , 69.53536 , 50.67521 , 0.5012665
18.131 , 69.55825 , 50.65232 , 0.5310211
18.133 , 69.58115 , 50.58366 , 0.5516205
18.136 , 69.53536 , 50.60654 , 0.5561981
18.138 , 69.58115 , 50.60654 , 0.5516205
18.14 , 69.58115 , 50.65232 , 0.5378876
18.143 , 69.55825 , 50.67521 , 0.5149994
18.145 , 69.53536 , 50.60654 , 0.5012665
18.148 , 69.53536 , 50.60654 , 0.5012665
18.15 , 69.53536 , 50.58366 , 0.5058441
18.153 , 69.48959 , 50.58366 , 0.5058441
18.155 , 69.48959 , 50.60654 , 0.5149994
18.157 , 69.53536 , 50.60654 , 0.5104218
18.16 , 69.48959 , 50.60654 , 0.5104218
18.162 , 69.48959 , 50.60654 , 0.5058441
18.165 , 69.4667 , 50.58366 , 0.4966888
18.167 , 69.4667 , 50.58366 , 0.4921112
18.17 , 69.42092 , 50.53788 , 0.4875336
18.172 , 69.4667 , 50.51499 , 0.4875336
18.174 , 69.42092 , 50.53788 , 0.4829559
18.177 , 69.42092 , 50.58366 , 0.4875336
18.179 , 69.42092 , 50.53788 , 0.4829559
18.182 , 69.42092 , 50.58366 , 0.4829559
18.184 , 69.39803 , 50.58366 , 0.4783783
18.187 , 69.39803 , 50.53788 , 0.4738007
18.189 , 69.39803 , 50.51499 , 0.469223
18.191 , 69.39803 , 50.46922 , 0.469223
18.194 , 69.35226 , 50.46922 , 0.4646435
18.196 , 69.35226 , 50.51499 , 0.4646435
18.199 , 69.35226 , 50.51499 , 0.4646435
18.201 , 69.35226 , 50.53788 , 0.4600658
18.204 , 69.35226 , 50.51499 , 0.4554882
18.206 , 69.35226 , 50.46922 , 0.4554882
18.208 , 69.32937 , 50.46922 , 0.4509106
18.211 , 69.2607 , 50.42344 , 0.4463329
18.213 , 69.2607 , 50.46922 , 0.4463329
18.216 , 69.30648 , 50.44633 , 0.4417553
18.218 , 69.30648 , 50.42344 , 0.4417553
18.22 , 69.30648 , 50.44633 , 0.4371777
18.223 , 69.2607 , 50.42344 , 0.4326
18.225 , 69.2607 , 50.42344 , 0.4326
18.228 , 69.2607 , 50.37766 , 0.4326
18.23 , 69.23782 , 50.37766 , 0.4234447
18.232 , 69.23782 , 50.37766 , 0.4280224
18.235 , 69.23782 , 50.37766 , 0.4142895
18.237 , 69.19204 , 50.37766 , 0.4142895
18.24 , 69.19204 , 50.42344 , 0.4097118
18.242 , 69.23782 , 50.37766 , 0.4051342
18.245 , 69.16914 , 50.37766 , 0.3868237
18.247 , 69.16914 , 50.37766 , 0.3296013
18.249 , 69.10048 , 50.35477 , 0.3135796
18.252 , 69.07759 , 50.35477 , 0.3227348
18.254 , 69.14626 , 50.37766 , 0.3730907
18.257 , 69.23782 , 50.35477 , 0.4417553
18.259 , 69.16914 , 50.35477 , 0.4234447
18.262 , 69.14626 , 50.37766 , 0.382246
18.264 , 69.10048 , 50.35477 , 0.3341789
18.266 , 69.03181 , 50.30899 , 0.2655125
18.269 , 68.98604 , 50.30899 , 0.2197361
18.271 , 68.94026 , 50.30899 , 0.2014256
18.274 , 68.94026 , 50.28611 , 0.2380466
18.276 , 68.98604 , 50.28611 , 0.2655125
18.279 , 69.00893 , 50.30899 , 0.2769566
18.281 , 69.00893 , 50.35477 , 0.2906914
18.283 , 69.00893 , 50.30899 , 0.2700901
18.286 , 68.98604 , 50.30899 , 0.2426243
18.288 , 68.94026 , 50.28611 , 0.2243137
18.291 , 68.8716 , 50.24033 , 0.2105808
18.293 , 68.84871 , 50.24033 , 0.1968479
18.295 , 68.8716 , 50.24033 , 0.1876926
18.298 , 68.91737 , 50.28611 , 0.2014256
18.3 , 68.91737 , 50.28611 , 0.2288914
18.303 , 68.8716 , 50.24033 , 0.2151585
18.305 , 68.8716 , 50.28611 , 0.2014256
18.308 , 68.84871 , 50.24033 , 0.1876926
18.31 , 68.84871 , 50.24033 , 0.1625137
18.313 , 68.80293 , 50.21744 , 0.1533585
18.315 , 68.75715 , 50.24033 , 0.1442032
18.317 , 68.80293 , 50.24033 , 0.1396255
18.32 , 68.78004 , 50.28611 , 0.1442032
18.322 , 68.80293 , 50.28611 , 0.1579361
18.325 , 68.80293 , 50.28611 , 0.171669
18.327 , 68.80293 , 50.21744 , 0.1625137
18.329 , 68.75715 , 50.21744 , 0.1487808
18.332 , 68.75715 , 50.19455 , 0.1442032
18.334 , 68.71137 , 50.19455 , 0.1167374
18.337 , 68.68848 , 50.21744 , 0.09384918
18.339 , 68.68848 , 50.21744 , 0.07553864
18.342 , 68.71137 , 50.24033 , 0.06867218
18.344 , 68.64271 , 50.21744 , 0.06409454
18.347 , 68.68848 , 50.21744 , 0.06409454
18.349 , 68.64271 , 50.19455 , 0.07553864
18.352 , 68.64271 , 50.21744 , 0.06409454
18.355 , 68.61982 , 50.19455 , 0.045784
18.357 , 68.59693 , 50.19455 , 0.02747345
18.36 , 68.59693 , 50.14878 , 7.629395e-06
18.363 , 68.52827 , 50.19455 , -0.01372719
18.365 , 68.55116 , 50.19455 , -0.01372719
18.368 , 68.52827 , 50.19455 , -0.004571915
18.37 , 68.55116 , 50.14878 , -0.01372719
18.373 , 68.55116 , 50.12589 , 7.629395e-06
18.376 , 68.52827 , 50.12589 , -0.009149551
18.378 , 68.48249 , 50.14878 , -0.01372719
18.381 , 68.55116 , 50.12589 , 0.004585266
18.383 , 68.52827 , 50.12589 , -0.01372719
18.386 , 68.48249 , 50.14878 , -0.03203773
18.389 , 68.41382 , 50.12589 , -0.04119301
18.391 , 68.4596 , 50.12589 , -0.05034828
18.394 , 68.41382 , 50.05722 , -0.05034828
18.396 , 68.41382 , 50.08011 , -0.07323647
18.399 , 68.4596 , 50.08011 , -0.05950356
18.41 , 68.36804 , 50.08011 , -0.1052818
18.412 , 68.36804 , 50.03433 , -0.09154701
18.415 , 68.36804 , 50.03433 , -0.1007042
18.417 , 68.36804 , 50.05722 , -0.08239174
18.42 , 68.32227 , 50.03433 , -0.09154701
18.422 , 68.36804 , 50.03433 , -0.1098595
18.425 , 68.32227 , 50.03433 , -0.1098595
18.427 , 68.2536 , 50.03433 , -0.1235924
18.429 , 68.23071 , 49.96567 , -0.1327477
18.432 , 68.23071 , 49.98856 , -0.1556358
18.434 , 68.23071 , 49.98856 , -0.1419029
18.437 , 68.23071 , 49.98856 , -0.1602135
18.439 , 68.23071 , 49.98856 , -0.1419029
18.442 , 68.23071 , 49.98856 , -0.1647911
18.444 , 68.23071 , 49.98856 , -0.1510582
18.446 , 68.13916 , 49.98856 , -0.1693687
18.449 , 68.13916 , 49.96567 , -0.1647911
18.451 , 68.13916 , 49.91989 , -0.1510582
18.454 , 68.13916 , 49.96567 , -0.1602135
18.456 , 68.13916 , 49.96567 , -0.1556358
18.459 , 68.13916 , 49.96567 , -0.1853905
18.461 , 68.11627 , 49.91989 , -0.1693687
18.464 , 68.11627 , 49.91989 , -0.1991234
18.466 , 68.0705 , 49.96567 , -0.1945457
18.469 , 68.0705 , 49.91989 , -0.2151451
18.471 , 68.04761 , 49.91989 , -0.2151451
18.473 , 68.04761 , 49.96567 , -0.2197227
18.476 , 68.04761 , 49.897 , -0.2151451
18.478 , 68.02472 , 49.897 , -0.2197227
18.481 , 68.04761 , 49.897 , -0.228878
18.483 , 68.04761 , 49.91989 , -0.2243004
18.486 , 68.04761 , 49.897 , -0.2357445
18.488 , 68.02472 , 49.897 , -0.203701
18.49 , 68.02472 , 49.85123 , -0.2197227
18.493 , 67.95605 , 49.82834 , -0.2243004
18.495 , 67.97894 , 49.85123 , -0.2403221
18.498 , 67.97894 , 49.85123 , -0.2403221
18.5 , 67.95605 , 49.85123 , -0.2632103
18.503 , 67.95605 , 49.85123 , -0.2723656
18.505 , 67.91028 , 49.82834 , -0.2723656
18.507 , 67.95605 , 49.82834 , -0.2769432
18.51 , 67.88739 , 49.80545 , -0.2677879
18.512 , 67.91028 , 49.80545 , -0.2861004
18.515 , 67.88739 , 49.80545 , -0.2723656
18.517 , 67.84161 , 49.80545 , -0.290678
18.52 , 67.88739 , 49.80545 , -0.2815208
18.522 , 67.88739 , 49.75967 , -0.2815208
18.524 , 67.88739 , 49.75967 , -0.2677879
18.527 , 67.88739 , 49.75967 , -0.2769432
18.529 , 67.84161 , 49.75967 , -0.2952557
18.532 , 67.81873 , 49.75967 , -0.290678
18.534 , 67.81873 , 49.66811 , -0.3135662
18.537 , 67.81873 , 49.73679 , -0.3044109
18.539 , 67.79584 , 49.73679 , -0.3227215
18.542 , 67.81873 , 49.73679 , -0.3089886
18.544 , 67.79584 , 49.73679 , -0.3272991
18.547 , 67.79584 , 49.73679 , -0.3227215
18.549 , 67.75006 , 49.64523 , -0.3318768
18.552 , 67.79584 , 49.66811 , -0.3364544
18.554 , 67.68139 , 49.64523 , -0.3456097
18.556 , 67.75006 , 49.66811 , -0.341032
18.559 , 67.75006 , 49.66811 , -0.3181438
18.561 , 67.68139 , 49.64523 , -0.3318768
18.564 , 67.75006 , 49.66811 , -0.3272991
18.566 , 67.68139 , 49.73679 , -0.3501873
18.569 , 67.68139 , 49.66811 , -0.3456097
18.571 , 67.63561 , 49.59945 , -0.3684978
18.573 , 67.6585 , 49.59945 , -0.3730755
18.576 , 67.58984 , 49.57656 , -0.3776531
18.578 , 67.63561 , 49.59945 , -0.3822327
18.581 , 67.63561 , 49.59945 , -0.3776531
18.583 , 67.63561 , 49.64523 , -0.3913879
18.586 , 67.63561 , 49.57656 , -0.3776531
18.588 , 67.58984 , 49.57656 , -0.402832
18.591 , 67.56695 , 49.55367 , -0.3868103
18.593 , 67.56695 , 49.5079 , -0.3913879
18.596 , 67.56695 , 49.55367 , -0.3776531
18.598 , 67.56695 , 49.55367 , -0.3868103
18.6 , 67.56695 , 49.57656 , -0.402832
18.603 , 67.56695 , 49.57656 , -0.402832
18.605 , 67.49828 , 49.55367 , -0.4165649
18.608 , 67.49828 , 49.55367 , -0.4211426
18.61 , 67.49828 , 49.55367 , -0.4394531
18.613 , 67.52117 , 49.48501 , -0.4257202
18.615 , 67.49828 , 49.5079 , -0.4463196
18.618 , 67.49828 , 49.5079 , -0.4302979
18.62 , 67.49828 , 49.48501 , -0.4394531
18.622 , 67.52117 , 49.55367 , -0.4394531
18.625 , 67.4754 , 49.5079 , -0.4508972
18.627 , 67.49828 , 49.5079 , -0.4508972
18.63 , 67.42962 , 49.48501 , -0.4348755
18.632 , 67.4754 , 49.48501 , -0.4463196
18.635 , 67.4754 , 49.48501 , -0.4394531
18.637 , 67.49828 , 49.48501 , -0.4646301
18.64 , 67.4754 , 49.48501 , -0.4554749
18.642 , 67.42962 , 49.48501 , -0.4829426
18.645 , 67.42962 , 49.43923 , -0.4943867
18.647 , 67.40673 , 49.43923 , -0.5035419
18.649 , 67.40673 , 49.41634 , -0.5035419
18.652 , 67.36095 , 49.43923 , -0.5035419
18.654 , 67.42962 , 49.41634 , -0.5035419
18.657 , 67.36095 , 49.41634 , -0.4989643
18.659 , 67.36095 , 49.41634 , -0.5172749
18.662 , 67.36095 , 49.41634 , -0.5081196
18.664 , 67.36095 , 49.43923 , -0.5126972
18.666 , 67.40673 , 49.41634 , -0.4989643
18.669 , 67.33807 , 49.37057 , -0.5126972
18.671 , 67.33807 , 49.41634 , -0.5126972
18.674 , 67.33807 , 49.37057 , -0.5218525
18.676 , 67.33807 , 49.41634 , -0.5310078
18.679 , 67.29228 , 49.37057 , -0.540163
18.681 , 67.29228 , 49.41634 , -0.5493183
18.683 , 67.29228 , 49.41634 , -0.5447407
18.686 , 67.26939 , 49.37057 , -0.5630512
18.688 , 67.26939 , 49.37057 , -0.5447407
18.691 , 67.20073 , 49.37057 , -0.5630512
18.693 , 67.26939 , 49.34768 , -0.5584736
18.696 , 67.20073 , 49.34768 , -0.5722084
18.698 , 67.24651 , 49.37057 , -0.5676308
18.701 , 67.20073 , 49.34768 , -0.5584736
18.703 , 67.24651 , 49.34768 , -0.5584736
18.705 , 67.20073 , 49.34768 , -0.5584736
18.708 , 67.17784 , 49.34768 , -0.576786
18.71 , 67.17784 , 49.32479 , -0.5722084
18.713 , 67.13206 , 49.32479 , -0.601963
18.715 , 67.13206 , 49.32479 , -0.5973854
18.718 , 67.10918 , 49.32479 , -0.6294289
18.72 , 67.10918 , 49.32479 , -0.66605
18.723 , 67.08629 , 49.32479 , -0.6385841
18.725 , 67.17784 , 49.32479 , -0.576786
18.727 , 67.20073 , 49.32479 , -0.540163
18.73 , 67.13206 , 49.32479 , -0.5035419
18.732 , 67.17784 , 49.32479 , -0.4692078
18.735 , 67.17784 , 49.27901 , -0.4737873
18.737 , 67.13206 , 49.27901 , -0.4989643
18.74 , 67.10918 , 49.32479 , -0.5310078
18.742 , 67.08629 , 49.27901 , -0.5493183
18.745 , 67.08629 , 49.27901 , -0.5584736
18.747 , 67.08629 , 49.27901 , -0.5584736
18.75 , 67.04051 , 49.25612 , -0.5493183
18.752 , 67.04051 , 49.25612 , -0.5355854
18.754 , 67.08629 , 49.25612 , -0.5218525
18.757 , 67.10918 , 49.21034 , -0.5126972
18.759 , 67.10918 , 49.25612 , -0.5126972
18.762 , 67.10918 , 49.21034 , -0.5126972
18.764 , 67.08629 , 49.25612 , -0.5126972
18.767 , 67.08629 , 49.21034 , -0.5172749
18.769 , 67.08629 , 49.21034 , -0.5172749
18.771 , 67.08629 , 49.21034 , -0.5126972
18.774 , 67.04051 , 49.18745 , -0.5081196
18.776 , 67.08629 , 49.18745 , -0.4692078
18.779 , 67.10918 , 49.21034 , -0.4463196
18.781 , 67.10918 , 49.21034 , -0.4554749
18.784 , 67.13206 , 49.18745 , -0.4737873
18.786 , 67.10918 , 49.18745 , -0.4463196
18.789 , 67.20073 , 49.18745 , -0.3272991
18.791 , 67.29228 , 49.18745 , -0.1327477
18.793 , 67.63561 , 49.16457 , 0.1968479
18.796 , 67.95605 , 49.16457 , 0.4051342
18.798 , 67.97894 , 49.16457 , 0.4326
18.801 , 67.95605 , 49.18745 , 0.4142895
18.803 , 67.91028 , 49.18745 , 0.3341789
18.806 , 67.81873 , 49.16457 , 0.233469
18.808 , 67.75006 , 49.16457 , 0.2105808
18.81 , 67.75006 , 49.16457 , 0.2861137
18.813 , 67.91028 , 49.11879 , 0.4417553
18.815 , 68.11627 , 49.0959 , 0.6225739
18.818 , 68.29938 , 49.11879 , 0.819416
18.82 , 68.48249 , 49.11879 , 1.020834
18.823 , 68.61982 , 49.16457 , 1.137568
18.825 , 68.71137 , 49.0959 , 1.183344
18.827 , 68.68848 , 49.11879 , 1.197077
18.83 , 68.71137 , 49.0959 , 1.206232
18.832 , 68.71137 , 49.0959 , 1.201654
18.835 , 68.75715 , 49.05013 , 1.2337
18.837 , 68.75715 , 49.05013 , 1.288631
18.84 , 68.84871 , 49.05013 , 1.355007
18.842 , 68.91737 , 49.0959 , 1.419096
18.844 , 68.98604 , 49.0959 , 1.494627
18.847 , 68.98604 , 49.02724 , 1.538116
18.849 , 68.98604 , 49.02724 , 1.439695
18.852 , 68.64271 , 49.02724 , 0.9887905
18.854 , 68.11627 , 49.02724 , 0.5859528
18.857 , 67.81873 , 49.05013 , 0.3135796
18.859 , 67.58984 , 49.05013 , 0.171669
18.861 , 67.58984 , 49.05013 , 0.1968479
18.864 , 67.81873 , 49.05013 , 0.3730907
18.866 , 68.02472 , 49.05013 , 0.595108
18.869 , 68.20782 , 49.02724 , 0.7919502
18.871 , 68.2536 , 48.98146 , 0.8674812
18.874 , 68.2536 , 48.98146 , 0.8720589
18.876 , 68.23071 , 48.98146 , 0.819416
18.879 , 68.13916 , 48.98146 , 0.7049732
18.881 , 68.0705 , 48.95857 , 0.6317291
18.883 , 67.97894 , 49.02724 , 0.5905304
18.886 , 67.95605 , 48.98146 , 0.5859528
18.888 , 67.95605 , 48.98146 , 0.6042633
18.891 , 68.02472 , 48.98146 , 0.6317291
18.893 , 68.02472 , 48.93568 , 0.6546192
18.896 , 68.04761 , 48.98146 , 0.6637745
18.898 , 68.04761 , 48.95857 , 0.6591969
18.901 , 68.02472 , 48.95857 , 0.645462
18.903 , 67.97894 , 48.93568 , 0.6225739
18.906 , 67.95605 , 48.93568 , 0.6088409
18.908 , 67.95605 , 48.93568 , 0.6042633
18.91 , 67.95605 , 48.93568 , 0.6088409
18.913 , 67.95605 , 48.8899 , 0.6134186
18.924 , 67.95605 , 48.86702 , 0.6088409
18.926 , 67.91028 , 48.8899 , 0.5996857
18.929 , 67.88739 , 48.8899 , 0.5905304
18.931 , 67.88739 , 48.86702 , 0.5905304
18.933 , 67.84161 , 48.86702 , 0.5859528
18.936 , 67.84161 , 48.8899 , 0.5859528
18.938 , 67.84161 , 48.82124 , 0.5859528
18.941 , 67.84161 , 48.8899 , 0.5859528
18.943 , 67.84161 , 48.86702 , 0.5859528
18.946 , 67.84161 , 48.82124 , 0.5790863
18.948 , 67.79584 , 48.82124 , 0.569931
18.951 , 67.79584 , 48.86702 , 0.5653534
18.953 , 67.81873 , 48.82124 , 0.5653534
18.956 , 67.79584 , 48.79835 , 0.5561981
18.958 , 67.79584 , 48.82124 , 0.5561981
18.96 , 67.81873 , 48.79835 , 0.5516205
18.963 , 67.79584 , 48.79835 , 0.5516205
18.965 , 67.79584 , 48.79835 , 0.5470428
18.968 , 67.75006 , 48.86702 , 0.5424652
18.97 , 67.75006 , 48.79835 , 0.5378876
18.973 , 67.75006 , 48.79835 , 0.5378876
18.975 , 67.68139 , 48.75257 , 0.5310211
18.978 , 67.68139 , 48.79835 , 0.5264435
18.98 , 67.68139 , 48.75257 , 0.5264435
18.983 , 67.68139 , 48.79835 , 0.519577
18.985 , 67.6585 , 48.75257 , 0.5149994
18.988 , 67.6585 , 48.79835 , 0.5149994
18.99 , 67.6585 , 48.82124 , 0.5149994
18.992 , 67.63561 , 48.75257 , 0.5104218
18.995 , 67.58984 , 48.75257 , 0.4829559
18.997 , 67.52117 , 48.75257 , 0.3959789
19.0 , 67.49828 , 48.75257 , 0.3914013
19.002 , 67.52117 , 48.75257 , 0.4326
19.005 , 67.56695 , 48.75257 , 0.4921112
19.007 , 67.63561 , 48.75257 , 0.5561981
19.009 , 67.58984 , 48.72969 , 0.5104218
19.012 , 67.58984 , 48.72969 , 0.4738007
19.014 , 67.49828 , 48.75257 , 0.4142895
19.017 , 67.4754 , 48.72969 , 0.3570671
19.019 , 67.42962 , 48.72969 , 0.3135796
19.022 , 67.36095 , 48.72969 , 0.2998466
19.024 , 67.36095 , 48.72969 , 0.3135796
19.027 , 67.40673 , 48.7068 , 0.3341789
19.029 , 67.40673 , 48.7068 , 0.3479118
19.031 , 67.42962 , 48.7068 , 0.3570671
19.034 , 67.36095 , 48.66102 , 0.3524895
19.036 , 67.40673 , 48.7068 , 0.3639336
19.039 , 67.36095 , 48.66102 , 0.3524895
19.041 , 67.33807 , 48.66102 , 0.3227348
19.044 , 67.33807 , 48.66102 , 0.3090019
19.046 , 67.33807 , 48.66102 , 0.2906914
19.048 , 67.29228 , 48.63813 , 0.2815361
19.051 , 67.26939 , 48.59236 , 0.2700901
19.053 , 67.26939 , 48.66102 , 0.2655125
19.056 , 67.26939 , 48.66102 , 0.2700901
19.058 , 67.29228 , 48.59236 , 0.295269
19.06 , 67.29228 , 48.59236 , 0.295269
19.063 , 67.26939 , 48.59236 , 0.2815361
19.065 , 67.17784 , 48.59236 , 0.2655125
19.068 , 67.13206 , 48.59236 , 0.2472019
19.07 , 67.13206 , 48.56947 , 0.2288914
19.073 , 67.13206 , 48.56947 , 0.2105808
19.075 , 67.10918 , 48.56947 , 0.1968479
19.077 , 67.08629 , 48.52369 , 0.1922703
19.08 , 67.08629 , 48.56947 , 0.2014256
19.082 , 67.10918 , 48.52369 , 0.1808243
19.085 , 67.08629 , 48.52369 , 0.1625137
19.087 , 66.97185 , 48.52369 , 0.1350479
19.09 , 66.97185 , 48.5008 , 0.1075821
19.092 , 66.94896 , 48.5008 , 0.08927155
19.095 , 66.97185 , 48.5008 , 0.06867218
19.097 , 66.90318 , 48.5008 , 0.05951691
19.1 , 66.94896 , 48.52369 , 0.08011627
19.102 , 66.94896 , 48.52369 , 0.09842682
19.105 , 66.94896 , 48.5008 , 0.08927155
19.108 , 66.90318 , 48.5008 , 0.06867218
19.11 , 66.90318 , 48.43214 , 0.045784
19.113 , 66.85741 , 48.47791 , 0.045784
19.115 , 66.88029 , 48.47791 , 0.05036163
19.118 , 66.88029 , 48.47791 , 0.05493927
19.121 , 66.88029 , 48.5008 , 0.06409454
19.123 , 66.85741 , 48.47791 , 0.06867218
19.126 , 66.88029 , 48.43214 , 0.08011627
19.128 , 66.85741 , 48.43214 , 0.07553864
19.131 , 66.85741 , 48.43214 , 0.05493927
19.133 , 66.81163 , 48.40925 , 0.04120636
19.136 , 66.81163 , 48.43214 , 0.004585266
19.139 , 66.78874 , 48.43214 , -0.009149551
19.141 , 66.74297 , 48.43214 , -0.009149551
19.144 , 66.72008 , 48.40925 , -0.01830482
19.147 , 66.74297 , 48.36347 , -0.01830482
19.149 , 66.74297 , 48.36347 , -0.01372719
19.152 , 66.72008 , 48.36347 , -0.02288246
19.154 , 66.72008 , 48.34058 , -0.01830482
19.157 , 66.69719 , 48.36347 , -0.009149551
19.16 , 66.72008 , 48.34058 , -0.01372719
19.162 , 66.72008 , 48.34058 , -0.04119301
19.165 , 66.69719 , 48.34058 , -0.04577065
19.167 , 66.65141 , 48.3177 , -0.06408119
19.17 , 66.62852 , 48.34058 , -0.08696938
19.172 , 66.62852 , 48.27192 , -0.08696938
19.175 , 66.58275 , 48.3177 , -0.08696938
19.178 , 66.55985 , 48.3177 , -0.09154701
19.18 , 66.58275 , 48.3177 , -0.09612465
19.183 , 66.58275 , 48.27192 , -0.09154701
19.186 , 66.58275 , 48.24903 , -0.0778141
19.188 , 66.55985 , 48.24903 , -0.08696938
19.191 , 66.53696 , 48.20325 , -0.09612465
19.193 , 66.55985 , 48.24903 , -0.1007042
19.196 , 66.53696 , 48.24903 , -0.1235924
19.198 , 66.49119 , 48.20325 , -0.1327477
19.201 , 66.49119 , 48.24903 , -0.1464806
19.203 , 66.4683 , 48.24903 , -0.1602135
19.205 , 66.42252 , 48.20325 , -0.1510582
19.208 , 66.39964 , 48.20325 , -0.1556358
19.21 , 66.4683 , 48.20325 , -0.1602135
19.213 , 66.4683 , 48.18036 , -0.1602135
19.215 , 66.42252 , 48.20325 , -0.1510582
19.217 , 66.4683 , 48.20325 , -0.1464806
19.22 , 66.42252 , 48.18036 , -0.1556358
19.222 , 66.42252 , 48.18036 , -0.1693687
19.225 , 66.35386 , 48.18036 , -0.1899681
19.227 , 66.35386 , 48.18036 , -0.203701
19.23 , 66.33097 , 48.11169 , -0.2243004
19.232 , 66.33097 , 48.13458 , -0.228878
19.234 , 66.35386 , 48.13458 , -0.2243004
19.237 , 66.33097 , 48.13458 , -0.2403221
19.239 , 66.33097 , 48.13458 , -0.2357445
19.242 , 66.30808 , 48.13458 , -0.2357445
19.244 , 66.23942 , 48.11169 , -0.2357445
19.247 , 66.26231 , 48.11169 , -0.2197227
19.249 , 66.26231 , 48.11169 , -0.228878
19.251 , 66.23942 , 48.11169 , -0.2448997
19.254 , 66.23942 , 48.11169 , -0.254055
19.256 , 66.19364 , 48.13458 , -0.2677879
19.259 , 66.17075 , 48.08881 , -0.290678
19.261 , 66.19364 , 48.11169 , -0.290678
19.264 , 66.17075 , 48.11169 , -0.2998333
19.266 , 66.17075 , 48.11169 , -0.2998333
19.268 , 66.14786 , 48.08881 , -0.2998333
19.271 , 66.10208 , 48.04303 , -0.3044109
19.273 , 66.14786 , 48.04303 , -0.2998333
19.276 , 66.17075 , 48.08881 , -0.2815208
19.278 , 66.14786 , 48.11169 , -0.290678
19.281 , 66.10208 , 48.11169 , -0.3044109
19.283 , 66.10208 , 48.11169 , -0.3044109
19.285 , 66.10208 , 48.11169 , -0.3318768
19.288 , 66.03342 , 48.08881 , -0.3456097
19.29 , 66.03342 , 48.04303 , -0.3547649
19.293 , 66.03342 , 48.04303 , -0.3639202
19.295 , 66.03342 , 48.02014 , -0.3593426
19.297 , 66.01053 , 48.04303 , -0.3639202
19.3 , 66.01053 , 48.08881 , -0.3639202
19.302 , 66.03342 , 48.08881 , -0.3639202
19.305 , 66.01053 , 48.04303 , -0.3501873
19.307 , 66.01053 , 48.02014 , -0.3501873
19.309 , 66.01053 , 47.97437 , -0.3547649
19.312 , 65.98764 , 48.02014 , -0.3730755
19.314 , 65.98764 , 47.97437 , -0.3776531
19.317 , 65.94186 , 48.02014 , -0.3913879
19.319 , 65.94186 , 47.97437 , -0.4119873
19.322 , 65.91898 , 47.97437 , -0.4119873
19.324 , 65.91898 , 47.97437 , -0.4119873
19.326 , 65.8732 , 48.02014 , -0.4165649
19.329 , 65.8732 , 47.95148 , -0.4211426
19.331 , 65.8732 , 47.97437 , -0.4211426
19.334 , 65.91898 , 47.95148 , -0.4165649
19.336 , 65.91898 , 47.95148 , -0.4074097
19.339 , 65.91898 , 47.97437 , -0.4074097
19.341 , 65.85031 , 47.97437 , -0.4211426
19.343 , 65.85031 , 47.95148 , -0.4257202
19.346 , 65.85031 , 47.95148 , -0.4463196
19.348 , 65.85031 , 47.95148 , -0.4646301
19.351 , 65.85031 , 47.95148 , -0.4646301
19.353 , 65.80453 , 47.95148 , -0.4737873
19.356 , 65.78164 , 47.9057 , -0.4692078
19.358 , 65.80453 , 47.95148 , -0.4646301
19.36 , 65.80453 , 47.9057 , -0.4737873
19.363 , 65.78164 , 47.88281 , -0.4692078
19.365 , 65.80453 , 47.9057 , -0.4508972
19.368 , 65.78164 , 47.88281 , -0.4600525
19.37 , 65.78164 , 47.88281 , -0.4646301
19.373 , 65.75875 , 47.88281 , -0.4692078
19.375 , 65.75875 , 47.85992 , -0.4943867
19.378 , 65.71297 , 47.85992 , -0.5081196
19.38 , 65.71297 , 47.88281 , -0.5126972
19.382 , 65.71297 , 47.85992 , -0.5218525
19.385 , 65.71297 , 47.88281 , -0.5218525
19.387 , 65.69009 , 47.85992 , -0.5172749
19.39 , 65.69009 , 47.81414 , -0.5218525
19.392 , 65.64431 , 47.85992 , -0.5172749
19.395 , 65.69009 , 47.85992 , -0.5035419
19.397 , 65.69009 , 47.85992 , -0.5035419
19.4 , 65.71297 , 47.85992 , -0.5126972
19.402 , 65.69009 , 47.81414 , -0.5172749
19.404 , 65.64431 , 47.81414 , -0.5355854
19.407 , 65.62142 , 47.81414 , -0.5447407
19.409 , 65.59853 , 47.81414 , -0.5584736
19.412 , 65.59853 , 47.81414 , -0.5676308
19.414 , 65.59853 , 47.74548 , -0.5630512
19.417 , 65.55276 , 47.79126 , -0.5676308
19.419 , 65.59853 , 47.79126 , -0.5676308
19.422 , 65.55276 , 47.81414 , -0.5630512
19.424 , 65.55276 , 47.81414 , -0.5584736
19.426 , 65.59853 , 47.79126 , -0.5493183
19.429 , 65.55276 , 47.74548 , -0.553896
19.44 , 65.48409 , 47.74548 , -0.5973854
19.442 , 65.48409 , 47.74548 , -0.6111183
19.445 , 65.4612 , 47.67681 , -0.6065407
19.447 , 65.4612 , 47.74548 , -0.6065407
19.449 , 65.41542 , 47.67681 , -0.6111183
19.452 , 65.48409 , 47.72259 , -0.615696
19.454 , 65.4612 , 47.67681 , -0.601963
19.457 , 65.4612 , 47.67681 , -0.601963
19.459 , 65.48409 , 47.65392 , -0.601963
19.461 , 65.4612 , 47.67681 , -0.6111183
19.464 , 65.41542 , 47.72259 , -0.6202736
19.466 , 65.39253 , 47.67681 , -0.6340065
19.469 , 65.39253 , 47.65392 , -0.6752052
19.471 , 65.32387 , 47.65392 , -0.7049599
19.474 , 65.32387 , 47.63103 , -0.6706276
19.476 , 65.41542 , 47.63103 , -0.601963
19.478 , 65.4612 , 47.65392 , -0.553896
19.481 , 65.48409 , 47.65392 , -0.5081196
19.483 , 65.52987 , 47.65392 , -0.4783649
19.486 , 65.48409 , 47.63103 , -0.4829426
19.488 , 65.48409 , 47.63103 , -0.5126972
19.491 , 65.4612 , 47.63103 , -0.540163
19.493 , 65.41542 , 47.63103 , -0.5630512
19.495 , 65.39253 , 47.56237 , -0.576786
19.498 , 65.41542 , 47.56237 , -0.5722084
19.5 , 65.41542 , 47.63103 , -0.5584736
19.503 , 65.4612 , 47.56237 , -0.540163
19.505 , 65.41542 , 47.56237 , -0.5264301
19.507 , 65.41542 , 47.56237 , -0.5172749
19.51 , 65.41542 , 47.51659 , -0.5172749
19.512 , 65.39253 , 47.51659 , -0.5172749
19.515 , 65.39253 , 47.51659 , -0.5218525
19.517 , 65.39253 , 47.51659 , -0.5218525
19.519 , 65.39253 , 47.56237 , -0.5218525
19.522 , 65.36964 , 47.56237 , -0.5172749
19.524 , 65.39253 , 47.51659 , -0.5035419
19.527 , 65.41542 , 47.49371 , -0.4692078
19.529 , 65.41542 , 47.49371 , -0.4394531
19.532 , 65.41542 , 47.51659 , -0.4463196
19.534 , 65.41542 , 47.47082 , -0.4692078
19.536 , 65.41542 , 47.49371 , -0.4302979
19.539 , 65.52987 , 47.47082 , -0.3089886
19.541 , 65.69009 , 47.49371 , -0.1098595
19.544 , 65.98764 , 47.47082 , 0.2197361
19.546 , 66.23942 , 47.49371 , 0.4188671
19.549 , 66.30808 , 47.47082 , 0.4371777
19.551 , 66.30808 , 47.47082 , 0.4234447
19.553 , 66.17075 , 47.47082 , 0.3296013
19.556 , 66.10208 , 47.42504 , 0.2472019
19.558 , 66.03342 , 47.42504 , 0.233469
19.561 , 66.14786 , 47.47082 , 0.295269
19.563 , 66.23942 , 47.47082 , 0.4371777
19.566 , 66.39964 , 47.40215 , 0.6317291
19.568 , 66.55985 , 47.40215 , 0.819416
19.57 , 66.74297 , 47.42504 , 0.9979458
19.573 , 66.88029 , 47.40215 , 1.142145
19.575 , 66.97185 , 47.42504 , 1.187922
19.578 , 66.97185 , 47.35638 , 1.206232
19.58 , 66.97185 , 47.40215 , 1.224545
19.583 , 66.97185 , 47.40215 , 1.229122
19.585 , 67.01762 , 47.40215 , 1.25201
19.587 , 67.08629 , 47.40215 , 1.31152
19.59 , 67.08629 , 47.35638 , 1.36874
19.592 , 67.17784 , 47.35638 , 1.439695
19.595 , 67.20073 , 47.35638 , 1.512939
19.597 , 67.29228 , 47.35638 , 1.565582
19.599 , 67.33807 , 47.35638 , 1.620514
19.602 , 67.33807 , 47.33348 , 1.657135
19.604 , 67.40673 , 47.33348 , 1.693758
19.607 , 67.4754 , 47.33348 , 1.734957
19.609 , 67.4754 , 47.33348 , 1.739534
19.612 , 67.29228 , 47.28771 , 1.503784
19.614 , 66.88029 , 47.28771 , 1.07119
19.616 , 66.4683 , 47.28771 , 0.6866627
19.619 , 66.14786 , 47.28771 , 0.4371777
19.621 , 66.07919 , 47.28771 , 0.3570671
19.624 , 66.07919 , 47.33348 , 0.4509106
19.626 , 66.30808 , 47.28771 , 0.6591969
19.629 , 66.55985 , 47.26482 , 0.9247017
19.631 , 66.72008 , 47.26482 , 1.055168
19.633 , 66.78874 , 47.26482 , 1.1101
19.636 , 66.74297 , 47.26482 , 1.0895
19.638 , 66.69719 , 47.26482 , 0.9933681
19.641 , 66.55985 , 47.26482 , 0.8995247
19.643 , 66.49119 , 47.26482 , 0.8285713
19.646 , 66.42252 , 47.26482 , 0.7919502
19.648 , 66.42252 , 47.24193 , 0.7965279
19.65 , 66.39964 , 47.24193 , 0.8148384
19.653 , 66.49119 , 47.26482 , 0.8491707
19.655 , 66.49119 , 47.24193 , 0.8674812
19.658 , 66.49119 , 47.24193 , 0.8766365
19.66 , 66.4683 , 47.24193 , 0.8629036
19.663 , 66.49119 , 47.19616 , 0.8377266
19.665 , 66.42252 , 47.19616 , 0.819416
19.668 , 66.39964 , 47.17327 , 0.8011055
19.67 , 66.35386 , 47.24193 , 0.8011055
19.672 , 66.35386 , 47.19616 , 0.8011055
19.675 , 66.35386 , 47.12749 , 0.8056831
19.677 , 66.35386 , 47.17327 , 0.8102608
19.68 , 66.39964 , 47.17327 , 0.8056831
19.682 , 66.35386 , 47.17327 , 0.8011055
19.685 , 66.35386 , 47.17327 , 0.7919502
19.687 , 66.33097 , 47.17327 , 0.7873726
19.689 , 66.35386 , 47.12749 , 0.7782173
19.692 , 66.30808 , 47.12749 , 0.7667732
19.694 , 66.30808 , 47.1046 , 0.7621956
19.697 , 66.33097 , 47.12749 , 0.757618
19.699 , 66.26231 , 47.17327 , 0.757618
19.702 , 66.26231 , 47.12749 , 0.757618
19.704 , 66.23942 , 47.12749 , 0.7484627
19.707 , 66.26231 , 47.1046 , 0.7370167
19.709 , 66.23942 , 47.12749 , 0.732439
19.711 , 66.23942 , 47.1046 , 0.7278614
19.714 , 66.17075 , 47.1046 , 0.7232838
19.716 , 66.23942 , 47.05882 , 0.7141285
19.719 , 66.19364 , 47.05882 , 0.7095509
19.721 , 66.19364 , 47.03593 , 0.7049732
19.724 , 66.14786 , 47.1046 , 0.7003956
19.726 , 66.14786 , 47.05882 , 0.6912403
19.728 , 66.10208 , 47.05882 , 0.6866627
19.731 , 66.14786 , 47.05882 , 0.682085
19.733 , 66.07919 , 47.01305 , 0.6775074
19.736 , 66.10208 , 47.03593 , 0.6729298
19.738 , 66.10208 , 47.05882 , 0.6683521
19.74 , 66.07919 , 47.05882 , 0.6637745
19.743 , 66.03342 , 47.05882 , 0.6591969
19.745 , 66.03342 , 47.01305 , 0.6042633
19.748 , 65.98764 , 47.01305 , 0.519577
19.75 , 65.91898 , 47.01305 , 0.519577
19.753 , 65.91898 , 47.01305 , 0.5653534
19.755 , 66.01053 , 47.03593 , 0.6271515
19.757 , 66.03342 , 47.01305 , 0.6637745
19.76 , 65.98764 , 47.01305 , 0.6225739
19.762 , 65.94186 , 47.01305 , 0.5745087
19.765 , 65.8732 , 46.96727 , 0.5149994
19.767 , 65.80453 , 46.96727 , 0.4371777
19.77 , 65.75875 , 46.96727 , 0.3914013
19.772 , 65.71297 , 46.94438 , 0.3868237
19.775 , 65.75875 , 46.96727 , 0.4051342
19.777 , 65.78164 , 46.96727 , 0.4234447
19.779 , 65.78164 , 46.96727 , 0.4371777
19.782 , 65.78164 , 46.96727 , 0.469223
19.784 , 65.78164 , 46.89861 , 0.4554882
19.787 , 65.75875 , 46.94438 , 0.4280224
19.789 , 65.75875 , 46.94438 , 0.3959789
19.792 , 65.71297 , 46.89861 , 0.3685112
19.794 , 65.64431 , 46.94438 , 0.3433342
19.797 , 65.64431 , 46.89861 , 0.3341789
19.799 , 65.64431 , 46.89861 , 0.3433342
19.802 , 65.64431 , 46.87572 , 0.3570671
19.804 , 65.64431 , 46.89861 , 0.3479118
19.806 , 65.59853 , 46.89861 , 0.3341789
19.809 , 65.55276 , 46.87572 , 0.3044243
19.811 , 65.52987 , 46.89861 , 0.2700901
19.814 , 65.48409 , 46.87572 , 0.2380466
19.816 , 65.48409 , 46.82994 , 0.2060032
19.819 , 65.48409 , 46.82994 , 0.2060032
19.821 , 65.48409 , 46.87572 , 0.1968479
19.824 , 65.41542 , 46.82994 , 0.171669
19.826 , 65.39253 , 46.82994 , 0.1442032
19.828 , 65.36964 , 46.82994 , 0.121315
19.831 , 65.32387 , 46.87572 , 0.1030045
19.833 , 65.32387 , 46.82994 , 0.08469391
19.836 , 65.32387 , 46.82994 , 0.09842682
19.838 , 65.32387 , 46.80705 , 0.1075821
19.841 , 65.32387 , 46.82994 , 0.09842682
19.843 , 65.32387 , 46.80705 , 0.08469391
19.846 , 65.2552 , 46.80705 , 0.06867218
19.849 , 65.23232 , 46.80705 , 0.045784
19.851 , 65.20943 , 46.73838 , 0.02289581
19.854 , 65.20943 , 46.78416 , 0.02747345
19.856 , 65.23232 , 46.78416 , 0.02747345
19.859 , 65.20943 , 46.78416 , 0.01602936
19.862 , 65.16365 , 46.73838 , -0.004571915
19.864 , 65.14076 , 46.78416 , -0.004571915
19.867 , 65.14076 , 46.73838 , 0.004585266
19.87 , 65.09499 , 46.66972 , 7.629395e-06
19.872 , 65.14076 , 46.66972 , 0.01145172
19.875 , 65.09499 , 46.66972 , 0.02289581
19.878 , 65.14076 , 46.66972 , 0.01602936
19.88 , 65.0721 , 46.78416 , 7.629395e-06
19.883 , 65.0721 , 46.73838 , -0.02288246
19.885 , 65.04921 , 46.66972 , -0.05034828
19.888 , 65.00343 , 46.64683 , -0.08239174
19.891 , 64.98055 , 46.64683 , -0.09612465
19.893 , 64.93477 , 46.62394 , -0.09612465
19.896 , 64.98055 , 46.64683 , -0.09612465
19.898 , 64.98055 , 46.62394 , -0.09154701
19.901 , 64.93477 , 46.64683 , -0.0778141
19.904 , 64.93477 , 46.62394 , -0.0778141
19.906 , 64.93477 , 46.62394 , -0.09612465
19.909 , 64.8661 , 46.62394 , -0.1144371
19.911 , 64.8661 , 46.57816 , -0.1373253
19.914 , 64.84322 , 46.62394 , -0.1510582
19.916 , 64.84322 , 46.62394 , -0.1739464
19.919 , 64.84322 , 46.62394 , -0.178524
19.921 , 64.82033 , 46.64683 , -0.1739464
19.923 , 64.82033 , 46.62394 , -0.178524
19.926 , 64.82033 , 46.62394 , -0.1693687
19.928 , 64.8661 , 46.55527 , -0.1602135
19.931 , 64.82033 , 46.55527 , -0.1647911
19.933 , 64.77455 , 46.57816 , -0.1739464
19.936 , 64.75166 , 46.55527 , -0.203701
19.938 , 64.75166 , 46.55527 , -0.2357445
19.94 , 64.70589 , 46.5095 , -0.2494774
19.943 , 64.68299 , 46.57816 , -0.2494774
19.945 , 64.68299 , 46.5095 , -0.2586327
19.956 , 64.68299 , 46.55527 , -0.254055
19.959 , 64.68299 , 46.55527 , -0.2632103
19.961 , 64.6601 , 46.5095 , -0.2861004
19.963 , 64.59144 , 46.5095 , -0.3135662
19.966 , 64.59144 , 46.48661 , -0.3318768
19.968 , 64.59144 , 46.48661 , -0.3318768
19.971 , 64.52277 , 46.44083 , -0.341032
19.973 , 64.52277 , 46.44083 , -0.3501873
19.976 , 64.52277 , 46.41795 , -0.341032
19.978 , 64.54566 , 46.5095 , -0.3135662
19.981 , 64.54566 , 46.44083 , -0.3181438
19.983 , 64.54566 , 46.48661 , -0.3364544
19.985 , 64.52277 , 46.41795 , -0.3547649
19.988 , 64.52277 , 46.44083 , -0.3684978
19.99 , 64.45411 , 46.39505 , -0.3822327
19.993 , 64.43122 , 46.44083 , -0.402832
19.995 , 64.45411 , 46.41795 , -0.4165649
19.998 , 64.45411 , 46.41795 , -0.4119873
20.0 , 64.43122 , 46.41795 , -0.4119873
20.002 , 64.45411 , 46.41795 , -0.3913879
20.005 , 64.45411 , 46.41795 , -0.3982544
20.007 , 64.43122 , 46.39505 , -0.402832
20.01 , 64.45411 , 46.41795 , -0.4119873
20.012 , 64.38544 , 46.39505 , -0.4348755
20.014 , 64.38544 , 46.34928 , -0.4600525
20.017 , 64.36256 , 46.34928 , -0.4783649
20.019 , 64.31678 , 46.39505 , -0.4783649
20.022 , 64.29388 , 46.39505 , -0.4943867
20.024 , 64.29388 , 46.34928 , -0.4989643
20.027 , 64.31678 , 46.39505 , -0.489809
20.029 , 64.31678 , 46.34928 , -0.4646301
20.031 , 64.31678 , 46.32639 , -0.4646301
20.034 , 64.29388 , 46.34928 , -0.4829426
20.036 , 64.31678 , 46.32639 , -0.5035419
20.039 , 64.29388 , 46.34928 , -0.5172749
20.041 , 64.22522 , 46.39505 , -0.5355854
20.043 , 64.22522 , 46.34928 , -0.5493183
20.046 , 64.20233 , 46.41795 , -0.5584736
20.048 , 64.20233 , 46.32639 , -0.5630512
20.051 , 64.22522 , 46.34928 , -0.553896
20.053 , 64.15656 , 46.34928 , -0.5355854
20.056 , 64.22522 , 46.34928 , -0.5310078
20.058 , 64.22522 , 46.34928 , -0.5310078
20.06 , 64.20233 , 46.34928 , -0.540163
20.063 , 64.20233 , 46.34928 , -0.5584736
20.065 , 64.15656 , 46.34928 , -0.5928078
20.068 , 64.13367 , 46.32639 , -0.6065407
20.07 , 64.15656 , 46.34928 , -0.6111183
20.072 , 64.065 , 46.28061 , -0.615696
20.075 , 64.11078 , 46.32639 , -0.6248512
20.077 , 64.11078 , 46.32639 , -0.615696
20.08 , 64.13367 , 46.32639 , -0.5813637
20.082 , 64.13367 , 46.32639 , -0.5928078
20.085 , 64.13367 , 46.28061 , -0.601963
20.087 , 64.11078 , 46.28061 , -0.6202736
20.089 , 64.11078 , 46.25772 , -0.6340065
20.092 , 64.04211 , 46.25772 , -0.6477394
20.094 , 64.04211 , 46.25772 , -0.6614723
20.097 , 64.04211 , 46.25772 , -0.6752052
20.099 , 63.99634 , 46.25772 , -0.6706276
20.101 , 64.04211 , 46.25772 , -0.6706276
20.104 , 64.04211 , 46.25772 , -0.6614723
20.106 , 64.04211 , 46.25772 , -0.652317
20.109 , 63.99634 , 46.21194 , -0.652317
20.111 , 63.99634 , 46.18906 , -0.6614723
20.113 , 63.97345 , 46.21194 , -0.6797829
20.116 , 63.92767 , 46.21194 , -0.7049599
20.118 , 63.92767 , 46.21194 , -0.7141151
20.121 , 63.90478 , 46.18906 , -0.7186928
20.123 , 63.92767 , 46.21194 , -0.7278481
20.126 , 63.92767 , 46.16617 , -0.7324257
20.128 , 63.83612 , 46.16617 , -0.7278481
20.13 , 63.88189 , 46.18906 , -0.7049599
20.133 , 63.90478 , 46.18906 , -0.7003822
20.135 , 63.88189 , 46.16617 , -0.7186928
20.138 , 63.88189 , 46.16617 , -0.7232704
20.14 , 63.88189 , 46.16617 , -0.7392921
20.143 , 63.88189 , 46.16617 , -0.7576046
20.145 , 63.81323 , 46.12039 , -0.7713375
20.148 , 63.81323 , 46.16617 , -0.7827816
20.15 , 63.81323 , 46.12039 , -0.7827816
20.152 , 63.83612 , 46.0975 , -0.7759151
20.155 , 63.74456 , 46.12039 , -0.7621822
20.157 , 63.74456 , 46.12039 , -0.7621822
20.16 , 63.74456 , 46.12039 , -0.7621822
20.162 , 63.81323 , 46.12039 , -0.7667599
20.164 , 63.74456 , 46.0975 , -0.7873592
20.167 , 63.6759 , 46.0975 , -0.8148251
20.169 , 63.72168 , 46.0975 , -0.828558
20.172 , 63.65301 , 46.0975 , -0.828558
20.174 , 63.65301 , 46.0975 , -0.8331356
20.176 , 63.65301 , 46.0975 , -0.8422909
20.179 , 63.6759 , 46.0975 , -0.828558
20.181 , 63.65301 , 46.0975 , -0.8056698
20.184 , 63.65301 , 46.12039 , -0.8056698
20.186 , 63.65301 , 46.0975 , -0.8194027
20.188 , 63.65301 , 46.02884 , -0.8239803
20.191 , 63.65301 , 45.98306 , -0.8377132
20.193 , 63.60723 , 46.02884 , -0.8514481
20.196 , 63.58435 , 46.05173 , -0.865181
20.198 , 63.58435 , 46.02884 , -0.8743362
20.201 , 63.56145 , 46.05173 , -0.8743362
20.203 , 63.56145 , 46.05173 , -0.8697586
20.205 , 63.58435 , 46.05173 , -0.8606033
20.208 , 63.58435 , 45.98306 , -0.8514481
20.21 , 63.58435 , 45.96017 , -0.8514481
20.213 , 63.51568 , 45.98306 , -0.8560257
20.215 , 63.51568 , 45.98306 , -0.8743362
20.218 , 63.51568 , 45.98306 , -0.9063797
20.22 , 63.44701 , 45.98306 , -0.9544449
20.222 , 63.44701 , 45.96017 , -0.9246902
20.225 , 63.49279 , 45.96017 , -0.8560257
20.227 , 63.58435 , 45.98306 , -0.8102474
20.23 , 63.60723 , 45.98306 , -0.7530251
20.232 , 63.60723 , 45.96017 , -0.7141151
20.234 , 63.60723 , 45.93729 , -0.7095375
20.237 , 63.60723 , 45.93729 , -0.7392921
20.239 , 63.58435 , 45.93729 , -0.7713375
20.242 , 63.56145 , 45.96017 , -0.8056698
20.244 , 63.51568 , 45.93729 , -0.8194027
20.247 , 63.51568 , 45.93729 , -0.8239803
20.249 , 63.51568 , 45.93729 , -0.8056698
20.251 , 63.51568 , 45.89151 , -0.7827816
20.254 , 63.56145 , 45.93729 , -0.7621822
20.256 , 63.56145 , 45.86862 , -0.7484474
20.259 , 63.58435 , 45.93729 , -0.7438698
20.261 , 63.58435 , 45.86862 , -0.7438698
20.264 , 63.56145 , 45.93729 , -0.7530251
20.266 , 63.51568 , 45.89151 , -0.7530251
20.268 , 63.56145 , 45.89151 , -0.7530251
20.271 , 63.51568 , 45.86862 , -0.7484474
20.273 , 63.56145 , 45.86862 , -0.7438698
20.276 , 63.51568 , 45.82284 , -0.7141151
20.278 , 63.56145 , 45.82284 , -0.6752052
20.281 , 63.56145 , 45.86862 , -0.6706276
20.283 , 63.56145 , 45.86862 , -0.6843605
20.285 , 63.51568 , 45.86862 , -0.6935158
20.288 , 63.58435 , 45.79995 , -0.5928078
20.29 , 63.72168 , 45.79995 , -0.4463196
20.293 , 63.92767 , 45.86862 , -0.2105675
20.295 , 64.31678 , 45.79995 , 0.1442032
20.298 , 64.38544 , 45.82284 , 0.2105808
20.3 , 64.38544 , 45.82284 , 0.2105808
20.302 , 64.38544 , 45.79995 , 0.1625137
20.305 , 64.271 , 45.82284 , 0.06867218
20.307 , 64.20233 , 45.79995 , 0.01145172
20.31 , 64.22522 , 45.77707 , 0.05036163
20.313 , 64.29388 , 45.79995 , 0.171669
20.315 , 64.45411 , 45.77707 , 0.3341789
20.317 , 64.61433 , 45.77707 , 0.5012665
20.32 , 64.84322 , 45.77707 , 0.7232838
20.322 , 64.98055 , 45.79995 , 0.8674812
20.325 , 65.0721 , 45.73129 , 0.9475918
20.327 , 65.0721 , 45.73129 , 0.9796352
20.33 , 65.14076 , 45.7084 , 1.002523
20.332 , 65.16365 , 45.73129 , 1.011679
20.334 , 65.16365 , 45.7084 , 1.036858
20.337 , 65.16365 , 45.7084 , 1.080345
20.339 , 65.2552 , 45.7084 , 1.137568
20.341 , 65.30098 , 45.7084 , 1.201654
20.344 , 65.32387 , 45.7084 , 1.270321
20.346 , 65.41542 , 45.66262 , 1.359585
20.349 , 65.48409 , 45.66262 , 1.405363
20.351 , 65.48409 , 45.66262 , 1.439695
20.353 , 65.55276 , 45.66262 , 1.490049
20.356 , 65.59853 , 45.66262 , 1.533539
20.358 , 65.62142 , 45.66262 , 1.574738
20.361 , 65.64431 , 45.63973 , 1.643402
20.363 , 65.69009 , 45.63973 , 1.693758
20.365 , 65.78164 , 45.63973 , 1.734957
20.368 , 65.80453 , 45.63973 , 1.78989
20.37 , 65.78164 , 45.63973 , 1.721224
20.373 , 65.48409 , 45.59396 , 1.387051
20.375 , 65.0721 , 45.57107 , 0.97048
20.377 , 64.75166 , 45.59396 , 0.6179962
20.38 , 64.477 , 45.59396 , 0.4417553
20.382 , 64.43122 , 45.59396 , 0.4051342
20.385 , 64.477 , 45.59396 , 0.5310211
20.387 , 64.70589 , 45.57107 , 0.757618
20.39 , 64.91188 , 45.57107 , 0.9750576
20.392 , 65.00343 , 45.57107 , 1.094078
20.394 , 65.0721 , 45.57107 , 1.128412
20.397 , 65.0721 , 45.57107 , 1.094078
20.399 , 65.00343 , 45.54818 , 1.011679
20.402 , 64.8661 , 45.57107 , 0.9155464
20.404 , 64.82033 , 45.54818 , 0.8537483
20.406 , 64.77455 , 45.57107 , 0.8285713
20.409 , 64.77455 , 45.54818 , 0.833149
20.411 , 64.77455 , 45.47952 , 0.858326
20.414 , 64.82033 , 45.5024 , 0.8949471
20.416 , 64.82033 , 45.54818 , 0.9041023
20.418 , 64.82033 , 45.54818 , 0.9041023
20.421 , 64.82033 , 45.47952 , 0.8949471
20.423 , 64.82033 , 45.54818 , 0.8720589
20.426 , 64.75166 , 45.5024 , 0.8537483
20.428 , 64.75166 , 45.47952 , 0.844593
20.43 , 64.70589 , 45.5024 , 0.8377266
20.433 , 64.70589 , 45.47952 , 0.844593
20.435 , 64.70589 , 45.47952 , 0.844593
20.438 , 64.70589 , 45.47952 , 0.8491707
20.44 , 64.70589 , 45.47952 , 0.844593
20.443 , 64.70589 , 45.47952 , 0.8377266
20.445 , 64.70589 , 45.47952 , 0.8285713
20.448 , 64.68299 , 45.41085 , 0.819416
20.45 , 64.6601 , 45.41085 , 0.8148384
20.452 , 64.6601 , 45.43374 , 0.8056831
20.455 , 64.61433 , 45.41085 , 0.7919502
20.465 , 64.59144 , 45.36507 , 0.7873726
20.468 , 64.54566 , 45.41085 , 0.782795
20.47 , 64.54566 , 45.36507 , 0.7782173
20.473 , 64.59144 , 45.36507 , 0.7667732
20.475 , 64.54566 , 45.36507 , 0.7621956
20.478 , 64.59144 , 45.41085 , 0.7621956
20.48 , 64.52277 , 45.36507 , 0.757618
20.483 , 64.54566 , 45.36507 , 0.7484627
20.485 , 64.54566 , 45.36507 , 0.7370167
20.487 , 64.52277 , 45.36507 , 0.732439
20.49 , 64.477 , 45.34219 , 0.732439
20.492 , 64.477 , 45.34219 , 0.7187061
20.495 , 64.477 , 45.34219 , 0.6912403
20.497 , 64.36256 , 45.34219 , 0.5790863
20.5 , 64.29388 , 45.34219 , 0.5424652
20.502 , 64.36256 , 45.3193 , 0.6225739
20.504 , 64.43122 , 45.34219 , 0.6729298
20.507 , 64.45411 , 45.3193 , 0.732439
20.509 , 64.45411 , 45.27352 , 0.7187061
20.512 , 64.43122 , 45.3193 , 0.6683521
20.514 , 64.36256 , 45.27352 , 0.5745087
20.516 , 64.22522 , 45.27352 , 0.4738007
20.519 , 64.15656 , 45.27352 , 0.4234447
20.521 , 64.13367 , 45.3193 , 0.4005566
20.524 , 64.13367 , 45.3193 , 0.4142895
20.526 , 64.15656 , 45.27352 , 0.4646435
20.528 , 64.20233 , 45.3193 , 0.4966888
20.531 , 64.20233 , 45.27352 , 0.5012665
20.533 , 64.15656 , 45.27352 , 0.4921112
20.536 , 64.15656 , 45.3193 , 0.469223
20.538 , 64.13367 , 45.27352 , 0.4326
20.54 , 64.065 , 45.3193 , 0.4142895
20.543 , 64.065 , 45.27352 , 0.4051342
20.545 , 64.04211 , 45.27352 , 0.3776684
20.548 , 63.99634 , 45.25063 , 0.3685112
20.55 , 63.97345 , 45.27352 , 0.3479118
20.552 , 63.97345 , 45.25063 , 0.3296013
20.555 , 63.92767 , 45.20485 , 0.2906914
20.557 , 63.92767 , 45.25063 , 0.2906914
20.56 , 63.88189 , 45.27352 , 0.2609348
20.562 , 63.83612 , 45.27352 , 0.2197361
20.564 , 63.83612 , 45.25063 , 0.1876926
20.567 , 63.74456 , 45.25063 , 0.171669
20.569 , 63.72168 , 45.18196 , 0.1579361
20.572 , 63.72168 , 45.20485 , 0.1762466
20.574 , 63.81323 , 45.18196 , 0.2014256
20.577 , 63.81323 , 45.13619 , 0.1968479
20.579 , 63.74456 , 45.18196 , 0.1922703
20.581 , 63.72168 , 45.18196 , 0.1625137
20.584 , 63.72168 , 45.18196 , 0.1258926
20.586 , 63.6759 , 45.20485 , 0.09842682
20.589 , 63.60723 , 45.18196 , 0.1075821
20.591 , 63.6759 , 45.1133 , 0.09842682
20.594 , 63.65301 , 45.13619 , 0.08469391
20.596 , 63.60723 , 45.13619 , 0.06867218
20.599 , 63.60723 , 45.13619 , 0.05493927
20.602 , 63.58435 , 45.13619 , 0.02747345
20.604 , 63.58435 , 45.13619 , 0.04120636
20.607 , 63.58435 , 45.1133 , 0.03662872
20.609 , 63.51568 , 45.1133 , 0.01145172
20.612 , 63.49279 , 45.1133 , -0.004571915
20.614 , 63.51568 , 45.1133 , 0.01145172
20.617 , 63.51568 , 45.13619 , 0.01602936
20.619 , 63.51568 , 45.09041 , 0.01602936
20.622 , 63.56145 , 45.09041 , 0.03662872
20.625 , 63.56145 , 45.09041 , 0.05493927
20.627 , 63.49279 , 45.09041 , 0.04120636
20.63 , 63.49279 , 45.04463 , 0.01145172
20.632 , 63.42413 , 45.04463 , -0.0274601
20.635 , 63.35546 , 45.09041 , -0.05492592
20.637 , 63.37835 , 45.04463 , -0.08239174
20.64 , 63.35546 , 45.09041 , -0.08696938
20.643 , 63.35546 , 45.09041 , -0.09154701
20.645 , 63.35546 , 45.09041 , -0.05950356
20.648 , 63.37835 , 45.04463 , -0.05034828
20.65 , 63.37835 , 45.02174 , -0.05950356
20.653 , 63.35546 , 45.02174 , -0.08239174
20.655 , 63.33257 , 45.02174 , -0.09154701
20.658 , 63.33257 , 45.02174 , -0.1144371
20.66 , 63.26391 , 45.04463 , -0.1373253
20.663 , 63.2868 , 45.02174 , -0.1510582
20.665 , 63.21813 , 45.02174 , -0.1602135
20.667 , 63.2868 , 44.97597 , -0.1327477
20.67 , 63.21813 , 44.97597 , -0.1235924
20.672 , 63.26391 , 44.97597 , -0.12817
20.675 , 63.26391 , 44.97597 , -0.1327477
20.677 , 63.21813 , 44.97597 , -0.1510582
20.68 , 63.17235 , 44.95308 , -0.1739464
20.682 , 63.17235 , 44.95308 , -0.2105675
20.684 , 63.17235 , 44.95308 , -0.2197227
20.687 , 63.10368 , 44.93019 , -0.228878
20.689 , 63.12657 , 44.93019 , -0.203701
20.692 , 63.17235 , 44.95308 , -0.1899681
20.694 , 63.12657 , 44.93019 , -0.178524
20.697 , 63.10368 , 44.88441 , -0.1945457
20.699 , 63.05791 , 44.95308 , -0.2243004
20.701 , 63.03502 , 44.93019 , -0.254055
20.704 , 63.03502 , 44.88441 , -0.2723656
20.706 , 63.03502 , 44.88441 , -0.2861004
20.709 , 62.96635 , 44.88441 , -0.290678
20.711 , 62.98924 , 44.88441 , -0.2723656
20.713 , 62.98924 , 44.88441 , -0.254055
20.716 , 62.96635 , 44.81575 , -0.254055
20.718 , 62.96635 , 44.81575 , -0.2632103
20.721 , 62.96635 , 44.86152 , -0.2815208
20.723 , 62.96635 , 44.81575 , -0.2998333
20.725 , 62.89769 , 44.86152 , -0.3181438
20.728 , 62.8748 , 44.79286 , -0.341032
20.73 , 62.8748 , 44.81575 , -0.3318768
20.733 , 62.8748 , 44.79286 , -0.341032
20.735 , 62.8748 , 44.81575 , -0.3227215
20.738 , 62.89769 , 44.81575 , -0.3181438
20.74 , 62.89769 , 44.79286 , -0.3181438
20.742 , 62.8748 , 44.79286 , -0.3364544
20.745 , 62.82903 , 44.74708 , -0.3547649
20.747 , 62.80613 , 44.79286 , -0.3776531
20.75 , 62.78324 , 44.74708 , -0.3868103
20.752 , 62.78324 , 44.74708 , -0.4074097
20.755 , 62.73746 , 44.74708 , -0.4119873
20.757 , 62.78324 , 44.74708 , -0.3868103
20.759 , 62.78324 , 44.74708 , -0.3776531
20.762 , 62.80613 , 44.72419 , -0.3868103
20.764 , 62.82903 , 44.72419 , -0.3868103
20.767 , 62.73746 , 44.72419 , -0.3982544
20.769 , 62.71458 , 44.72419 , -0.4211426
20.772 , 62.64591 , 44.7013 , -0.4463196
20.774 , 62.62302 , 44.72419 , -0.4646301
20.776 , 62.62302 , 44.72419 , -0.4692078
20.779 , 62.64591 , 44.7013 , -0.4554749
20.781 , 62.64591 , 44.72419 , -0.4394531
20.784 , 62.71458 , 44.72419 , -0.4302979
20.786 , 62.64591 , 44.65553 , -0.4348755
20.789 , 62.60014 , 44.72419 , -0.4600525
20.791 , 62.55436 , 44.7013 , -0.489809
20.793 , 62.53147 , 44.7013 , -0.5172749
20.796 , 62.48569 , 44.65553 , -0.5264301
20.798 , 62.53147 , 44.65553 , -0.5355854
20.801 , 62.48569 , 44.65553 , -0.5172749
20.803 , 62.53147 , 44.7013 , -0.4943867
20.806 , 62.53147 , 44.65553 , -0.4829426
20.808 , 62.48569 , 44.63264 , -0.4943867
20.811 , 62.48569 , 44.65553 , -0.5172749
20.813 , 62.48569 , 44.65553 , -0.540163
20.815 , 62.41703 , 44.58686 , -0.5584736
20.818 , 62.39414 , 44.58686 , -0.5722084
20.82 , 62.41703 , 44.63264 , -0.5928078
20.823 , 62.41703 , 44.63264 , -0.5584736
20.825 , 62.46281 , 44.58686 , -0.540163
20.827 , 62.41703 , 44.58686 , -0.5447407
20.83 , 62.39414 , 44.63264 , -0.5584736
20.832 , 62.37125 , 44.58686 , -0.5722084
20.835 , 62.32547 , 44.58686 , -0.5928078
20.837 , 62.32547 , 44.56397 , -0.615696
20.84 , 62.37125 , 44.56397 , -0.6294289
20.842 , 62.30259 , 44.56397 , -0.6294289
20.844 , 62.30259 , 44.56397 , -0.6248512
20.847 , 62.32547 , 44.5182 , -0.6202736
20.849 , 62.30259 , 44.56397 , -0.6065407
20.852 , 62.30259 , 44.5182 , -0.6111183
20.854 , 62.25681 , 44.49531 , -0.6202736
20.856 , 62.25681 , 44.5182 , -0.6340065
20.859 , 62.23392 , 44.56397 , -0.6431618
20.861 , 62.25681 , 44.5182 , -0.6614723
20.864 , 62.21103 , 44.49531 , -0.6752052
20.866 , 62.21103 , 44.56397 , -0.6889381
20.869 , 62.21103 , 44.49531 , -0.6706276
20.871 , 62.21103 , 44.49531 , -0.6614723
20.873 , 62.21103 , 44.47242 , -0.6614723
20.876 , 62.23392 , 44.47242 , -0.6614723
20.878 , 62.21103 , 44.47242 , -0.6706276
20.881 , 62.16526 , 44.47242 , -0.7003822
20.883 , 62.14237 , 44.49531 , -0.7232704
20.885 , 62.0737 , 44.47242 , -0.7392921
20.888 , 62.09659 , 44.42664 , -0.7484474
20.89 , 62.14237 , 44.47242 , -0.7324257
20.893 , 62.14237 , 44.47242 , -0.7141151
20.895 , 62.16526 , 44.42664 , -0.7003822
20.898 , 62.14237 , 44.42664 , -0.7141151
20.9 , 62.09659 , 44.42664 , -0.7278481
20.902 , 62.09659 , 44.42664 , -0.7530251
20.905 , 62.0737 , 44.49531 , -0.7667599
20.907 , 62.0737 , 44.47242 , -0.7827816
20.91 , 62.0737 , 44.42664 , -0.7919369
20.912 , 62.0737 , 44.42664 , -0.7759151
20.914 , 62.05081 , 44.40376 , -0.7484474
20.917 , 62.0737 , 44.47242 , -0.7530251
20.919 , 62.0737 , 44.40376 , -0.7667599
20.922 , 62.05081 , 44.40376 , -0.7759151
20.924 , 62.00504 , 44.40376 , -0.8010921
20.927 , 61.98215 , 44.35798 , -0.8239803
20.929 , 61.93637 , 44.40376 , -0.828558
20.931 , 61.91348 , 44.35798 , -0.828558
20.934 , 61.91348 , 44.35798 , -0.8331356
20.936 , 61.91348 , 44.35798 , -0.8102474
20.939 , 61.98215 , 44.33509 , -0.8102474
20.941 , 61.98215 , 44.35798 , -0.8102474
20.943 , 61.91348 , 44.35798 , -0.8194027
20.946 , 61.91348 , 44.33509 , -0.828558
20.948 , 61.91348 , 44.35798 , -0.8468685
20.951 , 61.84482 , 44.33509 , -0.8560257
20.953 , 61.82193 , 44.33509 , -0.865181
20.956 , 61.84482 , 44.33509 , -0.8743362
20.958 , 61.84482 , 44.33509 , -0.8606033
20.961 , 61.84482 , 44.33509 , -0.8514481
20.963 , 61.86771 , 44.28931 , -0.8606033
20.965 , 61.84482 , 44.33509 , -0.865181
20.976 , 61.84482 , 44.28931 , -0.828558
20.979 , 61.86771 , 44.26642 , -0.7621822
20.981 , 61.98215 , 44.28931 , -0.7095375
20.984 , 61.91348 , 44.26642 , -0.6843605
20.986 , 61.93637 , 44.26642 , -0.6935158
20.988 , 61.91348 , 44.26642 , -0.7278481
20.991 , 61.86771 , 44.26642 , -0.7667599
20.993 , 61.84482 , 44.19776 , -0.7919369
20.996 , 61.82193 , 44.24353 , -0.8102474
20.998 , 61.77615 , 44.24353 , -0.7919369
21.001 , 61.82193 , 44.24353 , -0.7713375
21.003 , 61.82193 , 44.24353 , -0.7530251
21.005 , 61.82193 , 44.24353 , -0.7324257
21.008 , 61.82193 , 44.19776 , -0.7278481
21.01 , 61.82193 , 44.19776 , -0.7186928
21.013 , 61.82193 , 44.19776 , -0.7186928
21.015 , 61.82193 , 44.19776 , -0.7186928
21.018 , 61.84482 , 44.17487 , -0.7232704
21.02 , 61.82193 , 44.17487 , -0.7232704
21.022 , 61.77615 , 44.17487 , -0.7186928
21.025 , 61.82193 , 44.19776 , -0.7095375
21.027 , 61.84482 , 44.17487 , -0.6706276
21.03 , 61.84482 , 44.17487 , -0.6431618
21.032 , 61.84482 , 44.12909 , -0.652317
21.034 , 61.82193 , 44.12909 , -0.6706276
21.037 , 61.82193 , 44.17487 , -0.6294289
21.039 , 62.00504 , 44.17487 , -0.5081196
21.042 , 62.14237 , 44.17487 , -0.3044109
21.044 , 62.41703 , 44.12909 , 0.03205109
21.047 , 62.64591 , 44.12909 , 0.2151585
21.049 , 62.71458 , 44.1062 , 0.2380466
21.051 , 62.64591 , 44.1062 , 0.2243137
21.054 , 62.60014 , 44.1062 , 0.1442032
21.056 , 62.55436 , 44.1062 , 0.08011627
21.059 , 62.48569 , 44.1062 , 0.06867218
21.061 , 62.55436 , 44.08331 , 0.1442032
21.064 , 62.71458 , 44.08331 , 0.2906914
21.066 , 62.82903 , 44.08331 , 0.4509106
21.068 , 63.03502 , 44.08331 , 0.6271515
21.071 , 63.21813 , 44.08331 , 0.8102608
21.073 , 63.33257 , 44.08331 , 0.933857
21.076 , 63.37835 , 44.08331 , 0.9933681
21.078 , 63.42413 , 44.08331 , 1.016256
21.08 , 63.49279 , 44.03754 , 1.046013
21.083 , 63.44701 , 44.08331 , 1.055168
21.085 , 63.42413 , 44.03754 , 1.084923
21.087 , 63.49279 , 44.03754 , 1.137568
21.09 , 63.58435 , 44.01465 , 1.197077
21.092 , 63.65301 , 44.03754 , 1.261166
21.095 , 63.65301 , 44.03754 , 1.343563
21.097 , 63.74456 , 43.96887 , 1.414518
21.099 , 63.90478 , 44.01465 , 1.462584
21.102 , 63.90478 , 44.01465 , 1.503784
21.104 , 63.92767 , 43.96887 , 1.547272
21.107 , 63.97345 , 43.96887 , 1.595337
21.109 , 63.99634 , 43.96887 , 1.657135
21.112 , 64.04211 , 43.96887 , 1.707491
21.114 , 64.11078 , 43.96887 , 1.753267
21.116 , 64.13367 , 43.96887 , 1.808201
21.119 , 64.22522 , 43.94598 , 1.853977
21.121 , 64.29388 , 43.96887 , 1.906622
21.124 , 64.29388 , 43.94598 , 1.954687
21.126 , 64.29388 , 43.94598 , 1.902044
21.128 , 63.97345 , 43.94598 , 1.533539
21.131 , 63.42413 , 43.90021 , 1.050591
21.133 , 63.03502 , 43.94598 , 0.732439
21.136 , 62.8748 , 43.90021 , 0.5310211
21.138 , 62.80613 , 43.90021 , 0.5149994
21.14 , 62.89769 , 43.94598 , 0.682085
21.143 , 63.19524 , 43.90021 , 0.933857
21.145 , 63.42413 , 43.90021 , 1.142145
21.148 , 63.51568 , 43.90021 , 1.256588
21.15 , 63.58435 , 43.87732 , 1.302364
21.152 , 63.51568 , 43.87732 , 1.247433
21.155 , 63.42413 , 43.90021 , 1.1513
21.157 , 63.33257 , 43.87732 , 1.050591
21.159 , 63.2868 , 43.90021 , 0.9842129
21.162 , 63.19524 , 43.87732 , 0.9613247
21.164 , 63.19524 , 43.85443 , 0.97048
21.167 , 63.26391 , 43.87732 , 0.9979458
21.169 , 63.26391 , 43.80865 , 1.03228
21.172 , 63.26391 , 43.85443 , 1.050591
21.174 , 63.26391 , 43.85443 , 1.050591
21.176 , 63.26391 , 43.80865 , 1.036858
21.179 , 63.21813 , 43.85443 , 1.016256
21.181 , 63.19524 , 43.85443 , 0.9887905
21.184 , 63.17235 , 43.80865 , 0.9796352
21.186 , 63.19524 , 43.80865 , 0.9750576
21.188 , 63.17235 , 43.78577 , 0.9796352
21.191 , 63.17235 , 43.80865 , 0.9842129
21.193 , 63.17235 , 43.80865 , 0.9842129
21.196 , 63.17235 , 43.78577 , 0.9796352
21.198 , 63.17235 , 43.78577 , 0.97048
21.201 , 63.12657 , 43.78577 , 0.9613247
21.203 , 63.05791 , 43.78577 , 0.9521694
21.206 , 63.05791 , 43.73999 , 0.9384365
21.208 , 63.05791 , 43.73999 , 0.933857
21.21 , 63.03502 , 43.73999 , 0.933857
21.213 , 62.98924 , 43.78577 , 0.9292793
21.215 , 62.98924 , 43.73999 , 0.9247017
21.218 , 62.98924 , 43.73999 , 0.9247017
21.22 , 62.98924 , 43.7171 , 0.9201241
21.223 , 62.96635 , 43.73999 , 0.9155464
21.225 , 62.98924 , 43.7171 , 0.9109688
21.227 , 62.98924 , 43.7171 , 0.8995247
21.23 , 62.94347 , 43.7171 , 0.8903694
21.232 , 62.94347 , 43.7171 , 0.8903694
21.235 , 62.89769 , 43.67132 , 0.8857918
21.237 , 62.94347 , 43.7171 , 0.8812141
21.24 , 62.8748 , 43.67132 , 0.8720589
21.242 , 62.89769 , 43.67132 , 0.8674812
21.245 , 62.89769 , 43.7171 , 0.858326
21.247 , 62.78324 , 43.67132 , 0.7965279
21.249 , 62.78324 , 43.64843 , 0.7438831
21.252 , 62.73746 , 43.64843 , 0.757618
21.254 , 62.78324 , 43.64843 , 0.7782173
21.257 , 62.8748 , 43.62555 , 0.8629036
21.259 , 62.78324 , 43.64843 , 0.819416
21.262 , 62.73746 , 43.62555 , 0.7667732
21.264 , 62.64591 , 43.64843 , 0.6958179
21.266 , 62.60014 , 43.64843 , 0.6408844
21.269 , 62.53147 , 43.57977 , 0.5905304
21.271 , 62.53147 , 43.64843 , 0.5561981
21.274 , 62.48569 , 43.62555 , 0.569931
21.276 , 62.48569 , 43.57977 , 0.5859528
21.278 , 62.53147 , 43.62555 , 0.5996857
21.281 , 62.53147 , 43.57977 , 0.6179962
21.283 , 62.55436 , 43.55688 , 0.6271515
21.286 , 62.53147 , 43.62555 , 0.5996857
21.288 , 62.46281 , 43.55688 , 0.569931
21.291 , 62.41703 , 43.57977 , 0.519577
21.293 , 62.39414 , 43.5111 , 0.4921112
21.295 , 62.37125 , 43.57977 , 0.469223
21.298 , 62.32547 , 43.55688 , 0.469223
21.3 , 62.32547 , 43.55688 , 0.4509106
21.303 , 62.25681 , 43.5111 , 0.4097118
21.305 , 62.23392 , 43.55688 , 0.3730907
21.307 , 62.16526 , 43.5111 , 0.3296013
21.31 , 62.14237 , 43.55688 , 0.3044243
21.312 , 62.16526 , 43.55688 , 0.3227348
21.315 , 62.21103 , 43.55688 , 0.3341789
21.317 , 62.16526 , 43.5111 , 0.3296013
21.319 , 62.21103 , 43.48821 , 0.3296013
21.322 , 62.14237 , 43.5111 , 0.3090019
21.324 , 62.14237 , 43.5111 , 0.2815361
21.326 , 62.09659 , 43.44244 , 0.2861137
21.329 , 62.0737 , 43.48821 , 0.2700901
21.331 , 62.0737 , 43.48821 , 0.2380466
21.334 , 62.05081 , 43.48821 , 0.2197361
21.336 , 62.00504 , 43.48821 , 0.2060032
21.338 , 62.00504 , 43.48821 , 0.1922703
21.341 , 61.98215 , 43.44244 , 0.1876926
21.343 , 62.00504 , 43.44244 , 0.1968479
21.346 , 61.91348 , 43.48821 , 0.171669
21.348 , 61.93637 , 43.44244 , 0.1579361
21.35 , 61.91348 , 43.41955 , 0.1304703
21.353 , 61.86771 , 43.44244 , 0.1121597
21.355 , 61.86771 , 43.39666 , 0.1030045
21.358 , 61.84482 , 43.44244 , 0.1121597
21.36 , 61.84482 , 43.41955 , 0.09384918
21.363 , 61.86771 , 43.41955 , 0.08927155
21.365 , 61.84482 , 43.35088 , 0.1030045
21.367 , 61.84482 , 43.39666 , 0.121315
21.37 , 61.82193 , 43.41955 , 0.121315
21.372 , 61.84482 , 43.41955 , 0.1396255
21.375 , 61.84482 , 43.35088 , 0.1487808
21.377 , 61.84482 , 43.41955 , 0.1350479
21.38 , 61.82193 , 43.35088 , 0.09384918
21.382 , 61.75327 , 43.39666 , 0.06409454
21.385 , 61.70749 , 43.35088 , 0.02289581
21.387 , 61.68459 , 43.39666 , 7.629395e-06
21.39 , 61.66171 , 43.35088 , -0.004571915
21.393 , 61.68459 , 43.35088 , 7.629395e-06
21.395 , 61.68459 , 43.35088 , 0.045784
21.398 , 61.70749 , 43.35088 , 0.045784
21.401 , 61.66171 , 43.35088 , 0.03205109
21.403 , 61.66171 , 43.35088 , 0.004585266
21.406 , 61.61593 , 43.35088 , -0.01830482
21.408 , 61.59304 , 43.28222 , -0.05034828
21.411 , 61.59304 , 43.28222 , -0.05950356
21.413 , 61.59304 , 43.32799 , -0.06865883
21.416 , 61.61593 , 43.28222 , -0.04119301
21.419 , 61.61593 , 43.25933 , -0.04119301
21.421 , 61.59304 , 43.28222 , -0.05034828
21.424 , 61.54726 , 43.25933 , -0.07323647
21.426 , 61.54726 , 43.28222 , -0.09612465
21.429 , 61.4786 , 43.25933 , -0.1190147
21.431 , 61.4786 , 43.25933 , -0.1327477
21.434 , 61.45571 , 43.25933 , -0.1419029
21.436 , 61.4786 , 43.28222 , -0.1190147
21.438 , 61.52438 , 43.21355 , -0.1052818
21.441 , 61.4786 , 43.25933 , -0.1052818
21.443 , 61.45571 , 43.25933 , -0.1144371
21.445 , 61.45571 , 43.21355 , -0.1373253
21.448 , 61.38705 , 43.21355 , -0.1510582
21.45 , 61.36416 , 43.21355 , -0.178524
21.453 , 61.36416 , 43.21355 , -0.1991234
21.455 , 61.31838 , 43.19066 , -0.2105675
21.458 , 61.36416 , 43.25933 , -0.178524
21.46 , 61.43282 , 43.21355 , -0.1739464
21.462 , 61.36416 , 43.19066 , -0.178524
21.465 , 61.31838 , 43.19066 , -0.1945457
21.467 , 61.29549 , 43.19066 , -0.2151451
21.47 , 61.29549 , 43.19066 , -0.2403221
21.472 , 61.2726 , 43.16777 , -0.2586327
21.474 , 61.22682 , 43.16777 , -0.2632103
21.477 , 61.2726 , 43.16777 , -0.2632103
21.488 , 61.20393 , 43.19066 , -0.2677879
21.49 , 61.20393 , 43.09911 , -0.2861004
21.493 , 61.20393 , 43.03044 , -0.3044109
21.495 , 61.13527 , 43.09911 , -0.3272991
21.497 , 61.13527 , 43.05333 , -0.3227215
21.5 , 61.15816 , 43.09911 , -0.3135662
21.502 , 61.13527 , 43.05333 , -0.3089886
21.505 , 61.13527 , 43.09911 , -0.3135662
21.507 , 61.13527 , 43.03044 , -0.3272991
21.509 , 61.11238 , 43.03044 , -0.3456097
21.512 , 61.0666 , 43.05333 , -0.3684978
21.514 , 61.0666 , 43.03044 , -0.3822327
21.517 , 61.0666 , 43.03044 , -0.3913879
21.519 , 61.04372 , 43.05333 , -0.3822327
21.521 , 61.04372 , 43.05333 , -0.3639202
21.524 , 61.04372 , 43.05333 , -0.3684978
21.526 , 61.04372 , 43.03044 , -0.3730755
21.529 , 61.04372 , 43.00755 , -0.3868103
21.531 , 60.92927 , 43.00755 , -0.4074097
21.533 , 60.92927 , 43.00755 , -0.4302979
21.536 , 60.90638 , 42.93889 , -0.4394531
21.538 , 60.8835 , 43.03044 , -0.4463196
21.541 , 60.92927 , 42.93889 , -0.4348755
21.543 , 60.92927 , 42.93889 , -0.4165649
21.545 , 60.92927 , 42.93889 , -0.4165649
21.548 , 60.90638 , 43.00755 , -0.4257202
21.55 , 60.90638 , 43.00755 , -0.4508972
21.553 , 60.83772 , 42.93889 , -0.4646301
21.555 , 60.83772 , 42.93889 , -0.4943867
21.558 , 60.81483 , 42.916 , -0.5126972
21.56 , 60.81483 , 42.93889 , -0.5126972
21.562 , 60.83772 , 42.916 , -0.4989643
21.565 , 60.81483 , 42.916 , -0.489809
21.567 , 60.83772 , 42.916 , -0.4943867
21.57 , 60.83772 , 42.916 , -0.5035419
21.572 , 60.74617 , 42.87022 , -0.5172749
21.575 , 60.74617 , 42.916 , -0.5310078
21.577 , 60.72328 , 42.84734 , -0.5493183
21.579 , 60.74617 , 42.916 , -0.5584736
21.582 , 60.72328 , 42.87022 , -0.553896
21.584 , 60.74617 , 42.87022 , -0.5355854
21.587 , 60.72328 , 42.84734 , -0.5355854
21.589 , 60.72328 , 42.84734 , -0.5447407
21.591 , 60.6775 , 42.80156 , -0.5584736
21.594 , 60.65461 , 42.80156 , -0.5813637
21.596 , 60.60884 , 42.84734 , -0.6065407
21.599 , 60.60884 , 42.84734 , -0.615696
21.601 , 60.60884 , 42.80156 , -0.6248512
21.604 , 60.65461 , 42.87022 , -0.6111183
21.606 , 60.60884 , 42.80156 , -0.5973854
21.608 , 60.60884 , 42.80156 , -0.5928078
21.611 , 60.60884 , 42.80156 , -0.5973854
21.613 , 60.58595 , 42.80156 , -0.6065407
21.616 , 60.60884 , 42.80156 , -0.6248512
21.618 , 60.58595 , 42.77867 , -0.6477394
21.621 , 60.56306 , 42.77867 , -0.6614723
21.623 , 60.49439 , 42.80156 , -0.6752052
21.625 , 60.51728 , 42.77867 , -0.6614723
21.628 , 60.51728 , 42.77867 , -0.6568947
21.63 , 60.51728 , 42.75578 , -0.6614723
21.633 , 60.49439 , 42.75578 , -0.6706276
21.635 , 60.49439 , 42.77867 , -0.6797829
21.637 , 60.49439 , 42.75578 , -0.7049599
21.64 , 60.42573 , 42.75578 , -0.7186928
21.642 , 60.44862 , 42.75578 , -0.7278481
21.645 , 60.44862 , 42.75578 , -0.7186928
21.647 , 60.44862 , 42.71 , -0.7003822
21.65 , 60.44862 , 42.75578 , -0.7003822
21.652 , 60.42573 , 42.71 , -0.7095375
21.655 , 60.35706 , 42.71 , -0.7232704
21.657 , 60.37995 , 42.71 , -0.7438698
21.659 , 60.35706 , 42.71 , -0.7621822
21.662 , 60.35706 , 42.71 , -0.7759151
21.664 , 60.33418 , 42.71 , -0.7873592
21.666 , 60.33418 , 42.68711 , -0.7713375
21.669 , 60.33418 , 42.71 , -0.7530251
21.671 , 60.35706 , 42.68711 , -0.7530251
21.674 , 60.33418 , 42.64133 , -0.7621822
21.676 , 60.2884 , 42.64133 , -0.7759151
21.678 , 60.2884 , 42.64133 , -0.7965145
21.681 , 60.2884 , 42.64133 , -0.8148251
21.683 , 60.21973 , 42.64133 , -0.8331356
21.686 , 60.21973 , 42.61845 , -0.8422909
21.688 , 60.21973 , 42.61845 , -0.8194027
21.691 , 60.21973 , 42.61845 , -0.8194027
21.693 , 60.21973 , 42.61845 , -0.8194027
21.695 , 60.21973 , 42.64133 , -0.8239803
21.698 , 60.21973 , 42.57267 , -0.8377132
21.7 , 60.21973 , 42.57267 , -0.8514481
21.703 , 60.17395 , 42.61845 , -0.865181
21.705 , 60.17395 , 42.61845 , -0.8743362
21.708 , 60.17395 , 42.57267 , -0.8697586
21.71 , 60.12817 , 42.52689 , -0.8560257
21.712 , 60.12817 , 42.52689 , -0.8560257
21.715 , 60.12817 , 42.52689 , -0.865181
21.717 , 60.12817 , 42.57267 , -0.8789139
21.72 , 60.03662 , 42.52689 , -0.9338455
21.722 , 60.03662 , 42.52689 , -0.9384232
21.725 , 60.10529 , 42.52689 , -0.8697586
21.727 , 60.12817 , 42.52689 , -0.8148251
21.729 , 60.21973 , 42.48112 , -0.7438698
21.732 , 60.21973 , 42.45823 , -0.7003822
21.734 , 60.21973 , 42.48112 , -0.6843605
21.737 , 60.21973 , 42.48112 , -0.7141151
21.739 , 60.19685 , 42.48112 , -0.7530251
21.742 , 60.17395 , 42.52689 , -0.7873592
21.744 , 60.10529 , 42.48112 , -0.8102474
21.746 , 60.10529 , 42.45823 , -0.8194027
21.749 , 60.10529 , 42.41245 , -0.8102474
21.751 , 60.12817 , 42.48112 , -0.7919369
21.754 , 60.12817 , 42.45823 , -0.7621822
21.756 , 60.17395 , 42.45823 , -0.7530251
21.758 , 60.12817 , 42.41245 , -0.7438698
21.761 , 60.12817 , 42.45823 , -0.7438698
21.763 , 60.10529 , 42.48112 , -0.7438698
21.766 , 60.12817 , 42.41245 , -0.7484474
21.768 , 60.12817 , 42.41245 , -0.7530251
21.77 , 60.10529 , 42.45823 , -0.7530251
21.773 , 60.10529 , 42.41245 , -0.7484474
21.775 , 60.12817 , 42.41245 , -0.7324257
21.778 , 60.17395 , 42.41245 , -0.7003822
21.78 , 60.19685 , 42.41245 , -0.6706276
21.782 , 60.17395 , 42.41245 , -0.6843605
21.785 , 60.17395 , 42.41245 , -0.7049599
21.787 , 60.12817 , 42.38956 , -0.6614723
21.79 , 60.26551 , 42.38956 , -0.5355854
21.792 , 60.42573 , 42.38956 , -0.3684978
21.795 , 60.72328 , 42.38956 , 0.01145172
21.797 , 60.97505 , 42.38956 , 0.171669
21.8 , 60.99794 , 42.38956 , 0.1922703
21.802 , 60.99794 , 42.34379 , 0.171669
21.804 , 60.90638 , 42.38956 , 0.09384918
21.807 , 60.81483 , 42.41245 , 0.01602936
21.809 , 60.81483 , 42.34379 , 0.03205109
21.812 , 60.8835 , 42.34379 , 0.1304703
21.814 , 60.99794 , 42.3209 , 0.2769566
21.817 , 61.20393 , 42.34379 , 0.4371777
21.819 , 61.36416 , 42.3209 , 0.6546192
21.822 , 61.54726 , 42.34379 , 0.8056831
21.824 , 61.66171 , 42.34379 , 0.9041023
21.827 , 61.68459 , 42.34379 , 0.9430141
21.829 , 61.75327 , 42.3209 , 0.9613247
21.831 , 61.75327 , 42.3209 , 0.9842129
21.834 , 61.70749 , 42.3209 , 0.9933681
21.836 , 61.82193 , 42.3209 , 1.036858
21.839 , 61.82193 , 42.3209 , 1.094078
21.841 , 61.86771 , 42.3209 , 1.1513
21.843 , 61.93637 , 42.3209 , 1.224545
21.846 , 62.0737 , 42.3209 , 1.306942
21.848 , 62.09659 , 42.3209 , 1.359585
21.851 , 62.09659 , 42.29801 , 1.396206
21.853 , 62.21103 , 42.29801 , 1.444273
21.855 , 62.21103 , 42.29801 , 1.480894
21.858 , 62.25681 , 42.29801 , 1.533539
21.86 , 62.32547 , 42.29801 , 1.590759
21.863 , 62.32547 , 42.29801 , 1.634247
21.865 , 62.37125 , 42.25223 , 1.684603
21.867 , 62.41703 , 42.25223 , 1.730379
21.87 , 62.41703 , 42.29801 , 1.767
21.872 , 62.46281 , 42.22934 , 1.812778
21.874 , 62.48569 , 42.29801 , 1.858555
21.877 , 62.55436 , 42.25223 , 1.897467
21.879 , 62.60014 , 42.25223 , 1.92951
21.882 , 62.62302 , 42.29801 , 1.959265
21.884 , 62.62302 , 42.25223 , 1.977577
21.887 , 62.60014 , 42.22934 , 1.888311
21.889 , 62.21103 , 42.22934 , 1.522095
21.891 , 61.70749 , 42.22934 , 1.050591
21.894 , 61.43282 , 42.22934 , 0.7782173
21.896 , 61.2726 , 42.16068 , 0.5653534
21.899 , 61.22682 , 42.18357 , 0.5745087
21.901 , 61.29549 , 42.18357 , 0.7484627
21.903 , 61.59304 , 42.18357 , 0.9933681
21.906 , 61.77615 , 42.18357 , 1.224545
21.908 , 61.84482 , 42.16068 , 1.320675
21.911 , 61.93637 , 42.18357 , 1.32983
21.913 , 61.84482 , 42.18357 , 1.265743
21.915 , 61.75327 , 42.16068 , 1.165033
21.918 , 61.66171 , 42.18357 , 1.07119
21.92 , 61.59304 , 42.16068 , 0.9979458
21.923 , 61.54726 , 42.16068 , 0.9750576
21.925 , 61.4786 , 42.16068 , 0.9887905
21.927 , 61.4786 , 42.13779 , 1.011679
21.93 , 61.54726 , 42.13779 , 1.041435
21.932 , 61.52438 , 42.13779 , 1.059746
21.935 , 61.4786 , 42.09201 , 1.050591
21.937 , 61.54726 , 42.13779 , 1.041435
21.939 , 61.4786 , 42.09201 , 1.011679
21.942 , 61.45571 , 42.13779 , 0.9887905
21.944 , 61.43282 , 42.13779 , 0.9750576
21.947 , 61.43282 , 42.09201 , 0.97048
21.949 , 61.43282 , 42.13779 , 0.9659023
21.951 , 61.45571 , 42.13779 , 0.97048
21.954 , 61.43282 , 42.06912 , 0.9659023
21.956 , 61.38705 , 42.09201 , 0.9659023
21.959 , 61.43282 , 42.06912 , 0.9567471
21.961 , 61.38705 , 42.09201 , 0.9475918
21.963 , 61.36416 , 42.09201 , 0.933857
21.966 , 61.36416 , 42.06912 , 0.9201241
21.968 , 61.36416 , 42.02335 , 0.9155464
21.971 , 61.31838 , 42.06912 , 0.9041023
21.973 , 61.31838 , 42.06912 , 0.8995247
21.976 , 61.2726 , 42.06912 , 0.8949471
21.978 , 61.29549 , 42.06912 , 0.8857918
21.98 , 61.29549 , 42.06912 , 0.8812141
21.983 , 61.2726 , 42.02335 , 0.8766365
21.985 , 61.2726 , 42.02335 , 0.833149
21.996 , 61.15816 , 42.00046 , 0.7873726
21.998 , 61.0666 , 42.00046 , 0.6775074
22.001 , 61.04372 , 42.00046 , 0.682085
22.003 , 61.11238 , 42.00046 , 0.7278614
22.006 , 61.15816 , 42.00046 , 0.8056831
22.008 , 61.20393 , 41.95468 , 0.8148384
22.01 , 61.11238 , 41.95468 , 0.757618
22.013 , 61.04372 , 41.93179 , 0.7003956
22.015 , 60.97505 , 41.95468 , 0.6225739
22.018 , 60.83772 , 42.00046 , 0.519577
22.02 , 60.76905 , 41.95468 , 0.4554882
22.022 , 60.76905 , 41.95468 , 0.4509106
22.025 , 60.74617 , 41.93179 , 0.4646435
22.027 , 60.81483 , 41.90891 , 0.5058441
22.03 , 60.83772 , 41.90891 , 0.5149994
22.032 , 60.81483 , 41.90891 , 0.5104218
22.034 , 60.81483 , 41.90891 , 0.4875336
22.037 , 60.76905 , 41.90891 , 0.4463329
22.039 , 60.72328 , 41.90891 , 0.4234447
22.042 , 60.72328 , 41.90891 , 0.382246
22.044 , 60.65461 , 41.86312 , 0.3341789
22.046 , 60.58595 , 41.90891 , 0.2700901
22.049 , 60.56306 , 41.90891 , 0.233469
22.051 , 60.51728 , 41.90891 , 0.2288914
22.054 , 60.51728 , 41.86312 , 0.2517796
22.056 , 60.51728 , 41.86312 , 0.2563572
22.058 , 60.49439 , 41.86312 , 0.2609348
22.061 , 60.51728 , 41.86312 , 0.2563572
22.063 , 60.49439 , 41.86312 , 0.233469
22.066 , 60.44862 , 41.86312 , 0.2288914
22.068 , 60.44862 , 41.84024 , 0.2105808
22.07 , 60.42573 , 41.84024 , 0.1808243
22.073 , 60.37995 , 41.79446 , 0.1533585
22.075 , 60.35706 , 41.79446 , 0.1304703
22.078 , 60.35706 , 41.84024 , 0.121315
22.08 , 60.33418 , 41.79446 , 0.1304703
22.082 , 60.33418 , 41.79446 , 0.121315
22.085 , 60.35706 , 41.79446 , 0.09842682
22.087 , 60.2884 , 41.79446 , 0.08011627
22.09 , 60.21973 , 41.77157 , 0.05036163
22.092 , 60.21973 , 41.77157 , 0.05036163
22.095 , 60.19685 , 41.77157 , 0.04120636
22.098 , 60.21973 , 41.7258 , 0.01145172
22.1 , 60.17395 , 41.77157 , -0.01372719
22.103 , 60.12817 , 41.77157 , -0.04119301
22.105 , 60.17395 , 41.7258 , -0.03661537
22.108 , 60.12817 , 41.7258 , -0.04119301
22.11 , 60.10529 , 41.77157 , -0.06408119
22.113 , 60.05951 , 41.7258 , -0.05950356
22.115 , 60.12817 , 41.7258 , -0.0274601
22.118 , 60.10529 , 41.7029 , -0.02288246
22.12 , 60.12817 , 41.7029 , 7.629395e-06
22.123 , 60.12817 , 41.7029 , 0.01602936
22.126 , 60.12817 , 41.7029 , -0.009149551
22.128 , 60.05951 , 41.7029 , -0.05950356
22.131 , 59.99084 , 41.7258 , -0.09154701
22.133 , 59.99084 , 41.7029 , -0.12817
22.136 , 59.89929 , 41.68002 , -0.1510582
22.138 , 59.94507 , 41.63424 , -0.1510582
22.141 , 59.96796 , 41.63424 , -0.1235924
22.143 , 59.96796 , 41.68002 , -0.1052818
22.145 , 59.94507 , 41.68002 , -0.1144371
22.148 , 59.94507 , 41.63424 , -0.1235924
22.15 , 59.89929 , 41.61135 , -0.1510582
22.153 , 59.8764 , 41.61135 , -0.1739464
22.155 , 59.80773 , 41.63424 , -0.2105675
22.157 , 59.78484 , 41.63424 , -0.2151451
22.16 , 59.80773 , 41.63424 , -0.1945457
22.162 , 59.8764 , 41.61135 , -0.178524
22.165 , 59.80773 , 41.61135 , -0.1991234
22.167 , 59.73907 , 41.61135 , -0.2105675
22.17 , 59.73907 , 41.61135 , -0.2357445
22.172 , 59.73907 , 41.56557 , -0.2586327
22.174 , 59.6704 , 41.61135 , -0.2815208
22.177 , 59.73907 , 41.54269 , -0.2769432
22.179 , 59.71618 , 41.56557 , -0.2677879
22.182 , 59.6704 , 41.56557 , -0.2586327
22.184 , 59.6704 , 41.56557 , -0.2677879
22.186 , 59.64751 , 41.61135 , -0.2769432
22.189 , 59.62463 , 41.56557 , -0.2998333
22.191 , 59.62463 , 41.54269 , -0.3181438
22.194 , 59.57885 , 41.54269 , -0.3318768
22.196 , 59.57885 , 41.56557 , -0.3227215
22.199 , 59.57885 , 41.54269 , -0.3044109
22.201 , 59.62463 , 41.56557 , -0.3181438
22.204 , 59.57885 , 41.49691 , -0.3272991
22.206 , 59.51019 , 41.54269 , -0.3456097
22.208 , 59.51019 , 41.49691 , -0.3639202
22.211 , 59.4873 , 41.54269 , -0.3868103
22.213 , 59.44152 , 41.49691 , -0.402832
22.215 , 59.4873 , 41.47402 , -0.3868103
22.218 , 59.4873 , 41.49691 , -0.3730755
22.22 , 59.4873 , 41.47402 , -0.3822327
22.223 , 59.44152 , 41.49691 , -0.3982544
22.225 , 59.44152 , 41.47402 , -0.4165649
22.228 , 59.41863 , 41.49691 , -0.4302979
22.23 , 59.34996 , 41.47402 , -0.4554749
22.232 , 59.32708 , 41.49691 , -0.4600525
22.235 , 59.34996 , 41.47402 , -0.4463196
22.237 , 59.34996 , 41.47402 , -0.4348755
22.24 , 59.34996 , 41.47402 , -0.4463196
22.242 , 59.32708 , 41.47402 , -0.4554749
22.245 , 59.2813 , 41.45113 , -0.4829426
22.247 , 59.25841 , 41.40536 , -0.5081196
22.249 , 59.25841 , 41.40536 , -0.5310078
22.252 , 59.23552 , 41.40536 , -0.5310078
22.254 , 59.23552 , 41.40536 , -0.5172749
22.257 , 59.25841 , 41.40536 , -0.5081196
22.259 , 59.23552 , 41.40536 , -0.5172749
22.261 , 59.23552 , 41.40536 , -0.5218525
22.264 , 59.18975 , 41.38247 , -0.540163
22.266 , 59.18975 , 41.40536 , -0.5584736
22.269 , 59.16686 , 41.40536 , -0.5813637
22.271 , 59.12108 , 41.38247 , -0.5722084
22.274 , 59.12108 , 41.40536 , -0.5584736
22.276 , 59.16686 , 41.38247 , -0.5584736
22.278 , 59.12108 , 41.38247 , -0.5676308
22.281 , 59.09819 , 41.38247 , -0.5813637
22.283 , 59.05241 , 41.33669 , -0.6065407
22.286 , 59.05241 , 41.33669 , -0.6248512
22.288 , 59.02953 , 41.33669 , -0.6385841
22.291 , 59.05241 , 41.3138 , -0.6340065
22.293 , 59.05241 , 41.3138 , -0.615696
22.295 , 59.02953 , 41.3138 , -0.6202736
22.298 , 59.02953 , 41.3138 , -0.6248512
22.3 , 59.02953 , 41.33669 , -0.6385841
22.303 , 59.02953 , 41.3138 , -0.6568947
22.305 , 59.00664 , 41.3138 , -0.6797829
22.307 , 58.93797 , 41.29091 , -0.6889381
22.31 , 58.96086 , 41.3138 , -0.6797829
22.312 , 58.96086 , 41.29091 , -0.6706276
22.315 , 58.96086 , 41.29091 , -0.6843605
22.317 , 58.93797 , 41.29091 , -0.6889381
22.32 , 58.8922 , 41.29091 , -0.7095375
22.322 , 58.8922 , 41.29091 , -0.7232704
22.324 , 58.86931 , 41.22225 , -0.7530251
22.327 , 58.84642 , 41.24514 , -0.7484474
22.329 , 58.84642 , 41.22225 , -0.7392921
22.332 , 58.86931 , 41.22225 , -0.7278481
22.334 , 58.84642 , 41.22225 , -0.7392921
22.337 , 58.8922 , 41.22225 , -0.7438698
22.339 , 58.84642 , 41.17647 , -0.7576046
22.341 , 58.80064 , 41.22225 , -0.7713375
22.344 , 58.77776 , 41.17647 , -0.7919369
22.346 , 58.80064 , 41.17647 , -0.7827816
22.349 , 58.77776 , 41.17647 , -0.7713375
22.351 , 58.77776 , 41.15358 , -0.7713375
22.354 , 58.73198 , 41.15358 , -0.7827816
22.356 , 58.80064 , 41.15358 , -0.7919369
22.358 , 58.70909 , 41.1078 , -0.8056698
22.361 , 58.73198 , 41.17647 , -0.828558
22.363 , 58.6862 , 41.15358 , -0.8468685
22.366 , 58.70909 , 41.15358 , -0.8377132
22.368 , 58.70909 , 41.1078 , -0.8239803
22.371 , 58.6862 , 41.15358 , -0.828558
22.373 , 58.6862 , 41.15358 , -0.8331356
22.375 , 58.64042 , 41.1078 , -0.8468685
22.378 , 58.64042 , 41.15358 , -0.8560257
22.38 , 58.61753 , 41.1078 , -0.8789139
22.383 , 58.61753 , 41.1078 , -0.8880692
22.385 , 58.61753 , 41.1078 , -0.8834915
22.388 , 58.61753 , 41.08492 , -0.8743362
22.39 , 58.61753 , 41.08492 , -0.8834915
22.392 , 58.61753 , 41.06203 , -0.8880692
22.395 , 58.57175 , 41.1078 , -0.9018021
22.397 , 58.54887 , 41.08492 , -0.9201126
22.4 , 58.4802 , 41.08492 , -0.9430008
22.402 , 58.4802 , 41.1078 , -0.9430008
22.404 , 58.50309 , 41.06203 , -0.9292679
22.407 , 58.50309 , 41.08492 , -0.9246902
22.409 , 58.4802 , 41.06203 , -0.9292679
22.412 , 58.4802 , 41.06203 , -0.9338455
22.414 , 58.4802 , 41.01625 , -0.9475784
22.416 , 58.4802 , 41.06203 , -0.9636002
22.419 , 58.41154 , 41.01625 , -0.9819107
22.421 , 58.41154 , 41.01625 , -0.9773331
22.424 , 58.41154 , 41.01625 , -0.9727554
22.426 , 58.45731 , 41.01625 , -0.9636002
22.428 , 58.38865 , 40.99336 , -0.9773331
22.431 , 58.38865 , 40.99336 , -0.9819107
22.433 , 58.34287 , 41.01625 , -1.000221
22.436 , 58.38865 , 40.99336 , -1.013954
22.438 , 58.31998 , 41.01625 , -1.032265
22.44 , 58.34287 , 40.94759 , -1.027687
22.443 , 58.34287 , 40.94759 , -1.018532
22.445 , 58.38865 , 40.9247 , -1.013954
22.448 , 58.34287 , 40.87892 , -1.013954
22.45 , 58.34287 , 40.9247 , -1.023109
22.452 , 58.34287 , 40.9247 , -1.036844
22.455 , 58.29709 , 40.9247 , -1.055155
22.457 , 58.31998 , 40.9247 , -1.073465
22.46 , 58.29709 , 40.9247 , -1.06431
22.462 , 58.29709 , 40.9247 , -1.055155
22.465 , 58.25131 , 40.9247 , -1.059732
22.467 , 58.25131 , 40.85603 , -1.068888
22.469 , 58.22842 , 40.85603 , -1.110086
22.472 , 58.18265 , 40.87892 , -1.123819
22.474 , 58.22842 , 40.85603 , -1.073465
22.477 , 58.29709 , 40.85603 , -1.004799
22.479 , 58.38865 , 40.85603 , -0.9292679
22.482 , 58.38865 , 40.85603 , -0.8789139
22.484 , 58.45731 , 40.85603 , -0.8560257
22.486 , 58.41154 , 40.85603 , -0.8743362
22.489 , 58.34287 , 40.85603 , -0.9109573
22.491 , 58.31998 , 40.83315 , -0.9475784
22.494 , 58.29709 , 40.83315 , -0.9773331
22.504 , 58.31998 , 40.83315 , -0.9246902
22.507 , 58.31998 , 40.76448 , -0.9109573
22.509 , 58.34287 , 40.83315 , -0.9018021
22.512 , 58.34287 , 40.76448 , -0.9018021
22.514 , 58.31998 , 40.83315 , -0.9063797
22.517 , 58.31998 , 40.78737 , -0.9063797
22.519 , 58.29709 , 40.76448 , -0.9063797
22.522 , 58.31998 , 40.76448 , -0.9063797
22.524 , 58.29709 , 40.78737 , -0.8972244
22.526 , 58.31998 , 40.76448 , -0.8743362
22.529 , 58.34287 , 40.76448 , -0.8331356
22.531 , 58.38865 , 40.7187 , -0.8331356
22.534 , 58.34287 , 40.76448 , -0.8422909
22.536 , 58.31998 , 40.78737 , -0.8468685
22.539 , 58.38865 , 40.76448 , -0.7392921
22.541 , 58.54887 , 40.78737 , -0.5813637
22.544 , 58.6862 , 40.76448 , -0.3227215
22.546 , 59.05241 , 40.78737 , -0.02288246
22.549 , 59.12108 , 40.7187 , 0.045784
22.551 , 59.16686 , 40.76448 , 0.05493927
22.554 , 59.12108 , 40.76448 , -0.004571915
22.556 , 59.05241 , 40.76448 , -0.07323647
22.559 , 59.00664 , 40.76448 , -0.09612465
22.562 , 59.09819 , 40.7187 , -0.03203773
22.564 , 59.18975 , 40.7187 , 0.1350479
22.566 , 59.32708 , 40.7187 , 0.2998466
22.569 , 59.51019 , 40.69581 , 0.4783783
22.571 , 59.64751 , 40.7187 , 0.6637745
22.574 , 59.78484 , 40.69581 , 0.7782173
22.576 , 59.89929 , 40.69581 , 0.819416
22.579 , 59.89929 , 40.69581 , 0.844593
22.581 , 59.94507 , 40.69581 , 0.8674812
22.584 , 59.96796 , 40.65004 , 0.8812141
22.586 , 59.96796 , 40.65004 , 0.9201241
22.588 , 60.03662 , 40.65004 , 0.9750576
22.591 , 60.05951 , 40.62715 , 1.050591
22.593 , 60.17395 , 40.62715 , 1.123835
22.596 , 60.19685 , 40.65004 , 1.206232
22.598 , 60.2884 , 40.65004 , 1.25201
22.6 , 60.33418 , 40.65004 , 1.302364
22.603 , 60.35706 , 40.65004 , 1.343563
22.605 , 60.37995 , 40.62715 , 1.387051
22.608 , 60.42573 , 40.60426 , 1.439695
22.61 , 60.49439 , 40.60426 , 1.499207
22.612 , 60.56306 , 40.60426 , 1.551849
22.615 , 60.56306 , 40.60426 , 1.604492
22.617 , 60.60884 , 40.55848 , 1.661713
22.619 , 60.72328 , 40.60426 , 1.707491
22.622 , 60.72328 , 40.62715 , 1.753267
22.624 , 60.74617 , 40.60426 , 1.817356
22.627 , 60.81483 , 40.60426 , 1.869999
22.629 , 60.8835 , 40.55848 , 1.915777
22.632 , 60.8835 , 40.55848 , 1.959265
22.634 , 60.92927 , 40.55848 , 1.995888
22.636 , 60.92927 , 40.55848 , 2.043953
22.639 , 61.04372 , 40.53559 , 2.08744
22.641 , 61.0666 , 40.60426 , 2.140083
22.644 , 61.11238 , 40.53559 , 2.172129
22.646 , 61.11238 , 40.53559 , 2.181284
22.648 , 60.97505 , 40.53559 , 2.027931
22.651 , 60.51728 , 40.53559 , 1.503784
22.653 , 60.10529 , 40.48981 , 1.059746
22.656 , 59.73907 , 40.53559 , 0.8148384
22.658 , 59.57885 , 40.48981 , 0.7095509
22.66 , 59.57885 , 40.53559 , 0.7713509
22.663 , 59.8764 , 40.46693 , 1.025412
22.665 , 60.12817 , 40.48981 , 1.284054
22.668 , 60.33418 , 40.48981 , 1.453428
22.67 , 60.37995 , 40.46693 , 1.526672
22.672 , 60.35706 , 40.48981 , 1.512939
22.675 , 60.2884 , 40.46693 , 1.435118
22.677 , 60.21973 , 40.44404 , 1.302364
22.68 , 60.12817 , 40.46693 , 1.215389
22.682 , 60.03662 , 40.46693 , 1.165033
22.684 , 60.03662 , 40.46693 , 1.155878
22.687 , 59.96796 , 40.44404 , 1.178766
22.689 , 60.03662 , 40.46693 , 1.206232
22.692 , 60.03662 , 40.46693 , 1.229122
22.694 , 60.03662 , 40.39826 , 1.238277
22.696 , 60.05951 , 40.44404 , 1.229122
22.699 , 60.03662 , 40.46693 , 1.206232
22.701 , 59.99084 , 40.44404 , 1.183344
22.704 , 59.96796 , 40.44404 , 1.165033
22.706 , 59.96796 , 40.37537 , 1.1513
22.708 , 59.94507 , 40.44404 , 1.1513
22.711 , 59.94507 , 40.39826 , 1.1513
22.713 , 59.8764 , 40.39826 , 1.146723
22.715 , 59.94507 , 40.39826 , 1.1513
22.718 , 59.89929 , 40.39826 , 1.142145
22.72 , 59.89929 , 40.39826 , 1.13299
22.723 , 59.8764 , 40.39826 , 1.119255
22.725 , 59.8764 , 40.37537 , 1.1101
22.727 , 59.80773 , 40.30671 , 1.094078
22.73 , 59.78484 , 40.30671 , 1.084923
22.732 , 59.78484 , 40.30671 , 1.080345
22.735 , 59.73907 , 40.30671 , 1.080345
22.737 , 59.73907 , 40.26093 , 1.07119
22.74 , 59.78484 , 40.30671 , 1.064323
22.742 , 59.73907 , 40.23804 , 1.055168
22.744 , 59.73907 , 40.23804 , 1.046013
22.747 , 59.62463 , 40.23804 , 0.9659023
22.749 , 59.55596 , 40.26093 , 0.8812141
22.751 , 59.51019 , 40.23804 , 0.8995247
22.754 , 59.55596 , 40.23804 , 0.9430141
22.756 , 59.64751 , 40.23804 , 1.011679
22.759 , 59.64751 , 40.23804 , 0.9750576
22.761 , 59.57885 , 40.21515 , 0.9201241
22.764 , 59.4873 , 40.21515 , 0.8491707
22.766 , 59.39574 , 40.21515 , 0.7232838
22.768 , 59.25841 , 40.21515 , 0.6363068
22.771 , 59.18975 , 40.23804 , 0.5859528
22.773 , 59.18975 , 40.21515 , 0.5905304
22.776 , 59.18975 , 40.16937 , 0.6179962
22.778 , 59.23552 , 40.21515 , 0.6317291
22.781 , 59.23552 , 40.16937 , 0.6317291
22.783 , 59.18975 , 40.21515 , 0.6179962
22.785 , 59.16686 , 40.16937 , 0.5653534
22.788 , 59.12108 , 40.16937 , 0.5149994
22.79 , 59.02953 , 40.10071 , 0.4509106
22.793 , 59.00664 , 40.16937 , 0.4097118
22.795 , 58.96086 , 40.14648 , 0.4005566
22.798 , 58.96086 , 40.16937 , 0.4142895
22.8 , 59.02953 , 40.16937 , 0.4371777
22.802 , 59.00664 , 40.14648 , 0.4371777
22.805 , 59.00664 , 40.10071 , 0.4097118
22.807 , 58.96086 , 40.10071 , 0.3959789
22.81 , 58.8922 , 40.10071 , 0.3776684
22.812 , 58.8922 , 40.10071 , 0.3524895
22.814 , 58.8922 , 40.10071 , 0.3181572
22.817 , 58.77776 , 40.07782 , 0.2861137
22.819 , 58.77776 , 40.07782 , 0.2609348
22.822 , 58.77776 , 40.07782 , 0.2700901
22.824 , 58.77776 , 40.14648 , 0.2609348
22.827 , 58.70909 , 40.14648 , 0.2380466
22.829 , 58.6862 , 40.10071 , 0.2060032
22.832 , 58.6862 , 40.14648 , 0.1876926
22.834 , 58.61753 , 40.07782 , 0.1808243
22.836 , 58.64042 , 40.07782 , 0.171669
22.839 , 58.64042 , 40.07782 , 0.1442032
22.841 , 58.57175 , 40.10071 , 0.1258926
22.844 , 58.57175 , 40.07782 , 0.1121597
22.846 , 58.57175 , 40.07782 , 0.1121597
22.848 , 58.57175 , 40.07782 , 0.1075821
22.851 , 58.50309 , 40.07782 , 0.06867218
22.853 , 58.45731 , 40.07782 , 0.045784
22.856 , 58.4802 , 40.03204 , 0.03205109
22.858 , 58.45731 , 40.03204 , 0.03205109
22.861 , 58.4802 , 40.10071 , 0.01602936
22.864 , 58.45731 , 40.07782 , 0.004585266
22.866 , 58.45731 , 40.07782 , 0.04120636
22.869 , 58.4802 , 40.00916 , 0.05493927
22.871 , 58.45731 , 40.07782 , 0.07553864
22.874 , 58.4802 , 40.00916 , 0.09384918
22.876 , 58.4802 , 40.03204 , 0.06409454
22.879 , 58.41154 , 40.03204 , 0.01602936
22.882 , 58.38865 , 39.98627 , -0.0274601
22.884 , 58.31998 , 40.00916 , -0.06408119
22.887 , 58.29709 , 39.98627 , -0.08696938
22.889 , 58.29709 , 39.98627 , -0.06408119
22.892 , 58.31998 , 39.94049 , -0.05492592
22.895 , 58.31998 , 39.98627 , -0.05950356
22.897 , 58.29709 , 40.00916 , -0.07323647
22.9 , 58.25131 , 39.98627 , -0.09612465
22.902 , 58.25131 , 39.98627 , -0.1235924
22.905 , 58.22842 , 39.94049 , -0.12817
22.907 , 58.18265 , 39.98627 , -0.1144371
22.91 , 58.18265 , 39.98627 , -0.1235924
22.912 , 58.18265 , 39.9176 , -0.1419029
22.915 , 58.15976 , 39.94049 , -0.1556358
22.917 , 58.13687 , 39.9176 , -0.1739464
22.919 , 58.09109 , 39.9176 , -0.1945457
22.922 , 58.15976 , 39.9176 , -0.1899681
22.924 , 58.06821 , 39.9176 , -0.178524
22.927 , 58.09109 , 39.87183 , -0.1853905
22.929 , 58.09109 , 39.87183 , -0.1991234
22.932 , 58.06821 , 39.87183 , -0.2197227
22.934 , 58.06821 , 39.84894 , -0.2448997
22.936 , 58.02243 , 39.84894 , -0.2677879
22.939 , 57.99954 , 39.87183 , -0.2632103
22.941 , 58.02243 , 39.84894 , -0.254055
22.944 , 57.95377 , 39.84894 , -0.254055
22.946 , 57.99954 , 39.80316 , -0.2769432
22.949 , 57.95377 , 39.80316 , -0.290678
22.951 , 57.93087 , 39.80316 , -0.3135662
22.954 , 57.90799 , 39.80316 , -0.3318768
22.956 , 57.86221 , 39.78027 , -0.3272991
22.959 , 57.93087 , 39.80316 , -0.3227215
22.961 , 57.90799 , 39.80316 , -0.3272991
22.963 , 57.83932 , 39.80316 , -0.341032
22.966 , 57.86221 , 39.78027 , -0.3547649
22.968 , 57.79354 , 39.78027 , -0.3730755
22.971 , 57.74777 , 39.78027 , -0.3913879
22.973 , 57.74777 , 39.75738 , -0.3913879
22.976 , 57.77066 , 39.75738 , -0.3822327
22.978 , 57.77066 , 39.75738 , -0.3868103
22.981 , 57.74777 , 39.75738 , -0.4074097
22.983 , 57.74777 , 39.78027 , -0.4257202
22.985 , 57.74777 , 39.71161 , -0.4463196
22.988 , 57.6791 , 39.75738 , -0.4646301
22.99 , 57.6791 , 39.71161 , -0.4554749
22.993 , 57.6791 , 39.71161 , -0.4508972
22.995 , 57.70199 , 39.75738 , -0.4554749
22.998 , 57.6791 , 39.71161 , -0.4692078
23.0 , 57.63333 , 39.75738 , -0.4783649
23.003 , 57.61044 , 39.75738 , -0.5035419
23.005 , 57.61044 , 39.71161 , -0.5218525
23.007 , 57.61044 , 39.68872 , -0.5126972
23.018 , 57.51888 , 39.71161 , -0.5584736
23.021 , 57.51888 , 39.71161 , -0.5813637
23.023 , 57.47311 , 39.71161 , -0.5973854
23.025 , 57.47311 , 39.68872 , -0.5813637
23.028 , 57.47311 , 39.68872 , -0.576786
23.03 , 57.47311 , 39.68872 , -0.5928078
23.033 , 57.47311 , 39.64294 , -0.601963
23.035 , 57.40444 , 39.68872 , -0.615696
23.038 , 57.38155 , 39.68872 , -0.6385841
23.04 , 57.40444 , 39.68872 , -0.6431618
23.043 , 57.40444 , 39.68872 , -0.6248512
23.045 , 57.38155 , 39.68872 , -0.6248512
23.047 , 57.38155 , 39.68872 , -0.6431618
23.05 , 57.35867 , 39.64294 , -0.6568947
23.052 , 57.29 , 39.62005 , -0.6752052
23.055 , 57.31289 , 39.62005 , -0.6935158
23.057 , 57.29 , 39.62005 , -0.7003822
23.06 , 57.31289 , 39.64294 , -0.6889381
23.062 , 57.29 , 39.64294 , -0.6889381
23.064 , 57.29 , 39.62005 , -0.7003822
23.067 , 57.29 , 39.64294 , -0.7095375
23.069 , 57.22134 , 39.59716 , -0.7232704
23.072 , 57.24422 , 39.59716 , -0.7392921
23.074 , 57.22134 , 39.59716 , -0.7484474
23.076 , 57.22134 , 39.62005 , -0.7392921
23.079 , 57.22134 , 39.59716 , -0.7392921
23.081 , 57.22134 , 39.59716 , -0.7530251
23.084 , 57.22134 , 39.59716 , -0.7667599
23.086 , 57.19845 , 39.59716 , -0.7827816
23.088 , 57.084 , 39.59716 , -0.8102474
23.091 , 57.084 , 39.55138 , -0.8194027
23.093 , 57.12978 , 39.5285 , -0.8056698
23.096 , 57.12978 , 39.55138 , -0.8056698
23.098 , 57.12978 , 39.55138 , -0.8148251
23.101 , 57.12978 , 39.55138 , -0.8194027
23.103 , 57.084 , 39.5285 , -0.8377132
23.106 , 57.01534 , 39.5285 , -0.8560257
23.108 , 57.01534 , 39.55138 , -0.8560257
23.111 , 57.01534 , 39.5285 , -0.8468685
23.113 , 57.01534 , 39.48272 , -0.8468685
23.115 , 57.01534 , 39.48272 , -0.8606033
23.118 , 57.01534 , 39.48272 , -0.865181
23.12 , 56.96956 , 39.5285 , -0.8834915
23.123 , 56.99245 , 39.48272 , -0.9018021
23.125 , 56.96956 , 39.45983 , -0.9063797
23.128 , 56.92378 , 39.45983 , -0.8926468
23.13 , 56.92378 , 39.45983 , -0.8926468
23.132 , 56.96956 , 39.45983 , -0.8972244
23.135 , 56.92378 , 39.41405 , -0.9063797
23.137 , 56.90089 , 39.45983 , -0.9246902
23.14 , 56.90089 , 39.45983 , -0.9338455
23.142 , 56.85512 , 39.45983 , -0.9430008
23.145 , 56.90089 , 39.45983 , -0.9338455
23.147 , 56.90089 , 39.39117 , -0.9384232
23.149 , 56.85512 , 39.41405 , -0.9544449
23.152 , 56.83223 , 39.39117 , -0.9636002
23.154 , 56.83223 , 39.41405 , -0.9819107
23.157 , 56.80933 , 39.39117 , -1.004799
23.159 , 56.80933 , 39.39117 , -1.000221
23.162 , 56.85512 , 39.41405 , -0.991066
23.164 , 56.76356 , 39.39117 , -0.9956436
23.166 , 56.76356 , 39.39117 , -1.004799
23.169 , 56.76356 , 39.36828 , -1.009377
23.171 , 56.76356 , 39.36828 , -1.023109
23.174 , 56.69489 , 39.36828 , -1.036844
23.176 , 56.74067 , 39.3225 , -1.041422
23.178 , 56.76356 , 39.39117 , -1.027687
23.181 , 56.69489 , 39.36828 , -1.032265
23.183 , 56.69489 , 39.36828 , -1.041422
23.186 , 56.69489 , 39.36828 , -1.055155
23.188 , 56.672 , 39.3225 , -1.073465
23.191 , 56.64912 , 39.29961 , -1.087198
23.193 , 56.60334 , 39.29961 , -1.087198
23.195 , 56.60334 , 39.3225 , -1.078043
23.198 , 56.64912 , 39.29961 , -1.073465
23.2 , 56.64912 , 39.29961 , -1.078043
23.203 , 56.64912 , 39.29961 , -1.087198
23.205 , 56.60334 , 39.25383 , -1.105509
23.207 , 56.58045 , 39.23095 , -1.123819
23.21 , 56.53468 , 39.18517 , -1.123819
23.212 , 56.58045 , 39.18517 , -1.114664
23.215 , 56.51179 , 39.18517 , -1.123819
23.217 , 56.53468 , 39.23095 , -1.128399
23.22 , 56.51179 , 39.13939 , -1.16502
23.222 , 56.46601 , 39.18517 , -1.169598
23.224 , 56.51179 , 39.18517 , -1.096354
23.227 , 56.60334 , 39.16228 , -1.013954
23.229 , 56.64912 , 39.18517 , -0.9475784
23.232 , 56.69489 , 39.16228 , -0.8926468
23.234 , 56.69489 , 39.13939 , -0.8789139
23.236 , 56.74067 , 39.16228 , -0.9109573
23.239 , 56.64912 , 39.13939 , -0.9544449
23.241 , 56.60334 , 39.13939 , -0.9956436
23.244 , 56.58045 , 39.13939 , -1.018532
23.246 , 56.53468 , 39.13939 , -1.027687
23.249 , 56.58045 , 39.07072 , -1.013954
23.251 , 56.58045 , 39.07072 , -0.9956436
23.253 , 56.58045 , 39.09361 , -0.9636002
23.256 , 56.60334 , 39.07072 , -0.9430008
23.258 , 56.60334 , 39.13939 , -0.9292679
23.261 , 56.64912 , 39.09361 , -0.9292679
23.263 , 56.64912 , 39.09361 , -0.9338455
23.265 , 56.60334 , 39.02495 , -0.9384232
23.268 , 56.58045 , 39.07072 , -0.9384232
23.27 , 56.58045 , 39.09361 , -0.9384232
23.273 , 56.58045 , 39.02495 , -0.9292679
23.275 , 56.58045 , 39.02495 , -0.9201126
23.278 , 56.60334 , 39.07072 , -0.8834915
23.28 , 56.60334 , 39.02495 , -0.8560257
23.282 , 56.64912 , 39.02495 , -0.8606033
23.285 , 56.60334 , 39.02495 , -0.8834915
23.287 , 56.58045 , 39.00206 , -0.8560257
23.29 , 56.69489 , 39.00206 , -0.7324257
23.292 , 56.83223 , 39.00206 , -0.5676308
23.294 , 57.12978 , 39.00206 , -0.1899681
23.297 , 57.40444 , 39.00206 , -0.01372719
23.299 , 57.45022 , 39.00206 , 0.01602936
23.302 , 57.45022 , 38.9334 , 0.02289581
23.305 , 57.40444 , 39.02495 , -0.05034828
23.307 , 57.31289 , 39.07072 , -0.1098595
23.31 , 57.29 , 39.02495 , -0.1098595
23.312 , 57.38155 , 39.00206 , -0.01830482
23.315 , 57.54177 , 39.00206 , 0.1350479
23.317 , 57.6791 , 39.02495 , 0.3135796
23.319 , 57.86221 , 39.00206 , 0.4921112
23.322 , 57.99954 , 39.02495 , 0.6500397
23.324 , 58.13687 , 39.00206 , 0.7621956
23.327 , 58.15976 , 39.02495 , 0.7919502
23.329 , 58.18265 , 39.02495 , 0.8056831
23.331 , 58.18265 , 39.00206 , 0.8285713
23.334 , 58.18265 , 39.00206 , 0.8491707
23.336 , 58.25131 , 38.95628 , 0.8949471
23.339 , 58.31998 , 39.00206 , 0.9521694
23.341 , 58.34287 , 38.95628 , 1.016256
23.344 , 58.38865 , 38.95628 , 1.1101
23.346 , 58.50309 , 38.95628 , 1.183344
23.348 , 58.54887 , 38.95628 , 1.229122
23.351 , 58.54887 , 38.9334 , 1.270321
23.353 , 58.64042 , 38.9334 , 1.316097
23.356 , 58.64042 , 38.95628 , 1.36874
23.358 , 58.70909 , 38.95628 , 1.419096
23.36 , 58.73198 , 38.95628 , 1.476316
23.363 , 58.80064 , 38.9334 , 1.533539
23.365 , 58.86931 , 38.91051 , 1.586182
23.368 , 58.8922 , 38.95628 , 1.64798
23.37 , 58.96086 , 38.9334 , 1.68918
23.373 , 58.96086 , 38.95628 , 1.734957
23.375 , 59.02953 , 38.86473 , 1.794468
23.377 , 59.12108 , 38.91051 , 1.8494
23.38 , 59.16686 , 38.91051 , 1.897467
23.382 , 59.18975 , 38.91051 , 1.940954
23.385 , 59.18975 , 38.91051 , 1.982155
23.387 , 59.2813 , 38.86473 , 2.023354
23.39 , 59.25841 , 38.86473 , 2.08744
23.392 , 59.32708 , 38.86473 , 2.140083
23.394 , 59.34996 , 38.86473 , 2.172129
23.397 , 59.39574 , 38.91051 , 2.199594
23.399 , 59.41863 , 38.84184 , 2.222483
23.402 , 59.44152 , 38.84184 , 2.245371
23.404 , 59.39574 , 38.84184 , 2.268261
23.407 , 59.4873 , 38.79606 , 2.284283
23.409 , 59.32708 , 38.77317 , 2.018776
23.411 , 58.8922 , 38.77317 , 1.574738
23.414 , 58.41154 , 38.77317 , 1.21081
23.416 , 58.18265 , 38.79606 , 0.9842129
23.419 , 58.09109 , 38.77317 , 0.8903694
23.421 , 58.13687 , 38.79606 , 0.9887905
23.424 , 58.31998 , 38.77317 , 1.201654
23.426 , 58.54887 , 38.75029 , 1.423674
23.428 , 58.70909 , 38.75029 , 1.590759
23.431 , 58.77776 , 38.75029 , 1.643402
23.433 , 58.73198 , 38.70451 , 1.615936
23.436 , 58.6862 , 38.75029 , 1.526672
23.438 , 58.54887 , 38.75029 , 1.419096
23.441 , 58.4802 , 38.75029 , 1.325253
23.443 , 58.41154 , 38.70451 , 1.284054
23.445 , 58.38865 , 38.75029 , 1.284054
23.448 , 58.38865 , 38.70451 , 1.302364
23.45 , 58.41154 , 38.68162 , 1.32983
23.453 , 58.45731 , 38.70451 , 1.348141
23.455 , 58.45731 , 38.70451 , 1.348141
23.457 , 58.41154 , 38.70451 , 1.32983
23.46 , 58.41154 , 38.70451 , 1.306942
23.462 , 58.34287 , 38.70451 , 1.284054
23.465 , 58.31998 , 38.68162 , 1.261166
23.467 , 58.31998 , 38.63584 , 1.247433
23.47 , 58.29709 , 38.63584 , 1.242855
23.472 , 58.25131 , 38.61295 , 1.238277
23.474 , 58.31998 , 38.68162 , 1.238277
23.477 , 58.29709 , 38.63584 , 1.2337
23.479 , 58.25131 , 38.63584 , 1.224545
23.482 , 58.22842 , 38.63584 , 1.206232
23.484 , 58.22842 , 38.63584 , 1.192499
23.486 , 58.18265 , 38.63584 , 1.174189
23.489 , 58.15976 , 38.61295 , 1.160456
23.491 , 58.15976 , 38.61295 , 1.1513
23.494 , 58.15976 , 38.61295 , 1.142145
23.496 , 58.13687 , 38.61295 , 1.094078
23.498 , 57.95377 , 38.61295 , 0.9567471
23.501 , 57.93087 , 38.61295 , 0.9659023
23.503 , 57.99954 , 38.61295 , 1.036858
23.506 , 58.02243 , 38.56718 , 1.07119
23.508 , 58.06821 , 38.56718 , 1.094078
23.511 , 57.99954 , 38.54429 , 1.025412
23.513 , 57.90799 , 38.54429 , 0.9201241
23.515 , 57.77066 , 38.56718 , 0.7873726
23.518 , 57.63333 , 38.56718 , 0.6271515
23.529 , 57.54177 , 38.54429 , 0.645462
23.531 , 57.54177 , 38.5214 , 0.6500397
23.534 , 57.56466 , 38.54429 , 0.6179962
23.536 , 57.45022 , 38.5214 , 0.5104218
23.538 , 57.40444 , 38.5214 , 0.469223
23.541 , 57.35867 , 38.5214 , 0.4417553
23.543 , 57.38155 , 38.5214 , 0.4509106
23.545 , 57.35867 , 38.5214 , 0.4509106
23.548 , 57.31289 , 38.5214 , 0.4600658
23.55 , 57.31289 , 38.47562 , 0.4463329
23.553 , 57.38155 , 38.47562 , 0.4646435
23.555 , 57.38155 , 38.45274 , 0.4371777
23.558 , 57.29 , 38.5214 , 0.4005566
23.56 , 57.22134 , 38.45274 , 0.3570671
23.562 , 57.22134 , 38.47562 , 0.3227348
23.565 , 57.19845 , 38.45274 , 0.3181572
23.567 , 57.19845 , 38.47562 , 0.295269
23.57 , 57.15266 , 38.38407 , 0.2861137
23.572 , 57.084 , 38.38407 , 0.2609348
23.574 , 57.12978 , 38.38407 , 0.2655125
23.577 , 57.12978 , 38.38407 , 0.2609348
23.579 , 57.01534 , 38.47562 , 0.2288914
23.582 , 57.06111 , 38.38407 , 0.2060032
23.584 , 57.01534 , 38.45274 , 0.1762466
23.587 , 56.99245 , 38.38407 , 0.1808243
23.589 , 56.96956 , 38.38407 , 0.1487808
23.592 , 56.96956 , 38.45274 , 0.1442032
23.594 , 56.90089 , 38.47562 , 0.1121597
23.596 , 56.90089 , 38.45274 , 0.1258926
23.599 , 56.92378 , 38.45274 , 0.1030045
23.601 , 56.85512 , 38.47562 , 0.07553864
23.604 , 56.83223 , 38.45274 , 0.045784
23.606 , 56.80933 , 38.45274 , 0.03662872
23.609 , 56.80933 , 38.45274 , 0.03662872
23.612 , 56.76356 , 38.33829 , 0.004585266
23.614 , 56.80933 , 38.38407 , 0.03205109
23.617 , 56.83223 , 38.33829 , 0.05951691
23.619 , 56.83223 , 38.45274 , 0.09384918
23.622 , 56.83223 , 38.38407 , 0.1167374
23.624 , 56.85512 , 38.38407 , 0.1030045
23.627 , 56.80933 , 38.38407 , 0.05951691
23.629 , 56.69489 , 38.38407 , 0.02289581
23.632 , 56.672 , 38.33829 , -0.03661537
23.635 , 56.64912 , 38.3154 , -0.05950356
23.637 , 56.672 , 38.3154 , -0.04119301
23.64 , 56.64912 , 38.33829 , -0.04577065
23.642 , 56.64912 , 38.33829 , -0.04577065
23.645 , 56.64912 , 38.29251 , -0.05492592
23.647 , 56.60334 , 38.3154 , -0.0778141
23.65 , 56.51179 , 38.29251 , -0.1007042
23.652 , 56.58045 , 38.3154 , -0.08239174
23.655 , 56.53468 , 38.3154 , -0.1007042
23.657 , 56.53468 , 38.29251 , -0.1144371
23.66 , 56.51179 , 38.29251 , -0.1373253
23.662 , 56.51179 , 38.3154 , -0.1464806
23.665 , 56.44312 , 38.29251 , -0.1739464
23.667 , 56.46601 , 38.29251 , -0.1647911
23.669 , 56.46601 , 38.24674 , -0.1556358
23.672 , 56.44312 , 38.24674 , -0.1647911
23.674 , 56.44312 , 38.29251 , -0.1853905
23.677 , 56.44312 , 38.24674 , -0.203701
23.679 , 56.42023 , 38.22385 , -0.2197227
23.682 , 56.42023 , 38.24674 , -0.228878
23.684 , 56.32868 , 38.24674 , -0.2197227
23.686 , 56.32868 , 38.22385 , -0.228878
23.689 , 56.2829 , 38.15518 , -0.2494774
23.691 , 56.2829 , 38.15518 , -0.2632103
23.694 , 56.26001 , 38.08652 , -0.2815208
23.696 , 56.26001 , 38.15518 , -0.3044109
23.698 , 56.26001 , 38.15518 , -0.2861004
23.701 , 56.23713 , 38.10941 , -0.2815208
23.703 , 56.23713 , 38.10941 , -0.2952557
23.706 , 56.23713 , 38.10941 , -0.3181438
23.708 , 56.19135 , 38.08652 , -0.3272991
23.711 , 56.12268 , 38.08652 , -0.3547649
23.713 , 56.12268 , 38.08652 , -0.3547649
23.715 , 56.12268 , 38.06363 , -0.3456097
23.718 , 56.12268 , 38.08652 , -0.3593426
23.72 , 56.12268 , 38.08652 , -0.3684978
23.723 , 56.12268 , 38.01785 , -0.3868103
23.725 , 56.0998 , 38.06363 , -0.4119873
23.728 , 56.03113 , 38.08652 , -0.4302979
23.73 , 56.03113 , 38.06363 , -0.4165649
23.732 , 56.00824 , 38.01785 , -0.4211426
23.735 , 56.03113 , 38.01785 , -0.4302979
23.737 , 56.00824 , 38.01785 , -0.4463196
23.74 , 56.00824 , 38.01785 , -0.4508972
23.742 , 55.93958 , 37.99496 , -0.4737873
23.745 , 55.93958 , 38.01785 , -0.4692078
23.747 , 55.96246 , 37.99496 , -0.4692078
23.749 , 55.93958 , 37.94919 , -0.4829426
23.752 , 55.93958 , 37.94919 , -0.5035419
23.754 , 55.84802 , 37.94919 , -0.5126972
23.757 , 55.84802 , 37.99496 , -0.540163
23.759 , 55.84802 , 37.99496 , -0.5447407
23.762 , 55.84802 , 37.99496 , -0.5355854
23.764 , 55.84802 , 37.94919 , -0.5447407
23.767 , 55.80225 , 37.9263 , -0.553896
23.769 , 55.80225 , 37.94919 , -0.5630512
23.771 , 55.73358 , 37.94919 , -0.5813637
23.774 , 55.77936 , 37.9263 , -0.6065407
23.776 , 55.73358 , 37.9263 , -0.5928078
23.779 , 55.77936 , 37.9263 , -0.5973854
23.781 , 55.71069 , 37.9263 , -0.615696
23.784 , 55.71069 , 37.99496 , -0.6294289
23.786 , 55.68781 , 37.99496 , -0.6477394
23.789 , 55.61913 , 37.94919 , -0.6752052
23.791 , 55.61913 , 37.9263 , -0.6706276
23.794 , 55.61913 , 37.9263 , -0.6614723
23.796 , 55.64202 , 37.9263 , -0.6706276
23.798 , 55.57336 , 37.9263 , -0.6797829
23.801 , 55.57336 , 37.9263 , -0.6935158
23.803 , 55.55047 , 37.90341 , -0.7141151
23.806 , 55.57336 , 37.90341 , -0.7186928
23.808 , 55.55047 , 37.90341 , -0.7095375
23.81 , 55.55047 , 37.90341 , -0.7232704
23.813 , 55.50469 , 37.90341 , -0.7324257
23.815 , 55.4818 , 37.85764 , -0.7438698
23.818 , 55.4818 , 37.90341 , -0.7576046
23.82 , 55.45892 , 37.90341 , -0.7919369
23.823 , 55.41314 , 37.85764 , -0.7759151
23.825 , 55.45892 , 37.85764 , -0.7713375
23.828 , 55.45892 , 37.85764 , -0.7873592
23.83 , 55.45892 , 37.85764 , -0.8010921
23.832 , 55.39025 , 37.85764 , -0.8102474
23.835 , 55.39025 , 37.83475 , -0.8331356
23.837 , 55.34447 , 37.85764 , -0.8331356
23.84 , 55.39025 , 37.83475 , -0.8239803
23.842 , 55.34447 , 37.85764 , -0.8422909
23.845 , 55.34447 , 37.78897 , -0.8514481
23.847 , 55.32159 , 37.83475 , -0.8697586
23.85 , 55.25291 , 37.85764 , -0.8926468
23.852 , 55.25291 , 37.83475 , -0.9018021
23.854 , 55.29869 , 37.78897 , -0.8880692
23.857 , 55.29869 , 37.83475 , -0.8926468
23.859 , 55.29869 , 37.78897 , -0.9018021
23.862 , 55.25291 , 37.78897 , -0.9109573
23.864 , 55.25291 , 37.76608 , -0.9246902
23.867 , 55.18425 , 37.78897 , -0.9475784
23.869 , 55.18425 , 37.78897 , -0.9384232
23.872 , 55.16136 , 37.76608 , -0.9338455
23.874 , 55.16136 , 37.83475 , -0.9475784
23.877 , 55.11559 , 37.7203 , -0.9681778
23.879 , 55.11559 , 37.78897 , -0.9773331
23.881 , 55.11559 , 37.78897 , -1.004799
23.884 , 55.11559 , 37.78897 , -1.009377
23.886 , 55.0927 , 37.76608 , -1.000221
23.889 , 55.0927 , 37.76608 , -1.004799
23.891 , 55.06981 , 37.7203 , -1.009377
23.894 , 55.06981 , 37.69741 , -1.018532
23.896 , 55.06981 , 37.7203 , -1.032265
23.898 , 55.02403 , 37.7203 , -1.046
23.901 , 55.06981 , 37.69741 , -1.036844
23.903 , 55.02403 , 37.69741 , -1.041422
23.906 , 55.02403 , 37.69741 , -1.059732
23.908 , 55.00114 , 37.69741 , -1.068888
23.91 , 54.95537 , 37.69741 , -1.082621
23.913 , 54.95537 , 37.69741 , -1.105509
23.915 , 54.93248 , 37.69741 , -1.105509
23.918 , 54.93248 , 37.62875 , -1.096354
23.92 , 54.93248 , 37.67453 , -1.105509
23.922 , 54.90959 , 37.67453 , -1.114664
23.925 , 54.93248 , 37.69741 , -1.123819
23.927 , 54.86381 , 37.62875 , -1.132977
23.93 , 54.86381 , 37.60586 , -1.146709
23.932 , 54.90959 , 37.62875 , -1.132977
23.934 , 54.86381 , 37.62875 , -1.142132
23.937 , 54.86381 , 37.69741 , -1.151287
23.939 , 54.84092 , 37.62875 , -1.16502
23.942 , 54.84092 , 37.62875 , -1.183331
23.944 , 54.79515 , 37.60586 , -1.201641
23.947 , 54.77226 , 37.62875 , -1.197063
23.949 , 54.77226 , 37.60586 , -1.192486
23.951 , 54.77226 , 37.62875 , -1.192486
23.954 , 54.77226 , 37.56008 , -1.210796
23.956 , 54.77226 , 37.62875 , -1.219952
23.959 , 54.70359 , 37.60586 , -1.233686
23.961 , 54.70359 , 37.60586 , -1.238264
23.963 , 54.70359 , 37.56008 , -1.233686
23.966 , 54.70359 , 37.56008 , -1.249708
23.968 , 54.70359 , 37.53719 , -1.258863
23.971 , 54.63493 , 37.53719 , -1.300062
23.973 , 54.63493 , 37.53719 , -1.277174
23.976 , 54.70359 , 37.53719 , -1.160442
23.978 , 54.79515 , 37.49142 , -1.087198
23.98 , 54.86381 , 37.49142 , -1.027687
23.983 , 54.93248 , 37.49142 , -0.9819107
23.985 , 54.90959 , 37.53719 , -0.9819107
23.988 , 54.84092 , 37.46853 , -1.036844
23.99 , 54.74937 , 37.46853 , -1.078043
23.993 , 54.74937 , 37.46853 , -1.119242
23.995 , 54.70359 , 37.46853 , -1.137554
23.997 , 54.70359 , 37.49142 , -1.137554
24.0 , 54.74937 , 37.44564 , -1.114664
24.002 , 54.68071 , 37.49142 , -1.087198
24.005 , 54.77226 , 37.49142 , -1.06431
24.007 , 54.79515 , 37.46853 , -1.046
24.009 , 54.79515 , 37.44564 , -1.036844
24.012 , 54.77226 , 37.44564 , -1.041422
24.014 , 54.74937 , 37.44564 , -1.046
24.017 , 54.77226 , 37.44564 , -1.046
24.019 , 54.77226 , 37.44564 , -1.046
24.021 , 54.74937 , 37.44564 , -1.041422
24.024 , 54.77226 , 37.44564 , -1.036844
24.026 , 54.74937 , 37.39986 , -1.018532
24.029 , 54.79515 , 37.44564 , -0.9727554
24.039 , 54.86381 , 37.39986 , -0.8377132
24.042 , 55.02403 , 37.37697 , -0.6752052
24.044 , 55.25291 , 37.39986 , -0.3593426
24.047 , 55.55047 , 37.37697 , -0.1190147
24.049 , 55.61913 , 37.37697 , -0.07323647
24.052 , 55.64202 , 37.30831 , -0.05492592
24.054 , 55.57336 , 37.3312 , -0.1098595
24.057 , 55.55047 , 37.3312 , -0.1647911
24.059 , 55.4818 , 37.3312 , -0.178524
24.062 , 55.50469 , 37.3312 , -0.1144371
24.064 , 55.68781 , 37.3312 , 0.01602936
24.066 , 55.84802 , 37.3312 , 0.2243137
24.069 , 56.03113 , 37.30831 , 0.4051342
24.071 , 56.19135 , 37.26253 , 0.5653534
24.074 , 56.32868 , 37.26253 , 0.6775074
24.076 , 56.42023 , 37.23964 , 0.7095509
24.079 , 56.42023 , 37.23964 , 0.7232838
24.081 , 56.35157 , 37.26253 , 0.7438831
24.083 , 56.42023 , 37.26253 , 0.7713509
24.086 , 56.46601 , 37.23964 , 0.8148384
24.088 , 56.51179 , 37.23964 , 0.8812141
24.091 , 56.58045 , 37.21675 , 0.9521694
24.093 , 56.672 , 37.21675 , 1.020834
24.095 , 56.74067 , 37.23964 , 1.100945
24.098 , 56.83223 , 37.21675 , 1.160456
24.1 , 56.85512 , 37.23964 , 1.21081
24.103 , 56.90089 , 37.21675 , 1.247433
24.105 , 56.96956 , 37.17097 , 1.293209
24.107 , 56.96956 , 37.21675 , 1.343563
24.11 , 56.99245 , 37.17097 , 1.396206
24.112 , 57.084 , 37.14809 , 1.458006
24.115 , 57.084 , 37.17097 , 1.508362
24.117 , 57.15266 , 37.17097 , 1.565582
24.119 , 57.22134 , 37.21675 , 1.620514
24.122 , 57.24422 , 37.17097 , 1.66629
24.124 , 57.31289 , 37.14809 , 1.712069
24.127 , 57.35867 , 37.17097 , 1.767
24.129 , 57.38155 , 37.10231 , 1.817356
24.131 , 57.45022 , 37.14809 , 1.863132
24.134 , 57.47311 , 37.14809 , 1.915777
24.136 , 57.54177 , 37.10231 , 1.959265
24.138 , 57.54177 , 37.14809 , 1.995888
24.141 , 57.61044 , 37.14809 , 2.057686
24.143 , 57.61044 , 37.14809 , 2.096596
24.146 , 57.6791 , 37.14809 , 2.130928
24.148 , 57.6791 , 37.14809 , 2.172129
24.151 , 57.70199 , 37.14809 , 2.199594
24.153 , 57.77066 , 37.07942 , 2.231638
24.155 , 57.83932 , 37.10231 , 2.268261
24.158 , 57.77066 , 37.07942 , 2.279705
24.16 , 57.83932 , 37.10231 , 2.300304
24.163 , 57.83932 , 37.07942 , 2.300304
24.165 , 57.6791 , 37.10231 , 2.039375
24.167 , 57.22134 , 37.14809 , 1.522095
24.17 , 56.74067 , 37.14809 , 1.1513
24.172 , 56.51179 , 37.14809 , 0.9659023
24.174 , 56.35157 , 37.10231 , 0.8949471
24.177 , 56.44312 , 37.14809 , 0.9933681
24.179 , 56.672 , 37.10231 , 1.229122
24.182 , 56.96956 , 37.14809 , 1.503784
24.184 , 57.084 , 37.10231 , 1.64798
24.186 , 57.12978 , 37.17097 , 1.693758
24.189 , 57.12978 , 37.07942 , 1.661713
24.191 , 57.01534 , 37.10231 , 1.565582
24.194 , 56.96956 , 37.07942 , 1.453428
24.196 , 56.83223 , 37.07942 , 1.359585
24.198 , 56.80933 , 37.10231 , 1.316097
24.201 , 56.76356 , 37.10231 , 1.316097
24.203 , 56.80933 , 37.07942 , 1.338985
24.206 , 56.80933 , 37.10231 , 1.36874
24.208 , 56.85512 , 37.07942 , 1.391628
24.21 , 56.85512 , 37.01076 , 1.391628
24.213 , 56.80933 , 37.07942 , 1.377895
24.215 , 56.76356 , 36.98787 , 1.355007
24.218 , 56.74067 , 36.98787 , 1.32983
24.22 , 56.69489 , 36.98787 , 1.306942
24.223 , 56.74067 , 37.05653 , 1.293209
24.225 , 56.672 , 37.01076 , 1.288631
24.227 , 56.69489 , 36.98787 , 1.288631
24.23 , 56.672 , 37.05653 , 1.288631
24.232 , 56.672 , 36.94209 , 1.277187
24.234 , 56.64912 , 36.94209 , 1.265743
24.237 , 56.60334 , 36.98787 , 1.247433
24.239 , 56.58045 , 36.98787 , 1.2337
24.242 , 56.58045 , 36.98787 , 1.219967
24.244 , 56.58045 , 36.94209 , 1.21081
24.247 , 56.51179 , 36.9192 , 1.160456
24.249 , 56.44312 , 36.94209 , 1.094078
24.251 , 56.42023 , 36.94209 , 1.080345
24.254 , 56.44312 , 36.9192 , 1.0895
24.256 , 56.42023 , 36.94209 , 1.142145
24.258 , 56.46601 , 36.87343 , 1.1513
24.261 , 56.35157 , 36.94209 , 1.055168
24.263 , 56.26001 , 36.9192 , 0.9613247
24.266 , 56.12268 , 36.9192 , 0.8720589
24.268 , 56.03113 , 36.87343 , 0.7370167
24.271 , 55.96246 , 36.87343 , 0.6683521
24.273 , 55.8938 , 36.87343 , 0.6683521
24.275 , 55.96246 , 36.87343 , 0.7049732
24.278 , 55.96246 , 36.87343 , 0.732439
24.28 , 55.96246 , 36.85054 , 0.7095509
24.283 , 55.93958 , 36.85054 , 0.6683521
24.285 , 55.84802 , 36.85054 , 0.6225739
24.288 , 55.77936 , 36.85054 , 0.5745087
24.29 , 55.73358 , 36.82765 , 0.519577
24.292 , 55.73358 , 36.85054 , 0.5104218
24.295 , 55.71069 , 36.85054 , 0.5104218
24.297 , 55.77936 , 36.82765 , 0.5516205
24.3 , 55.73358 , 36.82765 , 0.5310211
24.302 , 55.77936 , 36.85054 , 0.5104218
24.304 , 55.68781 , 36.85054 , 0.4829559
24.307 , 55.61913 , 36.82765 , 0.4875336
24.309 , 55.61913 , 36.82765 , 0.4417553
24.312 , 55.55047 , 36.78187 , 0.4097118
24.314 , 55.61913 , 36.78187 , 0.382246
24.317 , 55.55047 , 36.78187 , 0.3868237
24.319 , 55.55047 , 36.78187 , 0.3776684
24.321 , 55.50469 , 36.78187 , 0.3341789
24.324 , 55.45892 , 36.78187 , 0.3135796
24.326 , 55.4818 , 36.78187 , 0.3044243
24.329 , 55.45892 , 36.75898 , 0.3044243
24.331 , 55.39025 , 36.75898 , 0.2563572
24.334 , 55.39025 , 36.71321 , 0.2426243
24.336 , 55.34447 , 36.75898 , 0.2243137
24.338 , 55.34447 , 36.78187 , 0.2380466
24.341 , 55.32159 , 36.75898 , 0.2060032
24.343 , 55.32159 , 36.75898 , 0.1808243
24.346 , 55.29869 , 36.78187 , 0.1579361
24.348 , 55.25291 , 36.71321 , 0.1670914
24.35 , 55.23003 , 36.71321 , 0.1442032
24.353 , 55.18425 , 36.71321 , 0.1167374
24.355 , 55.18425 , 36.69032 , 0.09842682
24.358 , 55.16136 , 36.69032 , 0.09384918
24.36 , 55.16136 , 36.71321 , 0.08469391
24.363 , 55.16136 , 36.71321 , 0.05493927
24.365 , 55.16136 , 36.71321 , 0.08011627
24.368 , 55.16136 , 36.69032 , 0.1075821
24.37 , 55.18425 , 36.71321 , 0.1396255
24.373 , 55.16136 , 36.71321 , 0.1533585
24.375 , 55.18425 , 36.69032 , 0.1396255
24.378 , 55.16136 , 36.71321 , 0.1030045
24.38 , 55.11559 , 36.71321 , 0.06409454
24.383 , 55.06981 , 36.69032 , 0.01602936
24.385 , 55.02403 , 36.69032 , 0.004585266
24.388 , 55.02403 , 36.64454 , 0.01145172
24.39 , 55.00114 , 36.64454 , 0.004585266
24.393 , 54.95537 , 36.64454 , -0.009149551
24.396 , 54.95537 , 36.62165 , -0.02288246
24.398 , 54.90959 , 36.69032 , -0.04119301
24.401 , 54.93248 , 36.64454 , -0.03661537
24.403 , 54.93248 , 36.62165 , -0.0274601
24.406 , 54.86381 , 36.62165 , -0.05950356
24.409 , 54.86381 , 36.62165 , -0.07323647
24.411 , 54.86381 , 36.62165 , -0.09154701
24.414 , 54.79515 , 36.55299 , -0.1098595
24.416 , 54.79515 , 36.59876 , -0.09612465
24.419 , 54.79515 , 36.62165 , -0.09154701
24.421 , 54.79515 , 36.59876 , -0.1190147
24.424 , 54.79515 , 36.59876 , -0.1327477
24.426 , 54.74937 , 36.59876 , -0.1510582
24.429 , 54.70359 , 36.59876 , -0.178524
24.431 , 54.68071 , 36.55299 , -0.1647911
24.433 , 54.68071 , 36.55299 , -0.1647911
24.436 , 54.70359 , 36.55299 , -0.1739464
24.438 , 54.68071 , 36.55299 , -0.1899681
24.441 , 54.68071 , 36.55299 , -0.203701
24.443 , 54.63493 , 36.5301 , -0.228878
24.445 , 54.61204 , 36.5301 , -0.2197227
24.448 , 54.61204 , 36.48432 , -0.2105675
24.45 , 54.56627 , 36.5301 , -0.2403221
24.453 , 54.54337 , 36.48432 , -0.2586327
24.455 , 54.54337 , 36.41566 , -0.2677879
24.458 , 54.54337 , 36.39277 , -0.2861004
24.46 , 54.52048 , 36.46143 , -0.2861004
24.462 , 54.47471 , 36.41566 , -0.2723656
24.465 , 54.47471 , 36.39277 , -0.2861004
24.467 , 54.47471 , 36.36988 , -0.3044109
24.47 , 54.45182 , 36.39277 , -0.3227215
24.472 , 54.40604 , 36.36988 , -0.341032
24.475 , 54.40604 , 36.36988 , -0.3456097
24.477 , 54.40604 , 36.39277 , -0.3364544
24.479 , 54.40604 , 36.39277 , -0.3501873
24.482 , 54.38316 , 36.36988 , -0.3593426
24.484 , 54.36027 , 36.36988 , -0.3868103
24.487 , 54.31449 , 36.36988 , -0.402832
24.489 , 54.31449 , 36.36988 , -0.4119873
24.492 , 54.31449 , 36.3241 , -0.4074097
24.494 , 54.2916 , 36.36988 , -0.4119873
24.496 , 54.2916 , 36.3241 , -0.4211426
24.499 , 54.2916 , 36.36988 , -0.4394531
24.501 , 54.2916 , 36.3241 , -0.4508972
24.504 , 54.24583 , 36.30122 , -0.4600525
24.506 , 54.24583 , 36.30122 , -0.4463196
24.508 , 54.24583 , 36.23255 , -0.4646301
24.511 , 54.22294 , 36.30122 , -0.4783649
24.513 , 54.22294 , 36.30122 , -0.4989643
24.516 , 54.22294 , 36.30122 , -0.5172749
24.518 , 54.13138 , 36.23255 , -0.5355854
24.52 , 54.13138 , 36.23255 , -0.5172749
24.523 , 54.20005 , 36.30122 , -0.5310078
24.525 , 54.15427 , 36.23255 , -0.540163
24.528 , 54.13138 , 36.23255 , -0.5447407
24.53 , 54.13138 , 36.20966 , -0.5676308
24.532 , 54.0856 , 36.20966 , -0.5928078
24.535 , 54.06271 , 36.20966 , -0.5722084
24.537 , 54.0856 , 36.20966 , -0.576786
24.54 , 54.06271 , 36.23255 , -0.601963
24.55 , 53.99405 , 36.20966 , -0.6568947
24.553 , 53.97116 , 36.20966 , -0.6614723
24.555 , 53.97116 , 36.20966 , -0.66605
24.558 , 53.92538 , 36.23255 , -0.6843605
24.56 , 53.9025 , 36.20966 , -0.7049599
24.563 , 53.9025 , 36.23255 , -0.7141151
24.565 , 53.9025 , 36.20966 , -0.7003822
24.567 , 53.9025 , 36.20966 , -0.7095375
24.57 , 53.85672 , 36.18677 , -0.7232704
24.572 , 53.85672 , 36.18677 , -0.7438698
24.575 , 53.83383 , 36.18677 , -0.7621822
24.577 , 53.81094 , 36.18677 , -0.7827816
24.58 , 53.83383 , 36.20966 , -0.7667599
24.582 , 53.83383 , 36.18677 , -0.7713375
24.585 , 53.83383 , 36.141 , -0.7827816
24.587 , 53.76516 , 36.141 , -0.8010921
24.589 , 53.76516 , 36.141 , -0.8148251
24.592 , 53.6965 , 36.141 , -0.8377132
24.594 , 53.74227 , 36.141 , -0.8239803
24.597 , 53.74227 , 36.141 , -0.8331356
24.599 , 53.6965 , 36.141 , -0.8514481
24.602 , 53.67361 , 36.18677 , -0.8606033
24.604 , 53.6965 , 36.141 , -0.8789139
24.607 , 53.62783 , 36.141 , -0.9018021
24.609 , 53.62783 , 36.11811 , -0.8926468
24.611 , 53.62783 , 36.07233 , -0.8834915
24.614 , 53.60494 , 36.07233 , -0.8972244
24.616 , 53.60494 , 36.11811 , -0.9109573
24.619 , 53.58205 , 36.07233 , -0.9201126
24.621 , 53.60494 , 36.04944 , -0.9384232
24.623 , 53.58205 , 36.04944 , -0.9384232
24.626 , 53.58205 , 36.11811 , -0.9292679
24.628 , 53.53628 , 36.07233 , -0.9544449
24.631 , 53.51339 , 36.04944 , -0.9681778
24.633 , 53.51339 , 36.07233 , -0.9819107
24.636 , 53.46761 , 36.04944 , -1.004799
24.638 , 53.46761 , 36.04944 , -1.009377
24.64 , 53.44473 , 36.04944 , -0.9956436
24.643 , 53.44473 , 36.04944 , -1.009377
24.645 , 53.42183 , 36.00366 , -1.013954
24.648 , 53.42183 , 35.98077 , -1.027687
24.65 , 53.42183 , 35.98077 , -1.041422
24.652 , 53.37606 , 35.98077 , -1.046
24.655 , 53.37606 , 35.95789 , -1.041422
24.657 , 53.35317 , 35.98077 , -1.055155
24.66 , 53.37606 , 35.95789 , -1.068888
24.662 , 53.30739 , 35.95789 , -1.087198
24.665 , 53.30739 , 35.98077 , -1.105509
24.667 , 53.2845 , 35.98077 , -1.110086
24.669 , 53.2845 , 35.91211 , -1.105509
24.672 , 53.26162 , 35.95789 , -1.110086
24.674 , 53.2845 , 35.88922 , -1.114664
24.677 , 53.21584 , 35.91211 , -1.128399
24.679 , 53.26162 , 35.91211 , -1.142132
24.681 , 53.21584 , 35.91211 , -1.151287
24.684 , 53.21584 , 35.91211 , -1.142132
24.686 , 53.26162 , 35.91211 , -1.146709
24.689 , 53.19295 , 35.88922 , -1.155865
24.691 , 53.19295 , 35.95789 , -1.169598
24.694 , 53.12429 , 35.84344 , -1.187908
24.696 , 53.12429 , 35.88922 , -1.201641
24.698 , 53.12429 , 35.88922 , -1.197063
24.701 , 53.12429 , 35.88922 , -1.197063
24.703 , 53.07851 , 35.84344 , -1.201641
24.706 , 53.07851 , 35.84344 , -1.210796
24.708 , 53.05562 , 35.84344 , -1.224531
24.71 , 53.03273 , 35.84344 , -1.249708
24.713 , 53.03273 , 35.82055 , -1.238264
24.715 , 53.03273 , 35.84344 , -1.238264
24.717 , 53.05562 , 35.84344 , -1.258863
24.72 , 52.96407 , 35.84344 , -1.295485
24.722 , 52.96407 , 35.84344 , -1.295485
24.725 , 53.05562 , 35.77478 , -1.201641
24.727 , 53.07851 , 35.77478 , -1.114664
24.73 , 53.19295 , 35.77478 , -1.046
24.732 , 53.21584 , 35.77478 , -0.9956436
24.735 , 53.26162 , 35.82055 , -0.9773331
24.737 , 53.21584 , 35.82055 , -1.018532
24.739 , 53.19295 , 35.77478 , -1.06431
24.742 , 53.07851 , 35.82055 , -1.110086
24.744 , 53.05562 , 35.84344 , -1.132977
24.746 , 53.05562 , 35.82055 , -1.142132
24.749 , 53.05562 , 35.82055 , -1.128399
24.751 , 53.07851 , 35.77478 , -1.105509
24.754 , 53.07851 , 35.77478 , -1.073465
24.756 , 53.12429 , 35.82055 , -1.055155
24.758 , 53.12429 , 35.77478 , -1.046
24.761 , 53.12429 , 35.77478 , -1.041422
24.763 , 53.12429 , 35.77478 , -1.046
24.766 , 53.07851 , 35.77478 , -1.050577
24.768 , 53.07851 , 35.77478 , -1.050577
24.771 , 53.07851 , 35.77478 , -1.050577
24.773 , 53.12429 , 35.75189 , -1.046
24.775 , 53.12429 , 35.75189 , -1.032265
24.778 , 53.14717 , 35.77478 , -1.000221
24.78 , 53.14717 , 35.75189 , -0.9636002
24.783 , 53.14717 , 35.75189 , -0.9681778
24.785 , 53.14717 , 35.75189 , -0.9956436
24.788 , 53.12429 , 35.729 , -0.9681778
24.79 , 53.26162 , 35.68322 , -0.8422909
24.793 , 53.37606 , 35.68322 , -0.66605
24.795 , 53.6965 , 35.729 , -0.2861004
24.797 , 53.97116 , 35.68322 , -0.1190147
24.8 , 53.97116 , 35.729 , -0.09154701
24.802 , 53.99405 , 35.66033 , -0.0778141
24.805 , 53.92538 , 35.68322 , -0.1235924
24.807 , 53.9025 , 35.68322 , -0.1853905
24.81 , 53.85672 , 35.68322 , -0.178524
24.812 , 53.97116 , 35.66033 , -0.09154701
24.815 , 54.06271 , 35.66033 , 0.07553864
24.817 , 54.24583 , 35.66033 , 0.2861137
24.82 , 54.45182 , 35.68322 , 0.4600658
24.822 , 54.61204 , 35.66033 , 0.595108
24.824 , 54.68071 , 35.61456 , 0.6683521
24.827 , 54.74937 , 35.66033 , 0.6866627
24.829 , 54.70359 , 35.59167 , 0.6958179
24.832 , 54.70359 , 35.66033 , 0.7232838
24.834 , 54.77226 , 35.61456 , 0.7484627
24.837 , 54.84092 , 35.59167 , 0.8148384
24.839 , 54.86381 , 35.61456 , 0.8812141
24.842 , 54.93248 , 35.59167 , 0.9521694
24.844 , 55.00114 , 35.59167 , 1.03228
24.846 , 55.06981 , 35.61456 , 1.1101
24.849 , 55.0927 , 35.59167 , 1.1513
24.851 , 55.11559 , 35.59167 , 1.197077
24.854 , 55.16136 , 35.61456 , 1.238277
24.856 , 55.23003 , 35.59167 , 1.277187
24.858 , 55.29869 , 35.59167 , 1.343563
24.861 , 55.29869 , 35.54589 , 1.409941
24.863 , 55.34447 , 35.54589 , 1.458006
24.866 , 55.39025 , 35.54589 , 1.512939
24.868 , 55.45892 , 35.54589 , 1.561005
24.87 , 55.50469 , 35.54589 , 1.611359
24.873 , 55.55047 , 35.54589 , 1.670868
24.875 , 55.57336 , 35.523 , 1.721224
24.878 , 55.64202 , 35.54589 , 1.767
24.88 , 55.71069 , 35.523 , 1.821934
24.882 , 55.73358 , 35.523 , 1.858555
24.885 , 55.77936 , 35.50011 , 1.9112
24.887 , 55.84802 , 35.50011 , 1.959265
24.89 , 55.8938 , 35.523 , 2.009621
24.892 , 55.93958 , 35.523 , 2.057686
24.895 , 55.96246 , 35.50011 , 2.101173
24.897 , 56.03113 , 35.50011 , 2.140083
24.899 , 56.03113 , 35.523 , 2.172129
24.902 , 56.05402 , 35.50011 , 2.20875
24.904 , 56.05402 , 35.523 , 2.236216
24.906 , 56.16846 , 35.45434 , 2.279705
24.909 , 56.0998 , 35.45434 , 2.28886
24.911 , 56.00824 , 35.45434 , 2.135506
24.914 , 55.50469 , 35.45434 , 1.620514
24.916 , 55.06981 , 35.43145 , 1.21081
24.918 , 54.84092 , 35.45434 , 0.97048
24.921 , 54.68071 , 35.45434 , 0.8629036
24.923 , 54.70359 , 35.43145 , 0.9521694
24.926 , 54.90959 , 35.43145 , 1.183344
24.928 , 55.18425 , 35.38567 , 1.453428
24.931 , 55.34447 , 35.43145 , 1.599915
24.933 , 55.41314 , 35.38567 , 1.661713
24.935 , 55.41314 , 35.43145 , 1.643402
24.938 , 55.29869 , 35.43145 , 1.551849
24.94 , 55.18425 , 35.38567 , 1.423674
24.943 , 55.0927 , 35.38567 , 1.348141
24.945 , 55.06981 , 35.38567 , 1.306942
24.947 , 55.02403 , 35.36279 , 1.302364
24.95 , 55.02403 , 35.38567 , 1.320675
24.952 , 55.06981 , 35.36279 , 1.355007
24.955 , 55.06981 , 35.38567 , 1.382473
24.957 , 55.0927 , 35.36279 , 1.382473
24.959 , 55.06981 , 35.36279 , 1.373318
24.962 , 55.02403 , 35.33989 , 1.348141
24.964 , 55.02403 , 35.33989 , 1.325253
24.967 , 55.00114 , 35.33989 , 1.297787
24.969 , 55.00114 , 35.33989 , 1.293209
24.972 , 54.95537 , 35.33989 , 1.288631
24.974 , 54.95537 , 35.33989 , 1.288631
24.976 , 55.00114 , 35.29412 , 1.288631
24.979 , 54.95537 , 35.29412 , 1.284054
24.981 , 54.93248 , 35.29412 , 1.277187
24.984 , 54.93248 , 35.27123 , 1.261166
24.986 , 54.90959 , 35.29412 , 1.25201
24.988 , 54.86381 , 35.27123 , 1.242855
24.991 , 54.84092 , 35.27123 , 1.2337
24.993 , 54.86381 , 35.27123 , 1.219967
24.996 , 54.84092 , 35.27123 , 1.215389
24.998 , 54.84092 , 35.27123 , 1.21081
25.0 , 54.84092 , 35.27123 , 1.201654
25.003 , 54.79515 , 35.22545 , 1.192499
25.005 , 54.77226 , 35.22545 , 1.178766
25.008 , 54.79515 , 35.20256 , 1.155878
25.01 , 54.68071 , 35.22545 , 1.046013
25.012 , 54.52048 , 35.20256 , 0.9475918
25.015 , 54.45182 , 35.22545 , 0.8491707
25.017 , 54.36027 , 35.22545 , 0.8011055
25.02 , 54.36027 , 35.22545 , 0.7713509
25.022 , 54.31449 , 35.20256 , 0.7370167
25.024 , 54.31449 , 35.20256 , 0.7484627
25.027 , 54.31449 , 35.15679 , 0.7667732
25.029 , 54.36027 , 35.15679 , 0.7965279
25.032 , 54.2916 , 35.15679 , 0.7667732
25.034 , 54.22294 , 35.15679 , 0.7003956
25.036 , 54.15427 , 35.15679 , 0.6271515
25.039 , 54.0856 , 35.15679 , 0.5790863
25.041 , 54.0856 , 35.1339 , 0.5607758
25.044 , 54.01694 , 35.15679 , 0.5264435
25.046 , 54.01694 , 35.1339 , 0.5310211
25.048 , 54.01694 , 35.15679 , 0.5058441
25.059 , 53.97116 , 35.1339 , 0.4875336
25.062 , 53.99405 , 35.1339 , 0.4829559
25.064 , 53.9025 , 35.1339 , 0.4280224
25.067 , 53.85672 , 35.11101 , 0.4005566
25.069 , 53.83383 , 35.11101 , 0.3776684
25.071 , 53.83383 , 35.06523 , 0.3914013
25.074 , 53.81094 , 35.11101 , 0.3730907
25.076 , 53.83383 , 35.06523 , 0.3479118
25.079 , 53.81094 , 35.11101 , 0.3341789
25.081 , 53.76516 , 35.06523 , 0.3296013
25.083 , 53.76516 , 35.06523 , 0.3296013
25.086 , 53.74227 , 35.06523 , 0.2861137
25.088 , 53.67361 , 35.06523 , 0.2563572
25.09 , 53.62783 , 35.04234 , 0.233469
25.093 , 53.62783 , 35.04234 , 0.2426243
25.095 , 53.62783 , 35.04234 , 0.2197361
25.098 , 53.58205 , 35.04234 , 0.1968479
25.1 , 53.60494 , 35.04234 , 0.171669
25.102 , 53.58205 , 35.04234 , 0.171669
25.105 , 53.53628 , 35.04234 , 0.1762466
25.107 , 53.51339 , 35.04234 , 0.1396255
25.11 , 53.46761 , 34.99657 , 0.1121597
25.112 , 53.44473 , 34.97368 , 0.08469391
25.115 , 53.44473 , 34.99657 , 0.1304703
25.117 , 53.51339 , 34.99657 , 0.1579361
25.119 , 53.51339 , 34.97368 , 0.1762466
25.122 , 53.53628 , 34.99657 , 0.1808243
25.124 , 53.53628 , 34.97368 , 0.1808243
25.127 , 53.51339 , 34.9279 , 0.1396255
25.129 , 53.46761 , 34.9279 , 0.1350479
25.132 , 53.44473 , 34.97368 , 0.1121597
25.134 , 53.42183 , 34.90501 , 0.06409454
25.136 , 53.37606 , 34.9279 , 0.04120636
25.139 , 53.35317 , 34.9279 , 0.02289581
25.142 , 53.35317 , 34.9279 , 0.004585266
25.144 , 53.35317 , 34.90501 , 0.03205109
25.147 , 53.35317 , 34.90501 , 0.04120636
25.149 , 53.30739 , 34.88213 , 0.01602936
25.152 , 53.2845 , 34.88213 , -0.004571915
25.155 , 53.2845 , 34.88213 , -0.02288246
25.157 , 53.26162 , 34.88213 , -0.05950356
25.16 , 53.2845 , 34.88213 , -0.04577065
25.162 , 53.26162 , 34.90501 , -0.05492592
25.165 , 53.21584 , 34.88213 , -0.07323647
25.167 , 53.19295 , 34.83635 , -0.08696938
25.17 , 53.12429 , 34.83635 , -0.1098595
25.172 , 53.12429 , 34.81346 , -0.1327477
25.175 , 53.12429 , 34.83635 , -0.1098595
25.177 , 53.14717 , 34.81346 , -0.1190147
25.18 , 53.12429 , 34.88213 , -0.12817
25.182 , 53.12429 , 34.81346 , -0.1464806
25.184 , 53.03273 , 34.81346 , -0.1602135
25.187 , 53.05562 , 34.81346 , -0.1853905
25.189 , 52.98695 , 34.76768 , -0.1853905
25.192 , 53.05562 , 34.81346 , -0.1693687
25.194 , 53.03273 , 34.81346 , -0.1899681
25.196 , 52.98695 , 34.76768 , -0.2197227
25.199 , 52.98695 , 34.81346 , -0.2357445
25.201 , 52.91829 , 34.81346 , -0.2494774
25.204 , 52.91829 , 34.76768 , -0.2586327
25.206 , 52.91829 , 34.74479 , -0.2448997
25.209 , 52.8954 , 34.76768 , -0.254055
25.211 , 52.8954 , 34.76768 , -0.2632103
25.214 , 52.87251 , 34.74479 , -0.2815208
25.216 , 52.87251 , 34.74479 , -0.3044109
25.218 , 52.80385 , 34.76768 , -0.3181438
25.221 , 52.82674 , 34.74479 , -0.2998333
25.223 , 52.82674 , 34.76768 , -0.3089886
25.226 , 52.80385 , 34.76768 , -0.3227215
25.228 , 52.73518 , 34.74479 , -0.3456097
25.23 , 52.73518 , 34.74479 , -0.3593426
25.233 , 52.73518 , 34.69902 , -0.3913879
25.235 , 52.66651 , 34.74479 , -0.3730755
25.238 , 52.73518 , 34.69902 , -0.3730755
25.24 , 52.73518 , 34.74479 , -0.3868103
25.243 , 52.66651 , 34.69902 , -0.402832
25.245 , 52.66651 , 34.69902 , -0.4074097
25.247 , 52.64362 , 34.67613 , -0.4348755
25.25 , 52.64362 , 34.74479 , -0.4302979
25.252 , 52.59785 , 34.69902 , -0.4211426
25.255 , 52.59785 , 34.67613 , -0.4348755
25.257 , 52.64362 , 34.65324 , -0.4600525
25.26 , 52.57496 , 34.67613 , -0.4692078
25.262 , 52.50629 , 34.67613 , -0.489809
25.264 , 52.50629 , 34.67613 , -0.4989643
25.267 , 52.50629 , 34.67613 , -0.489809
25.269 , 52.50629 , 34.60746 , -0.4989643
25.272 , 52.48341 , 34.65324 , -0.5035419
25.274 , 52.48341 , 34.65324 , -0.5218525
25.277 , 52.43763 , 34.65324 , -0.540163
25.279 , 52.41474 , 34.65324 , -0.5493183
25.281 , 52.43763 , 34.65324 , -0.5355854
25.284 , 52.43763 , 34.65324 , -0.5447407
25.286 , 52.41474 , 34.60746 , -0.553896
25.289 , 52.36897 , 34.58457 , -0.5722084
25.291 , 52.36897 , 34.60746 , -0.5973854
25.293 , 52.34608 , 34.58457 , -0.6202736
25.296 , 52.32319 , 34.58457 , -0.6111183
25.298 , 52.32319 , 34.60746 , -0.601963
25.301 , 52.34608 , 34.58457 , -0.615696
25.303 , 52.32319 , 34.58457 , -0.6294289
25.306 , 52.32319 , 34.5388 , -0.6385841
25.308 , 52.2774 , 34.58457 , -0.6614723
25.31 , 52.20874 , 34.5388 , -0.6614723
25.313 , 52.20874 , 34.5388 , -0.652317
25.315 , 52.20874 , 34.51591 , -0.66605
25.318 , 52.25452 , 34.5388 , -0.6797829
25.32 , 52.20874 , 34.5388 , -0.6935158
25.323 , 52.18585 , 34.51591 , -0.7095375
25.325 , 52.18585 , 34.49302 , -0.7186928
25.327 , 52.14008 , 34.49302 , -0.7095375
25.33 , 52.11719 , 34.49302 , -0.7186928
25.332 , 52.14008 , 34.49302 , -0.7232704
25.335 , 52.14008 , 34.49302 , -0.7324257
25.337 , 52.11719 , 34.44724 , -0.7484474
25.34 , 52.11719 , 34.49302 , -0.7621822
25.342 , 52.11719 , 34.44724 , -0.7484474
25.344 , 52.11719 , 34.44724 , -0.7621822
25.347 , 52.04852 , 34.42435 , -0.7713375
25.349 , 52.02563 , 34.42435 , -0.7873592
25.352 , 51.97986 , 34.42435 , -0.8056698
25.354 , 51.97986 , 34.42435 , -0.8331356
25.356 , 51.97986 , 34.44724 , -0.8239803
25.359 , 51.93408 , 34.42435 , -0.8148251
25.361 , 51.97986 , 34.37857 , -0.8239803
25.364 , 51.93408 , 34.42435 , -0.8377132
25.366 , 51.8883 , 34.37857 , -0.8468685
25.369 , 51.8883 , 34.35569 , -0.865181
25.371 , 51.8883 , 34.37857 , -0.865181
25.374 , 51.8883 , 34.37857 , -0.8560257
25.376 , 51.8883 , 34.35569 , -0.8697586
25.378 , 51.86541 , 34.35569 , -0.8789139
25.381 , 51.81964 , 34.37857 , -0.8972244
25.383 , 51.81964 , 34.35569 , -0.915535
25.386 , 51.77386 , 34.30991 , -0.9201126
25.388 , 51.77386 , 34.37857 , -0.9109573
25.391 , 51.77386 , 34.30991 , -0.915535
25.393 , 51.77386 , 34.30991 , -0.9201126
25.396 , 51.77386 , 34.35569 , -0.9292679
25.398 , 51.72808 , 34.30991 , -0.9430008
25.4 , 51.72808 , 34.30991 , -0.9590225
25.403 , 51.72808 , 34.30991 , -0.9590225
25.405 , 51.72808 , 34.28702 , -0.9681778
25.408 , 51.65942 , 34.30991 , -0.9773331
25.41 , 51.7052 , 34.28702 , -0.991066
25.413 , 51.63653 , 34.30991 , -1.013954
25.415 , 51.65942 , 34.21835 , -1.032265
25.417 , 51.63653 , 34.21835 , -1.018532
25.42 , 51.65942 , 34.21835 , -1.018532
25.422 , 51.63653 , 34.28702 , -1.027687
25.425 , 51.63653 , 34.19547 , -1.036844
25.427 , 51.59076 , 34.28702 , -1.046
25.429 , 51.56787 , 34.19547 , -1.06431
25.432 , 51.56787 , 34.19547 , -1.06431
25.434 , 51.54498 , 34.19547 , -1.059732
25.436 , 51.56787 , 34.21835 , -1.068888
25.439 , 51.54498 , 34.21835 , -1.078043
25.441 , 51.4992 , 34.21835 , -1.096354
25.444 , 51.47631 , 34.14969 , -1.114664
25.446 , 51.43053 , 34.19547 , -1.123819
25.449 , 51.43053 , 34.14969 , -1.114664
25.451 , 51.43053 , 34.21835 , -1.119242
25.453 , 51.40765 , 34.14969 , -1.123819
25.456 , 51.40765 , 34.19547 , -1.132977
25.458 , 51.43053 , 34.19547 , -1.142132
25.461 , 51.43053 , 34.1268 , -1.16502
25.463 , 51.40765 , 34.14969 , -1.151287
25.465 , 51.38476 , 34.19547 , -1.155865
25.468 , 51.33898 , 34.1268 , -1.169598
25.47 , 51.31609 , 34.08102 , -1.210796
25.473 , 51.27032 , 34.14969 , -1.215374
25.475 , 51.33898 , 34.1268 , -1.132977
25.477 , 51.4992 , 34.14969 , -1.046
25.48 , 51.54498 , 34.1268 , -0.9773331
25.482 , 51.56787 , 34.14969 , -0.915535
25.485 , 51.59076 , 34.1268 , -0.8972244
25.487 , 51.56787 , 34.14969 , -0.9292679
25.49 , 51.54498 , 34.08102 , -0.991066
25.492 , 51.47631 , 34.08102 , -1.032265
25.494 , 51.43053 , 34.1268 , -1.055155
25.497 , 51.40765 , 34.08102 , -1.06431
25.499 , 51.40765 , 34.1268 , -1.050577
25.502 , 51.40765 , 34.05814 , -1.027687
25.504 , 51.43053 , 34.08102 , -1.000221
25.506 , 51.4992 , 34.05814 , -0.9773331
25.509 , 51.4992 , 34.05814 , -0.9636002
25.511 , 51.47631 , 34.05814 , -0.9681778
25.514 , 51.4992 , 34.03525 , -0.9681778
25.516 , 51.47631 , 34.03525 , -0.9727554
25.519 , 51.4992 , 34.08102 , -0.9727554
25.521 , 51.47631 , 34.03525 , -0.9727554
25.523 , 51.47631 , 34.03525 , -0.9681778
25.526 , 51.43053 , 34.05814 , -0.9544449
25.528 , 51.47631 , 34.03525 , -0.9109573
25.531 , 51.54498 , 34.03525 , -0.8834915
25.533 , 51.54498 , 33.98947 , -0.8926468
25.536 , 51.4992 , 34.03525 , -0.9109573
25.538 , 51.4992 , 33.98947 , -0.8789139
25.541 , 51.63653 , 34.03525 , -0.7484474
25.543 , 51.79675 , 34.03525 , -0.5676308
25.545 , 52.14008 , 33.98947 , -0.1853905
25.548 , 52.32319 , 33.98947 , -0.04119301
25.55 , 52.36897 , 33.96658 , -0.004571915
25.553 , 52.36897 , 33.96658 , 7.629395e-06
25.556 , 52.34608 , 33.96658 , -0.05492592
25.558 , 52.25452 , 33.98947 , -0.1190147
25.569 , 52.80385 , 33.96658 , 0.5012665
25.572 , 52.96407 , 33.92081 , 0.645462
25.574 , 53.05562 , 33.89792 , 0.7278614
25.577 , 53.07851 , 33.92081 , 0.7667732
25.579 , 53.07851 , 33.92081 , 0.7713509
25.581 , 53.12429 , 33.92081 , 0.7965279
25.584 , 53.19295 , 33.92081 , 0.819416
25.586 , 53.14717 , 33.92081 , 0.8766365
25.589 , 53.19295 , 33.92081 , 0.9430141
25.591 , 53.2845 , 33.85214 , 1.002523
25.593 , 53.35317 , 33.89792 , 1.080345
25.596 , 53.42183 , 33.89792 , 1.146723
25.598 , 53.46761 , 33.92081 , 1.201654
25.601 , 53.53628 , 33.85214 , 1.247433
25.603 , 53.53628 , 33.89792 , 1.293209
25.605 , 53.58205 , 33.89792 , 1.338985
25.608 , 53.62783 , 33.82925 , 1.391628
25.61 , 53.6965 , 33.82925 , 1.444273
25.613 , 53.76516 , 33.82925 , 1.503784
25.615 , 53.81094 , 33.80636 , 1.551849
25.617 , 53.85672 , 33.82925 , 1.611359
25.62 , 53.9025 , 33.82925 , 1.66629
25.622 , 53.92538 , 33.76059 , 1.707491
25.625 , 53.97116 , 33.80636 , 1.74869
25.627 , 53.97116 , 33.76059 , 1.808201
25.629 , 54.06271 , 33.7377 , 1.853977
25.632 , 54.06271 , 33.76059 , 1.892889
25.634 , 54.0856 , 33.76059 , 1.945532
25.637 , 54.20005 , 33.76059 , 1.982155
25.639 , 54.24583 , 33.7377 , 2.023354
25.641 , 54.2916 , 33.76059 , 2.066841
25.644 , 54.0856 , 33.76059 , 1.730379
25.646 , 53.58205 , 33.7377 , 1.21081
25.649 , 53.19295 , 33.69192 , 0.9041023
25.651 , 52.91829 , 33.7377 , 0.6958179
25.654 , 52.80385 , 33.7377 , 0.6042633
25.656 , 52.8954 , 33.7377 , 0.7621956
25.658 , 53.14717 , 33.7377 , 0.9979458
25.661 , 53.37606 , 33.7377 , 1.219967
25.663 , 53.51339 , 33.69192 , 1.36874
25.666 , 53.58205 , 33.7377 , 1.409941
25.668 , 53.53628 , 33.69192 , 1.36874
25.671 , 53.44473 , 33.69192 , 1.265743
25.673 , 53.35317 , 33.66903 , 1.1513
25.675 , 53.26162 , 33.62325 , 1.0895
25.678 , 53.21584 , 33.66903 , 1.07119
25.68 , 53.19295 , 33.69192 , 1.075768
25.683 , 53.21584 , 33.69192 , 1.100945
25.685 , 53.26162 , 33.66903 , 1.13299
25.687 , 53.26162 , 33.66903 , 1.1513
25.69 , 53.2845 , 33.62325 , 1.1513
25.692 , 53.21584 , 33.66903 , 1.142145
25.695 , 53.26162 , 33.62325 , 1.114677
25.697 , 53.19295 , 33.62325 , 1.100945
25.699 , 53.19295 , 33.62325 , 1.080345
25.702 , 53.14717 , 33.62325 , 1.075768
25.704 , 53.19295 , 33.60036 , 1.080345
25.707 , 53.14717 , 33.57748 , 1.080345
25.709 , 53.14717 , 33.57748 , 1.080345
25.711 , 53.14717 , 33.57748 , 1.075768
25.714 , 53.14717 , 33.60036 , 1.07119
25.716 , 53.12429 , 33.60036 , 1.059746
25.718 , 53.12429 , 33.60036 , 1.050591
25.721 , 53.07851 , 33.57748 , 1.036858
25.723 , 53.07851 , 33.5317 , 1.03228
25.726 , 53.05562 , 33.57748 , 1.020834
25.728 , 53.05562 , 33.5317 , 1.016256
25.73 , 53.05562 , 33.57748 , 1.011679
25.733 , 53.03273 , 33.57748 , 1.007101
25.735 , 53.03273 , 33.50881 , 1.002523
25.738 , 52.98695 , 33.5317 , 0.9979458
25.74 , 52.98695 , 33.50881 , 0.9933681
25.742 , 52.96407 , 33.5317 , 0.9842129
25.745 , 52.96407 , 33.5317 , 0.9750576
25.747 , 52.96407 , 33.50881 , 0.9659023
25.75 , 52.96407 , 33.50881 , 0.9613247
25.752 , 52.96407 , 33.50881 , 0.9567471
25.754 , 52.91829 , 33.5317 , 0.9475918
25.757 , 52.91829 , 33.46304 , 0.9475918
25.759 , 52.8954 , 33.50881 , 0.8903694
25.762 , 52.80385 , 33.50881 , 0.7919502
25.764 , 52.7123 , 33.5317 , 0.7049732
25.767 , 52.64362 , 33.46304 , 0.6546192
25.769 , 52.57496 , 33.46304 , 0.6271515
25.771 , 52.57496 , 33.46304 , 0.6363068
25.774 , 52.57496 , 33.46304 , 0.6317291
25.776 , 52.57496 , 33.44015 , 0.6408844
25.779 , 52.57496 , 33.46304 , 0.6363068
25.781 , 52.57496 , 33.46304 , 0.6271515
25.784 , 52.50629 , 33.44015 , 0.6271515
25.786 , 52.43763 , 33.44015 , 0.5790863
25.788 , 52.43763 , 33.44015 , 0.5378876
25.791 , 52.36897 , 33.41726 , 0.4829559
25.793 , 52.32319 , 33.44015 , 0.4280224
25.796 , 52.32319 , 33.41726 , 0.4097118
25.798 , 52.2774 , 33.46304 , 0.4005566
25.801 , 52.2774 , 33.44015 , 0.3959789
25.803 , 52.2774 , 33.46304 , 0.3959789
25.805 , 52.25452 , 33.44015 , 0.4005566
25.808 , 52.2774 , 33.41726 , 0.4142895
25.81 , 52.2774 , 33.44015 , 0.4005566
25.813 , 52.20874 , 33.44015 , 0.3570671
25.815 , 52.18585 , 33.44015 , 0.3296013
25.817 , 52.14008 , 33.44015 , 0.295269
25.82 , 52.14008 , 33.41726 , 0.2906914
25.822 , 52.11719 , 33.41726 , 0.2815361
25.825 , 52.11719 , 33.41726 , 0.2563572
25.827 , 52.04852 , 33.41726 , 0.2426243
25.829 , 52.04852 , 33.41726 , 0.233469
25.832 , 52.04852 , 33.37148 , 0.2243137
25.834 , 52.04852 , 33.41726 , 0.233469
25.837 , 52.02563 , 33.37148 , 0.2105808
25.839 , 52.02563 , 33.37148 , 0.1762466
25.841 , 52.02563 , 33.37148 , 0.1579361
25.844 , 51.97986 , 33.37148 , 0.1396255
25.846 , 51.97986 , 33.37148 , 0.1487808
25.849 , 51.93408 , 33.41726 , 0.1258926
25.851 , 51.8883 , 33.34859 , 0.1030045
25.854 , 51.86541 , 33.30282 , 0.08927155
25.856 , 51.86541 , 33.37148 , 0.07553864
25.859 , 51.8883 , 33.34859 , 0.08011627
25.861 , 51.81964 , 33.34859 , 0.05493927
25.864 , 51.79675 , 33.37148 , 0.04120636
25.866 , 51.81964 , 33.34859 , 0.06409454
25.869 , 51.81964 , 33.34859 , 0.07553864
25.872 , 51.86541 , 33.30282 , 0.1030045
25.874 , 51.86541 , 33.30282 , 0.1258926
25.876 , 51.86541 , 33.30282 , 0.1075821
25.879 , 51.81964 , 33.30282 , 0.08011627
25.882 , 51.77386 , 33.30282 , 0.03205109
25.884 , 51.77386 , 33.27993 , -0.01372719
25.887 , 51.7052 , 33.27993 , -0.03661537
25.889 , 51.65942 , 33.30282 , -0.03661537
25.892 , 51.7052 , 33.23415 , -0.009149551
25.895 , 51.7052 , 33.30282 , 7.629395e-06
25.897 , 51.7052 , 33.27993 , -0.02288246
25.9 , 51.65942 , 33.30282 , -0.04119301
25.902 , 51.63653 , 33.23415 , -0.06865883
25.905 , 51.59076 , 33.27993 , -0.09154701
25.907 , 51.54498 , 33.27993 , -0.08239174
25.91 , 51.59076 , 33.27993 , -0.07323647
25.913 , 51.59076 , 33.23415 , -0.0778141
25.915 , 51.56787 , 33.23415 , -0.09612465
25.918 , 51.54498 , 33.21126 , -0.1052818
25.92 , 51.4992 , 33.23415 , -0.1235924
25.923 , 51.47631 , 33.23415 , -0.1419029
25.925 , 51.43053 , 33.21126 , -0.1464806
25.927 , 51.47631 , 33.21126 , -0.12817
25.93 , 51.43053 , 33.21126 , -0.1235924
25.932 , 51.43053 , 33.21126 , -0.1419029
25.935 , 51.47631 , 33.21126 , -0.1556358
25.937 , 51.43053 , 33.18837 , -0.1739464
25.939 , 51.38476 , 33.18837 , -0.2105675
25.942 , 51.38476 , 33.18837 , -0.228878
25.944 , 51.38476 , 33.18837 , -0.2105675
25.947 , 51.33898 , 33.1426 , -0.1991234
25.949 , 51.33898 , 33.1426 , -0.2105675
25.952 , 51.33898 , 33.1426 , -0.2197227
25.954 , 51.31609 , 33.18837 , -0.2403221
25.956 , 51.27032 , 33.1426 , -0.254055
25.959 , 51.27032 , 33.18837 , -0.2677879
25.961 , 51.27032 , 33.1426 , -0.2632103
25.964 , 51.27032 , 33.1426 , -0.254055
25.966 , 51.27032 , 33.1426 , -0.2586327
25.969 , 51.24743 , 33.11971 , -0.2769432
25.971 , 51.24743 , 33.1426 , -0.290678
25.973 , 51.20165 , 33.11971 , -0.3089886
25.976 , 51.17876 , 33.07393 , -0.3272991
25.978 , 51.15587 , 33.1426 , -0.3364544
25.981 , 51.17876 , 33.07393 , -0.3135662
25.983 , 51.15587 , 33.11971 , -0.3089886
25.986 , 51.17876 , 33.11971 , -0.3181438
25.988 , 51.17876 , 33.11971 , -0.3272991
25.99 , 51.11009 , 33.05104 , -0.3547649
25.993 , 51.0872 , 33.05104 , -0.3684978
25.995 , 51.11009 , 33.05104 , -0.3822327
25.998 , 51.0872 , 33.00526 , -0.3730755
26.0 , 51.11009 , 33.05104 , -0.3593426
26.002 , 51.11009 , 33.07393 , -0.3684978
26.005 , 51.04143 , 33.05104 , -0.3822327
26.007 , 51.01854 , 33.05104 , -0.402832
26.01 , 51.01854 , 33.00526 , -0.4211426
26.012 , 50.94987 , 33.00526 , -0.4394531
26.014 , 50.99565 , 33.00526 , -0.4348755
26.017 , 50.99565 , 33.00526 , -0.4211426
26.019 , 50.99565 , 33.00526 , -0.4165649
26.022 , 50.99565 , 32.98238 , -0.4302979
26.024 , 50.94987 , 33.00526 , -0.4348755
26.026 , 50.92699 , 33.00526 , -0.4554749
26.029 , 50.92699 , 32.95949 , -0.4737873
26.031 , 50.88121 , 32.98238 , -0.4943867
26.034 , 50.88121 , 32.91371 , -0.4737873
26.036 , 50.88121 , 32.98238 , -0.4646301
26.039 , 50.88121 , 32.95949 , -0.4737873
26.041 , 50.88121 , 32.95949 , -0.4829426
26.043 , 50.78965 , 32.95949 , -0.4989643
26.046 , 50.83543 , 32.91371 , -0.5172749
26.048 , 50.78965 , 32.89082 , -0.540163
26.051 , 50.78965 , 32.89082 , -0.5264301
26.053 , 50.83543 , 32.89082 , -0.5218525
26.056 , 50.78965 , 32.89082 , -0.5218525
26.058 , 50.78965 , 32.95949 , -0.5310078
26.061 , 50.76676 , 32.89082 , -0.5447407
26.063 , 50.72099 , 32.91371 , -0.553896
26.065 , 50.6981 , 32.84504 , -0.5722084
26.068 , 50.6981 , 32.89082 , -0.5722084
26.07 , 50.6981 , 32.82215 , -0.5584736
26.081 , 50.62943 , 32.84504 , -0.6202736
26.083 , 50.60654 , 32.84504 , -0.6385841
26.086 , 50.56077 , 32.77638 , -0.6294289
26.088 , 50.60654 , 32.77638 , -0.6202736
26.091 , 50.62943 , 32.7306 , -0.615696
26.093 , 50.60654 , 32.77638 , -0.6248512
26.096 , 50.56077 , 32.77638 , -0.6340065
26.098 , 50.53788 , 32.75349 , -0.6614723
26.1 , 50.53788 , 32.75349 , -0.6706276
26.103 , 50.4921 , 32.77638 , -0.6797829
26.105 , 50.53788 , 32.77638 , -0.6706276
26.108 , 50.4921 , 32.75349 , -0.6614723
26.11 , 50.4921 , 32.68482 , -0.6706276
26.113 , 50.46922 , 32.68482 , -0.6752052
26.115 , 50.44633 , 32.68482 , -0.6935158
26.117 , 50.44633 , 32.68482 , -0.7186928
26.12 , 50.40055 , 32.68482 , -0.7324257
26.122 , 50.40055 , 32.68482 , -0.7232704
26.125 , 50.44633 , 32.68482 , -0.7186928
26.127 , 50.44633 , 32.66193 , -0.7186928
26.129 , 50.40055 , 32.66193 , -0.7278481
26.132 , 50.40055 , 32.68482 , -0.7392921
26.134 , 50.33188 , 32.66193 , -0.7484474
26.137 , 50.33188 , 32.66193 , -0.7713375
26.139 , 50.30899 , 32.66193 , -0.7713375
26.142 , 50.33188 , 32.68482 , -0.7576046
26.144 , 50.30899 , 32.61616 , -0.7621822
26.146 , 50.33188 , 32.59327 , -0.7713375
26.149 , 50.30899 , 32.61616 , -0.7827816
26.151 , 50.28611 , 32.59327 , -0.8102474
26.154 , 50.24033 , 32.61616 , -0.828558
26.156 , 50.24033 , 32.59327 , -0.8422909
26.159 , 50.24033 , 32.59327 , -0.828558
26.161 , 50.21744 , 32.59327 , -0.8194027
26.163 , 50.24033 , 32.59327 , -0.8239803
26.166 , 50.21744 , 32.57038 , -0.828558
26.168 , 50.17167 , 32.59327 , -0.8422909
26.171 , 50.17167 , 32.57038 , -0.8514481
26.173 , 50.14878 , 32.57038 , -0.8697586
26.175 , 50.17167 , 32.57038 , -0.8697586
26.178 , 50.14878 , 32.57038 , -0.8606033
26.18 , 50.14878 , 32.57038 , -0.865181
26.183 , 50.14878 , 32.59327 , -0.8789139
26.185 , 50.103 , 32.59327 , -0.8926468
26.188 , 50.08011 , 32.59327 , -0.9109573
26.19 , 50.08011 , 32.57038 , -0.9246902
26.192 , 50.05722 , 32.57038 , -0.9246902
26.195 , 50.05722 , 32.57038 , -0.9109573
26.197 , 50.08011 , 32.59327 , -0.9063797
26.2 , 50.08011 , 32.5246 , -0.9109573
26.202 , 50.05722 , 32.5246 , -0.915535
26.205 , 50.01144 , 32.5246 , -0.9338455
26.207 , 50.01144 , 32.57038 , -0.9544449
26.209 , 49.98856 , 32.57038 , -0.9727554
26.212 , 49.98856 , 32.5246 , -0.9681778
26.214 , 49.98856 , 32.57038 , -0.9636002
26.217 , 49.98856 , 32.5246 , -0.9681778
26.219 , 49.94278 , 32.5246 , -0.9819107
26.222 , 49.91989 , 32.5246 , -1.027687
26.224 , 49.91989 , 32.5246 , -1.004799
26.226 , 49.94278 , 32.50172 , -0.9201126
26.229 , 50.05722 , 32.50172 , -0.8514481
26.231 , 50.103 , 32.5246 , -0.7965145
26.233 , 50.14878 , 32.45594 , -0.7484474
26.236 , 50.17167 , 32.45594 , -0.7438698
26.238 , 50.14878 , 32.50172 , -0.7759151
26.241 , 50.08011 , 32.50172 , -0.8148251
26.243 , 50.01144 , 32.50172 , -0.8514481
26.245 , 50.01144 , 32.45594 , -0.8697586
26.248 , 50.01144 , 32.45594 , -0.8789139
26.25 , 49.94278 , 32.43305 , -0.865181
26.253 , 50.01144 , 32.45594 , -0.8422909
26.255 , 49.98856 , 32.38728 , -0.8148251
26.257 , 49.98856 , 32.43305 , -0.8010921
26.26 , 50.01144 , 32.43305 , -0.7873592
26.262 , 49.98856 , 32.43305 , -0.7873592
26.265 , 49.94278 , 32.43305 , -0.7873592
26.267 , 49.91989 , 32.38728 , -0.7919369
26.27 , 49.98856 , 32.38728 , -0.7965145
26.272 , 49.98856 , 32.38728 , -0.7873592
26.275 , 49.94278 , 32.38728 , -0.7827816
26.277 , 49.94278 , 32.38728 , -0.7576046
26.28 , 50.01144 , 32.3415 , -0.7186928
26.282 , 50.01144 , 32.36439 , -0.7003822
26.284 , 50.01144 , 32.36439 , -0.7141151
26.287 , 49.94278 , 32.29572 , -0.7278481
26.289 , 49.98856 , 32.29572 , -0.6431618
26.292 , 50.14878 , 32.29572 , -0.5035419
26.294 , 50.33188 , 32.29572 , -0.2815208
26.297 , 50.72099 , 32.29572 , 0.08927155
26.299 , 50.83543 , 32.3415 , 0.1579361
26.302 , 50.83543 , 32.29572 , 0.1762466
26.304 , 50.83543 , 32.29572 , 0.1533585
26.306 , 50.76676 , 32.27283 , 0.1030045
26.309 , 50.72099 , 32.27283 , 0.05493927
26.311 , 50.76676 , 32.29572 , 0.09384918
26.314 , 50.78965 , 32.27283 , 0.233469
26.316 , 51.01854 , 32.27283 , 0.4051342
26.319 , 51.15587 , 32.22705 , 0.5905304
26.321 , 51.33898 , 32.27283 , 0.757618
26.323 , 51.47631 , 32.27283 , 0.8766365
26.326 , 51.56787 , 32.22705 , 0.9384365
26.328 , 51.56787 , 32.27283 , 0.9521694
26.331 , 51.56787 , 32.20417 , 0.9567471
26.333 , 51.56787 , 32.20417 , 0.9887905
26.336 , 51.56787 , 32.22705 , 1.020834
26.338 , 51.65942 , 32.22705 , 1.075768
26.34 , 51.72808 , 32.22705 , 1.142145
26.343 , 51.77386 , 32.22705 , 1.215389
26.345 , 51.86541 , 32.22705 , 1.284054
26.347 , 51.8883 , 32.15839 , 1.355007
26.35 , 51.93408 , 32.20417 , 1.396206
26.352 , 51.97986 , 32.15839 , 1.439695
26.355 , 52.04852 , 32.20417 , 1.485472
26.357 , 52.11719 , 32.15839 , 1.526672
26.359 , 52.14008 , 32.15839 , 1.579315
26.362 , 52.20874 , 32.20417 , 1.638824
26.364 , 52.2774 , 32.15839 , 1.698336
26.367 , 52.2774 , 32.1355 , 1.739534
26.369 , 52.34608 , 32.15839 , 1.794468
26.371 , 52.36897 , 32.1355 , 1.831089
26.374 , 52.41474 , 32.1355 , 1.879156
26.376 , 52.48341 , 32.1355 , 1.92951
26.379 , 52.57496 , 32.1355 , 1.963842
26.381 , 52.50629 , 32.15839 , 2.005043
26.383 , 52.52918 , 32.11261 , 1.973
26.386 , 52.34608 , 32.11261 , 1.684603
26.388 , 51.79675 , 32.15839 , 1.201654
26.391 , 51.38476 , 32.11261 , 0.8285713
26.393 , 51.17876 , 32.11261 , 0.6179962
26.396 , 51.0872 , 32.06683 , 0.5859528
26.398 , 51.15587 , 32.06683 , 0.7095509
26.4 , 51.40765 , 32.11261 , 0.9613247
26.403 , 51.63653 , 32.06683 , 1.187922
26.405 , 51.79675 , 32.11261 , 1.334408
26.408 , 51.79675 , 32.04395 , 1.373318
26.41 , 51.81964 , 32.06683 , 1.325253
26.412 , 51.72808 , 32.04395 , 1.229122
26.415 , 51.63653 , 32.04395 , 1.128412
26.417 , 51.4992 , 32.06683 , 1.059746
26.42 , 51.43053 , 32.06683 , 1.025412
26.422 , 51.47631 , 32.04395 , 1.036858
26.424 , 51.47631 , 32.06683 , 1.064323
26.427 , 51.4992 , 32.04395 , 1.094078
26.429 , 51.54498 , 31.99817 , 1.114677
26.431 , 51.54498 , 31.99817 , 1.119255
26.434 , 51.4992 , 32.04395 , 1.105522
26.436 , 51.54498 , 31.99817 , 1.084923
26.439 , 51.47631 , 31.99817 , 1.064323
26.441 , 51.47631 , 31.99817 , 1.046013
26.443 , 51.43053 , 31.97528 , 1.036858
26.446 , 51.40765 , 31.97528 , 1.036858
26.448 , 51.38476 , 31.97528 , 1.041435
26.451 , 51.40765 , 31.97528 , 1.041435
26.453 , 51.40765 , 31.97528 , 1.036858
26.455 , 51.40765 , 31.97528 , 1.03228
26.458 , 51.38476 , 31.97528 , 1.020834
26.46 , 51.33898 , 31.97528 , 1.011679
26.463 , 51.31609 , 31.9295 , 1.002523
26.465 , 51.27032 , 31.9295 , 0.9933681
26.467 , 51.27032 , 31.9295 , 0.9887905
26.47 , 51.31609 , 31.90661 , 0.9842129
26.472 , 51.24743 , 31.9295 , 0.9796352
26.475 , 51.24743 , 31.97528 , 0.9750576
26.477 , 51.27032 , 31.90661 , 0.97048
26.48 , 51.24743 , 31.9295 , 0.9659023
26.482 , 51.24743 , 31.90661 , 0.9613247
26.485 , 51.17876 , 31.9295 , 0.9567471
26.487 , 51.20165 , 31.90661 , 0.9521694
26.489 , 51.15587 , 31.88373 , 0.9384365
26.492 , 51.17876 , 31.90661 , 0.933857
26.494 , 51.15587 , 31.90661 , 0.933857
26.497 , 51.15587 , 31.88373 , 0.9109688
26.499 , 51.04143 , 31.88373 , 0.8011055
26.502 , 50.99565 , 31.88373 , 0.782795
26.504 , 51.04143 , 31.88373 , 0.8239937
26.506 , 51.0872 , 31.88373 , 0.8857918
26.509 , 51.17876 , 31.88373 , 0.9155464
26.511 , 51.0872 , 31.81506 , 0.8629036
26.514 , 50.99565 , 31.88373 , 0.8148384
26.516 , 50.99565 , 31.81506 , 0.7484627
26.518 , 50.88121 , 31.83795 , 0.6500397
26.521 , 50.78965 , 31.83795 , 0.5996857
26.523 , 50.76676 , 31.83795 , 0.5905304
26.526 , 50.76676 , 31.81506 , 0.595108
26.528 , 50.83543 , 31.76928 , 0.6317291
26.531 , 50.85832 , 31.81506 , 0.645462
26.533 , 50.83543 , 31.76928 , 0.6271515
26.535 , 50.78965 , 31.76928 , 0.6088409
26.538 , 50.72099 , 31.81506 , 0.5653534
26.54 , 50.65232 , 31.81506 , 0.5149994
26.543 , 50.62943 , 31.76928 , 0.4875336
26.545 , 50.60654 , 31.76928 , 0.4371777
26.548 , 50.53788 , 31.76928 , 0.3914013
26.55 , 50.4921 , 31.7464 , 0.3685112
26.552 , 50.46922 , 31.76928 , 0.3639336
26.555 , 50.4921 , 31.76928 , 0.3868237
26.557 , 50.4921 , 31.72351 , 0.4097118
26.56 , 50.53788 , 31.76928 , 0.4234447
26.562 , 50.4921 , 31.7464 , 0.3914013
26.565 , 50.4921 , 31.67773 , 0.3730907
26.567 , 50.46922 , 31.7464 , 0.3296013
26.569 , 50.40055 , 31.72351 , 0.3227348
26.572 , 50.40055 , 31.7464 , 0.3135796
26.574 , 50.40055 , 31.76928 , 0.2906914
26.577 , 50.37766 , 31.7464 , 0.2769566
26.579 , 50.37766 , 31.72351 , 0.2288914
26.59 , 50.24033 , 31.67773 , 0.2014256
26.592 , 50.28611 , 31.67773 , 0.1876926
26.595 , 50.24033 , 31.67773 , 0.1533585
26.597 , 50.21744 , 31.65484 , 0.1579361
26.599 , 50.21744 , 31.67773 , 0.1533585
26.602 , 50.17167 , 31.65484 , 0.1304703
26.604 , 50.14878 , 31.67773 , 0.121315
26.607 , 50.14878 , 31.67773 , 0.1030045
26.609 , 50.103 , 31.65484 , 0.08927155
26.612 , 50.103 , 31.65484 , 0.09384918
26.614 , 50.08011 , 31.60907 , 0.09384918
26.617 , 50.103 , 31.65484 , 0.1075821
26.619 , 50.14878 , 31.58617 , 0.1258926
26.621 , 50.14878 , 31.58617 , 0.1258926
26.624 , 50.103 , 31.60907 , 0.1258926
26.626 , 50.103 , 31.65484 , 0.1075821
26.629 , 50.08011 , 31.5404 , 0.1167374
26.631 , 50.08011 , 31.58617 , 0.09384918
26.634 , 50.01144 , 31.5404 , 0.06867218
26.636 , 49.98856 , 31.58617 , 0.045784
26.639 , 49.98856 , 31.58617 , 0.02289581
26.641 , 49.98856 , 31.58617 , 0.004585266
26.644 , 49.98856 , 31.58617 , -0.01372719
26.647 , 49.94278 , 31.58617 , -0.004571915
26.649 , 49.94278 , 31.5404 , 0.02747345
26.652 , 49.98856 , 31.49462 , 0.02747345
26.654 , 49.91989 , 31.5404 , 0.004585266
26.657 , 49.91989 , 31.5404 , -0.01830482
26.66 , 49.85123 , 31.5404 , -0.04577065
26.662 , 49.85123 , 31.51751 , -0.0778141
26.665 , 49.82834 , 31.51751 , -0.08696938
26.668 , 49.85123 , 31.51751 , -0.07323647
26.67 , 49.85123 , 31.49462 , -0.05492592
26.673 , 49.82834 , 31.49462 , -0.06865883
26.675 , 49.78256 , 31.49462 , -0.0778141
26.678 , 49.75967 , 31.51751 , -0.1007042
26.68 , 49.7139 , 31.49462 , -0.1144371
26.683 , 49.7139 , 31.51751 , -0.1419029
26.685 , 49.69101 , 31.44884 , -0.1464806
26.688 , 49.69101 , 31.44884 , -0.1327477
26.69 , 49.7139 , 31.44884 , -0.1190147
26.693 , 49.7139 , 31.44884 , -0.12817
26.695 , 49.7139 , 31.44884 , -0.1419029
26.697 , 49.69101 , 31.49462 , -0.1556358
26.7 , 49.66811 , 31.42596 , -0.1853905
26.702 , 49.59945 , 31.49462 , -0.2105675
26.705 , 49.59945 , 31.44884 , -0.2151451
26.707 , 49.62234 , 31.42596 , -0.1945457
26.71 , 49.62234 , 31.44884 , -0.178524
26.712 , 49.59945 , 31.44884 , -0.1899681
26.714 , 49.59945 , 31.42596 , -0.203701
26.717 , 49.55367 , 31.44884 , -0.2197227
26.719 , 49.53078 , 31.49462 , -0.2448997
26.722 , 49.5079 , 31.44884 , -0.2586327
26.724 , 49.53078 , 31.42596 , -0.2723656
26.727 , 49.5079 , 31.42596 , -0.254055
26.729 , 49.53078 , 31.42596 , -0.2403221
26.732 , 49.5079 , 31.42596 , -0.2494774
26.734 , 49.53078 , 31.38018 , -0.2586327
26.736 , 49.5079 , 31.38018 , -0.2815208
26.739 , 49.46212 , 31.38018 , -0.2952557
26.741 , 49.37057 , 31.38018 , -0.3227215
26.744 , 49.39346 , 31.38018 , -0.3272991
26.746 , 49.39346 , 31.35729 , -0.3181438
26.748 , 49.43923 , 31.31151 , -0.2998333
26.751 , 49.43923 , 31.35729 , -0.2998333
26.753 , 49.37057 , 31.31151 , -0.3135662
26.756 , 49.37057 , 31.31151 , -0.3318768
26.758 , 49.34768 , 31.31151 , -0.3456097
26.761 , 49.34768 , 31.28862 , -0.3684978
26.763 , 49.3019 , 31.31151 , -0.3776531
26.765 , 49.27901 , 31.28862 , -0.3639202
26.768 , 49.3019 , 31.26574 , -0.3501873
26.77 , 49.27901 , 31.28862 , -0.3547649
26.773 , 49.27901 , 31.28862 , -0.3639202
26.775 , 49.27901 , 31.26574 , -0.3868103
26.778 , 49.23323 , 31.26574 , -0.3982544
26.78 , 49.21034 , 31.21996 , -0.4211426
26.782 , 49.14168 , 31.28862 , -0.4302979
26.785 , 49.14168 , 31.21996 , -0.4211426
26.787 , 49.21034 , 31.21996 , -0.402832
26.79 , 49.21034 , 31.21996 , -0.4074097
26.792 , 49.14168 , 31.21996 , -0.4119873
26.795 , 49.14168 , 31.26574 , -0.4302979
26.797 , 49.11879 , 31.21996 , -0.4463196
26.799 , 49.11879 , 31.19707 , -0.4646301
26.802 , 49.0959 , 31.19707 , -0.4737873
26.804 , 49.05013 , 31.15129 , -0.4646301
26.807 , 49.0959 , 31.15129 , -0.4463196
26.809 , 49.05013 , 31.15129 , -0.4554749
26.812 , 49.05013 , 31.1284 , -0.4646301
26.814 , 49.05013 , 31.1284 , -0.4783649
26.816 , 48.98146 , 31.15129 , -0.5035419
26.819 , 48.98146 , 31.15129 , -0.5218525
26.821 , 48.98146 , 31.08263 , -0.5355854
26.824 , 48.95857 , 31.1284 , -0.5218525
26.826 , 48.95857 , 31.1284 , -0.5035419
26.829 , 48.98146 , 31.08263 , -0.5126972
26.831 , 48.95857 , 31.08263 , -0.5126972
26.833 , 48.93568 , 31.05974 , -0.5264301
26.836 , 48.93568 , 31.05974 , -0.540163
26.838 , 48.93568 , 31.05974 , -0.5630512
26.841 , 48.8899 , 31.08263 , -0.5722084
26.843 , 48.8899 , 31.08263 , -0.5630512
26.846 , 48.93568 , 31.08263 , -0.553896
26.848 , 48.8899 , 31.05974 , -0.553896
26.85 , 48.8899 , 31.03685 , -0.5630512
26.853 , 48.82124 , 31.05974 , -0.5722084
26.855 , 48.82124 , 30.99107 , -0.5928078
26.858 , 48.79835 , 31.05974 , -0.615696
26.86 , 48.79835 , 31.05974 , -0.6294289
26.863 , 48.79835 , 31.03685 , -0.6248512
26.865 , 48.79835 , 31.03685 , -0.6111183
26.867 , 48.79835 , 31.03685 , -0.6111183
26.87 , 48.77546 , 30.99107 , -0.6111183
26.872 , 48.79835 , 30.99107 , -0.6202736
26.875 , 48.72969 , 31.03685 , -0.6340065
26.877 , 48.72969 , 30.99107 , -0.6568947
26.88 , 48.72969 , 30.99107 , -0.66605
26.882 , 48.72969 , 30.99107 , -0.6614723
26.885 , 48.72969 , 30.99107 , -0.6477394
26.887 , 48.72969 , 30.96819 , -0.6568947
26.89 , 48.72969 , 30.96819 , -0.6614723
26.892 , 48.7068 , 30.92241 , -0.6752052
26.894 , 48.63813 , 30.96819 , -0.6889381
26.897 , 48.63813 , 30.96819 , -0.7141151
26.899 , 48.63813 , 30.92241 , -0.7232704
26.902 , 48.63813 , 30.96819 , -0.7186928
26.904 , 48.63813 , 30.92241 , -0.7003822
26.907 , 48.59236 , 30.92241 , -0.7095375
26.909 , 48.66102 , 30.89952 , -0.7049599
26.911 , 48.59236 , 30.89952 , -0.7232704
26.914 , 48.59236 , 30.92241 , -0.7324257
26.916 , 48.56947 , 30.89952 , -0.7530251
26.919 , 48.54658 , 30.89952 , -0.7713375
26.921 , 48.54658 , 30.92241 , -0.7621822
26.924 , 48.54658 , 30.89952 , -0.7484474
26.926 , 48.54658 , 30.89952 , -0.7530251
26.929 , 48.54658 , 30.89952 , -0.7576046
26.931 , 48.5008 , 30.87663 , -0.7713375
26.934 , 48.5008 , 30.89952 , -0.7873592
26.936 , 48.43214 , 30.89952 , -0.8148251
26.938 , 48.43214 , 30.87663 , -0.8239803
26.941 , 48.47791 , 30.89952 , -0.8148251
26.943 , 48.47791 , 30.87663 , -0.8010921
26.946 , 48.47791 , 30.87663 , -0.8010921
26.948 , 48.43214 , 30.87663 , -0.8056698
26.95 , 48.40925 , 30.83085 , -0.8194027
26.953 , 48.40925 , 30.83085 , -0.8239803
26.955 , 48.38636 , 30.80796 , -0.8468685
26.958 , 48.38636 , 30.83085 , -0.8560257
26.96 , 48.38636 , 30.89952 , -0.8560257
26.963 , 48.38636 , 30.83085 , -0.8422909
26.965 , 48.38636 , 30.80796 , -0.8468685
26.968 , 48.3177 , 30.83085 , -0.8514481
26.97 , 48.3177 , 30.80796 , -0.8789139
26.973 , 48.27192 , 30.80796 , -0.9109573
26.975 , 48.24903 , 30.80796 , -0.8697586
26.977 , 48.40925 , 30.76219 , -0.8010921
26.98 , 48.5008 , 30.76219 , -0.7530251
26.982 , 48.5008 , 30.76219 , -0.6935158
26.985 , 48.5008 , 30.76219 , -0.6614723
26.987 , 48.54658 , 30.76219 , -0.66605
26.99 , 48.5008 , 30.76219 , -0.7049599
26.992 , 48.47791 , 30.76219 , -0.7438698
26.994 , 48.40925 , 30.69352 , -0.7713375
26.997 , 48.38636 , 30.69352 , -0.7873592
26.999 , 48.38636 , 30.7393 , -0.7827816
27.002 , 48.38636 , 30.76219 , -0.7576046
27.004 , 48.40925 , 30.7393 , -0.7392921
27.007 , 48.43214 , 30.7393 , -0.7186928
27.009 , 48.43214 , 30.7393 , -0.7095375
27.012 , 48.43214 , 30.7393 , -0.7049599
27.014 , 48.47791 , 30.67064 , -0.7049599
27.016 , 48.43214 , 30.69352 , -0.7095375
27.019 , 48.43214 , 30.69352 , -0.7095375
27.021 , 48.43214 , 30.69352 , -0.7095375
27.024 , 48.43214 , 30.67064 , -0.7049599
27.026 , 48.38636 , 30.69352 , -0.6935158
27.029 , 48.40925 , 30.64774 , -0.6614723
27.031 , 48.47791 , 30.69352 , -0.6294289
27.033 , 48.47791 , 30.60197 , -0.6340065
27.036 , 48.47791 , 30.64774 , -0.6477394
27.038 , 48.47791 , 30.64774 , -0.6385841
27.041 , 48.54658 , 30.69352 , -0.4943867
27.043 , 48.7068 , 30.64774 , -0.3318768
27.046 , 48.93568 , 30.64774 , -0.01372719
27.048 , 49.23323 , 30.64774 , 0.2105808
27.051 , 49.3019 , 30.60197 , 0.2380466
27.053 , 49.3019 , 30.57908 , 0.2380466
27.055 , 49.23323 , 30.60197 , 0.1876926
27.058 , 49.21034 , 30.57908 , 0.1442032
27.06 , 49.11879 , 30.57908 , 0.1258926
27.063 , 49.23323 , 30.60197 , 0.1968479
27.065 , 49.3019 , 30.57908 , 0.3433342
27.067 , 49.53078 , 30.5333 , 0.5104218
27.07 , 49.66811 , 30.57908 , 0.682085
27.072 , 49.85123 , 30.57908 , 0.8674812
27.075 , 49.94278 , 30.5333 , 0.9659023
27.077 , 49.98856 , 30.57908 , 0.9979458
27.08 , 49.94278 , 30.5333 , 1.011679
27.082 , 49.98856 , 30.5333 , 1.036858
27.084 , 50.01144 , 30.5333 , 1.055168
27.087 , 50.01144 , 30.60197 , 1.100945
27.089 , 50.08011 , 30.51041 , 1.1513
27.091 , 50.14878 , 30.51041 , 1.215389
27.102 , 50.37766 , 30.46464 , 1.471739
27.105 , 50.40055 , 30.51041 , 1.522095
27.107 , 50.46922 , 30.51041 , 1.561005
27.109 , 50.4921 , 30.46464 , 1.611359
27.112 , 50.56077 , 30.44175 , 1.66629
27.114 , 50.60654 , 30.46464 , 1.707491
27.117 , 50.56077 , 30.51041 , 1.684603
27.119 , 50.28611 , 30.46464 , 1.288631
27.121 , 49.75967 , 30.46464 , 0.8285713
27.124 , 49.46212 , 30.46464 , 0.5424652
27.126 , 49.27901 , 30.46464 , 0.3685112
27.129 , 49.14168 , 30.46464 , 0.3387566
27.131 , 49.3019 , 30.44175 , 0.469223
27.133 , 49.53078 , 30.44175 , 0.7370167
27.136 , 49.7139 , 30.46464 , 0.9384365
27.138 , 49.85123 , 30.46464 , 1.050591
27.141 , 49.91989 , 30.44175 , 1.084923
27.143 , 49.91989 , 30.46464 , 1.046013
27.145 , 49.82834 , 30.44175 , 0.9430141
27.148 , 49.69101 , 30.44175 , 0.8537483
27.15 , 49.59945 , 30.44175 , 0.8011055
27.153 , 49.59945 , 30.44175 , 0.782795
27.155 , 49.62234 , 30.41886 , 0.7919502
27.158 , 49.62234 , 30.44175 , 0.8239937
27.16 , 49.66811 , 30.44175 , 0.8491707
27.162 , 49.66811 , 30.41886 , 0.8674812
27.165 , 49.66811 , 30.46464 , 0.8674812
27.167 , 49.62234 , 30.41886 , 0.858326
27.17 , 49.59945 , 30.41886 , 0.8377266
27.172 , 49.62234 , 30.37308 , 0.8239937
27.175 , 49.53078 , 30.37308 , 0.8148384
27.177 , 49.59945 , 30.41886 , 0.8148384
27.179 , 49.55367 , 30.37308 , 0.8239937
27.182 , 49.55367 , 30.37308 , 0.8285713
27.184 , 49.59945 , 30.41886 , 0.8285713
27.187 , 49.55367 , 30.37308 , 0.8285713
27.189 , 49.55367 , 30.35019 , 0.8285713
27.192 , 49.53078 , 30.35019 , 0.819416
27.194 , 49.53078 , 30.35019 , 0.8148384
27.196 , 49.55367 , 30.37308 , 0.8102608
27.199 , 49.53078 , 30.30442 , 0.8102608
27.201 , 49.53078 , 30.37308 , 0.8102608
27.204 , 49.5079 , 30.35019 , 0.8056831
27.206 , 49.5079 , 30.30442 , 0.8056831
27.208 , 49.46212 , 30.30442 , 0.8011055
27.211 , 49.5079 , 30.30442 , 0.8011055
27.213 , 49.5079 , 30.28153 , 0.8011055
27.216 , 49.46212 , 30.30442 , 0.7965279
27.218 , 49.46212 , 30.28153 , 0.7919502
27.22 , 49.5079 , 30.30442 , 0.7873726
27.223 , 49.43923 , 30.28153 , 0.782795
27.225 , 49.43923 , 30.23575 , 0.7782173
27.228 , 49.39346 , 30.23575 , 0.7713509
27.23 , 49.37057 , 30.28153 , 0.7667732
27.232 , 49.37057 , 30.23575 , 0.7621956
27.235 , 49.37057 , 30.23575 , 0.757618
27.237 , 49.37057 , 30.21286 , 0.7621956
27.24 , 49.37057 , 30.21286 , 0.7484627
27.242 , 49.34768 , 30.21286 , 0.7484627
27.245 , 49.37057 , 30.21286 , 0.7438831
27.247 , 49.27901 , 30.18998 , 0.7278614
27.249 , 49.27901 , 30.1442 , 0.6637745
27.252 , 49.14168 , 30.1442 , 0.6317291
27.254 , 49.14168 , 30.18998 , 0.645462
27.257 , 49.21034 , 30.1442 , 0.6866627
27.259 , 49.3019 , 30.1442 , 0.7621956
27.261 , 49.27901 , 30.18998 , 0.7278614
27.264 , 49.23323 , 30.07553 , 0.6775074
27.266 , 49.14168 , 30.1442 , 0.6179962
27.269 , 49.0959 , 30.05264 , 0.5561981
27.271 , 49.05013 , 30.07553 , 0.519577
27.274 , 49.02724 , 30.07553 , 0.5012665
27.276 , 48.98146 , 30.07553 , 0.5058441
27.278 , 49.02724 , 30.1442 , 0.519577
27.281 , 49.05013 , 30.07553 , 0.5424652
27.283 , 49.02724 , 30.07553 , 0.5470428
27.286 , 49.0959 , 30.07553 , 0.5470428
27.288 , 49.0959 , 30.02975 , 0.5561981
27.29 , 49.05013 , 30.05264 , 0.5378876
27.293 , 48.98146 , 30.05264 , 0.5058441
27.295 , 48.98146 , 30.05264 , 0.4829559
27.298 , 48.93568 , 30.05264 , 0.4600658
27.3 , 48.93568 , 30.02975 , 0.4326
27.302 , 48.93568 , 30.05264 , 0.4142895
27.305 , 48.93568 , 30.02975 , 0.4142895
27.307 , 48.82124 , 30.05264 , 0.3868237
27.31 , 48.82124 , 30.02975 , 0.3433342
27.312 , 48.77546 , 30.02975 , 0.295269
27.315 , 48.72969 , 29.98398 , 0.2609348
27.317 , 48.72969 , 29.98398 , 0.2426243
27.319 , 48.66102 , 29.98398 , 0.2472019
27.322 , 48.7068 , 29.98398 , 0.2815361
27.324 , 48.72969 , 29.96109 , 0.295269
27.327 , 48.72969 , 29.98398 , 0.2906914
27.329 , 48.7068 , 29.98398 , 0.2769566
27.332 , 48.66102 , 29.96109 , 0.2426243
27.334 , 48.63813 , 29.98398 , 0.2105808
27.336 , 48.63813 , 29.98398 , 0.1968479
27.339 , 48.59236 , 29.98398 , 0.2060032
27.341 , 48.59236 , 29.96109 , 0.1968479
27.344 , 48.56947 , 29.98398 , 0.1808243
27.346 , 48.56947 , 29.91531 , 0.1670914
27.349 , 48.54658 , 29.91531 , 0.1487808
27.351 , 48.5008 , 29.91531 , 0.1167374
27.354 , 48.47791 , 29.91531 , 0.1167374
27.356 , 48.5008 , 29.89242 , 0.121315
27.358 , 48.47791 , 29.89242 , 0.1167374
27.361 , 48.47791 , 29.91531 , 0.1075821
27.363 , 48.43214 , 29.91531 , 0.08927155
27.366 , 48.43214 , 29.89242 , 0.08011627
27.368 , 48.43214 , 29.89242 , 0.08469391
27.371 , 48.43214 , 29.89242 , 0.09384918
27.373 , 48.47791 , 29.89242 , 0.1167374
27.376 , 48.47791 , 29.84665 , 0.1396255
27.378 , 48.47791 , 29.84665 , 0.1350479
27.381 , 48.43214 , 29.89242 , 0.1121597
27.383 , 48.40925 , 29.84665 , 0.06867218
27.386 , 48.34058 , 29.84665 , 0.02747345
27.388 , 48.27192 , 29.89242 , -0.004571915
27.391 , 48.24903 , 29.84665 , -0.01372719
27.393 , 48.24903 , 29.82376 , -0.009149551
27.396 , 48.27192 , 29.82376 , 0.01145172
27.399 , 48.27192 , 29.82376 , 0.03662872
27.401 , 48.3177 , 29.84665 , 0.03662872
27.404 , 48.20325 , 29.84665 , 0.01602936
27.407 , 48.20325 , 29.82376 , -0.009149551
27.409 , 48.20325 , 29.82376 , -0.04577065
27.412 , 48.18036 , 29.80087 , -0.06408119
27.414 , 48.15747 , 29.80087 , -0.06865883
27.417 , 48.11169 , 29.82376 , -0.06865883
27.42 , 48.11169 , 29.82376 , -0.06408119
27.422 , 48.15747 , 29.80087 , -0.04577065
27.425 , 48.15747 , 29.80087 , -0.03661537
27.427 , 48.15747 , 29.80087 , -0.06408119
27.43 , 48.11169 , 29.82376 , -0.08239174
27.433 , 48.08881 , 29.84665 , -0.1098595
27.435 , 48.08881 , 29.82376 , -0.1235924
27.437 , 48.02014 , 29.82376 , -0.1327477
27.44 , 48.04303 , 29.82376 , -0.1464806
27.442 , 47.95148 , 29.82376 , -0.1510582
27.445 , 48.02014 , 29.80087 , -0.1373253
27.447 , 48.02014 , 29.80087 , -0.1144371
27.449 , 48.02014 , 29.75509 , -0.1098595
27.452 , 47.95148 , 29.80087 , -0.1190147
27.454 , 47.95148 , 29.80087 , -0.1464806
27.457 , 47.92859 , 29.75509 , -0.1693687
27.459 , 47.88281 , 29.80087 , -0.1853905
27.462 , 47.88281 , 29.80087 , -0.1945457
27.464 , 47.88281 , 29.75509 , -0.1991234
27.467 , 47.85992 , 29.80087 , -0.203701
27.469 , 47.88281 , 29.75509 , -0.1945457
27.472 , 47.92859 , 29.75509 , -0.1693687
27.474 , 47.88281 , 29.75509 , -0.1647911
27.476 , 47.85992 , 29.75509 , -0.1739464
27.479 , 47.85992 , 29.7322 , -0.1991234
27.481 , 47.83703 , 29.7322 , -0.228878
27.484 , 47.83703 , 29.68643 , -0.2494774
27.486 , 47.79126 , 29.7322 , -0.254055
27.488 , 47.79126 , 29.66354 , -0.2586327
27.491 , 47.76837 , 29.68643 , -0.254055
27.493 , 47.79126 , 29.68643 , -0.2357445
27.496 , 47.79126 , 29.68643 , -0.228878
27.498 , 47.79126 , 29.68643 , -0.2403221
27.501 , 47.76837 , 29.66354 , -0.2357445
27.503 , 47.72259 , 29.68643 , -0.254055
27.506 , 47.6997 , 29.61776 , -0.2769432
27.508 , 47.6997 , 29.66354 , -0.2952557
27.511 , 47.65392 , 29.66354 , -0.3044109
27.513 , 47.65392 , 29.61776 , -0.3044109
27.515 , 47.6997 , 29.59487 , -0.290678
27.518 , 47.65392 , 29.61776 , -0.2723656
27.52 , 47.6997 , 29.59487 , -0.2723656
27.523 , 47.65392 , 29.59487 , -0.2861004
27.525 , 47.65392 , 29.52621 , -0.2998333
27.528 , 47.60815 , 29.50332 , -0.3044109
27.53 , 47.60815 , 29.50332 , -0.3181438
27.532 , 47.53948 , 29.50332 , -0.341032
27.535 , 47.56237 , 29.50332 , -0.3547649
27.537 , 47.56237 , 29.50332 , -0.3639202
27.54 , 47.56237 , 29.50332 , -0.3456097
27.542 , 47.60815 , 29.52621 , -0.3135662
27.544 , 47.56237 , 29.50332 , -0.3135662
27.547 , 47.56237 , 29.45754 , -0.3318768
27.549 , 47.56237 , 29.45754 , -0.3456097
27.552 , 47.53948 , 29.45754 , -0.3547649
27.554 , 47.47082 , 29.45754 , -0.3684978
27.557 , 47.47082 , 29.43465 , -0.3868103
27.559 , 47.44793 , 29.45754 , -0.3982544
27.562 , 47.47082 , 29.45754 , -0.4074097
27.564 , 47.44793 , 29.43465 , -0.3913879
27.566 , 47.49371 , 29.43465 , -0.3684978
27.569 , 47.44793 , 29.43465 , -0.3639202
27.571 , 47.44793 , 29.43465 , -0.3776531
27.574 , 47.44793 , 29.38888 , -0.3982544
27.576 , 47.40215 , 29.43465 , -0.4211426
27.579 , 47.37926 , 29.43465 , -0.4302979
27.581 , 47.40215 , 29.43465 , -0.4394531
27.584 , 47.37926 , 29.38888 , -0.4463196
27.586 , 47.37926 , 29.36599 , -0.4600525
27.588 , 47.33348 , 29.43465 , -0.4463196
27.591 , 47.33348 , 29.38888 , -0.4302979
27.593 , 47.37926 , 29.36599 , -0.4257202
27.596 , 47.37926 , 29.36599 , -0.4257202
27.598 , 47.3106 , 29.38888 , -0.4463196
27.601 , 47.3106 , 29.36599 , -0.4692078
27.603 , 47.26482 , 29.36599 , -0.4943867
27.606 , 47.24193 , 29.3431 , -0.4989643
27.616 , 47.24193 , 29.36599 , -0.4692078
27.619 , 47.24193 , 29.3431 , -0.4783649
27.621 , 47.24193 , 29.38888 , -0.4989643
27.624 , 47.21904 , 29.36599 , -0.5218525
27.626 , 47.17327 , 29.29732 , -0.5310078
27.629 , 47.17327 , 29.36599 , -0.5447407
27.631 , 47.1046 , 29.3431 , -0.553896
27.634 , 47.15038 , 29.29732 , -0.5630512
27.636 , 47.15038 , 29.3431 , -0.5493183
27.638 , 47.17327 , 29.3431 , -0.5310078
27.641 , 47.15038 , 29.3431 , -0.5218525
27.643 , 47.15038 , 29.36599 , -0.5264301
27.646 , 47.1046 , 29.3431 , -0.5493183
27.648 , 47.08171 , 29.27443 , -0.5676308
27.651 , 47.08171 , 29.27443 , -0.5928078
27.653 , 47.05882 , 29.22866 , -0.5928078
27.655 , 47.01305 , 29.27443 , -0.5973854
27.658 , 47.05882 , 29.27443 , -0.6065407
27.66 , 47.05882 , 29.29732 , -0.5928078
27.663 , 47.08171 , 29.27443 , -0.5722084
27.665 , 47.05882 , 29.27443 , -0.5676308
27.668 , 47.05882 , 29.27443 , -0.5722084
27.67 , 47.01305 , 29.22866 , -0.5973854
27.672 , 47.01305 , 29.22866 , -0.6202736
27.675 , 46.94438 , 29.27443 , -0.6431618
27.677 , 46.99016 , 29.22866 , -0.6431618
27.68 , 46.94438 , 29.27443 , -0.6431618
27.682 , 46.92149 , 29.27443 , -0.6431618
27.685 , 46.92149 , 29.20577 , -0.6294289
27.687 , 46.94438 , 29.22866 , -0.6202736
27.689 , 46.94438 , 29.18288 , -0.6294289
27.692 , 46.94438 , 29.18288 , -0.6202736
27.694 , 46.92149 , 29.18288 , -0.6294289
27.697 , 46.92149 , 29.20577 , -0.652317
27.699 , 46.92149 , 29.20577 , -0.6752052
27.702 , 46.89861 , 29.20577 , -0.6889381
27.704 , 46.89861 , 29.18288 , -0.6843605
27.707 , 46.89861 , 29.18288 , -0.6797829
27.709 , 46.85283 , 29.18288 , -0.6568947
27.712 , 46.89861 , 29.18288 , -0.6568947
27.714 , 46.85283 , 29.18288 , -0.66605
27.717 , 46.82994 , 29.1371 , -0.6752052
27.719 , 46.85283 , 29.18288 , -0.6935158
27.722 , 46.78416 , 29.18288 , -0.7392921
27.724 , 46.7155 , 29.1371 , -0.7392921
27.726 , 46.78416 , 29.1371 , -0.6797829
27.729 , 46.89861 , 29.11421 , -0.615696
27.731 , 46.89861 , 29.1371 , -0.553896
27.734 , 46.94438 , 29.1371 , -0.5126972
27.736 , 46.94438 , 29.06844 , -0.4989643
27.738 , 46.94438 , 29.11421 , -0.5218525
27.741 , 46.92149 , 29.11421 , -0.553896
27.743 , 46.89861 , 29.11421 , -0.5973854
27.746 , 46.82994 , 29.06844 , -0.6065407
27.748 , 46.82994 , 29.04555 , -0.615696
27.751 , 46.82994 , 29.06844 , -0.601963
27.753 , 46.85283 , 29.04555 , -0.576786
27.756 , 46.89861 , 29.06844 , -0.5584736
27.758 , 46.85283 , 29.04555 , -0.5447407
27.76 , 46.85283 , 29.06844 , -0.540163
27.763 , 46.85283 , 29.04555 , -0.5355854
27.765 , 46.85283 , 29.06844 , -0.540163
27.768 , 46.85283 , 29.04555 , -0.540163
27.77 , 46.85283 , 29.04555 , -0.5447407
27.773 , 46.85283 , 28.99977 , -0.540163
27.775 , 46.85283 , 28.99977 , -0.5310078
27.778 , 46.85283 , 28.99977 , -0.5172749
27.78 , 46.89861 , 28.99977 , -0.4783649
27.783 , 46.89861 , 28.99977 , -0.4646301
27.785 , 46.89861 , 28.97688 , -0.4783649
27.787 , 46.85283 , 28.95399 , -0.489809
27.79 , 46.92149 , 28.99977 , -0.3913879
27.792 , 47.05882 , 28.97688 , -0.2586327
27.795 , 47.21904 , 28.97688 , -0.03661537
27.797 , 47.60815 , 28.97688 , 0.3227348
27.8 , 47.6997 , 28.95399 , 0.3959789
27.802 , 47.72259 , 28.90822 , 0.3959789
27.805 , 47.65392 , 28.97688 , 0.3524895
27.807 , 47.60815 , 28.95399 , 0.2906914
27.81 , 47.56237 , 28.95399 , 0.2609348
27.812 , 47.56237 , 28.90822 , 0.3090019
27.815 , 47.65392 , 28.90822 , 0.4142895
27.817 , 47.83703 , 28.99977 , 0.5745087
27.82 , 48.02014 , 28.95399 , 0.7713509
27.822 , 48.18036 , 28.97688 , 0.9475918
27.824 , 48.34058 , 28.95399 , 1.07119
27.827 , 48.40925 , 28.95399 , 1.146723
27.829 , 48.43214 , 28.95399 , 1.174189
27.832 , 48.43214 , 28.95399 , 1.197077
27.834 , 48.47791 , 28.90822 , 1.206232
27.837 , 48.47791 , 28.90822 , 1.238277
27.839 , 48.5008 , 28.90822 , 1.284054
27.841 , 48.56947 , 28.90822 , 1.343563
27.844 , 48.63813 , 28.90822 , 1.409941
27.846 , 48.7068 , 28.88533 , 1.494627
27.849 , 48.77546 , 28.83955 , 1.551849
27.851 , 48.79835 , 28.88533 , 1.590759
27.854 , 48.86702 , 28.90822 , 1.629669
27.856 , 48.86702 , 28.83955 , 1.661713
27.858 , 48.77546 , 28.88533 , 1.476316
27.861 , 48.38636 , 28.88533 , 1.094078
27.863 , 47.95148 , 28.88533 , 0.7232838
27.866 , 47.6997 , 28.88533 , 0.4783783
27.868 , 47.53948 , 28.88533 , 0.3387566
27.871 , 47.49371 , 28.88533 , 0.382246
27.873 , 47.63103 , 28.88533 , 0.5470428
27.876 , 47.88281 , 28.83955 , 0.782795
27.878 , 48.08881 , 28.83955 , 0.933857
27.881 , 48.15747 , 28.83955 , 1.007101
27.883 , 48.18036 , 28.77089 , 1.016256
27.885 , 48.11169 , 28.83955 , 0.9475918
27.888 , 47.95148 , 28.81666 , 0.8674812
27.89 , 47.92859 , 28.81666 , 0.8056831
27.893 , 47.83703 , 28.81666 , 0.7621956
27.895 , 47.83703 , 28.81666 , 0.7667732
27.898 , 47.85992 , 28.81666 , 0.782795
27.9 , 47.85992 , 28.81666 , 0.8148384
27.903 , 47.88281 , 28.81666 , 0.833149
27.905 , 47.88281 , 28.77089 , 0.8377266
27.908 , 47.88281 , 28.77089 , 0.833149
27.91 , 47.85992 , 28.67933 , 0.8239937
27.912 , 47.83703 , 28.67933 , 0.8102608
27.915 , 47.83703 , 28.65644 , 0.8011055
27.917 , 47.83703 , 28.65644 , 0.8011055
27.92 , 47.79126 , 28.67933 , 0.8011055
27.922 , 47.83703 , 28.67933 , 0.8056831
27.925 , 47.79126 , 28.67933 , 0.8056831
27.927 , 47.79126 , 28.65644 , 0.8056831
27.929 , 47.83703 , 28.65644 , 0.7965279
27.932 , 47.79126 , 28.67933 , 0.7965279
27.934 , 47.79126 , 28.65644 , 0.7919502
27.937 , 47.72259 , 28.65644 , 0.7873726
27.939 , 47.76837 , 28.65644 , 0.782795
27.942 , 47.76837 , 28.65644 , 0.7782173
27.944 , 47.72259 , 28.61067 , 0.782795
27.947 , 47.72259 , 28.61067 , 0.7782173
27.949 , 47.72259 , 28.65644 , 0.7782173
27.952 , 47.76837 , 28.58778 , 0.7782173
27.954 , 47.72259 , 28.61067 , 0.7713509
27.956 , 47.6997 , 28.542 , 0.7667732
27.959 , 47.6997 , 28.51911 , 0.7667732
27.961 , 47.6997 , 28.542 , 0.757618
27.964 , 47.65392 , 28.542 , 0.757618
27.966 , 47.65392 , 28.51911 , 0.7484627
27.969 , 47.63103 , 28.49622 , 0.7438831
27.971 , 47.63103 , 28.49622 , 0.7370167
27.974 , 47.63103 , 28.49622 , 0.732439
27.976 , 47.63103 , 28.51911 , 0.7370167
27.978 , 47.63103 , 28.45045 , 0.732439
27.981 , 47.60815 , 28.49622 , 0.7278614
27.983 , 47.60815 , 28.49622 , 0.7232838
27.986 , 47.60815 , 28.45045 , 0.7187061
27.988 , 47.60815 , 28.49622 , 0.7141285
27.991 , 47.53948 , 28.45045 , 0.7095509
27.993 , 47.56237 , 28.49622 , 0.7049732
27.995 , 47.49371 , 28.45045 , 0.7003956
27.998 , 47.53948 , 28.49622 , 0.6271515
28.0 , 47.40215 , 28.42756 , 0.5310211
28.003 , 47.40215 , 28.42756 , 0.5745087
28.005 , 47.49371 , 28.38178 , 0.6317291
28.008 , 47.49371 , 28.42756 , 0.6866627
28.01 , 47.53948 , 28.42756 , 0.7141285
28.012 , 47.53948 , 28.38178 , 0.6958179
28.015 , 47.47082 , 28.38178 , 0.6546192
28.017 , 47.37926 , 28.42756 , 0.5516205
28.02 , 47.3106 , 28.38178 , 0.4829559
28.022 , 47.21904 , 28.38178 , 0.4417553
28.025 , 47.21904 , 28.38178 , 0.4326
28.027 , 47.24193 , 28.42756 , 0.4554882
28.029 , 47.21904 , 28.38178 , 0.4829559
28.032 , 47.3106 , 28.35889 , 0.5264435
28.034 , 47.3106 , 28.38178 , 0.5424652
28.037 , 47.3106 , 28.42756 , 0.519577
28.039 , 47.24193 , 28.35889 , 0.5012665
28.042 , 47.24193 , 28.35889 , 0.469223
28.044 , 47.17327 , 28.336 , 0.4463329
28.046 , 47.1046 , 28.35889 , 0.4280224
28.049 , 47.15038 , 28.336 , 0.4280224
28.051 , 47.17327 , 28.336 , 0.4417553
28.054 , 47.15038 , 28.35889 , 0.4417553
28.056 , 47.1046 , 28.336 , 0.4280224
28.058 , 47.15038 , 28.336 , 0.4097118
28.061 , 47.08171 , 28.336 , 0.382246
28.063 , 47.08171 , 28.336 , 0.3570671
28.066 , 47.05882 , 28.336 , 0.3227348
28.068 , 46.99016 , 28.26734 , 0.2998466
28.07 , 46.94438 , 28.29023 , 0.2906914
28.073 , 46.94438 , 28.29023 , 0.2815361
28.075 , 46.94438 , 28.26734 , 0.2563572
28.078 , 46.92149 , 28.29023 , 0.2426243
28.08 , 46.92149 , 28.29023 , 0.2243137
28.083 , 46.85283 , 28.26734 , 0.2105808
28.085 , 46.85283 , 28.26734 , 0.1922703
28.087 , 46.85283 , 28.22156 , 0.1876926
28.09 , 46.85283 , 28.26734 , 0.1968479
28.092 , 46.85283 , 28.26734 , 0.1968479
28.095 , 46.78416 , 28.26734 , 0.1808243
28.097 , 46.82994 , 28.26734 , 0.171669
28.1 , 46.78416 , 28.22156 , 0.1442032
28.102 , 46.76127 , 28.26734 , 0.1258926
28.104 , 46.7155 , 28.26734 , 0.1030045
28.107 , 46.7155 , 28.26734 , 0.1030045
28.109 , 46.69261 , 28.26734 , 0.1167374
28.112 , 46.7155 , 28.22156 , 0.1167374
28.114 , 46.66972 , 28.26734 , 0.1075821
28.116 , 46.69261 , 28.22156 , 0.1075821
28.119 , 46.7155 , 28.22156 , 0.09842682
28.13 , 46.69261 , 28.22156 , 0.09842682
28.132 , 46.66972 , 28.19867 , 0.1030045
28.135 , 46.69261 , 28.19867 , 0.09384918
28.137 , 46.62394 , 28.19867 , 0.07553864
28.14 , 46.66972 , 28.22156 , 0.06409454
28.143 , 46.60106 , 28.19867 , 0.04120636
28.145 , 46.55527 , 28.19867 , 0.01145172
28.148 , 46.53239 , 28.15289 , 7.629395e-06
28.15 , 46.53239 , 28.15289 , 7.629395e-06
28.153 , 46.53239 , 28.19867 , 7.629395e-06
28.156 , 46.53239 , 28.22156 , -0.009149551
28.158 , 46.53239 , 28.19867 , 7.629395e-06
28.161 , 46.55527 , 28.22156 , 0.01602936
28.164 , 46.53239 , 28.19867 , 0.01145172
28.166 , 46.5095 , 28.15289 , -0.004571915
28.169 , 46.46372 , 28.19867 , -0.03203773
28.171 , 46.46372 , 28.13001 , -0.04577065
28.174 , 46.46372 , 28.15289 , -0.05492592
28.177 , 46.39505 , 28.15289 , -0.06408119
28.179 , 46.39505 , 28.15289 , -0.0778141
28.182 , 46.39505 , 28.13001 , -0.0778141
28.184 , 46.39505 , 28.15289 , -0.07323647
28.187 , 46.37217 , 28.13001 , -0.05034828
28.189 , 46.39505 , 28.13001 , -0.05492592
28.192 , 46.39505 , 28.10712 , -0.06408119
28.195 , 46.37217 , 28.06134 , -0.07323647
28.197 , 46.34928 , 28.06134 , -0.09154701
28.2 , 46.3035 , 28.10712 , -0.1190147
28.202 , 46.28061 , 28.03845 , -0.12817
28.204 , 46.3035 , 28.06134 , -0.1327477
28.207 , 46.23484 , 28.06134 , -0.1327477
28.209 , 46.28061 , 28.03845 , -0.1373253
28.212 , 46.28061 , 28.06134 , -0.12817
28.214 , 46.28061 , 28.03845 , -0.1052818
28.216 , 46.28061 , 28.03845 , -0.1144371
28.219 , 46.3035 , 28.03845 , -0.1235924
28.221 , 46.23484 , 28.03845 , -0.12817
28.224 , 46.21194 , 28.03845 , -0.1510582
28.226 , 46.23484 , 27.99268 , -0.1647911
28.228 , 46.16617 , 27.99268 , -0.178524
28.231 , 46.12039 , 27.96979 , -0.1739464
28.233 , 46.12039 , 27.96979 , -0.1945457
28.236 , 46.14328 , 27.96979 , -0.1899681
28.238 , 46.14328 , 27.99268 , -0.178524
28.241 , 46.14328 , 27.96979 , -0.1647911
28.243 , 46.16617 , 27.96979 , -0.1693687
28.245 , 46.12039 , 27.90112 , -0.178524
28.248 , 46.12039 , 27.90112 , -0.1899681
28.25 , 46.07462 , 27.92401 , -0.2151451
28.253 , 46.05173 , 27.90112 , -0.228878
28.255 , 46.07462 , 27.90112 , -0.2403221
28.257 , 46.05173 , 27.90112 , -0.254055
28.26 , 46.05173 , 27.90112 , -0.2586327
28.262 , 46.05173 , 27.90112 , -0.254055
28.265 , 46.05173 , 27.90112 , -0.2494774
28.267 , 45.98306 , 27.87823 , -0.2448997
28.27 , 46.05173 , 27.87823 , -0.2357445
28.272 , 46.07462 , 27.83245 , -0.228878
28.274 , 46.00595 , 27.87823 , -0.2448997
28.277 , 46.00595 , 27.87823 , -0.2632103
28.279 , 45.98306 , 27.80957 , -0.2769432
28.282 , 45.96017 , 27.87823 , -0.290678
28.284 , 45.9144 , 27.87823 , -0.3044109
28.287 , 45.9144 , 27.80957 , -0.3089886
28.289 , 45.89151 , 27.76379 , -0.2998333
28.292 , 45.89151 , 27.83245 , -0.3044109
28.294 , 45.96017 , 27.83245 , -0.2998333
28.296 , 45.9144 , 27.87823 , -0.2815208
28.299 , 45.9144 , 27.83245 , -0.2815208
28.301 , 45.89151 , 27.83245 , -0.2952557
28.304 , 45.9144 , 27.83245 , -0.3135662
28.306 , 45.82284 , 27.83245 , -0.3272991
28.309 , 45.84573 , 27.80957 , -0.3456097
28.311 , 45.77707 , 27.80957 , -0.3593426
28.313 , 45.82284 , 27.83245 , -0.3547649
28.316 , 45.77707 , 27.80957 , -0.3593426
28.318 , 45.75418 , 27.83245 , -0.3593426
28.321 , 45.77707 , 27.80957 , -0.3456097
28.323 , 45.77707 , 27.80957 , -0.3318768
28.326 , 45.77707 , 27.80957 , -0.3318768
28.328 , 45.75418 , 27.76379 , -0.3456097
28.331 , 45.77707 , 27.76379 , -0.3593426
28.333 , 45.73129 , 27.7409 , -0.3684978
28.335 , 45.73129 , 27.76379 , -0.3822327
28.338 , 45.73129 , 27.76379 , -0.402832
28.34 , 45.73129 , 27.80957 , -0.3982544
28.343 , 45.68551 , 27.80957 , -0.3913879
28.345 , 45.68551 , 27.76379 , -0.402832
28.348 , 45.66262 , 27.76379 , -0.3913879
28.35 , 45.68551 , 27.7409 , -0.3776531
28.353 , 45.68551 , 27.7409 , -0.3776531
28.355 , 45.66262 , 27.7409 , -0.3913879
28.357 , 45.66262 , 27.7409 , -0.3982544
28.36 , 45.61684 , 27.7409 , -0.4074097
28.362 , 45.59396 , 27.7409 , -0.4302979
28.365 , 45.59396 , 27.69513 , -0.4394531
28.367 , 45.57107 , 27.7409 , -0.4394531
28.37 , 45.57107 , 27.7409 , -0.4394531
28.372 , 45.57107 , 27.69513 , -0.4508972
28.374 , 45.57107 , 27.7409 , -0.4348755
28.377 , 45.57107 , 27.69513 , -0.4165649
28.379 , 45.61684 , 27.69513 , -0.4211426
28.382 , 45.57107 , 27.69513 , -0.4302979
28.384 , 45.57107 , 27.67224 , -0.4302979
28.387 , 45.52529 , 27.69513 , -0.4463196
28.389 , 45.52529 , 27.64935 , -0.4692078
28.392 , 45.45663 , 27.64935 , -0.4783649
28.394 , 45.5024 , 27.67224 , -0.4783649
28.396 , 45.45663 , 27.67224 , -0.4783649
28.399 , 45.5024 , 27.64935 , -0.4829426
28.401 , 45.5024 , 27.67224 , -0.4737873
28.404 , 45.5024 , 27.60357 , -0.4508972
28.406 , 45.5024 , 27.64935 , -0.4554749
28.409 , 45.45663 , 27.60357 , -0.4646301
28.411 , 45.43374 , 27.64935 , -0.4692078
28.414 , 45.41085 , 27.60357 , -0.4829426
28.416 , 45.41085 , 27.60357 , -0.5081196
28.418 , 45.43374 , 27.58068 , -0.5126972
28.421 , 45.43374 , 27.60357 , -0.5172749
28.423 , 45.41085 , 27.58068 , -0.5218525
28.426 , 45.41085 , 27.60357 , -0.5218525
28.428 , 45.41085 , 27.60357 , -0.5126972
28.431 , 45.43374 , 27.5349 , -0.489809
28.433 , 45.41085 , 27.58068 , -0.4943867
28.435 , 45.41085 , 27.5349 , -0.4989643
28.438 , 45.43374 , 27.51202 , -0.4989643
28.44 , 45.41085 , 27.48913 , -0.5172749
28.443 , 45.36507 , 27.51202 , -0.5355854
28.445 , 45.34219 , 27.51202 , -0.540163
28.448 , 45.29641 , 27.48913 , -0.540163
28.45 , 45.34219 , 27.44335 , -0.5493183
28.452 , 45.29641 , 27.51202 , -0.553896
28.455 , 45.29641 , 27.44335 , -0.5447407
28.457 , 45.29641 , 27.51202 , -0.5310078
28.46 , 45.34219 , 27.44335 , -0.5264301
28.462 , 45.34219 , 27.48913 , -0.5310078
28.465 , 45.27352 , 27.48913 , -0.5310078
28.467 , 45.29641 , 27.44335 , -0.5493183
28.47 , 45.22774 , 27.42046 , -0.5722084
28.472 , 45.20485 , 27.44335 , -0.6202736
28.474 , 45.20485 , 27.42046 , -0.6111183
28.477 , 45.20485 , 27.44335 , -0.5447407
28.479 , 45.27352 , 27.42046 , -0.4829426
28.482 , 45.36507 , 27.42046 , -0.4348755
28.484 , 45.36507 , 27.37469 , -0.402832
28.486 , 45.36507 , 27.37469 , -0.3868103
28.489 , 45.34219 , 27.37469 , -0.4119873
28.491 , 45.34219 , 27.3518 , -0.4394531
28.494 , 45.29641 , 27.37469 , -0.4692078
28.496 , 45.27352 , 27.3518 , -0.489809
28.499 , 45.27352 , 27.37469 , -0.489809
28.501 , 45.27352 , 27.37469 , -0.4737873
28.504 , 45.27352 , 27.3518 , -0.4646301
28.506 , 45.29641 , 27.37469 , -0.4394531
28.508 , 45.27352 , 27.3518 , -0.4302979
28.511 , 45.29641 , 27.3518 , -0.4211426
28.513 , 45.27352 , 27.30602 , -0.4211426
28.516 , 45.27352 , 27.28313 , -0.4257202
28.518 , 45.27352 , 27.3518 , -0.4257202
28.52 , 45.27352 , 27.3518 , -0.4257202
28.523 , 45.22774 , 27.30602 , -0.4257202
28.525 , 45.27352 , 27.28313 , -0.4211426
28.528 , 45.22774 , 27.30602 , -0.402832
28.53 , 45.27352 , 27.28313 , -0.3684978
28.533 , 45.27352 , 27.26024 , -0.3501873
28.535 , 45.27352 , 27.28313 , -0.3593426
28.537 , 45.22774 , 27.28313 , -0.3730755
28.54 , 45.27352 , 27.28313 , -0.3044109
28.542 , 45.41085 , 27.28313 , -0.178524
28.545 , 45.59396 , 27.26024 , -0.01372719
28.547 , 45.84573 , 27.26024 , 0.3570671
28.549 , 46.05173 , 27.21447 , 0.5012665
28.552 , 46.05173 , 27.21447 , 0.5012665
28.554 , 46.05173 , 27.21447 , 0.4738007
28.557 , 45.98306 , 27.26024 , 0.4005566
28.559 , 45.9144 , 27.26024 , 0.3524895
28.562 , 45.9144 , 27.26024 , 0.3776684
28.564 , 45.96017 , 27.21447 , 0.4417553
28.566 , 46.12039 , 27.21447 , 0.6042633
28.569 , 46.23484 , 27.19158 , 0.7438831
28.571 , 46.44083 , 27.19158 , 0.9201241
28.574 , 46.55527 , 27.19158 , 1.07119
28.576 , 46.66972 , 27.21447 , 1.201654
28.579 , 46.69261 , 27.19158 , 1.25201
28.581 , 46.78416 , 27.1458 , 1.277187
28.583 , 46.78416 , 27.1458 , 1.302364
28.586 , 46.76127 , 27.1458 , 1.31152
28.588 , 46.78416 , 27.12291 , 1.338985
28.591 , 46.76127 , 27.12291 , 1.265743
28.593 , 46.53239 , 27.12291 , 0.9613247
28.596 , 46.12039 , 27.1458 , 0.5745087
28.598 , 45.84573 , 27.07713 , 0.2815361
28.6 , 45.66262 , 27.12291 , 0.1304703
28.603 , 45.57107 , 27.1458 , 0.1075821
28.605 , 45.66262 , 27.07713 , 0.2288914
28.608 , 45.84573 , 27.05424 , 0.4234447
28.61 , 45.98306 , 27.07713 , 0.6134186
28.612 , 46.12039 , 27.05424 , 0.7003956
28.615 , 46.16617 , 27.07713 , 0.732439
28.617 , 46.14328 , 27.05424 , 0.7049732
28.62 , 46.12039 , 27.07713 , 0.6363068
28.622 , 46.00595 , 27.05424 , 0.5561981
28.625 , 45.96017 , 27.05424 , 0.5058441
28.627 , 45.9144 , 27.05424 , 0.4921112
28.629 , 45.89151 , 27.05424 , 0.4966888
28.632 , 45.9144 , 27.05424 , 0.519577
28.643 , 45.98306 , 27.03136 , 0.5561981
28.645 , 45.96017 , 27.03136 , 0.5424652
28.647 , 45.96017 , 27.03136 , 0.5310211
28.65 , 45.9144 , 27.03136 , 0.519577
28.652 , 45.89151 , 26.98558 , 0.5264435
28.655 , 45.9144 , 26.98558 , 0.5310211
28.657 , 45.9144 , 27.03136 , 0.5424652
28.66 , 45.9144 , 26.98558 , 0.5378876
28.662 , 45.9144 , 27.03136 , 0.5378876
28.664 , 45.89151 , 26.98558 , 0.5310211
28.667 , 45.89151 , 27.03136 , 0.5310211
28.669 , 45.89151 , 26.91692 , 0.519577
28.672 , 45.89151 , 26.96269 , 0.519577
28.674 , 45.84573 , 26.96269 , 0.519577
28.677 , 45.89151 , 26.96269 , 0.519577
28.679 , 45.89151 , 26.91692 , 0.519577
28.681 , 45.82284 , 26.96269 , 0.5149994
28.684 , 45.84573 , 26.96269 , 0.5149994
28.686 , 45.89151 , 26.91692 , 0.5149994
28.689 , 45.82284 , 26.91692 , 0.5104218
28.691 , 45.82284 , 26.91692 , 0.5104218
28.694 , 45.77707 , 26.91692 , 0.5058441
28.696 , 45.82284 , 26.91692 , 0.5058441
28.699 , 45.77707 , 26.89402 , 0.5058441
28.701 , 45.77707 , 26.91692 , 0.5058441
28.703 , 45.77707 , 26.89402 , 0.5058441
28.706 , 45.75418 , 26.89402 , 0.5012665
28.708 , 45.77707 , 26.91692 , 0.5012665
28.711 , 45.75418 , 26.84825 , 0.4966888
28.713 , 45.75418 , 26.84825 , 0.4966888
28.716 , 45.75418 , 26.91692 , 0.4966888
28.718 , 45.75418 , 26.84825 , 0.4921112
28.72 , 45.75418 , 26.82536 , 0.4921112
28.723 , 45.75418 , 26.89402 , 0.4875336
28.725 , 45.75418 , 26.84825 , 0.4875336
28.728 , 45.73129 , 26.84825 , 0.4829559
28.73 , 45.73129 , 26.84825 , 0.4829559
28.733 , 45.73129 , 26.84825 , 0.4829559
28.735 , 45.73129 , 26.82536 , 0.4738007
28.738 , 45.68551 , 26.80247 , 0.4783783
28.74 , 45.66262 , 26.82536 , 0.4783783
28.743 , 45.68551 , 26.82536 , 0.469223
28.745 , 45.66262 , 26.82536 , 0.469223
28.747 , 45.66262 , 26.82536 , 0.4554882
28.75 , 45.57107 , 26.80247 , 0.3730907
28.752 , 45.5024 , 26.82536 , 0.3524895
28.755 , 45.57107 , 26.80247 , 0.3914013
28.757 , 45.59396 , 26.84825 , 0.4417553
28.76 , 45.68551 , 26.80247 , 0.5149994
28.762 , 45.68551 , 26.82536 , 0.4966888
28.764 , 45.66262 , 26.75669 , 0.4600658
28.767 , 45.59396 , 26.80247 , 0.4142895
28.769 , 45.5024 , 26.75669 , 0.3479118
28.772 , 45.45663 , 26.75669 , 0.3227348
28.774 , 45.43374 , 26.75669 , 0.2998466
28.777 , 45.45663 , 26.75669 , 0.3044243
28.779 , 45.45663 , 26.73381 , 0.3341789
28.782 , 45.5024 , 26.75669 , 0.3433342
28.784 , 45.5024 , 26.75669 , 0.3524895
28.787 , 45.45663 , 26.73381 , 0.3433342
28.789 , 45.45663 , 26.73381 , 0.3387566
28.791 , 45.41085 , 26.68803 , 0.3296013
28.794 , 45.41085 , 26.73381 , 0.3090019
28.796 , 45.43374 , 26.68803 , 0.3135796
28.799 , 45.43374 , 26.68803 , 0.3181572
28.801 , 45.43374 , 26.73381 , 0.3090019
28.804 , 45.41085 , 26.68803 , 0.2998466
28.806 , 45.41085 , 26.68803 , 0.2815361
28.808 , 45.36507 , 26.68803 , 0.2700901
28.811 , 45.36507 , 26.68803 , 0.2700901
28.813 , 45.34219 , 26.68803 , 0.2655125
28.816 , 45.34219 , 26.66514 , 0.2563572
28.818 , 45.34219 , 26.66514 , 0.2563572
28.82 , 45.34219 , 26.68803 , 0.2700901
28.823 , 45.34219 , 26.64225 , 0.2906914
28.825 , 45.29641 , 26.66514 , 0.2700901
28.828 , 45.29641 , 26.66514 , 0.2472019
28.83 , 45.27352 , 26.64225 , 0.2426243
28.833 , 45.22774 , 26.66514 , 0.2243137
28.835 , 45.22774 , 26.59648 , 0.2105808
28.837 , 45.22774 , 26.64225 , 0.1968479
28.84 , 45.22774 , 26.64225 , 0.1968479
28.842 , 45.18196 , 26.64225 , 0.1922703
28.845 , 45.18196 , 26.64225 , 0.1808243
28.847 , 45.20485 , 26.64225 , 0.1922703
28.85 , 45.18196 , 26.59648 , 0.1876926
28.852 , 45.18196 , 26.64225 , 0.1762466
28.854 , 45.13619 , 26.64225 , 0.1670914
28.857 , 45.13619 , 26.64225 , 0.1533585
28.859 , 45.06752 , 26.59648 , 0.1442032
28.862 , 45.06752 , 26.59648 , 0.1350479
28.864 , 45.1133 , 26.59648 , 0.1396255
28.867 , 45.13619 , 26.57359 , 0.1487808
28.869 , 45.06752 , 26.57359 , 0.1487808
28.871 , 45.1133 , 26.59648 , 0.1442032
28.874 , 45.06752 , 26.57359 , 0.1533585
28.876 , 45.06752 , 26.57359 , 0.1442032
28.879 , 45.1133 , 26.64225 , 0.1579361
28.881 , 45.04463 , 26.57359 , 0.1304703
28.883 , 45.02174 , 26.57359 , 0.1167374
28.886 , 45.02174 , 26.57359 , 0.09842682
28.889 , 45.04463 , 26.52781 , 0.09384918
28.891 , 44.95308 , 26.52781 , 0.08927155
28.894 , 44.97597 , 26.52781 , 0.08011627
28.896 , 44.95308 , 26.52781 , 0.08927155
28.899 , 44.95308 , 26.52781 , 0.06867218
28.902 , 44.97597 , 26.45914 , 0.08011627
28.904 , 44.9073 , 26.45914 , 0.06409454
28.907 , 44.9073 , 26.52781 , 0.05951691
28.909 , 44.9073 , 26.50492 , 0.05493927
28.912 , 44.88441 , 26.52781 , 0.05036163
28.915 , 44.88441 , 26.45914 , 0.08011627
28.917 , 44.88441 , 26.45914 , 0.06409454
28.92 , 44.88441 , 26.50492 , 0.05951691
28.922 , 44.9073 , 26.43626 , 0.05036163
28.925 , 44.86152 , 26.45914 , 0.04120636
28.927 , 44.86152 , 26.45914 , 0.02747345
28.93 , 44.81575 , 26.43626 , 0.004585266
28.933 , 44.79286 , 26.43626 , 0.01602936
28.935 , 44.81575 , 26.41337 , 7.629395e-06
28.938 , 44.81575 , 26.43626 , 0.01602936
28.94 , 44.74708 , 26.43626 , 7.629395e-06
28.943 , 44.79286 , 26.41337 , 7.629395e-06
28.946 , 44.79286 , 26.43626 , 7.629395e-06
28.948 , 44.74708 , 26.41337 , -0.01372719
28.951 , 44.74708 , 26.36759 , 0.01602936
28.954 , 44.74708 , 26.36759 , 7.629395e-06
28.956 , 44.74708 , 26.41337 , -0.009149551
28.959 , 44.74708 , 26.41337 , -0.01372719
28.962 , 44.72419 , 26.36759 , -0.02288246
28.964 , 44.67841 , 26.36759 , -0.03203773
28.967 , 44.65553 , 26.3447 , -0.04577065
28.969 , 44.65553 , 26.3447 , -0.04119301
28.972 , 44.65553 , 26.36759 , -0.05034828
28.975 , 44.63264 , 26.3447 , -0.04577065
28.977 , 44.63264 , 26.3447 , -0.05492592
28.98 , 44.63264 , 26.3447 , -0.05950356
28.983 , 44.63264 , 26.3447 , -0.05492592
28.985 , 44.63264 , 26.3447 , -0.06408119
28.988 , 44.63264 , 26.29892 , -0.04119301
28.99 , 44.58686 , 26.29892 , -0.05034828
28.993 , 44.58686 , 26.27604 , -0.06408119
28.996 , 44.58686 , 26.27604 , -0.06408119
28.998 , 44.58686 , 26.27604 , -0.08239174
29.001 , 44.56397 , 26.29892 , -0.08239174
29.003 , 44.58686 , 26.27604 , -0.1007042
29.006 , 44.5182 , 26.27604 , -0.09154701
29.008 , 44.5182 , 26.29892 , -0.1007042
29.011 , 44.49531 , 26.27604 , -0.09612465
29.013 , 44.49531 , 26.23026 , -0.1052818
29.016 , 44.5182 , 26.23026 , -0.1052818
29.018 , 44.49531 , 26.20737 , -0.1098595
29.02 , 44.49531 , 26.23026 , -0.1144371
29.023 , 44.49531 , 26.20737 , -0.09612465
29.025 , 44.5182 , 26.23026 , -0.1052818
29.028 , 44.49531 , 26.20737 , -0.1052818
29.03 , 44.42664 , 26.20737 , -0.1190147
29.032 , 44.47242 , 26.20737 , -0.1144371
29.035 , 44.42664 , 26.20737 , -0.1327477
29.037 , 44.47242 , 26.18448 , -0.1327477
29.04 , 44.47242 , 26.18448 , -0.1419029
29.042 , 44.47242 , 26.18448 , -0.1373253
29.045 , 44.42664 , 26.20737 , -0.1510582
29.047 , 44.42664 , 26.1387 , -0.1419029
29.049 , 44.40376 , 26.11581 , -0.1510582
29.052 , 44.40376 , 26.1387 , -0.1556358
29.054 , 44.40376 , 26.1387 , -0.1602135
29.056 , 44.40376 , 26.1387 , -0.1602135
29.059 , 44.42664 , 26.1387 , -0.1464806
29.061 , 44.40376 , 26.1387 , -0.1464806
29.064 , 44.40376 , 26.11581 , -0.1464806
29.066 , 44.40376 , 26.1387 , -0.1647911
29.068 , 44.33509 , 26.11581 , -0.1602135
29.071 , 44.33509 , 26.11581 , -0.1853905
29.073 , 44.33509 , 26.07004 , -0.178524
29.076 , 44.28931 , 26.11581 , -0.1991234
29.078 , 44.28931 , 26.11581 , -0.1899681
29.081 , 44.26642 , 26.11581 , -0.1991234
29.083 , 44.26642 , 26.07004 , -0.1899681
29.085 , 44.26642 , 26.07004 , -0.1991234
29.088 , 44.28931 , 26.07004 , -0.1991234
29.09 , 44.24353 , 26.04715 , -0.2105675
29.093 , 44.26642 , 26.07004 , -0.203701
29.095 , 44.26642 , 26.00137 , -0.1945457
29.097 , 44.26642 , 26.04715 , -0.1899681
29.1 , 44.26642 , 26.04715 , -0.1945457
29.102 , 44.19776 , 26.04715 , -0.2151451
29.105 , 44.24353 , 26.00137 , -0.2105675
29.107 , 44.19776 , 26.04715 , -0.228878
29.11 , 44.17487 , 26.04715 , -0.228878
29.112 , 44.12909 , 26.00137 , -0.2448997
29.114 , 44.17487 , 25.9556 , -0.228878
29.117 , 44.12909 , 25.9556 , -0.2403221
29.119 , 44.17487 , 25.9556 , -0.2357445
29.122 , 44.12909 , 26.00137 , -0.2403221
29.124 , 44.12909 , 25.9556 , -0.2357445
29.126 , 44.12909 , 25.9556 , -0.2448997
29.129 , 44.12909 , 25.90982 , -0.2448997
29.131 , 44.1062 , 25.9556 , -0.228878
29.134 , 44.1062 , 25.90982 , -0.2357445
29.136 , 44.1062 , 25.9556 , -0.228878
29.139 , 44.03754 , 25.9556 , -0.2494774
29.141 , 44.03754 , 25.88693 , -0.2494774
29.144 , 44.03754 , 25.90982 , -0.2677879
29.146 , 44.03754 , 25.88693 , -0.2632103
29.148 , 44.01465 , 25.88693 , -0.2769432
29.151 , 44.01465 , 25.88693 , -0.2723656
29.162 , 43.94598 , 25.88693 , -0.290678
29.164 , 43.96887 , 25.81827 , -0.2815208
29.167 , 43.94598 , 25.81827 , -0.2815208
29.169 , 43.96887 , 25.81827 , -0.2632103
29.171 , 43.96887 , 25.81827 , -0.2769432
29.174 , 43.96887 , 25.79538 , -0.2861004
29.176 , 43.9231 , 25.81827 , -0.290678
29.179 , 43.94598 , 25.84115 , -0.2952557
29.181 , 43.9231 , 25.81827 , -0.3089886
29.184 , 43.94598 , 25.79538 , -0.3181438
29.186 , 43.87732 , 25.81827 , -0.3135662
29.189 , 43.87732 , 25.79538 , -0.3272991
29.191 , 43.87732 , 25.7496 , -0.3135662
29.194 , 43.87732 , 25.7496 , -0.3272991
29.196 , 43.87732 , 25.7496 , -0.3181438
29.198 , 43.80865 , 25.7496 , -0.3318768
29.201 , 43.85443 , 25.7496 , -0.3272991
29.203 , 43.80865 , 25.7496 , -0.3227215
29.206 , 43.87732 , 25.79538 , -0.3181438
29.208 , 43.85443 , 25.7496 , -0.3181438
29.211 , 43.80865 , 25.72671 , -0.3272991
29.213 , 43.80865 , 25.72671 , -0.3318768
29.216 , 43.80865 , 25.7496 , -0.3501873
29.218 , 43.80865 , 25.68093 , -0.3547649
29.22 , 43.73999 , 25.72671 , -0.3730755
29.223 , 43.73999 , 25.68093 , -0.402832
29.225 , 43.7171 , 25.72671 , -0.402832
29.228 , 43.78577 , 25.72671 , -0.3456097
29.23 , 43.78577 , 25.68093 , -0.3181438
29.233 , 43.80865 , 25.72671 , -0.2769432
29.235 , 43.87732 , 25.68093 , -0.2494774
29.238 , 43.85443 , 25.65805 , -0.2403221
29.24 , 43.85443 , 25.65805 , -0.2586327
29.242 , 43.80865 , 25.68093 , -0.2769432
29.245 , 43.73999 , 25.68093 , -0.2998333
29.247 , 43.7171 , 25.65805 , -0.3089886
29.25 , 43.7171 , 25.65805 , -0.3135662
29.252 , 43.7171 , 25.68093 , -0.3089886
29.254 , 43.7171 , 25.65805 , -0.2998333
29.257 , 43.73999 , 25.65805 , -0.2815208
29.259 , 43.73999 , 25.68093 , -0.2769432
29.262 , 43.78577 , 25.68093 , -0.2723656
29.264 , 43.73999 , 25.68093 , -0.2723656
29.267 , 43.73999 , 25.65805 , -0.2769432
29.269 , 43.73999 , 25.65805 , -0.2769432
29.272 , 43.73999 , 25.61227 , -0.2769432
29.274 , 43.7171 , 25.61227 , -0.2769432
29.276 , 43.7171 , 25.65805 , -0.2677879
29.279 , 43.73999 , 25.61227 , -0.2448997
29.281 , 43.73999 , 25.61227 , -0.203701
29.284 , 43.78577 , 25.61227 , -0.2151451
29.286 , 43.73999 , 25.61227 , -0.2243004
29.289 , 43.73999 , 25.58938 , -0.228878
29.291 , 43.85443 , 25.61227 , -0.1235924
29.293 , 43.9231 , 25.58938 , 0.03205109
29.296 , 44.24353 , 25.58938 , 0.2609348
29.299 , 44.5182 , 25.61227 , 0.5996857
29.301 , 44.63264 , 25.61227 , 0.6408844
29.303 , 44.56397 , 25.61227 , 0.6225739
29.306 , 44.5182 , 25.58938 , 0.5561981
29.308 , 44.40376 , 25.58938 , 0.4509106
29.311 , 44.35798 , 25.58938 , 0.4463329
29.313 , 44.42664 , 25.56649 , 0.4875336
29.315 , 44.49531 , 25.52071 , 0.595108
29.318 , 44.65553 , 25.56649 , 0.7278614
29.32 , 44.74708 , 25.52071 , 0.8537483
29.323 , 44.9073 , 25.52071 , 1.041435
29.325 , 45.04463 , 25.56649 , 1.178766
29.328 , 45.20485 , 25.52071 , 1.288631
29.33 , 45.22774 , 25.49783 , 1.343563
29.332 , 45.29641 , 25.49783 , 1.391628
29.335 , 45.27352 , 25.49783 , 1.396206
29.337 , 45.29641 , 25.49783 , 1.387051
29.34 , 45.1133 , 25.52071 , 1.155878
29.342 , 44.67841 , 25.49783 , 0.7049732
29.344 , 44.28931 , 25.49783 , 0.3776684
29.347 , 44.1062 , 25.52071 , 0.1670914
29.349 , 43.9231 , 25.45205 , 0.08469391
29.352 , 44.01465 , 25.45205 , 0.1579361
29.354 , 44.24353 , 25.45205 , 0.3776684
29.357 , 44.40376 , 25.42916 , 0.5607758
29.359 , 44.49531 , 25.45205 , 0.6775074
29.362 , 44.56397 , 25.38338 , 0.7278614
29.364 , 44.56397 , 25.42916 , 0.7049732
29.366 , 44.49531 , 25.42916 , 0.6408844
29.369 , 44.40376 , 25.42916 , 0.5653534
29.371 , 44.35798 , 25.36049 , 0.5058441
29.374 , 44.28931 , 25.38338 , 0.4783783
29.376 , 44.28931 , 25.36049 , 0.4829559
29.379 , 44.33509 , 25.42916 , 0.5012665
29.381 , 44.33509 , 25.38338 , 0.5264435
29.383 , 44.33509 , 25.38338 , 0.5424652
29.386 , 44.33509 , 25.36049 , 0.5424652
29.388 , 44.35798 , 25.36049 , 0.5310211
29.391 , 44.28931 , 25.36049 , 0.5149994
29.393 , 44.28931 , 25.3376 , 0.5012665
29.395 , 44.26642 , 25.3376 , 0.4921112
29.398 , 44.28931 , 25.3376 , 0.4875336
29.4 , 44.28931 , 25.36049 , 0.4921112
29.403 , 44.28931 , 25.3376 , 0.4921112
29.405 , 44.26642 , 25.3376 , 0.4966888
29.407 , 44.26642 , 25.36049 , 0.4921112
29.41 , 44.24353 , 25.29183 , 0.4875336
29.412 , 44.24353 , 25.29183 , 0.4829559
29.415 , 44.24353 , 25.29183 , 0.4783783
29.417 , 44.24353 , 25.29183 , 0.4738007
29.42 , 44.19776 , 25.3376 , 0.469223
29.422 , 44.12909 , 25.29183 , 0.4646435
29.424 , 44.19776 , 25.29183 , 0.4646435
29.427 , 44.19776 , 25.26894 , 0.4600658
29.429 , 44.17487 , 25.22316 , 0.4554882
29.432 , 44.1062 , 25.22316 , 0.4554882
29.434 , 44.12909 , 25.26894 , 0.4554882
29.436 , 44.12909 , 25.26894 , 0.4509106
29.439 , 44.12909 , 25.26894 , 0.4417553
29.441 , 44.03754 , 25.22316 , 0.4371777
29.444 , 44.01465 , 25.22316 , 0.4371777
29.446 , 44.03754 , 25.22316 , 0.4326
29.449 , 44.1062 , 25.22316 , 0.4280224
29.451 , 44.01465 , 25.20027 , 0.4280224
29.453 , 44.01465 , 25.22316 , 0.4280224
29.456 , 44.01465 , 25.22316 , 0.4234447
29.458 , 43.96887 , 25.20027 , 0.4188671
29.46 , 44.03754 , 25.26894 , 0.4142895
29.463 , 43.94598 , 25.20027 , 0.4097118
29.465 , 43.94598 , 25.20027 , 0.4097118
29.468 , 43.94598 , 25.20027 , 0.4051342
29.47 , 43.96887 , 25.20027 , 0.4051342
29.473 , 43.94598 , 25.1545 , 0.4005566
29.475 , 43.9231 , 25.1545 , 0.4005566
29.478 , 43.94598 , 25.1545 , 0.3959789
29.48 , 43.94598 , 25.1545 , 0.3959789
29.482 , 43.9231 , 25.1545 , 0.3914013
29.485 , 43.87732 , 25.1545 , 0.3868237
29.487 , 43.87732 , 25.1545 , 0.382246
29.49 , 43.85443 , 25.1545 , 0.3776684
29.492 , 43.9231 , 25.13161 , 0.3776684
29.495 , 43.87732 , 25.13161 , 0.3730907
29.497 , 43.85443 , 25.1545 , 0.3730907
29.5 , 43.87732 , 25.1545 , 0.3685112
29.502 , 43.80865 , 25.13161 , 0.3685112
29.504 , 43.80865 , 25.10872 , 0.3685112
29.507 , 43.80865 , 25.13161 , 0.3639336
29.509 , 43.87732 , 25.10872 , 0.3959789
29.512 , 43.85443 , 25.10872 , 0.3524895
29.514 , 43.78577 , 25.10872 , 0.3044243
29.516 , 43.73999 , 25.10872 , 0.2861137
29.519 , 43.7171 , 25.04006 , 0.233469
29.521 , 43.69421 , 25.10872 , 0.2105808
29.524 , 43.64843 , 25.10872 , 0.2151585
29.526 , 43.64843 , 25.10872 , 0.2380466
29.528 , 43.64843 , 25.04006 , 0.2380466
29.531 , 43.69421 , 25.01717 , 0.2472019
29.533 , 43.64843 , 25.01717 , 0.2563572
29.536 , 43.7171 , 25.04006 , 0.2769566
29.538 , 43.69421 , 25.01717 , 0.2472019
29.541 , 43.64843 , 25.10872 , 0.2197361
29.543 , 43.62555 , 25.10872 , 0.2105808
29.545 , 43.57977 , 25.10872 , 0.1762466
29.548 , 43.55688 , 25.04006 , 0.1625137
29.55 , 43.55688 , 25.04006 , 0.1625137
29.553 , 43.62555 , 25.04006 , 0.1762466
29.555 , 43.62555 , 25.04006 , 0.1670914
29.557 , 43.62555 , 25.01717 , 0.171669
29.56 , 43.62555 , 25.04006 , 0.1808243
29.562 , 43.62555 , 25.01717 , 0.1968479
29.565 , 43.57977 , 25.01717 , 0.171669
29.567 , 43.57977 , 24.97139 , 0.1487808
29.57 , 43.53399 , 24.97139 , 0.1442032
29.572 , 43.53399 , 24.97139 , 0.1304703
29.574 , 43.55688 , 24.97139 , 0.1075821
29.577 , 43.55688 , 24.97139 , 0.1121597
29.579 , 43.53399 , 24.97139 , 0.1258926
29.582 , 43.53399 , 24.9485 , 0.1258926
29.584 , 43.48821 , 24.9485 , 0.1167374
29.587 , 43.53399 , 24.97139 , 0.121315
29.589 , 43.53399 , 24.90273 , 0.1304703
29.591 , 43.48821 , 24.9485 , 0.1075821
29.594 , 43.41955 , 24.90273 , 0.08011627
29.596 , 43.46532 , 24.90273 , 0.06409454
29.599 , 43.46532 , 24.90273 , 0.05951691
29.602 , 43.39666 , 24.90273 , 0.045784
29.604 , 43.37377 , 24.9485 , 0.03205109
29.607 , 43.37377 , 24.87984 , 0.02747345
29.609 , 43.37377 , 24.87984 , 0.02289581
29.612 , 43.37377 , 24.87984 , 0.02289581
29.614 , 43.32799 , 24.87984 , 0.02747345
29.617 , 43.39666 , 24.90273 , 0.04120636
29.62 , 43.32799 , 24.87984 , 0.03205109
29.622 , 43.32799 , 24.87984 , 0.02289581
29.625 , 43.3051 , 24.87984 , 0.02289581
29.627 , 43.3051 , 24.85695 , 0.01145172
29.63 , 43.3051 , 24.85695 , 7.629395e-06
29.633 , 43.25933 , 24.85695 , -0.004571915
29.635 , 43.3051 , 24.85695 , -0.01372719
29.638 , 43.23644 , 24.85695 , -0.01830482
29.641 , 43.25933 , 24.85695 , -0.02288246
29.643 , 43.25933 , 24.81117 , -0.0274601
29.646 , 43.19066 , 24.81117 , -0.04577065
29.648 , 43.23644 , 24.78828 , -0.04119301
29.651 , 43.19066 , 24.78828 , -0.05034828
29.653 , 43.19066 , 24.78828 , -0.03203773
29.656 , 43.14488 , 24.81117 , -0.04577065
29.659 , 43.14488 , 24.81117 , -0.06408119
29.661 , 43.14488 , 24.81117 , -0.06865883
29.664 , 43.14488 , 24.78828 , -0.08239174
29.666 , 43.07622 , 24.81117 , -0.1144371
29.677 , 43.00755 , 24.78828 , -0.1144371
29.68 , 43.03044 , 24.78828 , -0.1235924
29.682 , 43.03044 , 24.81117 , -0.1235924
29.684 , 42.93889 , 24.7425 , -0.1373253
29.687 , 43.00755 , 24.7425 , -0.1373253
29.689 , 42.98466 , 24.7425 , -0.12817
29.692 , 43.00755 , 24.7425 , -0.1144371
29.694 , 43.00755 , 24.7425 , -0.1190147
29.697 , 42.93889 , 24.71962 , -0.1373253
29.699 , 42.93889 , 24.71962 , -0.1327477
29.701 , 42.98466 , 24.71962 , -0.1464806
29.704 , 42.93889 , 24.71962 , -0.1602135
29.706 , 42.916 , 24.71962 , -0.1693687
29.709 , 42.87022 , 24.69673 , -0.1693687
29.711 , 42.916 , 24.69673 , -0.1739464
29.714 , 42.84734 , 24.69673 , -0.1693687
29.716 , 42.87022 , 24.69673 , -0.178524
29.718 , 42.87022 , 24.65095 , -0.1739464
29.721 , 42.916 , 24.69673 , -0.1945457
29.723 , 42.84734 , 24.65095 , -0.1899681
29.726 , 42.84734 , 24.69673 , -0.1991234
29.728 , 42.87022 , 24.65095 , -0.1693687
29.731 , 42.84734 , 24.62806 , -0.178524
29.733 , 42.84734 , 24.62806 , -0.178524
29.736 , 42.77867 , 24.65095 , -0.1991234
29.738 , 42.84734 , 24.65095 , -0.1991234
29.74 , 42.80156 , 24.62806 , -0.2151451
29.743 , 42.80156 , 24.62806 , -0.2197227
29.745 , 42.75578 , 24.62806 , -0.228878
29.748 , 42.71 , 24.58228 , -0.228878
29.75 , 42.75578 , 24.58228 , -0.2357445
29.752 , 42.71 , 24.58228 , -0.228878
29.755 , 42.71 , 24.58228 , -0.2357445
29.757 , 42.71 , 24.55939 , -0.2357445
29.76 , 42.71 , 24.55939 , -0.2403221
29.762 , 42.71 , 24.58228 , -0.2448997
29.765 , 42.68711 , 24.55939 , -0.2403221
29.767 , 42.75578 , 24.55939 , -0.228878
29.769 , 42.68711 , 24.51362 , -0.2357445
29.772 , 42.71 , 24.51362 , -0.2494774
29.774 , 42.71 , 24.55939 , -0.2494774
29.777 , 42.64133 , 24.55939 , -0.2586327
29.779 , 42.64133 , 24.51362 , -0.2632103
29.782 , 42.64133 , 24.55939 , -0.2769432
29.784 , 42.64133 , 24.55939 , -0.2723656
29.786 , 42.61845 , 24.49073 , -0.2815208
29.789 , 42.61845 , 24.49073 , -0.2769432
29.791 , 42.59556 , 24.49073 , -0.2815208
29.794 , 42.59556 , 24.49073 , -0.2769432
29.796 , 42.59556 , 24.51362 , -0.2861004
29.799 , 42.59556 , 24.49073 , -0.2861004
29.801 , 42.54978 , 24.46784 , -0.2952557
29.803 , 42.59556 , 24.49073 , -0.2723656
29.806 , 42.59556 , 24.49073 , -0.2815208
29.808 , 42.59556 , 24.42206 , -0.2769432
29.811 , 42.54978 , 24.46784 , -0.2952557
29.813 , 42.54978 , 24.42206 , -0.290678
29.816 , 42.52689 , 24.42206 , -0.3089886
29.818 , 42.54978 , 24.42206 , -0.3135662
29.821 , 42.48112 , 24.46784 , -0.3181438
29.823 , 42.48112 , 24.42206 , -0.3135662
29.825 , 42.48112 , 24.42206 , -0.3227215
29.828 , 42.48112 , 24.39918 , -0.3181438
29.83 , 42.45823 , 24.3534 , -0.3227215
29.833 , 42.45823 , 24.39918 , -0.3227215
29.835 , 42.48112 , 24.3534 , -0.3272991
29.838 , 42.48112 , 24.39918 , -0.3318768
29.84 , 42.45823 , 24.3534 , -0.3227215
29.842 , 42.45823 , 24.3534 , -0.3181438
29.845 , 42.45823 , 24.3534 , -0.3181438
29.847 , 42.45823 , 24.3534 , -0.341032
29.85 , 42.43534 , 24.33051 , -0.3318768
29.852 , 42.43534 , 24.28473 , -0.3456097
29.855 , 42.38956 , 24.33051 , -0.3547649
29.857 , 42.36668 , 24.26184 , -0.3639202
29.859 , 42.38956 , 24.3534 , -0.3593426
29.862 , 42.43534 , 24.28473 , -0.3684978
29.864 , 42.43534 , 24.28473 , -0.3593426
29.867 , 42.38956 , 24.26184 , -0.3684978
29.869 , 42.38956 , 24.26184 , -0.3639202
29.872 , 42.38956 , 24.26184 , -0.3776531
29.874 , 42.3209 , 24.26184 , -0.3730755
29.877 , 42.36668 , 24.23896 , -0.3776531
29.879 , 42.36668 , 24.26184 , -0.3593426
29.881 , 42.3209 , 24.26184 , -0.3639202
29.884 , 42.36668 , 24.23896 , -0.3684978
29.886 , 42.3209 , 24.23896 , -0.3776531
29.889 , 42.29801 , 24.23896 , -0.3776531
29.891 , 42.25223 , 24.23896 , -0.3982544
29.894 , 42.29801 , 24.19318 , -0.4074097
29.896 , 42.22934 , 24.19318 , -0.4074097
29.899 , 42.25223 , 24.19318 , -0.4074097
29.901 , 42.29801 , 24.23896 , -0.4119873
29.903 , 42.25223 , 24.19318 , -0.4119873
29.906 , 42.25223 , 24.19318 , -0.4119873
29.908 , 42.25223 , 24.17029 , -0.4165649
29.911 , 42.22934 , 24.19318 , -0.4211426
29.913 , 42.22934 , 24.17029 , -0.4257202
29.915 , 42.25223 , 24.17029 , -0.4119873
29.918 , 42.29801 , 24.19318 , -0.4119873
29.92 , 42.25223 , 24.19318 , -0.4119873
29.922 , 42.22934 , 24.19318 , -0.4302979
29.925 , 42.22934 , 24.19318 , -0.4257202
29.927 , 42.20646 , 24.19318 , -0.4348755
29.93 , 42.20646 , 24.19318 , -0.4463196
29.932 , 42.13779 , 24.17029 , -0.4600525
29.935 , 42.16068 , 24.17029 , -0.4508972
29.937 , 42.13779 , 24.19318 , -0.4600525
29.939 , 42.13779 , 24.17029 , -0.4554749
29.942 , 42.09201 , 24.12452 , -0.4600525
29.944 , 42.09201 , 24.17029 , -0.4554749
29.947 , 42.09201 , 24.17029 , -0.4692078
29.949 , 42.09201 , 24.12452 , -0.4646301
29.951 , 42.13779 , 24.12452 , -0.4692078
29.954 , 42.13779 , 24.12452 , -0.4508972
29.956 , 42.13779 , 24.10163 , -0.4554749
29.959 , 42.09201 , 24.10163 , -0.4554749
29.961 , 42.06912 , 24.10163 , -0.4692078
29.964 , 42.09201 , 24.12452 , -0.4600525
29.966 , 42.04623 , 24.10163 , -0.4829426
29.968 , 42.04623 , 24.10163 , -0.4829426
29.971 , 42.04623 , 24.10163 , -0.5081196
29.973 , 42.04623 , 24.05585 , -0.540163
29.976 , 41.97757 , 24.05585 , -0.5264301
29.978 , 42.04623 , 24.10163 , -0.4646301
29.98 , 42.09201 , 24.10163 , -0.4348755
29.983 , 42.09201 , 24.05585 , -0.402832
29.985 , 42.13779 , 24.05585 , -0.3776531
29.988 , 42.13779 , 24.05585 , -0.3684978
29.99 , 42.13779 , 24.05585 , -0.3868103
29.993 , 42.06912 , 24.03296 , -0.4074097
29.995 , 42.06912 , 24.03296 , -0.4257202
29.997 , 42.04623 , 24.03296 , -0.4302979
30.0 , 42.00046 , 24.01007 , -0.4302979
30.002 , 42.04623 , 24.03296 , -0.4257202
30.005 , 42.04623 , 24.03296 , -0.4165649
30.007 , 42.04623 , 24.03296 , -0.4074097
30.009 , 42.06912 , 24.01007 , -0.3982544
30.012 , 42.04623 , 24.01007 , -0.3913879
30.014 , 42.04623 , 24.01007 , -0.3913879
30.017 , 42.06912 , 24.01007 , -0.3913879
30.019 , 42.04623 , 24.01007 , -0.3868103
30.021 , 42.04623 , 24.01007 , -0.3868103
30.024 , 42.04623 , 24.01007 , -0.3822327
30.026 , 42.00046 , 23.96429 , -0.3822327
30.028 , 42.04623 , 23.96429 , -0.3639202
30.031 , 42.09201 , 23.96429 , -0.3272991
30.033 , 42.04623 , 23.96429 , -0.3135662
30.036 , 42.06912 , 23.9414 , -0.3272991
30.038 , 42.04623 , 23.9414 , -0.341032
30.04 , 42.06912 , 23.9414 , -0.2769432
30.043 , 42.20646 , 23.9414 , -0.1373253
30.045 , 42.36668 , 23.9414 , 0.02747345
30.048 , 42.59556 , 23.9414 , 0.3296013
30.05 , 42.84734 , 23.89563 , 0.5264435
30.052 , 42.84734 , 23.9414 , 0.5149994
30.055 , 42.84734 , 23.89563 , 0.4921112
30.057 , 42.71 , 23.9414 , 0.3959789
30.06 , 42.68711 , 23.89563 , 0.3135796
30.062 , 42.64133 , 23.89563 , 0.3433342
30.064 , 42.71 , 23.87274 , 0.4005566
30.067 , 42.80156 , 23.87274 , 0.5516205
30.069 , 42.93889 , 23.87274 , 0.6591969
30.072 , 43.03044 , 23.89563 , 0.8011055
30.074 , 43.23644 , 23.87274 , 0.9475918
30.077 , 43.37377 , 23.89563 , 1.114677
30.079 , 43.46532 , 23.89563 , 1.206232
30.081 , 43.53399 , 23.87274 , 1.261166
30.084 , 43.55688 , 23.87274 , 1.31152
30.086 , 43.48821 , 23.87274 , 1.229122
30.089 , 43.23644 , 23.84985 , 0.9201241
30.091 , 42.80156 , 23.80407 , 0.4600658
30.093 , 42.48112 , 23.80407 , 0.1762466
30.096 , 42.3209 , 23.84985 , 0.01145172
30.098 , 42.22934 , 23.84985 , -0.02288246
30.101 , 42.3209 , 23.80407 , 0.1167374
30.103 , 42.54978 , 23.80407 , 0.3044243
30.106 , 42.68711 , 23.80407 , 0.469223
30.108 , 42.77867 , 23.78119 , 0.5745087
30.111 , 42.80156 , 23.73541 , 0.6134186
30.113 , 42.80156 , 23.78119 , 0.5790863
30.115 , 42.71 , 23.71252 , 0.5012665
30.118 , 42.64133 , 23.73541 , 0.4371777
30.12 , 42.59556 , 23.73541 , 0.3914013
30.122 , 42.54978 , 23.73541 , 0.3730907
30.125 , 42.54978 , 23.73541 , 0.382246
30.127 , 42.59556 , 23.71252 , 0.4005566
30.13 , 42.59556 , 23.71252 , 0.4234447
30.132 , 42.54978 , 23.71252 , 0.4371777
30.134 , 42.61845 , 23.71252 , 0.4417553
30.137 , 42.59556 , 23.71252 , 0.4280224
30.139 , 42.54978 , 23.71252 , 0.4142895
30.142 , 42.54978 , 23.71252 , 0.4005566
30.144 , 42.54978 , 23.71252 , 0.3959789
30.146 , 42.54978 , 23.66674 , 0.3959789
30.149 , 42.52689 , 23.64385 , 0.4005566
30.151 , 42.52689 , 23.64385 , 0.4005566
30.154 , 42.52689 , 23.64385 , 0.4051342
30.156 , 42.48112 , 23.64385 , 0.4051342
30.158 , 42.48112 , 23.64385 , 0.4051342
30.161 , 42.52689 , 23.64385 , 0.3959789
30.163 , 42.48112 , 23.64385 , 0.3914013
30.166 , 42.45823 , 23.62097 , 0.3868237
30.168 , 42.45823 , 23.62097 , 0.382246
30.17 , 42.45823 , 23.64385 , 0.382246
30.173 , 42.48112 , 23.62097 , 0.382246
30.183 , 42.43534 , 23.57519 , 0.3776684
30.186 , 42.43534 , 23.62097 , 0.3730907
30.188 , 42.38956 , 23.57519 , 0.3685112
30.191 , 42.38956 , 23.57519 , 0.3639336
30.193 , 42.43534 , 23.5523 , 0.3685112
30.196 , 42.38956 , 23.5523 , 0.3639336
30.198 , 42.36668 , 23.57519 , 0.3570671
30.2 , 42.36668 , 23.50652 , 0.3570671
30.203 , 42.36668 , 23.5523 , 0.3524895
30.205 , 42.38956 , 23.5523 , 0.3524895
30.208 , 42.3209 , 23.50652 , 0.3524895
30.21 , 42.36668 , 23.5523 , 0.3479118
30.213 , 42.3209 , 23.5523 , 0.3433342
30.215 , 42.3209 , 23.50652 , 0.3433342
30.217 , 42.29801 , 23.50652 , 0.3433342
30.22 , 42.3209 , 23.50652 , 0.3387566
30.222 , 42.29801 , 23.50652 , 0.3387566
30.225 , 42.25223 , 23.50652 , 0.3341789
30.227 , 42.29801 , 23.48363 , 0.3341789
30.229 , 42.25223 , 23.50652 , 0.3296013
30.232 , 42.29801 , 23.48363 , 0.3227348
30.234 , 42.25223 , 23.48363 , 0.3227348
30.236 , 42.25223 , 23.43786 , 0.3227348
30.239 , 42.22934 , 23.43786 , 0.3227348
30.241 , 42.25223 , 23.48363 , 0.3181572
30.244 , 42.22934 , 23.48363 , 0.3135796
30.246 , 42.22934 , 23.48363 , 0.3135796
30.248 , 42.20646 , 23.43786 , 0.2563572
30.251 , 42.06912 , 23.43786 , 0.1670914
30.253 , 42.06912 , 23.41497 , 0.1922703
30.256 , 42.16068 , 23.43786 , 0.2472019
30.258 , 42.16068 , 23.41497 , 0.3135796
30.26 , 42.29801 , 23.41497 , 0.3639336
30.263 , 42.22934 , 23.43786 , 0.3433342
30.265 , 42.20646 , 23.41497 , 0.3135796
30.268 , 42.13779 , 23.41497 , 0.2815361
30.27 , 42.06912 , 23.39208 , 0.1968479
30.272 , 42.00046 , 23.39208 , 0.1396255
30.275 , 41.93179 , 23.39208 , 0.1304703
30.277 , 41.93179 , 23.41497 , 0.1350479
30.28 , 41.93179 , 23.41497 , 0.1487808
30.282 , 41.97757 , 23.39208 , 0.1762466
30.284 , 41.97757 , 23.39208 , 0.1968479
30.287 , 41.93179 , 23.3463 , 0.1876926
30.289 , 41.93179 , 23.32342 , 0.1808243
30.292 , 41.90891 , 23.39208 , 0.171669
30.294 , 41.93179 , 23.3463 , 0.1670914
30.296 , 41.97757 , 23.39208 , 0.1579361
30.299 , 41.86312 , 23.39208 , 0.1442032
30.301 , 41.86312 , 23.32342 , 0.1396255
30.304 , 41.86312 , 23.3463 , 0.121315
30.306 , 41.84024 , 23.3463 , 0.1258926
30.308 , 41.84024 , 23.3463 , 0.121315
30.311 , 41.86312 , 23.32342 , 0.121315
30.313 , 41.84024 , 23.27764 , 0.121315
30.315 , 41.84024 , 23.32342 , 0.1121597
30.318 , 41.84024 , 23.32342 , 0.1030045
30.32 , 41.84024 , 23.32342 , 0.1121597
30.322 , 41.84024 , 23.27764 , 0.1258926
30.325 , 41.84024 , 23.25475 , 0.1075821
30.327 , 41.81735 , 23.32342 , 0.09842682
30.33 , 41.77157 , 23.20897 , 0.09384918
30.332 , 41.77157 , 23.25475 , 0.08011627
30.335 , 41.74868 , 23.20897 , 0.06867218
30.337 , 41.74868 , 23.25475 , 0.07553864
30.34 , 41.74868 , 23.25475 , 0.07553864
30.343 , 41.7029 , 23.20897 , 0.05951691
30.345 , 41.7029 , 23.20897 , 0.05493927
30.348 , 41.68002 , 23.20897 , 0.05036163
30.35 , 41.68002 , 23.25475 , 0.06409454
30.353 , 41.7029 , 23.20897 , 0.045784
30.355 , 41.7029 , 23.25475 , 0.03662872
30.358 , 41.65713 , 23.25475 , 0.03205109
30.36 , 41.65713 , 23.25475 , 0.01602936
30.363 , 41.61135 , 23.18608 , -0.004571915
30.366 , 41.61135 , 23.25475 , 0.01145172
30.368 , 41.58846 , 23.18608 , 0.01145172
30.371 , 41.61135 , 23.20897 , 0.02289581
30.373 , 41.61135 , 23.18608 , 0.01602936
30.376 , 41.61135 , 23.18608 , 0.02747345
30.378 , 41.61135 , 23.18608 , 0.01145172
30.381 , 41.61135 , 23.20897 , 7.629395e-06
30.383 , 41.61135 , 23.18608 , 0.004585266
30.386 , 41.65713 , 23.18608 , 0.004585266
30.389 , 41.61135 , 23.16319 , 7.629395e-06
30.391 , 41.58846 , 23.16319 , -0.01372719
30.394 , 41.58846 , 23.16319 , -0.02288246
30.397 , 41.58846 , 23.18608 , -0.0274601
30.399 , 41.54269 , 23.16319 , -0.04119301
30.402 , 41.5198 , 23.11742 , -0.04119301
30.404 , 41.5198 , 23.16319 , -0.04577065
30.407 , 41.49691 , 23.16319 , -0.05034828
30.409 , 41.49691 , 23.16319 , -0.05492592
30.412 , 41.45113 , 23.18608 , -0.05492592
30.415 , 41.49691 , 23.11742 , -0.06408119
30.417 , 41.45113 , 23.11742 , -0.06865883
30.42 , 41.49691 , 23.11742 , -0.07323647
30.422 , 41.42825 , 23.11742 , -0.07323647
30.425 , 41.45113 , 23.11742 , -0.06408119
30.427 , 41.49691 , 23.11742 , -0.06865883
30.43 , 41.42825 , 23.11742 , -0.08696938
30.432 , 41.38247 , 23.09453 , -0.08696938
30.435 , 41.38247 , 23.09453 , -0.1007042
30.437 , 41.35958 , 23.04875 , -0.1052818
30.44 , 41.35958 , 23.11742 , -0.1235924
30.442 , 41.35958 , 23.09453 , -0.1190147
30.445 , 41.3138 , 23.04875 , -0.12817
30.447 , 41.35958 , 23.04875 , -0.1235924
30.449 , 41.29091 , 23.02586 , -0.12817
30.452 , 41.29091 , 23.00298 , -0.12817
30.454 , 41.3138 , 23.00298 , -0.1327477
30.456 , 41.29091 , 23.00298 , -0.1327477
30.459 , 41.29091 , 23.00298 , -0.1373253
30.461 , 41.26802 , 23.00298 , -0.1419029
30.464 , 41.3138 , 23.00298 , -0.12817
30.466 , 41.26802 , 23.00298 , -0.12817
30.468 , 41.29091 , 22.9572 , -0.1327477
30.471 , 41.22225 , 22.9572 , -0.1373253
30.473 , 41.26802 , 23.00298 , -0.1419029
30.476 , 41.22225 , 22.9572 , -0.1556358
30.478 , 41.22225 , 22.9572 , -0.1647911
30.481 , 41.19936 , 23.00298 , -0.1739464
30.483 , 41.19936 , 22.9572 , -0.1693687
30.485 , 41.15358 , 22.93431 , -0.1739464
30.488 , 41.13069 , 22.93431 , -0.1739464
30.49 , 41.15358 , 22.9572 , -0.1739464
30.493 , 41.15358 , 22.93431 , -0.178524
30.495 , 41.1078 , 22.93431 , -0.1853905
30.497 , 41.13069 , 22.93431 , -0.1853905
30.5 , 41.1078 , 22.86564 , -0.1899681
30.502 , 41.13069 , 22.86564 , -0.178524
30.505 , 41.13069 , 22.86564 , -0.1739464
30.507 , 41.13069 , 22.86564 , -0.1739464
30.509 , 41.1078 , 22.86564 , -0.1899681
30.512 , 41.1078 , 22.81987 , -0.1945457
30.514 , 41.06203 , 22.81987 , -0.203701
30.517 , 41.03914 , 22.81987 , -0.2105675
30.519 , 41.06203 , 22.86564 , -0.2243004
30.522 , 41.06203 , 22.81987 , -0.2197227
30.524 , 41.03914 , 22.79698 , -0.228878
30.526 , 40.99336 , 22.79698 , -0.2243004
30.529 , 40.97047 , 22.77409 , -0.2357445
30.531 , 40.99336 , 22.79698 , -0.228878
30.534 , 40.97047 , 22.77409 , -0.2403221
30.536 , 40.97047 , 22.77409 , -0.2403221
30.538 , 40.97047 , 22.77409 , -0.2448997
30.541 , 40.97047 , 22.79698 , -0.2448997
30.543 , 40.97047 , 22.72831 , -0.228878
30.546 , 40.97047 , 22.77409 , -0.2243004
30.548 , 40.94759 , 22.72831 , -0.2357445
30.551 , 40.94759 , 22.72831 , -0.2448997
30.553 , 40.90181 , 22.70543 , -0.2448997
30.556 , 40.90181 , 22.72831 , -0.2586327
30.558 , 40.90181 , 22.72831 , -0.2677879
30.56 , 40.90181 , 22.72831 , -0.2723656
30.563 , 40.87892 , 22.72831 , -0.2723656
30.565 , 40.87892 , 22.72831 , -0.2769432
30.568 , 40.87892 , 22.65965 , -0.2769432
30.57 , 40.87892 , 22.72831 , -0.2723656
30.573 , 40.87892 , 22.65965 , -0.2769432
30.575 , 40.83315 , 22.70543 , -0.2815208
30.577 , 40.83315 , 22.70543 , -0.2861004
30.58 , 40.83315 , 22.72831 , -0.2952557
30.582 , 40.83315 , 22.72831 , -0.2815208
30.585 , 40.83315 , 22.65965 , -0.2769432
30.587 , 40.81026 , 22.70543 , -0.2723656
30.589 , 40.83315 , 22.70543 , -0.290678
30.592 , 40.7187 , 22.63676 , -0.2861004
30.594 , 40.76448 , 22.65965 , -0.3044109
30.597 , 40.81026 , 22.63676 , -0.3089886
30.599 , 40.7187 , 22.65965 , -0.3227215
30.602 , 40.7187 , 22.65965 , -0.3181438
30.604 , 40.76448 , 22.63676 , -0.3227215
30.606 , 40.7187 , 22.63676 , -0.3135662
30.609 , 40.7187 , 22.63676 , -0.3227215
30.611 , 40.7187 , 22.59098 , -0.3181438
30.614 , 40.7187 , 22.59098 , -0.3227215
30.616 , 40.69581 , 22.59098 , -0.3272991
30.618 , 40.69581 , 22.59098 , -0.341032
30.621 , 40.69581 , 22.59098 , -0.341032
30.623 , 40.65004 , 22.59098 , -0.3272991
30.625 , 40.65004 , 22.59098 , -0.3227215
30.628 , 40.69581 , 22.56809 , -0.3181438
30.63 , 40.65004 , 22.56809 , -0.3272991
30.633 , 40.65004 , 22.56809 , -0.3364544
30.635 , 40.62715 , 22.56809 , -0.3456097
30.638 , 40.62715 , 22.56809 , -0.3547649
30.64 , 40.55848 , 22.56809 , -0.3639202
30.642 , 40.62715 , 22.56809 , -0.3639202
30.645 , 40.62715 , 22.5452 , -0.3593426
30.647 , 40.58137 , 22.5452 , -0.3547649
30.65 , 40.58137 , 22.5452 , -0.3547649
30.652 , 40.55848 , 22.5452 , -0.3593426
30.654 , 40.58137 , 22.56809 , -0.3684978
30.657 , 40.55848 , 22.5452 , -0.3730755
30.659 , 40.55848 , 22.49943 , -0.3776531
30.662 , 40.55848 , 22.49943 , -0.3684978
30.664 , 40.58137 , 22.49943 , -0.3593426
30.667 , 40.55848 , 22.49943 , -0.3547649
30.669 , 40.48981 , 22.49943 , -0.3684978
30.672 , 40.53559 , 22.49943 , -0.3684978
30.674 , 40.48981 , 22.47654 , -0.3822327
30.676 , 40.53559 , 22.47654 , -0.3868103
30.679 , 40.48981 , 22.47654 , -0.402832
30.681 , 40.48981 , 22.47654 , -0.3982544
30.684 , 40.48981 , 22.47654 , -0.402832
30.686 , 40.48981 , 22.47654 , -0.3913879
30.697 , 40.46693 , 22.43076 , -0.402832
30.699 , 40.42115 , 22.47654 , -0.4119873
30.702 , 40.42115 , 22.47654 , -0.3982544
30.704 , 40.46693 , 22.47654 , -0.3913879
30.707 , 40.39826 , 22.47654 , -0.3913879
30.709 , 40.35248 , 22.47654 , -0.4074097
30.711 , 40.35248 , 22.47654 , -0.402832
30.714 , 40.39826 , 22.47654 , -0.4165649
30.716 , 40.35248 , 22.40787 , -0.4165649
30.719 , 40.39826 , 22.43076 , -0.4302979
30.721 , 40.35248 , 22.43076 , -0.4348755
30.723 , 40.32959 , 22.40787 , -0.4737873
30.726 , 40.30671 , 22.40787 , -0.4600525
30.728 , 40.35248 , 22.40787 , -0.4165649
30.731 , 40.35248 , 22.3621 , -0.3822327
30.733 , 40.39826 , 22.40787 , -0.3501873
30.736 , 40.42115 , 22.3621 , -0.3227215
30.738 , 40.39826 , 22.3621 , -0.3135662
30.74 , 40.42115 , 22.40787 , -0.3272991
30.743 , 40.42115 , 22.3621 , -0.341032
30.745 , 40.39826 , 22.3621 , -0.3593426
30.747 , 40.35248 , 22.3621 , -0.3730755
30.75 , 40.32959 , 22.3621 , -0.3776531
30.752 , 40.35248 , 22.3621 , -0.3730755
30.755 , 40.35248 , 22.33921 , -0.3593426
30.757 , 40.35248 , 22.33921 , -0.3456097
30.759 , 40.39826 , 22.3621 , -0.3318768
30.762 , 40.39826 , 22.3621 , -0.3272991
30.764 , 40.32959 , 22.31632 , -0.3272991
30.767 , 40.39826 , 22.33921 , -0.3227215
30.769 , 40.35248 , 22.27054 , -0.3227215
30.772 , 40.35248 , 22.31632 , -0.3272991
30.774 , 40.32959 , 22.31632 , -0.3227215
30.776 , 40.35248 , 22.31632 , -0.3181438
30.779 , 40.39826 , 22.31632 , -0.2952557
30.781 , 40.39826 , 22.31632 , -0.2632103
30.784 , 40.39826 , 22.33921 , -0.2494774
30.786 , 40.39826 , 22.31632 , -0.2632103
30.788 , 40.35248 , 22.27054 , -0.2769432
30.791 , 40.39826 , 22.27054 , -0.1853905
30.793 , 40.55848 , 22.24765 , -0.06865883
30.796 , 40.65004 , 22.24765 , 0.1487808
30.798 , 41.06203 , 22.24765 , 0.4509106
30.801 , 41.26802 , 22.24765 , 0.6134186
30.803 , 41.19936 , 22.24765 , 0.5905304
30.805 , 41.22225 , 22.24765 , 0.5607758
30.808 , 41.1078 , 22.20188 , 0.4554882
30.81 , 40.94759 , 22.17899 , 0.3685112
30.813 , 40.97047 , 22.20188 , 0.4005566
30.815 , 41.06203 , 22.17899 , 0.4738007
30.817 , 41.15358 , 22.20188 , 0.6088409
30.82 , 41.29091 , 22.1561 , 0.7141285
30.822 , 41.42825 , 22.20188 , 0.833149
30.825 , 41.5198 , 22.20188 , 0.9933681
30.827 , 41.7029 , 22.17899 , 1.142145
30.829 , 41.74868 , 22.1561 , 1.247433
30.832 , 41.81735 , 22.17899 , 1.320675
30.834 , 41.86312 , 22.1561 , 1.338985
30.837 , 41.65713 , 22.17899 , 1.080345
30.839 , 41.19936 , 22.1561 , 0.5516205
30.841 , 40.83315 , 22.17899 , 0.2288914
30.844 , 40.55848 , 22.11032 , 0.02747345
30.846 , 40.46693 , 22.11032 , -0.03661537
30.849 , 40.53559 , 22.11032 , 0.08011627
30.852 , 40.7187 , 22.11032 , 0.3227348
30.854 , 40.94759 , 22.08743 , 0.5012665
30.856 , 41.1078 , 22.11032 , 0.6225739
30.859 , 41.13069 , 22.11032 , 0.6546192
30.861 , 41.15358 , 22.11032 , 0.6317291
30.863 , 41.03914 , 22.11032 , 0.5516205
30.866 , 40.97047 , 22.08743 , 0.4783783
30.868 , 40.87892 , 22.08743 , 0.4097118
30.871 , 40.81026 , 22.01877 , 0.3868237
30.873 , 40.81026 , 22.01877 , 0.3959789
30.875 , 40.87892 , 22.08743 , 0.4234447
30.878 , 40.83315 , 22.01877 , 0.4509106
30.88 , 40.94759 , 22.04166 , 0.469223
30.883 , 40.94759 , 22.04166 , 0.4738007
30.885 , 40.90181 , 22.04166 , 0.4646435
30.887 , 40.87892 , 22.01877 , 0.4463329
30.89 , 40.83315 , 22.01877 , 0.4326
30.892 , 40.83315 , 21.9501 , 0.4234447
30.895 , 40.76448 , 22.01877 , 0.4234447
30.897 , 40.81026 , 22.01877 , 0.4280224
30.899 , 40.81026 , 22.01877 , 0.4371777
30.902 , 40.81026 , 22.01877 , 0.4417553
30.904 , 40.81026 , 22.01877 , 0.4463329
30.907 , 40.76448 , 21.97299 , 0.4463329
30.909 , 40.7187 , 21.9501 , 0.4371777
30.911 , 40.76448 , 21.9501 , 0.4326
30.914 , 40.69581 , 22.01877 , 0.4280224
30.916 , 40.7187 , 21.97299 , 0.4188671
30.919 , 40.76448 , 22.01877 , 0.4188671
30.921 , 40.7187 , 21.9501 , 0.4188671
30.923 , 40.7187 , 21.9501 , 0.4188671
30.926 , 40.69581 , 21.9501 , 0.4234447
30.928 , 40.69581 , 21.92722 , 0.4234447
30.931 , 40.69581 , 21.88144 , 0.4234447
30.933 , 40.69581 , 21.92722 , 0.4234447
30.935 , 40.69581 , 21.92722 , 0.4188671
30.938 , 40.69581 , 21.92722 , 0.4188671
30.94 , 40.65004 , 21.92722 , 0.4097118
30.943 , 40.65004 , 21.92722 , 0.4097118
30.945 , 40.62715 , 21.92722 , 0.4097118
30.948 , 40.65004 , 21.88144 , 0.4051342
30.95 , 40.65004 , 21.88144 , 0.4051342
30.952 , 40.58137 , 21.85855 , 0.4097118
30.955 , 40.62715 , 21.85855 , 0.4097118
30.957 , 40.62715 , 21.85855 , 0.4097118
30.959 , 40.62715 , 21.85855 , 0.4097118
30.962 , 40.62715 , 21.85855 , 0.4051342
30.964 , 40.55848 , 21.88144 , 0.4005566
30.967 , 40.62715 , 21.85855 , 0.3959789
30.969 , 40.58137 , 21.85855 , 0.3959789
30.972 , 40.55848 , 21.78988 , 0.3914013
30.974 , 40.55848 , 21.74411 , 0.3914013
30.977 , 40.53559 , 21.78988 , 0.3914013
30.979 , 40.53559 , 21.78988 , 0.3914013
30.981 , 40.55848 , 21.78988 , 0.3959789
30.984 , 40.55848 , 21.74411 , 0.3959789
30.986 , 40.53559 , 21.74411 , 0.3914013
30.989 , 40.48981 , 21.69833 , 0.3868237
30.991 , 40.48981 , 21.72122 , 0.3776684
30.994 , 40.48981 , 21.74411 , 0.3776684
30.996 , 40.46693 , 21.69833 , 0.3776684
30.998 , 40.46693 , 21.72122 , 0.3570671
31.001 , 40.35248 , 21.72122 , 0.3090019
31.003 , 40.35248 , 21.72122 , 0.2906914
31.006 , 40.35248 , 21.69833 , 0.3044243
31.008 , 40.42115 , 21.69833 , 0.3387566
31.01 , 40.46693 , 21.69833 , 0.4142895
31.013 , 40.46693 , 21.65255 , 0.3959789
31.015 , 40.42115 , 21.65255 , 0.3730907
31.018 , 40.35248 , 21.65255 , 0.3387566
31.02 , 40.32959 , 21.69833 , 0.2815361
31.022 , 40.30671 , 21.69833 , 0.233469
31.025 , 40.26093 , 21.65255 , 0.2197361
31.027 , 40.23804 , 21.65255 , 0.2197361
31.03 , 40.26093 , 21.65255 , 0.2472019
31.032 , 40.30671 , 21.62966 , 0.2906914
31.034 , 40.26093 , 21.62966 , 0.2861137
31.037 , 40.30671 , 21.62966 , 0.2861137
31.039 , 40.26093 , 21.65255 , 0.2769566
31.041 , 40.23804 , 21.62966 , 0.2380466
31.044 , 40.23804 , 21.62966 , 0.2243137
31.046 , 40.19226 , 21.62966 , 0.2060032
31.049 , 40.19226 , 21.58389 , 0.1968479
31.051 , 40.16937 , 21.58389 , 0.2060032
31.053 , 40.19226 , 21.62966 , 0.2014256
31.056 , 40.16937 , 21.58389 , 0.2014256
31.058 , 40.16937 , 21.62966 , 0.2105808
31.061 , 40.19226 , 21.58389 , 0.2197361
31.063 , 40.16937 , 21.561 , 0.2105808
31.065 , 40.16937 , 21.561 , 0.2014256
31.068 , 40.07782 , 21.561 , 0.1876926
31.07 , 40.07782 , 21.561 , 0.1670914
31.073 , 40.03204 , 21.561 , 0.1579361
31.075 , 40.03204 , 21.51522 , 0.1487808
31.077 , 40.03204 , 21.51522 , 0.1533585
31.08 , 40.00916 , 21.561 , 0.1625137
31.082 , 40.07782 , 21.561 , 0.1579361
31.085 , 40.03204 , 21.561 , 0.1579361
31.087 , 40.03204 , 21.51522 , 0.1625137
31.089 , 40.03204 , 21.51522 , 0.1670914
31.092 , 40.00916 , 21.49233 , 0.1670914
31.094 , 40.00916 , 21.49233 , 0.1533585
31.096 , 40.00916 , 21.51522 , 0.1396255
31.099 , 40.07782 , 21.51522 , 0.1258926
31.101 , 40.07782 , 21.51522 , 0.1121597
31.104 , 40.00916 , 21.51522 , 0.09842682
31.106 , 40.03204 , 21.49233 , 0.1030045
31.108 , 40.00916 , 21.46944 , 0.1030045
31.111 , 40.00916 , 21.49233 , 0.09384918
31.113 , 40.00916 , 21.46944 , 0.08927155
31.116 , 40.03204 , 21.46944 , 0.09384918
31.118 , 40.03204 , 21.49233 , 0.1030045
31.121 , 40.00916 , 21.46944 , 0.1121597
31.123 , 39.98627 , 21.46944 , 0.1075821
31.126 , 40.00916 , 21.49233 , 0.08927155
31.128 , 39.98627 , 21.42367 , 0.07553864
31.131 , 39.9176 , 21.42367 , 0.05951691
31.133 , 39.94049 , 21.49233 , 0.05493927
31.136 , 39.9176 , 21.46944 , 0.04120636
31.138 , 39.9176 , 21.42367 , 0.045784
31.141 , 39.84894 , 21.42367 , 0.03662872
31.143 , 39.9176 , 21.42367 , 0.045784
31.146 , 39.87183 , 21.40078 , 0.03205109
31.149 , 39.87183 , 21.40078 , 0.03662872
31.151 , 39.80316 , 21.42367 , 0.02289581
31.154 , 39.87183 , 21.40078 , 0.02289581
31.156 , 39.80316 , 21.40078 , 0.01145172
31.159 , 39.84894 , 21.355 , 0.01145172
31.161 , 39.87183 , 21.42367 , 0.02289581
31.164 , 39.80316 , 21.40078 , 0.02747345
31.167 , 39.78027 , 21.355 , 0.004585266
31.169 , 39.78027 , 21.33211 , -0.004571915
31.172 , 39.80316 , 21.355 , -0.01830482
31.174 , 39.78027 , 21.355 , -0.02288246
31.177 , 39.75738 , 21.355 , -0.04119301
31.179 , 39.80316 , 21.355 , -0.03203773
31.182 , 39.75738 , 21.355 , -0.04577065
31.185 , 39.75738 , 21.33211 , -0.04577065
31.187 , 39.71161 , 21.33211 , -0.05492592
31.19 , 39.71161 , 21.355 , -0.05034828
31.192 , 39.68872 , 21.33211 , -0.05950356
31.195 , 39.68872 , 21.33211 , -0.06865883
31.197 , 39.68872 , 21.355 , -0.07323647
31.208 , 39.55138 , 21.30922 , -0.08696938
31.211 , 39.55138 , 21.30922 , -0.09612465
31.213 , 39.62005 , 21.26345 , -0.1144371
31.216 , 39.55138 , 21.30922 , -0.1098595
31.218 , 39.55138 , 21.26345 , -0.1235924
31.221 , 39.5285 , 21.30922 , -0.12817
31.223 , 39.5285 , 21.26345 , -0.12817
31.225 , 39.5285 , 21.26345 , -0.12817
31.228 , 39.5285 , 21.26345 , -0.1327477
31.23 , 39.48272 , 21.24056 , -0.1373253
31.233 , 39.48272 , 21.26345 , -0.1327477
31.235 , 39.48272 , 21.26345 , -0.1419029
31.237 , 39.5285 , 21.24056 , -0.1419029
31.24 , 39.48272 , 21.24056 , -0.1556358
31.242 , 39.48272 , 21.26345 , -0.1510582
31.245 , 39.48272 , 21.26345 , -0.1464806
31.247 , 39.45983 , 21.26345 , -0.1373253
31.25 , 39.43694 , 21.24056 , -0.1464806
31.252 , 39.45983 , 21.24056 , -0.1556358
31.254 , 39.43694 , 21.19478 , -0.1602135
31.257 , 39.43694 , 21.19478 , -0.1602135
31.259 , 39.43694 , 21.24056 , -0.1739464
31.262 , 39.39117 , 21.19478 , -0.1853905
31.264 , 39.45983 , 21.19478 , -0.178524
31.266 , 39.39117 , 21.19478 , -0.1853905
31.269 , 39.39117 , 21.17189 , -0.1739464
31.271 , 39.36828 , 21.17189 , -0.1899681
31.274 , 39.36828 , 21.17189 , -0.1853905
31.276 , 39.36828 , 21.17189 , -0.1991234
31.279 , 39.36828 , 21.17189 , -0.1945457
31.281 , 39.36828 , 21.17189 , -0.2105675
31.283 , 39.36828 , 21.10323 , -0.203701
31.286 , 39.3225 , 21.12612 , -0.1991234
31.288 , 39.3225 , 21.12612 , -0.1899681
31.291 , 39.36828 , 21.10323 , -0.1899681
31.293 , 39.25383 , 21.08034 , -0.1991234
31.295 , 39.29961 , 21.08034 , -0.203701
31.298 , 39.29961 , 21.10323 , -0.2197227
31.3 , 39.3225 , 21.10323 , -0.2243004
31.303 , 39.25383 , 21.08034 , -0.2403221
31.305 , 39.29961 , 21.08034 , -0.2403221
31.307 , 39.29961 , 21.08034 , -0.2494774
31.31 , 39.29961 , 21.03456 , -0.2403221
31.312 , 39.25383 , 21.03456 , -0.2494774
31.315 , 39.25383 , 21.03456 , -0.2403221
31.317 , 39.25383 , 21.03456 , -0.2494774
31.319 , 39.23095 , 21.03456 , -0.2494774
31.322 , 39.25383 , 21.03456 , -0.254055
31.324 , 39.23095 , 21.08034 , -0.2632103
31.327 , 39.20806 , 21.03456 , -0.2494774
31.329 , 39.23095 , 21.03456 , -0.2494774
31.331 , 39.20806 , 21.01167 , -0.2448997
31.334 , 39.16228 , 21.03456 , -0.2586327
31.336 , 39.16228 , 21.03456 , -0.2586327
31.339 , 39.20806 , 21.01167 , -0.2769432
31.341 , 39.20806 , 20.9659 , -0.2723656
31.343 , 39.13939 , 21.01167 , -0.290678
31.346 , 39.16228 , 21.01167 , -0.2861004
31.348 , 39.13939 , 20.9659 , -0.2952557
31.351 , 39.16228 , 20.9659 , -0.2861004
31.353 , 39.16228 , 21.01167 , -0.290678
31.355 , 39.13939 , 20.9659 , -0.290678
31.358 , 39.13939 , 20.9659 , -0.290678
31.36 , 39.13939 , 20.9659 , -0.2998333
31.363 , 39.13939 , 20.94301 , -0.2952557
31.365 , 39.09361 , 20.9659 , -0.3135662
31.368 , 39.09361 , 20.9659 , -0.2952557
31.37 , 39.09361 , 20.9659 , -0.2998333
31.372 , 39.07072 , 20.9659 , -0.290678
31.375 , 39.09361 , 20.9659 , -0.3044109
31.377 , 39.04784 , 20.9659 , -0.2998333
31.38 , 39.07072 , 20.9659 , -0.3227215
31.382 , 39.07072 , 20.9659 , -0.3227215
31.385 , 39.00206 , 20.94301 , -0.341032
31.387 , 39.04784 , 20.9659 , -0.3364544
31.389 , 39.00206 , 20.89723 , -0.341032
31.392 , 38.97917 , 20.94301 , -0.3318768
31.394 , 39.04784 , 20.89723 , -0.3318768
31.397 , 39.04784 , 20.89723 , -0.3272991
31.399 , 39.00206 , 20.89723 , -0.3318768
31.402 , 39.00206 , 20.89723 , -0.341032
31.404 , 39.00206 , 20.87434 , -0.341032
31.406 , 38.9334 , 20.89723 , -0.3547649
31.409 , 38.91051 , 20.87434 , -0.3456097
31.411 , 38.9334 , 20.87434 , -0.3456097
31.413 , 38.9334 , 20.87434 , -0.3272991
31.416 , 38.9334 , 20.87434 , -0.341032
31.418 , 38.9334 , 20.87434 , -0.3456097
31.421 , 38.9334 , 20.87434 , -0.3501873
31.423 , 38.86473 , 20.89723 , -0.3547649
31.426 , 38.86473 , 20.85145 , -0.3684978
31.428 , 38.86473 , 20.85145 , -0.3639202
31.43 , 38.86473 , 20.85145 , -0.3593426
31.433 , 38.84184 , 20.87434 , -0.3639202
31.435 , 38.84184 , 20.80568 , -0.3593426
31.438 , 38.84184 , 20.80568 , -0.3639202
31.44 , 38.84184 , 20.80568 , -0.3593426
31.442 , 38.81895 , 20.80568 , -0.3684978
31.445 , 38.81895 , 20.78279 , -0.3684978
31.447 , 38.81895 , 20.80568 , -0.3776531
31.45 , 38.81895 , 20.78279 , -0.3684978
31.452 , 38.77317 , 20.78279 , -0.3684978
31.455 , 38.77317 , 20.78279 , -0.3501873
31.457 , 38.77317 , 20.73701 , -0.3639202
31.46 , 38.75029 , 20.78279 , -0.3639202
31.462 , 38.75029 , 20.78279 , -0.3730755
31.464 , 38.75029 , 20.71412 , -0.3730755
31.467 , 38.77317 , 20.73701 , -0.3822327
31.469 , 38.70451 , 20.66834 , -0.3822327
31.472 , 38.70451 , 20.71412 , -0.3982544
31.474 , 38.65873 , 20.71412 , -0.4257202
31.476 , 38.68162 , 20.71412 , -0.3913879
31.479 , 38.75029 , 20.71412 , -0.3593426
31.481 , 38.75029 , 20.71412 , -0.3272991
31.484 , 38.77317 , 20.66834 , -0.3044109
31.486 , 38.77317 , 20.66834 , -0.2815208
31.489 , 38.81895 , 20.64546 , -0.2769432
31.491 , 38.77317 , 20.66834 , -0.2952557
31.493 , 38.70451 , 20.66834 , -0.3089886
31.496 , 38.70451 , 20.64546 , -0.3227215
31.498 , 38.70451 , 20.64546 , -0.3318768
31.501 , 38.75029 , 20.71412 , -0.3272991
31.503 , 38.68162 , 20.66834 , -0.3181438
31.505 , 38.70451 , 20.64546 , -0.3089886
31.508 , 38.70451 , 20.62257 , -0.2998333
31.51 , 38.75029 , 20.62257 , -0.290678
31.513 , 38.77317 , 20.62257 , -0.2861004
31.515 , 38.75029 , 20.62257 , -0.2861004
31.518 , 38.77317 , 20.62257 , -0.290678
31.52 , 38.75029 , 20.62257 , -0.2861004
31.522 , 38.77317 , 20.57679 , -0.2861004
31.525 , 38.75029 , 20.57679 , -0.2861004
31.527 , 38.75029 , 20.57679 , -0.2815208
31.53 , 38.75029 , 20.57679 , -0.254055
31.532 , 38.77317 , 20.5539 , -0.2197227
31.535 , 38.70451 , 20.5539 , -0.2243004
31.537 , 38.75029 , 20.57679 , -0.2357445
31.539 , 38.77317 , 20.5539 , -0.2357445
31.542 , 38.81895 , 20.5539 , -0.1052818
31.544 , 38.97917 , 20.5539 , 0.02289581
31.547 , 39.20806 , 20.5539 , 0.233469
31.549 , 39.45983 , 20.5539 , 0.5310211
31.552 , 39.55138 , 20.50813 , 0.6363068
31.554 , 39.55138 , 20.50813 , 0.6042633
31.556 , 39.5285 , 20.50813 , 0.5516205
31.559 , 39.39117 , 20.5539 , 0.4371777
31.561 , 39.29961 , 20.48524 , 0.3868237
31.564 , 39.3225 , 20.50813 , 0.4142895
31.566 , 39.39117 , 20.50813 , 0.5264435
31.569 , 39.5285 , 20.48524 , 0.6591969
31.571 , 39.64294 , 20.48524 , 0.7484627
31.573 , 39.75738 , 20.46235 , 0.8674812
31.576 , 39.84894 , 20.48524 , 1.025412
31.578 , 40.03204 , 20.46235 , 1.160456
31.581 , 40.16937 , 20.46235 , 1.247433
31.583 , 40.07782 , 20.48524 , 1.094078
31.585 , 39.64294 , 20.48524 , 0.6775074
31.588 , 39.25383 , 20.46235 , 0.3181572
31.59 , 39.00206 , 20.46235 , 0.05493927
31.593 , 38.77317 , 20.46235 , -0.06865883
31.595 , 38.84184 , 20.46235 , -0.01372719
31.598 , 39.00206 , 20.41657 , 0.1762466
31.6 , 39.20806 , 20.46235 , 0.3914013
31.603 , 39.3225 , 20.46235 , 0.5149994
31.605 , 39.39117 , 20.46235 , 0.569931
31.608 , 39.43694 , 20.48524 , 0.5653534
31.61 , 39.36828 , 20.48524 , 0.5058441
31.612 , 39.25383 , 20.41657 , 0.4326
31.615 , 39.16228 , 20.48524 , 0.3639336
31.617 , 39.13939 , 20.41657 , 0.3387566
31.62 , 39.13939 , 20.41657 , 0.3387566
31.622 , 39.09361 , 20.41657 , 0.3570671
31.624 , 39.13939 , 20.41657 , 0.382246
31.627 , 39.13939 , 20.41657 , 0.4005566
31.629 , 39.16228 , 20.41657 , 0.4097118
31.632 , 39.13939 , 20.39368 , 0.4051342
31.634 , 39.16228 , 20.39368 , 0.3959789
31.636 , 39.13939 , 20.39368 , 0.3868237
31.639 , 39.13939 , 20.41657 , 0.3776684
31.641 , 39.09361 , 20.39368 , 0.3730907
31.644 , 39.09361 , 20.34791 , 0.3776684
31.646 , 39.07072 , 20.34791 , 0.3868237
31.649 , 39.07072 , 20.39368 , 0.3868237
31.651 , 39.09361 , 20.34791 , 0.3868237
31.653 , 39.09361 , 20.34791 , 0.3914013
31.656 , 39.07072 , 20.34791 , 0.3868237
31.658 , 39.07072 , 20.27924 , 0.382246
31.661 , 39.07072 , 20.32502 , 0.3776684
31.663 , 39.09361 , 20.34791 , 0.3776684
31.665 , 39.07072 , 20.32502 , 0.3730907
31.668 , 39.00206 , 20.34791 , 0.3730907
31.67 , 39.04784 , 20.32502 , 0.3730907
31.673 , 39.04784 , 20.27924 , 0.3730907
31.675 , 39.04784 , 20.27924 , 0.3730907
31.677 , 39.04784 , 20.27924 , 0.3776684
31.68 , 39.00206 , 20.25635 , 0.3730907
31.682 , 39.04784 , 20.27924 , 0.3685112
31.685 , 39.00206 , 20.27924 , 0.3685112
31.687 , 38.97917 , 20.25635 , 0.3685112
31.69 , 39.00206 , 20.25635 , 0.3639336
31.692 , 39.00206 , 20.25635 , 0.3639336
31.694 , 38.97917 , 20.25635 , 0.3639336
31.697 , 38.97917 , 20.25635 , 0.3639336
31.699 , 38.9334 , 20.18769 , 0.3639336
31.702 , 38.9334 , 20.23346 , 0.3639336
31.704 , 38.97917 , 20.23346 , 0.3570671
31.715 , 38.91051 , 20.18769 , 0.3570671
31.717 , 38.9334 , 20.18769 , 0.3570671
31.72 , 38.84184 , 20.1648 , 0.3570671
31.722 , 38.81895 , 20.1648 , 0.3524895
31.724 , 38.84184 , 20.1648 , 0.3524895
31.727 , 38.81895 , 20.1648 , 0.3524895
31.729 , 38.81895 , 20.11902 , 0.3524895
31.732 , 38.81895 , 20.11902 , 0.3524895
31.734 , 38.81895 , 20.11902 , 0.3524895
31.737 , 38.81895 , 20.11902 , 0.3524895
31.739 , 38.81895 , 20.05035 , 0.3524895
31.741 , 38.77317 , 20.05035 , 0.3479118
31.744 , 38.77317 , 20.09613 , 0.3479118
31.746 , 38.77317 , 20.02747 , 0.3479118
31.749 , 38.77317 , 20.09613 , 0.3479118
31.751 , 38.77317 , 20.05035 , 0.3433342
31.753 , 38.77317 , 20.02747 , 0.3433342
31.756 , 38.75029 , 20.05035 , 0.3433342
31.758 , 38.81895 , 20.05035 , 0.3570671
31.761 , 38.81895 , 20.02747 , 0.3914013
31.763 , 38.77317 , 20.05035 , 0.3524895
31.765 , 38.70451 , 20.02747 , 0.2998466
31.768 , 38.68162 , 20.00458 , 0.2700901
31.77 , 38.65873 , 20.00458 , 0.2288914
31.773 , 38.61295 , 20.00458 , 0.2197361
31.775 , 38.59007 , 20.00458 , 0.2105808
31.777 , 38.59007 , 20.00458 , 0.2380466
31.78 , 38.61295 , 20.00458 , 0.2472019
31.782 , 38.61295 , 20.00458 , 0.2517796
31.785 , 38.61295 , 20.00458 , 0.2655125
31.787 , 38.59007 , 19.9588 , 0.2517796
31.789 , 38.59007 , 20.00458 , 0.2517796
31.792 , 38.59007 , 19.9588 , 0.2563572
31.794 , 38.54429 , 19.9588 , 0.2288914
31.797 , 38.54429 , 20.00458 , 0.2151585
31.799 , 38.5214 , 19.9588 , 0.2105808
31.802 , 38.49851 , 19.93591 , 0.1922703
31.804 , 38.49851 , 19.93591 , 0.1922703
31.806 , 38.45274 , 19.89013 , 0.1876926
31.809 , 38.49851 , 19.89013 , 0.1876926
31.811 , 38.49851 , 19.93591 , 0.1968479
31.814 , 38.45274 , 19.93591 , 0.1876926
31.816 , 38.49851 , 19.89013 , 0.1876926
31.819 , 38.45274 , 19.93591 , 0.1876926
31.821 , 38.54429 , 19.89013 , 0.1876926
31.823 , 38.5214 , 19.89013 , 0.1968479
31.826 , 38.49851 , 19.89013 , 0.1762466
31.828 , 38.45274 , 19.89013 , 0.1579361
31.831 , 38.45274 , 19.86725 , 0.1625137
31.833 , 38.45274 , 19.86725 , 0.1396255
31.836 , 38.45274 , 19.86725 , 0.1396255
31.838 , 38.45274 , 19.86725 , 0.1396255
31.84 , 38.42985 , 19.93591 , 0.1304703
31.843 , 38.42985 , 19.86725 , 0.1396255
31.845 , 38.38407 , 19.89013 , 0.1350479
31.848 , 38.38407 , 19.86725 , 0.1258926
31.85 , 38.38407 , 19.89013 , 0.1304703
31.853 , 38.38407 , 19.86725 , 0.1396255
31.855 , 38.42985 , 19.86725 , 0.1396255
31.857 , 38.38407 , 19.86725 , 0.1258926
31.86 , 38.38407 , 19.86725 , 0.1075821
31.862 , 38.36118 , 19.82147 , 0.1075821
31.865 , 38.3154 , 19.86725 , 0.08927155
31.867 , 38.3154 , 19.86725 , 0.09842682
31.87 , 38.3154 , 19.82147 , 0.09384918
31.872 , 38.29251 , 19.79858 , 0.1075821
31.875 , 38.36118 , 19.79858 , 0.09842682
31.877 , 38.3154 , 19.82147 , 0.1030045
31.88 , 38.3154 , 19.79858 , 0.09384918
31.882 , 38.26963 , 19.82147 , 0.08469391
31.885 , 38.26963 , 19.79858 , 0.08011627
31.888 , 38.26963 , 19.77569 , 0.07553864
31.89 , 38.26963 , 19.79858 , 0.08469391
31.893 , 38.26963 , 19.82147 , 0.08469391
31.896 , 38.26963 , 19.82147 , 0.08927155
31.898 , 38.22385 , 19.79858 , 0.06409454
31.901 , 38.26963 , 19.79858 , 0.05951691
31.903 , 38.20096 , 19.82147 , 0.05036163
31.906 , 38.20096 , 19.79858 , 0.05036163
31.909 , 38.20096 , 19.72992 , 0.03205109
31.911 , 38.20096 , 19.77569 , 0.04120636
31.914 , 38.15518 , 19.79858 , 0.02747345
31.916 , 38.20096 , 19.77569 , 0.04120636
31.919 , 38.13229 , 19.77569 , 0.03662872
31.921 , 38.20096 , 19.72992 , 0.03662872
31.924 , 38.10941 , 19.72992 , 0.02747345
31.927 , 38.10941 , 19.72992 , 0.02289581
31.929 , 38.10941 , 19.70703 , 0.02289581
31.932 , 38.06363 , 19.72992 , 0.01602936
31.934 , 38.06363 , 19.70703 , 0.02747345
31.937 , 38.10941 , 19.70703 , 0.03205109
31.939 , 38.10941 , 19.66125 , 0.03662872
31.942 , 38.06363 , 19.70703 , 0.01602936
31.945 , 38.06363 , 19.63836 , 0.01145172
31.947 , 38.04074 , 19.66125 , -0.009149551
31.95 , 38.04074 , 19.66125 , -0.009149551
31.952 , 37.99496 , 19.61547 , -0.01830482
31.955 , 37.99496 , 19.61547 , -0.01372719
31.958 , 38.04074 , 19.61547 , -0.01830482
31.96 , 38.04074 , 19.61547 , -0.009149551
31.963 , 37.99496 , 19.61547 , -0.01372719
31.965 , 37.97208 , 19.61547 , -0.01830482
31.968 , 37.97208 , 19.5697 , -0.02288246
31.971 , 37.97208 , 19.61547 , -0.0274601
31.973 , 37.97208 , 19.5697 , -0.03203773
31.976 , 37.9263 , 19.5697 , -0.04119301
31.978 , 37.90341 , 19.61547 , -0.03203773
31.981 , 37.9263 , 19.5697 , -0.03203773
31.984 , 37.90341 , 19.54681 , -0.0274601
31.986 , 37.88052 , 19.54681 , -0.05034828
31.989 , 37.88052 , 19.50103 , -0.05492592
31.991 , 37.83475 , 19.50103 , -0.06865883
31.994 , 37.88052 , 19.50103 , -0.06865883
31.997 , 37.88052 , 19.50103 , -0.08696938
31.999 , 37.88052 , 19.50103 , -0.08239174
32.002 , 37.81186 , 19.47814 , -0.08696938
32.004 , 37.81186 , 19.47814 , -0.08696938
32.007 , 37.76608 , 19.47814 , -0.09154701
32.01 , 37.81186 , 19.50103 , -0.09612465
32.012 , 37.74319 , 19.47814 , -0.09154701
32.015 , 37.74319 , 19.47814 , -0.1052818
32.017 , 37.74319 , 19.50103 , -0.1052818
32.019 , 37.7203 , 19.43236 , -0.1190147
32.022 , 37.74319 , 19.47814 , -0.1144371
32.024 , 37.74319 , 19.43236 , -0.1098595
32.027 , 37.74319 , 19.43236 , -0.09154701
32.029 , 37.76608 , 19.43236 , -0.1007042
32.032 , 37.7203 , 19.40948 , -0.1098595
32.034 , 37.7203 , 19.47814 , -0.1098595
32.036 , 37.67453 , 19.43236 , -0.12817
32.039 , 37.67453 , 19.43236 , -0.1327477
32.041 , 37.65164 , 19.43236 , -0.1556358
32.044 , 37.65164 , 19.43236 , -0.1464806
32.046 , 37.65164 , 19.40948 , -0.1510582
32.048 , 37.60586 , 19.38659 , -0.1464806
32.051 , 37.60586 , 19.40948 , -0.1419029
32.053 , 37.60586 , 19.40948 , -0.1464806
32.056 , 37.65164 , 19.40948 , -0.1419029
32.058 , 37.58297 , 19.38659 , -0.1556358
32.061 , 37.60586 , 19.43236 , -0.1556358
32.063 , 37.60586 , 19.40948 , -0.1739464
32.065 , 37.58297 , 19.38659 , -0.1647911
32.068 , 37.60586 , 19.38659 , -0.1602135
32.07 , 37.58297 , 19.40948 , -0.1510582
32.073 , 37.60586 , 19.38659 , -0.1510582
32.075 , 37.58297 , 19.38659 , -0.1602135
32.078 , 37.58297 , 19.34081 , -0.1556358
32.08 , 37.56008 , 19.38659 , -0.178524
32.082 , 37.56008 , 19.34081 , -0.178524
32.085 , 37.51431 , 19.31792 , -0.1991234
32.087 , 37.56008 , 19.34081 , -0.1945457
32.09 , 37.51431 , 19.34081 , -0.1945457
32.092 , 37.49142 , 19.31792 , -0.1899681
32.094 , 37.49142 , 19.34081 , -0.1853905
32.097 , 37.49142 , 19.34081 , -0.1991234
32.099 , 37.49142 , 19.31792 , -0.1945457
32.102 , 37.49142 , 19.27214 , -0.2105675
32.104 , 37.44564 , 19.31792 , -0.1991234
32.106 , 37.44564 , 19.31792 , -0.2151451
32.109 , 37.44564 , 19.31792 , -0.2151451
32.111 , 37.42275 , 19.27214 , -0.1991234
32.114 , 37.42275 , 19.27214 , -0.1991234
32.116 , 37.44564 , 19.27214 , -0.1853905
32.118 , 37.44564 , 19.31792 , -0.203701
32.121 , 37.37697 , 19.24926 , -0.203701
32.123 , 37.37697 , 19.24926 , -0.2197227
32.126 , 37.37697 , 19.24926 , -0.2243004
32.128 , 37.37697 , 19.24926 , -0.228878
32.13 , 37.35408 , 19.27214 , -0.2357445
32.133 , 37.37697 , 19.24926 , -0.228878
32.135 , 37.35408 , 19.20348 , -0.2403221
32.138 , 37.35408 , 19.20348 , -0.2357445
32.14 , 37.35408 , 19.24926 , -0.2357445
32.142 , 37.35408 , 19.20348 , -0.228878
32.145 , 37.35408 , 19.20348 , -0.2403221
32.147 , 37.3312 , 19.18059 , -0.2448997
32.15 , 37.3312 , 19.18059 , -0.2403221
32.152 , 37.28542 , 19.18059 , -0.254055
32.154 , 37.3312 , 19.18059 , -0.2494774
32.157 , 37.3312 , 19.18059 , -0.2448997
32.159 , 37.3312 , 19.18059 , -0.2243004
32.162 , 37.3312 , 19.18059 , -0.2357445
32.164 , 37.28542 , 19.18059 , -0.2403221
32.166 , 37.26253 , 19.18059 , -0.2403221
32.169 , 37.26253 , 19.18059 , -0.254055
32.171 , 37.26253 , 19.1577 , -0.2586327
32.174 , 37.26253 , 19.1577 , -0.2723656
32.176 , 37.26253 , 19.1577 , -0.2632103
32.178 , 37.26253 , 19.08904 , -0.2632103
32.181 , 37.21675 , 19.11193 , -0.2586327
32.183 , 37.26253 , 19.11193 , -0.2586327
32.186 , 37.19386 , 19.1577 , -0.2632103
32.188 , 37.19386 , 19.08904 , -0.2586327
32.19 , 37.19386 , 19.08904 , -0.2769432
32.193 , 37.21675 , 19.11193 , -0.2723656
32.195 , 37.17097 , 19.08904 , -0.2815208
32.198 , 37.19386 , 19.08904 , -0.2723656
32.2 , 37.19386 , 19.08904 , -0.2723656
32.203 , 37.19386 , 19.02037 , -0.2586327
32.205 , 37.21675 , 19.04326 , -0.254055
32.207 , 37.17097 , 19.02037 , -0.2677879
32.21 , 37.19386 , 19.04326 , -0.2723656
32.212 , 37.17097 , 19.04326 , -0.2861004
32.214 , 37.1252 , 19.04326 , -0.2861004
32.217 , 37.1252 , 19.04326 , -0.2998333
32.219 , 37.10231 , 19.02037 , -0.2998333
32.222 , 37.1252 , 19.02037 , -0.2952557
32.232 , 37.1252 , 18.97459 , -0.2403221
32.235 , 37.1252 , 18.97459 , -0.2151451
32.237 , 37.17097 , 18.95171 , -0.1945457
32.24 , 37.17097 , 18.92882 , -0.203701
32.242 , 37.1252 , 18.95171 , -0.2197227
32.244 , 37.1252 , 18.95171 , -0.2403221
32.247 , 37.05653 , 18.92882 , -0.2448997
32.249 , 37.10231 , 18.88304 , -0.2586327
32.252 , 37.10231 , 18.88304 , -0.2494774
32.254 , 37.10231 , 18.88304 , -0.2448997
32.256 , 37.10231 , 18.92882 , -0.2357445
32.259 , 37.10231 , 18.88304 , -0.2243004
32.261 , 37.1252 , 18.92882 , -0.2197227
32.264 , 37.05653 , 18.92882 , -0.2151451
32.266 , 37.10231 , 18.88304 , -0.2197227
32.269 , 37.05653 , 18.88304 , -0.2197227
32.271 , 37.05653 , 18.88304 , -0.2197227
32.273 , 37.10231 , 18.88304 , -0.2197227
32.276 , 37.03365 , 18.86015 , -0.2197227
32.278 , 37.10231 , 18.81437 , -0.2105675
32.281 , 37.1252 , 18.88304 , -0.1693687
32.283 , 37.10231 , 18.88304 , -0.1464806
32.285 , 37.10231 , 18.81437 , -0.1602135
32.288 , 37.10231 , 18.86015 , -0.178524
32.29 , 37.10231 , 18.86015 , -0.1419029
32.292 , 37.19386 , 18.81437 , -0.03203773
32.295 , 37.3312 , 18.81437 , 0.1258926
32.298 , 37.58297 , 18.81437 , 0.3639336
32.3 , 37.83475 , 18.79148 , 0.6363068
32.302 , 37.9263 , 18.81437 , 0.682085
32.305 , 37.83475 , 18.79148 , 0.6546192
32.307 , 37.76608 , 18.81437 , 0.5859528
32.31 , 37.67453 , 18.7686 , 0.4554882
32.312 , 37.60586 , 18.79148 , 0.4280224
32.314 , 37.60586 , 18.81437 , 0.4600658
32.317 , 37.74319 , 18.79148 , 0.595108
32.319 , 37.90341 , 18.79148 , 0.7095509
32.322 , 37.97208 , 18.81437 , 0.8011055
32.324 , 38.06363 , 18.79148 , 0.9109688
32.327 , 38.20096 , 18.79148 , 1.064323
32.329 , 38.3154 , 18.79148 , 1.183344
32.331 , 38.29251 , 18.7686 , 1.119255
32.334 , 38.04074 , 18.7686 , 0.8285713
32.336 , 37.65164 , 18.79148 , 0.469223
32.339 , 37.37697 , 18.7686 , 0.1922703
32.341 , 37.17097 , 18.79148 , -0.004571915
32.344 , 37.1252 , 18.7686 , -0.01830482
32.346 , 37.21675 , 18.7686 , 0.1167374
32.349 , 37.37697 , 18.72282 , 0.2998466
32.351 , 37.56008 , 18.72282 , 0.469223
32.354 , 37.67453 , 18.7686 , 0.5516205
32.356 , 37.65164 , 18.72282 , 0.5653534
32.358 , 37.65164 , 18.7686 , 0.5310211
32.361 , 37.56008 , 18.72282 , 0.4600658
32.363 , 37.51431 , 18.72282 , 0.3914013
32.366 , 37.49142 , 18.69993 , 0.3524895
32.368 , 37.44564 , 18.72282 , 0.3433342
32.37 , 37.44564 , 18.72282 , 0.3524895
32.373 , 37.44564 , 18.69993 , 0.3730907
32.375 , 37.44564 , 18.69993 , 0.3914013
32.378 , 37.44564 , 18.69993 , 0.4051342
32.38 , 37.44564 , 18.65415 , 0.4005566
32.382 , 37.44564 , 18.72282 , 0.4005566
32.385 , 37.42275 , 18.69993 , 0.3868237
32.387 , 37.42275 , 18.65415 , 0.3730907
32.39 , 37.37697 , 18.65415 , 0.3639336
32.392 , 37.37697 , 18.63127 , 0.3685112
32.395 , 37.37697 , 18.65415 , 0.3730907
32.397 , 37.42275 , 18.65415 , 0.3776684
32.399 , 37.44564 , 18.63127 , 0.3776684
32.402 , 37.42275 , 18.63127 , 0.3776684
32.404 , 37.37697 , 18.63127 , 0.3730907
32.407 , 37.35408 , 18.65415 , 0.3685112
32.409 , 37.37697 , 18.63127 , 0.3639336
32.412 , 37.37697 , 18.63127 , 0.3524895
32.414 , 37.3312 , 18.63127 , 0.3479118
32.416 , 37.3312 , 18.58549 , 0.3479118
32.419 , 37.3312 , 18.58549 , 0.3479118
32.421 , 37.3312 , 18.58549 , 0.3479118
32.424 , 37.3312 , 18.58549 , 0.3479118
32.426 , 37.35408 , 18.58549 , 0.3479118
32.429 , 37.28542 , 18.53971 , 0.3433342
32.431 , 37.28542 , 18.58549 , 0.3433342
32.433 , 37.28542 , 18.53971 , 0.3387566
32.436 , 37.28542 , 18.53971 , 0.3341789
32.438 , 37.26253 , 18.5626 , 0.3296013
32.441 , 37.19386 , 18.5626 , 0.3296013
32.443 , 37.19386 , 18.5626 , 0.3296013
32.445 , 37.21675 , 18.53971 , 0.3296013
32.448 , 37.21675 , 18.53971 , 0.3296013
32.45 , 37.19386 , 18.53971 , 0.3227348
32.453 , 37.17097 , 18.53971 , 0.3296013
32.455 , 37.19386 , 18.53971 , 0.3181572
32.458 , 37.19386 , 18.53971 , 0.3181572
32.46 , 37.19386 , 18.49393 , 0.3227348
32.462 , 37.19386 , 18.53971 , 0.3181572
32.465 , 37.17097 , 18.49393 , 0.3090019
32.467 , 37.1252 , 18.49393 , 0.3135796
32.47 , 37.17097 , 18.47105 , 0.3090019
32.472 , 37.1252 , 18.49393 , 0.3090019
32.474 , 37.17097 , 18.47105 , 0.3090019
32.477 , 37.1252 , 18.49393 , 0.3044243
32.479 , 37.10231 , 18.47105 , 0.3044243
32.482 , 37.1252 , 18.49393 , 0.3044243
32.484 , 37.1252 , 18.47105 , 0.2998466
32.486 , 37.10231 , 18.42527 , 0.2998466
32.489 , 37.1252 , 18.42527 , 0.295269
32.491 , 37.05653 , 18.47105 , 0.295269
32.494 , 37.10231 , 18.42527 , 0.295269
32.496 , 37.05653 , 18.42527 , 0.295269
32.498 , 37.05653 , 18.40238 , 0.2700901
32.501 , 37.01076 , 18.42527 , 0.2105808
32.503 , 36.96498 , 18.42527 , 0.1876926
32.506 , 36.96498 , 18.40238 , 0.2105808
32.508 , 37.03365 , 18.42527 , 0.2563572
32.51 , 37.05653 , 18.40238 , 0.3479118
32.513 , 37.05653 , 18.40238 , 0.3479118
32.515 , 37.03365 , 18.33372 , 0.3181572
32.518 , 37.01076 , 18.33372 , 0.2655125
32.52 , 36.96498 , 18.31083 , 0.2105808
32.522 , 36.87343 , 18.33372 , 0.1579361
32.525 , 36.87343 , 18.33372 , 0.1442032
32.527 , 36.87343 , 18.33372 , 0.1762466
32.53 , 36.87343 , 18.33372 , 0.1762466
32.532 , 36.89632 , 18.33372 , 0.1968479
32.535 , 36.89632 , 18.33372 , 0.2151585
32.537 , 36.94209 , 18.26505 , 0.2060032
32.539 , 36.82765 , 18.31083 , 0.1968479
32.542 , 36.87343 , 18.31083 , 0.1762466
32.544 , 36.87343 , 18.31083 , 0.171669
32.547 , 36.82765 , 18.26505 , 0.1579361
32.549 , 36.82765 , 18.24216 , 0.1487808
32.551 , 36.78187 , 18.24216 , 0.1533585
32.554 , 36.82765 , 18.31083 , 0.1396255
32.556 , 36.82765 , 18.26505 , 0.1533585
32.559 , 36.82765 , 18.24216 , 0.1625137
32.561 , 36.82765 , 18.24216 , 0.1579361
32.564 , 36.78187 , 18.24216 , 0.1396255
32.566 , 36.7361 , 18.24216 , 0.1258926
32.568 , 36.78187 , 18.24216 , 0.1258926
32.571 , 36.7361 , 18.19638 , 0.09842682
32.573 , 36.71321 , 18.24216 , 0.1030045
32.576 , 36.71321 , 18.24216 , 0.1030045
32.578 , 36.71321 , 18.24216 , 0.09842682
32.581 , 36.7361 , 18.1735 , 0.1030045
32.583 , 36.66743 , 18.19638 , 0.09842682
32.586 , 36.71321 , 18.19638 , 0.08927155
32.588 , 36.66743 , 18.12772 , 0.09384918
32.591 , 36.66743 , 18.12772 , 0.09384918
32.593 , 36.64454 , 18.1735 , 0.09384918
32.596 , 36.64454 , 18.1735 , 0.08469391
32.599 , 36.64454 , 18.19638 , 0.06867218
32.601 , 36.64454 , 18.19638 , 0.06409454
32.604 , 36.57587 , 18.1735 , 0.05493927
32.606 , 36.62165 , 18.19638 , 0.05036163
32.609 , 36.62165 , 18.12772 , 0.05493927
32.611 , 36.57587 , 18.12772 , 0.05493927
32.614 , 36.57587 , 18.1735 , 0.05036163
32.617 , 36.57587 , 18.1735 , 0.05493927
32.619 , 36.55299 , 18.1735 , 0.05951691
32.622 , 36.57587 , 18.1735 , 0.05036163
32.624 , 36.57587 , 18.1735 , 0.05493927
32.627 , 36.50721 , 18.12772 , 0.05951691
32.63 , 36.55299 , 18.12772 , 0.06409454
32.632 , 36.55299 , 18.10483 , 0.03662872
32.635 , 36.50721 , 18.12772 , 0.03662872
32.637 , 36.50721 , 18.10483 , 0.01602936
32.64 , 36.48432 , 18.10483 , 0.01602936
32.642 , 36.50721 , 18.12772 , 0.01602936
32.645 , 36.43855 , 18.10483 , 0.01145172
32.647 , 36.48432 , 18.10483 , 0.02289581
32.65 , 36.43855 , 18.10483 , 0.01145172
32.653 , 36.48432 , 18.08194 , 0.01602936
32.655 , 36.48432 , 18.10483 , 0.004585266
32.658 , 36.43855 , 18.10483 , 0.01145172
32.66 , 36.41566 , 18.08194 , -0.004571915
32.663 , 36.41566 , 18.08194 , 7.629395e-06
32.666 , 36.41566 , 18.08194 , -0.004571915
32.668 , 36.41566 , 18.10483 , -0.004571915
32.671 , 36.41566 , 18.03616 , 0.004585266
32.674 , 36.39277 , 18.08194 , 0.01145172
32.676 , 36.39277 , 18.03616 , 0.01602936
32.679 , 36.39277 , 18.03616 , -0.004571915
32.682 , 36.34699 , 18.03616 , -0.009149551
32.684 , 36.39277 , 18.03616 , -0.0274601
32.687 , 36.3241 , 18.01328 , -0.0274601
32.689 , 36.34699 , 18.01328 , -0.03661537
32.692 , 36.27832 , 18.01328 , -0.03203773
32.694 , 36.3241 , 17.9675 , -0.02288246
32.697 , 36.3241 , 17.9675 , -0.02288246
32.7 , 36.3241 , 17.9675 , -0.02288246
32.702 , 36.27832 , 18.01328 , -0.0274601
32.705 , 36.27832 , 18.01328 , -0.0274601
32.707 , 36.27832 , 17.92172 , -0.05034828
32.71 , 36.25544 , 17.87594 , -0.04119301
32.712 , 36.25544 , 17.94461 , -0.05034828
32.715 , 36.23255 , 17.87594 , -0.05034828
32.718 , 36.25544 , 17.92172 , -0.04119301
32.72 , 36.25544 , 17.92172 , -0.03203773
32.723 , 36.25544 , 17.92172 , -0.0274601
32.725 , 36.23255 , 17.92172 , -0.04577065
32.728 , 36.16388 , 17.87594 , -0.05492592
32.73 , 36.23255 , 17.92172 , -0.07323647
32.733 , 36.16388 , 17.87594 , -0.07323647
32.736 , 36.16388 , 17.87594 , -0.08239174
32.738 , 36.16388 , 17.87594 , -0.0778141
32.741 , 36.11811 , 17.87594 , -0.08239174
32.752 , 36.09522 , 17.80728 , -0.08239174
32.754 , 36.02655 , 17.78439 , -0.09612465
32.757 , 36.07233 , 17.78439 , -0.09612465
32.759 , 36.07233 , 17.78439 , -0.1144371
32.762 , 36.02655 , 17.80728 , -0.1144371
32.764 , 36.02655 , 17.78439 , -0.1098595
32.767 , 36.02655 , 17.73861 , -0.1007042
32.769 , 36.02655 , 17.78439 , -0.1007042
32.771 , 36.00366 , 17.78439 , -0.1098595
32.774 , 36.00366 , 17.71572 , -0.1190147
32.776 , 36.00366 , 17.78439 , -0.1327477
32.779 , 36.00366 , 17.71572 , -0.1373253
32.781 , 36.00366 , 17.73861 , -0.1464806
32.784 , 35.95789 , 17.71572 , -0.1464806
32.786 , 35.95789 , 17.71572 , -0.1419029
32.789 , 35.935 , 17.64706 , -0.1510582
32.791 , 35.935 , 17.64706 , -0.1464806
32.793 , 35.935 , 17.71572 , -0.1556358
32.796 , 35.935 , 17.64706 , -0.1556358
32.798 , 35.935 , 17.71572 , -0.1602135
32.801 , 35.88922 , 17.64706 , -0.1602135
32.803 , 35.88922 , 17.71572 , -0.1647911
32.806 , 35.88922 , 17.71572 , -0.1899681
32.808 , 35.86633 , 17.64706 , -0.178524
32.81 , 35.88922 , 17.64706 , -0.1693687
32.813 , 35.86633 , 17.64706 , -0.1602135
32.815 , 35.88922 , 17.71572 , -0.1602135
32.818 , 35.88922 , 17.71572 , -0.1693687
32.82 , 35.86633 , 17.71572 , -0.178524
32.823 , 35.84344 , 17.64706 , -0.1991234
32.825 , 35.84344 , 17.71572 , -0.1991234
32.827 , 35.84344 , 17.62417 , -0.2105675
32.83 , 35.77478 , 17.62417 , -0.2105675
32.832 , 35.79766 , 17.62417 , -0.1991234
32.835 , 35.84344 , 17.57839 , -0.2105675
32.837 , 35.77478 , 17.57839 , -0.203701
32.84 , 35.79766 , 17.62417 , -0.2151451
32.842 , 35.79766 , 17.62417 , -0.2151451
32.844 , 35.77478 , 17.57839 , -0.2105675
32.847 , 35.70611 , 17.62417 , -0.2197227
32.849 , 35.77478 , 17.57839 , -0.2243004
32.852 , 35.729 , 17.57839 , -0.2403221
32.854 , 35.729 , 17.62417 , -0.2357445
32.856 , 35.77478 , 17.5555 , -0.2243004
32.859 , 35.729 , 17.57839 , -0.2151451
32.861 , 35.729 , 17.57839 , -0.203701
32.863 , 35.70611 , 17.57839 , -0.2243004
32.866 , 35.70611 , 17.5555 , -0.2357445
32.868 , 35.68322 , 17.5555 , -0.2494774
32.871 , 35.70611 , 17.50973 , -0.2494774
32.873 , 35.70611 , 17.5555 , -0.2494774
32.876 , 35.68322 , 17.5555 , -0.254055
32.878 , 35.68322 , 17.5555 , -0.2494774
32.881 , 35.68322 , 17.50973 , -0.2586327
32.883 , 35.63744 , 17.5555 , -0.254055
32.885 , 35.63744 , 17.48684 , -0.2586327
32.888 , 35.63744 , 17.50973 , -0.2586327
32.89 , 35.61456 , 17.48684 , -0.254055
32.893 , 35.61456 , 17.48684 , -0.2677879
32.895 , 35.61456 , 17.50973 , -0.2677879
32.897 , 35.61456 , 17.48684 , -0.2815208
32.9 , 35.56878 , 17.48684 , -0.2769432
32.902 , 35.56878 , 17.46395 , -0.2632103
32.905 , 35.56878 , 17.46395 , -0.2586327
32.907 , 35.56878 , 17.48684 , -0.254055
32.91 , 35.56878 , 17.41817 , -0.2677879
32.912 , 35.523 , 17.41817 , -0.2723656
32.915 , 35.54589 , 17.39529 , -0.2861004
32.917 , 35.54589 , 17.41817 , -0.2861004
32.919 , 35.54589 , 17.41817 , -0.2861004
32.922 , 35.47723 , 17.39529 , -0.2952557
32.924 , 35.523 , 17.39529 , -0.290678
32.927 , 35.47723 , 17.41817 , -0.2952557
32.929 , 35.47723 , 17.41817 , -0.290678
32.932 , 35.523 , 17.39529 , -0.2952557
32.934 , 35.523 , 17.39529 , -0.2952557
32.936 , 35.47723 , 17.34951 , -0.290678
32.939 , 35.45434 , 17.39529 , -0.2998333
32.941 , 35.45434 , 17.39529 , -0.2998333
32.944 , 35.45434 , 17.34951 , -0.3135662
32.946 , 35.47723 , 17.34951 , -0.3135662
32.949 , 35.40856 , 17.34951 , -0.3044109
32.951 , 35.45434 , 17.34951 , -0.2952557
32.953 , 35.45434 , 17.34951 , -0.290678
32.956 , 35.45434 , 17.34951 , -0.2998333
32.958 , 35.45434 , 17.34951 , -0.3044109
32.961 , 35.40856 , 17.34951 , -0.3181438
32.963 , 35.40856 , 17.34951 , -0.3227215
32.965 , 35.38567 , 17.32662 , -0.3227215
32.968 , 35.33989 , 17.32662 , -0.3318768
32.97 , 35.38567 , 17.28084 , -0.3272991
32.973 , 35.33989 , 17.28084 , -0.3593426
32.975 , 35.33989 , 17.28084 , -0.3730755
32.978 , 35.33989 , 17.28084 , -0.341032
32.98 , 35.38567 , 17.32662 , -0.3044109
32.982 , 35.40856 , 17.28084 , -0.2861004
32.985 , 35.38567 , 17.28084 , -0.2632103
32.987 , 35.40856 , 17.25795 , -0.2494774
32.99 , 35.45434 , 17.25795 , -0.2586327
32.992 , 35.40856 , 17.25795 , -0.2632103
32.995 , 35.38567 , 17.28084 , -0.2815208
32.997 , 35.33989 , 17.25795 , -0.2861004
32.999 , 35.40856 , 17.28084 , -0.2998333
33.002 , 35.33989 , 17.28084 , -0.2952557
33.004 , 35.33989 , 17.23507 , -0.2861004
33.007 , 35.38567 , 17.25795 , -0.2769432
33.009 , 35.38567 , 17.25795 , -0.2769432
33.011 , 35.33989 , 17.25795 , -0.2677879
33.014 , 35.38567 , 17.23507 , -0.2677879
33.016 , 35.31701 , 17.23507 , -0.2632103
33.019 , 35.33989 , 17.23507 , -0.2677879
33.021 , 35.33989 , 17.23507 , -0.2677879
33.024 , 35.33989 , 17.18929 , -0.2677879
33.026 , 35.31701 , 17.23507 , -0.2632103
33.028 , 35.31701 , 17.18929 , -0.254055
33.031 , 35.33989 , 17.18929 , -0.2243004
33.033 , 35.40856 , 17.1664 , -0.1991234
33.036 , 35.38567 , 17.18929 , -0.2105675
33.038 , 35.33989 , 17.18929 , -0.2357445
33.041 , 35.38567 , 17.18929 , -0.1899681
33.043 , 35.47723 , 17.1664 , -0.0778141
33.046 , 35.61456 , 17.18929 , 0.08469391
33.048 , 35.84344 , 17.1664 , 0.3227348
33.051 , 36.11811 , 17.12062 , 0.6179962
33.053 , 36.25544 , 17.12062 , 0.6363068
33.055 , 36.16388 , 17.12062 , 0.6088409
33.058 , 36.09522 , 17.12062 , 0.5378876
33.06 , 36.00366 , 17.1664 , 0.4142895
33.063 , 35.88922 , 17.12062 , 0.3914013
33.065 , 35.95789 , 17.12062 , 0.4234447
33.067 , 36.00366 , 17.12062 , 0.5470428
33.07 , 36.23255 , 17.09773 , 0.6637745
33.072 , 36.25544 , 17.09773 , 0.7484627
33.075 , 36.3241 , 17.12062 , 0.8491707
33.077 , 36.48432 , 17.12062 , 0.9933681
33.079 , 36.50721 , 17.12062 , 0.9521694
33.082 , 36.23255 , 17.07484 , 0.6408844
33.084 , 35.88922 , 17.09773 , 0.3341789
33.087 , 35.63744 , 17.09773 , 0.1304703
33.089 , 35.45434 , 17.07484 , -0.03661537
33.092 , 35.40856 , 17.07484 , -0.05950356
33.094 , 35.47723 , 17.07484 , 0.08011627
33.097 , 35.68322 , 17.07484 , 0.2426243
33.099 , 35.84344 , 17.09773 , 0.3776684
33.102 , 35.88922 , 17.02907 , 0.4600658
33.104 , 35.88922 , 17.07484 , 0.469223
33.106 , 35.88922 , 17.07484 , 0.4280224
33.109 , 35.84344 , 17.07484 , 0.382246
33.111 , 35.729 , 17.02907 , 0.3044243
33.113 , 35.68322 , 17.02907 , 0.2655125
33.116 , 35.70611 , 17.02907 , 0.2517796
33.118 , 35.68322 , 17.02907 , 0.2700901
33.121 , 35.68322 , 17.02907 , 0.2906914
33.123 , 35.70611 , 17.02907 , 0.3090019
33.125 , 35.68322 , 17.02907 , 0.3181572
33.128 , 35.70611 , 17.00618 , 0.3181572
33.13 , 35.70611 , 17.00618 , 0.3090019
33.133 , 35.68322 , 17.02907 , 0.3044243
33.135 , 35.68322 , 16.9604 , 0.295269
33.137 , 35.68322 , 16.9604 , 0.2861137
33.14 , 35.63744 , 17.00618 , 0.2861137
33.142 , 35.63744 , 16.9604 , 0.2906914
33.145 , 35.68322 , 16.9604 , 0.295269
33.147 , 35.63744 , 16.89174 , 0.295269
33.149 , 35.63744 , 16.9604 , 0.2998466
33.152 , 35.61456 , 16.9604 , 0.295269
33.154 , 35.63744 , 16.89174 , 0.295269
33.157 , 35.61456 , 16.93752 , 0.2861137
33.159 , 35.61456 , 16.93752 , 0.2906914
33.161 , 35.54589 , 16.89174 , 0.2815361
33.164 , 35.56878 , 16.93752 , 0.2815361
33.166 , 35.56878 , 16.89174 , 0.2815361
33.169 , 35.54589 , 16.89174 , 0.2815361
33.171 , 35.54589 , 16.93752 , 0.2815361
33.173 , 35.54589 , 16.89174 , 0.2815361
33.176 , 35.523 , 16.89174 , 0.2815361
33.178 , 35.523 , 16.89174 , 0.2815361
33.181 , 35.54589 , 16.89174 , 0.2815361
33.183 , 35.54589 , 16.89174 , 0.2769566
33.186 , 35.523 , 16.86885 , 0.2769566
33.188 , 35.47723 , 16.86885 , 0.2769566
33.19 , 35.54589 , 16.86885 , 0.2700901
33.193 , 35.47723 , 16.84596 , 0.2700901
33.195 , 35.47723 , 16.84596 , 0.2700901
33.198 , 35.523 , 16.86885 , 0.2700901
33.2 , 35.47723 , 16.86885 , 0.2700901
33.203 , 35.45434 , 16.84596 , 0.2700901
33.205 , 35.47723 , 16.84596 , 0.2655125
33.207 , 35.45434 , 16.84596 , 0.2609348
33.21 , 35.45434 , 16.80018 , 0.2655125
33.212 , 35.47723 , 16.80018 , 0.2655125
33.214 , 35.45434 , 16.77729 , 0.2655125
33.217 , 35.45434 , 16.80018 , 0.2655125
33.219 , 35.45434 , 16.80018 , 0.2655125
33.222 , 35.45434 , 16.77729 , 0.2609348
33.224 , 35.38567 , 16.77729 , 0.2609348
33.227 , 35.40856 , 16.77729 , 0.2563572
33.229 , 35.40856 , 16.80018 , 0.2563572
33.231 , 35.38567 , 16.80018 , 0.2563572
33.234 , 35.40856 , 16.77729 , 0.2563572
33.236 , 35.40856 , 16.73152 , 0.2563572
33.239 , 35.38567 , 16.73152 , 0.2517796
33.241 , 35.38567 , 16.77729 , 0.2517796
33.243 , 35.38567 , 16.77729 , 0.2472019
33.246 , 35.33989 , 16.73152 , 0.2517796
33.248 , 35.38567 , 16.73152 , 0.2472019
33.259 , 35.33989 , 16.70863 , 0.2769566
33.261 , 35.38567 , 16.70863 , 0.295269
33.264 , 35.38567 , 16.70863 , 0.2472019
33.266 , 35.31701 , 16.70863 , 0.2014256
33.269 , 35.29412 , 16.70863 , 0.1762466
33.271 , 35.24834 , 16.66285 , 0.1487808
33.273 , 35.22545 , 16.70863 , 0.1304703
33.276 , 35.22545 , 16.66285 , 0.1304703
33.278 , 35.22545 , 16.66285 , 0.1579361
33.281 , 35.22545 , 16.70863 , 0.1625137
33.283 , 35.24834 , 16.70863 , 0.1808243
33.285 , 35.22545 , 16.70863 , 0.1762466
33.288 , 35.22545 , 16.66285 , 0.1762466
33.29 , 35.17968 , 16.66285 , 0.1625137
33.293 , 35.22545 , 16.63996 , 0.1533585
33.295 , 35.17968 , 16.63996 , 0.1670914
33.298 , 35.22545 , 16.66285 , 0.1396255
33.3 , 35.17968 , 16.63996 , 0.1350479
33.303 , 35.1339 , 16.63996 , 0.1258926
33.305 , 35.15679 , 16.63996 , 0.1304703
33.307 , 35.06523 , 16.61707 , 0.1075821
33.31 , 35.1339 , 16.61707 , 0.1075821
33.312 , 35.08812 , 16.61707 , 0.1121597
33.314 , 35.08812 , 16.61707 , 0.1030045
33.317 , 35.1339 , 16.61707 , 0.1121597
33.319 , 35.06523 , 16.61707 , 0.09384918
33.322 , 35.08812 , 16.5713 , 0.1030045
33.324 , 35.06523 , 16.61707 , 0.08927155
33.327 , 35.06523 , 16.5713 , 0.09842682
33.329 , 35.06523 , 16.5713 , 0.121315
33.332 , 35.06523 , 16.54841 , 0.08927155
33.334 , 35.01945 , 16.5713 , 0.08927155
33.337 , 35.01945 , 16.5713 , 0.08011627
33.339 , 35.01945 , 16.5713 , 0.06867218
33.342 , 34.99657 , 16.5713 , 0.06409454
33.344 , 34.99657 , 16.5713 , 0.05036163
33.347 , 34.99657 , 16.54841 , 0.06867218
33.35 , 34.99657 , 16.54841 , 0.05951691
33.352 , 34.95079 , 16.50263 , 0.05951691
33.355 , 34.95079 , 16.54841 , 0.06409454
33.357 , 34.95079 , 16.50263 , 0.045784
33.36 , 34.99657 , 16.50263 , 0.06867218
33.362 , 34.99657 , 16.54841 , 0.06867218
33.365 , 34.95079 , 16.47974 , 0.05951691
33.368 , 34.95079 , 16.50263 , 0.05493927
33.37 , 34.99657 , 16.50263 , 0.05951691
33.373 , 34.9279 , 16.43397 , 0.06409454
33.375 , 34.9279 , 16.47974 , 0.07553864
33.378 , 34.95079 , 16.43397 , 0.05036163
33.38 , 34.9279 , 16.43397 , 0.05493927
33.383 , 34.9279 , 16.43397 , 0.04120636
33.386 , 34.9279 , 16.41108 , 0.03662872
33.388 , 34.90501 , 16.41108 , 0.04120636
33.391 , 34.9279 , 16.38819 , 0.02747345
33.393 , 34.90501 , 16.41108 , 0.045784
33.396 , 34.85924 , 16.41108 , 0.02289581
33.398 , 34.90501 , 16.38819 , 0.02747345
33.401 , 34.85924 , 16.38819 , 0.02289581
33.404 , 34.85924 , 16.38819 , 0.01602936
33.406 , 34.83635 , 16.38819 , 0.03205109
33.409 , 34.83635 , 16.34241 , 0.03662872
33.411 , 34.83635 , 16.38819 , 0.045784
33.414 , 34.83635 , 16.34241 , 0.02289581
33.416 , 34.79057 , 16.38819 , 0.004585266
33.419 , 34.83635 , 16.34241 , 0.004585266
33.422 , 34.76768 , 16.34241 , -0.009149551
33.424 , 34.79057 , 16.34241 , 0.004585266
33.427 , 34.74479 , 16.34241 , -0.009149551
33.43 , 34.76768 , 16.34241 , 0.004585266
33.432 , 34.74479 , 16.31952 , -0.01372719
33.435 , 34.69902 , 16.31952 , 7.629395e-06
33.438 , 34.74479 , 16.31952 , -0.009149551
33.44 , 34.69902 , 16.27375 , -0.01372719
33.443 , 34.69902 , 16.27375 , -0.009149551
33.445 , 34.67613 , 16.31952 , -0.02288246
33.448 , 34.69902 , 16.27375 , -0.01372719
33.451 , 34.69902 , 16.27375 , -0.03203773
33.453 , 34.63035 , 16.31952 , -0.03203773
33.456 , 34.63035 , 16.27375 , -0.01830482
33.458 , 34.63035 , 16.25086 , -0.02288246
33.461 , 34.69902 , 16.25086 , -0.01372719
33.463 , 34.60746 , 16.25086 , -0.03203773
33.466 , 34.60746 , 16.20508 , -0.04119301
33.468 , 34.60746 , 16.25086 , -0.05492592
33.471 , 34.60746 , 16.20508 , -0.05492592
33.474 , 34.60746 , 16.25086 , -0.05492592
33.476 , 34.60746 , 16.25086 , -0.05950356
33.479 , 34.60746 , 16.27375 , -0.04119301
33.481 , 34.58457 , 16.27375 , -0.05492592
33.484 , 34.58457 , 16.25086 , -0.05492592
33.486 , 34.58457 , 16.25086 , -0.05950356
33.489 , 34.58457 , 16.18219 , -0.06408119
33.492 , 34.58457 , 16.20508 , -0.05950356
33.494 , 34.51591 , 16.20508 , -0.06865883
33.497 , 34.47013 , 16.18219 , -0.06408119
33.499 , 34.51591 , 16.20508 , -0.07323647
33.502 , 34.5388 , 16.20508 , -0.0778141
33.504 , 34.51591 , 16.18219 , -0.06865883
33.507 , 34.51591 , 16.1593 , -0.06408119
33.509 , 34.5388 , 16.18219 , -0.05950356
33.512 , 34.51591 , 16.1593 , -0.0778141
33.515 , 34.47013 , 16.1593 , -0.0778141
33.517 , 34.44724 , 16.1593 , -0.08696938
33.52 , 34.44724 , 16.1593 , -0.09612465
33.522 , 34.44724 , 16.09064 , -0.1007042
33.525 , 34.44724 , 16.1593 , -0.1052818
33.527 , 34.44724 , 16.09064 , -0.09154701
33.53 , 34.44724 , 16.09064 , -0.09612465
33.532 , 34.40146 , 16.09064 , -0.09612465
33.535 , 34.37857 , 16.09064 , -0.1052818
33.537 , 34.37857 , 16.06775 , -0.1144371
33.54 , 34.37857 , 16.02197 , -0.1098595
33.542 , 34.37857 , 16.09064 , -0.1190147
33.544 , 34.37857 , 16.06775 , -0.1190147
33.547 , 34.35569 , 16.02197 , -0.1327477
33.549 , 34.35569 , 16.06775 , -0.1373253
33.552 , 34.35569 , 16.02197 , -0.12817
33.554 , 34.35569 , 16.06775 , -0.1235924
33.557 , 34.30991 , 16.02197 , -0.1144371
33.559 , 34.35569 , 16.06775 , -0.12817
33.561 , 34.35569 , 16.06775 , -0.1464806
33.564 , 34.30991 , 16.02197 , -0.1464806
33.566 , 34.28702 , 15.99908 , -0.1510582
33.569 , 34.24125 , 16.02197 , -0.1510582
33.571 , 34.24125 , 15.99908 , -0.1602135
33.573 , 34.21835 , 15.99908 , -0.1647911
33.576 , 34.21835 , 15.99908 , -0.1556358
33.578 , 34.21835 , 15.99908 , -0.1602135
33.581 , 34.19547 , 15.99908 , -0.1510582
33.583 , 34.19547 , 15.99908 , -0.1602135
33.586 , 34.19547 , 15.9762 , -0.1693687
33.588 , 34.19547 , 15.99908 , -0.1647911
33.59 , 34.19547 , 15.9762 , -0.1693687
33.593 , 34.19547 , 15.93042 , -0.1647911
33.595 , 34.14969 , 15.9762 , -0.178524
33.598 , 34.14969 , 15.93042 , -0.1853905
33.6 , 34.14969 , 15.9762 , -0.1647911
33.603 , 34.14969 , 15.90753 , -0.1602135
33.605 , 34.14969 , 15.9762 , -0.1510582
33.608 , 34.14969 , 15.90753 , -0.1647911
33.61 , 34.1268 , 15.90753 , -0.178524
33.612 , 34.14969 , 15.90753 , -0.178524
33.615 , 34.08102 , 15.90753 , -0.1899681
33.617 , 34.1268 , 15.86175 , -0.1899681
33.619 , 34.1268 , 15.83887 , -0.203701
33.622 , 34.08102 , 15.86175 , -0.203701
33.624 , 34.08102 , 15.86175 , -0.1945457
33.627 , 34.05814 , 15.86175 , -0.1991234
33.629 , 34.08102 , 15.83887 , -0.1945457
33.632 , 34.05814 , 15.83887 , -0.203701
33.634 , 34.05814 , 15.86175 , -0.2151451
33.636 , 34.05814 , 15.86175 , -0.203701
33.639 , 34.01236 , 15.79309 , -0.2151451
33.641 , 34.05814 , 15.83887 , -0.2105675
33.644 , 34.01236 , 15.83887 , -0.2243004
33.646 , 34.01236 , 15.79309 , -0.228878
33.648 , 34.01236 , 15.79309 , -0.2105675
33.651 , 34.01236 , 15.79309 , -0.203701
33.653 , 33.98947 , 15.79309 , -0.1945457
33.656 , 34.01236 , 15.7702 , -0.2105675
33.658 , 34.01236 , 15.79309 , -0.2243004
33.661 , 33.98947 , 15.7702 , -0.2197227
33.663 , 33.98947 , 15.7702 , -0.2243004
33.665 , 33.96658 , 15.74731 , -0.228878
33.668 , 33.92081 , 15.74731 , -0.2403221
33.67 , 33.96658 , 15.70153 , -0.2494774
33.673 , 33.96658 , 15.74731 , -0.228878
33.675 , 33.96658 , 15.70153 , -0.2357445
33.677 , 33.96658 , 15.74731 , -0.2357445
33.68 , 33.92081 , 15.74731 , -0.2448997
33.682 , 33.89792 , 15.70153 , -0.2494774
33.685 , 33.92081 , 15.67864 , -0.2403221
33.687 , 33.89792 , 15.70153 , -0.254055
33.69 , 33.89792 , 15.67864 , -0.2494774
33.692 , 33.85214 , 15.70153 , -0.2632103
33.694 , 33.85214 , 15.67864 , -0.2632103
33.697 , 33.85214 , 15.67864 , -0.254055
33.699 , 33.85214 , 15.67864 , -0.2448997
33.702 , 33.85214 , 15.70153 , -0.2403221
33.704 , 33.85214 , 15.70153 , -0.254055
33.707 , 33.82925 , 15.63287 , -0.2632103
33.709 , 33.82925 , 15.63287 , -0.2632103
33.711 , 33.82925 , 15.63287 , -0.2677879
33.714 , 33.85214 , 15.67864 , -0.2723656
33.716 , 33.80636 , 15.60998 , -0.2815208
33.719 , 33.82925 , 15.63287 , -0.2861004
33.721 , 33.80636 , 15.67864 , -0.2769432
33.723 , 33.7377 , 15.63287 , -0.3089886
33.726 , 33.76059 , 15.60998 , -0.3135662
33.728 , 33.80636 , 15.60998 , -0.2815208
33.731 , 33.80636 , 15.60998 , -0.2586327
33.733 , 33.80636 , 15.5642 , -0.2357445
33.736 , 33.85214 , 15.5642 , -0.2105675
33.738 , 33.82925 , 15.5642 , -0.1991234
33.74 , 33.82925 , 15.60998 , -0.2105675
33.743 , 33.82925 , 15.5642 , -0.2243004
33.745 , 33.76059 , 15.5642 , -0.2403221
33.748 , 33.76059 , 15.5642 , -0.2494774
33.75 , 33.76059 , 15.60998 , -0.2586327
33.752 , 33.76059 , 15.5642 , -0.2494774
33.755 , 33.76059 , 15.5642 , -0.2448997
33.757 , 33.76059 , 15.54131 , -0.2357445
33.76 , 33.76059 , 15.54131 , -0.2243004
33.762 , 33.82925 , 15.51843 , -0.2197227
33.765 , 33.80636 , 15.54131 , -0.2197227
33.767 , 33.76059 , 15.54131 , -0.2197227
33.769 , 33.7377 , 15.5642 , -0.2197227
33.78 , 33.76059 , 15.47265 , -0.1899681
33.783 , 33.82925 , 15.51843 , -0.1510582
33.785 , 33.80636 , 15.47265 , -0.1510582
33.787 , 33.76059 , 15.51843 , -0.1647911
33.79 , 33.7377 , 15.47265 , -0.1739464
33.792 , 33.85214 , 15.47265 , -0.06408119
33.795 , 33.96658 , 15.51843 , 0.05951691
33.798 , 34.14969 , 15.47265 , 0.2861137
33.8 , 34.44724 , 15.51843 , 0.569931
33.802 , 34.58457 , 15.47265 , 0.6866627
33.805 , 34.5388 , 15.47265 , 0.645462
33.807 , 34.51591 , 15.44976 , 0.5996857
33.81 , 34.37857 , 15.40398 , 0.4738007
33.812 , 34.28702 , 15.44976 , 0.4097118
33.815 , 34.28702 , 15.44976 , 0.4234447
33.817 , 34.35569 , 15.44976 , 0.5104218
33.819 , 34.47013 , 15.40398 , 0.6546192
33.822 , 34.60746 , 15.44976 , 0.732439
33.824 , 34.67613 , 15.40398 , 0.819416
33.827 , 34.67613 , 15.40398 , 0.819416
33.829 , 34.51591 , 15.40398 , 0.6546192
33.832 , 34.28702 , 15.40398 , 0.4188671
33.834 , 34.05814 , 15.40398 , 0.2060032
33.836 , 33.92081 , 15.40398 , 0.05493927
33.839 , 33.82925 , 15.40398 , 7.629395e-06
33.842 , 33.89792 , 15.40398 , 0.07553864
33.844 , 33.98947 , 15.38109 , 0.2105808
33.847 , 34.1268 , 15.38109 , 0.3181572
33.849 , 34.19547 , 15.38109 , 0.3914013
33.851 , 34.21835 , 15.38109 , 0.4142895
33.854 , 34.21835 , 15.33532 , 0.4005566
33.856 , 34.14969 , 15.33532 , 0.3570671
33.859 , 34.08102 , 15.33532 , 0.3044243
33.861 , 34.08102 , 15.38109 , 0.2700901
33.863 , 34.05814 , 15.33532 , 0.2472019
33.866 , 34.01236 , 15.33532 , 0.2517796
33.868 , 33.98947 , 15.33532 , 0.2609348
33.871 , 34.05814 , 15.33532 , 0.2815361
33.873 , 34.05814 , 15.33532 , 0.295269
33.875 , 34.05814 , 15.33532 , 0.2906914
33.878 , 34.01236 , 15.28954 , 0.2906914
33.88 , 33.98947 , 15.31243 , 0.2815361
33.883 , 34.01236 , 15.28954 , 0.2769566
33.885 , 33.98947 , 15.28954 , 0.2655125
33.888 , 33.96658 , 15.28954 , 0.2563572
33.89 , 33.98947 , 15.31243 , 0.2609348
33.892 , 33.96658 , 15.28954 , 0.2655125
33.895 , 33.98947 , 15.24376 , 0.2655125
33.897 , 33.96658 , 15.28954 , 0.2700901
33.9 , 33.98947 , 15.28954 , 0.2655125
33.902 , 33.96658 , 15.24376 , 0.2609348
33.905 , 33.98947 , 15.24376 , 0.2563572
33.907 , 33.96658 , 15.24376 , 0.2472019
33.909 , 33.96658 , 15.22087 , 0.2472019
33.912 , 33.96658 , 15.24376 , 0.2426243
33.914 , 33.92081 , 15.24376 , 0.2426243
33.917 , 33.92081 , 15.22087 , 0.2380466
33.919 , 33.92081 , 15.22087 , 0.2380466
33.921 , 33.92081 , 15.24376 , 0.2380466
33.924 , 33.92081 , 15.24376 , 0.2380466
33.926 , 33.89792 , 15.22087 , 0.233469
33.929 , 33.89792 , 15.22087 , 0.233469
33.931 , 33.85214 , 15.1751 , 0.233469
33.934 , 33.85214 , 15.15221 , 0.2288914
33.936 , 33.89792 , 15.1751 , 0.2288914
33.938 , 33.89792 , 15.1751 , 0.2288914
33.941 , 33.82925 , 15.22087 , 0.2243137
33.943 , 33.85214 , 15.1751 , 0.2197361
33.946 , 33.82925 , 15.1751 , 0.2151585
33.948 , 33.82925 , 15.15221 , 0.2151585
33.95 , 33.80636 , 15.15221 , 0.2151585
33.953 , 33.82925 , 15.22087 , 0.2151585
33.955 , 33.82925 , 15.1751 , 0.2151585
33.958 , 33.80636 , 15.15221 , 0.2105808
33.96 , 33.82925 , 15.1751 , 0.2105808
33.963 , 33.80636 , 15.15221 , 0.2105808
33.965 , 33.80636 , 15.15221 , 0.2060032
33.967 , 33.76059 , 15.15221 , 0.2060032
33.97 , 33.76059 , 15.15221 , 0.2014256
33.972 , 33.7377 , 15.12932 , 0.2014256
33.974 , 33.80636 , 15.15221 , 0.2014256
33.977 , 33.76059 , 15.12932 , 0.2014256
33.979 , 33.7377 , 15.12932 , 0.1968479
33.982 , 33.76059 , 15.12932 , 0.1968479
33.984 , 33.69192 , 15.15221 , 0.1922703
33.986 , 33.7377 , 15.08354 , 0.1922703
33.989 , 33.7377 , 15.12932 , 0.1922703
33.991 , 33.7377 , 15.12932 , 0.1922703
33.994 , 33.69192 , 15.12932 , 0.1922703
33.996 , 33.69192 , 15.12932 , 0.1876926
33.999 , 33.64614 , 15.12932 , 0.1670914
34.001 , 33.60036 , 15.08354 , 0.08469391
34.003 , 33.50881 , 15.08354 , 0.05493927
34.006 , 33.60036 , 15.08354 , 0.1075821
34.008 , 33.60036 , 15.08354 , 0.1579361
34.011 , 33.69192 , 15.06066 , 0.2426243
34.013 , 33.69192 , 15.01488 , 0.2563572
34.016 , 33.7377 , 15.06066 , 0.2243137
34.018 , 33.64614 , 15.06066 , 0.1876926
34.02 , 33.57748 , 15.08354 , 0.1396255
34.023 , 33.5317 , 15.06066 , 0.08469391
34.025 , 33.46304 , 15.06066 , 0.045784
34.028 , 33.44015 , 15.01488 , 0.05036163
34.03 , 33.46304 , 15.01488 , 0.08469391
34.033 , 33.46304 , 15.01488 , 0.09384918
34.036 , 33.5317 , 14.99199 , 0.121315
34.038 , 33.50881 , 14.99199 , 0.1258926
34.04 , 33.5317 , 15.01488 , 0.1258926
34.043 , 33.46304 , 15.01488 , 0.1075821
34.045 , 33.46304 , 14.99199 , 0.09384918
34.048 , 33.44015 , 14.99199 , 0.08469391
34.05 , 33.41726 , 14.92332 , 0.05951691
34.053 , 33.44015 , 14.94621 , 0.08011627
34.055 , 33.41726 , 14.92332 , 0.08011627
34.058 , 33.46304 , 14.92332 , 0.09384918
34.061 , 33.41726 , 14.94621 , 0.07553864
34.063 , 33.37148 , 14.92332 , 0.05951691
34.066 , 33.41726 , 14.90043 , 0.06409454
34.068 , 33.37148 , 14.85466 , 0.045784
34.071 , 33.34859 , 14.85466 , 0.03662872
34.073 , 33.34859 , 14.90043 , 0.03205109
34.076 , 33.37148 , 14.90043 , 0.045784
34.079 , 33.34859 , 14.85466 , 0.03205109
34.081 , 33.34859 , 14.90043 , 0.04120636
34.084 , 33.34859 , 14.90043 , 0.02747345
34.086 , 33.25704 , 14.85466 , 0.03205109
34.089 , 33.27993 , 14.85466 , 0.02747345
34.091 , 33.27993 , 14.85466 , 0.02289581
34.094 , 33.34859 , 14.85466 , 0.045784
34.097 , 33.27993 , 14.83177 , 0.01602936
34.099 , 33.27993 , 14.85466 , 0.01145172
34.102 , 33.25704 , 14.83177 , 0.01145172
34.104 , 33.25704 , 14.78599 , 7.629395e-06
34.107 , 33.21126 , 14.83177 , 0.004585266
34.11 , 33.21126 , 14.78599 , 7.629395e-06
34.112 , 33.21126 , 14.78599 , 0.01145172
34.115 , 33.18837 , 14.83177 , -0.004571915
34.117 , 33.18837 , 14.78599 , 0.01602936
34.12 , 33.21126 , 14.7631 , 0.02747345
34.123 , 33.18837 , 14.78599 , 0.01145172
34.125 , 33.18837 , 14.7631 , 0.03662872
34.128 , 33.1426 , 14.71733 , 7.629395e-06
34.13 , 33.1426 , 14.71733 , 0.004585266
34.133 , 33.18837 , 14.71733 , 0.004585266
34.136 , 33.1426 , 14.7631 , 0.01145172
34.138 , 33.18837 , 14.7631 , 0.01602936
34.141 , 33.1426 , 14.78599 , -0.009149551
34.143 , 33.11971 , 14.7631 , -0.02288246
34.146 , 33.11971 , 14.71733 , -0.02288246
34.149 , 33.11971 , 14.7631 , -0.02288246
34.151 , 33.11971 , 14.71733 , -0.01372719
34.154 , 33.11971 , 14.71733 , -0.02288246
34.156 , 33.09682 , 14.7631 , -0.02288246
34.159 , 33.11971 , 14.7631 , -0.009149551
34.161 , 33.05104 , 14.71733 , -0.0274601
34.164 , 33.05104 , 14.71733 , -0.01830482
34.167 , 33.05104 , 14.69444 , -0.03203773
34.169 , 33.05104 , 14.69444 , -0.03203773
34.172 , 33.05104 , 14.69444 , -0.0274601
34.174 , 32.98238 , 14.69444 , -0.04119301
34.177 , 33.02815 , 14.69444 , -0.03203773
34.179 , 33.05104 , 14.69444 , -0.04119301
34.182 , 32.98238 , 14.69444 , -0.04577065
34.185 , 33.02815 , 14.67155 , -0.03203773
34.187 , 32.98238 , 14.67155 , -0.03203773
34.19 , 33.02815 , 14.67155 , -0.02288246
34.192 , 32.98238 , 14.62577 , -0.03203773
34.195 , 32.91371 , 14.62577 , -0.05492592
34.197 , 32.98238 , 14.60288 , -0.05034828
34.2 , 32.91371 , 14.62577 , -0.05950356
34.203 , 32.91371 , 14.60288 , -0.05950356
34.205 , 32.91371 , 14.60288 , -0.05492592
34.208 , 32.91371 , 14.55711 , -0.05492592
34.21 , 32.89082 , 14.55711 , -0.04119301
34.213 , 32.91371 , 14.55711 , -0.05492592
34.215 , 32.91371 , 14.55711 , -0.05492592
34.218 , 32.89082 , 14.55711 , -0.05492592
34.22 , 32.89082 , 14.55711 , -0.06408119
34.223 , 32.91371 , 14.53422 , -0.05492592
34.226 , 32.86793 , 14.53422 , -0.07323647
34.228 , 32.86793 , 14.55711 , -0.07323647
34.231 , 32.86793 , 14.48844 , -0.06408119
34.233 , 32.82215 , 14.48844 , -0.0778141
34.236 , 32.82215 , 14.48844 , -0.06865883
34.238 , 32.82215 , 14.48844 , -0.06408119
34.241 , 32.86793 , 14.48844 , -0.05950356
34.243 , 32.86793 , 14.48844 , -0.05950356
34.246 , 32.82215 , 14.48844 , -0.0778141
34.249 , 32.82215 , 14.46555 , -0.08696938
34.251 , 32.82215 , 14.44266 , -0.09154701
34.254 , 32.75349 , 14.46555 , -0.09612465
34.256 , 32.79927 , 14.46555 , -0.08239174
34.259 , 32.79927 , 14.46555 , -0.09154701
34.261 , 32.75349 , 14.46555 , -0.08696938
34.264 , 32.7306 , 14.46555 , -0.09154701
34.267 , 32.75349 , 14.44266 , -0.09612465
34.269 , 32.75349 , 14.44266 , -0.08239174
34.272 , 32.7306 , 14.44266 , -0.1007042
34.274 , 32.7306 , 14.39689 , -0.1007042
34.277 , 32.75349 , 14.39689 , -0.09612465
34.279 , 32.7306 , 14.39689 , -0.1052818
34.282 , 32.7306 , 14.39689 , -0.09612465
34.284 , 32.70771 , 14.39689 , -0.1144371
34.287 , 32.7306 , 14.374 , -0.1190147
34.289 , 32.70771 , 14.374 , -0.1052818
34.291 , 32.70771 , 14.374 , -0.1052818
34.294 , 32.66193 , 14.374 , -0.1327477
34.305 , 32.59327 , 14.374 , -0.1373253
34.307 , 32.59327 , 14.32822 , -0.1419029
34.309 , 32.59327 , 14.32822 , -0.1464806
34.312 , 32.57038 , 14.30533 , -0.1510582
34.314 , 32.59327 , 14.32822 , -0.1373253
34.317 , 32.57038 , 14.32822 , -0.1464806
34.319 , 32.57038 , 14.30533 , -0.1556358
34.321 , 32.59327 , 14.30533 , -0.1464806
34.324 , 32.5246 , 14.32822 , -0.1556358
34.326 , 32.57038 , 14.28244 , -0.1602135
34.329 , 32.5246 , 14.32822 , -0.1647911
34.331 , 32.50172 , 14.30533 , -0.1693687
34.333 , 32.50172 , 14.30533 , -0.1693687
34.336 , 32.50172 , 14.28244 , -0.1739464
34.338 , 32.5246 , 14.28244 , -0.178524
34.341 , 32.50172 , 14.28244 , -0.1693687
34.343 , 32.50172 , 14.28244 , -0.1647911
34.345 , 32.50172 , 14.28244 , -0.1602135
34.348 , 32.50172 , 14.23667 , -0.1602135
34.35 , 32.47883 , 14.23667 , -0.1693687
34.353 , 32.47883 , 14.23667 , -0.178524
34.355 , 32.47883 , 14.23667 , -0.1945457
34.358 , 32.43305 , 14.28244 , -0.2105675
34.36 , 32.41016 , 14.23667 , -0.1945457
34.362 , 32.43305 , 14.23667 , -0.2105675
34.365 , 32.36439 , 14.21378 , -0.2105675
34.367 , 32.41016 , 14.21378 , -0.1991234
34.37 , 32.41016 , 14.23667 , -0.203701
34.372 , 32.41016 , 14.21378 , -0.2105675
34.374 , 32.43305 , 14.168 , -0.203701
34.377 , 32.36439 , 14.21378 , -0.2105675
34.379 , 32.36439 , 14.168 , -0.203701
34.381 , 32.36439 , 14.168 , -0.2151451
34.384 , 32.3415 , 14.14511 , -0.2243004
34.386 , 32.36439 , 14.14511 , -0.2105675
34.389 , 32.3415 , 14.14511 , -0.2243004
34.391 , 32.3415 , 14.14511 , -0.228878
34.393 , 32.3415 , 14.14511 , -0.2151451
34.396 , 32.3415 , 14.14511 , -0.2105675
34.398 , 32.3415 , 14.09934 , -0.2105675
34.401 , 32.3415 , 14.14511 , -0.2105675
34.403 , 32.31861 , 14.14511 , -0.2243004
34.405 , 32.27283 , 14.168 , -0.2243004
34.408 , 32.27283 , 14.14511 , -0.2357445
34.41 , 32.20417 , 14.09934 , -0.2403221
34.413 , 32.20417 , 14.09934 , -0.228878
34.415 , 32.20417 , 14.09934 , -0.2403221
34.417 , 32.27283 , 14.09934 , -0.2357445
34.42 , 32.20417 , 14.09934 , -0.228878
34.422 , 32.20417 , 14.09934 , -0.2357445
34.425 , 32.18128 , 14.07645 , -0.228878
34.427 , 32.20417 , 14.09934 , -0.2403221
34.429 , 32.18128 , 14.07645 , -0.2403221
34.432 , 32.20417 , 14.09934 , -0.2357445
34.434 , 32.11261 , 14.05356 , -0.2448997
34.437 , 32.15839 , 14.00778 , -0.2494774
34.439 , 32.15839 , 14.05356 , -0.2403221
34.441 , 32.11261 , 14.00778 , -0.2494774
34.444 , 32.15839 , 14.00778 , -0.2448997
34.446 , 32.11261 , 13.98489 , -0.2357445
34.449 , 32.11261 , 13.98489 , -0.2357445
34.451 , 32.15839 , 14.00778 , -0.2243004
34.453 , 32.11261 , 13.98489 , -0.2357445
34.456 , 32.11261 , 13.98489 , -0.2494774
34.458 , 32.11261 , 13.98489 , -0.2494774
34.461 , 32.08972 , 13.98489 , -0.2586327
34.463 , 32.08972 , 13.98489 , -0.2586327
34.466 , 32.11261 , 13.98489 , -0.2632103
34.468 , 32.04395 , 13.98489 , -0.2632103
34.47 , 32.08972 , 13.93912 , -0.2494774
34.473 , 32.04395 , 13.93912 , -0.2723656
34.475 , 32.04395 , 13.93912 , -0.2952557
34.478 , 32.08972 , 13.93912 , -0.2769432
34.48 , 32.08972 , 13.93912 , -0.2494774
34.483 , 32.08972 , 13.93912 , -0.2243004
34.485 , 32.08972 , 13.93912 , -0.203701
34.487 , 32.11261 , 13.91623 , -0.1853905
34.49 , 32.11261 , 13.91623 , -0.1853905
34.492 , 32.08972 , 13.87045 , -0.1945457
34.495 , 32.08972 , 13.87045 , -0.2105675
34.497 , 32.04395 , 13.87045 , -0.2197227
34.499 , 32.04395 , 13.91623 , -0.2243004
34.502 , 32.02106 , 13.91623 , -0.2243004
34.504 , 32.02106 , 13.93912 , -0.2197227
34.507 , 32.04395 , 13.87045 , -0.2105675
34.509 , 32.02106 , 13.87045 , -0.1991234
34.511 , 32.02106 , 13.87045 , -0.1945457
34.514 , 32.02106 , 13.84756 , -0.1945457
34.516 , 32.02106 , 13.87045 , -0.1899681
34.519 , 31.97528 , 13.87045 , -0.1899681
34.521 , 31.97528 , 13.84756 , -0.1899681
34.523 , 32.02106 , 13.84756 , -0.1853905
34.526 , 32.04395 , 13.87045 , -0.1853905
34.528 , 32.02106 , 13.84756 , -0.1739464
34.531 , 32.02106 , 13.84756 , -0.1464806
34.533 , 32.04395 , 13.84756 , -0.1235924
34.536 , 32.04395 , 13.84756 , -0.12817
34.538 , 32.02106 , 13.84756 , -0.1373253
34.54 , 32.04395 , 13.82467 , -0.12817
34.543 , 32.11261 , 13.82467 , -0.01830482
34.545 , 32.20417 , 13.84756 , 0.1030045
34.548 , 32.41016 , 13.75601 , 0.2861137
34.55 , 32.70771 , 13.7789 , 0.5653534
34.553 , 32.91371 , 13.7789 , 0.7232838
34.555 , 32.86793 , 13.7789 , 0.6912403
34.557 , 32.86793 , 13.7789 , 0.6500397
34.56 , 32.70771 , 13.7789 , 0.5104218
34.562 , 32.59327 , 13.7789 , 0.4509106
34.565 , 32.63905 , 13.7789 , 0.4600658
34.567 , 32.70771 , 13.7789 , 0.5378876
34.57 , 32.79927 , 13.71023 , 0.6958179
34.572 , 32.86793 , 13.75601 , 0.7782173
34.575 , 32.91371 , 13.75601 , 0.8148384
34.577 , 32.82215 , 13.71023 , 0.6729298
34.579 , 32.57038 , 13.75601 , 0.3868237
34.582 , 32.31861 , 13.75601 , 0.1876926
34.584 , 32.15839 , 13.71023 , 0.05036163
34.587 , 32.08972 , 13.75601 , 0.004585266
34.589 , 32.11261 , 13.71023 , 0.06867218
34.592 , 32.27283 , 13.68734 , 0.2197361
34.594 , 32.36439 , 13.68734 , 0.3433342
34.597 , 32.50172 , 13.71023 , 0.4188671
34.599 , 32.5246 , 13.71023 , 0.4463329
34.602 , 32.50172 , 13.68734 , 0.4188671
34.604 , 32.47883 , 13.68734 , 0.3776684
34.606 , 32.43305 , 13.71023 , 0.3135796
34.609 , 32.41016 , 13.64157 , 0.2815361
34.611 , 32.36439 , 13.64157 , 0.2609348
34.613 , 32.36439 , 13.68734 , 0.2609348
34.616 , 32.36439 , 13.64157 , 0.2861137
34.618 , 32.41016 , 13.68734 , 0.3044243
34.621 , 32.41016 , 13.64157 , 0.3135796
34.623 , 32.41016 , 13.61868 , 0.3135796
34.625 , 32.41016 , 13.55001 , 0.3090019
34.628 , 32.36439 , 13.59579 , 0.2998466
34.63 , 32.3415 , 13.59579 , 0.2906914
34.633 , 32.3415 , 13.55001 , 0.2861137
34.635 , 32.3415 , 13.55001 , 0.2815361
34.638 , 32.3415 , 13.45846 , 0.2815361
34.64 , 32.3415 , 13.55001 , 0.2861137
34.642 , 32.31861 , 13.55001 , 0.2861137
34.645 , 32.31861 , 13.55001 , 0.2861137
34.647 , 32.31861 , 13.55001 , 0.2815361
34.65 , 32.31861 , 13.55001 , 0.2769566
34.652 , 32.27283 , 13.52712 , 0.2655125
34.654 , 32.27283 , 13.45846 , 0.2563572
34.657 , 32.27283 , 13.52712 , 0.2563572
34.659 , 32.27283 , 13.52712 , 0.2563572
34.662 , 32.20417 , 13.52712 , 0.2517796
34.664 , 32.27283 , 13.45846 , 0.2563572
34.666 , 32.20417 , 13.45846 , 0.2517796
34.669 , 32.20417 , 13.45846 , 0.2472019
34.671 , 32.20417 , 13.43557 , 0.2472019
34.674 , 32.18128 , 13.45846 , 0.2472019
34.676 , 32.20417 , 13.43557 , 0.2426243
34.678 , 32.20417 , 13.43557 , 0.2426243
34.681 , 32.18128 , 13.45846 , 0.2380466
34.683 , 32.15839 , 13.43557 , 0.233469
34.686 , 32.11261 , 13.43557 , 0.233469
34.688 , 32.18128 , 13.43557 , 0.233469
34.69 , 32.15839 , 13.43557 , 0.2288914
34.693 , 32.15839 , 13.38979 , 0.2243137
34.695 , 32.15839 , 13.43557 , 0.2243137
34.698 , 32.11261 , 13.38979 , 0.2197361
34.7 , 32.11261 , 13.38979 , 0.2151585
34.702 , 32.11261 , 13.38979 , 0.2151585
34.705 , 32.11261 , 13.3669 , 0.2105808
34.707 , 32.04395 , 13.38979 , 0.2151585
34.71 , 32.04395 , 13.3669 , 0.2105808
34.712 , 32.04395 , 13.38979 , 0.2060032
34.714 , 32.02106 , 13.3669 , 0.2014256
34.717 , 32.02106 , 13.3669 , 0.2014256
34.719 , 32.02106 , 13.3669 , 0.2014256
34.721 , 31.97528 , 13.38979 , 0.2014256
34.724 , 32.02106 , 13.3669 , 0.1968479
34.726 , 32.02106 , 13.38979 , 0.1968479
34.729 , 31.97528 , 13.3669 , 0.1922703
34.731 , 31.97528 , 13.38979 , 0.1922703
34.734 , 31.97528 , 13.3669 , 0.1876926
34.736 , 32.02106 , 13.3669 , 0.1876926
34.738 , 31.97528 , 13.3669 , 0.1808243
34.741 , 31.95239 , 13.38979 , 0.1808243
34.743 , 31.95239 , 13.32113 , 0.1762466
34.746 , 31.95239 , 13.32113 , 0.1762466
34.748 , 31.95239 , 13.3669 , 0.171669
34.75 , 31.9295 , 13.29824 , 0.1396255
34.753 , 31.86084 , 13.29824 , 0.09384918
34.755 , 31.88373 , 13.32113 , 0.09842682
34.758 , 31.86084 , 13.32113 , 0.1121597
34.76 , 31.9295 , 13.29824 , 0.2014256
34.763 , 31.97528 , 13.29824 , 0.2380466
34.765 , 31.9295 , 13.29824 , 0.2014256
34.768 , 31.95239 , 13.32113 , 0.1808243
34.77 , 31.88373 , 13.32113 , 0.1258926
34.772 , 31.81506 , 13.32113 , 0.08469391
34.775 , 31.79217 , 13.25246 , 0.03662872
34.777 , 31.79217 , 13.29824 , 0.045784
34.78 , 31.76928 , 13.29824 , 0.05493927
34.783 , 31.79217 , 13.32113 , 0.08011627
34.785 , 31.81506 , 13.32113 , 0.08927155
34.788 , 31.79217 , 13.29824 , 0.1075821
34.79 , 31.79217 , 13.29824 , 0.1121597
34.793 , 31.79217 , 13.29824 , 0.09842682
34.795 , 31.79217 , 13.25246 , 0.06867218
34.798 , 31.70062 , 13.29824 , 0.05036163
34.8 , 31.72351 , 13.29824 , 0.045784
34.811 , 31.65484 , 13.25246 , 0.04120636
34.814 , 31.70062 , 13.22957 , 0.03205109
34.816 , 31.65484 , 13.25246 , 0.03662872
34.819 , 31.63195 , 13.22957 , 0.02289581
34.821 , 31.65484 , 13.20668 , 0.01602936
34.824 , 31.63195 , 13.22957 , 0.004585266
34.827 , 31.63195 , 13.22957 , 0.01602936
34.829 , 31.63195 , 13.22957 , 0.03205109
34.832 , 31.60907 , 13.20668 , 0.01602936
34.834 , 31.56329 , 13.20668 , 7.629395e-06
34.837 , 31.60907 , 13.16091 , 7.629395e-06
34.84 , 31.56329 , 13.16091 , -0.004571915
34.842 , 31.56329 , 13.20668 , -0.02288246
34.845 , 31.56329 , 13.16091 , -0.01830482
34.847 , 31.56329 , 13.16091 , -0.01830482
34.85 , 31.49462 , 13.16091 , -0.01830482
34.853 , 31.47173 , 13.16091 , -0.01830482
34.855 , 31.49462 , 13.13802 , -0.0274601
34.858 , 31.47173 , 13.16091 , -0.03203773
34.86 , 31.47173 , 13.13802 , -0.03661537
34.863 , 31.47173 , 13.16091 , -0.03203773
34.865 , 31.47173 , 13.09224 , -0.03203773
34.868 , 31.49462 , 13.13802 , -0.01372719
34.87 , 31.49462 , 13.06935 , 0.004585266
34.873 , 31.49462 , 13.06935 , -0.02288246
34.876 , 31.47173 , 13.06935 , -0.01830482
34.878 , 31.49462 , 13.06935 , -0.0274601
34.881 , 31.40306 , 13.06935 , -0.04577065
34.883 , 31.42596 , 13.06935 , -0.03203773
34.886 , 31.42596 , 13.06935 , -0.04119301
34.889 , 31.40306 , 13.02357 , -0.04577065
34.891 , 31.40306 , 13.02357 , -0.02288246
34.894 , 31.38018 , 13.02357 , -0.04577065
34.896 , 31.40306 , 13.00069 , -0.03661537
34.899 , 31.38018 , 13.00069 , -0.0274601
34.901 , 31.38018 , 13.00069 , -0.05034828
34.904 , 31.38018 , 13.02357 , -0.04119301
34.907 , 31.38018 , 13.00069 , -0.05492592
34.909 , 31.31151 , 13.00069 , -0.06408119
34.912 , 31.31151 , 13.00069 , -0.04119301
34.914 , 31.38018 , 13.00069 , -0.06408119
34.917 , 31.31151 , 13.00069 , -0.05950356
34.919 , 31.38018 , 13.00069 , -0.04119301
34.922 , 31.38018 , 12.9778 , -0.04577065
34.924 , 31.40306 , 13.00069 , -0.04119301
34.927 , 31.31151 , 12.9778 , -0.05034828
34.93 , 31.31151 , 12.9778 , -0.07323647
34.932 , 31.28862 , 12.9778 , -0.06865883
34.935 , 31.28862 , 12.93202 , -0.0778141
34.937 , 31.24285 , 12.93202 , -0.0778141
34.94 , 31.28862 , 12.9778 , -0.06408119
34.942 , 31.24285 , 12.90913 , -0.07323647
34.945 , 31.28862 , 12.93202 , -0.06408119
34.948 , 31.24285 , 12.90913 , -0.06865883
34.95 , 31.21996 , 12.86336 , -0.08239174
34.953 , 31.24285 , 12.90913 , -0.06865883
34.955 , 31.24285 , 12.86336 , -0.08239174
34.958 , 31.24285 , 12.93202 , -0.08239174
34.96 , 31.21996 , 12.90913 , -0.07323647
34.963 , 31.19707 , 12.93202 , -0.09154701
34.966 , 31.19707 , 12.90913 , -0.08239174
34.968 , 31.15129 , 12.86336 , -0.08696938
34.971 , 31.19707 , 12.86336 , -0.09612465
34.973 , 31.19707 , 12.90913 , -0.0778141
34.976 , 31.19707 , 12.86336 , -0.0778141
34.979 , 31.19707 , 12.90913 , -0.0778141
34.981 , 31.19707 , 12.86336 , -0.07323647
34.984 , 31.15129 , 12.86336 , -0.09612465
34.986 , 31.1284 , 12.86336 , -0.1007042
34.989 , 31.1284 , 12.84047 , -0.1052818
34.991 , 31.1284 , 12.84047 , -0.1098595
34.993 , 31.1284 , 12.86336 , -0.09612465
34.996 , 31.1284 , 12.84047 , -0.1007042
34.998 , 31.1284 , 12.84047 , -0.1052818
35.001 , 31.08263 , 12.86336 , -0.08696938
35.003 , 31.1284 , 12.79469 , -0.1052818
35.006 , 31.08263 , 12.84047 , -0.1098595
35.008 , 31.05974 , 12.84047 , -0.09612465
35.011 , 31.05974 , 12.84047 , -0.1098595
35.013 , 31.05974 , 12.86336 , -0.1098595
35.015 , 31.08263 , 12.84047 , -0.1007042
35.018 , 31.05974 , 12.79469 , -0.1144371
35.02 , 31.01396 , 12.84047 , -0.1098595
35.023 , 31.05974 , 12.84047 , -0.1098595
35.025 , 30.99107 , 12.84047 , -0.1144371
35.027 , 31.05974 , 12.79469 , -0.1098595
35.03 , 31.01396 , 12.79469 , -0.1007042
35.032 , 31.01396 , 12.79469 , -0.1007042
35.035 , 31.01396 , 12.7718 , -0.09154701
35.037 , 31.01396 , 12.74891 , -0.1052818
35.04 , 31.01396 , 12.79469 , -0.1190147
35.042 , 30.96819 , 12.7718 , -0.1098595
35.044 , 30.99107 , 12.7718 , -0.1190147
35.047 , 30.96819 , 12.70314 , -0.1235924
35.049 , 30.96819 , 12.74891 , -0.1098595
35.052 , 30.99107 , 12.70314 , -0.1144371
35.054 , 30.96819 , 12.7718 , -0.1235924
35.056 , 30.96819 , 12.70314 , -0.1098595
35.059 , 30.92241 , 12.68025 , -0.1235924
35.061 , 30.96819 , 12.68025 , -0.1235924
35.064 , 30.96819 , 12.68025 , -0.1235924
35.066 , 30.96819 , 12.70314 , -0.1327477
35.068 , 30.89952 , 12.68025 , -0.12817
35.071 , 30.92241 , 12.68025 , -0.12817
35.073 , 30.89952 , 12.63447 , -0.1373253
35.076 , 30.89952 , 12.63447 , -0.1327477
35.078 , 30.89952 , 12.63447 , -0.1419029
35.081 , 30.89952 , 12.68025 , -0.1419029
35.083 , 30.85374 , 12.68025 , -0.1327477
35.085 , 30.89952 , 12.61158 , -0.12817
35.088 , 30.89952 , 12.58869 , -0.1327477
35.09 , 30.85374 , 12.61158 , -0.1190147
35.092 , 30.89952 , 12.58869 , -0.12817
35.095 , 30.85374 , 12.58869 , -0.1510582
35.097 , 30.85374 , 12.61158 , -0.1464806
35.1 , 30.85374 , 12.61158 , -0.1556358
35.102 , 30.80796 , 12.61158 , -0.1602135
35.105 , 30.83085 , 12.58869 , -0.1510582
35.107 , 30.83085 , 12.52003 , -0.1602135
35.109 , 30.76219 , 12.54292 , -0.1602135
35.112 , 30.80796 , 12.54292 , -0.1510582
35.114 , 30.76219 , 12.52003 , -0.1602135
35.117 , 30.80796 , 12.52003 , -0.1602135
35.119 , 30.76219 , 12.52003 , -0.1602135
35.121 , 30.76219 , 12.47425 , -0.1693687
35.124 , 30.76219 , 12.52003 , -0.1647911
35.126 , 30.7393 , 12.47425 , -0.1693687
35.129 , 30.7393 , 12.47425 , -0.178524
35.131 , 30.7393 , 12.47425 , -0.1647911
35.133 , 30.7393 , 12.47425 , -0.178524
35.136 , 30.69352 , 12.47425 , -0.1899681
35.138 , 30.69352 , 12.47425 , -0.1693687
35.141 , 30.69352 , 12.40558 , -0.1647911
35.143 , 30.69352 , 12.45136 , -0.1647911
35.145 , 30.69352 , 12.40558 , -0.1556358
35.148 , 30.69352 , 12.45136 , -0.1693687
35.15 , 30.67064 , 12.45136 , -0.1899681
35.153 , 30.67064 , 12.45136 , -0.1899681
35.155 , 30.64774 , 12.40558 , -0.1991234
35.157 , 30.64774 , 12.40558 , -0.1945457
35.16 , 30.67064 , 12.40558 , -0.1899681
35.162 , 30.64774 , 12.3827 , -0.1945457
35.165 , 30.64774 , 12.40558 , -0.1945457
35.167 , 30.64774 , 12.35981 , -0.1945457
35.17 , 30.64774 , 12.3827 , -0.1991234
35.172 , 30.60197 , 12.3827 , -0.1899681
35.174 , 30.64774 , 12.35981 , -0.1991234
35.177 , 30.60197 , 12.3827 , -0.2105675
35.179 , 30.64774 , 12.35981 , -0.1945457
35.182 , 30.60197 , 12.3827 , -0.2105675
35.184 , 30.57908 , 12.3827 , -0.2197227
35.187 , 30.60197 , 12.35981 , -0.203701
35.189 , 30.5333 , 12.31403 , -0.2197227
35.191 , 30.5333 , 12.31403 , -0.2243004
35.194 , 30.57908 , 12.31403 , -0.203701
35.196 , 30.5333 , 12.31403 , -0.203701
35.199 , 30.57908 , 12.35981 , -0.1991234
35.201 , 30.57908 , 12.35981 , -0.1991234
35.203 , 30.57908 , 12.3827 , -0.2197227
35.206 , 30.5333 , 12.35981 , -0.228878
35.208 , 30.5333 , 12.35981 , -0.228878
35.211 , 30.46464 , 12.31403 , -0.2403221
35.213 , 30.5333 , 12.35981 , -0.228878
35.215 , 30.5333 , 12.35981 , -0.2357445
35.218 , 30.51041 , 12.29114 , -0.2357445
35.22 , 30.44175 , 12.31403 , -0.228878
35.222 , 30.46464 , 12.31403 , -0.2448997
35.225 , 30.46464 , 12.31403 , -0.2723656
35.227 , 30.37308 , 12.31403 , -0.2632103
35.23 , 30.44175 , 12.31403 , -0.2243004
35.232 , 30.46464 , 12.29114 , -0.2105675
35.234 , 30.46464 , 12.29114 , -0.1853905
35.237 , 30.5333 , 12.29114 , -0.1647911
35.239 , 30.51041 , 12.29114 , -0.1602135
35.242 , 30.51041 , 12.29114 , -0.1647911
35.244 , 30.51041 , 12.24537 , -0.178524
35.246 , 30.46464 , 12.29114 , -0.1945457
35.249 , 30.44175 , 12.29114 , -0.203701
35.251 , 30.44175 , 12.29114 , -0.1991234
35.254 , 30.41886 , 12.31403 , -0.1945457
35.256 , 30.44175 , 12.24537 , -0.1899681
35.258 , 30.44175 , 12.24537 , -0.178524
35.261 , 30.44175 , 12.29114 , -0.1693687
35.263 , 30.46464 , 12.29114 , -0.1693687
35.265 , 30.44175 , 12.24537 , -0.1647911
35.268 , 30.44175 , 12.24537 , -0.1647911
35.27 , 30.41886 , 12.1767 , -0.1647911
35.273 , 30.41886 , 12.22248 , -0.1647911
35.275 , 30.41886 , 12.24537 , -0.1647911
35.278 , 30.41886 , 12.24537 , -0.1556358
35.28 , 30.44175 , 12.22248 , -0.1373253
35.282 , 30.44175 , 12.22248 , -0.1098595
35.285 , 30.46464 , 12.22248 , -0.09612465
35.287 , 30.44175 , 12.1767 , -0.1144371
35.29 , 30.44175 , 12.1767 , -0.1235924
35.292 , 30.5333 , 12.1767 , -0.04119301
35.295 , 30.64774 , 12.15381 , 0.09842682
35.297 , 30.76219 , 12.15381 , 0.2517796
35.3 , 30.99107 , 12.1767 , 0.5607758
35.302 , 31.24285 , 12.13092 , 0.7484627
35.305 , 31.21996 , 12.13092 , 0.7232838
35.307 , 31.19707 , 12.08515 , 0.6912403
35.31 , 31.1284 , 12.13092 , 0.5790863
35.312 , 30.99107 , 12.13092 , 0.4829559
35.314 , 30.99107 , 12.13092 , 0.4829559
35.317 , 30.99107 , 12.13092 , 0.5264435
35.319 , 31.15129 , 12.13092 , 0.6637745
35.33 , 30.7393 , 12.13092 , 0.2243137
35.332 , 30.60197 , 12.06226 , 0.08469391
35.335 , 30.46464 , 12.06226 , 0.03205109
35.337 , 30.5333 , 12.08515 , 0.08927155
35.34 , 30.60197 , 12.06226 , 0.2060032
35.342 , 30.7393 , 12.06226 , 0.3181572
35.344 , 30.83085 , 12.01648 , 0.4051342
35.347 , 30.83085 , 12.01648 , 0.4417553
35.349 , 30.83085 , 12.01648 , 0.4326
35.352 , 30.83085 , 11.99359 , 0.3959789
35.354 , 30.76219 , 11.94781 , 0.3433342
35.356 , 30.67064 , 11.99359 , 0.2998466
35.359 , 30.67064 , 11.94781 , 0.2815361
35.361 , 30.67064 , 11.99359 , 0.2815361
35.364 , 30.67064 , 12.01648 , 0.295269
35.366 , 30.67064 , 11.92492 , 0.3135796
35.368 , 30.69352 , 11.94781 , 0.3227348
35.371 , 30.67064 , 11.94781 , 0.3341789
35.373 , 30.69352 , 11.94781 , 0.3296013
35.376 , 30.67064 , 11.92492 , 0.3227348
35.378 , 30.64774 , 11.94781 , 0.3090019
35.381 , 30.64774 , 11.92492 , 0.3044243
35.383 , 30.67064 , 11.90204 , 0.3044243
35.385 , 30.64774 , 11.90204 , 0.3044243
35.388 , 30.64774 , 11.90204 , 0.3090019
35.39 , 30.60197 , 11.90204 , 0.3090019
35.393 , 30.60197 , 11.90204 , 0.3090019
35.395 , 30.60197 , 11.90204 , 0.3090019
35.397 , 30.67064 , 11.92492 , 0.3090019
35.4 , 30.60197 , 11.85626 , 0.3044243
35.402 , 30.60197 , 11.85626 , 0.2998466
35.404 , 30.57908 , 11.85626 , 0.295269
35.407 , 30.57908 , 11.85626 , 0.295269
35.409 , 30.57908 , 11.85626 , 0.295269
35.412 , 30.57908 , 11.85626 , 0.295269
35.414 , 30.57908 , 11.83337 , 0.295269
35.417 , 30.57908 , 11.78759 , 0.2906914
35.419 , 30.57908 , 11.85626 , 0.2906914
35.421 , 30.51041 , 11.83337 , 0.2906914
35.424 , 30.5333 , 11.83337 , 0.2861137
35.426 , 30.5333 , 11.78759 , 0.2861137
35.429 , 30.51041 , 11.78759 , 0.2815361
35.431 , 30.5333 , 11.83337 , 0.2815361
35.433 , 30.5333 , 11.83337 , 0.2815361
35.436 , 30.46464 , 11.78759 , 0.2815361
35.438 , 30.46464 , 11.78759 , 0.2815361
35.441 , 30.46464 , 11.78759 , 0.2769566
35.443 , 30.44175 , 11.78759 , 0.2769566
35.445 , 30.46464 , 11.76471 , 0.2769566
35.448 , 30.46464 , 11.76471 , 0.2769566
35.45 , 30.41886 , 11.76471 , 0.2700901
35.453 , 30.41886 , 11.76471 , 0.2700901
35.455 , 30.41886 , 11.74182 , 0.2655125
35.457 , 30.41886 , 11.76471 , 0.2655125
35.46 , 30.44175 , 11.76471 , 0.2655125
35.462 , 30.41886 , 11.74182 , 0.2655125
35.465 , 30.41886 , 11.74182 , 0.2655125
35.467 , 30.41886 , 11.74182 , 0.2563572
35.47 , 30.41886 , 11.69604 , 0.2563572
35.472 , 30.41886 , 11.74182 , 0.2563572
35.474 , 30.37308 , 11.74182 , 0.2517796
35.477 , 30.41886 , 11.74182 , 0.2517796
35.479 , 30.41886 , 11.69604 , 0.2563572
35.482 , 30.35019 , 11.74182 , 0.2472019
35.484 , 30.35019 , 11.69604 , 0.2472019
35.486 , 30.35019 , 11.67315 , 0.2472019
35.489 , 30.35019 , 11.69604 , 0.2472019
35.491 , 30.35019 , 11.69604 , 0.2426243
35.494 , 30.30442 , 11.69604 , 0.2426243
35.496 , 30.35019 , 11.69604 , 0.2426243
35.498 , 30.30442 , 11.69604 , 0.233469
35.501 , 30.25864 , 11.67315 , 0.1579361
35.503 , 30.1442 , 11.67315 , 0.1075821
35.506 , 30.18998 , 11.62737 , 0.1533585
35.508 , 30.28153 , 11.62737 , 0.1922703
35.51 , 30.30442 , 11.55871 , 0.2769566
35.513 , 30.35019 , 11.60449 , 0.3135796
35.515 , 30.35019 , 11.60449 , 0.2815361
35.518 , 30.28153 , 11.62737 , 0.2472019
35.52 , 30.25864 , 11.55871 , 0.2105808
35.522 , 30.18998 , 11.62737 , 0.1625137
35.525 , 30.1442 , 11.60449 , 0.1167374
35.527 , 30.07553 , 11.55871 , 0.09842682
35.53 , 30.07553 , 11.60449 , 0.1167374
35.532 , 30.1442 , 11.60449 , 0.1350479
35.535 , 30.1442 , 11.53582 , 0.1533585
35.537 , 30.1442 , 11.55871 , 0.1533585
35.539 , 30.12131 , 11.60449 , 0.1670914
35.542 , 30.1442 , 11.55871 , 0.1487808
35.544 , 30.1442 , 11.53582 , 0.1487808
35.547 , 30.07553 , 11.53582 , 0.121315
35.549 , 30.12131 , 11.51293 , 0.1258926
35.551 , 30.05264 , 11.53582 , 0.1075821
35.554 , 30.05264 , 11.51293 , 0.121315
35.556 , 30.07553 , 11.55871 , 0.1075821
35.559 , 30.05264 , 11.53582 , 0.1075821
35.561 , 30.07553 , 11.53582 , 0.1258926
35.563 , 30.05264 , 11.51293 , 0.1304703
35.566 , 30.07553 , 11.46716 , 0.1167374
35.568 , 30.02975 , 11.51293 , 0.08927155
35.571 , 29.98398 , 11.51293 , 0.08469391
35.573 , 29.98398 , 11.46716 , 0.07553864
35.576 , 29.98398 , 11.51293 , 0.06867218
35.578 , 29.96109 , 11.51293 , 0.05951691
35.581 , 29.96109 , 11.46716 , 0.06867218
35.584 , 29.96109 , 11.46716 , 0.06867218
35.586 , 29.98398 , 11.46716 , 0.06867218
35.589 , 29.96109 , 11.46716 , 0.06867218
35.591 , 29.91531 , 11.46716 , 0.05493927
35.594 , 29.91531 , 11.46716 , 0.05493927
35.597 , 29.91531 , 11.44427 , 0.045784
35.599 , 29.91531 , 11.46716 , 0.045784
35.602 , 29.91531 , 11.44427 , 0.05951691
35.604 , 29.91531 , 11.44427 , 0.06409454
35.607 , 29.89242 , 11.44427 , 0.05036163
35.609 , 29.89242 , 11.39849 , 0.04120636
35.612 , 29.89242 , 11.44427 , 0.03205109
35.615 , 29.89242 , 11.39849 , 0.03205109
35.617 , 29.82376 , 11.3756 , 0.004585266
35.62 , 29.86953 , 11.39849 , 0.02289581
35.622 , 29.86953 , 11.39849 , 0.045784
35.625 , 29.86953 , 11.39849 , 0.02747345
35.628 , 29.86953 , 11.3756 , 0.03662872
35.63 , 29.86953 , 11.3756 , 0.04120636
35.633 , 29.82376 , 11.3756 , 0.01602936
35.635 , 29.82376 , 11.32982 , 0.01602936
35.638 , 29.80087 , 11.39849 , 0.01145172
35.64 , 29.75509 , 11.3756 , -0.004571915
35.643 , 29.80087 , 11.32982 , 0.01602936
35.646 , 29.75509 , 11.3756 , 7.629395e-06
35.648 , 29.75509 , 11.30694 , 7.629395e-06
35.651 , 29.75509 , 11.32982 , 0.02289581
35.654 , 29.75509 , 11.32982 , 0.01602936
35.656 , 29.75509 , 11.30694 , 0.01602936
35.659 , 29.75509 , 11.32982 , 0.01602936
35.661 , 29.70931 , 11.32982 , -0.01372719
35.664 , 29.70931 , 11.30694 , -0.03203773
35.666 , 29.7322 , 11.30694 , -0.02288246
35.669 , 29.7322 , 11.28405 , -0.03203773
35.672 , 29.70931 , 11.30694 , -0.01372719
35.674 , 29.70931 , 11.30694 , -0.01372719
35.677 , 29.70931 , 11.30694 , -0.02288246
35.679 , 29.70931 , 11.30694 , -0.009149551
35.682 , 29.66354 , 11.28405 , -0.0274601
35.685 , 29.66354 , 11.28405 , -0.04119301
35.687 , 29.64065 , 11.23827 , -0.02288246
35.69 , 29.66354 , 11.23827 , -0.04577065
35.692 , 29.59487 , 11.23827 , -0.04577065
35.695 , 29.66354 , 11.21538 , -0.0274601
35.698 , 29.59487 , 11.23827 , -0.05034828
35.7 , 29.64065 , 11.21538 , -0.04577065
35.703 , 29.59487 , 11.28405 , -0.04119301
35.705 , 29.59487 , 11.21538 , -0.05950356
35.708 , 29.57199 , 11.21538 , -0.05492592
35.71 , 29.59487 , 11.21538 , -0.04577065
35.713 , 29.59487 , 11.1696 , -0.05034828
35.716 , 29.57199 , 11.21538 , -0.03203773
35.718 , 29.57199 , 11.21538 , -0.05034828
35.721 , 29.57199 , 11.1696 , -0.07323647
35.723 , 29.57199 , 11.1696 , -0.06408119
35.726 , 29.52621 , 11.1696 , -0.0778141
35.729 , 29.50332 , 11.1696 , -0.08239174
35.731 , 29.52621 , 11.1696 , -0.06408119
35.734 , 29.50332 , 11.21538 , -0.0778141
35.736 , 29.50332 , 11.23827 , -0.0778141
35.739 , 29.59487 , 11.21538 , -0.06865883
35.741 , 29.52621 , 11.21538 , -0.08239174
35.744 , 29.50332 , 11.1696 , -0.08239174
35.747 , 29.50332 , 11.1696 , -0.0778141
35.749 , 29.52621 , 11.14672 , -0.09154701
35.752 , 29.48043 , 11.1696 , -0.08239174
35.754 , 29.48043 , 11.14672 , -0.08696938
35.757 , 29.43465 , 11.14672 , -0.09612465
35.759 , 29.43465 , 11.1696 , -0.08239174
35.762 , 29.43465 , 11.10094 , -0.09154701
35.765 , 29.41177 , 11.14672 , -0.1007042
35.767 , 29.48043 , 11.14672 , -0.08239174
35.77 , 29.43465 , 11.10094 , -0.08239174
35.772 , 29.43465 , 11.07805 , -0.08239174
35.775 , 29.41177 , 11.10094 , -0.0778141
35.777 , 29.41177 , 11.07805 , -0.09154701
35.78 , 29.41177 , 11.07805 , -0.1052818
35.782 , 29.41177 , 11.07805 , -0.1052818
35.785 , 29.41177 , 11.05516 , -0.1098595
35.787 , 29.36599 , 11.05516 , -0.1098595
35.79 , 29.36599 , 11.00938 , -0.09612465
35.792 , 29.36599 , 11.05516 , -0.1052818
35.795 , 29.36599 , 11.00938 , -0.1007042
35.797 , 29.36599 , 11.05516 , -0.09612465
35.8 , 29.32021 , 11.05516 , -0.1098595
35.802 , 29.32021 , 11.00938 , -0.1098595
35.805 , 29.3431 , 11.00938 , -0.1098595
35.807 , 29.3431 , 10.94072 , -0.1190147
35.809 , 29.32021 , 10.9865 , -0.1144371
35.812 , 29.32021 , 10.9865 , -0.1144371
35.814 , 29.27443 , 10.94072 , -0.1235924
35.817 , 29.27443 , 10.94072 , -0.1190147
35.819 , 29.27443 , 10.9865 , -0.1190147
35.821 , 29.27443 , 10.94072 , -0.12817
35.824 , 29.25154 , 10.91783 , -0.1327477
35.826 , 29.25154 , 10.91783 , -0.1190147
35.829 , 29.25154 , 10.91783 , -0.1190147
35.831 , 29.25154 , 10.84916 , -0.1144371
35.833 , 29.27443 , 10.91783 , -0.1144371
35.836 , 29.20577 , 10.91783 , -0.12817
35.838 , 29.25154 , 10.91783 , -0.1419029
35.841 , 29.27443 , 10.89494 , -0.1419029
35.851 , 29.15999 , 10.84916 , -0.1464806
35.854 , 29.15999 , 10.84916 , -0.1327477
35.856 , 29.18288 , 10.84916 , -0.1419029
35.859 , 29.15999 , 10.84916 , -0.1556358
35.861 , 29.11421 , 10.84916 , -0.1464806
35.864 , 29.11421 , 10.82628 , -0.1510582
35.866 , 29.09132 , 10.82628 , -0.1693687
35.868 , 29.09132 , 10.82628 , -0.1510582
35.871 , 29.11421 , 10.82628 , -0.1647911
35.873 , 29.09132 , 10.89494 , -0.1739464
35.876 , 29.11421 , 10.89494 , -0.1602135
35.878 , 29.09132 , 10.84916 , -0.1693687
35.88 , 29.04555 , 10.84916 , -0.1899681
35.883 , 29.04555 , 10.84916 , -0.1647911
35.885 , 29.09132 , 10.84916 , -0.1647911
35.888 , 29.04555 , 10.82628 , -0.1693687
35.89 , 29.04555 , 10.82628 , -0.1556358
35.893 , 29.04555 , 10.82628 , -0.1602135
35.895 , 29.02266 , 10.82628 , -0.1899681
35.898 , 29.02266 , 10.7805 , -0.178524
35.9 , 29.02266 , 10.7805 , -0.1899681
35.902 , 28.97688 , 10.82628 , -0.1991234
35.905 , 29.02266 , 10.7805 , -0.1899681
35.907 , 28.97688 , 10.75761 , -0.1899681
35.91 , 28.95399 , 10.7805 , -0.1991234
35.912 , 28.97688 , 10.75761 , -0.1853905
35.915 , 28.97688 , 10.7805 , -0.1899681
35.917 , 28.95399 , 10.75761 , -0.203701
35.92 , 28.97688 , 10.75761 , -0.1899681
35.922 , 28.95399 , 10.75761 , -0.203701
35.924 , 28.9311 , 10.71183 , -0.2151451
35.927 , 28.95399 , 10.75761 , -0.1945457
35.929 , 28.9311 , 10.75761 , -0.2105675
35.932 , 28.9311 , 10.71183 , -0.2197227
35.934 , 28.9311 , 10.71183 , -0.1945457
35.936 , 28.9311 , 10.75761 , -0.2105675
35.939 , 28.88533 , 10.71183 , -0.2243004
35.941 , 28.88533 , 10.71183 , -0.203701
35.944 , 28.9311 , 10.68894 , -0.1991234
35.946 , 28.88533 , 10.71183 , -0.203701
35.949 , 28.9311 , 10.68894 , -0.1899681
35.951 , 28.88533 , 10.68894 , -0.203701
35.953 , 28.88533 , 10.68894 , -0.2197227
35.956 , 28.88533 , 10.68894 , -0.2105675
35.958 , 28.86244 , 10.68894 , -0.2243004
35.961 , 28.81666 , 10.66606 , -0.228878
35.963 , 28.81666 , 10.66606 , -0.2197227
35.966 , 28.81666 , 10.66606 , -0.2197227
35.968 , 28.81666 , 10.68894 , -0.228878
35.97 , 28.81666 , 10.68894 , -0.2151451
35.973 , 28.81666 , 10.62028 , -0.2403221
35.975 , 28.79378 , 10.62028 , -0.2586327
35.978 , 28.81666 , 10.66606 , -0.2357445
35.98 , 28.81666 , 10.66606 , -0.2105675
35.983 , 28.79378 , 10.62028 , -0.1945457
35.985 , 28.79378 , 10.66606 , -0.1647911
35.988 , 28.88533 , 10.59739 , -0.1510582
35.99 , 28.81666 , 10.62028 , -0.1556358
35.992 , 28.86244 , 10.59739 , -0.1647911
35.995 , 28.81666 , 10.59739 , -0.1739464
35.997 , 28.79378 , 10.62028 , -0.1853905
36.0 , 28.79378 , 10.62028 , -0.1899681
36.002 , 28.79378 , 10.59739 , -0.1899681
36.005 , 28.79378 , 10.55161 , -0.1853905
36.007 , 28.77089 , 10.55161 , -0.1693687
36.009 , 28.79378 , 10.55161 , -0.1647911
36.012 , 28.77089 , 10.52873 , -0.1556358
36.014 , 28.77089 , 10.55161 , -0.1556358
36.017 , 28.79378 , 10.52873 , -0.1556358
36.019 , 28.77089 , 10.55161 , -0.1556358
36.021 , 28.77089 , 10.55161 , -0.1556358
36.024 , 28.77089 , 10.52873 , -0.1556358
36.026 , 28.77089 , 10.52873 , -0.1556358
36.029 , 28.77089 , 10.55161 , -0.1464806
36.031 , 28.77089 , 10.48295 , -0.1190147
36.034 , 28.79378 , 10.48295 , -0.09612465
36.036 , 28.81666 , 10.48295 , -0.1007042
36.039 , 28.81666 , 10.48295 , -0.1190147
36.041 , 28.77089 , 10.48295 , -0.1007042
36.043 , 28.86244 , 10.48295 , 0.004585266
36.046 , 28.97688 , 10.48295 , 0.1533585
36.049 , 29.15999 , 10.48295 , 0.3433342
36.051 , 29.50332 , 10.46006 , 0.6591969
36.053 , 29.59487 , 10.48295 , 0.7438831
36.056 , 29.59487 , 10.43717 , 0.7049732
36.058 , 29.50332 , 10.43717 , 0.6591969
36.061 , 29.41177 , 10.46006 , 0.5149994
36.063 , 29.27443 , 10.43717 , 0.4646435
36.066 , 29.27443 , 10.43717 , 0.4738007
36.068 , 29.36599 , 10.46006 , 0.5561981
36.07 , 29.43465 , 10.46006 , 0.6225739
36.073 , 29.32021 , 10.39139 , 0.4554882
36.075 , 29.09132 , 10.43717 , 0.2563572
36.078 , 28.88533 , 10.39139 , 0.1075821
36.08 , 28.77089 , 10.39139 , -0.009149551
36.083 , 28.72511 , 10.36851 , -0.04119301
36.085 , 28.79378 , 10.39139 , 0.05493927
36.088 , 28.95399 , 10.36851 , 0.1808243
36.09 , 29.02266 , 10.36851 , 0.2998466
36.093 , 29.11421 , 10.39139 , 0.3639336
36.095 , 29.11421 , 10.32273 , 0.3776684
36.097 , 29.11421 , 10.36851 , 0.3570671
36.1 , 29.04555 , 10.39139 , 0.3090019
36.102 , 28.97688 , 10.32273 , 0.2426243
36.105 , 28.9311 , 10.36851 , 0.2105808
36.107 , 28.9311 , 10.36851 , 0.2014256
36.109 , 28.9311 , 10.32273 , 0.2105808
36.112 , 28.95399 , 10.32273 , 0.2243137
36.114 , 28.95399 , 10.32273 , 0.2472019
36.117 , 28.97688 , 10.29984 , 0.2563572
36.119 , 28.97688 , 10.32273 , 0.2563572
36.121 , 28.95399 , 10.32273 , 0.2563572
36.124 , 28.9311 , 10.29984 , 0.2472019
36.126 , 28.95399 , 10.29984 , 0.2380466
36.129 , 28.9311 , 10.25406 , 0.233469
36.131 , 28.9311 , 10.25406 , 0.233469
36.134 , 28.88533 , 10.25406 , 0.2380466
36.136 , 28.88533 , 10.23117 , 0.2380466
36.138 , 28.86244 , 10.25406 , 0.2426243
36.141 , 28.88533 , 10.25406 , 0.2380466
36.143 , 28.88533 , 10.25406 , 0.2380466
36.145 , 28.88533 , 10.25406 , 0.2380466
36.148 , 28.86244 , 10.23117 , 0.2380466
36.15 , 28.88533 , 10.23117 , 0.233469
36.153 , 28.86244 , 10.23117 , 0.233469
36.155 , 28.86244 , 10.23117 , 0.233469
36.157 , 28.88533 , 10.23117 , 0.233469
36.16 , 28.88533 , 10.16251 , 0.233469
36.162 , 28.88533 , 10.20829 , 0.2288914
36.165 , 28.86244 , 10.20829 , 0.233469
36.167 , 28.86244 , 10.16251 , 0.2288914
36.17 , 28.81666 , 10.13962 , 0.2288914
36.172 , 28.81666 , 10.09384 , 0.2243137
36.174 , 28.81666 , 10.13962 , 0.2243137
36.177 , 28.81666 , 10.13962 , 0.2197361
36.179 , 28.79378 , 10.13962 , 0.2197361
36.182 , 28.81666 , 10.09384 , 0.2197361
36.184 , 28.81666 , 10.13962 , 0.2197361
36.187 , 28.79378 , 10.07095 , 0.2197361
36.189 , 28.77089 , 10.09384 , 0.2151585
36.192 , 28.77089 , 10.09384 , 0.2151585
36.194 , 28.79378 , 10.13962 , 0.2105808
36.196 , 28.79378 , 10.13962 , 0.2105808
36.199 , 28.77089 , 10.13962 , 0.2060032
36.201 , 28.77089 , 10.09384 , 0.2060032
36.204 , 28.77089 , 10.07095 , 0.2060032
36.206 , 28.72511 , 10.07095 , 0.2060032
36.208 , 28.70222 , 10.07095 , 0.2014256
36.211 , 28.70222 , 10.04807 , 0.2014256
36.213 , 28.70222 , 10.07095 , 0.1968479
36.215 , 28.65644 , 10.07095 , 0.1968479
36.218 , 28.70222 , 10.04807 , 0.1968479
36.22 , 28.65644 , 10.07095 , 0.1922703
36.223 , 28.65644 , 10.04807 , 0.1922703
36.225 , 28.70222 , 10.00229 , 0.1922703
36.227 , 28.70222 , 10.04807 , 0.1876926
36.23 , 28.65644 , 10.00229 , 0.1876926
36.232 , 28.70222 , 10.00229 , 0.1876926
36.235 , 28.65644 , 10.00229 , 0.1808243
36.237 , 28.63356 , 10.00229 , 0.1808243
36.239 , 28.63356 , 10.00229 , 0.1762466
36.242 , 28.63356 , 10.04807 , 0.1762466
36.244 , 28.58778 , 9.979401 , 0.171669
36.247 , 28.58778 , 9.979401 , 0.171669
36.249 , 28.63356 , 10.00229 , 0.1533585
36.251 , 28.542 , 9.979401 , 0.09842682
36.254 , 28.47334 , 10.00229 , 0.06409454
36.257 , 28.47334 , 9.979401 , 0.08927155
36.259 , 28.49622 , 9.979401 , 0.1442032
36.262 , 28.58778 , 9.933623 , 0.2151585
36.264 , 28.63356 , 9.933623 , 0.2288914
36.267 , 28.56489 , 9.933623 , 0.1922703
36.269 , 28.542 , 9.910734 , 0.1625137
36.271 , 28.47334 , 9.910734 , 0.1030045
36.274 , 28.40467 , 9.933623 , 0.05493927
36.276 , 28.38178 , 9.864958 , 0.04120636
36.279 , 28.38178 , 9.910734 , 0.045784
36.282 , 28.40467 , 9.910734 , 0.08927155
36.284 , 28.40467 , 9.910734 , 0.1075821
36.287 , 28.42756 , 9.910734 , 0.1304703
36.289 , 28.40467 , 9.910734 , 0.09842682
36.292 , 28.40467 , 9.910734 , 0.09384918
36.294 , 28.38178 , 9.910734 , 0.06409454
36.297 , 28.336 , 9.910734 , 0.05951691
36.299 , 28.38178 , 9.864958 , 0.04120636
36.302 , 28.336 , 9.864958 , 0.045784
36.305 , 28.336 , 9.864958 , 0.05493927
36.307 , 28.336 , 9.864958 , 0.05036163
36.31 , 28.336 , 9.84207 , 0.06409454
36.312 , 28.26734 , 9.864958 , 0.045784
36.315 , 28.24445 , 9.84207 , 0.05951691
36.318 , 28.24445 , 9.84207 , 0.03205109
36.32 , 28.24445 , 9.81918 , 0.045784
36.323 , 28.22156 , 9.84207 , 0.01602936
36.325 , 28.24445 , 9.81918 , 0.03662872
36.328 , 28.24445 , 9.81918 , 0.03662872
36.33 , 28.26734 , 9.81918 , 0.05493927
36.333 , 28.22156 , 9.81918 , 0.02289581
36.335 , 28.17578 , 9.81918 , 0.01602936
36.338 , 28.22156 , 9.81918 , 0.004585266
36.341 , 28.17578 , 9.81918 , 0.004585266
36.343 , 28.17578 , 9.773403 , -0.009149551
36.346 , 28.15289 , 9.773403 , -0.009149551
36.349 , 28.15289 , 9.773403 , 0.01602936
36.351 , 28.15289 , 9.773403 , 7.629395e-06
36.354 , 28.15289 , 9.773403 , 0.01145172
36.365 , 28.10712 , 9.773403 , -0.009149551
36.367 , 28.10712 , 9.750515 , -0.0274601
36.37 , 28.10712 , 9.704738 , -0.004571915
36.373 , 28.10712 , 9.704738 , 0.004585266
36.375 , 28.08423 , 9.750515 , 0.01145172
36.378 , 28.10712 , 9.704738 , 0.01145172
36.38 , 28.08423 , 9.704738 , 0.01145172
36.383 , 28.03845 , 9.681849 , -0.03203773
36.386 , 28.03845 , 9.704738 , -0.04577065
36.388 , 28.03845 , 9.681849 , -0.03203773
36.391 , 27.99268 , 9.681849 , -0.04577065
36.393 , 28.03845 , 9.636072 , -0.0274601
36.396 , 28.08423 , 9.681849 , 7.629395e-06
36.399 , 28.01556 , 9.704738 , -0.0274601
36.401 , 28.01556 , 9.704738 , -0.02288246
36.404 , 28.01556 , 9.681849 , -0.01372719
36.406 , 27.99268 , 9.704738 , -0.04577065
36.409 , 27.99268 , 9.681849 , -0.04119301
36.412 , 28.01556 , 9.636072 , -0.02288246
36.414 , 27.99268 , 9.636072 , -0.04577065
36.417 , 27.99268 , 9.636072 , -0.03203773
36.419 , 27.99268 , 9.636072 , -0.01372719
36.422 , 27.9469 , 9.636072 , -0.04119301
36.425 , 27.9469 , 9.636072 , -0.04119301
36.427 , 27.92401 , 9.636072 , -0.02288246
36.43 , 27.87823 , 9.590296 , -0.05034828
36.432 , 27.87823 , 9.636072 , -0.05492592
36.435 , 27.9469 , 9.590296 , -0.0274601
36.438 , 27.92401 , 9.636072 , -0.03203773
36.44 , 27.92401 , 9.590296 , -0.03203773
36.443 , 27.92401 , 9.590296 , -0.01372719
36.445 , 27.92401 , 9.544518 , -0.04577065
36.448 , 27.87823 , 9.590296 , -0.06865883
36.45 , 27.87823 , 9.613184 , -0.05034828
36.453 , 27.85535 , 9.613184 , -0.06408119
36.456 , 27.85535 , 9.590296 , -0.06408119
36.458 , 27.87823 , 9.613184 , -0.03661537
36.461 , 27.85535 , 9.544518 , -0.05034828
36.463 , 27.85535 , 9.544518 , -0.05950356
36.466 , 27.85535 , 9.544518 , -0.03661537
36.468 , 27.85535 , 9.521629 , -0.05034828
36.471 , 27.83245 , 9.544518 , -0.06865883
36.474 , 27.78668 , 9.544518 , -0.04577065
36.476 , 27.85535 , 9.521629 , -0.05034828
36.479 , 27.83245 , 9.521629 , -0.06865883
36.481 , 27.83245 , 9.544518 , -0.05034828
36.484 , 27.83245 , 9.521629 , -0.05492592
36.487 , 27.78668 , 9.475853 , -0.06865883
36.489 , 27.78668 , 9.475853 , -0.05950356
36.492 , 27.78668 , 9.521629 , -0.05492592
36.495 , 27.76379 , 9.475853 , -0.07323647
36.497 , 27.76379 , 9.452965 , -0.05950356
36.5 , 27.76379 , 9.407187 , -0.05492592
36.502 , 27.78668 , 9.452965 , -0.05492592
36.505 , 27.71801 , 9.452965 , -0.04119301
36.508 , 27.76379 , 9.452965 , -0.04577065
36.51 , 27.71801 , 9.407187 , -0.0778141
36.513 , 27.67224 , 9.407187 , -0.0778141
36.515 , 27.67224 , 9.407187 , -0.07323647
36.518 , 27.69513 , 9.407187 , -0.08696938
36.52 , 27.69513 , 9.407187 , -0.07323647
36.523 , 27.69513 , 9.407187 , -0.05034828
36.526 , 27.69513 , 9.315633 , -0.07323647
36.528 , 27.67224 , 9.407187 , -0.07323647
36.531 , 27.71801 , 9.384298 , -0.05950356
36.533 , 27.67224 , 9.315633 , -0.08239174
36.536 , 27.62646 , 9.384298 , -0.08239174
36.539 , 27.67224 , 9.315633 , -0.06408119
36.541 , 27.69513 , 9.407187 , -0.08239174
36.544 , 27.62646 , 9.315633 , -0.08239174
36.546 , 27.67224 , 9.292744 , -0.06408119
36.549 , 27.62646 , 9.315633 , -0.0778141
36.551 , 27.60357 , 9.315633 , -0.08239174
36.554 , 27.62646 , 9.292744 , -0.05950356
36.557 , 27.62646 , 9.292744 , -0.08239174
36.559 , 27.60357 , 9.292744 , -0.08696938
36.562 , 27.55779 , 9.292744 , -0.06865883
36.565 , 27.62646 , 9.246967 , -0.06865883
36.567 , 27.60357 , 9.292744 , -0.06865883
36.57 , 27.62646 , 9.246967 , -0.05492592
36.572 , 27.62646 , 9.246967 , -0.07323647
36.575 , 27.60357 , 9.224079 , -0.09612465
36.578 , 27.60357 , 9.224079 , -0.08239174
36.58 , 27.55779 , 9.224079 , -0.09154701
36.583 , 27.60357 , 9.246967 , -0.09612465
36.585 , 27.55779 , 9.224079 , -0.07323647
36.588 , 27.55779 , 9.224079 , -0.08696938
36.591 , 27.5349 , 9.20119 , -0.09612465
36.593 , 27.5349 , 9.20119 , -0.0778141
36.596 , 27.5349 , 9.20119 , -0.09154701
36.598 , 27.48913 , 9.224079 , -0.1052818
36.601 , 27.5349 , 9.224079 , -0.09154701
36.603 , 27.5349 , 9.224079 , -0.09154701
36.606 , 27.46624 , 9.20119 , -0.1098595
36.608 , 27.48913 , 9.20119 , -0.09612465
36.611 , 27.48913 , 9.155413 , -0.09612465
36.613 , 27.48913 , 9.155413 , -0.1144371
36.616 , 27.48913 , 9.132524 , -0.1098595
36.618 , 27.46624 , 9.155413 , -0.09154701
36.621 , 27.46624 , 9.132524 , -0.1144371
36.623 , 27.46624 , 9.132524 , -0.1144371
36.626 , 27.48913 , 9.132524 , -0.09612465
36.628 , 27.46624 , 9.132524 , -0.1007042
36.631 , 27.46624 , 9.132524 , -0.1052818
36.633 , 27.46624 , 9.132524 , -0.09154701
36.636 , 27.44335 , 9.132524 , -0.1052818
36.638 , 27.46624 , 9.132524 , -0.12817
36.64 , 27.44335 , 9.086748 , -0.1190147
36.643 , 27.37469 , 9.018082 , -0.1190147
36.645 , 27.32891 , 9.063859 , -0.1327477
36.648 , 27.37469 , 9.063859 , -0.1327477
36.65 , 27.39757 , 9.063859 , -0.1144371
36.652 , 27.37469 , 9.063859 , -0.12817
36.655 , 27.37469 , 9.063859 , -0.1327477
36.657 , 27.32891 , 9.063859 , -0.1144371
36.66 , 27.37469 , 9.018082 , -0.1327477
36.662 , 27.32891 , 9.018082 , -0.1464806
36.665 , 27.30602 , 9.018082 , -0.1327477
36.667 , 27.28313 , 8.995193 , -0.1373253
36.669 , 27.28313 , 9.018082 , -0.1510582
36.672 , 27.30602 , 8.995193 , -0.1373253
36.674 , 27.28313 , 8.995193 , -0.1373253
36.677 , 27.23735 , 8.995193 , -0.1602135
36.679 , 27.21447 , 8.995193 , -0.1556358
36.682 , 27.23735 , 8.995193 , -0.1419029
36.684 , 27.21447 , 8.972304 , -0.1647911
36.686 , 27.21447 , 8.972304 , -0.1693687
36.689 , 27.28313 , 8.926527 , -0.1464806
36.691 , 27.21447 , 8.972304 , -0.1464806
36.694 , 27.21447 , 8.972304 , -0.1556358
36.696 , 27.21447 , 8.995193 , -0.1419029
36.699 , 27.21447 , 8.972304 , -0.1510582
36.701 , 27.16869 , 8.972304 , -0.1739464
36.703 , 27.16869 , 8.926527 , -0.1693687
36.706 , 27.21447 , 8.926527 , -0.1693687
36.708 , 27.16869 , 8.926527 , -0.1899681
36.711 , 27.1458 , 8.903639 , -0.1899681
36.713 , 27.16869 , 8.903639 , -0.1647911
36.716 , 27.16869 , 8.926527 , -0.178524
36.718 , 27.1458 , 8.926527 , -0.1899681
36.721 , 27.1458 , 8.903639 , -0.1647911
36.723 , 27.16869 , 8.926527 , -0.1899681
36.725 , 27.07713 , 8.857862 , -0.228878
36.728 , 27.05424 , 8.903639 , -0.2105675
36.73 , 27.10003 , 8.857862 , -0.1739464
36.733 , 27.10003 , 8.857862 , -0.1693687
36.735 , 27.1458 , 8.903639 , -0.1464806
36.738 , 27.1458 , 8.857862 , -0.12817
36.74 , 27.16869 , 8.857862 , -0.12817
36.742 , 27.10003 , 8.857862 , -0.1373253
36.745 , 27.10003 , 8.834973 , -0.1464806
36.747 , 27.1458 , 8.834973 , -0.1556358
36.75 , 27.10003 , 8.857862 , -0.1647911
36.752 , 27.10003 , 8.834973 , -0.1647911
36.754 , 27.10003 , 8.834973 , -0.1602135
36.757 , 27.10003 , 8.857862 , -0.1602135
36.759 , 27.07713 , 8.834973 , -0.1510582
36.762 , 27.10003 , 8.834973 , -0.1464806
36.764 , 27.10003 , 8.834973 , -0.1464806
36.767 , 27.07713 , 8.834973 , -0.1419029
36.769 , 27.10003 , 8.789197 , -0.1464806
36.771 , 27.10003 , 8.789197 , -0.1464806
36.774 , 27.07713 , 8.834973 , -0.1464806
36.776 , 27.07713 , 8.789197 , -0.1419029
36.779 , 27.07713 , 8.789197 , -0.1419029
36.781 , 27.10003 , 8.789197 , -0.1144371
36.784 , 27.10003 , 8.789197 , -0.09154701
36.786 , 27.1458 , 8.789197 , -0.09612465
36.789 , 27.10003 , 8.766308 , -0.1144371
36.791 , 27.10003 , 8.789197 , -0.09612465
36.794 , 27.21447 , 8.74342 , 0.02289581
36.796 , 27.37469 , 8.789197 , 0.1625137
36.799 , 27.55779 , 8.766308 , 0.3524895
36.801 , 27.78668 , 8.766308 , 0.6683521
36.804 , 27.92401 , 8.766308 , 0.732439
36.806 , 27.87823 , 8.74342 , 0.6958179
36.809 , 27.83245 , 8.697643 , 0.6500397
36.811 , 27.71801 , 8.74342 , 0.5012665
36.813 , 27.62646 , 8.74342 , 0.4554882
36.816 , 27.62646 , 8.74342 , 0.4600658
36.818 , 27.67224 , 8.74342 , 0.4829559
36.821 , 27.5349 , 8.697643 , 0.2563572
36.823 , 27.23735 , 8.697643 , 0.045784
36.826 , 27.1458 , 8.674754 , -0.02288246
36.828 , 27.05424 , 8.697643 , -0.08696938
36.831 , 27.05424 , 8.697643 , -0.05950356
36.834 , 27.1458 , 8.697643 , 0.06409454
36.836 , 27.30602 , 8.697643 , 0.1922703
36.839 , 27.37469 , 8.697643 , 0.2563572
36.841 , 27.44335 , 8.674754 , 0.2998466
36.844 , 27.37469 , 8.674754 , 0.2906914
36.846 , 27.32891 , 8.674754 , 0.2472019
36.848 , 27.28313 , 8.628977 , 0.2060032
36.851 , 27.23735 , 8.674754 , 0.1579361
36.853 , 27.28313 , 8.606089 , 0.1396255
36.856 , 27.21447 , 8.628977 , 0.1396255
36.858 , 27.23735 , 8.606089 , 0.1487808
36.861 , 27.23735 , 8.628977 , 0.1670914
36.863 , 27.23735 , 8.628977 , 0.1762466
36.865 , 27.28313 , 8.628977 , 0.1808243
36.868 , 27.23735 , 8.606089 , 0.1808243
36.87 , 27.23735 , 8.606089 , 0.171669
36.873 , 27.21447 , 8.628977 , 0.1670914
36.875 , 27.16869 , 8.606089 , 0.1625137
36.878 , 27.21447 , 8.560311 , 0.1533585
36.88 , 27.16869 , 8.606089 , 0.1579361
36.883 , 27.21447 , 8.606089 , 0.1625137
36.893 , 27.16869 , 8.606089 , 0.1533585
36.896 , 27.1458 , 8.560311 , 0.1579361
36.898 , 27.1458 , 8.537422 , 0.1533585
36.901 , 27.1458 , 8.560311 , 0.1533585
36.903 , 27.1458 , 8.537422 , 0.1533585
36.906 , 27.10003 , 8.560311 , 0.1533585
36.908 , 27.10003 , 8.537422 , 0.1533585
36.91 , 27.10003 , 8.468758 , 0.1487808
36.913 , 27.1458 , 8.514534 , 0.1533585
36.915 , 27.10003 , 8.514534 , 0.1533585
36.918 , 27.07713 , 8.514534 , 0.1533585
36.92 , 27.10003 , 8.537422 , 0.1487808
36.922 , 27.07713 , 8.468758 , 0.1442032
36.925 , 27.05424 , 8.468758 , 0.1487808
36.927 , 27.07713 , 8.468758 , 0.1487808
36.93 , 27.07713 , 8.445868 , 0.1487808
36.932 , 27.05424 , 8.468758 , 0.1442032
36.935 , 27.07713 , 8.468758 , 0.1442032
36.937 , 27.05424 , 8.468758 , 0.1442032
36.939 , 27.00847 , 8.445868 , 0.1396255
36.942 , 27.00847 , 8.468758 , 0.1396255
36.944 , 27.05424 , 8.468758 , 0.1396255
36.947 , 26.98558 , 8.400091 , 0.1396255
36.949 , 27.00847 , 8.445868 , 0.1396255
36.951 , 27.00847 , 8.400091 , 0.1350479
36.954 , 27.00847 , 8.400091 , 0.1350479
36.956 , 27.00847 , 8.445868 , 0.1350479
36.959 , 26.98558 , 8.400091 , 0.1350479
36.961 , 27.00847 , 8.445868 , 0.1304703
36.964 , 26.98558 , 8.400091 , 0.1304703
36.966 , 26.9398 , 8.377203 , 0.1304703
36.968 , 26.9398 , 8.377203 , 0.1258926
36.971 , 26.9398 , 8.377203 , 0.1258926
36.973 , 26.9398 , 8.400091 , 0.1258926
36.976 , 26.9398 , 8.377203 , 0.1258926
36.978 , 26.9398 , 8.377203 , 0.1258926
36.981 , 26.91692 , 8.354315 , 0.121315
36.983 , 26.89402 , 8.354315 , 0.121315
36.985 , 26.91692 , 8.400091 , 0.1167374
36.988 , 26.89402 , 8.354315 , 0.121315
36.99 , 26.89402 , 8.308537 , 0.1167374
36.993 , 26.84825 , 8.354315 , 0.1167374
36.995 , 26.89402 , 8.354315 , 0.1167374
36.997 , 26.89402 , 8.308537 , 0.1167374
37.0 , 26.89402 , 8.354315 , 0.1121597
37.002 , 26.82536 , 8.308537 , 0.1121597
37.005 , 26.84825 , 8.285649 , 0.1121597
37.007 , 26.82536 , 8.308537 , 0.1121597
37.009 , 26.82536 , 8.308537 , 0.1258926
37.012 , 26.89402 , 8.285649 , 0.1579361
37.014 , 26.84825 , 8.285649 , 0.1533585
37.017 , 26.82536 , 8.239872 , 0.09842682
37.019 , 26.77958 , 8.239872 , 0.06867218
37.022 , 26.75669 , 8.308537 , 0.05036163
37.024 , 26.73381 , 8.239872 , 0.02289581
37.027 , 26.68803 , 8.239872 , 0.045784
37.03 , 26.68803 , 8.239872 , 0.03662872
37.032 , 26.75669 , 8.239872 , 0.07553864
37.035 , 26.73381 , 8.216983 , 0.05951691
37.037 , 26.75669 , 8.216983 , 0.06867218
37.04 , 26.68803 , 8.239872 , 0.05951691
37.043 , 26.73381 , 8.239872 , 0.045784
37.045 , 26.68803 , 8.216983 , 0.05036163
37.048 , 26.68803 , 8.216983 , 0.01602936
37.05 , 26.66514 , 8.171206 , 0.03662872
37.053 , 26.61936 , 8.216983 , 0.01145172
37.056 , 26.66514 , 8.171206 , 0.02747345
37.058 , 26.66514 , 8.171206 , 0.03662872
37.061 , 26.66514 , 8.216983 , 0.04120636
37.063 , 26.66514 , 8.216983 , 0.03662872
37.066 , 26.59648 , 8.171206 , 0.004585266
37.069 , 26.59648 , 8.148317 , 0.004585266
37.071 , 26.59648 , 8.171206 , -0.01372719
37.074 , 26.59648 , 8.171206 , -0.004571915
37.076 , 26.5507 , 8.216983 , -0.02288246
37.079 , 26.59648 , 8.171206 , -0.004571915
37.082 , 26.5507 , 8.171206 , -0.01372719
37.084 , 26.59648 , 8.171206 , -0.01372719
37.087 , 26.5507 , 8.171206 , -0.004571915
37.09 , 26.52781 , 8.148317 , -0.02288246
37.092 , 26.52781 , 8.148317 , -0.004571915
37.095 , 26.50492 , 8.148317 , -0.03661537
37.097 , 26.5507 , 8.148317 , -0.01830482
37.1 , 26.52781 , 8.148317 , -0.04119301
37.102 , 26.45914 , 8.148317 , -0.03203773
37.105 , 26.52781 , 8.148317 , -0.01830482
37.108 , 26.52781 , 8.125429 , -0.01372719
37.11 , 26.52781 , 8.079652 , -0.009149551
37.113 , 26.50492 , 8.125429 , -0.04119301
37.115 , 26.45914 , 8.125429 , -0.04119301
37.118 , 26.45914 , 8.079652 , -0.05950356
37.12 , 26.45914 , 8.125429 , -0.05034828
37.123 , 26.50492 , 8.148317 , -0.01372719
37.126 , 26.50492 , 8.148317 , -0.03203773
37.128 , 26.45914 , 8.125429 , -0.04119301
37.131 , 26.45914 , 8.148317 , -0.01372719
37.133 , 26.45914 , 8.079652 , -0.0274601
37.136 , 26.43626 , 8.125429 , -0.05492592
37.138 , 26.39048 , 8.125429 , -0.04119301
37.141 , 26.45914 , 8.079652 , -0.03203773
37.144 , 26.36759 , 8.056764 , -0.06408119
37.146 , 26.43626 , 8.079652 , -0.04577065
37.149 , 26.39048 , 8.125429 , -0.01830482
37.151 , 26.39048 , 8.079652 , -0.05492592
37.154 , 26.36759 , 8.079652 , -0.05492592
37.157 , 26.39048 , 8.056764 , -0.0274601
37.159 , 26.36759 , 8.056764 , -0.04119301
37.162 , 26.36759 , 8.079652 , -0.05950356
37.164 , 26.36759 , 8.056764 , -0.0274601
37.167 , 26.36759 , 8.010986 , -0.0274601
37.169 , 26.36759 , 8.010986 , -0.03661537
37.172 , 26.36759 , 7.988098 , -0.01372719
37.175 , 26.39048 , 7.988098 , -0.01372719
37.177 , 26.3447 , 7.988098 , -0.05492592
37.18 , 26.29892 , 7.988098 , -0.05950356
37.182 , 26.27604 , 8.010986 , -0.04577065
37.185 , 26.27604 , 7.942321 , -0.05950356
37.188 , 26.27604 , 7.988098 , -0.05034828
37.19 , 26.27604 , 7.988098 , -0.01830482
37.193 , 26.27604 , 7.942321 , -0.0274601
37.195 , 26.27604 , 7.942321 , -0.04119301
37.198 , 26.27604 , 7.942321 , -0.02288246
37.201 , 26.27604 , 7.919433 , -0.02288246
37.203 , 26.18448 , 7.919433 , -0.05034828
37.206 , 26.23026 , 7.919433 , -0.03661537
37.208 , 26.23026 , 7.919433 , -0.01830482
37.211 , 26.20737 , 7.850766 , -0.05034828
37.213 , 26.23026 , 7.896544 , -0.04119301
37.216 , 26.23026 , 7.827878 , -0.02288246
37.219 , 26.20737 , 7.827878 , -0.04119301
37.221 , 26.18448 , 7.827878 , -0.05034828
37.224 , 26.18448 , 7.759213 , -0.0274601
37.226 , 26.18448 , 7.782101 , -0.03203773
37.229 , 26.18448 , 7.782101 , -0.05034828
37.231 , 26.1387 , 7.782101 , -0.04119301
37.234 , 26.20737 , 7.759213 , -0.02288246
37.236 , 26.18448 , 7.827878 , -0.03661537
37.239 , 26.1387 , 7.759213 , -0.02288246
37.242 , 26.18448 , 7.759213 , -0.01372719
37.244 , 26.1387 , 7.759213 , -0.04577065
37.247 , 26.11581 , 7.713436 , -0.06408119
37.249 , 26.11581 , 7.713436 , -0.05034828
37.252 , 26.11581 , 7.713436 , -0.05034828
37.254 , 26.07004 , 7.713436 , -0.05950356
37.257 , 26.11581 , 7.713436 , -0.03203773
37.26 , 26.11581 , 7.713436 , -0.0274601
37.262 , 26.07004 , 7.713436 , -0.05492592
37.265 , 26.11581 , 7.713436 , -0.05034828
37.267 , 26.07004 , 7.667659 , -0.03661537
37.27 , 26.07004 , 7.690547 , -0.06408119
37.272 , 26.07004 , 7.667659 , -0.06865883
37.275 , 26.07004 , 7.690547 , -0.04577065
37.278 , 26.07004 , 7.667659 , -0.05950356
37.28 , 26.00137 , 7.690547 , -0.06408119
37.283 , 26.04715 , 7.667659 , -0.05034828
37.285 , 26.07004 , 7.621881 , -0.05034828
37.288 , 26.04715 , 7.621881 , -0.07323647
37.291 , 26.04715 , 7.621881 , -0.06408119
37.293 , 26.04715 , 7.667659 , -0.05950356
37.296 , 26.00137 , 7.598993 , -0.08239174
37.298 , 26.00137 , 7.667659 , -0.07323647
37.301 , 26.00137 , 7.621881 , -0.05492592
37.304 , 26.04715 , 7.621881 , -0.06408119
37.306 , 26.00137 , 7.598993 , -0.06408119
37.309 , 26.00137 , 7.598993 , -0.05034828
37.311 , 25.97849 , 7.598993 , -0.06408119
37.314 , 25.97849 , 7.621881 , -0.08696938
37.317 , 25.9556 , 7.621881 , -0.08239174
37.319 , 25.9556 , 7.621881 , -0.08696938
37.322 , 25.9556 , 7.621881 , -0.09612465
37.324 , 25.9556 , 7.598993 , -0.0778141
37.327 , 25.9556 , 7.598993 , -0.06865883
37.33 , 25.9556 , 7.621881 , -0.08696938
37.332 , 25.9556 , 7.598993 , -0.08696938
37.335 , 25.97849 , 7.598993 , -0.07323647
37.337 , 25.90982 , 7.598993 , -0.09612465
37.34 , 25.90982 , 7.553216 , -0.09612465
37.343 , 25.90982 , 7.553216 , -0.08239174
37.345 , 25.88693 , 7.598993 , -0.09154701
37.348 , 25.88693 , 7.553216 , -0.1007042
37.35 , 25.88693 , 7.530328 , -0.08696938
37.353 , 25.90982 , 7.48455 , -0.08239174
37.356 , 25.88693 , 7.530328 , -0.1052818
37.358 , 25.88693 , 7.530328 , -0.09612465
37.361 , 25.84115 , 7.598993 , -0.08696938
37.363 , 25.81827 , 7.530328 , -0.1052818
37.366 , 25.84115 , 7.530328 , -0.1052818
37.368 , 25.88693 , 7.530328 , -0.09612465
37.37 , 25.81827 , 7.48455 , -0.09154701
37.373 , 25.84115 , 7.461661 , -0.09612465
37.376 , 25.84115 , 7.461661 , -0.08696938
37.378 , 25.84115 , 7.48455 , -0.08239174
37.381 , 25.81827 , 7.461661 , -0.1098595
37.383 , 25.81827 , 7.461661 , -0.1144371
37.386 , 25.79538 , 7.461661 , -0.1098595
37.388 , 25.72671 , 7.461661 , -0.1144371
37.391 , 25.72671 , 7.438773 , -0.1144371
37.393 , 25.72671 , 7.438773 , -0.09612465
37.396 , 25.72671 , 7.438773 , -0.09612465
37.398 , 25.68093 , 7.461661 , -0.1098595
37.401 , 25.68093 , 7.392996 , -0.1052818
37.403 , 25.68093 , 7.392996 , -0.09612465
37.406 , 25.68093 , 7.392996 , -0.1144371
37.408 , 25.68093 , 7.438773 , -0.1190147
37.41 , 25.65805 , 7.370108 , -0.1007042
37.413 , 25.72671 , 7.370108 , -0.1052818
37.415 , 25.65805 , 7.392996 , -0.1235924
37.426 , 25.65805 , 7.370108 , -0.1144371
37.428 , 25.65805 , 7.370108 , -0.1052818
37.431 , 25.61227 , 7.370108 , -0.12817
37.433 , 25.61227 , 7.32433 , -0.12817
37.436 , 25.58938 , 7.370108 , -0.1144371
37.438 , 25.58938 , 7.32433 , -0.1098595
37.44 , 25.61227 , 7.32433 , -0.1144371
37.443 , 25.61227 , 7.32433 , -0.1098595
37.445 , 25.61227 , 7.32433 , -0.09612465
37.448 , 25.58938 , 7.32433 , -0.1190147
37.45 , 25.56649 , 7.32433 , -0.1327477
37.453 , 25.56649 , 7.32433 , -0.1235924
37.455 , 25.58938 , 7.32433 , -0.12817
37.457 , 25.56649 , 7.32433 , -0.1373253
37.46 , 25.56649 , 7.32433 , -0.1327477
37.462 , 25.56649 , 7.301442 , -0.1144371
37.465 , 25.52071 , 7.301442 , -0.12817
37.467 , 25.52071 , 7.278553 , -0.1327477
37.469 , 25.56649 , 7.301442 , -0.1190147
37.472 , 25.56649 , 7.232776 , -0.1190147
37.474 , 25.45205 , 7.232776 , -0.1647911
37.477 , 25.45205 , 7.278553 , -0.1647911
37.479 , 25.49783 , 7.278553 , -0.1327477
37.481 , 25.49783 , 7.232776 , -0.1235924
37.484 , 25.49783 , 7.278553 , -0.1052818
37.486 , 25.52071 , 7.232776 , -0.09154701
37.489 , 25.52071 , 7.232776 , -0.08239174
37.491 , 25.56649 , 7.232776 , -0.09154701
37.494 , 25.52071 , 7.209888 , -0.09612465
37.497 , 25.56649 , 7.209888 , -0.1098595
37.499 , 25.49783 , 7.232776 , -0.1144371
37.501 , 25.49783 , 7.209888 , -0.1144371
37.504 , 25.49783 , 7.209888 , -0.1098595
37.506 , 25.49783 , 7.209888 , -0.1052818
37.509 , 25.52071 , 7.164111 , -0.1007042
37.511 , 25.52071 , 7.164111 , -0.09612465
37.514 , 25.49783 , 7.164111 , -0.09612465
37.516 , 25.52071 , 7.141222 , -0.09612465
37.519 , 25.45205 , 7.209888 , -0.09612465
37.521 , 25.49783 , 7.164111 , -0.09612465
37.524 , 25.49783 , 7.164111 , -0.09612465
37.526 , 25.45205 , 7.141222 , -0.09612465
37.529 , 25.45205 , 7.164111 , -0.09154701
37.532 , 25.49783 , 7.141222 , -0.06408119
37.534 , 25.52071 , 7.164111 , -0.03203773
37.537 , 25.49783 , 7.141222 , -0.04119301
37.539 , 25.45205 , 7.164111 , -0.05950356
37.542 , 25.49783 , 7.141222 , -0.03203773
37.544 , 25.58938 , 7.141222 , 0.08927155
37.547 , 25.68093 , 7.095445 , 0.2288914
37.549 , 25.88693 , 7.072556 , 0.4051342
37.552 , 26.18448 , 7.072556 , 0.7095509
37.554 , 26.23026 , 7.095445 , 0.7873726
37.557 , 26.27604 , 7.095445 , 0.7438831
37.559 , 26.18448 , 7.072556 , 0.682085
37.562 , 26.04715 , 7.072556 , 0.5516205
37.564 , 25.97849 , 7.072556 , 0.5058441
37.566 , 25.9556 , 7.072556 , 0.4783783
37.569 , 25.81827 , 7.003891 , 0.3387566
37.571 , 25.68093 , 7.049668 , 0.1350479
37.574 , 25.45205 , 7.072556 , 0.004585266
37.576 , 25.42916 , 7.049668 , -0.04119301
37.579 , 25.40627 , 7.049668 , -0.04119301
37.581 , 25.45205 , 7.049668 , 0.05036163
37.584 , 25.58938 , 7.049668 , 0.1625137
37.586 , 25.68093 , 7.003891 , 0.2769566
37.589 , 25.7496 , 7.049668 , 0.3227348
37.591 , 25.72671 , 6.981003 , 0.3296013
37.594 , 25.72671 , 6.981003 , 0.2998466
37.596 , 25.68093 , 7.003891 , 0.2472019
37.599 , 25.65805 , 7.003891 , 0.2105808
37.601 , 25.58938 , 7.003891 , 0.1808243
37.604 , 25.58938 , 6.981003 , 0.171669
37.606 , 25.56649 , 7.003891 , 0.1808243
37.608 , 25.56649 , 6.981003 , 0.1922703
37.611 , 25.58938 , 6.981003 , 0.2014256
37.613 , 25.56649 , 6.935225 , 0.2105808
37.616 , 25.56649 , 6.981003 , 0.2151585
37.618 , 25.58938 , 6.912336 , 0.2105808
37.62 , 25.56649 , 6.981003 , 0.2014256
37.623 , 25.56649 , 6.935225 , 0.1968479
37.625 , 25.56649 , 6.935225 , 0.1922703
37.628 , 25.56649 , 6.935225 , 0.1922703
37.63 , 25.52071 , 6.912336 , 0.1922703
37.632 , 25.52071 , 6.912336 , 0.1968479
37.635 , 25.49783 , 6.912336 , 0.1968479
37.637 , 25.56649 , 6.912336 , 0.1968479
37.64 , 25.52071 , 6.86656 , 0.1968479
37.642 , 25.52071 , 6.912336 , 0.1922703
37.645 , 25.49783 , 6.912336 , 0.1922703
37.647 , 25.45205 , 6.86656 , 0.1876926
37.649 , 25.49783 , 6.86656 , 0.1876926
37.652 , 25.49783 , 6.86656 , 0.1876926
37.654 , 25.49783 , 6.86656 , 0.1876926
37.657 , 25.45205 , 6.843671 , 0.1876926
37.659 , 25.42916 , 6.843671 , 0.1876926
37.662 , 25.45205 , 6.843671 , 0.1876926
37.664 , 25.45205 , 6.820783 , 0.1808243
37.667 , 25.45205 , 6.843671 , 0.1808243
37.669 , 25.42916 , 6.843671 , 0.1808243
37.671 , 25.40627 , 6.843671 , 0.1762466
37.674 , 25.42916 , 6.843671 , 0.1762466
37.676 , 25.42916 , 6.820783 , 0.1762466
37.679 , 25.40627 , 6.843671 , 0.1762466
37.681 , 25.40627 , 6.820783 , 0.1762466
37.684 , 25.36049 , 6.820783 , 0.1762466
37.686 , 25.40627 , 6.820783 , 0.1762466
37.688 , 25.40627 , 6.775006 , 0.171669
37.691 , 25.36049 , 6.775006 , 0.171669
37.693 , 25.36049 , 6.820783 , 0.171669
37.696 , 25.36049 , 6.775006 , 0.1762466
37.698 , 25.36049 , 6.70634 , 0.171669
37.7 , 25.3376 , 6.752117 , 0.171669
37.703 , 25.36049 , 6.752117 , 0.171669
37.705 , 25.3376 , 6.752117 , 0.171669
37.707 , 25.3376 , 6.70634 , 0.171669
37.71 , 25.3376 , 6.70634 , 0.1670914
37.712 , 25.29183 , 6.70634 , 0.1670914
37.715 , 25.26894 , 6.752117 , 0.1670914
37.717 , 25.29183 , 6.70634 , 0.1625137
37.72 , 25.29183 , 6.683452 , 0.1579361
37.722 , 25.29183 , 6.70634 , 0.1625137
37.724 , 25.26894 , 6.683452 , 0.1579361
37.727 , 25.26894 , 6.637675 , 0.1579361
37.729 , 25.26894 , 6.683452 , 0.1579361
37.732 , 25.26894 , 6.683452 , 0.1579361
37.734 , 25.24605 , 6.683452 , 0.1533585
37.737 , 25.26894 , 6.683452 , 0.1533585
37.739 , 25.24605 , 6.683452 , 0.1533585
37.741 , 25.24605 , 6.637675 , 0.1487808
37.744 , 25.24605 , 6.683452 , 0.1487808
37.746 , 25.20027 , 6.637675 , 0.1533585
37.749 , 25.20027 , 6.637675 , 0.1533585
37.751 , 25.17739 , 6.614786 , 0.1075821
37.754 , 25.10872 , 6.637675 , 0.05493927
37.756 , 25.10872 , 6.614786 , 0.06409454
37.759 , 25.17739 , 6.614786 , 0.09842682
37.761 , 25.17739 , 6.614786 , 0.2014256
37.764 , 25.26894 , 6.614786 , 0.2288914
37.766 , 25.24605 , 6.546121 , 0.2014256
37.769 , 25.17739 , 6.614786 , 0.1670914
37.771 , 25.10872 , 6.614786 , 0.1304703
37.774 , 25.10872 , 6.591898 , 0.05951691
37.776 , 24.99428 , 6.591898 , 0.02747345
37.779 , 25.01717 , 6.591898 , 0.05036163
37.781 , 25.04006 , 6.591898 , 0.045784
37.784 , 25.04006 , 6.546121 , 0.09384918
37.787 , 25.04006 , 6.546121 , 0.1167374
37.789 , 25.10872 , 6.523232 , 0.121315
37.791 , 25.04006 , 6.523232 , 0.1167374
37.794 , 25.01717 , 6.546121 , 0.08469391
37.796 , 24.99428 , 6.546121 , 0.06867218
37.799 , 24.99428 , 6.546121 , 0.045784
37.802 , 24.92561 , 6.523232 , 0.03662872
37.804 , 24.92561 , 6.523232 , 0.05493927
37.807 , 24.92561 , 6.546121 , 0.04120636
37.809 , 24.92561 , 6.523232 , 0.06867218
37.812 , 24.92561 , 6.477455 , 0.05493927
37.814 , 24.92561 , 6.523232 , 0.05036163
37.817 , 24.92561 , 6.523232 , 0.05951691
37.819 , 24.85695 , 6.523232 , 0.03662872
37.822 , 24.87984 , 6.523232 , 0.05493927
37.825 , 24.85695 , 6.477455 , 0.02747345
37.827 , 24.85695 , 6.523232 , 0.03205109
37.83 , 24.85695 , 6.477455 , 0.03662872
37.832 , 24.83406 , 6.477455 , 0.02747345
37.835 , 24.85695 , 6.477455 , 0.05036163
37.838 , 24.85695 , 6.454566 , 0.045784
37.84 , 24.85695 , 6.454566 , 0.05036163
37.843 , 24.83406 , 6.477455 , 0.04120636
37.845 , 24.83406 , 6.3859 , 0.004585266
37.848 , 24.78828 , 6.3859 , 0.01602936
37.851 , 24.78828 , 6.3859 , 7.629395e-06
37.853 , 24.83406 , 6.3859 , 0.01145172
37.856 , 24.76539 , 6.3859 , 0.004585266
37.859 , 24.78828 , 6.363012 , 0.004585266
37.861 , 24.78828 , 6.3859 , 0.02747345
37.864 , 24.76539 , 6.3859 , -0.004571915
37.866 , 24.76539 , 6.3859 , 0.01602936
37.869 , 24.76539 , 6.363012 , 0.03662872
37.872 , 24.76539 , 6.363012 , 7.629395e-06
37.874 , 24.76539 , 6.317235 , 7.629395e-06
37.877 , 24.71962 , 6.317235 , 0.02747345
37.88 , 24.71962 , 6.363012 , 0.004585266
37.882 , 24.71962 , 6.363012 , -0.02288246
37.885 , 24.69673 , 6.363012 , -0.004571915
37.887 , 24.71962 , 6.363012 , 0.01145172
37.89 , 24.65095 , 6.294346 , -0.0274601
37.893 , 24.65095 , 6.363012 , -0.01372719
37.895 , 24.69673 , 6.317235 , 0.01145172
37.898 , 24.69673 , 6.317235 , 7.629395e-06
37.9 , 24.69673 , 6.317235 , -0.004571915
37.903 , 24.69673 , 6.294346 , 0.01602936
37.906 , 24.69673 , 6.294346 , 0.01145172
37.908 , 24.69673 , 6.294346 , -0.03203773
37.911 , 24.62806 , 6.248569 , -0.04577065
37.913 , 24.69673 , 6.294346 , -0.0274601
37.916 , 24.65095 , 6.294346 , -0.03661537
37.919 , 24.62806 , 6.248569 , -0.04119301
37.921 , 24.65095 , 6.248569 , -0.01372719
37.924 , 24.65095 , 6.225681 , 7.629395e-06
37.926 , 24.62806 , 6.225681 , -0.04119301
37.929 , 24.60517 , 6.248569 , -0.03661537
37.932 , 24.60517 , 6.248569 , -0.02288246
37.934 , 24.55939 , 6.248569 , -0.05034828
37.937 , 24.55939 , 6.225681 , -0.05492592
37.948 , 24.60517 , 6.202792 , -0.04119301
37.95 , 24.60517 , 6.202792 , -0.02288246
37.953 , 24.55939 , 6.225681 , -0.05492592
37.955 , 24.49073 , 6.157015 , -0.05492592
37.958 , 24.55939 , 6.157015 , -0.04119301
37.961 , 24.55939 , 6.157015 , -0.04119301
37.963 , 24.53651 , 6.157015 , -0.07323647
37.966 , 24.53651 , 6.157015 , -0.05950356
37.968 , 24.49073 , 6.157015 , -0.04119301
37.971 , 24.49073 , 6.134127 , -0.05950356
37.973 , 24.46784 , 6.157015 , -0.05034828
37.976 , 24.55939 , 6.157015 , -0.04119301
37.979 , 24.53651 , 6.08835 , -0.04577065
37.981 , 24.44495 , 6.134127 , -0.0778141
37.984 , 24.46784 , 6.08835 , -0.08696938
37.986 , 24.46784 , 6.08835 , -0.07323647
37.989 , 24.44495 , 6.08835 , -0.08239174
37.992 , 24.44495 , 6.08835 , -0.0778141
37.994 , 24.44495 , 6.08835 , -0.05492592
37.997 , 24.49073 , 6.065461 , -0.05034828
37.999 , 24.44495 , 6.065461 , -0.0778141
38.002 , 24.44495 , 6.065461 , -0.08239174
38.005 , 24.44495 , 6.019684 , -0.06865883
38.007 , 24.39918 , 6.019684 , -0.09154701
38.01 , 24.39918 , 5.996796 , -0.09612465
38.012 , 24.39918 , 6.019684 , -0.07323647
38.015 , 24.44495 , 6.019684 , -0.06865883
38.018 , 24.39918 , 6.019684 , -0.09154701
38.02 , 24.39918 , 6.019684 , -0.08696938
38.023 , 24.44495 , 6.019684 , -0.07323647
38.025 , 24.37629 , 6.019684 , -0.1007042
38.028 , 24.30762 , 6.019684 , -0.1052818
38.03 , 24.30762 , 5.973907 , -0.09612465
38.033 , 24.37629 , 5.973907 , -0.08696938
38.035 , 24.30762 , 5.996796 , -0.1144371
38.038 , 24.28473 , 5.996796 , -0.1098595
38.04 , 24.37629 , 5.92813 , -0.09154701
38.043 , 24.30762 , 5.973907 , -0.09612465
38.045 , 24.30762 , 5.973907 , -0.09154701
38.048 , 24.28473 , 5.92813 , -0.08239174
38.051 , 24.28473 , 5.92813 , -0.0778141
38.053 , 24.23896 , 5.92813 , -0.1098595
38.056 , 24.28473 , 5.92813 , -0.1235924
38.058 , 24.21607 , 5.92813 , -0.1144371
38.06 , 24.23896 , 5.905241 , -0.1098595
38.063 , 24.21607 , 5.92813 , -0.1190147
38.065 , 24.21607 , 5.859465 , -0.1144371
38.068 , 24.23896 , 5.859465 , -0.09612465
38.07 , 24.23896 , 5.905241 , -0.1007042
38.073 , 24.17029 , 5.905241 , -0.1144371
38.075 , 24.17029 , 5.905241 , -0.1144371
38.077 , 24.23896 , 5.905241 , -0.1052818
38.08 , 24.21607 , 5.92813 , -0.12817
38.082 , 24.1474 , 5.973907 , -0.12817
38.085 , 24.17029 , 5.92813 , -0.1144371
38.087 , 24.17029 , 5.905241 , -0.1052818
38.089 , 24.17029 , 5.905241 , -0.12817
38.092 , 24.1474 , 5.905241 , -0.12817
38.094 , 24.1474 , 5.905241 , -0.1098595
38.096 , 24.17029 , 5.859465 , -0.1052818
38.099 , 24.1474 , 5.92813 , -0.1327477
38.101 , 24.10163 , 5.905241 , -0.12817
38.104 , 24.1474 , 5.859465 , -0.1144371
38.106 , 24.10163 , 5.905241 , -0.1235924
38.108 , 24.10163 , 5.859465 , -0.1327477
38.111 , 24.07874 , 5.905241 , -0.12817
38.113 , 24.10163 , 5.836576 , -0.1098595
38.116 , 24.10163 , 5.859465 , -0.1190147
38.118 , 24.10163 , 5.905241 , -0.1098595
38.12 , 24.10163 , 5.836576 , -0.1052818
38.123 , 24.07874 , 5.836576 , -0.1007042
38.125 , 24.07874 , 5.836576 , -0.1190147
38.128 , 24.07874 , 5.836576 , -0.1327477
38.13 , 24.05585 , 5.836576 , -0.12817
38.132 , 24.05585 , 5.836576 , -0.1235924
38.135 , 24.05585 , 5.790799 , -0.1327477
38.137 , 24.10163 , 5.790799 , -0.1327477
38.14 , 24.07874 , 5.790799 , -0.1098595
38.142 , 24.05585 , 5.790799 , -0.1098595
38.145 , 24.07874 , 5.790799 , -0.12817
38.147 , 24.01007 , 5.790799 , -0.1327477
38.15 , 24.01007 , 5.76791 , -0.1190147
38.152 , 24.01007 , 5.790799 , -0.1373253
38.154 , 24.01007 , 5.76791 , -0.1373253
38.157 , 23.98718 , 5.76791 , -0.1327477
38.159 , 24.01007 , 5.76791 , -0.1190147
38.161 , 24.01007 , 5.76791 , -0.1327477
38.164 , 23.98718 , 5.76791 , -0.1373253
38.166 , 23.9414 , 5.745022 , -0.1235924
38.169 , 23.98718 , 5.76791 , -0.1144371
38.171 , 23.98718 , 5.745022 , -0.1419029
38.173 , 23.9414 , 5.699244 , -0.1419029
38.176 , 23.98718 , 5.745022 , -0.12817
38.178 , 23.98718 , 5.745022 , -0.1235924
38.181 , 23.9414 , 5.745022 , -0.1373253
38.183 , 23.98718 , 5.745022 , -0.1373253
38.185 , 23.9414 , 5.699244 , -0.1235924
38.188 , 23.9414 , 5.699244 , -0.1235924
38.19 , 23.91852 , 5.699244 , -0.1190147
38.193 , 23.9414 , 5.676356 , -0.1190147
38.195 , 23.91852 , 5.676356 , -0.1052818
38.198 , 23.9414 , 5.676356 , -0.12817
38.2 , 23.91852 , 5.699244 , -0.1419029
38.202 , 23.84985 , 5.630579 , -0.1419029
38.205 , 23.89563 , 5.676356 , -0.12817
38.207 , 23.84985 , 5.676356 , -0.1373253
38.21 , 23.84985 , 5.676356 , -0.1419029
38.212 , 23.89563 , 5.60769 , -0.1190147
38.214 , 23.91852 , 5.630579 , -0.1098595
38.217 , 23.84985 , 5.676356 , -0.1327477
38.219 , 23.89563 , 5.630579 , -0.1327477
38.222 , 23.89563 , 5.630579 , -0.1190147
38.224 , 23.84985 , 5.676356 , -0.1327477
38.227 , 23.82696 , 5.676356 , -0.1647911
38.229 , 23.78119 , 5.676356 , -0.1647911
38.232 , 23.82696 , 5.60769 , -0.12817
38.234 , 23.84985 , 5.630579 , -0.1190147
38.236 , 23.89563 , 5.60769 , -0.1007042
38.239 , 23.84985 , 5.630579 , -0.08239174
38.241 , 23.89563 , 5.60769 , -0.0778141
38.244 , 23.89563 , 5.630579 , -0.09154701
38.247 , 23.82696 , 5.60769 , -0.09612465
38.249 , 23.82696 , 5.60769 , -0.1052818
38.251 , 23.78119 , 5.584802 , -0.1052818
38.254 , 23.82696 , 5.584802 , -0.1052818
38.256 , 23.82696 , 5.584802 , -0.1007042
38.259 , 23.78119 , 5.60769 , -0.09612465
38.261 , 23.82696 , 5.539025 , -0.09154701
38.264 , 23.78119 , 5.584802 , -0.08239174
38.266 , 23.78119 , 5.539025 , -0.08239174
38.269 , 23.82696 , 5.539025 , -0.0778141
38.272 , 23.78119 , 5.584802 , -0.0778141
38.274 , 23.82696 , 5.539025 , -0.0778141
38.277 , 23.78119 , 5.584802 , -0.07323647
38.279 , 23.7583 , 5.516136 , -0.07323647
38.282 , 23.78119 , 5.539025 , -0.03661537
38.285 , 23.82696 , 5.539025 , -0.01372719
38.287 , 23.78119 , 5.516136 , -0.01830482
38.29 , 23.78119 , 5.539025 , -0.04119301
38.292 , 23.84985 , 5.516136 , 0.004585266
38.295 , 23.9414 , 5.516136 , 0.1487808
38.298 , 24.07874 , 5.470359 , 0.2998466
38.3 , 24.23896 , 5.539025 , 0.4783783
38.302 , 24.53651 , 5.516136 , 0.757618
38.305 , 24.62806 , 5.470359 , 0.8148384
38.307 , 24.60517 , 5.401693 , 0.7713509
38.31 , 24.55939 , 5.401693 , 0.7141285
38.312 , 24.44495 , 5.516136 , 0.5905304
38.314 , 24.37629 , 5.470359 , 0.519577
38.317 , 24.10163 , 5.470359 , 0.2906914
38.319 , 23.82696 , 5.401693 , 0.03205109
38.322 , 23.68963 , 5.401693 , -0.06408119
38.324 , 23.66674 , 5.378805 , -0.09154701
38.327 , 23.68963 , 5.355917 , -0.03203773
38.329 , 23.82696 , 5.378805 , 0.1121597
38.332 , 23.9414 , 5.378805 , 0.2426243
38.334 , 23.98718 , 5.355917 , 0.3181572
38.337 , 24.07874 , 5.355917 , 0.3479118
38.339 , 24.05585 , 5.355917 , 0.3479118
38.341 , 24.01007 , 5.378805 , 0.2998466
38.344 , 23.9414 , 5.355917 , 0.2472019
38.346 , 23.91852 , 5.355917 , 0.2105808
38.349 , 23.84985 , 5.31014 , 0.1968479
38.351 , 23.89563 , 5.31014 , 0.2014256
38.354 , 23.89563 , 5.31014 , 0.2105808
38.356 , 23.89563 , 5.287251 , 0.2288914
38.358 , 23.89563 , 5.31014 , 0.233469
38.361 , 23.89563 , 5.31014 , 0.2426243
38.363 , 23.89563 , 5.287251 , 0.2380466
38.366 , 23.89563 , 5.241474 , 0.2380466
38.368 , 23.89563 , 5.241474 , 0.2288914
38.37 , 23.82696 , 5.241474 , 0.2288914
38.373 , 23.84985 , 5.241474 , 0.2243137
38.375 , 23.84985 , 5.241474 , 0.2288914
38.378 , 23.84985 , 5.172809 , 0.2288914
38.38 , 23.82696 , 5.172809 , 0.233469
38.383 , 23.84985 , 5.241474 , 0.2380466
38.385 , 23.78119 , 5.14992 , 0.233469
38.387 , 23.78119 , 5.14992 , 0.233469
38.39 , 23.78119 , 5.172809 , 0.2243137
38.392 , 23.78119 , 5.14992 , 0.2243137
38.395 , 23.82696 , 5.14992 , 0.2243137
38.397 , 23.82696 , 5.172809 , 0.2243137
38.4 , 23.7583 , 5.127031 , 0.2243137
38.402 , 23.78119 , 5.14992 , 0.2243137
38.404 , 23.7583 , 5.127031 , 0.2243137
38.407 , 23.73541 , 5.14992 , 0.2197361
38.409 , 23.7583 , 5.081254 , 0.2243137
38.412 , 23.78119 , 5.127031 , 0.2243137
38.414 , 23.7583 , 5.081254 , 0.2197361
38.416 , 23.7583 , 5.127031 , 0.2197361
38.419 , 23.73541 , 5.14992 , 0.2151585
38.421 , 23.7583 , 5.081254 , 0.2151585
38.424 , 23.73541 , 5.081254 , 0.2151585
38.426 , 23.68963 , 5.081254 , 0.2105808
38.428 , 23.73541 , 5.058366 , 0.2105808
38.431 , 23.68963 , 5.081254 , 0.2105808
38.433 , 23.68963 , 5.081254 , 0.2105808
38.436 , 23.68963 , 5.058366 , 0.2060032
38.438 , 23.68963 , 5.058366 , 0.2014256
38.441 , 23.68963 , 5.081254 , 0.2060032
38.443 , 23.68963 , 5.058366 , 0.2014256
38.445 , 23.62097 , 5.012589 , 0.2014256
38.448 , 23.62097 , 5.058366 , 0.1968479
38.45 , 23.68963 , 5.058366 , 0.1968479
38.453 , 23.66674 , 5.012589 , 0.1968479
38.455 , 23.62097 , 5.012589 , 0.1968479
38.466 , 23.66674 , 5.012589 , 0.1876926
38.468 , 23.59808 , 5.012589 , 0.1876926
38.471 , 23.59808 , 5.012589 , 0.1876926
38.473 , 23.5523 , 5.012589 , 0.1808243
38.476 , 23.59808 , 5.012589 , 0.1808243
38.478 , 23.5523 , 5.012589 , 0.1808243
38.48 , 23.5523 , 5.012589 , 0.1762466
38.483 , 23.5523 , 4.9897 , 0.1762466
38.485 , 23.52941 , 5.012589 , 0.171669
38.488 , 23.5523 , 4.9897 , 0.1762466
38.49 , 23.5523 , 4.9897 , 0.171669
38.492 , 23.5523 , 5.012589 , 0.171669
38.495 , 23.5523 , 4.943923 , 0.171669
38.497 , 23.52941 , 4.921035 , 0.171669
38.5 , 23.52941 , 4.943923 , 0.1670914
38.502 , 23.52941 , 4.943923 , 0.1670914
38.504 , 23.50652 , 4.921035 , 0.1670914
38.507 , 23.50652 , 4.9897 , 0.1625137
38.509 , 23.50652 , 4.943923 , 0.171669
38.512 , 23.5523 , 4.921035 , 0.2060032
38.514 , 23.52941 , 4.943923 , 0.2105808
38.516 , 23.52941 , 4.921035 , 0.1762466
38.519 , 23.50652 , 4.921035 , 0.1396255
38.521 , 23.43786 , 4.921035 , 0.1167374
38.524 , 23.43786 , 4.921035 , 0.09842682
38.526 , 23.36919 , 4.898146 , 0.08011627
38.529 , 23.39208 , 4.898146 , 0.1121597
38.531 , 23.36919 , 4.898146 , 0.1075821
38.534 , 23.43786 , 4.921035 , 0.1121597
38.536 , 23.43786 , 4.898146 , 0.1396255
38.539 , 23.43786 , 4.898146 , 0.121315
38.541 , 23.36919 , 4.898146 , 0.1075821
38.543 , 23.39208 , 4.898146 , 0.1350479
38.546 , 23.36919 , 4.898146 , 0.09842682
38.548 , 23.3463 , 4.852369 , 0.09384918
38.551 , 23.36919 , 4.852369 , 0.1075821
38.553 , 23.3463 , 4.852369 , 0.08469391
38.556 , 23.36919 , 4.898146 , 0.09384918
38.558 , 23.36919 , 4.82948 , 0.08927155
38.561 , 23.30053 , 4.82948 , 0.08011627
38.564 , 23.3463 , 4.82948 , 0.1030045
38.566 , 23.30053 , 4.783703 , 0.09842682
38.569 , 23.30053 , 4.82948 , 0.09384918
38.571 , 23.30053 , 4.783703 , 0.09384918
38.574 , 23.27764 , 4.760815 , 0.05951691
38.576 , 23.27764 , 4.760815 , 0.05493927
38.579 , 23.30053 , 4.783703 , 0.05493927
38.581 , 23.23186 , 4.760815 , 0.045784
38.584 , 23.23186 , 4.760815 , 0.06867218
38.587 , 23.27764 , 4.783703 , 0.05036163
38.589 , 23.23186 , 4.737926 , 0.05493927
38.592 , 23.27764 , 4.737926 , 0.07553864
38.594 , 23.16319 , 4.737926 , 0.04120636
38.597 , 23.20897 , 4.760815 , 0.05493927
38.6 , 23.20897 , 4.737926 , 0.045784
38.602 , 23.20897 , 4.760815 , 0.02747345
38.605 , 23.16319 , 4.737926 , 0.05036163
38.607 , 23.16319 , 4.737926 , 0.02289581
38.61 , 23.16319 , 4.737926 , 0.02289581
38.612 , 23.20897 , 4.737926 , 0.04120636
38.615 , 23.11742 , 4.737926 , 0.01145172
38.617 , 23.11742 , 4.692149 , 0.02747345
38.62 , 23.20897 , 4.669261 , 0.045784
38.623 , 23.20897 , 4.669261 , 0.045784
38.625 , 23.11742 , 4.692149 , 0.03662872
38.628 , 23.11742 , 4.669261 , 0.05493927
38.63 , 23.11742 , 4.623484 , 0.05036163
38.633 , 23.04875 , 4.669261 , 0.004585266
38.636 , 23.04875 , 4.669261 , -0.0274601
38.638 , 23.00298 , 4.669261 , -0.004571915
38.641 , 23.04875 , 4.623484 , 0.004585266
38.644 , 23.00298 , 4.669261 , -0.009149551
38.646 , 23.04875 , 4.623484 , 0.01145172
38.649 , 23.04875 , 4.623484 , 0.03662872
38.651 , 23.04875 , 4.669261 , 0.03205109
38.654 , 23.00298 , 4.623484 , -0.01372719
38.656 , 22.98009 , 4.600595 , -0.004571915
38.659 , 23.00298 , 4.623484 , 0.004585266
38.662 , 22.98009 , 4.600595 , -0.009149551
38.664 , 22.9572 , 4.600595 , -0.02288246
38.667 , 22.98009 , 4.600595 , 0.004585266
38.67 , 22.9572 , 4.531929 , 0.01145172
38.672 , 22.91142 , 4.600595 , -0.01830482
38.675 , 22.91142 , 4.600595 , -0.02288246
38.677 , 22.9572 , 4.600595 , 7.629395e-06
38.68 , 22.9572 , 4.600595 , 7.629395e-06
38.683 , 22.9572 , 4.554818 , -0.03661537
38.686 , 22.9572 , 4.600595 , -0.02288246
38.688 , 22.91142 , 4.554818 , -0.004571915
38.691 , 22.91142 , 4.531929 , -0.02288246
38.693 , 22.88853 , 4.509041 , -0.03661537
38.696 , 22.91142 , 4.554818 , -0.01830482
38.699 , 22.91142 , 4.554818 , -0.009149551
38.701 , 22.88853 , 4.531929 , -0.01830482
38.704 , 22.88853 , 4.531929 , -0.01830482
38.706 , 22.88853 , 4.509041 , -0.004571915
38.709 , 22.84276 , 4.509041 , -0.004571915
38.712 , 22.81987 , 4.509041 , -0.04119301
38.714 , 22.81987 , 4.463264 , -0.05950356
38.717 , 22.81987 , 4.509041 , -0.04119301
38.719 , 22.81987 , 4.509041 , -0.03203773
38.722 , 22.81987 , 4.509041 , -0.03661537
38.725 , 22.81987 , 4.509041 , -0.02288246
38.727 , 22.81987 , 4.463264 , -0.004571915
38.73 , 22.88853 , 4.463264 , -0.01830482
38.732 , 22.88853 , 4.509041 , -0.04577065
38.735 , 22.88853 , 4.463264 , -0.03661537
38.738 , 22.88853 , 4.440375 , -0.03661537
38.74 , 22.81987 , 4.509041 , -0.05034828
38.743 , 22.81987 , 4.463264 , -0.06408119
38.745 , 22.81987 , 4.440375 , -0.03203773
38.748 , 22.84276 , 4.440375 , -0.03203773
38.75 , 22.81987 , 4.440375 , -0.05492592
38.753 , 22.81987 , 4.440375 , -0.06408119
38.756 , 22.81987 , 4.440375 , -0.04119301
38.758 , 22.84276 , 4.440375 , -0.04577065
38.761 , 22.79698 , 4.440375 , -0.06865883
38.763 , 22.79698 , 4.440375 , -0.06865883
38.766 , 22.79698 , 4.394598 , -0.05034828
38.769 , 22.81987 , 4.394598 , -0.05492592
38.771 , 22.7512 , 4.394598 , -0.07323647
38.774 , 22.7512 , 4.394598 , -0.06408119
38.776 , 22.7512 , 4.394598 , -0.05034828
38.779 , 22.7512 , 4.37171 , -0.05492592
38.782 , 22.7512 , 4.37171 , -0.05950356
38.784 , 22.72831 , 4.37171 , -0.04577065
38.787 , 22.72831 , 4.325933 , -0.05034828
38.789 , 22.68254 , 4.37171 , -0.07323647
38.792 , 22.68254 , 4.325933 , -0.09154701
38.795 , 22.72831 , 4.303044 , -0.08239174
38.797 , 22.68254 , 4.325933 , -0.07323647
38.8 , 22.65965 , 4.325933 , -0.08239174
38.802 , 22.65965 , 4.325933 , -0.0778141
38.805 , 22.68254 , 4.303044 , -0.05034828
38.807 , 22.68254 , 4.325933 , -0.05950356
38.81 , 22.68254 , 4.325933 , -0.08239174
38.813 , 22.65965 , 4.280156 , -0.08239174
38.815 , 22.65965 , 4.280156 , -0.07323647
38.818 , 22.65965 , 4.280156 , -0.08239174
38.821 , 22.65965 , 4.234379 , -0.09154701
38.823 , 22.61387 , 4.280156 , -0.0778141
38.826 , 22.61387 , 4.234379 , -0.06865883
38.828 , 22.61387 , 4.21149 , -0.08696938
38.831 , 22.59098 , 4.234379 , -0.09612465
38.833 , 22.61387 , 4.21149 , -0.0778141
38.836 , 22.61387 , 4.234379 , -0.07323647
38.839 , 22.61387 , 4.234379 , -0.09612465
38.841 , 22.56809 , 4.21149 , -0.1052818
38.844 , 22.56809 , 4.21149 , -0.08239174
38.846 , 22.59098 , 4.165713 , -0.08696938
38.849 , 22.59098 , 4.234379 , -0.1007042
38.851 , 22.56809 , 4.165713 , -0.1007042
38.854 , 22.56809 , 4.21149 , -0.08696938
38.856 , 22.59098 , 4.165713 , -0.08696938
38.859 , 22.56809 , 4.165713 , -0.09154701
38.861 , 22.56809 , 4.165713 , -0.08696938
38.864 , 22.56809 , 4.165713 , -0.0778141
38.866 , 22.56809 , 4.142825 , -0.09154701
38.869 , 22.49943 , 4.165713 , -0.1144371
38.871 , 22.49943 , 4.142825 , -0.1190147
38.874 , 22.49943 , 4.142825 , -0.1144371
38.876 , 22.49943 , 4.142825 , -0.1098595
38.879 , 22.52232 , 4.142825 , -0.1098595
38.881 , 22.49943 , 4.142825 , -0.1007042
38.884 , 22.52232 , 4.142825 , -0.09154701
38.886 , 22.49943 , 4.142825 , -0.09612465
38.889 , 22.45365 , 4.097047 , -0.1144371
38.891 , 22.45365 , 4.074159 , -0.1098595
38.894 , 22.49943 , 4.074159 , -0.1098595
38.896 , 22.49943 , 4.074159 , -0.1144371
38.899 , 22.45365 , 4.142825 , -0.1235924
38.901 , 22.43076 , 4.097047 , -0.1098595
38.903 , 22.49943 , 4.142825 , -0.1052818
38.906 , 22.45365 , 4.097047 , -0.1144371
38.908 , 22.40787 , 4.05127 , -0.1190147
38.911 , 22.43076 , 4.074159 , -0.1190147
38.913 , 22.43076 , 4.05127 , -0.1098595
38.915 , 22.43076 , 4.05127 , -0.1190147
38.918 , 22.43076 , 4.074159 , -0.12817
38.92 , 22.40787 , 4.05127 , -0.12817
38.923 , 22.3621 , 4.074159 , -0.1144371
38.925 , 22.40787 , 4.005493 , -0.1190147
38.927 , 22.33921 , 4.05127 , -0.1327477
38.93 , 22.3621 , 4.005493 , -0.12817
38.932 , 22.3621 , 4.05127 , -0.1190147
38.935 , 22.40787 , 4.005493 , -0.1190147
38.937 , 22.3621 , 4.005493 , -0.1190147
38.939 , 22.3621 , 4.005493 , -0.1190147
38.942 , 22.3621 , 3.982605 , -0.1098595
38.944 , 22.3621 , 4.005493 , -0.1190147
38.947 , 22.33921 , 4.005493 , -0.12817
38.949 , 22.3621 , 3.982605 , -0.1464806
38.951 , 22.33921 , 3.982605 , -0.1373253
38.954 , 22.33921 , 4.005493 , -0.1373253
38.956 , 22.29343 , 4.005493 , -0.1373253
38.959 , 22.29343 , 3.982605 , -0.1419029
38.961 , 22.33921 , 3.936828 , -0.1190147
38.963 , 22.29343 , 3.982605 , -0.1235924
38.966 , 22.27054 , 3.936828 , -0.1373253
38.968 , 22.27054 , 3.913939 , -0.1510582
38.971 , 22.27054 , 3.936828 , -0.1327477
38.973 , 22.27054 , 3.936828 , -0.1373253
38.976 , 22.27054 , 3.982605 , -0.1647911
38.978 , 22.27054 , 3.936828 , -0.178524
38.98 , 22.24765 , 3.936828 , -0.1464806
38.983 , 22.24765 , 3.936828 , -0.1373253
38.985 , 22.27054 , 3.936828 , -0.1144371
38.996 , 22.27054 , 3.891051 , -0.1190147
38.998 , 22.20188 , 3.913939 , -0.12817
39.001 , 22.24765 , 3.891051 , -0.12817
39.003 , 22.20188 , 3.891051 , -0.1327477
39.006 , 22.20188 , 3.891051 , -0.12817
39.008 , 22.20188 , 3.891051 , -0.1235924
39.011 , 22.20188 , 3.845273 , -0.1190147
39.013 , 22.20188 , 3.891051 , -0.1144371
39.015 , 22.20188 , 3.891051 , -0.1144371
39.018 , 22.20188 , 3.891051 , -0.1144371
39.02 , 22.20188 , 3.845273 , -0.1144371
39.022 , 22.13321 , 3.845273 , -0.1144371
39.025 , 22.20188 , 3.845273 , -0.1144371
39.027 , 22.20188 , 3.822385 , -0.1144371
39.029 , 22.20188 , 3.822385 , -0.1098595
39.032 , 22.24765 , 3.845273 , -0.08239174
39.034 , 22.24765 , 3.822385 , -0.05950356
39.037 , 22.17899 , 3.822385 , -0.06408119
39.04 , 22.13321 , 3.845273 , -0.08696938
39.042 , 22.17899 , 3.822385 , -0.05950356
39.045 , 22.27054 , 3.845273 , 0.07553864
39.047 , 22.40787 , 3.845273 , 0.1968479
39.05 , 22.52232 , 3.822385 , 0.3959789
39.052 , 22.81987 , 3.822385 , 0.6637745
39.055 , 22.9572 , 3.822385 , 0.7484627
39.057 , 22.91142 , 3.776608 , 0.7049732
39.06 , 22.88853 , 3.822385 , 0.6546192
39.062 , 22.72831 , 3.822385 , 0.5012665
39.064 , 22.49943 , 3.776608 , 0.2426243
39.067 , 22.20188 , 3.776608 , -0.02288246
39.069 , 21.97299 , 3.822385 , -0.1899681
39.072 , 21.9501 , 3.776608 , -0.228878
39.074 , 21.9501 , 3.753719 , -0.178524
39.077 , 22.06454 , 3.753719 , -0.05950356
39.079 , 22.20188 , 3.753719 , 0.1030045
39.082 , 22.33921 , 3.753719 , 0.2105808
39.084 , 22.3621 , 3.753719 , 0.2517796
39.086 , 22.3621 , 3.753719 , 0.2472019
39.089 , 22.3621 , 3.707942 , 0.2105808
39.091 , 22.27054 , 3.707942 , 0.1579361
39.094 , 22.20188 , 3.753719 , 0.1121597
39.096 , 22.24765 , 3.707942 , 0.09384918
39.099 , 22.20188 , 3.707942 , 0.08927155
39.101 , 22.20188 , 3.685054 , 0.1075821
39.104 , 22.20188 , 3.685054 , 0.1258926
39.106 , 22.24765 , 3.662165 , 0.1396255
39.108 , 22.24765 , 3.685054 , 0.1396255
39.111 , 22.17899 , 3.662165 , 0.1396255
39.113 , 22.20188 , 3.662165 , 0.1396255
39.116 , 22.20188 , 3.685054 , 0.1304703
39.118 , 22.20188 , 3.685054 , 0.121315
39.12 , 22.17899 , 3.662165 , 0.1167374
39.123 , 22.13321 , 3.662165 , 0.121315
39.125 , 22.17899 , 3.662165 , 0.1258926
39.127 , 22.17899 , 3.662165 , 0.1258926
39.13 , 22.11032 , 3.662165 , 0.1304703
39.132 , 22.13321 , 3.616388 , 0.1304703
39.135 , 22.13321 , 3.5935 , 0.1304703
39.137 , 22.13321 , 3.5935 , 0.1304703
39.139 , 22.13321 , 3.5935 , 0.1258926
39.142 , 22.13321 , 3.5935 , 0.1304703
39.144 , 22.13321 , 3.5935 , 0.1304703
39.147 , 22.13321 , 3.5935 , 0.1350479
39.149 , 22.11032 , 3.547722 , 0.1304703
39.151 , 22.13321 , 3.547722 , 0.1350479
39.154 , 22.11032 , 3.524834 , 0.1304703
39.156 , 22.11032 , 3.547722 , 0.1304703
39.159 , 22.06454 , 3.547722 , 0.1304703
39.161 , 22.11032 , 3.524834 , 0.1304703
39.163 , 22.11032 , 3.524834 , 0.1304703
39.166 , 22.11032 , 3.524834 , 0.1304703
39.168 , 22.06454 , 3.524834 , 0.1258926
39.17 , 22.06454 , 3.524834 , 0.1258926
39.173 , 22.06454 , 3.524834 , 0.1258926
39.175 , 22.06454 , 3.547722 , 0.1258926
39.178 , 22.04166 , 3.524834 , 0.121315
39.18 , 22.06454 , 3.479057 , 0.121315
39.182 , 22.06454 , 3.456168 , 0.1258926
39.185 , 22.01877 , 3.479057 , 0.121315
39.187 , 22.04166 , 3.456168 , 0.1167374
39.19 , 22.01877 , 3.456168 , 0.1167374
39.192 , 22.01877 , 3.456168 , 0.1167374
39.194 , 21.97299 , 3.456168 , 0.1258926
39.197 , 22.01877 , 3.479057 , 0.1167374
39.199 , 22.01877 , 3.456168 , 0.1121597
39.202 , 21.97299 , 3.43328 , 0.1121597
39.204 , 22.01877 , 3.43328 , 0.1121597
39.207 , 21.97299 , 3.456168 , 0.1121597
39.209 , 21.9501 , 3.456168 , 0.1121597
39.211 , 21.97299 , 3.43328 , 0.1075821
39.214 , 21.9501 , 3.387503 , 0.1121597
39.216 , 21.97299 , 3.387503 , 0.1121597
39.219 , 21.97299 , 3.43328 , 0.1075821
39.221 , 21.97299 , 3.387503 , 0.1075821
39.223 , 21.9501 , 3.387503 , 0.1075821
39.226 , 21.90433 , 3.387503 , 0.1075821
39.228 , 21.90433 , 3.387503 , 0.1030045
39.23 , 21.90433 , 3.387503 , 0.1030045
39.233 , 21.90433 , 3.43328 , 0.1030045
39.235 , 21.90433 , 3.387503 , 0.1030045
39.238 , 21.88144 , 3.387503 , 0.1030045
39.24 , 21.90433 , 3.364614 , 0.09842682
39.243 , 21.88144 , 3.364614 , 0.09842682
39.245 , 21.88144 , 3.364614 , 0.09384918
39.248 , 21.88144 , 3.387503 , 0.09384918
39.25 , 21.85855 , 3.364614 , 0.08011627
39.253 , 21.78988 , 3.364614 , -0.0274601
39.255 , 21.67544 , 3.364614 , -0.04119301
39.258 , 21.74411 , 3.318837 , 0.03662872
39.26 , 21.85855 , 3.364614 , 0.09842682
39.263 , 21.90433 , 3.364614 , 0.1533585
39.265 , 21.9501 , 3.318837 , 0.171669
39.268 , 21.90433 , 3.318837 , 0.1487808
39.27 , 21.85855 , 3.295949 , 0.08469391
39.273 , 21.74411 , 3.318837 , 0.05036163
39.275 , 21.72122 , 3.318837 , 0.01602936
39.278 , 21.67544 , 3.295949 , 7.629395e-06
39.281 , 21.74411 , 3.295949 , 0.03205109
39.283 , 21.74411 , 3.227283 , 0.05036163
39.286 , 21.67544 , 3.295949 , 0.03662872
39.288 , 21.72122 , 3.295949 , 0.045784
39.291 , 21.72122 , 3.250172 , 0.05493927
39.294 , 21.74411 , 3.250172 , 0.03662872
39.296 , 21.72122 , 3.250172 , 0.04120636
39.299 , 21.72122 , 3.227283 , 0.045784
39.301 , 21.67544 , 3.250172 , 0.01145172
39.304 , 21.67544 , 3.227283 , 0.03205109
39.306 , 21.67544 , 3.227283 , 0.03662872
39.309 , 21.65255 , 3.204395 , 0.004585266
39.312 , 21.65255 , 3.227283 , 0.02747345
39.314 , 21.67544 , 3.227283 , 0.03205109
39.317 , 21.65255 , 3.204395 , 0.004585266
39.319 , 21.58389 , 3.204395 , 0.02289581
39.322 , 21.67544 , 3.204395 , 0.02289581
39.325 , 21.58389 , 3.204395 , -0.009149551
39.327 , 21.65255 , 3.158617 , 0.01145172
39.33 , 21.62966 , 3.204395 , 0.01145172
39.332 , 21.58389 , 3.204395 , -0.01372719
39.335 , 21.58389 , 3.204395 , 0.004585266
39.338 , 21.62966 , 3.135729 , 0.01602936
39.34 , 21.58389 , 3.158617 , 0.01145172
39.343 , 21.561 , 3.135729 , 0.02289581
39.345 , 21.58389 , 3.135729 , 0.02289581
39.348 , 21.51522 , 3.089952 , -0.0274601
39.35 , 21.49233 , 3.158617 , -0.02288246
39.353 , 21.51522 , 3.135729 , -0.02288246
39.356 , 21.46944 , 3.135729 , -0.04119301
39.358 , 21.49233 , 3.089952 , -0.01372719
39.361 , 21.51522 , 3.089952 , 7.629395e-06
39.363 , 21.46944 , 3.135729 , -0.0274601
39.366 , 21.49233 , 3.135729 , -0.009149551
39.369 , 21.49233 , 3.067063 , 0.004585266
39.371 , 21.46944 , 3.067063 , 7.629395e-06
39.374 , 21.46944 , 3.089952 , -0.0274601
39.376 , 21.46944 , 3.067063 , -0.01830482
39.379 , 21.42367 , 3.067063 , -0.009149551
39.382 , 21.46944 , 3.067063 , -0.009149551
39.384 , 21.42367 , 3.044175 , -0.04119301
39.387 , 21.40078 , 3.067063 , -0.0274601
39.39 , 21.42367 , 3.067063 , -0.01372719
39.392 , 21.42367 , 3.044175 , -0.009149551
39.395 , 21.40078 , 3.044175 , -0.04119301
39.397 , 21.40078 , 3.044175 , -0.03661537
39.4 , 21.40078 , 3.044175 , -0.01372719
39.402 , 21.40078 , 2.998398 , -0.01372719
39.405 , 21.40078 , 3.044175 , -0.02288246
39.408 , 21.355 , 2.998398 , -0.04577065
39.41 , 21.355 , 2.998398 , -0.02288246
39.413 , 21.355 , 2.998398 , -0.01830482
39.415 , 21.355 , 2.998398 , -0.01372719
39.418 , 21.355 , 2.975509 , -0.0274601
39.421 , 21.355 , 2.998398 , -0.01372719
39.423 , 21.33211 , 2.929732 , -0.01372719
39.426 , 21.355 , 2.975509 , -0.009149551
39.428 , 21.30922 , 2.929732 , -0.05492592
39.431 , 21.26345 , 2.929732 , -0.06408119
39.433 , 21.30922 , 2.929732 , -0.05034828
39.436 , 21.26345 , 2.906844 , -0.04119301
39.438 , 21.30922 , 2.929732 , -0.04119301
39.441 , 21.26345 , 2.906844 , -0.03661537
39.444 , 21.33211 , 2.906844 , -0.009149551
39.446 , 21.26345 , 2.906844 , -0.009149551
39.449 , 21.30922 , 2.861067 , -0.02288246
39.451 , 21.26345 , 2.838178 , -0.05492592
39.454 , 21.26345 , 2.861067 , -0.04577065
39.457 , 21.26345 , 2.861067 , -0.04119301
39.459 , 21.26345 , 2.861067 , -0.03203773
39.462 , 21.24056 , 2.861067 , -0.05492592
39.464 , 21.26345 , 2.838178 , -0.04119301
39.467 , 21.26345 , 2.815289 , -0.02288246
39.47 , 21.24056 , 2.838178 , -0.02288246
39.472 , 21.19478 , 2.815289 , -0.04577065
39.475 , 21.19478 , 2.838178 , -0.05034828
39.477 , 21.24056 , 2.815289 , -0.04119301
39.48 , 21.24056 , 2.838178 , -0.04119301
39.482 , 21.19478 , 2.815289 , -0.05034828
39.485 , 21.17189 , 2.815289 , -0.06408119
39.488 , 21.12612 , 2.815289 , -0.05034828
39.49 , 21.19478 , 2.815289 , -0.05034828
39.493 , 21.17189 , 2.769512 , -0.04119301
39.495 , 21.17189 , 2.815289 , -0.06865883
39.498 , 21.12612 , 2.815289 , -0.06408119
39.5 , 21.12612 , 2.769512 , -0.05492592
39.503 , 21.12612 , 2.815289 , -0.04577065
39.506 , 21.17189 , 2.746624 , -0.05492592
39.508 , 21.10323 , 2.769512 , -0.05034828
39.519 , 21.08034 , 2.746624 , -0.09154701
39.522 , 21.03456 , 2.746624 , -0.0778141
39.524 , 21.08034 , 2.746624 , -0.06408119
39.527 , 21.03456 , 2.700847 , -0.06408119
39.529 , 21.08034 , 2.746624 , -0.06408119
39.532 , 21.03456 , 2.677958 , -0.04577065
39.534 , 21.03456 , 2.746624 , -0.04577065
39.537 , 21.03456 , 2.700847 , -0.05034828
39.54 , 21.01167 , 2.700847 , -0.08696938
39.542 , 21.03456 , 2.700847 , -0.08239174
39.545 , 21.01167 , 2.700847 , -0.07323647
39.547 , 21.01167 , 2.677958 , -0.06865883
39.55 , 20.9659 , 2.677958 , -0.08696938
39.553 , 21.08034 , 2.677958 , -0.08239174
39.555 , 21.03456 , 2.632181 , -0.06408119
39.558 , 21.08034 , 2.632181 , -0.05950356
39.56 , 21.03456 , 2.632181 , -0.0778141
39.563 , 21.03456 , 2.632181 , -0.08696938
39.565 , 21.01167 , 2.632181 , -0.0778141
39.568 , 21.03456 , 2.632181 , -0.0778141
39.57 , 21.01167 , 2.609293 , -0.0778141
39.573 , 21.01167 , 2.586404 , -0.09612465
39.576 , 21.01167 , 2.632181 , -0.08696938
39.578 , 21.01167 , 2.609293 , -0.08239174
39.581 , 21.01167 , 2.609293 , -0.0778141
39.583 , 21.01167 , 2.609293 , -0.09612465
39.586 , 20.9659 , 2.609293 , -0.09612465
39.588 , 20.9659 , 2.609293 , -0.08696938
39.591 , 20.9659 , 2.609293 , -0.0778141
39.594 , 20.9659 , 2.586404 , -0.08696938
39.596 , 21.01167 , 2.586404 , -0.08696938
39.599 , 20.9659 , 2.609293 , -0.0778141
39.601 , 21.01167 , 2.586404 , -0.0778141
39.604 , 20.94301 , 2.586404 , -0.09612465
39.606 , 20.92012 , 2.540627 , -0.1098595
39.609 , 20.92012 , 2.540627 , -0.1144371
39.611 , 20.92012 , 2.540627 , -0.1098595
39.614 , 20.92012 , 2.517739 , -0.1007042
39.616 , 20.92012 , 2.540627 , -0.1007042
39.618 , 20.92012 , 2.517739 , -0.09612465
39.621 , 20.94301 , 2.540627 , -0.08239174
39.624 , 20.92012 , 2.540627 , -0.08239174
39.626 , 20.87434 , 2.517739 , -0.09612465
39.629 , 20.85145 , 2.517739 , -0.1144371
39.631 , 20.80568 , 2.517739 , -0.1144371
39.633 , 20.87434 , 2.471961 , -0.1098595
39.636 , 20.87434 , 2.471961 , -0.1052818
39.638 , 20.87434 , 2.517739 , -0.1144371
39.641 , 20.85145 , 2.471961 , -0.1098595
39.643 , 20.85145 , 2.471961 , -0.1007042
39.646 , 20.85145 , 2.449073 , -0.09612465
39.648 , 20.85145 , 2.517739 , -0.1052818
39.651 , 20.80568 , 2.471961 , -0.1190147
39.653 , 20.80568 , 2.471961 , -0.1144371
39.655 , 20.73701 , 2.471961 , -0.1052818
39.658 , 20.78279 , 2.449073 , -0.1052818
39.66 , 20.73701 , 2.449073 , -0.1190147
39.663 , 20.73701 , 2.449073 , -0.1235924
39.665 , 20.73701 , 2.449073 , -0.1052818
39.667 , 20.69123 , 2.449073 , -0.1052818
39.67 , 20.71412 , 2.403296 , -0.1098595
39.672 , 20.71412 , 2.403296 , -0.1190147
39.675 , 20.71412 , 2.403296 , -0.1144371
39.677 , 20.71412 , 2.380407 , -0.1098595
39.679 , 20.73701 , 2.403296 , -0.1007042
39.682 , 20.69123 , 2.403296 , -0.1052818
39.684 , 20.71412 , 2.403296 , -0.1052818
39.687 , 20.71412 , 2.403296 , -0.1007042
39.689 , 20.69123 , 2.380407 , -0.1007042
39.691 , 20.69123 , 2.357519 , -0.1007042
39.694 , 20.69123 , 2.380407 , -0.1235924
39.696 , 20.64546 , 2.380407 , -0.12817
39.698 , 20.64546 , 2.357519 , -0.1190147
39.701 , 20.69123 , 2.380407 , -0.1098595
39.703 , 20.64546 , 2.311742 , -0.1144371
39.706 , 20.64546 , 2.357519 , -0.1190147
39.708 , 20.64546 , 2.357519 , -0.1098595
39.71 , 20.64546 , 2.357519 , -0.1052818
39.713 , 20.62257 , 2.357519 , -0.1007042
39.715 , 20.62257 , 2.357519 , -0.1144371
39.718 , 20.62257 , 2.380407 , -0.12817
39.72 , 20.57679 , 2.380407 , -0.1144371
39.722 , 20.62257 , 2.380407 , -0.1098595
39.725 , 20.62257 , 2.380407 , -0.1098595
39.727 , 20.57679 , 2.311742 , -0.1419029
39.73 , 20.57679 , 2.311742 , -0.1419029
39.732 , 20.57679 , 2.311742 , -0.1098595
39.735 , 20.62257 , 2.311742 , -0.1007042
39.737 , 20.57679 , 2.311742 , -0.09612465
39.74 , 20.57679 , 2.357519 , -0.0778141
39.742 , 20.62257 , 2.311742 , -0.07323647
39.745 , 20.62257 , 2.288853 , -0.08239174
39.747 , 20.62257 , 2.311742 , -0.09154701
39.75 , 20.57679 , 2.243076 , -0.1007042
39.752 , 20.57679 , 2.311742 , -0.09612465
39.755 , 20.5539 , 2.288853 , -0.1007042
39.757 , 20.5539 , 2.311742 , -0.09612465
39.76 , 20.5539 , 2.288853 , -0.09154701
39.763 , 20.5539 , 2.288853 , -0.08696938
39.765 , 20.57679 , 2.243076 , -0.08239174
39.768 , 20.5539 , 2.288853 , -0.08239174
39.77 , 20.5539 , 2.243076 , -0.08696938
39.773 , 20.5539 , 2.243076 , -0.08239174
39.775 , 20.53101 , 2.220188 , -0.0778141
39.778 , 20.5539 , 2.243076 , -0.0778141
39.781 , 20.53101 , 2.243076 , -0.06865883
39.783 , 20.5539 , 2.197299 , -0.03203773
39.786 , 20.57679 , 2.197299 , -0.01830482
39.788 , 20.5539 , 2.197299 , -0.03203773
39.791 , 20.5539 , 2.197299 , -0.05034828
39.793 , 20.57679 , 2.151522 , 0.02747345
39.796 , 20.71412 , 2.151522 , 0.1625137
39.798 , 20.80568 , 2.151522 , 0.2998466
39.801 , 21.01167 , 2.197299 , 0.4921112
39.803 , 21.24056 , 2.151522 , 0.7484627
39.806 , 21.30922 , 2.082857 , 0.782795
39.808 , 21.30922 , 2.128633 , 0.732439
39.81 , 21.24056 , 2.082857 , 0.645462
39.813 , 20.94301 , 2.128633 , 0.3296013
39.815 , 20.5539 , 2.082857 , -0.01830482
39.818 , 20.25635 , 2.082857 , -0.254055
39.82 , 20.18769 , 2.059968 , -0.2815208
39.823 , 20.23346 , 2.059968 , -0.2448997
39.825 , 20.37079 , 2.082857 , -0.09612465
39.828 , 20.57679 , 2.059968 , 0.1121597
39.83 , 20.71412 , 2.059968 , 0.2380466
39.832 , 20.73701 , 2.014191 , 0.295269
39.835 , 20.78279 , 2.014191 , 0.2861137
39.837 , 20.69123 , 2.014191 , 0.2243137
39.84 , 20.62257 , 2.059968 , 0.1625137
39.842 , 20.57679 , 2.059968 , 0.1030045
39.845 , 20.5539 , 2.059968 , 0.07553864
39.847 , 20.48524 , 2.014191 , 0.07553864
39.85 , 20.5539 , 2.014191 , 0.09842682
39.852 , 20.53101 , 2.014191 , 0.1258926
39.855 , 20.57679 , 1.991302 , 0.1396255
39.857 , 20.57679 , 2.014191 , 0.1442032
39.86 , 20.57679 , 1.991302 , 0.1396255
39.862 , 20.5539 , 1.991302 , 0.1304703
39.864 , 20.5539 , 2.014191 , 0.1167374
39.867 , 20.53101 , 1.991302 , 0.1075821
39.869 , 20.53101 , 1.991302 , 0.1075821
39.872 , 20.48524 , 1.991302 , 0.1075821
39.874 , 20.53101 , 1.968414 , 0.1167374
39.876 , 20.53101 , 1.968414 , 0.121315
39.879 , 20.53101 , 1.991302 , 0.121315
39.881 , 20.5539 , 1.968414 , 0.1167374
39.883 , 20.48524 , 1.968414 , 0.1167374
39.886 , 20.53101 , 1.922637 , 0.1121597
39.888 , 20.48524 , 1.968414 , 0.1075821
39.891 , 20.46235 , 1.922637 , 0.1030045
39.893 , 20.46235 , 1.922637 , 0.1030045
39.895 , 20.48524 , 1.922637 , 0.1030045
39.898 , 20.46235 , 1.922637 , 0.1075821
39.9 , 20.46235 , 1.968414 , 0.1075821
39.903 , 20.46235 , 1.922637 , 0.1030045
39.905 , 20.39368 , 1.968414 , 0.1030045
39.908 , 20.39368 , 1.922637 , 0.1030045
39.91 , 20.46235 , 1.922637 , 0.1030045
39.912 , 20.39368 , 1.968414 , 0.1030045
39.915 , 20.39368 , 1.922637 , 0.09842682
39.917 , 20.46235 , 1.922637 , 0.09842682
39.92 , 20.39368 , 1.899748 , 0.09842682
39.923 , 20.37079 , 1.922637 , 0.1030045
39.925 , 20.37079 , 1.899748 , 0.09842682
39.928 , 20.32502 , 1.899748 , 0.09842682
39.93 , 20.37079 , 1.922637 , 0.09842682
39.933 , 20.32502 , 1.899748 , 0.09384918
39.935 , 20.32502 , 1.899748 , 0.09842682
39.938 , 20.37079 , 1.899748 , 0.09842682
39.941 , 20.37079 , 1.899748 , 0.09384918
39.943 , 20.37079 , 1.853971 , 0.09842682
39.946 , 20.37079 , 1.831083 , 0.09384918
39.948 , 20.32502 , 1.831083 , 0.09384918
39.951 , 20.32502 , 1.853971 , 0.09384918
39.953 , 20.30213 , 1.853971 , 0.09384918
39.956 , 20.30213 , 1.831083 , 0.09384918
39.958 , 20.30213 , 1.831083 , 0.09384918
39.961 , 20.30213 , 1.853971 , 0.09384918
39.964 , 20.25635 , 1.785306 , 0.08927155
39.966 , 20.30213 , 1.785306 , 0.09384918
39.969 , 20.25635 , 1.831083 , 0.08927155
39.971 , 20.23346 , 1.831083 , 0.09384918
39.974 , 20.25635 , 1.831083 , 0.08927155
39.976 , 20.25635 , 1.785306 , 0.09384918
39.979 , 20.25635 , 1.831083 , 0.08927155
39.982 , 20.23346 , 1.785306 , 0.08927155
39.984 , 20.25635 , 1.785306 , 0.08927155
39.987 , 20.23346 , 1.762417 , 0.08927155
39.989 , 20.18769 , 1.785306 , 0.08927155
39.992 , 20.23346 , 1.762417 , 0.08927155
39.994 , 20.23346 , 1.762417 , 0.08927155
39.997 , 20.23346 , 1.762417 , 0.08469391
40.0 , 20.23346 , 1.739528 , 0.08469391
40.002 , 20.1648 , 1.693752 , 0.05036163
40.005 , 20.09613 , 1.762417 , 0.01145172
40.007 , 20.09613 , 1.693752 , 0.01602936
40.01 , 20.1648 , 1.693752 , 0.045784
40.012 , 20.23346 , 1.693752 , 0.1304703
40.015 , 20.23346 , 1.693752 , 0.1579361
40.017 , 20.25635 , 1.670863 , 0.1579361
40.02 , 20.18769 , 1.693752 , 0.121315
40.022 , 20.18769 , 1.670863 , 0.06409454
40.025 , 20.1648 , 1.693752 , 0.04120636
40.027 , 20.09613 , 1.670863 , 0.01602936
40.03 , 20.02747 , 1.670863 , -0.009149551
40.032 , 20.07324 , 1.670863 , 0.01602936
40.043 , 20.14191 , 1.625086 , 0.08927155
40.046 , 20.02747 , 1.602197 , 0.03662872
40.048 , 20.02747 , 1.625086 , 0.02747345
40.051 , 20.07324 , 1.602197 , 0.045784
40.053 , 20.02747 , 1.625086 , 0.02289581
40.056 , 20.00458 , 1.602197 , 0.01145172
40.058 , 20.02747 , 1.625086 , 0.05036163
40.061 , 20.07324 , 1.602197 , 0.05036163
40.063 , 20.00458 , 1.602197 , 0.04120636
40.066 , 20.00458 , 1.602197 , 0.05036163
40.068 , 20.02747 , 1.602197 , 0.05951691
40.071 , 19.98169 , 1.602197 , 0.01145172